Date,Critical head,Critical head + 20 feet,Critical head + 50 feet,base,2015 water level scenario,Historical low scenario,Date_S,Measured Subsidence,Source
01/01/1901,0,0,0,0,0,0,01/01/1901,0,Leveling
02/01/1901,-0.000285773,-0.000285773,-0.000285773,-0.000285773,-0.000285773,-0.000285773,01/01/1931,0,Leveling
03/01/1901,-0.000170688,-0.000170688,-0.000170688,-0.000170688,-0.000170688,-0.000170688,04/01/1958,0,Leveling
04/01/1901,-0.000281854,-0.000281854,-0.000281854,-0.000281854,-0.000281854,-0.000281854,04/01/2004,0,Leveling
05/01/1901,-8.68E-05,-8.68E-05,-8.68E-05,-8.68E-05,-8.68E-05,-8.68E-05,11/01/2004,0.051965126,InSAR
06/01/1901,-0.000401442,-0.000401442,-0.000401442,-0.000401442,-0.000401442,-0.000401442,12/01/2004,0.061965126,InSAR
07/01/1901,-0.000630739,-0.000630739,-0.000630739,-0.000630739,-0.000630739,-0.000630739,01/01/2005,0.061965126,InSAR
08/01/1901,-0.001537302,-0.001537302,-0.001537302,-0.001537302,-0.001537302,-0.001537302,02/01/2005,0.061965126,InSAR
09/01/1901,-0.001908261,-0.001908261,-0.001908261,-0.001908261,-0.001908261,-0.001908261,03/01/2005,0.061965126,InSAR
10/01/1901,-0.002132813,-0.002132813,-0.002132813,-0.002132813,-0.002132813,-0.002132813,04/01/2005,0.061965126,InSAR
11/01/1901,-0.001936996,-0.001936996,-0.001936996,-0.001936996,-0.001936996,-0.001936996,01/01/2006,0.101965126,InSAR
12/01/1901,-0.001819729,-0.001819729,-0.001819729,-0.001819729,-0.001819729,-0.001819729,02/01/2006,0.111965126,InSAR
01/01/1902,-0.002072048,-0.002072048,-0.002072048,-0.002072048,-0.002072048,-0.002072048,03/01/2006,0.101965126,InSAR
02/01/1902,-0.003266525,-0.003266525,-0.003266525,-0.003266525,-0.003266525,-0.003266525,04/01/2006,0.101965126,InSAR
03/01/1902,-0.003929248,-0.003929248,-0.003929248,-0.003929248,-0.003929248,-0.003929248,05/01/2006,0.101965126,InSAR
04/01/1902,-0.004086255,-0.004086255,-0.004086255,-0.004086255,-0.004086255,-0.004086255,06/01/2006,0.101965126,InSAR
05/01/1902,-0.004829419,-0.004829419,-0.004829419,-0.004829419,-0.004829419,-0.004829419,07/01/2006,0.101965126,InSAR
06/01/1902,-0.004421354,-0.004421354,-0.004421354,-0.004421354,-0.004421354,-0.004421354,08/01/2006,0.101965126,InSAR
07/01/1902,-0.0048539,-0.0048539,-0.0048539,-0.0048539,-0.0048539,-0.0048539,09/01/2006,0.111965126,InSAR
08/01/1902,-0.005390733,-0.005390733,-0.005390733,-0.005390733,-0.005390733,-0.005390733,10/01/2006,0.111965126,InSAR
09/01/1902,-0.005518499,-0.005518499,-0.005518499,-0.005518499,-0.005518499,-0.005518499,11/01/2006,0.121965126,InSAR
10/01/1902,-0.005048881,-0.005048881,-0.005048881,-0.005048881,-0.005048881,-0.005048881,12/01/2006,0.131965126,InSAR
11/01/1902,-0.00517525,-0.00517525,-0.00517525,-0.00517525,-0.00517525,-0.00517525,01/01/2007,0.141965126,InSAR
12/01/1902,-0.005503412,-0.005503412,-0.005503412,-0.005503412,-0.005503412,-0.005503412,02/01/2007,0.151965126,InSAR
01/01/1903,-0.004836831,-0.004836831,-0.004836831,-0.004836831,-0.004836831,-0.004836831,12/01/2007,0.191965126,InSAR
02/01/1903,-0.005186697,-0.005186697,-0.005186697,-0.005186697,-0.005186697,-0.005186697,01/01/2008,0.191965126,InSAR
03/01/1903,-0.005256035,-0.005256035,-0.005256035,-0.005256035,-0.005256035,-0.005256035,02/01/2008,0.221965126,InSAR
04/01/1903,-0.005722365,-0.005722365,-0.005722365,-0.005722365,-0.005722365,-0.005722365,03/01/2008,0.221965126,InSAR
05/01/1903,-0.005687891,-0.005687891,-0.005687891,-0.005687891,-0.005687891,-0.005687891,04/01/2008,0.221965126,InSAR
06/01/1903,-0.005245117,-0.005245117,-0.005245117,-0.005245117,-0.005245117,-0.005245117,05/01/2008,0.211965126,InSAR
07/01/1903,-0.005387332,-0.005387332,-0.005387332,-0.005387332,-0.005387332,-0.005387332,06/01/2008,0.211965126,InSAR
08/01/1903,-0.005753017,-0.005753017,-0.005753017,-0.005753017,-0.005753017,-0.005753017,07/01/2008,0.221965126,InSAR
09/01/1903,-0.006829056,-0.006829056,-0.006829056,-0.006829056,-0.006829056,-0.006829056,07/01/2009,0.281965126,InSAR
10/01/1903,-0.007002517,-0.007002517,-0.007002517,-0.007002517,-0.007002517,-0.007002517,08/01/2009,0.281965126,InSAR
11/01/1903,-0.007251064,-0.007251064,-0.007251064,-0.007251064,-0.007251064,-0.007251064,09/01/2009,0.291965126,InSAR
12/01/1903,-0.007254317,-0.007254317,-0.007254317,-0.007254317,-0.007254317,-0.007254317,10/01/2009,0.301965126,InSAR
01/01/1904,-0.007371484,-0.007371484,-0.007371484,-0.007371484,-0.007371484,-0.007371484,11/01/2009,0.311965126,InSAR
02/01/1904,-0.00786378,-0.00786378,-0.00786378,-0.00786378,-0.00786378,-0.00786378,12/01/2009,0.321965126,InSAR
03/01/1904,-0.008054486,-0.008054486,-0.008054486,-0.008054486,-0.008054486,-0.008054486,01/01/2010,0.341965126,InSAR
04/01/1904,-0.007785503,-0.007785503,-0.007785503,-0.007785503,-0.007785503,-0.007785503,02/01/2010,0.351965126,InSAR
05/01/1904,-0.008176302,-0.008176302,-0.008176302,-0.008176302,-0.008176302,-0.008176302,03/01/2010,0.351965126,InSAR
06/01/1904,-0.007738426,-0.007738426,-0.007738426,-0.007738426,-0.007738426,-0.007738426,04/01/2010,0.351965126,InSAR
07/01/1904,-0.00840161,-0.00840161,-0.00840161,-0.00840161,-0.00840161,-0.00840161,05/01/2010,0.351965126,InSAR
08/01/1904,-0.009058699,-0.009058699,-0.009058699,-0.009058699,-0.009058699,-0.009058699,06/01/2010,0.351965126,InSAR
09/01/1904,-0.009328388,-0.009328388,-0.009328388,-0.009328388,-0.009328388,-0.009328388,07/01/2010,0.351965126,InSAR
10/01/1904,-0.009162351,-0.009162351,-0.009162351,-0.009162351,-0.009162351,-0.009162351,08/01/2010,0.371965126,InSAR
11/01/1904,-0.009553231,-0.009553231,-0.009553231,-0.009553231,-0.009553231,-0.009553231,07/01/2015,0.646105496,Leveling
12/01/1904,-0.008645604,-0.008645604,-0.008645604,-0.008645604,-0.008645604,-0.008645604,08/01/2015,0.664105496,InSAR
01/01/1905,-0.008878143,-0.008878143,-0.008878143,-0.008878143,-0.008878143,-0.008878143,09/01/2015,0.694105496,InSAR
02/01/1905,-0.009446619,-0.009446619,-0.009446619,-0.009446619,-0.009446619,-0.009446619,10/01/2015,0.726105496,InSAR
03/01/1905,-0.009586405,-0.009586405,-0.009586405,-0.009586405,-0.009586405,-0.009586405,11/01/2015,0.750105496,InSAR
04/01/1905,-0.010090137,-0.010090137,-0.010090137,-0.010090137,-0.010090137,-0.010090137,12/01/2015,0.779105496,InSAR
05/01/1905,-0.00995036,-0.00995036,-0.00995036,-0.00995036,-0.00995036,-0.00995036,01/01/2016,0.800105496,InSAR
06/01/1905,-0.010178598,-0.010178598,-0.010178598,-0.010178598,-0.010178598,-0.010178598,02/01/2016,0.826105496,InSAR
07/01/1905,-0.010495222,-0.010495222,-0.010495222,-0.010495222,-0.010495222,-0.010495222,03/01/2016,0.819105496,InSAR
08/01/1905,-0.009657885,-0.009657885,-0.009657885,-0.009657885,-0.009657885,-0.009657885,04/01/2016,0.822105496,InSAR
09/01/1905,-0.009320328,-0.009320328,-0.009320328,-0.009320328,-0.009320328,-0.009320328,05/01/2016,0.825105496,InSAR
10/01/1905,-0.008689151,-0.008689151,-0.008689151,-0.008689151,-0.008689151,-0.008689151,06/01/2016,0.845105496,InSAR
11/01/1905,-0.008840009,-0.008840009,-0.008840009,-0.008840009,-0.008840009,-0.008840009,07/01/2016,0.858105496,InSAR
12/01/1905,-0.00833823,-0.00833823,-0.00833823,-0.00833823,-0.00833823,-0.00833823,08/01/2016,0.879105496,InSAR
01/01/1906,-0.008649949,-0.008649949,-0.008649949,-0.008649949,-0.008649949,-0.008649949,09/01/2016,0.910105496,InSAR
02/01/1906,-0.008672606,-0.008672606,-0.008672606,-0.008672606,-0.008672606,-0.008672606,10/01/2016,0.925105496,InSAR
03/01/1906,-0.009116668,-0.009116668,-0.009116668,-0.009116668,-0.009116668,-0.009116668,11/01/2016,0.960105496,InSAR
04/01/1906,-0.008757717,-0.008757717,-0.008757717,-0.008757717,-0.008757717,-0.008757717,12/01/2016,0.978105496,InSAR
05/01/1906,-0.008841472,-0.008841472,-0.008841472,-0.008841472,-0.008841472,-0.008841472,01/01/2017,1.000105496,InSAR
06/01/1906,-0.008607662,-0.008607662,-0.008607662,-0.008607662,-0.008607662,-0.008607662,02/01/2017,1.029105496,InSAR
07/01/1906,-0.008197099,-0.008197099,-0.008197099,-0.008197099,-0.008197099,-0.008197099,03/01/2017,1.031105496,InSAR
08/01/1906,-0.007863665,-0.007863665,-0.007863665,-0.007863665,-0.007863665,-0.007863665,04/01/2017,1.026105496,InSAR
09/01/1906,-0.007743437,-0.007743437,-0.007743437,-0.007743437,-0.007743437,-0.007743437,05/01/2017,1.035105496,InSAR
10/01/1906,-0.007769687,-0.007769687,-0.007769687,-0.007769687,-0.007769687,-0.007769687,06/01/2017,1.026105496,InSAR
11/01/1906,-0.008363567,-0.008363567,-0.008363567,-0.008363567,-0.008363567,-0.008363567,07/01/2017,1.033105496,InSAR
12/01/1906,-0.008289045,-0.008289045,-0.008289045,-0.008289045,-0.008289045,-0.008289045,08/01/2017,1.062105496,InSAR
01/01/1907,-0.008435326,-0.008435326,-0.008435326,-0.008435326,-0.008435326,-0.008435326,09/01/2017,1.083105496,InSAR
02/01/1907,-0.008390195,-0.008390195,-0.008390195,-0.008390195,-0.008390195,-0.008390195,10/01/2017,1.095105496,InSAR
03/01/1907,-0.009028015,-0.009028015,-0.009028015,-0.009028015,-0.009028015,-0.009028015,11/01/2017,1.139105496,InSAR
04/01/1907,-0.009229868,-0.009229868,-0.009229868,-0.009229868,-0.009229868,-0.009229868,12/01/2017,1.153105496,InSAR
05/01/1907,-0.009248114,-0.009248114,-0.009248114,-0.009248114,-0.009248114,-0.009248114,01/01/2018,1.165105496,InSAR
06/01/1907,-0.009285314,-0.009285314,-0.009285314,-0.009285314,-0.009285314,-0.009285314,02/01/2018,1.172105496,InSAR
07/01/1907,-0.009193901,-0.009193901,-0.009193901,-0.009193901,-0.009193901,-0.009193901,03/01/2018,1.158105496,InSAR
08/01/1907,-0.009211076,-0.009211076,-0.009211076,-0.009211076,-0.009211076,-0.009211076,04/01/2018,1.170105496,InSAR
09/01/1907,-0.009418546,-0.009418546,-0.009418546,-0.009418546,-0.009418546,-0.009418546,05/01/2018,1.172105496,InSAR
10/01/1907,-0.009865534,-0.009865534,-0.009865534,-0.009865534,-0.009865534,-0.009865534,06/01/2018,1.156105496,InSAR
11/01/1907,-0.009266336,-0.009266336,-0.009266336,-0.009266336,-0.009266336,-0.009266336,07/01/2018,1.162105496,InSAR
12/01/1907,-0.009521644,-0.009521644,-0.009521644,-0.009521644,-0.009521644,-0.009521644,08/01/2018,1.182105496,InSAR
01/01/1908,-0.009510584,-0.009510584,-0.009510584,-0.009510584,-0.009510584,-0.009510584,09/01/2018,1.205105496,InSAR
02/01/1908,-0.009176043,-0.009176043,-0.009176043,-0.009176043,-0.009176043,-0.009176043,10/01/2018,1.249105496,InSAR
03/01/1908,-0.009492451,-0.009492451,-0.009492451,-0.009492451,-0.009492451,-0.009492451,11/01/2018,1.288105496,InSAR
04/01/1908,-0.008695537,-0.008695537,-0.008695537,-0.008695537,-0.008695537,-0.008695537,12/01/2018,1.312105496,InSAR
05/01/1908,-0.008355989,-0.008355989,-0.008355989,-0.008355989,-0.008355989,-0.008355989,01/01/2019,1.335105496,InSAR
06/01/1908,-0.008532429,-0.008532429,-0.008532429,-0.008532429,-0.008532429,-0.008532429,02/01/2019,1.354105496,InSAR
07/01/1908,-0.008417752,-0.008417752,-0.008417752,-0.008417752,-0.008417752,-0.008417752,03/01/2019,1.354105496,InSAR
08/01/1908,-0.008775895,-0.008775895,-0.008775895,-0.008775895,-0.008775895,-0.008775895,04/01/2019,1.362105496,InSAR
09/01/1908,-0.008112885,-0.008112885,-0.008112885,-0.008112885,-0.008112885,-0.008112885,05/01/2019,1.331105496,InSAR
10/01/1908,-0.007985363,-0.007985363,-0.007985363,-0.007985363,-0.007985363,-0.007985363,06/01/2019,1.314105496,InSAR
11/01/1908,-0.007961025,-0.007961025,-0.007961025,-0.007961025,-0.007961025,-0.007961025,07/01/2019,1.330105496,InSAR
12/01/1908,-0.007725227,-0.007725227,-0.007725227,-0.007725227,-0.007725227,-0.007725227,08/01/2019,1.359105496,InSAR
01/01/1909,-0.007487033,-0.007487033,-0.007487033,-0.007487033,-0.007487033,-0.007487033,09/01/2019,1.386105496,InSAR
02/01/1909,-0.006744314,-0.006744314,-0.006744314,-0.006744314,-0.006744314,-0.006744314,10/01/2019,1.390105496,InSAR
03/01/1909,-0.006268478,-0.006268478,-0.006268478,-0.006268478,-0.006268478,-0.006268478,11/01/2019,1.415105496,InSAR
04/01/1909,-0.006394959,-0.006394959,-0.006394959,-0.006394959,-0.006394959,-0.006394959,12/01/2019,1.429105496,InSAR
05/01/1909,-0.006869276,-0.006869276,-0.006869276,-0.006869276,-0.006869276,-0.006869276,01/01/2020,1.463105496,InSAR
06/01/1909,-0.00649263,-0.00649263,-0.00649263,-0.00649263,-0.00649263,-0.00649263,02/01/2020,1.476105496,InSAR
07/01/1909,-0.00640601,-0.00640601,-0.00640601,-0.00640601,-0.00640601,-0.00640601,03/01/2020,1.479105496,InSAR
08/01/1909,-0.005752889,-0.005752889,-0.005752889,-0.005752889,-0.005752889,-0.005752889,04/01/2020,1.483105496,InSAR
09/01/1909,-0.005748687,-0.005748687,-0.005748687,-0.005748687,-0.005748687,-0.005748687,05/01/2020,1.475105496,InSAR
10/01/1909,-0.005794933,-0.005794933,-0.005794933,-0.005794933,-0.005794933,-0.005794933,06/01/2020,1.477105496,InSAR
11/01/1909,-0.005363916,-0.005363916,-0.005363916,-0.005363916,-0.005363916,-0.005363916,06/03/2020,1.43,Leveling
12/01/1909,-0.005660892,-0.005660892,-0.005660892,-0.005660892,-0.005660892,-0.005660892,07/01/2020,1.477105496,InSAR
01/01/1910,-0.006059308,-0.006059308,-0.006059308,-0.006059308,-0.006059308,-0.006059308,08/01/2020,1.496105496,InSAR
02/01/1910,-0.005835703,-0.005835703,-0.005835703,-0.005835703,-0.005835703,-0.005835703,09/01/2020,1.520105496,InSAR
03/01/1910,-0.005630051,-0.005630051,-0.005630051,-0.005630051,-0.005630051,-0.005630051,10/01/2020,1.556105496,InSAR
04/01/1910,-0.006588433,-0.006588433,-0.006588433,-0.006588433,-0.006588433,-0.006588433,11/01/2020,1.566105496,InSAR
05/01/1910,-0.006165469,-0.006165469,-0.006165469,-0.006165469,-0.006165469,-0.006165469,12/01/2020,1.580105496,InSAR
06/01/1910,-0.005652608,-0.005652608,-0.005652608,-0.005652608,-0.005652608,-0.005652608,01/01/2021,1.602105496,InSAR
07/01/1910,-0.005884567,-0.005884567,-0.005884567,-0.005884567,-0.005884567,-0.005884567,02/01/2021,1.614105496,InSAR
08/01/1910,-0.006320791,-0.006320791,-0.006320791,-0.006320791,-0.006320791,-0.006320791,03/01/2021,1.631105496,InSAR
09/01/1910,-0.006854361,-0.006854361,-0.006854361,-0.006854361,-0.006854361,-0.006854361,04/01/2021,1.634105496,InSAR
10/01/1910,-0.00682807,-0.00682807,-0.00682807,-0.00682807,-0.00682807,-0.00682807,05/01/2021,1.633105496,InSAR
11/01/1910,-0.006891519,-0.006891519,-0.006891519,-0.006891519,-0.006891519,-0.006891519,06/01/2021,1.653105496,InSAR
12/01/1910,-0.006543082,-0.006543082,-0.006543082,-0.006543082,-0.006543082,-0.006543082,07/01/2021,1.662105496,InSAR
01/01/1911,-0.006270954,-0.006270954,-0.006270954,-0.006270954,-0.006270954,-0.006270954,08/01/2021,1.697105496,InSAR
02/01/1911,-0.006214326,-0.006214326,-0.006214326,-0.006214326,-0.006214326,-0.006214326,09/01/2021,1.717105496,InSAR
03/01/1911,-0.005974816,-0.005974816,-0.005974816,-0.005974816,-0.005974816,-0.005974816,10/01/2021,1.742105496,InSAR
04/01/1911,-0.005935172,-0.005935172,-0.005935172,-0.005935172,-0.005935172,-0.005935172,11/01/2021,1.774105496,InSAR
05/01/1911,-0.005825521,-0.005825521,-0.005825521,-0.005825521,-0.005825521,-0.005825521,12/01/2021,1.799105496,InSAR
06/01/1911,-0.006371802,-0.006371802,-0.006371802,-0.006371802,-0.006371802,-0.006371802,01/01/2022,1.821105496,InSAR
07/01/1911,-0.006831477,-0.006831477,-0.006831477,-0.006831477,-0.006831477,-0.006831477,02/01/2022,1.845105496,InSAR
08/01/1911,-0.007411154,-0.007411154,-0.007411154,-0.007411154,-0.007411154,-0.007411154,03/01/2022,1.846105496,InSAR
09/01/1911,-0.007789402,-0.007789402,-0.007789402,-0.007789402,-0.007789402,-0.007789402,04/01/2022,1.842105496,InSAR
10/01/1911,-0.00804926,-0.00804926,-0.00804926,-0.00804926,-0.00804926,-0.00804926,05/01/2022,1.867105496,InSAR
11/01/1911,-0.00855666,-0.00855666,-0.00855666,-0.00855666,-0.00855666,-0.00855666,06/01/2022,1.882105496,InSAR
12/01/1911,-0.008407031,-0.008407031,-0.008407031,-0.008407031,-0.008407031,-0.008407031,07/01/2022,1.925105496,InSAR
01/01/1912,-0.008872347,-0.008872347,-0.008872347,-0.008872347,-0.008872347,-0.008872347,08/01/2022,1.959105496,InSAR
02/01/1912,-0.008717529,-0.008717529,-0.008717529,-0.008717529,-0.008717529,-0.008717529,09/01/2022,1.962105496,InSAR
03/01/1912,-0.00837552,-0.00837552,-0.00837552,-0.00837552,-0.00837552,-0.00837552,10/01/2022,1.981105496,InSAR
04/01/1912,-0.008452734,-0.008452734,-0.008452734,-0.008452734,-0.008452734,-0.008452734,11/01/2022,2.008105496,InSAR
05/01/1912,-0.008664471,-0.008664471,-0.008664471,-0.008664471,-0.008664471,-0.008664471,12/01/2022,2.038105496,InSAR
06/01/1912,-0.008785235,-0.008785235,-0.008785235,-0.008785235,-0.008785235,-0.008785235,01/01/2023,2.060105496,InSAR
07/01/1912,-0.008727014,-0.008727014,-0.008727014,-0.008727014,-0.008727014,-0.008727014,02/01/2023,2.083105496,InSAR
08/01/1912,-0.008355,-0.008355,-0.008355,-0.008355,-0.008355,-0.008355,03/01/2023,2.092105496,InSAR
09/01/1912,-0.008308407,-0.008308407,-0.008308407,-0.008308407,-0.008308407,-0.008308407,04/01/2023,2.112105496,InSAR
10/01/1912,-0.008316369,-0.008316369,-0.008316369,-0.008316369,-0.008316369,-0.008316369,05/01/2023,2.094105496,InSAR
11/01/1912,-0.008185325,-0.008185325,-0.008185325,-0.008185325,-0.008185325,-0.008185325,06/01/2023,2.110105496,InSAR
12/01/1912,-0.007944712,-0.007944712,-0.007944712,-0.007944712,-0.007944712,-0.007944712,07/01/2023,2.121105496,InSAR
01/01/1913,-0.008097041,-0.008097041,-0.008097041,-0.008097041,-0.008097041,-0.008097041,08/01/2023,2.133105496,InSAR
02/01/1913,-0.008266988,-0.008266988,-0.008266988,-0.008266988,-0.008266988,-0.008266988,09/01/2023,2.122105496,InSAR
03/01/1913,-0.007938221,-0.007938221,-0.007938221,-0.007938221,-0.007938221,-0.007938221,10/01/2023,2.123105496,InSAR
04/01/1913,-0.007105347,-0.007105347,-0.007105347,-0.007105347,-0.007105347,-0.007105347,11/01/2023,2.144105496,InSAR
05/01/1913,-0.007893561,-0.007893561,-0.007893561,-0.007893561,-0.007893561,-0.007893561,12/01/2023,2.138105496,InSAR
06/01/1913,-0.00843353,-0.00843353,-0.00843353,-0.00843353,-0.00843353,-0.00843353,01/01/2024,2.145105496,InSAR
07/01/1913,-0.008658252,-0.008658252,-0.008658252,-0.008658252,-0.008658252,-0.008658252,02/01/2024,2.168105496,InSAR
08/01/1913,-0.008800853,-0.008800853,-0.008800853,-0.008800853,-0.008800853,-0.008800853,03/01/2024,2.183105496,InSAR
09/01/1913,-0.008623432,-0.008623432,-0.008623432,-0.008623432,-0.008623432,-0.008623432,04/01/2024,2.189105496,InSAR
10/01/1913,-0.008971521,-0.008971521,-0.008971521,-0.008971521,-0.008971521,-0.008971521,05/01/2024,2.191105496,InSAR
11/01/1913,-0.0095385,-0.0095385,-0.0095385,-0.0095385,-0.0095385,-0.0095385,06/01/2024,2.205105496,InSAR
12/01/1913,-0.009769316,-0.009769316,-0.009769316,-0.009769316,-0.009769316,-0.009769316,07/01/2024,2.209105496,InSAR
01/01/1914,-0.009798474,-0.009798474,-0.009798474,-0.009798474,-0.009798474,-0.009798474,08/01/2024,2.197105496,InSAR
02/01/1914,-0.009523567,-0.009523567,-0.009523567,-0.009523567,-0.009523567,-0.009523567,09/01/2024,2.192105496,InSAR
03/01/1914,-0.009340935,-0.009340935,-0.009340935,-0.009340935,-0.009340935,-0.009340935,10/01/2024,2.202105496,InSAR
04/01/1914,-0.009548956,-0.009548956,-0.009548956,-0.009548956,-0.009548956,-0.009548956,11/01/2024,2.225105496,InSAR
05/01/1914,-0.00926609,-0.00926609,-0.00926609,-0.00926609,-0.00926609,-0.00926609,12/01/2024,2.240105496,InSAR
06/01/1914,-0.009460231,-0.009460231,-0.009460231,-0.009460231,-0.009460231,-0.009460231,12/07/2024,2.24,Leveling
07/01/1914,-0.009161172,-0.009161172,-0.009161172,-0.009161172,-0.009161172,-0.009161172,01/01/2025,2.264105496,InSAR
08/01/1914,-0.008989088,-0.008989088,-0.008989088,-0.008989088,-0.008989088,-0.008989088,02/01/2025,2.260105496,InSAR
09/01/1914,-0.008594116,-0.008594116,-0.008594116,-0.008594116,-0.008594116,-0.008594116,03/01/2025,2.260105496,InSAR
10/01/1914,-0.007684545,-0.007684545,-0.007684545,-0.007684545,-0.007684545,-0.007684545,04/01/2025,2.276105496,InSAR
11/01/1914,-0.007391386,-0.007391386,-0.007391386,-0.007391386,-0.007391386,-0.007391386,,,
12/01/1914,-0.008028379,-0.008028379,-0.008028379,-0.008028379,-0.008028379,-0.008028379,,,
01/01/1915,-0.008336053,-0.008336053,-0.008336053,-0.008336053,-0.008336053,-0.008336053,,,
02/01/1915,-0.008027793,-0.008027793,-0.008027793,-0.008027793,-0.008027793,-0.008027793,,,
03/01/1915,-0.007917006,-0.007917006,-0.007917006,-0.007917006,-0.007917006,-0.007917006,,,
04/01/1915,-0.008150165,-0.008150165,-0.008150165,-0.008150165,-0.008150165,-0.008150165,,,
05/01/1915,-0.007748341,-0.007748341,-0.007748341,-0.007748341,-0.007748341,-0.007748341,,,
06/01/1915,-0.007521188,-0.007521188,-0.007521188,-0.007521188,-0.007521188,-0.007521188,,,
07/01/1915,-0.007773536,-0.007773536,-0.007773536,-0.007773536,-0.007773536,-0.007773536,,,
08/01/1915,-0.007668513,-0.007668513,-0.007668513,-0.007668513,-0.007668513,-0.007668513,,,
09/01/1915,-0.00712545,-0.00712545,-0.00712545,-0.00712545,-0.00712545,-0.00712545,,,
10/01/1915,-0.006779836,-0.006779836,-0.006779836,-0.006779836,-0.006779836,-0.006779836,,,
11/01/1915,-0.006291081,-0.006291081,-0.006291081,-0.006291081,-0.006291081,-0.006291081,,,
12/01/1915,-0.006510228,-0.006510228,-0.006510228,-0.006510228,-0.006510228,-0.006510228,,,
01/01/1916,-0.006866933,-0.006866933,-0.006866933,-0.006866933,-0.006866933,-0.006866933,,,
02/01/1916,-0.006266625,-0.006266625,-0.006266625,-0.006266625,-0.006266625,-0.006266625,,,
03/01/1916,-0.006483714,-0.006483714,-0.006483714,-0.006483714,-0.006483714,-0.006483714,,,
04/01/1916,-0.006888881,-0.006888881,-0.006888881,-0.006888881,-0.006888881,-0.006888881,,,
05/01/1916,-0.007258614,-0.007258614,-0.007258614,-0.007258614,-0.007258614,-0.007258614,,,
06/01/1916,-0.007313997,-0.007313997,-0.007313997,-0.007313997,-0.007313997,-0.007313997,,,
07/01/1916,-0.007890844,-0.007890844,-0.007890844,-0.007890844,-0.007890844,-0.007890844,,,
08/01/1916,-0.008157159,-0.008157159,-0.008157159,-0.008157159,-0.008157159,-0.008157159,,,
09/01/1916,-0.00804739,-0.00804739,-0.00804739,-0.00804739,-0.00804739,-0.00804739,,,
10/01/1916,-0.008042674,-0.008042674,-0.008042674,-0.008042674,-0.008042674,-0.008042674,,,
11/01/1916,-0.007906363,-0.007906363,-0.007906363,-0.007906363,-0.007906363,-0.007906363,,,
12/01/1916,-0.007116751,-0.007116751,-0.007116751,-0.007116751,-0.007116751,-0.007116751,,,
01/01/1917,-0.007530985,-0.007530985,-0.007530985,-0.007530985,-0.007530985,-0.007530985,,,
02/01/1917,-0.007264343,-0.007264343,-0.007264343,-0.007264343,-0.007264343,-0.007264343,,,
03/01/1917,-0.007279735,-0.007279735,-0.007279735,-0.007279735,-0.007279735,-0.007279735,,,
04/01/1917,-0.007371091,-0.007371091,-0.007371091,-0.007371091,-0.007371091,-0.007371091,,,
05/01/1917,-0.006860372,-0.006860372,-0.006860372,-0.006860372,-0.006860372,-0.006860372,,,
06/01/1917,-0.006235109,-0.006235109,-0.006235109,-0.006235109,-0.006235109,-0.006235109,,,
07/01/1917,-0.006299466,-0.006299466,-0.006299466,-0.006299466,-0.006299466,-0.006299466,,,
08/01/1917,-0.006306948,-0.006306948,-0.006306948,-0.006306948,-0.006306948,-0.006306948,,,
09/01/1917,-0.006326688,-0.006326688,-0.006326688,-0.006326688,-0.006326688,-0.006326688,,,
10/01/1917,-0.006344857,-0.006344857,-0.006344857,-0.006344857,-0.006344857,-0.006344857,,,
11/01/1917,-0.006231012,-0.006231012,-0.006231012,-0.006231012,-0.006231012,-0.006231012,,,
12/01/1917,-0.005889315,-0.005889315,-0.005889315,-0.005889315,-0.005889315,-0.005889315,,,
01/01/1918,-0.005913945,-0.005913945,-0.005913945,-0.005913945,-0.005913945,-0.005913945,,,
02/01/1918,-0.005893077,-0.005893077,-0.005893077,-0.005893077,-0.005893077,-0.005893077,,,
03/01/1918,-0.005668944,-0.005668944,-0.005668944,-0.005668944,-0.005668944,-0.005668944,,,
04/01/1918,-0.006185075,-0.006185075,-0.006185075,-0.006185075,-0.006185075,-0.006185075,,,
05/01/1918,-0.006034343,-0.006034343,-0.006034343,-0.006034343,-0.006034343,-0.006034343,,,
06/01/1918,-0.005485947,-0.005485947,-0.005485947,-0.005485947,-0.005485947,-0.005485947,,,
07/01/1918,-0.00567437,-0.00567437,-0.00567437,-0.00567437,-0.00567437,-0.00567437,,,
08/01/1918,-0.005191344,-0.005191344,-0.005191344,-0.005191344,-0.005191344,-0.005191344,,,
09/01/1918,-0.005103578,-0.005103578,-0.005103578,-0.005103578,-0.005103578,-0.005103578,,,
10/01/1918,-0.004322749,-0.004322749,-0.004322749,-0.004322749,-0.004322749,-0.004322749,,,
11/01/1918,-0.004838606,-0.004838606,-0.004838606,-0.004838606,-0.004838606,-0.004838606,,,
12/01/1918,-0.004867519,-0.004867519,-0.004867519,-0.004867519,-0.004867519,-0.004867519,,,
01/01/1919,-0.004871554,-0.004871554,-0.004871554,-0.004871554,-0.004871554,-0.004871554,,,
02/01/1919,-0.004755016,-0.004755016,-0.004755016,-0.004755016,-0.004755016,-0.004755016,,,
03/01/1919,-0.004526051,-0.004526051,-0.004526051,-0.004526051,-0.004526051,-0.004526051,,,
04/01/1919,-0.003604335,-0.003604335,-0.003604335,-0.003604335,-0.003604335,-0.003604335,,,
05/01/1919,-0.003350082,-0.003350082,-0.003350082,-0.003350082,-0.003350082,-0.003350082,,,
06/01/1919,-0.00376731,-0.00376731,-0.00376731,-0.00376731,-0.00376731,-0.00376731,,,
07/01/1919,-0.004297759,-0.004297759,-0.004297759,-0.004297759,-0.004297759,-0.004297759,,,
08/01/1919,-0.004528081,-0.004528081,-0.004528081,-0.004528081,-0.004528081,-0.004528081,,,
09/01/1919,-0.004759673,-0.004759673,-0.004759673,-0.004759673,-0.004759673,-0.004759673,,,
10/01/1919,-0.00469537,-0.00469537,-0.00469537,-0.00469537,-0.00469537,-0.00469537,,,
11/01/1919,-0.004619092,-0.004619092,-0.004619092,-0.004619092,-0.004619092,-0.004619092,,,
12/01/1919,-0.003880443,-0.003880443,-0.003880443,-0.003880443,-0.003880443,-0.003880443,,,
01/01/1920,-0.003399163,-0.003399163,-0.003399163,-0.003399163,-0.003399163,-0.003399163,,,
02/01/1920,-0.00371395,-0.00371395,-0.00371395,-0.00371395,-0.00371395,-0.00371395,,,
03/01/1920,-0.004202679,-0.004202679,-0.004202679,-0.004202679,-0.004202679,-0.004202679,,,
04/01/1920,-0.005213914,-0.005213914,-0.005213914,-0.005213914,-0.005213914,-0.005213914,,,
05/01/1920,-0.005501631,-0.005501631,-0.005501631,-0.005501631,-0.005501631,-0.005501631,,,
06/01/1920,-0.005757527,-0.005757527,-0.005757527,-0.005757527,-0.005757527,-0.005757527,,,
07/01/1920,-0.005722382,-0.005722382,-0.005722382,-0.005722382,-0.005722382,-0.005722382,,,
08/01/1920,-0.00560536,-0.00560536,-0.00560536,-0.00560536,-0.00560536,-0.00560536,,,
09/01/1920,-0.005481662,-0.005481662,-0.005481662,-0.005481662,-0.005481662,-0.005481662,,,
10/01/1920,-0.005133665,-0.005133665,-0.005133665,-0.005133665,-0.005133665,-0.005133665,,,
11/01/1920,-0.004864514,-0.004864514,-0.004864514,-0.004864514,-0.004864514,-0.004864514,,,
12/01/1920,-0.005548735,-0.005548735,-0.005548735,-0.005548735,-0.005548735,-0.005548735,,,
01/01/1921,-0.004970222,-0.004970222,-0.004970222,-0.004970222,-0.004970222,-0.004970222,,,
02/01/1921,-0.00523794,-0.00523794,-0.00523794,-0.00523794,-0.00523794,-0.00523794,,,
03/01/1921,-0.005316231,-0.005316231,-0.005316231,-0.005316231,-0.005316231,-0.005316231,,,
04/01/1921,-0.005070776,-0.005070776,-0.005070776,-0.005070776,-0.005070776,-0.005070776,,,
05/01/1921,-0.00502495,-0.00502495,-0.00502495,-0.00502495,-0.00502495,-0.00502495,,,
06/01/1921,-0.005119783,-0.005119783,-0.005119783,-0.005119783,-0.005119783,-0.005119783,,,
07/01/1921,-0.005365722,-0.005365722,-0.005365722,-0.005365722,-0.005365722,-0.005365722,,,
08/01/1921,-0.005731614,-0.005731614,-0.005731614,-0.005731614,-0.005731614,-0.005731614,,,
09/01/1921,-0.005980825,-0.005980825,-0.005980825,-0.005980825,-0.005980825,-0.005980825,,,
10/01/1921,-0.005977891,-0.005977891,-0.005977891,-0.005977891,-0.005977891,-0.005977891,,,
11/01/1921,-0.005913195,-0.005913195,-0.005913195,-0.005913195,-0.005913195,-0.005913195,,,
12/01/1921,-0.005335732,-0.005335732,-0.005335732,-0.005335732,-0.005335732,-0.005335732,,,
01/01/1922,-0.005378866,-0.005378866,-0.005378866,-0.005378866,-0.005378866,-0.005378866,,,
02/01/1922,-0.005662351,-0.005662351,-0.005662351,-0.005662351,-0.005662351,-0.005662351,,,
03/01/1922,-0.005711759,-0.005711759,-0.005711759,-0.005711759,-0.005711759,-0.005711759,,,
04/01/1922,-0.006323523,-0.006323523,-0.006323523,-0.006323523,-0.006323523,-0.006323523,,,
05/01/1922,-0.006644027,-0.006644027,-0.006644027,-0.006644027,-0.006644027,-0.006644027,,,
06/01/1922,-0.006311643,-0.006311643,-0.006311643,-0.006311643,-0.006311643,-0.006311643,,,
07/01/1922,-0.00613351,-0.00613351,-0.00613351,-0.00613351,-0.00613351,-0.00613351,,,
08/01/1922,-0.00626599,-0.00626599,-0.00626599,-0.00626599,-0.00626599,-0.00626599,,,
09/01/1922,-0.005752257,-0.005752257,-0.005752257,-0.005752257,-0.005752257,-0.005752257,,,
10/01/1922,-0.005905154,-0.005905154,-0.005905154,-0.005905154,-0.005905154,-0.005905154,,,
11/01/1922,-0.00606236,-0.00606236,-0.00606236,-0.00606236,-0.00606236,-0.00606236,,,
12/01/1922,-0.006013681,-0.006013681,-0.006013681,-0.006013681,-0.006013681,-0.006013681,,,
01/01/1923,-0.006262474,-0.006262474,-0.006262474,-0.006262474,-0.006262474,-0.006262474,,,
02/01/1923,-0.005808626,-0.005808626,-0.005808626,-0.005808626,-0.005808626,-0.005808626,,,
03/01/1923,-0.006102911,-0.006102911,-0.006102911,-0.006102911,-0.006102911,-0.006102911,,,
04/01/1923,-0.006244423,-0.006244423,-0.006244423,-0.006244423,-0.006244423,-0.006244423,,,
05/01/1923,-0.00564151,-0.00564151,-0.00564151,-0.00564151,-0.00564151,-0.00564151,,,
06/01/1923,-0.005403627,-0.005403627,-0.005403627,-0.005403627,-0.005403627,-0.005403627,,,
07/01/1923,-0.004950846,-0.004950846,-0.004950846,-0.004950846,-0.004950846,-0.004950846,,,
08/01/1923,-0.004952555,-0.004952555,-0.004952555,-0.004952555,-0.004952555,-0.004952555,,,
09/01/1923,-0.005042535,-0.005042535,-0.005042535,-0.005042535,-0.005042535,-0.005042535,,,
10/01/1923,-0.00498915,-0.00498915,-0.00498915,-0.00498915,-0.00498915,-0.00498915,,,
11/01/1923,-0.004662606,-0.004662606,-0.004662606,-0.004662606,-0.004662606,-0.004662606,,,
12/01/1923,-0.004971936,-0.004971936,-0.004971936,-0.004971936,-0.004971936,-0.004971936,,,
01/01/1924,-0.004923324,-0.004923324,-0.004923324,-0.004923324,-0.004923324,-0.004923324,,,
02/01/1924,-0.005003226,-0.005003226,-0.005003226,-0.005003226,-0.005003226,-0.005003226,,,
03/01/1924,-0.005437051,-0.005437051,-0.005437051,-0.005437051,-0.005437051,-0.005437051,,,
04/01/1924,-0.005316247,-0.005316247,-0.005316247,-0.005316247,-0.005316247,-0.005316247,,,
05/01/1924,-0.004857251,-0.004857251,-0.004857251,-0.004857251,-0.004857251,-0.004857251,,,
06/01/1924,-0.004915066,-0.004915066,-0.004915066,-0.004915066,-0.004915066,-0.004915066,,,
07/01/1924,-0.00480332,-0.00480332,-0.00480332,-0.00480332,-0.00480332,-0.00480332,,,
08/01/1924,-0.005060476,-0.005060476,-0.005060476,-0.005060476,-0.005060476,-0.005060476,,,
09/01/1924,-0.004931286,-0.004931286,-0.004931286,-0.004931286,-0.004931286,-0.004931286,,,
10/01/1924,-0.005307257,-0.005307257,-0.005307257,-0.005307257,-0.005307257,-0.005307257,,,
11/01/1924,-0.005503594,-0.005503594,-0.005503594,-0.005503594,-0.005503594,-0.005503594,,,
12/01/1924,-0.005591466,-0.005591466,-0.005591466,-0.005591466,-0.005591466,-0.005591466,,,
01/01/1925,-0.005498431,-0.005498431,-0.005498431,-0.005498431,-0.005498431,-0.005498431,,,
02/01/1925,-0.006199749,-0.006199749,-0.006199749,-0.006199749,-0.006199749,-0.006199749,,,
03/01/1925,-0.006525321,-0.006525321,-0.006525321,-0.006525321,-0.006525321,-0.006525321,,,
04/01/1925,-0.006713113,-0.006713113,-0.006713113,-0.006713113,-0.006713113,-0.006713113,,,
05/01/1925,-0.006662306,-0.006662306,-0.006662306,-0.006662306,-0.006662306,-0.006662306,,,
06/01/1925,-0.006527628,-0.006527628,-0.006527628,-0.006527628,-0.006527628,-0.006527628,,,
07/01/1925,-0.006280215,-0.006280215,-0.006280215,-0.006280215,-0.006280215,-0.006280215,,,
08/01/1925,-0.005697133,-0.005697133,-0.005697133,-0.005697133,-0.005697133,-0.005697133,,,
09/01/1925,-0.006398895,-0.006398895,-0.006398895,-0.006398895,-0.006398895,-0.006398895,,,
10/01/1925,-0.006983597,-0.006983597,-0.006983597,-0.006983597,-0.006983597,-0.006983597,,,
11/01/1925,-0.00693253,-0.00693253,-0.00693253,-0.00693253,-0.00693253,-0.00693253,,,
12/01/1925,-0.007002251,-0.007002251,-0.007002251,-0.007002251,-0.007002251,-0.007002251,,,
01/01/1926,-0.006736262,-0.006736262,-0.006736262,-0.006736262,-0.006736262,-0.006736262,,,
02/01/1926,-0.006807394,-0.006807394,-0.006807394,-0.006807394,-0.006807394,-0.006807394,,,
03/01/1926,-0.006180188,-0.006180188,-0.006180188,-0.006180188,-0.006180188,-0.006180188,,,
04/01/1926,-0.006030385,-0.006030385,-0.006030385,-0.006030385,-0.006030385,-0.006030385,,,
05/01/1926,-0.005457913,-0.005457913,-0.005457913,-0.005457913,-0.005457913,-0.005457913,,,
06/01/1926,-0.00546908,-0.00546908,-0.00546908,-0.00546908,-0.00546908,-0.00546908,,,
07/01/1926,-0.005345077,-0.005345077,-0.005345077,-0.005345077,-0.005345077,-0.005345077,,,
08/01/1926,-0.005078044,-0.005078044,-0.005078044,-0.005078044,-0.005078044,-0.005078044,,,
09/01/1926,-0.005250644,-0.005250644,-0.005250644,-0.005250644,-0.005250644,-0.005250644,,,
10/01/1926,-0.005059676,-0.005059676,-0.005059676,-0.005059676,-0.005059676,-0.005059676,,,
11/01/1926,-0.00463709,-0.00463709,-0.00463709,-0.00463709,-0.00463709,-0.00463709,,,
12/01/1926,-0.004575243,-0.004575243,-0.004575243,-0.004575243,-0.004575243,-0.004575243,,,
01/01/1927,-0.004901635,-0.004901635,-0.004901635,-0.004901635,-0.004901635,-0.004901635,,,
02/01/1927,-0.004584618,-0.004584618,-0.004584618,-0.004584618,-0.004584618,-0.004584618,,,
03/01/1927,-0.003619098,-0.003619098,-0.003619098,-0.003619098,-0.003619098,-0.003619098,,,
04/01/1927,-0.003299456,-0.003299456,-0.003299456,-0.003299456,-0.003299456,-0.003299456,,,
05/01/1927,-0.003299656,-0.003299656,-0.003299656,-0.003299656,-0.003299656,-0.003299656,,,
06/01/1927,-0.003701132,-0.003701132,-0.003701132,-0.003701132,-0.003701132,-0.003701132,,,
07/01/1927,-0.003618678,-0.003618678,-0.003618678,-0.003618678,-0.003618678,-0.003618678,,,
08/01/1927,-0.004083713,-0.004083713,-0.004083713,-0.004083713,-0.004083713,-0.004083713,,,
09/01/1927,-0.003679912,-0.003679912,-0.003679912,-0.003679912,-0.003679912,-0.003679912,,,
10/01/1927,-0.00354971,-0.00354971,-0.00354971,-0.00354971,-0.00354971,-0.00354971,,,
11/01/1927,-0.003553136,-0.003553136,-0.003553136,-0.003553136,-0.003553136,-0.003553136,,,
12/01/1927,-0.003523305,-0.003523305,-0.003523305,-0.003523305,-0.003523305,-0.003523305,,,
01/01/1928,-0.003073489,-0.003073489,-0.003073489,-0.003073489,-0.003073489,-0.003073489,,,
02/01/1928,-0.002924457,-0.002924457,-0.002924457,-0.002924457,-0.002924457,-0.002924457,,,
03/01/1928,-0.002602219,-0.002602219,-0.002602219,-0.002602219,-0.002602219,-0.002602219,,,
04/01/1928,-0.002716033,-0.002716033,-0.002716033,-0.002716033,-0.002716033,-0.002716033,,,
05/01/1928,-0.002342356,-0.002342356,-0.002342356,-0.002342356,-0.002342356,-0.002342356,,,
06/01/1928,-0.002565853,-0.002565853,-0.002565853,-0.002565853,-0.002565853,-0.002565853,,,
07/01/1928,-0.002494694,-0.002494694,-0.002494694,-0.002494694,-0.002494694,-0.002494694,,,
08/01/1928,-0.002572488,-0.002572488,-0.002572488,-0.002572488,-0.002572488,-0.002572488,,,
09/01/1928,-0.00304482,-0.00304482,-0.00304482,-0.00304482,-0.00304482,-0.00304482,,,
10/01/1928,-0.002761769,-0.002761769,-0.002761769,-0.002761769,-0.002761769,-0.002761769,,,
11/01/1928,-0.002351369,-0.002351369,-0.002351369,-0.002351369,-0.002351369,-0.002351369,,,
12/01/1928,-0.002473066,-0.002473066,-0.002473066,-0.002473066,-0.002473066,-0.002473066,,,
01/01/1929,-0.002434586,-0.002434586,-0.002434586,-0.002434586,-0.002434586,-0.002434586,,,
02/01/1929,-0.002721909,-0.002721909,-0.002721909,-0.002721909,-0.002721909,-0.002721909,,,
03/01/1929,-0.003240544,-0.003240544,-0.003240544,-0.003240544,-0.003240544,-0.003240544,,,
04/01/1929,-0.002596041,-0.002596041,-0.002596041,-0.002596041,-0.002596041,-0.002596041,,,
05/01/1929,-0.002804786,-0.002804786,-0.002804786,-0.002804786,-0.002804786,-0.002804786,,,
06/01/1929,-0.002214406,-0.002214406,-0.002214406,-0.002214406,-0.002214406,-0.002214406,,,
07/01/1929,-0.001952747,-0.001952747,-0.001952747,-0.001952747,-0.001952747,-0.001952747,,,
08/01/1929,-0.002559186,-0.002559186,-0.002559186,-0.002559186,-0.002559186,-0.002559186,,,
09/01/1929,-0.003339746,-0.003339746,-0.003339746,-0.003339746,-0.003339746,-0.003339746,,,
10/01/1929,-0.003713486,-0.003713486,-0.003713486,-0.003713486,-0.003713486,-0.003713486,,,
11/01/1929,-0.004076166,-0.004076166,-0.004076166,-0.004076166,-0.004076166,-0.004076166,,,
12/01/1929,-0.004425084,-0.004425084,-0.004425084,-0.004425084,-0.004425084,-0.004425084,,,
01/01/1930,-0.004729708,-0.004729708,-0.004729708,-0.004729708,-0.004729708,-0.004729708,,,
02/01/1930,-0.0054351,-0.0054351,-0.0054351,-0.0054351,-0.0054351,-0.0054351,,,
03/01/1930,-0.005640029,-0.005640029,-0.005640029,-0.005640029,-0.005640029,-0.005640029,,,
04/01/1930,-0.00586305,-0.00586305,-0.00586305,-0.00586305,-0.00586305,-0.00586305,,,
05/01/1930,-0.006248224,-0.006248224,-0.006248224,-0.006248224,-0.006248224,-0.006248224,,,
06/01/1930,-0.006321125,-0.006321125,-0.006321125,-0.006321125,-0.006321125,-0.006321125,,,
07/01/1930,-0.006552809,-0.006552809,-0.006552809,-0.006552809,-0.006552809,-0.006552809,,,
08/01/1930,-0.006088367,-0.006088367,-0.006088367,-0.006088367,-0.006088367,-0.006088367,,,
09/01/1930,-0.00623204,-0.00623204,-0.00623204,-0.00623204,-0.00623204,-0.00623204,,,
10/01/1930,-0.006581348,-0.006581348,-0.006581348,-0.006581348,-0.006581348,-0.006581348,,,
11/01/1930,-0.006689477,-0.006689477,-0.006689477,-0.006689477,-0.006689477,-0.006689477,,,
12/01/1930,-0.006851811,-0.006851811,-0.006851811,-0.006851811,-0.006851811,-0.006851811,,,
01/01/1931,-0.007006785,-0.007006785,-0.007006785,-0.007006785,-0.007006785,-0.007006785,,,
02/01/1931,-0.007457998,-0.007457998,-0.007457998,-0.007457998,-0.007457998,-0.007457998,,,
03/01/1931,-0.007862466,-0.007862466,-0.007862466,-0.007862466,-0.007862466,-0.007862466,,,
04/01/1931,-0.008591709,-0.008591709,-0.008591709,-0.008591709,-0.008591709,-0.008591709,,,
05/01/1931,-0.00946953,-0.00946953,-0.00946953,-0.00946953,-0.00946953,-0.00946953,,,
06/01/1931,-0.009967347,-0.009967347,-0.009967347,-0.009967347,-0.009967347,-0.009967347,,,
07/01/1931,-0.009924636,-0.009924636,-0.009924636,-0.009924636,-0.009924636,-0.009924636,,,
08/01/1931,-0.009282721,-0.009282721,-0.009282721,-0.009282721,-0.009282721,-0.009282721,,,
09/01/1931,-0.00953731,-0.00953731,-0.00953731,-0.00953731,-0.00953731,-0.00953731,,,
10/01/1931,-0.009659189,-0.009659189,-0.009659189,-0.009659189,-0.009659189,-0.009659189,,,
11/01/1931,-0.009484323,-0.009484323,-0.009484323,-0.009484323,-0.009484323,-0.009484323,,,
12/01/1931,-0.009029003,-0.009029003,-0.009029003,-0.009029003,-0.009029003,-0.009029003,,,
01/01/1932,-0.00954044,-0.00954044,-0.00954044,-0.00954044,-0.00954044,-0.00954044,,,
02/01/1932,-0.010130921,-0.010130921,-0.010130921,-0.010130921,-0.010130921,-0.010130921,,,
03/01/1932,-0.010304186,-0.010304186,-0.010304186,-0.010304186,-0.010304186,-0.010304186,,,
04/01/1932,-0.01094499,-0.01094499,-0.01094499,-0.01094499,-0.01094499,-0.01094499,,,
05/01/1932,-0.011239783,-0.011239783,-0.011239783,-0.011239783,-0.011239783,-0.011239783,,,
06/01/1932,-0.011181934,-0.011181934,-0.011181934,-0.011181934,-0.011181934,-0.011181934,,,
07/01/1932,-0.011595082,-0.011595082,-0.011595082,-0.011595082,-0.011595082,-0.011595082,,,
08/01/1932,-0.011853823,-0.011853823,-0.011853823,-0.011853823,-0.011853823,-0.011853823,,,
09/01/1932,-0.012222079,-0.012222079,-0.012222079,-0.012222079,-0.012222079,-0.012222079,,,
10/01/1932,-0.01182472,-0.01182472,-0.01182472,-0.01182472,-0.01182472,-0.01182472,,,
11/01/1932,-0.011738532,-0.011738532,-0.011738532,-0.011738532,-0.011738532,-0.011738532,,,
12/01/1932,-0.011774611,-0.011774611,-0.011774611,-0.011774611,-0.011774611,-0.011774611,,,
01/01/1933,-0.012892853,-0.012892853,-0.012892853,-0.012892853,-0.012892853,-0.012892853,,,
02/01/1933,-0.013063197,-0.013063197,-0.013063197,-0.013063197,-0.013063197,-0.013063197,,,
03/01/1933,-0.013006522,-0.013006522,-0.013006522,-0.013006522,-0.013006522,-0.013006522,,,
04/01/1933,-0.012868551,-0.012868551,-0.012868551,-0.012868551,-0.012868551,-0.012868551,,,
05/01/1933,-0.013045524,-0.013045524,-0.013045524,-0.013045524,-0.013045524,-0.013045524,,,
06/01/1933,-0.012980131,-0.012980131,-0.012980131,-0.012980131,-0.012980131,-0.012980131,,,
07/01/1933,-0.013095884,-0.013095884,-0.013095884,-0.013095884,-0.013095884,-0.013095884,,,
08/01/1933,-0.013453773,-0.013453773,-0.013453773,-0.013453773,-0.013453773,-0.013453773,,,
09/01/1933,-0.013635916,-0.013635916,-0.013635916,-0.013635916,-0.013635916,-0.013635916,,,
10/01/1933,-0.013559514,-0.013559514,-0.013559514,-0.013559514,-0.013559514,-0.013559514,,,
11/01/1933,-0.013377511,-0.013377511,-0.013377511,-0.013377511,-0.013377511,-0.013377511,,,
12/01/1933,-0.013480613,-0.013480613,-0.013480613,-0.013480613,-0.013480613,-0.013480613,,,
01/01/1934,-0.013393052,-0.013393052,-0.013393052,-0.013393052,-0.013393052,-0.013393052,,,
02/01/1934,-0.012968279,-0.012968279,-0.012968279,-0.012968279,-0.012968279,-0.012968279,,,
03/01/1934,-0.012775936,-0.012775936,-0.012775936,-0.012775936,-0.012775936,-0.012775936,,,
04/01/1934,-0.01309858,-0.01309858,-0.01309858,-0.01309858,-0.01309858,-0.01309858,,,
05/01/1934,-0.01273138,-0.01273138,-0.01273138,-0.01273138,-0.01273138,-0.01273138,,,
06/01/1934,-0.01238824,-0.01238824,-0.01238824,-0.01238824,-0.01238824,-0.01238824,,,
07/01/1934,-0.012354195,-0.012354195,-0.012354195,-0.012354195,-0.012354195,-0.012354195,,,
08/01/1934,-0.012812968,-0.012812968,-0.012812968,-0.012812968,-0.012812968,-0.012812968,,,
09/01/1934,-0.012945752,-0.012945752,-0.012945752,-0.012945752,-0.012945752,-0.012945752,,,
10/01/1934,-0.013309078,-0.013309078,-0.013309078,-0.013309078,-0.013309078,-0.013309078,,,
11/01/1934,-0.013221103,-0.013221103,-0.013221103,-0.013221103,-0.013221103,-0.013221103,,,
12/01/1934,-0.013406317,-0.013406317,-0.013406317,-0.013406317,-0.013406317,-0.013406317,,,
01/01/1935,-0.013266737,-0.013266737,-0.013266737,-0.013266737,-0.013266737,-0.013266737,,,
02/01/1935,-0.013415778,-0.013415778,-0.013415778,-0.013415778,-0.013415778,-0.013415778,,,
03/01/1935,-0.013535304,-0.013535304,-0.013535304,-0.013535304,-0.013535304,-0.013535304,,,
04/01/1935,-0.012845662,-0.012845662,-0.012845662,-0.012845662,-0.012845662,-0.012845662,,,
05/01/1935,-0.013017401,-0.013017401,-0.013017401,-0.013017401,-0.013017401,-0.013017401,,,
06/01/1935,-0.012937761,-0.012937761,-0.012937761,-0.012937761,-0.012937761,-0.012937761,,,
07/01/1935,-0.013048556,-0.013048556,-0.013048556,-0.013048556,-0.013048556,-0.013048556,,,
08/01/1935,-0.013259788,-0.013259788,-0.013259788,-0.013259788,-0.013259788,-0.013259788,,,
09/01/1935,-0.012849742,-0.012849742,-0.012849742,-0.012849742,-0.012849742,-0.012849742,,,
10/01/1935,-0.01266689,-0.01266689,-0.01266689,-0.01266689,-0.01266689,-0.01266689,,,
11/01/1935,-0.012328158,-0.012328158,-0.012328158,-0.012328158,-0.012328158,-0.012328158,,,
12/01/1935,-0.012510676,-0.012510676,-0.012510676,-0.012510676,-0.012510676,-0.012510676,,,
01/01/1936,-0.012427733,-0.012427733,-0.012427733,-0.012427733,-0.012427733,-0.012427733,,,
02/01/1936,-0.012188947,-0.012188947,-0.012188947,-0.012188947,-0.012188947,-0.012188947,,,
03/01/1936,-0.01232112,-0.01232112,-0.01232112,-0.01232112,-0.01232112,-0.01232112,,,
04/01/1936,-0.012100179,-0.012100179,-0.012100179,-0.012100179,-0.012100179,-0.012100179,,,
05/01/1936,-0.011956514,-0.011956514,-0.011956514,-0.011956514,-0.011956514,-0.011956514,,,
06/01/1936,-0.012216456,-0.012216456,-0.012216456,-0.012216456,-0.012216456,-0.012216456,,,
07/01/1936,-0.012375002,-0.012375002,-0.012375002,-0.012375002,-0.012375002,-0.012375002,,,
08/01/1936,-0.01267989,-0.01267989,-0.01267989,-0.01267989,-0.01267989,-0.01267989,,,
09/01/1936,-0.012388292,-0.012388292,-0.012388292,-0.012388292,-0.012388292,-0.012388292,,,
10/01/1936,-0.012662065,-0.012662065,-0.012662065,-0.012662065,-0.012662065,-0.012662065,,,
11/01/1936,-0.012041656,-0.012041656,-0.012041656,-0.012041656,-0.012041656,-0.012041656,,,
12/01/1936,-0.012010971,-0.012010971,-0.012010971,-0.012010971,-0.012010971,-0.012010971,,,
01/01/1937,-0.011267296,-0.011267296,-0.011267296,-0.011267296,-0.011267296,-0.011267296,,,
02/01/1937,-0.011319757,-0.011319757,-0.011319757,-0.011319757,-0.011319757,-0.011319757,,,
03/01/1937,-0.01134799,-0.01134799,-0.01134799,-0.01134799,-0.01134799,-0.01134799,,,
04/01/1937,-0.011408705,-0.011408705,-0.011408705,-0.011408705,-0.011408705,-0.011408705,,,
05/01/1937,-0.011154585,-0.011154585,-0.011154585,-0.011154585,-0.011154585,-0.011154585,,,
06/01/1937,-0.011501131,-0.011501131,-0.011501131,-0.011501131,-0.011501131,-0.011501131,,,
07/01/1937,-0.011419757,-0.011419757,-0.011419757,-0.011419757,-0.011419757,-0.011419757,,,
08/01/1937,-0.011714202,-0.011714202,-0.011714202,-0.011714202,-0.011714202,-0.011714202,,,
09/01/1937,-0.011630001,-0.011630001,-0.011630001,-0.011630001,-0.011630001,-0.011630001,,,
10/01/1937,-0.012028225,-0.012028225,-0.012028225,-0.012028225,-0.012028225,-0.012028225,,,
11/01/1937,-0.012383615,-0.012383615,-0.012383615,-0.012383615,-0.012383615,-0.012383615,,,
12/01/1937,-0.013246255,-0.013246255,-0.013246255,-0.013246255,-0.013246255,-0.013246255,,,
01/01/1938,-0.013889568,-0.013889568,-0.013889568,-0.013889568,-0.013889568,-0.013889568,,,
02/01/1938,-0.01398933,-0.01398933,-0.01398933,-0.01398933,-0.01398933,-0.01398933,,,
03/01/1938,-0.014681289,-0.014681289,-0.014681289,-0.014681289,-0.014681289,-0.014681289,,,
04/01/1938,-0.015199112,-0.015199112,-0.015199112,-0.015199112,-0.015199112,-0.015199112,,,
05/01/1938,-0.015305368,-0.015305368,-0.015305368,-0.015305368,-0.015305368,-0.015305368,,,
06/01/1938,-0.015497913,-0.015497913,-0.015497913,-0.015497913,-0.015497913,-0.015497913,,,
07/01/1938,-0.015507008,-0.015507008,-0.015507008,-0.015507008,-0.015507008,-0.015507008,,,
08/01/1938,-0.016373425,-0.016373425,-0.016373425,-0.016373425,-0.016373425,-0.016373425,,,
09/01/1938,-0.016517897,-0.016517897,-0.016517897,-0.016517897,-0.016517897,-0.016517897,,,
10/01/1938,-0.016796659,-0.016796659,-0.016796659,-0.016796659,-0.016796659,-0.016796659,,,
11/01/1938,-0.017221822,-0.017221822,-0.017221822,-0.017221822,-0.017221822,-0.017221822,,,
12/01/1938,-0.018550264,-0.018550264,-0.018550264,-0.018550264,-0.018550264,-0.018550264,,,
01/01/1939,-0.019244201,-0.019244201,-0.019244201,-0.019244201,-0.019244201,-0.019244201,,,
02/01/1939,-0.01942615,-0.01942615,-0.01942615,-0.01942615,-0.01942615,-0.01942615,,,
03/01/1939,-0.019459013,-0.019459013,-0.019459013,-0.019459013,-0.019459013,-0.019459013,,,
04/01/1939,-0.020439626,-0.020439626,-0.020439626,-0.020439626,-0.020439626,-0.020439626,,,
05/01/1939,-0.0215522,-0.0215522,-0.0215522,-0.0215522,-0.0215522,-0.0215522,,,
06/01/1939,-0.021044965,-0.021044965,-0.021044965,-0.021044965,-0.021044965,-0.021044965,,,
07/01/1939,-0.019466793,-0.019466793,-0.019466793,-0.019466793,-0.019466793,-0.019466793,,,
08/01/1939,-0.018596589,-0.018596589,-0.018596589,-0.018596589,-0.018596589,-0.018596589,,,
09/01/1939,-0.016896607,-0.016896607,-0.016896607,-0.016896607,-0.016896607,-0.016896607,,,
10/01/1939,-0.015743804,-0.015743804,-0.015743804,-0.015743804,-0.015743804,-0.015743804,,,
11/01/1939,-0.014899577,-0.014899577,-0.014899577,-0.014899577,-0.014899577,-0.014899577,,,
12/01/1939,-0.015511247,-0.015511247,-0.015511247,-0.015511247,-0.015511247,-0.015511247,,,
01/01/1940,-0.016219575,-0.016219575,-0.016219575,-0.016219575,-0.016219575,-0.016219575,,,
02/01/1940,-0.017801216,-0.017801216,-0.017801216,-0.017801216,-0.017801216,-0.017801216,,,
03/01/1940,-0.018333578,-0.018333578,-0.018333578,-0.018333578,-0.018333578,-0.018333578,,,
04/01/1940,-0.018058782,-0.018058782,-0.018058782,-0.018058782,-0.018058782,-0.018058782,,,
05/01/1940,-0.018047262,-0.018047262,-0.018047262,-0.018047262,-0.018047262,-0.018047262,,,
06/01/1940,-0.017964738,-0.017964738,-0.017964738,-0.017964738,-0.017964738,-0.017964738,,,
07/01/1940,-0.017875177,-0.017875177,-0.017875177,-0.017875177,-0.017875177,-0.017875177,,,
08/01/1940,-0.017281388,-0.017281388,-0.017281388,-0.017281388,-0.017281388,-0.017281388,,,
09/01/1940,-0.016484884,-0.016484884,-0.016484884,-0.016484884,-0.016484884,-0.016484884,,,
10/01/1940,-0.016439057,-0.016439057,-0.016439057,-0.016439057,-0.016439057,-0.016439057,,,
11/01/1940,-0.016198387,-0.016198387,-0.016198387,-0.016198387,-0.016198387,-0.016198387,,,
12/01/1940,-0.016385906,-0.016385906,-0.016385906,-0.016385906,-0.016385906,-0.016385906,,,
01/01/1941,-0.016155296,-0.016155296,-0.016155296,-0.016155296,-0.016155296,-0.016155296,,,
02/01/1941,-0.016325479,-0.016325479,-0.016325479,-0.016325479,-0.016325479,-0.016325479,,,
03/01/1941,-0.016235549,-0.016235549,-0.016235549,-0.016235549,-0.016235549,-0.016235549,,,
04/01/1941,-0.01619492,-0.01619492,-0.01619492,-0.01619492,-0.01619492,-0.01619492,,,
05/01/1941,-0.016618817,-0.016618817,-0.016618817,-0.016618817,-0.016618817,-0.016618817,,,
06/01/1941,-0.016832825,-0.016832825,-0.016832825,-0.016832825,-0.016832825,-0.016832825,,,
07/01/1941,-0.016987415,-0.016987415,-0.016987415,-0.016987415,-0.016987415,-0.016987415,,,
08/01/1941,-0.017229989,-0.017229989,-0.017229989,-0.017229989,-0.017229989,-0.017229989,,,
09/01/1941,-0.017430399,-0.017430399,-0.017430399,-0.017430399,-0.017430399,-0.017430399,,,
10/01/1941,-0.01768876,-0.01768876,-0.01768876,-0.01768876,-0.01768876,-0.01768876,,,
11/01/1941,-0.017953291,-0.017953291,-0.017953291,-0.017953291,-0.017953291,-0.017953291,,,
12/01/1941,-0.018157233,-0.018157233,-0.018157233,-0.018157233,-0.018157233,-0.018157233,,,
01/01/1942,-0.018348255,-0.018348255,-0.018348255,-0.018348255,-0.018348255,-0.018348255,,,
02/01/1942,-0.018369533,-0.018369533,-0.018369533,-0.018369533,-0.018369533,-0.018369533,,,
03/01/1942,-0.019306717,-0.019306717,-0.019306717,-0.019306717,-0.019306717,-0.019306717,,,
04/01/1942,-0.019544505,-0.019544505,-0.019544505,-0.019544505,-0.019544505,-0.019544505,,,
05/01/1942,-0.019618649,-0.019618649,-0.019618649,-0.019618649,-0.019618649,-0.019618649,,,
06/01/1942,-0.019423144,-0.019423144,-0.019423144,-0.019423144,-0.019423144,-0.019423144,,,
07/01/1942,-0.019394198,-0.019394198,-0.019394198,-0.019394198,-0.019394198,-0.019394198,,,
08/01/1942,-0.018902401,-0.018902401,-0.018902401,-0.018902401,-0.018902401,-0.018902401,,,
09/01/1942,-0.018752917,-0.018752917,-0.018752917,-0.018752917,-0.018752917,-0.018752917,,,
10/01/1942,-0.01884704,-0.01884704,-0.01884704,-0.01884704,-0.01884704,-0.01884704,,,
11/01/1942,-0.019101671,-0.019101671,-0.019101671,-0.019101671,-0.019101671,-0.019101671,,,
12/01/1942,-0.019113832,-0.019113832,-0.019113832,-0.019113832,-0.019113832,-0.019113832,,,
01/01/1943,-0.018588769,-0.018588769,-0.018588769,-0.018588769,-0.018588769,-0.018588769,,,
02/01/1943,-0.018147022,-0.018147022,-0.018147022,-0.018147022,-0.018147022,-0.018147022,,,
03/01/1943,-0.017913815,-0.017913815,-0.017913815,-0.017913815,-0.017913815,-0.017913815,,,
04/01/1943,-0.017650136,-0.017650136,-0.017650136,-0.017650136,-0.017650136,-0.017650136,,,
05/01/1943,-0.017794975,-0.017794975,-0.017794975,-0.017794975,-0.017794975,-0.017794975,,,
06/01/1943,-0.017299073,-0.017299073,-0.017299073,-0.017299073,-0.017299073,-0.017299073,,,
07/01/1943,-0.017137436,-0.017137436,-0.017137436,-0.017137436,-0.017137436,-0.017137436,,,
08/01/1943,-0.016792722,-0.016792722,-0.016792722,-0.016792722,-0.016792722,-0.016792722,,,
09/01/1943,-0.015112953,-0.015112953,-0.015112953,-0.015112953,-0.015112953,-0.015112953,,,
10/01/1943,-0.014082222,-0.014082222,-0.014082222,-0.014082222,-0.014082222,-0.014082222,,,
11/01/1943,-0.013566818,-0.013566818,-0.013566818,-0.013566818,-0.013566818,-0.013566818,,,
12/01/1943,-0.012767009,-0.012767009,-0.012767009,-0.012767009,-0.012767009,-0.012767009,,,
01/01/1944,-0.012121845,-0.012121845,-0.012121845,-0.012121845,-0.012121845,-0.012121845,,,
02/01/1944,-0.011470125,-0.011470125,-0.011470125,-0.011470125,-0.011470125,-0.011470125,,,
03/01/1944,-0.011381938,-0.011381938,-0.011381938,-0.011381938,-0.011381938,-0.011381938,,,
04/01/1944,-0.01163724,-0.01163724,-0.01163724,-0.01163724,-0.01163724,-0.01163724,,,
05/01/1944,-0.011417746,-0.011417746,-0.011417746,-0.011417746,-0.011417746,-0.011417746,,,
06/01/1944,-0.011858944,-0.011858944,-0.011858944,-0.011858944,-0.011858944,-0.011858944,,,
07/01/1944,-0.01153953,-0.01153953,-0.01153953,-0.01153953,-0.01153953,-0.01153953,,,
08/01/1944,-0.01124227,-0.01124227,-0.01124227,-0.01124227,-0.01124227,-0.01124227,,,
09/01/1944,-0.010766228,-0.010766228,-0.010766228,-0.010766228,-0.010766228,-0.010766228,,,
10/01/1944,-0.010666955,-0.010666955,-0.010666955,-0.010666955,-0.010666955,-0.010666955,,,
11/01/1944,-0.009410347,-0.009410347,-0.009410347,-0.009410347,-0.009410347,-0.009410347,,,
12/01/1944,-0.008806399,-0.008806399,-0.008806399,-0.008806399,-0.008806399,-0.008806399,,,
01/01/1945,-0.008678841,-0.008678841,-0.008678841,-0.008678841,-0.008678841,-0.008678841,,,
02/01/1945,-0.008159897,-0.008159897,-0.008159897,-0.008159897,-0.008159897,-0.008159897,,,
03/01/1945,-0.008363524,-0.008363524,-0.008363524,-0.008363524,-0.008363524,-0.008363524,,,
04/01/1945,-0.008247591,-0.008247591,-0.008247591,-0.008247591,-0.008247591,-0.008247591,,,
05/01/1945,-0.007311198,-0.007311198,-0.007311198,-0.007311198,-0.007311198,-0.007311198,,,
06/01/1945,-0.004523096,-0.004523096,-0.004523096,-0.004523096,-0.004523096,-0.004523096,,,
07/01/1945,-0.001569926,-0.001569926,-0.001569926,-0.001569926,-0.001569926,-0.001569926,,,
08/01/1945,0.001304284,0.001304284,0.001304284,0.001304284,0.001304284,0.001304284,,,
09/01/1945,0.004667513,0.004667513,0.004667513,0.004667513,0.004667513,0.004667513,,,
10/01/1945,0.008647664,0.008647664,0.008647664,0.008647664,0.008647664,0.008647664,,,
11/01/1945,0.010945431,0.010945431,0.010945431,0.010945431,0.010945431,0.010945431,,,
12/01/1945,0.009988666,0.009988666,0.009988666,0.009988666,0.009988666,0.009988666,,,
01/01/1946,0.007727431,0.007727431,0.007727431,0.007727431,0.007727431,0.007727431,,,
02/01/1946,0.005274177,0.005274177,0.005274177,0.005274177,0.005274177,0.005274177,,,
03/01/1946,0.002871751,0.002871751,0.002871751,0.002871751,0.002871751,0.002871751,,,
04/01/1946,-1.05E-05,-1.05E-05,-1.05E-05,-1.05E-05,-1.05E-05,-1.05E-05,,,
05/01/1946,-0.002778186,-0.002778186,-0.002778186,-0.002778186,-0.002778186,-0.002778186,,,
06/01/1946,-0.003174948,-0.003174948,-0.003174948,-0.003174948,-0.003174948,-0.003174948,,,
07/01/1946,-0.003523227,-0.003523227,-0.003523227,-0.003523227,-0.003523227,-0.003523227,,,
08/01/1946,-0.003620418,-0.003620418,-0.003620418,-0.003620418,-0.003620418,-0.003620418,,,
09/01/1946,-0.003221827,-0.003221827,-0.003221827,-0.003221827,-0.003221827,-0.003221827,,,
10/01/1946,-0.00288321,-0.00288321,-0.00288321,-0.00288321,-0.00288321,-0.00288321,,,
11/01/1946,-0.002706721,-0.002706721,-0.002706721,-0.002706721,-0.002706721,-0.002706721,,,
12/01/1946,-0.001895228,-0.001895228,-0.001895228,-0.001895228,-0.001895228,-0.001895228,,,
01/01/1947,-0.001941096,-0.001941096,-0.001941096,-0.001941096,-0.001941096,-0.001941096,,,
02/01/1947,-0.001579294,-0.001579294,-0.001579294,-0.001579294,-0.001579294,-0.001579294,,,
03/01/1947,-0.000848839,-0.000848839,-0.000848839,-0.000848839,-0.000848839,-0.000848839,,,
04/01/1947,-0.000740086,-0.000740086,-0.000740086,-0.000740086,-0.000740086,-0.000740086,,,
05/01/1947,-0.000934806,-0.000934806,-0.000934806,-0.000934806,-0.000934806,-0.000934806,,,
06/01/1947,0.000203775,0.000203775,0.000203775,0.000203775,0.000203775,0.000203775,,,
07/01/1947,0.00104476,0.00104476,0.00104476,0.00104476,0.00104476,0.00104476,,,
08/01/1947,0.001980468,0.001980468,0.001980468,0.001980468,0.001980468,0.001980468,,,
09/01/1947,0.002995946,0.002995946,0.002995946,0.002995946,0.002995946,0.002995946,,,
10/01/1947,0.003644321,0.003644321,0.003644321,0.003644321,0.003644321,0.003644321,,,
11/01/1947,0.004416805,0.004416805,0.004416805,0.004416805,0.004416805,0.004416805,,,
12/01/1947,0.005186922,0.005186922,0.005186922,0.005186922,0.005186922,0.005186922,,,
01/01/1948,0.006586197,0.006586197,0.006586197,0.006586197,0.006586197,0.006586197,,,
02/01/1948,0.007477765,0.007477765,0.007477765,0.007477765,0.007477765,0.007477765,,,
03/01/1948,0.008359074,0.008359074,0.008359074,0.008359074,0.008359074,0.008359074,,,
04/01/1948,0.008822901,0.008822901,0.008822901,0.008822901,0.008822901,0.008822901,,,
05/01/1948,0.009532059,0.009532059,0.009532059,0.009532059,0.009532059,0.009532059,,,
06/01/1948,0.009643083,0.009643083,0.009643083,0.009643083,0.009643083,0.009643083,,,
07/01/1948,0.010134704,0.010134704,0.010134704,0.010134704,0.010134704,0.010134704,,,
08/01/1948,0.010552967,0.010552967,0.010552967,0.010552967,0.010552967,0.010552967,,,
09/01/1948,0.010643013,0.010643013,0.010643013,0.010643013,0.010643013,0.010643013,,,
10/01/1948,0.010871432,0.010871432,0.010871432,0.010871432,0.010871432,0.010871432,,,
11/01/1948,0.01100713,0.01100713,0.01100713,0.01100713,0.01100713,0.01100713,,,
12/01/1948,0.011519013,0.011519013,0.011519013,0.011519013,0.011519013,0.011519013,,,
01/01/1949,0.011845965,0.011845965,0.011845965,0.011845965,0.011845965,0.011845965,,,
02/01/1949,0.011432773,0.011432773,0.011432773,0.011432773,0.011432773,0.011432773,,,
03/01/1949,0.010932012,0.010932012,0.010932012,0.010932012,0.010932012,0.010932012,,,
04/01/1949,0.010680871,0.010680871,0.010680871,0.010680871,0.010680871,0.010680871,,,
05/01/1949,0.010373911,0.010373911,0.010373911,0.010373911,0.010373911,0.010373911,,,
06/01/1949,0.010807447,0.010807447,0.010807447,0.010807447,0.010807447,0.010807447,,,
07/01/1949,0.011531472,0.011531472,0.011531472,0.011531472,0.011531472,0.011531472,,,
08/01/1949,0.012054312,0.012054312,0.012054312,0.012054312,0.012054312,0.012054312,,,
09/01/1949,0.012552232,0.012552232,0.012552232,0.012552232,0.012552232,0.012552232,,,
10/01/1949,0.013516646,0.013516646,0.013516646,0.013516646,0.013516646,0.013516646,,,
11/01/1949,0.014694503,0.014694503,0.014694503,0.014694503,0.014694503,0.014694503,,,
12/01/1949,0.015830968,0.015830968,0.015830968,0.015830968,0.015830968,0.015830968,,,
01/01/1950,0.017003928,0.017003928,0.017003928,0.017003928,0.017003928,0.017003928,,,
02/01/1950,0.018522817,0.018522817,0.018522817,0.018522817,0.018522817,0.018522817,,,
03/01/1950,0.020228192,0.020228192,0.020228192,0.020228192,0.020228192,0.020228192,,,
04/01/1950,0.022390523,0.022390523,0.022390523,0.022390523,0.022390523,0.022390523,,,
05/01/1950,0.024517173,0.024517173,0.024517173,0.024517173,0.024517173,0.024517173,,,
06/01/1950,0.026121039,0.026121039,0.026121039,0.026121039,0.026121039,0.026121039,,,
07/01/1950,0.02804153,0.02804153,0.02804153,0.02804153,0.02804153,0.02804153,,,
08/01/1950,0.030162805,0.030162805,0.030162805,0.030162805,0.030162805,0.030162805,,,
09/01/1950,0.031761272,0.031761272,0.031761272,0.031761272,0.031761272,0.031761272,,,
10/01/1950,0.03366082,0.03366082,0.03366082,0.03366082,0.03366082,0.03366082,,,
11/01/1950,0.035587143,0.035587143,0.035587143,0.035587143,0.035587143,0.035587143,,,
12/01/1950,0.036992244,0.036992244,0.036992244,0.036992244,0.036992244,0.036992244,,,
01/01/1951,0.036145811,0.036145811,0.036145811,0.036145811,0.036145811,0.036145811,,,
02/01/1951,0.034167316,0.034167316,0.034167316,0.034167316,0.034167316,0.034167316,,,
03/01/1951,0.031837254,0.031837254,0.031837254,0.031837254,0.031837254,0.031837254,,,
04/01/1951,0.029100266,0.029100266,0.029100266,0.029100266,0.029100266,0.029100266,,,
05/01/1951,0.026956092,0.026956092,0.026956092,0.026956092,0.026956092,0.026956092,,,
06/01/1951,0.028430846,0.028430846,0.028430846,0.028430846,0.028430846,0.028430846,,,
07/01/1951,0.030301727,0.030301727,0.030301727,0.030301727,0.030301727,0.030301727,,,
08/01/1951,0.032950791,0.032950791,0.032950791,0.032950791,0.032950791,0.032950791,,,
09/01/1951,0.035526891,0.035526891,0.035526891,0.035526891,0.035526891,0.035526891,,,
10/01/1951,0.037841835,0.037841835,0.037841835,0.037841835,0.037841835,0.037841835,,,
11/01/1951,0.040410631,0.040410631,0.040410631,0.040410631,0.040410631,0.040410631,,,
12/01/1951,0.042796377,0.042796377,0.042796377,0.042796377,0.042796377,0.042796377,,,
01/01/1952,0.042253749,0.042253749,0.042253749,0.042253749,0.042253749,0.042253749,,,
02/01/1952,0.04062698,0.04062698,0.04062698,0.04062698,0.04062698,0.04062698,,,
03/01/1952,0.038474543,0.038474543,0.038474543,0.038474543,0.038474543,0.038474543,,,
04/01/1952,0.036199759,0.036199759,0.036199759,0.036199759,0.036199759,0.036199759,,,
05/01/1952,0.034601947,0.034601947,0.034601947,0.034601947,0.034601947,0.034601947,,,
06/01/1952,0.035784215,0.035784215,0.035784215,0.035784215,0.035784215,0.035784215,,,
07/01/1952,0.037280391,0.037280391,0.037280391,0.037280391,0.037280391,0.037280391,,,
08/01/1952,0.039330177,0.039330177,0.039330177,0.039330177,0.039330177,0.039330177,,,
09/01/1952,0.041368713,0.041368713,0.041368713,0.041368713,0.041368713,0.041368713,,,
10/01/1952,0.044147345,0.044147345,0.044147345,0.044147345,0.044147345,0.044147345,,,
11/01/1952,0.046346069,0.046346069,0.046346069,0.046346069,0.046346069,0.046346069,,,
12/01/1952,0.04795678,0.04795678,0.04795678,0.04795678,0.04795678,0.04795678,,,
01/01/1953,0.044768116,0.044768116,0.044768116,0.044768116,0.044768116,0.044768116,,,
02/01/1953,0.039887839,0.039887839,0.039887839,0.039887839,0.039887839,0.039887839,,,
03/01/1953,0.036643294,0.036643294,0.036643294,0.036643294,0.036643294,0.036643294,,,
04/01/1953,0.03745621,0.03745621,0.03745621,0.03745621,0.03745621,0.03745621,,,
05/01/1953,0.03908161,0.03908161,0.03908161,0.03908161,0.03908161,0.03908161,,,
06/01/1953,0.040742329,0.040742329,0.040742329,0.040742329,0.040742329,0.040742329,,,
07/01/1953,0.042296375,0.042296375,0.042296375,0.042296375,0.042296375,0.042296375,,,
08/01/1953,0.044414334,0.044414334,0.044414334,0.044414334,0.044414334,0.044414334,,,
09/01/1953,0.046694428,0.046694428,0.046694428,0.046694428,0.046694428,0.046694428,,,
10/01/1953,0.049143402,0.049143402,0.049143402,0.049143402,0.049143402,0.049143402,,,
11/01/1953,0.051812151,0.051812151,0.051812151,0.051812151,0.051812151,0.051812151,,,
12/01/1953,0.054196179,0.054196179,0.054196179,0.054196179,0.054196179,0.054196179,,,
01/01/1954,0.056022832,0.056022832,0.056022832,0.056022832,0.056022832,0.056022832,,,
02/01/1954,0.057509134,0.057509134,0.057509134,0.057509134,0.057509134,0.057509134,,,
03/01/1954,0.05920886,0.05920886,0.05920886,0.05920886,0.05920886,0.05920886,,,
04/01/1954,0.061139997,0.061139997,0.061139997,0.061139997,0.061139997,0.061139997,,,
05/01/1954,0.063063727,0.063063727,0.063063727,0.063063727,0.063063727,0.063063727,,,
06/01/1954,0.064599597,0.064599597,0.064599597,0.064599597,0.064599597,0.064599597,,,
07/01/1954,0.066662359,0.066662359,0.066662359,0.066662359,0.066662359,0.066662359,,,
08/01/1954,0.06871345,0.06871345,0.06871345,0.06871345,0.06871345,0.06871345,,,
09/01/1954,0.070537261,0.070537261,0.070537261,0.070537261,0.070537261,0.070537261,,,
10/01/1954,0.072537349,0.072537349,0.072537349,0.072537349,0.072537349,0.072537349,,,
11/01/1954,0.073936381,0.073936381,0.073936381,0.073936381,0.073936381,0.073936381,,,
12/01/1954,0.074586125,0.074586125,0.074586125,0.074586125,0.074586125,0.074586125,,,
01/01/1955,0.07065379,0.07065379,0.07065379,0.07065379,0.07065379,0.07065379,,,
02/01/1955,0.065522698,0.065522698,0.065522698,0.065522698,0.065522698,0.065522698,,,
03/01/1955,0.059880665,0.059880665,0.059880665,0.059880665,0.059880665,0.059880665,,,
04/01/1955,0.056384921,0.056384921,0.056384921,0.056384921,0.056384921,0.056384921,,,
05/01/1955,0.055820648,0.055820648,0.055820648,0.055820648,0.055820648,0.055820648,,,
06/01/1955,0.056043655,0.056043655,0.056043655,0.056043655,0.056043655,0.056043655,,,
07/01/1955,0.05666326,0.05666326,0.05666326,0.05666326,0.05666326,0.05666326,,,
08/01/1955,0.057359311,0.057359311,0.057359311,0.057359311,0.057359311,0.057359311,,,
09/01/1955,0.058449159,0.058449159,0.058449159,0.058449159,0.058449159,0.058449159,,,
10/01/1955,0.059194745,0.059194745,0.059194745,0.059194745,0.059194745,0.059194745,,,
11/01/1955,0.059966193,0.059966193,0.059966193,0.059966193,0.059966193,0.059966193,,,
12/01/1955,0.060989928,0.060989928,0.060989928,0.060989928,0.060989928,0.060989928,,,
01/01/1956,0.058786146,0.058786146,0.058786146,0.058786146,0.058786146,0.058786146,,,
02/01/1956,0.055064238,0.055064238,0.055064238,0.055064238,0.055064238,0.055064238,,,
03/01/1956,0.05071166,0.05071166,0.05071166,0.05071166,0.05071166,0.05071166,,,
04/01/1956,0.046479085,0.046479085,0.046479085,0.046479085,0.046479085,0.046479085,,,
05/01/1956,0.044321826,0.044321826,0.044321826,0.044321826,0.044321826,0.044321826,,,
06/01/1956,0.043958634,0.043958634,0.043958634,0.043958634,0.043958634,0.043958634,,,
07/01/1956,0.043579125,0.043579125,0.043579125,0.043579125,0.043579125,0.043579125,,,
08/01/1956,0.043314945,0.043314945,0.043314945,0.043314945,0.043314945,0.043314945,,,
09/01/1956,0.043665421,0.043665421,0.043665421,0.043665421,0.043665421,0.043665421,,,
10/01/1956,0.043889086,0.043889086,0.043889086,0.043889086,0.043889086,0.043889086,,,
11/01/1956,0.044010761,0.044010761,0.044010761,0.044010761,0.044010761,0.044010761,,,
12/01/1956,0.04427102,0.04427102,0.04427102,0.04427102,0.04427102,0.04427102,,,
01/01/1957,0.04483935,0.04483935,0.04483935,0.04483935,0.04483935,0.04483935,,,
02/01/1957,0.044044345,0.044044345,0.044044345,0.044044345,0.044044345,0.044044345,,,
03/01/1957,0.041336554,0.041336554,0.041336554,0.041336554,0.041336554,0.041336554,,,
04/01/1957,0.038727782,0.038727782,0.038727782,0.038727782,0.038727782,0.038727782,,,
05/01/1957,0.037165492,0.037165492,0.037165492,0.037165492,0.037165492,0.037165492,,,
06/01/1957,0.037687861,0.037687861,0.037687861,0.037687861,0.037687861,0.037687861,,,
07/01/1957,0.038042316,0.038042316,0.038042316,0.038042316,0.038042316,0.038042316,,,
08/01/1957,0.038913776,0.038913776,0.038913776,0.038913776,0.038913776,0.038913776,,,
09/01/1957,0.039907125,0.039907125,0.039907125,0.039907125,0.039907125,0.039907125,,,
10/01/1957,0.040766775,0.040766775,0.040766775,0.040766775,0.040766775,0.040766775,,,
11/01/1957,0.041566522,0.041566522,0.041566522,0.041566522,0.041566522,0.041566522,,,
12/01/1957,0.042243319,0.042243319,0.042243319,0.042243319,0.042243319,0.042243319,,,
01/01/1958,0.042934558,0.042934558,0.042934558,0.042934558,0.042934558,0.042934558,,,
02/01/1958,0.042793341,0.042793341,0.042793341,0.042793341,0.042793341,0.042793341,,,
03/01/1958,0.04177126,0.04177126,0.04177126,0.04177126,0.04177126,0.04177126,,,
04/01/1958,0.040668429,0.040668429,0.040668429,0.040668429,0.040668429,0.040668429,,,
05/01/1958,0.040490722,0.040490722,0.040490722,0.040490722,0.040490722,0.040490722,,,
06/01/1958,0.040039305,0.040039305,0.040039305,0.040039305,0.040039305,0.040039305,,,
07/01/1958,0.039676421,0.039676421,0.039676421,0.039676421,0.039676421,0.039676421,,,
08/01/1958,0.039394739,0.039394739,0.039394739,0.039394739,0.039394739,0.039394739,,,
09/01/1958,0.039279457,0.039279457,0.039279457,0.039279457,0.039279457,0.039279457,,,
10/01/1958,0.038815629,0.038815629,0.038815629,0.038815629,0.038815629,0.038815629,,,
11/01/1958,0.038598187,0.038598187,0.038598187,0.038598187,0.038598187,0.038598187,,,
12/01/1958,0.038313068,0.038313068,0.038313068,0.038313068,0.038313068,0.038313068,,,
01/01/1959,0.038300435,0.038300435,0.038300435,0.038300435,0.038300435,0.038300435,,,
02/01/1959,0.038746434,0.038746434,0.038746434,0.038746434,0.038746434,0.038746434,,,
03/01/1959,0.037896626,0.037896626,0.037896626,0.037896626,0.037896626,0.037896626,,,
04/01/1959,0.035667436,0.035667436,0.035667436,0.035667436,0.035667436,0.035667436,,,
05/01/1959,0.034213777,0.034213777,0.034213777,0.034213777,0.034213777,0.034213777,,,
06/01/1959,0.034584892,0.034584892,0.034584892,0.034584892,0.034584892,0.034584892,,,
07/01/1959,0.036037074,0.036037074,0.036037074,0.036037074,0.036037074,0.036037074,,,
08/01/1959,0.037546578,0.037546578,0.037546578,0.037546578,0.037546578,0.037546578,,,
09/01/1959,0.039321127,0.039321127,0.039321127,0.039321127,0.039321127,0.039321127,,,
10/01/1959,0.040552723,0.040552723,0.040552723,0.040552723,0.040552723,0.040552723,,,
11/01/1959,0.042030907,0.042030907,0.042030907,0.042030907,0.042030907,0.042030907,,,
12/01/1959,0.043815987,0.043815987,0.043815987,0.043815987,0.043815987,0.043815987,,,
01/01/1960,0.045728294,0.045728294,0.045728294,0.045728294,0.045728294,0.045728294,,,
02/01/1960,0.045288447,0.045288447,0.045288447,0.045288447,0.045288447,0.045288447,,,
03/01/1960,0.041721015,0.041721015,0.041721015,0.041721015,0.041721015,0.041721015,,,
04/01/1960,0.037658601,0.037658601,0.037658601,0.037658601,0.037658601,0.037658601,,,
05/01/1960,0.035653974,0.035653974,0.035653974,0.035653974,0.035653974,0.035653974,,,
06/01/1960,0.036368373,0.036368373,0.036368373,0.036368373,0.036368373,0.036368373,,,
07/01/1960,0.03711341,0.03711341,0.03711341,0.03711341,0.03711341,0.03711341,,,
08/01/1960,0.038012795,0.038012795,0.038012795,0.038012795,0.038012795,0.038012795,,,
09/01/1960,0.039044513,0.039044513,0.039044513,0.039044513,0.039044513,0.039044513,,,
10/01/1960,0.039893693,0.039893693,0.039893693,0.039893693,0.039893693,0.039893693,,,
11/01/1960,0.04087286,0.04087286,0.04087286,0.04087286,0.04087286,0.04087286,,,
12/01/1960,0.041860531,0.041860531,0.041860531,0.041860531,0.041860531,0.041860531,,,
01/01/1961,0.042624377,0.042624377,0.042624377,0.042624377,0.042624377,0.042624377,,,
02/01/1961,0.043342484,0.043342484,0.043342484,0.043342484,0.043342484,0.043342484,,,
03/01/1961,0.044263838,0.044263838,0.044263838,0.044263838,0.044263838,0.044263838,,,
04/01/1961,0.045314022,0.045314022,0.045314022,0.045314022,0.045314022,0.045314022,,,
05/01/1961,0.046643062,0.046643062,0.046643062,0.046643062,0.046643062,0.046643062,,,
06/01/1961,0.048788656,0.048788656,0.048788656,0.048788656,0.048788656,0.048788656,,,
07/01/1961,0.051060609,0.051060609,0.051060609,0.051060609,0.051060609,0.051060609,,,
08/01/1961,0.053027215,0.053027215,0.053027215,0.053027215,0.053027215,0.053027215,,,
09/01/1961,0.055165195,0.055165195,0.055165195,0.055165195,0.055165195,0.055165195,,,
10/01/1961,0.05744002,0.05744002,0.05744002,0.05744002,0.05744002,0.05744002,,,
11/01/1961,0.059997368,0.059997368,0.059997368,0.059997368,0.059997368,0.059997368,,,
12/01/1961,0.061992028,0.061992028,0.061992028,0.061992028,0.061992028,0.061992028,,,
01/01/1962,0.064658467,0.064658467,0.064658467,0.064658467,0.064658467,0.064658467,,,
02/01/1962,0.06623957,0.06623957,0.06623957,0.06623957,0.06623957,0.06623957,,,
03/01/1962,0.066253988,0.066253988,0.066253988,0.066253988,0.066253988,0.066253988,,,
04/01/1962,0.066671586,0.066671586,0.066671586,0.066671586,0.066671586,0.066671586,,,
05/01/1962,0.065932122,0.065932122,0.065932122,0.065932122,0.065932122,0.065932122,,,
06/01/1962,0.065079244,0.065079244,0.065079244,0.065079244,0.065079244,0.065079244,,,
07/01/1962,0.063917443,0.063917443,0.063917443,0.063917443,0.063917443,0.063917443,,,
08/01/1962,0.062801031,0.062801031,0.062801031,0.062801031,0.062801031,0.062801031,,,
09/01/1962,0.061551847,0.061551847,0.061551847,0.061551847,0.061551847,0.061551847,,,
10/01/1962,0.060383878,0.060383878,0.060383878,0.060383878,0.060383878,0.060383878,,,
11/01/1962,0.059211124,0.059211124,0.059211124,0.059211124,0.059211124,0.059211124,,,
12/01/1962,0.058124901,0.058124901,0.058124901,0.058124901,0.058124901,0.058124901,,,
01/01/1963,0.057005859,0.057005859,0.057005859,0.057005859,0.057005859,0.057005859,,,
02/01/1963,0.055876707,0.055876707,0.055876707,0.055876707,0.055876707,0.055876707,,,
03/01/1963,0.054775307,0.054775307,0.054775307,0.054775307,0.054775307,0.054775307,,,
04/01/1963,0.053600467,0.053600467,0.053600467,0.053600467,0.053600467,0.053600467,,,
05/01/1963,0.053300113,0.053300113,0.053300113,0.053300113,0.053300113,0.053300113,,,
06/01/1963,0.053018178,0.053018178,0.053018178,0.053018178,0.053018178,0.053018178,,,
07/01/1963,0.053208172,0.053208172,0.053208172,0.053208172,0.053208172,0.053208172,,,
08/01/1963,0.053791022,0.053791022,0.053791022,0.053791022,0.053791022,0.053791022,,,
09/01/1963,0.053757584,0.053757584,0.053757584,0.053757584,0.053757584,0.053757584,,,
10/01/1963,0.053984231,0.053984231,0.053984231,0.053984231,0.053984231,0.053984231,,,
11/01/1963,0.054266241,0.054266241,0.054266241,0.054266241,0.054266241,0.054266241,,,
12/01/1963,0.054695133,0.054695133,0.054695133,0.054695133,0.054695133,0.054695133,,,
01/01/1964,0.055093737,0.055093737,0.055093737,0.055093737,0.055093737,0.055093737,,,
02/01/1964,0.05534556,0.05534556,0.05534556,0.05534556,0.05534556,0.05534556,,,
03/01/1964,0.056022785,0.056022785,0.056022785,0.056022785,0.056022785,0.056022785,,,
04/01/1964,0.05708924,0.05708924,0.05708924,0.05708924,0.05708924,0.05708924,,,
05/01/1964,0.061167898,0.061167898,0.061167898,0.061167898,0.061167898,0.061167898,,,
06/01/1964,0.06575534,0.06575534,0.06575534,0.06575534,0.06575534,0.06575534,,,
07/01/1964,0.070920247,0.070920247,0.070920247,0.070920247,0.070920247,0.070920247,,,
08/01/1964,0.076248429,0.076248429,0.076248429,0.076248429,0.076248429,0.076248429,,,
09/01/1964,0.081381295,0.081381295,0.081381295,0.081381295,0.081381295,0.081381295,,,
10/01/1964,0.087302667,0.087302667,0.087302667,0.087302667,0.087302667,0.087302667,,,
11/01/1964,0.092960702,0.092960702,0.092960702,0.092960702,0.092960702,0.092960702,,,
12/01/1964,0.095755306,0.095755306,0.095755306,0.095755306,0.095755306,0.095755306,,,
01/01/1965,0.092091091,0.092091091,0.092091091,0.092091091,0.092091091,0.092091091,,,
02/01/1965,0.086561988,0.086561988,0.086561988,0.086561988,0.086561988,0.086561988,,,
03/01/1965,0.079995849,0.079995849,0.079995849,0.079995849,0.079995849,0.079995849,,,
04/01/1965,0.074120941,0.074120941,0.074120941,0.074120941,0.074120941,0.074120941,,,
05/01/1965,0.072394001,0.072394001,0.072394001,0.072394001,0.072394001,0.072394001,,,
06/01/1965,0.070824314,0.070824314,0.070824314,0.070824314,0.070824314,0.070824314,,,
07/01/1965,0.069153873,0.069153873,0.069153873,0.069153873,0.069153873,0.069153873,,,
08/01/1965,0.067746768,0.067746768,0.067746768,0.067746768,0.067746768,0.067746768,,,
09/01/1965,0.06644543,0.06644543,0.06644543,0.06644543,0.06644543,0.06644543,,,
10/01/1965,0.065222596,0.065222596,0.065222596,0.065222596,0.065222596,0.065222596,,,
11/01/1965,0.064289882,0.064289882,0.064289882,0.064289882,0.064289882,0.064289882,,,
12/01/1965,0.062883897,0.062883897,0.062883897,0.062883897,0.062883897,0.062883897,,,
01/01/1966,0.061617331,0.061617331,0.061617331,0.061617331,0.061617331,0.061617331,,,
02/01/1966,0.060045116,0.060045116,0.060045116,0.060045116,0.060045116,0.060045116,,,
03/01/1966,0.058845495,0.058845495,0.058845495,0.058845495,0.058845495,0.058845495,,,
04/01/1966,0.058017075,0.058017075,0.058017075,0.058017075,0.058017075,0.058017075,,,
05/01/1966,0.058014389,0.058014389,0.058014389,0.058014389,0.058014389,0.058014389,,,
06/01/1966,0.05803708,0.05803708,0.05803708,0.05803708,0.05803708,0.05803708,,,
07/01/1966,0.058373379,0.058373379,0.058373379,0.058373379,0.058373379,0.058373379,,,
08/01/1966,0.059050367,0.059050367,0.059050367,0.059050367,0.059050367,0.059050367,,,
09/01/1966,0.059495697,0.059495697,0.059495697,0.059495697,0.059495697,0.059495697,,,
10/01/1966,0.059832181,0.059832181,0.059832181,0.059832181,0.059832181,0.059832181,,,
11/01/1966,0.060465252,0.060465252,0.060465252,0.060465252,0.060465252,0.060465252,,,
12/01/1966,0.061308348,0.061308348,0.061308348,0.061308348,0.061308348,0.061308348,,,
01/01/1967,0.061615408,0.061615408,0.061615408,0.061615408,0.061615408,0.061615408,,,
02/01/1967,0.061986196,0.061986196,0.061986196,0.061986196,0.061986196,0.061986196,,,
03/01/1967,0.062227104,0.062227104,0.062227104,0.062227104,0.062227104,0.062227104,,,
04/01/1967,0.062708537,0.062708537,0.062708537,0.062708537,0.062708537,0.062708537,,,
05/01/1967,0.062390849,0.062390849,0.062390849,0.062390849,0.062390849,0.062390849,,,
06/01/1967,0.061719427,0.061719427,0.061719427,0.061719427,0.061719427,0.061719427,,,
07/01/1967,0.061135121,0.061135121,0.061135121,0.061135121,0.061135121,0.061135121,,,
08/01/1967,0.0607058,0.0607058,0.0607058,0.0607058,0.0607058,0.0607058,,,
09/01/1967,0.060056636,0.060056636,0.060056636,0.060056636,0.060056636,0.060056636,,,
10/01/1967,0.059165788,0.059165788,0.059165788,0.059165788,0.059165788,0.059165788,,,
11/01/1967,0.058321564,0.058321564,0.058321564,0.058321564,0.058321564,0.058321564,,,
12/01/1967,0.057652016,0.057652016,0.057652016,0.057652016,0.057652016,0.057652016,,,
01/01/1968,0.057145435,0.057145435,0.057145435,0.057145435,0.057145435,0.057145435,,,
02/01/1968,0.056565532,0.056565532,0.056565532,0.056565532,0.056565532,0.056565532,,,
03/01/1968,0.056026025,0.056026025,0.056026025,0.056026025,0.056026025,0.056026025,,,
04/01/1968,0.055491056,0.055491056,0.055491056,0.055491056,0.055491056,0.055491056,,,
05/01/1968,0.056204721,0.056204721,0.056204721,0.056204721,0.056204721,0.056204721,,,
06/01/1968,0.057123586,0.057123586,0.057123586,0.057123586,0.057123586,0.057123586,,,
07/01/1968,0.058139382,0.058139382,0.058139382,0.058139382,0.058139382,0.058139382,,,
08/01/1968,0.058819391,0.058819391,0.058819391,0.058819391,0.058819391,0.058819391,,,
09/01/1968,0.059503587,0.059503587,0.059503587,0.059503587,0.059503587,0.059503587,,,
10/01/1968,0.060429094,0.060429094,0.060429094,0.060429094,0.060429094,0.060429094,,,
11/01/1968,0.061293326,0.061293326,0.061293326,0.061293326,0.061293326,0.061293326,,,
12/01/1968,0.06218262,0.06218262,0.06218262,0.06218262,0.06218262,0.06218262,,,
01/01/1969,0.063279844,0.063279844,0.063279844,0.063279844,0.063279844,0.063279844,,,
02/01/1969,0.064406639,0.064406639,0.064406639,0.064406639,0.064406639,0.064406639,,,
03/01/1969,0.06567826,0.06567826,0.06567826,0.06567826,0.06567826,0.06567826,,,
04/01/1969,0.066648233,0.066648233,0.066648233,0.066648233,0.066648233,0.066648233,,,
05/01/1969,0.066311947,0.066311947,0.066311947,0.066311947,0.066311947,0.066311947,,,
06/01/1969,0.065811096,0.065811096,0.065811096,0.065811096,0.065811096,0.065811096,,,
07/01/1969,0.065231625,0.065231625,0.065231625,0.065231625,0.065231625,0.065231625,,,
08/01/1969,0.064776954,0.064776954,0.064776954,0.064776954,0.064776954,0.064776954,,,
09/01/1969,0.064266348,0.064266348,0.064266348,0.064266348,0.064266348,0.064266348,,,
10/01/1969,0.063569042,0.063569042,0.063569042,0.063569042,0.063569042,0.063569042,,,
11/01/1969,0.062689489,0.062689489,0.062689489,0.062689489,0.062689489,0.062689489,,,
12/01/1969,0.061734605,0.061734605,0.061734605,0.061734605,0.061734605,0.061734605,,,
01/01/1970,0.061104426,0.061104426,0.061104426,0.061104426,0.061104426,0.061104426,,,
02/01/1970,0.060071202,0.060071202,0.060071202,0.060071202,0.060071202,0.060071202,,,
03/01/1970,0.058990704,0.058990704,0.058990704,0.058990704,0.058990704,0.058990704,,,
04/01/1970,0.057990684,0.057990684,0.057990684,0.057990684,0.057990684,0.057990684,,,
05/01/1970,0.058402003,0.058402003,0.058402003,0.058402003,0.058402003,0.058402003,,,
06/01/1970,0.05928457,0.05928457,0.05928457,0.05928457,0.05928457,0.05928457,,,
07/01/1970,0.060531654,0.060531654,0.060531654,0.060531654,0.060531654,0.060531654,,,
08/01/1970,0.061963733,0.061963733,0.061963733,0.061963733,0.061963733,0.061963733,,,
09/01/1970,0.063253174,0.063253174,0.063253174,0.063253174,0.063253174,0.063253174,,,
10/01/1970,0.06451344,0.06451344,0.06451344,0.06451344,0.06451344,0.06451344,,,
11/01/1970,0.0660634,0.0660634,0.0660634,0.0660634,0.0660634,0.0660634,,,
12/01/1970,0.067371609,0.067371609,0.067371609,0.067371609,0.067371609,0.067371609,,,
01/01/1971,0.067677228,0.067677228,0.067677228,0.067677228,0.067677228,0.067677228,,,
02/01/1971,0.066776537,0.066776537,0.066776537,0.066776537,0.066776537,0.066776537,,,
03/01/1971,0.0657613,0.0657613,0.0657613,0.0657613,0.0657613,0.0657613,,,
04/01/1971,0.064991591,0.064991591,0.064991591,0.064991591,0.064991591,0.064991591,,,
05/01/1971,0.066080508,0.066080508,0.066080508,0.066080508,0.066080508,0.066080508,,,
06/01/1971,0.066768451,0.066768451,0.066768451,0.066768451,0.066768451,0.066768451,,,
07/01/1971,0.067738804,0.067738804,0.067738804,0.067738804,0.067738804,0.067738804,,,
08/01/1971,0.068745384,0.068745384,0.068745384,0.068745384,0.068745384,0.068745384,,,
09/01/1971,0.069748693,0.069748693,0.069748693,0.069748693,0.069748693,0.069748693,,,
10/01/1971,0.070620237,0.070620237,0.070620237,0.070620237,0.070620237,0.070620237,,,
11/01/1971,0.071582029,0.071582029,0.071582029,0.071582029,0.071582029,0.071582029,,,
12/01/1971,0.072446597,0.072446597,0.072446597,0.072446597,0.072446597,0.072446597,,,
01/01/1972,0.071629696,0.071629696,0.071629696,0.071629696,0.071629696,0.071629696,,,
02/01/1972,0.068556172,0.068556172,0.068556172,0.068556172,0.068556172,0.068556172,,,
03/01/1972,0.064903912,0.064903912,0.064903912,0.064903912,0.064903912,0.064903912,,,
04/01/1972,0.062312186,0.062312186,0.062312186,0.062312186,0.062312186,0.062312186,,,
05/01/1972,0.065351738,0.065351738,0.065351738,0.065351738,0.065351738,0.065351738,,,
06/01/1972,0.069453049,0.069453049,0.069453049,0.069453049,0.069453049,0.069453049,,,
07/01/1972,0.073879544,0.073879544,0.073879544,0.073879544,0.073879544,0.073879544,,,
08/01/1972,0.07850073,0.07850073,0.07850073,0.07850073,0.07850073,0.07850073,,,
09/01/1972,0.083230083,0.083230083,0.083230083,0.083230083,0.083230083,0.083230083,,,
10/01/1972,0.088006077,0.088006077,0.088006077,0.088006077,0.088006077,0.088006077,,,
11/01/1972,0.092711409,0.092711409,0.092711409,0.092711409,0.092711409,0.092711409,,,
12/01/1972,0.095763663,0.095763663,0.095763663,0.095763663,0.095763663,0.095763663,,,
01/01/1973,0.091845336,0.091845336,0.091845336,0.091845336,0.091845336,0.091845336,,,
02/01/1973,0.08640198,0.08640198,0.08640198,0.08640198,0.08640198,0.08640198,,,
03/01/1973,0.080324567,0.080324567,0.080324567,0.080324567,0.080324567,0.080324567,,,
04/01/1973,0.07525934,0.07525934,0.07525934,0.07525934,0.07525934,0.07525934,,,
05/01/1973,0.075837925,0.075837925,0.075837925,0.075837925,0.075837925,0.075837925,,,
06/01/1973,0.077530191,0.077530191,0.077530191,0.077530191,0.077530191,0.077530191,,,
07/01/1973,0.079800528,0.079800528,0.079800528,0.079800528,0.079800528,0.079800528,,,
08/01/1973,0.082446678,0.082446678,0.082446678,0.082446678,0.082446678,0.082446678,,,
09/01/1973,0.085483884,0.085483884,0.085483884,0.085483884,0.085483884,0.085483884,,,
10/01/1973,0.088597402,0.088597402,0.088597402,0.088597402,0.088597402,0.088597402,,,
11/01/1973,0.091675292,0.091675292,0.091675292,0.091675292,0.091675292,0.091675292,,,
12/01/1973,0.093991945,0.093991945,0.093991945,0.093991945,0.093991945,0.093991945,,,
01/01/1974,0.09125541,0.09125541,0.09125541,0.09125541,0.09125541,0.09125541,,,
02/01/1974,0.087502695,0.087502695,0.087502695,0.087502695,0.087502695,0.087502695,,,
03/01/1974,0.082754364,0.082754364,0.082754364,0.082754364,0.082754364,0.082754364,,,
04/01/1974,0.079298226,0.079298226,0.079298226,0.079298226,0.079298226,0.079298226,,,
05/01/1974,0.080164489,0.080164489,0.080164489,0.080164489,0.080164489,0.080164489,,,
06/01/1974,0.081287169,0.081287169,0.081287169,0.081287169,0.081287169,0.081287169,,,
07/01/1974,0.082185608,0.082185608,0.082185608,0.082185608,0.082185608,0.082185608,,,
08/01/1974,0.083875302,0.083875302,0.083875302,0.083875302,0.083875302,0.083875302,,,
09/01/1974,0.085444742,0.085444742,0.085444742,0.085444742,0.085444742,0.085444742,,,
10/01/1974,0.087284996,0.087284996,0.087284996,0.087284996,0.087284996,0.087284996,,,
11/01/1974,0.088866047,0.088866047,0.088866047,0.088866047,0.088866047,0.088866047,,,
12/01/1974,0.090001791,0.090001791,0.090001791,0.090001791,0.090001791,0.090001791,,,
01/01/1975,0.089597326,0.089597326,0.089597326,0.089597326,0.089597326,0.089597326,,,
02/01/1975,0.088702724,0.088702724,0.088702724,0.088702724,0.088702724,0.088702724,,,
03/01/1975,0.087809159,0.087809159,0.087809159,0.087809159,0.087809159,0.087809159,,,
04/01/1975,0.087548062,0.087548062,0.087548062,0.087548062,0.087548062,0.087548062,,,
05/01/1975,0.08804821,0.08804821,0.08804821,0.08804821,0.08804821,0.08804821,,,
06/01/1975,0.088789697,0.088789697,0.088789697,0.088789697,0.088789697,0.088789697,,,
07/01/1975,0.089702958,0.089702958,0.089702958,0.089702958,0.089702958,0.089702958,,,
08/01/1975,0.090524728,0.090524728,0.090524728,0.090524728,0.090524728,0.090524728,,,
09/01/1975,0.091337719,0.091337719,0.091337719,0.091337719,0.091337719,0.091337719,,,
10/01/1975,0.092157618,0.092157618,0.092157618,0.092157618,0.092157618,0.092157618,,,
11/01/1975,0.09350316,0.09350316,0.09350316,0.09350316,0.09350316,0.09350316,,,
12/01/1975,0.094491587,0.094491587,0.094491587,0.094491587,0.094491587,0.094491587,,,
01/01/1976,0.094549758,0.094549758,0.094549758,0.094549758,0.094549758,0.094549758,,,
02/01/1976,0.094824262,0.094824262,0.094824262,0.094824262,0.094824262,0.094824262,,,
03/01/1976,0.094912692,0.094912692,0.094912692,0.094912692,0.094912692,0.094912692,,,
04/01/1976,0.096059234,0.096059234,0.096059234,0.096059234,0.096059234,0.096059234,,,
05/01/1976,0.097490454,0.097490454,0.097490454,0.097490454,0.097490454,0.097490454,,,
06/01/1976,0.099383361,0.099383361,0.099383361,0.099383361,0.099383361,0.099383361,,,
07/01/1976,0.10097366,0.10097366,0.10097366,0.10097366,0.10097366,0.10097366,,,
08/01/1976,0.102760782,0.102760782,0.102760782,0.102760782,0.102760782,0.102760782,,,
09/01/1976,0.10417287,0.10417287,0.10417287,0.10417287,0.10417287,0.10417287,,,
10/01/1976,0.105087968,0.105087968,0.105087968,0.105087968,0.105087968,0.105087968,,,
11/01/1976,0.105573532,0.105573532,0.105573532,0.105573532,0.105573532,0.105573532,,,
12/01/1976,0.106032779,0.106032779,0.106032779,0.106032779,0.106032779,0.106032779,,,
01/01/1977,0.105557729,0.105557729,0.105557729,0.105557729,0.105557729,0.105557729,,,
02/01/1977,0.104805178,0.104805178,0.104805178,0.104805178,0.104805178,0.104805178,,,
03/01/1977,0.103870634,0.103870634,0.103870634,0.103870634,0.103870634,0.103870634,,,
04/01/1977,0.104698847,0.104698847,0.104698847,0.104698847,0.104698847,0.104698847,,,
05/01/1977,0.106366518,0.106366518,0.106366518,0.106366518,0.106366518,0.106366518,,,
06/01/1977,0.108287763,0.108287763,0.108287763,0.108287763,0.108287763,0.108287763,,,
07/01/1977,0.1099878,0.1099878,0.1099878,0.1099878,0.1099878,0.1099878,,,
08/01/1977,0.111781589,0.111781589,0.111781589,0.111781589,0.111781589,0.111781589,,,
09/01/1977,0.113695176,0.113695176,0.113695176,0.113695176,0.113695176,0.113695176,,,
10/01/1977,0.11507444,0.11507444,0.11507444,0.11507444,0.11507444,0.11507444,,,
11/01/1977,0.115990664,0.115990664,0.115990664,0.115990664,0.115990664,0.115990664,,,
12/01/1977,0.116849605,0.116849605,0.116849605,0.116849605,0.116849605,0.116849605,,,
01/01/1978,0.117012676,0.117012676,0.117012676,0.117012676,0.117012676,0.117012676,,,
02/01/1978,0.11714233,0.11714233,0.11714233,0.11714233,0.11714233,0.11714233,,,
03/01/1978,0.117061885,0.117061885,0.117061885,0.117061885,0.117061885,0.117061885,,,
04/01/1978,0.117298745,0.117298745,0.117298745,0.117298745,0.117298745,0.117298745,,,
05/01/1978,0.117991225,0.117991225,0.117991225,0.117991225,0.117991225,0.117991225,,,
06/01/1978,0.118299132,0.118299132,0.118299132,0.118299132,0.118299132,0.118299132,,,
07/01/1978,0.118558356,0.118558356,0.118558356,0.118558356,0.118558356,0.118558356,,,
08/01/1978,0.119029096,0.119029096,0.119029096,0.119029096,0.119029096,0.119029096,,,
09/01/1978,0.119094008,0.119094008,0.119094008,0.119094008,0.119094008,0.119094008,,,
10/01/1978,0.118100372,0.118100372,0.118100372,0.118100372,0.118100372,0.118100372,,,
11/01/1978,0.116651725,0.116651725,0.116651725,0.116651725,0.116651725,0.116651725,,,
12/01/1978,0.115009407,0.115009407,0.115009407,0.115009407,0.115009407,0.115009407,,,
01/01/1979,0.112093848,0.112093848,0.112093848,0.112093848,0.112093848,0.112093848,,,
02/01/1979,0.109175667,0.109175667,0.109175667,0.109175667,0.109175667,0.109175667,,,
03/01/1979,0.106742673,0.106742673,0.106742673,0.106742673,0.106742673,0.106742673,,,
04/01/1979,0.105326856,0.105326856,0.105326856,0.105326856,0.105326856,0.105326856,,,
05/01/1979,0.104872054,0.104872054,0.104872054,0.104872054,0.104872054,0.104872054,,,
06/01/1979,0.10446558,0.10446558,0.10446558,0.10446558,0.10446558,0.10446558,,,
07/01/1979,0.104390008,0.104390008,0.104390008,0.104390008,0.104390008,0.104390008,,,
08/01/1979,0.10407974,0.10407974,0.10407974,0.10407974,0.10407974,0.10407974,,,
09/01/1979,0.104141005,0.104141005,0.104141005,0.104141005,0.104141005,0.104141005,,,
10/01/1979,0.104314313,0.104314313,0.104314313,0.104314313,0.104314313,0.104314313,,,
11/01/1979,0.104482397,0.104482397,0.104482397,0.104482397,0.104482397,0.104482397,,,
12/01/1979,0.103750748,0.103750748,0.103750748,0.103750748,0.103750748,0.103750748,,,
01/01/1980,0.102483683,0.102483683,0.102483683,0.102483683,0.102483683,0.102483683,,,
02/01/1980,0.101214327,0.101214327,0.101214327,0.101214327,0.101214327,0.101214327,,,
03/01/1980,0.099830903,0.099830903,0.099830903,0.099830903,0.099830903,0.099830903,,,
04/01/1980,0.098888729,0.098888729,0.098888729,0.098888729,0.098888729,0.098888729,,,
05/01/1980,0.097904906,0.097904906,0.097904906,0.097904906,0.097904906,0.097904906,,,
06/01/1980,0.096767775,0.096767775,0.096767775,0.096767775,0.096767775,0.096767775,,,
07/01/1980,0.095774599,0.095774599,0.095774599,0.095774599,0.095774599,0.095774599,,,
08/01/1980,0.094853119,0.094853119,0.094853119,0.094853119,0.094853119,0.094853119,,,
09/01/1980,0.094297131,0.094297131,0.094297131,0.094297131,0.094297131,0.094297131,,,
10/01/1980,0.093214105,0.093214105,0.093214105,0.093214105,0.093214105,0.093214105,,,
11/01/1980,0.091943884,0.091943884,0.091943884,0.091943884,0.091943884,0.091943884,,,
12/01/1980,0.090285051,0.090285051,0.090285051,0.090285051,0.090285051,0.090285051,,,
01/01/1981,0.088428804,0.088428804,0.088428804,0.088428804,0.088428804,0.088428804,,,
02/01/1981,0.086553273,0.086553273,0.086553273,0.086553273,0.086553273,0.086553273,,,
03/01/1981,0.084805501,0.084805501,0.084805501,0.084805501,0.084805501,0.084805501,,,
04/01/1981,0.085008021,0.085008021,0.085008021,0.085008021,0.085008021,0.085008021,,,
05/01/1981,0.088387606,0.088387606,0.088387606,0.088387606,0.088387606,0.088387606,,,
06/01/1981,0.09237828,0.09237828,0.09237828,0.09237828,0.09237828,0.09237828,,,
07/01/1981,0.096966706,0.096966706,0.096966706,0.096966706,0.096966706,0.096966706,,,
08/01/1981,0.101898265,0.101898265,0.101898265,0.101898265,0.101898265,0.101898265,,,
09/01/1981,0.106653079,0.106653079,0.106653079,0.106653079,0.106653079,0.106653079,,,
10/01/1981,0.111664414,0.111664414,0.111664414,0.111664414,0.111664414,0.111664414,,,
11/01/1981,0.116598273,0.116598273,0.116598273,0.116598273,0.116598273,0.116598273,,,
12/01/1981,0.117140453,0.117140453,0.117140453,0.117140453,0.117140453,0.117140453,,,
01/01/1982,0.109960161,0.109960161,0.109960161,0.109960161,0.109960161,0.109960161,,,
02/01/1982,0.100781395,0.100781395,0.100781395,0.100781395,0.100781395,0.100781395,,,
03/01/1982,0.091259558,0.091259558,0.091259558,0.091259558,0.091259558,0.091259558,,,
04/01/1982,0.0884262,0.0884262,0.0884262,0.0884262,0.0884262,0.0884262,,,
05/01/1982,0.089000851,0.089000851,0.089000851,0.089000851,0.089000851,0.089000851,,,
06/01/1982,0.090088321,0.090088321,0.090088321,0.090088321,0.090088321,0.090088321,,,
07/01/1982,0.091321958,0.091321958,0.091321958,0.091321958,0.091321958,0.091321958,,,
08/01/1982,0.093054236,0.093054236,0.093054236,0.093054236,0.093054236,0.093054236,,,
09/01/1982,0.094345912,0.094345912,0.094345912,0.094345912,0.094345912,0.094345912,,,
10/01/1982,0.096264451,0.096264451,0.096264451,0.096264451,0.096264451,0.096264451,,,
11/01/1982,0.098442135,0.098442135,0.098442135,0.098442135,0.098442135,0.098442135,,,
12/01/1982,0.09816291,0.09816291,0.09816291,0.09816291,0.09816291,0.09816291,,,
01/01/1983,0.093765843,0.093765843,0.093765843,0.093765843,0.093765843,0.093765843,,,
02/01/1983,0.088512611,0.088512611,0.088512611,0.088512611,0.088512611,0.088512611,,,
03/01/1983,0.083155752,0.083155752,0.083155752,0.083155752,0.083155752,0.083155752,,,
04/01/1983,0.08072188,0.08072188,0.08072188,0.08072188,0.08072188,0.08072188,,,
05/01/1983,0.080135019,0.080135019,0.080135019,0.080135019,0.080135019,0.080135019,,,
06/01/1983,0.07972724,0.07972724,0.07972724,0.07972724,0.07972724,0.07972724,,,
07/01/1983,0.079814202,0.079814202,0.079814202,0.079814202,0.079814202,0.079814202,,,
08/01/1983,0.079580164,0.079580164,0.079580164,0.079580164,0.079580164,0.079580164,,,
09/01/1983,0.07953534,0.07953534,0.07953534,0.07953534,0.07953534,0.07953534,,,
10/01/1983,0.080033682,0.080033682,0.080033682,0.080033682,0.080033682,0.080033682,,,
11/01/1983,0.080424474,0.080424474,0.080424474,0.080424474,0.080424474,0.080424474,,,
12/01/1983,0.080352388,0.080352388,0.080352388,0.080352388,0.080352388,0.080352388,,,
01/01/1984,0.079467541,0.079467541,0.079467541,0.079467541,0.079467541,0.079467541,,,
02/01/1984,0.077617934,0.077617934,0.077617934,0.077617934,0.077617934,0.077617934,,,
03/01/1984,0.075413562,0.075413562,0.075413562,0.075413562,0.075413562,0.075413562,,,
04/01/1984,0.074774734,0.074774734,0.074774734,0.074774734,0.074774734,0.074774734,,,
05/01/1984,0.076241816,0.076241816,0.076241816,0.076241816,0.076241816,0.076241816,,,
06/01/1984,0.077858877,0.077858877,0.077858877,0.077858877,0.077858877,0.077858877,,,
07/01/1984,0.080073577,0.080073577,0.080073577,0.080073577,0.080073577,0.080073577,,,
08/01/1984,0.082392311,0.082392311,0.082392311,0.082392311,0.082392311,0.082392311,,,
09/01/1984,0.084634877,0.084634877,0.084634877,0.084634877,0.084634877,0.084634877,,,
10/01/1984,0.087327028,0.087327028,0.087327028,0.087327028,0.087327028,0.087327028,,,
11/01/1984,0.089665101,0.089665101,0.089665101,0.089665101,0.089665101,0.089665101,,,
12/01/1984,0.09140246,0.09140246,0.09140246,0.09140246,0.09140246,0.09140246,,,
01/01/1985,0.092179308,0.092179308,0.092179308,0.092179308,0.092179308,0.092179308,,,
02/01/1985,0.091317256,0.091317256,0.091317256,0.091317256,0.091317256,0.091317256,,,
03/01/1985,0.089921125,0.089921125,0.089921125,0.089921125,0.089921125,0.089921125,,,
04/01/1985,0.09008183,0.09008183,0.09008183,0.09008183,0.09008183,0.09008183,,,
05/01/1985,0.092840185,0.092840185,0.092840185,0.092840185,0.092840185,0.092840185,,,
06/01/1985,0.096047071,0.096047071,0.096047071,0.096047071,0.096047071,0.096047071,,,
07/01/1985,0.099205315,0.099205315,0.099205315,0.099205315,0.099205315,0.099205315,,,
08/01/1985,0.102327872,0.102327872,0.102327872,0.102327872,0.102327872,0.102327872,,,
09/01/1985,0.105664032,0.105664032,0.105664032,0.105664032,0.105664032,0.105664032,,,
10/01/1985,0.109312903,0.109312903,0.109312903,0.109312903,0.109312903,0.109312903,,,
11/01/1985,0.112687568,0.112687568,0.112687568,0.112687568,0.112687568,0.112687568,,,
12/01/1985,0.114292631,0.114292631,0.114292631,0.114292631,0.114292631,0.114292631,,,
01/01/1986,0.111147275,0.111147275,0.111147275,0.111147275,0.111147275,0.111147275,,,
02/01/1986,0.107050822,0.107050822,0.107050822,0.107050822,0.107050822,0.107050822,,,
03/01/1986,0.102429979,0.102429979,0.102429979,0.102429979,0.102429979,0.102429979,,,
04/01/1986,0.100557419,0.100557419,0.100557419,0.100557419,0.100557419,0.100557419,,,
05/01/1986,0.100921486,0.100921486,0.100921486,0.100921486,0.100921486,0.100921486,,,
06/01/1986,0.101370691,0.101370691,0.101370691,0.101370691,0.101370691,0.101370691,,,
07/01/1986,0.101838296,0.101838296,0.101838296,0.101838296,0.101838296,0.101838296,,,
08/01/1986,0.102573127,0.102573127,0.102573127,0.102573127,0.102573127,0.102573127,,,
09/01/1986,0.103219682,0.103219682,0.103219682,0.103219682,0.103219682,0.103219682,,,
10/01/1986,0.103873273,0.103873273,0.103873273,0.103873273,0.103873273,0.103873273,,,
11/01/1986,0.104592843,0.104592843,0.104592843,0.104592843,0.104592843,0.104592843,,,
12/01/1986,0.102996768,0.102996768,0.102996768,0.102996768,0.102996768,0.102996768,,,
01/01/1987,0.099179009,0.099179009,0.099179009,0.099179009,0.099179009,0.099179009,,,
02/01/1987,0.094763879,0.094763879,0.094763879,0.094763879,0.094763879,0.094763879,,,
03/01/1987,0.090243818,0.090243818,0.090243818,0.090243818,0.090243818,0.090243818,,,
04/01/1987,0.089894294,0.089894294,0.089894294,0.089894294,0.089894294,0.089894294,,,
05/01/1987,0.092873588,0.092873588,0.092873588,0.092873588,0.092873588,0.092873588,,,
06/01/1987,0.096665319,0.096665319,0.096665319,0.096665319,0.096665319,0.096665319,,,
07/01/1987,0.100689263,0.100689263,0.100689263,0.100689263,0.100689263,0.100689263,,,
08/01/1987,0.105118044,0.105118044,0.105118044,0.105118044,0.105118044,0.105118044,,,
09/01/1987,0.109521766,0.109521766,0.109521766,0.109521766,0.109521766,0.109521766,,,
10/01/1987,0.114134472,0.114134472,0.114134472,0.114134472,0.114134472,0.114134472,,,
11/01/1987,0.118825858,0.118825858,0.118825858,0.118825858,0.118825858,0.118825858,,,
12/01/1987,0.121252158,0.121252158,0.121252158,0.121252158,0.121252158,0.121252158,,,
01/01/1988,0.118623718,0.118623718,0.118623718,0.118623718,0.118623718,0.118623718,,,
02/01/1988,0.115031292,0.115031292,0.115031292,0.115031292,0.115031292,0.115031292,,,
03/01/1988,0.110698548,0.110698548,0.110698548,0.110698548,0.110698548,0.110698548,,,
04/01/1988,0.109736334,0.109736334,0.109736334,0.109736334,0.109736334,0.109736334,,,
05/01/1988,0.113667822,0.113667822,0.113667822,0.113667822,0.113667822,0.113667822,,,
06/01/1988,0.118238489,0.118238489,0.118238489,0.118238489,0.118238489,0.118238489,,,
07/01/1988,0.123336067,0.123336067,0.123336067,0.123336067,0.123336067,0.123336067,,,
08/01/1988,0.128701602,0.128701602,0.128701602,0.128701602,0.128701602,0.128701602,,,
09/01/1988,0.134035669,0.134035669,0.134035669,0.134035669,0.134035669,0.134035669,,,
10/01/1988,0.139679139,0.139679139,0.139679139,0.139679139,0.139679139,0.139679139,,,
11/01/1988,0.145557771,0.145557771,0.145557771,0.145557771,0.145557771,0.145557771,,,
12/01/1988,0.148829254,0.148829254,0.148829254,0.148829254,0.148829254,0.148829254,,,
01/01/1989,0.144968605,0.144968605,0.144968605,0.144968605,0.144968605,0.144968605,,,
02/01/1989,0.139786892,0.139786892,0.139786892,0.139786892,0.139786892,0.139786892,,,
03/01/1989,0.133827013,0.133827013,0.133827013,0.133827013,0.133827013,0.133827013,,,
04/01/1989,0.133155646,0.133155646,0.133155646,0.133155646,0.133155646,0.133155646,,,
05/01/1989,0.136685646,0.136685646,0.136685646,0.136685646,0.136685646,0.136685646,,,
06/01/1989,0.141233215,0.141233215,0.141233215,0.141233215,0.141233215,0.141233215,,,
07/01/1989,0.146180628,0.146180628,0.146180628,0.146180628,0.146180628,0.146180628,,,
08/01/1989,0.151294864,0.151294864,0.151294864,0.151294864,0.151294864,0.151294864,,,
09/01/1989,0.156778996,0.156778996,0.156778996,0.156778996,0.156778996,0.156778996,,,
10/01/1989,0.162383888,0.162383888,0.162383888,0.162383888,0.162383888,0.162383888,,,
11/01/1989,0.168285926,0.168285926,0.168285926,0.168285926,0.168285926,0.168285926,,,
12/01/1989,0.171485588,0.171485588,0.171485588,0.171485588,0.171485588,0.171485588,,,
01/01/1990,0.171877258,0.171877258,0.171877258,0.171877258,0.171877258,0.171877258,,,
02/01/1990,0.171688117,0.171688117,0.171688117,0.171688117,0.171688117,0.171688117,,,
03/01/1990,0.171084937,0.171084937,0.171084937,0.171084937,0.171084937,0.171084937,,,
04/01/1990,0.170795094,0.170795094,0.170795094,0.170795094,0.170795094,0.170795094,,,
05/01/1990,0.170898413,0.170898413,0.170898413,0.170898413,0.170898413,0.170898413,,,
06/01/1990,0.170728379,0.170728379,0.170728379,0.170728379,0.170728379,0.170728379,,,
07/01/1990,0.170531942,0.170531942,0.170531942,0.170531942,0.170531942,0.170531942,,,
08/01/1990,0.170242269,0.170242269,0.170242269,0.170242269,0.170242269,0.170242269,,,
09/01/1990,0.169932187,0.169932187,0.169932187,0.169932187,0.169932187,0.169932187,,,
10/01/1990,0.169363166,0.169363166,0.169363166,0.169363166,0.169363166,0.169363166,,,
11/01/1990,0.168580084,0.168580084,0.168580084,0.168580084,0.168580084,0.168580084,,,
12/01/1990,0.167219663,0.167219663,0.167219663,0.167219663,0.167219663,0.167219663,,,
01/01/1991,0.164860966,0.164860966,0.164860966,0.164860966,0.164860966,0.164860966,,,
02/01/1991,0.161479264,0.161479264,0.161479264,0.161479264,0.161479264,0.161479264,,,
03/01/1991,0.156437783,0.156437783,0.156437783,0.156437783,0.156437783,0.156437783,,,
04/01/1991,0.152264964,0.152264964,0.152264964,0.152264964,0.152264964,0.152264964,,,
05/01/1991,0.153144553,0.153144553,0.153144553,0.153144553,0.153144553,0.153144553,,,
06/01/1991,0.156515968,0.156515968,0.156515968,0.156515968,0.156515968,0.156515968,,,
07/01/1991,0.160125631,0.160125631,0.160125631,0.160125631,0.160125631,0.160125631,,,
08/01/1991,0.164266289,0.164266289,0.164266289,0.164266289,0.164266289,0.164266289,,,
09/01/1991,0.168541751,0.168541751,0.168541751,0.168541751,0.168541751,0.168541751,,,
10/01/1991,0.173071823,0.173071823,0.173071823,0.173071823,0.173071823,0.173071823,,,
11/01/1991,0.177820283,0.177820283,0.177820283,0.177820283,0.177820283,0.177820283,,,
12/01/1991,0.181464008,0.181464008,0.181464008,0.181464008,0.181464008,0.181464008,,,
01/01/1992,0.182518924,0.182518924,0.182518924,0.182518924,0.182518924,0.182518924,,,
02/01/1992,0.18302966,0.18302966,0.18302966,0.18302966,0.18302966,0.18302966,,,
03/01/1992,0.183449782,0.183449782,0.183449782,0.183449782,0.183449782,0.183449782,,,
04/01/1992,0.184639019,0.184639019,0.184639019,0.184639019,0.184639019,0.184639019,,,
05/01/1992,0.186661968,0.186661968,0.186661968,0.186661968,0.186661968,0.186661968,,,
06/01/1992,0.188665946,0.188665946,0.188665946,0.188665946,0.188665946,0.188665946,,,
07/01/1992,0.190624029,0.190624029,0.190624029,0.190624029,0.190624029,0.190624029,,,
08/01/1992,0.19238642,0.19238642,0.19238642,0.19238642,0.19238642,0.19238642,,,
09/01/1992,0.19424446,0.19424446,0.19424446,0.19424446,0.19424446,0.19424446,,,
10/01/1992,0.196102899,0.196102899,0.196102899,0.196102899,0.196102899,0.196102899,,,
11/01/1992,0.197858921,0.197858921,0.197858921,0.197858921,0.197858921,0.197858921,,,
12/01/1992,0.197826624,0.197826624,0.197826624,0.197826624,0.197826624,0.197826624,,,
01/01/1993,0.194963966,0.194963966,0.194963966,0.194963966,0.194963966,0.194963966,,,
02/01/1993,0.191489375,0.191489375,0.191489375,0.191489375,0.191489375,0.191489375,,,
03/01/1993,0.187710492,0.187710492,0.187710492,0.187710492,0.187710492,0.187710492,,,
04/01/1993,0.185958996,0.185958996,0.185958996,0.185958996,0.185958996,0.185958996,,,
05/01/1993,0.187952612,0.187952612,0.187952612,0.187952612,0.187952612,0.187952612,,,
06/01/1993,0.190514488,0.190514488,0.190514488,0.190514488,0.190514488,0.190514488,,,
07/01/1993,0.193410746,0.193410746,0.193410746,0.193410746,0.193410746,0.193410746,,,
08/01/1993,0.196711505,0.196711505,0.196711505,0.196711505,0.196711505,0.196711505,,,
09/01/1993,0.200147895,0.200147895,0.200147895,0.200147895,0.200147895,0.200147895,,,
10/01/1993,0.203555569,0.203555569,0.203555569,0.203555569,0.203555569,0.203555569,,,
11/01/1993,0.207145125,0.207145125,0.207145125,0.207145125,0.207145125,0.207145125,,,
12/01/1993,0.210328779,0.210328779,0.210328779,0.210328779,0.210328779,0.210328779,,,
01/01/1994,0.210834226,0.210834226,0.210834226,0.210834226,0.210834226,0.210834226,,,
02/01/1994,0.208200949,0.208200949,0.208200949,0.208200949,0.208200949,0.208200949,,,
03/01/1994,0.204828758,0.204828758,0.204828758,0.204828758,0.204828758,0.204828758,,,
04/01/1994,0.202480816,0.202480816,0.202480816,0.202480816,0.202480816,0.202480816,,,
05/01/1994,0.203647856,0.203647856,0.203647856,0.203647856,0.203647856,0.203647856,,,
06/01/1994,0.205485455,0.205485455,0.205485455,0.205485455,0.205485455,0.205485455,,,
07/01/1994,0.20731022,0.20731022,0.20731022,0.20731022,0.20731022,0.20731022,,,
08/01/1994,0.209304054,0.209304054,0.209304054,0.209304054,0.209304054,0.209304054,,,
09/01/1994,0.211323112,0.211323112,0.211323112,0.211323112,0.211323112,0.211323112,,,
10/01/1994,0.213606403,0.213606403,0.213606403,0.213606403,0.213606403,0.213606403,,,
11/01/1994,0.216097339,0.216097339,0.216097339,0.216097339,0.216097339,0.216097339,,,
12/01/1994,0.217813029,0.217813029,0.217813029,0.217813029,0.217813029,0.217813029,,,
01/01/1995,0.214989861,0.214989861,0.214989861,0.214989861,0.214989861,0.214989861,,,
02/01/1995,0.210735639,0.210735639,0.210735639,0.210735639,0.210735639,0.210735639,,,
03/01/1995,0.205806423,0.205806423,0.205806423,0.205806423,0.205806423,0.205806423,,,
04/01/1995,0.20334639,0.20334639,0.20334639,0.20334639,0.20334639,0.20334639,,,
05/01/1995,0.2030767,0.2030767,0.2030767,0.2030767,0.2030767,0.2030767,,,
06/01/1995,0.203256706,0.203256706,0.203256706,0.203256706,0.203256706,0.203256706,,,
07/01/1995,0.203402992,0.203402992,0.203402992,0.203402992,0.203402992,0.203402992,,,
08/01/1995,0.203582329,0.203582329,0.203582329,0.203582329,0.203582329,0.203582329,,,
09/01/1995,0.203922376,0.203922376,0.203922376,0.203922376,0.203922376,0.203922376,,,
10/01/1995,0.204260799,0.204260799,0.204260799,0.204260799,0.204260799,0.204260799,,,
11/01/1995,0.204486957,0.204486957,0.204486957,0.204486957,0.204486957,0.204486957,,,
12/01/1995,0.20452433,0.20452433,0.20452433,0.20452433,0.20452433,0.20452433,,,
01/01/1996,0.203494977,0.203494977,0.203494977,0.203494977,0.203494977,0.203494977,,,
02/01/1996,0.202366157,0.202366157,0.202366157,0.202366157,0.202366157,0.202366157,,,
03/01/1996,0.201576277,0.201576277,0.201576277,0.201576277,0.201576277,0.201576277,,,
04/01/1996,0.202115924,0.202115924,0.202115924,0.202115924,0.202115924,0.202115924,,,
05/01/1996,0.202365958,0.202365958,0.202365958,0.202365958,0.202365958,0.202365958,,,
06/01/1996,0.202901483,0.202901483,0.202901483,0.202901483,0.202901483,0.202901483,,,
07/01/1996,0.203311857,0.203311857,0.203311857,0.203311857,0.203311857,0.203311857,,,
08/01/1996,0.203819757,0.203819757,0.203819757,0.203819757,0.203819757,0.203819757,,,
09/01/1996,0.204381219,0.204381219,0.204381219,0.204381219,0.204381219,0.204381219,,,
10/01/1996,0.205019555,0.205019555,0.205019555,0.205019555,0.205019555,0.205019555,,,
11/01/1996,0.205524507,0.205524507,0.205524507,0.205524507,0.205524507,0.205524507,,,
12/01/1996,0.205491938,0.205491938,0.205491938,0.205491938,0.205491938,0.205491938,,,
01/01/1997,0.204695638,0.204695638,0.204695638,0.204695638,0.204695638,0.204695638,,,
02/01/1997,0.203841184,0.203841184,0.203841184,0.203841184,0.203841184,0.203841184,,,
03/01/1997,0.203259096,0.203259096,0.203259096,0.203259096,0.203259096,0.203259096,,,
04/01/1997,0.203649154,0.203649154,0.203649154,0.203649154,0.203649154,0.203649154,,,
05/01/1997,0.204196109,0.204196109,0.204196109,0.204196109,0.204196109,0.204196109,,,
06/01/1997,0.204817669,0.204817669,0.204817669,0.204817669,0.204817669,0.204817669,,,
07/01/1997,0.205262958,0.205262958,0.205262958,0.205262958,0.205262958,0.205262958,,,
08/01/1997,0.20600686,0.20600686,0.20600686,0.20600686,0.20600686,0.20600686,,,
09/01/1997,0.206593003,0.206593003,0.206593003,0.206593003,0.206593003,0.206593003,,,
10/01/1997,0.207060802,0.207060802,0.207060802,0.207060802,0.207060802,0.207060802,,,
11/01/1997,0.207634786,0.207634786,0.207634786,0.207634786,0.207634786,0.207634786,,,
12/01/1997,0.207714717,0.207714717,0.207714717,0.207714717,0.207714717,0.207714717,,,
01/01/1998,0.206553922,0.206553922,0.206553922,0.206553922,0.206553922,0.206553922,,,
02/01/1998,0.205264553,0.205264553,0.205264553,0.205264553,0.205264553,0.205264553,,,
03/01/1998,0.203948002,0.203948002,0.203948002,0.203948002,0.203948002,0.203948002,,,
04/01/1998,0.204459076,0.204459076,0.204459076,0.204459076,0.204459076,0.204459076,,,
05/01/1998,0.205089467,0.205089467,0.205089467,0.205089467,0.205089467,0.205089467,,,
06/01/1998,0.205166498,0.205166498,0.205166498,0.205166498,0.205166498,0.205166498,,,
07/01/1998,0.205335398,0.205335398,0.205335398,0.205335398,0.205335398,0.205335398,,,
08/01/1998,0.205713018,0.205713018,0.205713018,0.205713018,0.205713018,0.205713018,,,
09/01/1998,0.205833059,0.205833059,0.205833059,0.205833059,0.205833059,0.205833059,,,
10/01/1998,0.205844656,0.205844656,0.205844656,0.205844656,0.205844656,0.205844656,,,
11/01/1998,0.206028238,0.206028238,0.206028238,0.206028238,0.206028238,0.206028238,,,
12/01/1998,0.206385703,0.206385703,0.206385703,0.206385703,0.206385703,0.206385703,,,
01/01/1999,0.209384537,0.209384537,0.209384537,0.209384537,0.209384537,0.209384537,,,
02/01/1999,0.21383271,0.21383271,0.21383271,0.21383271,0.21383271,0.21383271,,,
03/01/1999,0.218575261,0.218575261,0.218575261,0.218575261,0.218575261,0.218575261,,,
04/01/1999,0.223106378,0.223106378,0.223106378,0.223106378,0.223106378,0.223106378,,,
05/01/1999,0.224586172,0.224586172,0.224586172,0.224586172,0.224586172,0.224586172,,,
06/01/1999,0.224723187,0.224723187,0.224723187,0.224723187,0.224723187,0.224723187,,,
07/01/1999,0.224563153,0.224563153,0.224563153,0.224563153,0.224563153,0.224563153,,,
08/01/1999,0.224179387,0.224179387,0.224179387,0.224179387,0.224179387,0.224179387,,,
09/01/1999,0.223540213,0.223540213,0.223540213,0.223540213,0.223540213,0.223540213,,,
10/01/1999,0.222748993,0.222748993,0.222748993,0.222748993,0.222748993,0.222748993,,,
11/01/1999,0.221849272,0.221849272,0.221849272,0.221849272,0.221849272,0.221849272,,,
12/01/1999,0.221008257,0.221008257,0.221008257,0.221008257,0.221008257,0.221008257,,,
01/01/2000,0.219968927,0.219968927,0.219968927,0.219968927,0.219968927,0.219968927,,,
02/01/2000,0.218939784,0.218939784,0.218939784,0.218939784,0.218939784,0.218939784,,,
03/01/2000,0.217937818,0.217937818,0.217937818,0.217937818,0.217937818,0.217937818,,,
04/01/2000,0.216963863,0.216963863,0.216963863,0.216963863,0.216963863,0.216963863,,,
05/01/2000,0.215901675,0.215901675,0.215901675,0.215901675,0.215901675,0.215901675,,,
06/01/2000,0.214852167,0.214852167,0.214852167,0.214852167,0.214852167,0.214852167,,,
07/01/2000,0.213633653,0.213633653,0.213633653,0.213633653,0.213633653,0.213633653,,,
08/01/2000,0.212679205,0.212679205,0.212679205,0.212679205,0.212679205,0.212679205,,,
09/01/2000,0.211593446,0.211593446,0.211593446,0.211593446,0.211593446,0.211593446,,,
10/01/2000,0.210518254,0.210518254,0.210518254,0.210518254,0.210518254,0.210518254,,,
11/01/2000,0.209250906,0.209250906,0.209250906,0.209250906,0.209250906,0.209250906,,,
12/01/2000,0.207989382,0.207989382,0.207989382,0.207989382,0.207989382,0.207989382,,,
01/01/2001,0.20674703,0.20674703,0.20674703,0.20674703,0.20674703,0.20674703,,,
02/01/2001,0.20548134,0.20548134,0.20548134,0.20548134,0.20548134,0.20548134,,,
03/01/2001,0.20433489,0.20433489,0.20433489,0.20433489,0.20433489,0.20433489,,,
04/01/2001,0.203768701,0.203768701,0.203768701,0.203768701,0.203768701,0.203768701,,,
05/01/2001,0.20370756,0.20370756,0.20370756,0.20370756,0.20370756,0.20370756,,,
06/01/2001,0.20364485,0.20364485,0.20364485,0.20364485,0.20364485,0.20364485,,,
07/01/2001,0.203773302,0.203773302,0.203773302,0.203773302,0.203773302,0.203773302,,,
08/01/2001,0.203940514,0.203940514,0.203940514,0.203940514,0.203940514,0.203940514,,,
09/01/2001,0.2041437,0.2041437,0.2041437,0.2041437,0.2041437,0.2041437,,,
10/01/2001,0.204301833,0.204301833,0.204301833,0.204301833,0.204301833,0.204301833,,,
11/01/2001,0.204338982,0.204338982,0.204338982,0.204338982,0.204338982,0.204338982,,,
12/01/2001,0.204549369,0.204549369,0.204549369,0.204549369,0.204549369,0.204549369,,,
01/01/2002,0.204945955,0.204945955,0.204945955,0.204945955,0.204945955,0.204945955,,,
02/01/2002,0.205294147,0.205294147,0.205294147,0.205294147,0.205294147,0.205294147,,,
03/01/2002,0.205658487,0.205658487,0.205658487,0.205658487,0.205658487,0.205658487,,,
04/01/2002,0.20596414,0.20596414,0.20596414,0.20596414,0.20596414,0.20596414,,,
05/01/2002,0.206364395,0.206364395,0.206364395,0.206364395,0.206364395,0.206364395,,,
06/01/2002,0.206568735,0.206568735,0.206568735,0.206568735,0.206568735,0.206568735,,,
07/01/2002,0.206788199,0.206788199,0.206788199,0.206788199,0.206788199,0.206788199,,,
08/01/2002,0.207179784,0.207179784,0.207179784,0.207179784,0.207179784,0.207179784,,,
09/01/2002,0.207685566,0.207685566,0.207685566,0.207685566,0.207685566,0.207685566,,,
10/01/2002,0.20816072,0.20816072,0.20816072,0.20816072,0.20816072,0.20816072,,,
11/01/2002,0.208638051,0.208638051,0.208638051,0.208638051,0.208638051,0.208638051,,,
12/01/2002,0.208968737,0.208968737,0.208968737,0.208968737,0.208968737,0.208968737,,,
01/01/2003,0.209165141,0.209165141,0.209165141,0.209165141,0.209165141,0.209165141,,,
02/01/2003,0.209640648,0.209640648,0.209640648,0.209640648,0.209640648,0.209640648,,,
03/01/2003,0.210023962,0.210023962,0.210023962,0.210023962,0.210023962,0.210023962,,,
04/01/2003,0.211826145,0.211826145,0.211826145,0.211826145,0.211826145,0.211826145,,,
05/01/2003,0.215981294,0.215981294,0.215981294,0.215981294,0.215981294,0.215981294,,,
06/01/2003,0.22076645,0.22076645,0.22076645,0.22076645,0.22076645,0.22076645,,,
07/01/2003,0.225799628,0.225799628,0.225799628,0.225799628,0.225799628,0.225799628,,,
08/01/2003,0.230673311,0.230673311,0.230673311,0.230673311,0.230673311,0.230673311,,,
09/01/2003,0.235454869,0.235454869,0.235454869,0.235454869,0.235454869,0.235454869,,,
10/01/2003,0.24038508,0.24038508,0.24038508,0.24038508,0.24038508,0.24038508,,,
11/01/2003,0.245449221,0.245449221,0.245449221,0.245449221,0.245449221,0.245449221,,,
12/01/2003,0.245659656,0.245659656,0.245659656,0.245659656,0.245659656,0.245659656,,,
01/01/2004,0.242633617,0.242633617,0.242633617,0.242633617,0.242633617,0.242633617,,,
02/01/2004,0.238915733,0.238915733,0.238915733,0.238915733,0.238915733,0.238915733,,,
03/01/2004,0.233792936,0.233792936,0.233792936,0.233792936,0.233792936,0.233792936,,,
04/01/2004,0.228284613,0.228284613,0.228284613,0.228284613,0.228284613,0.228284613,,,
05/01/2004,0.223073349,0.223073349,0.223073349,0.223073349,0.223073349,0.223073349,,,
06/01/2004,0.219336013,0.219336013,0.219336013,0.219336013,0.219336013,0.219336013,,,
07/01/2004,0.215587897,0.215587897,0.215587897,0.215587897,0.215587897,0.215587897,,,
08/01/2004,0.211791776,0.211791776,0.211791776,0.211791776,0.211791776,0.211791776,,,
09/01/2004,0.208002593,0.208002593,0.208002593,0.208002593,0.208002593,0.208002593,,,
10/01/2004,0.204207372,0.204207372,0.204207372,0.204207372,0.204207372,0.204207372,,,
11/01/2004,0.200180246,0.200180246,0.200180246,0.200180246,0.200180246,0.200180246,,,
12/01/2004,0.196366524,0.196366524,0.196366524,0.196366524,0.196366524,0.196366524,,,
01/01/2005,0.192275233,0.192275233,0.192275233,0.192275233,0.192275233,0.192275233,,,
02/01/2005,0.187950944,0.187950944,0.187950944,0.187950944,0.187950944,0.187950944,,,
03/01/2005,0.180406447,0.180406447,0.180406447,0.180406447,0.180406447,0.180406447,,,
04/01/2005,0.180359066,0.180359066,0.180359066,0.180359066,0.180359066,0.180359066,,,
05/01/2005,0.185662738,0.185662738,0.185662738,0.185662738,0.185662738,0.185662738,,,
06/01/2005,0.192241482,0.192241482,0.192241482,0.192241482,0.192241482,0.192241482,,,
07/01/2005,0.199430141,0.199430141,0.199430141,0.199430141,0.199430141,0.199430141,,,
08/01/2005,0.206611914,0.206611914,0.206611914,0.206611914,0.206611914,0.206611914,,,
09/01/2005,0.213334851,0.213334851,0.213334851,0.213334851,0.213334851,0.213334851,,,
10/01/2005,0.220353647,0.220353647,0.220353647,0.220353647,0.220353647,0.220353647,,,
11/01/2005,0.227574642,0.227574642,0.227574642,0.227574642,0.227574642,0.227574642,,,
12/01/2005,0.234051192,0.234051192,0.234051192,0.234051192,0.234051192,0.234051192,,,
01/01/2006,0.234794405,0.234794405,0.234794405,0.234794405,0.234794405,0.234794405,,,
02/01/2006,0.233334167,0.233334167,0.233334167,0.233334167,0.233334167,0.233334167,,,
03/01/2006,0.231091628,0.231091628,0.231091628,0.231091628,0.231091628,0.231091628,,,
04/01/2006,0.230323093,0.230323093,0.230323093,0.230323093,0.230323093,0.230323093,,,
05/01/2006,0.231121052,0.231121052,0.231121052,0.231121052,0.231121052,0.231121052,,,
06/01/2006,0.232113472,0.232113472,0.232113472,0.232113472,0.232113472,0.232113472,,,
07/01/2006,0.233367585,0.233367585,0.233367585,0.233367585,0.233367585,0.233367585,,,
08/01/2006,0.2346503,0.2346503,0.2346503,0.2346503,0.2346503,0.2346503,,,
09/01/2006,0.23574574,0.23574574,0.23574574,0.23574574,0.23574574,0.23574574,,,
10/01/2006,0.237087326,0.237087326,0.237087326,0.237087326,0.237087326,0.237087326,,,
11/01/2006,0.238306429,0.238306429,0.238306429,0.238306429,0.238306429,0.238306429,,,
12/01/2006,0.239542917,0.239542917,0.239542917,0.239542917,0.239542917,0.239542917,,,
01/01/2007,0.241536695,0.241536695,0.241536695,0.241536695,0.241536695,0.241536695,,,
02/01/2007,0.243762822,0.243762822,0.243762822,0.243762822,0.243762822,0.243762822,,,
03/01/2007,0.246236554,0.246236554,0.246236554,0.246236554,0.246236554,0.246236554,,,
04/01/2007,0.248804729,0.248804729,0.248804729,0.248804729,0.248804729,0.248804729,,,
05/01/2007,0.249912077,0.249912077,0.249912077,0.249912077,0.249912077,0.249912077,,,
06/01/2007,0.249782729,0.249782729,0.249782729,0.249782729,0.249782729,0.249782729,,,
07/01/2007,0.249340444,0.249340444,0.249340444,0.249340444,0.249340444,0.249340444,,,
08/01/2007,0.248825971,0.248825971,0.248825971,0.248825971,0.248825971,0.248825971,,,
09/01/2007,0.248152622,0.248152622,0.248152622,0.248152622,0.248152622,0.248152622,,,
10/01/2007,0.247344054,0.247344054,0.247344054,0.247344054,0.247344054,0.247344054,,,
11/01/2007,0.246483435,0.246483435,0.246483435,0.246483435,0.246483435,0.246483435,,,
12/01/2007,0.245582965,0.245582965,0.245582965,0.245582965,0.245582965,0.245582965,,,
01/01/2008,0.244784797,0.244784797,0.244784797,0.244784797,0.244784797,0.244784797,,,
02/01/2008,0.244382856,0.244382856,0.244382856,0.244382856,0.244382856,0.244382856,,,
03/01/2008,0.244210253,0.244210253,0.244210253,0.244210253,0.244210253,0.244210253,,,
04/01/2008,0.244337143,0.244337143,0.244337143,0.244337143,0.244337143,0.244337143,,,
05/01/2008,0.244371102,0.244371102,0.244371102,0.244371102,0.244371102,0.244371102,,,
06/01/2008,0.244355519,0.244355519,0.244355519,0.244355519,0.244355519,0.244355519,,,
07/01/2008,0.244477347,0.244477347,0.244477347,0.244477347,0.244477347,0.244477347,,,
08/01/2008,0.244697839,0.244697839,0.244697839,0.244697839,0.244697839,0.244697839,,,
09/01/2008,0.24477524,0.24477524,0.24477524,0.24477524,0.24477524,0.24477524,,,
10/01/2008,0.244745801,0.244745801,0.244745801,0.244745801,0.244745801,0.244745801,,,
11/01/2008,0.244803785,0.244803785,0.244803785,0.244803785,0.244803785,0.244803785,,,
12/01/2008,0.244823608,0.244823608,0.244823608,0.244823608,0.244823608,0.244823608,,,
01/01/2009,0.244936506,0.244936506,0.244936506,0.244936506,0.244936506,0.244936506,,,
02/01/2009,0.2450424,0.2450424,0.2450424,0.2450424,0.2450424,0.2450424,,,
03/01/2009,0.245151405,0.245151405,0.245151405,0.245151405,0.245151405,0.245151405,,,
04/01/2009,0.245265076,0.245265076,0.245265076,0.245265076,0.245265076,0.245265076,,,
05/01/2009,0.245704424,0.245704424,0.245704424,0.245704424,0.245704424,0.245704424,,,
06/01/2009,0.246628258,0.246628258,0.246628258,0.246628258,0.246628258,0.246628258,,,
07/01/2009,0.247573775,0.247573775,0.247573775,0.247573775,0.247573775,0.247573775,,,
08/01/2009,0.248616527,0.248616527,0.248616527,0.248616527,0.248616527,0.248616527,,,
09/01/2009,0.249742653,0.249742653,0.249742653,0.249742653,0.249742653,0.249742653,,,
10/01/2009,0.250899235,0.250899235,0.250899235,0.250899235,0.250899235,0.250899235,,,
11/01/2009,0.252127648,0.252127648,0.252127648,0.252127648,0.252127648,0.252127648,,,
12/01/2009,0.253331967,0.253331967,0.253331967,0.253331967,0.253331967,0.253331967,,,
01/01/2010,0.254537784,0.254537784,0.254537784,0.254537784,0.254537784,0.254537784,,,
02/01/2010,0.255736059,0.255736059,0.255736059,0.255736059,0.255736059,0.255736059,,,
03/01/2010,0.257037924,0.257037924,0.257037924,0.257037924,0.257037924,0.257037924,,,
04/01/2010,0.258251117,0.258251117,0.258251117,0.258251117,0.258251117,0.258251117,,,
05/01/2010,0.259384858,0.259384858,0.259384858,0.259384858,0.259384858,0.259384858,,,
06/01/2010,0.260355878,0.260355878,0.260355878,0.260355878,0.260355878,0.260355878,,,
07/01/2010,0.261233158,0.261233158,0.261233158,0.261233158,0.261233158,0.261233158,,,
08/01/2010,0.262096056,0.262096056,0.262096056,0.262096056,0.262096056,0.262096056,,,
09/01/2010,0.262879568,0.262879568,0.262879568,0.262879568,0.262879568,0.262879568,,,
10/01/2010,0.263848361,0.263848361,0.263848361,0.263848361,0.263848361,0.263848361,,,
11/01/2010,0.264938565,0.264938565,0.264938565,0.264938565,0.264938565,0.264938565,,,
12/01/2010,0.265805369,0.265805369,0.265805369,0.265805369,0.265805369,0.265805369,,,
01/01/2011,0.266666209,0.266666209,0.266666209,0.266666209,0.266666209,0.266666209,,,
02/01/2011,0.267567661,0.267567661,0.267567661,0.267567661,0.267567661,0.267567661,,,
03/01/2011,0.268435077,0.268435077,0.268435077,0.268435077,0.268435077,0.268435077,,,
04/01/2011,0.269291997,0.269291997,0.269291997,0.269291997,0.269291997,0.269291997,,,
05/01/2011,0.27013266,0.27013266,0.27013266,0.27013266,0.27013266,0.27013266,,,
06/01/2011,0.270989383,0.270989383,0.270989383,0.270989383,0.270989383,0.270989383,,,
07/01/2011,0.271740478,0.271740478,0.271740478,0.271740478,0.271740478,0.271740478,,,
08/01/2011,0.272455238,0.272455238,0.272455238,0.272455238,0.272455238,0.272455238,,,
09/01/2011,0.27313932,0.27313932,0.27313932,0.27313932,0.27313932,0.27313932,,,
10/01/2011,0.273751129,0.273751129,0.273751129,0.273751129,0.273751129,0.273751129,,,
11/01/2011,0.274325903,0.274325903,0.274325903,0.274325903,0.274325903,0.274325903,,,
12/01/2011,0.274972286,0.274972286,0.274972286,0.274972286,0.274972286,0.274972286,,,
01/01/2012,0.276599122,0.276599122,0.276599122,0.276599122,0.276599122,0.276599122,,,
02/01/2012,0.278499149,0.278499149,0.278499149,0.278499149,0.278499149,0.278499149,,,
03/01/2012,0.281104003,0.281104003,0.281104003,0.281104003,0.281104003,0.281104003,,,
04/01/2012,0.284411908,0.284411908,0.284411908,0.284411908,0.284411908,0.284411908,,,
05/01/2012,0.287787761,0.287787761,0.287787761,0.287787761,0.287787761,0.287787761,,,
06/01/2012,0.291417052,0.291417052,0.291417052,0.291417052,0.291417052,0.291417052,,,
07/01/2012,0.295386881,0.295386881,0.295386881,0.295386881,0.295386881,0.295386881,,,
08/01/2012,0.299719607,0.299719607,0.299719607,0.299719607,0.299719607,0.299719607,,,
09/01/2012,0.304100108,0.304100108,0.304100108,0.304100108,0.304100108,0.304100108,,,
10/01/2012,0.308584979,0.308584979,0.308584979,0.308584979,0.308584979,0.308584979,,,
11/01/2012,0.313170364,0.313170364,0.313170364,0.313170364,0.313170364,0.313170364,,,
12/01/2012,0.318329267,0.318329267,0.318329267,0.318329267,0.318329267,0.318329267,,,
01/01/2013,0.323629331,0.323629331,0.323629331,0.323629331,0.323629331,0.323629331,,,
02/01/2013,0.328868137,0.328868137,0.328868137,0.328868137,0.328868137,0.328868137,,,
03/01/2013,0.333888683,0.333888683,0.333888683,0.333888683,0.333888683,0.333888683,,,
04/01/2013,0.339550375,0.339550375,0.339550375,0.339550375,0.339550375,0.339550375,,,
05/01/2013,0.346223956,0.346223956,0.346223956,0.346223956,0.346223956,0.346223956,,,
06/01/2013,0.35438277,0.35438277,0.35438277,0.35438277,0.35438277,0.35438277,,,
07/01/2013,0.363120236,0.363120236,0.363120236,0.363120236,0.363120236,0.363120236,,,
08/01/2013,0.372922727,0.372922727,0.372922727,0.372922727,0.372922727,0.372922727,,,
09/01/2013,0.383131284,0.383131284,0.383131284,0.383131284,0.383131284,0.383131284,,,
10/01/2013,0.393745714,0.393745714,0.393745714,0.393745714,0.393745714,0.393745714,,,
11/01/2013,0.405053417,0.405053417,0.405053417,0.405053417,0.405053417,0.405053417,,,
12/01/2013,0.416606133,0.416606133,0.416606133,0.416606133,0.416606133,0.416606133,,,
01/01/2014,0.428828894,0.428828894,0.428828894,0.428828894,0.428828894,0.428828894,,,
02/01/2014,0.441059381,0.441059381,0.441059381,0.441059381,0.441059381,0.441059381,,,
03/01/2014,0.452803893,0.452803893,0.452803893,0.452803893,0.452803893,0.452803893,,,
04/01/2014,0.466126884,0.466126884,0.466126884,0.466126884,0.466126884,0.466126884,,,
05/01/2014,0.479517441,0.479517441,0.479517441,0.479517441,0.479517441,0.479517441,,,
06/01/2014,0.495046319,0.495046319,0.495046319,0.495046319,0.495046319,0.495046319,,,
07/01/2014,0.511099632,0.511099632,0.511099632,0.511099632,0.511099632,0.511099632,,,
08/01/2014,0.528342022,0.528342022,0.528342022,0.528342022,0.528342022,0.528342022,,,
09/01/2014,0.546117364,0.546117364,0.546117364,0.546117364,0.546117364,0.546117364,,,
10/01/2014,0.563763899,0.563763899,0.563763899,0.563763899,0.563763899,0.563763899,,,
11/01/2014,0.582502059,0.582502059,0.582502059,0.582502059,0.582502059,0.582502059,,,
12/01/2014,0.600961539,0.600961539,0.600961539,0.600961539,0.600961539,0.600961539,,,
01/01/2015,0.620386415,0.620386415,0.620386415,0.620386415,0.620386415,0.620386415,,,
02/01/2015,0.640766046,0.640766046,0.640766046,0.640766046,0.640766046,0.640766046,,,
03/01/2015,0.659836024,0.659836024,0.659836024,0.659836024,0.659836024,0.659836024,,,
04/01/2015,0.681356543,0.681356543,0.681356543,0.681356543,0.681356543,0.681356543,,,
05/01/2015,0.70244858,0.70244858,0.70244858,0.70244858,0.70244858,0.70244858,,,
06/01/2015,0.724750072,0.724750072,0.724750072,0.724750072,0.724750072,0.724750072,,,
07/01/2015,0.746653913,0.746653913,0.746653913,0.746653913,0.746653913,0.746653913,,,
08/01/2015,0.769590777,0.769590777,0.769590777,0.769590777,0.769590777,0.769590777,,,
09/01/2015,0.793227007,0.793227007,0.793227007,0.793227007,0.793227007,0.793227007,,,
10/01/2015,0.816467035,0.816467035,0.816467035,0.816467035,0.816467035,0.816467035,,,
11/01/2015,0.840706052,0.840706052,0.840706052,0.840706052,0.840706052,0.840706052,,,
12/01/2015,0.864424344,0.864424344,0.864424344,0.864424344,0.864424344,0.864424344,,,
01/01/2016,0.88487042,0.88487042,0.88487042,0.88487042,0.88487042,0.88487042,,,
02/01/2016,0.899891736,0.899891736,0.899891736,0.899891736,0.899891736,0.899891736,,,
03/01/2016,0.911166894,0.911166894,0.911166894,0.911166894,0.911166894,0.911166894,,,
04/01/2016,0.921424512,0.921424512,0.921424512,0.921424512,0.921424512,0.921424512,,,
05/01/2016,0.931047851,0.931047851,0.931047851,0.931047851,0.931047851,0.931047851,,,
06/01/2016,0.943675592,0.943675592,0.943675592,0.943675592,0.943675592,0.943675592,,,
07/01/2016,0.958272241,0.958272241,0.958272241,0.958272241,0.958272241,0.958272241,,,
08/01/2016,0.977041663,0.977041663,0.977041663,0.977041663,0.977041663,0.977041663,,,
09/01/2016,0.998883537,0.998883537,0.998883537,0.998883537,0.998883537,0.998883537,,,
10/01/2016,1.022344262,1.022344262,1.022344262,1.022344262,1.022344262,1.022344262,,,
11/01/2016,1.047681578,1.047681578,1.047681578,1.047681578,1.047681578,1.047681578,,,
12/01/2016,1.072834182,1.072834182,1.072834182,1.072834182,1.072834182,1.072834182,,,
01/01/2017,1.091948906,1.091948906,1.091948906,1.091948906,1.091948906,1.091948906,,,
02/01/2017,1.106785976,1.106785976,1.106785976,1.106785976,1.106785976,1.106785976,,,
03/01/2017,1.117635393,1.117635393,1.117635393,1.117635393,1.117635393,1.117635393,,,
04/01/2017,1.128079192,1.128079192,1.128079192,1.128079192,1.128079192,1.128079192,,,
05/01/2017,1.136898643,1.136898643,1.136898643,1.136898643,1.136898643,1.136898643,,,
06/01/2017,1.146753397,1.146753397,1.146753397,1.146753397,1.146753397,1.146753397,,,
07/01/2017,1.157118179,1.157118179,1.157118179,1.157118179,1.157118179,1.157118179,,,
08/01/2017,1.168278565,1.168278565,1.168278565,1.168278565,1.168278565,1.168278565,,,
09/01/2017,1.179722309,1.179722309,1.179722309,1.179722309,1.179722309,1.179722309,,,
10/01/2017,1.191255426,1.191255426,1.191255426,1.191255426,1.191255426,1.191255426,,,
11/01/2017,1.203444032,1.203444032,1.203444032,1.203444032,1.203444032,1.203444032,,,
12/01/2017,1.215293089,1.215293089,1.215293089,1.215293089,1.215293089,1.215293089,,,
01/01/2018,1.226048672,1.226048672,1.226048672,1.226048672,1.226048672,1.226048672,,,
02/01/2018,1.235910465,1.235910465,1.235910465,1.235910465,1.235910465,1.235910465,,,
03/01/2018,1.244050696,1.244050696,1.244050696,1.244050696,1.244050696,1.244050696,,,
04/01/2018,1.252348973,1.252348973,1.252348973,1.252348973,1.252348973,1.252348973,,,
05/01/2018,1.260488886,1.260488886,1.260488886,1.260488886,1.260488886,1.260488886,,,
06/01/2018,1.271543536,1.271543536,1.271543536,1.271543536,1.271543536,1.271543536,,,
07/01/2018,1.284928239,1.284928239,1.284928239,1.284928239,1.284928239,1.284928239,,,
08/01/2018,1.302797199,1.302797199,1.302797199,1.302797199,1.302797199,1.302797199,,,
09/01/2018,1.323529806,1.323529806,1.323529806,1.323529806,1.323529806,1.323529806,,,
10/01/2018,1.34570637,1.34570637,1.34570637,1.34570637,1.34570637,1.34570637,,,
11/01/2018,1.37054017,1.37054017,1.37054017,1.37054017,1.37054017,1.37054017,,,
12/01/2018,1.395612159,1.395612159,1.395612159,1.395612159,1.395612159,1.395612159,,,
01/01/2019,1.412618458,1.412618458,1.412618458,1.412618458,1.412618458,1.412618458,,,
02/01/2019,1.423355619,1.423355619,1.423355619,1.423355619,1.423355619,1.423355619,,,
03/01/2019,1.430608052,1.430608052,1.430608052,1.430608052,1.430608052,1.430608052,,,
04/01/2019,1.436878716,1.436878716,1.436878716,1.436878716,1.436878716,1.436878716,,,
05/01/2019,1.441912735,1.441912735,1.441912735,1.441912735,1.441912735,1.441912735,,,
06/01/2019,1.448416846,1.448416846,1.448416846,1.448416846,1.448416846,1.448416846,,,
07/01/2019,1.455216205,1.455216205,1.455216205,1.455216205,1.455216205,1.455216205,,,
08/01/2019,1.462466774,1.462466774,1.462466774,1.462466774,1.462466774,1.462466774,,,
09/01/2019,1.469897617,1.469897617,1.469897617,1.469897617,1.469897617,1.469897617,,,
10/01/2019,1.477086319,1.477086319,1.477086319,1.477086319,1.477086319,1.477086319,,,
11/01/2019,1.484683136,1.484683136,1.484683136,1.484683136,1.484683136,1.484683136,,,
12/01/2019,1.491786039,1.491786039,1.491786039,1.491786039,1.491786039,1.491786039,,,
01/01/2020,1.498130103,1.498130103,1.498130103,1.498130103,1.498130103,1.498130103,,,
02/01/2020,1.50459706,1.50459706,1.50459706,1.50459706,1.50459706,1.50459706,,,
03/01/2020,1.510606294,1.510606294,1.510606294,1.510606294,1.510606294,1.510606294,,,
04/01/2020,1.516898078,1.516898078,1.516898078,1.516898078,1.516898078,1.516898078,,,
05/01/2020,1.523164395,1.523164395,1.523164395,1.523164395,1.523164395,1.523164395,,,
06/01/2020,1.531139687,1.531139687,1.531139687,1.531139687,1.531139687,1.531139687,,,
07/01/2020,1.539693257,1.539693257,1.539693257,1.539693257,1.539693257,1.539693257,,,
08/01/2020,1.549579887,1.549579887,1.549579887,1.549579887,1.549579887,1.549579887,,,
09/01/2020,1.560445605,1.560445605,1.560445605,1.560445605,1.560445605,1.560445605,,,
10/01/2020,1.572379118,1.572379118,1.572379118,1.572379118,1.572379118,1.572379118,,,
11/01/2020,1.586360534,1.586360534,1.586360534,1.586360534,1.586360534,1.586360534,,,
12/01/2020,1.600392253,1.600392253,1.600392253,1.600392253,1.600392253,1.600392253,,,
01/01/2021,1.6115463,1.6115463,1.6115463,1.6115463,1.6115463,1.6115463,,,
02/01/2021,1.620476361,1.620476361,1.620476361,1.620476361,1.620476361,1.620476361,,,
03/01/2021,1.627280722,1.627280722,1.627280722,1.627280722,1.627280722,1.627280722,,,
04/01/2021,1.63371083,1.63371083,1.63371083,1.63371083,1.63371083,1.63371083,,,
05/01/2021,1.639392951,1.639392951,1.639392951,1.639392951,1.639392951,1.639392951,,,
06/01/2021,1.647800686,1.647800686,1.647800686,1.647800686,1.647800686,1.647800686,,,
07/01/2021,1.658700031,1.658700031,1.658700031,1.658700031,1.658700031,1.658700031,,,
08/01/2021,1.67455855,1.67455855,1.67455855,1.67455855,1.67455855,1.67455855,,,
09/01/2021,1.695660221,1.695660221,1.695660221,1.695660221,1.695660221,1.695660221,,,
10/01/2021,1.720229326,1.720229326,1.720229326,1.720229326,1.720229326,1.720229326,,,
11/01/2021,1.74784006,1.74784006,1.74784006,1.74784006,1.74784006,1.74784006,,,
12/01/2021,1.776081272,1.776081272,1.776081272,1.776081272,1.776081272,1.776081272,,,
01/01/2022,1.802232567,1.802232567,1.802232567,1.802232567,1.802232567,1.802232567,,,
02/01/2022,1.826851966,1.826851966,1.826851966,1.826851966,1.826851966,1.826851966,,,
03/01/2022,1.848469884,1.848469884,1.848469884,1.848469884,1.848469884,1.848469884,,,
04/01/2022,1.871660452,1.871660452,1.871660452,1.871660452,1.871660452,1.871660452,,,
05/01/2022,1.893935973,1.893935973,1.893935973,1.893935973,1.893935973,1.893935973,,,
06/01/2022,1.916468509,1.916468509,1.916468509,1.916468509,1.916468509,1.916468509,,,
07/01/2022,1.938167359,1.938167359,1.938167359,1.938167359,1.938167359,1.938167359,,,
08/01/2022,1.960333683,1.960333683,1.960333683,1.960333683,1.960333683,1.960333683,,,
09/01/2022,1.982292212,1.982292212,1.982292212,1.982292212,1.982292212,1.982292212,,,
10/01/2022,2.003777025,2.003777025,2.003777025,2.003777025,2.003777025,2.003777025,,,
11/01/2022,2.025739828,2.025739828,2.025739828,2.025739828,2.025739828,2.025739828,,,
12/01/2022,2.046458458,2.046458458,2.046458458,2.046458458,2.046458458,2.046458458,,,
01/01/2023,2.065790775,2.065790775,2.065790775,2.065790775,2.065790775,2.065790775,,,
02/01/2023,2.08376161,2.08376161,2.08376161,2.08376161,2.08376161,2.08376161,,,
03/01/2023,2.099710835,2.099710835,2.099710835,2.099710835,2.099710835,2.099710835,,,
04/01/2023,2.116517208,2.116517208,2.116517208,2.116517208,2.116517208,2.116517208,,,
05/01/2023,2.132100267,2.132100267,2.132100267,2.132100267,2.132100267,2.132100267,,,
06/01/2023,2.147476675,2.147476675,2.147476675,2.147476675,2.147476675,2.147476675,,,
07/01/2023,2.162164057,2.162164057,2.162164057,2.162164057,2.162164057,2.162164057,,,
08/01/2023,2.17654029,2.17654029,2.17654029,2.17654029,2.17654029,2.17654029,,,
09/01/2023,2.190632963,2.190632963,2.190632963,2.190632963,2.190632963,2.190632963,,,
10/01/2023,2.204100122,2.204100122,2.204100122,2.204100122,2.204100122,2.204100122,,,
11/01/2023,2.217312931,2.217312931,2.217312931,2.217312931,2.217312931,2.217312931,,,
12/01/2023,2.229772855,2.229772855,2.229772855,2.229772855,2.229772855,2.229772855,,,
01/01/2024,2.241483302,2.241483302,2.241483302,2.241483302,2.241483302,2.241483302,,,
02/01/2024,2.250891119,2.250891119,2.250891119,2.25332906,2.215000303,2.244518243,,,
03/01/2024,2.260450238,2.260450238,2.260450238,2.264286039,2.214676036,2.251421388,,,
04/01/2024,2.270596647,2.270596647,2.270596647,2.275855127,2.215346249,2.258806509,,,
05/01/2024,2.278156544,2.278156544,2.278156544,2.286909048,2.216305718,2.265919438,,,
06/01/2024,2.285032416,2.285032416,2.285032416,2.298181784,2.217437624,2.273219271,,,
07/01/2024,2.290907692,2.290907692,2.290907692,2.308949224,2.218595873,2.280231257,,,
08/01/2024,2.296231444,2.296231444,2.296231444,2.319926043,2.21982498,2.287419904,,,
09/01/2024,2.300865002,2.300865002,2.300865002,2.33075822,2.221069087,2.294549826,,,
10/01/2024,2.304746788,2.304746788,2.304746788,2.341105661,2.222278949,2.301393134,,,
11/01/2024,2.308171846,2.308171846,2.308171846,2.351656094,2.223531104,2.308402982,,,
12/01/2024,2.310968342,2.310968342,2.310968342,2.361737073,2.224742578,2.315128521,,,
01/01/2025,2.313346468,2.313346468,2.313346468,2.372041792,2.225992615,2.322015795,,,
02/01/2025,2.315231958,2.315231958,2.315231958,2.382224454,2.227239992,2.328848203,,,
03/01/2025,2.316548586,2.316548586,2.316548586,2.391320351,2.228364121,2.334987021,,,
04/01/2025,2.317557722,2.317557722,2.317557722,2.4012675,2.229605219,2.341737122,,,
05/01/2025,2.318193899,2.318193899,2.318193899,2.410780313,2.230802856,2.34822264,,,
06/01/2025,2.318578243,2.318578243,2.318578243,2.420491665,2.232036588,2.354872182,,,
07/01/2025,2.318732908,2.318732908,2.318732908,2.429781231,2.233226857,2.361257267,,,
08/01/2025,2.320207549,2.318686529,2.318686529,2.439267351,2.234452916,2.36780119,,,
09/01/2025,2.321892823,2.318453526,2.318453526,2.448643012,2.235676028,2.374290793,,,
10/01/2025,2.32357415,2.318062344,2.318062344,2.457615254,2.236856748,2.380520176,,,
11/01/2025,2.325334957,2.317487086,2.317487086,2.466781164,2.238074452,2.386902951,,,
12/01/2025,2.327048325,2.316778826,2.316778826,2.475555011,2.239250705,2.393029304,,,
01/01/2026,2.328821748,2.31589432,2.31589432,2.484520587,2.240463632,2.399306198,,,
02/01/2026,2.330594448,2.315636221,2.314861094,2.493387659,2.24167391,2.405529851,,,
03/01/2026,2.332193484,2.316204905,2.313809052,2.501317892,2.242764824,2.411108146,,,
04/01/2026,2.333960127,2.316952777,2.312500843,2.510003465,2.243969783,2.417231873,,,
05/01/2026,2.335665635,2.317727493,2.311103686,2.518322254,2.245133083,2.423109603,,,
06/01/2026,2.337423381,2.318554412,2.309528246,2.526827825,2.246332106,2.429132111,,,
07/01/2026,2.339120273,2.31936662,2.307882276,2.534975978,2.247489534,2.434913005,,,
08/01/2026,2.340869295,2.320211365,2.306057643,2.543308895,2.248682359,2.440836666,,,
09/01/2026,2.342613629,2.321057619,2.304112427,2.551556599,2.249871906,2.446710983,,,
10/01/2026,2.344297189,2.321876064,2.302124256,2.559459995,2.251019984,2.452350185,,,
11/01/2026,2.34603196,2.322720087,2.299961795,2.567544988,2.252203006,2.45812931,,,
12/01/2026,2.347706047,2.323534665,2.298919013,2.575293902,2.253344693,2.463677568,,,
01/01/2027,2.349430813,2.324373978,2.298539671,2.583222291,2.254521032,2.469365413,,,
02/01/2027,2.351150332,2.325211156,2.298300627,2.591073158,2.25569387,2.47501065,,,
03/01/2027,2.352699194,2.325966044,2.298152685,2.598102241,2.256750411,2.480075453,,,
04/01/2027,2.354408677,2.326800136,2.298041504,2.605809679,2.257916636,2.485644046,,,
05/01/2027,2.356058022,2.327605681,2.297967535,2.613199806,2.25904198,2.490996216,,,
06/01/2027,2.35775693,2.328436141,2.297916456,2.620764035,2.260201257,2.496491072,,,
07/01/2027,2.359395967,2.329237983,2.29788473,2.628017894,2.261319837,2.501784616,,,
08/01/2027,2.361084221,2.330064506,2.297866324,2.635443978,2.262472175,2.507224325,,,
09/01/2027,2.362767012,2.330888843,2.297859071,2.642801589,2.26362093,2.512630997,,,
10/01/2027,2.364390344,2.331684456,2.297860366,2.649858715,2.264729252,2.517830895,,,
11/01/2027,2.366062403,2.332504319,2.297868913,2.657084954,2.265870972,2.523168752,,,
12/01/2027,2.367676638,2.333295526,2.297882674,2.664017131,2.266972514,2.528300821,,,
01/01/2028,2.369340335,2.334110713,2.297901705,2.671116411,2.26810746,2.533567855,,,
02/01/2028,2.37100026,2.334923475,2.297924708,2.67815282,2.269239098,2.538798723,,,
03/01/2028,2.372550892,2.335681624,2.297949107,2.684681038,2.270294783,2.54366047,,,
04/01/2028,2.374205592,2.33648955,2.29797793,2.691598534,2.271420175,2.548821475,,,
05/01/2028,2.375804063,2.337269026,2.29800793,2.698236605,2.272506271,2.55378237,,,
06/01/2028,2.377452638,2.338071956,2.298040873,2.705036965,2.273625402,2.55887302,,,
07/01/2028,2.379044912,2.338846573,2.298074241,2.711563525,2.274705405,2.563766322,,,
08/01/2028,2.380686769,2.339644411,2.298110036,2.718250387,2.275818131,2.56878762,,,
09/01/2028,2.38232502,2.340439646,2.298146937,2.724880906,2.276927568,2.573774125,,,
10/01/2028,2.383906972,2.341206805,2.298183537,2.731245631,2.277998143,2.578567516,,,
11/01/2028,2.385537829,2.341997041,2.298222095,2.73776782,2.279101054,2.583486518,,,
12/01/2028,2.387112921,2.34275945,2.298259996,2.744029132,2.280165248,2.588215153,,,
01/01/2029,2.388737148,2.343544844,2.29829969,2.750446102,2.281261573,2.593067943,,,
02/01/2029,2.390357926,2.34432791,2.298339842,2.75681089,2.282354574,2.597887659,,,
03/01/2029,2.391818993,2.345033275,2.298376429,2.762517764,2.283339081,2.6022145,,,
04/01/2029,2.393432971,2.345811786,2.298417211,2.768785279,2.284425686,2.606973278,,,
05/01/2029,2.394991458,2.34656293,2.298456926,2.774803805,2.285474119,2.611549337,,,
06/01/2029,2.39659815,2.347336665,2.298498158,2.78097363,2.286554126,2.616247496,,,
07/01/2029,2.398149479,2.348083156,2.298538236,2.786898988,2.287596186,2.620765731,,,
08/01/2029,2.399748634,2.348852031,2.298579738,2.792973892,2.288669594,2.625404366,,,
09/01/2029,2.401343922,2.349618462,2.298621372,2.799001668,2.289739688,2.630013083,,,
10/01/2029,2.402884078,2.350357864,2.298661751,2.804791485,2.290772157,2.634445324,,,
11/01/2029,2.404471603,2.351119452,2.298703555,2.810728532,2.291835727,2.638995898,,,
12/01/2029,2.40600418,2.351854122,2.29874402,2.816431679,2.29286185,2.643372338,,,
01/01/2030,2.407584075,2.352610789,2.298785849,2.82228032,2.293918849,2.647865764,,,
02/01/2030,2.409160205,2.353364965,2.298827679,2.828084972,2.294972527,2.65233059,,,
03/01/2030,2.410580743,2.354044135,2.29886546,2.833292452,2.295921532,2.656340222,,,
04/01/2030,2.412149953,2.354793592,2.298907285,2.83901507,2.296968926,2.660751447,,,
05/01/2030,2.413665162,2.355516571,2.298947737,2.844513581,2.297979467,2.664994431,,,
06/01/2030,2.415227174,2.356261183,2.298989531,2.850153764,2.299020418,2.669351445,,,
07/01/2030,2.416735282,2.356979486,2.299029965,2.855573586,2.300024743,2.673542539,,,
08/01/2030,2.418289856,2.357719305,2.29907174,2.861133634,2.301059303,2.677846554,,,
09/01/2030,2.419840528,2.358456651,2.299113448,2.866653688,2.302090592,2.682124043,,,
10/01/2030,2.421337531,2.359167942,2.299153797,2.871958816,2.303085608,2.68623903,,,
11/01/2030,2.422880491,2.359900549,2.299195456,2.877401938,2.304110572,2.690465283,,,
12/01/2030,2.424369926,2.360607217,2.299235704,2.8826335,2.305099446,2.694531188,,,
01/01/2031,2.425905048,2.361335072,2.299277293,2.888001698,2.306118119,2.698707336,,,
02/01/2031,2.427436103,2.362060484,2.299318789,2.893332467,2.307133561,2.702858394,,,
03/01/2031,2.428815656,2.362713709,2.299356192,2.898117145,2.308048112,2.706587469,,,
04/01/2031,2.430338956,2.363434539,2.299397554,2.903378002,2.309057481,2.710691559,,,
05/01/2031,2.431809303,2.364129896,2.299437537,2.908435472,2.310031341,2.714640549,,,
06/01/2031,2.433324571,2.364846173,2.299478798,2.913626013,2.311034507,2.718697183,,,
07/01/2031,2.434787093,2.365537336,2.299518648,2.918616218,2.312002356,2.722600714,,,
08/01/2031,2.43629429,2.366249432,2.299559813,2.923738244,2.312999377,2.726610944,,,
09/01/2031,2.437797355,2.366959736,2.299600883,2.928826039,2.31399325,2.730597942,,,
10/01/2031,2.439248072,2.367645712,2.299640586,2.933718147,2.314952177,2.734434859,,,
11/01/2031,2.440743038,2.368352985,2.299681572,2.938740093,2.31594,2.738377017,,,
12/01/2031,2.442185908,2.369035934,2.299721175,2.94356924,2.316893061,2.74217098,,,
01/01/2032,2.443672749,2.36974001,2.299762044,2.948526927,2.317875198,2.746069239,,,
02/01/2032,2.445155409,2.370442666,2.299802798,2.953452414,2.318854988,2.749945481,,,
03/01/2032,2.446538836,2.371099056,2.299840913,2.958032464,2.319769534,2.753552669,,,
04/01/2032,2.448013525,2.371799481,2.299881577,2.962897082,2.320744746,2.75738714,,,
05/01/2032,2.449436752,2.372476103,2.299920846,2.967575751,2.321686184,2.761077973,,,
06/01/2032,2.450903301,2.373173971,2.299961371,2.972379841,2.322656531,2.76487081,,,
07/01/2032,2.452318683,2.373848031,2.300000535,2.977000718,2.32359323,2.768521815,,,
08/01/2032,2.453777098,2.374543119,2.300040914,2.981745745,2.324559142,2.772273897,,,
09/01/2032,2.455231385,2.375236729,2.300081219,2.986461288,2.325523196,2.776005601,,,
10/01/2032,2.456634933,2.375906588,2.300120194,2.990997519,2.326454358,2.779598078,,,
11/01/2032,2.458081185,2.376597267,2.300160423,2.995656303,2.327414575,2.783290402,,,
12/01/2032,2.459476928,2.377264193,2.300199281,3.000138193,2.328341867,2.786845132,,,
01/01/2033,2.460915106,2.377952019,2.30023938,3.004741447,2.32929795,2.790498844,,,
02/01/2033,2.462349187,2.378638402,2.300279399,3.009316948,2.330251846,2.79413323,,,
03/01/2033,2.463641235,2.379257268,2.300315574,3.0134275,2.331111706,2.797400396,,,
04/01/2033,2.465067602,2.379940938,2.300355512,3.017951336,2.332061403,2.800998659,,,
05/01/2033,2.466444128,2.380601172,2.300394073,3.022304097,2.332978314,2.804463282,,,
06/01/2033,2.467862483,2.381281909,2.300433852,3.026775439,2.333923482,2.808024838,,,
07/01/2033,2.469231304,2.38193929,2.300472303,3.031078068,2.33483601,2.811454338,,,
08/01/2033,2.470641735,2.382617079,2.300511986,3.035498304,2.335776631,2.814980012,,,
09/01/2033,2.472048101,2.383293301,2.300551564,3.039892885,2.336714865,2.818487669,,,
10/01/2033,2.473405348,2.383946247,2.300589815,3.044122021,2.337620624,2.821865505,,,
11/01/2033,2.474803823,2.384619409,2.30062927,3.048467098,2.338554182,2.825338297,,,
12/01/2033,2.476153432,2.385269375,2.300667381,3.052648817,2.339455386,2.828682705,,,
01/01/2034,2.477544045,2.385939431,2.300706701,3.05694547,2.340384239,2.832121316,,,
02/01/2034,2.478930686,2.386607914,2.300745972,3.061217989,2.341310706,2.835542841,,,
03/01/2034,2.480179912,2.387210414,2.300781399,3.065057558,2.342145564,2.838619441,,,
04/01/2034,2.481559024,2.387875864,2.300820552,3.069284873,2.343067463,2.842008906,,,
05/01/2034,2.48288993,2.388518317,2.300858356,3.073353855,2.34395734,2.845273445,,,
06/01/2034,2.484261303,2.389180607,2.300897398,3.077535439,2.34487451,2.848630404,,,
07/01/2034,2.485584758,2.389820045,2.300935111,3.08156071,2.345759822,2.851863812,,,
08/01/2034,2.486948397,2.390479137,2.300973993,3.085697458,2.346672201,2.855188834,,,
09/01/2034,2.488308156,2.391136629,2.301012833,3.089811876,2.347582194,2.858497913,,,
10/01/2034,2.489620384,2.391771366,2.301050331,3.09377277,2.348460544,2.861685397,,,
11/01/2034,2.490972499,2.392425656,2.301089033,3.097843813,2.349365772,2.864963468,,,
12/01/2034,2.492277353,2.393057294,2.301126415,3.101763168,2.350239519,2.868121225,,,
01/01/2035,2.493621889,2.393708397,2.30116501,3.105791796,2.351140012,2.871368895,,,
02/01/2035,2.494962554,2.394357846,2.301203508,3.109799162,2.352038077,2.874601312,,,
03/01/2035,2.496170334,2.394943089,2.301238205,3.113401495,2.35284724,2.877508549,,,
04/01/2035,2.497503741,2.395589455,2.301276601,3.117369074,2.353740741,2.88071236,,,
05/01/2035,2.498790549,2.396213423,2.301313672,3.121189354,2.354603151,2.883798915,,,
06/01/2035,2.500116483,2.396856592,2.301351944,3.125116673,2.355491938,2.886973696,,,
07/01/2035,2.501396095,2.39747748,2.30138891,3.128898417,2.356349805,2.890032426,,,
08/01/2035,2.5027146,2.398117449,2.301427052,3.132786294,2.357233888,2.893178705,,,
09/01/2035,2.504029347,2.398755791,2.301465126,3.136654449,2.358115595,2.89631071,,,
10/01/2035,2.505298144,2.399371991,2.301501875,3.140379431,2.358966595,2.899328375,,,
11/01/2035,2.506605523,2.400007128,2.301539802,3.144209227,2.3598436,2.902432597,,,
12/01/2035,2.507867221,2.400620247,2.301576429,3.147897484,2.360690067,2.905423629,,,
01/01/2036,2.509167317,2.401252186,2.301614211,3.151689691,2.361562394,2.908500566,,,
02/01/2036,2.510464716,2.401882526,2.301651943,3.155463146,2.362432379,2.911563853,,,
03/01/2036,2.511675919,2.402470781,2.301687172,3.158976854,2.363244167,2.914417639,,,
04/01/2036,2.512967746,2.403097989,2.30172476,3.162714444,2.364109584,2.917454794,,,
05/01/2036,2.514215163,2.403703516,2.301761129,3.166314496,2.364944936,2.92038156,,,
06/01/2036,2.515501135,2.404327586,2.301798605,3.170016439,2.365805767,2.923392662,,,
07/01/2036,2.516742715,2.404930013,2.301834813,3.173582159,2.366636625,2.926294345,,,
08/01/2036,2.51802276,2.405550958,2.301872231,3.177249082,2.367492888,2.929279816,,,
09/01/2036,2.5193006,2.406170305,2.301909594,3.180898458,2.368346822,2.932252417,,,
10/01/2036,2.520535012,2.406768188,2.301945711,3.184413849,2.369171054,2.935117195,,,
11/01/2036,2.521808176,2.407384471,2.301983046,3.18802935,2.370020496,2.938064892,,,
12/01/2036,2.523037847,2.407979353,2.30201909,3.191512208,2.370840356,2.940905732,,,
01/01/2037,2.524305879,2.408592481,2.302056286,3.195094253,2.371685238,2.94382883,,,
02/01/2037,2.525571201,2.409204031,2.302093415,3.198659506,2.372527818,2.946739602,,,
03/01/2037,2.526711862,2.409755098,2.302126945,3.201866246,2.373287022,2.949358679,,,
04/01/2037,2.527971949,2.410363677,2.302164023,3.20540015,2.3741253,2.952246275,,,
05/01/2037,2.529188757,2.41095118,2.302199882,3.208804857,2.374934429,2.955029478,,,
06/01/2037,2.53044329,2.411556735,2.302236917,3.212306992,2.375768285,2.95789355,,,
07/01/2037,2.531654681,2.412141337,2.30227275,3.215681316,2.376573179,2.960654221,,,
08/01/2037,2.532903463,2.4127438,2.30230965,3.219152148,2.377402584,2.963495105,,,
09/01/2037,2.53414931,2.413344718,2.302346503,3.222607245,2.378229744,2.966324331,,,
10/01/2037,2.535352256,2.413924867,2.302382181,3.22593642,2.379028176,2.969051525,,,
11/01/2037,2.536592306,2.414522792,2.302418973,3.229361131,2.379850982,2.971858158,,,
12/01/2037,2.537789589,2.415100022,2.302454561,3.232661104,2.380645181,2.974563626,,,
01/01/2038,2.539023777,2.415694954,2.302491274,3.236055931,2.381463642,2.977348004,,,
02/01/2038,2.540255007,2.416288408,2.302527982,3.239435862,2.382279939,2.980121251,,,
03/01/2038,2.541364615,2.416823174,2.302561079,3.242476553,2.383015432,2.982617053,,,
04/01/2038,2.542590122,2.417413752,2.302597698,3.245828341,2.383827802,2.985369276,,,
05/01/2038,2.543773278,2.417983874,2.302633098,3.249058352,2.384612134,2.988022502,,,
06/01/2038,2.544992836,2.418571482,2.30266961,3.252381528,2.38542064,2.99075332,,,
07/01/2038,2.546170183,2.419138692,2.302704856,3.255583944,2.386201187,2.993385925,,,
08/01/2038,2.547383763,2.419723316,2.302741226,3.258878817,2.387005789,2.996095585,,,
09/01/2038,2.5485943,2.420306487,2.302777584,3.262159621,2.387808458,2.998794676,,,
10/01/2038,2.549762988,2.420869463,2.302812728,3.2653215,2.388583401,3.001396859,,,
11/01/2038,2.55096763,2.421449749,2.302849018,3.268574965,2.389382237,3.004075382,,,
12/01/2038,2.552130601,2.422009958,2.302884111,3.271710648,2.390153476,3.006657823,,,
01/01/2039,2.55332929,2.422587348,2.302920297,3.274937171,2.390948437,3.00931605,,,
02/01/2039,2.554524979,2.423163294,2.302956475,3.278150215,2.391741454,3.01196411,,,
03/01/2039,2.555602479,2.423682299,2.302989119,3.281041336,2.39245613,3.014347623,,,
04/01/2039,2.556792425,2.424255473,2.303025244,3.28422893,2.393245417,3.016976476,,,
05/01/2039,2.557941174,2.42480881,2.303060182,3.287301346,2.394007411,3.019511184,,,
06/01/2039,2.559125178,2.425379118,2.303096224,3.290463013,2.394792833,3.022120444,,,
07/01/2039,2.560268178,2.425929685,2.303131078,3.293510496,2.39555106,3.024636801,,,
08/01/2039,2.561446307,2.4264972,2.303167096,3.296646742,2.396332663,3.027228111,,,
09/01/2039,2.562621406,2.427063251,2.303203049,3.299770144,2.397112291,3.029810389,,,
10/01/2039,2.563755789,2.427609698,2.303237802,3.302780854,2.397864926,3.032300896,,,
11/01/2039,2.564925002,2.428172955,2.303273689,3.305879328,2.39864072,3.034865419,,,
12/01/2039,2.566053729,2.428716706,2.303308416,3.308866205,2.399389693,3.037338811,,,
01/01/2040,2.567217128,2.429277215,2.303344285,3.311940312,2.400161711,3.03988569,,,
02/01/2040,2.568377555,2.429836316,2.303380123,3.315002161,2.400931806,3.042423626,,,
03/01/2040,2.569460506,2.430358103,2.303413602,3.317855761,2.401650514,3.044789977,,,
04/01/2040,2.570615204,2.430914492,2.303449371,3.320894079,2.402416855,3.047310627,,,
05/01/2040,2.571729904,2.431451653,2.303483979,3.323823204,2.403156715,3.049741682,,,
06/01/2040,2.572878813,2.432005322,2.303519695,3.326838039,2.403919306,3.052244914,,,
07/01/2040,2.573987922,2.432539847,2.303554237,3.329744578,2.404655524,3.054659168,,,
08/01/2040,2.575131046,2.433090788,2.303589868,3.332736205,2.405414344,3.057145086,,,
09/01/2040,2.576271253,2.433640368,2.303625477,3.335716188,2.406171275,3.059622281,,,
10/01/2040,2.577371958,2.434170928,2.303659892,3.338589238,2.406902021,3.062011437,,,
11/01/2040,2.578506467,2.434717857,2.303695467,3.341546672,2.407655264,3.064471628,,,
12/01/2040,2.57960168,2.435245864,2.30372985,3.344398048,2.408382431,3.066844399,,,
01/01/2041,2.580730477,2.435790105,2.303765336,3.347333155,2.409131951,3.069287705,,,
02/01/2041,2.581856379,2.436332997,2.303800769,3.35025701,2.409879584,3.07172247,,,
03/01/2041,2.582870981,2.436822237,2.303832749,3.352888823,2.410553318,3.073914706,,,
04/01/2041,2.583991417,2.437362579,2.303868119,3.355791567,2.411297399,3.07633341,,,
05/01/2041,2.585073071,2.437884266,2.303902357,3.358590489,2.412015765,3.07866629,,,
06/01/2041,2.586187924,2.438422026,2.303937689,3.361471854,2.412756227,3.081068625,,,
07/01/2041,2.587264094,2.438941144,2.303971812,3.364250029,2.413471019,3.083385651,,,
08/01/2041,2.588373337,2.439476287,2.304007063,3.367110134,2.414207824,3.085771715,,,
09/01/2041,2.58947978,2.440010145,2.304042304,3.369959659,2.414942921,3.088149629,,,
10/01/2041,2.590547867,2.440525535,2.304076352,3.372707341,2.415652854,3.090443212,,,
11/01/2041,2.591648718,2.441056758,2.304111452,3.375535997,2.416384853,3.092805098,,,
12/01/2041,2.592711428,2.44156967,2.304145431,3.37826371,2.417091808,3.095083308,,,
01/01/2042,2.593806772,2.442098363,2.304180482,3.381071953,2.417820727,3.097429441,,,
02/01/2042,2.59489935,2.442625791,2.30421552,3.383869952,2.418548071,3.099767642,,,
03/01/2042,2.595883971,2.443101172,2.304247184,3.386388984,2.419203787,3.101873228,,,
04/01/2042,2.596971272,2.44362616,2.304282154,3.389167711,2.419928103,3.10419723,,,
05/01/2042,2.598020903,2.444133011,2.304315953,3.39184734,2.420627539,3.106439523,,,
06/01/2042,2.599102738,2.444655457,2.30435081,3.394606204,2.42134865,3.108749288,,,
07/01/2042,2.600147086,2.445159848,2.304384491,3.397266708,2.422044987,3.110977741,,,
08/01/2042,2.601223538,2.44567983,2.304419301,3.400006086,2.422762917,3.113273254,,,
09/01/2042,2.60229725,2.446198519,2.304454038,3.402735598,2.423479219,3.115561485,,,
10/01/2042,2.603333727,2.44669927,2.304487584,3.405367828,2.424170856,3.117769047,,,
11/01/2042,2.604402103,2.447215528,2.304522282,3.40807825,2.424884028,3.120043005,,,
12/01/2042,2.605433466,2.447713953,2.30455581,3.410692251,2.425572751,3.122236882,,,
01/01/2043,2.60649653,2.448227772,2.304590435,3.413383888,2.426282892,3.12449668,,,
02/01/2043,2.607556882,2.448740379,2.304624998,3.416066006,2.426991453,3.126749262,,,
03/01/2043,2.60851239,2.449202364,2.304656141,3.418480777,2.427630132,3.128777946,,,
04/01/2043,2.609567593,2.449712647,2.304690576,3.421144847,2.428335661,3.131016799,,,
05/01/2043,2.610586294,2.450205389,2.304723902,3.423714333,2.429016995,3.133176793,,,
06/01/2043,2.611636286,2.450713354,2.30475829,3.426360207,2.429719444,3.135401657,,,
07/01/2043,2.612649954,2.451203846,2.30479156,3.428912202,2.430397786,3.137548165,,,
08/01/2043,2.613694783,2.45170951,2.304825913,3.431540192,2.431097165,3.139759196,,,
09/01/2043,2.614737059,2.452213961,2.304860195,3.434159079,2.431794938,3.141963185,,,
10/01/2043,2.615743362,2.452701014,2.304893319,3.436684997,2.432468699,3.144089502,,,
11/01/2043,2.616780724,2.453203138,2.304927525,3.439286192,2.433163357,3.146279756,,,
12/01/2043,2.617782234,2.453687926,2.304960553,3.441795076,2.433834099,3.148392831,,,
01/01/2044,2.618814616,2.454187698,2.304994644,3.444378713,2.434525606,3.150569418,,,
02/01/2044,2.6198445,2.45468632,2.305028718,3.446953608,2.435215557,3.152739165,,,
03/01/2044,2.620805747,2.455151766,2.305060577,3.449354784,2.435859633,3.154762966,,,
04/01/2044,2.621830797,2.455648146,2.305094591,3.451912894,2.436546543,3.156919541,,,
05/01/2044,2.622820406,2.456127417,2.305127463,3.454380411,2.437209821,3.159000217,,,
06/01/2044,2.623840448,2.456621459,2.305161343,3.456921492,2.437893585,3.161143445,,,
07/01/2044,2.62482527,2.457098533,2.30519412,3.45937265,2.438553847,3.163211277,,,
08/01/2044,2.625840567,2.4575904,2.305227955,3.46189706,2.439234557,3.165341374,,,
09/01/2044,2.626853443,2.458081113,2.305261712,3.464412976,2.439913671,3.167464791,,,
10/01/2044,2.627831418,2.458554965,2.305294356,3.466839906,2.440569426,3.16951353,,,
11/01/2044,2.628839562,2.459043467,2.305328018,3.469339349,2.441245457,3.171623952,,,
12/01/2044,2.629812998,2.45951523,2.305360623,3.47175054,2.441898272,3.17366023,,,
01/01/2045,2.630816482,2.460001597,2.30539428,3.474233941,2.442571304,3.175757906,,,
02/01/2045,2.631817526,2.460486855,2.305427856,3.476709123,2.443242759,3.177849085,,,
03/01/2045,2.632719717,2.460924224,2.305458149,3.478938121,2.44384796,3.179732619,,,
04/01/2045,2.633716162,2.461407328,2.305491631,3.481397818,2.44451645,3.181811531,,,
05/01/2045,2.634678232,2.461873833,2.305524015,3.483770679,2.445161951,3.183817424,,,
06/01/2045,2.635669989,2.462354802,2.305557457,3.486214704,2.445827449,3.185883862,,,
07/01/2045,2.636627528,2.462819243,2.305589799,3.488572521,2.446470061,3.187877761,,,
08/01/2045,2.637614544,2.463298017,2.305623125,3.491000942,2.44713252,3.189931786,,,
09/01/2045,2.638599219,2.463775743,2.30565646,3.493421606,2.447793476,3.191979613,,,
10/01/2045,2.639549887,2.464237024,2.305688666,3.495756873,2.448431688,3.193955555,,,
11/01/2045,2.640529859,2.464712583,2.305721895,3.498162219,2.449089652,3.195991176,,,
12/01/2045,2.641476028,2.465171815,2.305754046,3.500482822,2.449724999,3.197955405,,,
01/01/2046,2.642451306,2.465645208,2.305787168,3.502872973,2.450379951,3.199978907,,,
02/01/2046,2.643424253,2.466117551,2.305820247,3.505255543,2.451033425,3.201996351,,,
03/01/2046,2.644301123,2.466543304,2.305850113,3.507401362,2.451622454,3.203813611,,,
04/01/2046,2.645269563,2.467013579,2.305883102,3.509769467,2.452273045,3.205819495,,,
05/01/2046,2.646204593,2.4674677,2.305915013,3.512054186,2.45290127,3.207755067,,,
06/01/2046,2.647168474,2.467935911,2.30594798,3.514407652,2.45354896,3.209749204,,,
07/01/2046,2.648099038,2.468387981,2.305979793,3.516678165,2.454174325,3.211673395,,,
08/01/2046,2.649058276,2.468854041,2.306012605,3.5190169,2.454819031,3.213655765,,,
09/01/2046,2.650015226,2.469319081,2.306045418,3.521348368,2.455462301,3.215632288,,,
10/01/2046,2.650939135,2.469768107,2.306077105,3.523597729,2.456083404,3.217539519,,,
11/01/2046,2.651891521,2.47023104,2.306109798,3.525914777,2.456723741,3.219504482,,,
12/01/2046,2.652810978,2.470678032,2.306141369,3.528150215,2.457342007,3.221400555,,,
01/01/2047,2.653758815,2.471138886,2.306173962,3.530452972,2.457979436,3.223354054,,,
02/01/2047,2.654704408,2.471598743,2.306206558,3.532748662,2.458615435,3.225301835,,,
03/01/2047,2.655556645,2.472013262,2.30623598,3.534816426,2.459188706,3.227056453,,,
04/01/2047,2.656497893,2.472471132,2.306268486,3.537098631,2.459821931,3.228993377,,,
05/01/2047,2.657406672,2.472913282,2.306299915,3.539300658,2.460433385,3.230862517,,,
06/01/2047,2.658343461,2.47336912,2.306332332,3.541569052,2.461063763,3.232788302,,,
07/01/2047,2.659247927,2.473809298,2.306363669,3.54375774,2.461672451,3.234646694,,,
08/01/2047,2.660180313,2.474263145,2.306396029,3.546012499,2.462300014,3.236561469,,,
09/01/2047,2.661110467,2.47471598,2.306428354,3.548260416,2.462926165,3.238470713,,,
10/01/2047,2.662008517,2.475153247,2.306459586,3.550429392,2.463530766,3.240313176,,,
11/01/2047,2.662934269,2.475604071,2.306491809,3.552663821,2.464154084,3.242211529,,,
12/01/2047,2.663828052,2.476039378,2.306522924,3.55481975,2.464755947,3.244043476,,,
01/01/2048,2.664749427,2.476488203,2.306555048,3.557040785,2.465376461,3.245931024,,,
02/01/2048,2.665668598,2.476936027,2.306587131,3.5592551,2.465995568,3.247813137,,,
03/01/2048,2.666526546,2.477354087,2.306617112,3.561320709,2.466573504,3.249569088,,,
04/01/2048,2.667441436,2.477799948,2.306649082,3.56352204,2.467189864,3.251440709,,,
05/01/2048,2.668324826,2.478230558,2.306680045,3.565646269,2.46778508,3.253246989,,,
06/01/2048,2.669235457,2.4786745,2.306711972,3.567834688,2.46839872,3.255108123,,,
07/01/2048,2.670114673,2.479103202,2.306742822,3.569946379,2.468991265,3.256904248,,,
08/01/2048,2.671021012,2.479545184,2.306774639,3.57212186,2.469602141,3.258754906,,,
09/01/2048,2.671925231,2.479986236,2.306806466,3.574290958,2.470211688,3.260600365,,,
10/01/2048,2.672798296,2.480412143,2.306837227,3.576384073,2.470800285,3.262381403,,,
11/01/2048,2.673698306,2.48085128,2.306868976,3.578540573,2.471407124,3.264216613,,,
12/01/2048,2.674567254,2.481275314,2.306899632,3.580621464,2.471993101,3.265987728,,,
01/01/2049,2.675463036,2.481712515,2.306931268,3.582765342,2.472597227,3.267812708,,,
02/01/2049,2.676356693,2.482148752,2.306962864,3.584902877,2.473199989,3.269632537,,,
03/01/2049,2.677162139,2.482541987,2.306991366,3.586828402,2.473743308,3.271272065,,,
04/01/2049,2.678051768,2.482976395,2.307022879,3.588953951,2.474343484,3.273082151,,,
05/01/2049,2.678910752,2.483395918,2.307053361,3.591005157,2.474923068,3.274829133,,,
06/01/2049,2.679796252,2.483828455,2.307084796,3.593118492,2.475520599,3.276629273,,,
07/01/2049,2.680651286,2.484246203,2.307115241,3.595158001,2.476097652,3.278366696,,,
08/01/2049,2.681532724,2.484676917,2.30714664,3.597259363,2.476692595,3.280157041,,,
09/01/2049,2.682412046,2.48510665,2.307177955,3.599354506,2.477286153,3.281942338,,,
10/01/2049,2.683261045,2.485521633,2.307208202,3.60137629,2.477859306,3.283665367,,,
11/01/2049,2.684136313,2.485949529,2.307239465,3.603459489,2.478450286,3.285440938,,,
12/01/2049,2.684981395,2.486362707,2.30726962,3.605469714,2.479020922,3.287154548,,,
01/01/2050,2.685852614,2.48678877,2.307300785,3.60754102,2.479609266,3.288920434,,,
02/01/2050,2.686721761,2.487213877,2.307331887,3.609606285,2.48019629,3.290681396,,,
03/01/2050,2.687505152,2.487597111,2.307359941,3.611466865,2.48072546,3.292268,,,
04/01/2050,2.688370428,2.488020465,2.307390959,3.613520823,2.481309997,3.294019727,,,
05/01/2050,2.689205915,2.488429324,2.307420963,3.615503047,2.48187448,3.295710464,,,
06/01/2050,2.690067244,2.488850906,2.307451937,3.617545524,2.48245651,3.297452788,,,
07/01/2050,2.690898913,2.489258043,2.307481882,3.619516682,2.483018551,3.299134455,,,
08/01/2050,2.69175629,2.489677833,2.307512774,3.621547724,2.483598025,3.300867418,,,
09/01/2050,2.692611663,2.49009671,2.307543621,3.623572983,2.484176218,3.302595657,,,
10/01/2050,2.693437555,2.490501207,2.307573409,3.625527453,2.484734529,3.304263694,,,
11/01/2050,2.694289024,2.490918321,2.307604187,3.627541397,2.485310205,3.305982674,,,
12/01/2050,2.695111174,2.491321141,2.307633937,3.629485062,2.485866117,3.307641847,,,
01/01/2051,2.695958735,2.491736595,2.307664615,3.631487793,2.486439297,3.309351649,,,
02/01/2051,2.696804303,2.492151352,2.30769522,3.633484775,2.487011158,3.311056763,,,
03/01/2051,2.697566445,2.492525404,2.307722832,3.635283881,2.487526653,3.312593095,,,
04/01/2051,2.698408272,2.492938839,2.307753372,3.637270141,2.488096127,3.314289434,,,
05/01/2051,2.69922112,2.493338252,2.307782874,3.639187049,2.488646036,3.315926733,,,
06/01/2051,2.70005915,2.493750283,2.307813355,3.641162359,2.489213058,3.317614084,,,
07/01/2051,2.700868307,2.494148305,2.307842787,3.64306871,2.489760592,3.319242716,,,
08/01/2051,2.701702511,2.494558847,2.307873163,3.64503309,2.49032514,3.320921114,,,
09/01/2051,2.702534779,2.494968641,2.307903504,3.646991992,2.490888452,3.322595011,,,
10/01/2051,2.703338445,2.495364536,2.307932864,3.648882664,2.491432463,3.324210749,,,
11/01/2051,2.704166975,2.495772851,2.307963148,3.650830923,2.491993363,3.325875879,,,
12/01/2051,2.704967003,2.496167283,2.307992427,3.65271129,2.492535035,3.327483144,,,
01/01/2052,2.70579174,2.496574032,2.30802258,3.654648816,2.493093478,3.329139486,,,
02/01/2052,2.706614618,2.496980041,2.308052731,3.656581029,2.493650737,3.330791453,,,
03/01/2052,2.707382779,2.497359204,2.30808093,3.65838397,2.494170997,3.332333026,,,
04/01/2052,2.708202052,2.497763753,2.308111049,3.660305997,2.494725938,3.333976573,,,
05/01/2052,2.708993122,2.498154502,2.308140133,3.662161052,2.495261833,3.335563019,,,
06/01/2052,2.709808666,2.498557472,2.308170136,3.664072607,2.495814358,3.337197977,,,
07/01/2052,2.710596137,2.49894669,2.308199104,3.665917518,2.496347917,3.338776117,,,
08/01/2052,2.711408022,2.499348127,2.308229023,3.667818717,2.496898077,3.340402565,,,
09/01/2052,2.712218059,2.499748786,2.30825891,3.669714719,2.497447047,3.34202473,,,
10/01/2052,2.713000236,2.500135788,2.308287793,3.671544712,2.497977196,3.343590575,,,
11/01/2052,2.713806649,2.500534913,2.308317603,3.67343056,2.498523836,3.345204372,,,
12/01/2052,2.714585334,2.500920434,2.30834642,3.675250771,2.49905173,3.346762147,,,
01/01/2053,2.715388125,2.501318154,2.308376133,3.677126494,2.499596026,3.34836761,,,
02/01/2053,2.716189065,2.501715261,2.308405779,3.678997044,2.500139121,3.349968832,,,
03/01/2053,2.71691107,2.502073506,2.308432587,3.680682542,2.500628752,3.351411742,,,
04/01/2053,2.717708636,2.502469532,2.308462242,3.682543661,2.501169696,3.353005128,,,
05/01/2053,2.718478782,2.502852194,2.308490901,3.684340053,2.501692087,3.354543233,,,
06/01/2053,2.719272786,2.503246963,2.308520469,3.686191322,2.502230727,3.356128483,,,
07/01/2053,2.720039538,2.503628399,2.308549058,3.687978238,2.502750919,3.357658765,,,
08/01/2053,2.720829995,2.504021842,2.30857851,3.689819647,2.503287247,3.3592359,,,
09/01/2053,2.721618693,2.504414643,2.308607951,3.691656147,2.503822454,3.360808981,,,
10/01/2053,2.722380276,2.504794129,2.308636392,3.693428763,2.504339303,3.362327486,,,
11/01/2053,2.723165474,2.505185588,2.308665746,3.695255566,2.504872247,3.363892566,,,
12/01/2053,2.723923713,2.505563801,2.30869414,3.697018916,2.505386945,3.365403402,,,
01/01/2054,2.724705419,2.505953886,2.308723391,3.698836076,2.505917626,3.366960524,,,
02/01/2054,2.725485373,2.506343281,2.308752607,3.700648362,2.506447154,3.368513628,,,
03/01/2054,2.726188439,2.506694447,2.308778986,3.702281363,2.506924546,3.369913196,,,
04/01/2054,2.726965073,2.507082525,2.308808134,3.704084487,2.507451945,3.371458723,,,
05/01/2054,2.727715038,2.507457442,2.30883632,3.705824971,2.507961282,3.372950684,,,
06/01/2054,2.72848822,2.507844106,2.308865356,3.70761859,2.508486439,3.374488376,,,
07/01/2054,2.729234892,2.508217684,2.308893474,3.709349991,2.508993646,3.375972834,,,
08/01/2054,2.730004749,2.508603054,2.308922509,3.711134435,2.509516684,3.377502878,,,
09/01/2054,2.730772838,2.508987653,2.308951451,3.712914057,2.510038546,3.379028965,,,
10/01/2054,2.731514561,2.509359199,2.308979438,3.714631865,2.510542541,3.380502177,,,
11/01/2054,2.732279276,2.509742399,2.309008297,3.716402197,2.511062216,3.382020596,,,
12/01/2054,2.733017733,2.510112581,2.309036194,3.71811105,2.511564101,3.383486416,,,
01/01/2055,2.733779113,2.510494401,2.309064988,3.719872225,2.512081622,3.384997251,,,
02/01/2055,2.734538807,2.510875521,2.309093749,3.721628796,2.512598056,3.386504265,,,
03/01/2055,2.735223609,2.511219183,2.3091197,3.723211627,2.513063624,3.387862328,,,
04/01/2055,2.735980143,2.511599003,2.309148436,3.724959583,2.513578031,3.389362165,,,
05/01/2055,2.73671067,2.511965873,2.309176169,3.726646814,2.514074784,3.390810032,,,
06/01/2055,2.73746386,2.512344252,2.309204774,3.728385679,2.514586997,3.392302361,,,
07/01/2055,2.73819116,2.512709728,2.309232383,3.730064111,2.515081653,3.393742986,,,
08/01/2055,2.738941116,2.513086758,2.309260955,3.731794123,2.515591791,3.395227967,,,
09/01/2055,2.73968939,2.513463056,2.309289458,3.733519599,2.516100825,3.396709189,,,
10/01/2055,2.740411958,2.513826533,2.309316981,3.735185153,2.516592412,3.39813911,,,
11/01/2055,2.741156977,2.514201429,2.309345396,3.73690175,2.517099325,3.399612988,,,
12/01/2055,2.741876406,2.51456357,2.309372838,3.738558787,2.517588887,3.401035852,,,
01/01/2056,2.742618198,2.514937086,2.309401175,3.740266637,2.518093715,3.402502471,,,
02/01/2056,2.74335837,2.515309914,2.309429486,3.741970094,2.518597492,3.403965433,,,
03/01/2056,2.744049377,2.515658086,2.309455949,3.743559838,2.519067858,3.405330835,,,
04/01/2056,2.744786416,2.516029566,2.309484193,3.745254832,2.519569601,3.406786755,,,
05/01/2056,2.745498146,2.516388389,2.309511469,3.746891023,2.520054164,3.408192297,,,
06/01/2056,2.746232031,2.516758521,2.309539662,3.748577505,2.520553879,3.409641112,,,
07/01/2056,2.746940708,2.517116027,2.309566873,3.75020548,2.521036467,3.411039836,,,
08/01/2056,2.74767137,2.51748472,2.309594916,3.751883299,2.521534064,3.412481522,,,
09/01/2056,2.748400475,2.517852759,2.309622962,3.753556877,2.522030663,3.413919669,,,
10/01/2056,2.749104553,2.51820826,2.309650052,3.755172434,2.522510266,3.415308078,,,
11/01/2056,2.74983054,2.518574946,2.309678032,3.756837633,2.523004847,3.416739247,,,
12/01/2056,2.750531638,2.518929169,2.309705087,3.758445171,2.523482518,3.418120956,,,
01/01/2057,2.751254539,2.519294521,2.309733013,3.760102112,2.523975105,3.419545233,,,
02/01/2057,2.751975835,2.51965915,2.309760865,3.761754774,2.524466638,3.420965967,,,
03/01/2057,2.752626068,2.519987952,2.309786009,3.7632441,2.524909789,3.422246377,,,
04/01/2057,2.753344418,2.52035131,2.309813821,3.764888857,2.525399424,3.423660521,,,
05/01/2057,2.754038152,2.52070232,2.309840713,3.766476694,2.525872322,3.425025816,,,
06/01/2057,2.754753455,2.521064348,2.30986846,3.768113314,2.526359972,3.426433169,,,
07/01/2057,2.755444203,2.521414027,2.30989524,3.769693204,2.526830927,3.427791872,,,
08/01/2057,2.756156436,2.521774686,2.309922879,3.771321619,2.527316578,3.429192427,,,
09/01/2057,2.756867152,2.522134691,2.309950503,3.772945955,2.527801241,3.430589573,,,
10/01/2057,2.757553525,2.522482471,2.309977221,3.774514124,2.528269361,3.431938495,,,
11/01/2057,2.758261244,2.522841164,2.310004784,3.776130503,2.52875209,3.433328995,,,
12/01/2057,2.758944703,2.523187652,2.310031419,3.777690947,2.52921832,3.434671481,,,
01/01/2058,2.759649427,2.52354502,2.310058905,3.77929936,2.529699098,3.436055345,,,
02/01/2058,2.760352644,2.523901727,2.310086359,3.780903762,2.530178899,3.437435863,,,
03/01/2058,2.760986542,2.524223335,2.31011109,3.782349541,2.530611431,3.438680006,,,
04/01/2058,2.761686873,2.524578757,2.310138457,3.783946262,2.53108936,3.440054147,,,
05/01/2058,2.762363235,2.524922119,2.310164934,3.785487809,2.531550978,3.44138088,,,
06/01/2058,2.763060586,2.525276201,2.310192193,3.787076649,2.532026958,3.442748461,,,
07/01/2058,2.763734086,2.525618287,2.310218582,3.788610597,2.532486708,3.444068876,,,
08/01/2058,2.764428542,2.525971107,2.310245806,3.790191739,2.532960829,3.445430019,,,
09/01/2058,2.765121503,2.526323257,2.31027298,3.791768918,2.53343396,3.446787864,,,
10/01/2058,2.765790715,2.526663419,2.31029923,3.793291506,2.533890911,3.448098821,,,
11/01/2058,2.766480753,2.527014261,2.310326315,3.79486093,2.534362142,3.449450221,,,
12/01/2058,2.767147179,2.527353197,2.310352515,3.79637613,2.534817295,3.450755009,,,
01/01/2059,2.767834373,2.527702797,2.310379573,3.797938032,2.53528669,3.452100096,,,
02/01/2059,2.76852009,2.528051729,2.310406573,3.799496053,2.535755113,3.453441944,,,
03/01/2059,2.769138267,2.528366374,2.31043094,3.800900178,2.536177439,3.454651329,,,
04/01/2059,2.769821233,2.528714091,2.310457888,3.802450937,2.536644075,3.455987104,,,
05/01/2059,2.770480813,2.529049985,2.310483928,3.803948108,2.537094779,3.457276814,,,
06/01/2059,2.771160922,2.529396418,2.310510798,3.805491366,2.53755956,3.458606333,,,
07/01/2059,2.77181775,2.529731081,2.310536763,3.806981288,2.538008466,3.459889994,,,
08/01/2059,2.772495007,2.530076227,2.310563526,3.808517031,2.538471382,3.461213259,,,
09/01/2059,2.773170846,2.530420746,2.310590265,3.810049004,2.538933368,3.462533372,,,
10/01/2059,2.773823533,2.530753541,2.310616093,3.811528018,2.539379587,3.463807956,,,
11/01/2059,2.774496601,2.53109684,2.310642797,3.813052696,2.539839771,3.465121953,,,
12/01/2059,2.775146615,2.531428455,2.310668588,3.814524687,2.540284243,3.466390634,,,
01/01/2060,2.775816907,2.531770516,2.310695228,3.816042095,2.540742628,3.467698538,,,
02/01/2060,2.776485771,2.532111926,2.31072181,3.817555789,2.541200087,3.469003344,,,
03/01/2060,2.777110249,2.532430753,2.310746641,3.81896859,2.541627226,3.47022127,,,
04/01/2060,2.777776366,2.532770914,2.31077312,3.820475094,2.542082891,3.471520091,,,
05/01/2060,2.778419719,2.53309955,2.310798748,3.82192964,2.542523037,3.472774187,,,
06/01/2060,2.779083153,2.533438534,2.310825212,3.82342909,2.542976964,3.474067071,,,
07/01/2060,2.779723874,2.533765992,2.31085078,3.824876766,2.543415388,3.475315397,,,
08/01/2060,2.780384581,2.534103757,2.310877178,3.826369126,2.543867543,3.476602337,,,
09/01/2060,2.781043889,2.534440882,2.31090352,3.827857858,2.544318785,3.477886254,,,
10/01/2060,2.781680631,2.534766543,2.310928965,3.829295174,2.54475462,3.479125923,,,
11/01/2060,2.782337206,2.535102424,2.310955203,3.830776763,2.545204071,3.480403891,,,
12/01/2060,2.782971336,2.535426909,2.310980579,3.832207239,2.545638208,3.481637853,,,
01/01/2061,2.783625237,2.535761593,2.311006759,3.833681822,2.546085914,3.482909952,,,
