Date,Critical head + 20 feet,base,Critical head + 50 feet,Critical head,2015 water level scenario,Historical low scenario,Date_S,Measured Subsidence,Source
01/01/1925,0,0,0,0,0,0,01/01/1925,0,Leveling
02/01/1925,0.002025538,0.002025538,0.002025538,0.002025538,0.002025538,0.002025538,05/17/1948,1.1,Leveling
03/01/1925,0.004085817,0.004085817,0.004085817,0.004085817,0.004085817,0.004085817,02/15/1954,1.91,Leveling
04/01/1925,0.007440103,0.007440103,0.007440103,0.007440103,0.007440103,0.007440103,05/01/1957,2.25,Leveling
05/01/1925,0.011231403,0.011231403,0.011231403,0.011231403,0.011231403,0.011231403,02/12/1959,2.38,Leveling
06/01/1925,0.015013197,0.015013197,0.015013197,0.015013197,0.015013197,0.015013197,03/07/1962,3.01,Leveling
07/01/1925,0.012963063,0.012963063,0.012963063,0.012963063,0.012963063,0.012963063,01/18/1970,3.6,Leveling
08/01/1925,0.013593079,0.013593079,0.013593079,0.013593079,0.013593079,0.013593079,08/01/2004,7.645221926,InSAR
09/01/1925,0.016456269,0.016456269,0.016456269,0.016456269,0.016456269,0.016456269,09/01/2004,7.665221926,InSAR
10/01/1925,0.018650475,0.018650475,0.018650475,0.018650475,0.018650475,0.018650475,10/01/2004,7.675221926,InSAR
11/01/1925,0.02473047,0.02473047,0.02473047,0.02473047,0.02473047,0.02473047,11/01/2004,7.685221926,InSAR
12/01/1925,0.025277713,0.025277713,0.025277713,0.025277713,0.025277713,0.025277713,12/01/2004,7.675221926,InSAR
01/01/1926,0.031408705,0.031408705,0.031408705,0.031408705,0.031408705,0.031408705,01/01/2005,7.645221926,InSAR
02/01/1926,0.034892943,0.034892943,0.034892943,0.034892943,0.034892943,0.034892943,03/01/2005,7.575221926,InSAR
03/01/1926,0.036653939,0.036653939,0.036653939,0.036653939,0.036653939,0.036653939,04/01/2005,7.545221926,InSAR
04/01/1926,0.039126217,0.039126217,0.039126217,0.039126217,0.039126217,0.039126217,02/01/2006,7.565221926,InSAR
05/01/1926,0.041242808,0.041242808,0.041242808,0.041242808,0.041242808,0.041242808,03/01/2006,7.535221926,InSAR
06/01/1926,0.046042928,0.046042928,0.046042928,0.046042928,0.046042928,0.046042928,04/01/2006,7.525221926,InSAR
07/01/1926,0.050823774,0.050823774,0.050823774,0.050823774,0.050823774,0.050823774,05/01/2006,7.515221926,InSAR
08/01/1926,0.051257571,0.051257571,0.051257571,0.051257571,0.051257571,0.051257571,06/01/2006,7.525221926,InSAR
09/01/1926,0.051005787,0.051005787,0.051005787,0.051005787,0.051005787,0.051005787,02/01/2007,7.645221926,InSAR
10/01/1926,0.05127078,0.05127078,0.05127078,0.05127078,0.05127078,0.05127078,03/01/2007,7.615221926,InSAR
11/01/1926,0.051235003,0.051235003,0.051235003,0.051235003,0.051235003,0.051235003,08/01/2007,7.755221926,InSAR
12/01/1926,0.053226861,0.053226861,0.053226861,0.053226861,0.053226861,0.053226861,09/01/2007,7.805221926,InSAR
01/01/1927,0.050888835,0.050888835,0.050888835,0.050888835,0.050888835,0.050888835,02/01/2008,7.825221926,InSAR
02/01/1927,0.049370438,0.049370438,0.049370438,0.049370438,0.049370438,0.049370438,03/01/2008,7.815221926,InSAR
03/01/1927,0.050551891,0.050551891,0.050551891,0.050551891,0.050551891,0.050551891,05/01/2009,8.075221926,InSAR
04/01/1927,0.049014683,0.049014683,0.049014683,0.049014683,0.049014683,0.049014683,06/01/2009,8.115221926,InSAR
05/01/1927,0.046809337,0.046809337,0.046809337,0.046809337,0.046809337,0.046809337,07/01/2009,8.165221926,InSAR
06/01/1927,0.042958574,0.042958574,0.042958574,0.042958574,0.042958574,0.042958574,08/01/2009,8.225221926,InSAR
07/01/1927,0.045771692,0.045771692,0.045771692,0.045771692,0.045771692,0.045771692,09/01/2009,8.275221926,InSAR
08/01/1927,0.050990191,0.050990191,0.050990191,0.050990191,0.050990191,0.050990191,10/01/2009,8.315221926,InSAR
09/01/1927,0.053518956,0.053518956,0.053518956,0.053518956,0.053518956,0.053518956,11/01/2009,8.335221926,InSAR
10/01/1927,0.0559781,0.0559781,0.0559781,0.0559781,0.0559781,0.0559781,12/01/2009,8.335221926,InSAR
11/01/1927,0.053854607,0.053854607,0.053854607,0.053854607,0.053854607,0.053854607,01/01/2010,8.335221926,InSAR
12/01/1927,0.051845878,0.051845878,0.051845878,0.051845878,0.051845878,0.051845878,02/01/2010,8.315221926,InSAR
01/01/1928,0.051098669,0.051098669,0.051098669,0.051098669,0.051098669,0.051098669,03/01/2010,8.285221926,InSAR
02/01/1928,0.049511289,0.049511289,0.049511289,0.049511289,0.049511289,0.049511289,04/01/2010,8.275221926,InSAR
03/01/1928,0.051348973,0.051348973,0.051348973,0.051348973,0.051348973,0.051348973,05/01/2010,8.275221926,InSAR
04/01/1928,0.050261938,0.050261938,0.050261938,0.050261938,0.050261938,0.050261938,06/01/2010,8.305221926,Leveling
05/01/1928,0.047240333,0.047240333,0.047240333,0.047240333,0.047240333,0.047240333,07/01/2015,10.13829548,InSAR
06/01/1928,0.048551835,0.048551835,0.048551835,0.048551835,0.048551835,0.048551835,08/01/2015,10.21429548,InSAR
07/01/1928,0.053352398,0.053352398,0.053352398,0.053352398,0.053352398,0.053352398,09/01/2015,10.28729548,InSAR
08/01/1928,0.053931766,0.053931766,0.053931766,0.053931766,0.053931766,0.053931766,10/01/2015,10.34729548,InSAR
09/01/1928,0.049755752,0.049755752,0.049755752,0.049755752,0.049755752,0.049755752,11/01/2015,10.37829548,InSAR
10/01/1928,0.050640205,0.050640205,0.050640205,0.050640205,0.050640205,0.050640205,12/01/2015,10.40229548,InSAR
11/01/1928,0.051441056,0.051441056,0.051441056,0.051441056,0.051441056,0.051441056,01/01/2016,10.40829548,InSAR
12/01/1928,0.055400456,0.055400456,0.055400456,0.055400456,0.055400456,0.055400456,02/01/2016,10.42329548,InSAR
01/01/1929,0.052982233,0.052982233,0.052982233,0.052982233,0.052982233,0.052982233,03/01/2016,10.42329548,InSAR
02/01/1929,0.051443163,0.051443163,0.051443163,0.051443163,0.051443163,0.051443163,04/01/2016,10.45529548,InSAR
03/01/1929,0.050127634,0.050127634,0.050127634,0.050127634,0.050127634,0.050127634,05/01/2016,10.50229548,InSAR
04/01/1929,0.048967745,0.048967745,0.048967745,0.048967745,0.048967745,0.048967745,06/01/2016,10.58329548,InSAR
05/01/1929,0.050433702,0.050433702,0.050433702,0.050433702,0.050433702,0.050433702,07/01/2016,10.65529548,InSAR
06/01/1929,0.048371238,0.048371238,0.048371238,0.048371238,0.048371238,0.048371238,08/01/2016,10.73729548,InSAR
07/01/1929,0.048150009,0.048150009,0.048150009,0.048150009,0.048150009,0.048150009,09/01/2016,10.81129548,InSAR
08/01/1929,0.041850402,0.041850402,0.041850402,0.041850402,0.041850402,0.041850402,10/01/2016,10.84729548,InSAR
09/01/1929,0.038776187,0.038776187,0.038776187,0.038776187,0.038776187,0.038776187,11/01/2016,10.88329548,InSAR
10/01/1929,0.039671332,0.039671332,0.039671332,0.039671332,0.039671332,0.039671332,12/01/2016,10.88229548,InSAR
11/01/1929,0.039634883,0.039634883,0.039634883,0.039634883,0.039634883,0.039634883,01/01/2017,10.87329548,InSAR
12/01/1929,0.042356093,0.042356093,0.042356093,0.042356093,0.042356093,0.042356093,02/01/2017,10.87529548,InSAR
01/01/1930,0.047448713,0.047448713,0.047448713,0.047448713,0.047448713,0.047448713,03/01/2017,10.86529548,InSAR
02/01/1930,0.0467558,0.0467558,0.0467558,0.0467558,0.0467558,0.0467558,04/01/2017,10.86929548,InSAR
03/01/1930,0.045288142,0.045288142,0.045288142,0.045288142,0.045288142,0.045288142,05/01/2017,10.90229548,InSAR
04/01/1930,0.040796744,0.040796744,0.040796744,0.040796744,0.040796744,0.040796744,06/01/2017,10.93329548,InSAR
05/01/1930,0.044014454,0.044014454,0.044014454,0.044014454,0.044014454,0.044014454,07/01/2017,10.98529548,InSAR
06/01/1930,0.041841721,0.041841721,0.041841721,0.041841721,0.041841721,0.041841721,08/01/2017,11.05129548,InSAR
07/01/1930,0.039880873,0.039880873,0.039880873,0.039880873,0.039880873,0.039880873,09/01/2017,11.10029548,InSAR
08/01/1930,0.046385989,0.046385989,0.046385989,0.046385989,0.046385989,0.046385989,10/01/2017,11.11629548,InSAR
09/01/1930,0.046944875,0.046944875,0.046944875,0.046944875,0.046944875,0.046944875,11/01/2017,11.14229548,InSAR
10/01/1930,0.046557813,0.046557813,0.046557813,0.046557813,0.046557813,0.046557813,12/01/2017,11.12729548,InSAR
11/01/1930,0.046765018,0.046765018,0.046765018,0.046765018,0.046765018,0.046765018,01/01/2018,11.10929548,InSAR
12/01/1930,0.045488583,0.045488583,0.045488583,0.045488583,0.045488583,0.045488583,02/01/2018,11.09329548,InSAR
01/01/1931,0.043560407,0.043560407,0.043560407,0.043560407,0.043560407,0.043560407,03/01/2018,11.06929548,InSAR
02/01/1931,0.043961003,0.043961003,0.043961003,0.043961003,0.043961003,0.043961003,04/01/2018,11.09329548,InSAR
03/01/1931,0.042899205,0.042899205,0.042899205,0.042899205,0.042899205,0.042899205,05/01/2018,11.12429548,InSAR
04/01/1931,0.039310027,0.039310027,0.039310027,0.039310027,0.039310027,0.039310027,06/01/2018,11.17129548,InSAR
05/01/1931,0.034978312,0.034978312,0.034978312,0.034978312,0.034978312,0.034978312,07/01/2018,11.26529548,InSAR
06/01/1931,0.036300824,0.036300824,0.036300824,0.036300824,0.036300824,0.036300824,08/01/2018,11.37029548,InSAR
07/01/1931,0.039409673,0.039409673,0.039409673,0.039409673,0.039409673,0.039409673,09/01/2018,11.44929548,InSAR
08/01/1931,0.051448118,0.051448118,0.051448118,0.051448118,0.051448118,0.051448118,10/01/2018,11.52129548,InSAR
09/01/1931,0.05842794,0.05842794,0.05842794,0.05842794,0.05842794,0.05842794,11/01/2018,11.55829548,InSAR
10/01/1931,0.051989109,0.051989109,0.051989109,0.051989109,0.051989109,0.051989109,12/01/2018,11.55829548,InSAR
11/01/1931,0.047332637,0.047332637,0.047332637,0.047332637,0.047332637,0.047332637,01/01/2019,11.54129548,InSAR
12/01/1931,0.044961897,0.044961897,0.044961897,0.044961897,0.044961897,0.044961897,02/01/2019,11.52229548,InSAR
01/01/1932,0.042193194,0.042193194,0.042193194,0.042193194,0.042193194,0.042193194,03/01/2019,11.50029548,InSAR
02/01/1932,0.046052641,0.046052641,0.046052641,0.046052641,0.046052641,0.046052641,04/01/2019,11.50929548,InSAR
03/01/1932,0.058304318,0.058304318,0.058304318,0.058304318,0.058304318,0.058304318,05/01/2019,11.50329548,InSAR
04/01/1932,0.063872553,0.063872553,0.063872553,0.063872553,0.063872553,0.063872553,06/01/2019,11.53429548,InSAR
05/01/1932,0.073291256,0.073291256,0.073291256,0.073291256,0.073291256,0.073291256,07/01/2019,11.60229548,InSAR
06/01/1932,0.081569025,0.081569025,0.081569025,0.081569025,0.081569025,0.081569025,08/01/2019,11.67929548,InSAR
07/01/1932,0.099024064,0.099024064,0.099024064,0.099024064,0.099024064,0.099024064,09/01/2019,11.74629548,InSAR
08/01/1932,0.102854902,0.102854902,0.102854902,0.102854902,0.102854902,0.102854902,10/01/2019,11.78929548,InSAR
09/01/1932,0.108120497,0.108120497,0.108120497,0.108120497,0.108120497,0.108120497,11/01/2019,11.80529548,InSAR
10/01/1932,0.094296565,0.094296565,0.094296565,0.094296565,0.094296565,0.094296565,12/01/2019,11.78629548,InSAR
11/01/1932,0.094076361,0.094076361,0.094076361,0.094076361,0.094076361,0.094076361,01/01/2020,11.77129548,InSAR
12/01/1932,0.093002996,0.093002996,0.093002996,0.093002996,0.093002996,0.093002996,02/01/2020,11.73229548,InSAR
01/01/1933,0.087160974,0.087160974,0.087160974,0.087160974,0.087160974,0.087160974,03/01/2020,11.70929548,InSAR
02/01/1933,0.088268368,0.088268368,0.088268368,0.088268368,0.088268368,0.088268368,04/01/2020,11.71229548,InSAR
03/01/1933,0.088709606,0.088709606,0.088709606,0.088709606,0.088709606,0.088709606,05/01/2020,11.73629548,InSAR
04/01/1933,0.09339603,0.09339603,0.09339603,0.09339603,0.09339603,0.09339603,06/01/2020,11.80329548,InSAR
05/01/1933,0.099666161,0.099666161,0.099666161,0.099666161,0.099666161,0.099666161,07/01/2020,11.88529548,InSAR
06/01/1933,0.124131425,0.124131425,0.124131425,0.124131425,0.124131425,0.124131425,08/01/2020,11.99129548,InSAR
07/01/1933,0.133660414,0.133660414,0.133660414,0.133660414,0.133660414,0.133660414,09/01/2020,12.08629548,InSAR
08/01/1933,0.136777021,0.136777021,0.136777021,0.136777021,0.136777021,0.136777021,10/01/2020,12.14129548,InSAR
09/01/1933,0.14212534,0.14212534,0.14212534,0.14212534,0.14212534,0.14212534,11/01/2020,12.16329548,InSAR
10/01/1933,0.135636154,0.135636154,0.135636154,0.135636154,0.135636154,0.135636154,12/01/2020,12.15629548,InSAR
11/01/1933,0.138223398,0.138223398,0.138223398,0.138223398,0.138223398,0.138223398,01/01/2021,12.13929548,InSAR
12/01/1933,0.148479153,0.148479153,0.148479153,0.148479153,0.148479153,0.148479153,02/01/2021,12.11429548,InSAR
01/01/1934,0.149863096,0.149863096,0.149863096,0.149863096,0.149863096,0.149863096,03/01/2021,12.10829548,InSAR
02/01/1934,0.148673915,0.148673915,0.148673915,0.148673915,0.148673915,0.148673915,04/01/2021,12.11729548,InSAR
03/01/1934,0.141830687,0.141830687,0.141830687,0.141830687,0.141830687,0.141830687,05/01/2021,12.15029548,InSAR
04/01/1934,0.153927966,0.153927966,0.153927966,0.153927966,0.153927966,0.153927966,06/01/2021,12.23529548,InSAR
05/01/1934,0.161677706,0.161677706,0.161677706,0.161677706,0.161677706,0.161677706,07/01/2021,12.32729548,InSAR
06/01/1934,0.175633482,0.175633482,0.175633482,0.175633482,0.175633482,0.175633482,08/01/2021,12.44629548,InSAR
07/01/1934,0.202253421,0.202253421,0.202253421,0.202253421,0.202253421,0.202253421,09/01/2021,12.52929548,InSAR
08/01/1934,0.224693672,0.224693672,0.224693672,0.224693672,0.224693672,0.224693672,10/01/2021,12.58729548,InSAR
09/01/1934,0.242098882,0.242098882,0.242098882,0.242098882,0.242098882,0.242098882,11/01/2021,12.62829548,InSAR
10/01/1934,0.251163917,0.251163917,0.251163917,0.251163917,0.251163917,0.251163917,11/22/2021,12.63,Leveling
11/01/1934,0.251116573,0.251116573,0.251116573,0.251116573,0.251116573,0.251116573,12/01/2021,12.63529548,InSAR
12/01/1934,0.250894814,0.250894814,0.250894814,0.250894814,0.250894814,0.250894814,01/01/2022,12.62329548,InSAR
01/01/1935,0.256926512,0.256926512,0.256926512,0.256926512,0.256926512,0.256926512,02/01/2022,12.62029548,InSAR
02/01/1935,0.243473583,0.243473583,0.243473583,0.243473583,0.243473583,0.243473583,03/01/2022,12.60529548,InSAR
03/01/1935,0.234973748,0.234973748,0.234973748,0.234973748,0.234973748,0.234973748,04/01/2022,12.60429548,InSAR
04/01/1935,0.232185126,0.232185126,0.232185126,0.232185126,0.232185126,0.232185126,05/01/2022,12.66729548,InSAR
05/01/1935,0.213899011,0.213899011,0.213899011,0.213899011,0.213899011,0.213899011,06/01/2022,12.73829548,InSAR
06/01/1935,0.19445301,0.19445301,0.19445301,0.19445301,0.19445301,0.19445301,07/01/2022,12.84629548,InSAR
07/01/1935,0.18616248,0.18616248,0.18616248,0.18616248,0.18616248,0.18616248,08/01/2022,12.95829548,InSAR
08/01/1935,0.203111038,0.203111038,0.203111038,0.203111038,0.203111038,0.203111038,09/01/2022,13.02529548,InSAR
09/01/1935,0.203074799,0.203074799,0.203074799,0.203074799,0.203074799,0.203074799,10/01/2022,13.08729548,InSAR
10/01/1935,0.220384824,0.220384824,0.220384824,0.220384824,0.220384824,0.220384824,11/01/2022,13.14129548,InSAR
11/01/1935,0.229234771,0.229234771,0.229234771,0.229234771,0.229234771,0.229234771,12/01/2022,13.15929548,InSAR
12/01/1935,0.242490354,0.242490354,0.242490354,0.242490354,0.242490354,0.242490354,01/01/2023,13.15429548,InSAR
01/01/1936,0.266925278,0.266925278,0.266925278,0.266925278,0.266925278,0.266925278,02/01/2023,13.14729548,InSAR
02/01/1936,0.281822282,0.281822282,0.281822282,0.281822282,0.281822282,0.281822282,03/01/2023,13.13529548,InSAR
03/01/1936,0.284637367,0.284637367,0.284637367,0.284637367,0.284637367,0.284637367,04/01/2023,13.15529548,InSAR
04/01/1936,0.298372262,0.298372262,0.298372262,0.298372262,0.298372262,0.298372262,05/01/2023,13.13729548,InSAR
05/01/1936,0.300726637,0.300726637,0.300726637,0.300726637,0.300726637,0.300726637,06/01/2023,13.18529548,InSAR
06/01/1936,0.303921764,0.303921764,0.303921764,0.303921764,0.303921764,0.303921764,07/01/2023,13.23629548,InSAR
07/01/1936,0.320906438,0.320906438,0.320906438,0.320906438,0.320906438,0.320906438,08/01/2023,13.30429548,InSAR
08/01/1936,0.338771914,0.338771914,0.338771914,0.338771914,0.338771914,0.338771914,09/01/2023,13.34429548,InSAR
09/01/1936,0.347758288,0.347758288,0.347758288,0.347758288,0.347758288,0.347758288,10/01/2023,13.37729548,InSAR
10/01/1936,0.355930961,0.355930961,0.355930961,0.355930961,0.355930961,0.355930961,11/01/2023,13.40329548,InSAR
11/01/1936,0.364468085,0.364468085,0.364468085,0.364468085,0.364468085,0.364468085,12/01/2023,13.36429548,InSAR
12/01/1936,0.366745499,0.366745499,0.366745499,0.366745499,0.366745499,0.366745499,01/01/2024,13.31729548,InSAR
01/01/1937,0.402188739,0.402188739,0.402188739,0.402188739,0.402188739,0.402188739,02/01/2024,13.34929548,InSAR
02/01/1937,0.476046626,0.476046626,0.476046626,0.476046626,0.476046626,0.476046626,03/01/2024,13.34429548,InSAR
03/01/1937,0.510809644,0.510809644,0.510809644,0.510809644,0.510809644,0.510809644,04/01/2024,13.34429548,InSAR
04/01/1937,0.538242255,0.538242255,0.538242255,0.538242255,0.538242255,0.538242255,05/01/2024,13.36729548,InSAR
05/01/1937,0.552790214,0.552790214,0.552790214,0.552790214,0.552790214,0.552790214,06/01/2024,13.42329548,InSAR
06/01/1937,0.559161908,0.559161908,0.559161908,0.559161908,0.559161908,0.559161908,07/01/2024,13.49329548,InSAR
07/01/1937,0.566272752,0.566272752,0.566272752,0.566272752,0.566272752,0.566272752,08/01/2024,13.53829548,InSAR
08/01/1937,0.601030957,0.601030957,0.601030957,0.601030957,0.601030957,0.601030957,09/01/2024,13.60229548,InSAR
09/01/1937,0.641156071,0.641156071,0.641156071,0.641156071,0.641156071,0.641156071,10/01/2024,13.66129548,InSAR
10/01/1937,0.654903685,0.654903685,0.654903685,0.654903685,0.654903685,0.654903685,11/01/2024,13.68829548,InSAR
11/01/1937,0.675877971,0.675877971,0.675877971,0.675877971,0.675877971,0.675877971,12/01/2024,13.69429548,InSAR
12/01/1937,0.690286841,0.690286841,0.690286841,0.690286841,0.690286841,0.690286841,01/01/2025,13.68829548,InSAR
01/01/1938,0.707006013,0.707006013,0.707006013,0.707006013,0.707006013,0.707006013,02/01/2025,13.66629548,InSAR
02/01/1938,0.713426275,0.713426275,0.713426275,0.713426275,0.713426275,0.713426275,03/01/2025,13.64729548,InSAR
03/01/1938,0.713903004,0.713903004,0.713903004,0.713903004,0.713903004,0.713903004,04/01/2025,13.65629548,InSAR
04/01/1938,0.717225694,0.717225694,0.717225694,0.717225694,0.717225694,0.717225694,,,
05/01/1938,0.728410882,0.728410882,0.728410882,0.728410882,0.728410882,0.728410882,,,
06/01/1938,0.719812233,0.719812233,0.719812233,0.719812233,0.719812233,0.719812233,,,
07/01/1938,0.721373138,0.721373138,0.721373138,0.721373138,0.721373138,0.721373138,,,
08/01/1938,0.730708152,0.730708152,0.730708152,0.730708152,0.730708152,0.730708152,,,
09/01/1938,0.738683098,0.738683098,0.738683098,0.738683098,0.738683098,0.738683098,,,
10/01/1938,0.723619546,0.723619546,0.723619546,0.723619546,0.723619546,0.723619546,,,
11/01/1938,0.720361195,0.720361195,0.720361195,0.720361195,0.720361195,0.720361195,,,
12/01/1938,0.716693057,0.716693057,0.716693057,0.716693057,0.716693057,0.716693057,,,
01/01/1939,0.697263411,0.697263411,0.697263411,0.697263411,0.697263411,0.697263411,,,
02/01/1939,0.692285254,0.692285254,0.692285254,0.692285254,0.692285254,0.692285254,,,
03/01/1939,0.703400307,0.703400307,0.703400307,0.703400307,0.703400307,0.703400307,,,
04/01/1939,0.705529222,0.705529222,0.705529222,0.705529222,0.705529222,0.705529222,,,
05/01/1939,0.695430018,0.695430018,0.695430018,0.695430018,0.695430018,0.695430018,,,
06/01/1939,0.693737203,0.693737203,0.693737203,0.693737203,0.693737203,0.693737203,,,
07/01/1939,0.681096579,0.681096579,0.681096579,0.681096579,0.681096579,0.681096579,,,
08/01/1939,0.686328318,0.686328318,0.686328318,0.686328318,0.686328318,0.686328318,,,
09/01/1939,0.692323854,0.692323854,0.692323854,0.692323854,0.692323854,0.692323854,,,
10/01/1939,0.695222536,0.695222536,0.695222536,0.695222536,0.695222536,0.695222536,,,
11/01/1939,0.697021248,0.697021248,0.697021248,0.697021248,0.697021248,0.697021248,,,
12/01/1939,0.684249295,0.684249295,0.684249295,0.684249295,0.684249295,0.684249295,,,
01/01/1940,0.658723437,0.658723437,0.658723437,0.658723437,0.658723437,0.658723437,,,
02/01/1940,0.639633056,0.639633056,0.639633056,0.639633056,0.639633056,0.639633056,,,
03/01/1940,0.621045775,0.621045775,0.621045775,0.621045775,0.621045775,0.621045775,,,
04/01/1940,0.61232528,0.61232528,0.61232528,0.61232528,0.61232528,0.61232528,,,
05/01/1940,0.605911763,0.605911763,0.605911763,0.605911763,0.605911763,0.605911763,,,
06/01/1940,0.588708555,0.588708555,0.588708555,0.588708555,0.588708555,0.588708555,,,
07/01/1940,0.576743924,0.576743924,0.576743924,0.576743924,0.576743924,0.576743924,,,
08/01/1940,0.569246722,0.569246722,0.569246722,0.569246722,0.569246722,0.569246722,,,
09/01/1940,0.565533344,0.565533344,0.565533344,0.565533344,0.565533344,0.565533344,,,
10/01/1940,0.555666025,0.555666025,0.555666025,0.555666025,0.555666025,0.555666025,,,
11/01/1940,0.542046531,0.542046531,0.542046531,0.542046531,0.542046531,0.542046531,,,
12/01/1940,0.533837015,0.533837015,0.533837015,0.533837015,0.533837015,0.533837015,,,
01/01/1941,0.528639956,0.528639956,0.528639956,0.528639956,0.528639956,0.528639956,,,
02/01/1941,0.518108585,0.518108585,0.518108585,0.518108585,0.518108585,0.518108585,,,
03/01/1941,0.510866607,0.510866607,0.510866607,0.510866607,0.510866607,0.510866607,,,
04/01/1941,0.504055235,0.504055235,0.504055235,0.504055235,0.504055235,0.504055235,,,
05/01/1941,0.498954973,0.498954973,0.498954973,0.498954973,0.498954973,0.498954973,,,
06/01/1941,0.498556682,0.498556682,0.498556682,0.498556682,0.498556682,0.498556682,,,
07/01/1941,0.495883192,0.495883192,0.495883192,0.495883192,0.495883192,0.495883192,,,
08/01/1941,0.499936675,0.499936675,0.499936675,0.499936675,0.499936675,0.499936675,,,
09/01/1941,0.492728715,0.492728715,0.492728715,0.492728715,0.492728715,0.492728715,,,
10/01/1941,0.496983979,0.496983979,0.496983979,0.496983979,0.496983979,0.496983979,,,
11/01/1941,0.487938672,0.487938672,0.487938672,0.487938672,0.487938672,0.487938672,,,
12/01/1941,0.486964984,0.486964984,0.486964984,0.486964984,0.486964984,0.486964984,,,
01/01/1942,0.486287951,0.486287951,0.486287951,0.486287951,0.486287951,0.486287951,,,
02/01/1942,0.482552422,0.482552422,0.482552422,0.482552422,0.482552422,0.482552422,,,
03/01/1942,0.489267021,0.489267021,0.489267021,0.489267021,0.489267021,0.489267021,,,
04/01/1942,0.487436797,0.487436797,0.487436797,0.487436797,0.487436797,0.487436797,,,
05/01/1942,0.495187035,0.495187035,0.495187035,0.495187035,0.495187035,0.495187035,,,
06/01/1942,0.497592715,0.497592715,0.497592715,0.497592715,0.497592715,0.497592715,,,
07/01/1942,0.505983457,0.505983457,0.505983457,0.505983457,0.505983457,0.505983457,,,
08/01/1942,0.51447655,0.51447655,0.51447655,0.51447655,0.51447655,0.51447655,,,
09/01/1942,0.532774224,0.532774224,0.532774224,0.532774224,0.532774224,0.532774224,,,
10/01/1942,0.543055101,0.543055101,0.543055101,0.543055101,0.543055101,0.543055101,,,
11/01/1942,0.55618238,0.55618238,0.55618238,0.55618238,0.55618238,0.55618238,,,
12/01/1942,0.569197903,0.569197903,0.569197903,0.569197903,0.569197903,0.569197903,,,
01/01/1943,0.568829509,0.568829509,0.568829509,0.568829509,0.568829509,0.568829509,,,
02/01/1943,0.567914137,0.567914137,0.567914137,0.567914137,0.567914137,0.567914137,,,
03/01/1943,0.557946717,0.557946717,0.557946717,0.557946717,0.557946717,0.557946717,,,
04/01/1943,0.553076915,0.553076915,0.553076915,0.553076915,0.553076915,0.553076915,,,
05/01/1943,0.569820369,0.569820369,0.569820369,0.569820369,0.569820369,0.569820369,,,
06/01/1943,0.581058963,0.581058963,0.581058963,0.581058963,0.581058963,0.581058963,,,
07/01/1943,0.597157311,0.597157311,0.597157311,0.597157311,0.597157311,0.597157311,,,
08/01/1943,0.601876351,0.601876351,0.601876351,0.601876351,0.601876351,0.601876351,,,
09/01/1943,0.605076541,0.605076541,0.605076541,0.605076541,0.605076541,0.605076541,,,
10/01/1943,0.612965519,0.612965519,0.612965519,0.612965519,0.612965519,0.612965519,,,
11/01/1943,0.616312295,0.616312295,0.616312295,0.616312295,0.616312295,0.616312295,,,
12/01/1943,0.617929884,0.617929884,0.617929884,0.617929884,0.617929884,0.617929884,,,
01/01/1944,0.626600288,0.626600288,0.626600288,0.626600288,0.626600288,0.626600288,,,
02/01/1944,0.630871072,0.630871072,0.630871072,0.630871072,0.630871072,0.630871072,,,
03/01/1944,0.628357008,0.628357008,0.628357008,0.628357008,0.628357008,0.628357008,,,
04/01/1944,0.632271735,0.632271735,0.632271735,0.632271735,0.632271735,0.632271735,,,
05/01/1944,0.618505255,0.618505255,0.618505255,0.618505255,0.618505255,0.618505255,,,
06/01/1944,0.615666152,0.615666152,0.615666152,0.615666152,0.615666152,0.615666152,,,
07/01/1944,0.620299488,0.620299488,0.620299488,0.620299488,0.620299488,0.620299488,,,
08/01/1944,0.636815677,0.636815677,0.636815677,0.636815677,0.636815677,0.636815677,,,
09/01/1944,0.648944078,0.648944078,0.648944078,0.648944078,0.648944078,0.648944078,,,
10/01/1944,0.65949917,0.65949917,0.65949917,0.65949917,0.65949917,0.65949917,,,
11/01/1944,0.666824274,0.666824274,0.666824274,0.666824274,0.666824274,0.666824274,,,
12/01/1944,0.683575704,0.683575704,0.683575704,0.683575704,0.683575704,0.683575704,,,
01/01/1945,0.717395347,0.717395347,0.717395347,0.717395347,0.717395347,0.717395347,,,
02/01/1945,0.725201364,0.725201364,0.725201364,0.725201364,0.725201364,0.725201364,,,
03/01/1945,0.716943406,0.716943406,0.716943406,0.716943406,0.716943406,0.716943406,,,
04/01/1945,0.712357725,0.712357725,0.712357725,0.712357725,0.712357725,0.712357725,,,
05/01/1945,0.708069802,0.708069802,0.708069802,0.708069802,0.708069802,0.708069802,,,
06/01/1945,0.702692299,0.702692299,0.702692299,0.702692299,0.702692299,0.702692299,,,
07/01/1945,0.708693012,0.708693012,0.708693012,0.708693012,0.708693012,0.708693012,,,
08/01/1945,0.717062297,0.717062297,0.717062297,0.717062297,0.717062297,0.717062297,,,
09/01/1945,0.716002181,0.716002181,0.716002181,0.716002181,0.716002181,0.716002181,,,
10/01/1945,0.723902507,0.723902507,0.723902507,0.723902507,0.723902507,0.723902507,,,
11/01/1945,0.732575445,0.732575445,0.732575445,0.732575445,0.732575445,0.732575445,,,
12/01/1945,0.745682575,0.745682575,0.745682575,0.745682575,0.745682575,0.745682575,,,
01/01/1946,0.751046482,0.751046482,0.751046482,0.751046482,0.751046482,0.751046482,,,
02/01/1946,0.756808922,0.756808922,0.756808922,0.756808922,0.756808922,0.756808922,,,
03/01/1946,0.769501755,0.769501755,0.769501755,0.769501755,0.769501755,0.769501755,,,
04/01/1946,0.750074346,0.750074346,0.750074346,0.750074346,0.750074346,0.750074346,,,
05/01/1946,0.740679352,0.740679352,0.740679352,0.740679352,0.740679352,0.740679352,,,
06/01/1946,0.736726053,0.736726053,0.736726053,0.736726053,0.736726053,0.736726053,,,
07/01/1946,0.742407497,0.742407497,0.742407497,0.742407497,0.742407497,0.742407497,,,
08/01/1946,0.748506465,0.748506465,0.748506465,0.748506465,0.748506465,0.748506465,,,
09/01/1946,0.763825871,0.763825871,0.763825871,0.763825871,0.763825871,0.763825871,,,
10/01/1946,0.77909955,0.77909955,0.77909955,0.77909955,0.77909955,0.77909955,,,
11/01/1946,0.785217985,0.785217985,0.785217985,0.785217985,0.785217985,0.785217985,,,
12/01/1946,0.783257302,0.783257302,0.783257302,0.783257302,0.783257302,0.783257302,,,
01/01/1947,0.814510484,0.814510484,0.814510484,0.814510484,0.814510484,0.814510484,,,
02/01/1947,0.839372694,0.839372694,0.839372694,0.839372694,0.839372694,0.839372694,,,
03/01/1947,0.841851701,0.841851701,0.841851701,0.841851701,0.841851701,0.841851701,,,
04/01/1947,0.848965352,0.848965352,0.848965352,0.848965352,0.848965352,0.848965352,,,
05/01/1947,0.851412564,0.851412564,0.851412564,0.851412564,0.851412564,0.851412564,,,
06/01/1947,0.918628095,0.918628095,0.918628095,0.918628095,0.918628095,0.918628095,,,
07/01/1947,0.951315979,0.951315979,0.951315979,0.951315979,0.951315979,0.951315979,,,
08/01/1947,0.990719561,0.990719561,0.990719561,0.990719561,0.990719561,0.990719561,,,
09/01/1947,1.010599634,1.010599634,1.010599634,1.010599634,1.010599634,1.010599634,,,
10/01/1947,1.021291299,1.021291299,1.021291299,1.021291299,1.021291299,1.021291299,,,
11/01/1947,1.034904969,1.034904969,1.034904969,1.034904969,1.034904969,1.034904969,,,
12/01/1947,1.047489913,1.047489913,1.047489913,1.047489913,1.047489913,1.047489913,,,
01/01/1948,1.097924699,1.097924699,1.097924699,1.097924699,1.097924699,1.097924699,,,
02/01/1948,1.132833994,1.132833994,1.132833994,1.132833994,1.132833994,1.132833994,,,
03/01/1948,1.176469912,1.176469912,1.176469912,1.176469912,1.176469912,1.176469912,,,
04/01/1948,1.207275596,1.207275596,1.207275596,1.207275596,1.207275596,1.207275596,,,
05/01/1948,1.293398147,1.293398147,1.293398147,1.293398147,1.293398147,1.293398147,,,
06/01/1948,1.380103357,1.380103357,1.380103357,1.380103357,1.380103357,1.380103357,,,
07/01/1948,1.450585969,1.450585969,1.450585969,1.450585969,1.450585969,1.450585969,,,
08/01/1948,1.520305762,1.520305762,1.520305762,1.520305762,1.520305762,1.520305762,,,
09/01/1948,1.588487702,1.588487702,1.588487702,1.588487702,1.588487702,1.588487702,,,
10/01/1948,1.653503777,1.653503777,1.653503777,1.653503777,1.653503777,1.653503777,,,
11/01/1948,1.718733729,1.718733729,1.718733729,1.718733729,1.718733729,1.718733729,,,
12/01/1948,1.781740147,1.781740147,1.781740147,1.781740147,1.781740147,1.781740147,,,
01/01/1949,1.844857225,1.844857225,1.844857225,1.844857225,1.844857225,1.844857225,,,
02/01/1949,1.895011289,1.895011289,1.895011289,1.895011289,1.895011289,1.895011289,,,
03/01/1949,1.922776775,1.922776775,1.922776775,1.922776775,1.922776775,1.922776775,,,
04/01/1949,1.938050523,1.938050523,1.938050523,1.938050523,1.938050523,1.938050523,,,
05/01/1949,1.971182424,1.971182424,1.971182424,1.971182424,1.971182424,1.971182424,,,
06/01/1949,1.990563479,1.990563479,1.990563479,1.990563479,1.990563479,1.990563479,,,
07/01/1949,2.001924672,2.001924672,2.001924672,2.001924672,2.001924672,2.001924672,,,
08/01/1949,2.027809857,2.027809857,2.027809857,2.027809857,2.027809857,2.027809857,,,
09/01/1949,2.033622521,2.033622521,2.033622521,2.033622521,2.033622521,2.033622521,,,
10/01/1949,2.050093747,2.050093747,2.050093747,2.050093747,2.050093747,2.050093747,,,
11/01/1949,2.060588844,2.060588844,2.060588844,2.060588844,2.060588844,2.060588844,,,
12/01/1949,2.080196486,2.080196486,2.080196486,2.080196486,2.080196486,2.080196486,,,
01/01/1950,2.090810057,2.090810057,2.090810057,2.090810057,2.090810057,2.090810057,,,
02/01/1950,2.108658732,2.108658732,2.108658732,2.108658732,2.108658732,2.108658732,,,
03/01/1950,2.123699475,2.123699475,2.123699475,2.123699475,2.123699475,2.123699475,,,
04/01/1950,2.152135902,2.152135902,2.152135902,2.152135902,2.152135902,2.152135902,,,
05/01/1950,2.163201579,2.163201579,2.163201579,2.163201579,2.163201579,2.163201579,,,
06/01/1950,2.158816564,2.158816564,2.158816564,2.158816564,2.158816564,2.158816564,,,
07/01/1950,2.158999855,2.158999855,2.158999855,2.158999855,2.158999855,2.158999855,,,
08/01/1950,2.153799816,2.153799816,2.153799816,2.153799816,2.153799816,2.153799816,,,
09/01/1950,2.143016067,2.143016067,2.143016067,2.143016067,2.143016067,2.143016067,,,
10/01/1950,2.12717504,2.12717504,2.12717504,2.12717504,2.12717504,2.12717504,,,
11/01/1950,2.111369684,2.111369684,2.111369684,2.111369684,2.111369684,2.111369684,,,
12/01/1950,2.098040783,2.098040783,2.098040783,2.098040783,2.098040783,2.098040783,,,
01/01/1951,2.088262987,2.088262987,2.088262987,2.088262987,2.088262987,2.088262987,,,
02/01/1951,2.078838068,2.078838068,2.078838068,2.078838068,2.078838068,2.078838068,,,
03/01/1951,2.074680609,2.074680609,2.074680609,2.074680609,2.074680609,2.074680609,,,
04/01/1951,2.074117056,2.074117056,2.074117056,2.074117056,2.074117056,2.074117056,,,
05/01/1951,2.061754987,2.061754987,2.061754987,2.061754987,2.061754987,2.061754987,,,
06/01/1951,2.055871961,2.055871961,2.055871961,2.055871961,2.055871961,2.055871961,,,
07/01/1951,2.051250888,2.051250888,2.051250888,2.051250888,2.051250888,2.051250888,,,
08/01/1951,2.04623498,2.04623498,2.04623498,2.04623498,2.04623498,2.04623498,,,
09/01/1951,2.045168226,2.045168226,2.045168226,2.045168226,2.045168226,2.045168226,,,
10/01/1951,2.053002373,2.053002373,2.053002373,2.053002373,2.053002373,2.053002373,,,
11/01/1951,2.053020573,2.053020573,2.053020573,2.053020573,2.053020573,2.053020573,,,
12/01/1951,2.05317739,2.05317739,2.05317739,2.05317739,2.05317739,2.05317739,,,
01/01/1952,2.04830592,2.04830592,2.04830592,2.04830592,2.04830592,2.04830592,,,
02/01/1952,2.048571205,2.048571205,2.048571205,2.048571205,2.048571205,2.048571205,,,
03/01/1952,2.042026068,2.042026068,2.042026068,2.042026068,2.042026068,2.042026068,,,
04/01/1952,2.044040425,2.044040425,2.044040425,2.044040425,2.044040425,2.044040425,,,
05/01/1952,2.062054729,2.062054729,2.062054729,2.062054729,2.062054729,2.062054729,,,
06/01/1952,2.087954761,2.087954761,2.087954761,2.087954761,2.087954761,2.087954761,,,
07/01/1952,2.091089915,2.091089915,2.091089915,2.091089915,2.091089915,2.091089915,,,
08/01/1952,2.086962682,2.086962682,2.086962682,2.086962682,2.086962682,2.086962682,,,
09/01/1952,2.088940179,2.088940179,2.088940179,2.088940179,2.088940179,2.088940179,,,
10/01/1952,2.085857685,2.085857685,2.085857685,2.085857685,2.085857685,2.085857685,,,
11/01/1952,2.083862717,2.083862717,2.083862717,2.083862717,2.083862717,2.083862717,,,
12/01/1952,2.074968725,2.074968725,2.074968725,2.074968725,2.074968725,2.074968725,,,
01/01/1953,2.066062353,2.066062353,2.066062353,2.066062353,2.066062353,2.066062353,,,
02/01/1953,2.066550136,2.066550136,2.066550136,2.066550136,2.066550136,2.066550136,,,
03/01/1953,2.062361852,2.062361852,2.062361852,2.062361852,2.062361852,2.062361852,,,
04/01/1953,2.06435225,2.06435225,2.06435225,2.06435225,2.06435225,2.06435225,,,
05/01/1953,2.057115006,2.057115006,2.057115006,2.057115006,2.057115006,2.057115006,,,
06/01/1953,2.062975685,2.062975685,2.062975685,2.062975685,2.062975685,2.062975685,,,
07/01/1953,2.058765269,2.058765269,2.058765269,2.058765269,2.058765269,2.058765269,,,
08/01/1953,2.054279279,2.054279279,2.054279279,2.054279279,2.054279279,2.054279279,,,
09/01/1953,2.054376043,2.054376043,2.054376043,2.054376043,2.054376043,2.054376043,,,
10/01/1953,2.056500822,2.056500822,2.056500822,2.056500822,2.056500822,2.056500822,,,
11/01/1953,2.056876974,2.056876974,2.056876974,2.056876974,2.056876974,2.056876974,,,
12/01/1953,2.055428522,2.055428522,2.055428522,2.055428522,2.055428522,2.055428522,,,
01/01/1954,2.050702965,2.050702965,2.050702965,2.050702965,2.050702965,2.050702965,,,
02/01/1954,2.044789265,2.044789265,2.044789265,2.044789265,2.044789265,2.044789265,,,
03/01/1954,2.040391861,2.040391861,2.040391861,2.040391861,2.040391861,2.040391861,,,
04/01/1954,2.03689136,2.03689136,2.03689136,2.03689136,2.03689136,2.03689136,,,
05/01/1954,2.034936039,2.034936039,2.034936039,2.034936039,2.034936039,2.034936039,,,
06/01/1954,2.033960302,2.033960302,2.033960302,2.033960302,2.033960302,2.033960302,,,
07/01/1954,2.033068832,2.033068832,2.033068832,2.033068832,2.033068832,2.033068832,,,
08/01/1954,2.035828092,2.035828092,2.035828092,2.035828092,2.035828092,2.035828092,,,
09/01/1954,2.039696412,2.039696412,2.039696412,2.039696412,2.039696412,2.039696412,,,
10/01/1954,2.039625856,2.039625856,2.039625856,2.039625856,2.039625856,2.039625856,,,
11/01/1954,2.042142369,2.042142369,2.042142369,2.042142369,2.042142369,2.042142369,,,
12/01/1954,2.041520129,2.041520129,2.041520129,2.041520129,2.041520129,2.041520129,,,
01/01/1955,2.038142295,2.038142295,2.038142295,2.038142295,2.038142295,2.038142295,,,
02/01/1955,2.034283811,2.034283811,2.034283811,2.034283811,2.034283811,2.034283811,,,
03/01/1955,2.031674015,2.031674015,2.031674015,2.031674015,2.031674015,2.031674015,,,
04/01/1955,2.027638808,2.027638808,2.027638808,2.027638808,2.027638808,2.027638808,,,
05/01/1955,2.025244344,2.025244344,2.025244344,2.025244344,2.025244344,2.025244344,,,
06/01/1955,2.024325164,2.024325164,2.024325164,2.024325164,2.024325164,2.024325164,,,
07/01/1955,2.024948335,2.024948335,2.024948335,2.024948335,2.024948335,2.024948335,,,
08/01/1955,2.02718566,2.02718566,2.02718566,2.02718566,2.02718566,2.02718566,,,
09/01/1955,2.027545498,2.027545498,2.027545498,2.027545498,2.027545498,2.027545498,,,
10/01/1955,2.027568839,2.027568839,2.027568839,2.027568839,2.027568839,2.027568839,,,
11/01/1955,2.025137013,2.025137013,2.025137013,2.025137013,2.025137013,2.025137013,,,
12/01/1955,2.022588119,2.022588119,2.022588119,2.022588119,2.022588119,2.022588119,,,
01/01/1956,2.019612925,2.019612925,2.019612925,2.019612925,2.019612925,2.019612925,,,
02/01/1956,2.014481397,2.014481397,2.014481397,2.014481397,2.014481397,2.014481397,,,
03/01/1956,2.011410845,2.011410845,2.011410845,2.011410845,2.011410845,2.011410845,,,
04/01/1956,2.006925542,2.006925542,2.006925542,2.006925542,2.006925542,2.006925542,,,
05/01/1956,2.005126178,2.005126178,2.005126178,2.005126178,2.005126178,2.005126178,,,
06/01/1956,2.003443741,2.003443741,2.003443741,2.003443741,2.003443741,2.003443741,,,
07/01/1956,2.003985336,2.003985336,2.003985336,2.003985336,2.003985336,2.003985336,,,
08/01/1956,2.001796624,2.001796624,2.001796624,2.001796624,2.001796624,2.001796624,,,
09/01/1956,2.003372239,2.003372239,2.003372239,2.003372239,2.003372239,2.003372239,,,
10/01/1956,2.006206954,2.006206954,2.006206954,2.006206954,2.006206954,2.006206954,,,
11/01/1956,2.008133151,2.008133151,2.008133151,2.008133151,2.008133151,2.008133151,,,
12/01/1956,2.007532646,2.007532646,2.007532646,2.007532646,2.007532646,2.007532646,,,
01/01/1957,2.00675354,2.00675354,2.00675354,2.00675354,2.00675354,2.00675354,,,
02/01/1957,2.009457651,2.009457651,2.009457651,2.009457651,2.009457651,2.009457651,,,
03/01/1957,2.010099979,2.010099979,2.010099979,2.010099979,2.010099979,2.010099979,,,
04/01/1957,2.009633411,2.009633411,2.009633411,2.009633411,2.009633411,2.009633411,,,
05/01/1957,2.009885265,2.009885265,2.009885265,2.009885265,2.009885265,2.009885265,,,
06/01/1957,2.009968361,2.009968361,2.009968361,2.009968361,2.009968361,2.009968361,,,
07/01/1957,2.013055064,2.013055064,2.013055064,2.013055064,2.013055064,2.013055064,,,
08/01/1957,2.013202056,2.013202056,2.013202056,2.013202056,2.013202056,2.013202056,,,
09/01/1957,2.014711035,2.014711035,2.014711035,2.014711035,2.014711035,2.014711035,,,
10/01/1957,2.016553795,2.016553795,2.016553795,2.016553795,2.016553795,2.016553795,,,
11/01/1957,2.019220621,2.019220621,2.019220621,2.019220621,2.019220621,2.019220621,,,
12/01/1957,2.020283873,2.020283873,2.020283873,2.020283873,2.020283873,2.020283873,,,
01/01/1958,2.019755915,2.019755915,2.019755915,2.019755915,2.019755915,2.019755915,,,
02/01/1958,2.018644814,2.018644814,2.018644814,2.018644814,2.018644814,2.018644814,,,
03/01/1958,2.016855751,2.016855751,2.016855751,2.016855751,2.016855751,2.016855751,,,
04/01/1958,2.018967512,2.018967512,2.018967512,2.018967512,2.018967512,2.018967512,,,
05/01/1958,2.018488499,2.018488499,2.018488499,2.018488499,2.018488499,2.018488499,,,
06/01/1958,2.026238608,2.026238608,2.026238608,2.026238608,2.026238608,2.026238608,,,
07/01/1958,2.031257025,2.031257025,2.031257025,2.031257025,2.031257025,2.031257025,,,
08/01/1958,2.028784109,2.028784109,2.028784109,2.028784109,2.028784109,2.028784109,,,
09/01/1958,2.026650185,2.026650185,2.026650185,2.026650185,2.026650185,2.026650185,,,
10/01/1958,2.024496069,2.024496069,2.024496069,2.024496069,2.024496069,2.024496069,,,
11/01/1958,2.025811987,2.025811987,2.025811987,2.025811987,2.025811987,2.025811987,,,
12/01/1958,2.032425668,2.032425668,2.032425668,2.032425668,2.032425668,2.032425668,,,
01/01/1959,2.035947606,2.035947606,2.035947606,2.035947606,2.035947606,2.035947606,,,
02/01/1959,2.036769214,2.036769214,2.036769214,2.036769214,2.036769214,2.036769214,,,
03/01/1959,2.031345453,2.031345453,2.031345453,2.031345453,2.031345453,2.031345453,,,
04/01/1959,2.025779427,2.025779427,2.025779427,2.025779427,2.025779427,2.025779427,,,
05/01/1959,2.028556247,2.028556247,2.028556247,2.028556247,2.028556247,2.028556247,,,
06/01/1959,2.037817789,2.037817789,2.037817789,2.037817789,2.037817789,2.037817789,,,
07/01/1959,2.044025468,2.044025468,2.044025468,2.044025468,2.044025468,2.044025468,,,
08/01/1959,2.042369227,2.042369227,2.042369227,2.042369227,2.042369227,2.042369227,,,
09/01/1959,2.048429791,2.048429791,2.048429791,2.048429791,2.048429791,2.048429791,,,
10/01/1959,2.05357005,2.05357005,2.05357005,2.05357005,2.05357005,2.05357005,,,
11/01/1959,2.076236932,2.076236932,2.076236932,2.076236932,2.076236932,2.076236932,,,
12/01/1959,2.092327253,2.092327253,2.092327253,2.092327253,2.092327253,2.092327253,,,
01/01/1960,2.11148822,2.11148822,2.11148822,2.11148822,2.11148822,2.11148822,,,
02/01/1960,2.130344434,2.130344434,2.130344434,2.130344434,2.130344434,2.130344434,,,
03/01/1960,2.153157744,2.153157744,2.153157744,2.153157744,2.153157744,2.153157744,,,
04/01/1960,2.184298785,2.184298785,2.184298785,2.184298785,2.184298785,2.184298785,,,
05/01/1960,2.198656375,2.198656375,2.198656375,2.198656375,2.198656375,2.198656375,,,
06/01/1960,2.243764079,2.243764079,2.243764079,2.243764079,2.243764079,2.243764079,,,
07/01/1960,2.286903889,2.286903889,2.286903889,2.286903889,2.286903889,2.286903889,,,
08/01/1960,2.335526384,2.335526384,2.335526384,2.335526384,2.335526384,2.335526384,,,
09/01/1960,2.414292221,2.414292221,2.414292221,2.414292221,2.414292221,2.414292221,,,
10/01/1960,2.472612402,2.472612402,2.472612402,2.472612402,2.472612402,2.472612402,,,
11/01/1960,2.524831395,2.524831395,2.524831395,2.524831395,2.524831395,2.524831395,,,
12/01/1960,2.526560258,2.526560258,2.526560258,2.526560258,2.526560258,2.526560258,,,
01/01/1961,2.530373654,2.530373654,2.530373654,2.530373654,2.530373654,2.530373654,,,
02/01/1961,2.535529471,2.535529471,2.535529471,2.535529471,2.535529471,2.535529471,,,
03/01/1961,2.529278967,2.529278967,2.529278967,2.529278967,2.529278967,2.529278967,,,
04/01/1961,2.532460432,2.532460432,2.532460432,2.532460432,2.532460432,2.532460432,,,
05/01/1961,2.527009532,2.527009532,2.527009532,2.527009532,2.527009532,2.527009532,,,
06/01/1961,2.517609978,2.517609978,2.517609978,2.517609978,2.517609978,2.517609978,,,
07/01/1961,2.510720614,2.510720614,2.510720614,2.510720614,2.510720614,2.510720614,,,
08/01/1961,2.506150168,2.506150168,2.506150168,2.506150168,2.506150168,2.506150168,,,
09/01/1961,2.506752457,2.506752457,2.506752457,2.506752457,2.506752457,2.506752457,,,
10/01/1961,2.511941755,2.511941755,2.511941755,2.511941755,2.511941755,2.511941755,,,
11/01/1961,2.522724956,2.522724956,2.522724956,2.522724956,2.522724956,2.522724956,,,
12/01/1961,2.527106092,2.527106092,2.527106092,2.527106092,2.527106092,2.527106092,,,
01/01/1962,2.534756582,2.534756582,2.534756582,2.534756582,2.534756582,2.534756582,,,
02/01/1962,2.539023762,2.539023762,2.539023762,2.539023762,2.539023762,2.539023762,,,
03/01/1962,2.542279487,2.542279487,2.542279487,2.542279487,2.542279487,2.542279487,,,
04/01/1962,2.546700034,2.546700034,2.546700034,2.546700034,2.546700034,2.546700034,,,
05/01/1962,2.546155652,2.546155652,2.546155652,2.546155652,2.546155652,2.546155652,,,
06/01/1962,2.547105951,2.547105951,2.547105951,2.547105951,2.547105951,2.547105951,,,
07/01/1962,2.546604946,2.546604946,2.546604946,2.546604946,2.546604946,2.546604946,,,
08/01/1962,2.556130105,2.556130105,2.556130105,2.556130105,2.556130105,2.556130105,,,
09/01/1962,2.553648581,2.553648581,2.553648581,2.553648581,2.553648581,2.553648581,,,
10/01/1962,2.559100734,2.559100734,2.559100734,2.559100734,2.559100734,2.559100734,,,
11/01/1962,2.563563054,2.563563054,2.563563054,2.563563054,2.563563054,2.563563054,,,
12/01/1962,2.563251293,2.563251293,2.563251293,2.563251293,2.563251293,2.563251293,,,
01/01/1963,2.562503569,2.562503569,2.562503569,2.562503569,2.562503569,2.562503569,,,
02/01/1963,2.561875093,2.561875093,2.561875093,2.561875093,2.561875093,2.561875093,,,
03/01/1963,2.560169608,2.560169608,2.560169608,2.560169608,2.560169608,2.560169608,,,
04/01/1963,2.55676016,2.55676016,2.55676016,2.55676016,2.55676016,2.55676016,,,
05/01/1963,2.561335002,2.561335002,2.561335002,2.561335002,2.561335002,2.561335002,,,
06/01/1963,2.560247498,2.560247498,2.560247498,2.560247498,2.560247498,2.560247498,,,
07/01/1963,2.560771258,2.560771258,2.560771258,2.560771258,2.560771258,2.560771258,,,
08/01/1963,2.562331203,2.562331203,2.562331203,2.562331203,2.562331203,2.562331203,,,
09/01/1963,2.562502279,2.562502279,2.562502279,2.562502279,2.562502279,2.562502279,,,
10/01/1963,2.572691681,2.572691681,2.572691681,2.572691681,2.572691681,2.572691681,,,
11/01/1963,2.575921012,2.575921012,2.575921012,2.575921012,2.575921012,2.575921012,,,
12/01/1963,2.571867907,2.571867907,2.571867907,2.571867907,2.571867907,2.571867907,,,
01/01/1964,2.569304658,2.569304658,2.569304658,2.569304658,2.569304658,2.569304658,,,
02/01/1964,2.567492287,2.567492287,2.567492287,2.567492287,2.567492287,2.567492287,,,
03/01/1964,2.565767807,2.565767807,2.565767807,2.565767807,2.565767807,2.565767807,,,
04/01/1964,2.567395338,2.567395338,2.567395338,2.567395338,2.567395338,2.567395338,,,
05/01/1964,2.569908519,2.569908519,2.569908519,2.569908519,2.569908519,2.569908519,,,
06/01/1964,2.582844526,2.582844526,2.582844526,2.582844526,2.582844526,2.582844526,,,
07/01/1964,2.579927723,2.579927723,2.579927723,2.579927723,2.579927723,2.579927723,,,
08/01/1964,2.590613193,2.590613193,2.590613193,2.590613193,2.590613193,2.590613193,,,
09/01/1964,2.606824129,2.606824129,2.606824129,2.606824129,2.606824129,2.606824129,,,
10/01/1964,2.619472669,2.619472669,2.619472669,2.619472669,2.619472669,2.619472669,,,
11/01/1964,2.628768186,2.628768186,2.628768186,2.628768186,2.628768186,2.628768186,,,
12/01/1964,2.637215129,2.637215129,2.637215129,2.637215129,2.637215129,2.637215129,,,
01/01/1965,2.643700441,2.643700441,2.643700441,2.643700441,2.643700441,2.643700441,,,
02/01/1965,2.654523565,2.654523565,2.654523565,2.654523565,2.654523565,2.654523565,,,
03/01/1965,2.684495489,2.684495489,2.684495489,2.684495489,2.684495489,2.684495489,,,
04/01/1965,2.7022402,2.7022402,2.7022402,2.7022402,2.7022402,2.7022402,,,
05/01/1965,2.726322345,2.726322345,2.726322345,2.726322345,2.726322345,2.726322345,,,
06/01/1965,2.738099787,2.738099787,2.738099787,2.738099787,2.738099787,2.738099787,,,
07/01/1965,2.751347033,2.751347033,2.751347033,2.751347033,2.751347033,2.751347033,,,
08/01/1965,2.756552192,2.756552192,2.756552192,2.756552192,2.756552192,2.756552192,,,
09/01/1965,2.76283302,2.76283302,2.76283302,2.76283302,2.76283302,2.76283302,,,
10/01/1965,2.771936499,2.771936499,2.771936499,2.771936499,2.771936499,2.771936499,,,
11/01/1965,2.786613079,2.786613079,2.786613079,2.786613079,2.786613079,2.786613079,,,
12/01/1965,2.800005601,2.800005601,2.800005601,2.800005601,2.800005601,2.800005601,,,
01/01/1966,2.806731616,2.806731616,2.806731616,2.806731616,2.806731616,2.806731616,,,
02/01/1966,2.816564662,2.816564662,2.816564662,2.816564662,2.816564662,2.816564662,,,
03/01/1966,2.818072017,2.818072017,2.818072017,2.818072017,2.818072017,2.818072017,,,
04/01/1966,2.832428916,2.832428916,2.832428916,2.832428916,2.832428916,2.832428916,,,
05/01/1966,2.855607091,2.855607091,2.855607091,2.855607091,2.855607091,2.855607091,,,
06/01/1966,2.88427066,2.88427066,2.88427066,2.88427066,2.88427066,2.88427066,,,
07/01/1966,2.891902787,2.891902787,2.891902787,2.891902787,2.891902787,2.891902787,,,
08/01/1966,2.910111828,2.910111828,2.910111828,2.910111828,2.910111828,2.910111828,,,
09/01/1966,2.929647854,2.929647854,2.929647854,2.929647854,2.929647854,2.929647854,,,
10/01/1966,2.942152879,2.942152879,2.942152879,2.942152879,2.942152879,2.942152879,,,
11/01/1966,2.960361247,2.960361247,2.960361247,2.960361247,2.960361247,2.960361247,,,
12/01/1966,2.978200328,2.978200328,2.978200328,2.978200328,2.978200328,2.978200328,,,
01/01/1967,2.990416405,2.990416405,2.990416405,2.990416405,2.990416405,2.990416405,,,
02/01/1967,2.999526578,2.999526578,2.999526578,2.999526578,2.999526578,2.999526578,,,
03/01/1967,3.005338845,3.005338845,3.005338845,3.005338845,3.005338845,3.005338845,,,
04/01/1967,3.013172053,3.013172053,3.013172053,3.013172053,3.013172053,3.013172053,,,
05/01/1967,3.017169766,3.017169766,3.017169766,3.017169766,3.017169766,3.017169766,,,
06/01/1967,3.025385403,3.025385403,3.025385403,3.025385403,3.025385403,3.025385403,,,
07/01/1967,3.035377676,3.035377676,3.035377676,3.035377676,3.035377676,3.035377676,,,
08/01/1967,3.051058735,3.051058735,3.051058735,3.051058735,3.051058735,3.051058735,,,
09/01/1967,3.061097902,3.061097902,3.061097902,3.061097902,3.061097902,3.061097902,,,
10/01/1967,3.071937491,3.071937491,3.071937491,3.071937491,3.071937491,3.071937491,,,
11/01/1967,3.075160893,3.075160893,3.075160893,3.075160893,3.075160893,3.075160893,,,
12/01/1967,3.082229359,3.082229359,3.082229359,3.082229359,3.082229359,3.082229359,,,
01/01/1968,3.093339397,3.093339397,3.093339397,3.093339397,3.093339397,3.093339397,,,
02/01/1968,3.107144538,3.107144538,3.107144538,3.107144538,3.107144538,3.107144538,,,
03/01/1968,3.11437341,3.11437341,3.11437341,3.11437341,3.11437341,3.11437341,,,
04/01/1968,3.122183974,3.122183974,3.122183974,3.122183974,3.122183974,3.122183974,,,
05/01/1968,3.136143611,3.136143611,3.136143611,3.136143611,3.136143611,3.136143611,,,
06/01/1968,3.135976064,3.135976064,3.135976064,3.135976064,3.135976064,3.135976064,,,
07/01/1968,3.140398777,3.140398777,3.140398777,3.140398777,3.140398777,3.140398777,,,
08/01/1968,3.147904227,3.147904227,3.147904227,3.147904227,3.147904227,3.147904227,,,
09/01/1968,3.154311561,3.154311561,3.154311561,3.154311561,3.154311561,3.154311561,,,
10/01/1968,3.163088348,3.163088348,3.163088348,3.163088348,3.163088348,3.163088348,,,
11/01/1968,3.158663353,3.158663353,3.158663353,3.158663353,3.158663353,3.158663353,,,
12/01/1968,3.155567892,3.155567892,3.155567892,3.155567892,3.155567892,3.155567892,,,
01/01/1969,3.159455175,3.159455175,3.159455175,3.159455175,3.159455175,3.159455175,,,
02/01/1969,3.166905668,3.166905668,3.166905668,3.166905668,3.166905668,3.166905668,,,
03/01/1969,3.179586533,3.179586533,3.179586533,3.179586533,3.179586533,3.179586533,,,
04/01/1969,3.192386442,3.192386442,3.192386442,3.192386442,3.192386442,3.192386442,,,
05/01/1969,3.204061257,3.204061257,3.204061257,3.204061257,3.204061257,3.204061257,,,
06/01/1969,3.218996677,3.218996677,3.218996677,3.218996677,3.218996677,3.218996677,,,
07/01/1969,3.240311679,3.240311679,3.240311679,3.240311679,3.240311679,3.240311679,,,
08/01/1969,3.28090029,3.28090029,3.28090029,3.28090029,3.28090029,3.28090029,,,
09/01/1969,3.316549227,3.316549227,3.316549227,3.316549227,3.316549227,3.316549227,,,
10/01/1969,3.356662773,3.356662773,3.356662773,3.356662773,3.356662773,3.356662773,,,
11/01/1969,3.405087188,3.405087188,3.405087188,3.405087188,3.405087188,3.405087188,,,
12/01/1969,3.427425385,3.427425385,3.427425385,3.427425385,3.427425385,3.427425385,,,
01/01/1970,3.430897395,3.430897395,3.430897395,3.430897395,3.430897395,3.430897395,,,
02/01/1970,3.443831006,3.443831006,3.443831006,3.443831006,3.443831006,3.443831006,,,
03/01/1970,3.441537019,3.441537019,3.441537019,3.441537019,3.441537019,3.441537019,,,
04/01/1970,3.43883819,3.43883819,3.43883819,3.43883819,3.43883819,3.43883819,,,
05/01/1970,3.439719065,3.439719065,3.439719065,3.439719065,3.439719065,3.439719065,,,
06/01/1970,3.443097242,3.443097242,3.443097242,3.443097242,3.443097242,3.443097242,,,
07/01/1970,3.449164787,3.449164787,3.449164787,3.449164787,3.449164787,3.449164787,,,
08/01/1970,3.466928411,3.466928411,3.466928411,3.466928411,3.466928411,3.466928411,,,
09/01/1970,3.519431244,3.519431244,3.519431244,3.519431244,3.519431244,3.519431244,,,
10/01/1970,3.562523133,3.562523133,3.562523133,3.562523133,3.562523133,3.562523133,,,
11/01/1970,3.629618234,3.629618234,3.629618234,3.629618234,3.629618234,3.629618234,,,
12/01/1970,3.670690739,3.670690739,3.670690739,3.670690739,3.670690739,3.670690739,,,
01/01/1971,3.692386224,3.692386224,3.692386224,3.692386224,3.692386224,3.692386224,,,
02/01/1971,3.698283826,3.698283826,3.698283826,3.698283826,3.698283826,3.698283826,,,
03/01/1971,3.695575076,3.695575076,3.695575076,3.695575076,3.695575076,3.695575076,,,
04/01/1971,3.695015838,3.695015838,3.695015838,3.695015838,3.695015838,3.695015838,,,
05/01/1971,3.701518672,3.701518672,3.701518672,3.701518672,3.701518672,3.701518672,,,
06/01/1971,3.715062519,3.715062519,3.715062519,3.715062519,3.715062519,3.715062519,,,
07/01/1971,3.736564428,3.736564428,3.736564428,3.736564428,3.736564428,3.736564428,,,
08/01/1971,3.761958712,3.761958712,3.761958712,3.761958712,3.761958712,3.761958712,,,
09/01/1971,3.785494575,3.785494575,3.785494575,3.785494575,3.785494575,3.785494575,,,
10/01/1971,3.815343495,3.815343495,3.815343495,3.815343495,3.815343495,3.815343495,,,
11/01/1971,3.831314854,3.831314854,3.831314854,3.831314854,3.831314854,3.831314854,,,
12/01/1971,3.843730097,3.843730097,3.843730097,3.843730097,3.843730097,3.843730097,,,
01/01/1972,3.849762589,3.849762589,3.849762589,3.849762589,3.849762589,3.849762589,,,
02/01/1972,3.85216551,3.85216551,3.85216551,3.85216551,3.85216551,3.85216551,,,
03/01/1972,3.849423275,3.849423275,3.849423275,3.849423275,3.849423275,3.849423275,,,
04/01/1972,3.849727711,3.849727711,3.849727711,3.849727711,3.849727711,3.849727711,,,
05/01/1972,3.852640162,3.852640162,3.852640162,3.852640162,3.852640162,3.852640162,,,
06/01/1972,3.856343459,3.856343459,3.856343459,3.856343459,3.856343459,3.856343459,,,
07/01/1972,3.86166162,3.86166162,3.86166162,3.86166162,3.86166162,3.86166162,,,
08/01/1972,3.870197661,3.870197661,3.870197661,3.870197661,3.870197661,3.870197661,,,
09/01/1972,3.879495955,3.879495955,3.879495955,3.879495955,3.879495955,3.879495955,,,
10/01/1972,3.89037913,3.89037913,3.89037913,3.89037913,3.89037913,3.89037913,,,
11/01/1972,3.904421295,3.904421295,3.904421295,3.904421295,3.904421295,3.904421295,,,
12/01/1972,3.917216903,3.917216903,3.917216903,3.917216903,3.917216903,3.917216903,,,
01/01/1973,3.930937636,3.930937636,3.930937636,3.930937636,3.930937636,3.930937636,,,
02/01/1973,3.943730212,3.943730212,3.943730212,3.943730212,3.943730212,3.943730212,,,
03/01/1973,3.953617556,3.953617556,3.953617556,3.953617556,3.953617556,3.953617556,,,
04/01/1973,3.965402383,3.965402383,3.965402383,3.965402383,3.965402383,3.965402383,,,
05/01/1973,3.97834772,3.97834772,3.97834772,3.97834772,3.97834772,3.97834772,,,
06/01/1973,3.992144477,3.992144477,3.992144477,3.992144477,3.992144477,3.992144477,,,
07/01/1973,4.003343876,4.003343876,4.003343876,4.003343876,4.003343876,4.003343876,,,
08/01/1973,4.013379285,4.013379285,4.013379285,4.013379285,4.013379285,4.013379285,,,
09/01/1973,4.025133512,4.025133512,4.025133512,4.025133512,4.025133512,4.025133512,,,
10/01/1973,4.037700339,4.037700339,4.037700339,4.037700339,4.037700339,4.037700339,,,
11/01/1973,4.053539296,4.053539296,4.053539296,4.053539296,4.053539296,4.053539296,,,
12/01/1973,4.068958137,4.068958137,4.068958137,4.068958137,4.068958137,4.068958137,,,
01/01/1974,4.07858315,4.07858315,4.07858315,4.07858315,4.07858315,4.07858315,,,
02/01/1974,4.084085042,4.084085042,4.084085042,4.084085042,4.084085042,4.084085042,,,
03/01/1974,4.088318195,4.088318195,4.088318195,4.088318195,4.088318195,4.088318195,,,
04/01/1974,4.091886116,4.091886116,4.091886116,4.091886116,4.091886116,4.091886116,,,
05/01/1974,4.09995866,4.09995866,4.09995866,4.09995866,4.09995866,4.09995866,,,
06/01/1974,4.10627516,4.10627516,4.10627516,4.10627516,4.10627516,4.10627516,,,
07/01/1974,4.115364679,4.115364679,4.115364679,4.115364679,4.115364679,4.115364679,,,
08/01/1974,4.127074384,4.127074384,4.127074384,4.127074384,4.127074384,4.127074384,,,
09/01/1974,4.142344523,4.142344523,4.142344523,4.142344523,4.142344523,4.142344523,,,
10/01/1974,4.159682783,4.159682783,4.159682783,4.159682783,4.159682783,4.159682783,,,
11/01/1974,4.18012142,4.18012142,4.18012142,4.18012142,4.18012142,4.18012142,,,
12/01/1974,4.193916092,4.193916092,4.193916092,4.193916092,4.193916092,4.193916092,,,
01/01/1975,4.202649489,4.202649489,4.202649489,4.202649489,4.202649489,4.202649489,,,
02/01/1975,4.203242502,4.203242502,4.203242502,4.203242502,4.203242502,4.203242502,,,
03/01/1975,4.20153742,4.20153742,4.20153742,4.20153742,4.20153742,4.20153742,,,
04/01/1975,4.204126019,4.204126019,4.204126019,4.204126019,4.204126019,4.204126019,,,
05/01/1975,4.203575921,4.203575921,4.203575921,4.203575921,4.203575921,4.203575921,,,
06/01/1975,4.207386328,4.207386328,4.207386328,4.207386328,4.207386328,4.207386328,,,
07/01/1975,4.213646547,4.213646547,4.213646547,4.213646547,4.213646547,4.213646547,,,
08/01/1975,4.217978642,4.217978642,4.217978642,4.217978642,4.217978642,4.217978642,,,
09/01/1975,4.223248398,4.223248398,4.223248398,4.223248398,4.223248398,4.223248398,,,
10/01/1975,4.2298029,4.2298029,4.2298029,4.2298029,4.2298029,4.2298029,,,
11/01/1975,4.238636237,4.238636237,4.238636237,4.238636237,4.238636237,4.238636237,,,
12/01/1975,4.245628666,4.245628666,4.245628666,4.245628666,4.245628666,4.245628666,,,
01/01/1976,4.250733703,4.250733703,4.250733703,4.250733703,4.250733703,4.250733703,,,
02/01/1976,4.251892284,4.251892284,4.251892284,4.251892284,4.251892284,4.251892284,,,
03/01/1976,4.25086122,4.25086122,4.25086122,4.25086122,4.25086122,4.25086122,,,
04/01/1976,4.254134472,4.254134472,4.254134472,4.254134472,4.254134472,4.254134472,,,
05/01/1976,4.258944076,4.258944076,4.258944076,4.258944076,4.258944076,4.258944076,,,
06/01/1976,4.26354781,4.26354781,4.26354781,4.26354781,4.26354781,4.26354781,,,
07/01/1976,4.265477156,4.265477156,4.265477156,4.265477156,4.265477156,4.265477156,,,
08/01/1976,4.272966293,4.272966293,4.272966293,4.272966293,4.272966293,4.272966293,,,
09/01/1976,4.282120875,4.282120875,4.282120875,4.282120875,4.282120875,4.282120875,,,
10/01/1976,4.293457966,4.293457966,4.293457966,4.293457966,4.293457966,4.293457966,,,
11/01/1976,4.291099151,4.291099151,4.291099151,4.291099151,4.291099151,4.291099151,,,
12/01/1976,4.296295089,4.296295089,4.296295089,4.296295089,4.296295089,4.296295089,,,
01/01/1977,4.296290059,4.296290059,4.296290059,4.296290059,4.296290059,4.296290059,,,
02/01/1977,4.298180601,4.298180601,4.298180601,4.298180601,4.298180601,4.298180601,,,
03/01/1977,4.299998902,4.299998902,4.299998902,4.299998902,4.299998902,4.299998902,,,
04/01/1977,4.300647279,4.300647279,4.300647279,4.300647279,4.300647279,4.300647279,,,
05/01/1977,4.301911928,4.301911928,4.301911928,4.301911928,4.301911928,4.301911928,,,
06/01/1977,4.303568028,4.303568028,4.303568028,4.303568028,4.303568028,4.303568028,,,
07/01/1977,4.305222097,4.305222097,4.305222097,4.305222097,4.305222097,4.305222097,,,
08/01/1977,4.308660227,4.308660227,4.308660227,4.308660227,4.308660227,4.308660227,,,
09/01/1977,4.317385165,4.317385165,4.317385165,4.317385165,4.317385165,4.317385165,,,
10/01/1977,4.325746311,4.325746311,4.325746311,4.325746311,4.325746311,4.325746311,,,
11/01/1977,4.330325254,4.330325254,4.330325254,4.330325254,4.330325254,4.330325254,,,
12/01/1977,4.33169564,4.33169564,4.33169564,4.33169564,4.33169564,4.33169564,,,
01/01/1978,4.329926282,4.329926282,4.329926282,4.329926282,4.329926282,4.329926282,,,
02/01/1978,4.327528485,4.327528485,4.327528485,4.327528485,4.327528485,4.327528485,,,
03/01/1978,4.322379872,4.322379872,4.322379872,4.322379872,4.322379872,4.322379872,,,
04/01/1978,4.316684041,4.316684041,4.316684041,4.316684041,4.316684041,4.316684041,,,
05/01/1978,4.314978304,4.314978304,4.314978304,4.314978304,4.314978304,4.314978304,,,
06/01/1978,4.313624076,4.313624076,4.313624076,4.313624076,4.313624076,4.313624076,,,
07/01/1978,4.31446681,4.31446681,4.31446681,4.31446681,4.31446681,4.31446681,,,
08/01/1978,4.315649819,4.315649819,4.315649819,4.315649819,4.315649819,4.315649819,,,
09/01/1978,4.316029909,4.316029909,4.316029909,4.316029909,4.316029909,4.316029909,,,
10/01/1978,4.31558419,4.31558419,4.31558419,4.31558419,4.31558419,4.31558419,,,
11/01/1978,4.317616015,4.317616015,4.317616015,4.317616015,4.317616015,4.317616015,,,
12/01/1978,4.319045327,4.319045327,4.319045327,4.319045327,4.319045327,4.319045327,,,
01/01/1979,4.322414096,4.322414096,4.322414096,4.322414096,4.322414096,4.322414096,,,
02/01/1979,4.325054374,4.325054374,4.325054374,4.325054374,4.325054374,4.325054374,,,
03/01/1979,4.329467294,4.329467294,4.329467294,4.329467294,4.329467294,4.329467294,,,
04/01/1979,4.332307844,4.332307844,4.332307844,4.332307844,4.332307844,4.332307844,,,
05/01/1979,4.335254591,4.335254591,4.335254591,4.335254591,4.335254591,4.335254591,,,
06/01/1979,4.337523839,4.337523839,4.337523839,4.337523839,4.337523839,4.337523839,,,
07/01/1979,4.339242671,4.339242671,4.339242671,4.339242671,4.339242671,4.339242671,,,
08/01/1979,4.340772385,4.340772385,4.340772385,4.340772385,4.340772385,4.340772385,,,
09/01/1979,4.341462506,4.341462506,4.341462506,4.341462506,4.341462506,4.341462506,,,
10/01/1979,4.343334721,4.343334721,4.343334721,4.343334721,4.343334721,4.343334721,,,
11/01/1979,4.344894285,4.344894285,4.344894285,4.344894285,4.344894285,4.344894285,,,
12/01/1979,4.343717077,4.343717077,4.343717077,4.343717077,4.343717077,4.343717077,,,
01/01/1980,4.341945341,4.341945341,4.341945341,4.341945341,4.341945341,4.341945341,,,
02/01/1980,4.338200251,4.338200251,4.338200251,4.338200251,4.338200251,4.338200251,,,
03/01/1980,4.333497042,4.333497042,4.333497042,4.333497042,4.333497042,4.333497042,,,
04/01/1980,4.330337243,4.330337243,4.330337243,4.330337243,4.330337243,4.330337243,,,
05/01/1980,4.329878384,4.329878384,4.329878384,4.329878384,4.329878384,4.329878384,,,
06/01/1980,4.330653702,4.330653702,4.330653702,4.330653702,4.330653702,4.330653702,,,
07/01/1980,4.332263694,4.332263694,4.332263694,4.332263694,4.332263694,4.332263694,,,
08/01/1980,4.334561888,4.334561888,4.334561888,4.334561888,4.334561888,4.334561888,,,
09/01/1980,4.337400141,4.337400141,4.337400141,4.337400141,4.337400141,4.337400141,,,
10/01/1980,4.34113597,4.34113597,4.34113597,4.34113597,4.34113597,4.34113597,,,
11/01/1980,4.344237089,4.344237089,4.344237089,4.344237089,4.344237089,4.344237089,,,
12/01/1980,4.348679148,4.348679148,4.348679148,4.348679148,4.348679148,4.348679148,,,
01/01/1981,4.348007184,4.348007184,4.348007184,4.348007184,4.348007184,4.348007184,,,
02/01/1981,4.347586233,4.347586233,4.347586233,4.347586233,4.347586233,4.347586233,,,
03/01/1981,4.344303362,4.344303362,4.344303362,4.344303362,4.344303362,4.344303362,,,
04/01/1981,4.343229158,4.343229158,4.343229158,4.343229158,4.343229158,4.343229158,,,
05/01/1981,4.3435513,4.3435513,4.3435513,4.3435513,4.3435513,4.3435513,,,
06/01/1981,4.345219436,4.345219436,4.345219436,4.345219436,4.345219436,4.345219436,,,
07/01/1981,4.347305811,4.347305811,4.347305811,4.347305811,4.347305811,4.347305811,,,
08/01/1981,4.350340542,4.350340542,4.350340542,4.350340542,4.350340542,4.350340542,,,
09/01/1981,4.353899493,4.353899493,4.353899493,4.353899493,4.353899493,4.353899493,,,
10/01/1981,4.357918635,4.357918635,4.357918635,4.357918635,4.357918635,4.357918635,,,
11/01/1981,4.361588058,4.361588058,4.361588058,4.361588058,4.361588058,4.361588058,,,
12/01/1981,4.361468992,4.361468992,4.361468992,4.361468992,4.361468992,4.361468992,,,
01/01/1982,4.360201665,4.360201665,4.360201665,4.360201665,4.360201665,4.360201665,,,
02/01/1982,4.360879565,4.360879565,4.360879565,4.360879565,4.360879565,4.360879565,,,
03/01/1982,4.356777004,4.356777004,4.356777004,4.356777004,4.356777004,4.356777004,,,
04/01/1982,4.351202809,4.351202809,4.351202809,4.351202809,4.351202809,4.351202809,,,
05/01/1982,4.349281066,4.349281066,4.349281066,4.349281066,4.349281066,4.349281066,,,
06/01/1982,4.349610942,4.349610942,4.349610942,4.349610942,4.349610942,4.349610942,,,
07/01/1982,4.348862105,4.348862105,4.348862105,4.348862105,4.348862105,4.348862105,,,
08/01/1982,4.348958165,4.348958165,4.348958165,4.348958165,4.348958165,4.348958165,,,
09/01/1982,4.349489326,4.349489326,4.349489326,4.349489326,4.349489326,4.349489326,,,
10/01/1982,4.350253329,4.350253329,4.350253329,4.350253329,4.350253329,4.350253329,,,
11/01/1982,4.350682193,4.350682193,4.350682193,4.350682193,4.350682193,4.350682193,,,
12/01/1982,4.350568216,4.350568216,4.350568216,4.350568216,4.350568216,4.350568216,,,
01/01/1983,4.348535361,4.348535361,4.348535361,4.348535361,4.348535361,4.348535361,,,
02/01/1983,4.344030157,4.344030157,4.344030157,4.344030157,4.344030157,4.344030157,,,
03/01/1983,4.339949515,4.339949515,4.339949515,4.339949515,4.339949515,4.339949515,,,
04/01/1983,4.336556583,4.336556583,4.336556583,4.336556583,4.336556583,4.336556583,,,
05/01/1983,4.332415926,4.332415926,4.332415926,4.332415926,4.332415926,4.332415926,,,
06/01/1983,4.333210707,4.333210707,4.333210707,4.333210707,4.333210707,4.333210707,,,
07/01/1983,4.331253531,4.331253531,4.331253531,4.331253531,4.331253531,4.331253531,,,
08/01/1983,4.334401549,4.334401549,4.334401549,4.334401549,4.334401549,4.334401549,,,
09/01/1983,4.334635127,4.334635127,4.334635127,4.334635127,4.334635127,4.334635127,,,
10/01/1983,4.335420837,4.335420837,4.335420837,4.335420837,4.335420837,4.335420837,,,
11/01/1983,4.337433129,4.337433129,4.337433129,4.337433129,4.337433129,4.337433129,,,
12/01/1983,4.336032617,4.336032617,4.336032617,4.336032617,4.336032617,4.336032617,,,
01/01/1984,4.331517971,4.331517971,4.331517971,4.331517971,4.331517971,4.331517971,,,
02/01/1984,4.327788559,4.327788559,4.327788559,4.327788559,4.327788559,4.327788559,,,
03/01/1984,4.333274274,4.333274274,4.333274274,4.333274274,4.333274274,4.333274274,,,
04/01/1984,4.332508059,4.332508059,4.332508059,4.332508059,4.332508059,4.332508059,,,
05/01/1984,4.332728638,4.332728638,4.332728638,4.332728638,4.332728638,4.332728638,,,
06/01/1984,4.328835346,4.328835346,4.328835346,4.328835346,4.328835346,4.328835346,,,
07/01/1984,4.32847234,4.32847234,4.32847234,4.32847234,4.32847234,4.32847234,,,
08/01/1984,4.332405686,4.332405686,4.332405686,4.332405686,4.332405686,4.332405686,,,
09/01/1984,4.332861402,4.332861402,4.332861402,4.332861402,4.332861402,4.332861402,,,
10/01/1984,4.334002841,4.334002841,4.334002841,4.334002841,4.334002841,4.334002841,,,
11/01/1984,4.334187619,4.334187619,4.334187619,4.334187619,4.334187619,4.334187619,,,
12/01/1984,4.333169371,4.333169371,4.333169371,4.333169371,4.333169371,4.333169371,,,
01/01/1985,4.330901081,4.330901081,4.330901081,4.330901081,4.330901081,4.330901081,,,
02/01/1985,4.325796912,4.325796912,4.325796912,4.325796912,4.325796912,4.325796912,,,
03/01/1985,4.319676868,4.319676868,4.319676868,4.319676868,4.319676868,4.319676868,,,
04/01/1985,4.315332311,4.315332311,4.315332311,4.315332311,4.315332311,4.315332311,,,
05/01/1985,4.313483718,4.313483718,4.313483718,4.313483718,4.313483718,4.313483718,,,
06/01/1985,4.312892307,4.312892307,4.312892307,4.312892307,4.312892307,4.312892307,,,
07/01/1985,4.312022319,4.312022319,4.312022319,4.312022319,4.312022319,4.312022319,,,
08/01/1985,4.312286332,4.312286332,4.312286332,4.312286332,4.312286332,4.312286332,,,
09/01/1985,4.312949554,4.312949554,4.312949554,4.312949554,4.312949554,4.312949554,,,
10/01/1985,4.315135773,4.315135773,4.315135773,4.315135773,4.315135773,4.315135773,,,
11/01/1985,4.320472239,4.320472239,4.320472239,4.320472239,4.320472239,4.320472239,,,
12/01/1985,4.322067984,4.322067984,4.322067984,4.322067984,4.322067984,4.322067984,,,
01/01/1986,4.323279603,4.323279603,4.323279603,4.323279603,4.323279603,4.323279603,,,
02/01/1986,4.320272081,4.320272081,4.320272081,4.320272081,4.320272081,4.320272081,,,
03/01/1986,4.315702884,4.315702884,4.315702884,4.315702884,4.315702884,4.315702884,,,
04/01/1986,4.313041224,4.313041224,4.313041224,4.313041224,4.313041224,4.313041224,,,
05/01/1986,4.313122554,4.313122554,4.313122554,4.313122554,4.313122554,4.313122554,,,
06/01/1986,4.314647433,4.314647433,4.314647433,4.314647433,4.314647433,4.314647433,,,
07/01/1986,4.315883685,4.315883685,4.315883685,4.315883685,4.315883685,4.315883685,,,
08/01/1986,4.317459846,4.317459846,4.317459846,4.317459846,4.317459846,4.317459846,,,
09/01/1986,4.321070887,4.321070887,4.321070887,4.321070887,4.321070887,4.321070887,,,
10/01/1986,4.32329524,4.32329524,4.32329524,4.32329524,4.32329524,4.32329524,,,
11/01/1986,4.325729384,4.325729384,4.325729384,4.325729384,4.325729384,4.325729384,,,
12/01/1986,4.343829879,4.343829879,4.343829879,4.343829879,4.343829879,4.343829879,,,
01/01/1987,4.35628854,4.35628854,4.35628854,4.35628854,4.35628854,4.35628854,,,
02/01/1987,4.359459651,4.359459651,4.359459651,4.359459651,4.359459651,4.359459651,,,
03/01/1987,4.35960586,4.35960586,4.35960586,4.35960586,4.35960586,4.35960586,,,
04/01/1987,4.358515088,4.358515088,4.358515088,4.358515088,4.358515088,4.358515088,,,
05/01/1987,4.355967636,4.355967636,4.355967636,4.355967636,4.355967636,4.355967636,,,
06/01/1987,4.358168295,4.358168295,4.358168295,4.358168295,4.358168295,4.358168295,,,
07/01/1987,4.359995556,4.359995556,4.359995556,4.359995556,4.359995556,4.359995556,,,
08/01/1987,4.363900671,4.363900671,4.363900671,4.363900671,4.363900671,4.363900671,,,
09/01/1987,4.366254757,4.366254757,4.366254757,4.366254757,4.366254757,4.366254757,,,
10/01/1987,4.370733054,4.370733054,4.370733054,4.370733054,4.370733054,4.370733054,,,
11/01/1987,4.374619504,4.374619504,4.374619504,4.374619504,4.374619504,4.374619504,,,
12/01/1987,4.378780757,4.378780757,4.378780757,4.378780757,4.378780757,4.378780757,,,
01/01/1988,4.383826721,4.383826721,4.383826721,4.383826721,4.383826721,4.383826721,,,
02/01/1988,4.389817515,4.389817515,4.389817515,4.389817515,4.389817515,4.389817515,,,
03/01/1988,4.395210329,4.395210329,4.395210329,4.395210329,4.395210329,4.395210329,,,
04/01/1988,4.402299038,4.402299038,4.402299038,4.402299038,4.402299038,4.402299038,,,
05/01/1988,4.40798588,4.40798588,4.40798588,4.40798588,4.40798588,4.40798588,,,
06/01/1988,4.413884979,4.413884979,4.413884979,4.413884979,4.413884979,4.413884979,,,
07/01/1988,4.417531995,4.417531995,4.417531995,4.417531995,4.417531995,4.417531995,,,
08/01/1988,4.421140909,4.421140909,4.421140909,4.421140909,4.421140909,4.421140909,,,
09/01/1988,4.426197171,4.426197171,4.426197171,4.426197171,4.426197171,4.426197171,,,
10/01/1988,4.429343609,4.429343609,4.429343609,4.429343609,4.429343609,4.429343609,,,
11/01/1988,4.433022208,4.433022208,4.433022208,4.433022208,4.433022208,4.433022208,,,
12/01/1988,4.438006751,4.438006751,4.438006751,4.438006751,4.438006751,4.438006751,,,
01/01/1989,4.441418558,4.441418558,4.441418558,4.441418558,4.441418558,4.441418558,,,
02/01/1989,4.444861133,4.444861133,4.444861133,4.444861133,4.444861133,4.444861133,,,
03/01/1989,4.448252528,4.448252528,4.448252528,4.448252528,4.448252528,4.448252528,,,
04/01/1989,4.452669325,4.452669325,4.452669325,4.452669325,4.452669325,4.452669325,,,
05/01/1989,4.458754255,4.458754255,4.458754255,4.458754255,4.458754255,4.458754255,,,
06/01/1989,4.465684427,4.465684427,4.465684427,4.465684427,4.465684427,4.465684427,,,
07/01/1989,4.472235899,4.472235899,4.472235899,4.472235899,4.472235899,4.472235899,,,
08/01/1989,4.481265634,4.481265634,4.481265634,4.481265634,4.481265634,4.481265634,,,
09/01/1989,4.49252987,4.49252987,4.49252987,4.49252987,4.49252987,4.49252987,,,
10/01/1989,4.503350834,4.503350834,4.503350834,4.503350834,4.503350834,4.503350834,,,
11/01/1989,4.515469017,4.515469017,4.515469017,4.515469017,4.515469017,4.515469017,,,
12/01/1989,4.528139123,4.528139123,4.528139123,4.528139123,4.528139123,4.528139123,,,
01/01/1990,4.540390265,4.540390265,4.540390265,4.540390265,4.540390265,4.540390265,,,
02/01/1990,4.552784375,4.552784375,4.552784375,4.552784375,4.552784375,4.552784375,,,
03/01/1990,4.564949107,4.564949107,4.564949107,4.564949107,4.564949107,4.564949107,,,
04/01/1990,4.579666759,4.579666759,4.579666759,4.579666759,4.579666759,4.579666759,,,
05/01/1990,4.598488489,4.598488489,4.598488489,4.598488489,4.598488489,4.598488489,,,
06/01/1990,4.624384515,4.624384515,4.624384515,4.624384515,4.624384515,4.624384515,,,
07/01/1990,4.656900113,4.656900113,4.656900113,4.656900113,4.656900113,4.656900113,,,
08/01/1990,4.699624249,4.699624249,4.699624249,4.699624249,4.699624249,4.699624249,,,
09/01/1990,4.74760938,4.74760938,4.74760938,4.74760938,4.74760938,4.74760938,,,
10/01/1990,4.810281564,4.810281564,4.810281564,4.810281564,4.810281564,4.810281564,,,
11/01/1990,4.891675063,4.891675063,4.891675063,4.891675063,4.891675063,4.891675063,,,
12/01/1990,4.977572623,4.977572623,4.977572623,4.977572623,4.977572623,4.977572623,,,
01/01/1991,5.043617653,5.043617653,5.043617653,5.043617653,5.043617653,5.043617653,,,
02/01/1991,5.089423465,5.089423465,5.089423465,5.089423465,5.089423465,5.089423465,,,
03/01/1991,5.115333394,5.115333394,5.115333394,5.115333394,5.115333394,5.115333394,,,
04/01/1991,5.142321586,5.142321586,5.142321586,5.142321586,5.142321586,5.142321586,,,
05/01/1991,5.172035832,5.172035832,5.172035832,5.172035832,5.172035832,5.172035832,,,
06/01/1991,5.206423565,5.206423565,5.206423565,5.206423565,5.206423565,5.206423565,,,
07/01/1991,5.243001948,5.243001948,5.243001948,5.243001948,5.243001948,5.243001948,,,
08/01/1991,5.283944872,5.283944872,5.283944872,5.283944872,5.283944872,5.283944872,,,
09/01/1991,5.329497692,5.329497692,5.329497692,5.329497692,5.329497692,5.329497692,,,
10/01/1991,5.377272364,5.377272364,5.377272364,5.377272364,5.377272364,5.377272364,,,
11/01/1991,5.429790671,5.429790671,5.429790671,5.429790671,5.429790671,5.429790671,,,
12/01/1991,5.4831708,5.4831708,5.4831708,5.4831708,5.4831708,5.4831708,,,
01/01/1992,5.532449122,5.532449122,5.532449122,5.532449122,5.532449122,5.532449122,,,
02/01/1992,5.569865294,5.569865294,5.569865294,5.569865294,5.569865294,5.569865294,,,
03/01/1992,5.594753304,5.594753304,5.594753304,5.594753304,5.594753304,5.594753304,,,
04/01/1992,5.615445406,5.615445406,5.615445406,5.615445406,5.615445406,5.615445406,,,
05/01/1992,5.631186288,5.631186288,5.631186288,5.631186288,5.631186288,5.631186288,,,
06/01/1992,5.650210334,5.650210334,5.650210334,5.650210334,5.650210334,5.650210334,,,
07/01/1992,5.671173864,5.671173864,5.671173864,5.671173864,5.671173864,5.671173864,,,
08/01/1992,5.69568881,5.69568881,5.69568881,5.69568881,5.69568881,5.69568881,,,
09/01/1992,5.725964979,5.725964979,5.725964979,5.725964979,5.725964979,5.725964979,,,
10/01/1992,5.761158693,5.761158693,5.761158693,5.761158693,5.761158693,5.761158693,,,
11/01/1992,5.802819227,5.802819227,5.802819227,5.802819227,5.802819227,5.802819227,,,
12/01/1992,5.847886957,5.847886957,5.847886957,5.847886957,5.847886957,5.847886957,,,
01/01/1993,5.892513914,5.892513914,5.892513914,5.892513914,5.892513914,5.892513914,,,
02/01/1993,5.927906514,5.927906514,5.927906514,5.927906514,5.927906514,5.927906514,,,
03/01/1993,5.952181153,5.952181153,5.952181153,5.952181153,5.952181153,5.952181153,,,
04/01/1993,5.973529176,5.973529176,5.973529176,5.973529176,5.973529176,5.973529176,,,
05/01/1993,5.991587331,5.991587331,5.991587331,5.991587331,5.991587331,5.991587331,,,
06/01/1993,6.010899005,6.010899005,6.010899005,6.010899005,6.010899005,6.010899005,,,
07/01/1993,6.03101754,6.03101754,6.03101754,6.03101754,6.03101754,6.03101754,,,
08/01/1993,6.051798668,6.051798668,6.051798668,6.051798668,6.051798668,6.051798668,,,
09/01/1993,6.072663106,6.072663106,6.072663106,6.072663106,6.072663106,6.072663106,,,
10/01/1993,6.093029876,6.093029876,6.093029876,6.093029876,6.093029876,6.093029876,,,
11/01/1993,6.114792636,6.114792636,6.114792636,6.114792636,6.114792636,6.114792636,,,
12/01/1993,6.135568629,6.135568629,6.135568629,6.135568629,6.135568629,6.135568629,,,
01/01/1994,6.153064627,6.153064627,6.153064627,6.153064627,6.153064627,6.153064627,,,
02/01/1994,6.167857293,6.167857293,6.167857293,6.167857293,6.167857293,6.167857293,,,
03/01/1994,6.178041917,6.178041917,6.178041917,6.178041917,6.178041917,6.178041917,,,
04/01/1994,6.190182474,6.190182474,6.190182474,6.190182474,6.190182474,6.190182474,,,
05/01/1994,6.199061511,6.199061511,6.199061511,6.199061511,6.199061511,6.199061511,,,
06/01/1994,6.211318073,6.211318073,6.211318073,6.211318073,6.211318073,6.211318073,,,
07/01/1994,6.224104769,6.224104769,6.224104769,6.224104769,6.224104769,6.224104769,,,
08/01/1994,6.238989747,6.238989747,6.238989747,6.238989747,6.238989747,6.238989747,,,
09/01/1994,6.255914028,6.255914028,6.255914028,6.255914028,6.255914028,6.255914028,,,
10/01/1994,6.275334709,6.275334709,6.275334709,6.275334709,6.275334709,6.275334709,,,
11/01/1994,6.297724134,6.297724134,6.297724134,6.297724134,6.297724134,6.297724134,,,
12/01/1994,6.322615494,6.322615494,6.322615494,6.322615494,6.322615494,6.322615494,,,
01/01/1995,6.352284333,6.352284333,6.352284333,6.352284333,6.352284333,6.352284333,,,
02/01/1995,6.372651514,6.372651514,6.372651514,6.372651514,6.372651514,6.372651514,,,
03/01/1995,6.38571281,6.38571281,6.38571281,6.38571281,6.38571281,6.38571281,,,
04/01/1995,6.395534126,6.395534126,6.395534126,6.395534126,6.395534126,6.395534126,,,
05/01/1995,6.403486162,6.403486162,6.403486162,6.403486162,6.403486162,6.403486162,,,
06/01/1995,6.414224445,6.414224445,6.414224445,6.414224445,6.414224445,6.414224445,,,
07/01/1995,6.425691054,6.425691054,6.425691054,6.425691054,6.425691054,6.425691054,,,
08/01/1995,6.43819532,6.43819532,6.43819532,6.43819532,6.43819532,6.43819532,,,
09/01/1995,6.451835115,6.451835115,6.451835115,6.451835115,6.451835115,6.451835115,,,
10/01/1995,6.467284784,6.467284784,6.467284784,6.467284784,6.467284784,6.467284784,,,
11/01/1995,6.484120857,6.484120857,6.484120857,6.484120857,6.484120857,6.484120857,,,
12/01/1995,6.500774136,6.500774136,6.500774136,6.500774136,6.500774136,6.500774136,,,
01/01/1996,6.516198818,6.516198818,6.516198818,6.516198818,6.516198818,6.516198818,,,
02/01/1996,6.5303761,6.5303761,6.5303761,6.5303761,6.5303761,6.5303761,,,
03/01/1996,6.540665754,6.540665754,6.540665754,6.540665754,6.540665754,6.540665754,,,
04/01/1996,6.549919399,6.549919399,6.549919399,6.549919399,6.549919399,6.549919399,,,
05/01/1996,6.559984874,6.559984874,6.559984874,6.559984874,6.559984874,6.559984874,,,
06/01/1996,6.568061895,6.568061895,6.568061895,6.568061895,6.568061895,6.568061895,,,
07/01/1996,6.578027684,6.578027684,6.578027684,6.578027684,6.578027684,6.578027684,,,
08/01/1996,6.594222742,6.594222742,6.594222742,6.594222742,6.594222742,6.594222742,,,
09/01/1996,6.6114682,6.6114682,6.6114682,6.6114682,6.6114682,6.6114682,,,
10/01/1996,6.634840418,6.634840418,6.634840418,6.634840418,6.634840418,6.634840418,,,
11/01/1996,6.664704397,6.664704397,6.664704397,6.664704397,6.664704397,6.664704397,,,
12/01/1996,6.698699872,6.698699872,6.698699872,6.698699872,6.698699872,6.698699872,,,
01/01/1997,6.732563141,6.732563141,6.732563141,6.732563141,6.732563141,6.732563141,,,
02/01/1997,6.744709359,6.744709359,6.744709359,6.744709359,6.744709359,6.744709359,,,
03/01/1997,6.76256394,6.76256394,6.76256394,6.76256394,6.76256394,6.76256394,,,
04/01/1997,6.771132255,6.771132255,6.771132255,6.771132255,6.771132255,6.771132255,,,
05/01/1997,6.772971754,6.772971754,6.772971754,6.772971754,6.772971754,6.772971754,,,
06/01/1997,6.778979099,6.778979099,6.778979099,6.778979099,6.778979099,6.778979099,,,
07/01/1997,6.7857334,6.7857334,6.7857334,6.7857334,6.7857334,6.7857334,,,
08/01/1997,6.7939027,6.7939027,6.7939027,6.7939027,6.7939027,6.7939027,,,
09/01/1997,6.805899594,6.805899594,6.805899594,6.805899594,6.805899594,6.805899594,,,
10/01/1997,6.819881719,6.819881719,6.819881719,6.819881719,6.819881719,6.819881719,,,
11/01/1997,6.839439141,6.839439141,6.839439141,6.839439141,6.839439141,6.839439141,,,
12/01/1997,6.864320963,6.864320963,6.864320963,6.864320963,6.864320963,6.864320963,,,
01/01/1998,6.880995431,6.880995431,6.880995431,6.880995431,6.880995431,6.880995431,,,
02/01/1998,6.888622954,6.888622954,6.888622954,6.888622954,6.888622954,6.888622954,,,
03/01/1998,6.892122,6.892122,6.892122,6.892122,6.892122,6.892122,,,
04/01/1998,6.892217427,6.892217427,6.892217427,6.892217427,6.892217427,6.892217427,,,
05/01/1998,6.890154076,6.890154076,6.890154076,6.890154076,6.890154076,6.890154076,,,
06/01/1998,6.889096013,6.889096013,6.889096013,6.889096013,6.889096013,6.889096013,,,
07/01/1998,6.890631527,6.890631527,6.890631527,6.890631527,6.890631527,6.890631527,,,
08/01/1998,6.894248075,6.894248075,6.894248075,6.894248075,6.894248075,6.894248075,,,
09/01/1998,6.898619196,6.898619196,6.898619196,6.898619196,6.898619196,6.898619196,,,
10/01/1998,6.903804304,6.903804304,6.903804304,6.903804304,6.903804304,6.903804304,,,
11/01/1998,6.910444602,6.910444602,6.910444602,6.910444602,6.910444602,6.910444602,,,
12/01/1998,6.916226124,6.916226124,6.916226124,6.916226124,6.916226124,6.916226124,,,
01/01/1999,6.923861324,6.923861324,6.923861324,6.923861324,6.923861324,6.923861324,,,
02/01/1999,6.929855172,6.929855172,6.929855172,6.929855172,6.929855172,6.929855172,,,
03/01/1999,6.935599176,6.935599176,6.935599176,6.935599176,6.935599176,6.935599176,,,
04/01/1999,6.941372563,6.941372563,6.941372563,6.941372563,6.941372563,6.941372563,,,
05/01/1999,6.947825892,6.947825892,6.947825892,6.947825892,6.947825892,6.947825892,,,
06/01/1999,6.954432894,6.954432894,6.954432894,6.954432894,6.954432894,6.954432894,,,
07/01/1999,6.961565711,6.961565711,6.961565711,6.961565711,6.961565711,6.961565711,,,
08/01/1999,6.969204923,6.969204923,6.969204923,6.969204923,6.969204923,6.969204923,,,
09/01/1999,6.977539945,6.977539945,6.977539945,6.977539945,6.977539945,6.977539945,,,
10/01/1999,6.984979842,6.984979842,6.984979842,6.984979842,6.984979842,6.984979842,,,
11/01/1999,6.995292264,6.995292264,6.995292264,6.995292264,6.995292264,6.995292264,,,
12/01/1999,7.003560128,7.003560128,7.003560128,7.003560128,7.003560128,7.003560128,,,
01/01/2000,7.008542506,7.008542506,7.008542506,7.008542506,7.008542506,7.008542506,,,
02/01/2000,7.010718446,7.010718446,7.010718446,7.010718446,7.010718446,7.010718446,,,
03/01/2000,7.009246154,7.009246154,7.009246154,7.009246154,7.009246154,7.009246154,,,
04/01/2000,7.00790699,7.00790699,7.00790699,7.00790699,7.00790699,7.00790699,,,
05/01/2000,7.008084724,7.008084724,7.008084724,7.008084724,7.008084724,7.008084724,,,
06/01/2000,7.010832248,7.010832248,7.010832248,7.010832248,7.010832248,7.010832248,,,
07/01/2000,7.015247833,7.015247833,7.015247833,7.015247833,7.015247833,7.015247833,,,
08/01/2000,7.016392108,7.016392108,7.016392108,7.016392108,7.016392108,7.016392108,,,
09/01/2000,7.019387471,7.019387471,7.019387471,7.019387471,7.019387471,7.019387471,,,
10/01/2000,7.021016146,7.021016146,7.021016146,7.021016146,7.021016146,7.021016146,,,
11/01/2000,7.022896431,7.022896431,7.022896431,7.022896431,7.022896431,7.022896431,,,
12/01/2000,7.024114366,7.024114366,7.024114366,7.024114366,7.024114366,7.024114366,,,
01/01/2001,7.027456546,7.027456546,7.027456546,7.027456546,7.027456546,7.027456546,,,
02/01/2001,7.02882775,7.02882775,7.02882775,7.02882775,7.02882775,7.02882775,,,
03/01/2001,7.030253573,7.030253573,7.030253573,7.030253573,7.030253573,7.030253573,,,
04/01/2001,7.03471032,7.03471032,7.03471032,7.03471032,7.03471032,7.03471032,,,
05/01/2001,7.041373899,7.041373899,7.041373899,7.041373899,7.041373899,7.041373899,,,
06/01/2001,7.050203619,7.050203619,7.050203619,7.050203619,7.050203619,7.050203619,,,
07/01/2001,7.06039563,7.06039563,7.06039563,7.06039563,7.06039563,7.06039563,,,
08/01/2001,7.074407782,7.074407782,7.074407782,7.074407782,7.074407782,7.074407782,,,
09/01/2001,7.09151386,7.09151386,7.09151386,7.09151386,7.09151386,7.09151386,,,
10/01/2001,7.111699521,7.111699521,7.111699521,7.111699521,7.111699521,7.111699521,,,
11/01/2001,7.139240019,7.139240019,7.139240019,7.139240019,7.139240019,7.139240019,,,
12/01/2001,7.169604469,7.169604469,7.169604469,7.169604469,7.169604469,7.169604469,,,
01/01/2002,7.188933667,7.188933667,7.188933667,7.188933667,7.188933667,7.188933667,,,
02/01/2002,7.202206122,7.202206122,7.202206122,7.202206122,7.202206122,7.202206122,,,
03/01/2002,7.206099877,7.206099877,7.206099877,7.206099877,7.206099877,7.206099877,,,
04/01/2002,7.210599582,7.210599582,7.210599582,7.210599582,7.210599582,7.210599582,,,
05/01/2002,7.214431675,7.214431675,7.214431675,7.214431675,7.214431675,7.214431675,,,
06/01/2002,7.219107611,7.219107611,7.219107611,7.219107611,7.219107611,7.219107611,,,
07/01/2002,7.224400009,7.224400009,7.224400009,7.224400009,7.224400009,7.224400009,,,
08/01/2002,7.230608474,7.230608474,7.230608474,7.230608474,7.230608474,7.230608474,,,
09/01/2002,7.236498897,7.236498897,7.236498897,7.236498897,7.236498897,7.236498897,,,
10/01/2002,7.244078998,7.244078998,7.244078998,7.244078998,7.244078998,7.244078998,,,
11/01/2002,7.252114816,7.252114816,7.252114816,7.252114816,7.252114816,7.252114816,,,
12/01/2002,7.258821107,7.258821107,7.258821107,7.258821107,7.258821107,7.258821107,,,
01/01/2003,7.268136175,7.268136175,7.268136175,7.268136175,7.268136175,7.268136175,,,
02/01/2003,7.276946565,7.276946565,7.276946565,7.276946565,7.276946565,7.276946565,,,
03/01/2003,7.285940245,7.285940245,7.285940245,7.285940245,7.285940245,7.285940245,,,
04/01/2003,7.295476185,7.295476185,7.295476185,7.295476185,7.295476185,7.295476185,,,
05/01/2003,7.306987221,7.306987221,7.306987221,7.306987221,7.306987221,7.306987221,,,
06/01/2003,7.317436929,7.317436929,7.317436929,7.317436929,7.317436929,7.317436929,,,
07/01/2003,7.326179555,7.326179555,7.326179555,7.326179555,7.326179555,7.326179555,,,
08/01/2003,7.33468631,7.33468631,7.33468631,7.33468631,7.33468631,7.33468631,,,
09/01/2003,7.343998174,7.343998174,7.343998174,7.343998174,7.343998174,7.343998174,,,
10/01/2003,7.353151027,7.353151027,7.353151027,7.353151027,7.353151027,7.353151027,,,
11/01/2003,7.361477896,7.361477896,7.361477896,7.361477896,7.361477896,7.361477896,,,
12/01/2003,7.368311634,7.368311634,7.368311634,7.368311634,7.368311634,7.368311634,,,
01/01/2004,7.375477637,7.375477637,7.375477637,7.375477637,7.375477637,7.375477637,,,
02/01/2004,7.384667961,7.384667961,7.384667961,7.384667961,7.384667961,7.384667961,,,
03/01/2004,7.391877066,7.391877066,7.391877066,7.391877066,7.391877066,7.391877066,,,
04/01/2004,7.40345123,7.40345123,7.40345123,7.40345123,7.40345123,7.40345123,,,
05/01/2004,7.415555056,7.415555056,7.415555056,7.415555056,7.415555056,7.415555056,,,
06/01/2004,7.42559962,7.42559962,7.42559962,7.42559962,7.42559962,7.42559962,,,
07/01/2004,7.43693246,7.43693246,7.43693246,7.43693246,7.43693246,7.43693246,,,
08/01/2004,7.4467481,7.4467481,7.4467481,7.4467481,7.4467481,7.4467481,,,
09/01/2004,7.453410806,7.453410806,7.453410806,7.453410806,7.453410806,7.453410806,,,
10/01/2004,7.45898997,7.45898997,7.45898997,7.45898997,7.45898997,7.45898997,,,
11/01/2004,7.463911716,7.463911716,7.463911716,7.463911716,7.463911716,7.463911716,,,
12/01/2004,7.468356129,7.468356129,7.468356129,7.468356129,7.468356129,7.468356129,,,
01/01/2005,7.474979422,7.474979422,7.474979422,7.474979422,7.474979422,7.474979422,,,
02/01/2005,7.483515447,7.483515447,7.483515447,7.483515447,7.483515447,7.483515447,,,
03/01/2005,7.487570891,7.487570891,7.487570891,7.487570891,7.487570891,7.487570891,,,
04/01/2005,7.493443368,7.493443368,7.493443368,7.493443368,7.493443368,7.493443368,,,
05/01/2005,7.498276802,7.498276802,7.498276802,7.498276802,7.498276802,7.498276802,,,
06/01/2005,7.50284543,7.50284543,7.50284543,7.50284543,7.50284543,7.50284543,,,
07/01/2005,7.505968251,7.505968251,7.505968251,7.505968251,7.505968251,7.505968251,,,
08/01/2005,7.511595769,7.511595769,7.511595769,7.511595769,7.511595769,7.511595769,,,
09/01/2005,7.514324367,7.514324367,7.514324367,7.514324367,7.514324367,7.514324367,,,
10/01/2005,7.517138132,7.517138132,7.517138132,7.517138132,7.517138132,7.517138132,,,
11/01/2005,7.520114827,7.520114827,7.520114827,7.520114827,7.520114827,7.520114827,,,
12/01/2005,7.523287978,7.523287978,7.523287978,7.523287978,7.523287978,7.523287978,,,
01/01/2006,7.526738735,7.526738735,7.526738735,7.526738735,7.526738735,7.526738735,,,
02/01/2006,7.529247203,7.529247203,7.529247203,7.529247203,7.529247203,7.529247203,,,
03/01/2006,7.530260574,7.530260574,7.530260574,7.530260574,7.530260574,7.530260574,,,
04/01/2006,7.532343227,7.532343227,7.532343227,7.532343227,7.532343227,7.532343227,,,
05/01/2006,7.534636156,7.534636156,7.534636156,7.534636156,7.534636156,7.534636156,,,
06/01/2006,7.540398549,7.540398549,7.540398549,7.540398549,7.540398549,7.540398549,,,
07/01/2006,7.542852052,7.542852052,7.542852052,7.542852052,7.542852052,7.542852052,,,
08/01/2006,7.547089832,7.547089832,7.547089832,7.547089832,7.547089832,7.547089832,,,
09/01/2006,7.552527016,7.552527016,7.552527016,7.552527016,7.552527016,7.552527016,,,
10/01/2006,7.557260007,7.557260007,7.557260007,7.557260007,7.557260007,7.557260007,,,
11/01/2006,7.563154459,7.563154459,7.563154459,7.563154459,7.563154459,7.563154459,,,
12/01/2006,7.568555338,7.568555338,7.568555338,7.568555338,7.568555338,7.568555338,,,
01/01/2007,7.571870438,7.571870438,7.571870438,7.571870438,7.571870438,7.571870438,,,
02/01/2007,7.574832093,7.574832093,7.574832093,7.574832093,7.574832093,7.574832093,,,
03/01/2007,7.580626827,7.580626827,7.580626827,7.580626827,7.580626827,7.580626827,,,
04/01/2007,7.584421366,7.584421366,7.584421366,7.584421366,7.584421366,7.584421366,,,
05/01/2007,7.586587131,7.586587131,7.586587131,7.586587131,7.586587131,7.586587131,,,
06/01/2007,7.591104712,7.591104712,7.591104712,7.591104712,7.591104712,7.591104712,,,
07/01/2007,7.597583598,7.597583598,7.597583598,7.597583598,7.597583598,7.597583598,,,
08/01/2007,7.602621328,7.602621328,7.602621328,7.602621328,7.602621328,7.602621328,,,
09/01/2007,7.605772895,7.605772895,7.605772895,7.605772895,7.605772895,7.605772895,,,
10/01/2007,7.611702968,7.611702968,7.611702968,7.611702968,7.611702968,7.611702968,,,
11/01/2007,7.617787498,7.617787498,7.617787498,7.617787498,7.617787498,7.617787498,,,
12/01/2007,7.625586848,7.625586848,7.625586848,7.625586848,7.625586848,7.625586848,,,
01/01/2008,7.632238039,7.632238039,7.632238039,7.632238039,7.632238039,7.632238039,,,
02/01/2008,7.637926268,7.637926268,7.637926268,7.637926268,7.637926268,7.637926268,,,
03/01/2008,7.64848211,7.64848211,7.64848211,7.64848211,7.64848211,7.64848211,,,
04/01/2008,7.658622045,7.658622045,7.658622045,7.658622045,7.658622045,7.658622045,,,
05/01/2008,7.674174029,7.674174029,7.674174029,7.674174029,7.674174029,7.674174029,,,
06/01/2008,7.692412696,7.692412696,7.692412696,7.692412696,7.692412696,7.692412696,,,
07/01/2008,7.70501114,7.70501114,7.70501114,7.70501114,7.70501114,7.70501114,,,
08/01/2008,7.725534809,7.725534809,7.725534809,7.725534809,7.725534809,7.725534809,,,
09/01/2008,7.755689859,7.755689859,7.755689859,7.755689859,7.755689859,7.755689859,,,
10/01/2008,7.791131122,7.791131122,7.791131122,7.791131122,7.791131122,7.791131122,,,
11/01/2008,7.834187729,7.834187729,7.834187729,7.834187729,7.834187729,7.834187729,,,
12/01/2008,7.879818308,7.879818308,7.879818308,7.879818308,7.879818308,7.879818308,,,
01/01/2009,7.924857016,7.924857016,7.924857016,7.924857016,7.924857016,7.924857016,,,
02/01/2009,7.957090494,7.957090494,7.957090494,7.957090494,7.957090494,7.957090494,,,
03/01/2009,7.980832898,7.980832898,7.980832898,7.980832898,7.980832898,7.980832898,,,
04/01/2009,8.007309852,8.007309852,8.007309852,8.007309852,8.007309852,8.007309852,,,
05/01/2009,8.03153161,8.03153161,8.03153161,8.03153161,8.03153161,8.03153161,,,
06/01/2009,8.064205703,8.064205703,8.064205703,8.064205703,8.064205703,8.064205703,,,
07/01/2009,8.097186645,8.097186645,8.097186645,8.097186645,8.097186645,8.097186645,,,
08/01/2009,8.148641691,8.148641691,8.148641691,8.148641691,8.148641691,8.148641691,,,
09/01/2009,8.194953004,8.194953004,8.194953004,8.194953004,8.194953004,8.194953004,,,
10/01/2009,8.268056073,8.268056073,8.268056073,8.268056073,8.268056073,8.268056073,,,
11/01/2009,8.331103221,8.331103221,8.331103221,8.331103221,8.331103221,8.331103221,,,
12/01/2009,8.403409738,8.403409738,8.403409738,8.403409738,8.403409738,8.403409738,,,
01/01/2010,8.461306784,8.461306784,8.461306784,8.461306784,8.461306784,8.461306784,,,
02/01/2010,8.519254235,8.519254235,8.519254235,8.519254235,8.519254235,8.519254235,,,
03/01/2010,8.55700565,8.55700565,8.55700565,8.55700565,8.55700565,8.55700565,,,
04/01/2010,8.593209426,8.593209426,8.593209426,8.593209426,8.593209426,8.593209426,,,
05/01/2010,8.619914441,8.619914441,8.619914441,8.619914441,8.619914441,8.619914441,,,
06/01/2010,8.649522206,8.649522206,8.649522206,8.649522206,8.649522206,8.649522206,,,
07/01/2010,8.682633734,8.682633734,8.682633734,8.682633734,8.682633734,8.682633734,,,
08/01/2010,8.723535274,8.723535274,8.723535274,8.723535274,8.723535274,8.723535274,,,
09/01/2010,8.766897422,8.766897422,8.766897422,8.766897422,8.766897422,8.766897422,,,
10/01/2010,8.818075966,8.818075966,8.818075966,8.818075966,8.818075966,8.818075966,,,
11/01/2010,8.869252635,8.869252635,8.869252635,8.869252635,8.869252635,8.869252635,,,
12/01/2010,8.917337818,8.917337818,8.917337818,8.917337818,8.917337818,8.917337818,,,
01/01/2011,8.967515933,8.967515933,8.967515933,8.967515933,8.967515933,8.967515933,,,
02/01/2011,8.999039682,8.999039682,8.999039682,8.999039682,8.999039682,8.999039682,,,
03/01/2011,9.017707533,9.017707533,9.017707533,9.017707533,9.017707533,9.017707533,,,
04/01/2011,9.040056792,9.040056792,9.040056792,9.040056792,9.040056792,9.040056792,,,
05/01/2011,9.063835832,9.063835832,9.063835832,9.063835832,9.063835832,9.063835832,,,
06/01/2011,9.099501261,9.099501261,9.099501261,9.099501261,9.099501261,9.099501261,,,
07/01/2011,9.129143671,9.129143671,9.129143671,9.129143671,9.129143671,9.129143671,,,
08/01/2011,9.161392477,9.161392477,9.161392477,9.161392477,9.161392477,9.161392477,,,
09/01/2011,9.191754492,9.191754492,9.191754492,9.191754492,9.191754492,9.191754492,,,
10/01/2011,9.227132128,9.227132128,9.227132128,9.227132128,9.227132128,9.227132128,,,
11/01/2011,9.260877661,9.260877661,9.260877661,9.260877661,9.260877661,9.260877661,,,
12/01/2011,9.299937526,9.299937526,9.299937526,9.299937526,9.299937526,9.299937526,,,
01/01/2012,9.345247976,9.345247976,9.345247976,9.345247976,9.345247976,9.345247976,,,
02/01/2012,9.392166754,9.392166754,9.392166754,9.392166754,9.392166754,9.392166754,,,
03/01/2012,9.429892659,9.429892659,9.429892659,9.429892659,9.429892659,9.429892659,,,
04/01/2012,9.459829217,9.459829217,9.459829217,9.459829217,9.459829217,9.459829217,,,
05/01/2012,9.487903057,9.487903057,9.487903057,9.487903057,9.487903057,9.487903057,,,
06/01/2012,9.507088094,9.507088094,9.507088094,9.507088094,9.507088094,9.507088094,,,
07/01/2012,9.532342293,9.532342293,9.532342293,9.532342293,9.532342293,9.532342293,,,
08/01/2012,9.555302574,9.555302574,9.555302574,9.555302574,9.555302574,9.555302574,,,
09/01/2012,9.576722908,9.576722908,9.576722908,9.576722908,9.576722908,9.576722908,,,
10/01/2012,9.598029302,9.598029302,9.598029302,9.598029302,9.598029302,9.598029302,,,
11/01/2012,9.624370659,9.624370659,9.624370659,9.624370659,9.624370659,9.624370659,,,
12/01/2012,9.652801002,9.652801002,9.652801002,9.652801002,9.652801002,9.652801002,,,
01/01/2013,9.678919713,9.678919713,9.678919713,9.678919713,9.678919713,9.678919713,,,
02/01/2013,9.701524583,9.701524583,9.701524583,9.701524583,9.701524583,9.701524583,,,
03/01/2013,9.721952385,9.721952385,9.721952385,9.721952385,9.721952385,9.721952385,,,
04/01/2013,9.741462356,9.741462356,9.741462356,9.741462356,9.741462356,9.741462356,,,
05/01/2013,9.752284442,9.752284442,9.752284442,9.752284442,9.752284442,9.752284442,,,
06/01/2013,9.766355971,9.766355971,9.766355971,9.766355971,9.766355971,9.766355971,,,
07/01/2013,9.781585029,9.781585029,9.781585029,9.781585029,9.781585029,9.781585029,,,
08/01/2013,9.797050645,9.797050645,9.797050645,9.797050645,9.797050645,9.797050645,,,
09/01/2013,9.812251742,9.812251742,9.812251742,9.812251742,9.812251742,9.812251742,,,
10/01/2013,9.82969738,9.82969738,9.82969738,9.82969738,9.82969738,9.82969738,,,
11/01/2013,9.848245105,9.848245105,9.848245105,9.848245105,9.848245105,9.848245105,,,
12/01/2013,9.866985707,9.866985707,9.866985707,9.866985707,9.866985707,9.866985707,,,
01/01/2014,9.887814209,9.887814209,9.887814209,9.887814209,9.887814209,9.887814209,,,
02/01/2014,9.911495213,9.911495213,9.911495213,9.911495213,9.911495213,9.911495213,,,
03/01/2014,9.929151861,9.929151861,9.929151861,9.929151861,9.929151861,9.929151861,,,
04/01/2014,9.949399576,9.949399576,9.949399576,9.949399576,9.949399576,9.949399576,,,
05/01/2014,9.969566577,9.969566577,9.969566577,9.969566577,9.969566577,9.969566577,,,
06/01/2014,9.990834282,9.990834282,9.990834282,9.990834282,9.990834282,9.990834282,,,
07/01/2014,10.01161889,10.01161889,10.01161889,10.01161889,10.01161889,10.01161889,,,
08/01/2014,10.03315789,10.03315789,10.03315789,10.03315789,10.03315789,10.03315789,,,
09/01/2014,10.0543528,10.0543528,10.0543528,10.0543528,10.0543528,10.0543528,,,
10/01/2014,10.07602121,10.07602121,10.07602121,10.07602121,10.07602121,10.07602121,,,
11/01/2014,10.09818907,10.09818907,10.09818907,10.09818907,10.09818907,10.09818907,,,
12/01/2014,10.12160783,10.12160783,10.12160783,10.12160783,10.12160783,10.12160783,,,
01/01/2015,10.14623351,10.14623351,10.14623351,10.14623351,10.14623351,10.14623351,,,
02/01/2015,10.17058267,10.17058267,10.17058267,10.17058267,10.17058267,10.17058267,,,
03/01/2015,10.19260939,10.19260939,10.19260939,10.19260939,10.19260939,10.19260939,,,
04/01/2015,10.21569843,10.21569843,10.21569843,10.21569843,10.21569843,10.21569843,,,
05/01/2015,10.23873248,10.23873248,10.23873248,10.23873248,10.23873248,10.23873248,,,
06/01/2015,10.2643013,10.2643013,10.2643013,10.2643013,10.2643013,10.2643013,,,
07/01/2015,10.29136193,10.29136193,10.29136193,10.29136193,10.29136193,10.29136193,,,
08/01/2015,10.32090861,10.32090861,10.32090861,10.32090861,10.32090861,10.32090861,,,
09/01/2015,10.35230825,10.35230825,10.35230825,10.35230825,10.35230825,10.35230825,,,
10/01/2015,10.3838185,10.3838185,10.3838185,10.3838185,10.3838185,10.3838185,,,
11/01/2015,10.41578278,10.41578278,10.41578278,10.41578278,10.41578278,10.41578278,,,
12/01/2015,10.4467216,10.4467216,10.4467216,10.4467216,10.4467216,10.4467216,,,
01/01/2016,10.47322829,10.47322829,10.47322829,10.47322829,10.47322829,10.47322829,,,
02/01/2016,10.49601044,10.49601044,10.49601044,10.49601044,10.49601044,10.49601044,,,
03/01/2016,10.51310898,10.51310898,10.51310898,10.51310898,10.51310898,10.51310898,,,
04/01/2016,10.52997418,10.52997418,10.52997418,10.52997418,10.52997418,10.52997418,,,
05/01/2016,10.54341026,10.54341026,10.54341026,10.54341026,10.54341026,10.54341026,,,
06/01/2016,10.55829789,10.55829789,10.55829789,10.55829789,10.55829789,10.55829789,,,
07/01/2016,10.57115438,10.57115438,10.57115438,10.57115438,10.57115438,10.57115438,,,
08/01/2016,10.58449176,10.58449176,10.58449176,10.58449176,10.58449176,10.58449176,,,
09/01/2016,10.59904259,10.59904259,10.59904259,10.59904259,10.59904259,10.59904259,,,
10/01/2016,10.61193784,10.61193784,10.61193784,10.61193784,10.61193784,10.61193784,,,
11/01/2016,10.62338629,10.62338629,10.62338629,10.62338629,10.62338629,10.62338629,,,
12/01/2016,10.63255396,10.63255396,10.63255396,10.63255396,10.63255396,10.63255396,,,
01/01/2017,10.64407607,10.64407607,10.64407607,10.64407607,10.64407607,10.64407607,,,
02/01/2017,10.65339364,10.65339364,10.65339364,10.65339364,10.65339364,10.65339364,,,
03/01/2017,10.66332036,10.66332036,10.66332036,10.66332036,10.66332036,10.66332036,,,
04/01/2017,10.67438441,10.67438441,10.67438441,10.67438441,10.67438441,10.67438441,,,
05/01/2017,10.68431575,10.68431575,10.68431575,10.68431575,10.68431575,10.68431575,,,
06/01/2017,10.69622244,10.69622244,10.69622244,10.69622244,10.69622244,10.69622244,,,
07/01/2017,10.70877985,10.70877985,10.70877985,10.70877985,10.70877985,10.70877985,,,
08/01/2017,10.72324852,10.72324852,10.72324852,10.72324852,10.72324852,10.72324852,,,
09/01/2017,10.73928748,10.73928748,10.73928748,10.73928748,10.73928748,10.73928748,,,
10/01/2017,10.75755462,10.75755462,10.75755462,10.75755462,10.75755462,10.75755462,,,
11/01/2017,10.77934291,10.77934291,10.77934291,10.77934291,10.77934291,10.77934291,,,
12/01/2017,10.8036738,10.8036738,10.8036738,10.8036738,10.8036738,10.8036738,,,
01/01/2018,10.84427351,10.84427351,10.84427351,10.84427351,10.84427351,10.84427351,,,
02/01/2018,10.90704881,10.90704881,10.90704881,10.90704881,10.90704881,10.90704881,,,
03/01/2018,10.99640762,10.99640762,10.99640762,10.99640762,10.99640762,10.99640762,,,
04/01/2018,11.11551689,11.11551689,11.11551689,11.11551689,11.11551689,11.11551689,,,
05/01/2018,11.23051755,11.23051755,11.23051755,11.23051755,11.23051755,11.23051755,,,
06/01/2018,11.31604944,11.31604944,11.31604944,11.31604944,11.31604944,11.31604944,,,
07/01/2018,11.38425873,11.38425873,11.38425873,11.38425873,11.38425873,11.38425873,,,
08/01/2018,11.44361544,11.44361544,11.44361544,11.44361544,11.44361544,11.44361544,,,
09/01/2018,11.49333521,11.49333521,11.49333521,11.49333521,11.49333521,11.49333521,,,
10/01/2018,11.53228578,11.53228578,11.53228578,11.53228578,11.53228578,11.53228578,,,
11/01/2018,11.56359782,11.56359782,11.56359782,11.56359782,11.56359782,11.56359782,,,
12/01/2018,11.59012449,11.59012449,11.59012449,11.59012449,11.59012449,11.59012449,,,
01/01/2019,11.61047237,11.61047237,11.61047237,11.61047237,11.61047237,11.61047237,,,
02/01/2019,11.62596934,11.62596934,11.62596934,11.62596934,11.62596934,11.62596934,,,
03/01/2019,11.63761051,11.63761051,11.63761051,11.63761051,11.63761051,11.63761051,,,
04/01/2019,11.64783003,11.64783003,11.64783003,11.64783003,11.64783003,11.64783003,,,
05/01/2019,11.65525622,11.65525622,11.65525622,11.65525622,11.65525622,11.65525622,,,
06/01/2019,11.66593483,11.66593483,11.66593483,11.66593483,11.66593483,11.66593483,,,
07/01/2019,11.67838735,11.67838735,11.67838735,11.67838735,11.67838735,11.67838735,,,
08/01/2019,11.69213481,11.69213481,11.69213481,11.69213481,11.69213481,11.69213481,,,
09/01/2019,11.70729978,11.70729978,11.70729978,11.70729978,11.70729978,11.70729978,,,
10/01/2019,11.72441514,11.72441514,11.72441514,11.72441514,11.72441514,11.72441514,,,
11/01/2019,11.74291488,11.74291488,11.74291488,11.74291488,11.74291488,11.74291488,,,
12/01/2019,11.7629327,11.7629327,11.7629327,11.7629327,11.7629327,11.7629327,,,
01/01/2020,11.78421111,11.78421111,11.78421111,11.78421111,11.78421111,11.78421111,,,
02/01/2020,11.80430074,11.80430074,11.80430074,11.80430074,11.80430074,11.80430074,,,
03/01/2020,11.82237026,11.82237026,11.82237026,11.82237026,11.82237026,11.82237026,,,
04/01/2020,11.83952222,11.83952222,11.83952222,11.83952222,11.83952222,11.83952222,,,
05/01/2020,11.85938626,11.85938626,11.85938626,11.85938626,11.85938626,11.85938626,,,
06/01/2020,11.88080017,11.88080017,11.88080017,11.88080017,11.88080017,11.88080017,,,
07/01/2020,11.90750206,11.90750206,11.90750206,11.90750206,11.90750206,11.90750206,,,
08/01/2020,11.9480926,11.9480926,11.9480926,11.9480926,11.9480926,11.9480926,,,
09/01/2020,11.98997738,11.98997738,11.98997738,11.98997738,11.98997738,11.98997738,,,
10/01/2020,12.02725527,12.02725527,12.02725527,12.02725527,12.02725527,12.02725527,,,
11/01/2020,12.07534365,12.07534365,12.07534365,12.07534365,12.07534365,12.07534365,,,
12/01/2020,12.12371801,12.12371801,12.12371801,12.12371801,12.12371801,12.12371801,,,
01/01/2021,12.16405558,12.16405558,12.16405558,12.16405558,12.16405558,12.16405558,,,
02/01/2021,12.21499371,12.21499371,12.21499371,12.21499371,12.21499371,12.21499371,,,
03/01/2021,12.2577648,12.2577648,12.2577648,12.2577648,12.2577648,12.2577648,,,
04/01/2021,12.30734918,12.30734918,12.30734918,12.30734918,12.30734918,12.30734918,,,
05/01/2021,12.35347545,12.35347545,12.35347545,12.35347545,12.35347545,12.35347545,,,
06/01/2021,12.39927961,12.39927961,12.39927961,12.39927961,12.39927961,12.39927961,,,
07/01/2021,12.44211658,12.44211658,12.44211658,12.44211658,12.44211658,12.44211658,,,
08/01/2021,12.48507464,12.48507464,12.48507464,12.48507464,12.48507464,12.48507464,,,
09/01/2021,12.52641633,12.52641633,12.52641633,12.52641633,12.52641633,12.52641633,,,
10/01/2021,12.56515222,12.56515222,12.56515222,12.56515222,12.56515222,12.56515222,,,
11/01/2021,12.60389576,12.60389576,12.60389576,12.60389576,12.60389576,12.60389576,,,
12/01/2021,12.63988292,12.63988292,12.63988292,12.63988292,12.63988292,12.63988292,,,
01/01/2022,12.6765531,12.6765531,12.6765531,12.6765531,12.6765531,12.6765531,,,
02/01/2022,12.71138509,12.71138509,12.71138509,12.71138509,12.71138509,12.71138509,,,
03/01/2022,12.74219435,12.74219435,12.74219435,12.74219435,12.74219435,12.74219435,,,
04/01/2022,12.77442796,12.77442796,12.77442796,12.77442796,12.77442796,12.77442796,,,
05/01/2022,12.80539502,12.80539502,12.80539502,12.80539502,12.80539502,12.80539502,,,
06/01/2022,12.83545136,12.83545136,12.83545136,12.83545136,12.83545136,12.83545136,,,
07/01/2022,12.86366634,12.86366634,12.86366634,12.86366634,12.86366634,12.86366634,,,
08/01/2022,12.89323717,12.89323717,12.89323717,12.89323717,12.89323717,12.89323717,,,
09/01/2022,12.92064154,12.92064154,12.92064154,12.92064154,12.92064154,12.92064154,,,
10/01/2022,12.94745788,12.94745788,12.94745788,12.94745788,12.94745788,12.94745788,,,
11/01/2022,12.97413208,12.97413208,12.97413208,12.97413208,12.97413208,12.97413208,,,
12/01/2022,12.99996444,12.99996444,12.99996444,12.99996444,12.99996444,12.99996444,,,
01/01/2023,13.02635352,13.02635352,13.02635352,13.02635352,13.02635352,13.02635352,,,
02/01/2023,13.05187394,13.05187394,13.05187394,13.05187394,13.05187394,13.05187394,,,
03/01/2023,13.07353213,13.07353213,13.07353213,13.07353213,13.07353213,13.07353213,,,
04/01/2023,13.09785909,13.09785909,13.09785909,13.09785909,13.09785909,13.09785909,,,
05/01/2023,13.12165333,13.12165333,13.12165333,13.12165333,13.12165333,13.12165333,,,
06/01/2023,13.14621598,13.14621598,13.14621598,13.14621598,13.14621598,13.14621598,,,
07/01/2023,13.16991279,13.16991279,13.16991279,13.16991279,13.16991279,13.16991279,,,
08/01/2023,13.19419072,13.19419072,13.19419072,13.19419072,13.19419072,13.19419072,,,
09/01/2023,13.2184103,13.2184103,13.2184103,13.2184103,13.2184103,13.2184103,,,
10/01/2023,13.24200609,13.24200609,13.24200609,13.24200609,13.24200609,13.24200609,,,
11/01/2023,13.26404597,13.26404597,13.26404597,13.26404597,13.26404597,13.26404597,,,
12/01/2023,13.28505853,13.28505853,13.28505853,13.28505853,13.28505853,13.28505853,,,
01/01/2024,13.29592036,13.29592036,13.29592036,13.29592036,13.29592036,13.29592036,,,
02/01/2024,13.30580738,13.30727821,13.30580738,13.30580738,13.32638839,13.30738016,,,
03/01/2024,13.31600208,13.31836238,13.31600208,13.31600208,13.35132844,13.31850642,,,
04/01/2024,13.32710414,13.33030403,13.32710414,13.32710414,13.37744943,13.33055861,,,
05/01/2024,13.33661969,13.34187447,13.33661969,13.33661969,13.40259673,13.34227568,,,
06/01/2024,13.34570029,13.35382882,13.34570029,13.34570029,13.42849846,13.35441649,,,
07/01/2024,13.3539065,13.36539167,13.3539065,13.3539065,13.45349331,13.36619457,,,
08/01/2024,13.36181537,13.37733304,13.36181537,13.36248047,13.47924763,13.37839194,,,
09/01/2024,13.36917483,13.38926711,13.36917483,13.3715296,13.50492909,13.39061604,,,
10/01/2024,13.37579179,13.40080902,13.37579179,13.38041535,13.52971441,13.40247269,,,
11/01/2024,13.38209579,13.41272775,13.38209579,13.38964622,13.55525419,13.41474942,,,
12/01/2024,13.38770128,13.42425475,13.38770128,13.39859594,13.57990385,13.42665658,,,
01/01/2025,13.3929898,13.43615797,13.3929898,13.40784781,13.60530478,13.43899782,,,
02/01/2025,13.39779088,13.44805296,13.39779088,13.41709709,13.63063609,13.4513761,,,
03/01/2025,13.40243611,13.45879003,13.40173774,13.42544684,13.65345939,13.46259326,,,
04/01/2025,13.40805766,13.47066904,13.40563686,13.43468422,13.67865929,13.47504566,,,
05/01/2025,13.41365102,13.48215739,13.40897385,13.44361686,13.70298305,13.48713281,,,
06/01/2025,13.41950024,13.49402024,13.41195819,13.45283926,13.72805024,13.49965771,,,
07/01/2025,13.42519048,13.50549234,13.41442033,13.46175643,13.75224609,13.51181415,,,
08/01/2025,13.43108471,13.51733863,13.41653223,13.4709629,13.77718261,13.52441056,,,
09/01/2025,13.43698438,13.52917652,13.41823328,13.48016128,13.80205373,13.5370422,,,
10/01/2025,13.44269472,13.54062449,13.41951562,13.48905521,13.82606167,13.54930145,,,
11/01/2025,13.44859389,13.55244509,13.42046759,13.49823705,13.85080497,13.56200261,,,
12/01/2025,13.45430084,13.56387644,13.42105232,13.50711519,13.87469038,13.57432883,,,
01/01/2026,13.46019503,13.57567995,13.42165659,13.51628094,13.89930833,13.5870989,,,
02/01/2026,13.46608616,13.58747481,13.42307022,13.52543858,13.92386346,13.5999029,,,
03/01/2026,13.47140451,13.59812109,13.42461085,13.53370334,13.94599135,13.61150215,,,
04/01/2026,13.47728895,13.60989878,13.42648756,13.54284508,13.97042762,13.62437416,,,
05/01/2026,13.48298065,13.62128851,13.42840208,13.55168457,13.99401831,13.63686447,,,
06/01/2026,13.48885835,13.6330487,13.43044663,13.5608103,14.018334,13.6498027,,,
07/01/2026,13.49454315,13.64442107,13.43246623,13.56963399,14.04180848,13.66235642,,,
08/01/2026,13.5004139,13.65616346,13.43458202,13.57874363,14.0660052,13.67535998,,,
09/01/2026,13.50628131,13.66789696,13.43671711,13.5878453,14.09014243,13.68839587,,,
10/01/2026,13.51195618,13.67924352,13.43879535,13.59664582,14.11344564,13.70104366,,,
11/01/2026,13.51781685,13.6909594,13.44095147,13.60573176,14.13746708,13.7141441,,,
12/01/2026,13.52348545,13.70228919,13.4430435,13.61451735,14.16065947,13.72685428,,,
01/01/2027,13.52933943,13.71398751,13.4452087,13.62358769,14.18456711,13.74001854,,,
02/01/2027,13.53518973,13.72567655,13.44737588,13.63264986,14.20841716,13.75321374,,,
03/01/2027,13.54047109,13.73622704,13.44933445,13.64082861,14.22991273,13.7651643,,,
04/01/2027,13.54631491,13.74789894,13.45150356,13.64987579,14.25365496,13.77842333,,,
05/01/2027,13.55196698,13.75918583,13.45360287,13.65862374,14.27657882,13.79128557,,,
06/01/2027,13.55780397,13.77083987,13.45577204,13.66765539,14.30021114,13.80460606,,,
07/01/2027,13.5634496,13.78210958,13.45787106,13.6763885,14.32302951,13.81752776,,,
08/01/2027,13.56927998,13.7937459,13.46003958,13.68540489,14.34655369,13.83090947,,,
09/01/2027,13.5751066,13.80537274,13.46220721,13.69441317,14.37002295,13.84432063,,,
10/01/2027,13.5807419,13.8166158,13.46430415,13.70312341,14.39268425,13.85732934,,,
11/01/2027,13.58656173,13.82822577,13.46647041,13.71211636,14.41604736,13.87080054,,,
12/01/2027,13.59219059,13.83945508,13.46856607,13.72081195,14.43860688,13.88386711,,,
01/01/2028,13.59800392,13.85105225,13.47073111,13.72978995,14.46186578,13.8973979,,,
02/01/2028,13.60381327,13.86264207,13.47289479,13.7387597,14.48507152,13.91095716,,,
03/01/2028,13.60924487,13.87347826,13.47491822,13.74714407,14.50673448,13.92367172,,,
04/01/2028,13.61504755,13.88505485,13.47708028,13.75609895,14.52983948,13.93729004,,,
05/01/2028,13.62065942,13.89625108,13.47917141,13.76475737,14.5521575,13.95049758,,,
06/01/2028,13.62645525,13.90781394,13.48133174,13.77369712,14.57517956,13.96417325,,,
07/01/2028,13.63206016,13.91899644,13.48342084,13.7823406,14.59741984,13.97743563,,,
08/01/2028,13.63784863,13.93054488,13.48557887,13.79126473,14.62036082,13.99116762,,,
09/01/2028,13.64363431,13.94208702,13.48773669,13.80018196,14.64326167,14.00492819,,,
10/01/2028,13.6492299,13.9532501,13.48982384,13.8088042,14.66538515,14.01827316,,,
11/01/2028,13.6550084,13.96477809,13.4919795,13.81770614,14.68820455,14.03208948,,,
12/01/2028,13.6605975,13.97592783,13.49406501,13.82631408,14.71024926,14.0454885,,,
01/01/2029,13.66636939,13.98744206,13.49621906,13.83520137,14.73298713,14.0593605,,,
02/01/2029,13.67213778,13.99894913,13.49837213,13.8440811,14.75568321,14.07325956,,,
03/01/2029,13.67734534,14.00933701,13.5003163,13.85209558,14.77614909,14.08584274,,,
04/01/2029,13.68310721,14.02083055,13.50246765,13.8609611,14.79877486,14.09979798,,,
05/01/2029,13.68868002,14.03194662,13.50454877,13.86953368,14.82064052,14.11333024,,,
06/01/2029,13.69443483,14.04342567,13.506698,13.87838425,14.84320168,14.12733884,,,
07/01/2029,13.70000083,14.05452769,13.50877709,13.88694241,14.86500372,14.1409227,,,
08/01/2029,13.70574873,14.06599225,13.51092434,13.89577824,14.88749817,14.15498448,,,
09/01/2029,13.71149366,14.07745006,13.51307114,13.90460714,14.90995909,14.16907294,,,
10/01/2029,13.71704973,14.08853113,13.51514747,13.913144,14.9316627,14.18273341,,,
11/01/2029,13.72278801,14.09997477,13.51729251,13.92195852,14.95405534,14.19687473,,,
12/01/2029,13.72833769,14.1110421,13.51936719,13.93048155,14.9756919,14.21058602,,,
01/01/2030,13.7340686,14.12247067,13.52150973,13.93928102,14.99801363,14.22477876,,,
02/01/2030,13.73979623,14.133892,13.52365147,13.94807333,15.02029924,14.23899704,,,
03/01/2030,13.74496666,14.14420189,13.52558504,13.9560087,15.04039836,14.2518668,,,
04/01/2030,13.75068732,14.15560868,13.52772452,13.96478672,15.06261405,14.26613752,,,
05/01/2030,13.75622067,14.16664103,13.5297945,13.97327544,15.08407924,14.279974,,,
06/01/2030,13.76193538,14.17803415,13.53193286,13.98204187,15.10622378,14.29429617,,,
07/01/2030,13.76746212,14.18905244,13.53400089,13.99051998,15.12761898,14.30818158,,,
08/01/2030,13.77316997,14.20043089,13.53613718,13.99927562,15.14969034,14.32255393,,,
09/01/2030,13.77887447,14.211802,13.53827255,14.00802594,15.17172458,14.336951,,,
10/01/2030,13.7843915,14.2227991,13.54033785,14.01648867,15.19301273,14.35090878,,,
11/01/2030,13.79008907,14.23415549,13.54247105,14.02522813,15.21497358,14.36535552,,,
12/01/2030,13.79560031,14.24513931,13.54453516,14.03368125,15.2361917,14.37936204,,,
01/01/2031,13.80129176,14.25648176,13.54666696,14.04241058,15.25807946,14.39385865,,,
02/01/2031,13.80697956,14.26781659,13.54879751,14.05113417,15.27992957,14.40837914,,,
03/01/2031,13.81211441,14.27804864,13.5507213,14.05900931,15.29963443,14.42152534,,,
04/01/2031,13.81779613,14.28936973,13.55285031,14.06772281,15.32141333,14.43611126,,,
05/01/2031,13.82329167,14.30031899,13.55490996,14.07615032,15.34245491,14.45026068,,,
06/01/2031,13.82896646,14.31162525,13.55703669,14.08485267,15.3641597,14.46491359,,,
07/01/2031,13.83445538,14.32256019,13.55909422,14.09326942,15.38512944,14.47912753,,,
08/01/2031,13.84012361,14.33385193,13.56121904,14.10196089,15.4067603,14.49385567,,,
09/01/2031,13.84578847,14.3451362,13.56334284,14.11064822,15.42835343,14.50862588,,,
10/01/2031,13.85126789,14.35604994,13.56539763,14.11905205,15.44921531,14.52296181,,,
11/01/2031,13.85692671,14.3673202,13.56752001,14.12773223,15.47073553,14.53781623,,,
12/01/2031,13.86239972,14.37821978,13.56957283,14.13612857,15.49152615,14.55223197,,,
01/01/2032,13.86805167,14.38947508,13.57169293,14.14480068,15.51297213,14.56716742,,,
02/01/2032,13.87370044,14.40072307,13.57381218,14.15346892,15.53438094,14.5821427,,,
03/01/2032,13.87898193,14.41123891,13.57579388,14.16157443,15.55437582,14.5961912,,,
04/01/2032,13.88462432,14.42247245,13.57791124,14.17023481,15.5757122,14.6112456,,,
05/01/2032,13.89008176,14.43333681,13.57995952,14.1786121,15.59632578,14.62585291,,,
06/01/2032,13.89571757,14.44455563,13.58207494,14.18726422,15.61758912,14.64098384,,,
07/01/2032,13.90116859,14.45540562,13.58412109,14.19563337,15.63813195,14.65566433,,,
08/01/2032,13.90679862,14.46661023,13.58623489,14.20427758,15.65932325,14.67087076,,,
09/01/2032,13.91242583,14.47780711,13.58834748,14.21291726,15.6804773,14.68611336,,,
10/01/2032,13.91786943,14.48863611,13.59039123,14.22127446,15.70091511,14.70090114,,,
11/01/2032,13.92349181,14.49981837,13.59250187,14.2299056,15.72199726,14.71621649,,,
12/01/2032,13.92893064,14.510633,13.59454356,14.23825429,15.74236523,14.7310736,,,
01/01/2033,13.93454859,14.52180088,13.59665255,14.24687707,15.76337594,14.74646033,,,
02/01/2033,13.94016379,14.5329609,13.59876022,14.25549505,15.78434971,14.76188124,,,
03/01/2033,13.94523399,14.54303525,13.6006635,14.26327577,15.80326486,14.77584567,,,
04/01/2033,13.95084486,14.5541814,13.60276957,14.27188548,15.82417044,14.79133752,,,
05/01/2033,13.95627231,14.5649609,13.60480665,14.28021309,15.84436798,14.80636347,,,
06/01/2033,13.96187837,14.57609241,13.60691078,14.28881386,15.86520313,14.82192284,,,
07/01/2033,13.96730112,14.5868577,13.60894594,14.29713275,15.88533259,14.8370136,,,
08/01/2033,13.9729024,14.59797466,13.61104819,14.30572457,15.90609793,14.85263953,,,
09/01/2033,13.97850134,14.60908435,13.61314961,14.31431192,15.92682804,14.86829793,,,
10/01/2033,13.98391725,14.6198286,13.6151822,14.32261782,15.94685635,14.8834838,,,
11/01/2033,13.98951088,14.63092324,13.61728125,14.33119559,15.96751674,14.89920651,,,
12/01/2033,13.994922,14.6416533,13.61931194,14.33949255,15.98747815,14.91445436,,,
01/01/2034,14.00051105,14.65273366,13.62140939,14.34806144,16.00807013,14.93024094,,,
02/01/2034,14.00609716,14.66380611,13.62350546,14.35662519,16.02862662,14.94605789,,,
03/01/2034,14.01114086,14.67380123,13.6253981,14.36435654,16.04716597,14.96037694,,,
04/01/2034,14.01672296,14.68485991,13.62749267,14.37291162,16.06765712,14.97625803,,,
05/01/2034,14.02212328,14.69555497,13.62951878,14.3811863,16.08745529,14.99165762,,,
06/01/2034,14.02770152,14.70659881,13.63161115,14.38973171,16.10787888,15.00759925,,,
07/01/2034,14.03309867,14.71727992,13.63363556,14.39799744,16.1276122,15.02305745,,,
08/01/2034,14.0386733,14.728309,13.63572583,14.40653322,16.14796865,15.03905887,,,
09/01/2034,14.04424626,14.73933074,13.6378152,14.41506426,16.16829137,15.05508954,,,
10/01/2034,14.04963787,14.74999009,13.63983634,14.42331567,16.18792705,15.0706329,,,
11/01/2034,14.05520747,14.76099741,13.64192395,14.43183734,16.20818376,15.08672233,,,
12/01/2034,14.06059631,14.77164332,13.64394391,14.44008017,16.22775634,15.10232261,,,
01/01/2035,14.06616242,14.78263619,13.64602972,14.44859239,16.24794755,15.11846988,,,
02/01/2035,14.07172651,14.79362147,13.64811438,14.45709954,16.26810544,15.13464502,,,
03/01/2035,14.07675053,14.80353756,13.64999642,14.46477936,16.28628557,15.14928489,,,
04/01/2035,14.08231085,14.81450858,13.65207903,14.47327699,16.30638058,15.16551834,,,
05/01/2035,14.08769025,14.82511902,13.6540938,14.48149616,16.32579695,15.18125649,,,
06/01/2035,14.09324708,14.83607581,13.65617479,14.48998442,16.34582798,15.1975457,,,
07/01/2035,14.09862307,14.84667247,13.65818798,14.4981945,16.36518269,15.21333758,,,
08/01/2035,14.10417627,14.85761494,13.66026727,14.50667327,16.3851502,15.22968188,,,
09/01/2035,14.10972762,14.86855015,13.66234571,14.5151472,16.40508564,15.24605296,,,
10/01/2035,14.11509791,14.8791256,13.66435607,14.52334304,16.42434788,15.26192327,,,
11/01/2035,14.12064498,14.89004597,13.66643225,14.53180688,16.44422006,15.27834789,,,
12/01/2035,14.12601122,14.90060717,13.66844053,14.53999305,16.46342143,15.29426974,,,
01/01/2036,14.13155429,14.91151304,13.67051477,14.54844711,16.48323121,15.31074749,,,
02/01/2036,14.13709531,14.92241156,13.67258805,14.55689619,16.50300949,15.32725102,,,
03/01/2036,14.14227706,14.93260052,13.6745267,14.56479581,16.52148429,15.34271727,,,
04/01/2036,14.14781408,14.94348481,13.67659808,14.57323523,16.54120198,15.35927406,,,
05/01/2036,14.15317054,14.95401112,13.67860173,14.58139775,16.56025448,15.37532294,,,
06/01/2036,14.15870345,14.96488097,13.6806712,14.58982735,16.5799111,15.39193111,,,
07/01/2036,14.16405591,14.97539331,13.68267299,14.59798034,16.59890476,15.40802949,,,
08/01/2036,14.16958466,14.98624873,13.68474051,14.60640009,16.61850082,15.42468852,,,
09/01/2036,14.1751113,14.99709685,13.6868071,14.61481486,16.63806634,15.44137222,,,
10/01/2036,14.18045764,15.00758816,13.68880609,14.62295347,16.65697218,15.45754334,,,
11/01/2036,14.18598003,15.01842185,13.69087081,14.63135832,16.6764779,15.47427706,,,
12/01/2036,14.19132228,15.02889924,13.6928682,14.63948738,16.69532616,15.49049629,,,
01/01/2037,14.19684028,15.03971843,13.69493125,14.64788226,16.7147725,15.50727932,,,
02/01/2037,14.20235635,15.05053055,13.69699377,14.65627233,16.73418916,15.52408651,,,
03/01/2037,14.20733647,15.06029005,13.69885576,14.66384602,16.75170213,15.53929372,,,
04/01/2037,14.21284822,15.07108815,13.70091675,14.67222639,16.77106206,15.55615165,,,
05/01/2037,14.21818014,15.08153114,13.70291066,14.68033175,16.78976984,15.57249029,,,
06/01/2037,14.22368737,15.09231475,13.7049701,14.68870206,16.80907159,15.58939594,,,
07/01/2037,14.22901514,15.10274395,13.70696272,14.6967979,16.82772354,15.60578086,,,
08/01/2037,14.23451835,15.11351361,13.70902113,14.70515867,16.84696815,15.62273437,,,
09/01/2037,14.24001922,15.1242759,13.71107872,14.71351429,16.86618361,15.63971079,,,
10/01/2037,14.24534095,15.13468462,13.71306966,14.72159607,16.88475253,15.65616403,,,
11/01/2037,14.25083709,15.14543232,13.71512553,14.72994147,16.9039109,15.67318702,,,
12/01/2037,14.25615443,15.15582714,13.71711501,14.73801357,16.92242502,15.68968524,,,
01/01/2038,14.26164632,15.16656079,13.71916964,14.74634927,16.9415273,15.70675474,,,
02/01/2038,14.26713602,15.17728728,13.72122364,14.75468002,16.96060124,15.72384673,,,
03/01/2038,14.27209295,15.18697018,13.72307861,14.76220082,16.97780656,15.73931055,,,
04/01/2038,14.27757848,15.19768308,13.72513136,14.77052215,16.99682691,15.7564507,,,
05/01/2038,14.28288505,15.20804378,13.72711734,14.77857049,17.01520755,15.77306115,,,
06/01/2038,14.28836595,15.21874237,13.72916851,14.7868818,17.03417266,15.79024616,,,
07/01/2038,14.29366813,15.22908932,13.73115303,14.79492053,17.05250016,15.80690006,,,
08/01/2038,14.29914453,15.23977376,13.73320284,14.80322198,17.07141055,15.82412979,,,
09/01/2038,14.30461859,15.25045093,13.7352517,14.81151838,17.09029324,15.84138109,,,
10/01/2038,14.30991395,15.260777,13.73723388,14.81954247,17.1085411,15.8580987,,,
11/01/2038,14.31538344,15.27144004,13.73928131,14.82782896,17.12736991,15.8753942,,,
12/01/2038,14.32067458,15.28175263,13.74126225,14.83584368,17.14556606,15.89215452,,,
01/01/2039,14.32613986,15.29240194,13.74330855,14.84412066,17.16434181,15.90949409,,,
02/01/2039,14.33160311,15.30304441,13.74535448,14.85239293,17.18309088,15.92685504,,,
03/01/2039,14.33653557,15.31265093,13.74720173,14.85986036,17.20000337,15.94256023,,,
04/01/2039,14.34199423,15.32327963,13.74924638,14.86812294,17.21870118,15.95996662,,,
05/01/2039,14.34727442,15.3335586,13.75122435,14.8761141,17.23677065,15.97683324,,,
06/01/2039,14.35272827,15.34417307,13.75326772,14.88436663,17.25541588,15.99428199,,,
07/01/2039,14.35800393,15.3544384,13.75524461,14.8923482,17.27343479,16.01118969,,,
08/01/2039,14.36345307,15.36503876,13.75728686,14.90059079,17.29202795,16.02868068,,,
09/01/2039,14.36890004,15.37563221,13.75932877,14.90882859,17.31059508,16.0461923,,,
10/01/2039,14.37416898,15.3858771,13.7613042,14.91679583,17.32853841,16.06316047,,,
11/01/2039,14.37961128,15.39645648,13.76334505,14.92502376,17.34705399,16.08071385,,,
12/01/2039,14.38487562,15.40668773,13.76531938,14.9329814,17.36494768,16.09772221,,,
01/01/2040,14.39031294,15.41725277,13.76735885,14.94119919,17.38341176,16.11531663,,,
02/01/2040,14.39574795,15.42781075,13.76939786,14.94941204,17.40184996,16.132931,,,
03/01/2040,14.40083041,15.43768152,13.77130501,14.95709078,17.41907637,16.14943156,,,
04/01/2040,14.40626043,15.44822523,13.77334257,14.96529363,17.43746393,16.16708749,,,
05/01/2040,14.41151299,15.45842201,13.77531383,14.97322707,17.45523399,16.18419458,,,
06/01/2040,14.41693848,15.46895178,13.77735049,14.98142018,17.47357119,16.20189093,,,
07/01/2040,14.42218725,15.47913594,13.77932145,14.9893449,17.49129482,16.21903816,,,
08/01/2040,14.42760751,15.48965133,13.78135647,14.99752773,17.50958218,16.23677421,,,
09/01/2040,14.43302524,15.50015928,13.78339079,15.0057054,17.52784321,16.25452908,,,
10/01/2040,14.43826545,15.51032096,13.78535846,15.01361408,17.54549058,16.27173111,,,
11/01/2040,14.44367883,15.52081517,13.78739206,15.02178231,17.56370253,16.28952604,,,
12/01/2040,14.44891548,15.53096446,13.78935967,15.02968254,17.58130434,16.30676759,,,
01/01/2041,14.45432499,15.5414459,13.79139297,15.0378419,17.59946999,16.32460316,,,
02/01/2041,14.45973284,15.55192139,13.79342637,15.04599712,17.6176133,16.34245892,,,
03/01/2041,14.46461514,15.56137729,13.79526221,15.05335886,17.63398102,16.35860934,,,
04/01/2041,14.470018,15.57183933,13.79729395,15.06150426,17.65207819,16.37650657,,,
05/01/2041,14.47524401,15.58195702,13.79925923,15.06938216,17.66956844,16.39384613,,,
06/01/2041,14.48064109,15.59240412,13.80128864,15.07751687,17.68761601,16.41178056,,,
07/01/2041,14.4858621,15.60250794,13.80325232,15.08538486,17.70505908,16.42915675,,,
08/01/2041,14.49125505,15.61294189,13.80528112,15.09351049,17.72306016,16.44713027,,,
09/01/2041,14.49664578,15.6233691,13.80730949,15.10163141,17.74103772,16.46512244,,,
10/01/2041,14.50185983,15.63345284,13.80927129,15.10948524,17.75841217,16.48255333,,,
11/01/2041,14.50724555,15.64386609,13.81129814,15.11759623,17.77634284,16.50058342,,,
12/01/2041,14.51245506,15.65393667,13.81325878,15.12544078,17.79367252,16.51805116,,,
01/01/2042,14.51783625,15.66433651,13.81528457,15.13354237,17.81155717,16.53611914,,,
02/01/2042,14.52321499,15.67472941,13.81730969,15.14163905,17.82941842,16.55420518,,,
03/01/2042,14.52807133,15.68411102,13.81913837,15.14894829,17.84553241,16.57056319,,,
04/01/2042,14.53344521,15.69449048,13.82116197,15.15703541,17.863349,16.5886889,,,
05/01/2042,14.53864387,15.7045291,13.82312006,15.16485749,17.88056992,16.60624963,,,
06/01/2042,14.5440134,15.71489546,13.82514277,15.17293545,17.89834193,16.62441275,,,
07/01/2042,14.54920741,15.72492096,13.82709955,15.18074824,17.91551919,16.64200917,,,
08/01/2042,14.55457224,15.73527389,13.82912097,15.1888167,17.93324648,16.66020925,,,
09/01/2042,14.55993517,15.74562055,13.83114224,15.19688084,17.95095183,16.67842758,,,
10/01/2042,14.56512236,15.75562652,13.83309721,15.20467984,17.96806405,16.69607674,,,
11/01/2042,14.57048023,15.76595939,13.83511684,15.21273415,17.98572455,16.71433129,,,
12/01/2042,14.57566164,15.77595085,13.83706935,15.22052273,18.00279106,16.73201381,,,
01/01/2043,14.58101438,15.78626956,13.83908732,15.2285671,18.0204057,16.75030385,,,
02/01/2043,14.5863644,15.79658101,13.84110434,15.23660632,18.03799707,16.76861053,,,
03/01/2043,14.59119458,15.80588889,13.84292552,15.24386351,18.053868,16.78516706,,,
04/01/2043,14.59654128,15.81618887,13.84494254,15.25189489,18.07141995,16.80351406,,,
05/01/2043,14.60171274,15.8261498,13.84689335,15.2596622,18.08838473,16.82128726,,,
06/01/2043,14.60705465,15.83643661,13.84890895,15.26768415,18.10589414,16.83966992,,,
07/01/2043,14.61222103,15.84638417,13.85085792,15.27544187,18.12281647,16.85747683,,,
08/01/2043,14.61755807,15.85665753,13.85287203,15.28345427,18.1402827,16.87589486,,,
09/01/2043,14.62289214,15.8669236,13.85488488,15.29146136,18.15772659,16.89432919,,,
10/01/2043,14.62805259,15.87685297,13.85683282,15.29920639,18.1745888,16.9121882,,,
11/01/2043,14.63338236,15.88710643,13.8588447,15.30720457,18.19199174,16.93065851,,,
12/01/2043,14.638538,15.89702292,13.86079106,15.31494036,18.20881325,16.94855134,,,
01/01/2044,14.64386315,15.90726327,13.86280164,15.32292931,18.22617386,16.96705652,,,
02/01/2044,14.64918581,15.91749685,13.86481144,15.33091344,18.24351329,16.98557844,,,
03/01/2044,14.65416268,15.92706396,13.86669069,15.33837803,18.25971464,17.00292444,,,
04/01/2044,14.65948026,15.93728398,13.86869872,15.34635254,18.27701188,17.02148166,,,
05/01/2044,14.66462335,15.94716718,13.87064064,15.35406466,18.29372982,17.03945711,,,
06/01/2044,14.66993684,15.95737455,13.87264798,15.36203048,18.31098599,17.05804908,,,
07/01/2044,14.6750746,15.96724398,13.87458787,15.36973281,18.32766187,17.07605635,,,
08/01/2044,14.68038323,15.97743781,13.87659376,15.37768919,18.34487593,17.09468199,,,
09/01/2044,14.68568824,15.98762362,13.87859777,15.38563962,18.3620672,17.1133223,,,
10/01/2044,14.69082035,15.99747514,13.88053697,15.39332966,18.37868543,17.13137981,,,
11/01/2044,14.69612128,16.00764858,13.88254024,15.40127149,18.39583743,17.15005487,,,
12/01/2044,14.7012486,16.01748719,13.88447791,15.40895239,18.41241601,17.16814457,,,
01/01/2045,14.70654443,16.02764708,13.88647945,15.41688461,18.42952664,17.18685272,,,
02/01/2045,14.71183774,16.03780016,13.88848017,15.42481204,18.44661659,17.20557668,,,
03/01/2045,14.71661676,16.0469651,13.89028665,15.4319684,18.46203556,17.22250875,,,
04/01/2045,14.72190568,16.05710546,13.89228625,15.43988708,18.47908679,17.24126883,,,
05/01/2045,14.72702327,16.0669146,13.89422218,15.44754754,18.49557247,17.25944318,,,
06/01/2045,14.73230865,16.07704398,13.89622147,15.45545834,18.51258843,17.27823846,,,
07/01/2045,14.73742044,16.08683961,13.89815474,15.4631088,18.52903531,17.29644367,,,
08/01/2045,14.74270165,16.0969568,13.90015309,15.47101107,18.54601298,17.31527272,,,
09/01/2045,14.74797927,16.10706614,13.90214949,15.47890751,18.5629687,17.33411591,,,
10/01/2045,14.75308472,16.11684357,13.90408114,15.48654521,18.57935931,17.35236897,,,
11/01/2045,14.75835786,16.12694022,13.90607634,15.49443277,18.59627638,17.3712452,,,
12/01/2045,14.76345859,16.13670494,13.90800642,15.50206149,18.61262894,17.38952949,,,
01/01/2046,14.7687281,16.14679007,13.91000125,15.50994108,18.62950991,17.40843988,,,
02/01/2046,14.77399436,16.15686781,13.91199447,15.51781523,18.64637002,17.42736465,,,
03/01/2046,14.77874766,16.16596331,13.91379283,15.5249222,18.66157961,17.44447604,,,
04/01/2046,14.78400974,16.17602886,13.91578506,15.53278793,18.67840256,17.46345347,,,
05/01/2046,14.78909978,16.18576362,13.91771225,15.54039558,18.69466486,17.48186922,,,
06/01/2046,14.79435682,16.19581612,13.91970267,15.54825196,18.7114498,17.50094655,,,
07/01/2046,14.79944213,16.20553843,13.92162827,15.55585072,18.72767567,17.5194561,,,
08/01/2046,14.80469431,16.21557803,13.92361709,15.56369795,18.74442252,17.53865333,,,
09/01/2046,14.80994342,16.22561027,13.92560448,15.5715399,18.7611486,17.55792752,,,
10/01/2046,14.8150221,16.23531402,13.92752822,15.57912573,18.77731922,17.57665681,,,
11/01/2046,14.820268,16.24533534,13.92951565,15.58696023,18.79401146,17.59608406,,,
12/01/2046,14.82534176,16.25502665,13.93143758,15.59453706,18.81014644,17.61495292,,,
01/01/2047,14.83058241,16.26503468,13.93342298,15.60236206,18.82680041,17.63451769,,,
02/01/2047,14.83582189,16.27503772,13.93540881,15.61018375,18.8434382,17.65415012,,,
03/01/2047,14.84055234,16.28406757,13.9372018,15.61724481,18.85845095,17.67194549,,,
04/01/2047,14.8457858,16.29405683,13.93918472,15.62505642,18.87505058,17.69170301,,,
05/01/2047,14.85084703,16.30371628,13.9411018,15.63261056,18.89109443,17.71087898,,,
06/01/2047,14.85607615,16.31369292,13.94308366,15.64041353,18.90765703,17.73075281,,,
07/01/2047,14.86113436,16.32334189,13.94500089,15.64796059,18.92366896,17.75004158,,,
08/01/2047,14.86635738,16.33330442,13.94697988,15.65575326,18.94019323,17.77002217,,,
09/01/2047,14.87158014,16.34326287,13.94896025,15.66354358,18.95670263,17.79005763,,,
10/01/2047,14.87663188,16.35289386,13.95087571,15.67107806,18.97266234,17.80949705,,,
11/01/2047,14.88184866,16.36283844,13.95285329,15.67885824,18.98913419,17.82963007,,,
12/01/2047,14.88689561,16.37245703,13.95476706,15.68638392,19.00505891,17.84916258,,,
01/01/2048,14.89210957,16.3823913,13.956745,15.69415718,19.02149889,17.86939315,,,
02/01/2048,14.89731908,16.39231683,13.9587201,15.70192385,19.03791663,17.88966289,,,
03/01/2048,14.9021912,16.40159723,13.96056791,15.70918631,19.05326059,17.90867157,,,
04/01/2048,14.90739521,16.4115091,13.96254071,15.71694336,19.06964057,17.92902647,,,
05/01/2048,14.91242724,16.42109271,13.96444738,15.72444399,19.08547039,17.94876142,,,
06/01/2048,14.91762672,16.43099143,13.96641904,15.73219222,19.101813,17.96919594,,,
07/01/2048,14.92265597,16.44056452,13.9683262,15.73968602,19.11761138,17.98901027,,,
08/01/2048,14.92785037,16.4504501,13.97029612,15.74742503,19.13391794,18.00952055,,,
09/01/2048,14.93304341,16.46033042,13.97226633,15.75516059,19.15020858,18.03006864,,,
10/01/2048,14.93806722,16.46988692,13.9741728,15.76264303,19.16595936,18.04999305,,,
11/01/2048,14.94325411,16.47975333,13.97614007,15.7703684,19.18221351,18.07061067,,,
12/01/2048,14.94827179,16.48929579,13.97804352,15.77784073,19.19792726,18.0905992,,,
01/01/2049,14.9534546,16.49915029,13.98000993,15.78555794,19.21414786,18.11128646,,,
02/01/2049,14.95863494,16.50899834,13.98197552,15.79327063,19.23035074,18.13200515,,,
03/01/2049,14.96331235,16.51788857,13.98375062,15.80023367,19.24497211,18.15075629,,,
04/01/2049,14.968489,16.52772564,13.98571558,15.80793879,19.26114411,18.1715463,,,
05/01/2049,14.97349691,16.53724012,13.98761689,15.81539174,19.27677929,18.19169823,,,
06/01/2049,14.97866817,16.5470642,13.9895796,15.82308751,19.29291675,18.21254857,,,
07/01/2049,14.98367101,16.55656613,13.99147888,15.83053151,19.30851838,18.23275775,,,
08/01/2049,14.98883829,16.56637868,13.99344075,15.83821933,19.3246235,18.25366836,,,
09/01/2049,14.99400347,16.57618542,13.99540208,15.84590305,19.34071287,18.27460763,,,
10/01/2049,14.9990001,16.58567044,13.9972997,15.85333513,19.35626831,18.29490151,,,
11/01/2049,15.00416045,16.59546492,13.99925928,15.8610101,19.37232459,18.31589666,,,
12/01/2049,15.00915242,16.60493799,14.00115522,15.86843372,19.38784776,18.33624345,,,
01/01/2050,15.01430814,16.6147203,14.00311327,15.87610013,19.40387111,18.35729268,,,
02/01/2050,15.01946173,16.62449665,14.00507077,15.88376242,19.41987797,18.3783671,,,
03/01/2050,15.02411406,16.63332126,14.00683761,15.89067905,19.43432174,18.3974331,,,
04/01/2050,15.02926326,16.64308599,14.00879372,15.89833317,19.45029743,18.41856489,,,
05/01/2050,15.03424426,16.65253011,14.01068611,15.90573644,19.46574261,18.43904136,,,
06/01/2050,15.03938904,16.66228303,14.01264092,15.91338227,19.48168645,18.46022329,,,
07/01/2050,15.04436548,16.67171543,14.01453171,15.92077723,19.4971006,18.48074743,,,
08/01/2050,15.04950563,16.68145636,14.01648496,15.92841457,19.51301259,18.50197802,,,
09/01/2050,15.05464341,16.69119124,14.01843737,15.93604759,19.52890876,18.52323144,,,
10/01/2050,15.05961316,16.70060631,14.02032597,15.94343026,19.5442769,18.54382376,,,
11/01/2050,15.06474633,16.71032926,14.02227682,15.95105485,19.56014139,18.56512384,,,
12/01/2050,15.06971193,16.71973315,14.02416421,15.95842968,19.57547961,18.58576145,,,
01/01/2051,15.07484198,16.72944598,14.02611497,15.96604738,19.5913158,18.60711026,,,
02/01/2051,15.07996906,16.73915221,14.02806427,15.97366019,19.6071353,18.62847907,,,
03/01/2051,15.08459872,16.74791503,14.02982492,15.98053348,19.62141247,18.64780977,,,
04/01/2051,15.08972285,16.75761188,14.0317741,15.98813976,19.6372062,18.66923282,,,
05/01/2051,15.09468011,16.76699133,14.0336602,15.9954974,19.6524779,18.68998961,,,
06/01/2051,15.09980102,16.7766786,14.035609,16.00309687,19.66824518,18.71145961,,,
07/01/2051,15.10475372,16.78604711,14.03749326,16.01044643,19.68348848,18.73225865,,,
08/01/2051,15.10987012,16.79572313,14.03944037,16.01803773,19.69922615,18.75377165,,,
09/01/2051,15.11498426,16.80539335,14.04138666,16.02562489,19.71494837,18.77530381,,,
10/01/2051,15.11993089,16.81474581,14.04326902,16.03296302,19.73014876,18.79616321,,,
11/01/2051,15.1250392,16.824403,14.04521239,16.04054063,19.74583825,18.81773388,,,
12/01/2051,15.1299812,16.83374376,14.04709297,16.0478705,19.76100791,18.83863101,,,
01/01/2052,15.13508488,16.84338897,14.04903471,16.05543972,19.77666583,18.86024037,,,
02/01/2052,15.14018572,16.85302751,14.05097515,16.06300417,19.79230696,18.88186666,,,
03/01/2052,15.144958,16.86204187,14.05279227,16.0700795,19.80693018,18.9021261,,,
04/01/2052,15.15005631,16.87167142,14.0547331,16.07763786,19.82254643,18.92379894,,,
05/01/2052,15.15498844,16.88098546,14.056611,16.08494899,19.8376458,18.94479429,,,
06/01/2052,15.16008347,16.89060518,14.05855143,16.09250049,19.85323544,18.96650852,,,
07/01/2052,15.16501168,16.89990895,14.06042817,16.09980424,19.86830798,18.98754243,,,
08/01/2052,15.17010111,16.9095162,14.06236585,16.10734653,19.88386668,19.00929291,,,
09/01/2052,15.17518894,16.91911835,14.06430343,16.11488538,19.89941119,19.03106131,,,
10/01/2052,15.18011037,16.9284051,14.0661776,16.12217703,19.91443969,19.05214684,,,
11/01/2052,15.1851935,16.93799553,14.06811339,16.12970754,19.92995432,19.0739517,,,
12/01/2052,15.1901107,16.94727135,14.06998619,16.13699146,19.94495473,19.09507299,,,
01/01/2053,15.19518929,16.95685027,14.07192037,16.14451381,19.96043989,19.11691388,,,
02/01/2053,15.20026594,16.96642371,14.0738541,16.15203238,19.97591042,19.13877139,,,
03/01/2053,15.20484873,16.97506519,14.07559936,16.15881928,19.98987085,19.15853749,,,
04/01/2053,15.20992094,16.98462741,14.0775315,16.1663299,20.00531291,19.18043614,,,
05/01/2053,15.21482749,16.99387582,14.07940071,16.17359451,20.02024304,19.20164719,,,
06/01/2053,15.21989516,17.00342652,14.08133127,16.18109701,20.03565588,19.2235802,,,
07/01/2053,15.2247971,17.01266356,14.0831987,16.18835354,20.05055759,19.24482422,,,
08/01/2053,15.22986023,17.02220276,14.08512768,16.19584792,20.06594139,19.26679134,,,
09/01/2053,15.23492155,17.03173662,14.08705634,16.20333867,20.081311,19.28877426,,,
10/01/2053,15.23981729,17.04095732,14.08892188,16.21058377,20.09617094,19.31006634,,,
11/01/2053,15.2448741,17.05047974,14.09084898,16.21806646,20.11151181,19.33208293,,,
12/01/2053,15.2497658,17.05968971,14.09271332,16.22530409,20.12634434,19.35340767,,,
01/01/2054,15.25481792,17.06920054,14.09463868,16.23277853,20.14165647,19.37545741,,,
02/01/2054,15.25986795,17.07870577,14.09656343,16.24024909,20.15695431,19.39752227,,,
03/01/2054,15.26442739,17.08728641,14.09830125,16.24699335,20.17075997,19.41747532,,,
04/01/2054,15.26947296,17.09678053,14.10022438,16.25445606,20.18603031,19.43957893,,,
05/01/2054,15.27435401,17.10596337,14.1020851,16.26167457,20.20079505,19.46098748,,,
06/01/2054,15.27939538,17.11544644,14.10400695,16.26912954,20.21603758,19.48312347,,,
07/01/2054,15.28427218,17.12461843,14.10586623,16.27634043,20.23077532,19.50456317,,,
08/01/2054,15.28930921,17.13409035,14.10778667,16.28378758,20.24599012,19.5267337,,,
09/01/2054,15.29434373,17.1435563,14.10970607,16.29123045,20.26119049,19.54892454,,,
10/01/2054,15.29921391,17.15271173,14.111563,16.29842964,20.27588754,19.57042273,,,
11/01/2054,15.30424386,17.16216629,14.11348073,16.30586445,20.29105994,19.5926576,,,
12/01/2054,15.30910985,17.17131095,14.11533629,16.31305608,20.30573039,19.61419898,,,
01/01/2055,15.31413578,17.18075475,14.11725289,16.32048342,20.32087592,19.63647732,,,
02/01/2055,15.31915984,17.19019327,14.11916913,16.32790716,20.33600794,19.65877668,,,
03/01/2055,15.32369568,17.19871357,14.12089907,16.334609,20.34966411,19.67894666,,,
04/01/2055,15.32871564,17.20814145,14.12281401,16.3420253,20.3647698,19.70129542,,,
05/01/2055,15.33357129,17.21725966,14.12466614,16.34919836,20.3793752,19.72294507,,,
06/01/2055,15.33858664,17.22667624,14.12657934,16.35660661,20.39445379,19.7453341,,,
07/01/2055,15.34343817,17.23578495,14.12843015,16.36377225,20.40903325,19.76702297,,,
08/01/2055,15.34844916,17.24519301,14.13034185,16.37117275,20.42408503,19.78945494,,,
09/01/2055,15.35345808,17.25459699,14.13225296,16.37856946,20.43912338,19.81190634,,,
10/01/2055,15.35830348,17.26369374,14.13410182,16.385724,20.45366403,19.83365523,,,
11/01/2055,15.3633081,17.27308936,14.13601149,16.39311302,20.4686758,19.85614643,,,
12/01/2055,15.36814907,17.28217771,14.13785871,16.40025988,20.48319055,19.87793273,,,
01/01/2056,15.37314904,17.2915645,14.13976658,16.40764087,20.49817551,19.90046171,,,
02/01/2056,15.37814693,17.30094705,14.14167383,16.41501807,20.51314723,19.92300771,,,
03/01/2056,15.38282048,17.30972046,14.1434574,16.42191595,20.52714135,19.94412201,,,
04/01/2056,15.38781423,17.31909463,14.14536332,16.42928572,20.54208736,19.96671214,,,
05/01/2056,15.39264476,17.3281622,14.14720698,16.43641405,20.55653874,19.98859569,,,
06/01/2056,15.39763415,17.33752755,14.14911136,16.44377609,20.57145858,20.01122594,,,
07/01/2056,15.40246049,17.3465866,14.15095358,16.45089698,20.58588473,20.03314653,,,
08/01/2056,15.40744552,17.35594313,14.15285645,16.45825136,20.60077857,20.05581387,,,
09/01/2056,15.41242838,17.36529518,14.15475862,16.4656019,20.61565934,20.0784976,,,
10/01/2056,15.4172484,17.37434125,14.15659866,16.47271164,20.63004768,20.10046885,,,
11/01/2056,15.42222694,17.38368435,14.15849932,16.48005454,20.64490261,20.12318773,,,
12/01/2056,15.42704289,17.39272187,14.16033803,16.48715702,20.65926629,20.14519282,,,
01/01/2057,15.43201718,17.40205607,14.16223728,16.49449238,20.67409578,20.16794615,,,
02/01/2057,15.43698926,17.41138566,14.16413575,16.50182387,20.68891226,20.19071456,,,
03/01/2057,15.44147843,17.41980868,14.16584993,16.50844276,20.70228442,20.21130421,,,
04/01/2057,15.44644641,17.42912957,14.16774701,16.51576698,20.71707645,20.23411949,,,
05/01/2057,15.45125211,17.43814546,14.16958221,16.52285135,20.73137929,20.25622004,,,
06/01/2057,15.45621578,17.44745724,14.17147782,16.53016803,20.74614605,20.2790732,,,
07/01/2057,15.46101736,17.45646433,14.17331162,16.53724514,20.76042456,20.30120846,,,
08/01/2057,15.4659768,17.46576699,14.17520579,16.54455432,20.77516627,20.32409626,,,
09/01/2057,15.47093408,17.47506501,14.17709922,16.5518597,20.78989528,20.34699905,,,
10/01/2057,15.47572944,17.48405871,14.17893088,16.55892586,20.80413732,20.36918134,,,
11/01/2057,15.48068248,17.49334755,14.18082287,16.56622377,20.81884147,20.39211697,,,
12/01/2057,15.48547371,17.50233234,14.18265312,16.57328271,20.83305947,20.41433058,,,
01/01/2058,15.49042244,17.51161186,14.18454358,16.58057309,20.84773871,20.43729804,,,
02/01/2058,15.49536897,17.52088661,14.18643327,16.58785965,20.8624053,20.46027938,,,
03/01/2058,15.49983505,17.52925993,14.18813947,16.59443795,20.87564228,20.48106044,,,
04/01/2058,15.50477765,17.5385259,14.19002793,16.60171749,20.89028542,20.50408025,,,
05/01/2058,15.50955869,17.54748844,14.19185466,16.60875857,20.90444443,20.52637415,,,
06/01/2058,15.514497,17.55674504,14.19374159,16.61603063,20.91906306,20.54942391,,,
07/01/2058,15.51927386,17.56569844,14.19556682,16.62306444,20.93319825,20.57174656,,,
08/01/2058,15.5242079,17.57494565,14.19745226,16.63032906,20.94779243,20.59482592,,,
09/01/2058,15.52913979,17.5841881,14.19933695,16.63758992,20.96237431,20.6179183,,,
10/01/2058,15.5339105,17.59312784,14.20116007,16.64461297,20.97647413,20.64028208,,,
11/01/2058,15.53883808,17.60236081,14.20304323,16.65186636,20.99103163,20.6634035,,,
12/01/2058,15.54360486,17.61129164,14.2048651,16.65888245,21.00510838,20.68579574,,,
01/01/2059,15.54852832,17.62051533,14.2067469,16.66612859,21.01964213,20.70894638,,,
02/01/2059,15.55344971,17.62973434,14.20862801,16.67337106,21.03416388,20.73210977,,,
03/01/2059,15.55789321,17.63805745,14.2103266,16.67990975,21.04727068,20.7530545,,,
04/01/2059,15.56281045,17.64726736,14.21220621,16.68714507,21.06176936,20.77625334,,,
05/01/2059,15.56756713,17.65617691,14.21402455,16.69414356,21.07578908,20.79871958,,,
06/01/2059,15.57248019,17.66537987,14.21590274,16.70137159,21.09026406,20.82194606,,,
07/01/2059,15.57723277,17.67428262,14.21771964,16.70836298,21.10426084,20.84443894,,,
08/01/2059,15.58214162,17.68347861,14.21959639,16.71558377,21.11871235,20.86769314,,,
09/01/2059,15.58704842,17.69267108,14.22147247,16.72280092,21.13315213,20.89095945,,,
10/01/2059,15.59179474,17.70156333,14.22328709,16.72978154,21.14711461,20.91349046,,,
11/01/2059,15.59669621,17.71074703,14.22516054,16.7369902,21.16152854,20.93678138,,,
12/01/2059,15.60143875,17.7196321,14.22697405,16.74396403,21.17546765,20.95933771,,,
01/01/2060,15.6063363,17.72880846,14.22884636,16.75116569,21.18985809,20.9826555,,,
02/01/2060,15.61123164,17.73798079,14.23071786,16.75836354,21.20423632,21.00598458,,,
03/01/2060,15.61580995,17.74655865,14.23246866,16.76509444,21.21767731,21.02782793,,,
04/01/2060,15.62070048,17.75572248,14.23433808,16.77228445,21.23203099,21.05118538,,,
05/01/2060,15.62543258,17.76458849,14.23614786,16.77924039,21.24591263,21.07380665,,,
06/01/2060,15.63032026,17.77374616,14.2380172,16.7864245,21.26024549,21.09719287,,,
07/01/2060,15.63504816,17.78260475,14.23982542,16.79337333,21.27410533,21.11984012,,,
08/01/2060,15.63993107,17.79175405,14.2416927,16.80054964,21.28841445,21.14325165,,,
09/01/2060,15.64481185,17.80089917,14.24355925,16.80772227,21.3027114,21.16667377,,,
10/01/2060,15.64953282,17.80974499,14.24536454,16.81465971,21.31653547,21.18935906,,,
11/01/2060,15.65441002,17.8188828,14.24723025,16.82182572,21.33081066,21.21282062,,,
12/01/2060,15.65912768,17.82772193,14.24903484,16.82875695,21.34461452,21.23554377,,,
01/01/2061,15.66400037,17.83685156,14.25089875,16.83591549,21.3588669,21.25903698,,,
