Date,Critical head + 50 feet,Critical head + 20 feet,Critical head,base,2015 water level scenario,Historical low scenario,Date_S,Measured Subsidence,Source
01/01/1901,0,0,0,0,0,0,01/01/1901,0,Leveling
02/01/1901,0.002078647,0.002078647,0.002078647,0.002078647,0.002078647,0.002078647,01/01/1931,0,Leveling
03/01/1901,-2.72E-05,-2.72E-05,-2.72E-05,-2.72E-05,-2.72E-05,-2.72E-05,09/01/1948,0.189,Leveling
04/01/1901,0.004221713,0.004221713,0.004221713,0.004221713,0.004221713,0.004221713,04/01/1958,0.336,Leveling
05/01/1901,0.00544969,0.00544969,0.00544969,0.00544969,0.00544969,0.00544969,03/01/1988,0.593536764,Leveling
06/01/1901,0.010731686,0.010731686,0.010731686,0.010731686,0.010731686,0.010731686,10/01/2004,0.66178561,InSAR
07/01/1901,0.013732444,0.013732444,0.013732444,0.013732444,0.013732444,0.013732444,10/02/2004,0.662664028,Leveling
08/01/1901,0.013056445,0.013056445,0.013056445,0.013056445,0.013056445,0.013056445,11/01/2004,0.689016582,InSAR
09/01/1901,0.007163275,0.007163275,0.007163275,0.007163275,0.007163275,0.007163275,12/01/2004,0.699187186,InSAR
10/01/1901,0.002348681,0.002348681,0.002348681,0.002348681,0.002348681,0.002348681,01/01/2005,0.699843354,InSAR
11/01/1901,0.0095707,0.0095707,0.0095707,0.0095707,0.0095707,0.0095707,02/01/2005,0.69787485,InSAR
12/01/1901,0.009119002,0.009119002,0.009119002,0.009119002,0.009119002,0.009119002,03/01/2005,0.690985086,InSAR
01/01/1902,0.01372396,0.01372396,0.01372396,0.01372396,0.01372396,0.01372396,04/01/2005,0.677533642,InSAR
02/01/1902,0.010967278,0.010967278,0.010967278,0.010967278,0.010967278,0.010967278,01/01/2006,0.717887974,InSAR
03/01/1902,0.01319383,0.01319383,0.01319383,0.01319383,0.01319383,0.01319383,02/01/2006,0.735932594,InSAR
04/01/1902,0.015070932,0.015070932,0.015070932,0.015070932,0.015070932,0.015070932,03/01/2006,0.72740241,InSAR
05/01/1902,0.013526803,0.013526803,0.013526803,0.013526803,0.013526803,0.013526803,04/01/2006,0.721496898,InSAR
06/01/1902,0.012372282,0.012372282,0.012372282,0.012372282,0.012372282,0.012372282,05/01/2006,0.729370914,InSAR
07/01/1902,0.011457606,0.011457606,0.011457606,0.011457606,0.011457606,0.011457606,06/01/2006,0.73232367,InSAR
08/01/1902,0.008734554,0.008734554,0.008734554,0.008734554,0.008734554,0.008734554,07/01/2006,0.726090074,InSAR
09/01/1902,0.006413433,0.006413433,0.006413433,0.006413433,0.006413433,0.006413433,08/01/2006,0.734948342,InSAR
10/01/1902,-0.002218759,-0.002218759,-0.002218759,-0.002218759,-0.002218759,-0.002218759,09/01/2006,0.747415534,InSAR
11/01/1902,0.002077043,0.002077043,0.002077043,0.002077043,0.002077043,0.002077043,10/01/2006,0.745775114,InSAR
12/01/1902,-0.001515167,-0.001515167,-0.001515167,-0.001515167,-0.001515167,-0.001515167,11/01/2006,0.751680626,InSAR
01/01/1903,-0.001933662,-0.001933662,-0.001933662,-0.001933662,-0.001933662,-0.001933662,12/01/2006,0.76677249,InSAR
02/01/1903,-0.003193825,-0.003193825,-0.003193825,-0.003193825,-0.003193825,-0.003193825,01/01/2007,0.785145194,InSAR
03/01/1903,-0.005491041,-0.005491041,-0.005491041,-0.005491041,-0.005491041,-0.005491041,02/01/2007,0.797612386,InSAR
04/01/1903,-0.010250848,-0.010250848,-0.010250848,-0.010250848,-0.010250848,-0.010250848,12/01/2007,0.857979842,InSAR
05/01/1903,-0.012373739,-0.012373739,-0.012373739,-0.012373739,-0.012373739,-0.012373739,01/01/2008,0.877664882,InSAR
06/01/1903,-0.015969858,-0.015969858,-0.015969858,-0.015969858,-0.015969858,-0.015969858,02/01/2008,0.888819738,InSAR
07/01/1903,-0.015411888,-0.015411888,-0.015411888,-0.015411888,-0.015411888,-0.015411888,03/01/2008,0.889475906,InSAR
08/01/1903,-0.017374213,-0.017374213,-0.017374213,-0.017374213,-0.017374213,-0.017374213,04/01/2008,0.887507402,InSAR
09/01/1903,-0.024242411,-0.024242411,-0.024242411,-0.024242411,-0.024242411,-0.024242411,05/01/2008,0.887835486,InSAR
10/01/1903,-0.029348735,-0.029348735,-0.029348735,-0.029348735,-0.029348735,-0.029348735,06/01/2008,0.89308483,InSAR
11/01/1903,-0.026804936,-0.026804936,-0.026804936,-0.026804936,-0.026804936,-0.026804936,07/01/2008,0.899974594,InSAR
12/01/1903,-0.028616391,-0.028616391,-0.028616391,-0.028616391,-0.028616391,-0.028616391,07/01/2009,1.005617642,InSAR
01/01/1904,-0.026265053,-0.026265053,-0.026265053,-0.026265053,-0.026265053,-0.026265053,08/01/2009,1.018412918,InSAR
02/01/1904,-0.02513252,-0.02513252,-0.02513252,-0.02513252,-0.02513252,-0.02513252,09/01/2009,1.031864362,InSAR
03/01/1904,-0.027659442,-0.027659442,-0.027659442,-0.027659442,-0.027659442,-0.027659442,10/01/2009,1.041050714,InSAR
04/01/1904,-0.031869905,-0.031869905,-0.031869905,-0.031869905,-0.031869905,-0.031869905,11/01/2009,1.05056515,InSAR
05/01/1904,-0.032420536,-0.032420536,-0.032420536,-0.032420536,-0.032420536,-0.032420536,12/01/2009,1.069265938,InSAR
06/01/1904,-0.02979944,-0.02979944,-0.02979944,-0.02979944,-0.02979944,-0.02979944,01/01/2010,1.087966726,InSAR
07/01/1904,-0.027162067,-0.027162067,-0.027162067,-0.027162067,-0.027162067,-0.027162067,02/01/2010,1.099121582,InSAR
08/01/1904,-0.029855646,-0.029855646,-0.029855646,-0.029855646,-0.029855646,-0.029855646,03/01/2010,1.108964102,InSAR
09/01/1904,-0.02514099,-0.02514099,-0.02514099,-0.02514099,-0.02514099,-0.02514099,04/01/2010,1.115197698,InSAR
10/01/1904,-0.025741676,-0.025741676,-0.025741676,-0.025741676,-0.025741676,-0.025741676,05/01/2010,1.116838118,InSAR
11/01/1904,-0.027189687,-0.027189687,-0.027189687,-0.027189687,-0.027189687,-0.027189687,06/01/2010,1.124712134,InSAR
12/01/1904,-0.02184714,-0.02184714,-0.02184714,-0.02184714,-0.02184714,-0.02184714,07/01/2010,1.132914234,InSAR
01/01/1905,-0.02209583,-0.02209583,-0.02209583,-0.02209583,-0.02209583,-0.02209583,08/01/2010,1.14078825,InSAR
02/01/1905,-0.016877971,-0.016877971,-0.016877971,-0.016877971,-0.016877971,-0.016877971,02/12/2015,1.506839441,InSAR
03/01/1905,-0.012944791,-0.012944791,-0.012944791,-0.012944791,-0.012944791,-0.012944791,02/13/2015,1.506839441,Leveling
04/01/1905,-0.009372203,-0.009372203,-0.009372203,-0.009372203,-0.009372203,-0.009372203,02/18/2015,1.512088785,InSAR
05/01/1905,-0.005172058,-0.005172058,-0.005172058,-0.005172058,-0.005172058,-0.005172058,02/23/2015,1.516353877,InSAR
06/01/1905,-0.008233066,-0.008233066,-0.008233066,-0.008233066,-0.008233066,-0.008233066,03/01/2015,1.521275137,InSAR
07/01/1905,-0.005087282,-0.005087282,-0.005087282,-0.005087282,-0.005087282,-0.005087282,03/07/2015,1.526524481,InSAR
08/01/1905,-0.004621905,-0.004621905,-0.004621905,-0.004621905,-0.004621905,-0.004621905,03/13/2015,1.527180649,InSAR
09/01/1905,-0.004915994,-0.004915994,-0.004915994,-0.004915994,-0.004915994,-0.004915994,03/20/2015,1.526852565,InSAR
10/01/1905,-0.005639233,-0.005639233,-0.005639233,-0.005639233,-0.005639233,-0.005639233,03/26/2015,1.526524481,InSAR
11/01/1905,-0.005218879,-0.005218879,-0.005218879,-0.005218879,-0.005218879,-0.005218879,04/01/2015,1.526196397,InSAR
12/01/1905,-0.011507248,-0.011507248,-0.011507248,-0.011507248,-0.011507248,-0.011507248,04/07/2015,1.528492985,InSAR
01/01/1906,-0.015785625,-0.015785625,-0.015785625,-0.015785625,-0.015785625,-0.015785625,04/13/2015,1.530789573,InSAR
02/01/1906,-0.014854338,-0.014854338,-0.014854338,-0.014854338,-0.014854338,-0.014854338,04/19/2015,1.533086161,InSAR
03/01/1906,-0.017080175,-0.017080175,-0.017080175,-0.017080175,-0.017080175,-0.017080175,04/25/2015,1.535382749,InSAR
04/01/1906,-0.016397923,-0.016397923,-0.016397923,-0.016397923,-0.016397923,-0.016397923,05/01/2015,1.545225269,InSAR
05/01/1906,-0.018265392,-0.018265392,-0.018265392,-0.018265392,-0.018265392,-0.018265392,05/07/2015,1.555067789,InSAR
06/01/1906,-0.017174854,-0.017174854,-0.017174854,-0.017174854,-0.017174854,-0.017174854,05/13/2015,1.564910309,InSAR
07/01/1906,-0.020584954,-0.020584954,-0.020584954,-0.020584954,-0.020584954,-0.020584954,05/20/2015,1.575080913,InSAR
08/01/1906,-0.022424378,-0.022424378,-0.022424378,-0.022424378,-0.022424378,-0.022424378,05/26/2015,1.576721333,InSAR
09/01/1906,-0.022029094,-0.022029094,-0.022029094,-0.022029094,-0.022029094,-0.022029094,06/01/2015,1.578361753,InSAR
10/01/1906,-0.018221642,-0.018221642,-0.018221642,-0.018221642,-0.018221642,-0.018221642,06/07/2015,1.579674089,InSAR
11/01/1906,-0.019508596,-0.019508596,-0.019508596,-0.019508596,-0.019508596,-0.019508596,06/13/2015,1.581314509,InSAR
12/01/1906,-0.021598732,-0.021598732,-0.021598732,-0.021598732,-0.021598732,-0.021598732,06/19/2015,1.583939181,InSAR
01/01/1907,-0.017854485,-0.017854485,-0.017854485,-0.017854485,-0.017854485,-0.017854485,06/25/2015,1.584267265,InSAR
02/01/1907,-0.019332323,-0.019332323,-0.019332323,-0.019332323,-0.019332323,-0.019332323,07/01/2015,1.585251517,InSAR
03/01/1907,-0.017716317,-0.017716317,-0.017716317,-0.017716317,-0.017716317,-0.017716317,07/07/2015,1.588204273,InSAR
04/01/1907,-0.016684048,-0.016684048,-0.016684048,-0.016684048,-0.016684048,-0.016684048,07/13/2015,1.591813197,InSAR
05/01/1907,-0.019852827,-0.019852827,-0.019852827,-0.019852827,-0.019852827,-0.019852827,07/20/2015,1.597718709,InSAR
06/01/1907,-0.012469597,-0.012469597,-0.012469597,-0.012469597,-0.012469597,-0.012469597,07/26/2015,1.603952305,InSAR
07/01/1907,-0.016152303,-0.016152303,-0.016152303,-0.016152303,-0.016152303,-0.016152303,08/01/2015,1.611170153,InSAR
08/01/1907,-0.019171458,-0.019171458,-0.019171458,-0.019171458,-0.019171458,-0.019171458,08/07/2015,1.616091413,InSAR
09/01/1907,-0.022397143,-0.022397143,-0.022397143,-0.022397143,-0.022397143,-0.022397143,08/13/2015,1.622981177,InSAR
10/01/1907,-0.0213404,-0.0213404,-0.0213404,-0.0213404,-0.0213404,-0.0213404,08/20/2015,1.630527109,InSAR
11/01/1907,-0.022636749,-0.022636749,-0.022636749,-0.022636749,-0.022636749,-0.022636749,08/26/2015,1.638729209,InSAR
12/01/1907,-0.023225536,-0.023225536,-0.023225536,-0.023225536,-0.023225536,-0.023225536,09/01/2015,1.650212149,InSAR
01/01/1908,-0.017727452,-0.017727452,-0.017727452,-0.017727452,-0.017727452,-0.017727452,09/07/2015,1.660382753,InSAR
02/01/1908,-0.020056027,-0.020056027,-0.020056027,-0.020056027,-0.020056027,-0.020056027,09/13/2015,1.667272517,InSAR
03/01/1908,-0.014770864,-0.014770864,-0.014770864,-0.014770864,-0.014770864,-0.014770864,09/19/2015,1.672849945,InSAR
04/01/1908,-0.013624022,-0.013624022,-0.013624022,-0.013624022,-0.013624022,-0.013624022,09/25/2015,1.679411625,InSAR
05/01/1908,-0.013907865,-0.013907865,-0.013907865,-0.013907865,-0.013907865,-0.013907865,10/01/2015,1.684004801,InSAR
06/01/1908,-0.010489691,-0.010489691,-0.010489691,-0.010489691,-0.010489691,-0.010489691,10/07/2015,1.691222649,InSAR
07/01/1908,-0.013628878,-0.013628878,-0.013628878,-0.013628878,-0.013628878,-0.013628878,10/13/2015,1.698768581,InSAR
08/01/1908,-0.015919889,-0.015919889,-0.015919889,-0.015919889,-0.015919889,-0.015919889,10/20/2015,1.705658345,InSAR
09/01/1908,-0.016080568,-0.016080568,-0.016080568,-0.016080568,-0.016080568,-0.016080568,10/26/2015,1.714188529,InSAR
10/01/1908,-0.013387652,-0.013387652,-0.013387652,-0.013387652,-0.013387652,-0.013387652,11/01/2015,1.722718713,InSAR
11/01/1908,-0.01699843,-0.01699843,-0.01699843,-0.01699843,-0.01699843,-0.01699843,11/07/2015,1.729280393,InSAR
12/01/1908,-0.018197469,-0.018197469,-0.018197469,-0.018197469,-0.018197469,-0.018197469,11/13/2015,1.735513989,InSAR
01/01/1909,-0.016212794,-0.016212794,-0.016212794,-0.016212794,-0.016212794,-0.016212794,11/19/2015,1.744372257,InSAR
02/01/1909,-0.018588751,-0.018588751,-0.018588751,-0.018588751,-0.018588751,-0.018588751,11/25/2015,1.752246273,InSAR
03/01/1909,-0.017023698,-0.017023698,-0.017023698,-0.017023698,-0.017023698,-0.017023698,12/01/2015,1.756839449,InSAR
04/01/1909,-0.018634085,-0.018634085,-0.018634085,-0.018634085,-0.018634085,-0.018634085,12/07/2015,1.761760709,InSAR
05/01/1909,-0.01813807,-0.01813807,-0.01813807,-0.01813807,-0.01813807,-0.01813807,12/13/2015,1.765697717,InSAR
06/01/1909,-0.019726153,-0.019726153,-0.019726153,-0.019726153,-0.019726153,-0.019726153,12/20/2015,1.772915565,InSAR
07/01/1909,-0.020401492,-0.020401492,-0.020401492,-0.020401492,-0.020401492,-0.020401492,12/26/2015,1.775540237,InSAR
08/01/1909,-0.022295787,-0.022295787,-0.022295787,-0.022295787,-0.022295787,-0.022295787,01/01/2016,1.783742337,InSAR
09/01/1909,-0.019743277,-0.019743277,-0.019743277,-0.019743277,-0.019743277,-0.019743277,01/07/2016,1.790632101,InSAR
10/01/1909,-0.016218758,-0.016218758,-0.016218758,-0.016218758,-0.016218758,-0.016218758,01/13/2016,1.800802705,InSAR
11/01/1909,-0.024649227,-0.024649227,-0.024649227,-0.024649227,-0.024649227,-0.024649227,01/20/2016,1.807036301,InSAR
12/01/1909,-0.024329695,-0.024329695,-0.024329695,-0.024329695,-0.024329695,-0.024329695,01/26/2016,1.816222653,InSAR
01/01/1910,-0.023467114,-0.023467114,-0.023467114,-0.023467114,-0.023467114,-0.023467114,02/01/2016,1.821143913,InSAR
02/01/1910,-0.026791942,-0.026791942,-0.026791942,-0.026791942,-0.026791942,-0.026791942,02/07/2016,1.823440501,InSAR
03/01/1910,-0.031558273,-0.031558273,-0.031558273,-0.031558273,-0.031558273,-0.031558273,02/13/2016,1.826065173,InSAR
04/01/1910,-0.030892095,-0.030892095,-0.030892095,-0.030892095,-0.030892095,-0.030892095,02/18/2016,1.828689845,InSAR
05/01/1910,-0.030606894,-0.030606894,-0.030606894,-0.030606894,-0.030606894,-0.030606894,02/24/2016,1.831642601,InSAR
06/01/1910,-0.028304156,-0.028304156,-0.028304156,-0.028304156,-0.028304156,-0.028304156,03/01/2016,1.827705593,InSAR
07/01/1910,-0.022536844,-0.022536844,-0.022536844,-0.022536844,-0.022536844,-0.022536844,03/07/2016,1.827049425,InSAR
08/01/1910,-0.019559697,-0.019559697,-0.019559697,-0.019559697,-0.019559697,-0.019559697,03/13/2016,1.830330265,InSAR
09/01/1910,-0.017081063,-0.017081063,-0.017081063,-0.017081063,-0.017081063,-0.017081063,03/20/2016,1.829346013,InSAR
10/01/1910,-0.018975519,-0.018975519,-0.018975519,-0.018975519,-0.018975519,-0.018975519,03/26/2016,1.830986433,InSAR
11/01/1910,-0.018188327,-0.018188327,-0.018188327,-0.018188327,-0.018188327,-0.018188327,04/01/2016,1.831970685,InSAR
12/01/1910,-0.011510121,-0.011510121,-0.011510121,-0.011510121,-0.011510121,-0.011510121,04/07/2016,1.832298769,InSAR
01/01/1911,-0.010398798,-0.010398798,-0.010398798,-0.010398798,-0.010398798,-0.010398798,04/13/2016,1.833611105,InSAR
02/01/1911,-0.009648989,-0.009648989,-0.009648989,-0.009648989,-0.009648989,-0.009648989,04/19/2016,1.835907693,InSAR
03/01/1911,-0.010542108,-0.010542108,-0.010542108,-0.010542108,-0.010542108,-0.010542108,04/25/2016,1.837548113,InSAR
04/01/1911,-0.01245898,-0.01245898,-0.01245898,-0.01245898,-0.01245898,-0.01245898,05/01/2016,1.838860449,InSAR
05/01/1911,-0.011552458,-0.011552458,-0.011552458,-0.011552458,-0.011552458,-0.011552458,05/07/2016,1.840172785,InSAR
06/01/1911,-0.012581036,-0.012581036,-0.012581036,-0.012581036,-0.012581036,-0.012581036,05/13/2016,1.841813205,InSAR
07/01/1911,-0.013850704,-0.013850704,-0.013850704,-0.013850704,-0.013850704,-0.013850704,05/20/2016,1.846734465,InSAR
08/01/1911,-0.018952839,-0.018952839,-0.018952839,-0.018952839,-0.018952839,-0.018952839,05/26/2016,1.852311893,InSAR
09/01/1911,-0.021405363,-0.021405363,-0.021405363,-0.021405363,-0.021405363,-0.021405363,06/01/2016,1.857889321,InSAR
10/01/1911,-0.023961858,-0.023961858,-0.023961858,-0.023961858,-0.023961858,-0.023961858,06/07/2016,1.864122917,InSAR
11/01/1911,-0.01950612,-0.01950612,-0.01950612,-0.01950612,-0.01950612,-0.01950612,06/13/2016,1.869044177,InSAR
12/01/1911,-0.019534073,-0.019534073,-0.019534073,-0.019534073,-0.019534073,-0.019534073,06/19/2016,1.872653101,InSAR
01/01/1912,-0.021395061,-0.021395061,-0.021395061,-0.021395061,-0.021395061,-0.021395061,06/25/2016,1.875605857,InSAR
02/01/1912,-0.023497118,-0.023497118,-0.023497118,-0.023497118,-0.023497118,-0.023497118,07/01/2016,1.880527117,InSAR
03/01/1912,-0.021268689,-0.021268689,-0.021268689,-0.021268689,-0.021268689,-0.021268689,07/07/2016,1.885120293,InSAR
04/01/1912,-0.023706494,-0.023706494,-0.023706494,-0.023706494,-0.023706494,-0.023706494,07/13/2016,1.889057301,InSAR
05/01/1912,-0.016813929,-0.016813929,-0.016813929,-0.016813929,-0.016813929,-0.016813929,07/20/2016,1.891681973,InSAR
06/01/1912,-0.016668208,-0.016668208,-0.016668208,-0.016668208,-0.016668208,-0.016668208,07/26/2016,1.895290897,InSAR
07/01/1912,-0.011502706,-0.011502706,-0.011502706,-0.011502706,-0.011502706,-0.011502706,08/01/2016,1.899555989,InSAR
08/01/1912,-0.007820722,-0.007820722,-0.007820722,-0.007820722,-0.007820722,-0.007820722,08/07/2016,1.905789585,InSAR
09/01/1912,-0.009649437,-0.009649437,-0.009649437,-0.009649437,-0.009649437,-0.009649437,08/13/2016,1.912023181,InSAR
10/01/1912,-0.00694078,-0.00694078,-0.00694078,-0.00694078,-0.00694078,-0.00694078,08/20/2016,1.924818457,InSAR
11/01/1912,-0.009479556,-0.009479556,-0.009479556,-0.009479556,-0.009479556,-0.009479556,08/26/2016,1.931380137,InSAR
12/01/1912,-0.009183674,-0.009183674,-0.009183674,-0.009183674,-0.009183674,-0.009183674,09/01/2016,1.939582237,InSAR
01/01/1913,-0.009033491,-0.009033491,-0.009033491,-0.009033491,-0.009033491,-0.009033491,09/07/2016,1.943847329,InSAR
02/01/1913,-0.011658847,-0.011658847,-0.011658847,-0.011658847,-0.011658847,-0.011658847,09/13/2016,1.948768589,InSAR
03/01/1913,-0.008341095,-0.008341095,-0.008341095,-0.008341095,-0.008341095,-0.008341095,09/19/2016,1.953033681,InSAR
04/01/1913,-0.004957604,-0.004957604,-0.004957604,-0.004957604,-0.004957604,-0.004957604,09/25/2016,1.958611109,InSAR
05/01/1913,-0.004689806,-0.004689806,-0.004689806,-0.004689806,-0.004689806,-0.004689806,10/01/2016,1.962548117,InSAR
06/01/1913,-0.00556348,-0.00556348,-0.00556348,-0.00556348,-0.00556348,-0.00556348,10/07/2016,1.966813209,InSAR
07/01/1913,-0.004140283,-0.004140283,-0.004140283,-0.004140283,-0.004140283,-0.004140283,10/13/2016,1.975343393,InSAR
08/01/1913,-0.000579362,-0.000579362,-0.000579362,-0.000579362,-0.000579362,-0.000579362,10/20/2016,1.983217409,InSAR
09/01/1913,0.00136768,0.00136768,0.00136768,0.00136768,0.00136768,0.00136768,10/26/2016,1.993059929,InSAR
10/01/1913,0.00500244,0.00500244,0.00500244,0.00500244,0.00500244,0.00500244,11/01/2016,2.002246281,InSAR
11/01/1913,0.003347339,0.003347339,0.003347339,0.003347339,0.003347339,0.003347339,11/07/2016,2.009792213,InSAR
12/01/1913,0.004047772,0.004047772,0.004047772,0.004047772,0.004047772,0.004047772,11/13/2016,2.016353893,InSAR
01/01/1914,0.001598749,0.001598749,0.001598749,0.001598749,0.001598749,0.001598749,11/19/2016,2.022259405,InSAR
02/01/1914,-0.00013606,-0.00013606,-0.00013606,-0.00013606,-0.00013606,-0.00013606,11/25/2016,2.028493001,InSAR
03/01/1914,0.001077081,0.001077081,0.001077081,0.001077081,0.001077081,0.001077081,12/01/2016,2.035382765,InSAR
04/01/1914,-0.001618791,-0.001618791,-0.001618791,-0.001618791,-0.001618791,-0.001618791,12/07/2016,2.043256781,InSAR
05/01/1914,-0.001920944,-0.001920944,-0.001920944,-0.001920944,-0.001920944,-0.001920944,12/13/2016,2.051786965,InSAR
06/01/1914,-0.002079309,-0.002079309,-0.002079309,-0.002079309,-0.002079309,-0.002079309,12/20/2016,2.060317149,InSAR
07/01/1914,-0.005597474,-0.005597474,-0.005597474,-0.005597474,-0.005597474,-0.005597474,12/26/2016,2.066222661,InSAR
08/01/1914,-0.006093228,-0.006093228,-0.006093228,-0.006093228,-0.006093228,-0.006093228,01/01/2017,2.071472005,InSAR
09/01/1914,-0.005968414,-0.005968414,-0.005968414,-0.005968414,-0.005968414,-0.005968414,01/07/2017,2.081314525,InSAR
10/01/1914,-0.006197253,-0.006197253,-0.006197253,-0.006197253,-0.006197253,-0.006197253,01/13/2017,2.083283029,InSAR
11/01/1914,-0.003361982,-0.003361982,-0.003361982,-0.003361982,-0.003361982,-0.003361982,01/20/2017,2.088860457,InSAR
12/01/1914,0.001313474,0.001313474,0.001313474,0.001313474,0.001313474,0.001313474,01/26/2017,2.100671481,InSAR
01/01/1915,0.000472507,0.000472507,0.000472507,0.000472507,0.000472507,0.000472507,02/01/2017,2.103952321,InSAR
02/01/1915,0.005542201,0.005542201,0.005542201,0.005542201,0.005542201,0.005542201,02/07/2017,2.106248909,InSAR
03/01/1915,0.009963927,0.009963927,0.009963927,0.009963927,0.009963927,0.009963927,02/12/2017,2.111170169,InSAR
04/01/1915,0.008637548,0.008637548,0.008637548,0.008637548,0.008637548,0.008637548,02/18/2017,2.112154421,InSAR
05/01/1915,0.008454194,0.008454194,0.008454194,0.008454194,0.008454194,0.008454194,02/23/2017,2.114779093,InSAR
06/01/1915,0.006040617,0.006040617,0.006040617,0.006040617,0.006040617,0.006040617,03/01/2017,2.121012689,InSAR
07/01/1915,0.003527222,0.003527222,0.003527222,0.003527222,0.003527222,0.003527222,03/07/2017,2.119044185,InSAR
08/01/1915,0.001100903,0.001100903,0.001100903,0.001100903,0.001100903,0.001100903,03/13/2017,2.120684605,InSAR
09/01/1915,0.003861679,0.003861679,0.003861679,0.003861679,0.003861679,0.003861679,03/20/2017,2.121340773,InSAR
10/01/1915,0.005406129,0.005406129,0.005406129,0.005406129,0.005406129,0.005406129,03/26/2017,2.121996941,InSAR
11/01/1915,0.003540128,0.003540128,0.003540128,0.003540128,0.003540128,0.003540128,04/01/2017,2.122981193,InSAR
12/01/1915,0.000567995,0.000567995,0.000567995,0.000567995,0.000567995,0.000567995,04/07/2017,2.126918201,InSAR
01/01/1916,-0.000123363,-0.000123363,-0.000123363,-0.000123363,-0.000123363,-0.000123363,04/13/2017,2.129542873,InSAR
02/01/1916,-0.000221073,-0.000221073,-0.000221073,-0.000221073,-0.000221073,-0.000221073,04/19/2017,2.130527125,InSAR
03/01/1916,0.001458049,0.001458049,0.001458049,0.001458049,0.001458049,0.001458049,04/25/2017,2.133151797,InSAR
04/01/1916,0.001960056,0.001960056,0.001960056,0.001960056,0.001960056,0.001960056,05/01/2017,2.136760721,InSAR
05/01/1916,0.002799581,0.002799581,0.002799581,0.002799581,0.002799581,0.002799581,05/07/2017,2.137744973,InSAR
06/01/1916,0.003002992,0.003002992,0.003002992,0.003002992,0.003002992,0.003002992,05/13/2017,2.140041561,InSAR
07/01/1916,-0.000702534,-0.000702534,-0.000702534,-0.000702534,-0.000702534,-0.000702534,05/20/2017,2.140697729,InSAR
08/01/1916,0.001726062,0.001726062,0.001726062,0.001726062,0.001726062,0.001726062,05/26/2017,2.139713477,InSAR
09/01/1916,0.005663804,0.005663804,0.005663804,0.005663804,0.005663804,0.005663804,06/01/2017,2.137744973,InSAR
10/01/1916,0.006944569,0.006944569,0.006944569,0.006944569,0.006944569,0.006944569,06/07/2017,2.138073057,InSAR
11/01/1916,0.007194019,0.007194019,0.007194019,0.007194019,0.007194019,0.007194019,06/13/2017,2.140041561,InSAR
12/01/1916,0.008162382,0.008162382,0.008162382,0.008162382,0.008162382,0.008162382,06/19/2017,2.142010065,InSAR
01/01/1917,0.013149876,0.013149876,0.013149876,0.013149876,0.013149876,0.013149876,06/25/2017,2.144306653,InSAR
02/01/1917,0.012086245,0.012086245,0.012086245,0.012086245,0.012086245,0.012086245,07/01/2017,2.147915577,InSAR
03/01/1917,0.005156814,0.005156814,0.005156814,0.005156814,0.005156814,0.005156814,07/07/2017,2.156445761,InSAR
04/01/1917,0.001968299,0.001968299,0.001968299,0.001968299,0.001968299,0.001968299,07/13/2017,2.164319777,InSAR
05/01/1917,0.005718207,0.005718207,0.005718207,0.005718207,0.005718207,0.005718207,07/20/2017,2.173506129,InSAR
06/01/1917,0.008113497,0.008113497,0.008113497,0.008113497,0.008113497,0.008113497,07/26/2017,2.181380145,InSAR
07/01/1917,0.008677714,0.008677714,0.008677714,0.008677714,0.008677714,0.008677714,08/01/2017,2.188597993,InSAR
08/01/1917,0.0076004,0.0076004,0.0076004,0.0076004,0.0076004,0.0076004,08/07/2017,2.196143925,InSAR
09/01/1917,0.010747854,0.010747854,0.010747854,0.010747854,0.010747854,0.010747854,08/13/2017,2.202377521,InSAR
10/01/1917,0.008807116,0.008807116,0.008807116,0.008807116,0.008807116,0.008807116,08/20/2017,2.210579621,InSAR
11/01/1917,0.009727828,0.009727828,0.009727828,0.009727828,0.009727828,0.009727828,08/26/2017,2.214844713,InSAR
12/01/1917,0.015110639,0.015110639,0.015110639,0.015110639,0.015110639,0.015110639,09/01/2017,2.217469385,InSAR
01/01/1918,0.011146315,0.011146315,0.011146315,0.011146315,0.011146315,0.011146315,09/07/2017,2.219109805,InSAR
02/01/1918,0.007420133,0.007420133,0.007420133,0.007420133,0.007420133,0.007420133,09/13/2017,2.221734477,InSAR
03/01/1918,0.012568079,0.012568079,0.012568079,0.012568079,0.012568079,0.012568079,09/19/2017,2.226983821,InSAR
04/01/1918,0.012428173,0.012428173,0.012428173,0.012428173,0.012428173,0.012428173,09/25/2017,2.235185921,InSAR
05/01/1918,0.019428556,0.019428556,0.019428556,0.019428556,0.019428556,0.019428556,10/01/2017,2.242075685,InSAR
06/01/1918,0.017003282,0.017003282,0.017003282,0.017003282,0.017003282,0.017003282,10/07/2017,2.253230541,InSAR
07/01/1918,0.013945273,0.013945273,0.013945273,0.013945273,0.013945273,0.013945273,10/13/2017,2.263401145,InSAR
08/01/1918,0.011028225,0.011028225,0.011028225,0.011028225,0.011028225,0.011028225,10/20/2017,2.274884085,InSAR
09/01/1918,0.016365952,0.016365952,0.016365952,0.016365952,0.016365952,0.016365952,10/26/2017,2.284070437,InSAR
10/01/1918,0.018559237,0.018559237,0.018559237,0.018559237,0.018559237,0.018559237,11/01/2017,2.294241041,InSAR
11/01/1918,0.017367996,0.017367996,0.017367996,0.017367996,0.017367996,0.017367996,11/07/2017,2.300474637,InSAR
12/01/1918,0.022916868,0.022916868,0.022916868,0.022916868,0.022916868,0.022916868,11/13/2017,2.307364401,InSAR
01/01/1919,0.029617014,0.029617014,0.029617014,0.029617014,0.029617014,0.029617014,11/19/2017,2.311301409,InSAR
02/01/1919,0.025413004,0.025413004,0.025413004,0.025413004,0.025413004,0.025413004,11/25/2017,2.313926081,InSAR
03/01/1919,0.024071439,0.024071439,0.024071439,0.024071439,0.024071439,0.024071439,12/01/2017,2.318191173,InSAR
04/01/1919,0.023617849,0.023617849,0.023617849,0.023617849,0.023617849,0.023617849,12/07/2017,2.323440517,InSAR
05/01/1919,0.028431376,0.028431376,0.028431376,0.028431376,0.028431376,0.028431376,12/13/2017,2.328361777,InSAR
06/01/1919,0.028313025,0.028313025,0.028313025,0.028313025,0.028313025,0.028313025,12/20/2017,2.334267289,InSAR
07/01/1919,0.027979423,0.027979423,0.027979423,0.027979423,0.027979423,0.027979423,12/26/2017,2.340172801,InSAR
08/01/1919,0.029695937,0.029695937,0.029695937,0.029695937,0.029695937,0.029695937,01/01/2018,2.341157053,InSAR
09/01/1919,0.032284987,0.032284987,0.032284987,0.032284987,0.032284987,0.032284987,01/07/2018,2.346078313,InSAR
10/01/1919,0.035087426,0.035087426,0.035087426,0.035087426,0.035087426,0.035087426,01/13/2018,2.350671489,InSAR
11/01/1919,0.038579988,0.038579988,0.038579988,0.038579988,0.038579988,0.038579988,01/20/2018,2.355920833,InSAR
12/01/1919,0.042890656,0.042890656,0.042890656,0.042890656,0.042890656,0.042890656,01/26/2018,2.357233169,InSAR
01/01/1920,0.052248965,0.052248965,0.052248965,0.052248965,0.052248965,0.052248965,02/01/2018,2.358545505,InSAR
02/01/1920,0.048745567,0.048745567,0.048745567,0.048745567,0.048745567,0.048745567,02/07/2018,2.356905085,InSAR
03/01/1920,0.050511103,0.050511103,0.050511103,0.050511103,0.050511103,0.050511103,02/12/2018,2.356248917,InSAR
04/01/1920,0.050389291,0.050389291,0.050389291,0.050389291,0.050389291,0.050389291,02/18/2018,2.354608497,InSAR
05/01/1920,0.054391537,0.054391537,0.054391537,0.054391537,0.054391537,0.054391537,02/23/2018,2.354280413,InSAR
06/01/1920,0.055812518,0.055812518,0.055812518,0.055812518,0.055812518,0.055812518,03/01/2018,2.352968077,InSAR
07/01/1920,0.056517223,0.056517223,0.056517223,0.056517223,0.056517223,0.056517223,03/07/2018,2.352968077,InSAR
08/01/1920,0.05449212,0.05449212,0.05449212,0.05449212,0.05449212,0.05449212,03/13/2018,2.356577001,InSAR
09/01/1920,0.054297334,0.054297334,0.054297334,0.054297334,0.054297334,0.054297334,03/20/2018,2.362154429,InSAR
10/01/1920,0.054124587,0.054124587,0.054124587,0.054124587,0.054124587,0.054124587,03/26/2018,2.367731857,InSAR
11/01/1920,0.056069814,0.056069814,0.056069814,0.056069814,0.056069814,0.056069814,04/01/2018,2.376918209,InSAR
12/01/1920,0.058196926,0.058196926,0.058196926,0.058196926,0.058196926,0.058196926,04/07/2018,2.382167553,InSAR
01/01/1921,0.064210212,0.064210212,0.064210212,0.064210212,0.064210212,0.064210212,04/13/2018,2.385448393,InSAR
02/01/1921,0.062424019,0.062424019,0.062424019,0.062424019,0.062424019,0.062424019,04/19/2018,2.387744981,InSAR
03/01/1921,0.06543666,0.06543666,0.06543666,0.06543666,0.06543666,0.06543666,04/25/2018,2.389713485,InSAR
04/01/1921,0.066013942,0.066013942,0.066013942,0.066013942,0.066013942,0.066013942,05/01/2018,2.387416897,InSAR
05/01/1921,0.066408634,0.066408634,0.066408634,0.066408634,0.066408634,0.066408634,05/07/2018,2.386104561,InSAR
06/01/1921,0.068604382,0.068604382,0.068604382,0.068604382,0.068604382,0.068604382,05/13/2018,2.382495637,InSAR
07/01/1921,0.066461225,0.066461225,0.066461225,0.066461225,0.066461225,0.066461225,05/20/2018,2.378230545,InSAR
08/01/1921,0.06817011,0.06817011,0.06817011,0.06817011,0.06817011,0.06817011,05/26/2018,2.378558629,InSAR
09/01/1921,0.066277219,0.066277219,0.066277219,0.066277219,0.066277219,0.066277219,06/01/2018,2.379542881,InSAR
10/01/1921,0.071786827,0.071786827,0.071786827,0.071786827,0.071786827,0.071786827,06/07/2018,2.378558629,InSAR
11/01/1921,0.065009372,0.065009372,0.065009372,0.065009372,0.065009372,0.065009372,06/13/2018,2.379870965,InSAR
12/01/1921,0.06116868,0.06116868,0.06116868,0.06116868,0.06116868,0.06116868,06/19/2018,2.381839469,InSAR
01/01/1922,0.063747912,0.063747912,0.063747912,0.063747912,0.063747912,0.063747912,06/25/2018,2.384464141,InSAR
02/01/1922,0.064955108,0.064955108,0.064955108,0.064955108,0.064955108,0.064955108,07/01/2018,2.388729233,InSAR
03/01/1922,0.06262565,0.06262565,0.06262565,0.06262565,0.06262565,0.06262565,07/07/2018,2.392994325,InSAR
04/01/1922,0.064678774,0.064678774,0.064678774,0.064678774,0.064678774,0.064678774,07/13/2018,2.397915585,InSAR
05/01/1922,0.064983552,0.064983552,0.064983552,0.064983552,0.064983552,0.064983552,07/20/2018,2.405789601,InSAR
06/01/1922,0.067474436,0.067474436,0.067474436,0.067474436,0.067474436,0.067474436,07/26/2018,2.407758105,InSAR
07/01/1922,0.067753241,0.067753241,0.067753241,0.067753241,0.067753241,0.067753241,08/01/2018,2.416616373,InSAR
08/01/1922,0.063326287,0.063326287,0.063326287,0.063326287,0.063326287,0.063326287,08/07/2018,2.416944457,InSAR
09/01/1922,0.060400113,0.060400113,0.060400113,0.060400113,0.060400113,0.060400113,08/13/2018,2.423506137,InSAR
10/01/1922,0.064965243,0.064965243,0.064965243,0.064965243,0.064965243,0.064965243,08/20/2018,2.424162305,InSAR
11/01/1922,0.062993274,0.062993274,0.062993274,0.062993274,0.062993274,0.062993274,08/26/2018,2.427443145,InSAR
12/01/1922,0.062008326,0.062008326,0.062008326,0.062008326,0.062008326,0.062008326,09/01/2018,2.431380153,InSAR
01/01/1923,0.066690543,0.066690543,0.066690543,0.066690543,0.066690543,0.066690543,09/07/2018,2.437941833,InSAR
02/01/1923,0.065098496,0.065098496,0.065098496,0.065098496,0.065098496,0.065098496,09/13/2018,2.447128185,InSAR
03/01/1923,0.064677068,0.064677068,0.064677068,0.064677068,0.064677068,0.064677068,09/19/2018,2.457954957,InSAR
04/01/1923,0.061266636,0.061266636,0.061266636,0.061266636,0.061266636,0.061266636,09/25/2018,2.469437897,InSAR
05/01/1923,0.064858395,0.064858395,0.064858395,0.064858395,0.064858395,0.064858395,10/01/2018,2.474359157,InSAR
06/01/1923,0.067492871,0.067492871,0.067492871,0.067492871,0.067492871,0.067492871,10/07/2018,2.480264669,InSAR
07/01/1923,0.072056869,0.072056869,0.072056869,0.072056869,0.072056869,0.072056869,10/13/2018,2.482561257,InSAR
08/01/1923,0.07525521,0.07525521,0.07525521,0.07525521,0.07525521,0.07525521,10/20/2018,2.490435273,InSAR
09/01/1923,0.077194017,0.077194017,0.077194017,0.077194017,0.077194017,0.077194017,10/26/2018,2.492075693,InSAR
10/01/1923,0.07840756,0.07840756,0.07840756,0.07840756,0.07840756,0.07840756,11/01/2018,2.500933961,InSAR
11/01/1923,0.073481903,0.073481903,0.073481903,0.073481903,0.073481903,0.073481903,11/07/2018,2.507823725,InSAR
12/01/1923,0.07921694,0.07921694,0.07921694,0.07921694,0.07921694,0.07921694,11/13/2018,2.511104565,InSAR
01/01/1924,0.07818093,0.07818093,0.07818093,0.07818093,0.07818093,0.07818093,11/19/2018,2.515041573,InSAR
02/01/1924,0.079423375,0.079423375,0.079423375,0.079423375,0.079423375,0.079423375,11/25/2018,2.518650497,InSAR
03/01/1924,0.078638991,0.078638991,0.078638991,0.078638991,0.078638991,0.078638991,12/01/2018,2.523243673,InSAR
04/01/1924,0.080952056,0.080952056,0.080952056,0.080952056,0.080952056,0.080952056,12/07/2018,2.525868345,InSAR
05/01/1924,0.077611635,0.077611635,0.077611635,0.077611635,0.077611635,0.077611635,12/13/2018,2.531445773,InSAR
06/01/1924,0.078663874,0.078663874,0.078663874,0.078663874,0.078663874,0.078663874,12/20/2018,2.535054697,InSAR
07/01/1924,0.079702506,0.079702506,0.079702506,0.079702506,0.079702506,0.079702506,12/26/2018,2.539647873,InSAR
08/01/1924,0.08221577,0.08221577,0.08221577,0.08221577,0.08221577,0.08221577,01/01/2019,2.546209553,InSAR
09/01/1924,0.079682086,0.079682086,0.079682086,0.079682086,0.079682086,0.079682086,01/07/2019,2.553427401,InSAR
10/01/1924,0.080502868,0.080502868,0.080502868,0.080502868,0.080502868,0.080502868,01/13/2019,2.561957585,InSAR
11/01/1924,0.081317781,0.081317781,0.081317781,0.081317781,0.081317781,0.081317781,01/20/2019,2.568191181,InSAR
12/01/1924,0.084332447,0.084332447,0.084332447,0.084332447,0.084332447,0.084332447,01/26/2019,2.571143937,InSAR
01/01/1925,0.083261282,0.083261282,0.083261282,0.083261282,0.083261282,0.083261282,02/01/2019,2.574424777,InSAR
02/01/1925,0.086983696,0.086983696,0.086983696,0.086983696,0.086983696,0.086983696,02/07/2019,2.575409029,InSAR
03/01/1925,0.084746691,0.084746691,0.084746691,0.084746691,0.084746691,0.084746691,02/12/2019,2.578361785,InSAR
04/01/1925,0.087780361,0.087780361,0.087780361,0.087780361,0.087780361,0.087780361,02/18/2019,2.586563885,InSAR
05/01/1925,0.087833301,0.087833301,0.087833301,0.087833301,0.087833301,0.087833301,02/23/2019,2.591813229,InSAR
06/01/1925,0.089320493,0.089320493,0.089320493,0.089320493,0.089320493,0.089320493,03/01/2019,2.594109817,InSAR
07/01/1925,0.087941125,0.087941125,0.087941125,0.087941125,0.087941125,0.087941125,03/07/2019,2.601655749,InSAR
08/01/1925,0.091637098,0.091637098,0.091637098,0.091637098,0.091637098,0.091637098,03/13/2019,2.607233177,InSAR
09/01/1925,0.093295447,0.093295447,0.093295447,0.093295447,0.093295447,0.093295447,03/20/2019,2.614779109,InSAR
10/01/1925,0.092935252,0.092935252,0.092935252,0.092935252,0.092935252,0.092935252,03/26/2019,2.617075697,InSAR
11/01/1925,0.092653473,0.092653473,0.092653473,0.092653473,0.092653473,0.092653473,04/01/2019,2.615107193,InSAR
12/01/1925,0.094322527,0.094322527,0.094322527,0.094322527,0.094322527,0.094322527,04/07/2019,2.610842101,InSAR
01/01/1926,0.096887417,0.096887417,0.096887417,0.096887417,0.096887417,0.096887417,04/13/2019,2.607233177,InSAR
02/01/1926,0.093069533,0.093069533,0.093069533,0.093069533,0.093069533,0.093069533,04/19/2019,2.608545513,InSAR
03/01/1926,0.08519743,0.08519743,0.08519743,0.08519743,0.08519743,0.08519743,04/25/2019,2.608217429,InSAR
04/01/1926,0.085354602,0.085354602,0.085354602,0.085354602,0.085354602,0.085354602,05/01/2019,2.603952337,InSAR
05/01/1926,0.08371255,0.08371255,0.08371255,0.08371255,0.08371255,0.08371255,05/07/2019,2.596734489,InSAR
06/01/1926,0.080946523,0.080946523,0.080946523,0.080946523,0.080946523,0.080946523,05/13/2019,2.592797481,InSAR
07/01/1926,0.082575278,0.082575278,0.082575278,0.082575278,0.082575278,0.082575278,05/20/2019,2.605592757,InSAR
08/01/1926,0.084100551,0.084100551,0.084100551,0.084100551,0.084100551,0.084100551,05/26/2019,2.610842101,InSAR
09/01/1926,0.082135407,0.082135407,0.082135407,0.082135407,0.082135407,0.082135407,06/01/2019,2.607889345,InSAR
10/01/1926,0.081593913,0.081593913,0.081593913,0.081593913,0.081593913,0.081593913,06/07/2019,2.609529765,InSAR
11/01/1926,0.079495764,0.079495764,0.079495764,0.079495764,0.079495764,0.079495764,06/13/2019,2.608217429,InSAR
12/01/1926,0.076423626,0.076423626,0.076423626,0.076423626,0.076423626,0.076423626,06/19/2019,2.618716117,InSAR
01/01/1927,0.069021896,0.069021896,0.069021896,0.069021896,0.069021896,0.069021896,06/25/2019,2.625933965,InSAR
02/01/1927,0.062923537,0.062923537,0.062923537,0.062923537,0.062923537,0.062923537,07/01/2019,2.628558637,InSAR
03/01/1927,0.054063953,0.054063953,0.054063953,0.054063953,0.054063953,0.054063953,07/07/2019,2.640369661,InSAR
04/01/1927,0.053939625,0.053939625,0.053939625,0.053939625,0.053939625,0.053939625,07/13/2019,2.648571761,InSAR
05/01/1927,0.051072037,0.051072037,0.051072037,0.051072037,0.051072037,0.051072037,07/20/2019,2.652836853,InSAR
06/01/1927,0.051416179,0.051416179,0.051416179,0.051416179,0.051416179,0.051416179,07/26/2019,2.659726617,InSAR
07/01/1927,0.048562866,0.048562866,0.048562866,0.048562866,0.048562866,0.048562866,08/01/2019,2.665960213,InSAR
08/01/1927,0.04946339,0.04946339,0.04946339,0.04946339,0.04946339,0.04946339,08/07/2019,2.669897221,InSAR
09/01/1927,0.050081697,0.050081697,0.050081697,0.050081697,0.050081697,0.050081697,08/13/2019,2.673178061,InSAR
10/01/1927,0.049645887,0.049645887,0.049645887,0.049645887,0.049645887,0.049645887,08/20/2019,2.675474649,InSAR
11/01/1927,0.04891596,0.04891596,0.04891596,0.04891596,0.04891596,0.04891596,08/26/2019,2.679739741,InSAR
12/01/1927,0.049408723,0.049408723,0.049408723,0.049408723,0.049408723,0.049408723,09/01/2019,2.685317169,InSAR
01/01/1928,0.049425342,0.049425342,0.049425342,0.049425342,0.049425342,0.049425342,09/07/2019,2.689910345,InSAR
02/01/1928,0.050095331,0.050095331,0.050095331,0.050095331,0.050095331,0.050095331,09/13/2019,2.695815857,InSAR
03/01/1928,0.04856103,0.04856103,0.04856103,0.04856103,0.04856103,0.04856103,09/19/2019,2.697128193,InSAR
04/01/1928,0.049696299,0.049696299,0.049696299,0.049696299,0.049696299,0.049696299,09/25/2019,2.700080949,InSAR
05/01/1928,0.051597552,0.051597552,0.051597552,0.051597552,0.051597552,0.051597552,10/01/2019,2.696800109,InSAR
06/01/1928,0.049203639,0.049203639,0.049203639,0.049203639,0.049203639,0.049203639,10/07/2019,2.703689873,InSAR
07/01/1928,0.047067944,0.047067944,0.047067944,0.047067944,0.047067944,0.047067944,10/13/2019,2.709267301,InSAR
08/01/1928,0.052326863,0.052326863,0.052326863,0.052326863,0.052326863,0.052326863,10/20/2019,2.714516645,InSAR
09/01/1928,0.053302469,0.053302469,0.053302469,0.053302469,0.053302469,0.053302469,10/26/2019,2.721078325,InSAR
10/01/1928,0.054155093,0.054155093,0.054155093,0.054155093,0.054155093,0.054155093,11/01/2019,2.725015333,InSAR
11/01/1928,0.058447421,0.058447421,0.058447421,0.058447421,0.058447421,0.058447421,11/07/2019,2.725999585,InSAR
12/01/1928,0.063946012,0.063946012,0.063946012,0.063946012,0.063946012,0.063946012,11/13/2019,2.726983837,InSAR
01/01/1929,0.062319828,0.062319828,0.062319828,0.062319828,0.062319828,0.062319828,11/19/2019,2.726983837,InSAR
02/01/1929,0.064668094,0.064668094,0.064668094,0.064668094,0.064668094,0.064668094,11/25/2019,2.731248929,InSAR
03/01/1929,0.070340392,0.070340392,0.070340392,0.070340392,0.070340392,0.070340392,12/01/2019,2.739451029,InSAR
04/01/1929,0.067700205,0.067700205,0.067700205,0.067700205,0.067700205,0.067700205,12/07/2019,2.746012709,InSAR
05/01/1929,0.072832302,0.072832302,0.072832302,0.072832302,0.072832302,0.072832302,12/13/2019,2.759136069,InSAR
06/01/1929,0.075098541,0.075098541,0.075098541,0.075098541,0.075098541,0.075098541,12/20/2019,2.766682001,InSAR
07/01/1929,0.07833379,0.07833379,0.07833379,0.07833379,0.07833379,0.07833379,12/26/2019,2.774227933,InSAR
08/01/1929,0.077632714,0.077632714,0.077632714,0.077632714,0.077632714,0.077632714,01/01/2020,2.780133445,InSAR
09/01/1929,0.078193157,0.078193157,0.078193157,0.078193157,0.078193157,0.078193157,01/07/2020,2.785382789,InSAR
10/01/1929,0.080374303,0.080374303,0.080374303,0.080374303,0.080374303,0.080374303,01/13/2020,2.791616385,InSAR
11/01/1929,0.083929982,0.083929982,0.083929982,0.083929982,0.083929982,0.083929982,01/20/2020,2.799490401,InSAR
12/01/1929,0.084119295,0.084119295,0.084119295,0.084119295,0.084119295,0.084119295,01/26/2020,2.795553393,InSAR
01/01/1930,0.077922359,0.077922359,0.077922359,0.077922359,0.077922359,0.077922359,02/01/2020,2.790304049,InSAR
02/01/1930,0.078113654,0.078113654,0.078113654,0.078113654,0.078113654,0.078113654,02/07/2020,2.791944469,InSAR
03/01/1930,0.077126347,0.077126347,0.077126347,0.077126347,0.077126347,0.077126347,02/13/2020,2.789975965,InSAR
04/01/1930,0.073552564,0.073552564,0.073552564,0.073552564,0.073552564,0.073552564,02/18/2020,2.793256805,InSAR
05/01/1930,0.07450032,0.07450032,0.07450032,0.07450032,0.07450032,0.07450032,02/24/2020,2.795881477,InSAR
06/01/1930,0.075493365,0.075493365,0.075493365,0.075493365,0.075493365,0.075493365,03/01/2020,2.796537645,InSAR
07/01/1930,0.077501213,0.077501213,0.077501213,0.077501213,0.077501213,0.077501213,03/07/2020,2.801458905,InSAR
08/01/1930,0.080317102,0.080317102,0.080317102,0.080317102,0.080317102,0.080317102,03/13/2020,2.806708249,InSAR
09/01/1930,0.080441182,0.080441182,0.080441182,0.080441182,0.080441182,0.080441182,03/20/2020,2.807692501,InSAR
10/01/1930,0.081789412,0.081789412,0.081789412,0.081789412,0.081789412,0.081789412,03/26/2020,2.811301425,InSAR
11/01/1930,0.080288721,0.080288721,0.080288721,0.080288721,0.080288721,0.080288721,04/01/2020,2.811629509,InSAR
12/01/1930,0.079596335,0.079596335,0.079596335,0.079596335,0.079596335,0.079596335,04/07/2020,2.808020585,InSAR
01/01/1931,0.081843553,0.081843553,0.081843553,0.081843553,0.081843553,0.081843553,04/13/2020,2.809332921,InSAR
02/01/1931,0.088072551,0.088072551,0.088072551,0.088072551,0.088072551,0.088072551,04/19/2020,2.806380165,InSAR
03/01/1931,0.093471818,0.093471818,0.093471818,0.093471818,0.093471818,0.093471818,04/25/2020,2.802771241,InSAR
04/01/1931,0.097840073,0.097840073,0.097840073,0.097840073,0.097840073,0.097840073,05/01/2020,2.800802737,InSAR
05/01/1931,0.095601192,0.095601192,0.095601192,0.095601192,0.095601192,0.095601192,05/07/2020,2.801458905,InSAR
06/01/1931,0.09201751,0.09201751,0.09201751,0.09201751,0.09201751,0.09201751,05/13/2020,2.806052081,InSAR
07/01/1931,0.088581981,0.088581981,0.088581981,0.088581981,0.088581981,0.088581981,05/20/2020,2.809661005,InSAR
08/01/1931,0.085790047,0.085790047,0.085790047,0.085790047,0.085790047,0.085790047,05/26/2020,2.812285677,InSAR
09/01/1931,0.089213919,0.089213919,0.089213919,0.089213919,0.089213919,0.089213919,06/01/2020,2.812285677,InSAR
10/01/1931,0.088267403,0.088267403,0.088267403,0.088267403,0.088267403,0.088267403,06/07/2020,2.810317173,InSAR
11/01/1931,0.090141013,0.090141013,0.090141013,0.090141013,0.090141013,0.090141013,06/13/2020,2.810973341,InSAR
12/01/1931,0.094704913,0.094704913,0.094704913,0.094704913,0.094704913,0.094704913,06/19/2020,2.814582265,InSAR
01/01/1932,0.092774908,0.092774908,0.092774908,0.092774908,0.092774908,0.092774908,06/25/2020,2.819175441,InSAR
02/01/1932,0.096993116,0.096993116,0.096993116,0.096993116,0.096993116,0.096993116,07/01/2020,2.820487777,InSAR
03/01/1932,0.098775404,0.098775404,0.098775404,0.098775404,0.098775404,0.098775404,07/07/2020,2.821472029,InSAR
04/01/1932,0.098811994,0.098811994,0.098811994,0.098811994,0.098811994,0.098811994,07/13/2020,2.825080953,InSAR
05/01/1932,0.098429724,0.098429724,0.098429724,0.098429724,0.098429724,0.098429724,07/20/2020,2.829346045,InSAR
06/01/1932,0.096521542,0.096521542,0.096521542,0.096521542,0.096521542,0.096521542,07/26/2020,2.833283053,InSAR
07/01/1932,0.09326415,0.09326415,0.09326415,0.09326415,0.09326415,0.09326415,08/01/2020,2.840828985,InSAR
08/01/1932,0.088633212,0.088633212,0.088633212,0.088633212,0.088633212,0.088633212,08/07/2020,2.846078329,InSAR
09/01/1932,0.088335706,0.088335706,0.088335706,0.088335706,0.088335706,0.088335706,08/13/2020,2.851983841,InSAR
10/01/1932,0.092226428,0.092226428,0.092226428,0.092226428,0.092226428,0.092226428,08/20/2020,2.859857857,InSAR
11/01/1932,0.091742362,0.091742362,0.091742362,0.091742362,0.091742362,0.091742362,08/26/2020,2.859857857,InSAR
12/01/1932,0.088892416,0.088892416,0.088892416,0.088892416,0.088892416,0.088892416,09/01/2020,2.865435285,InSAR
01/01/1933,0.093426303,0.093426303,0.093426303,0.093426303,0.093426303,0.093426303,09/07/2020,2.871996965,InSAR
02/01/1933,0.087722081,0.087722081,0.087722081,0.087722081,0.087722081,0.087722081,09/13/2020,2.871996965,InSAR
03/01/1933,0.088234277,0.088234277,0.088234277,0.088234277,0.088234277,0.088234277,09/19/2020,2.875605889,InSAR
04/01/1933,0.082605754,0.082605754,0.082605754,0.082605754,0.082605754,0.082605754,09/25/2020,2.879542897,InSAR
05/01/1933,0.085489038,0.085489038,0.085489038,0.085489038,0.085489038,0.085489038,10/01/2020,2.883479905,InSAR
06/01/1933,0.08468693,0.08468693,0.08468693,0.08468693,0.08468693,0.08468693,10/07/2020,2.887088829,InSAR
07/01/1933,0.084537411,0.084537411,0.084537411,0.084537411,0.084537411,0.084537411,10/13/2020,2.888729249,InSAR
08/01/1933,0.083819243,0.083819243,0.083819243,0.083819243,0.083819243,0.083819243,10/20/2020,2.893978593,InSAR
09/01/1933,0.087609438,0.087609438,0.087609438,0.087609438,0.087609438,0.087609438,10/26/2020,2.897259433,InSAR
10/01/1933,0.086988414,0.086988414,0.086988414,0.086988414,0.086988414,0.086988414,11/01/2020,2.898571769,InSAR
11/01/1933,0.088417083,0.088417083,0.088417083,0.088417083,0.088417083,0.088417083,11/07/2020,2.899227937,InSAR
12/01/1933,0.087368313,0.087368313,0.087368313,0.087368313,0.087368313,0.087368313,11/13/2020,2.899556021,InSAR
01/01/1934,0.087409883,0.087409883,0.087409883,0.087409883,0.087409883,0.087409883,11/19/2020,2.899884105,InSAR
02/01/1934,0.088683445,0.088683445,0.088683445,0.088683445,0.088683445,0.088683445,11/25/2020,2.906117701,InSAR
03/01/1934,0.084062496,0.084062496,0.084062496,0.084062496,0.084062496,0.084062496,12/01/2020,2.913991717,InSAR
04/01/1934,0.084334748,0.084334748,0.084334748,0.084334748,0.084334748,0.084334748,12/07/2020,2.922849985,InSAR
05/01/1934,0.080728397,0.080728397,0.080728397,0.080728397,0.080728397,0.080728397,12/13/2020,2.929411665,InSAR
06/01/1934,0.080535136,0.080535136,0.080535136,0.080535136,0.080535136,0.080535136,12/20/2020,2.935317177,InSAR
07/01/1934,0.07960508,0.07960508,0.07960508,0.07960508,0.07960508,0.07960508,12/26/2020,2.935973345,InSAR
08/01/1934,0.078866513,0.078866513,0.078866513,0.078866513,0.078866513,0.078866513,01/01/2021,2.939254185,InSAR
09/01/1934,0.076445873,0.076445873,0.076445873,0.076445873,0.076445873,0.076445873,01/07/2021,2.939254185,InSAR
10/01/1934,0.079680611,0.079680611,0.079680611,0.079680611,0.079680611,0.079680611,01/13/2021,2.938926101,InSAR
11/01/1934,0.077661973,0.077661973,0.077661973,0.077661973,0.077661973,0.077661973,01/20/2021,2.943847361,InSAR
12/01/1934,0.076878038,0.076878038,0.076878038,0.076878038,0.076878038,0.076878038,01/26/2021,2.951721377,InSAR
01/01/1935,0.075580908,0.075580908,0.075580908,0.075580908,0.075580908,0.075580908,02/01/2021,2.955658385,InSAR
02/01/1935,0.079165562,0.079165562,0.079165562,0.079165562,0.079165562,0.079165562,02/07/2021,2.956970721,InSAR
03/01/1935,0.077177303,0.077177303,0.077177303,0.077177303,0.077177303,0.077177303,02/12/2021,2.962220065,InSAR
04/01/1935,0.07830851,0.07830851,0.07830851,0.07830851,0.07830851,0.07830851,02/18/2021,2.966813241,InSAR
05/01/1935,0.079551321,0.079551321,0.079551321,0.079551321,0.079551321,0.079551321,02/23/2021,2.965172821,InSAR
06/01/1935,0.080920505,0.080920505,0.080920505,0.080920505,0.080920505,0.080920505,03/01/2021,2.966157073,InSAR
07/01/1935,0.079287499,0.079287499,0.079287499,0.079287499,0.079287499,0.079287499,03/07/2021,2.968125577,InSAR
08/01/1935,0.074312723,0.074312723,0.074312723,0.074312723,0.074312723,0.074312723,03/13/2021,2.971734501,InSAR
09/01/1935,0.074593901,0.074593901,0.074593901,0.074593901,0.074593901,0.074593901,03/20/2021,2.973703005,InSAR
10/01/1935,0.078185724,0.078185724,0.078185724,0.078185724,0.078185724,0.078185724,03/26/2021,2.971734501,InSAR
11/01/1935,0.076905847,0.076905847,0.076905847,0.076905847,0.076905847,0.076905847,04/01/2021,2.969437913,InSAR
12/01/1935,0.076336594,0.076336594,0.076336594,0.076336594,0.076336594,0.076336594,04/07/2021,2.967141325,InSAR
01/01/1936,0.080807409,0.080807409,0.080807409,0.080807409,0.080807409,0.080807409,04/13/2021,2.961563897,InSAR
02/01/1936,0.083821754,0.083821754,0.083821754,0.083821754,0.083821754,0.083821754,04/19/2021,2.963204317,InSAR
03/01/1936,0.079859911,0.079859911,0.079859911,0.079859911,0.079859911,0.079859911,04/25/2021,2.962548149,InSAR
04/01/1936,0.078994853,0.078994853,0.078994853,0.078994853,0.078994853,0.078994853,05/01/2021,2.970750249,InSAR
05/01/1936,0.079167134,0.079167134,0.079167134,0.079167134,0.079167134,0.079167134,05/07/2021,2.975015341,InSAR
06/01/1936,0.073408053,0.073408053,0.073408053,0.073408053,0.073408053,0.073408053,05/13/2021,2.980920853,InSAR
07/01/1936,0.07716961,0.07716961,0.07716961,0.07716961,0.07716961,0.07716961,05/20/2021,2.985842113,InSAR
08/01/1936,0.076664332,0.076664332,0.076664332,0.076664332,0.076664332,0.076664332,05/26/2021,2.986498281,InSAR
09/01/1936,0.080275413,0.080275413,0.080275413,0.080275413,0.080275413,0.080275413,06/01/2021,2.987154449,InSAR
10/01/1936,0.080465051,0.080465051,0.080465051,0.080465051,0.080465051,0.080465051,06/07/2021,2.985514029,InSAR
11/01/1936,0.082871933,0.082871933,0.082871933,0.082871933,0.082871933,0.082871933,06/13/2021,2.986170197,InSAR
12/01/1936,0.083863161,0.083863161,0.083863161,0.083863161,0.083863161,0.083863161,06/19/2021,2.988794869,InSAR
01/01/1937,0.078224556,0.078224556,0.078224556,0.078224556,0.078224556,0.078224556,06/24/2021,2.991528903,Leveling
02/01/1937,0.079453045,0.079453045,0.079453045,0.079453045,0.079453045,0.079453045,06/25/2021,2.992075709,InSAR
03/01/1937,0.079055609,0.079055609,0.079055609,0.079055609,0.079055609,0.079055609,07/01/2021,2.995356549,InSAR
04/01/1937,0.078091908,0.078091908,0.078091908,0.078091908,0.078091908,0.078091908,07/07/2021,2.999621641,InSAR
05/01/1937,0.074663341,0.074663341,0.074663341,0.074663341,0.074663341,0.074663341,07/13/2021,3.006511405,InSAR
06/01/1937,0.073125814,0.073125814,0.073125814,0.073125814,0.073125814,0.073125814,07/20/2021,3.014385421,InSAR
07/01/1937,0.075742636,0.075742636,0.075742636,0.075742636,0.075742636,0.075742636,07/26/2021,3.022915605,InSAR
08/01/1937,0.078961235,0.078961235,0.078961235,0.078961235,0.078961235,0.078961235,08/01/2021,3.027508781,InSAR
09/01/1937,0.076399268,0.076399268,0.076399268,0.076399268,0.076399268,0.076399268,08/07/2021,3.030789621,InSAR
10/01/1937,0.077099233,0.077099233,0.077099233,0.077099233,0.077099233,0.077099233,08/13/2021,3.034070461,InSAR
11/01/1937,0.079224182,0.079224182,0.079224182,0.079224182,0.079224182,0.079224182,08/20/2021,3.035054713,InSAR
12/01/1937,0.080375875,0.080375875,0.080375875,0.080375875,0.080375875,0.080375875,08/26/2021,3.035710881,InSAR
01/01/1938,0.083377398,0.083377398,0.083377398,0.083377398,0.083377398,0.083377398,09/01/2021,3.038663637,InSAR
02/01/1938,0.081258455,0.081258455,0.081258455,0.081258455,0.081258455,0.081258455,09/07/2021,3.042272561,InSAR
03/01/1938,0.081349451,0.081349451,0.081349451,0.081349451,0.081349451,0.081349451,09/13/2021,3.045881485,InSAR
04/01/1938,0.082322691,0.082322691,0.082322691,0.082322691,0.082322691,0.082322691,09/19/2021,3.049162325,InSAR
05/01/1938,0.083647613,0.083647613,0.083647613,0.083647613,0.083647613,0.083647613,09/25/2021,3.054411669,InSAR
06/01/1938,0.085296313,0.085296313,0.085296313,0.085296313,0.085296313,0.085296313,10/01/2021,3.059661013,InSAR
07/01/1938,0.082202327,0.082202327,0.082202327,0.082202327,0.082202327,0.082202327,10/07/2021,3.063269937,InSAR
08/01/1938,0.081395708,0.081395708,0.081395708,0.081395708,0.081395708,0.081395708,10/13/2021,3.069503533,InSAR
09/01/1938,0.079582873,0.079582873,0.079582873,0.079582873,0.079582873,0.079582873,10/20/2021,3.075737129,InSAR
10/01/1938,0.080769512,0.080769512,0.080769512,0.080769512,0.080769512,0.080769512,10/26/2021,3.075737129,InSAR
11/01/1938,0.077820522,0.077820522,0.077820522,0.077820522,0.077820522,0.077820522,11/01/2021,3.088204321,InSAR
12/01/1938,0.078194307,0.078194307,0.078194307,0.078194307,0.078194307,0.078194307,11/07/2021,3.097718757,InSAR
01/01/1939,0.081800893,0.081800893,0.081800893,0.081800893,0.081800893,0.081800893,11/13/2021,3.104608521,InSAR
02/01/1939,0.08512552,0.08512552,0.08512552,0.08512552,0.08512552,0.08512552,11/19/2021,3.113794873,InSAR
03/01/1939,0.083243362,0.083243362,0.083243362,0.083243362,0.083243362,0.083243362,11/25/2021,3.117403797,InSAR
04/01/1939,0.08532731,0.08532731,0.08532731,0.08532731,0.08532731,0.08532731,12/01/2021,3.116091461,InSAR
05/01/1939,0.08544637,0.08544637,0.08544637,0.08544637,0.08544637,0.08544637,12/07/2021,3.122325057,InSAR
06/01/1939,0.087091366,0.087091366,0.087091366,0.087091366,0.087091366,0.087091366,12/13/2021,3.124293561,InSAR
07/01/1939,0.085217169,0.085217169,0.085217169,0.085217169,0.085217169,0.085217169,12/20/2021,3.129214821,InSAR
08/01/1939,0.089207967,0.089207967,0.089207967,0.089207967,0.089207967,0.089207967,12/26/2021,3.134792249,InSAR
09/01/1939,0.091417386,0.091417386,0.091417386,0.091417386,0.091417386,0.091417386,01/01/2022,3.145290937,InSAR
10/01/1939,0.093966846,0.093966846,0.093966846,0.093966846,0.093966846,0.093966846,01/07/2022,3.152508785,InSAR
11/01/1939,0.097400741,0.097400741,0.097400741,0.097400741,0.097400741,0.097400741,01/13/2022,3.161038969,InSAR
12/01/1939,0.099440463,0.099440463,0.099440463,0.099440463,0.099440463,0.099440463,01/20/2022,3.169569153,InSAR
01/01/1940,0.099908468,0.099908468,0.099908468,0.099908468,0.099908468,0.099908468,01/26/2022,3.173506161,InSAR
02/01/1940,0.103739027,0.103739027,0.103739027,0.103739027,0.103739027,0.103739027,02/01/2022,3.172849993,InSAR
03/01/1940,0.100681547,0.100681547,0.100681547,0.100681547,0.100681547,0.100681547,02/07/2022,3.172521909,InSAR
04/01/1940,0.100427674,0.100427674,0.100427674,0.100427674,0.100427674,0.100427674,02/12/2022,3.173834245,InSAR
05/01/1940,0.096720569,0.096720569,0.096720569,0.096720569,0.096720569,0.096720569,02/18/2022,3.178427421,InSAR
06/01/1940,0.096045545,0.096045545,0.096045545,0.096045545,0.096045545,0.096045545,02/23/2022,3.180724009,InSAR
07/01/1940,0.091657596,0.091657596,0.091657596,0.091657596,0.091657596,0.091657596,03/01/2022,3.177771253,InSAR
08/01/1940,0.091413815,0.091413815,0.091413815,0.091413815,0.091413815,0.091413815,03/07/2022,3.175146581,InSAR
09/01/1940,0.092148516,0.092148516,0.092148516,0.092148516,0.092148516,0.092148516,03/13/2022,3.177771253,InSAR
10/01/1940,0.09281656,0.09281656,0.09281656,0.09281656,0.09281656,0.09281656,03/20/2022,3.175802749,InSAR
11/01/1940,0.091018013,0.091018013,0.091018013,0.091018013,0.091018013,0.091018013,03/26/2022,3.171537657,InSAR
12/01/1940,0.090541381,0.090541381,0.090541381,0.090541381,0.090541381,0.090541381,04/01/2022,3.169241069,InSAR
01/01/1941,0.094077914,0.094077914,0.094077914,0.094077914,0.094077914,0.094077914,04/07/2022,3.177771253,InSAR
02/01/1941,0.097304246,0.097304246,0.097304246,0.097304246,0.097304246,0.097304246,04/13/2022,3.184989101,InSAR
03/01/1941,0.093555562,0.093555562,0.093555562,0.093555562,0.093555562,0.093555562,04/19/2022,3.194503537,InSAR
04/01/1941,0.093222538,0.093222538,0.093222538,0.093222538,0.093222538,0.093222538,04/25/2022,3.202049469,InSAR
05/01/1941,0.093283532,0.093283532,0.093283532,0.093283532,0.093283532,0.093283532,05/01/2022,3.209267317,InSAR
06/01/1941,0.091337539,0.091337539,0.091337539,0.091337539,0.091337539,0.091337539,05/07/2022,3.211891989,InSAR
07/01/1941,0.091722544,0.091722544,0.091722544,0.091722544,0.091722544,0.091722544,05/13/2022,3.215172829,InSAR
08/01/1941,0.095137856,0.095137856,0.095137856,0.095137856,0.095137856,0.095137856,05/20/2022,3.216813249,InSAR
09/01/1941,0.096039063,0.096039063,0.096039063,0.096039063,0.096039063,0.096039063,05/26/2022,3.222062593,InSAR
10/01/1941,0.094644806,0.094644806,0.094644806,0.094644806,0.094644806,0.094644806,06/01/2022,3.228624273,InSAR
11/01/1941,0.096120325,0.096120325,0.096120325,0.096120325,0.096120325,0.096120325,06/07/2022,3.235185953,InSAR
12/01/1941,0.097513688,0.097513688,0.097513688,0.097513688,0.097513688,0.097513688,06/13/2022,3.243388053,InSAR
01/01/1942,0.096463554,0.096463554,0.096463554,0.096463554,0.096463554,0.096463554,06/19/2022,3.255527161,InSAR
02/01/1942,0.093038388,0.093038388,0.093038388,0.093038388,0.093038388,0.093038388,06/25/2022,3.266025849,InSAR
03/01/1942,0.087079332,0.087079332,0.087079332,0.087079332,0.087079332,0.087079332,07/01/2022,3.275868369,InSAR
04/01/1942,0.086501199,0.086501199,0.086501199,0.086501199,0.086501199,0.086501199,07/07/2022,3.282101965,InSAR
05/01/1942,0.083545429,0.083545429,0.083545429,0.083545429,0.083545429,0.083545429,07/13/2022,3.288007477,InSAR
06/01/1942,0.089585316,0.089585316,0.089585316,0.089585316,0.089585316,0.089585316,07/20/2022,3.295881493,InSAR
07/01/1942,0.093168363,0.093168363,0.093168363,0.093168363,0.093168363,0.093168363,07/26/2022,3.302115089,InSAR
08/01/1942,0.097978246,0.097978246,0.097978246,0.097978246,0.097978246,0.097978246,08/01/2022,3.306380181,InSAR
09/01/1942,0.102195952,0.102195952,0.102195952,0.102195952,0.102195952,0.102195952,08/07/2022,3.309004853,InSAR
10/01/1942,0.108853019,0.108853019,0.108853019,0.108853019,0.108853019,0.108853019,08/13/2022,3.312613777,InSAR
11/01/1942,0.111028588,0.111028588,0.111028588,0.111028588,0.111028588,0.111028588,08/20/2022,3.313598029,InSAR
12/01/1942,0.114423193,0.114423193,0.114423193,0.114423193,0.114423193,0.114423193,08/26/2022,3.314254197,InSAR
01/01/1943,0.11029318,0.11029318,0.11029318,0.11029318,0.11029318,0.11029318,09/01/2022,3.315238449,InSAR
02/01/1943,0.107380684,0.107380684,0.107380684,0.107380684,0.107380684,0.107380684,09/07/2022,3.318191205,InSAR
03/01/1943,0.103611095,0.103611095,0.103611095,0.103611095,0.103611095,0.103611095,09/13/2022,3.321472045,InSAR
04/01/1943,0.098174316,0.098174316,0.098174316,0.098174316,0.098174316,0.098174316,09/19/2022,3.328689893,InSAR
05/01/1943,0.093866557,0.093866557,0.093866557,0.093866557,0.093866557,0.093866557,09/25/2022,3.339188581,InSAR
06/01/1943,0.094131851,0.094131851,0.094131851,0.094131851,0.094131851,0.094131851,10/01/2022,3.347390681,InSAR
07/01/1943,0.095868733,0.095868733,0.095868733,0.095868733,0.095868733,0.095868733,10/07/2022,3.353624277,InSAR
08/01/1943,0.097927,0.097927,0.097927,0.097927,0.097927,0.097927,10/13/2022,3.357233201,InSAR
09/01/1943,0.103348998,0.103348998,0.103348998,0.103348998,0.103348998,0.103348998,10/20/2022,3.366091469,InSAR
10/01/1943,0.105951666,0.105951666,0.105951666,0.105951666,0.105951666,0.105951666,10/26/2022,3.372653149,InSAR
11/01/1943,0.110576695,0.110576695,0.110576695,0.110576695,0.110576695,0.110576695,11/01/2022,3.379542913,InSAR
12/01/1943,0.112502423,0.112502423,0.112502423,0.112502423,0.112502423,0.112502423,11/07/2022,3.390041601,InSAR
01/01/1944,0.11100096,0.11100096,0.11100096,0.11100096,0.11100096,0.11100096,11/13/2022,3.405789633,InSAR
02/01/1944,0.110989334,0.110989334,0.110989334,0.110989334,0.110989334,0.110989334,11/19/2022,3.411367061,InSAR
03/01/1944,0.111175021,0.111175021,0.111175021,0.111175021,0.111175021,0.111175021,11/25/2022,3.415632153,InSAR
04/01/1944,0.113581019,0.113581019,0.113581019,0.113581019,0.113581019,0.113581019,12/01/2022,3.420553413,InSAR
05/01/1944,0.109901841,0.109901841,0.109901841,0.109901841,0.109901841,0.109901841,12/07/2022,3.422193833,InSAR
06/01/1944,0.110369297,0.110369297,0.110369297,0.110369297,0.110369297,0.110369297,12/13/2022,3.423834253,InSAR
07/01/1944,0.108964682,0.108964682,0.108964682,0.108964682,0.108964682,0.108964682,12/20/2022,3.429411681,InSAR
08/01/1944,0.110752293,0.110752293,0.110752293,0.110752293,0.110752293,0.110752293,12/26/2022,3.435317193,InSAR
09/01/1944,0.110365792,0.110365792,0.110365792,0.110365792,0.110365792,0.110365792,01/01/2023,3.442535041,InSAR
10/01/1944,0.109387532,0.109387532,0.109387532,0.109387532,0.109387532,0.109387532,01/07/2023,3.452377561,InSAR
11/01/1944,0.108919985,0.108919985,0.108919985,0.108919985,0.108919985,0.108919985,01/13/2023,3.463532417,InSAR
12/01/1944,0.109992392,0.109992392,0.109992392,0.109992392,0.109992392,0.109992392,01/20/2023,3.480264701,InSAR
01/01/1945,0.108987107,0.108987107,0.108987107,0.108987107,0.108987107,0.108987107,01/26/2023,3.491747641,InSAR
02/01/1945,0.108992702,0.108992702,0.108992702,0.108992702,0.108992702,0.108992702,02/01/2023,3.498637405,InSAR
03/01/1945,0.106909382,0.106909382,0.106909382,0.106909382,0.106909382,0.106909382,02/07/2023,3.505527169,InSAR
04/01/1945,0.101031261,0.101031261,0.101031261,0.101031261,0.101031261,0.101031261,02/12/2023,3.505199085,InSAR
05/01/1945,0.102983971,0.102983971,0.102983971,0.102983971,0.102983971,0.102983971,02/18/2023,3.504871001,InSAR
06/01/1945,0.11158202,0.11158202,0.11158202,0.11158202,0.11158202,0.11158202,02/23/2023,3.510120345,InSAR
07/01/1945,0.116988014,0.116988014,0.116988014,0.116988014,0.116988014,0.116988014,03/01/2023,3.514385437,InSAR
08/01/1945,0.126841515,0.126841515,0.126841515,0.126841515,0.126841515,0.126841515,03/07/2023,3.520290949,InSAR
09/01/1945,0.129352666,0.129352666,0.129352666,0.129352666,0.129352666,0.129352666,03/13/2023,3.524556041,InSAR
10/01/1945,0.135591268,0.135591268,0.135591268,0.135591268,0.135591268,0.135591268,03/20/2023,3.527180713,InSAR
11/01/1945,0.142720789,0.142720789,0.142720789,0.142720789,0.142720789,0.142720789,03/26/2023,3.528493049,InSAR
12/01/1945,0.14010086,0.14010086,0.14010086,0.14010086,0.14010086,0.14010086,04/01/2023,3.530789637,InSAR
01/01/1946,0.128618185,0.128618185,0.128618185,0.128618185,0.128618185,0.128618185,04/07/2023,3.533742393,InSAR
02/01/1946,0.122630895,0.122630895,0.122630895,0.122630895,0.122630895,0.122630895,04/13/2023,3.532430057,InSAR
03/01/1946,0.109053092,0.109053092,0.109053092,0.109053092,0.109053092,0.109053092,04/19/2023,3.527508797,InSAR
04/01/1946,0.102164341,0.102164341,0.102164341,0.102164341,0.102164341,0.102164341,04/25/2023,3.532101973,InSAR
05/01/1946,0.097702867,0.097702867,0.097702867,0.097702867,0.097702867,0.097702867,05/01/2023,3.537351317,InSAR
06/01/1946,0.098618198,0.098618198,0.098618198,0.098618198,0.098618198,0.098618198,05/07/2023,3.539647905,InSAR
07/01/1946,0.105801667,0.105801667,0.105801667,0.105801667,0.105801667,0.105801667,05/13/2023,3.540632157,InSAR
08/01/1946,0.111583129,0.111583129,0.111583129,0.111583129,0.111583129,0.111583129,05/20/2023,3.552115097,InSAR
09/01/1946,0.113653717,0.113653717,0.113653717,0.113653717,0.113653717,0.113653717,05/26/2023,3.559004861,InSAR
10/01/1946,0.115768324,0.115768324,0.115768324,0.115768324,0.115768324,0.115768324,06/01/2023,3.556708273,InSAR
11/01/1946,0.115149331,0.115149331,0.115149331,0.115149331,0.115149331,0.115149331,06/07/2023,3.556052105,InSAR
12/01/1946,0.114539097,0.114539097,0.114539097,0.114539097,0.114539097,0.114539097,06/13/2023,3.564910373,InSAR
01/01/1947,0.112425461,0.112425461,0.112425461,0.112425461,0.112425461,0.112425461,06/19/2023,3.570487801,InSAR
02/01/1947,0.107029785,0.107029785,0.107029785,0.107029785,0.107029785,0.107029785,06/25/2023,3.567863129,InSAR
03/01/1947,0.104940701,0.104940701,0.104940701,0.104940701,0.104940701,0.104940701,07/01/2023,3.566878877,InSAR
04/01/1947,0.101265657,0.101265657,0.101265657,0.101265657,0.101265657,0.101265657,07/07/2023,3.572784389,InSAR
05/01/1947,0.108695571,0.108695571,0.108695571,0.108695571,0.108695571,0.108695571,07/13/2023,3.576393313,InSAR
06/01/1947,0.12652119,0.12652119,0.12652119,0.12652119,0.12652119,0.12652119,07/20/2023,3.579017985,InSAR
07/01/1947,0.144169115,0.144169115,0.144169115,0.144169115,0.144169115,0.144169115,07/26/2023,3.580658405,InSAR
08/01/1947,0.160503753,0.160503753,0.160503753,0.160503753,0.160503753,0.160503753,08/01/2023,3.580986489,InSAR
09/01/1947,0.174174313,0.174174313,0.174174313,0.174174313,0.174174313,0.174174313,08/07/2023,3.581642657,InSAR
10/01/1947,0.17496039,0.17496039,0.17496039,0.17496039,0.17496039,0.17496039,08/13/2023,3.583939245,InSAR
11/01/1947,0.174585636,0.174585636,0.174585636,0.174585636,0.174585636,0.174585636,08/20/2023,3.586563917,InSAR
12/01/1947,0.169907229,0.169907229,0.169907229,0.169907229,0.169907229,0.169907229,08/26/2023,3.587876253,InSAR
01/01/1948,0.167729278,0.167729278,0.167729278,0.167729278,0.167729278,0.167729278,09/01/2023,3.590172841,InSAR
02/01/1948,0.167927018,0.167927018,0.167927018,0.167927018,0.167927018,0.167927018,09/07/2023,3.589516673,InSAR
03/01/1948,0.16656036,0.16656036,0.16656036,0.16656036,0.16656036,0.16656036,09/13/2023,3.590829009,InSAR
04/01/1948,0.16220987,0.16220987,0.16220987,0.16220987,0.16220987,0.16220987,09/19/2023,3.594766017,InSAR
05/01/1948,0.162798458,0.162798458,0.162798458,0.162798458,0.162798458,0.162798458,09/25/2023,3.598703025,InSAR
06/01/1948,0.169300021,0.169300021,0.169300021,0.169300021,0.169300021,0.169300021,10/01/2023,3.598046857,InSAR
07/01/1948,0.174319489,0.174319489,0.174319489,0.174319489,0.174319489,0.174319489,10/07/2023,3.605592789,InSAR
08/01/1948,0.183570756,0.183570756,0.183570756,0.183570756,0.183570756,0.183570756,10/13/2023,3.612810637,InSAR
09/01/1948,0.187173272,0.187173272,0.187173272,0.187173272,0.187173272,0.187173272,10/20/2023,3.624949745,InSAR
10/01/1948,0.185069942,0.185069942,0.185069942,0.185069942,0.185069942,0.185069942,10/26/2023,3.633151845,InSAR
11/01/1948,0.177621766,0.177621766,0.177621766,0.177621766,0.177621766,0.177621766,11/01/2023,3.641682029,InSAR
12/01/1948,0.173646046,0.173646046,0.173646046,0.173646046,0.173646046,0.173646046,11/07/2023,3.643978617,InSAR
01/01/1949,0.165429711,0.165429711,0.165429711,0.165429711,0.165429711,0.165429711,11/13/2023,3.647587541,InSAR
02/01/1949,0.160081505,0.160081505,0.160081505,0.160081505,0.160081505,0.160081505,11/19/2023,3.644634785,InSAR
03/01/1949,0.157205469,0.157205469,0.157205469,0.157205469,0.157205469,0.157205469,11/25/2023,3.645947121,InSAR
04/01/1949,0.151806579,0.151806579,0.151806579,0.151806579,0.151806579,0.151806579,12/01/2023,3.648243709,InSAR
05/01/1949,0.153909566,0.153909566,0.153909566,0.153909566,0.153909566,0.153909566,12/07/2023,3.651524549,InSAR
06/01/1949,0.152943952,0.152943952,0.152943952,0.152943952,0.152943952,0.152943952,12/13/2023,3.656445809,InSAR
07/01/1949,0.150687369,0.150687369,0.150687369,0.150687369,0.150687369,0.150687369,12/20/2023,3.665304077,InSAR
08/01/1949,0.153207838,0.153207838,0.153207838,0.153207838,0.153207838,0.153207838,12/26/2023,3.671865757,InSAR
09/01/1949,0.151761259,0.151761259,0.151761259,0.151761259,0.151761259,0.151761259,01/01/2024,3.675802765,InSAR
10/01/1949,0.150741935,0.150741935,0.150741935,0.150741935,0.150741935,0.150741935,01/07/2024,3.681708277,InSAR
11/01/1949,0.153062422,0.153062422,0.153062422,0.153062422,0.153062422,0.153062422,01/13/2024,3.683348697,InSAR
12/01/1949,0.153724432,0.153724432,0.153724432,0.153724432,0.153724432,0.153724432,01/20/2024,3.685973369,InSAR
01/01/1950,0.155579312,0.155579312,0.155579312,0.155579312,0.155579312,0.155579312,01/26/2024,3.686301453,InSAR
02/01/1950,0.154286293,0.154286293,0.154286293,0.154286293,0.154286293,0.154286293,02/01/2024,3.691550797,InSAR
03/01/1950,0.15198133,0.15198133,0.15198133,0.15198133,0.15198133,0.15198133,02/07/2024,3.699752897,InSAR
04/01/1950,0.151969071,0.151969071,0.151969071,0.151969071,0.151969071,0.151969071,02/13/2024,3.707298829,InSAR
05/01/1950,0.153531903,0.153531903,0.153531903,0.153531903,0.153531903,0.153531903,02/18/2024,3.707954997,InSAR
06/01/1950,0.155322523,0.155322523,0.155322523,0.155322523,0.155322523,0.155322523,02/24/2024,3.710907753,InSAR
07/01/1950,0.158031313,0.158031313,0.158031313,0.158031313,0.158031313,0.158031313,03/01/2024,3.712220089,InSAR
08/01/1950,0.158338847,0.158338847,0.158338847,0.158338847,0.158338847,0.158338847,03/07/2024,3.713860509,InSAR
09/01/1950,0.161495448,0.161495448,0.161495448,0.161495448,0.161495448,0.161495448,03/13/2024,3.715829013,InSAR
10/01/1950,0.163589239,0.163589239,0.163589239,0.163589239,0.163589239,0.163589239,03/20/2024,3.718125601,InSAR
11/01/1950,0.165157484,0.165157484,0.165157484,0.165157484,0.165157484,0.165157484,03/26/2024,3.720094105,InSAR
12/01/1950,0.165983754,0.165983754,0.165983754,0.165983754,0.165983754,0.165983754,04/01/2024,3.721734525,InSAR
01/01/1951,0.166055283,0.166055283,0.166055283,0.166055283,0.166055283,0.166055283,04/07/2024,3.722390693,InSAR
02/01/1951,0.163757327,0.163757327,0.163757327,0.163757327,0.163757327,0.163757327,04/13/2024,3.723046861,InSAR
03/01/1951,0.156760985,0.156760985,0.156760985,0.156760985,0.156760985,0.156760985,04/19/2024,3.726327701,InSAR
04/01/1951,0.154467845,0.154467845,0.154467845,0.154467845,0.154467845,0.154467845,04/25/2024,3.726983869,InSAR
05/01/1951,0.151745674,0.151745674,0.151745674,0.151745674,0.151745674,0.151745674,05/01/2024,3.726983869,InSAR
06/01/1951,0.152259567,0.152259567,0.152259567,0.152259567,0.152259567,0.152259567,05/07/2024,3.728952373,InSAR
07/01/1951,0.155415372,0.155415372,0.155415372,0.155415372,0.155415372,0.155415372,05/13/2024,3.732889381,InSAR
08/01/1951,0.160075311,0.160075311,0.160075311,0.160075311,0.160075311,0.160075311,05/20/2024,3.737482557,InSAR
09/01/1951,0.165907287,0.165907287,0.165907287,0.165907287,0.165907287,0.165907287,05/26/2024,3.737810641,InSAR
10/01/1951,0.172297401,0.172297401,0.172297401,0.172297401,0.172297401,0.172297401,06/01/2024,3.739779145,InSAR
11/01/1951,0.178240154,0.178240154,0.178240154,0.178240154,0.178240154,0.178240154,06/07/2024,3.741091481,InSAR
12/01/1951,0.184768292,0.184768292,0.184768292,0.184768292,0.184768292,0.184768292,06/13/2024,3.743716153,InSAR
01/01/1952,0.186030332,0.186030332,0.186030332,0.186030332,0.186030332,0.186030332,06/19/2024,3.744044237,InSAR
02/01/1952,0.179912219,0.179912219,0.179912219,0.179912219,0.179912219,0.179912219,06/25/2024,3.744372321,InSAR
03/01/1952,0.174682681,0.174682681,0.174682681,0.174682681,0.174682681,0.174682681,07/01/2024,3.743059985,InSAR
04/01/1952,0.166797116,0.166797116,0.166797116,0.166797116,0.166797116,0.166797116,,,
05/01/1952,0.164062476,0.164062476,0.164062476,0.164062476,0.164062476,0.164062476,,,
06/01/1952,0.165591011,0.165591011,0.165591011,0.165591011,0.165591011,0.165591011,,,
07/01/1952,0.169589066,0.169589066,0.169589066,0.169589066,0.169589066,0.169589066,,,
08/01/1952,0.175944053,0.175944053,0.175944053,0.175944053,0.175944053,0.175944053,,,
09/01/1952,0.179472241,0.179472241,0.179472241,0.179472241,0.179472241,0.179472241,,,
10/01/1952,0.184006575,0.184006575,0.184006575,0.184006575,0.184006575,0.184006575,,,
11/01/1952,0.18624797,0.18624797,0.18624797,0.18624797,0.18624797,0.18624797,,,
12/01/1952,0.190623212,0.190623212,0.190623212,0.190623212,0.190623212,0.190623212,,,
01/01/1953,0.192157235,0.192157235,0.192157235,0.192157235,0.192157235,0.192157235,,,
02/01/1953,0.185492487,0.185492487,0.185492487,0.185492487,0.185492487,0.185492487,,,
03/01/1953,0.183490357,0.183490357,0.183490357,0.183490357,0.183490357,0.183490357,,,
04/01/1953,0.187352692,0.187352692,0.187352692,0.187352692,0.187352692,0.187352692,,,
05/01/1953,0.192769876,0.192769876,0.192769876,0.192769876,0.192769876,0.192769876,,,
06/01/1953,0.199035878,0.199035878,0.199035878,0.199035878,0.199035878,0.199035878,,,
07/01/1953,0.204536192,0.204536192,0.204536192,0.204536192,0.204536192,0.204536192,,,
08/01/1953,0.211356165,0.211356165,0.211356165,0.211356165,0.211356165,0.211356165,,,
09/01/1953,0.214184903,0.214184903,0.214184903,0.214184903,0.214184903,0.214184903,,,
10/01/1953,0.217950628,0.217950628,0.217950628,0.217950628,0.217950628,0.217950628,,,
11/01/1953,0.226432668,0.226432668,0.226432668,0.226432668,0.226432668,0.226432668,,,
12/01/1953,0.22833522,0.22833522,0.22833522,0.22833522,0.22833522,0.22833522,,,
01/01/1954,0.221371031,0.221371031,0.221371031,0.221371031,0.221371031,0.221371031,,,
02/01/1954,0.213422537,0.213422537,0.213422537,0.213422537,0.213422537,0.213422537,,,
03/01/1954,0.210389481,0.210389481,0.210389481,0.210389481,0.210389481,0.210389481,,,
04/01/1954,0.211115108,0.211115108,0.211115108,0.211115108,0.211115108,0.211115108,,,
05/01/1954,0.214644516,0.214644516,0.214644516,0.214644516,0.214644516,0.214644516,,,
06/01/1954,0.219000013,0.219000013,0.219000013,0.219000013,0.219000013,0.219000013,,,
07/01/1954,0.224010177,0.224010177,0.224010177,0.224010177,0.224010177,0.224010177,,,
08/01/1954,0.225996578,0.225996578,0.225996578,0.225996578,0.225996578,0.225996578,,,
09/01/1954,0.232338973,0.232338973,0.232338973,0.232338973,0.232338973,0.232338973,,,
10/01/1954,0.233769863,0.233769863,0.233769863,0.233769863,0.233769863,0.233769863,,,
11/01/1954,0.235247222,0.235247222,0.235247222,0.235247222,0.235247222,0.235247222,,,
12/01/1954,0.235624576,0.235624576,0.235624576,0.235624576,0.235624576,0.235624576,,,
01/01/1955,0.228671896,0.228671896,0.228671896,0.228671896,0.228671896,0.228671896,,,
02/01/1955,0.215967989,0.215967989,0.215967989,0.215967989,0.215967989,0.215967989,,,
03/01/1955,0.207739256,0.207739256,0.207739256,0.207739256,0.207739256,0.207739256,,,
04/01/1955,0.199892713,0.199892713,0.199892713,0.199892713,0.199892713,0.199892713,,,
05/01/1955,0.207709123,0.207709123,0.207709123,0.207709123,0.207709123,0.207709123,,,
06/01/1955,0.216446964,0.216446964,0.216446964,0.216446964,0.216446964,0.216446964,,,
07/01/1955,0.223868778,0.223868778,0.223868778,0.223868778,0.223868778,0.223868778,,,
08/01/1955,0.23190728,0.23190728,0.23190728,0.23190728,0.23190728,0.23190728,,,
09/01/1955,0.240384802,0.240384802,0.240384802,0.240384802,0.240384802,0.240384802,,,
10/01/1955,0.246468143,0.246468143,0.246468143,0.246468143,0.246468143,0.246468143,,,
11/01/1955,0.253246085,0.253246085,0.253246085,0.253246085,0.253246085,0.253246085,,,
12/01/1955,0.261804694,0.261804694,0.261804694,0.261804694,0.261804694,0.261804694,,,
01/01/1956,0.257084108,0.257084108,0.257084108,0.257084108,0.257084108,0.257084108,,,
02/01/1956,0.243476528,0.243476528,0.243476528,0.243476528,0.243476528,0.243476528,,,
03/01/1956,0.2289638,0.2289638,0.2289638,0.2289638,0.2289638,0.2289638,,,
04/01/1956,0.216119743,0.216119743,0.216119743,0.216119743,0.216119743,0.216119743,,,
05/01/1956,0.210056404,0.210056404,0.210056404,0.210056404,0.210056404,0.210056404,,,
06/01/1956,0.21120354,0.21120354,0.21120354,0.21120354,0.21120354,0.21120354,,,
07/01/1956,0.214622952,0.214622952,0.214622952,0.214622952,0.214622952,0.214622952,,,
08/01/1956,0.216801636,0.216801636,0.216801636,0.216801636,0.216801636,0.216801636,,,
09/01/1956,0.220670927,0.220670927,0.220670927,0.220670927,0.220670927,0.220670927,,,
10/01/1956,0.226449547,0.226449547,0.226449547,0.226449547,0.226449547,0.226449547,,,
11/01/1956,0.231879189,0.231879189,0.231879189,0.231879189,0.231879189,0.231879189,,,
12/01/1956,0.232985235,0.232985235,0.232985235,0.232985235,0.232985235,0.232985235,,,
01/01/1957,0.23841622,0.23841622,0.23841622,0.23841622,0.23841622,0.23841622,,,
02/01/1957,0.23567351,0.23567351,0.23567351,0.23567351,0.23567351,0.23567351,,,
03/01/1957,0.23096273,0.23096273,0.23096273,0.23096273,0.23096273,0.23096273,,,
04/01/1957,0.222862472,0.222862472,0.222862472,0.222862472,0.222862472,0.222862472,,,
05/01/1957,0.215908198,0.215908198,0.215908198,0.215908198,0.215908198,0.215908198,,,
06/01/1957,0.214445013,0.214445013,0.214445013,0.214445013,0.214445013,0.214445013,,,
07/01/1957,0.217294311,0.217294311,0.217294311,0.217294311,0.217294311,0.217294311,,,
08/01/1957,0.219132406,0.219132406,0.219132406,0.219132406,0.219132406,0.219132406,,,
09/01/1957,0.222545407,0.222545407,0.222545407,0.222545407,0.222545407,0.222545407,,,
10/01/1957,0.227755776,0.227755776,0.227755776,0.227755776,0.227755776,0.227755776,,,
11/01/1957,0.233965638,0.233965638,0.233965638,0.233965638,0.233965638,0.233965638,,,
12/01/1957,0.23628667,0.23628667,0.23628667,0.23628667,0.23628667,0.23628667,,,
01/01/1958,0.240234429,0.240234429,0.240234429,0.240234429,0.240234429,0.240234429,,,
02/01/1958,0.241085721,0.241085721,0.241085721,0.241085721,0.241085721,0.241085721,,,
03/01/1958,0.234081058,0.234081058,0.234081058,0.234081058,0.234081058,0.234081058,,,
04/01/1958,0.228545647,0.228545647,0.228545647,0.228545647,0.228545647,0.228545647,,,
05/01/1958,0.228854931,0.228854931,0.228854931,0.228854931,0.228854931,0.228854931,,,
06/01/1958,0.229407441,0.229407441,0.229407441,0.229407441,0.229407441,0.229407441,,,
07/01/1958,0.23153369,0.23153369,0.23153369,0.23153369,0.23153369,0.23153369,,,
08/01/1958,0.232895108,0.232895108,0.232895108,0.232895108,0.232895108,0.232895108,,,
09/01/1958,0.234389615,0.234389615,0.234389615,0.234389615,0.234389615,0.234389615,,,
10/01/1958,0.236478027,0.236478027,0.236478027,0.236478027,0.236478027,0.236478027,,,
11/01/1958,0.238875367,0.238875367,0.238875367,0.238875367,0.238875367,0.238875367,,,
12/01/1958,0.239773478,0.239773478,0.239773478,0.239773478,0.239773478,0.239773478,,,
01/01/1959,0.23954103,0.23954103,0.23954103,0.23954103,0.23954103,0.23954103,,,
02/01/1959,0.240455166,0.240455166,0.240455166,0.240455166,0.240455166,0.240455166,,,
03/01/1959,0.239864081,0.239864081,0.239864081,0.239864081,0.239864081,0.239864081,,,
04/01/1959,0.241602885,0.241602885,0.241602885,0.241602885,0.241602885,0.241602885,,,
05/01/1959,0.241302232,0.241302232,0.241302232,0.241302232,0.241302232,0.241302232,,,
06/01/1959,0.24305926,0.24305926,0.24305926,0.24305926,0.24305926,0.24305926,,,
07/01/1959,0.247337231,0.247337231,0.247337231,0.247337231,0.247337231,0.247337231,,,
08/01/1959,0.250599512,0.250599512,0.250599512,0.250599512,0.250599512,0.250599512,,,
09/01/1959,0.258280086,0.258280086,0.258280086,0.258280086,0.258280086,0.258280086,,,
10/01/1959,0.262763621,0.262763621,0.262763621,0.262763621,0.262763621,0.262763621,,,
11/01/1959,0.265420101,0.265420101,0.265420101,0.265420101,0.265420101,0.265420101,,,
12/01/1959,0.270667748,0.270667748,0.270667748,0.270667748,0.270667748,0.270667748,,,
01/01/1960,0.272924878,0.272924878,0.272924878,0.272924878,0.272924878,0.272924878,,,
02/01/1960,0.278650027,0.278650027,0.278650027,0.278650027,0.278650027,0.278650027,,,
03/01/1960,0.281636853,0.281636853,0.281636853,0.281636853,0.281636853,0.281636853,,,
04/01/1960,0.282610558,0.282610558,0.282610558,0.282610558,0.282610558,0.282610558,,,
05/01/1960,0.282928284,0.282928284,0.282928284,0.282928284,0.282928284,0.282928284,,,
06/01/1960,0.282996227,0.282996227,0.282996227,0.282996227,0.282996227,0.282996227,,,
07/01/1960,0.284719611,0.284719611,0.284719611,0.284719611,0.284719611,0.284719611,,,
08/01/1960,0.283102118,0.283102118,0.283102118,0.283102118,0.283102118,0.283102118,,,
09/01/1960,0.283490732,0.283490732,0.283490732,0.283490732,0.283490732,0.283490732,,,
10/01/1960,0.287159356,0.287159356,0.287159356,0.287159356,0.287159356,0.287159356,,,
11/01/1960,0.291665531,0.291665531,0.291665531,0.291665531,0.291665531,0.291665531,,,
12/01/1960,0.295461993,0.295461993,0.295461993,0.295461993,0.295461993,0.295461993,,,
01/01/1961,0.299617153,0.299617153,0.299617153,0.299617153,0.299617153,0.299617153,,,
02/01/1961,0.300742913,0.300742913,0.300742913,0.300742913,0.300742913,0.300742913,,,
03/01/1961,0.296641924,0.296641924,0.296641924,0.296641924,0.296641924,0.296641924,,,
04/01/1961,0.293248527,0.293248527,0.293248527,0.293248527,0.293248527,0.293248527,,,
05/01/1961,0.293547874,0.293547874,0.293547874,0.293547874,0.293547874,0.293547874,,,
06/01/1961,0.298072949,0.298072949,0.298072949,0.298072949,0.298072949,0.298072949,,,
07/01/1961,0.304379987,0.304379987,0.304379987,0.304379987,0.304379987,0.304379987,,,
08/01/1961,0.30941656,0.30941656,0.30941656,0.30941656,0.30941656,0.30941656,,,
09/01/1961,0.317299202,0.317299202,0.317299202,0.317299202,0.317299202,0.317299202,,,
10/01/1961,0.322896019,0.322896019,0.322896019,0.322896019,0.322896019,0.322896019,,,
11/01/1961,0.326782743,0.326782743,0.326782743,0.326782743,0.326782743,0.326782743,,,
12/01/1961,0.332285135,0.332285135,0.332285135,0.332285135,0.332285135,0.332285135,,,
01/01/1962,0.335721016,0.335721016,0.335721016,0.335721016,0.335721016,0.335721016,,,
02/01/1962,0.339644278,0.339644278,0.339644278,0.339644278,0.339644278,0.339644278,,,
03/01/1962,0.337627727,0.337627727,0.337627727,0.337627727,0.337627727,0.337627727,,,
04/01/1962,0.336745811,0.336745811,0.336745811,0.336745811,0.336745811,0.336745811,,,
05/01/1962,0.338192428,0.338192428,0.338192428,0.338192428,0.338192428,0.338192428,,,
06/01/1962,0.344289858,0.344289858,0.344289858,0.344289858,0.344289858,0.344289858,,,
07/01/1962,0.349718031,0.349718031,0.349718031,0.349718031,0.349718031,0.349718031,,,
08/01/1962,0.353599951,0.353599951,0.353599951,0.353599951,0.353599951,0.353599951,,,
09/01/1962,0.357472335,0.357472335,0.357472335,0.357472335,0.357472335,0.357472335,,,
10/01/1962,0.36134162,0.36134162,0.36134162,0.36134162,0.36134162,0.36134162,,,
11/01/1962,0.365058474,0.365058474,0.365058474,0.365058474,0.365058474,0.365058474,,,
12/01/1962,0.369896272,0.369896272,0.369896272,0.369896272,0.369896272,0.369896272,,,
01/01/1963,0.375003572,0.375003572,0.375003572,0.375003572,0.375003572,0.375003572,,,
02/01/1963,0.378352162,0.378352162,0.378352162,0.378352162,0.378352162,0.378352162,,,
03/01/1963,0.381786649,0.381786649,0.381786649,0.381786649,0.381786649,0.381786649,,,
04/01/1963,0.385173864,0.385173864,0.385173864,0.385173864,0.385173864,0.385173864,,,
05/01/1963,0.386058938,0.386058938,0.386058938,0.386058938,0.386058938,0.386058938,,,
06/01/1963,0.385817309,0.385817309,0.385817309,0.385817309,0.385817309,0.385817309,,,
07/01/1963,0.385291724,0.385291724,0.385291724,0.385291724,0.385291724,0.385291724,,,
08/01/1963,0.384464571,0.384464571,0.384464571,0.384464571,0.384464571,0.384464571,,,
09/01/1963,0.38205453,0.38205453,0.38205453,0.38205453,0.38205453,0.38205453,,,
10/01/1963,0.38035169,0.38035169,0.38035169,0.38035169,0.38035169,0.38035169,,,
11/01/1963,0.378462092,0.378462092,0.378462092,0.378462092,0.378462092,0.378462092,,,
12/01/1963,0.37725417,0.37725417,0.37725417,0.37725417,0.37725417,0.37725417,,,
01/01/1964,0.375555122,0.375555122,0.375555122,0.375555122,0.375555122,0.375555122,,,
02/01/1964,0.376106285,0.376106285,0.376106285,0.376106285,0.376106285,0.376106285,,,
03/01/1964,0.374132855,0.374132855,0.374132855,0.374132855,0.374132855,0.374132855,,,
04/01/1964,0.375200432,0.375200432,0.375200432,0.375200432,0.375200432,0.375200432,,,
05/01/1964,0.381283249,0.381283249,0.381283249,0.381283249,0.381283249,0.381283249,,,
06/01/1964,0.390985454,0.390985454,0.390985454,0.390985454,0.390985454,0.390985454,,,
07/01/1964,0.39838191,0.39838191,0.39838191,0.39838191,0.39838191,0.39838191,,,
08/01/1964,0.406699267,0.406699267,0.406699267,0.406699267,0.406699267,0.406699267,,,
09/01/1964,0.414800006,0.414800006,0.414800006,0.414800006,0.414800006,0.414800006,,,
10/01/1964,0.422000936,0.422000936,0.422000936,0.422000936,0.422000936,0.422000936,,,
11/01/1964,0.430897599,0.430897599,0.430897599,0.430897599,0.430897599,0.430897599,,,
12/01/1964,0.436189705,0.436189705,0.436189705,0.436189705,0.436189705,0.436189705,,,
01/01/1965,0.436485579,0.436485579,0.436485579,0.436485579,0.436485579,0.436485579,,,
02/01/1965,0.435613055,0.435613055,0.435613055,0.435613055,0.435613055,0.435613055,,,
03/01/1965,0.430302967,0.430302967,0.430302967,0.430302967,0.430302967,0.430302967,,,
04/01/1965,0.426835455,0.426835455,0.426835455,0.426835455,0.426835455,0.426835455,,,
05/01/1965,0.427731951,0.427731951,0.427731951,0.427731951,0.427731951,0.427731951,,,
06/01/1965,0.427227963,0.427227963,0.427227963,0.427227963,0.427227963,0.427227963,,,
07/01/1965,0.428017229,0.428017229,0.428017229,0.428017229,0.428017229,0.428017229,,,
08/01/1965,0.427847098,0.427847098,0.427847098,0.427847098,0.427847098,0.427847098,,,
09/01/1965,0.427891443,0.427891443,0.427891443,0.427891443,0.427891443,0.427891443,,,
10/01/1965,0.429515919,0.429515919,0.429515919,0.429515919,0.429515919,0.429515919,,,
11/01/1965,0.429344757,0.429344757,0.429344757,0.429344757,0.429344757,0.429344757,,,
12/01/1965,0.427702677,0.427702677,0.427702677,0.427702677,0.427702677,0.427702677,,,
01/01/1966,0.429844721,0.429844721,0.429844721,0.429844721,0.429844721,0.429844721,,,
02/01/1966,0.430809126,0.430809126,0.430809126,0.430809126,0.430809126,0.430809126,,,
03/01/1966,0.430054581,0.430054581,0.430054581,0.430054581,0.430054581,0.430054581,,,
04/01/1966,0.430476963,0.430476963,0.430476963,0.430476963,0.430476963,0.430476963,,,
05/01/1966,0.430098027,0.430098027,0.430098027,0.430098027,0.430098027,0.430098027,,,
06/01/1966,0.432746696,0.432746696,0.432746696,0.432746696,0.432746696,0.432746696,,,
07/01/1966,0.433034713,0.433034713,0.433034713,0.433034713,0.433034713,0.433034713,,,
08/01/1966,0.435270147,0.435270147,0.435270147,0.435270147,0.435270147,0.435270147,,,
09/01/1966,0.436645789,0.436645789,0.436645789,0.436645789,0.436645789,0.436645789,,,
10/01/1966,0.437693498,0.437693498,0.437693498,0.437693498,0.437693498,0.437693498,,,
11/01/1966,0.439044394,0.439044394,0.439044394,0.439044394,0.439044394,0.439044394,,,
12/01/1966,0.439866627,0.439866627,0.439866627,0.439866627,0.439866627,0.439866627,,,
01/01/1967,0.440355486,0.440355486,0.440355486,0.440355486,0.440355486,0.440355486,,,
02/01/1967,0.439475245,0.439475245,0.439475245,0.439475245,0.439475245,0.439475245,,,
03/01/1967,0.439738155,0.439738155,0.439738155,0.439738155,0.439738155,0.439738155,,,
04/01/1967,0.44001098,0.44001098,0.44001098,0.44001098,0.44001098,0.44001098,,,
05/01/1967,0.443011857,0.443011857,0.443011857,0.443011857,0.443011857,0.443011857,,,
06/01/1967,0.441929229,0.441929229,0.441929229,0.441929229,0.441929229,0.441929229,,,
07/01/1967,0.44521041,0.44521041,0.44521041,0.44521041,0.44521041,0.44521041,,,
08/01/1967,0.444841696,0.444841696,0.444841696,0.444841696,0.444841696,0.444841696,,,
09/01/1967,0.446313854,0.446313854,0.446313854,0.446313854,0.446313854,0.446313854,,,
10/01/1967,0.443669245,0.443669245,0.443669245,0.443669245,0.443669245,0.443669245,,,
11/01/1967,0.442009794,0.442009794,0.442009794,0.442009794,0.442009794,0.442009794,,,
12/01/1967,0.438268964,0.438268964,0.438268964,0.438268964,0.438268964,0.438268964,,,
01/01/1968,0.437928196,0.437928196,0.437928196,0.437928196,0.437928196,0.437928196,,,
02/01/1968,0.43390729,0.43390729,0.43390729,0.43390729,0.43390729,0.43390729,,,
03/01/1968,0.433043187,0.433043187,0.433043187,0.433043187,0.433043187,0.433043187,,,
04/01/1968,0.430603436,0.430603436,0.430603436,0.430603436,0.430603436,0.430603436,,,
05/01/1968,0.43074142,0.43074142,0.43074142,0.43074142,0.43074142,0.43074142,,,
06/01/1968,0.431037255,0.431037255,0.431037255,0.431037255,0.431037255,0.431037255,,,
07/01/1968,0.429795999,0.429795999,0.429795999,0.429795999,0.429795999,0.429795999,,,
08/01/1968,0.428499151,0.428499151,0.428499151,0.428499151,0.428499151,0.428499151,,,
09/01/1968,0.428603479,0.428603479,0.428603479,0.428603479,0.428603479,0.428603479,,,
10/01/1968,0.429387663,0.429387663,0.429387663,0.429387663,0.429387663,0.429387663,,,
11/01/1968,0.431239568,0.431239568,0.431239568,0.431239568,0.431239568,0.431239568,,,
12/01/1968,0.433372445,0.433372445,0.433372445,0.433372445,0.433372445,0.433372445,,,
01/01/1969,0.43407428,0.43407428,0.43407428,0.43407428,0.43407428,0.43407428,,,
02/01/1969,0.433084207,0.433084207,0.433084207,0.433084207,0.433084207,0.433084207,,,
03/01/1969,0.432337782,0.432337782,0.432337782,0.432337782,0.432337782,0.432337782,,,
04/01/1969,0.434406301,0.434406301,0.434406301,0.434406301,0.434406301,0.434406301,,,
05/01/1969,0.432244043,0.432244043,0.432244043,0.432244043,0.432244043,0.432244043,,,
06/01/1969,0.430864528,0.430864528,0.430864528,0.430864528,0.430864528,0.430864528,,,
07/01/1969,0.430362798,0.430362798,0.430362798,0.430362798,0.430362798,0.430362798,,,
08/01/1969,0.42960579,0.42960579,0.42960579,0.42960579,0.42960579,0.42960579,,,
09/01/1969,0.428501427,0.428501427,0.428501427,0.428501427,0.428501427,0.428501427,,,
10/01/1969,0.427948519,0.427948519,0.427948519,0.427948519,0.427948519,0.427948519,,,
11/01/1969,0.426066857,0.426066857,0.426066857,0.426066857,0.426066857,0.426066857,,,
12/01/1969,0.426566161,0.426566161,0.426566161,0.426566161,0.426566161,0.426566161,,,
01/01/1970,0.427113645,0.427113645,0.427113645,0.427113645,0.427113645,0.427113645,,,
02/01/1970,0.429366394,0.429366394,0.429366394,0.429366394,0.429366394,0.429366394,,,
03/01/1970,0.430414892,0.430414892,0.430414892,0.430414892,0.430414892,0.430414892,,,
04/01/1970,0.43165099,0.43165099,0.43165099,0.43165099,0.43165099,0.43165099,,,
05/01/1970,0.434938577,0.434938577,0.434938577,0.434938577,0.434938577,0.434938577,,,
06/01/1970,0.438483443,0.438483443,0.438483443,0.438483443,0.438483443,0.438483443,,,
07/01/1970,0.442035004,0.442035004,0.442035004,0.442035004,0.442035004,0.442035004,,,
08/01/1970,0.44801675,0.44801675,0.44801675,0.44801675,0.44801675,0.44801675,,,
09/01/1970,0.453015742,0.453015742,0.453015742,0.453015742,0.453015742,0.453015742,,,
10/01/1970,0.458158523,0.458158523,0.458158523,0.458158523,0.458158523,0.458158523,,,
11/01/1970,0.463375776,0.463375776,0.463375776,0.463375776,0.463375776,0.463375776,,,
12/01/1970,0.465047046,0.465047046,0.465047046,0.465047046,0.465047046,0.465047046,,,
01/01/1971,0.466442053,0.466442053,0.466442053,0.466442053,0.466442053,0.466442053,,,
02/01/1971,0.465705318,0.465705318,0.465705318,0.465705318,0.465705318,0.465705318,,,
03/01/1971,0.459161501,0.459161501,0.459161501,0.459161501,0.459161501,0.459161501,,,
04/01/1971,0.454567689,0.454567689,0.454567689,0.454567689,0.454567689,0.454567689,,,
05/01/1971,0.459147256,0.459147256,0.459147256,0.459147256,0.459147256,0.459147256,,,
06/01/1971,0.461550273,0.461550273,0.461550273,0.461550273,0.461550273,0.461550273,,,
07/01/1971,0.463289395,0.463289395,0.463289395,0.463289395,0.463289395,0.463289395,,,
08/01/1971,0.466265869,0.466265869,0.466265869,0.466265869,0.466265869,0.466265869,,,
09/01/1971,0.470981899,0.470981899,0.470981899,0.470981899,0.470981899,0.470981899,,,
10/01/1971,0.475959337,0.475959337,0.475959337,0.475959337,0.475959337,0.475959337,,,
11/01/1971,0.479658726,0.479658726,0.479658726,0.479658726,0.479658726,0.479658726,,,
12/01/1971,0.483742377,0.483742377,0.483742377,0.483742377,0.483742377,0.483742377,,,
01/01/1972,0.485962876,0.485962876,0.485962876,0.485962876,0.485962876,0.485962876,,,
02/01/1972,0.481470568,0.481470568,0.481470568,0.481470568,0.481470568,0.481470568,,,
03/01/1972,0.47532784,0.47532784,0.47532784,0.47532784,0.47532784,0.47532784,,,
04/01/1972,0.473184811,0.473184811,0.473184811,0.473184811,0.473184811,0.473184811,,,
05/01/1972,0.478719624,0.478719624,0.478719624,0.478719624,0.478719624,0.478719624,,,
06/01/1972,0.483140475,0.483140475,0.483140475,0.483140475,0.483140475,0.483140475,,,
07/01/1972,0.486318975,0.486318975,0.486318975,0.486318975,0.486318975,0.486318975,,,
08/01/1972,0.489389514,0.489389514,0.489389514,0.489389514,0.489389514,0.489389514,,,
09/01/1972,0.491332392,0.491332392,0.491332392,0.491332392,0.491332392,0.491332392,,,
10/01/1972,0.497217754,0.497217754,0.497217754,0.497217754,0.497217754,0.497217754,,,
11/01/1972,0.500982438,0.500982438,0.500982438,0.500982438,0.500982438,0.500982438,,,
12/01/1972,0.504145982,0.504145982,0.504145982,0.504145982,0.504145982,0.504145982,,,
01/01/1973,0.504166284,0.504166284,0.504166284,0.504166284,0.504166284,0.504166284,,,
02/01/1973,0.505629141,0.505629141,0.505629141,0.505629141,0.505629141,0.505629141,,,
03/01/1973,0.505462225,0.505462225,0.505462225,0.505462225,0.505462225,0.505462225,,,
04/01/1973,0.506404657,0.506404657,0.506404657,0.506404657,0.506404657,0.506404657,,,
05/01/1973,0.507514793,0.507514793,0.507514793,0.507514793,0.507514793,0.507514793,,,
06/01/1973,0.510188402,0.510188402,0.510188402,0.510188402,0.510188402,0.510188402,,,
07/01/1973,0.511095613,0.511095613,0.511095613,0.511095613,0.511095613,0.511095613,,,
08/01/1973,0.515176636,0.515176636,0.515176636,0.515176636,0.515176636,0.515176636,,,
09/01/1973,0.520522765,0.520522765,0.520522765,0.520522765,0.520522765,0.520522765,,,
10/01/1973,0.521857265,0.521857265,0.521857265,0.521857265,0.521857265,0.521857265,,,
11/01/1973,0.524878567,0.524878567,0.524878567,0.524878567,0.524878567,0.524878567,,,
12/01/1973,0.526537603,0.526537603,0.526537603,0.526537603,0.526537603,0.526537603,,,
01/01/1974,0.524098955,0.524098955,0.524098955,0.524098955,0.524098955,0.524098955,,,
02/01/1974,0.523871147,0.523871147,0.523871147,0.523871147,0.523871147,0.523871147,,,
03/01/1974,0.52323317,0.52323317,0.52323317,0.52323317,0.52323317,0.52323317,,,
04/01/1974,0.521422444,0.521422444,0.521422444,0.521422444,0.521422444,0.521422444,,,
05/01/1974,0.525165915,0.525165915,0.525165915,0.525165915,0.525165915,0.525165915,,,
06/01/1974,0.527847349,0.527847349,0.527847349,0.527847349,0.527847349,0.527847349,,,
07/01/1974,0.529905343,0.529905343,0.529905343,0.529905343,0.529905343,0.529905343,,,
08/01/1974,0.53170987,0.53170987,0.53170987,0.53170987,0.53170987,0.53170987,,,
09/01/1974,0.533830658,0.533830658,0.533830658,0.533830658,0.533830658,0.533830658,,,
10/01/1974,0.536960843,0.536960843,0.536960843,0.536960843,0.536960843,0.536960843,,,
11/01/1974,0.537817496,0.537817496,0.537817496,0.537817496,0.537817496,0.537817496,,,
12/01/1974,0.537480095,0.537480095,0.537480095,0.537480095,0.537480095,0.537480095,,,
01/01/1975,0.534871707,0.534871707,0.534871707,0.534871707,0.534871707,0.534871707,,,
02/01/1975,0.534793833,0.534793833,0.534793833,0.534793833,0.534793833,0.534793833,,,
03/01/1975,0.534972217,0.534972217,0.534972217,0.534972217,0.534972217,0.534972217,,,
04/01/1975,0.534856261,0.534856261,0.534856261,0.534856261,0.534856261,0.534856261,,,
05/01/1975,0.536854768,0.536854768,0.536854768,0.536854768,0.536854768,0.536854768,,,
06/01/1975,0.539542413,0.539542413,0.539542413,0.539542413,0.539542413,0.539542413,,,
07/01/1975,0.540809539,0.540809539,0.540809539,0.540809539,0.540809539,0.540809539,,,
08/01/1975,0.544917806,0.544917806,0.544917806,0.544917806,0.544917806,0.544917806,,,
09/01/1975,0.544788492,0.544788492,0.544788492,0.544788492,0.544788492,0.544788492,,,
10/01/1975,0.546222223,0.546222223,0.546222223,0.546222223,0.546222223,0.546222223,,,
11/01/1975,0.548706042,0.548706042,0.548706042,0.548706042,0.548706042,0.548706042,,,
12/01/1975,0.550367765,0.550367765,0.550367765,0.550367765,0.550367765,0.550367765,,,
01/01/1976,0.548934046,0.548934046,0.548934046,0.548934046,0.548934046,0.548934046,,,
02/01/1976,0.546906679,0.546906679,0.546906679,0.546906679,0.546906679,0.546906679,,,
03/01/1976,0.544489742,0.544489742,0.544489742,0.544489742,0.544489742,0.544489742,,,
04/01/1976,0.546072647,0.546072647,0.546072647,0.546072647,0.546072647,0.546072647,,,
05/01/1976,0.547712724,0.547712724,0.547712724,0.547712724,0.547712724,0.547712724,,,
06/01/1976,0.553702808,0.553702808,0.553702808,0.553702808,0.553702808,0.553702808,,,
07/01/1976,0.557260932,0.557260932,0.557260932,0.557260932,0.557260932,0.557260932,,,
08/01/1976,0.561535581,0.561535581,0.561535581,0.561535581,0.561535581,0.561535581,,,
09/01/1976,0.567614285,0.567614285,0.567614285,0.567614285,0.567614285,0.567614285,,,
10/01/1976,0.572465728,0.572465728,0.572465728,0.572465728,0.572465728,0.572465728,,,
11/01/1976,0.577603139,0.577603139,0.577603139,0.577603139,0.577603139,0.577603139,,,
12/01/1976,0.583779598,0.583779598,0.583779598,0.583779598,0.583779598,0.583779598,,,
01/01/1977,0.583078294,0.583078294,0.583078294,0.583078294,0.583078294,0.583078294,,,
02/01/1977,0.583401329,0.583401329,0.583401329,0.583401329,0.583401329,0.583401329,,,
03/01/1977,0.583768076,0.583768076,0.583768076,0.583768076,0.583768076,0.583768076,,,
04/01/1977,0.584626569,0.584626569,0.584626569,0.584626569,0.584626569,0.584626569,,,
05/01/1977,0.587700289,0.587700289,0.587700289,0.587700289,0.587700289,0.587700289,,,
06/01/1977,0.590301794,0.590301794,0.590301794,0.590301794,0.590301794,0.590301794,,,
07/01/1977,0.59514875,0.59514875,0.59514875,0.59514875,0.59514875,0.59514875,,,
08/01/1977,0.602153571,0.602153571,0.602153571,0.602153571,0.602153571,0.602153571,,,
09/01/1977,0.615231704,0.615231704,0.615231704,0.615231704,0.615231704,0.615231704,,,
10/01/1977,0.624203954,0.624203954,0.624203954,0.624203954,0.624203954,0.624203954,,,
11/01/1977,0.626726711,0.626726711,0.626726711,0.626726711,0.626726711,0.626726711,,,
12/01/1977,0.628436171,0.628436171,0.628436171,0.628436171,0.628436171,0.628436171,,,
01/01/1978,0.625698898,0.625698898,0.625698898,0.625698898,0.625698898,0.625698898,,,
02/01/1978,0.619926211,0.619926211,0.619926211,0.619926211,0.619926211,0.619926211,,,
03/01/1978,0.613730616,0.613730616,0.613730616,0.613730616,0.613730616,0.613730616,,,
04/01/1978,0.608795136,0.608795136,0.608795136,0.608795136,0.608795136,0.608795136,,,
05/01/1978,0.606890112,0.606890112,0.606890112,0.606890112,0.606890112,0.606890112,,,
06/01/1978,0.605622167,0.605622167,0.605622167,0.605622167,0.605622167,0.605622167,,,
07/01/1978,0.603548855,0.603548855,0.603548855,0.603548855,0.603548855,0.603548855,,,
08/01/1978,0.601951103,0.601951103,0.601951103,0.601951103,0.601951103,0.601951103,,,
09/01/1978,0.601166401,0.601166401,0.601166401,0.601166401,0.601166401,0.601166401,,,
10/01/1978,0.600951187,0.600951187,0.600951187,0.600951187,0.600951187,0.600951187,,,
11/01/1978,0.601396171,0.601396171,0.601396171,0.601396171,0.601396171,0.601396171,,,
12/01/1978,0.60060698,0.60060698,0.60060698,0.60060698,0.60060698,0.60060698,,,
01/01/1979,0.596812719,0.596812719,0.596812719,0.596812719,0.596812719,0.596812719,,,
02/01/1979,0.587915712,0.587915712,0.587915712,0.587915712,0.587915712,0.587915712,,,
03/01/1979,0.584991118,0.584991118,0.584991118,0.584991118,0.584991118,0.584991118,,,
04/01/1979,0.584976222,0.584976222,0.584976222,0.584976222,0.584976222,0.584976222,,,
05/01/1979,0.589033642,0.589033642,0.589033642,0.589033642,0.589033642,0.589033642,,,
06/01/1979,0.594095365,0.594095365,0.594095365,0.594095365,0.594095365,0.594095365,,,
07/01/1979,0.599874917,0.599874917,0.599874917,0.599874917,0.599874917,0.599874917,,,
08/01/1979,0.604877984,0.604877984,0.604877984,0.604877984,0.604877984,0.604877984,,,
09/01/1979,0.610407719,0.610407719,0.610407719,0.610407719,0.610407719,0.610407719,,,
10/01/1979,0.615497801,0.615497801,0.615497801,0.615497801,0.615497801,0.615497801,,,
11/01/1979,0.622693262,0.622693262,0.622693262,0.622693262,0.622693262,0.622693262,,,
12/01/1979,0.619962953,0.619962953,0.619962953,0.619962953,0.619962953,0.619962953,,,
01/01/1980,0.61608045,0.61608045,0.61608045,0.61608045,0.61608045,0.61608045,,,
02/01/1980,0.608571037,0.608571037,0.608571037,0.608571037,0.608571037,0.608571037,,,
03/01/1980,0.603237695,0.603237695,0.603237695,0.603237695,0.603237695,0.603237695,,,
04/01/1980,0.60162581,0.60162581,0.60162581,0.60162581,0.60162581,0.60162581,,,
05/01/1980,0.607350685,0.607350685,0.607350685,0.607350685,0.607350685,0.607350685,,,
06/01/1980,0.612809629,0.612809629,0.612809629,0.612809629,0.612809629,0.612809629,,,
07/01/1980,0.618141577,0.618141577,0.618141577,0.618141577,0.618141577,0.618141577,,,
08/01/1980,0.622723494,0.622723494,0.622723494,0.622723494,0.622723494,0.622723494,,,
09/01/1980,0.629057801,0.629057801,0.629057801,0.629057801,0.629057801,0.629057801,,,
10/01/1980,0.635165769,0.635165769,0.635165769,0.635165769,0.635165769,0.635165769,,,
11/01/1980,0.639438581,0.639438581,0.639438581,0.639438581,0.639438581,0.639438581,,,
12/01/1980,0.644139093,0.644139093,0.644139093,0.644139093,0.644139093,0.644139093,,,
01/01/1981,0.648484651,0.648484651,0.648484651,0.648484651,0.648484651,0.648484651,,,
02/01/1981,0.645837357,0.645837357,0.645837357,0.645837357,0.645837357,0.645837357,,,
03/01/1981,0.642516876,0.642516876,0.642516876,0.642516876,0.642516876,0.642516876,,,
04/01/1981,0.640320946,0.640320946,0.640320946,0.640320946,0.640320946,0.640320946,,,
05/01/1981,0.637759728,0.637759728,0.637759728,0.637759728,0.637759728,0.637759728,,,
06/01/1981,0.632792779,0.632792779,0.632792779,0.632792779,0.632792779,0.632792779,,,
07/01/1981,0.62740267,0.62740267,0.62740267,0.62740267,0.62740267,0.62740267,,,
08/01/1981,0.620516768,0.620516768,0.620516768,0.620516768,0.620516768,0.620516768,,,
09/01/1981,0.615906582,0.615906582,0.615906582,0.615906582,0.615906582,0.615906582,,,
10/01/1981,0.608740847,0.608740847,0.608740847,0.608740847,0.608740847,0.608740847,,,
11/01/1981,0.603088347,0.603088347,0.603088347,0.603088347,0.603088347,0.603088347,,,
12/01/1981,0.60510717,0.60510717,0.60510717,0.60510717,0.60510717,0.60510717,,,
01/01/1982,0.612401618,0.612401618,0.612401618,0.612401618,0.612401618,0.612401618,,,
02/01/1982,0.618915378,0.618915378,0.618915378,0.618915378,0.618915378,0.618915378,,,
03/01/1982,0.626805542,0.626805542,0.626805542,0.626805542,0.626805542,0.626805542,,,
04/01/1982,0.63121898,0.63121898,0.63121898,0.63121898,0.63121898,0.63121898,,,
05/01/1982,0.634835043,0.634835043,0.634835043,0.634835043,0.634835043,0.634835043,,,
06/01/1982,0.637465543,0.637465543,0.637465543,0.637465543,0.637465543,0.637465543,,,
07/01/1982,0.640210307,0.640210307,0.640210307,0.640210307,0.640210307,0.640210307,,,
08/01/1982,0.641191541,0.641191541,0.641191541,0.641191541,0.641191541,0.641191541,,,
09/01/1982,0.645524378,0.645524378,0.645524378,0.645524378,0.645524378,0.645524378,,,
10/01/1982,0.649405439,0.649405439,0.649405439,0.649405439,0.649405439,0.649405439,,,
11/01/1982,0.652758076,0.652758076,0.652758076,0.652758076,0.652758076,0.652758076,,,
12/01/1982,0.651481955,0.651481955,0.651481955,0.651481955,0.651481955,0.651481955,,,
01/01/1983,0.644427573,0.644427573,0.644427573,0.644427573,0.644427573,0.644427573,,,
02/01/1983,0.632657327,0.632657327,0.632657327,0.632657327,0.632657327,0.632657327,,,
03/01/1983,0.618709562,0.618709562,0.618709562,0.618709562,0.618709562,0.618709562,,,
04/01/1983,0.611079023,0.611079023,0.611079023,0.611079023,0.611079023,0.611079023,,,
05/01/1983,0.609075151,0.609075151,0.609075151,0.609075151,0.609075151,0.609075151,,,
06/01/1983,0.60476542,0.60476542,0.60476542,0.60476542,0.60476542,0.60476542,,,
07/01/1983,0.602983321,0.602983321,0.602983321,0.602983321,0.602983321,0.602983321,,,
08/01/1983,0.601360394,0.601360394,0.601360394,0.601360394,0.601360394,0.601360394,,,
09/01/1983,0.600322746,0.600322746,0.600322746,0.600322746,0.600322746,0.600322746,,,
10/01/1983,0.598430807,0.598430807,0.598430807,0.598430807,0.598430807,0.598430807,,,
11/01/1983,0.595582609,0.595582609,0.595582609,0.595582609,0.595582609,0.595582609,,,
12/01/1983,0.592966501,0.592966501,0.592966501,0.592966501,0.592966501,0.592966501,,,
01/01/1984,0.587733468,0.587733468,0.587733468,0.587733468,0.587733468,0.587733468,,,
02/01/1984,0.575911492,0.575911492,0.575911492,0.575911492,0.575911492,0.575911492,,,
03/01/1984,0.563778056,0.563778056,0.563778056,0.563778056,0.563778056,0.563778056,,,
04/01/1984,0.557416805,0.557416805,0.557416805,0.557416805,0.557416805,0.557416805,,,
05/01/1984,0.555521804,0.555521804,0.555521804,0.555521804,0.555521804,0.555521804,,,
06/01/1984,0.555518623,0.555518623,0.555518623,0.555518623,0.555518623,0.555518623,,,
07/01/1984,0.556568936,0.556568936,0.556568936,0.556568936,0.556568936,0.556568936,,,
08/01/1984,0.556481739,0.556481739,0.556481739,0.556481739,0.556481739,0.556481739,,,
09/01/1984,0.556190954,0.556190954,0.556190954,0.556190954,0.556190954,0.556190954,,,
10/01/1984,0.555811512,0.555811512,0.555811512,0.555811512,0.555811512,0.555811512,,,
11/01/1984,0.554618581,0.554618581,0.554618581,0.554618581,0.554618581,0.554618581,,,
12/01/1984,0.554061126,0.554061126,0.554061126,0.554061126,0.554061126,0.554061126,,,
01/01/1985,0.54747457,0.54747457,0.54747457,0.54747457,0.54747457,0.54747457,,,
02/01/1985,0.529714842,0.529714842,0.529714842,0.529714842,0.529714842,0.529714842,,,
03/01/1985,0.511395366,0.511395366,0.511395366,0.511395366,0.511395366,0.511395366,,,
04/01/1985,0.506771347,0.506771347,0.506771347,0.506771347,0.506771347,0.506771347,,,
05/01/1985,0.511227533,0.511227533,0.511227533,0.511227533,0.511227533,0.511227533,,,
06/01/1985,0.518970235,0.518970235,0.518970235,0.518970235,0.518970235,0.518970235,,,
07/01/1985,0.524723758,0.524723758,0.524723758,0.524723758,0.524723758,0.524723758,,,
08/01/1985,0.5315074,0.5315074,0.5315074,0.5315074,0.5315074,0.5315074,,,
09/01/1985,0.541284378,0.541284378,0.541284378,0.541284378,0.541284378,0.541284378,,,
10/01/1985,0.550115717,0.550115717,0.550115717,0.550115717,0.550115717,0.550115717,,,
11/01/1985,0.556997884,0.556997884,0.556997884,0.556997884,0.556997884,0.556997884,,,
12/01/1985,0.561049603,0.561049603,0.561049603,0.561049603,0.561049603,0.561049603,,,
01/01/1986,0.557817519,0.557817519,0.557817519,0.557817519,0.557817519,0.557817519,,,
02/01/1986,0.553205159,0.553205159,0.553205159,0.553205159,0.553205159,0.553205159,,,
03/01/1986,0.54886165,0.54886165,0.54886165,0.54886165,0.54886165,0.54886165,,,
04/01/1986,0.545651236,0.545651236,0.545651236,0.545651236,0.545651236,0.545651236,,,
05/01/1986,0.544707933,0.544707933,0.544707933,0.544707933,0.544707933,0.544707933,,,
06/01/1986,0.544662615,0.544662615,0.544662615,0.544662615,0.544662615,0.544662615,,,
07/01/1986,0.545613523,0.545613523,0.545613523,0.545613523,0.545613523,0.545613523,,,
08/01/1986,0.545190147,0.545190147,0.545190147,0.545190147,0.545190147,0.545190147,,,
09/01/1986,0.546613954,0.546613954,0.546613954,0.546613954,0.546613954,0.546613954,,,
10/01/1986,0.548136195,0.548136195,0.548136195,0.548136195,0.548136195,0.548136195,,,
11/01/1986,0.548321503,0.548321503,0.548321503,0.548321503,0.548321503,0.548321503,,,
12/01/1986,0.543466124,0.543466124,0.543466124,0.543466124,0.543466124,0.543466124,,,
01/01/1987,0.529975156,0.529975156,0.529975156,0.529975156,0.529975156,0.529975156,,,
02/01/1987,0.51436514,0.51436514,0.51436514,0.51436514,0.51436514,0.51436514,,,
03/01/1987,0.496666685,0.496666685,0.496666685,0.496666685,0.496666685,0.496666685,,,
04/01/1987,0.492472975,0.492472975,0.492472975,0.492472975,0.492472975,0.492472975,,,
05/01/1987,0.500677185,0.500677185,0.500677185,0.500677185,0.500677185,0.500677185,,,
06/01/1987,0.5095173,0.5095173,0.5095173,0.5095173,0.5095173,0.5095173,,,
07/01/1987,0.5203022,0.5203022,0.5203022,0.5203022,0.5203022,0.5203022,,,
08/01/1987,0.531531982,0.531531982,0.531531982,0.531531982,0.531531982,0.531531982,,,
09/01/1987,0.546516954,0.546516954,0.546516954,0.546516954,0.546516954,0.546516954,,,
10/01/1987,0.559877273,0.559877273,0.559877273,0.559877273,0.559877273,0.559877273,,,
11/01/1987,0.573156686,0.573156686,0.573156686,0.573156686,0.573156686,0.573156686,,,
12/01/1987,0.581230423,0.581230423,0.581230423,0.581230423,0.581230423,0.581230423,,,
01/01/1988,0.579244335,0.579244335,0.579244335,0.579244335,0.579244335,0.579244335,,,
02/01/1988,0.575616091,0.575616091,0.575616091,0.575616091,0.575616091,0.575616091,,,
03/01/1988,0.57092246,0.57092246,0.57092246,0.57092246,0.57092246,0.57092246,,,
04/01/1988,0.572097286,0.572097286,0.572097286,0.572097286,0.572097286,0.572097286,,,
05/01/1988,0.581191265,0.581191265,0.581191265,0.581191265,0.581191265,0.581191265,,,
06/01/1988,0.593102036,0.593102036,0.593102036,0.593102036,0.593102036,0.593102036,,,
07/01/1988,0.603410406,0.603410406,0.603410406,0.603410406,0.603410406,0.603410406,,,
08/01/1988,0.612228716,0.612228716,0.612228716,0.612228716,0.612228716,0.612228716,,,
09/01/1988,0.622393646,0.622393646,0.622393646,0.622393646,0.622393646,0.622393646,,,
10/01/1988,0.632818213,0.632818213,0.632818213,0.632818213,0.632818213,0.632818213,,,
11/01/1988,0.643285798,0.643285798,0.643285798,0.643285798,0.643285798,0.643285798,,,
12/01/1988,0.649047391,0.649047391,0.649047391,0.649047391,0.649047391,0.649047391,,,
01/01/1989,0.637136492,0.637136492,0.637136492,0.637136492,0.637136492,0.637136492,,,
02/01/1989,0.624885818,0.624885818,0.624885818,0.624885818,0.624885818,0.624885818,,,
03/01/1989,0.613298884,0.613298884,0.613298884,0.613298884,0.613298884,0.613298884,,,
04/01/1989,0.61253053,0.61253053,0.61253053,0.61253053,0.61253053,0.61253053,,,
05/01/1989,0.61680374,0.61680374,0.61680374,0.61680374,0.61680374,0.61680374,,,
06/01/1989,0.621932347,0.621932347,0.621932347,0.621932347,0.621932347,0.621932347,,,
07/01/1989,0.626776227,0.626776227,0.626776227,0.626776227,0.626776227,0.626776227,,,
08/01/1989,0.633996077,0.633996077,0.633996077,0.633996077,0.633996077,0.633996077,,,
09/01/1989,0.640916968,0.640916968,0.640916968,0.640916968,0.640916968,0.640916968,,,
10/01/1989,0.647775704,0.647775704,0.647775704,0.647775704,0.647775704,0.647775704,,,
11/01/1989,0.656034062,0.656034062,0.656034062,0.656034062,0.656034062,0.656034062,,,
12/01/1989,0.659467746,0.659467746,0.659467746,0.659467746,0.659467746,0.659467746,,,
01/01/1990,0.661313126,0.661313126,0.661313126,0.661313126,0.661313126,0.661313126,,,
02/01/1990,0.662190616,0.662190616,0.662190616,0.662190616,0.662190616,0.662190616,,,
03/01/1990,0.663376347,0.663376347,0.663376347,0.663376347,0.663376347,0.663376347,,,
04/01/1990,0.665987234,0.665987234,0.665987234,0.665987234,0.665987234,0.665987234,,,
05/01/1990,0.670533174,0.670533174,0.670533174,0.670533174,0.670533174,0.670533174,,,
06/01/1990,0.676354173,0.676354173,0.676354173,0.676354173,0.676354173,0.676354173,,,
07/01/1990,0.681376692,0.681376692,0.681376692,0.681376692,0.681376692,0.681376692,,,
08/01/1990,0.684845033,0.684845033,0.684845033,0.684845033,0.684845033,0.684845033,,,
09/01/1990,0.688329244,0.688329244,0.688329244,0.688329244,0.688329244,0.688329244,,,
10/01/1990,0.691501652,0.691501652,0.691501652,0.691501652,0.691501652,0.691501652,,,
11/01/1990,0.693733846,0.693733846,0.693733846,0.693733846,0.693733846,0.693733846,,,
12/01/1990,0.697986842,0.697986842,0.697986842,0.697986842,0.697986842,0.697986842,,,
01/01/1991,0.696317889,0.696317889,0.696317889,0.696317889,0.696317889,0.696317889,,,
02/01/1991,0.67183218,0.67183218,0.67183218,0.67183218,0.67183218,0.67183218,,,
03/01/1991,0.640726241,0.640726241,0.640726241,0.640726241,0.640726241,0.640726241,,,
04/01/1991,0.613505088,0.613505088,0.613505088,0.613505088,0.613505088,0.613505088,,,
05/01/1991,0.617788882,0.617788882,0.617788882,0.617788882,0.617788882,0.617788882,,,
06/01/1991,0.627742476,0.627742476,0.627742476,0.627742476,0.627742476,0.627742476,,,
07/01/1991,0.640399911,0.640399911,0.640399911,0.640399911,0.640399911,0.640399911,,,
08/01/1991,0.652597606,0.652597606,0.652597606,0.652597606,0.652597606,0.652597606,,,
09/01/1991,0.665924138,0.665924138,0.665924138,0.665924138,0.665924138,0.665924138,,,
10/01/1991,0.680708715,0.680708715,0.680708715,0.680708715,0.680708715,0.680708715,,,
11/01/1991,0.694967085,0.694967085,0.694967085,0.694967085,0.694967085,0.694967085,,,
12/01/1991,0.701695679,0.701695679,0.701695679,0.701695679,0.701695679,0.701695679,,,
01/01/1992,0.69148199,0.69148199,0.69148199,0.69148199,0.69148199,0.69148199,,,
02/01/1992,0.681205447,0.681205447,0.681205447,0.681205447,0.681205447,0.681205447,,,
03/01/1992,0.668016602,0.668016602,0.668016602,0.668016602,0.668016602,0.668016602,,,
04/01/1992,0.66550422,0.66550422,0.66550422,0.66550422,0.66550422,0.66550422,,,
05/01/1992,0.670636877,0.670636877,0.670636877,0.670636877,0.670636877,0.670636877,,,
06/01/1992,0.675858746,0.675858746,0.675858746,0.675858746,0.675858746,0.675858746,,,
07/01/1992,0.682143257,0.682143257,0.682143257,0.682143257,0.682143257,0.682143257,,,
08/01/1992,0.687444487,0.687444487,0.687444487,0.687444487,0.687444487,0.687444487,,,
09/01/1992,0.694658709,0.694658709,0.694658709,0.694658709,0.694658709,0.694658709,,,
10/01/1992,0.699817626,0.699817626,0.699817626,0.699817626,0.699817626,0.699817626,,,
11/01/1992,0.705342215,0.705342215,0.705342215,0.705342215,0.705342215,0.705342215,,,
12/01/1992,0.704182709,0.704182709,0.704182709,0.704182709,0.704182709,0.704182709,,,
01/01/1993,0.697860921,0.697860921,0.697860921,0.697860921,0.697860921,0.697860921,,,
02/01/1993,0.690478507,0.690478507,0.690478507,0.690478507,0.690478507,0.690478507,,,
03/01/1993,0.68611341,0.68611341,0.68611341,0.68611341,0.68611341,0.68611341,,,
04/01/1993,0.687151888,0.687151888,0.687151888,0.687151888,0.687151888,0.687151888,,,
05/01/1993,0.690528754,0.690528754,0.690528754,0.690528754,0.690528754,0.690528754,,,
06/01/1993,0.695717512,0.695717512,0.695717512,0.695717512,0.695717512,0.695717512,,,
07/01/1993,0.700650096,0.700650096,0.700650096,0.700650096,0.700650096,0.700650096,,,
08/01/1993,0.704924826,0.704924826,0.704924826,0.704924826,0.704924826,0.704924826,,,
09/01/1993,0.709348094,0.709348094,0.709348094,0.709348094,0.709348094,0.709348094,,,
10/01/1993,0.715257833,0.715257833,0.715257833,0.715257833,0.715257833,0.715257833,,,
11/01/1993,0.720646054,0.720646054,0.720646054,0.720646054,0.720646054,0.720646054,,,
12/01/1993,0.725286382,0.725286382,0.725286382,0.725286382,0.725286382,0.725286382,,,
01/01/1994,0.725714702,0.725714702,0.725714702,0.725714702,0.725714702,0.725714702,,,
02/01/1994,0.722423559,0.722423559,0.722423559,0.722423559,0.722423559,0.722423559,,,
03/01/1994,0.719448637,0.719448637,0.719448637,0.719448637,0.719448637,0.719448637,,,
04/01/1994,0.719932744,0.719932744,0.719932744,0.719932744,0.719932744,0.719932744,,,
05/01/1994,0.723004299,0.723004299,0.723004299,0.723004299,0.723004299,0.723004299,,,
06/01/1994,0.726867125,0.726867125,0.726867125,0.726867125,0.726867125,0.726867125,,,
07/01/1994,0.729722655,0.729722655,0.729722655,0.729722655,0.729722655,0.729722655,,,
08/01/1994,0.733812314,0.733812314,0.733812314,0.733812314,0.733812314,0.733812314,,,
09/01/1994,0.738573161,0.738573161,0.738573161,0.738573161,0.738573161,0.738573161,,,
10/01/1994,0.742746525,0.742746525,0.742746525,0.742746525,0.742746525,0.742746525,,,
11/01/1994,0.748279319,0.748279319,0.748279319,0.748279319,0.748279319,0.748279319,,,
12/01/1994,0.752811013,0.752811013,0.752811013,0.752811013,0.752811013,0.752811013,,,
01/01/1995,0.748856121,0.748856121,0.748856121,0.748856121,0.748856121,0.748856121,,,
02/01/1995,0.744426334,0.744426334,0.744426334,0.744426334,0.744426334,0.744426334,,,
03/01/1995,0.739907018,0.739907018,0.739907018,0.739907018,0.739907018,0.739907018,,,
04/01/1995,0.737246508,0.737246508,0.737246508,0.737246508,0.737246508,0.737246508,,,
05/01/1995,0.739064194,0.739064194,0.739064194,0.739064194,0.739064194,0.739064194,,,
06/01/1995,0.741794139,0.741794139,0.741794139,0.741794139,0.741794139,0.741794139,,,
07/01/1995,0.74406934,0.74406934,0.74406934,0.74406934,0.74406934,0.74406934,,,
08/01/1995,0.747547346,0.747547346,0.747547346,0.747547346,0.747547346,0.747547346,,,
09/01/1995,0.751553926,0.751553926,0.751553926,0.751553926,0.751553926,0.751553926,,,
10/01/1995,0.753661766,0.753661766,0.753661766,0.753661766,0.753661766,0.753661766,,,
11/01/1995,0.755620524,0.755620524,0.755620524,0.755620524,0.755620524,0.755620524,,,
12/01/1995,0.759238536,0.759238536,0.759238536,0.759238536,0.759238536,0.759238536,,,
01/01/1996,0.75921626,0.75921626,0.75921626,0.75921626,0.75921626,0.75921626,,,
02/01/1996,0.757899259,0.757899259,0.757899259,0.757899259,0.757899259,0.757899259,,,
03/01/1996,0.755694722,0.755694722,0.755694722,0.755694722,0.755694722,0.755694722,,,
04/01/1996,0.754037491,0.754037491,0.754037491,0.754037491,0.754037491,0.754037491,,,
05/01/1996,0.754051562,0.754051562,0.754051562,0.754051562,0.754051562,0.754051562,,,
06/01/1996,0.753774448,0.753774448,0.753774448,0.753774448,0.753774448,0.753774448,,,
07/01/1996,0.754898521,0.754898521,0.754898521,0.754898521,0.754898521,0.754898521,,,
08/01/1996,0.752872192,0.752872192,0.752872192,0.752872192,0.752872192,0.752872192,,,
09/01/1996,0.752318299,0.752318299,0.752318299,0.752318299,0.752318299,0.752318299,,,
10/01/1996,0.751848713,0.751848713,0.751848713,0.751848713,0.751848713,0.751848713,,,
11/01/1996,0.752903223,0.752903223,0.752903223,0.752903223,0.752903223,0.752903223,,,
12/01/1996,0.753188286,0.753188286,0.753188286,0.753188286,0.753188286,0.753188286,,,
01/01/1997,0.756915411,0.756915411,0.756915411,0.756915411,0.756915411,0.756915411,,,
02/01/1997,0.759934436,0.759934436,0.759934436,0.759934436,0.759934436,0.759934436,,,
03/01/1997,0.761889407,0.761889407,0.761889407,0.761889407,0.761889407,0.761889407,,,
04/01/1997,0.759562392,0.759562392,0.759562392,0.759562392,0.759562392,0.759562392,,,
05/01/1997,0.75923832,0.75923832,0.75923832,0.75923832,0.75923832,0.75923832,,,
06/01/1997,0.757606372,0.757606372,0.757606372,0.757606372,0.757606372,0.757606372,,,
07/01/1997,0.754778166,0.754778166,0.754778166,0.754778166,0.754778166,0.754778166,,,
08/01/1997,0.753139638,0.753139638,0.753139638,0.753139638,0.753139638,0.753139638,,,
09/01/1997,0.74859246,0.74859246,0.74859246,0.74859246,0.74859246,0.74859246,,,
10/01/1997,0.747218353,0.747218353,0.747218353,0.747218353,0.747218353,0.747218353,,,
11/01/1997,0.744428681,0.744428681,0.744428681,0.744428681,0.744428681,0.744428681,,,
12/01/1997,0.743347134,0.743347134,0.743347134,0.743347134,0.743347134,0.743347134,,,
01/01/1998,0.746106112,0.746106112,0.746106112,0.746106112,0.746106112,0.746106112,,,
02/01/1998,0.751435388,0.751435388,0.751435388,0.751435388,0.751435388,0.751435388,,,
03/01/1998,0.756429151,0.756429151,0.756429151,0.756429151,0.756429151,0.756429151,,,
04/01/1998,0.763292132,0.763292132,0.763292132,0.763292132,0.763292132,0.763292132,,,
05/01/1998,0.768508238,0.768508238,0.768508238,0.768508238,0.768508238,0.768508238,,,
06/01/1998,0.774611203,0.774611203,0.774611203,0.774611203,0.774611203,0.774611203,,,
07/01/1998,0.780664885,0.780664885,0.780664885,0.780664885,0.780664885,0.780664885,,,
08/01/1998,0.787990229,0.787990229,0.787990229,0.787990229,0.787990229,0.787990229,,,
09/01/1998,0.7964266,0.7964266,0.7964266,0.7964266,0.7964266,0.7964266,,,
10/01/1998,0.803383841,0.803383841,0.803383841,0.803383841,0.803383841,0.803383841,,,
11/01/1998,0.811878676,0.811878676,0.811878676,0.811878676,0.811878676,0.811878676,,,
12/01/1998,0.818476151,0.818476151,0.818476151,0.818476151,0.818476151,0.818476151,,,
01/01/1999,0.811543982,0.811543982,0.811543982,0.811543982,0.811543982,0.811543982,,,
02/01/1999,0.79940187,0.79940187,0.79940187,0.79940187,0.79940187,0.79940187,,,
03/01/1999,0.786583481,0.786583481,0.786583481,0.786583481,0.786583481,0.786583481,,,
04/01/1999,0.774437039,0.774437039,0.774437039,0.774437039,0.774437039,0.774437039,,,
05/01/1999,0.772322274,0.772322274,0.772322274,0.772322274,0.772322274,0.772322274,,,
06/01/1999,0.772968206,0.772968206,0.772968206,0.772968206,0.772968206,0.772968206,,,
07/01/1999,0.772996417,0.772996417,0.772996417,0.772996417,0.772996417,0.772996417,,,
08/01/1999,0.773936153,0.773936153,0.773936153,0.773936153,0.773936153,0.773936153,,,
09/01/1999,0.77456552,0.77456552,0.77456552,0.77456552,0.77456552,0.77456552,,,
10/01/1999,0.774313952,0.774313952,0.774313952,0.774313952,0.774313952,0.774313952,,,
11/01/1999,0.774894624,0.774894624,0.774894624,0.774894624,0.774894624,0.774894624,,,
12/01/1999,0.774751084,0.774751084,0.774751084,0.774751084,0.774751084,0.774751084,,,
01/01/2000,0.773098748,0.773098748,0.773098748,0.773098748,0.773098748,0.773098748,,,
02/01/2000,0.771994797,0.771994797,0.771994797,0.771994797,0.771994797,0.771994797,,,
03/01/2000,0.768999705,0.768999705,0.768999705,0.768999705,0.768999705,0.768999705,,,
04/01/2000,0.767647976,0.767647976,0.767647976,0.767647976,0.767647976,0.767647976,,,
05/01/2000,0.76917574,0.76917574,0.76917574,0.76917574,0.76917574,0.76917574,,,
06/01/2000,0.770501913,0.770501913,0.770501913,0.770501913,0.770501913,0.770501913,,,
07/01/2000,0.770658601,0.770658601,0.770658601,0.770658601,0.770658601,0.770658601,,,
08/01/2000,0.77041826,0.77041826,0.77041826,0.77041826,0.77041826,0.77041826,,,
09/01/2000,0.771294435,0.771294435,0.771294435,0.771294435,0.771294435,0.771294435,,,
10/01/2000,0.770801182,0.770801182,0.770801182,0.770801182,0.770801182,0.770801182,,,
11/01/2000,0.771598926,0.771598926,0.771598926,0.771598926,0.771598926,0.771598926,,,
12/01/2000,0.772447165,0.772447165,0.772447165,0.772447165,0.772447165,0.772447165,,,
01/01/2001,0.773750576,0.773750576,0.773750576,0.773750576,0.773750576,0.773750576,,,
02/01/2001,0.775163281,0.775163281,0.775163281,0.775163281,0.775163281,0.775163281,,,
03/01/2001,0.774912458,0.774912458,0.774912458,0.774912458,0.774912458,0.774912458,,,
04/01/2001,0.775355745,0.775355745,0.775355745,0.775355745,0.775355745,0.775355745,,,
05/01/2001,0.77645042,0.77645042,0.77645042,0.77645042,0.77645042,0.77645042,,,
06/01/2001,0.777206656,0.777206656,0.777206656,0.777206656,0.777206656,0.777206656,,,
07/01/2001,0.778033849,0.778033849,0.778033849,0.778033849,0.778033849,0.778033849,,,
08/01/2001,0.777814367,0.777814367,0.777814367,0.777814367,0.777814367,0.777814367,,,
09/01/2001,0.778795501,0.778795501,0.778795501,0.778795501,0.778795501,0.778795501,,,
10/01/2001,0.779881088,0.779881088,0.779881088,0.779881088,0.779881088,0.779881088,,,
11/01/2001,0.779044216,0.779044216,0.779044216,0.779044216,0.779044216,0.779044216,,,
12/01/2001,0.779982559,0.779982559,0.779982559,0.779982559,0.779982559,0.779982559,,,
01/01/2002,0.779132668,0.779132668,0.779132668,0.779132668,0.779132668,0.779132668,,,
02/01/2002,0.779594737,0.779594737,0.779594737,0.779594737,0.779594737,0.779594737,,,
03/01/2002,0.780148219,0.780148219,0.780148219,0.780148219,0.780148219,0.780148219,,,
04/01/2002,0.780200328,0.780200328,0.780200328,0.780200328,0.780200328,0.780200328,,,
05/01/2002,0.780065001,0.780065001,0.780065001,0.780065001,0.780065001,0.780065001,,,
06/01/2002,0.779369268,0.779369268,0.779369268,0.779369268,0.779369268,0.779369268,,,
07/01/2002,0.779406943,0.779406943,0.779406943,0.779406943,0.779406943,0.779406943,,,
08/01/2002,0.779298333,0.779298333,0.779298333,0.779298333,0.779298333,0.779298333,,,
09/01/2002,0.778195141,0.778195141,0.778195141,0.778195141,0.778195141,0.778195141,,,
10/01/2002,0.776364353,0.776364353,0.776364353,0.776364353,0.776364353,0.776364353,,,
11/01/2002,0.775794386,0.775794386,0.775794386,0.775794386,0.775794386,0.775794386,,,
12/01/2002,0.776621399,0.776621399,0.776621399,0.776621399,0.776621399,0.776621399,,,
01/01/2003,0.775155316,0.775155316,0.775155316,0.775155316,0.775155316,0.775155316,,,
02/01/2003,0.773365688,0.773365688,0.773365688,0.773365688,0.773365688,0.773365688,,,
03/01/2003,0.773259725,0.773259725,0.773259725,0.773259725,0.773259725,0.773259725,,,
04/01/2003,0.772941125,0.772941125,0.772941125,0.772941125,0.772941125,0.772941125,,,
05/01/2003,0.773746318,0.773746318,0.773746318,0.773746318,0.773746318,0.773746318,,,
06/01/2003,0.775550806,0.775550806,0.775550806,0.775550806,0.775550806,0.775550806,,,
07/01/2003,0.776658237,0.776658237,0.776658237,0.776658237,0.776658237,0.776658237,,,
08/01/2003,0.776901675,0.776901675,0.776901675,0.776901675,0.776901675,0.776901675,,,
09/01/2003,0.777802409,0.777802409,0.777802409,0.777802409,0.777802409,0.777802409,,,
10/01/2003,0.777012563,0.777012563,0.777012563,0.777012563,0.777012563,0.777012563,,,
11/01/2003,0.778450494,0.778450494,0.778450494,0.778450494,0.778450494,0.778450494,,,
12/01/2003,0.781232917,0.781232917,0.781232917,0.781232917,0.781232917,0.781232917,,,
01/01/2004,0.78623759,0.78623759,0.78623759,0.78623759,0.78623759,0.78623759,,,
02/01/2004,0.79114938,0.79114938,0.79114938,0.79114938,0.79114938,0.79114938,,,
03/01/2004,0.796648263,0.796648263,0.796648263,0.796648263,0.796648263,0.796648263,,,
04/01/2004,0.802035512,0.802035512,0.802035512,0.802035512,0.802035512,0.802035512,,,
05/01/2004,0.808219844,0.808219844,0.808219844,0.808219844,0.808219844,0.808219844,,,
06/01/2004,0.811776989,0.811776989,0.811776989,0.811776989,0.811776989,0.811776989,,,
07/01/2004,0.816495509,0.816495509,0.816495509,0.816495509,0.816495509,0.816495509,,,
08/01/2004,0.81997181,0.81997181,0.81997181,0.81997181,0.81997181,0.81997181,,,
09/01/2004,0.823371269,0.823371269,0.823371269,0.823371269,0.823371269,0.823371269,,,
10/01/2004,0.827444272,0.827444272,0.827444272,0.827444272,0.827444272,0.827444272,,,
11/01/2004,0.830806957,0.830806957,0.830806957,0.830806957,0.830806957,0.830806957,,,
12/01/2004,0.833072808,0.833072808,0.833072808,0.833072808,0.833072808,0.833072808,,,
01/01/2005,0.835166001,0.835166001,0.835166001,0.835166001,0.835166001,0.835166001,,,
02/01/2005,0.83936185,0.83936185,0.83936185,0.83936185,0.83936185,0.83936185,,,
03/01/2005,0.842396991,0.842396991,0.842396991,0.842396991,0.842396991,0.842396991,,,
04/01/2005,0.841732658,0.841732658,0.841732658,0.841732658,0.841732658,0.841732658,,,
05/01/2005,0.830921007,0.830921007,0.830921007,0.830921007,0.830921007,0.830921007,,,
06/01/2005,0.819254172,0.819254172,0.819254172,0.819254172,0.819254172,0.819254172,,,
07/01/2005,0.805589964,0.805589964,0.805589964,0.805589964,0.805589964,0.805589964,,,
08/01/2005,0.790531866,0.790531866,0.790531866,0.790531866,0.790531866,0.790531866,,,
09/01/2005,0.774767852,0.774767852,0.774767852,0.774767852,0.774767852,0.774767852,,,
10/01/2005,0.758810085,0.758810085,0.758810085,0.758810085,0.758810085,0.758810085,,,
11/01/2005,0.74290117,0.74290117,0.74290117,0.74290117,0.74290117,0.74290117,,,
12/01/2005,0.72745542,0.72745542,0.72745542,0.72745542,0.72745542,0.72745542,,,
01/01/2006,0.7200311,0.7200311,0.7200311,0.7200311,0.7200311,0.7200311,,,
02/01/2006,0.717070465,0.717070465,0.717070465,0.717070465,0.717070465,0.717070465,,,
03/01/2006,0.714725462,0.714725462,0.714725462,0.714725462,0.714725462,0.714725462,,,
04/01/2006,0.720210863,0.720210863,0.720210863,0.720210863,0.720210863,0.720210863,,,
05/01/2006,0.728980628,0.728980628,0.728980628,0.728980628,0.728980628,0.728980628,,,
06/01/2006,0.738860558,0.738860558,0.738860558,0.738860558,0.738860558,0.738860558,,,
07/01/2006,0.74907401,0.74907401,0.74907401,0.74907401,0.74907401,0.74907401,,,
08/01/2006,0.759007878,0.759007878,0.759007878,0.759007878,0.759007878,0.759007878,,,
09/01/2006,0.770375666,0.770375666,0.770375666,0.770375666,0.770375666,0.770375666,,,
10/01/2006,0.780815148,0.780815148,0.780815148,0.780815148,0.780815148,0.780815148,,,
11/01/2006,0.793051177,0.793051177,0.793051177,0.793051177,0.793051177,0.793051177,,,
12/01/2006,0.80445505,0.80445505,0.80445505,0.80445505,0.80445505,0.80445505,,,
01/01/2007,0.817387505,0.817387505,0.817387505,0.817387505,0.817387505,0.817387505,,,
02/01/2007,0.832202821,0.832202821,0.832202821,0.832202821,0.832202821,0.832202821,,,
03/01/2007,0.846299273,0.846299273,0.846299273,0.846299273,0.846299273,0.846299273,,,
04/01/2007,0.858400559,0.858400559,0.858400559,0.858400559,0.858400559,0.858400559,,,
05/01/2007,0.860947258,0.860947258,0.860947258,0.860947258,0.860947258,0.860947258,,,
06/01/2007,0.860978975,0.860978975,0.860978975,0.860978975,0.860978975,0.860978975,,,
07/01/2007,0.859301198,0.859301198,0.859301198,0.859301198,0.859301198,0.859301198,,,
08/01/2007,0.85822458,0.85822458,0.85822458,0.85822458,0.85822458,0.85822458,,,
09/01/2007,0.856186286,0.856186286,0.856186286,0.856186286,0.856186286,0.856186286,,,
10/01/2007,0.854779669,0.854779669,0.854779669,0.854779669,0.854779669,0.854779669,,,
11/01/2007,0.853235625,0.853235625,0.853235625,0.853235625,0.853235625,0.853235625,,,
12/01/2007,0.850034026,0.850034026,0.850034026,0.850034026,0.850034026,0.850034026,,,
01/01/2008,0.848450058,0.848450058,0.848450058,0.848450058,0.848450058,0.848450058,,,
02/01/2008,0.856002091,0.856002091,0.856002091,0.856002091,0.856002091,0.856002091,,,
03/01/2008,0.864869139,0.864869139,0.864869139,0.864869139,0.864869139,0.864869139,,,
04/01/2008,0.875555659,0.875555659,0.875555659,0.875555659,0.875555659,0.875555659,,,
05/01/2008,0.883483,0.883483,0.883483,0.883483,0.883483,0.883483,,,
06/01/2008,0.885475017,0.885475017,0.885475017,0.885475017,0.885475017,0.885475017,,,
07/01/2008,0.887420225,0.887420225,0.887420225,0.887420225,0.887420225,0.887420225,,,
08/01/2008,0.88883426,0.88883426,0.88883426,0.88883426,0.88883426,0.88883426,,,
09/01/2008,0.890105939,0.890105939,0.890105939,0.890105939,0.890105939,0.890105939,,,
10/01/2008,0.891060502,0.891060502,0.891060502,0.891060502,0.891060502,0.891060502,,,
11/01/2008,0.891756298,0.891756298,0.891756298,0.891756298,0.891756298,0.891756298,,,
12/01/2008,0.89147607,0.89147607,0.89147607,0.89147607,0.89147607,0.89147607,,,
01/01/2009,0.891910179,0.891910179,0.891910179,0.891910179,0.891910179,0.891910179,,,
02/01/2009,0.892447199,0.892447199,0.892447199,0.892447199,0.892447199,0.892447199,,,
03/01/2009,0.893406736,0.893406736,0.893406736,0.893406736,0.893406736,0.893406736,,,
04/01/2009,0.89466229,0.89466229,0.89466229,0.89466229,0.89466229,0.89466229,,,
05/01/2009,0.898451843,0.898451843,0.898451843,0.898451843,0.898451843,0.898451843,,,
06/01/2009,0.902802517,0.902802517,0.902802517,0.902802517,0.902802517,0.902802517,,,
07/01/2009,0.90787972,0.90787972,0.90787972,0.90787972,0.90787972,0.90787972,,,
08/01/2009,0.913324089,0.913324089,0.913324089,0.913324089,0.913324089,0.913324089,,,
09/01/2009,0.918361299,0.918361299,0.918361299,0.918361299,0.918361299,0.918361299,,,
10/01/2009,0.924446722,0.924446722,0.924446722,0.924446722,0.924446722,0.924446722,,,
11/01/2009,0.932183928,0.932183928,0.932183928,0.932183928,0.932183928,0.932183928,,,
12/01/2009,0.943947668,0.943947668,0.943947668,0.943947668,0.943947668,0.943947668,,,
01/01/2010,0.947102659,0.947102659,0.947102659,0.947102659,0.947102659,0.947102659,,,
02/01/2010,0.947470886,0.947470886,0.947470886,0.947470886,0.947470886,0.947470886,,,
03/01/2010,0.947217134,0.947217134,0.947217134,0.947217134,0.947217134,0.947217134,,,
04/01/2010,0.945356144,0.945356144,0.945356144,0.945356144,0.945356144,0.945356144,,,
05/01/2010,0.943170289,0.943170289,0.943170289,0.943170289,0.943170289,0.943170289,,,
06/01/2010,0.943477621,0.943477621,0.943477621,0.943477621,0.943477621,0.943477621,,,
07/01/2010,0.944633437,0.944633437,0.944633437,0.944633437,0.944633437,0.944633437,,,
08/01/2010,0.945597627,0.945597627,0.945597627,0.945597627,0.945597627,0.945597627,,,
09/01/2010,0.945842733,0.945842733,0.945842733,0.945842733,0.945842733,0.945842733,,,
10/01/2010,0.946702877,0.946702877,0.946702877,0.946702877,0.946702877,0.946702877,,,
11/01/2010,0.946894969,0.946894969,0.946894969,0.946894969,0.946894969,0.946894969,,,
12/01/2010,0.946985211,0.946985211,0.946985211,0.946985211,0.946985211,0.946985211,,,
01/01/2011,0.947610091,0.947610091,0.947610091,0.947610091,0.947610091,0.947610091,,,
02/01/2011,0.948232901,0.948232901,0.948232901,0.948232901,0.948232901,0.948232901,,,
03/01/2011,0.947614869,0.947614869,0.947614869,0.947614869,0.947614869,0.947614869,,,
04/01/2011,0.948052438,0.948052438,0.948052438,0.948052438,0.948052438,0.948052438,,,
05/01/2011,0.949114188,0.949114188,0.949114188,0.949114188,0.949114188,0.949114188,,,
06/01/2011,0.950008171,0.950008171,0.950008171,0.950008171,0.950008171,0.950008171,,,
07/01/2011,0.950984486,0.950984486,0.950984486,0.950984486,0.950984486,0.950984486,,,
08/01/2011,0.951334922,0.951334922,0.951334922,0.951334922,0.951334922,0.951334922,,,
09/01/2011,0.951968456,0.951968456,0.951968456,0.951968456,0.951968456,0.951968456,,,
10/01/2011,0.953341509,0.953341509,0.953341509,0.953341509,0.953341509,0.953341509,,,
11/01/2011,0.954280013,0.954280013,0.954280013,0.954280013,0.954280013,0.954280013,,,
12/01/2011,0.955475903,0.955475903,0.955475903,0.955475903,0.955475903,0.955475903,,,
01/01/2012,0.956704237,0.956704237,0.956704237,0.956704237,0.956704237,0.956704237,,,
02/01/2012,0.956993772,0.956993772,0.956993772,0.956993772,0.956993772,0.956993772,,,
03/01/2012,0.958599514,0.958599514,0.958599514,0.958599514,0.958599514,0.958599514,,,
04/01/2012,0.958703806,0.958703806,0.958703806,0.958703806,0.958703806,0.958703806,,,
05/01/2012,0.961354968,0.961354968,0.961354968,0.961354968,0.961354968,0.961354968,,,
06/01/2012,0.962411943,0.962411943,0.962411943,0.962411943,0.962411943,0.962411943,,,
07/01/2012,0.962962425,0.962962425,0.962962425,0.962962425,0.962962425,0.962962425,,,
08/01/2012,0.963930352,0.963930352,0.963930352,0.963930352,0.963930352,0.963930352,,,
09/01/2012,0.965298425,0.965298425,0.965298425,0.965298425,0.965298425,0.965298425,,,
10/01/2012,0.966794131,0.966794131,0.966794131,0.966794131,0.966794131,0.966794131,,,
11/01/2012,0.967387587,0.967387587,0.967387587,0.967387587,0.967387587,0.967387587,,,
12/01/2012,0.969089637,0.969089637,0.969089637,0.969089637,0.969089637,0.969089637,,,
01/01/2013,0.97058304,0.97058304,0.97058304,0.97058304,0.97058304,0.97058304,,,
02/01/2013,0.971862998,0.971862998,0.971862998,0.971862998,0.971862998,0.971862998,,,
03/01/2013,0.973724613,0.973724613,0.973724613,0.973724613,0.973724613,0.973724613,,,
04/01/2013,0.975735605,0.975735605,0.975735605,0.975735605,0.975735605,0.975735605,,,
05/01/2013,0.97800858,0.97800858,0.97800858,0.97800858,0.97800858,0.97800858,,,
06/01/2013,0.988967305,0.988967305,0.988967305,0.988967305,0.988967305,0.988967305,,,
07/01/2013,1.010374132,1.010374132,1.010374132,1.010374132,1.010374132,1.010374132,,,
08/01/2013,1.029603383,1.029603383,1.029603383,1.029603383,1.029603383,1.029603383,,,
09/01/2013,1.047226631,1.047226631,1.047226631,1.047226631,1.047226631,1.047226631,,,
10/01/2013,1.069303888,1.069303888,1.069303888,1.069303888,1.069303888,1.069303888,,,
11/01/2013,1.092766539,1.092766539,1.092766539,1.092766539,1.092766539,1.092766539,,,
12/01/2013,1.113116195,1.113116195,1.113116195,1.113116195,1.113116195,1.113116195,,,
01/01/2014,1.140184378,1.140184378,1.140184378,1.140184378,1.140184378,1.140184378,,,
02/01/2014,1.156392063,1.156392063,1.156392063,1.156392063,1.156392063,1.156392063,,,
03/01/2014,1.181349723,1.181349723,1.181349723,1.181349723,1.181349723,1.181349723,,,
04/01/2014,1.205276106,1.205276106,1.205276106,1.205276106,1.205276106,1.205276106,,,
05/01/2014,1.226469503,1.226469503,1.226469503,1.226469503,1.226469503,1.226469503,,,
06/01/2014,1.249664616,1.249664616,1.249664616,1.249664616,1.249664616,1.249664616,,,
07/01/2014,1.273730303,1.273730303,1.273730303,1.273730303,1.273730303,1.273730303,,,
08/01/2014,1.299135209,1.299135209,1.299135209,1.299135209,1.299135209,1.299135209,,,
09/01/2014,1.323404725,1.323404725,1.323404725,1.323404725,1.323404725,1.323404725,,,
10/01/2014,1.355758295,1.355758295,1.355758295,1.355758295,1.355758295,1.355758295,,,
11/01/2014,1.381871566,1.381871566,1.381871566,1.381871566,1.381871566,1.381871566,,,
12/01/2014,1.408468418,1.408468418,1.408468418,1.408468418,1.408468418,1.408468418,,,
01/01/2015,1.436700744,1.436700744,1.436700744,1.436700744,1.436700744,1.436700744,,,
02/01/2015,1.466817502,1.466817502,1.466817502,1.466817502,1.466817502,1.466817502,,,
03/01/2015,1.48980503,1.48980503,1.48980503,1.48980503,1.48980503,1.48980503,,,
04/01/2015,1.514829471,1.514829471,1.514829471,1.514829471,1.514829471,1.514829471,,,
05/01/2015,1.540304196,1.540304196,1.540304196,1.540304196,1.540304196,1.540304196,,,
06/01/2015,1.567525517,1.567525517,1.567525517,1.567525517,1.567525517,1.567525517,,,
07/01/2015,1.59061988,1.59061988,1.59061988,1.59061988,1.59061988,1.59061988,,,
08/01/2015,1.620310185,1.620310185,1.620310185,1.620310185,1.620310185,1.620310185,,,
09/01/2015,1.649362373,1.649362373,1.649362373,1.649362373,1.649362373,1.649362373,,,
10/01/2015,1.681022305,1.681022305,1.681022305,1.681022305,1.681022305,1.681022305,,,
11/01/2015,1.720079911,1.720079911,1.720079911,1.720079911,1.720079911,1.720079911,,,
12/01/2015,1.755093118,1.755093118,1.755093118,1.755093118,1.755093118,1.755093118,,,
01/01/2016,1.788071832,1.788071832,1.788071832,1.788071832,1.788071832,1.788071832,,,
02/01/2016,1.807127421,1.807127421,1.807127421,1.807127421,1.807127421,1.807127421,,,
03/01/2016,1.819838106,1.819838106,1.819838106,1.819838106,1.819838106,1.819838106,,,
04/01/2016,1.8328449,1.8328449,1.8328449,1.8328449,1.8328449,1.8328449,,,
05/01/2016,1.843533673,1.843533673,1.843533673,1.843533673,1.843533673,1.843533673,,,
06/01/2016,1.862357709,1.862357709,1.862357709,1.862357709,1.862357709,1.862357709,,,
07/01/2016,1.885489451,1.885489451,1.885489451,1.885489451,1.885489451,1.885489451,,,
08/01/2016,1.90535092,1.90535092,1.90535092,1.90535092,1.90535092,1.90535092,,,
09/01/2016,1.926136293,1.926136293,1.926136293,1.926136293,1.926136293,1.926136293,,,
10/01/2016,1.95170856,1.95170856,1.95170856,1.95170856,1.95170856,1.95170856,,,
11/01/2016,1.988059331,1.988059331,1.988059331,1.988059331,1.988059331,1.988059331,,,
12/01/2016,2.025422507,2.025422507,2.025422507,2.025422507,2.025422507,2.025422507,,,
01/01/2017,2.05628282,2.05628282,2.05628282,2.05628282,2.05628282,2.05628282,,,
02/01/2017,2.079908964,2.079908964,2.079908964,2.079908964,2.079908964,2.079908964,,,
03/01/2017,2.100952298,2.100952298,2.100952298,2.100952298,2.100952298,2.100952298,,,
04/01/2017,2.124769939,2.124769939,2.124769939,2.124769939,2.124769939,2.124769939,,,
05/01/2017,2.137930435,2.137930435,2.137930435,2.137930435,2.137930435,2.137930435,,,
06/01/2017,2.153233199,2.153233199,2.153233199,2.153233199,2.153233199,2.153233199,,,
07/01/2017,2.171328369,2.171328369,2.171328369,2.171328369,2.171328369,2.171328369,,,
08/01/2017,2.198368708,2.198368708,2.198368708,2.198368708,2.198368708,2.198368708,,,
09/01/2017,2.222830884,2.222830884,2.222830884,2.222830884,2.222830884,2.222830884,,,
10/01/2017,2.251779064,2.251779064,2.251779064,2.251779064,2.251779064,2.251779064,,,
11/01/2017,2.281082664,2.281082664,2.281082664,2.281082664,2.281082664,2.281082664,,,
12/01/2017,2.313023456,2.313023456,2.313023456,2.313023456,2.313023456,2.313023456,,,
01/01/2018,2.336782224,2.336782224,2.336782224,2.336782224,2.336782224,2.336782224,,,
02/01/2018,2.358437582,2.358437582,2.358437582,2.358437582,2.358437582,2.358437582,,,
03/01/2018,2.378706649,2.378706649,2.378706649,2.378706649,2.378706649,2.378706649,,,
04/01/2018,2.399798009,2.399798009,2.399798009,2.399798009,2.399798009,2.399798009,,,
05/01/2018,2.420006126,2.420006126,2.420006126,2.420006126,2.420006126,2.420006126,,,
06/01/2018,2.444961208,2.444961208,2.444961208,2.444961208,2.444961208,2.444961208,,,
07/01/2018,2.467060096,2.467060096,2.467060096,2.467060096,2.467060096,2.467060096,,,
08/01/2018,2.488671372,2.488671372,2.488671372,2.488671372,2.488671372,2.488671372,,,
09/01/2018,2.509260323,2.509260323,2.509260323,2.509260323,2.509260323,2.509260323,,,
10/01/2018,2.530446935,2.530446935,2.530446935,2.530446935,2.530446935,2.530446935,,,
11/01/2018,2.555292901,2.555292901,2.555292901,2.555292901,2.555292901,2.555292901,,,
12/01/2018,2.570455374,2.570455374,2.570455374,2.570455374,2.570455374,2.570455374,,,
01/01/2019,2.586526658,2.586526658,2.586526658,2.586526658,2.586526658,2.586526658,,,
02/01/2019,2.604938832,2.604938832,2.604938832,2.604938832,2.604938832,2.604938832,,,
03/01/2019,2.62406753,2.62406753,2.62406753,2.62406753,2.62406753,2.62406753,,,
04/01/2019,2.645547961,2.645547961,2.645547961,2.645547961,2.645547961,2.645547961,,,
05/01/2019,2.6664165,2.6664165,2.6664165,2.6664165,2.6664165,2.6664165,,,
06/01/2019,2.678207592,2.678207592,2.678207592,2.678207592,2.678207592,2.678207592,,,
07/01/2019,2.68526048,2.68526048,2.68526048,2.68526048,2.68526048,2.68526048,,,
08/01/2019,2.690263065,2.690263065,2.690263065,2.690263065,2.690263065,2.690263065,,,
09/01/2019,2.692467444,2.692467444,2.692467444,2.692467444,2.692467444,2.692467444,,,
10/01/2019,2.694326246,2.694326246,2.694326246,2.694326246,2.694326246,2.694326246,,,
11/01/2019,2.694074497,2.694074497,2.694074497,2.694074497,2.694074497,2.694074497,,,
12/01/2019,2.692573668,2.692573668,2.692573668,2.692573668,2.692573668,2.692573668,,,
01/01/2020,2.69949926,2.69949926,2.69949926,2.69949926,2.69949926,2.69949926,,,
02/01/2020,2.711354467,2.711354467,2.711354467,2.711354467,2.711354467,2.711354467,,,
03/01/2020,2.725594056,2.725594056,2.725594056,2.725594056,2.725594056,2.725594056,,,
04/01/2020,2.746588209,2.746588209,2.746588209,2.746588209,2.746588209,2.746588209,,,
05/01/2020,2.779043754,2.779043754,2.779043754,2.779043754,2.779043754,2.779043754,,,
06/01/2020,2.801586774,2.801586774,2.801586774,2.801586774,2.801586774,2.801586774,,,
07/01/2020,2.821681735,2.821681735,2.821681735,2.821681735,2.821681735,2.821681735,,,
08/01/2020,2.844418814,2.844418814,2.844418814,2.844418814,2.844418814,2.844418814,,,
09/01/2020,2.863204723,2.863204723,2.863204723,2.863204723,2.863204723,2.863204723,,,
10/01/2020,2.881697473,2.881697473,2.881697473,2.881697473,2.881697473,2.881697473,,,
11/01/2020,2.899186372,2.899186372,2.899186372,2.899186372,2.899186372,2.899186372,,,
12/01/2020,2.915758486,2.915758486,2.915758486,2.915758486,2.915758486,2.915758486,,,
01/01/2021,2.934482012,2.934482012,2.934482012,2.934482012,2.934482012,2.934482012,,,
02/01/2021,2.951126708,2.951126708,2.951126708,2.951126708,2.951126708,2.951126708,,,
03/01/2021,2.965606536,2.965606536,2.965606536,2.965606536,2.965606536,2.965606536,,,
04/01/2021,2.983538077,2.983538077,2.983538077,2.983538077,2.983538077,2.983538077,,,
05/01/2021,3.000241342,3.000241342,3.000241342,3.000241342,3.000241342,3.000241342,,,
06/01/2021,3.019752016,3.019752016,3.019752016,3.019752016,3.019752016,3.019752016,,,
07/01/2021,3.037589862,3.037589862,3.037589862,3.037589862,3.037589862,3.037589862,,,
08/01/2021,3.056777837,3.056777837,3.056777837,3.056777837,3.056777837,3.056777837,,,
09/01/2021,3.073341203,3.073341203,3.073341203,3.073341203,3.073341203,3.073341203,,,
10/01/2021,3.091860338,3.091860338,3.091860338,3.091860338,3.091860338,3.091860338,,,
11/01/2021,3.1112306,3.1112306,3.1112306,3.1112306,3.1112306,3.1112306,,,
12/01/2021,3.132955621,3.132955621,3.132955621,3.132955621,3.132955621,3.132955621,,,
01/01/2022,3.15231264,3.15231264,3.15231264,3.15231264,3.15231264,3.15231264,,,
02/01/2022,3.172585236,3.172585236,3.172585236,3.172585236,3.172585236,3.172585236,,,
03/01/2022,3.192962835,3.192962835,3.192962835,3.192962835,3.192962835,3.192962835,,,
04/01/2022,3.218691055,3.218691055,3.218691055,3.218691055,3.218691055,3.218691055,,,
05/01/2022,3.24320487,3.24320487,3.24320487,3.24320487,3.24320487,3.24320487,,,
06/01/2022,3.265732672,3.265732672,3.265732672,3.265732672,3.265732672,3.265732672,,,
07/01/2022,3.290781698,3.290781698,3.290781698,3.290781698,3.290781698,3.290781698,,,
08/01/2022,3.314845989,3.314845989,3.314845989,3.314845989,3.314845989,3.314845989,,,
09/01/2022,3.342335269,3.342335269,3.342335269,3.342335269,3.342335269,3.342335269,,,
10/01/2022,3.365534155,3.365534155,3.365534155,3.365534155,3.365534155,3.365534155,,,
11/01/2022,3.387151701,3.387151701,3.387151701,3.387151701,3.387151701,3.387151701,,,
12/01/2022,3.411843986,3.411843986,3.411843986,3.411843986,3.411843986,3.411843986,,,
01/01/2023,3.434913908,3.434913908,3.434913908,3.434913908,3.434913908,3.434913908,,,
02/01/2023,3.458270397,3.458270397,3.458270397,3.458270397,3.458270397,3.458270397,,,
03/01/2023,3.47910673,3.47910673,3.47910673,3.47910673,3.47910673,3.47910673,,,
04/01/2023,3.499860983,3.499860983,3.499860983,3.499860983,3.499860983,3.499860983,,,
05/01/2023,3.520319337,3.520319337,3.520319337,3.520319337,3.520319337,3.520319337,,,
06/01/2023,3.542553785,3.542553785,3.542553785,3.542553785,3.542553785,3.542553785,,,
07/01/2023,3.562729747,3.562729747,3.562729747,3.562729747,3.562729747,3.562729747,,,
08/01/2023,3.580856021,3.580856021,3.580856021,3.580856021,3.580856021,3.580856021,,,
09/01/2023,3.600952268,3.600952268,3.600952268,3.600952268,3.600952268,3.600952268,,,
10/01/2023,3.622179037,3.622179037,3.622179037,3.622179037,3.622179037,3.622179037,,,
11/01/2023,3.645097213,3.645097213,3.645097213,3.645097213,3.645097213,3.645097213,,,
12/01/2023,3.664203601,3.664203601,3.664203601,3.664203601,3.664203601,3.664203601,,,
01/01/2024,3.672755144,3.672755144,3.672755144,3.672755144,3.672755144,3.672755144,,,
02/01/2024,3.682340114,3.682340114,3.682340114,3.685804562,3.637738202,3.684961095,,,
03/01/2024,3.693040937,3.693040937,3.693040937,3.697922527,3.639398044,3.695927445,,,
04/01/2024,3.704437144,3.704437144,3.704437144,3.710769671,3.641904779,3.707545944,,,
05/01/2024,3.710877498,3.710877498,3.710877498,3.723121906,3.644419676,3.718716535,,,
06/01/2024,3.715969061,3.715969061,3.715969061,3.735788087,3.647023155,3.730177886,,,
07/01/2024,3.719612891,3.719612891,3.719612891,3.74794836,3.649532865,3.741190146,,,
08/01/2024,3.722095501,3.722095501,3.722095501,3.760405987,3.652112194,3.752481861,,,
09/01/2024,3.723432203,3.723432203,3.723432203,3.772753975,3.654676915,3.763684601,,,
10/01/2024,3.723733846,3.723733846,3.723733846,3.784601707,3.657145664,3.77444228,,,
11/01/2024,3.723058073,3.723058073,3.723058073,3.796735657,3.659683961,3.785468913,,,
12/01/2024,3.721647379,3.721647379,3.721647379,3.808376379,3.662128838,3.796055778,,,
01/01/2025,3.719582486,3.719582486,3.719582486,3.820296447,3.664642575,3.80693206,,,
02/01/2025,3.717039857,3.717039857,3.717039857,3.832109511,3.667144635,3.817749397,,,
03/01/2025,3.714405604,3.714405604,3.714405604,3.842692939,3.669395082,3.827465521,,,
04/01/2025,3.711155436,3.711155436,3.711155436,3.854305578,3.671875242,3.83815092,,,
05/01/2025,3.707733545,3.707733545,3.711091427,3.865446317,3.674264575,3.848421147,,,
06/01/2025,3.703938616,3.703938616,3.711742367,3.87685591,3.676722463,3.858956779,,,
07/01/2025,3.70004195,3.70004195,3.712514626,3.887802415,3.679090597,3.869079165,,,
08/01/2025,3.695794604,3.695794604,3.713383128,3.899014049,3.681526946,3.879460289,,,
09/01/2025,3.691346587,3.691346587,3.71428625,3.910127352,3.683955455,3.889762518,,,
10/01/2025,3.686871349,3.686871349,3.715176289,3.920790946,3.686298341,3.899658153,,,
11/01/2025,3.682080566,3.682843825,3.716104466,3.931713879,3.688711133,3.909804376,,,
12/01/2025,3.677302077,3.682046104,3.717006623,3.942195329,3.691038036,3.919549034,,,
01/01/2026,3.672226529,3.681593104,3.717940934,3.952935935,3.693434029,3.929539856,,,
02/01/2026,3.667023569,3.681337135,3.718876274,3.963618607,3.695821721,3.939452809,,,
03/01/2026,3.662226166,3.681207188,3.719721035,3.973210904,3.697971213,3.948342909,,,
04/01/2026,3.656802567,3.681145956,3.720656221,3.983755975,3.700342796,3.958108802,,,
05/01/2026,3.651453993,3.681141562,3.721560281,3.99388808,3.702629698,3.967487751,,,
06/01/2026,3.645826807,3.681181644,3.72249404,4.004279399,3.704985044,3.977105734,,,
07/01/2026,3.640290588,3.681252507,3.723396379,4.014259679,3.707256291,3.98634317,,,
08/01/2026,3.634478045,3.681353968,3.724327928,4.024492371,3.709595339,3.995814728,,,
09/01/2026,3.628986122,3.681477981,3.725257637,4.034643757,3.711925683,4.005212161,,,
10/01/2026,3.627227507,3.681616607,3.726156318,4.044392912,3.71417356,4.014238592,,,
11/01/2026,3.625866973,3.68177639,3.727083249,4.054387269,3.716488153,4.023493603,,,
12/01/2026,3.624797194,3.681944424,3.727978565,4.063985912,3.718720391,4.032382912,,,
01/01/2027,3.623865979,3.682130796,3.728902061,4.073827759,3.721019136,4.041498662,,,
02/01/2027,3.62306007,3.68232841,3.729823836,4.083593104,3.723310074,4.050545441,,,
03/01/2027,3.622412351,3.682515493,3.730655313,4.092352088,3.725373367,4.058660928,,,
04/01/2027,3.621772803,3.682730888,3.731573307,4.101973434,3.727649309,4.067576905,,,
05/01/2027,3.621215331,3.682947263,3.732460246,4.111214963,3.729845038,4.076142398,,,
06/01/2027,3.620694514,3.683177775,3.733374421,4.120690228,3.73210599,4.084926213,,,
07/01/2027,3.620235894,3.68340728,3.734257452,4.129791609,3.734287187,4.093365054,,,
08/01/2027,3.619804272,3.683650262,3.735167669,4.139123757,3.736533404,4.102019658,,,
09/01/2027,3.61941032,3.683898578,3.736075671,4.148384074,3.738772881,4.110609498,,,
10/01/2027,3.61906128,3.684143887,3.736952714,4.157279808,3.740933733,4.118862841,,,
11/01/2027,3.618730991,3.684401619,3.73785672,4.166401483,3.743159006,4.127327719,,,
12/01/2027,3.618438102,3.684655392,3.738730386,4.17516466,3.745306193,4.135461617,,,
01/01/2028,3.618161223,3.684921622,3.739631581,4.184151791,3.747517907,4.143805196,,,
02/01/2028,3.61790783,3.685191262,3.740530952,4.193071148,3.7497225,4.152087737,,,
03/01/2028,3.617690057,3.68544649,3.741370874,4.201356641,3.751778791,4.159783308,,,
04/01/2028,3.617477835,3.685722662,3.742267199,4.210147949,3.753970211,4.16795048,,,
05/01/2028,3.617290153,3.68599255,3.743132892,4.218594656,3.756084493,4.175799202,,,
06/01/2028,3.617113758,3.686273975,3.744025504,4.227258352,3.758262389,4.18385139,,,
07/01/2028,3.616958632,3.686548713,3.744887667,4.235582997,3.760363729,4.191590244,,,
08/01/2028,3.616813531,3.686834611,3.745776402,4.24412198,3.762528576,4.199530013,,,
09/01/2028,3.616683332,3.687122968,3.746663565,4.252599183,3.764687713,4.207414169,,,
10/01/2028,3.616569939,3.687403668,3.747520108,4.260745141,3.766770939,4.21499194,,,
11/01/2028,3.616465625,3.687695476,3.748403197,4.269101866,3.768917108,4.222767544,,,
12/01/2028,3.616376289,3.687979705,3.749256164,4.277133134,3.770988291,4.230241948,,,
01/01/2029,3.6162951,3.688274588,3.750135228,4.285372349,3.773121813,4.237926689,,,
02/01/2029,3.616225503,3.688571624,3.751012997,4.293554036,3.775249774,4.245574146,,,
03/01/2029,3.616170762,3.688840696,3.751803896,4.300896489,3.777166453,4.252446565,,,
04/01/2029,3.616120021,3.689139981,3.75267757,4.308968631,3.77928241,4.260010445,,,
05/01/2029,3.616079464,3.689430519,3.753521219,4.316727391,3.781324266,4.267286874,,,
06/01/2029,3.616045978,3.6897314,3.75439045,4.324688357,3.783427711,4.274758284,,,
07/01/2029,3.6160217,3.690023768,3.755230035,4.332341163,3.785457947,4.281944764,,,
08/01/2029,3.61600431,3.690326577,3.756095349,4.340194211,3.78754964,4.289323193,,,
09/01/2029,3.615995036,3.690630621,3.756959187,4.347994246,3.789635977,4.296655335,,,
10/01/2029,3.615992408,3.690925652,3.757792899,4.355492566,3.79164917,4.303706773,,,
11/01/2029,3.615996812,3.69123115,3.758652661,4.363188782,3.793723981,4.31094719,,,
12/01/2029,3.616007277,3.691527474,3.759482912,4.370588468,3.795726632,4.317911115,,,
01/01/2030,3.616023635,3.691833606,3.760338204,4.378182794,3.797789729,4.325060618,,,
02/01/2030,3.616046148,3.692140487,3.76119174,4.385726734,3.799847445,4.332164983,,,
03/01/2030,3.61607103,3.692418078,3.761961045,4.392499854,3.801701469,4.338545209,,,
04/01/2030,3.616103433,3.692725117,3.762810094,4.399948143,3.803747887,4.345563427,,,
05/01/2030,3.616140156,3.693023264,3.763630545,4.40711115,3.805723791,4.352314708,,,
06/01/2030,3.616182488,3.693331196,3.764475885,4.414464076,3.807759625,4.359246821,,,
07/01/2030,3.616227948,3.693629563,3.765292214,4.421535232,3.809724837,4.36591497,,,
08/01/2030,3.616279315,3.693938111,3.766133745,4.428794898,3.811750177,4.372762599,,,
09/01/2030,3.616334697,3.694246617,3.766973075,4.436007624,3.813769963,4.379567586,,,
10/01/2030,3.616391822,3.694545082,3.767783247,4.442944265,3.815719392,4.386113428,,,
11/01/2030,3.616454986,3.694853906,3.768618733,4.450066614,3.817728837,4.392836338,,,
12/01/2030,3.61651962,3.695152916,3.769425494,4.456917352,3.819668666,4.399304183,,,
01/01/2031,3.616589343,3.695461401,3.770256646,4.463951173,3.82166745,4.405946298,,,
02/01/2031,3.616662752,3.695770251,3.771086173,4.470941412,3.823661439,4.412548702,,,
03/01/2031,3.616731372,3.696048927,3.771833555,4.477219318,3.825458031,4.418479406,,,
04/01/2031,3.616810253,3.696357295,3.772658928,4.48412663,3.827442143,4.42500605,,,
05/01/2031,3.616889497,3.696655865,3.773456038,4.490771505,3.829358255,4.431285972,,,
06/01/2031,3.616974065,3.696964074,3.774277694,4.497595805,3.831333734,4.437736748,,,
07/01/2031,3.617058389,3.69726237,3.775071042,4.504161149,3.833241839,4.443943914,,,
08/01/2031,3.617148079,3.697570464,3.775888939,4.510904488,3.835209662,4.450320581,,,
09/01/2031,3.617239451,3.697877871,3.776704222,4.517606208,3.837172796,4.4566591,,,
10/01/2031,3.617329879,3.698175303,3.77749138,4.524053683,3.839068639,4.46275828,,,
11/01/2031,3.617425664,3.698482403,3.778303658,4.530676395,3.841023719,4.469024417,,,
12/01/2031,3.617520305,3.698779765,3.779088203,4.537048611,3.842911862,4.475054624,,,
01/01/2032,3.617620109,3.699086977,3.779897314,4.543594398,3.844858804,4.481250225,,,
02/01/2032,3.617721556,3.69939392,3.780704745,4.550101566,3.84680148,4.48741038,,,
03/01/2032,3.61781763,3.699680679,3.781458355,4.556155014,3.848614768,4.493141943,,,
04/01/2032,3.617922203,3.699987315,3.782262538,4.562588344,3.850549031,4.499234273,,,
05/01/2032,3.618024863,3.70028393,3.783039854,4.568779125,3.85241689,4.505097902,,,
06/01/2032,3.618132573,3.700590384,3.78384196,4.575139519,3.854342865,4.511123237,,,
07/01/2032,3.618237811,3.700886461,3.784616695,4.581260134,3.856202395,4.516922371,,,
08/01/2032,3.618348142,3.701192403,3.785416226,4.587548903,3.858119868,4.52288186,,,
09/01/2032,3.618459977,3.701498227,3.786214673,4.59380255,3.860033242,4.528808696,,,
10/01/2032,3.61856955,3.701794047,3.786986357,4.599822828,3.861881057,4.534514131,,,
11/01/2032,3.618684436,3.702099845,3.787782985,4.606010673,3.863786699,4.540378348,,,
12/01/2032,3.618796214,3.702394982,3.788552319,4.611968025,3.865626456,4.546023129,,,
01/01/2033,3.618912826,3.702699604,3.789346112,4.618091316,3.867523341,4.551824564,,,
02/01/2033,3.619030718,3.703004086,3.790138949,4.624182309,3.869416272,4.557595154,,,
03/01/2033,3.619138004,3.703278783,3.790854093,4.629657389,3.871122606,4.562782207,,,
04/01/2033,3.61925787,3.703582595,3.791644768,4.635686931,3.873007701,4.568494713,,,
05/01/2033,3.61937481,3.703876236,3.79240886,4.641491927,3.874828144,4.573994763,,,
06/01/2033,3.61949664,3.704179296,3.793197309,4.647458617,3.876705218,4.579648422,,,
07/01/2033,3.619615742,3.70447253,3.793959592,4.653203805,3.878518274,4.585092647,,,
08/01/2033,3.619739628,3.704775064,3.794746102,4.659109328,3.880387713,4.590689333,,,
09/01/2033,3.619864116,3.705076955,3.795531294,4.664983606,3.882252936,4.596256997,,,
10/01/2033,3.619985201,3.705368581,3.796289953,4.670639383,3.884054126,4.601618157,,,
11/01/2033,3.620110967,3.705669393,3.79707273,4.676452974,3.885911256,4.607129572,,,
12/01/2033,3.620233307,3.705960047,3.797829162,4.682050683,3.887704728,4.612436952,,,
01/01/2034,3.620360613,3.70626015,3.798609915,4.687805411,3.889554244,4.617893883,,,
02/01/2034,3.62048826,3.706559507,3.799389284,4.693530154,3.891399532,4.623323071,,,
03/01/2034,3.620604311,3.706829771,3.800092587,4.698677293,3.893063327,4.628205045,,,
04/01/2034,3.620732989,3.707128151,3.800869785,4.70434638,3.894901099,4.633582776,,,
05/01/2034,3.620858592,3.707417016,3.801621422,4.709806484,3.896676522,4.638762915,,,
06/01/2034,3.620988503,3.707714645,3.802396685,4.715419852,3.898506889,4.644089131,,,
07/01/2034,3.621114606,3.708002146,3.803145824,4.720825708,3.900274575,4.6492191,,,
08/01/2034,3.621245445,3.708298812,3.803918964,4.726384035,3.90209744,4.654494444,,,
09/01/2034,3.621376777,3.708595043,3.804691055,4.731914934,3.903916582,4.659744435,,,
10/01/2034,3.62150422,3.708881216,3.805437197,4.737241888,3.905673475,4.664801474,,,
11/01/2034,3.621636112,3.709176244,3.806206962,4.742719212,3.907484988,4.670001945,,,
12/01/2034,3.621763878,3.709461073,3.806950695,4.747994442,3.909234345,4.675011204,,,
01/01/2035,3.621896202,3.709754844,3.807718114,4.753418857,3.911038221,4.680162828,,,
02/01/2035,3.622029211,3.710048573,3.808484939,4.758817757,3.912838866,4.685290865,,,
03/01/2035,3.622149544,3.710312938,3.809176179,4.763672364,3.914461713,4.689902469,,,
04/01/2035,3.622283096,3.710605531,3.809940845,4.769022074,3.916255185,4.694985019,,,
05/01/2035,3.622412098,3.710887729,3.810679434,4.77417472,3.917986915,4.699880993,,,
06/01/2035,3.62254584,3.711178998,3.811441646,4.779474146,3.919772897,4.704917089,,,
07/01/2035,3.622675614,3.711460504,3.812178507,4.784579527,3.921498006,4.709769364,,,
08/01/2035,3.622809632,3.711750573,3.812938602,4.789830094,3.923276728,4.714760265,,,
09/01/2035,3.622943796,3.712040058,3.813697589,4.79505606,3.925051686,4.719728441,,,
10/01/2035,3.623073696,3.712319615,3.814431057,4.800090582,3.9267659,4.724515224,,,
11/01/2035,3.623208106,3.712607895,3.815187921,4.805268907,3.928533681,4.729439368,,,
12/01/2035,3.623338132,3.712886222,3.815919204,4.810257684,3.930241002,4.734183857,,,
01/01/2036,3.623473155,3.713173793,3.816674334,4.815390063,3.932002145,4.73906548,,,
02/01/2036,3.623607699,3.713460227,3.817427849,4.820498377,3.933759178,4.743924848,,,
03/01/2036,3.623733484,3.713727525,3.818131669,4.825256503,3.935399626,4.748451655,,,
04/01/2036,3.623868505,3.714013154,3.818883437,4.830320529,3.937150224,4.753270085,,,
05/01/2036,3.623999017,3.714288816,3.819609741,4.835199802,3.938840927,4.757913261,,,
06/01/2036,3.624133798,3.714572955,3.820359109,4.84021908,3.940584434,4.762690254,,,
07/01/2036,3.624264673,3.714847698,3.821083689,4.845056218,3.942268913,4.767294425,,,
08/01/2036,3.624399413,3.715130811,3.821830843,4.850031903,3.944005622,4.77203105,,,
09/01/2036,3.624534377,3.715413314,3.822577177,4.854985976,3.945739126,4.776747676,,,
10/01/2036,3.624664842,3.715685993,3.823298286,4.859759755,3.947413377,4.781293178,,,
11/01/2036,3.624799981,3.715967487,3.82404268,4.864671696,3.94914038,4.78597079,,,
12/01/2036,3.624931067,3.716239648,3.82476241,4.869406078,3.95080885,4.790479776,,,
01/01/2037,3.625066062,3.716519854,3.825504637,4.874276893,3.952529203,4.795119228,,,
02/01/2037,3.625201136,3.716799567,3.826245951,4.879127131,3.954246344,4.799739608,,,
03/01/2037,3.62532342,3.717052029,3.826914966,4.883491707,3.955794936,4.803897747,,,
04/01/2037,3.625458632,3.717330811,3.827654493,4.888303615,3.957506047,4.808482545,,,
05/01/2037,3.625588922,3.717599538,3.828368701,4.892940657,3.95915844,4.81290126,,,
06/01/2037,3.625724374,3.717877477,3.829106513,4.897713637,3.960863584,4.817449947,,,
07/01/2037,3.625854658,3.718145166,3.829818874,4.902313185,3.962510043,4.821833856,,,
08/01/2037,3.625989563,3.718421599,3.830554355,4.907046979,3.964208627,4.826346216,,,
09/01/2037,3.626124481,3.718697192,3.831288574,4.911761023,3.965903803,4.830840262,,,
10/01/2037,3.626254737,3.718963329,3.831998146,4.916304805,3.967541321,4.835172497,,,
11/01/2037,3.626389305,3.7192378,3.832730406,4.920980998,3.969230302,4.839631478,,,
12/01/2037,3.626519283,3.719502696,3.83343795,4.925488393,3.970861668,4.843929969,,,
01/01/2038,3.62665329,3.719775619,3.834167997,4.930126855,3.972544035,4.848353975,,,
02/01/2038,3.626787006,3.720047757,3.834896978,4.934746234,3.974223241,4.852760293,,,
03/01/2038,3.626907889,3.720293257,3.835554878,4.93890364,3.975737856,4.856726339,,,
04/01/2038,3.627041857,3.720564702,3.83628264,4.943488514,3.977412227,4.861100634,,,
05/01/2038,3.627171382,3.720826812,3.83698617,4.947908622,3.979029981,4.865318148,,,
06/01/2038,3.627304997,3.721096951,3.83771244,4.952458067,3.980698802,4.869659512,,,
07/01/2038,3.627434288,3.721357919,3.838414806,4.956844157,3.982311322,4.873845424,,,
08/01/2038,3.627567855,3.721627074,3.839140034,4.961359011,3.983974907,4.87815466,,,
09/01/2038,3.627701296,3.721895636,3.839864603,4.96585651,3.985635742,4.882447761,,,
10/01/2038,3.627830232,3.722154902,3.840565065,4.970192666,3.987240343,4.886587259,,,
11/01/2038,3.627963417,3.722422297,3.841288318,4.974656366,3.988895755,4.890848944,,,
12/01/2038,3.628091952,3.722680292,3.841987303,4.978959813,3.990494954,4.894958035,,,
01/01/2039,3.628224728,3.722946388,3.842708943,4.98338996,3.992144764,4.89918853,,,
02/01/2039,3.628357639,3.723212161,3.84343009,4.987803879,3.993792087,4.903403931,,,
03/01/2039,3.62847759,3.723451754,3.844080975,4.991777313,3.995277782,4.907198982,,,
04/01/2039,3.628610185,3.723716369,3.844800914,4.996160105,3.996919865,4.91138541,,,
05/01/2039,3.628738377,3.723971861,3.845497037,5.000386416,3.998506424,4.915422727,,,
06/01/2039,3.628870043,3.724234856,3.846215065,5.00473651,4.000142458,4.91957873,,,
07/01/2039,3.628997766,3.724489114,3.84690972,5.008931731,4.001723615,4.923587157,,,
08/01/2039,3.629129293,3.724750965,3.847626536,5.013250457,4.003354767,4.927713993,,,
09/01/2039,3.62926073,3.725012291,3.848342687,5.017553472,4.004983539,4.931826205,,,
10/01/2039,3.629388192,3.725265046,3.849035444,5.021703749,4.006557925,4.935792791,,,
11/01/2039,3.629519453,3.725525363,3.849750276,5.02597663,4.008182113,4.93987693,,,
12/01/2039,3.629646465,3.725776872,3.85044147,5.030097543,4.009751771,4.943816163,,,
01/01/2040,3.62977719,3.726035838,3.851154594,5.034340139,4.011370957,4.947872089,,,
02/01/2040,3.629908104,3.726294568,3.851867282,5.038568157,4.012988037,4.951914443,,,
03/01/2040,3.630030487,3.726536162,3.852533366,5.042510563,4.014498725,4.955684028,,,
04/01/2040,3.630160507,3.72679322,3.853243985,5.046709145,4.016110511,4.959698935,,,
05/01/2040,3.630286439,3.727041708,3.853931191,5.050758704,4.017668227,4.963571686,,,
06/01/2040,3.63041637,3.727297875,3.854640471,5.054928583,4.019275339,4.967559861,,,
07/01/2040,3.63054221,3.727545498,3.855326364,5.058950858,4.020828536,4.971407172,,,
08/01/2040,3.630671698,3.727800438,3.856033949,5.063092438,4.022430662,4.975368941,,,
09/01/2040,3.63080124,3.728055035,3.856740944,5.06722005,4.024030527,4.979317694,,,
10/01/2040,3.630926079,3.728300534,3.857424021,5.071200707,4.025576075,4.983126192,,,
11/01/2040,3.631055509,3.728554239,3.858129618,5.075300899,4.027171222,4.987049376,,,
12/01/2040,3.63118021,3.728798851,3.858811305,5.079255441,4.0287122,4.990833498,,,
01/01/2041,3.631308699,3.729050865,3.859514699,5.08332774,4.030301837,4.994730634,,,
02/01/2041,3.631437247,3.729302549,3.860217491,5.087386615,4.0318892,4.998615254,,,
03/01/2041,3.631552982,3.729529195,3.860851367,5.091041335,4.033320659,5.00211333,,,
04/01/2041,3.631681177,3.7297798,3.861552556,5.095074442,4.034903213,5.005973895,,,
05/01/2041,3.631805123,3.730021854,3.862230397,5.098965064,4.036432424,5.009698359,,,
06/01/2041,3.631933001,3.730271396,3.862929971,5.102972229,4.03801008,5.013534686,,,
07/01/2041,3.632057225,3.730512996,3.863606814,5.106838983,4.039535182,5.017236838,,,
08/01/2041,3.632184402,3.730761112,3.864304415,5.11082041,4.041107669,5.021049091,,,
09/01/2041,3.632311396,3.731008678,3.865001175,5.114788668,4.042677632,5.024849067,,,
10/01/2041,3.632434399,3.731248008,3.865674931,5.118617256,4.044194852,5.028515571,,,
11/01/2041,3.632561488,3.731494931,3.866370468,5.122561091,4.045760332,5.032292721,,,
12/01/2041,3.632684108,3.73173318,3.867042584,5.126365808,4.047272791,5.035936891,,,
01/01/2042,3.632810556,3.73197875,3.867736189,5.13028481,4.04883312,5.039690805,,,
02/01/2042,3.632936835,3.732223789,3.868428965,5.13419142,4.050390991,5.043433137,,,
03/01/2042,3.633051059,3.732444978,3.869054316,5.137710459,4.051796402,5.04680441,,,
04/01/2042,3.633177258,3.732689249,3.869745756,5.1415944,4.053349887,5.05052553,,,
05/01/2042,3.633299281,3.732925197,3.870414171,5.145341954,4.054851043,5.054116227,,,
06/01/2042,3.633425203,3.733168489,3.871104045,5.149202647,4.056399837,5.057815585,,,
07/01/2042,3.633547119,3.733403651,3.871771106,5.152928158,4.057896653,5.061385645,,,
08/01/2042,3.633672467,3.733645679,3.872459137,5.156765619,4.059440514,5.06506325,,,
09/01/2042,3.633797736,3.733887275,3.873146434,5.160591568,4.06098206,5.068730085,,,
10/01/2042,3.633918774,3.734120562,3.873810764,5.164283263,4.062471611,5.072268494,,,
11/01/2042,3.634043598,3.734361033,3.874496348,5.168086422,4.064008343,5.075914004,,,
12/01/2042,3.634164281,3.734593306,3.875159092,5.171756274,4.065493298,5.079431973,,,
01/01/2043,3.634288434,3.734832432,3.875842734,5.175536602,4.067024955,5.083056107,,,
02/01/2043,3.634412544,3.73507117,3.876525681,5.179305766,4.068554325,5.086669797,,,
03/01/2043,3.634524479,3.73528636,3.877141839,5.182701014,4.069933699,5.089925198,,,
04/01/2043,3.63464802,3.735523888,3.877822991,5.186448553,4.071458242,5.093518638,,,
05/01/2043,3.634767357,3.735753214,3.878481337,5.190064716,4.072931264,5.096986338,,,
06/01/2043,3.634890413,3.735989591,3.879160721,5.193790244,4.074450878,5.100559162,,,
07/01/2043,3.635009481,3.736218007,3.879817556,5.197385547,4.075919349,5.104007321,,,
08/01/2043,3.635132134,3.736453323,3.880495256,5.201089589,4.077434146,5.107560004,,,
09/01/2043,3.635254942,3.736688452,3.881172451,5.204783362,4.078946874,5.11110306,,,
10/01/2043,3.63537334,3.736915246,3.881826758,5.208347661,4.08040829,5.11452214,,,
11/01/2043,3.635495682,3.73714926,3.882502216,5.212020996,4.081916202,5.118045504,,,
12/01/2043,3.635613837,3.737375181,3.883155043,5.215566081,4.083373174,5.121445969,,,
01/01/2044,3.635736064,3.737608429,3.883829111,5.219219541,4.084876674,5.124950538,,,
02/01/2044,3.635857752,3.73784082,3.884502009,5.222862379,4.086377479,5.128445341,,,
03/01/2044,3.63597175,3.73805809,3.885131088,5.226261739,4.087779735,5.131707022,,,
04/01/2044,3.636092898,3.738289318,3.88580228,5.229884748,4.089275827,5.13518353,,,
05/01/2044,3.636210197,3.738512844,3.886451046,5.233381628,4.090721688,5.138539235,,,
06/01/2044,3.636331103,3.738743197,3.887120669,5.236984908,4.092213261,5.141997264,,,
07/01/2044,3.636447762,3.738965477,3.887767755,5.240462321,4.093654334,5.145334715,,,
08/01/2044,3.636568578,3.73919501,3.888436026,5.244046462,4.095141543,5.148774794,,,
09/01/2044,3.63668867,3.739423882,3.889102958,5.247620132,4.096625896,5.152205034,,,
10/01/2044,3.636804747,3.739644686,3.889747636,5.251069299,4.098060198,5.155515979,,,
11/01/2044,3.636924715,3.739872543,3.890413181,5.254624014,4.099540173,5.158928441,,,
12/01/2044,3.637040718,3.740092654,3.891056566,5.258055537,4.100970317,5.162222552,,,
01/01/2045,3.637160091,3.740319299,3.891720276,5.261591851,4.102445513,5.165617169,,,
02/01/2045,3.637279435,3.740545597,3.892383318,5.265118946,4.10391856,5.169003078,,,
03/01/2045,3.637386887,3.740749407,3.892981347,5.268296748,4.105246989,5.172053811,,,
04/01/2045,3.637505821,3.740974707,3.89364278,5.271805895,4.106715584,5.175423245,,,
05/01/2045,3.637620565,3.741192103,3.894281941,5.275192884,4.108134473,5.178675654,,,
06/01/2045,3.637739257,3.741416552,3.894941885,5.278684075,4.109598662,5.182028304,,,
07/01/2045,3.637853441,3.74163281,3.895579293,5.282053397,4.111012988,5.185264115,,,
08/01/2045,3.637971514,3.741856046,3.896237392,5.28552618,4.112472423,5.188599487,,,
09/01/2045,3.63808962,3.742079005,3.896894886,5.288990373,4.1139298,5.191926775,,,
10/01/2045,3.638203897,3.742294469,3.897530566,5.29233481,4.115338241,5.195139195,,,
11/01/2045,3.63832119,3.742516036,3.898186044,5.295781031,4.116790783,5.198449576,,,
12/01/2045,3.638434579,3.74273005,3.898819668,5.299107731,4.118194384,5.201645332,,,
01/01/2046,3.638551691,3.74295084,3.899473729,5.30253667,4.119642636,5.204939465,,,
02/01/2046,3.63866824,3.743170779,3.90012662,5.305956193,4.121088243,5.208224756,,,
03/01/2046,3.638773927,3.743369594,3.900716212,5.309038472,4.122392655,5.211186175,,,
04/01/2046,3.638890469,3.743588954,3.9013679,5.312442083,4.123834333,5.214456493,,,
05/01/2046,3.639003277,3.743800983,3.901998005,5.315728212,4.125227618,5.217614075,,,
06/01/2046,3.639119645,3.744019584,3.902648295,5.319115545,4.126665131,5.220869047,,,
07/01/2046,3.639231975,3.744230577,3.903276753,5.322385673,4.128054121,5.22401154,,,
08/01/2046,3.639347957,3.744448217,3.903925451,5.325756599,4.129487327,5.227251055,,,
09/01/2046,3.639463484,3.744665121,3.904573096,5.329118803,4.130918082,5.23048236,,,
10/01/2046,3.639575303,3.744874772,3.90519929,5.33236499,4.132300817,5.23360232,,,
11/01/2046,3.639690508,3.745090781,3.905845406,5.335710995,4.13372729,5.23681837,,,
12/01/2046,3.639801811,3.745299372,3.906469931,5.338941276,4.135105699,5.239923348,,,
01/01/2047,3.639916439,3.745514248,3.907114281,5.342270725,4.136527641,5.243123818,,,
02/01/2047,3.640030944,3.745728713,3.907757895,5.345592042,4.137947437,5.24631663,,,
03/01/2047,3.640134394,3.745922214,3.908338744,5.348585649,4.139228219,5.249194523,,,
04/01/2047,3.6402489,3.746136131,3.908981189,5.351892323,4.140644242,5.252373515,,,
05/01/2047,3.640359208,3.746342388,3.909601848,5.355084549,4.142012242,5.25544261,,,
06/01/2047,3.640473253,3.746555289,3.910242639,5.358375696,4.143423943,5.258606942,,,
07/01/2047,3.640583535,3.746760974,3.910862112,5.361553555,4.144788225,5.261662477,,,
08/01/2047,3.640696753,3.746972509,3.91150091,5.36482879,4.146195292,5.264811797,,,
09/01/2047,3.640810266,3.74718405,3.912139386,5.368096872,4.147600699,5.267954376,,,
10/01/2047,3.640919695,3.747388088,3.912756289,5.371252058,4.148958538,5.270988524,,,
11/01/2047,3.64103278,3.747598655,3.913393158,5.374505084,4.150359716,5.274116885,,,
12/01/2047,3.641142017,3.747801974,3.914008727,5.37764607,4.151713713,5.277137625,,,
01/01/2048,3.641254461,3.748011366,3.914643793,5.380883808,4.153110485,5.280251564,,,
02/01/2048,3.641366761,3.748220337,3.915278113,5.384114054,4.154505171,5.283358429,,,
03/01/2048,3.641471775,3.748415545,3.915870945,5.387129506,4.155808163,5.28625882,,,
04/01/2048,3.641583674,3.748623565,3.916503691,5.390345194,4.15719872,5.289351945,,,
05/01/2048,3.641691702,3.748824437,3.917115285,5.393450199,4.158542432,5.292338709,,,
06/01/2048,3.641803268,3.749031619,3.917746553,5.396651393,4.15992891,5.295418166,,,
07/01/2048,3.641910729,3.749231365,3.918356406,5.399741934,4.161268364,5.298391295,,,
08/01/2048,3.642022036,3.749437751,3.918986236,5.402928782,4.162650803,5.301457188,,,
09/01/2048,3.642132743,3.74964328,3.919614889,5.406107839,4.164030749,5.304515715,,,
10/01/2048,3.642239958,3.749842,3.920222774,5.409177907,4.16536447,5.307469497,,,
11/01/2048,3.642350533,3.750046864,3.920850119,5.412343169,4.166740556,5.310514981,,,
12/01/2048,3.642457464,3.750244793,3.921456594,5.415399857,4.168070426,5.313456101,,,
01/01/2049,3.642567763,3.750448858,3.922082501,5.418551438,4.169442576,5.316488638,,,
02/01/2049,3.642677755,3.750652359,3.922707522,5.421695803,4.170812768,5.319514355,,,
03/01/2049,3.642776651,3.750835505,3.923271136,5.424529652,4.172048539,5.322241388,,,
04/01/2049,3.642886319,3.751038179,3.923894708,5.427660589,4.173415034,5.325254422,,,
05/01/2049,3.64299246,3.75123408,3.924497627,5.430684356,4.174735767,5.328164416,,,
06/01/2049,3.643102115,3.751436224,3.925120031,5.433802462,4.176098709,5.331165289,,,
07/01/2049,3.643207808,3.751631186,3.9257214,5.436813356,4.177415598,5.334063081,,,
08/01/2049,3.643316625,3.751831991,3.926341838,5.439917568,4.178774173,5.337050799,,,
09/01/2049,3.643425422,3.752032516,3.926961671,5.443015212,4.180130933,5.340032306,,,
10/01/2049,3.64353054,3.752226164,3.9275608,5.446006676,4.18144208,5.342911714,,,
11/01/2049,3.643638785,3.752425635,3.928178947,5.449090937,4.182794754,5.345880552,,,
12/01/2049,3.643743274,3.752618173,3.928776351,5.452069248,4.184101845,5.348747518,,,
01/01/2050,3.643851651,3.752817267,3.929393481,5.455141042,4.185451124,5.351704562,,,
02/01/2050,3.643959119,3.753015216,3.93000915,5.458205294,4.186797713,5.354654466,,,
03/01/2050,3.644056339,3.753193948,3.930564911,5.460967936,4.188012658,5.357314106,,,
04/01/2050,3.644164386,3.753391976,3.931180033,5.464021074,4.189356425,5.360253475,,,
05/01/2050,3.644268296,3.753582739,3.931774146,5.46696924,4.190654768,5.363091869,,,
06/01/2050,3.644375622,3.753779561,3.932387439,5.470009485,4.191994773,5.366019011,,,
07/01/2050,3.644478859,3.753969183,3.932979803,5.472945056,4.193289308,5.368845476,,,
08/01/2050,3.64458555,3.754164887,3.933591348,5.475972251,4.194625269,5.371760269,,,
09/01/2050,3.644692099,3.7543602,3.93420218,5.478993157,4.195959354,5.374669102,,,
10/01/2050,3.64479508,3.754548849,3.934792644,5.481910758,4.197248659,5.377478554,,,
11/01/2050,3.644901261,3.754743309,3.93540199,5.484919317,4.198578981,5.380375682,,,
12/01/2050,3.645003717,3.754930968,3.93599085,5.487824803,4.199864477,5.383173647,,,
01/01/2051,3.645109826,3.755124869,3.936598999,5.490821547,4.201191355,5.386059571,,,
02/01/2051,3.6452151,3.755317797,3.937205767,5.49381128,4.202515689,5.388938845,,,
03/01/2051,3.645309969,3.755491273,3.93775314,5.496506352,4.203710224,5.391534446,,,
04/01/2051,3.645415156,3.75568354,3.938358731,5.499484383,4.205031145,5.394402654,,,
05/01/2051,3.645516707,3.755869146,3.938944019,5.502360519,4.2063076,5.39717281,,,
06/01/2051,3.645621854,3.756060902,3.939548448,5.505327072,4.207625105,5.400030119,,,
07/01/2051,3.64572314,3.756245786,3.940132394,5.508192006,4.208898067,5.402789625,,,
08/01/2051,3.645827596,3.756436388,3.940735037,5.511146383,4.210211559,5.405635373,,,
09/01/2051,3.645932265,3.756626959,3.94133732,5.514095435,4.211523587,5.408476056,,,
10/01/2051,3.646033058,3.756810657,3.941919157,5.516943416,4.212791232,5.411219465,,,
11/01/2051,3.646137116,3.757000167,3.942519755,5.51988052,4.214099378,5.414048815,,,
12/01/2051,3.646237221,3.757182747,3.943099863,5.522716713,4.215363126,5.416781053,,,
01/01/2052,3.646340546,3.757371059,3.943698629,5.525641485,4.216667164,5.41959872,,,
02/01/2052,3.646443777,3.757559073,3.944296736,5.528560438,4.217969398,5.422410869,,,
03/01/2052,3.646540137,3.757734422,3.944855555,5.531285839,4.219185918,5.425036624,,,
04/01/2052,3.646643144,3.757921719,3.945452349,5.534193618,4.220484643,5.427838164,,,
05/01/2052,3.646742749,3.758102678,3.946029288,5.537002388,4.221739827,5.430544375,,,
06/01/2052,3.646845317,3.758289088,3.946624554,5.539898826,4.223034833,5.433335132,,,
07/01/2052,3.64694439,3.758469045,3.947199873,5.542696394,4.224286267,5.436030703,,,
08/01/2052,3.647046537,3.758654683,3.947793724,5.545581634,4.225577665,5.438810823,,,
09/01/2052,3.64714893,3.758840228,3.948387155,5.548461774,4.226867563,5.441586084,,,
10/01/2052,3.647247656,3.759019212,3.948960568,5.551243646,4.228113969,5.444266713,,,
11/01/2052,3.647349474,3.759203736,3.949552345,5.554112686,4.229400099,5.44703141,,,
12/01/2052,3.647447638,3.759381729,3.950124156,5.556883685,4.230642844,5.449701707,,,
01/01/2053,3.647549138,3.759565485,3.950714528,5.559741854,4.231925442,5.452456073,,,
02/01/2053,3.647650414,3.759748792,3.951304131,5.562594533,4.233206205,5.455205215,,,
03/01/2053,3.647741901,3.759914186,3.951836237,5.565166944,4.234361731,5.457684313,,,
04/01/2053,3.647843098,3.760096981,3.952424715,5.568009796,4.235639384,5.460424096,,,
05/01/2053,3.647940652,3.760273297,3.952993333,5.570755672,4.236873966,5.463070484,,,
06/01/2053,3.648041298,3.760455107,3.953580201,5.573587711,4.238147948,5.465799987,,,
07/01/2053,3.648138405,3.760630554,3.954147343,5.576323164,4.239379046,5.468436475,,,
08/01/2053,3.648238684,3.760811562,3.954732781,5.579144553,4.240649513,5.471155864,,,
09/01/2053,3.648338729,3.760992113,3.95531744,5.581960591,4.241918145,5.473870158,,,
10/01/2053,3.648435092,3.761166188,3.95588229,5.584680341,4.243143905,5.476491724,,,
11/01/2053,3.648534731,3.761345901,3.956465478,5.587485674,4.244408969,5.479195855,,,
12/01/2053,3.648631399,3.76151985,3.957029581,5.590196211,4.245631994,5.481808653,,,
01/01/2054,3.648730562,3.761698664,3.957611241,5.5929912,4.246893488,5.484502928,,,
02/01/2054,3.648829882,3.761877407,3.958192504,5.595781418,4.248153552,5.487192662,,,
03/01/2054,3.648919357,3.762038446,3.95871685,5.598297344,4.249290174,5.489618027,,,
04/01/2054,3.649018098,3.762216202,3.959296518,5.601077492,4.250546688,5.49229817,,,
05/01/2054,3.649113627,3.762387995,3.959856958,5.603763307,4.251761187,5.494887432,,,
06/01/2054,3.649212237,3.762565192,3.960435434,5.606533704,4.253014511,5.497558288,,,
07/01/2054,3.649307528,3.762736336,3.960994616,5.609210079,4.254225834,5.50013855,,,
08/01/2054,3.649405671,3.762912652,3.961571586,5.611970379,4.255475674,5.502799794,,,
09/01/2054,3.64950371,3.763088649,3.96214792,5.614725684,4.256723857,5.505456287,,,
10/01/2054,3.649598071,3.763258264,3.96270466,5.617386796,4.257929797,5.508022045,,,
11/01/2054,3.649695822,3.763433555,3.963279654,5.620132082,4.259174603,5.510669015,,,
12/01/2054,3.649790235,3.763602808,3.963835415,5.622784227,4.26037763,5.513226221,,,
01/01/2055,3.649887818,3.763777517,3.964409198,5.62552012,4.261619276,5.515864226,,,
02/01/2055,3.649984978,3.763951597,3.964982034,5.628250824,4.262858973,5.518497285,,,
03/01/2055,3.650072528,3.764108455,3.9654988,5.630713114,4.26397725,5.520871582,,,
04/01/2055,3.650169015,3.764281467,3.966069962,5.633433919,4.26521334,5.523495218,,,
05/01/2055,3.650262662,3.76444897,3.966622463,5.636062906,4.266408409,5.526030362,,,
06/01/2055,3.650359302,3.76462172,3.967192726,5.638774844,4.267641681,5.528645538,,,
07/01/2055,3.650452704,3.764788584,3.967743983,5.64139492,4.268833665,5.531172172,,,
08/01/2055,3.650549039,3.764960624,3.968312913,5.644097601,4.270063716,5.533778511,,,
09/01/2055,3.650644702,3.765131798,3.968880663,5.646794762,4.271291593,5.5363796,,,
10/01/2055,3.650737497,3.765297468,3.969429811,5.649400859,4.272478658,5.53889292,,,
11/01/2055,3.650833015,3.765468089,3.969996376,5.652088821,4.273703424,5.541485244,,,
12/01/2055,3.650925491,3.765633056,3.970544215,5.654685817,4.274887326,5.543989895,,,
01/01/2056,3.651020826,3.765803092,3.971109566,5.657364655,4.276108965,5.546573521,,,
02/01/2056,3.651115851,3.765972621,3.971674092,5.66003856,4.277328812,5.549152448,,,
03/01/2056,3.651204518,3.766130814,3.972201519,5.662535638,4.278468416,5.551560888,,,
04/01/2056,3.651299295,3.766299704,3.972764783,5.665200448,4.279685099,5.554131151,,,
05/01/2056,3.651390479,3.766462433,3.973308868,5.667774302,4.280860603,5.556613753,,,
06/01/2056,3.651484863,3.766630529,3.973870704,5.670429626,4.282073921,5.559174986,,,
07/01/2056,3.65157598,3.766792806,3.974413716,5.67299487,4.283246503,5.561649375,,,
08/01/2056,3.651670055,3.76696021,3.974974224,5.675641159,4.284456608,5.564201977,,,
09/01/2056,3.651764216,3.767127499,3.975534293,5.678283309,4.28566534,5.566750615,,,
10/01/2056,3.651855005,3.767288875,3.97607548,5.680835849,4.286833385,5.569212848,,,
11/01/2056,3.651948343,3.767454963,3.976633723,5.683468491,4.28803844,5.571752407,,,
12/01/2056,3.652038588,3.767615427,3.97717356,5.686011939,4.289203177,5.57420598,,,
01/01/2057,3.652132143,3.767781334,3.977731211,5.688636339,4.290405583,5.576737672,,,
02/01/2057,3.65222509,3.767946451,3.978287777,5.691255732,4.291606017,5.579264582,,,
03/01/2057,3.652308878,3.768095265,3.978789911,5.693617893,4.292688741,5.581543384,,,
04/01/2057,3.652401696,3.768259877,3.979345389,5.696228973,4.293886224,5.58406236,,,
05/01/2057,3.652491034,3.768418523,3.979882013,5.698751145,4.29504327,5.586495622,,,
06/01/2057,3.652583448,3.768582354,3.980436109,5.701353222,4.29623753,5.589006253,,,
07/01/2057,3.652672574,3.768740417,3.980971561,5.70386702,4.297391622,5.591432137,,,
08/01/2057,3.652764783,3.768903664,3.981524467,5.706460556,4.298582868,5.593935333,,,
09/01/2057,3.65285656,3.769066294,3.982076448,5.709049456,4.299772254,5.596434334,,,
10/01/2057,3.652945369,3.769223489,3.982610294,5.711550944,4.300921943,5.598849178,,,
11/01/2057,3.653037371,3.769385957,3.983161718,5.71413219,4.302108773,5.60134121,,,
12/01/2057,3.653126002,3.769542589,3.983694496,5.716625896,4.303255602,5.603748869,,,
01/01/2058,3.65321716,3.769703983,3.984244284,5.719198251,4.304439027,5.606232607,,,
02/01/2058,3.653308585,3.769865305,3.984793707,5.721766829,4.305621128,5.608712816,,,
03/01/2058,3.653390772,3.770010581,3.985289292,5.724083278,4.306687426,5.610950043,,,
04/01/2058,3.653481607,3.770171075,3.985837338,5.726643689,4.30786643,5.613423343,,,
05/01/2058,3.653569305,3.770326015,3.986367057,5.729117441,4.309005907,5.615813267,,,
06/01/2058,3.653659937,3.77048596,3.98691398,5.731669725,4.31018201,5.618279367,,,
07/01/2058,3.653747156,3.770639966,3.987442211,5.734135121,4.311318271,5.620661718,,,
08/01/2058,3.653837467,3.770799199,3.987987844,5.736679049,4.312491307,5.623120173,,,
09/01/2058,3.653927856,3.770958237,3.988532989,5.739219192,4.313662969,5.625575152,,,
10/01/2058,3.654014896,3.771111545,3.989059681,5.741673176,4.31479514,5.627946985,,,
11/01/2058,3.654104573,3.771269512,3.989603182,5.744204702,4.315963401,5.630393891,,,
12/01/2058,3.654191511,3.771422361,3.990128853,5.746651141,4.317092863,5.632758671,,,
01/01/2059,3.65428106,3.77157984,3.990671291,5.749174936,4.318258342,5.635198322,,,
02/01/2059,3.654370422,3.77173695,3.991213066,5.751694687,4.319422276,5.637634156,,,
03/01/2059,3.654451062,3.771878632,3.991701954,5.753967347,4.32047241,5.639831198,,,
04/01/2059,3.6545398,3.772034783,3.992242219,5.756478878,4.321633171,5.642259221,,,
05/01/2059,3.654625567,3.772185618,3.9927645,5.758905543,4.322755104,5.644605263,,,
06/01/2059,3.654714291,3.77234139,3.993303802,5.761409422,4.32391318,5.647026017,,,
07/01/2059,3.654799765,3.772491591,3.993824888,5.763828655,4.325032269,5.649364779,,,
08/01/2059,3.654888103,3.772646629,3.994362878,5.766324734,4.326187331,5.651777874,,,
09/01/2059,3.654976286,3.772801337,3.994900243,5.768816885,4.327340906,5.654187208,,,
10/01/2059,3.6550617,3.77295096,3.995419906,5.771225243,4.328456111,5.656515574,,,
11/01/2059,3.65514968,3.773105115,3.995956146,5.773709849,4.329606884,5.658917875,,,
12/01/2059,3.655234858,3.773254164,3.996474679,5.776111016,4.330719327,5.6612396,,,
01/01/2060,3.655322382,3.773407522,3.997009554,5.778587894,4.331867065,5.663634571,,,
02/01/2060,3.65541015,3.77356094,3.997544193,5.781061463,4.333013727,5.66602641,,,
03/01/2060,3.655491786,3.773703848,3.99804348,5.783371646,4.334084815,5.668260291,,,
04/01/2060,3.655579069,3.773856428,3.998576727,5.785837426,4.335228452,5.670644681,,,
05/01/2060,3.655663622,3.774004129,3.999092541,5.788220716,4.336334203,5.672949368,,,
06/01/2060,3.655750398,3.774156015,3.99962453,5.790679243,4.337474984,5.675326842,,,
07/01/2060,3.655834621,3.774302946,4.00013903,5.793055315,4.338577897,5.677624633,,,
08/01/2060,3.65592115,3.774454191,4.000669816,5.795506486,4.339715904,5.679995079,,,
09/01/2060,3.656007577,3.774605102,4.001199984,5.797953819,4.34085247,5.682361852,,,
10/01/2060,3.656090978,3.774750702,4.001712341,5.800318489,4.341950885,5.684648573,,,
11/01/2060,3.656177115,3.774900876,4.002241207,5.802758254,4.343084496,5.687007871,,,
12/01/2060,3.656260489,3.775046004,4.002752542,5.805115919,4.344180292,5.689287797,,,
01/01/2061,3.656346717,3.77519573,4.003280395,5.807548554,4.345311271,5.691640242,,,
