Date,Subsidence_ft,Source
1/1/1901,0,Leveling
1/1/1931,0.69,Leveling
1/1/1940,0.971436175,Leveling
1/1/1943,1.023,Leveling
1/1/1947,1.814,Leveling
1/1/1948,2.03,Leveling
1/1/1953,3.31,Leveling
1/1/1957,3.405,Leveling
1/1/1959,3.33,Leveling
1/1/1962,3.638,Leveling
1/1/1970,4.108636488,Leveling
1/1/1972,4.081372708,Leveling
11/18/2005,6.114653529,Leveling
11/18/2005,6.114653529,GPS
11/19/2005,6.119181088,GPS
11/20/2005,6.132763766,GPS
11/21/2005,6.109174526,GPS
11/22/2005,6.110388437,GPS
11/23/2005,6.101727019,GPS
11/24/2005,6.10067715,GPS
11/25/2005,6.08305904,GPS
11/26/2005,6.081090536,GPS
11/27/2005,6.082041979,GPS
11/28/2005,6.107927807,GPS
11/29/2005,6.095854316,GPS
11/30/2005,6.115211272,GPS
12/1/2005,6.103925182,GPS
12/2/2005,6.117015734,GPS
12/3/2005,6.09208135,GPS
12/4/2005,6.122691587,GPS
12/5/2005,6.125644343,GPS
12/6/2005,6.121772952,GPS
12/7/2005,6.100578725,GPS
12/8/2005,6.105139093,GPS
12/9/2005,6.1043845,GPS
12/10/2005,6.090178462,GPS
12/11/2005,6.084797885,GPS
12/12/2005,6.097166652,GPS
12/13/2005,6.092376625,GPS
12/14/2005,6.112488174,GPS
12/15/2005,6.114817571,GPS
12/16/2005,6.088078725,GPS
12/17/2005,6.099003922,GPS
12/18/2005,6.090900247,GPS
12/19/2005,6.099135156,GPS
12/20/2005,6.109666652,GPS
12/21/2005,6.092704709,GPS
12/22/2005,6.095887124,GPS
12/23/2005,6.109929119,GPS
12/24/2005,6.097625969,GPS
12/25/2005,6.083026231,GPS
12/26/2005,6.065047228,GPS
12/27/2005,6.078925181,GPS
12/28/2005,6.088767701,GPS
12/29/2005,6.090309696,GPS
12/30/2005,6.069049853,GPS
12/31/2005,6.052973737,GPS
1/1/2006,6.072724394,GPS
1/2/2006,6.060388435,GPS
1/3/2006,6.088308384,GPS
1/4/2006,6.106517046,GPS
1/5/2006,6.099725707,GPS
1/6/2006,6.07915484,GPS
1/7/2006,6.06458791,GPS
1/8/2006,6.058616782,GPS
1/9/2006,6.088341192,GPS
1/10/2006,6.083419932,GPS
1/11/2006,6.070723081,GPS
1/12/2006,6.076989486,GPS
1/13/2006,6.068524918,GPS
1/14/2006,6.077580037,GPS
1/15/2006,6.074299197,GPS
1/16/2006,6.077350378,GPS
1/17/2006,6.087422557,GPS
1/18/2006,6.071280824,GPS
1/19/2006,6.071379249,GPS
1/20/2006,6.096871376,GPS
1/21/2006,6.088898935,GPS
1/22/2006,6.090801822,GPS
1/23/2006,6.077481612,GPS
1/24/2006,6.081024919,GPS
1/25/2006,6.070690273,GPS
1/26/2006,6.104843817,GPS
1/27/2006,6.08489631,GPS
1/28/2006,6.090211271,GPS
1/29/2006,6.09063778,GPS
1/30/2006,6.098544604,GPS
1/31/2006,6.079614158,GPS
2/1/2006,6.070887123,GPS
2/2/2006,6.065670588,GPS
2/3/2006,6.063538042,GPS
2/4/2006,6.083485549,GPS
2/5/2006,6.086208646,GPS
2/6/2006,6.09864303,GPS
2/7/2006,6.086307071,GPS
2/8/2006,6.10766534,GPS
2/9/2006,6.090604972,GPS
2/10/2006,6.095427806,GPS
2/11/2006,6.10376114,GPS
2/12/2006,6.107960615,GPS
2/13/2006,6.102153528,GPS
2/14/2006,6.060224393,GPS
2/15/2006,6.083977675,GPS
2/16/2006,6.09493568,GPS
2/17/2006,6.089391061,GPS
2/18/2006,6.094804447,GPS
2/19/2006,6.082829381,GPS
2/20/2006,6.076234892,GPS
2/21/2006,6.076661402,GPS
2/22/2006,6.068557727,GPS
2/23/2006,6.081746704,GPS
2/24/2006,6.09454198,GPS
2/25/2006,6.086110221,GPS
2/26/2006,6.074332005,GPS
2/27/2006,6.045985548,GPS
2/28/2006,6.059371375,GPS
3/1/2006,6.083551166,GPS
3/2/2006,6.075381874,GPS
3/3/2006,6.066195522,GPS
3/4/2006,6.09719946,GPS
3/5/2006,6.091129906,GPS
3/6/2006,6.091622032,GPS
3/7/2006,6.08962072,GPS
3/8/2006,6.064030168,GPS
3/9/2006,6.03670077,GPS
3/10/2006,6.049299196,GPS
3/11/2006,6.049167962,GPS
3/12/2006,6.077022294,GPS
3/13/2006,6.072035417,GPS
3/14/2006,6.070591848,GPS
3/15/2006,6.088275575,GPS
3/16/2006,6.097068226,GPS
3/17/2006,6.069837254,GPS
3/18/2006,6.067573475,GPS
3/19/2006,6.087849066,GPS
3/20/2006,6.082665339,GPS
3/21/2006,6.075742766,GPS
3/22/2006,6.085191586,GPS
3/23/2006,6.080729643,GPS
3/24/2006,6.076300509,GPS
3/25/2006,6.049791322,GPS
3/26/2006,6.076300509,GPS
3/27/2006,6.048872687,GPS
3/28/2006,6.05372833,GPS
3/29/2006,6.056353002,GPS
3/30/2006,6.057402871,GPS
3/31/2006,6.052153527,GPS
4/1/2006,6.052251952,GPS
4/2/2006,6.058879249,GPS
4/3/2006,6.04861022,GPS
4/4/2006,6.032534104,GPS
4/5/2006,6.031221768,GPS
4/6/2006,6.054712582,GPS
4/7/2006,6.06193043,GPS
4/8/2006,6.049922556,GPS
4/9/2006,6.068393685,GPS
4/10/2006,6.061143028,GPS
4/11/2006,6.038702083,GPS
4/12/2006,6.058551165,GPS
4/13/2006,6.058583973,GPS
4/14/2006,6.044148277,GPS
4/15/2006,6.046936991,GPS
4/16/2006,6.046936991,GPS
4/17/2006,6.044870062,GPS
4/18/2006,6.058879249,GPS
4/19/2006,6.071215207,GPS
4/20/2006,6.055860876,GPS
4/21/2006,6.061274262,GPS
4/22/2006,6.060782136,GPS
4/23/2006,6.064456677,GPS
4/24/2006,6.055139091,GPS
4/25/2006,6.069246703,GPS
4/26/2006,6.071904184,GPS
4/27/2006,6.077908121,GPS
4/28/2006,6.071477674,GPS
4/29/2006,6.072757202,GPS
4/30/2006,6.066326756,GPS
5/1/2006,6.067606283,GPS
5/2/2006,6.07895799,GPS
5/3/2006,6.074397622,GPS
5/4/2006,6.069148278,GPS
5/5/2006,6.085683712,GPS
5/6/2006,6.082009171,GPS
5/7/2006,6.091228331,GPS
5/8/2006,6.085683712,GPS
5/9/2006,6.070165338,GPS
5/10/2006,6.069607596,GPS
5/11/2006,6.073282136,GPS
5/12/2006,6.094213896,GPS
5/13/2006,6.075709958,GPS
5/14/2006,6.099233581,GPS
5/15/2006,6.10313778,GPS
5/16/2006,6.059568225,GPS
5/17/2006,6.067245391,GPS
5/18/2006,6.06009316,GPS
5/19/2006,6.053629905,GPS
5/20/2006,6.062160089,GPS
5/21/2006,6.071477674,GPS
5/22/2006,6.08305904,GPS
5/23/2006,6.092015733,GPS
5/24/2006,6.088669276,GPS
5/25/2006,6.081943554,GPS
5/26/2006,6.066195522,GPS
5/27/2006,6.063833317,GPS
5/28/2006,6.088242767,GPS
5/29/2006,6.071215207,GPS
5/30/2006,6.060814944,GPS
5/31/2006,6.092737518,GPS
6/1/2006,6.087225706,GPS
6/2/2006,6.090276888,GPS
6/3/2006,6.085290011,GPS
6/4/2006,6.088275575,GPS
6/5/2006,6.0715761,GPS
6/6/2006,6.078859564,GPS
6/7/2006,6.079384499,GPS
6/8/2006,6.085782137,GPS
6/9/2006,6.07731757,GPS
6/10/2006,6.087094473,GPS
6/11/2006,6.077547228,GPS
6/12/2006,6.072921244,GPS
6/13/2006,6.094246704,GPS
6/14/2006,6.090276888,GPS
6/15/2006,6.064062976,GPS
6/16/2006,6.081385811,GPS
6/17/2006,6.083354315,GPS
6/18/2006,6.072625968,GPS
10/6/2006,6.063242766,GPS
10/7/2006,6.14047374,GPS
10/8/2006,6.138866128,GPS
10/9/2006,6.128006548,GPS
10/10/2006,6.111602348,GPS
10/11/2006,6.10130051,GPS
10/12/2006,6.09247505,GPS
10/13/2006,6.107730956,GPS
10/14/2006,6.072297884,GPS
10/15/2006,6.083485549,GPS
10/16/2006,6.078498672,GPS
10/17/2006,6.064489485,GPS
10/18/2006,6.089391061,GPS
10/19/2006,6.101005234,GPS
10/20/2006,6.114751954,GPS
10/21/2006,6.092639092,GPS
10/22/2006,6.109666652,GPS
10/23/2006,6.109108909,GPS
10/24/2006,6.101530169,GPS
10/25/2006,6.101398935,GPS
10/26/2006,6.110388437,GPS
10/27/2006,6.120887125,GPS
10/28/2006,6.107796573,GPS
10/29/2006,6.101530169,GPS
10/30/2006,6.091556415,GPS
10/31/2006,6.095591848,GPS
11/1/2006,6.08755379,GPS
11/2/2006,6.108912059,GPS
11/3/2006,6.086930431,GPS
11/4/2006,6.107566914,GPS
11/5/2006,6.093951428,GPS
11/6/2006,6.116392374,GPS
11/7/2006,6.113734894,GPS
11/8/2006,6.07095274,GPS
11/9/2006,6.070723081,GPS
11/10/2006,6.106648279,GPS
11/11/2006,6.115539356,GPS
11/12/2006,6.08345274,GPS
11/13/2006,6.088308384,GPS
11/14/2006,6.061405496,GPS
11/15/2006,6.098544604,GPS
11/16/2006,6.093426494,GPS
11/17/2006,6.099266389,GPS
11/18/2006,6.114128594,GPS
11/19/2006,6.117442243,GPS
11/20/2006,6.09536219,GPS
11/21/2006,6.089391061,GPS
11/22/2006,6.10274408,GPS
11/23/2006,6.117475051,GPS
11/24/2006,6.093853003,GPS
11/25/2006,6.090342504,GPS
11/26/2006,6.086011796,GPS
11/27/2006,6.081385811,GPS
11/28/2006,6.087849066,GPS
11/29/2006,6.106320195,GPS
11/30/2006,6.109272951,GPS
12/1/2006,6.113833319,GPS
12/2/2006,6.116851692,GPS
12/3/2006,6.107927807,GPS
12/4/2006,6.124725708,GPS
12/5/2006,6.098971114,GPS
12/6/2006,6.101792636,GPS
12/7/2006,6.100874001,GPS
12/8/2006,6.099299198,GPS
12/9/2006,6.070723081,GPS
12/10/2006,6.095624657,GPS
12/11/2006,6.097297885,GPS
12/12/2006,6.111274264,GPS
12/13/2006,6.102645654,GPS
12/14/2006,6.096543292,GPS
12/15/2006,6.087816258,GPS
12/16/2006,6.07032938,GPS
12/17/2006,6.090080037,GPS
12/18/2006,6.091523607,GPS
12/19/2006,6.102973738,GPS
12/20/2006,6.092835943,GPS
12/21/2006,6.089948804,GPS
12/22/2006,6.080828068,GPS
12/23/2006,6.080565601,GPS
12/24/2006,6.10641862,GPS
12/25/2006,6.12098555,GPS
12/26/2006,6.105696836,GPS
12/27/2006,6.077973738,GPS
12/28/2006,6.079679774,GPS
12/29/2006,6.107435681,GPS
12/30/2006,6.091884499,GPS
12/31/2006,6.088406809,GPS
1/1/2007,6.089161402,GPS
1/2/2007,6.084010483,GPS
1/3/2007,6.067967176,GPS
1/4/2007,6.066129905,GPS
1/5/2007,6.078793948,GPS
1/6/2007,6.099955366,GPS
1/7/2007,6.109765077,GPS
1/8/2007,6.100874001,GPS
1/9/2007,6.097757203,GPS
1/10/2007,6.088341192,GPS
1/11/2007,6.084305759,GPS
1/12/2007,6.103269014,GPS
1/13/2007,6.10887925,GPS
1/14/2007,6.108387124,GPS
1/15/2007,6.115604972,GPS
1/16/2007,6.114030169,GPS
1/17/2007,6.096904184,GPS
1/18/2007,6.1211824,GPS
1/19/2007,6.106877938,GPS
1/20/2007,6.093164027,GPS
1/21/2007,6.095723082,GPS
1/22/2007,6.09637925,GPS
1/23/2007,6.110454054,GPS
1/24/2007,6.11176639,GPS
1/25/2007,6.113669277,GPS
1/26/2007,6.091326756,GPS
1/27/2007,6.094312321,GPS
1/28/2007,6.090309696,GPS
1/29/2007,6.104646967,GPS
1/30/2007,6.093524919,GPS
1/31/2007,6.080893685,GPS
2/1/2007,6.08919421,GPS
2/2/2007,6.086143029,GPS
2/3/2007,6.09966009,GPS
2/4/2007,6.096248016,GPS
2/5/2007,6.104220458,GPS
2/6/2007,6.113242768,GPS
2/7/2007,6.085060352,GPS
2/8/2007,6.111864815,GPS
2/9/2007,6.07935169,GPS
2/10/2007,6.083649591,GPS
2/11/2007,6.054909432,GPS
2/12/2007,6.105664027,GPS
2/13/2007,6.082829381,GPS
2/14/2007,6.099824132,GPS
2/15/2007,6.104712584,GPS
2/16/2007,6.081254578,GPS
2/17/2007,6.083780824,GPS
2/18/2007,6.082665339,GPS
2/19/2007,6.055926493,GPS
2/20/2007,6.060355627,GPS
2/21/2007,6.063931742,GPS
2/22/2007,6.075185024,GPS
2/23/2007,6.067639092,GPS
2/24/2007,6.069837254,GPS
2/25/2007,6.065539354,GPS
2/26/2007,6.068262451,GPS
2/27/2007,6.067442241,GPS
2/28/2007,6.050873999,GPS
3/1/2007,6.070165338,GPS
3/2/2007,6.082796572,GPS
3/3/2007,6.097658778,GPS
3/4/2007,6.095690274,GPS
3/5/2007,6.061274262,GPS
3/6/2007,6.082599722,GPS
3/7/2007,6.062389748,GPS
3/8/2007,6.072429118,GPS
3/9/2007,6.07895799,GPS
3/10/2007,6.07013253,GPS
3/11/2007,6.076202084,GPS
3/12/2007,6.083518357,GPS
3/13/2007,6.068557727,GPS
3/14/2007,6.065244078,GPS
3/15/2007,6.070394997,GPS
3/16/2007,6.07114959,GPS
3/17/2007,6.066556414,GPS
3/18/2007,6.065309695,GPS
3/19/2007,6.065703396,GPS
3/20/2007,6.064358252,GPS
3/21/2007,6.040506545,GPS
3/22/2007,6.065178462,GPS
3/23/2007,6.069673212,GPS
3/24/2007,6.070624656,GPS
3/25/2007,6.054023606,GPS
3/26/2007,6.076169276,GPS
3/27/2007,6.066884498,GPS
3/28/2007,6.090112846,GPS
3/29/2007,6.104056416,GPS
3/30/2007,6.107009172,GPS
3/31/2007,6.084765076,GPS
4/1/2007,6.082534105,GPS
4/2/2007,6.094476363,GPS
4/3/2007,6.101825444,GPS
4/4/2007,6.097232268,GPS
4/5/2007,6.097068226,GPS
4/6/2007,6.096871376,GPS
4/7/2007,6.067146966,GPS
4/8/2007,6.075939617,GPS
4/9/2007,6.103236206,GPS
4/10/2007,6.103039355,GPS
4/11/2007,6.097790011,GPS
4/12/2007,6.078170588,GPS
4/13/2007,6.109076101,GPS
4/14/2007,6.093196835,GPS
4/15/2007,6.101989486,GPS
4/16/2007,6.10684513,GPS
4/17/2007,6.103236206,GPS
4/18/2007,6.093393686,GPS
4/19/2007,6.115834631,GPS
4/20/2007,6.107435681,GPS
4/21/2007,6.110454054,GPS
4/22/2007,6.098282137,GPS
4/23/2007,6.116753266,GPS
4/24/2007,6.131221771,GPS
4/25/2007,6.12528345,GPS
4/26/2007,6.106123345,GPS
4/27/2007,6.1086824,GPS
4/28/2007,6.117934369,GPS
4/29/2007,6.130434369,GPS
4/30/2007,6.131976364,GPS
5/1/2007,6.123413372,GPS
5/2/2007,6.138078726,GPS
5/3/2007,6.125020983,GPS
5/4/2007,6.122494736,GPS
5/5/2007,6.136832007,GPS
5/6/2007,6.141654842,GPS
5/7/2007,6.130368752,GPS
5/8/2007,6.133846443,GPS
5/9/2007,6.138505236,GPS
5/10/2007,6.152317572,GPS
5/11/2007,6.165047231,GPS
5/12/2007,6.137356942,GPS
5/13/2007,6.143721771,GPS
5/14/2007,6.146379252,GPS
5/15/2007,6.146772952,GPS
5/16/2007,6.164325446,GPS
5/17/2007,6.146904186,GPS
5/18/2007,6.152415997,GPS
5/19/2007,6.144476364,GPS
5/20/2007,6.152219147,GPS
5/21/2007,6.15645143,GPS
5/22/2007,6.158485551,GPS
5/23/2007,6.151628596,GPS
5/24/2007,6.15645143,GPS
5/25/2007,6.15727164,GPS
5/26/2007,6.18433857,GPS
5/27/2007,6.165637782,GPS
5/28/2007,6.166753268,GPS
5/29/2007,6.166654843,GPS
5/30/2007,6.173544607,GPS
5/31/2007,6.180795263,GPS
6/1/2007,6.158059042,GPS
6/2/2007,6.166261142,GPS
6/3/2007,6.177350381,GPS
6/4/2007,6.151267703,GPS
6/5/2007,6.165933058,GPS
6/6/2007,6.13985038,GPS
6/7/2007,6.159240144,GPS
6/8/2007,6.193262455,GPS
6/9/2007,6.182140408,GPS
6/10/2007,6.178170591,GPS
6/11/2007,6.1742992,GPS
6/12/2007,6.160093163,GPS
6/13/2007,6.203301826,GPS
6/14/2007,6.209830697,GPS
6/15/2007,6.197625972,GPS
6/16/2007,6.205007862,GPS
6/17/2007,6.220165343,GPS
6/18/2007,6.183255893,GPS
6/19/2007,6.214522298,GPS
6/20/2007,6.205434372,GPS
6/21/2007,6.214587915,GPS
6/22/2007,6.223347758,GPS
6/23/2007,6.232238834,GPS
6/24/2007,6.229023611,GPS
6/25/2007,6.215539359,GPS
6/26/2007,6.225841196,GPS
6/27/2007,6.235027548,GPS
6/28/2007,6.238341197,GPS
6/29/2007,6.22616928,GPS
6/30/2007,6.212094477,GPS
7/1/2007,6.210782141,GPS
7/2/2007,6.225545921,GPS
7/3/2007,6.23663516,GPS
7/4/2007,6.23151705,GPS
7/5/2007,6.220559044,GPS
7/6/2007,6.216457994,GPS
7/7/2007,6.222002614,GPS
7/8/2007,6.215440934,GPS
7/9/2007,6.244870068,GPS
7/10/2007,6.239686341,GPS
7/11/2007,6.243853008,GPS
7/12/2007,6.231024924,GPS
7/13/2007,6.233452745,GPS
7/14/2007,6.232993428,GPS
7/15/2007,6.23807873,GPS
7/16/2007,6.250906814,GPS
7/17/2007,6.225480304,GPS
7/18/2007,6.245395003,GPS
7/19/2007,6.222133847,GPS
7/20/2007,6.239817575,GPS
7/21/2007,6.231845134,GPS
7/22/2007,6.238931748,GPS
7/23/2007,6.237783454,GPS
7/24/2007,6.213013112,GPS
7/25/2007,6.240211276,GPS
7/26/2007,6.23355117,GPS
7/27/2007,6.228104976,GPS
7/28/2007,6.227120724,GPS
7/29/2007,6.228072168,GPS
7/30/2007,6.233026236,GPS
7/31/2007,6.252547234,GPS
8/1/2007,6.226103664,GPS
8/2/2007,6.238045921,GPS
8/3/2007,6.252087916,GPS
8/4/2007,6.240342509,GPS
8/5/2007,6.22597243,GPS
8/6/2007,6.21714697,GPS
8/7/2007,6.232599727,GPS
8/8/2007,6.236766394,GPS
8/9/2007,6.235093165,GPS
8/10/2007,6.226891065,GPS
8/11/2007,6.229023611,GPS
8/12/2007,6.242737522,GPS
8/13/2007,6.242671906,GPS
8/14/2007,6.239587916,GPS
8/15/2007,6.240703402,GPS
8/16/2007,6.228957994,GPS
8/17/2007,6.243590541,GPS
8/18/2007,6.257009176,GPS
8/19/2007,6.242934373,GPS
8/20/2007,6.254614163,GPS
8/21/2007,6.235125974,GPS
8/22/2007,6.237750646,GPS
8/23/2007,6.219082666,GPS
8/24/2007,6.237717837,GPS
8/25/2007,6.258649596,GPS
8/26/2007,6.226431748,GPS
8/27/2007,6.252284767,GPS
8/28/2007,6.225874005,GPS
8/29/2007,6.271772956,GPS
8/30/2007,6.23807873,GPS
8/31/2007,6.249266394,GPS
9/1/2007,6.254712588,GPS
9/2/2007,6.25940419,GPS
9/3/2007,6.227875317,GPS
9/4/2007,6.227875317,GPS
9/5/2007,6.24135957,GPS
9/6/2007,6.247035423,GPS
9/7/2007,6.240703402,GPS
9/8/2007,6.254253271,GPS
9/9/2007,6.244115475,GPS
9/10/2007,6.269968494,GPS
9/11/2007,6.248019675,GPS
9/12/2007,6.254942247,GPS
9/13/2007,6.250513113,GPS
9/14/2007,6.245723087,GPS
9/15/2007,6.248511801,GPS
9/16/2007,6.240342509,GPS
9/17/2007,6.24217978,GPS
9/18/2007,6.257238835,GPS
9/19/2007,6.235749333,GPS
9/20/2007,6.244771643,GPS
9/21/2007,6.234568231,GPS
9/22/2007,6.218426498,GPS
9/23/2007,6.241129911,GPS
9/24/2007,6.245395003,GPS
9/25/2007,6.262160095,GPS
9/26/2007,6.240080042,GPS
9/27/2007,6.243623349,GPS
9/28/2007,6.22577558,GPS
9/29/2007,6.233780829,GPS
9/30/2007,6.235093165,GPS
10/1/2007,6.235224399,GPS
10/2/2007,6.2235118,GPS
10/3/2007,6.22206823,GPS
10/4/2007,6.204581353,GPS
10/5/2007,6.215408125,GPS
10/6/2007,6.231057732,GPS
10/7/2007,6.233813638,GPS
10/8/2007,6.232206026,GPS
10/9/2007,6.220591852,GPS
10/10/2007,6.230926498,GPS
10/11/2007,6.23745537,GPS
10/12/2007,6.211700776,GPS
10/13/2007,6.213538046,GPS
10/14/2007,6.232895002,GPS
10/15/2007,6.22105117,GPS
10/16/2007,6.213078729,GPS
10/17/2007,6.214915999,GPS
10/18/2007,6.209699464,GPS
10/19/2007,6.209305763,GPS
10/20/2007,6.217212587,GPS
10/21/2007,6.225447496,GPS
10/22/2007,6.238800514,GPS
10/23/2007,6.246149596,GPS
10/24/2007,6.227645658,GPS
10/25/2007,6.23479789,GPS
10/26/2007,6.242245396,GPS
10/27/2007,6.230368756,GPS
10/28/2007,6.24913516,GPS
10/29/2007,6.222429123,GPS
10/30/2007,6.239391066,GPS
10/31/2007,6.239850383,GPS
11/1/2007,6.235519674,GPS
11/2/2007,6.242770331,GPS
11/3/2007,6.24299999,GPS
11/4/2007,6.229089228,GPS
11/5/2007,6.244345134,GPS
11/6/2007,6.254646972,GPS
11/7/2007,6.245296578,GPS
11/8/2007,6.23889894,GPS
11/9/2007,6.230368756,GPS
11/10/2007,6.230040672,GPS
11/11/2007,6.213603663,GPS
11/12/2007,6.22945012,GPS
11/13/2007,6.226562981,GPS
11/14/2007,6.235486866,GPS
11/15/2007,6.235486866,GPS
11/16/2007,6.237422562,GPS
11/17/2007,6.24956167,GPS
11/18/2007,6.244279517,GPS
11/19/2007,6.226759832,GPS
11/20/2007,6.245230961,GPS
11/21/2007,6.227350383,GPS
11/22/2007,6.235749333,GPS
11/23/2007,6.231418624,GPS
11/24/2007,6.222396314,GPS
11/25/2007,6.225381879,GPS
11/26/2007,6.23315747,GPS
11/27/2007,6.228072168,GPS
11/28/2007,6.234601039,GPS
11/29/2007,6.225381879,GPS
11/30/2007,6.22288844,GPS
12/1/2007,6.203367442,GPS
12/2/2007,6.214915999,GPS
12/3/2007,6.230762456,GPS
12/4/2007,6.231943559,GPS
12/5/2007,6.209732272,GPS
12/6/2007,6.210782141,GPS
12/7/2007,6.195329384,GPS
12/8/2007,6.177022297,GPS
12/9/2007,6.209601038,GPS
12/10/2007,6.224725711,GPS
12/11/2007,6.212422561,GPS
12/12/2007,6.22616928,GPS
12/13/2007,6.207370067,GPS
12/14/2007,6.192376628,GPS
12/15/2007,6.18824277,GPS
12/16/2007,6.213341196,GPS
12/17/2007,6.206877941,GPS
12/18/2007,6.179975053,GPS
12/19/2007,6.179351694,GPS
12/20/2007,6.191556418,GPS
12/21/2007,6.210421248,GPS
12/22/2007,6.21058529,GPS
12/23/2007,6.215801826,GPS
12/24/2007,6.179482927,GPS
12/25/2007,6.177973741,GPS
12/26/2007,6.195690277,GPS
12/27/2007,6.179909436,GPS
12/28/2007,6.193557731,GPS
12/29/2007,6.184076103,GPS
12/30/2007,6.189751956,GPS
12/31/2007,6.202842508,GPS
1/1/2008,6.219968493,GPS
1/2/2008,6.209502613,GPS
1/3/2008,6.191195526,GPS
1/4/2008,6.161667966,GPS
1/5/2008,6.155204711,GPS
1/6/2008,6.170755893,GPS
1/7/2008,6.169804449,GPS
1/8/2008,6.197691589,GPS
1/9/2008,6.170263767,GPS
1/10/2008,6.180992114,GPS
1/11/2008,6.202842508,GPS
1/12/2008,6.18351836,GPS
1/13/2008,6.206353007,GPS
1/14/2008,6.202153532,GPS
1/15/2008,6.195690277,GPS
1/16/2008,6.19706823,GPS
1/17/2008,6.202153532,GPS
1/18/2008,6.184633846,GPS
1/19/2008,6.203892377,GPS
1/20/2008,6.200874004,GPS
1/21/2008,6.172429121,GPS
1/22/2008,6.185093164,GPS
1/23/2008,6.19296718,GPS
1/24/2008,6.17941731,GPS
1/25/2008,6.177809699,GPS
1/26/2008,6.177711274,GPS
1/27/2008,6.151825446,GPS
1/28/2008,6.168918622,GPS
1/29/2008,6.180499988,GPS
1/30/2008,6.181024922,GPS
1/31/2008,6.19214697,GPS
2/1/2008,6.188177153,GPS
2/2/2008,6.202678466,GPS
2/3/2008,6.163800512,GPS
2/4/2008,6.184732271,GPS
2/5/2008,6.17574277,GPS
2/6/2008,6.19316403,GPS
2/7/2008,6.19152361,GPS
2/8/2008,6.190440933,GPS
2/9/2008,6.189161405,GPS
2/10/2008,6.187389752,GPS
2/11/2008,6.17265878,GPS
2/12/2008,6.18023752,GPS
2/13/2008,6.164062979,GPS
2/14/2008,6.163374003,GPS
2/15/2008,6.17758004,GPS
2/16/2008,6.181812324,GPS
2/17/2008,6.172494738,GPS
2/18/2008,6.174824134,GPS
2/19/2008,6.183387127,GPS
2/20/2008,6.177908124,GPS
2/21/2008,6.168885814,GPS
2/22/2008,6.169509174,GPS
2/23/2008,6.175414686,GPS
2/24/2008,6.160486864,GPS
2/25/2008,6.178170591,GPS
2/26/2008,6.199660093,GPS
2/27/2008,6.194279516,GPS
2/28/2008,6.18578214,GPS
2/29/2008,6.175447494,GPS
3/1/2008,6.188603662,GPS
3/2/2008,6.185355631,GPS
3/3/2008,6.17531626,GPS
3/4/2008,6.180762455,GPS
3/5/2008,6.172888439,GPS
3/6/2008,6.181385814,GPS
3/7/2008,6.198577416,GPS
3/8/2008,6.166359567,GPS
3/9/2008,6.168196838,GPS
3/10/2008,6.188013111,GPS
3/11/2008,6.167212586,GPS
3/12/2008,6.184502612,GPS
3/13/2008,6.162488176,GPS
3/14/2008,6.168492113,GPS
3/15/2008,6.175972428,GPS
3/16/2008,6.175480302,GPS
3/17/2008,6.185257206,GPS
3/18/2008,6.194082665,GPS
3/19/2008,6.186700775,GPS
3/20/2008,6.189391064,GPS
3/21/2008,6.199430434,GPS
3/22/2008,6.191129909,GPS
3/23/2008,6.206156156,GPS
3/24/2008,6.201956681,GPS
3/25/2008,6.18269815,GPS
3/26/2008,6.189030172,GPS
3/27/2008,6.189915998,GPS
3/28/2008,6.204417311,GPS
3/29/2008,6.187652219,GPS
3/30/2008,6.188111536,GPS
3/31/2008,6.188374004,GPS
4/1/2008,6.186635158,GPS
4/2/2008,6.172593163,GPS
4/3/2008,6.210290015,GPS
4/4/2008,6.198610224,GPS
4/5/2008,6.175217835,GPS
4/6/2008,6.203859568,GPS
4/7/2008,6.189817573,GPS
4/8/2008,6.186011799,GPS
4/9/2008,6.173544607,GPS
4/10/2008,6.191687652,GPS
4/11/2008,6.211372692,GPS
4/12/2008,6.209994739,GPS
4/13/2008,6.209535422,GPS
4/14/2008,6.199266392,GPS
4/15/2008,6.174200775,GPS
4/16/2008,6.20464697,GPS
4/17/2008,6.205565605,GPS
4/18/2008,6.195198151,GPS
4/19/2008,6.20362991,GPS
4/20/2008,6.198249332,GPS
4/21/2008,6.206812324,GPS
4/22/2008,6.207895002,GPS
4/23/2008,6.195132534,GPS
4/24/2008,6.21222571,GPS
4/25/2008,6.226759832,GPS
4/26/2008,6.225709963,GPS
4/27/2008,6.223183716,GPS
4/28/2008,6.215178466,GPS
4/29/2008,6.212619411,GPS
4/30/2008,6.217311012,GPS
5/1/2008,6.227744084,GPS
5/2/2008,6.206353007,GPS
5/3/2008,6.198643033,GPS
5/4/2008,6.213406813,GPS
5/5/2008,6.215178466,GPS
5/6/2008,6.224430435,GPS
5/7/2008,6.188341195,GPS
5/8/2008,6.225217837,GPS
5/9/2008,6.223544608,GPS
5/10/2008,6.213964556,GPS
5/11/2008,6.20445012,GPS
5/12/2008,6.202284765,GPS
5/13/2008,6.208813637,GPS
5/14/2008,6.241720462,GPS
5/15/2008,6.231779517,GPS
5/16/2008,6.225874005,GPS
5/17/2008,6.23437138,GPS
5/18/2008,6.23233726,GPS
5/19/2008,6.23191075,GPS
5/20/2008,6.218032797,GPS
5/21/2008,6.201136471,GPS
5/22/2008,6.195887127,GPS
5/23/2008,6.211241458,GPS
5/24/2008,6.224496052,GPS
5/25/2008,6.218360881,GPS
5/26/2008,6.218885816,GPS
5/27/2008,6.232271643,GPS
5/28/2008,6.250611538,GPS
5/29/2008,6.251038048,GPS
5/30/2008,6.235125974,GPS
5/31/2008,6.24956167,GPS
6/1/2008,6.238505239,GPS
6/2/2008,6.239128598,GPS
6/3/2008,6.246444872,GPS
6/4/2008,6.221215212,GPS
6/5/2008,6.226628598,GPS
6/6/2008,6.227744084,GPS
6/7/2008,6.231845134,GPS
6/8/2008,6.268853009,GPS
6/9/2008,6.343524927,GPS
6/10/2008,6.239555108,GPS
6/11/2008,6.245493428,GPS
6/12/2008,6.238209963,GPS
6/13/2008,6.255335948,GPS
6/14/2008,6.251694216,GPS
6/15/2008,6.253498678,GPS
6/16/2008,6.245099727,GPS
6/17/2008,6.255040672,GPS
6/18/2008,6.25221915,GPS
6/19/2008,6.277153534,GPS
6/20/2008,6.267540673,GPS
6/21/2008,6.273938311,GPS
6/22/2008,6.316228338,GPS
6/23/2008,6.382599732,GPS
6/24/2008,6.25651705,GPS
6/25/2008,6.258124662,GPS
6/26/2008,6.259765082,GPS
6/27/2008,6.250349071,GPS
6/28/2008,6.255106289,GPS
6/29/2008,6.262356946,GPS
6/30/2008,6.286897629,GPS
7/1/2008,6.27334776,GPS
7/2/2008,6.276431749,GPS
7/3/2008,6.26553936,GPS
7/4/2008,6.265244085,GPS
7/5/2008,6.269476368,GPS
7/6/2008,6.286963246,GPS
7/7/2008,6.265736211,GPS
7/8/2008,6.257829386,GPS
7/9/2008,6.249988179,GPS
7/10/2008,6.238702089,GPS
7/11/2008,6.266589229,GPS
7/12/2008,6.280499991,GPS
7/13/2008,6.2602244,GPS
7/14/2008,6.251661407,GPS
7/15/2008,6.261635161,GPS
7/16/2008,6.283091854,GPS
7/17/2008,6.262225712,GPS
7/18/2008,6.273643035,GPS
7/19/2008,6.26124146,GPS
7/20/2008,6.269148284,GPS
7/21/2008,6.279253272,GPS
7/22/2008,6.288406815,GPS
7/23/2008,6.282927812,GPS
7/24/2008,6.279351697,GPS
7/25/2008,6.26616272,GPS
7/26/2008,6.284633849,GPS
7/27/2008,6.266523612,GPS
7/28/2008,6.263341198,GPS
7/29/2008,6.25714041,GPS
7/30/2008,6.253465869,GPS
7/31/2008,6.25979789,GPS
8/1/2008,6.256681092,GPS
8/2/2008,6.252973743,GPS
8/3/2008,6.264850384,GPS
8/4/2008,6.283255896,GPS
8/5/2008,6.273413376,GPS
8/6/2008,6.26553936,GPS
8/7/2008,6.275414689,GPS
8/8/2008,6.263833324,GPS
8/9/2008,6.271313639,GPS
8/10/2008,6.274200778,GPS
8/11/2008,6.293820201,GPS
8/12/2008,6.275480306,GPS
8/13/2008,6.26389894,GPS
8/14/2008,6.26616272,GPS
8/15/2008,6.284240148,GPS
8/16/2008,6.281845135,GPS
8/17/2008,6.276792642,GPS
8/18/2008,6.288078731,GPS
8/19/2008,6.270296578,GPS
8/20/2008,6.278170594,GPS
8/21/2008,6.284305765,GPS
8/22/2008,6.26944356,GPS
8/23/2008,6.28237007,GPS
8/24/2008,6.282206028,GPS
8/25/2008,6.304482931,GPS
8/26/2008,6.275906815,GPS
8/27/2008,6.276792642,GPS
8/28/2008,6.263669282,GPS
8/29/2008,6.27292125,GPS
8/30/2008,6.267967182,GPS
8/31/2008,6.28647112,GPS
9/1/2008,6.304351698,GPS
9/2/2008,6.318918627,GPS
9/3/2008,6.27682545,GPS
9/4/2008,6.286963246,GPS
9/5/2008,6.317475058,GPS
9/6/2008,6.294345136,GPS
9/7/2008,6.285585293,GPS
9/8/2008,6.29221259,GPS
9/9/2008,6.273150909,GPS
9/10/2008,6.292704716,GPS
9/11/2008,6.291523613,GPS
9/12/2008,6.274266395,GPS
9/13/2008,6.280434374,GPS
9/14/2008,6.300349073,GPS
9/15/2008,6.304548548,GPS
9/16/2008,6.312258522,GPS
9/17/2008,6.310814952,GPS
9/18/2008,6.298544611,GPS
9/19/2008,6.29014566,GPS
9/20/2008,6.278072169,GPS
9/21/2008,6.283813639,GPS
9/22/2008,6.29139238,GPS
9/23/2008,6.28194356,GPS
9/24/2008,6.273511802,GPS
9/25/2008,6.288374007,GPS
9/26/2008,6.276694216,GPS
9/27/2008,6.281156159,GPS
9/28/2008,6.285191592,GPS
9/29/2008,6.301759834,GPS
9/30/2008,6.272593166,GPS
10/1/2008,6.28932545,GPS
10/2/2008,6.261602352,GPS
10/3/2008,6.262389754,GPS
10/4/2008,6.263636473,GPS
10/5/2008,6.286930437,GPS
10/6/2008,6.276234899,GPS
10/7/2008,6.277251959,GPS
10/8/2008,6.283780831,GPS
10/9/2008,6.278433062,GPS
10/10/2008,6.290637786,GPS
10/11/2008,6.295723088,GPS
10/12/2008,6.297888443,GPS
10/13/2008,6.291753272,GPS
10/14/2008,6.287192904,GPS
10/15/2008,6.287520988,GPS
10/16/2008,6.291720464,GPS
10/17/2008,6.306845136,GPS
10/18/2008,6.28237007,GPS
10/19/2008,6.269771644,GPS
10/20/2008,6.271313639,GPS
10/21/2008,6.287324138,GPS
10/22/2008,6.28565091,GPS
10/23/2008,6.283059046,GPS
10/24/2008,6.277809702,GPS
10/25/2008,6.278498678,GPS
10/26/2008,6.298577419,GPS
10/27/2008,6.311143036,GPS
10/28/2008,6.302350385,GPS
10/29/2008,6.281156159,GPS
10/30/2008,6.279253272,GPS
10/31/2008,6.29506692,GPS
11/1/2008,6.27354461,GPS
11/2/2008,6.245723087,GPS
11/3/2008,6.266622038,GPS
11/4/2008,6.270001303,GPS
11/5/2008,6.281713902,GPS
11/6/2008,6.296083981,GPS
11/7/2008,6.286077419,GPS
11/8/2008,6.2934265,GPS
11/9/2008,6.257009176,GPS
11/10/2008,6.271477681,GPS
11/11/2008,6.266687654,GPS
11/12/2008,6.27744881,GPS
11/13/2008,6.268853009,GPS
11/14/2008,6.263931749,GPS
11/15/2008,6.270001303,GPS
11/16/2008,6.266753271,GPS
11/17/2008,6.288767708,GPS
11/18/2008,6.290112852,GPS
11/19/2008,6.2848307,GPS
11/20/2008,6.278433062,GPS
11/21/2008,6.276497366,GPS
11/22/2008,6.260585292,GPS
11/23/2008,6.271641723,GPS
11/24/2008,6.265080043,GPS
11/25/2008,6.273872694,GPS
11/26/2008,6.250906814,GPS
11/27/2008,6.261930436,GPS
11/28/2008,6.26553936,GPS
11/29/2008,6.266228337,GPS
11/30/2008,6.25057873,GPS
12/1/2008,6.246444872,GPS
12/2/2008,6.261733586,GPS
12/3/2008,6.253728336,GPS
12/4/2008,6.268688967,GPS
12/5/2008,6.270362195,GPS
12/6/2008,6.259535423,GPS
12/7/2008,6.243098415,GPS
12/8/2008,6.244476368,GPS
12/9/2008,6.25897768,GPS
12/10/2008,6.269935686,GPS
12/11/2008,6.251464557,GPS
12/12/2008,6.234010488,GPS
12/13/2008,6.233715212,GPS
12/14/2008,6.242278205,GPS
12/15/2008,6.237881879,GPS
12/16/2008,6.236241459,GPS
12/17/2008,6.240834635,GPS
12/18/2008,6.251070856,GPS
12/19/2008,6.250020987,GPS
12/20/2008,6.266556421,GPS
12/21/2008,6.259305764,GPS
12/22/2008,6.235847758,GPS
12/23/2008,6.237849071,GPS
12/24/2008,6.220559044,GPS
12/25/2008,6.231779517,GPS
12/26/2008,6.228925186,GPS
12/27/2008,6.242343822,GPS
12/28/2008,6.247954058,GPS
12/29/2008,6.249824137,GPS
12/30/2008,6.26104461,GPS
12/31/2008,6.25612335,GPS
1/1/2009,6.237225711,GPS
1/2/2009,6.228662719,GPS
1/3/2009,6.215965868,GPS
1/4/2009,6.232107601,GPS
1/5/2009,6.22413516,GPS
1/6/2009,6.23151705,GPS
1/7/2009,6.229548546,GPS
1/8/2009,6.228597102,GPS
1/9/2009,6.24175327,GPS
1/10/2009,6.257402877,GPS
1/11/2009,6.268557733,GPS
1/12/2009,6.261897628,GPS
1/13/2009,6.255040672,GPS
1/14/2009,6.244148284,GPS
1/15/2009,6.247002614,GPS
1/16/2009,6.253301827,GPS
1/17/2009,6.243360882,GPS
1/18/2009,6.252908126,GPS
1/19/2009,6.24503411,GPS
1/20/2009,6.231418624,GPS
1/21/2009,6.22413516,GPS
1/22/2009,6.214030172,GPS
1/23/2009,6.223085291,GPS
1/24/2009,6.236044609,GPS
1/25/2009,6.226267706,GPS
1/26/2009,6.22577558,GPS
1/27/2009,6.224069543,GPS
1/28/2009,6.242639097,GPS
1/29/2009,6.239194215,GPS
1/30/2009,6.23683201,GPS
1/31/2009,6.220690278,GPS
2/1/2009,6.219443558,GPS
2/2/2009,6.23007348,GPS
2/3/2009,6.229581354,GPS
2/4/2009,6.226136472,GPS
2/5/2009,6.21120865,GPS
2/6/2009,6.206845133,GPS
2/7/2009,6.211864818,GPS
2/8/2009,6.211700776,GPS
2/9/2009,6.204975054,GPS
2/10/2009,6.208682403,GPS
2/11/2009,6.210716524,GPS
2/12/2009,6.212685028,GPS
2/13/2009,6.210749332,GPS
2/14/2009,6.206221773,GPS
2/15/2009,6.215047233,GPS
2/16/2009,6.185716523,GPS
2/17/2009,6.179745394,GPS
2/18/2009,6.196772954,GPS
2/19/2009,6.221280829,GPS
2/20/2009,6.231812325,GPS
2/21/2009,6.223544608,GPS
2/22/2009,6.213767705,GPS
2/23/2009,6.233321512,GPS
2/24/2009,6.223872692,GPS
2/25/2009,6.213078729,GPS
2/26/2009,6.211241458,GPS
2/27/2009,6.220198152,GPS
2/28/2009,6.217475054,GPS
3/1/2009,6.210158781,GPS
3/2/2009,6.217048545,GPS
3/3/2009,6.19336088,GPS
3/4/2009,6.205696839,GPS
3/5/2009,6.221149595,GPS
3/6/2009,6.196280828,GPS
3/7/2009,6.211274267,GPS
3/8/2009,6.209929122,GPS
3/9/2009,6.205959306,GPS
3/10/2009,6.204122036,GPS
3/11/2009,6.214161406,GPS
3/12/2009,6.231582666,GPS
3/13/2009,6.222527548,GPS
3/14/2009,6.213439621,GPS
3/15/2009,6.204778204,GPS
3/16/2009,6.231877942,GPS
3/17/2009,6.213013112,GPS
3/18/2009,6.234568231,GPS
3/19/2009,6.228137784,GPS
3/20/2009,6.232271643,GPS
3/21/2009,6.225316262,GPS
3/22/2009,6.221444871,GPS
3/23/2009,6.234076105,GPS
3/24/2009,6.237619412,GPS
3/25/2009,6.239751958,GPS
3/26/2009,6.228990803,GPS
3/27/2009,6.232304451,GPS
3/28/2009,6.239555108,GPS
3/29/2009,6.21878739,GPS
3/30/2009,6.224299202,GPS
3/31/2009,6.239358257,GPS
4/1/2009,6.21593306,GPS
4/2/2009,6.23745537,GPS
4/3/2009,6.218951432,GPS
4/4/2009,6.240965869,GPS
4/5/2009,6.259141722,GPS
4/6/2009,6.261503927,GPS
4/7/2009,6.251759832,GPS
4/8/2009,6.223413375,GPS
4/9/2009,6.244476368,GPS
4/10/2009,6.236602352,GPS
4/11/2009,6.251300515,GPS
4/12/2009,6.276891067,GPS
4/13/2009,6.245395003,GPS
4/14/2009,6.25714041,GPS
4/15/2009,6.260388442,GPS
4/16/2009,6.26432545,GPS
4/17/2009,6.273872694,GPS
4/18/2009,6.26307873,GPS
4/19/2009,6.256090541,GPS
4/20/2009,6.255270331,GPS
4/21/2009,6.266293954,GPS
4/22/2009,6.254515738,GPS
4/23/2009,6.253137785,GPS
4/24/2009,6.269935686,GPS
4/25/2009,6.286405503,GPS
4/26/2009,6.295034112,GPS
4/27/2009,6.268721775,GPS
4/28/2009,6.284174532,GPS
4/29/2009,6.287717839,GPS
4/30/2009,6.288406815,GPS
5/1/2009,6.286733587,GPS
5/2/2009,6.298446186,GPS
5/3/2009,6.296772957,GPS
5/4/2009,6.271313639,GPS
5/5/2009,6.264391066,GPS
5/6/2009,6.296543298,GPS
5/7/2009,6.29057217,GPS
5/8/2009,6.259043297,GPS
5/9/2009,6.276038048,GPS
5/10/2009,6.282074794,GPS
5/11/2009,6.269738836,GPS
5/12/2009,6.280631224,GPS
5/13/2009,6.264686342,GPS
5/14/2009,6.27006692,GPS
5/15/2009,6.279778206,GPS
5/16/2009,6.291917314,GPS
5/17/2009,6.296576107,GPS
5/18/2009,6.269213901,GPS
5/19/2009,6.286832012,GPS
5/20/2009,6.267114164,GPS
5/21/2009,6.263374006,GPS
5/22/2009,6.290440936,GPS
5/23/2009,6.286733587,GPS
5/24/2009,6.289522301,GPS
5/25/2009,6.271412064,GPS
5/26/2009,6.233026236,GPS
5/27/2009,6.270624662,GPS
5/28/2009,6.251989491,GPS
5/29/2009,6.265736211,GPS
5/30/2009,6.265506552,GPS
5/31/2009,6.273807077,GPS
6/1/2009,6.261733586,GPS
6/2/2009,6.294377944,GPS
6/3/2009,6.282337261,GPS
6/4/2009,6.267212589,GPS
6/5/2009,6.275447497,GPS
6/6/2009,6.259043297,GPS
6/7/2009,6.270526237,GPS
6/8/2009,6.264062982,GPS
6/9/2009,6.250545922,GPS
6/10/2009,6.255073481,GPS
6/11/2009,6.284436999,GPS
6/12/2009,6.286799204,GPS
6/13/2009,6.2727244,GPS
6/14/2009,6.274791329,GPS
6/15/2009,6.273052484,GPS
6/16/2009,6.27170734,GPS
6/17/2009,6.250841197,GPS
6/18/2009,6.286799204,GPS
6/19/2009,6.362291332,GPS
6/20/2009,6.257993428,GPS
6/21/2009,6.260913376,GPS
6/22/2009,6.270723088,GPS
6/23/2009,6.25796062,GPS
6/24/2009,6.272593166,GPS
6/25/2009,6.270657471,GPS
6/26/2009,6.2852244,GPS
6/27/2009,6.287553797,GPS
6/28/2009,6.267737523,GPS
6/29/2009,6.274627287,GPS
6/30/2009,6.258748022,GPS
7/1/2009,6.257435686,GPS
7/2/2009,6.278826762,GPS
7/3/2009,6.260782142,GPS
7/4/2009,6.271674531,GPS
7/5/2009,6.276333324,GPS
7/6/2009,6.273774269,GPS
7/7/2009,6.259174531,GPS
7/8/2009,6.257009176,GPS
7/9/2009,6.28502755,GPS
7/10/2009,6.263767707,GPS
7/11/2009,6.275611539,GPS
7/12/2009,6.282829387,GPS
7/13/2009,6.276956684,GPS
7/14/2009,6.275414689,GPS
7/15/2009,6.268459308,GPS
7/16/2009,6.278531487,GPS
7/17/2009,6.25057873,GPS
7/18/2009,6.277055109,GPS
7/19/2009,6.297625976,GPS
7/20/2009,6.29588713,GPS
7/21/2009,6.267409439,GPS
7/22/2009,6.258748022,GPS
7/23/2009,6.268131224,GPS
7/24/2009,6.275053796,GPS
7/25/2009,6.28010629,GPS
7/26/2009,6.314653535,GPS
7/27/2009,6.29385301,GPS
7/28/2009,6.289194217,GPS
7/29/2009,6.266392379,GPS
7/30/2009,6.286602353,GPS
7/31/2009,6.29158923,GPS
8/1/2009,6.265276893,GPS
8/2/2009,6.285913377,GPS
8/3/2009,6.291031487,GPS
8/4/2009,6.279679781,GPS
8/5/2009,6.293951435,GPS
8/6/2009,6.312750648,GPS
8/7/2009,6.295230962,GPS
8/8/2009,6.299299204,GPS
8/9/2009,6.29178608,GPS
8/10/2009,6.288275582,GPS
8/11/2009,6.288144348,GPS
8/12/2009,6.302612852,GPS
8/13/2009,6.280401566,GPS
8/14/2009,6.28319028,GPS
8/15/2009,6.276989492,GPS
8/16/2009,6.284469807,GPS
8/17/2009,6.275874006,GPS
8/18/2009,6.269312326,GPS
8/19/2009,6.275677156,GPS
8/20/2009,6.295395004,GPS
8/21/2009,6.285257209,GPS
8/22/2009,6.302580044,GPS
8/23/2009,6.283059046,GPS
8/24/2009,6.291293954,GPS
8/25/2009,6.284765083,GPS
8/26/2009,6.294804453,GPS
8/27/2009,6.284863508,GPS
8/28/2009,6.297560359,GPS
8/29/2009,6.306451435,GPS
8/30/2009,6.289587918,GPS
8/31/2009,6.294935687,GPS
9/1/2009,6.291884506,GPS
9/2/2009,6.288833324,GPS
9/3/2009,6.301792642,GPS
9/4/2009,6.295788705,GPS
9/5/2009,6.298807078,GPS
9/6/2009,6.280270332,GPS
9/7/2009,6.296248023,GPS
9/8/2009,6.278957996,GPS
9/9/2009,6.289850385,GPS
9/10/2009,6.29877427,GPS
9/11/2009,6.299102354,GPS
9/12/2009,6.27928608,GPS
9/13/2009,6.27518503,GPS
9/14/2009,6.271740148,GPS
9/15/2009,6.285585293,GPS
9/16/2009,6.29240944,GPS
9/17/2009,6.295952747,GPS
9/18/2009,6.282730962,GPS
9/19/2009,6.284699466,GPS
9/20/2009,6.287881881,GPS
9/21/2009,6.29221259,GPS
9/22/2009,6.292048548,GPS
9/23/2009,6.285978994,GPS
9/24/2009,6.278334636,GPS
9/25/2009,6.283944873,GPS
9/26/2009,6.281779518,GPS
9/27/2009,6.277383193,GPS
9/28/2009,6.275119413,GPS
9/29/2009,6.26924671,GPS
9/30/2009,6.298807078,GPS
10/1/2009,6.28112335,GPS
10/2/2009,6.286011802,GPS
10/3/2009,6.269574794,GPS
10/4/2009,6.274594479,GPS
10/5/2009,6.289391067,GPS
10/6/2009,6.275053796,GPS
10/7/2009,6.274725712,GPS
10/8/2009,6.281845135,GPS
10/9/2009,6.292475057,GPS
10/10/2009,6.281320201,GPS
10/11/2009,6.276694216,GPS
10/12/2009,6.305565608,GPS
10/13/2009,6.258551171,GPS
10/14/2009,6.273183718,GPS
10/15/2009,6.300742774,GPS
10/16/2009,6.311832013,GPS
10/17/2009,6.307271645,GPS
10/18/2009,6.288078731,GPS
10/19/2009,6.260125974,GPS
10/20/2009,6.289719151,GPS
10/21/2009,6.278695529,GPS
10/22/2009,6.272855634,GPS
10/23/2009,6.278728337,GPS
10/24/2009,6.277809702,GPS
10/25/2009,6.279187655,GPS
10/26/2009,6.273643035,GPS
10/27/2009,6.266326762,GPS
10/28/2009,6.260257208,GPS
10/29/2009,6.273478993,GPS
10/30/2009,6.291261146,GPS
10/31/2009,6.281418626,GPS
11/1/2009,6.273511802,GPS
11/2/2009,6.282009177,GPS
11/3/2009,6.283059046,GPS
11/4/2009,6.289358259,GPS
11/5/2009,6.272790017,GPS
11/6/2009,6.283912064,GPS
11/7/2009,6.269082668,GPS
11/8/2009,6.271969807,GPS
11/9/2009,6.282829387,GPS
11/10/2009,6.301530175,GPS
11/11/2009,6.28319028,GPS
11/12/2009,6.271215214,GPS
11/13/2009,6.263833324,GPS
11/14/2009,6.2770223,GPS
11/15/2009,6.282698154,GPS
11/16/2009,6.280467182,GPS
11/17/2009,6.265670594,GPS
11/18/2009,6.263177156,GPS
11/19/2009,6.27354461,GPS
11/20/2009,6.27456167,GPS
11/21/2009,6.237488178,GPS
11/22/2009,6.274003928,GPS
11/23/2009,6.255434373,GPS
11/24/2009,6.286832012,GPS
11/25/2009,6.281451434,GPS
11/26/2009,6.283912064,GPS
11/27/2009,6.274397628,GPS
11/28/2009,6.260027549,GPS
11/29/2009,6.274528862,GPS
11/30/2009,6.258387129,GPS
12/1/2009,6.272986867,GPS
12/2/2009,6.270296578,GPS
12/3/2009,6.268459308,GPS
12/4/2009,6.26964041,GPS
12/5/2009,6.269345135,GPS
12/6/2009,6.255040672,GPS
12/7/2009,6.247625974,GPS
12/8/2009,6.251661407,GPS
12/9/2009,6.259666657,GPS
12/10/2009,6.267146972,GPS
12/11/2009,6.265769019,GPS
12/12/2009,6.266293954,GPS
12/13/2009,6.261832011,GPS
12/14/2009,6.281156159,GPS
12/15/2009,6.291359571,GPS
12/16/2009,6.305204716,GPS
12/17/2009,6.288833324,GPS
12/18/2009,6.269771644,GPS
12/19/2009,6.26432545,GPS
12/20/2009,6.283846448,GPS
12/21/2009,6.272855634,GPS
12/22/2009,6.240572168,GPS
12/23/2009,6.266622038,GPS
12/24/2009,6.271149597,GPS
12/25/2009,6.257107602,GPS
12/26/2009,6.270559046,GPS
12/27/2009,6.265506552,GPS
12/28/2009,6.262750646,GPS
12/29/2009,6.266654846,GPS
12/30/2009,6.266097103,GPS
12/31/2009,6.27682545,GPS
1/1/2010,6.280139098,GPS
1/2/2010,6.281713902,GPS
1/3/2010,6.262389754,GPS
1/4/2010,6.27620209,GPS
1/5/2010,6.282829387,GPS
1/6/2010,6.26042125,GPS
1/7/2010,6.279351697,GPS
1/8/2010,6.263767707,GPS
1/9/2010,6.279351697,GPS
1/10/2010,6.260060358,GPS
1/11/2010,6.264030174,GPS
1/12/2010,6.248708651,GPS
1/13/2010,6.252055108,GPS
1/14/2010,6.274856946,GPS
1/15/2010,6.26964041,GPS
1/16/2010,6.264194216,GPS
1/17/2010,6.236930436,GPS
1/18/2010,6.216523611,GPS
1/19/2010,6.220099726,GPS
1/20/2010,6.212324136,GPS
1/21/2010,6.217212587,GPS
1/22/2010,6.218492115,GPS
1/23/2010,6.237061669,GPS
1/24/2010,6.257632536,GPS
1/25/2010,6.261569544,GPS
1/26/2010,6.264292641,GPS
1/27/2010,6.248774268,GPS
1/28/2010,6.277514426,GPS
1/29/2010,6.280073482,GPS
1/30/2010,6.262192904,GPS
1/31/2010,6.264095791,GPS
2/1/2010,6.252153533,GPS
2/2/2010,6.228761144,GPS
2/3/2010,6.239653533,GPS
2/4/2010,6.244115475,GPS
2/5/2010,6.258026237,GPS
2/6/2010,6.235388441,GPS
2/7/2010,6.240965869,GPS
2/8/2010,6.244082667,GPS
2/9/2010,6.247363507,GPS
2/10/2010,6.251956683,GPS
2/11/2010,6.264981618,GPS
2/12/2010,6.256156158,GPS
2/13/2010,6.249528861,GPS
2/14/2010,6.254548546,GPS
2/15/2010,6.249233586,GPS
2/16/2010,6.259043297,GPS
2/17/2010,6.25530314,GPS
2/18/2010,6.260322825,GPS
2/19/2010,6.260355633,GPS
2/20/2010,6.232599727,GPS
2/21/2010,6.233485554,GPS
2/22/2010,6.254975056,GPS
2/23/2010,6.267901565,GPS
2/24/2010,6.255598415,GPS
2/25/2010,6.245887129,GPS
2/26/2010,6.262717838,GPS
2/27/2010,6.236077417,GPS
2/28/2010,6.233944871,GPS
3/1/2010,6.244935685,GPS
3/2/2010,6.244148284,GPS
3/3/2010,6.235093165,GPS
3/4/2010,6.247822824,GPS
3/5/2010,6.249036735,GPS
3/6/2010,6.239883192,GPS
3/7/2010,6.231943559,GPS
3/8/2010,6.221116787,GPS
3/9/2010,6.221641721,GPS
3/10/2010,6.225053795,GPS
3/11/2010,6.236143034,GPS
3/12/2010,6.228531485,GPS
3/13/2010,6.223347758,GPS
3/14/2010,6.226825448,GPS
3/15/2010,6.249364819,GPS
3/16/2010,6.243557732,GPS
3/17/2010,6.248511801,GPS
3/18/2010,6.247068231,GPS
3/19/2010,6.231943559,GPS
3/20/2010,6.235027548,GPS
3/21/2010,6.227350383,GPS
3/22/2010,6.231615475,GPS
3/23/2010,6.233616787,GPS
3/24/2010,6.229417312,GPS
3/25/2010,6.224561669,GPS
3/26/2010,6.223150908,GPS
3/27/2010,6.242475055,GPS
3/28/2010,6.235224399,GPS
3/29/2010,6.241786079,GPS
3/30/2010,6.187324135,GPS
3/31/2010,6.211339884,GPS
4/1/2010,6.231254582,GPS
4/2/2010,6.225841196,GPS
4/3/2010,6.22433201,GPS
4/4/2010,6.231681092,GPS
4/5/2010,6.213570855,GPS
4/6/2010,6.234469806,GPS
4/7/2010,6.234502614,GPS
4/8/2010,6.236110226,GPS
4/9/2010,6.231385816,GPS
4/10/2010,6.218557732,GPS
4/11/2010,6.237816262,GPS
4/12/2010,6.219115474,GPS
4/13/2010,6.239194215,GPS
4/14/2010,6.250841197,GPS
4/15/2010,6.239227024,GPS
4/16/2010,6.250841197,GPS
4/17/2010,6.238964556,GPS
4/18/2010,6.226891065,GPS
4/19/2010,6.23007348,GPS
4/20/2010,6.217475054,GPS
4/21/2010,6.215440934,GPS
4/22/2010,6.222658782,GPS
4/23/2010,6.222101039,GPS
4/24/2010,6.22331495,GPS
4/25/2010,6.233780829,GPS
4/26/2010,6.247560357,GPS
4/27/2010,6.221608913,GPS
4/28/2010,6.233846446,GPS
4/29/2010,6.219148283,GPS
4/30/2010,6.221707338,GPS
5/1/2010,6.234535422,GPS
5/2/2010,6.219673217,GPS
5/3/2010,6.235257207,GPS
5/4/2010,6.232599727,GPS
5/5/2010,6.235716525,GPS
5/6/2010,6.239194215,GPS
5/7/2010,6.2360118,GPS
5/8/2010,6.247822824,GPS
5/9/2010,6.243754583,GPS
5/10/2010,6.243459307,GPS
5/11/2010,6.227251958,GPS
5/12/2010,6.238439622,GPS
5/13/2010,6.236339884,GPS
5/14/2010,6.252153533,GPS
5/15/2010,6.238570856,GPS
5/16/2010,6.240506551,GPS
5/17/2010,6.226398939,GPS
5/18/2010,6.244377942,GPS
5/19/2010,6.251038048,GPS
5/20/2010,6.234305764,GPS
5/21/2010,6.243164032,GPS
5/22/2010,6.232206026,GPS
5/23/2010,6.236799202,GPS
5/24/2010,6.251956683,GPS
5/25/2010,6.2766286,GPS
5/26/2010,6.245329386,GPS
5/27/2010,6.237553795,GPS
5/28/2010,6.252514426,GPS
5/29/2010,6.242475055,GPS
5/30/2010,6.255729649,GPS
5/31/2010,6.244902877,GPS
6/1/2010,6.257271644,GPS
6/2/2010,6.232435685,GPS
6/3/2010,6.239161407,GPS
6/4/2010,6.250414688,GPS
6/5/2010,6.25776377,GPS
6/6/2010,6.254351696,GPS
6/7/2010,6.257632536,GPS
6/8/2010,6.233485554,GPS
6/9/2010,6.246313638,GPS
6/10/2010,6.233190278,GPS
6/11/2010,6.259469806,GPS
6/12/2010,6.239916,GPS
6/13/2010,6.252678468,GPS
6/14/2010,6.247068231,GPS
6/15/2010,6.249036735,GPS
6/16/2010,6.225808388,GPS
6/17/2010,6.247133848,GPS
6/18/2010,6.235913375,GPS
6/19/2010,6.248839885,GPS
6/20/2010,6.253400252,GPS
6/21/2010,6.268557733,GPS
6/22/2010,6.257501302,GPS
6/23/2010,6.251038048,GPS
6/24/2010,6.260880568,GPS
6/25/2010,6.23643831,GPS
6/26/2010,6.234633848,GPS
6/27/2010,6.229975055,GPS
6/28/2010,6.228990803,GPS
6/29/2010,6.243295265,GPS
6/30/2010,6.245230961,GPS
7/1/2010,6.244902877,GPS
7/2/2010,6.268721775,GPS
7/3/2010,6.219082666,GPS
7/4/2010,6.246871381,GPS
7/5/2010,6.243360882,GPS
7/6/2010,6.247166656,GPS
7/7/2010,6.251038048,GPS
7/8/2010,6.263636473,GPS
7/9/2010,6.256713901,GPS
7/10/2010,6.24913516,GPS
7/11/2010,6.224200776,GPS
7/12/2010,6.236799202,GPS
7/13/2010,6.241097102,GPS
7/14/2010,6.255007864,GPS
7/15/2010,6.264620725,GPS
7/16/2010,6.268459308,GPS
7/17/2010,6.278597104,GPS
7/18/2010,6.278400253,GPS
7/19/2010,6.256648284,GPS
7/20/2010,6.285093167,GPS
7/21/2010,6.282041986,GPS
7/22/2010,6.27620209,GPS
7/23/2010,6.267442248,GPS
7/24/2010,6.26924671,GPS
7/25/2010,6.255762457,GPS
7/26/2010,6.270362195,GPS
7/27/2010,6.274200778,GPS
7/28/2010,6.260027549,GPS
7/29/2010,6.254220462,GPS
7/30/2010,6.28401049,GPS
7/31/2010,6.276530174,GPS
8/1/2010,6.281090542,GPS
8/2/2010,6.270788704,GPS
8/3/2010,6.280204715,GPS
8/4/2010,6.269837261,GPS
8/5/2010,6.263341198,GPS
8/6/2010,6.279220463,GPS
8/7/2010,6.256910751,GPS
8/8/2010,6.240473743,GPS
8/9/2010,6.269148284,GPS
8/10/2010,6.272691592,GPS
8/11/2010,6.270296578,GPS
8/12/2010,6.275545922,GPS
8/13/2010,6.25284251,GPS
8/14/2010,6.266884505,GPS
8/15/2010,6.278367445,GPS
8/16/2010,6.271412064,GPS
8/17/2010,6.275972432,GPS
8/18/2010,6.265211276,GPS
8/19/2010,6.262488179,GPS
8/20/2010,6.258452746,GPS
8/21/2010,6.262652221,GPS
8/22/2010,6.253006552,GPS
8/23/2010,6.283682406,GPS
8/24/2010,6.266261145,GPS
8/25/2010,6.26534251,GPS
8/26/2010,6.26964041,GPS
8/27/2010,6.254187654,GPS
8/28/2010,6.246936998,GPS
8/29/2010,6.253006552,GPS
8/30/2010,6.268853009,GPS
8/31/2010,6.257107602,GPS
9/1/2010,6.265801828,GPS
9/2/2010,6.255106289,GPS
9/3/2010,6.267540673,GPS
9/4/2010,6.259633848,GPS
9/5/2010,6.238209963,GPS
9/6/2010,6.244345134,GPS
9/7/2010,6.246641722,GPS
9/8/2010,6.265703402,GPS
9/9/2010,6.280598416,GPS
9/10/2010,6.273052484,GPS
9/11/2010,6.26389894,GPS
9/12/2010,6.25815747,GPS
9/13/2010,6.280532799,GPS
9/14/2010,6.282927812,GPS
9/15/2010,6.274233586,GPS
9/16/2010,6.269345135,GPS
9/17/2010,6.268918626,GPS
9/18/2010,6.263013114,GPS
9/19/2010,6.268098416,GPS
9/20/2010,6.238931748,GPS
9/21/2010,6.248511801,GPS
9/22/2010,6.240572168,GPS
9/23/2010,6.25960104,GPS
9/24/2010,6.270952746,GPS
9/25/2010,6.278400253,GPS
9/26/2010,6.264784767,GPS
9/27/2010,6.258715213,GPS
9/28/2010,6.250250646,GPS
9/29/2010,6.254515738,GPS
9/30/2010,6.241064294,GPS
10/1/2010,6.256221775,GPS
10/2/2010,6.248347759,GPS
10/3/2010,6.27108398,GPS
10/4/2010,6.238439622,GPS
10/5/2010,6.259699465,GPS
10/6/2010,6.273610227,GPS
10/7/2010,6.276366132,GPS
10/8/2010,6.282993429,GPS
10/9/2010,6.27498818,GPS
10/10/2010,6.261077418,GPS
10/11/2010,6.254089229,GPS
10/12/2010,6.272297891,GPS
10/13/2010,6.271149597,GPS
10/14/2010,6.273052484,GPS
10/15/2010,6.245690278,GPS
10/16/2010,6.250545922,GPS
10/17/2010,6.259830699,GPS
10/18/2010,6.275152222,GPS
10/19/2010,6.25385957,GPS
10/20/2010,6.275906815,GPS
10/21/2010,6.24464041,GPS
10/22/2010,6.236307076,GPS
10/23/2010,6.239194215,GPS
10/24/2010,6.272232274,GPS
10/25/2010,6.2520223,GPS
10/26/2010,6.239489491,GPS
10/27/2010,6.261897628,GPS
10/28/2010,6.269804452,GPS
10/29/2010,6.260749334,GPS
10/30/2010,6.266753271,GPS
10/31/2010,6.279187655,GPS
11/1/2010,6.269345135,GPS
11/2/2010,6.284797891,GPS
11/3/2010,6.272757208,GPS
11/4/2010,6.269804452,GPS
11/5/2010,6.25139894,GPS
11/6/2010,6.251497365,GPS
11/7/2010,6.258124662,GPS
11/8/2010,6.25159579,GPS
11/9/2010,6.243032798,GPS
11/10/2010,6.246740147,GPS
11/11/2010,6.265670594,GPS
11/12/2010,6.283518364,GPS
11/13/2010,6.283026238,GPS
11/14/2010,6.25569684,GPS
11/15/2010,6.237750646,GPS
11/16/2010,6.2442139,GPS
11/17/2010,6.257566919,GPS
11/18/2010,6.259863507,GPS
11/19/2010,6.242803139,GPS
11/20/2010,6.248905502,GPS
11/21/2010,6.232074792,GPS
11/22/2010,6.247954058,GPS
11/23/2010,6.245952746,GPS
11/24/2010,6.231024924,GPS
11/25/2010,6.251923874,GPS
11/26/2010,6.254286079,GPS
11/27/2010,6.26596587,GPS
11/28/2010,6.243328074,GPS
11/29/2010,6.259929124,GPS
11/30/2010,6.267146972,GPS
12/1/2010,6.265473744,GPS
12/2/2010,6.283321513,GPS
12/3/2010,6.264292641,GPS
12/4/2010,6.226956682,GPS
12/5/2010,6.2356181,GPS
12/6/2010,6.247625974,GPS
12/7/2010,6.275677156,GPS
12/8/2010,6.266917313,GPS
12/9/2010,6.267343822,GPS
12/10/2010,6.256681092,GPS
12/11/2010,6.244607601,GPS
12/12/2010,6.25960104,GPS
12/13/2010,6.239883192,GPS
12/14/2010,6.237816262,GPS
12/15/2010,6.237061669,GPS
12/16/2010,6.236405501,GPS
12/17/2010,6.260454058,GPS
12/18/2010,6.251005239,GPS
12/19/2010,6.24339369,GPS
12/20/2010,6.247986866,GPS
12/21/2010,6.251005239,GPS
12/22/2010,6.252251958,GPS
12/23/2010,6.258912064,GPS
12/24/2010,6.267245397,GPS
12/25/2010,6.256418625,GPS
12/26/2010,6.253301827,GPS
12/27/2010,6.268853009,GPS
12/28/2010,6.268328074,GPS
12/29/2010,6.244902877,GPS
12/30/2010,6.235519674,GPS
12/31/2010,6.242967181,GPS
1/1/2011,6.245526236,GPS
1/2/2011,6.267114164,GPS
1/3/2011,6.253826762,GPS
1/4/2011,6.273150909,GPS
1/5/2011,6.282796579,GPS
1/6/2011,6.268721775,GPS
1/7/2011,6.251530174,GPS
1/8/2011,6.248019675,GPS
1/9/2011,6.259699465,GPS
1/10/2011,6.256484242,GPS
1/11/2011,6.262028862,GPS
1/12/2011,6.264948809,GPS
1/13/2011,6.273446185,GPS
1/14/2011,6.26471915,GPS
1/15/2011,6.273938311,GPS
1/16/2011,6.24956167,GPS
1/17/2011,6.237553795,GPS
1/18/2011,6.251169281,GPS
1/19/2011,6.245132536,GPS
1/20/2011,6.255237523,GPS
1/21/2011,6.261536736,GPS
1/22/2011,6.242901564,GPS
1/23/2011,6.231779517,GPS
1/24/2011,6.25960104,GPS
1/25/2011,6.249233586,GPS
1/26/2011,6.253761145,GPS
1/27/2011,6.260454058,GPS
1/28/2011,6.267475056,GPS
1/29/2011,6.253761145,GPS
1/30/2011,6.2442139,GPS
1/31/2011,6.261963245,GPS
2/1/2011,6.285060358,GPS
2/2/2011,6.285125975,GPS
2/3/2011,6.283813639,GPS
2/4/2011,6.264817576,GPS
2/5/2011,6.256910751,GPS
2/6/2011,6.266031486,GPS
2/7/2011,6.272396316,GPS
2/8/2011,6.274824138,GPS
2/9/2011,6.25120209,GPS
2/10/2011,6.247855633,GPS
2/11/2011,6.240080042,GPS
2/12/2011,6.254187654,GPS
2/13/2011,6.245099727,GPS
2/14/2011,6.267015738,GPS
2/15/2011,6.24503411,GPS
2/16/2011,6.224102351,GPS
2/17/2011,6.235421249,GPS
2/18/2011,6.248774268,GPS
2/19/2011,6.251858258,GPS
2/20/2011,6.239587916,GPS
2/21/2011,6.233912063,GPS
2/22/2011,6.243164032,GPS
2/23/2011,6.245559045,GPS
2/24/2011,6.242507864,GPS
2/25/2011,6.233682404,GPS
2/26/2011,6.224660094,GPS
2/27/2011,6.214128598,GPS
2/28/2011,6.240998677,GPS
3/1/2011,6.261175843,GPS
3/2/2011,6.254220462,GPS
3/3/2011,6.260749334,GPS
3/4/2011,6.26471915,GPS
3/5/2011,6.269049859,GPS
3/6/2011,6.254384504,GPS
3/7/2011,6.232140409,GPS
3/8/2011,6.245690278,GPS
3/9/2011,6.25694356,GPS
3/10/2011,6.247790016,GPS
3/11/2011,6.234765081,GPS
3/12/2011,6.244902877,GPS
3/13/2011,6.252875318,GPS
3/14/2011,6.252973743,GPS
3/15/2011,6.247166656,GPS
3/16/2011,6.246740147,GPS
3/17/2011,6.2360118,GPS
3/18/2011,6.241031486,GPS
3/19/2011,6.245362194,GPS
3/20/2011,6.230664031,GPS
3/21/2011,6.250119412,GPS
3/22/2011,6.241490803,GPS
3/23/2011,6.239653533,GPS
3/24/2011,6.22987663,GPS
3/25/2011,6.226333322,GPS
3/26/2011,6.22925327,GPS
3/27/2011,6.251103664,GPS
3/28/2011,6.240801827,GPS
3/29/2011,6.252416,GPS
3/30/2011,6.253203402,GPS
3/31/2011,6.249463244,GPS
4/1/2011,6.234404189,GPS
4/2/2011,6.238702089,GPS
4/3/2011,6.234830698,GPS
4/4/2011,6.248380567,GPS
4/5/2011,6.242409438,GPS
4/6/2011,6.232140409,GPS
4/7/2011,6.224594477,GPS
4/8/2011,6.237980304,GPS
4/9/2011,6.231385816,GPS
4/10/2011,6.23847243,GPS
4/11/2011,6.2356181,GPS
4/12/2011,6.247265082,GPS
4/13/2011,6.260322825,GPS
4/14/2011,6.256418625,GPS
4/15/2011,6.25878083,GPS
4/16/2011,6.24585432,GPS
4/17/2011,6.25284251,GPS
4/18/2011,6.225316262,GPS
4/19/2011,6.24175327,GPS
4/20/2011,6.247396315,GPS
4/21/2011,6.251825449,GPS
4/22/2011,6.248150908,GPS
4/23/2011,6.240637785,GPS
4/24/2011,6.235093165,GPS
4/25/2011,6.251169281,GPS
4/26/2011,6.24053936,GPS
4/27/2011,6.246248021,GPS
4/28/2011,6.264620725,GPS
4/29/2011,6.257468494,GPS
4/30/2011,6.255401565,GPS
5/1/2011,6.246051171,GPS
5/2/2011,6.258912064,GPS
5/3/2011,6.25940419,GPS
5/4/2011,6.251497365,GPS
5/5/2011,6.256451434,GPS
5/6/2011,6.226497364,GPS
5/7/2011,6.232173218,GPS
5/8/2011,6.229975055,GPS
5/9/2011,6.232304451,GPS
5/10/2011,6.237586604,GPS
5/11/2011,6.2442139,GPS
5/12/2011,6.259043297,GPS
5/13/2011,6.271838573,GPS
5/14/2011,6.240080042,GPS
5/15/2011,6.254318888,GPS
5/16/2011,6.270001303,GPS
5/17/2011,6.269837261,GPS
5/18/2011,6.234010488,GPS
5/19/2011,6.252120725,GPS
5/20/2011,6.257796578,GPS
5/21/2011,6.247593166,GPS
5/22/2011,6.249496053,GPS
5/23/2011,6.26042125,GPS
5/24/2011,6.270723088,GPS
5/25/2011,6.243328074,GPS
5/26/2011,6.258419938,GPS
5/27/2011,6.258091854,GPS
5/28/2011,6.253761145,GPS
5/29/2011,6.259305764,GPS
5/30/2011,6.245296578,GPS
5/31/2011,6.252973743,GPS
6/1/2011,6.266097103,GPS
6/2/2011,6.262619413,GPS
6/3/2011,6.253728336,GPS
6/4/2011,6.26042125,GPS
6/5/2011,6.27210104,GPS
6/6/2011,6.262619413,GPS
6/7/2011,6.239883192,GPS
6/8/2011,6.261274268,GPS
6/9/2011,6.240408126,GPS
6/10/2011,6.244738835,GPS
6/11/2011,6.223347758,GPS
6/12/2011,6.239161407,GPS
6/13/2011,6.254548546,GPS
6/14/2011,6.250086604,GPS
6/15/2011,6.257993428,GPS
6/16/2011,6.224561669,GPS
6/17/2011,6.220624661,GPS
6/18/2011,6.254122037,GPS
6/19/2011,6.25057873,GPS
6/20/2011,6.227087916,GPS
6/21/2011,6.239030173,GPS
6/22/2011,6.23417453,GPS
6/23/2011,6.247199465,GPS
6/24/2011,6.24503411,GPS
6/25/2011,6.228269018,GPS
6/26/2011,6.239194215,GPS
6/27/2011,6.261503927,GPS
6/28/2011,6.240834635,GPS
6/29/2011,6.27190419,GPS
6/30/2011,6.283452747,GPS
7/1/2011,6.259535423,GPS
7/2/2011,6.248150908,GPS
7/3/2011,6.243984242,GPS
7/4/2011,6.239227024,GPS
7/5/2011,6.250644347,GPS
7/6/2011,6.245198152,GPS
7/7/2011,6.234272955,GPS
7/8/2011,6.247461932,GPS
7/9/2011,6.246248021,GPS
7/10/2011,6.253498678,GPS
7/11/2011,6.27538188,GPS
7/12/2011,6.281057734,GPS
7/13/2011,6.264489492,GPS
7/14/2011,6.271412064,GPS
7/15/2011,6.262455371,GPS
7/16/2011,6.275874006,GPS
7/17/2011,6.279942248,GPS
7/18/2011,6.278597104,GPS
7/19/2011,6.276923875,GPS
7/20/2011,6.279614164,GPS
7/21/2011,6.273413376,GPS
7/22/2011,6.269738836,GPS
7/23/2011,6.275217838,GPS
7/24/2011,6.259863507,GPS
7/25/2011,6.266457996,GPS
7/26/2011,6.274955371,GPS
7/27/2011,6.262652221,GPS
7/28/2011,6.250217838,GPS
7/29/2011,6.258748022,GPS
7/30/2011,6.26534251,GPS
7/31/2011,6.281287392,GPS
8/1/2011,6.287225713,GPS
8/2/2011,6.279384505,GPS
8/3/2011,6.282501303,GPS
8/4/2011,6.284601041,GPS
8/5/2011,6.273216526,GPS
8/6/2011,6.261110226,GPS
8/7/2011,6.27600524,GPS
8/8/2011,6.263111539,GPS
8/9/2011,6.268262458,GPS
8/10/2011,6.27108398,GPS
8/11/2011,6.265933061,GPS
8/12/2011,6.267442248,GPS
8/13/2011,6.268032799,GPS
8/14/2011,6.265440935,GPS
8/15/2011,6.271018363,GPS
8/16/2011,6.27498818,GPS
8/17/2011,6.284436999,GPS
8/18/2011,6.278826762,GPS
8/19/2011,6.262652221,GPS
8/20/2011,6.256648284,GPS
8/21/2011,6.269968494,GPS
8/22/2011,6.252776893,GPS
8/23/2011,6.25612335,GPS
8/24/2011,6.261799203,GPS
8/25/2011,6.26104461,GPS
8/26/2011,6.253793953,GPS
8/27/2011,6.2602244,GPS
8/28/2011,6.281648285,GPS
8/29/2011,6.268164032,GPS
8/30/2011,6.258485554,GPS
8/31/2011,6.25303936,GPS
9/1/2011,6.27334776,GPS
9/2/2011,6.244935685,GPS
9/3/2011,6.25569684,GPS
9/4/2011,6.252317575,GPS
9/5/2011,6.261667969,GPS
9/6/2011,6.265506552,GPS
9/7/2011,6.268032799,GPS
9/8/2011,6.271346447,GPS
9/9/2011,6.263866132,GPS
9/10/2011,6.250972431,GPS
9/11/2011,6.236963244,GPS
9/12/2011,6.282074794,GPS
9/13/2011,6.275874006,GPS
9/14/2011,6.27580839,GPS
9/15/2011,6.256582667,GPS
9/16/2011,6.25139894,GPS
9/17/2011,6.24464041,GPS
9/18/2011,6.262947497,GPS
9/19/2011,6.261077418,GPS
9/20/2011,6.272625975,GPS
9/21/2011,6.26350524,GPS
9/22/2011,6.238833323,GPS
9/23/2011,6.260650909,GPS
9/24/2011,6.236471118,GPS
9/25/2011,6.249594478,GPS
9/26/2011,6.240440934,GPS
9/27/2011,6.248610226,GPS
9/28/2011,6.269148284,GPS
9/29/2011,6.252678468,GPS
9/30/2011,6.255401565,GPS
10/1/2011,6.242442247,GPS
10/2/2011,6.250939622,GPS
10/3/2011,6.271740148,GPS
10/4/2011,6.25077558,GPS
10/5/2011,6.236175842,GPS
10/6/2011,6.251825449,GPS
10/7/2011,6.267114164,GPS
10/8/2011,6.261503927,GPS
10/9/2011,6.259535423,GPS
10/10/2011,6.252744084,GPS
10/11/2011,6.259240148,GPS
10/12/2011,6.247429124,GPS
10/13/2011,6.267868757,GPS
10/14/2011,6.243853008,GPS
10/15/2011,6.246969806,GPS
10/16/2011,6.254351696,GPS
10/17/2011,6.26944356,GPS
10/18/2011,6.271248022,GPS
10/19/2011,6.259699465,GPS
10/20/2011,6.243853008,GPS
10/21/2011,6.258715213,GPS
10/22/2011,6.261963245,GPS
10/23/2011,6.258485554,GPS
10/24/2011,6.251759832,GPS
10/25/2011,6.257074793,GPS
10/26/2011,6.251792641,GPS
10/27/2011,6.253072168,GPS
10/28/2011,6.253170594,GPS
10/29/2011,6.261307077,GPS
10/30/2011,6.242803139,GPS
10/31/2011,6.24975852,GPS
11/1/2011,6.256385817,GPS
11/2/2011,6.268754584,GPS
11/3/2011,6.262553796,GPS
11/4/2011,6.231779517,GPS
11/5/2011,6.226759832,GPS
11/6/2011,6.24401705,GPS
11/7/2011,6.265867444,GPS
11/8/2011,6.283157471,GPS
11/9/2011,6.280467182,GPS
11/10/2011,6.276858258,GPS
11/11/2011,6.232665344,GPS
11/12/2011,6.238045921,GPS
11/13/2011,6.227678467,GPS
11/14/2011,6.242737522,GPS
11/15/2011,6.244181092,GPS
11/16/2011,6.266064295,GPS
11/17/2011,6.266589229,GPS
11/18/2011,6.25612335,GPS
11/19/2011,6.253269019,GPS
11/20/2011,6.241720462,GPS
11/21/2011,6.253104977,GPS
11/22/2011,6.265408127,GPS
11/23/2011,6.25858398,GPS
11/24/2011,6.247002614,GPS
11/25/2011,6.251661407,GPS
11/26/2011,6.257402877,GPS
11/27/2011,6.268885817,GPS
11/28/2011,6.260322825,GPS
11/29/2011,6.241228336,GPS
11/30/2011,6.24073621,GPS
12/1/2011,6.262586604,GPS
12/2/2011,6.246412063,GPS
12/3/2011,6.263439623,GPS
12/4/2011,6.264292641,GPS
12/5/2011,6.267475056,GPS
12/6/2011,6.266293954,GPS
12/7/2011,6.260125974,GPS
12/8/2011,6.245395003,GPS
12/9/2011,6.244115475,GPS
12/10/2011,6.244181092,GPS
12/11/2011,6.239620724,GPS
12/12/2011,6.239817575,GPS
12/13/2011,6.234830698,GPS
12/14/2011,6.236667968,GPS
12/15/2011,6.248446184,GPS
12/16/2011,6.255598415,GPS
12/17/2011,6.254384504,GPS
12/18/2011,6.234666656,GPS
12/19/2011,6.238505239,GPS
12/20/2011,6.242803139,GPS
12/21/2011,6.236569543,GPS
12/22/2011,6.27170734,GPS
12/23/2011,6.267868757,GPS
12/24/2011,6.260355633,GPS
12/25/2011,6.263242772,GPS
12/26/2011,6.238964556,GPS
12/27/2011,6.25858398,GPS
12/28/2011,6.256057733,GPS
12/29/2011,6.238800514,GPS
12/30/2011,6.234338572,GPS
12/31/2011,6.239161407,GPS
1/1/2012,6.250874006,GPS
1/2/2012,6.257730961,GPS
1/3/2012,6.246740147,GPS
1/4/2012,6.252416,GPS
1/5/2012,6.241622037,GPS
1/6/2012,6.227383191,GPS
1/7/2012,6.23397768,GPS
1/8/2012,6.225185028,GPS
1/9/2012,6.233190278,GPS
1/10/2012,6.229318887,GPS
1/11/2012,6.234141722,GPS
1/12/2012,6.231845134,GPS
1/13/2012,6.233748021,GPS
1/14/2012,6.238505239,GPS
1/15/2012,6.236602352,GPS
1/16/2012,6.222232272,GPS
1/17/2012,6.235585291,GPS
1/18/2012,6.234666656,GPS
1/19/2012,6.22534907,GPS
1/20/2012,6.228925186,GPS
1/21/2012,6.231451433,GPS
1/22/2012,6.227744084,GPS
1/23/2012,6.22698949,GPS
1/24/2012,6.231024924,GPS
1/25/2012,6.257829386,GPS
1/26/2012,6.242835948,GPS
1/27/2012,6.241950121,GPS
1/28/2012,6.242245396,GPS
1/29/2012,6.243623349,GPS
1/30/2012,6.218918624,GPS
1/31/2012,6.216523611,GPS
2/1/2012,6.230106288,GPS
2/2/2012,6.250020987,GPS
2/3/2012,6.230368756,GPS
2/4/2012,6.222035422,GPS
2/5/2012,6.224200776,GPS
2/6/2012,6.228728336,GPS
2/7/2012,6.229154845,GPS
2/8/2012,6.220263768,GPS
2/9/2012,6.229417312,GPS
2/10/2012,6.231024924,GPS
2/11/2012,6.213013112,GPS
2/12/2012,6.218032797,GPS
2/13/2012,6.213767705,GPS
2/14/2012,6.205696839,GPS
2/15/2012,6.211307075,GPS
2/16/2012,6.237717837,GPS
2/17/2012,6.235322824,GPS
2/18/2012,6.234469806,GPS
2/19/2012,6.224463244,GPS
2/20/2012,6.216687653,GPS
2/21/2012,6.220165343,GPS
2/22/2012,6.228400252,GPS
2/23/2012,6.202055106,GPS
2/24/2012,6.234961932,GPS
2/25/2012,6.226956682,GPS
2/26/2012,6.222133847,GPS
2/27/2012,6.206451432,GPS
2/28/2012,6.217376629,GPS
2/29/2012,6.221936997,GPS
3/1/2012,6.234338572,GPS
3/2/2012,6.217606288,GPS
3/3/2012,6.229679779,GPS
3/4/2012,6.236143034,GPS
3/5/2012,6.236667968,GPS
3/6/2012,6.218820199,GPS
3/7/2012,6.20691075,GPS
3/8/2012,6.231484241,GPS
3/9/2012,6.260650909,GPS
3/10/2012,6.227481616,GPS
3/11/2012,6.231484241,GPS
3/12/2012,6.220952745,GPS
3/13/2012,6.219246708,GPS
3/14/2012,6.250709964,GPS
3/15/2012,6.268328074,GPS
3/16/2012,6.238505239,GPS
3/17/2012,6.227973742,GPS
3/18/2012,6.232402876,GPS
3/19/2012,6.23683201,GPS
3/20/2012,6.245198152,GPS
3/21/2012,6.258912064,GPS
3/22/2012,6.262094478,GPS
3/23/2012,6.257665344,GPS
3/24/2012,6.24710104,GPS
3/25/2012,6.257796578,GPS
3/26/2012,6.235355632,GPS
3/27/2012,6.244082667,GPS
3/28/2012,6.254811014,GPS
3/29/2012,6.262553796,GPS
3/30/2012,6.247625974,GPS
3/31/2012,6.222921249,GPS
4/1/2012,6.238144346,GPS
4/2/2012,6.264030174,GPS
4/3/2012,6.261832011,GPS
4/4/2012,6.266818888,GPS
4/5/2012,6.254942247,GPS
4/6/2012,6.255139098,GPS
4/7/2012,6.265047234,GPS
4/8/2012,6.259272956,GPS
4/9/2012,6.260946184,GPS
4/10/2012,6.260093166,GPS
4/11/2012,6.253301827,GPS
4/12/2012,6.259240148,GPS
4/13/2012,6.247790016,GPS
4/14/2012,6.247166656,GPS
4/15/2012,6.266425187,GPS
4/16/2012,6.272560358,GPS
4/17/2012,6.259666657,GPS
4/18/2012,6.257009176,GPS
4/19/2012,6.282206028,GPS
4/20/2012,6.273413376,GPS
4/21/2012,6.260355633,GPS
4/22/2012,6.252416,GPS
4/23/2012,6.253203402,GPS
4/24/2012,6.263997366,GPS
4/25/2012,6.262783455,GPS
4/26/2012,6.273938311,GPS
4/27/2012,6.268459308,GPS
4/28/2012,6.296215214,GPS
4/29/2012,6.267671906,GPS
4/30/2012,6.280270332,GPS
5/1/2012,6.234010488,GPS
5/2/2012,6.245395003,GPS
5/3/2012,6.269017051,GPS
5/4/2012,6.285552484,GPS
5/5/2012,6.295230962,GPS
5/6/2012,6.290276894,GPS
5/7/2012,6.259010489,GPS
5/8/2012,6.264161408,GPS
5/9/2012,6.288374007,GPS
5/10/2012,6.285191592,GPS
5/11/2012,6.293262458,GPS
5/12/2012,6.282337261,GPS
5/13/2012,6.273577418,GPS
5/14/2012,6.302219152,GPS
5/15/2012,6.282993429,GPS
5/16/2012,6.282009177,GPS
5/17/2012,6.291228338,GPS
5/18/2012,6.294771645,GPS
5/19/2012,6.286832012,GPS
5/20/2012,6.285158784,GPS
5/21/2012,6.299397629,GPS
5/22/2012,6.282698154,GPS
5/23/2012,6.282730962,GPS
5/24/2012,6.281648285,GPS
5/25/2012,6.287947498,GPS
5/26/2012,6.299332012,GPS
5/27/2012,6.306648286,GPS
5/28/2012,6.303826763,GPS
5/29/2012,6.297691592,GPS
5/30/2012,6.292376632,GPS
5/31/2012,6.301038049,GPS
6/1/2012,6.301858259,GPS
6/2/2012,6.289161408,GPS
6/3/2012,6.294509178,GPS
6/4/2012,6.299266396,GPS
6/5/2012,6.310290018,GPS
6/6/2012,6.308715215,GPS
6/7/2012,6.325874008,GPS
6/8/2012,6.324528864,GPS
6/9/2012,6.300677157,GPS
6/10/2012,6.310946186,GPS
6/11/2012,6.317343824,GPS
6/12/2012,6.309371383,GPS
6/13/2012,6.320591856,GPS
6/14/2012,6.310814952,GPS
6/15/2012,6.31947637,GPS
6/16/2012,6.323478995,GPS
6/17/2012,6.322330701,GPS
6/18/2012,6.332632538,GPS
6/19/2012,6.330828076,GPS
6/20/2012,6.313833325,GPS
6/21/2012,6.334502617,GPS
6/22/2012,6.337488182,GPS
6/23/2012,6.332960622,GPS
6/24/2012,6.334010491,GPS
6/25/2012,6.32830183,GPS
6/26/2012,6.341293956,GPS
6/27/2012,6.340539363,GPS
6/28/2012,6.34572309,GPS
6/29/2012,6.348413379,GPS
6/30/2012,6.34591994,GPS
7/1/2012,6.359830702,GPS
7/2/2012,6.333583982,GPS
7/3/2012,6.329482932,GPS
7/4/2012,6.347330702,GPS
7/5/2012,6.354286082,GPS
7/6/2012,6.367967185,GPS
7/7/2012,6.353597106,GPS
7/8/2012,6.353793956,GPS
7/9/2012,6.355303143,GPS
7/10/2012,6.366359574,GPS
7/11/2012,6.357468497,GPS
7/12/2012,6.361963248,GPS
7/13/2012,6.340342512,GPS
7/14/2012,6.365244088,GPS
7/15/2012,6.358780833,GPS
7/16/2012,6.346707342,GPS
7/17/2012,6.351989494,GPS
7/18/2012,6.362619416,GPS
7/19/2012,6.367639101,GPS
7/20/2012,6.37196981,GPS
7/21/2012,6.373019679,GPS
7/22/2012,6.384207343,GPS
7/23/2012,6.367179784,GPS
7/24/2012,6.386405506,GPS
7/25/2012,6.36232414,GPS
7/26/2012,6.366884508,GPS
7/27/2012,6.378892382,GPS
7/28/2012,6.381090545,GPS
7/29/2012,6.37689107,GPS
7/30/2012,6.37462729,GPS
7/31/2012,6.367146975,GPS
8/1/2012,6.393262462,GPS
8/2/2012,6.363702093,GPS
8/3/2012,6.370887133,GPS
8/4/2012,6.373577422,GPS
8/5/2012,6.378269023,GPS
8/6/2012,6.392934378,GPS
8/7/2012,6.387849076,GPS
8/8/2012,6.401169286,GPS
8/9/2012,6.367179784,GPS
8/10/2012,6.371510492,GPS
8/11/2012,6.360421253,GPS
8/12/2012,6.373314954,GPS
8/13/2012,6.369771647,GPS
8/14/2012,6.390604981,GPS
8/15/2012,6.367146975,GPS
8/16/2012,6.372265086,GPS
8/17/2012,6.374988183,GPS
8/18/2012,6.380532802,GPS
8/19/2012,6.381713905,GPS
8/20/2012,6.369574797,GPS
8/21/2012,6.37177296,GPS
8/22/2012,6.397888446,GPS
8/23/2012,6.369607605,GPS
8/24/2012,6.390769023,GPS
8/25/2012,6.384732278,GPS
8/26/2012,6.386996057,GPS
8/27/2012,6.394082672,GPS
8/28/2012,6.386077422,GPS
8/29/2012,6.360847762,GPS
8/30/2012,6.390309706,GPS
8/31/2012,6.360814954,GPS
9/1/2012,6.386569548,GPS
9/2/2012,6.384633852,GPS
9/3/2012,6.395493433,GPS
9/4/2012,6.362488182,GPS
9/5/2012,6.386635165,GPS
9/6/2012,6.384830703,GPS
9/7/2012,6.407501307,GPS
9/8/2012,6.41298031,GPS
9/9/2012,6.399200782,GPS
9/10/2012,6.401825454,GPS
9/11/2012,6.405499995,GPS
9/12/2012,6.405204719,GPS
9/13/2012,6.419279523,GPS
9/14/2012,6.418951439,GPS
9/15/2012,6.421149602,GPS
9/16/2012,6.408616793,GPS
9/17/2012,6.407927816,GPS
9/18/2012,6.4000538,GPS
9/19/2012,6.399332016,GPS
9/20/2012,6.386339889,GPS
9/21/2012,6.393885821,GPS
9/22/2012,6.400972436,GPS
9/23/2012,6.387127291,GPS
9/24/2012,6.389883196,GPS
9/25/2012,6.410486872,GPS
9/26/2012,6.410290021,GPS
9/27/2012,6.40048031,GPS
9/28/2012,6.399627291,GPS
9/29/2012,6.399496058,GPS
9/30/2012,6.41278346,GPS
10/1/2012,6.402284772,GPS
10/2/2012,6.390244089,GPS
10/3/2012,6.39903674,GPS
10/4/2012,6.40661548,GPS
10/5/2012,6.400349076,GPS
10/6/2012,6.3996601,GPS
10/7/2012,6.396838577,GPS
10/8/2012,6.390736215,GPS
10/9/2012,6.396543302,GPS
10/10/2012,6.407763774,GPS
10/11/2012,6.415112856,GPS
10/12/2012,6.395395008,GPS
10/13/2012,6.417146977,GPS
10/14/2012,6.412717843,GPS
10/15/2012,6.391917317,GPS
10/16/2012,6.381451438,GPS
10/17/2012,6.378761149,GPS
10/18/2012,6.401595795,GPS
10/19/2012,6.378957999,GPS
10/20/2012,6.370165348,GPS
10/21/2012,6.378662724,GPS
10/22/2012,6.383387133,GPS
10/23/2012,6.385880572,GPS
10/24/2012,6.399627291,GPS
10/25/2012,6.401070861,GPS
10/26/2012,6.399758525,GPS
10/27/2012,6.400020992,GPS
10/28/2012,6.39677296,GPS
10/29/2012,6.391556425,GPS
10/30/2012,6.406713906,GPS
10/31/2012,6.39247506,GPS
11/1/2012,6.38817716,GPS
11/2/2012,6.400316268,GPS
11/3/2012,6.38099212,GPS
11/4/2012,6.398675848,GPS
11/5/2012,6.391162724,GPS
11/6/2012,6.402547239,GPS
11/7/2012,6.379318892,GPS
11/8/2012,6.387291333,GPS
11/9/2012,6.393328078,GPS
11/10/2012,6.389587921,GPS
11/11/2012,6.392409443,GPS
11/12/2012,6.394706031,GPS
11/13/2012,6.4078622,GPS
11/14/2012,6.407730966,GPS
11/15/2012,6.383879259,GPS
11/16/2012,6.397002619,GPS
11/17/2012,6.372068235,GPS
11/18/2012,6.400086609,GPS
11/19/2012,6.388898944,GPS
11/20/2012,6.370493432,GPS
11/21/2012,6.364128602,GPS
11/22/2012,6.3793517,GPS
11/23/2012,6.393688971,GPS
11/24/2012,6.390080047,GPS
11/25/2012,6.373052487,GPS
11/26/2012,6.379876634,GPS
11/27/2012,6.386864824,GPS
11/28/2012,6.368196844,GPS
11/29/2012,6.366917316,GPS
11/30/2012,6.389850388,GPS
12/1/2012,6.365178471,GPS
12/2/2012,6.346051174,GPS
12/3/2012,6.378629915,GPS
12/4/2012,6.37915485,GPS
12/5/2012,6.383780834,GPS
12/6/2012,6.370591857,GPS
12/7/2012,6.356123353,GPS
12/8/2012,6.359830702,GPS
12/9/2012,6.35720603,GPS
12/10/2012,6.380565611,GPS
12/11/2012,6.355499993,GPS
12/12/2012,6.359601043,GPS
12/13/2012,6.337881882,GPS
12/14/2012,6.333452748,GPS
12/15/2012,6.333944874,GPS
12/16/2012,6.325808391,GPS
12/17/2012,6.333354323,GPS
12/18/2012,6.331746712,GPS
12/19/2012,6.338866134,GPS
12/20/2012,6.3586496,GPS
12/21/2012,6.338603667,GPS
12/22/2012,6.334502617,GPS
12/23/2012,6.346576108,GPS
12/24/2012,6.339916003,GPS
12/25/2012,6.339227027,GPS
12/26/2012,6.345329389,GPS
12/27/2012,6.344345137,GPS
12/28/2012,6.360880571,GPS
12/29/2012,6.345296581,GPS
12/30/2012,6.345591856,GPS
12/31/2012,6.348478996,GPS
1/1/2013,6.359929127,GPS
1/2/2013,6.347068234,GPS
1/3/2013,6.34716666,GPS
1/4/2013,6.353433064,GPS
1/5/2013,6.360158786,GPS
1/6/2013,6.345952749,GPS
1/7/2013,6.348019678,GPS
1/8/2013,6.328728339,GPS
1/9/2013,6.34838057,GPS
1/10/2013,6.331681095,GPS
1/11/2013,6.328269021,GPS
1/12/2013,6.336208654,GPS
1/13/2013,6.341392381,GPS
1/14/2013,6.348478996,GPS
1/15/2013,6.359765085,GPS
1/16/2013,6.35576246,GPS
1/17/2013,6.346248024,GPS
1/18/2013,6.349397631,GPS
1/19/2013,6.344115478,GPS
1/20/2013,6.349758523,GPS
1/21/2013,6.340375321,GPS
1/22/2013,6.351202093,GPS
1/23/2013,6.34552624,GPS
1/24/2013,6.340867447,GPS
1/25/2013,6.323872696,GPS
1/26/2013,6.336438313,GPS
1/27/2013,6.332829389,GPS
1/28/2013,6.339555111,GPS
1/29/2013,6.342278208,GPS
1/30/2013,6.342015741,GPS
1/31/2013,6.349922565,GPS
2/1/2013,6.354384508,GPS
2/2/2013,6.355171909,GPS
2/3/2013,6.340342512,GPS
2/4/2013,6.32912204,GPS
2/5/2013,6.328137788,GPS
2/6/2013,6.349036738,GPS
2/7/2013,6.343295268,GPS
2/8/2013,6.339030176,GPS
2/9/2013,6.327153536,GPS
2/10/2013,6.335913378,GPS
2/11/2013,6.33896456,GPS
2/12/2013,6.335716528,GPS
2/13/2013,6.33607742,GPS
2/14/2013,6.341195531,GPS
2/15/2013,6.344345137,GPS
2/16/2013,6.350677158,GPS
2/17/2013,6.323807079,GPS
2/18/2013,6.34818372,GPS
2/19/2013,6.308518364,GPS
2/20/2013,6.322921252,GPS
2/21/2013,6.344312329,GPS
2/22/2013,6.321051173,GPS
2/23/2013,6.323839887,GPS
2/24/2013,6.331090544,GPS
2/25/2013,6.336307079,GPS
2/26/2013,6.336799205,GPS
2/27/2013,6.337980308,GPS
2/28/2013,6.352383195,GPS
3/1/2013,6.351595794,GPS
3/2/2013,6.355270334,GPS
3/3/2013,6.317409441,GPS
3/4/2013,6.316982932,GPS
3/5/2013,6.33568372,GPS
3/6/2013,6.347724402,GPS
3/7/2013,6.345066922,GPS
3/8/2013,6.341162722,GPS
3/9/2013,6.322790018,GPS
3/10/2013,6.334535426,GPS
3/11/2013,6.348118103,GPS
3/12/2013,6.335224402,GPS
3/13/2013,6.355335951,GPS
3/14/2013,6.341720465,GPS
3/15/2013,6.436667975,GPS
3/16/2013,6.33506036,GPS
3/17/2013,6.340112854,GPS
3/18/2013,6.336766397,GPS
3/19/2013,6.345788707,GPS
3/20/2013,6.324135163,GPS
3/21/2013,6.35330183,GPS
3/22/2013,6.345362198,GPS
3/23/2013,6.353564298,GPS
3/24/2013,6.369279521,GPS
3/25/2013,6.347757211,GPS
3/26/2013,6.350086607,GPS
3/27/2013,6.37462729,GPS
3/28/2013,6.380762461,GPS
3/29/2013,6.371313642,GPS
3/30/2013,6.367081358,GPS
3/31/2013,6.345362198,GPS
4/1/2013,6.363636476,GPS
4/2/2013,6.369541988,GPS
4/3/2013,6.384043301,GPS
4/4/2013,6.388078734,GPS
4/5/2013,6.351234901,GPS
4/6/2013,6.374332015,GPS
4/7/2013,6.349856948,GPS
4/8/2013,6.340309704,GPS
4/9/2013,6.353531489,GPS
4/10/2013,6.377350388,GPS
4/11/2013,6.351005242,GPS
4/12/2013,6.361667972,GPS
4/13/2013,6.359601043,GPS
4/14/2013,6.356648287,GPS
4/15/2013,6.349922565,GPS
4/16/2013,6.367376634,GPS
4/17/2013,6.375152225,GPS
4/18/2013,6.387389758,GPS
4/19/2013,6.400513118,GPS
4/20/2013,6.405565612,GPS
4/21/2013,6.396346451,GPS
4/22/2013,6.394804456,GPS
4/23/2013,6.39329527,GPS
4/24/2013,6.407206032,GPS
4/25/2013,6.403564299,GPS
4/26/2013,6.408944877,GPS
4/27/2013,6.409929129,GPS
4/28/2013,6.395526241,GPS
4/29/2013,6.400020992,GPS
4/30/2013,6.403006556,GPS
5/1/2013,6.388964561,GPS
5/2/2013,6.428203408,GPS
5/3/2013,6.425185035,GPS
5/4/2013,6.403990808,GPS
5/5/2013,6.41380052,GPS
5/6/2013,6.391261149,GPS
5/7/2013,6.410388446,GPS
5/8/2013,6.420887134,GPS
5/9/2013,6.413669286,GPS
5/10/2013,6.436635166,GPS
5/11/2013,6.42016535,GPS
5/12/2013,6.422724405,GPS
5/13/2013,6.42200262,GPS
5/14/2013,6.423118106,GPS
5/15/2013,6.409732278,GPS
5/16/2013,6.422297896,GPS
5/17/2013,6.431057738,GPS
5/18/2013,6.418164037,GPS
5/19/2013,6.416589234,GPS
5/20/2013,6.415670599,GPS
5/21/2013,6.422133854,GPS
5/22/2013,6.42938451,GPS
5/23/2013,6.423708657,GPS
5/24/2013,6.438275586,GPS
5/25/2013,6.442639104,GPS
5/26/2013,6.43903018,GPS
5/27/2013,6.431910757,GPS
5/28/2013,6.437324143,GPS
5/29/2013,6.450644353,GPS
5/30/2013,6.449791335,GPS
5/31/2013,6.437717844,GPS
6/1/2013,6.447921256,GPS
6/2/2013,6.446444878,GPS
6/3/2013,6.448905508,GPS
6/4/2013,6.458977687,GPS
6/5/2013,6.445132542,GPS
6/6/2013,6.451858264,GPS
6/7/2013,6.465342516,GPS
6/8/2013,6.469049866,GPS
6/9/2013,6.465998684,GPS
6/10/2013,6.46445669,GPS
6/11/2013,6.464161414,GPS
6/12/2013,6.48105774,GPS
6/13/2013,6.491359578,GPS
6/14/2013,6.493131231,GPS
6/15/2013,6.482566926,GPS
6/16/2013,6.489030181,GPS
6/17/2013,6.490736218,GPS
6/18/2013,6.489850391,GPS
6/19/2013,6.506418633,GPS
6/20/2013,6.492934381,GPS
6/21/2013,6.500053804,GPS
6/22/2013,6.502251966,GPS
6/23/2013,6.491326769,GPS
6/24/2013,6.48433858,GPS
6/25/2013,6.494115483,GPS
6/26/2013,6.49746194,GPS
6/27/2013,6.501136481,GPS
6/28/2013,6.504417321,GPS
6/29/2013,6.515014434,GPS
6/30/2013,6.511307085,GPS
7/1/2013,6.515276901,GPS
7/2/2013,6.520690287,GPS
7/3/2013,6.530401574,GPS
7/4/2013,6.51038845,GPS
7/5/2013,6.518098424,GPS
7/6/2013,6.482763777,GPS
7/7/2013,6.516195536,GPS
7/8/2013,6.518918634,GPS
7/9/2013,6.521018371,GPS
7/10/2013,6.509994749,GPS
7/11/2013,6.521969815,GPS
7/12/2013,6.511372702,GPS
7/13/2013,6.512816271,GPS
7/14/2013,6.536602361,GPS
7/15/2013,6.512717846,GPS
7/16/2013,6.53292782,GPS
7/17/2013,6.545526246,GPS
7/18/2013,6.52042782,GPS
7/19/2013,6.523675852,GPS
7/20/2013,6.517212597,GPS
7/21/2013,6.520165353,GPS
7/22/2013,6.512553804,GPS
7/23/2013,6.537225721,GPS
7/24/2013,6.543032808,GPS
7/25/2013,6.541425196,GPS
7/26/2013,6.532566928,GPS
7/27/2013,6.539358267,GPS
7/28/2013,6.519115484,GPS
7/29/2013,6.522954067,GPS
7/30/2013,6.529154854,GPS
7/31/2013,6.524069552,GPS
8/1/2013,6.549463254,GPS
8/2/2013,6.538997374,GPS
8/3/2013,6.537356954,GPS
8/4/2013,6.553104986,GPS
8/5/2013,6.555762467,GPS
8/6/2013,6.536536744,GPS
8/7/2013,6.532468503,GPS
8/8/2013,6.537783464,GPS
8/9/2013,6.531024933,GPS
8/10/2013,6.547232283,GPS
8/11/2013,6.529122046,GPS
8/12/2013,6.524003936,GPS
8/13/2013,6.530335957,GPS
8/14/2013,6.529548555,GPS
8/15/2013,6.536996062,GPS
8/16/2013,6.52925328,GPS
8/17/2013,6.545624671,GPS
8/18/2013,6.536799212,GPS
8/19/2013,6.524791337,GPS
8/20/2013,6.526070865,GPS
8/21/2013,6.52718635,GPS
8/22/2013,6.538045931,GPS
8/23/2013,6.532566928,GPS
8/24/2013,6.523938319,GPS
8/25/2013,6.541195537,GPS
8/26/2013,6.522035432,GPS
8/27/2013,6.520460628,GPS
8/28/2013,6.519541993,GPS
8/29/2013,6.530532807,GPS
8/30/2013,6.537619422,GPS
8/31/2013,6.535060366,GPS
9/1/2013,6.547560367,GPS
9/2/2013,6.514784775,GPS
9/3/2013,6.51468635,GPS
9/4/2013,6.53765223,GPS
9/5/2013,6.533649605,GPS
9/6/2013,6.551923884,GPS
9/7/2013,6.533912072,GPS
9/8/2013,6.527711285,GPS
9/9/2013,6.512980313,GPS
9/10/2013,6.52288845,GPS
9/11/2013,6.533780839,GPS
9/12/2013,6.535355642,GPS
9/13/2013,6.540014435,GPS
9/14/2013,6.522199474,GPS
9/15/2013,6.528137794,GPS
9/16/2013,6.52144488,GPS
9/17/2013,6.528367453,GPS
9/18/2013,6.538898949,GPS
9/19/2013,6.519640418,GPS
9/20/2013,6.506976376,GPS
9/21/2013,6.530204723,GPS
9/22/2013,6.540047243,GPS
9/23/2013,6.514784775,GPS
9/24/2013,6.524791337,GPS
9/25/2013,6.499364827,GPS
9/26/2013,6.507895011,GPS
9/27/2013,6.52226509,GPS
9/28/2013,6.522035432,GPS
9/29/2013,6.529942256,GPS
9/30/2013,6.524496062,GPS
10/1/2013,6.522757216,GPS
10/2/2013,6.524922571,GPS
10/3/2013,6.535519684,GPS
10/4/2013,6.550709973,GPS
10/5/2013,6.558190288,GPS
10/6/2013,6.52800656,GPS
10/7/2013,6.518885825,GPS
10/8/2013,6.522199474,GPS
10/9/2013,6.530598424,GPS
10/10/2013,6.516556429,GPS
10/11/2013,6.522822833,GPS
10/12/2013,6.540572178,GPS
10/13/2013,6.51714698,GPS
10/14/2013,6.551169291,GPS
10/15/2013,6.548544619,GPS
10/16/2013,6.530040681,GPS
10/17/2013,6.539817584,GPS
10/18/2013,6.523807085,GPS
10/19/2013,6.529417322,GPS
10/20/2013,6.526005248,GPS
10/21/2013,6.534666666,GPS
10/22/2013,6.525677164,GPS
10/23/2013,6.533387138,GPS
10/24/2013,6.514751967,GPS
10/25/2013,6.530106298,GPS
10/26/2013,6.548610236,GPS
10/31/2013,6.496412071,GPS
11/1/2013,6.531024933,GPS
11/2/2013,6.518262466,GPS
11/3/2013,6.502547242,GPS
11/4/2013,6.515047242,GPS
11/5/2013,6.514751967,GPS
11/6/2013,6.526628608,GPS
11/7/2013,6.527251967,GPS
11/8/2013,6.522625983,GPS
11/9/2013,6.516097111,GPS
11/10/2013,6.509174539,GPS
11/11/2013,6.528564303,GPS
11/12/2013,6.536733595,GPS
11/13/2013,6.520001311,GPS
11/14/2013,6.51038845,GPS
11/15/2013,6.482632543,GPS
11/16/2013,6.490604984,GPS
11/17/2013,6.496937006,GPS
11/18/2013,6.504187662,GPS
11/19/2013,6.504581363,GPS
11/20/2013,6.510290024,GPS
11/21/2013,6.497921258,GPS
11/22/2013,6.509929132,GPS
11/23/2013,6.523938319,GPS
11/24/2013,6.512192912,GPS
11/25/2013,6.521182413,GPS
11/26/2013,6.5312874,GPS
11/27/2013,6.528793962,GPS
11/28/2013,6.509338581,GPS
11/29/2013,6.512553804,GPS
11/30/2013,6.522330707,GPS
12/1/2013,6.518656166,GPS
12/3/2013,6.498872701,GPS
12/4/2013,6.467803146,GPS
12/5/2013,6.487652228,GPS
12/6/2013,6.492639105,GPS
12/7/2013,6.503728344,GPS
12/8/2013,6.500283462,GPS
12/9/2013,6.503433069,GPS
12/10/2013,6.49992257,GPS
12/11/2013,6.495559053,GPS
12/12/2013,6.495493436,GPS
12/13/2013,6.50832152,GPS
12/14/2013,6.489325457,GPS
12/15/2013,6.502711284,GPS
12/16/2013,6.490604984,GPS
12/17/2013,6.499430444,GPS
12/18/2013,6.480171913,GPS
12/19/2013,6.462586611,GPS
12/20/2013,6.465703409,GPS
12/21/2013,6.462291335,GPS
12/22/2013,6.478433068,GPS
12/23/2013,6.511339893,GPS
12/24/2013,6.497822832,GPS
12/25/2013,6.495788712,GPS
12/26/2013,6.498216533,GPS
12/27/2013,6.499824145,GPS
12/28/2013,6.500217846,GPS
12/29/2013,6.509469814,GPS
12/30/2013,6.491261152,GPS
12/31/2013,6.495362202,GPS
1/1/2014,6.505237531,GPS
1/2/2014,6.498413384,GPS
1/3/2014,6.480007871,GPS
1/4/2014,6.472527556,GPS
1/5/2014,6.492081362,GPS
1/6/2014,6.491687662,GPS
1/7/2014,6.491064302,GPS
1/8/2014,6.465342516,GPS
1/9/2014,6.479253278,GPS
1/10/2014,6.476595798,GPS
1/11/2014,6.474889761,GPS
1/12/2014,6.456713907,GPS
1/13/2014,6.48761942,GPS
1/14/2014,6.497068239,GPS
1/15/2014,6.502809709,GPS
1/16/2014,6.486241467,GPS
1/17/2014,6.478072176,GPS
1/18/2014,6.482206034,GPS
1/19/2014,6.483354328,GPS
1/20/2014,6.492639105,GPS
1/21/2014,6.494082675,GPS
1/22/2014,6.483813646,GPS
1/23/2014,6.46320997,GPS
1/24/2014,6.49254068,GPS
1/25/2014,6.473643042,GPS
1/26/2014,6.465965876,GPS
1/27/2014,6.466720469,GPS
1/28/2014,6.472954065,GPS
1/29/2014,6.470952753,GPS
1/30/2014,6.458846453,GPS
1/31/2014,6.468360889,GPS
2/1/2014,6.466884511,GPS
2/2/2014,6.480303147,GPS
2/3/2014,6.465309708,GPS
2/4/2014,6.473216532,GPS
2/5/2014,6.49109711,GPS
2/6/2014,6.46485039,GPS
2/7/2014,6.469279524,GPS
2/8/2014,6.465834642,GPS
2/9/2014,6.472101047,GPS
2/10/2014,6.4898832,GPS
2/11/2014,6.480664039,GPS
2/12/2014,6.473610233,GPS
2/13/2014,6.481024932,GPS
2/14/2014,6.460946191,GPS
2/15/2014,6.472921257,GPS
2/16/2014,6.469607608,GPS
2/17/2014,6.472888448,GPS
2/18/2014,6.465965876,GPS
2/19/2014,6.465637792,GPS
2/20/2014,6.479286086,GPS
2/21/2014,6.479056428,GPS
2/22/2014,6.483977688,GPS
2/23/2014,6.471510496,GPS
2/24/2014,6.468623356,GPS
2/25/2014,6.465637792,GPS
2/26/2014,6.467540679,GPS
2/27/2014,6.453006558,GPS
2/28/2014,6.457304458,GPS
3/1/2014,6.469870076,GPS
3/2/2014,6.481910758,GPS
3/3/2014,6.489522307,GPS
3/4/2014,6.486700785,GPS
3/5/2014,6.480664039,GPS
3/6/2014,6.476792648,GPS
3/7/2014,6.462094485,GPS
3/8/2014,6.493229656,GPS
3/9/2014,6.484863514,GPS
3/10/2014,6.477186349,GPS
3/11/2014,6.494049866,GPS
3/12/2014,6.494213908,GPS
3/13/2014,6.4816811,GPS
3/14/2014,6.487980312,GPS
3/15/2014,6.492179788,GPS
3/16/2014,6.504450129,GPS
3/17/2014,6.492442255,GPS
3/18/2014,6.482107609,GPS
3/19/2014,6.484272963,GPS
3/20/2014,6.488734906,GPS
3/21/2014,6.480893698,GPS
3/22/2014,6.505598423,GPS
3/23/2014,6.50402362,GPS
3/24/2014,6.505696848,GPS
3/25/2014,6.501005247,GPS
3/26/2014,6.467475062,GPS
3/27/2014,6.468885824,GPS
3/28/2014,6.482304459,GPS
3/29/2014,6.511897636,GPS
3/30/2014,6.509437006,GPS
3/31/2014,6.511963253,GPS
4/1/2014,6.478531493,GPS
4/2/2014,6.481713908,GPS
4/3/2014,6.489292648,GPS
4/4/2014,6.494640418,GPS
4/5/2014,6.516293962,GPS
4/6/2014,6.515408135,GPS
4/7/2014,6.507862203,GPS
4/8/2014,6.526300524,GPS
4/9/2014,6.513013122,GPS
4/10/2014,6.527875327,GPS
4/11/2014,6.516228345,GPS
4/12/2014,6.496772964,GPS
4/13/2014,6.503367452,GPS
4/14/2014,6.512520996,GPS
4/15/2014,6.508583988,GPS
4/16/2014,6.495952754,GPS
4/17/2014,6.519181101,GPS
4/18/2014,6.50546719,GPS
4/19/2014,6.515014434,GPS
4/20/2014,6.535979002,GPS
4/21/2014,6.534108923,GPS
4/22/2014,6.528301836,GPS
4/23/2014,6.548019684,GPS
4/24/2014,6.517409447,GPS
4/25/2014,6.52023097,GPS
4/26/2014,6.533616797,GPS
4/27/2014,6.53663517,GPS
4/28/2014,6.544181102,GPS
4/29/2014,6.551891076,GPS
4/30/2014,6.53663517,GPS
5/1/2014,6.552350393,GPS
5/2/2014,6.539817584,GPS
5/3/2014,6.554318897,GPS
5/4/2014,6.55057874,GPS
5/5/2014,6.547757217,GPS
5/6/2014,6.555335958,GPS
5/7/2014,6.55507349,GPS
5/8/2014,6.565965879,GPS
5/9/2014,6.558419947,GPS
5/10/2014,6.540375327,GPS
5/11/2014,6.550906824,GPS
5/12/2014,6.564817585,GPS
5/13/2014,6.585552494,GPS
5/14/2014,6.565080052,GPS
5/15/2014,6.579975066,GPS
5/16/2014,6.574660105,GPS
5/17/2014,6.568098425,GPS
5/18/2014,6.568524934,GPS
5/19/2014,6.582796588,GPS
5/20/2014,6.580434384,GPS
5/21/2014,6.572954068,GPS
5/22/2014,6.572363517,GPS
5/23/2014,6.57866273,GPS
5/24/2014,6.585650919,GPS
5/25/2014,6.5722979,GPS
5/26/2014,6.587291339,GPS
5/27/2014,6.602120736,GPS
5/28/2014,6.608780841,GPS
5/29/2014,6.620788716,GPS
5/30/2014,6.60635302,GPS
5/31/2014,6.599856956,GPS
6/1/2014,6.599036746,GPS
6/2/2014,6.604384516,GPS
6/3/2014,6.617507876,GPS
6/4/2014,6.613374017,GPS
6/5/2014,6.612356957,GPS
6/6/2014,6.60654987,GPS
6/7/2014,6.620362206,GPS
6/8/2014,6.611602364,GPS
6/9/2014,6.622790028,GPS
6/10/2014,6.608583991,GPS
6/11/2014,6.622068243,GPS
6/12/2014,6.623249346,GPS
6/13/2014,6.630171918,GPS
6/14/2014,6.636011813,GPS
6/15/2014,6.63873491,GPS
6/16/2014,6.639719162,GPS
6/17/2014,6.649102365,GPS
6/18/2014,6.655237536,GPS
6/19/2014,6.630500002,GPS
6/20/2014,6.644574806,GPS
6/21/2014,6.649332024,GPS
6/22/2014,6.648839898,GPS
6/23/2014,6.647625987,GPS
6/24/2014,6.639620737,GPS
6/25/2014,6.643492128,GPS
6/26/2014,6.646018375,GPS
6/27/2014,6.669410764,GPS
6/28/2014,6.653662732,GPS
6/29/2014,6.656615488,GPS
6/30/2014,6.671707352,GPS
7/1/2014,6.67279003,GPS
7/2/2014,6.688308403,GPS
7/3/2014,6.665047247,GPS
7/4/2014,6.654778218,GPS
7/5/2014,6.686996067,GPS
7/6/2014,6.672133862,GPS
7/7/2014,6.651923887,GPS
7/8/2014,6.66170079,GPS
7/9/2014,6.659535436,GPS
7/10/2014,6.672068245,GPS
7/11/2014,6.678695542,GPS
7/12/2014,6.674758534,GPS
7/13/2014,6.682107615,GPS
7/14/2014,6.667540686,GPS
7/15/2014,6.675086618,GPS
7/16/2014,6.665014439,GPS
7/17/2014,6.660257221,GPS
7/18/2014,6.675611552,GPS
7/19/2014,6.681287405,GPS
7/20/2014,6.637553808,GPS
7/21/2014,6.65720604,GPS
7/22/2014,6.693131238,GPS
7/23/2014,6.705237537,GPS
7/24/2014,6.68611024,GPS
7/25/2014,6.687521001,GPS
7/26/2014,6.679811027,GPS
7/27/2014,6.693098429,GPS
7/28/2014,6.702120739,GPS
7/29/2014,6.688964571,GPS
7/30/2014,6.682271657,GPS
7/31/2014,6.703170608,GPS
8/1/2014,6.690998692,GPS
8/2/2014,6.693426513,GPS
8/3/2014,6.716622052,GPS
8/4/2014,6.686438324,GPS
8/5/2014,6.715342524,GPS
8/6/2014,6.720427826,GPS
8/7/2014,6.694181106,GPS
8/8/2014,6.721969821,GPS
8/9/2014,6.720329401,GPS
8/10/2014,6.743000006,GPS
8/11/2014,6.720493443,GPS
8/12/2014,6.713570871,GPS
8/13/2014,6.7281378,GPS
8/14/2014,6.714391081,GPS
8/15/2014,6.725972446,GPS
8/16/2014,6.725611554,GPS
8/17/2014,6.726694231,GPS
8/18/2014,6.737488194,GPS
8/19/2014,6.718492131,GPS
8/20/2014,6.740276908,GPS
8/21/2014,6.726267722,GPS
8/22/2014,6.72610368,GPS
8/23/2014,6.731254598,GPS
8/24/2014,6.732993444,GPS
8/25/2014,6.727612866,GPS
8/26/2014,6.736372709,GPS
8/27/2014,6.725709979,GPS
8/28/2014,6.725874021,GPS
8/29/2014,6.726398955,GPS
8/30/2014,6.724233601,GPS
8/31/2014,6.723249349,GPS
9/1/2014,6.732566934,GPS
9/2/2014,6.734666672,GPS
9/3/2014,6.741654861,GPS
9/4/2014,6.738242788,GPS
9/5/2014,6.746149612,GPS
9/6/2014,6.764817592,GPS
9/7/2014,6.75520473,GPS
9/8/2014,6.710158797,GPS
9/9/2014,6.754417329,GPS
9/10/2014,6.749594494,GPS
9/11/2014,6.761733602,GPS
9/12/2014,6.762717854,GPS
9/13/2014,6.743688982,GPS
9/14/2014,6.734371396,GPS
9/15/2014,6.748511817,GPS
9/16/2014,6.755368772,GPS
9/17/2014,6.760290032,GPS
9/18/2014,6.750808405,GPS
9/19/2014,6.762160111,GPS
9/20/2014,6.75602494,GPS
9/21/2014,6.777809718,GPS
9/22/2014,6.780270348,GPS
9/23/2014,6.764358274,GPS
9/24/2014,6.774167986,GPS
9/25/2014,6.780500007,GPS
9/26/2014,6.783026254,GPS
9/27/2014,6.777055125,GPS
9/28/2014,6.786438327,GPS
9/29/2014,6.778958012,GPS
9/30/2014,6.779646988,GPS
10/1/2014,6.77613649,GPS
10/2/2014,6.775808406,GPS
10/3/2014,6.789555125,GPS
10/4/2014,6.797954076,GPS
10/5/2014,6.783813655,GPS
10/6/2014,6.783190296,GPS
10/7/2014,6.765309718,GPS
10/8/2014,6.78535565,GPS
10/9/2014,6.794542002,GPS
10/10/2014,6.810093184,GPS
10/11/2014,6.79273754,GPS
10/12/2014,6.785585309,GPS
10/13/2014,6.7976588,GPS
10/14/2014,6.775381896,GPS
10/15/2014,6.769935702,GPS
10/16/2014,6.79664174,GPS
10/17/2014,6.784863524,GPS
10/18/2014,6.783124679,GPS
10/19/2014,6.790309718,GPS
10/20/2014,6.788570873,GPS
10/21/2014,6.792770348,GPS
10/22/2014,6.793656175,GPS
10/23/2014,6.792278222,GPS
10/24/2014,6.783223104,GPS
10/25/2014,6.792573498,GPS
10/26/2014,6.792868774,GPS
10/27/2014,6.793492133,GPS
10/28/2014,6.776366148,GPS
10/29/2014,6.792967199,GPS
10/30/2014,6.79090027,GPS
10/31/2014,6.777186358,GPS
11/1/2014,6.817868774,GPS
11/2/2014,6.797822842,GPS
11/3/2014,6.789292658,GPS
11/4/2014,6.784010506,GPS
11/5/2014,6.793196858,GPS
11/6/2014,6.785847776,GPS
11/7/2014,6.782435702,GPS
11/8/2014,6.773413392,GPS
11/9/2014,6.759076122,GPS
11/10/2014,6.750578746,GPS
11/11/2014,6.778367461,GPS
11/12/2014,6.77570998,GPS
11/13/2014,6.774332028,GPS
11/14/2014,6.767442264,GPS
11/15/2014,6.771969823,GPS
11/16/2014,6.764423891,GPS
11/17/2014,6.785847776,GPS
11/18/2014,6.781123366,GPS
11/19/2014,6.745624678,GPS
11/20/2014,6.753629927,GPS
11/21/2014,6.735224415,GPS
11/22/2014,6.748675859,GPS
11/23/2014,6.753826778,GPS
11/24/2014,6.768262474,GPS
11/25/2014,6.773807093,GPS
11/26/2014,6.783124679,GPS
11/27/2014,6.769607618,GPS
11/28/2014,6.756615492,GPS
11/29/2014,6.737389769,GPS
11/30/2014,6.733419953,GPS
12/1/2014,6.756090557,GPS
12/2/2014,6.728334651,GPS
12/3/2014,6.75848557,GPS
12/4/2014,6.759141738,GPS
12/5/2014,6.739587932,GPS
12/6/2014,6.770624678,GPS
12/7/2014,6.759896332,GPS
12/8/2014,6.770854337,GPS
12/9/2014,6.772265098,GPS
12/10/2014,6.753334652,GPS
12/11/2014,6.744377958,GPS
12/12/2014,6.727186357,GPS
12/13/2014,6.750611554,GPS
12/14/2014,6.769706043,GPS
12/15/2014,6.770066936,GPS
12/16/2014,6.806779535,GPS
12/17/2014,6.746280846,GPS
12/18/2014,6.745395019,GPS
12/19/2014,6.76977166,GPS
12/20/2014,6.760257224,GPS
12/21/2014,6.746346462,GPS
12/22/2014,6.748938326,GPS
12/23/2014,6.755664048,GPS
12/24/2014,6.744509192,GPS
12/25/2014,6.72075591,GPS
12/26/2014,6.73716011,GPS
12/27/2014,6.740473759,GPS
12/28/2014,6.741392394,GPS
12/29/2014,6.73880053,GPS
12/30/2014,6.756057749,GPS
12/31/2014,6.746051187,GPS
1/1/2015,6.733780845,GPS
1/2/2015,6.725152236,GPS
1/3/2015,6.748807092,GPS
1/4/2015,6.751169297,GPS
1/5/2015,6.75891208,GPS
1/6/2015,6.753925203,GPS
1/7/2015,6.735552499,GPS
1/8/2015,6.736799218,GPS
1/9/2015,6.72895801,GPS
1/10/2015,6.734108929,GPS
1/11/2015,6.716720477,GPS
1/12/2015,6.73266536,GPS
1/13/2015,6.728859585,GPS
1/14/2015,6.735290032,GPS
1/15/2015,6.709666671,GPS
1/16/2015,6.73020473,GPS
1/17/2015,6.723807092,GPS
1/18/2015,6.714916015,GPS
1/19/2015,6.721313653,GPS
1/20/2015,6.73122179,GPS
1/21/2015,6.739325465,GPS
1/22/2015,6.709437012,GPS
1/23/2015,6.734272971,GPS
1/24/2015,6.720591868,GPS
1/25/2015,6.705926514,GPS
1/26/2015,6.727448824,GPS
1/27/2015,6.734207354,GPS
1/28/2015,6.722724414,GPS
1/29/2015,6.72692389,GPS
1/30/2015,6.723938325,GPS
1/31/2015,6.715998692,GPS
2/1/2015,6.735749349,GPS
2/2/2015,6.722035438,GPS
2/3/2015,6.713045936,GPS
2/4/2015,6.718688981,GPS
2/5/2015,6.700447511,GPS
2/6/2015,6.702940949,GPS
2/7/2015,6.703400267,GPS
2/8/2015,6.705959322,GPS
2/9/2015,6.692081369,GPS
2/10/2015,6.725874021,GPS
2/11/2015,6.730500005,GPS
2/12/2015,6.732402892,GPS
2/13/2015,6.737225727,GPS
2/14/2015,6.716720477,GPS
2/15/2015,6.721707354,GPS
2/16/2015,6.721707354,GPS
2/17/2015,6.730565622,GPS
2/18/2015,6.740965885,GPS
2/19/2015,6.726562997,GPS
2/20/2015,6.696707353,GPS
2/21/2015,6.704286094,GPS
2/22/2015,6.710749348,GPS
2/23/2015,6.720198168,GPS
2/24/2015,6.738997381,GPS
2/25/2015,6.740834651,GPS
2/26/2015,6.743360898,GPS
2/27/2015,6.7117336,GPS
2/28/2015,6.71051969,GPS
3/1/2015,6.720230976,GPS
3/2/2015,6.727678483,GPS
3/3/2015,6.732927827,GPS
3/4/2015,6.732796593,GPS
3/5/2015,6.754679796,GPS
3/6/2015,6.763800531,GPS
3/7/2015,6.744902893,GPS
3/8/2015,6.724889769,GPS
3/9/2015,6.726431764,GPS
3/10/2015,6.73551969,GPS
3/11/2015,6.738866147,GPS
3/12/2015,6.748938326,GPS
3/13/2015,6.730565622,GPS
3/14/2015,6.745066935,GPS
3/15/2015,6.733288719,GPS
3/16/2015,6.752153549,GPS
3/17/2015,6.740211292,GPS
3/18/2015,6.726989506,GPS
3/19/2015,6.737061685,GPS
3/20/2015,6.749496069,GPS
3/21/2015,6.7441483,GPS
3/22/2015,6.752022316,GPS
3/23/2015,6.740506567,GPS
3/24/2015,6.738078746,GPS
3/25/2015,6.745755911,GPS
3/26/2015,6.75910893,GPS
3/27/2015,6.778104994,GPS
3/28/2015,6.762816279,GPS
3/29/2015,6.7609462,GPS
3/30/2015,6.764325466,GPS
3/31/2015,6.773938327,GPS
4/1/2015,6.774430453,GPS
4/2/2015,6.772002631,GPS
4/3/2015,6.780893708,GPS
4/4/2015,6.770001319,GPS
4/5/2015,6.771477697,GPS
4/6/2015,6.77387271,GPS
4/7/2015,6.779646988,GPS
4/8/2015,6.78965355,GPS
4/9/2015,6.785716542,GPS
4/10/2015,6.787455388,GPS
4/11/2015,6.789686359,GPS
4/12/2015,6.793623367,GPS
4/13/2015,6.810421268,GPS
4/14/2015,6.810486884,GPS
4/15/2015,6.79949607,GPS
4/16/2015,6.811110244,GPS
4/17/2015,6.799463262,GPS
4/18/2015,6.81179922,GPS
4/19/2015,6.802153551,GPS
4/20/2015,6.787094495,GPS
4/21/2015,6.79683859,GPS
4/22/2015,6.808551189,GPS
4/23/2015,6.818623368,GPS
4/24/2015,6.819542003,GPS
4/25/2015,6.806123367,GPS
4/26/2015,6.816458013,GPS
4/27/2015,6.832895022,GPS
4/28/2015,6.847855652,GPS
4/29/2015,6.82082153,GPS
4/30/2015,6.818229667,GPS
5/1/2015,6.827973762,GPS
5/2/2015,6.834108932,GPS
5/3/2015,6.844017069,GPS
5/4/2015,6.845198172,GPS
5/5/2015,6.846215232,GPS
5/6/2015,6.835355652,GPS
5/7/2015,6.828892397,GPS
5/8/2015,6.850381899,GPS
5/9/2015,6.866654865,GPS
5/10/2015,6.854975075,GPS
5/11/2015,6.840145678,GPS
5/12/2015,6.857566938,GPS
5/13/2015,6.862324156,GPS
5/14/2015,6.864194235,GPS
5/15/2015,6.867146991,GPS
5/16/2015,6.856353028,GPS
5/17/2015,6.872954078,GPS
5/18/2015,6.870198172,GPS
5/19/2015,6.899660116,GPS
5/20/2015,6.891326782,GPS
5/21/2015,6.857993448,GPS
5/22/2015,6.873610246,GPS
5/23/2015,6.895034131,GPS
5/24/2015,6.891293974,GPS
5/25/2015,6.8878819,GPS
5/26/2015,6.876628619,GPS
5/27/2015,6.871740167,GPS
5/28/2015,6.87475854,GPS
5/29/2015,6.890834656,GPS
5/30/2015,6.909601061,GPS
5/31/2015,6.903958016,GPS
6/1/2015,6.88151707,GPS
6/2/2015,6.889751979,GPS
6/3/2015,6.907074814,GPS
6/4/2015,6.904679801,GPS
6/5/2015,6.923052505,GPS
6/6/2015,6.890604997,GPS
6/7/2015,6.891523632,GPS
6/8/2015,6.902612872,GPS
6/9/2015,6.913078751,GPS
6/10/2015,6.910486888,GPS
6/11/2015,6.922068253,GPS
6/12/2015,6.914095812,GPS
6/13/2015,6.885027569,GPS
6/14/2015,6.912521008,GPS
6/15/2015,6.924561691,GPS
6/16/2015,6.924299224,GPS
6/17/2015,6.92049345,GPS
6/18/2015,6.924266416,GPS
6/19/2015,6.929975077,GPS
6/20/2015,6.911011822,GPS
6/21/2015,6.924955392,GPS
6/22/2015,6.913734919,GPS
6/23/2015,6.928958017,GPS
6/24/2015,6.922724421,GPS
6/25/2015,6.945427834,GPS
6/26/2015,6.92725198,GPS
6/27/2015,6.956057755,GPS
6/28/2015,6.931221796,GPS
6/29/2015,6.94674017,GPS
6/30/2015,6.94365618,GPS
7/1/2015,6.93853807,GPS
7/2/2015,6.958157493,GPS
7/3/2015,6.956681115,GPS
7/4/2015,6.949036758,GPS
7/5/2015,6.93729135,GPS
7/6/2015,6.951070878,GPS
7/7/2015,6.954187676,GPS
7/8/2015,6.957730984,GPS
7/9/2015,6.925545943,GPS
7/10/2015,6.937980327,GPS
7/11/2015,6.966392401,GPS
7/12/2015,6.953564317,GPS
7/13/2015,6.979023635,GPS
7/14/2015,6.970296601,GPS
7/15/2015,6.963702112,GPS
7/16/2015,6.947691613,GPS
7/17/2015,6.968328097,GPS
7/18/2015,6.985388465,GPS
7/19/2015,6.984568255,GPS
7/20/2015,6.971576128,GPS
7/21/2015,6.962028884,GPS
7/22/2015,6.964030196,GPS
7/23/2015,6.96763912,GPS
7/24/2015,6.997757232,GPS
7/25/2015,6.988242796,GPS
7/26/2015,6.995427835,GPS
7/27/2015,6.984633872,GPS
7/28/2015,6.974397651,GPS
7/29/2015,7.004417337,GPS
7/30/2015,6.999463268,GPS
7/31/2015,7.029056445,GPS
8/1/2015,6.995099751,GPS
8/2/2015,7.009404214,GPS
8/3/2015,6.998938334,GPS
8/4/2015,7.010814975,GPS
8/5/2015,7.002251982,GPS
8/6/2015,6.996477704,GPS
8/7/2015,6.983715236,GPS
8/8/2015,6.985388465,GPS
8/9/2015,6.98958794,GPS
8/10/2015,7.012291353,GPS
8/11/2015,7.017311038,GPS
8/12/2015,7.001956707,GPS
8/13/2015,7.005860906,GPS
8/14/2015,6.991753294,GPS
8/15/2015,7.001923898,GPS
8/16/2015,6.998183741,GPS
8/17/2015,7.003465893,GPS
8/18/2015,7.00782941,GPS
8/19/2015,6.996576129,GPS
8/20/2015,7.002120749,GPS
8/21/2015,6.999988203,GPS
8/22/2015,7.032632561,GPS
8/23/2015,7.014161432,GPS
8/24/2015,7.040178493,GPS
8/25/2015,7.032009201,GPS
8/26/2015,7.037685054,GPS
8/27/2015,7.046149622,GPS
8/28/2015,7.037455396,GPS
8/29/2015,7.020919962,GPS
8/30/2015,7.019837285,GPS
8/31/2015,7.033157495,GPS
9/1/2015,7.040506577,GPS
9/2/2015,7.031845159,GPS
9/3/2015,7.042179805,GPS
9/4/2015,7.047691616,GPS
9/5/2015,7.058354346,GPS
9/6/2015,7.050874031,GPS
9/7/2015,7.065145685,GPS
9/8/2015,7.055434399,GPS
9/9/2015,7.068492142,GPS
9/10/2015,7.052186367,GPS
9/11/2015,7.063833349,GPS
9/12/2015,7.062652247,GPS
9/13/2015,7.027284792,GPS
9/14/2015,7.05540159,GPS
9/15/2015,7.036110251,GPS
9/16/2015,7.040998703,GPS
9/17/2015,7.061044635,GPS
9/18/2015,7.068426525,GPS
9/19/2015,7.053203428,GPS
9/20/2015,7.060486892,GPS
9/21/2015,7.052809727,GPS
9/22/2015,7.042540698,GPS
9/23/2015,7.0847323,GPS
9/24/2015,7.090178494,GPS
9/25/2015,7.079778232,GPS
9/26/2015,7.053629937,GPS
9/27/2015,7.063078756,GPS
9/28/2015,7.059699491,GPS
9/29/2015,7.061011827,GPS
9/30/2015,7.065900278,GPS
10/1/2015,7.055696866,GPS
10/2/2015,7.078629938,GPS
10/3/2015,7.065112877,GPS
10/4/2015,7.051234924,GPS
10/5/2015,7.066326788,GPS
10/6/2015,7.069476394,GPS
10/7/2015,7.069837286,GPS
10/8/2015,7.073544636,GPS
10/9/2015,7.074463271,GPS
10/10/2015,7.076825476,GPS
10/11/2015,7.074660121,GPS
10/12/2015,7.060355659,GPS
10/13/2015,7.07590684,GPS
10/14/2015,7.044968519,GPS
10/15/2015,7.048610252,GPS
10/16/2015,7.073085318,GPS
10/17/2015,7.055532824,GPS
10/18/2015,7.054745422,GPS
10/19/2015,7.070132562,GPS
10/20/2015,7.063931774,GPS
10/21/2015,7.070723113,GPS
10/22/2015,7.063669307,GPS
10/23/2015,7.075972457,GPS
10/24/2015,7.079154872,GPS
10/25/2015,7.075611565,GPS
10/26/2015,7.078826788,GPS
10/27/2015,7.051333349,GPS
10/28/2015,7.045887154,GPS
10/29/2015,7.045230986,GPS
10/30/2015,7.050185055,GPS
10/31/2015,7.056517076,GPS
11/1/2015,7.063013139,GPS
11/2/2015,7.094640437,GPS
11/3/2015,7.053236236,GPS
11/4/2015,7.05746852,GPS
11/5/2015,7.071740174,GPS
11/6/2015,7.083223114,GPS
11/7/2015,7.066293979,GPS
11/8/2015,7.065145685,GPS
11/9/2015,7.071116814,GPS
11/10/2015,7.058879281,GPS
11/11/2015,7.068820226,GPS
11/12/2015,7.073019701,GPS
11/13/2015,7.06977167,GPS
11/14/2015,7.0722323,GPS
11/15/2015,7.058715239,GPS
11/16/2015,7.055303165,GPS
11/17/2015,7.063472457,GPS
11/18/2015,7.063045948,GPS
11/19/2015,7.058977706,GPS
11/20/2015,7.074627313,GPS
11/21/2015,7.075939649,GPS
11/22/2015,7.061536761,GPS
11/23/2015,7.048347784,GPS
11/24/2015,7.051169307,GPS
11/25/2015,7.050316288,GPS
11/26/2015,7.061832037,GPS
11/27/2015,7.081582694,GPS
11/28/2015,7.062094504,GPS
11/29/2015,7.055762483,GPS
11/30/2015,7.052317601,GPS
12/1/2015,7.071051197,GPS
12/2/2015,7.079712615,GPS
12/3/2015,7.063111564,GPS
12/4/2015,7.070001328,GPS
12/5/2015,7.063341223,GPS
12/6/2015,7.065178494,GPS
12/7/2015,7.050709989,GPS
12/8/2015,7.048183742,GPS
12/9/2015,7.037324162,GPS
12/10/2015,7.030007889,GPS
12/11/2015,7.043853034,GPS
12/12/2015,7.049824162,GPS
12/13/2015,7.034830724,GPS
12/14/2015,7.011996077,GPS
12/15/2015,7.047757233,GPS
12/16/2015,7.033977705,GPS
12/17/2015,7.053597128,GPS
12/18/2015,7.049856971,GPS
12/19/2015,7.044640435,GPS
12/20/2015,7.044213926,GPS
12/21/2015,7.04700264,GPS
12/22/2015,7.00497508,GPS
12/23/2015,7.01071655,GPS
12/24/2015,7.023905526,GPS
12/25/2015,7.031385842,GPS
12/26/2015,7.055467207,GPS
12/27/2015,7.050808414,GPS
12/28/2015,7.041622062,GPS
12/29/2015,7.041589254,GPS
12/30/2015,7.042376656,GPS
12/31/2015,7.048544635,GPS
1/1/2016,7.050119438,GPS
1/2/2016,7.045493454,GPS
1/3/2016,7.029286104,GPS
1/4/2016,7.031582692,GPS
1/5/2016,7.030467206,GPS
1/6/2016,7.046838598,GPS
1/7/2016,7.033157495,GPS
1/8/2016,7.038570881,GPS
1/9/2016,7.06156957,GPS
1/10/2016,7.034305789,GPS
1/11/2016,7.042737548,GPS
1/12/2016,7.061799228,GPS
1/13/2016,7.037422587,GPS
1/14/2016,7.041425212,GPS
1/15/2016,7.027645684,GPS
1/16/2016,7.042343847,GPS
1/17/2016,7.033321537,GPS
1/18/2016,7.018328098,GPS
1/19/2016,7.029450146,GPS
1/20/2016,7.036602377,GPS
1/21/2016,7.029089254,GPS
1/22/2016,7.034765107,GPS
1/23/2016,7.039325474,GPS
1/24/2016,7.048282168,GPS
1/25/2016,7.042146997,GPS
1/26/2016,7.027284792,GPS
1/27/2016,7.042376656,GPS
1/28/2016,7.037849096,GPS
1/29/2016,7.033190304,GPS
1/30/2016,7.0027113,GPS
1/31/2016,6.985913399,GPS
2/1/2016,6.995788728,GPS
2/2/2016,7.031057758,GPS
2/3/2016,7.036602377,GPS
2/4/2016,7.041293978,GPS
2/5/2016,7.058157496,GPS
2/6/2016,7.043229674,GPS
2/7/2016,7.058026262,GPS
2/8/2016,7.039850409,GPS
2/9/2016,7.030532823,GPS
2/10/2016,7.032566944,GPS
2/11/2016,7.030828099,GPS
2/12/2016,7.024102377,GPS
2/13/2016,7.032107626,GPS
2/14/2016,7.01993571,GPS
2/15/2016,7.009141746,GPS
2/16/2016,7.017343846,GPS
2/17/2016,6.98693046,GPS
2/18/2016,6.973610249,GPS
2/19/2016,7.005696864,GPS
2/20/2016,7.016129936,GPS
2/21/2016,7.024791353,GPS
2/22/2016,7.038242797,GPS
2/23/2016,7.02075592,GPS
2/24/2016,7.025939647,GPS
2/25/2016,7.03204201,GPS
2/26/2016,7.03489634,GPS
2/27/2016,7.020657495,GPS
2/28/2016,7.033124687,GPS
2/29/2016,7.022363532,GPS
3/1/2016,7.018000014,GPS
3/2/2016,7.023741484,GPS
3/3/2016,7.031746734,GPS
3/4/2016,7.03696327,GPS
3/5/2016,7.044017076,GPS
3/6/2016,7.029318912,GPS
3/7/2016,7.019968518,GPS
3/8/2016,7.016064319,GPS
3/9/2016,7.049299228,GPS
3/10/2016,7.040736236,GPS
3/11/2016,7.039325474,GPS
3/12/2016,7.036011826,GPS
3/13/2016,7.035421275,GPS
3/14/2016,7.022101064,GPS
3/15/2016,7.06074936,GPS
3/16/2016,7.04188453,GPS
3/17/2016,7.034338598,GPS
3/18/2016,7.032698178,GPS
3/19/2016,7.043984267,GPS
3/20/2016,7.047068257,GPS
3/21/2016,7.059207365,GPS
3/22/2016,7.038439648,GPS
3/23/2016,7.04473886,GPS
3/24/2016,7.047593191,GPS
3/25/2016,7.042212614,GPS
3/26/2016,7.052776918,GPS
3/27/2016,7.044509202,GPS
3/28/2016,7.035454083,GPS
3/29/2016,7.029876655,GPS
3/30/2016,7.03778348,GPS
3/31/2016,7.03899739,GPS
4/1/2016,7.047363532,GPS
4/2/2016,7.043000015,GPS
4/3/2016,7.030139122,GPS
4/4/2016,7.033157495,GPS
4/5/2016,7.05848558,GPS
4/6/2016,7.057009202,GPS
4/7/2016,7.051891092,GPS
4/8/2016,7.033223112,GPS
4/9/2016,7.030828099,GPS
4/10/2016,7.056484268,GPS
4/11/2016,7.049102378,GPS
4/12/2016,7.057763795,GPS
4/13/2016,7.042376656,GPS
4/14/2016,7.032337285,GPS
4/15/2016,7.036011826,GPS
4/16/2016,7.058091879,GPS
4/17/2016,7.05418768,GPS
4/18/2016,7.061930462,GPS
4/19/2016,7.042803165,GPS
4/20/2016,7.033190304,GPS
4/21/2016,7.060880593,GPS
4/22/2016,7.070395029,GPS
4/23/2016,7.064686368,GPS
4/24/2016,7.061274294,GPS
4/25/2016,7.056057758,GPS
4/26/2016,7.052383218,GPS
4/27/2016,7.056713926,GPS
4/28/2016,7.066654872,GPS
4/29/2016,7.068820226,GPS
4/30/2016,7.053892404,GPS
5/1/2016,7.05500789,GPS
5/2/2016,7.074561696,GPS
5/3/2016,7.053990829,GPS
5/4/2016,7.059240173,GPS
5/5/2016,7.059765108,GPS
5/6/2016,7.05212075,GPS
5/7/2016,7.061175869,GPS
5/8/2016,7.053826787,GPS
5/9/2016,7.058912089,GPS
5/10/2016,7.078433087,GPS
5/11/2016,7.110847786,GPS
5/12/2016,7.072002641,GPS
5/13/2016,7.069837286,GPS
5/14/2016,7.077744111,GPS
5/15/2016,7.046248047,GPS
5/16/2016,7.06731104,GPS
5/17/2016,7.077481644,GPS
5/18/2016,7.10359713,GPS
5/19/2016,7.083813665,GPS
5/20/2016,7.076464583,GPS
5/21/2016,7.096084006,GPS
5/22/2016,7.098085319,GPS
5/23/2016,7.100349098,GPS
5/24/2016,7.099594505,GPS
5/25/2016,7.095887156,GPS
5/26/2016,7.081713927,GPS
5/27/2016,7.095526264,GPS
5/28/2016,7.099988206,GPS
5/29/2016,7.105696868,GPS
5/30/2016,7.123544637,GPS
5/31/2016,7.117081382,GPS
6/1/2016,7.106353036,GPS
6/2/2016,7.113997393,GPS
6/3/2016,7.111930464,GPS
6/4/2016,7.129384532,GPS
6/5/2016,7.105795293,GPS
6/6/2016,7.134272984,GPS
6/7/2016,7.118426527,GPS
6/8/2016,7.117475083,GPS
6/9/2016,7.127284795,GPS
6/10/2016,7.129318916,GPS
6/11/2016,7.140834664,GPS
6/12/2016,7.139981646,GPS
6/13/2016,7.117507892,GPS
6/14/2016,7.114916028,GPS
6/15/2016,7.123577446,GPS
6/16/2016,7.135060386,GPS
6/17/2016,7.132960648,GPS
6/18/2016,7.138636501,GPS
6/19/2016,7.149496082,GPS
6/20/2016,7.13660238,GPS
6/21/2016,7.144706055,GPS
6/22/2016,7.154811042,GPS
6/23/2016,7.129515766,GPS
6/24/2016,7.117048574,GPS
6/25/2016,7.136864848,GPS
6/26/2016,7.15280973,GPS
6/27/2016,7.155139126,GPS
6/28/2016,7.164948838,GPS
6/29/2016,7.164522329,GPS
6/30/2016,7.152514454,GPS
7/1/2016,7.150053824,GPS
7/2/2016,7.145132564,GPS
7/3/2016,7.159141751,GPS
7/4/2016,7.161963274,GPS
7/5/2016,7.162586633,GPS
7/6/2016,7.161274297,GPS
7/7/2016,7.158157499,GPS
7/8/2016,7.176891096,GPS
7/9/2016,7.180171936,GPS
7/10/2016,7.1710512,GPS
7/11/2016,7.176038077,GPS
7/12/2016,7.171969836,GPS
7/13/2016,7.171904219,GPS
7/14/2016,7.186208681,GPS
7/15/2016,7.167278234,GPS
7/16/2016,7.165440964,GPS
7/17/2016,7.1710512,GPS
7/18/2016,7.178498707,GPS
7/19/2016,7.185650938,GPS
7/20/2016,7.181188996,GPS
7/21/2016,7.17659582,GPS
7/22/2016,7.16941078,GPS
7/23/2016,7.18542128,GPS
7/24/2016,7.172232303,GPS
7/25/2016,7.176530203,GPS
7/26/2016,7.178662749,GPS
7/27/2016,7.182829416,GPS
7/28/2016,7.172035452,GPS
7/29/2016,7.167212618,GPS
7/30/2016,7.149824166,GPS
7/31/2016,7.173150938,GPS
8/1/2016,7.177087946,GPS
8/2/2016,7.165080072,GPS
8/3/2016,7.176267736,GPS
8/4/2016,7.222068262,GPS
8/5/2016,7.180795295,GPS
8/6/2016,7.168787421,GPS
8/7/2016,7.166392408,GPS
8/8/2016,7.174266424,GPS
8/9/2016,7.175283484,GPS
8/10/2016,7.194935716,GPS
8/11/2016,7.202580073,GPS
8/12/2016,7.207468524,GPS
8/13/2016,7.19975855,GPS
8/14/2016,7.194607632,GPS
8/15/2016,7.174856975,GPS
8/16/2016,7.185552513,GPS
8/17/2016,7.182009206,GPS
8/18/2016,7.167212618,GPS
8/19/2016,7.191064324,GPS
8/20/2016,7.180631253,GPS
8/21/2016,7.174069573,GPS
8/22/2016,7.185683747,GPS
8/23/2016,7.177908156,GPS
8/24/2016,7.189227054,GPS
8/25/2016,7.191097133,GPS
8/26/2016,7.180040702,GPS
8/27/2016,7.205270362,GPS
8/28/2016,7.200775611,GPS
8/29/2016,7.200742802,GPS
8/30/2016,7.186569574,GPS
8/31/2016,7.182895033,GPS
9/1/2016,7.187225742,GPS
9/2/2016,7.181254613,GPS
9/3/2016,7.160979022,GPS
9/4/2016,7.164063011,GPS
9/5/2016,7.170887158,GPS
9/6/2016,7.176989521,GPS
9/7/2016,7.177087946,GPS
9/8/2016,7.205893721,GPS
9/9/2016,7.192114193,GPS
9/10/2016,7.207173249,GPS
9/11/2016,7.203105007,GPS
9/12/2016,7.192081385,GPS
9/13/2016,7.173774298,GPS
9/14/2016,7.188734928,GPS
9/15/2016,7.192639128,GPS
9/16/2016,7.175283484,GPS
9/17/2016,7.169673248,GPS
9/18/2016,7.170723116,GPS
9/19/2016,7.161077447,GPS
9/20/2016,7.152350412,GPS
9/21/2016,7.148183746,GPS
9/22/2016,7.149856974,GPS
9/23/2016,7.172002644,GPS
9/24/2016,7.174430466,GPS
9/25/2016,7.171608943,GPS
9/26/2016,7.157829415,GPS
9/27/2016,7.151825478,GPS
9/28/2016,7.177448838,GPS
9/29/2016,7.2038596,GPS
9/30/2016,7.174463274,GPS
10/1/2016,7.151333352,GPS
10/2/2016,7.157009205,GPS
10/3/2016,7.172461962,GPS
10/4/2016,7.171116817,GPS
10/5/2016,7.162061699,GPS
10/6/2016,7.147166685,GPS
10/7/2016,7.160454087,GPS
10/8/2016,7.156188995,GPS
10/9/2016,7.161274297,GPS
10/10/2016,7.156254612,GPS
10/11/2016,7.155992145,GPS
10/12/2016,7.166884534,GPS
10/13/2016,7.176136502,GPS
10/14/2016,7.149594507,GPS
10/15/2016,7.153859599,GPS
10/16/2016,7.183485584,GPS
10/17/2016,7.15343309,GPS
10/18/2016,7.163931778,GPS
10/19/2016,7.180565636,GPS
10/20/2016,7.174922592,GPS
10/21/2016,7.174167998,GPS
10/22/2016,7.150841226,GPS
10/23/2016,7.180565636,GPS
10/24/2016,7.166458024,GPS
10/25/2016,7.193459338,GPS
10/26/2016,7.178367474,GPS
10/27/2016,7.163997394,GPS
10/28/2016,7.15280973,GPS
10/29/2016,7.178728366,GPS
10/30/2016,7.175283484,GPS
10/31/2016,7.158518392,GPS
11/1/2016,7.158813667,GPS
11/2/2016,7.165276922,GPS
11/3/2016,7.195066949,GPS
11/4/2016,7.191293983,GPS
11/5/2016,7.167639127,GPS
11/6/2016,7.1585512,GPS
11/7/2016,7.175250676,GPS
11/8/2016,7.165670623,GPS
11/9/2016,7.17803939,GPS
11/10/2016,7.169870098,GPS
11/11/2016,7.166195557,GPS
11/12/2016,7.133551199,GPS
11/13/2016,7.157435714,GPS
11/14/2016,7.178695558,GPS
11/15/2016,7.162225741,GPS
11/16/2016,7.150021016,GPS
11/17/2016,7.151398969,GPS
11/18/2016,7.165375347,GPS
11/19/2016,7.159633877,GPS
11/20/2016,7.168262486,GPS
11/21/2016,7.153597132,GPS
11/22/2016,7.154778234,GPS
11/23/2016,7.160782171,GPS
11/24/2016,7.155828103,GPS
11/25/2016,7.163603694,GPS
11/26/2016,7.167048576,GPS
11/27/2016,7.124791356,GPS
11/28/2016,7.14788847,GPS
11/29/2016,7.125480333,GPS
11/30/2016,7.150513142,GPS
12/1/2016,7.15874805,GPS
12/2/2016,7.167639127,GPS
12/3/2016,7.163800544,GPS
12/4/2016,7.147626003,GPS
12/5/2016,7.130828102,GPS
12/6/2016,7.141982958,GPS
12/7/2016,7.167803169,GPS
12/8/2016,7.167409468,GPS
12/9/2016,7.167278234,GPS
12/10/2016,7.138833352,GPS
12/11/2016,7.134601068,GPS
12/12/2016,7.157468523,GPS
12/13/2016,7.156582696,GPS
12/14/2016,7.164850413,GPS
12/15/2016,7.155040701,GPS
12/16/2016,7.125578758,GPS
12/17/2016,7.139423903,GPS
12/18/2016,7.154482958,GPS
12/19/2016,7.16530973,GPS
12/20/2016,7.157238864,GPS
12/21/2016,7.164850413,GPS
12/22/2016,7.141359598,GPS
12/23/2016,7.130500018,GPS
12/24/2016,7.137258548,GPS
12/25/2016,7.130893719,GPS
12/26/2016,7.138702118,GPS
12/27/2016,7.147396344,GPS
12/28/2016,7.147527578,GPS
12/29/2016,7.159076134,GPS
12/30/2016,7.135749362,GPS
12/31/2016,7.128958023,GPS
1/1/2017,7.105270358,GPS
1/2/2017,7.129647,GPS
1/3/2017,7.146280858,GPS
1/4/2017,7.146641751,GPS
1/5/2017,7.123183745,GPS
1/6/2017,7.144542013,GPS
1/7/2017,7.126136501,GPS
1/8/2017,7.163931778,GPS
1/9/2017,7.145460648,GPS
1/10/2017,7.141490832,GPS
1/11/2017,7.117212616,GPS
1/12/2017,7.128695556,GPS
1/13/2017,7.137192932,GPS
1/14/2017,7.159404218,GPS
1/15/2017,7.140998706,GPS
1/16/2017,7.127776921,GPS
1/17/2017,7.117573508,GPS
1/18/2017,7.136339913,GPS
1/19/2017,7.105631251,GPS
1/20/2017,7.107173246,GPS
1/21/2017,7.112750674,GPS
1/22/2017,7.123446212,GPS
1/23/2017,7.115211304,GPS
1/24/2017,7.122986894,GPS
1/25/2017,7.16347246,GPS
1/26/2017,7.175185059,GPS
1/27/2017,7.176858287,GPS
1/28/2017,7.176169311,GPS
1/29/2017,7.176628628,GPS
1/30/2017,7.158452775,GPS
1/31/2017,7.171510518,GPS
2/1/2017,7.167179809,GPS
2/2/2017,7.145099756,GPS
2/3/2017,7.152448838,GPS
2/4/2017,7.141884533,GPS
2/5/2017,7.143524953,GPS
2/6/2017,7.125414716,GPS
2/7/2017,7.154384533,GPS
2/8/2017,7.13128742,GPS
2/9/2017,7.149758549,GPS
2/10/2017,7.148118129,GPS
2/11/2017,7.155368785,GPS
2/12/2017,7.154647,GPS
2/13/2017,7.16347246,GPS
2/14/2017,7.1542533,GPS
2/15/2017,7.148183746,GPS
2/16/2017,7.12882679,GPS
2/17/2017,7.11199608,GPS
2/18/2017,7.106549886,GPS
2/19/2017,7.094279544,GPS
2/20/2017,7.140342538,GPS
2/21/2017,7.134994769,GPS
2/22/2017,7.148479021,GPS
2/23/2017,7.16120868,GPS
2/24/2017,7.151759861,GPS
2/25/2017,7.136011829,GPS
2/26/2017,7.137356974,GPS
2/27/2017,7.111930464,GPS
2/28/2017,7.145001331,GPS
3/1/2017,7.15527036,GPS
3/2/2017,7.150906843,GPS
3/3/2017,7.153958024,GPS
3/4/2017,7.136667997,GPS
3/5/2017,7.129384532,GPS
3/6/2017,7.133387157,GPS
3/7/2017,7.142081383,GPS
3/8/2017,7.150513142,GPS
3/9/2017,7.16448952,GPS
3/10/2017,7.167343851,GPS
3/11/2017,7.158682434,GPS
3/12/2017,7.14480448,GPS
3/13/2017,7.146674559,GPS
3/14/2017,7.134535451,GPS
3/15/2017,7.139817604,GPS
3/16/2017,7.123216553,GPS
3/17/2017,7.148544638,GPS
3/18/2017,7.134896344,GPS
3/19/2017,7.15218637,GPS
3/20/2017,7.151825478,GPS
3/21/2017,7.1257428,GPS
3/22/2017,7.120591881,GPS
3/23/2017,7.128465897,GPS
3/24/2017,7.149036764,GPS
3/25/2017,7.149036764,GPS
3/26/2017,7.136110254,GPS
3/27/2017,7.135650937,GPS
3/28/2017,7.140834664,GPS
3/29/2017,7.156385846,GPS
3/30/2017,7.149561698,GPS
3/31/2017,7.153170622,GPS
4/1/2017,7.135290044,GPS
4/2/2017,7.132173246,GPS
4/3/2017,7.136175871,GPS
4/4/2017,7.145395032,GPS
4/5/2017,7.146674559,GPS
4/6/2017,7.140244113,GPS
4/7/2017,7.133288732,GPS
4/8/2017,7.121805792,GPS
4/9/2017,7.143360911,GPS
4/10/2017,7.162816292,GPS
4/11/2017,7.151333352,GPS
4/12/2017,7.137586632,GPS
4/13/2017,7.15054595,GPS
4/14/2017,7.161044638,GPS
4/15/2017,7.162619442,GPS
4/16/2017,7.152350412,GPS
4/17/2017,7.139653562,GPS
4/18/2017,7.157402906,GPS
4/19/2017,7.152514454,GPS
4/20/2017,7.162127316,GPS
4/21/2017,7.162881909,GPS
4/22/2017,7.154581384,GPS
4/23/2017,7.152416029,GPS
4/24/2017,7.145985583,GPS
4/25/2017,7.145165373,GPS
4/26/2017,7.148610255,GPS
4/27/2017,7.161733615,GPS
4/28/2017,7.145460648,GPS
4/29/2017,7.152842538,GPS
4/30/2017,7.166917342,GPS
5/1/2017,7.144082696,GPS
5/2/2017,7.159863536,GPS
5/3/2017,7.143492144,GPS
5/4/2017,7.149003956,GPS
5/5/2017,7.143131252,GPS
5/6/2017,7.15015225,GPS
5/7/2017,7.149791357,GPS
5/8/2017,7.154909468,GPS
5/9/2017,7.146379284,GPS
5/10/2017,7.156779546,GPS
5/11/2017,7.17311813,GPS
5/12/2017,7.165211305,GPS
5/13/2017,7.166523641,GPS
5/14/2017,7.146477709,GPS
5/15/2017,7.141786108,GPS
5/16/2017,7.145263798,GPS
5/17/2017,7.146412092,GPS
5/18/2017,7.145690307,GPS
5/19/2017,7.168885846,GPS
5/20/2017,7.135290044,GPS
5/21/2017,7.140408155,GPS
5/22/2017,7.150217866,GPS
5/23/2017,7.155598444,GPS
5/24/2017,7.141359598,GPS
5/25/2017,7.128137813,GPS
5/26/2017,7.137619441,GPS
5/27/2017,7.153728365,GPS
5/28/2017,7.153072197,GPS
5/29/2017,7.141589257,GPS
5/30/2017,7.135552512,GPS
5/31/2017,7.14070343,GPS
6/1/2017,7.160979022,GPS
6/2/2017,7.14480448,GPS
6/3/2017,7.153400281,GPS
6/4/2017,7.144935714,GPS
6/5/2017,7.12758007,GPS
6/6/2017,7.12820343,GPS
6/7/2017,7.153728365,GPS
6/8/2017,7.164948838,GPS
6/9/2017,7.140440963,GPS
6/10/2017,7.127875346,GPS
6/11/2017,7.128236238,GPS
6/12/2017,7.117015766,GPS
6/13/2017,7.148872722,GPS
6/14/2017,7.138013142,GPS
6/15/2017,7.133059073,GPS
6/16/2017,7.149069572,GPS
6/17/2017,7.129318916,GPS
6/18/2017,7.136930464,GPS
6/19/2017,7.152678496,GPS
6/20/2017,7.151727053,GPS
6/21/2017,7.131877971,GPS
6/22/2017,7.142179808,GPS
6/23/2017,7.172593195,GPS
6/24/2017,7.172133878,GPS
6/25/2017,7.156418654,GPS
6/26/2017,7.134043325,GPS
6/27/2017,7.145690307,GPS
6/28/2017,7.134929152,GPS
6/29/2017,7.156976397,GPS
6/30/2017,7.173085321,GPS
7/1/2017,7.151103693,GPS
7/2/2017,7.165605006,GPS
7/3/2017,7.153859599,GPS
7/4/2017,7.165801856,GPS
7/5/2017,7.182566949,GPS
7/6/2017,7.152416029,GPS
7/7/2017,7.1749554,GPS
7/8/2017,7.155106318,GPS
7/9/2017,7.154843851,GPS
7/10/2017,7.165867473,GPS
7/11/2017,7.14316406,GPS
7/12/2017,7.158813667,GPS
7/13/2017,7.158091882,GPS
7/14/2017,7.193262487,GPS
7/15/2017,7.170821542,GPS
7/16/2017,7.169574822,GPS
7/17/2017,7.13332154,GPS
7/18/2017,7.15710763,GPS
7/19/2017,7.182895033,GPS
7/20/2017,7.190244114,GPS
7/21/2017,7.165605006,GPS
7/22/2017,7.152514454,GPS
7/23/2017,7.169574822,GPS
7/24/2017,7.166884534,GPS
7/25/2017,7.148643063,GPS
7/26/2017,7.17433204,GPS
7/27/2017,7.183879285,GPS
7/28/2017,7.190801857,GPS
7/29/2017,7.186471148,GPS
7/30/2017,7.168492145,GPS
7/31/2017,7.193295296,GPS
8/1/2017,7.181287421,GPS
8/2/2017,7.194804482,GPS
8/3/2017,7.184437028,GPS
8/4/2017,7.198774298,GPS
8/5/2017,7.16901708,GPS
8/6/2017,7.169935715,GPS
8/7/2017,7.179351726,GPS
8/8/2017,7.194148314,GPS
8/9/2017,7.195854351,GPS
8/10/2017,7.173675872,GPS
8/11/2017,7.171608943,GPS
8/12/2017,7.1913596,GPS
8/13/2017,7.190670624,GPS
8/14/2017,7.179778235,GPS
8/15/2017,7.180007894,GPS
8/16/2017,7.181615505,GPS
8/17/2017,7.182927841,GPS
8/18/2017,7.190769049,GPS
8/19/2017,7.186044639,GPS
8/20/2017,7.187324167,GPS
8/21/2017,7.18725855,GPS
8/22/2017,7.191129941,GPS
8/23/2017,7.186766424,GPS
8/24/2017,7.192442277,GPS
8/25/2017,7.179581384,GPS
8/26/2017,7.175874035,GPS
8/27/2017,7.183124692,GPS
8/28/2017,7.185388471,GPS
8/29/2017,7.185650938,GPS
8/30/2017,7.161667998,GPS
8/31/2017,7.15956826,GPS
9/1/2017,7.177186371,GPS
9/2/2017,7.175316292,GPS
9/3/2017,7.185355663,GPS
9/4/2017,7.204253301,GPS
9/5/2017,7.173446214,GPS
9/6/2017,7.173872723,GPS
9/7/2017,7.17003414,GPS
9/8/2017,7.180860912,GPS
9/9/2017,7.187980335,GPS
9/10/2017,7.158944901,GPS
9/11/2017,7.135191619,GPS
9/12/2017,7.140473772,GPS
9/13/2017,7.166917342,GPS
9/14/2017,7.180040702,GPS
9/15/2017,7.17269162,GPS
9/16/2017,7.145362223,GPS
9/17/2017,7.158026266,GPS
9/18/2017,7.164259862,GPS
9/19/2017,7.152251987,GPS
9/20/2017,7.159961961,GPS
9/21/2017,7.15445015,GPS
9/22/2017,7.159896344,GPS
9/23/2017,7.15280973,GPS
9/24/2017,7.150316292,GPS
9/25/2017,7.165014455,GPS
9/26/2017,7.146969835,GPS
9/27/2017,7.17557876,GPS
9/28/2017,7.172822854,GPS
9/29/2017,7.177842539,GPS
9/30/2017,7.16573624,GPS
10/1/2017,7.166261174,GPS
10/2/2017,7.153695557,GPS
10/3/2017,7.155434402,GPS
10/4/2017,7.184240177,GPS
10/5/2017,7.185027579,GPS
10/6/2017,7.169673248,GPS
10/7/2017,7.152711305,GPS
10/8/2017,7.148216554,GPS
10/9/2017,7.159010518,GPS
10/10/2017,7.175545951,GPS
10/11/2017,7.163406843,GPS
10/12/2017,7.165769048,GPS
10/13/2017,7.175086634,GPS
10/14/2017,7.16695015,GPS
10/15/2017,7.18460107,GPS
10/16/2017,7.181221804,GPS
10/17/2017,7.162324166,GPS
10/18/2017,7.171149626,GPS
10/19/2017,7.134994769,GPS
10/20/2017,7.139784795,GPS
10/21/2017,7.149233614,GPS
10/22/2017,7.179023642,GPS
10/23/2017,7.184141752,GPS
10/24/2017,7.180762487,GPS
10/25/2017,7.168032828,GPS
10/26/2017,7.162717867,GPS
10/27/2017,7.174824166,GPS
10/28/2017,7.171248051,GPS
10/29/2017,7.166654875,GPS
10/30/2017,7.182304482,GPS
10/31/2017,7.170493458,GPS
11/1/2017,7.172822854,GPS
11/2/2017,7.163898969,GPS
11/3/2017,7.18069687,GPS
11/4/2017,7.178958025,GPS
11/5/2017,7.179187684,GPS
11/6/2017,7.191818918,GPS
11/7/2017,7.167048576,GPS
11/8/2017,7.183059075,GPS
11/9/2017,7.153105006,GPS
11/10/2017,7.170755925,GPS
11/11/2017,7.165670623,GPS
11/12/2017,7.166490833,GPS
11/13/2017,7.163636502,GPS
11/14/2017,7.173249363,GPS
11/15/2017,7.169706056,GPS
11/16/2017,7.163078759,GPS
11/17/2017,7.173971148,GPS
11/18/2017,7.149660124,GPS
11/19/2017,7.164423904,GPS
11/20/2017,7.170887158,GPS
11/21/2017,7.161963274,GPS
11/22/2017,7.171248051,GPS
11/23/2017,7.152251987,GPS
11/24/2017,7.15362994,GPS
11/25/2017,7.168524954,GPS
11/26/2017,7.1706575,GPS
11/27/2017,7.130992144,GPS
11/28/2017,7.158124691,GPS
11/29/2017,7.151628628,GPS
11/30/2017,7.166851725,GPS
12/1/2017,7.176563012,GPS
12/2/2017,7.150611567,GPS
12/3/2017,7.140998706,GPS
12/4/2017,7.147429152,GPS
12/5/2017,7.163538077,GPS
12/6/2017,7.172626004,GPS
12/7/2017,7.176267736,GPS
12/8/2017,7.16593309,GPS
12/9/2017,7.154942276,GPS
12/10/2017,7.164686371,GPS
12/11/2017,7.166818917,GPS
12/12/2017,7.172429153,GPS
12/13/2017,7.161963274,GPS
12/14/2017,7.153170622,GPS
12/15/2017,7.162816292,GPS
12/16/2017,7.149594507,GPS
12/17/2017,7.143295294,GPS
12/18/2017,7.16163519,GPS
12/19/2017,7.155828103,GPS
12/20/2017,7.139161436,GPS
12/21/2017,7.156517079,GPS
12/22/2017,7.15773099,GPS
12/23/2017,7.163406843,GPS
12/24/2017,7.160552512,GPS
12/25/2017,7.168098444,GPS
12/26/2017,7.169706056,GPS
12/27/2017,7.173380597,GPS
12/28/2017,7.15054595,GPS
12/29/2017,7.146772984,GPS
12/30/2017,7.148380596,GPS
12/31/2017,7.144148312,GPS
1/1/2018,7.164850413,GPS
1/2/2018,7.176891096,GPS
1/3/2018,7.159010518,GPS
1/4/2018,7.157271672,GPS
1/5/2018,7.152448838,GPS
1/6/2018,7.145919966,GPS
1/7/2018,7.145362223,GPS
1/8/2018,7.148544638,GPS
1/9/2018,7.144542013,GPS
1/10/2018,7.14070343,GPS
1/11/2018,7.152481646,GPS
1/12/2018,7.169443589,GPS
1/13/2018,7.158288733,GPS
1/14/2018,7.162356974,GPS
1/15/2018,7.171313668,GPS
1/16/2018,7.171379284,GPS
1/17/2018,7.157402906,GPS
1/18/2018,7.169246738,GPS
1/19/2018,7.141162748,GPS
1/20/2018,7.157074822,GPS
1/21/2018,7.156320229,GPS
1/22/2018,7.151694244,GPS
1/23/2018,7.158649625,GPS
1/24/2018,7.156812355,GPS
1/25/2018,7.147232302,GPS
1/26/2018,7.168229678,GPS
1/27/2018,7.1667533,GPS
1/28/2018,7.177448838,GPS
1/29/2018,7.165014455,GPS
1/30/2018,7.16163519,GPS
1/31/2018,7.160552512,GPS
2/1/2018,7.167737552,GPS
2/2/2018,7.164653562,GPS
2/3/2018,7.16019162,GPS
2/4/2018,7.146510517,GPS
2/5/2018,7.147757236,GPS
2/6/2018,7.144706055,GPS
2/7/2018,7.167475085,GPS
2/8/2018,7.161766423,GPS
2/9/2018,7.14316406,GPS
2/10/2018,7.141162748,GPS
2/11/2018,7.145788732,GPS
2/12/2018,7.147035452,GPS
2/13/2018,7.151923903,GPS
2/14/2018,7.14050658,GPS
2/15/2018,7.145690307,GPS
2/16/2018,7.142704743,GPS
2/17/2018,7.140834664,GPS
2/18/2018,7.123380595,GPS
2/19/2018,7.124660123,GPS
2/20/2018,7.140145688,GPS
2/21/2018,7.150775609,GPS
2/22/2018,7.162521016,GPS
2/23/2018,7.16019162,GPS
2/24/2018,7.149889782,GPS
2/25/2018,7.150381908,GPS
2/26/2018,7.148216554,GPS
2/27/2018,7.138078758,GPS
2/28/2018,7.158715242,GPS
3/1/2018,7.171084009,GPS
3/2/2018,7.164522329,GPS
3/3/2018,7.150119441,GPS
3/4/2018,7.14952889,GPS
3/5/2018,7.167179809,GPS
3/6/2018,7.163767736,GPS
3/7/2018,7.15054595,GPS
3/8/2018,7.141753299,GPS
3/9/2018,7.119706054,GPS
3/10/2018,7.154975084,GPS
3/11/2018,7.167606318,GPS
3/12/2018,7.169049888,GPS
3/13/2018,7.135454086,GPS
3/14/2018,7.151891095,GPS
3/15/2018,7.140572197,GPS
3/16/2018,7.156845163,GPS
3/17/2018,7.150480334,GPS
3/18/2018,7.148872722,GPS
3/19/2018,7.149266423,GPS
3/20/2018,7.157698182,GPS
3/21/2018,7.165670623,GPS
3/22/2018,7.163505268,GPS
3/23/2018,7.164063011,GPS
3/24/2018,7.160782171,GPS
3/25/2018,7.148938339,GPS
3/26/2018,7.165408156,GPS
3/27/2018,7.154318916,GPS
3/28/2018,7.169935715,GPS
3/29/2018,7.17311813,GPS
3/30/2018,7.157993457,GPS
3/31/2018,7.171510518,GPS
4/1/2018,7.15691078,GPS
4/2/2018,7.155860911,GPS
4/3/2018,7.147002643,GPS
4/4/2018,7.15343309,GPS
4/5/2018,7.160847788,GPS
4/6/2018,7.153301856,GPS
4/7/2018,7.157370098,GPS
4/8/2018,7.171805794,GPS
4/9/2018,7.159666686,GPS
4/10/2018,7.169607631,GPS
4/11/2018,7.140342538,GPS
4/12/2018,7.151005268,GPS
4/13/2018,7.171280859,GPS
4/14/2018,7.176497395,GPS
4/15/2018,7.155696869,GPS
4/16/2018,7.148544638,GPS
4/17/2018,7.161503956,GPS
4/18/2018,7.165637814,GPS
4/19/2018,7.175841227,GPS
4/20/2018,7.163767736,GPS
4/21/2018,7.149233614,GPS
4/22/2018,7.145198181,GPS
4/23/2018,7.144870097,GPS
4/24/2018,7.163997394,GPS
4/25/2018,7.169377972,GPS
4/26/2018,7.170132565,GPS
4/27/2018,7.158059074,GPS
4/28/2018,7.148741488,GPS
4/29/2018,7.1628491,GPS
4/30/2018,7.158912092,GPS
5/1/2018,7.153137814,GPS
5/2/2018,7.14562469,GPS
5/3/2018,7.150119441,GPS
5/4/2018,7.165047263,GPS
5/5/2018,7.165637814,GPS
5/6/2018,7.169443589,GPS
5/7/2018,7.16366931,GPS
5/8/2018,7.160158812,GPS
5/9/2018,7.14195015,GPS
5/10/2018,7.138406842,GPS
5/11/2018,7.126005267,GPS
5/12/2018,7.153039389,GPS
5/13/2018,7.145985583,GPS
5/14/2018,7.147658811,GPS
5/15/2018,7.149102381,GPS
5/16/2018,7.163538077,GPS
5/17/2018,7.15198952,GPS
5/18/2018,7.154745426,GPS
5/19/2018,7.147035452,GPS
5/20/2018,7.135618128,GPS
5/21/2018,7.125644375,GPS
5/22/2018,7.155860911,GPS
5/23/2018,7.148282171,GPS
5/24/2018,7.168032828,GPS
5/25/2018,7.15999477,GPS
5/26/2018,7.155828103,GPS
5/27/2018,7.16163519,GPS
5/28/2018,7.153892407,GPS
5/29/2018,7.161733615,GPS
5/30/2018,7.139358286,GPS
5/31/2018,7.132566947,GPS
6/1/2018,7.165605006,GPS
6/2/2018,7.183026266,GPS
6/3/2018,7.189391096,GPS
6/4/2018,7.16183204,GPS
6/5/2018,7.14808532,GPS
6/6/2018,7.144870097,GPS
6/7/2018,7.159502644,GPS
6/8/2018,7.18725855,GPS
6/9/2018,7.189227054,GPS
6/10/2018,7.156254612,GPS
6/11/2018,7.167835977,GPS
6/12/2018,7.156517079,GPS
6/13/2018,7.175644376,GPS
6/14/2018,7.16941078,GPS
6/15/2018,7.161667998,GPS
6/16/2018,7.174594508,GPS
6/17/2018,7.160126003,GPS
6/18/2018,7.171182434,GPS
6/19/2018,7.183649626,GPS
6/20/2018,7.184765112,GPS
6/21/2018,7.183223117,GPS
6/22/2018,7.168820229,GPS
6/23/2018,7.166195557,GPS
6/24/2018,7.196608944,GPS
6/25/2018,7.1913596,GPS
6/26/2018,7.196248052,GPS
6/27/2018,7.193229679,GPS
6/28/2018,7.180795295,GPS
6/29/2018,7.186700807,GPS
6/30/2018,7.20038191,GPS
7/1/2018,7.18909582,GPS
7/2/2018,7.174299232,GPS
7/3/2018,7.190769049,GPS
7/4/2018,7.196674561,GPS
7/5/2018,7.199167999,GPS
7/6/2018,7.224036766,GPS
7/7/2018,7.191228366,GPS
7/8/2018,7.178170623,GPS
7/9/2018,7.191753301,GPS
7/10/2018,7.198905532,GPS
7/11/2018,7.21104464,GPS
7/12/2018,7.187685059,GPS
7/13/2018,7.198019705,GPS
7/14/2018,7.198019705,GPS
7/15/2018,7.190637815,GPS
7/16/2018,7.203990834,GPS
7/17/2018,7.191654876,GPS
7/18/2018,7.187160125,GPS
7/19/2018,7.208288734,GPS
7/20/2018,7.197199495,GPS
7/21/2018,7.210126005,GPS
7/22/2018,7.206877973,GPS
7/23/2018,7.19772443,GPS
7/24/2018,7.206156188,GPS
7/25/2018,7.196937028,GPS
7/26/2018,7.209994771,GPS
7/27/2018,7.224397659,GPS
7/28/2018,7.213997396,GPS
7/29/2018,7.20510632,GPS
7/30/2018,7.203400283,GPS
7/31/2018,7.209929154,GPS
8/1/2018,7.185946214,GPS
8/2/2018,7.194509206,GPS
8/3/2018,7.200250676,GPS
8/4/2018,7.215080073,GPS
8/5/2018,7.201891096,GPS
8/6/2018,7.223085323,GPS
8/7/2018,7.20467981,GPS
8/8/2018,7.206418656,GPS
8/9/2018,7.204384535,GPS
8/10/2018,7.216195559,GPS
8/11/2018,7.212619443,GPS
8/12/2018,7.208912094,GPS
8/13/2018,7.213636504,GPS
8/14/2018,7.204614194,GPS
8/15/2018,7.20920737,GPS
8/16/2018,7.242704746,GPS
8/17/2018,7.238242804,GPS
8/18/2018,7.223118131,GPS
8/19/2018,7.212717868,GPS
8/20/2018,7.204581385,GPS
8/21/2018,7.208452776,GPS
8/22/2018,7.208518393,GPS
8/23/2018,7.228006583,GPS
8/24/2018,7.202416031,GPS
8/25/2018,7.208452776,GPS
8/26/2018,7.211175874,GPS
8/27/2018,7.203826792,GPS
8/28/2018,7.213078761,GPS
8/29/2018,7.204876661,GPS
8/30/2018,7.200480335,GPS
8/31/2018,7.204351726,GPS
9/1/2018,7.208485585,GPS
9/2/2018,7.212094509,GPS
9/3/2018,7.200217868,GPS
9/4/2018,7.196412094,GPS
9/5/2018,7.196937028,GPS
9/6/2018,7.203498708,GPS
9/7/2018,7.230696872,GPS
9/8/2018,7.211766425,GPS
9/9/2018,7.190047264,GPS
9/10/2018,7.200709994,GPS
9/11/2018,7.223380598,GPS
9/12/2018,7.203531516,GPS
9/13/2018,7.217212619,GPS
9/14/2018,7.214161438,GPS
9/15/2018,7.209240178,GPS
9/16/2018,7.219673249,GPS
9/17/2018,7.229614194,GPS
9/18/2018,7.217245428,GPS
9/19/2018,7.218590572,GPS
9/20/2018,7.226792672,GPS
9/21/2018,7.214916031,GPS
9/22/2018,7.237750678,GPS
9/23/2018,7.229154877,GPS
9/24/2018,7.220395034,GPS
9/25/2018,7.224824168,GPS
9/26/2018,7.227678499,GPS
9/27/2018,7.219312357,GPS
9/28/2018,7.230073512,GPS
9/29/2018,7.214981648,GPS
9/30/2018,7.207009207,GPS
10/1/2018,7.232862226,GPS
10/2/2018,7.226169312,GPS
10/3/2018,7.223118131,GPS
10/4/2018,7.219640441,GPS
10/5/2018,7.222429155,GPS
10/6/2018,7.225709995,GPS
10/7/2018,7.220395034,GPS
10/8/2018,7.223380598,GPS
10/9/2018,7.212849102,GPS
10/10/2018,7.214489522,GPS
10/11/2018,7.215506582,GPS
10/12/2018,7.208452776,GPS
10/13/2018,7.215178498,GPS
10/14/2018,7.211668,GPS
10/15/2018,7.238964588,GPS
10/16/2018,7.226891097,GPS
10/17/2018,7.234240179,GPS
10/18/2018,7.234863538,GPS
10/19/2018,7.234272987,GPS
10/20/2018,7.224594509,GPS
10/21/2018,7.223643066,GPS
10/22/2018,7.218524955,GPS
10/23/2018,7.222035454,GPS
10/24/2018,7.231418656,GPS
10/25/2018,7.226398971,GPS
10/26/2018,7.220362226,GPS
10/27/2018,7.208321543,GPS
10/28/2018,7.216622068,GPS
10/29/2018,7.225414719,GPS
10/30/2018,7.222002646,GPS
10/31/2018,7.220460651,GPS
11/1/2018,7.222790047,GPS
11/2/2018,7.192967212,GPS
11/3/2018,7.21186485,GPS
11/4/2018,7.219673249,GPS
11/5/2018,7.183485584,GPS
11/6/2018,7.218131254,GPS
11/7/2018,7.221805795,GPS
11/8/2018,7.213997396,GPS
11/9/2018,7.255270363,GPS
11/10/2018,7.218131254,GPS
11/11/2018,7.213242803,GPS
11/12/2018,7.217343853,GPS
11/13/2018,7.235224431,GPS
11/14/2018,7.218262488,GPS
11/15/2018,7.23483073,GPS
11/16/2018,7.202580073,GPS
11/17/2018,7.214358288,GPS
11/18/2018,7.205860913,GPS
11/19/2018,7.215014456,GPS
11/20/2018,7.206910782,GPS
11/21/2018,7.188439652,GPS
11/22/2018,7.204811044,GPS
11/23/2018,7.209535454,GPS
11/24/2018,7.206024955,GPS
11/25/2018,7.217704745,GPS
11/26/2018,7.211110257,GPS
11/27/2018,7.200447527,GPS
11/28/2018,7.214489522,GPS
11/29/2018,7.178006581,GPS
11/30/2018,7.185224429,GPS
12/1/2018,7.19073624,GPS
12/2/2018,7.191753301,GPS
12/3/2018,7.199889784,GPS
12/4/2018,7.206221805,GPS
12/5/2018,7.181910781,GPS
12/6/2018,7.185290046,GPS
12/7/2018,7.201070886,GPS
12/8/2018,7.201136503,GPS
12/9/2018,7.209174561,GPS
12/10/2018,7.201300545,GPS
12/11/2018,7.203236241,GPS
12/12/2018,7.202514456,GPS
12/13/2018,7.206287422,GPS
12/14/2018,7.201956713,GPS
12/15/2018,7.182304482,GPS
12/16/2018,7.212094509,GPS
12/17/2018,7.190473773,GPS
12/18/2018,7.198577448,GPS
12/19/2018,7.20858401,GPS
12/20/2018,7.18807876,GPS
12/21/2018,7.186996083,GPS
12/22/2018,7.200316293,GPS
12/23/2018,7.193656188,GPS
12/24/2018,7.188800545,GPS
12/25/2018,7.189456713,GPS
12/26/2018,7.187685059,GPS
12/27/2018,7.190211306,GPS
12/28/2018,7.194804482,GPS
12/29/2018,7.208813669,GPS
12/30/2018,7.199463275,GPS
12/31/2018,7.196379285,GPS
1/1/2019,7.214916031,GPS
1/2/2019,7.197822855,GPS
1/3/2019,7.190637815,GPS
1/4/2019,7.179450151,GPS
1/5/2019,7.186963274,GPS
1/6/2019,7.182829416,GPS
1/7/2019,7.184371411,GPS
1/8/2019,7.206353039,GPS
1/9/2019,7.195198183,GPS
1/10/2019,7.201989522,GPS
1/11/2019,7.196051201,GPS
1/12/2019,7.196969836,GPS
1/13/2019,7.193754613,GPS
1/14/2019,7.185683747,GPS
1/15/2019,7.193492146,GPS
1/16/2019,7.20756695,GPS
1/17/2019,7.187422592,GPS
1/18/2019,7.210814981,GPS
1/19/2019,7.226530205,GPS
1/20/2019,7.212521018,GPS
1/21/2019,7.17413519,GPS
1/22/2019,7.210126005,GPS
1/23/2019,7.21576905,GPS
1/24/2019,7.223479024,GPS
1/25/2019,7.206385847,GPS
1/26/2019,7.215605008,GPS
1/27/2019,7.204647002,GPS
1/28/2019,7.202055138,GPS
1/29/2019,7.21698296,GPS
1/30/2019,7.187192933,GPS
1/31/2019,7.200644377,GPS
2/1/2019,7.174102382,GPS
2/2/2019,7.157271672,GPS
2/3/2019,7.152284796,GPS
2/4/2019,7.155237552,GPS
2/5/2019,7.178465899,GPS
2/6/2019,7.182402907,GPS
2/7/2019,7.187980335,GPS
2/8/2019,7.183715243,GPS
2/9/2019,7.181221804,GPS
2/10/2019,7.180565636,GPS
2/11/2019,7.181156188,GPS
2/12/2019,7.197068262,GPS
2/13/2019,7.170723116,GPS
2/14/2019,7.125808417,GPS
2/15/2019,7.165473772,GPS
2/16/2019,7.172757237,GPS
2/17/2019,7.197626004,GPS
2/18/2019,7.196674561,GPS
2/19/2019,7.196182435,GPS
2/20/2019,7.169673248,GPS
2/21/2019,7.167278234,GPS
2/22/2019,7.184699495,GPS
2/23/2019,7.20284254,GPS
2/24/2019,7.22725199,GPS
2/25/2019,7.192114193,GPS
2/26/2019,7.20694359,GPS
2/27/2019,7.182435715,GPS
2/28/2019,7.179548576,GPS
3/1/2019,7.222101071,GPS
3/2/2019,7.201989522,GPS
3/3/2019,7.204122068,GPS
3/4/2019,7.194968524,GPS
3/5/2019,7.213538078,GPS
3/6/2019,7.208419968,GPS
3/7/2019,7.205204745,GPS
3/8/2019,7.189325479,GPS
3/9/2019,7.203892409,GPS
3/10/2019,7.203269049,GPS
3/11/2019,7.210946215,GPS
3/12/2019,7.202940965,GPS
3/13/2019,7.195493458,GPS
3/14/2019,7.218164063,GPS
3/15/2019,7.228170625,GPS
3/16/2019,7.228859601,GPS
3/17/2019,7.213767737,GPS
3/18/2019,7.213669312,GPS
3/19/2019,7.213997396,GPS
3/20/2019,7.215408157,GPS
3/21/2019,7.220362226,GPS
3/22/2019,7.22006695,GPS
3/23/2019,7.206090572,GPS
3/24/2019,7.216818918,GPS
3/25/2019,7.203990834,GPS
3/26/2019,7.200217868,GPS
3/27/2019,7.206090572,GPS
3/28/2019,7.200677186,GPS
3/29/2019,7.194181122,GPS
3/30/2019,7.211471149,GPS
3/31/2019,7.21432548,GPS
4/1/2019,7.213341228,GPS
4/2/2019,7.194049889,GPS
4/3/2019,7.202973774,GPS
4/4/2019,7.214095821,GPS
4/5/2019,7.198216556,GPS
4/6/2019,7.20878086,GPS
4/7/2019,7.210716556,GPS
4/8/2019,7.194148314,GPS
4/9/2019,7.20858401,GPS
4/10/2019,7.212258551,GPS
4/11/2019,7.203531516,GPS
4/12/2019,7.209568262,GPS
4/13/2019,7.201891096,GPS
4/14/2019,7.198610256,GPS
4/15/2019,7.191950151,GPS
4/16/2019,7.191687684,GPS
4/17/2019,7.209240178,GPS
4/18/2019,7.2120617,GPS
4/19/2019,7.208321543,GPS
4/20/2019,7.185290046,GPS
4/21/2019,7.190965899,GPS
4/22/2019,7.214620756,GPS
4/23/2019,7.186864849,GPS
4/24/2019,7.188505269,GPS
4/25/2019,7.209010519,GPS
4/26/2019,7.199528892,GPS
4/27/2019,7.210650939,GPS
4/28/2019,7.19811813,GPS
4/29/2019,7.1913596,GPS
4/30/2019,7.191425217,GPS
5/1/2019,7.198249364,GPS
5/2/2019,7.207074824,GPS
5/3/2019,7.197527579,GPS
5/4/2019,7.180204744,GPS
5/5/2019,7.198216556,GPS
5/6/2019,7.181156188,GPS
5/7/2019,7.189587946,GPS
5/8/2019,7.192573511,GPS
5/9/2019,7.179647001,GPS
5/10/2019,7.184469836,GPS
5/11/2019,7.199430466,GPS
5/12/2019,7.190375348,GPS
5/13/2019,7.194082697,GPS
5/14/2019,7.183846476,GPS
5/15/2019,7.180631253,GPS
5/16/2019,7.181943589,GPS
5/17/2019,7.193984272,GPS
5/18/2019,7.186700807,GPS
5/19/2019,7.183059075,GPS
5/20/2019,7.170952775,GPS
5/21/2019,7.193032828,GPS
5/22/2019,7.190900282,GPS
5/23/2019,7.200447527,GPS
5/24/2019,7.186044639,GPS
5/25/2019,7.18397771,GPS
5/26/2019,7.191064324,GPS
5/27/2019,7.203695558,GPS
5/28/2019,7.200217868,GPS
5/29/2019,7.183124692,GPS
5/30/2019,7.193984272,GPS
5/31/2019,7.184502644,GPS
6/1/2019,7.189194246,GPS
6/2/2019,7.196444902,GPS
6/3/2019,7.182730991,GPS
6/4/2019,7.188931778,GPS
6/5/2019,7.177514455,GPS
6/6/2019,7.177153563,GPS
6/7/2019,7.187750676,GPS
6/8/2019,7.189850414,GPS
6/9/2019,7.204614194,GPS
6/10/2019,7.204876661,GPS
6/11/2019,7.206287422,GPS
6/12/2019,7.202055138,GPS
6/13/2019,7.196805794,GPS
6/14/2019,7.193065637,GPS
6/15/2019,7.204056451,GPS
6/16/2019,7.204811044,GPS
6/17/2019,7.201366162,GPS
6/18/2019,7.214095821,GPS
6/19/2019,7.218295296,GPS
6/20/2019,7.209535454,GPS
6/21/2019,7.19280317,GPS
6/22/2019,7.198774298,GPS
6/23/2019,7.197658813,GPS
6/24/2019,7.186307106,GPS
6/25/2019,7.198872724,GPS
6/26/2019,7.215276924,GPS
6/27/2019,7.209961963,GPS
6/28/2019,7.201563012,GPS
6/29/2019,7.208124692,GPS
6/30/2019,7.211569574,GPS
7/1/2019,7.209141753,GPS
7/2/2019,7.218262488,GPS
7/3/2019,7.222822856,GPS
7/4/2019,7.199922592,GPS
7/5/2019,7.231320231,GPS
7/6/2019,7.210782173,GPS
7/7/2019,7.208026267,GPS
7/8/2019,7.225742803,GPS
7/9/2019,7.227350415,GPS
7/10/2019,7.210322855,GPS
7/11/2019,7.21534254,GPS
7/12/2019,7.219509207,GPS
7/13/2019,7.228629942,GPS
7/14/2019,7.244935717,GPS
7/15/2019,7.223085323,GPS
7/16/2019,7.216425218,GPS
7/17/2019,7.212160126,GPS
7/18/2019,7.214653564,GPS
7/19/2019,7.230040704,GPS
7/20/2019,7.235683748,GPS
7/21/2019,7.219115506,GPS
7/22/2019,7.22580842,GPS
7/23/2019,7.224069575,GPS
7/24/2019,7.24240947,GPS
7/25/2019,7.240605008,GPS
7/26/2019,7.235322856,GPS
7/27/2019,7.227416032,GPS
7/28/2019,7.235290048,GPS
7/29/2019,7.254647004,GPS
7/30/2019,7.242868788,GPS
7/31/2019,7.238570888,GPS
8/1/2019,7.232140441,GPS
8/2/2019,7.245821544,GPS
8/3/2019,7.221969837,GPS
8/4/2019,7.218754614,GPS
8/5/2019,7.231451465,GPS
8/6/2019,7.218393722,GPS
8/7/2019,7.250316295,GPS
8/8/2019,7.245624694,GPS
8/9/2019,7.242114195,GPS
8/10/2019,7.249955402,GPS
8/11/2019,7.225906845,GPS
8/12/2019,7.251727056,GPS
8/13/2019,7.230992147,GPS
8/14/2019,7.245460652,GPS
8/15/2019,7.215900283,GPS
8/16/2019,7.21740947,GPS
8/17/2019,7.23154989,GPS
8/18/2019,7.225742803,GPS
8/19/2019,7.224955402,GPS
8/20/2019,7.225381911,GPS
8/21/2019,7.218754614,GPS
8/22/2019,7.226136504,GPS
8/23/2019,7.240211308,GPS
8/24/2019,7.230631255,GPS
8/25/2019,7.24733073,GPS
8/26/2019,7.223610257,GPS
8/27/2019,7.23072968,GPS
8/28/2019,7.253793985,GPS
8/29/2019,7.250283486,GPS
8/30/2019,7.230598446,GPS
8/31/2019,7.242507896,GPS
9/1/2019,7.237389785,GPS
9/2/2019,7.25861682,GPS
9/3/2019,7.249200809,GPS
9/4/2019,7.23955514,GPS
9/5/2019,7.256549891,GPS
9/6/2019,7.254614195,GPS
9/7/2019,7.256910783,GPS
9/8/2019,7.245788736,GPS
9/9/2019,7.240440966,GPS
9/10/2019,7.231648315,GPS
9/11/2019,7.239784798,GPS
9/12/2019,7.251070888,GPS
9/13/2019,7.255007896,GPS
9/14/2019,7.254154878,GPS
9/15/2019,7.230303171,GPS
9/16/2019,7.230664063,GPS
9/17/2019,7.250185061,GPS
9/18/2019,7.261799235,GPS
9/19/2019,7.245723119,GPS
9/20/2019,7.23955514,GPS
9/21/2019,7.227022331,GPS
9/22/2019,7.251825481,GPS
9/23/2019,7.249660127,GPS
9/24/2019,7.239686373,GPS
9/25/2019,7.234272987,GPS
9/26/2019,7.223511832,GPS
9/27/2019,7.23565094,GPS
9/28/2019,7.232468525,GPS
9/29/2019,7.241687686,GPS
9/30/2019,7.228137816,GPS
10/1/2019,7.241982961,GPS
10/2/2019,7.249036767,GPS
10/3/2019,7.245755927,GPS
10/4/2019,7.247724431,GPS
10/5/2019,7.252580074,GPS
10/6/2019,7.247035455,GPS
10/7/2019,7.2405722,GPS
10/8/2019,7.238866163,GPS
10/9/2019,7.231254614,GPS
10/10/2019,7.239358289,GPS
10/11/2019,7.23994884,GPS
10/12/2019,7.241359602,GPS
10/13/2019,7.238702121,GPS
10/14/2019,7.227744116,GPS
10/15/2019,7.240309733,GPS
10/16/2019,7.24201577,GPS
10/17/2019,7.221805795,GPS
10/18/2019,7.219738866,GPS
10/19/2019,7.234765113,GPS
10/20/2019,7.228564326,GPS
10/21/2019,7.241326793,GPS
10/22/2019,7.232140441,GPS
10/23/2019,7.232468525,GPS
10/24/2019,7.234272987,GPS
10/25/2019,7.233157502,GPS
10/26/2019,7.221346478,GPS
10/27/2019,7.215736241,GPS
10/28/2019,7.233584011,GPS
10/29/2019,7.228137816,GPS
10/30/2019,7.229351727,GPS
10/31/2019,7.242343854,GPS
11/1/2019,7.230171937,GPS
11/2/2019,7.236110258,GPS
11/3/2019,7.226234929,GPS
11/4/2019,7.221477711,GPS
11/5/2019,7.225316294,GPS
11/6/2019,7.230598446,GPS
11/7/2019,7.226989522,GPS
11/8/2019,7.233912095,GPS
11/9/2019,7.237225743,GPS
11/10/2019,7.233649628,GPS
11/11/2019,7.244410783,GPS
11/12/2019,7.234961964,GPS
11/13/2019,7.218787422,GPS
11/14/2019,7.220591884,GPS
11/15/2019,7.21944359,GPS
11/16/2019,7.224561701,GPS
11/17/2019,7.228498709,GPS
11/18/2019,7.212094509,GPS
11/19/2019,7.185224429,GPS
11/20/2019,7.194771674,GPS
11/21/2019,7.198314981,GPS
11/22/2019,7.211963275,GPS
11/23/2019,7.216884535,GPS
11/24/2019,7.234601071,GPS
11/25/2019,7.207665375,GPS
11/26/2019,7.216523643,GPS
11/27/2019,7.198610256,GPS
11/28/2019,7.202875348,GPS
11/29/2019,7.191293983,GPS
11/30/2019,7.21760632,GPS
12/1/2019,7.222658814,GPS
12/2/2019,7.192868786,GPS
12/3/2019,7.202711306,GPS
12/4/2019,7.207501333,GPS
12/5/2019,7.208321543,GPS
12/6/2019,7.231057764,GPS
12/7/2019,7.229614194,GPS
12/8/2019,7.205139128,GPS
12/9/2019,7.228301858,GPS
12/10/2019,7.22928611,GPS
12/11/2019,7.244410783,GPS
12/12/2019,7.23338716,GPS
12/13/2019,7.243688998,GPS
12/14/2019,7.207599758,GPS
12/15/2019,7.217901596,GPS
12/16/2019,7.221018394,GPS
12/17/2019,7.232632567,GPS
12/18/2019,7.222822856,GPS
12/19/2019,7.209076136,GPS
12/20/2019,7.243918657,GPS
12/21/2019,7.233977712,GPS
12/22/2019,7.220395034,GPS
12/23/2019,7.205139128,GPS
12/24/2019,7.220624693,GPS
12/25/2019,7.212455401,GPS
12/26/2019,7.198446214,GPS
12/27/2019,7.211832042,GPS
12/28/2019,7.224102383,GPS
12/29/2019,7.213144378,GPS
12/30/2019,7.214719181,GPS
12/31/2019,7.214850414,GPS
1/1/2020,7.203958026,GPS
1/2/2020,7.22354464,GPS
1/3/2020,7.226989522,GPS
1/4/2020,7.218590572,GPS
1/5/2020,7.243787423,GPS
1/6/2020,7.249955402,GPS
1/7/2020,7.23811157,GPS
1/8/2020,7.215605008,GPS
1/9/2020,7.211438341,GPS
1/10/2020,7.231648315,GPS
1/11/2020,7.231188998,GPS
1/12/2020,7.224660126,GPS
1/13/2020,7.22643178,GPS
1/14/2020,7.217573512,GPS
1/15/2020,7.209010519,GPS
1/16/2020,7.233419969,GPS
1/17/2020,7.22315094,GPS
1/18/2020,7.231648315,GPS
1/19/2020,7.231582698,GPS
1/20/2020,7.219181123,GPS
1/21/2020,7.208748052,GPS
1/22/2020,7.217507895,GPS
1/23/2020,7.206713931,GPS
1/24/2020,7.212553826,GPS
1/25/2020,7.218393722,GPS
1/26/2020,7.209797921,GPS
1/27/2020,7.219771674,GPS
1/28/2020,7.216523643,GPS
1/29/2020,7.213997396,GPS
1/30/2020,7.210191622,GPS
1/31/2020,7.208091884,GPS
2/1/2020,7.222396346,GPS
2/2/2020,7.218787422,GPS
2/3/2020,7.173052513,GPS
2/4/2020,7.207632566,GPS
2/5/2020,7.205467212,GPS
2/6/2020,7.198413406,GPS
2/7/2020,7.207402908,GPS
2/8/2020,7.20632023,GPS
2/9/2020,7.212258551,GPS
2/10/2020,7.194476398,GPS
2/11/2020,7.210257238,GPS
2/12/2020,7.194082697,GPS
2/13/2020,7.214719181,GPS
2/14/2020,7.202612881,GPS
2/15/2020,7.211536766,GPS
2/16/2020,7.214259863,GPS
2/17/2020,7.209010519,GPS
2/18/2020,7.208748052,GPS
2/19/2020,7.211208682,GPS
2/20/2020,7.207107632,GPS
2/21/2020,7.192967212,GPS
2/22/2020,7.205598446,GPS
2/23/2020,7.2077638,GPS
2/24/2020,7.2405722,GPS
2/25/2020,7.240867476,GPS
2/26/2020,7.23338716,GPS
2/27/2020,7.21678611,GPS
2/28/2020,7.200775611,GPS
2/29/2020,7.193688996,GPS
3/1/2020,7.205762488,GPS
3/2/2020,7.197658813,GPS
3/3/2020,7.187947526,GPS
3/4/2020,7.195887159,GPS
3/5/2020,7.208715244,GPS
3/6/2020,7.22662863,GPS
3/7/2020,7.234240179,GPS
3/8/2020,7.214194246,GPS
3/9/2020,7.215605008,GPS
3/10/2020,7.217704745,GPS
3/11/2020,7.218196871,GPS
3/12/2020,7.22643178,GPS
3/13/2020,7.220788735,GPS
3/14/2020,7.243918657,GPS
3/15/2020,7.229778236,GPS
3/16/2020,7.22069031,GPS
3/17/2020,7.218131254,GPS
3/18/2020,7.232042016,GPS
3/19/2020,7.231221806,GPS
3/20/2020,7.229942278,GPS
3/21/2020,7.231943591,GPS
3/22/2020,7.213669312,GPS
3/23/2020,7.224889785,GPS
3/24/2020,7.23338716,GPS
3/25/2020,7.22354464,GPS
3/26/2020,7.212127317,GPS
3/27/2020,7.206418656,GPS
3/28/2020,7.228498709,GPS
3/29/2020,7.227219181,GPS
4/2/2020,7.211733616,GPS
4/3/2020,7.219574824,GPS
4/4/2020,7.23135304,GPS
4/5/2020,7.21042128,GPS
4/6/2020,7.203400283,GPS
4/7/2020,7.199299233,GPS
4/8/2020,7.23709451,GPS
4/9/2020,7.222002646,GPS
4/10/2020,7.238636504,GPS
4/11/2020,7.212750677,GPS
4/12/2020,7.201103695,GPS
4/13/2020,7.240408158,GPS
4/14/2020,7.230237554,GPS
4/15/2020,7.239063014,GPS
4/16/2020,7.210683748,GPS
4/17/2020,7.20139897,GPS
4/18/2020,7.185322854,GPS
4/19/2020,7.202711306,GPS
4/20/2020,7.194542015,GPS
4/21/2020,7.201628629,GPS
4/22/2020,7.216458026,GPS
4/23/2020,7.213406845,GPS
4/24/2020,7.197429154,GPS
4/25/2020,7.219935716,GPS
4/26/2020,7.207468524,GPS
4/27/2020,7.20940422,GPS
4/28/2020,7.20940422,GPS
4/29/2020,7.205270362,GPS
4/30/2020,7.218065638,GPS
5/1/2020,7.210979023,GPS
5/2/2020,7.215834666,GPS
5/3/2020,7.212324168,GPS
5/4/2020,7.244574825,GPS
5/5/2020,7.235421281,GPS
5/6/2020,7.24158926,GPS
5/7/2020,7.232402908,GPS
5/8/2020,7.229056452,GPS
5/9/2020,7.240998709,GPS
5/10/2020,7.235782174,GPS
5/11/2020,7.216293984,GPS
5/12/2020,7.205467212,GPS
5/13/2020,7.242278237,GPS
5/14/2020,7.221838604,GPS
5/15/2020,7.240670625,GPS
5/16/2020,7.229778236,GPS
5/17/2020,7.226563013,GPS
5/18/2020,7.231648315,GPS
5/19/2020,7.228301858,GPS
5/20/2020,7.230992147,GPS
5/21/2020,7.238570888,GPS
5/22/2020,7.223610257,GPS
5/23/2020,7.24404989,GPS
5/24/2020,7.248249366,GPS
5/25/2020,7.236503958,GPS
5/26/2020,7.238997397,GPS
5/27/2020,7.224102383,GPS
5/28/2020,7.233944903,GPS
5/29/2020,7.242245428,GPS
5/30/2020,7.243951465,GPS
5/31/2020,7.234141754,GPS
6/1/2020,7.244640442,GPS
6/2/2020,7.251727056,GPS
6/3/2020,7.25451577,GPS
6/4/2020,7.23873493,GPS
6/5/2020,7.20960107,GPS
6/6/2020,7.252317607,GPS
6/7/2020,7.240670625,GPS
6/8/2020,7.254056452,GPS
6/9/2020,7.25513913,GPS
6/10/2020,7.254154878,GPS
6/11/2020,7.266556453,GPS
6/12/2020,7.249922594,GPS
6/13/2020,7.288472464,GPS
6/14/2020,7.23912863,GPS
6/15/2020,7.25143178,GPS
6/16/2020,7.262422594,GPS
6/17/2020,7.246412095,GPS
6/18/2020,7.25861682,GPS
6/19/2020,7.242507896,GPS
6/20/2020,7.262619445,GPS
6/21/2020,7.238898972,GPS
6/22/2020,7.260322857,GPS
6/23/2020,7.253564326,GPS
6/24/2020,7.258551203,GPS
6/25/2020,7.266556453,GPS
6/26/2020,7.289194249,GPS
6/27/2020,7.237356977,GPS
6/28/2020,7.224102383,GPS
6/29/2020,7.263078762,GPS
6/30/2020,7.247068263,GPS
7/1/2020,7.241884536,GPS
7/2/2020,7.243590573,GPS
7/3/2020,7.284601073,GPS
7/4/2020,7.280171939,GPS
7/5/2020,7.2897848,GPS
7/6/2020,7.288898973,GPS
7/7/2020,7.263177188,GPS
7/8/2020,7.263636505,GPS
7/9/2020,7.24959451,GPS
7/10/2020,7.241818919,GPS
7/11/2020,7.258124694,GPS
7/12/2020,7.278137818,GPS
7/13/2020,7.255631256,GPS
7/14/2020,7.276595823,GPS
7/15/2020,7.289850417,GPS
7/16/2020,7.269706059,GPS
7/17/2020,7.272232306,GPS
7/18/2020,7.275972464,GPS
7/19/2020,7.253990836,GPS
7/20/2020,7.292737556,GPS
7/21/2020,7.273413408,GPS
7/22/2020,7.27439766,GPS
7/23/2020,7.264456715,GPS
7/24/2020,7.257927844,GPS
7/25/2020,7.297035456,GPS
7/26/2020,7.272330731,GPS
7/27/2020,7.254614195,GPS
7/28/2020,7.273643067,GPS
7/29/2020,7.268820232,GPS
7/30/2020,7.285552516,GPS
7/31/2020,7.333419972,GPS
8/1/2020,7.294181126,GPS
8/2/2020,7.295919971,GPS
8/3/2020,7.316490838,GPS
8/4/2020,7.304056454,GPS
8/5/2020,7.277416033,GPS
8/6/2020,7.285126007,GPS
8/7/2020,7.297691624,GPS
8/8/2020,7.306156192,GPS
8/9/2020,7.299135194,GPS
8/10/2020,7.284338606,GPS
8/11/2020,7.293623383,GPS
8/12/2020,7.279220495,GPS
8/13/2020,7.31419425,GPS
8/14/2020,7.315867478,GPS
8/15/2020,7.316720496,GPS
8/16/2020,7.300152254,GPS
8/17/2020,7.314489525,GPS
8/18/2020,7.316982964,GPS
8/19/2020,7.289030207,GPS
8/20/2020,7.295066952,GPS
8/21/2020,7.307337294,GPS
8/22/2020,7.31747509,GPS
8/23/2020,7.319738869,GPS
8/24/2020,7.302481651,GPS
8/25/2020,7.294443593,GPS
8/26/2020,7.313964591,GPS
8/27/2020,7.321707373,GPS
8/28/2020,7.293656191,GPS
8/29/2020,7.299955404,GPS
8/30/2020,7.31419425,GPS
8/31/2020,7.286668002,GPS
9/1/2020,7.292114196,GPS
9/2/2020,7.304187688,GPS
9/3/2020,7.313931782,GPS
9/4/2020,7.32196984,GPS
9/5/2020,7.325775615,GPS
9/6/2020,7.295591887,GPS
9/7/2020,7.291786112,GPS
9/8/2020,7.291359603,GPS
9/9/2020,7.306090575,GPS
9/10/2020,7.32423362,GPS
9/11/2020,7.315998712,GPS
9/12/2020,7.311143068,GPS
9/13/2020,7.314817609,GPS
9/14/2020,7.325086638,GPS
9/15/2020,7.331517085,GPS
9/16/2020,7.320788738,GPS
9/17/2020,7.295985588,GPS
9/18/2020,7.309076139,GPS
9/19/2020,7.31376774,GPS
9/20/2020,7.318590575,GPS
9/21/2020,7.32196984,GPS
9/22/2020,7.309929158,GPS
9/23/2020,7.298938344,GPS
9/24/2020,7.297133882,GPS
9/25/2020,7.304056454,GPS
9/26/2020,7.29204858,GPS
9/27/2020,7.304909472,GPS
9/28/2020,7.266556453,GPS
9/29/2020,7.28712732,GPS
9/30/2020,7.304679814,GPS
10/1/2020,7.30966669,GPS
10/2/2020,7.304581388,GPS
10/3/2020,7.302153567,GPS
10/4/2020,7.305860916,GPS
10/5/2020,7.315900286,GPS
10/6/2020,7.313669315,GPS
10/7/2020,7.283780863,GPS
10/8/2020,7.300021021,GPS
10/9/2020,7.299889787,GPS
10/10/2020,7.299528895,GPS
10/11/2020,7.292573514,GPS
10/12/2020,7.29204858,GPS
10/13/2020,7.288636506,GPS
10/14/2020,7.285585325,GPS
10/15/2020,7.31376774,GPS
10/16/2020,7.302251992,GPS
10/17/2020,7.304023646,GPS
10/18/2020,7.296116821,GPS
10/19/2020,7.298708685,GPS
10/20/2020,7.29142522,GPS
10/21/2020,7.288045955,GPS
10/22/2020,7.304581388,GPS
10/23/2020,7.284568264,GPS
10/24/2020,7.281156191,GPS
10/25/2020,7.293820233,GPS
10/26/2020,7.289030207,GPS
10/27/2020,7.289686375,GPS
10/28/2020,7.298347792,GPS
10/29/2020,7.305106323,GPS
10/30/2020,7.297232307,GPS
10/31/2020,7.279843855,GPS
11/1/2020,7.29450921,GPS
11/2/2020,7.280171939,GPS
11/3/2020,7.289325482,GPS
11/4/2020,7.308682438,GPS
11/5/2020,7.288538081,GPS
11/6/2020,7.266031518,GPS
11/7/2020,7.254548578,GPS
11/8/2020,7.243984274,GPS
11/9/2020,7.258288736,GPS
11/10/2020,7.281320233,GPS
11/11/2020,7.276694248,GPS
11/12/2020,7.287028894,GPS
11/13/2020,7.276103697,GPS
11/14/2020,7.266031518,GPS
11/15/2020,7.291326795,GPS
11/16/2020,7.256910783,GPS
11/17/2020,7.271051204,GPS
11/18/2020,7.301038081,GPS
11/19/2020,7.272330731,GPS
11/20/2020,7.287914721,GPS
11/21/2020,7.288702123,GPS
11/22/2020,7.280893724,GPS
11/23/2020,7.254482962,GPS
11/24/2020,7.267376663,GPS
11/25/2020,7.282730994,GPS
11/26/2020,7.27502102,GPS
11/27/2020,7.27400396,GPS
11/28/2020,7.273807109,GPS
11/29/2020,7.281484275,GPS
11/30/2020,7.278367477,GPS
12/1/2020,7.281254616,GPS
12/2/2020,7.292704748,GPS
12/3/2020,7.295493462,GPS
12/4/2020,7.300841231,GPS
12/5/2020,7.295296611,GPS
12/6/2020,7.291129944,GPS
12/7/2020,7.313144381,GPS
12/8/2020,7.29244228,GPS
12/9/2020,7.294443593,GPS
12/10/2020,7.273839918,GPS
12/11/2020,7.276136506,GPS
12/12/2020,7.28896459,GPS
12/13/2020,7.284929157,GPS
12/14/2020,7.27849871,GPS
12/15/2020,7.292114196,GPS
12/16/2020,7.286832044,GPS
12/17/2020,7.277087949,GPS
12/18/2020,7.284732306,GPS
12/19/2020,7.281057766,GPS
12/20/2020,7.277973776,GPS
12/21/2020,7.270559078,GPS
12/22/2020,7.287783488,GPS
12/23/2020,7.275152254,GPS
12/24/2020,7.305532832,GPS
12/25/2020,7.267803172,GPS
12/26/2020,7.280106322,GPS
12/27/2020,7.279089262,GPS
12/28/2020,7.268196873,GPS
12/29/2020,7.286241493,GPS
12/30/2020,7.29142522,GPS
12/31/2020,7.261766426,GPS
1/1/2021,7.277448842,GPS
1/2/2021,7.279056453,GPS
1/3/2021,7.256254615,GPS
1/4/2021,7.2772848,GPS
1/5/2021,7.269017083,GPS
1/6/2021,7.270230994,GPS
1/7/2021,7.276891099,GPS
1/8/2021,7.300119446,GPS
1/9/2021,7.278761178,GPS
1/10/2021,7.28506039,GPS
1/11/2021,7.292606322,GPS
1/12/2021,7.277055141,GPS
1/13/2021,7.271576138,GPS
1/14/2021,7.266425219,GPS
1/15/2021,7.254548578,GPS
1/16/2021,7.261963277,GPS
1/17/2021,7.253925219,GPS
1/18/2021,7.266064327,GPS
1/19/2021,7.258518395,GPS
1/20/2021,7.266326794,GPS
1/21/2021,7.260683749,GPS
1/22/2021,7.259961964,GPS
1/23/2021,7.250349103,GPS
1/24/2021,7.26580186,GPS
1/25/2021,7.237717869,GPS
1/26/2021,7.255467214,GPS
1/27/2021,7.26455514,GPS
1/28/2021,7.274627319,GPS
1/29/2021,7.268984274,GPS
1/30/2021,7.27439766,GPS
1/31/2021,7.28876774,GPS
2/1/2021,7.265572201,GPS
2/2/2021,7.283059078,GPS
2/3/2021,7.29040816,GPS
2/4/2021,7.271805797,GPS
2/5/2021,7.27154333,GPS
2/6/2021,7.26006039,GPS
2/7/2021,7.269246742,GPS
2/8/2021,7.287619446,GPS
2/9/2021,7.26927955,GPS
2/10/2021,7.278892411,GPS
2/11/2021,7.282730994,GPS
2/12/2021,7.229056452,GPS
2/13/2021,7.25924018,GPS
2/14/2021,7.28834123,GPS
2/15/2021,7.25881367,GPS
2/16/2021,7.274332044,GPS
2/17/2021,7.249003959,GPS
2/18/2021,7.312389788,GPS
2/19/2021,7.285454091,GPS
2/20/2021,7.275053828,GPS
2/21/2021,7.286208684,GPS
2/22/2021,7.277514458,GPS
2/23/2021,7.263833356,GPS
2/24/2021,7.285913409,GPS
2/25/2021,7.28177955,GPS
2/26/2021,7.290178501,GPS
2/27/2021,7.263111571,GPS
2/28/2021,7.267868789,GPS
3/1/2021,7.280860915,GPS
3/2/2021,7.26006039,GPS
3/3/2021,7.253728368,GPS
3/4/2021,7.289095824,GPS
3/5/2021,7.3104869,GPS
3/6/2021,7.279614196,GPS
3/7/2021,7.286799236,GPS
3/8/2021,7.297494774,GPS
3/9/2021,7.308977714,GPS
3/10/2021,7.305762491,GPS
3/11/2021,7.294213934,GPS
3/12/2021,7.316523646,GPS
3/13/2021,7.317606323,GPS
3/14/2021,7.294017084,GPS
3/15/2021,7.298282176,GPS
3/16/2021,7.280303172,GPS
3/17/2021,7.298511834,GPS
3/18/2021,7.29614963,GPS
3/19/2021,7.293590574,GPS
3/20/2021,7.292179813,GPS
3/21/2021,7.285093199,GPS
3/22/2021,7.314292675,GPS
3/23/2021,7.275545954,GPS
3/24/2021,7.263209996,GPS
3/25/2021,7.26252102,GPS
3/26/2021,7.27521787,GPS
3/27/2021,7.294115509,GPS
3/28/2021,7.299594512,GPS
3/29/2021,7.292704748,GPS
3/30/2021,7.296412097,GPS
3/31/2021,7.287488212,GPS
4/1/2021,7.281188999,GPS
4/2/2021,7.279220495,GPS
4/3/2021,7.29779005,GPS
4/4/2021,7.308780864,GPS
4/5/2021,7.262422594,GPS
4/6/2021,7.280828107,GPS
4/7/2021,7.270362227,GPS
4/8/2021,7.29080186,GPS
4/9/2021,7.28259976,GPS
4/10/2021,7.29224543,GPS
4/11/2021,7.283518396,GPS
4/12/2021,7.286897661,GPS
4/13/2021,7.272626007,GPS
4/14/2021,7.285126007,GPS
4/15/2021,7.28916144,GPS
4/16/2021,7.27974543,GPS
4/17/2021,7.303236244,GPS
4/18/2021,7.28998165,GPS
4/19/2021,7.30884648,GPS
4/20/2021,7.30638585,GPS
4/21/2021,7.295132569,GPS
4/22/2021,7.27931892,GPS
4/23/2021,7.273216558,GPS
4/24/2021,7.299397661,GPS
4/25/2021,7.284076138,GPS
4/26/2021,7.309732307,GPS
4/27/2021,7.311832045,GPS
4/28/2021,7.3100932,GPS
4/29/2021,7.32157614,GPS
4/30/2021,7.327776927,GPS
5/1/2021,7.314784801,GPS
5/2/2021,7.311668003,GPS
5/3/2021,7.327219184,GPS
5/4/2021,7.319706061,GPS
5/5/2021,7.323118134,GPS
5/6/2021,7.341917348,GPS
5/7/2021,7.349397663,GPS
5/8/2021,7.350053831,GPS
5/9/2021,7.355860918,GPS
5/10/2021,7.349627322,GPS
5/11/2021,7.359174566,GPS
5/12/2021,7.347790051,GPS
5/13/2021,7.362356981,GPS
5/14/2021,7.358255931,GPS
5/15/2021,7.371215249,GPS
5/16/2021,7.351595826,GPS
5/17/2021,7.366293989,GPS
5/18/2021,7.371969842,GPS
5/19/2021,7.362389789,GPS
5/20/2021,7.367573516,GPS
5/21/2021,7.363144382,GPS
5/22/2021,7.37774412,GPS
5/23/2021,7.383616824,GPS
5/24/2021,7.373741496,GPS
5/25/2021,7.378301863,GPS
5/26/2021,7.366786115,GPS
5/27/2021,7.389325486,GPS
5/28/2021,7.38063126,GPS
5/29/2021,7.3679016,GPS
5/30/2021,7.3679016,GPS
5/31/2021,7.379843858,GPS
6/1/2021,7.374496089,GPS
6/2/2021,7.372199501,GPS
6/3/2021,7.365834671,GPS
6/4/2021,7.375447532,GPS
6/5/2021,7.370755931,GPS
6/6/2021,7.370099763,GPS
6/7/2021,7.380467218,GPS
6/8/2021,7.38246853,GPS
6/9/2021,7.399824174,GPS
6/10/2021,7.395493465,GPS
6/11/2021,7.414227061,GPS
6/12/2021,7.411274305,GPS
6/13/2021,7.406221812,GPS
6/14/2021,7.392475092,GPS
6/15/2021,7.411241497,GPS
6/16/2021,7.412717875,GPS
6/17/2021,7.40933861,GPS
6/18/2021,7.404286116,GPS
6/19/2021,7.414063019,GPS
6/20/2021,7.407107638,GPS
6/21/2021,7.414587954,GPS
6/22/2021,7.414161444,GPS
6/23/2021,7.421477718,GPS
6/24/2021,7.435257246,GPS
6/25/2021,7.437258558,GPS
6/26/2021,7.438275618,GPS
6/27/2021,7.437553834,GPS
6/28/2021,7.449200816,GPS
6/29/2021,7.442639136,GPS
6/30/2021,7.44254071,GPS
7/1/2021,7.429614201,GPS
7/2/2021,7.444082705,GPS
7/3/2021,7.444148322,GPS
7/4/2021,7.438013151,GPS
7/5/2021,7.46839373,GPS
7/6/2021,7.469181131,GPS
7/7/2021,7.452547272,GPS
7/8/2021,7.464653572,GPS
7/9/2021,7.446149634,GPS
7/10/2021,7.474069583,GPS
7/11/2021,7.456615514,GPS
7/12/2021,7.478137824,GPS
7/13/2021,7.466917352,GPS
7/14/2021,7.491293993,GPS
7/15/2021,7.482632575,GPS
7/16/2021,7.48519163,GPS
7/17/2021,7.507238875,GPS
7/18/2021,7.502481657,GPS
7/19/2021,7.521674571,GPS
7/20/2021,7.527350424,GPS
7/21/2021,7.51389898,GPS
7/22/2021,7.527711317,GPS
7/23/2021,7.497396355,GPS
7/24/2021,7.497855673,GPS
7/25/2021,7.512028902,GPS
7/26/2021,7.476333362,GPS
7/27/2021,7.499496093,GPS
7/28/2021,7.541982971,GPS
7/29/2021,7.531385858,GPS
7/30/2021,7.528564335,GPS
7/31/2021,7.544377984,GPS
8/1/2021,7.543065648,GPS
8/2/2021,7.54506696,GPS
8/3/2021,7.536110267,GPS
8/4/2021,7.520198193,GPS
8/5/2021,7.528170634,GPS
8/6/2021,7.539259874,GPS
8/7/2021,7.521248062,GPS
8/8/2021,7.514489532,GPS
8/9/2021,7.510388482,GPS
8/10/2021,7.52354465,GPS
8/11/2021,7.531189007,GPS
8/12/2021,7.545132577,GPS
8/13/2021,7.542245438,GPS
8/14/2021,7.561864861,GPS
8/15/2021,7.53010633,GPS
8/16/2021,7.547724441,GPS
8/17/2021,7.535519716,GPS
8/18/2021,7.541129952,GPS
8/19/2021,7.528433102,GPS
8/20/2021,7.544345176,GPS
8/21/2021,7.527317616,GPS
8/22/2021,7.541982971,GPS
8/23/2021,7.546280871,GPS
8/24/2021,7.541818929,GPS
8/25/2021,7.559338614,GPS
8/26/2021,7.544443601,GPS
8/27/2021,7.580434416,GPS
8/28/2021,7.541982971,GPS
8/29/2021,7.536799244,GPS
8/30/2021,7.531845175,GPS
8/31/2021,7.516556461,GPS
9/1/2021,7.53112339,GPS
9/2/2021,7.540408168,GPS
9/3/2021,7.556221816,GPS
9/4/2021,7.544279559,GPS
9/5/2021,7.564686384,GPS
9/6/2021,7.545559086,GPS
9/7/2021,7.535946225,GPS
9/8/2021,7.549692945,GPS
9/9/2021,7.532009217,GPS
9/10/2021,7.549955412,GPS
9/11/2021,7.548249375,GPS
9/12/2021,7.552842551,GPS
9/13/2021,7.54260633,GPS
9/14/2021,7.534305805,GPS
9/15/2021,7.53338717,GPS
9/16/2021,7.529351737,GPS
9/17/2021,7.542179821,GPS
9/18/2021,7.5237415,GPS
9/19/2021,7.537717879,GPS
9/20/2021,7.523938351,GPS
9/21/2021,7.53748822,GPS
9/22/2021,7.547691632,GPS
9/23/2021,7.535716566,GPS
9/24/2021,7.533124703,GPS
9/25/2021,7.540506593,GPS
9/26/2021,7.528006592,GPS
9/27/2021,7.524955411,GPS
9/28/2021,7.560913418,GPS
9/29/2021,7.544443601,GPS
9/30/2021,7.545001344,GPS
10/1/2021,7.537783496,GPS
10/2/2021,7.536766435,GPS
10/3/2021,7.528761186,GPS
10/4/2021,7.540440976,GPS
10/5/2021,7.532665385,GPS
10/6/2021,7.519148324,GPS
10/7/2021,7.518590582,GPS
10/8/2021,7.548314992,GPS
10/9/2021,7.541687695,GPS
10/10/2021,7.52744885,GPS
10/11/2021,7.507698193,GPS
10/12/2021,7.51452234,GPS
10/13/2021,7.522822865,GPS
10/14/2021,7.500217878,GPS
10/15/2021,7.529122078,GPS
10/16/2021,7.532829427,GPS
10/17/2021,7.53729137,GPS
10/18/2021,7.504286119,GPS
10/19/2021,7.547035464,GPS
10/20/2021,7.544837302,GPS
10/21/2021,7.52170738,GPS
10/22/2021,7.528105018,GPS
10/23/2021,7.519312366,GPS
10/24/2021,7.489883232,GPS
10/25/2021,7.51964045,GPS
10/26/2021,7.515801868,GPS
10/27/2021,7.539358299,GPS
10/28/2021,7.532468535,GPS
10/29/2021,7.52948297,GPS
10/30/2021,7.518885857,GPS
10/31/2021,7.522363548,GPS
11/1/2021,7.533748062,GPS
11/2/2021,7.519148324,GPS
11/3/2021,7.542245438,GPS
11/4/2021,7.51842654,GPS
11/5/2021,7.5315499,GPS
11/6/2021,7.505007904,GPS
11/7/2021,7.509765122,GPS
11/8/2021,7.524856986,GPS
11/9/2021,7.521412104,GPS
11/10/2021,7.507501342,GPS
11/11/2021,7.535913417,GPS
11/12/2021,7.52928612,GPS
11/13/2021,7.516293994,GPS
11/14/2021,7.507206067,GPS
11/15/2021,7.524955411,GPS
11/16/2021,7.511799243,GPS
11/17/2021,7.525250687,GPS
11/18/2021,7.52252759,GPS
11/19/2021,7.506681132,GPS
11/20/2021,7.518787432,GPS
11/21/2021,7.520755936,GPS
11/22/2021,7.532042026,GPS
11/23/2021,7.507238875,GPS
11/24/2021,7.495952786,GPS
11/25/2021,7.52272444,GPS
11/26/2021,7.521182445,GPS
11/27/2021,7.514456723,GPS
11/28/2021,7.527087957,GPS
11/29/2021,7.500677195,GPS
11/30/2021,7.50385961,GPS
12/1/2021,7.509535463,GPS
12/2/2021,7.49257352,GPS
12/3/2021,7.514489532,GPS
12/4/2021,7.504351736,GPS
12/5/2021,7.49401709,GPS
12/6/2021,7.497265122,GPS
12/7/2021,7.479548586,GPS
12/8/2021,7.488505279,GPS
12/9/2021,7.483223126,GPS
12/10/2021,7.473610265,GPS
12/11/2021,7.486897667,GPS
12/12/2021,7.498905542,GPS
12/13/2021,7.477022339,GPS
12/14/2021,7.464161446,GPS
12/15/2021,7.469935724,GPS
12/16/2021,7.470460659,GPS
12/17/2021,7.475316302,GPS
12/18/2021,7.493360922,GPS
12/19/2021,7.497002654,GPS
12/20/2021,7.474824176,GPS
12/21/2021,7.475742811,GPS
12/22/2021,7.480762496,GPS
12/23/2021,7.458846485,GPS
12/24/2021,7.458387168,GPS
12/25/2021,7.471608953,GPS
12/26/2021,7.446740186,GPS
12/27/2021,7.466097142,GPS
12/28/2021,7.451792679,GPS
12/29/2021,7.458255934,GPS
12/30/2021,7.453859608,GPS
12/31/2021,7.474364858,GPS
1/1/2022,7.459404228,GPS
1/2/2022,7.491195568,GPS
1/3/2022,7.501070896,GPS
1/4/2022,7.499692943,GPS
1/5/2022,7.495723127,GPS
1/6/2022,7.481779557,GPS
1/7/2022,7.475742811,GPS
1/8/2022,7.480631263,GPS
1/9/2022,7.499856985,GPS
1/10/2022,7.515244125,GPS
1/11/2022,7.50159583,GPS
1/12/2022,7.505171946,GPS
1/13/2022,7.493229688,GPS
1/14/2022,7.491129951,GPS
1/15/2022,7.487389793,GPS
1/16/2022,7.484240187,GPS
1/17/2022,7.494181132,GPS
1/18/2022,7.499168009,GPS
1/19/2022,7.494345174,GPS
1/20/2022,7.494870108,GPS
1/21/2022,7.511668009,GPS
1/22/2022,7.49956171,GPS
1/23/2022,7.508124702,GPS
1/24/2022,7.487914728,GPS
1/25/2022,7.484108953,GPS
1/26/2022,7.483649636,GPS
1/27/2022,7.489227064,GPS
1/28/2022,7.48683205,GPS
1/29/2022,7.484699504,GPS
1/30/2022,7.466818926,GPS
1/31/2022,7.471116827,GPS
2/1/2022,7.46757352,GPS
2/2/2022,7.47862995,GPS
2/3/2022,7.482731,GPS
2/4/2022,7.491884544,GPS
2/5/2022,7.504581395,GPS
2/6/2022,7.4784331,GPS
2/7/2022,7.498708691,GPS
2/8/2022,7.486930476,GPS
2/9/2022,7.47925331,GPS
2/10/2022,7.47698953,GPS
2/11/2022,7.471904228,GPS
2/12/2022,7.485946224,GPS
2/13/2022,7.495526276,GPS
2/14/2022,7.487783494,GPS
2/15/2022,7.450021026,GPS
2/16/2022,7.458780868,GPS
2/17/2022,7.473183756,GPS
2/18/2022,7.494345174,GPS
2/19/2022,7.482698192,GPS
2/20/2022,7.478597142,GPS
2/21/2022,7.461143073,GPS
2/22/2022,7.461077456,GPS
2/23/2022,7.47741604,GPS
2/24/2022,7.488636512,GPS
2/25/2022,7.48315751,GPS
2/26/2022,7.487980344,GPS
2/27/2022,7.475053835,GPS
2/28/2022,7.48807877,GPS
3/1/2022,7.490506591,GPS
3/2/2022,7.484240187,GPS
3/3/2022,7.473249373,GPS
3/4/2022,7.467671945,GPS
3/5/2022,7.473577457,GPS
3/6/2022,7.484207378,GPS
3/7/2022,7.48971919,GPS
3/8/2022,7.490637825,GPS
3/9/2022,7.48007352,GPS
3/10/2022,7.462356984,GPS
3/11/2022,7.470723126,GPS
3/12/2022,7.478465908,GPS
3/13/2022,7.449299241,GPS
3/14/2022,7.488308428,GPS
3/15/2022,7.465342548,GPS
3/16/2022,7.469476407,GPS
3/17/2022,7.477153572,GPS
3/18/2022,7.459010527,GPS
3/19/2022,7.453597141,GPS
3/20/2022,7.471510528,GPS
3/21/2022,7.482862234,GPS
3/22/2022,7.479417352,GPS
3/23/2022,7.479548586,GPS
3/24/2022,7.474036774,GPS
3/25/2022,7.462061708,GPS
3/26/2022,7.458419976,GPS
3/27/2022,7.477744124,GPS
3/28/2022,7.461143073,GPS
3/29/2022,7.45074281,GPS
3/30/2022,7.461799241,GPS
3/31/2022,7.476464596,GPS
4/1/2022,7.465342548,GPS
4/2/2022,7.478137824,GPS
4/3/2022,7.472265121,GPS
4/4/2022,7.474824176,GPS
4/5/2022,7.468164071,GPS
4/6/2022,7.469837299,GPS
4/7/2022,7.471346486,GPS
4/8/2022,7.470755934,GPS
4/9/2022,7.470362234,GPS
4/10/2022,7.458682443,GPS
4/11/2022,7.469673257,GPS
4/12/2022,7.476956722,GPS
4/13/2022,7.500250686,GPS
4/14/2022,7.505270371,GPS
4/15/2022,7.491884544,GPS
4/16/2022,7.525283495,GPS
4/17/2022,7.513997406,GPS
4/18/2022,7.5194436,GPS
4/19/2022,7.517409479,GPS
4/20/2022,7.496969846,GPS
4/21/2022,7.504286119,GPS
4/22/2022,7.505368796,GPS
4/23/2022,7.5233478,GPS
4/24/2022,7.502448849,GPS
4/25/2022,7.527120766,GPS
4/26/2022,7.510749374,GPS
4/27/2022,7.5358478,GPS
4/28/2022,7.53174675,GPS
4/29/2022,7.512127327,GPS
4/30/2022,7.531090582,GPS
5/1/2022,7.535552524,GPS
5/2/2022,7.527251999,GPS
5/3/2022,7.514981658,GPS
5/4/2022,7.533124703,GPS
5/5/2022,7.524889794,GPS
5/6/2022,7.528531527,GPS
5/7/2022,7.528531527,GPS
5/8/2022,7.508715253,GPS
5/9/2022,7.509141762,GPS
5/10/2022,7.535618141,GPS
5/11/2022,7.533485595,GPS
5/12/2022,7.545952787,GPS
5/13/2022,7.543951475,GPS
5/14/2022,7.537980346,GPS
5/15/2022,7.537258561,GPS
5/16/2022,7.544476409,GPS
5/17/2022,7.549496094,GPS
5/18/2022,7.532271684,GPS
5/19/2022,7.534896356,GPS
5/20/2022,7.550972472,GPS
5/21/2022,7.531812367,GPS
5/22/2022,7.561963286,GPS
5/23/2022,7.561996095,GPS
5/24/2022,7.562652263,GPS
5/25/2022,7.556845176,GPS
5/26/2022,7.536011842,GPS
5/27/2022,7.54733074,GPS
5/28/2022,7.553203444,GPS
5/29/2022,7.555959349,GPS
5/30/2022,7.570526279,GPS
5/31/2022,7.56271788,GPS
6/1/2022,7.5768583,GPS
6/2/2022,7.59509977,GPS
6/3/2022,7.565145701,GPS
6/4/2022,7.580237565,GPS
6/5/2022,7.576169324,GPS
6/6/2022,7.585027592,GPS
6/7/2022,7.58916145,GPS
6/8/2022,7.592475098,GPS
6/9/2022,7.596215256,GPS
6/10/2022,7.600414731,GPS
6/11/2022,7.602875361,GPS
6/12/2022,7.587685072,GPS
6/13/2022,7.632337304,GPS
6/14/2022,7.604482973,GPS
6/15/2022,7.599660138,GPS
6/16/2022,7.615112894,GPS
6/17/2022,7.621937042,GPS
6/18/2022,7.633780874,GPS
6/19/2022,7.611044653,GPS
6/20/2022,7.639489536,GPS
6/21/2022,7.647494785,GPS
6/22/2022,7.606779561,GPS
6/23/2022,7.647921294,GPS
6/24/2022,7.642737567,GPS
6/25/2022,7.640047278,GPS
6/26/2022,7.667803185,GPS
6/27/2022,7.644410796,GPS
6/28/2022,7.646248066,GPS
6/29/2022,7.650644392,GPS
6/30/2022,7.644049903,GPS
7/1/2022,7.660191636,GPS
7/2/2022,7.658780875,GPS
7/3/2022,7.652383237,GPS
7/4/2022,7.657763814,GPS
7/5/2022,7.667507909,GPS
7/6/2022,7.668853054,GPS
7/7/2022,7.671346492,GPS
7/8/2022,7.673807122,GPS
7/9/2022,7.682370114,GPS
7/10/2022,7.672068277,GPS
7/11/2022,7.673675888,GPS
7/12/2022,7.664194261,GPS
7/13/2022,7.674364865,GPS
7/14/2022,7.659108959,GPS
7/15/2022,7.658846492,GPS
7/16/2022,7.694607648,GPS
7/17/2022,7.680598461,GPS
7/18/2022,7.690178514,GPS
7/19/2022,7.69496854,GPS
7/20/2022,7.706713947,GPS
7/21/2022,7.68758665,GPS
7/22/2022,7.668820245,GPS
7/23/2022,7.697363553,GPS
7/24/2022,7.691556466,GPS
7/25/2022,7.698610272,GPS
7/26/2022,7.684043343,GPS
7/27/2022,7.697691637,GPS
7/28/2022,7.686930482,GPS
7/29/2022,7.70871526,GPS
7/30/2022,7.716753318,GPS
7/31/2022,7.69660896,GPS
8/1/2022,7.674725757,GPS
8/2/2022,7.696346493,GPS
8/3/2022,7.68942392,GPS
8/4/2022,7.690801873,GPS
8/5/2022,7.712586651,GPS
8/6/2022,7.694410797,GPS
8/7/2022,7.74152366,GPS
8/8/2022,7.696215259,GPS
8/9/2022,7.685880613,GPS
8/10/2022,7.708551218,GPS
8/11/2022,7.717147018,GPS
8/12/2022,7.689817621,GPS
8/13/2022,7.717901612,GPS
8/14/2022,7.699955417,GPS
8/15/2022,7.690178514,GPS
8/16/2022,7.69926644,GPS
8/17/2022,7.691031532,GPS
8/18/2022,7.702055154,GPS
8/19/2022,7.687127332,GPS
8/20/2022,7.685716571,GPS
8/21/2022,7.682731007,GPS
8/22/2022,7.711536782,GPS
8/23/2022,7.690276939,GPS
8/24/2022,7.698282188,GPS
8/25/2022,7.694213947,GPS
8/26/2022,7.680237568,GPS
8/27/2022,7.684404235,GPS
8/28/2022,7.656057778,GPS
8/29/2022,7.663570901,GPS
8/30/2022,7.681517096,GPS
8/31/2022,7.683715259,GPS
9/1/2022,7.688242818,GPS
9/2/2022,7.681549904,GPS
9/3/2022,7.699463291,GPS
9/4/2022,7.677350429,GPS
9/5/2022,7.690965915,GPS
9/6/2022,7.68450266,GPS
9/7/2022,7.670198198,GPS
9/8/2022,7.653892423,GPS
9/9/2022,7.673938356,GPS
9/10/2022,7.693820246,GPS
9/11/2022,7.706123396,GPS
9/12/2022,7.64903678,GPS
9/13/2022,7.689555154,GPS
9/14/2022,7.662225757,GPS
9/15/2022,7.684404235,GPS
9/16/2022,7.678170639,GPS
9/17/2022,7.664686387,GPS
9/18/2022,7.658091898,GPS
9/19/2022,7.684437044,GPS
9/20/2022,7.688898986,GPS
9/21/2022,7.688111584,GPS
9/22/2022,7.695231007,GPS
9/23/2022,7.681287437,GPS
9/24/2022,7.662553841,GPS
9/25/2022,7.687160141,GPS
9/26/2022,7.684896361,GPS
9/27/2022,7.674496098,GPS
9/28/2022,7.669148329,GPS
9/29/2022,7.68020476,GPS
9/30/2022,7.66727825,GPS
10/1/2022,7.683748067,GPS
10/2/2022,7.682501348,GPS
10/3/2022,7.683780876,GPS
10/4/2022,7.69313127,GPS
10/5/2022,7.696510535,GPS
10/6/2022,7.701628645,GPS
10/7/2022,7.712422609,GPS
10/8/2022,7.690080088,GPS
10/9/2022,7.703728383,GPS
10/10/2022,7.687324183,GPS
10/11/2022,7.676202135,GPS
10/12/2022,7.672429169,GPS
10/13/2022,7.67446329,GPS
10/14/2022,7.66216014,GPS
10/15/2022,7.658977725,GPS
10/16/2022,7.689259878,GPS
10/17/2022,7.686503973,GPS
10/18/2022,7.698675889,GPS
10/19/2022,7.682993474,GPS
10/20/2022,7.665867489,GPS
10/21/2022,7.649003972,GPS
10/22/2022,7.630860926,GPS
10/23/2022,7.665408172,GPS
10/24/2022,7.679647017,GPS
10/25/2022,7.676530219,GPS
10/26/2022,7.668689012,GPS
10/27/2022,7.677973789,GPS
10/28/2022,7.685224445,GPS
10/29/2022,7.685782188,GPS
10/30/2022,7.680992162,GPS
10/31/2022,7.66563783,GPS
11/1/2022,7.67938455,GPS
11/2/2022,7.675513159,GPS
11/3/2022,7.689620771,GPS
11/4/2022,7.69352497,GPS
11/5/2022,7.681976414,GPS
11/6/2022,7.6752835,GPS
11/7/2022,7.668229694,GPS
11/8/2022,7.686372739,GPS
11/9/2022,7.692081401,GPS
11/10/2022,7.682009222,GPS
11/11/2022,7.672330744,GPS
11/12/2022,7.701431795,GPS
11/13/2022,7.694017096,GPS
11/14/2022,7.687947542,GPS
11/15/2022,7.70500791,GPS
11/16/2022,7.710454105,GPS
11/17/2022,7.710421296,GPS
11/18/2022,7.68328875,GPS
11/19/2022,7.692639144,GPS
11/20/2022,7.690375364,GPS
11/21/2022,7.682107647,GPS
11/22/2022,7.684601086,GPS
11/23/2022,7.696477726,GPS
11/24/2022,7.701792687,GPS
11/25/2022,7.673052529,GPS
11/26/2022,7.661864864,GPS
11/27/2022,7.656648329,GPS
11/28/2022,7.641720507,GPS
11/29/2022,7.643557777,GPS
11/30/2022,7.636766438,GPS
12/1/2022,7.628105021,GPS
12/2/2022,7.624889798,GPS
12/3/2022,7.63939111,GPS
12/4/2022,7.642639142,GPS
12/5/2022,7.632698197,GPS
12/6/2022,7.682566965,GPS
12/7/2022,7.644049903,GPS
12/8/2022,7.669410796,GPS
12/9/2022,7.665965914,GPS
12/10/2022,7.653498722,GPS
12/11/2022,7.65130056,GPS
12/12/2022,7.63939111,GPS
12/13/2022,7.645296622,GPS
12/14/2022,7.655926544,GPS
12/15/2022,7.663013158,GPS
12/16/2022,7.660224444,GPS
12/17/2022,7.658452791,GPS
12/18/2022,7.649266439,GPS
12/19/2022,7.647429168,GPS
12/20/2022,7.668393736,GPS
12/21/2022,7.662947542,GPS
12/22/2022,7.667934418,GPS
12/23/2022,7.659174576,GPS
12/24/2022,7.668590586,GPS
12/25/2022,7.659797935,GPS
12/26/2022,7.658912108,GPS
12/27/2022,7.623249378,GPS
12/28/2022,7.6299751,GPS
12/29/2022,7.64801972,GPS
12/30/2022,7.633223131,GPS
12/31/2022,7.626563026,GPS
1/1/2023,7.634010533,GPS
1/2/2023,7.64309846,GPS
1/3/2023,7.637028906,GPS
1/4/2023,7.658912108,GPS
1/5/2023,7.665539405,GPS
1/6/2023,7.663210009,GPS
1/7/2023,7.682140456,GPS
1/8/2023,7.669443605,GPS
1/9/2023,7.641359614,GPS
1/10/2023,7.657796623,GPS
1/11/2023,7.659240192,GPS
1/12/2023,7.66153678,GPS
1/13/2023,7.67344623,GPS
1/14/2023,7.65169426,GPS
1/15/2023,7.639883236,GPS
1/16/2023,7.632960664,GPS
1/17/2023,7.641425231,GPS
1/18/2023,7.667868802,GPS
1/19/2023,7.680500036,GPS
1/20/2023,7.677317621,GPS
1/21/2023,7.685486912,GPS
1/22/2023,7.675545967,GPS
1/23/2023,7.664259878,GPS
1/24/2023,7.671838618,GPS
1/25/2023,7.673347804,GPS
1/26/2023,7.691556466,GPS
1/27/2023,7.674496098,GPS
1/28/2023,7.668000035,GPS
1/29/2023,7.667147017,GPS
1/30/2023,7.658616833,GPS
1/31/2023,7.667606334,GPS
2/1/2023,7.666753316,GPS
2/2/2023,7.679220508,GPS
2/3/2023,7.670919983,GPS
2/4/2023,7.675578776,GPS
2/5/2023,7.660585337,GPS
2/6/2023,7.656845179,GPS
2/7/2023,7.668000035,GPS
2/8/2023,7.653203447,GPS
2/9/2023,7.659371426,GPS
2/10/2023,7.659961977,GPS
2/11/2023,7.647002659,GPS
2/12/2023,7.660060402,GPS
2/13/2023,7.641950166,GPS
2/14/2023,7.63181237,GPS
2/15/2023,7.647461977,GPS
2/16/2023,7.672068277,GPS
2/17/2023,7.68594623,GPS
2/18/2023,7.652776938,GPS
2/19/2023,7.65087405,GPS
2/20/2023,7.65622182,GPS
2/21/2023,7.64555909,GPS
2/22/2023,7.627481661,GPS
2/23/2023,7.62587405,GPS
2/24/2023,7.63611027,GPS
2/25/2023,7.636372738,GPS
2/26/2023,7.660060402,GPS
2/27/2023,7.625644391,GPS
2/28/2023,7.638144391,GPS
3/1/2023,7.628990848,GPS
3/2/2023,7.643360927,GPS
3/3/2023,7.640933105,GPS
3/4/2023,7.639752003,GPS
3/5/2023,7.640703446,GPS
3/6/2023,7.658387174,GPS
3/7/2023,7.675644392,GPS
3/8/2023,7.688931794,GPS
3/9/2023,7.663374051,GPS
3/10/2023,7.652186386,GPS
3/11/2023,7.64923363,GPS
3/12/2023,7.66051972,GPS
3/13/2023,7.648675888,GPS
3/14/2023,7.6424751,GPS
3/15/2023,7.634371425,GPS
3/16/2023,7.641195572,GPS
3/17/2023,7.645591898,GPS
3/18/2023,7.655204759,GPS
3/19/2023,7.633059089,GPS
3/20/2023,7.627645703,GPS
3/21/2023,7.620723131,GPS
3/22/2023,7.642967226,GPS
3/23/2023,7.65294098,GPS
3/24/2023,7.63509321,GPS
3/25/2023,7.633813682,GPS
3/26/2023,7.632370113,GPS
3/27/2023,7.669312371,GPS
3/28/2023,7.657206072,GPS
3/29/2023,7.643721819,GPS
3/30/2023,7.623643078,GPS
3/31/2023,7.651234943,GPS
4/1/2023,7.652744129,GPS
4/2/2023,7.650808434,GPS
4/3/2023,7.615933104,GPS
4/4/2023,7.652809746,GPS
4/5/2023,7.66770476,GPS
4/6/2023,7.656877988,GPS
4/7/2023,7.656024969,GPS
4/8/2023,7.642704759,GPS
4/9/2023,7.654679825,GPS
4/10/2023,7.650152266,GPS
4/11/2023,7.647986911,GPS
4/12/2023,7.638669326,GPS
4/13/2023,7.628236254,GPS
4/14/2023,7.626530218,GPS
4/15/2023,7.641687698,GPS
4/16/2023,7.643721819,GPS
4/17/2023,7.631385861,GPS
4/18/2023,7.619377986,GPS
4/19/2023,7.62134649,GPS
4/20/2023,7.662586649,GPS
4/21/2023,7.658157515,GPS
4/22/2023,7.651267751,GPS
4/23/2023,7.636011845,GPS
4/24/2023,7.633748066,GPS
4/25/2023,7.624069588,GPS
4/26/2023,7.642639142,GPS
4/27/2023,7.644837305,GPS
4/28/2023,7.63325594,GPS
4/29/2023,7.644279562,GPS
4/30/2023,7.633748066,GPS
5/1/2023,7.635782186,GPS
5/2/2023,7.641556465,GPS
5/3/2023,7.653203447,GPS
5/4/2023,7.652481662,GPS
5/5/2023,7.650250691,GPS
5/6/2023,7.65743573,GPS
5/7/2023,7.647724444,GPS
5/8/2023,7.641097147,GPS
5/9/2023,7.661208696,GPS
5/10/2023,7.643557777,GPS
5/11/2023,7.673544655,GPS
5/12/2023,7.657599772,GPS
5/13/2023,7.658419982,GPS
5/14/2023,7.65805909,GPS
5/15/2023,7.678301873,GPS
5/16/2023,7.662947542,GPS
5/17/2023,7.670755941,GPS
5/18/2023,7.66852497,GPS
5/19/2023,7.665539405,GPS
5/20/2023,7.647002659,GPS
5/21/2023,7.667409484,GPS
5/22/2023,7.6463793,GPS
5/23/2023,7.633485598,GPS
5/24/2023,7.662849116,GPS
5/25/2023,7.631648328,GPS
5/26/2023,7.645526281,GPS
5/27/2023,7.653728381,GPS
5/28/2023,7.643689011,GPS
5/29/2023,7.63775069,GPS
5/30/2023,7.658616833,GPS
5/31/2023,7.641129956,GPS
6/1/2023,7.645001347,GPS
6/2/2023,7.660224444,GPS
6/3/2023,7.657402922,GPS
6/4/2023,7.658026282,GPS
6/5/2023,7.647691636,GPS
6/6/2023,7.659437043,GPS
6/7/2023,7.648446229,GPS
6/8/2023,7.664850429,GPS
6/9/2023,7.65415489,GPS
6/10/2023,7.652448854,GPS
6/11/2023,7.669246754,GPS
6/12/2023,7.653400297,GPS
6/13/2023,7.645427856,GPS
6/14/2023,7.65251447,GPS
6/15/2023,7.66235699,GPS
6/16/2023,7.65376119,GPS
6/17/2023,7.653269064,GPS
6/18/2023,7.650906859,GPS
6/19/2023,7.663275626,GPS
6/20/2023,7.662422607,GPS
6/21/2023,7.685486912,GPS
6/22/2023,7.669377988,GPS
6/23/2023,7.656189011,GPS
6/24/2023,7.66071657,GPS
6/25/2023,7.683912109,GPS
6/26/2023,7.683780876,GPS
6/27/2023,7.648708696,GPS
6/28/2023,7.659404234,GPS
6/29/2023,7.654745442,GPS
6/30/2023,7.647658827,GPS
7/1/2023,7.684141768,GPS
7/2/2023,7.653269064,GPS
7/3/2023,7.661372738,GPS
7/4/2023,7.662553841,GPS
7/5/2023,7.656156203,GPS
7/6/2023,7.676989537,GPS
7/7/2023,7.664358303,GPS
7/8/2023,7.681779563,GPS
7/9/2023,7.65641867,GPS
7/10/2023,7.674561715,GPS
7/11/2023,7.668492161,GPS
7/12/2023,7.698282188,GPS
7/13/2023,7.662816308,GPS
7/14/2023,7.668590586,GPS
7/15/2023,7.660650954,GPS
7/16/2023,7.688505285,GPS
7/17/2023,7.670132581,GPS
7/18/2023,7.648314995,GPS
7/19/2023,7.663833368,GPS
7/20/2023,7.696773002,GPS
7/21/2023,7.665112896,GPS
7/22/2023,7.66934518,GPS
7/23/2023,7.669115521,GPS
7/24/2023,7.656976413,GPS
7/25/2023,7.656976413,GPS
7/26/2023,7.664555153,GPS
7/27/2023,7.669476413,GPS
7/28/2023,7.67219951,GPS
7/29/2023,7.670460665,GPS
7/30/2023,7.667967227,GPS
7/31/2023,7.656385862,GPS
8/1/2023,7.66954203,GPS
8/2/2023,7.686503973,GPS
8/3/2023,7.681877988,GPS
8/4/2023,7.684469852,GPS
8/5/2023,7.686536781,GPS
8/6/2023,7.676136518,GPS
8/7/2023,7.675414734,GPS
8/8/2023,7.653170638,GPS
8/9/2023,7.657009221,GPS
8/10/2023,7.665605022,GPS
8/11/2023,7.646608958,GPS
8/12/2023,7.637028906,GPS
8/13/2023,7.634994785,GPS
8/14/2023,7.654515783,GPS
8/15/2023,7.668426544,GPS
8/16/2023,7.655500035,GPS
8/17/2023,7.658091898,GPS
8/18/2023,7.655992161,GPS
8/19/2023,7.664981662,GPS
8/20/2023,7.675185075,GPS
8/21/2023,7.662619458,GPS
8/22/2023,7.668951479,GPS
8/23/2023,7.643524969,GPS
8/24/2023,7.628597147,GPS
8/25/2023,7.654515783,GPS
8/26/2023,7.671608959,GPS
8/27/2023,7.681123395,GPS
8/28/2023,7.65969951,GPS
8/29/2023,7.6545814,GPS
8/30/2023,7.654876675,GPS
8/31/2023,7.629778249,GPS
9/1/2023,7.622265126,GPS
9/2/2023,7.647133893,GPS
9/3/2023,7.646543342,GPS
9/4/2023,7.643328118,GPS
9/5/2023,7.622527593,GPS
9/6/2023,7.635683761,GPS
9/7/2023,7.661044654,GPS
9/8/2023,7.660093211,GPS
9/9/2023,7.664522345,GPS
9/10/2023,7.656254628,GPS
9/11/2023,7.663472476,GPS
9/12/2023,7.660421295,GPS
9/13/2023,7.649725756,GPS
9/14/2023,7.634732318,GPS
9/15/2023,7.640276937,GPS
9/16/2023,7.654417358,GPS
9/17/2023,7.646608958,GPS
9/18/2023,7.65477825,GPS
9/19/2023,7.643000034,GPS
9/20/2023,7.640933105,GPS
9/21/2023,7.651464602,GPS
9/22/2023,7.66032287,GPS
9/23/2023,7.641720507,GPS
9/24/2023,7.674233631,GPS
9/25/2023,7.663210009,GPS
9/26/2023,7.661307122,GPS
9/27/2023,7.6627835,GPS
9/28/2023,7.666556466,GPS
9/29/2023,7.647658827,GPS
9/30/2023,7.635191635,GPS
10/1/2023,7.645460664,GPS
10/2/2023,7.660060402,GPS
10/3/2023,7.651333368,GPS
10/4/2023,7.659207384,GPS
10/5/2023,7.673708697,GPS
10/6/2023,7.659666702,GPS
10/7/2023,7.669968539,GPS
10/8/2023,7.64575594,GPS
10/9/2023,7.638472475,GPS
10/10/2023,7.640736255,GPS
10/11/2023,7.655106334,GPS
10/12/2023,7.653531531,GPS
10/13/2023,7.678006597,GPS
10/14/2023,7.685585338,GPS
10/15/2023,7.69106434,GPS
10/16/2023,7.677252004,GPS
10/17/2023,7.678269064,GPS
10/18/2023,7.665900298,GPS
10/19/2023,7.67118245,GPS
10/20/2023,7.665703447,GPS
10/21/2023,7.662028906,GPS
10/22/2023,7.677448854,GPS
10/23/2023,7.641326806,GPS
10/24/2023,7.652186386,GPS
10/25/2023,7.661766439,GPS
10/26/2023,7.705795312,GPS
10/27/2023,7.68942392,GPS
10/28/2023,7.672954104,GPS
10/29/2023,7.691589275,GPS
10/30/2023,7.691753317,GPS
10/31/2023,7.690112897,GPS
11/1/2023,7.686700823,GPS
11/2/2023,7.700283501,GPS
11/3/2023,7.679548592,GPS
11/4/2023,7.696084026,GPS
11/5/2023,7.677711322,GPS
11/6/2023,7.680893736,GPS
11/7/2023,7.662717883,GPS
11/8/2023,7.690014472,GPS
11/9/2023,7.691129957,GPS
11/10/2023,7.685454104,GPS
11/11/2023,7.678597148,GPS
11/12/2023,7.693196886,GPS
11/13/2023,7.673314996,GPS
11/14/2023,7.674102398,GPS
11/15/2023,7.673347804,GPS
11/16/2023,7.667835993,GPS
11/17/2023,7.654811058,GPS
11/18/2023,7.663242817,GPS
11/19/2023,7.672363552,GPS
11/20/2023,7.682501348,GPS
11/21/2023,7.698085338,GPS
11/22/2023,7.680664078,GPS
11/23/2023,7.658846492,GPS
11/24/2023,7.668951479,GPS
11/25/2023,7.659765127,GPS
11/26/2023,7.659404234,GPS
11/27/2023,7.667934418,Leveling
11/27/2023,7.667934418,GPS
11/28/2023,7.657599772,GPS
11/29/2023,7.655106334,GPS
11/30/2023,7.633321556,GPS
12/1/2023,7.656156203,GPS
12/2/2023,7.64657615,GPS
12/3/2023,7.656976413,GPS
12/4/2023,7.65805909,GPS
12/5/2023,7.668853054,GPS
12/6/2023,7.654614208,GPS
12/7/2023,7.664948854,GPS
12/8/2023,7.663505284,GPS
12/9/2023,7.663570901,GPS
12/10/2023,7.656024969,GPS
12/11/2023,7.658354366,GPS
12/12/2023,7.657107646,GPS
12/13/2023,7.639916045,GPS
12/14/2023,7.662881925,GPS
12/15/2023,7.652284812,GPS
12/16/2023,7.646707384,GPS
12/17/2023,7.634273,GPS
12/18/2023,7.647265126,GPS
12/19/2023,7.632665388,GPS
12/20/2023,7.649791373,GPS
12/21/2023,7.676595836,GPS
12/22/2023,7.663374051,GPS
12/23/2023,7.639030218,GPS
12/24/2023,7.67055909,GPS
12/25/2023,7.659797935,GPS
12/26/2023,7.655335993,GPS
12/27/2023,7.677875364,GPS
12/28/2023,7.660388486,GPS
12/29/2023,7.639522344,GPS
12/30/2023,7.658944917,GPS
12/31/2023,7.664325494,GPS
1/1/2024,7.665014471,GPS
1/2/2024,7.679417358,GPS
1/3/2024,7.662717883,GPS
1/4/2024,7.655303184,GPS
1/5/2024,7.659535468,GPS
1/6/2024,7.660585337,GPS
1/7/2024,7.62915489,GPS
1/8/2024,7.650447541,GPS
1/9/2024,7.632665388,GPS
1/10/2024,7.630860926,GPS
1/11/2024,7.647954103,GPS
1/12/2024,7.662225757,GPS
1/13/2024,7.661897673,GPS
1/14/2024,7.648380612,GPS
1/15/2024,7.671149642,GPS
1/16/2024,7.649725756,GPS
1/17/2024,7.648938355,GPS
1/18/2024,7.647527594,GPS
1/19/2024,7.674168014,GPS
1/20/2024,7.624594522,GPS
1/21/2024,7.638013158,GPS
1/22/2024,7.633026281,GPS
1/23/2024,7.63775069,GPS
1/24/2024,7.64923363,GPS
1/25/2024,7.663734943,GPS
1/26/2024,7.669213946,GPS
1/27/2024,7.668656203,GPS
1/28/2024,7.674233631,GPS
1/29/2024,7.663734943,GPS
1/30/2024,7.656517095,GPS
1/31/2024,7.649463289,GPS
2/1/2024,7.594476411,GPS
2/2/2024,7.6303688,GPS
2/3/2024,7.631024968,GPS
2/4/2024,7.647691636,GPS
2/5/2024,7.625742816,GPS
2/6/2024,7.636766438,GPS
2/7/2024,7.62954859,GPS
2/8/2024,7.63981762,GPS
2/9/2024,7.648971163,GPS
2/10/2024,7.664161452,GPS
2/11/2024,7.663078775,GPS
2/12/2024,7.668787437,GPS
2/13/2024,7.661372738,GPS
2/14/2024,7.678531532,GPS
2/15/2024,7.652580087,GPS
2/16/2024,7.668984287,GPS
2/17/2024,7.669673264,GPS
2/18/2024,7.665112896,GPS
2/19/2024,7.663538093,GPS
2/20/2024,7.638538092,GPS
2/21/2024,7.634141766,GPS
2/22/2024,7.654253316,GPS
2/23/2024,7.65786224,GPS
2/24/2024,7.656484287,GPS
2/25/2024,7.640309746,GPS
2/26/2024,7.659666702,GPS
2/27/2024,7.623511845,GPS
2/28/2024,7.644476412,GPS
2/29/2024,7.651628644,GPS
3/1/2024,7.642114208,GPS
3/2/2024,7.626398984,GPS
3/3/2024,7.646116832,GPS
3/4/2024,7.642835992,GPS
3/5/2024,7.639489536,GPS
3/6/2024,7.642442292,GPS
3/7/2024,7.626792685,GPS
3/8/2024,7.640080087,GPS
3/9/2024,7.661011846,GPS
3/10/2024,7.649397672,GPS
3/11/2024,7.656648329,GPS
3/12/2024,7.637258564,GPS
3/13/2024,7.635585336,GPS
3/14/2024,7.660618145,GPS
3/15/2024,7.653564339,GPS
3/16/2024,7.64493573,GPS
3/17/2024,7.643000034,GPS
3/18/2024,7.676038093,GPS
3/19/2024,7.655106334,GPS
3/20/2024,7.659961977,GPS
3/21/2024,7.665605022,GPS
3/22/2024,7.666950166,GPS
3/23/2024,7.652416045,GPS
3/24/2024,7.632173262,GPS
3/25/2024,7.624364863,GPS
3/26/2024,7.647330743,GPS
3/27/2024,7.654187699,GPS
3/28/2024,7.657927856,GPS
3/29/2024,7.631254627,GPS
3/30/2024,7.640605021,GPS
3/31/2024,7.617147015,GPS
4/1/2024,7.635126018,GPS
4/2/2024,7.66032287,GPS
4/3/2024,7.65723888,GPS
4/4/2024,7.633813682,GPS
4/5/2024,7.62525069,GPS
4/6/2024,7.636438354,GPS
4/7/2024,7.654220507,GPS
4/8/2024,7.642803184,GPS
4/9/2024,7.645296622,GPS
4/10/2024,7.660027594,GPS
4/11/2024,7.637914732,GPS
4/12/2024,7.605500033,GPS
4/13/2024,7.629778249,GPS
4/14/2024,7.651103709,GPS
4/15/2024,7.667442292,GPS
4/16/2024,7.656189011,GPS
4/17/2024,7.664522345,GPS
4/18/2024,7.657534156,GPS
4/19/2024,7.63591342,GPS
4/20/2024,7.645657515,GPS
4/21/2024,7.675972476,GPS
4/22/2024,7.642048591,GPS
4/23/2024,7.6299751,GPS
4/24/2024,7.639883236,GPS
4/25/2024,7.649135205,GPS
4/26/2024,7.622691635,GPS
4/27/2024,7.638045966,GPS
4/28/2024,7.665309746,GPS
4/29/2024,7.653662764,GPS
4/30/2024,7.661897673,GPS
5/1/2024,7.665473788,GPS
5/2/2024,7.650775625,GPS
5/3/2024,7.646674575,GPS
5/4/2024,7.643623394,GPS
5/5/2024,7.683879301,GPS
5/6/2024,7.66688455,GPS
5/7/2024,7.659338618,GPS
5/8/2024,7.642081399,GPS
5/9/2024,7.665801872,GPS
5/10/2024,7.656287436,GPS
5/11/2024,7.646346491,GPS
5/12/2024,7.646937042,GPS
5/13/2024,7.658715258,GPS
5/14/2024,7.667835993,GPS
5/15/2024,7.66360371,GPS
5/16/2024,7.673150954,GPS
5/17/2024,7.664161452,GPS
5/18/2024,7.681189012,GPS
5/19/2024,7.655335993,GPS
5/20/2024,7.682009222,GPS
5/21/2024,7.681779563,GPS
5/22/2024,7.671084025,GPS
5/23/2024,7.67774413,GPS
5/24/2024,7.684601086,GPS
5/25/2024,7.666556466,GPS
5/26/2024,7.670231006,GPS
5/27/2024,7.684732319,GPS
5/28/2024,7.676202135,GPS
5/29/2024,7.676267752,GPS
5/30/2024,7.688144393,GPS
5/31/2024,7.684273002,GPS
6/1/2024,7.658157515,GPS
6/2/2024,7.679023658,GPS
6/3/2024,7.67938455,GPS
6/4/2024,7.664063027,GPS
6/5/2024,7.670493474,GPS
6/6/2024,7.67856434,GPS
6/7/2024,7.687028907,GPS
6/8/2024,7.651727069,GPS
6/9/2024,7.660552528,GPS
6/10/2024,7.689128645,GPS
6/11/2024,7.675611584,GPS
6/12/2024,7.67016539,GPS
6/13/2024,7.695854367,GPS
6/14/2024,7.706812372,GPS
6/15/2024,7.688702136,GPS
6/16/2024,7.680696886,GPS
6/17/2024,7.651103709,GPS
6/18/2024,7.681418671,GPS
6/19/2024,7.680335994,GPS
6/20/2024,7.697658829,GPS
6/21/2024,7.697461978,GPS
6/22/2024,7.689489537,GPS
6/23/2024,7.692639144,GPS
6/24/2024,7.699496099,GPS
6/25/2024,7.687455416,GPS
6/26/2024,7.673741505,GPS
6/27/2024,7.700316309,GPS
6/28/2024,7.688177201,GPS
6/29/2024,7.696084026,GPS
6/30/2024,7.69188455,GPS
7/1/2024,7.693295312,GPS
7/2/2024,7.678859616,GPS
7/3/2024,7.684961978,GPS
7/4/2024,7.700644393,GPS
7/5/2024,7.700841244,GPS
7/6/2024,7.679614209,GPS
7/7/2024,7.658485599,GPS
7/8/2024,7.646051216,GPS
7/9/2024,7.668328119,GPS
7/10/2024,7.691359616,GPS
7/11/2024,7.677481663,GPS
7/12/2024,7.678793999,GPS
7/13/2024,7.681320246,GPS
7/14/2024,7.680040718,GPS
7/15/2024,7.677973789,GPS
7/16/2024,7.683584025,GPS
7/17/2024,7.672166702,GPS
7/18/2024,7.697560404,GPS
7/19/2024,7.668853054,GPS
7/20/2024,7.681943605,GPS
