Date,Critical head + 50 feet,Critical head,base,Critical head + 20 feet,2015 water level scenario,Historical low scenario,Date_S,Measured Subsidence,Source
01/01/1901,0,0,0,0,0,0,12/01/1930,0.3,Leveling
02/01/1901,0.000548476,0.000548476,0.000548476,0.000548476,0.000548476,0.000548476,02/20/1943,1.175,Leveling
03/01/1901,-0.001803463,-0.001803463,-0.001803463,-0.001803463,-0.001803463,-0.001803463,06/15/1947,1.632,Leveling
04/01/1901,-0.003019487,-0.003019487,-0.003019487,-0.003019487,-0.003019487,-0.003019487,03/01/1948,1.723,Leveling
05/01/1901,-0.001812165,-0.001812165,-0.001812165,-0.001812165,-0.001812165,-0.001812165,02/01/1954,2.229,Leveling
06/01/1901,-0.000446879,-0.000446879,-0.000446879,-0.000446879,-0.000446879,-0.000446879,04/01/1957,2.34,Leveling
07/01/1901,0.00164392,0.00164392,0.00164392,0.00164392,0.00164392,0.00164392,02/15/1959,2.275,Leveling
08/01/1901,0.000798324,0.000798324,0.000798324,0.000798324,0.000798324,0.000798324,02/15/1962,2.517,Leveling
09/01/1901,0.003300057,0.003300057,0.003300057,0.003300057,0.003300057,0.003300057,04/01/1972,2.635766408,Leveling
10/01/1901,0.003297712,0.003297712,0.003297712,0.003297712,0.003297712,0.003297712,06/30/1994,4.011486118,Leveling
11/01/1901,0.005596095,0.005596095,0.005596095,0.005596095,0.005596095,0.005596095,03/28/2004,4.329727598,Leveling
12/01/1901,0.008211735,0.008211735,0.008211735,0.008211735,0.008211735,0.008211735,07/01/2004,4.341217583,InSAR
01/01/1902,0.013562821,0.013562821,0.013562821,0.013562821,0.013562821,0.013562821,08/01/2004,4.355653279,InSAR
02/01/1902,0.014979768,0.014979768,0.014979768,0.014979768,0.014979768,0.014979768,09/01/2004,4.363855379,InSAR
03/01/1902,0.016699237,0.016699237,0.016699237,0.016699237,0.016699237,0.016699237,10/01/2004,4.357949867,InSAR
04/01/1902,0.016549763,0.016549763,0.016549763,0.016549763,0.016549763,0.016549763,11/01/2004,4.351388187,InSAR
05/01/1902,0.016318282,0.016318282,0.016318282,0.016318282,0.016318282,0.016318282,12/01/2004,4.346795011,InSAR
06/01/1902,0.024567475,0.024567475,0.024567475,0.024567475,0.024567475,0.024567475,01/01/2005,4.343842255,InSAR
07/01/1902,0.021977495,0.021977495,0.021977495,0.021977495,0.021977495,0.021977495,02/01/2005,4.341545667,InSAR
08/01/1902,0.018210196,0.018210196,0.018210196,0.018210196,0.018210196,0.018210196,03/01/2005,4.347779263,InSAR
09/01/1902,0.017840996,0.017840996,0.017840996,0.017840996,0.017840996,0.017840996,04/01/2005,4.351716271,InSAR
10/01/1902,0.015972374,0.015972374,0.015972374,0.015972374,0.015972374,0.015972374,01/01/2006,4.366808135,InSAR
11/01/1902,0.018364194,0.018364194,0.018364194,0.018364194,0.018364194,0.018364194,02/01/2006,4.357293699,InSAR
12/01/1902,0.016206523,0.016206523,0.016206523,0.016206523,0.016206523,0.016206523,03/01/2006,4.363855379,InSAR
01/01/1903,0.017096179,0.017096179,0.017096179,0.017096179,0.017096179,0.017096179,04/01/2006,4.365495799,InSAR
02/01/1903,0.019251905,0.019251905,0.019251905,0.019251905,0.019251905,0.019251905,05/01/2006,4.365823883,InSAR
03/01/1903,0.016490229,0.016490229,0.016490229,0.016490229,0.016490229,0.016490229,06/01/2006,4.371729395,InSAR
04/01/1903,0.013200668,0.013200668,0.013200668,0.013200668,0.013200668,0.013200668,02/01/2007,4.387149343,InSAR
05/01/1903,0.017813889,0.017813889,0.017813889,0.017813889,0.017813889,0.017813889,03/01/2007,4.381899999,InSAR
06/01/1903,0.021307125,0.021307125,0.021307125,0.021307125,0.021307125,0.021307125,08/01/2007,4.422582415,InSAR
07/01/1903,0.026254685,0.026254685,0.026254685,0.026254685,0.026254685,0.026254685,09/01/2007,4.430128347,InSAR
08/01/1903,0.035352208,0.035352208,0.035352208,0.035352208,0.035352208,0.035352208,02/01/2008,4.408802887,InSAR
09/01/1903,0.038356316,0.038356316,0.038356316,0.038356316,0.038356316,0.038356316,03/01/2008,4.406178215,InSAR
10/01/1903,0.035099022,0.035099022,0.035099022,0.035099022,0.035099022,0.035099022,05/01/2009,4.443907875,InSAR
11/01/1903,0.040788902,0.040788902,0.040788902,0.040788902,0.040788902,0.040788902,06/01/2009,4.452109975,InSAR
12/01/1903,0.046209583,0.046209583,0.046209583,0.046209583,0.046209583,0.046209583,07/01/2009,4.456703151,InSAR
01/01/1904,0.046774368,0.046774368,0.046774368,0.046774368,0.046774368,0.046774368,08/01/2009,4.465889503,InSAR
02/01/1904,0.047160557,0.047160557,0.047160557,0.047160557,0.047160557,0.047160557,09/01/2009,4.475732023,InSAR
03/01/1904,0.045514226,0.045514226,0.045514226,0.045514226,0.045514226,0.045514226,10/01/2009,4.476716275,InSAR
04/01/1904,0.043970593,0.043970593,0.043970593,0.043970593,0.043970593,0.043970593,11/01/2009,4.464577167,InSAR
05/01/1904,0.044756288,0.044756288,0.044756288,0.044756288,0.044756288,0.044756288,12/01/2009,4.456703151,InSAR
06/01/1904,0.051236307,0.051236307,0.051236307,0.051236307,0.051236307,0.051236307,01/01/2010,4.468842259,InSAR
07/01/1904,0.050954591,0.050954591,0.050954591,0.050954591,0.050954591,0.050954591,02/01/2010,4.458999739,InSAR
08/01/1904,0.04779342,0.04779342,0.04779342,0.04779342,0.04779342,0.04779342,03/01/2010,4.454734647,InSAR
09/01/1904,0.047517248,0.047517248,0.047517248,0.047517248,0.047517248,0.047517248,04/01/2010,4.459327823,InSAR
10/01/1904,0.047836644,0.047836644,0.047836644,0.047836644,0.047836644,0.047836644,05/01/2010,4.463920999,InSAR
11/01/1904,0.04827621,0.04827621,0.04827621,0.04827621,0.04827621,0.04827621,06/01/2010,4.463264831,InSAR
12/01/1904,0.049652111,0.049652111,0.049652111,0.049652111,0.049652111,0.049652111,02/12/2015,4.748089378,InSAR
01/01/1905,0.052504918,0.052504918,0.052504918,0.052504918,0.052504918,0.052504918,02/18/2015,4.75399489,InSAR
02/01/1905,0.052988529,0.052988529,0.052988529,0.052988529,0.052988529,0.052988529,02/23/2015,4.75891615,InSAR
03/01/1905,0.059327289,0.059327289,0.059327289,0.059327289,0.059327289,0.059327289,03/01/2015,4.764821662,InSAR
04/01/1905,0.062916149,0.062916149,0.062916149,0.062916149,0.062916149,0.062916149,03/07/2015,4.770727174,InSAR
05/01/1905,0.069972331,0.069972331,0.069972331,0.069972331,0.069972331,0.069972331,03/13/2015,4.773023762,InSAR
06/01/1905,0.073453411,0.073453411,0.073453411,0.073453411,0.073453411,0.073453411,03/20/2015,4.774992266,InSAR
07/01/1905,0.071124229,0.071124229,0.071124229,0.071124229,0.071124229,0.071124229,03/26/2015,4.776632686,InSAR
08/01/1905,0.068983074,0.068983074,0.068983074,0.068983074,0.068983074,0.068983074,04/01/2015,4.77860119,InSAR
09/01/1905,0.065888801,0.065888801,0.065888801,0.065888801,0.065888801,0.065888801,04/07/2015,4.782866282,InSAR
10/01/1905,0.064423504,0.064423504,0.064423504,0.064423504,0.064423504,0.064423504,04/13/2015,4.787131374,InSAR
11/01/1905,0.07002182,0.07002182,0.07002182,0.07002182,0.07002182,0.07002182,04/19/2015,4.79172455,InSAR
12/01/1905,0.076775166,0.076775166,0.076775166,0.076775166,0.076775166,0.076775166,04/25/2015,4.795989642,InSAR
01/01/1906,0.077282226,0.077282226,0.077282226,0.077282226,0.077282226,0.077282226,05/01/2015,4.807800666,InSAR
02/01/1906,0.08220364,0.08220364,0.08220364,0.08220364,0.08220364,0.08220364,05/07/2015,4.819283606,InSAR
03/01/1906,0.085536165,0.085536165,0.085536165,0.085536165,0.085536165,0.085536165,05/13/2015,4.83109463,InSAR
04/01/1906,0.086710522,0.086710522,0.086710522,0.086710522,0.086710522,0.086710522,05/20/2015,4.843561822,InSAR
05/01/1906,0.089143135,0.089143135,0.089143135,0.089143135,0.089143135,0.089143135,05/26/2015,4.849467334,InSAR
06/01/1906,0.090680272,0.090680272,0.090680272,0.090680272,0.090680272,0.090680272,06/01/2015,4.85570093,InSAR
07/01/1906,0.089382677,0.089382677,0.089382677,0.089382677,0.089382677,0.089382677,06/07/2015,4.861606442,InSAR
08/01/1906,0.087016395,0.087016395,0.087016395,0.087016395,0.087016395,0.087016395,06/13/2015,4.866855786,InSAR
09/01/1906,0.097783991,0.097783991,0.097783991,0.097783991,0.097783991,0.097783991,06/19/2015,4.87046471,InSAR
10/01/1906,0.100611243,0.100611243,0.100611243,0.100611243,0.100611243,0.100611243,06/25/2015,4.871120878,InSAR
11/01/1906,0.107884185,0.107884185,0.107884185,0.107884185,0.107884185,0.107884185,07/01/2015,4.868168122,InSAR
12/01/1906,0.113249504,0.113249504,0.113249504,0.113249504,0.113249504,0.113249504,07/07/2015,4.865215366,InSAR
01/01/1907,0.117962923,0.117962923,0.117962923,0.117962923,0.117962923,0.117962923,07/13/2015,4.864231114,InSAR
02/01/1907,0.12678233,0.12678233,0.12678233,0.12678233,0.12678233,0.12678233,07/20/2015,4.865871534,InSAR
03/01/1907,0.136548221,0.136548221,0.136548221,0.136548221,0.136548221,0.136548221,07/26/2015,4.871448962,InSAR
04/01/1907,0.149162008,0.149162008,0.149162008,0.149162008,0.149162008,0.149162008,08/01/2015,4.876370222,InSAR
05/01/1907,0.152673613,0.152673613,0.152673613,0.152673613,0.152673613,0.152673613,08/07/2015,4.87538597,InSAR
06/01/1907,0.155810077,0.155810077,0.155810077,0.155810077,0.155810077,0.155810077,08/13/2015,4.876698306,InSAR
07/01/1907,0.153484688,0.153484688,0.153484688,0.153484688,0.153484688,0.153484688,08/20/2015,4.877354474,InSAR
08/01/1907,0.15705804,0.15705804,0.15705804,0.15705804,0.15705804,0.15705804,08/26/2015,4.87866681,InSAR
09/01/1907,0.160578769,0.160578769,0.160578769,0.160578769,0.160578769,0.160578769,09/01/2015,4.883259986,InSAR
10/01/1907,0.170196338,0.170196338,0.170196338,0.170196338,0.170196338,0.170196338,09/07/2015,4.886212742,InSAR
11/01/1907,0.176587588,0.176587588,0.176587588,0.176587588,0.176587588,0.176587588,09/13/2015,4.889165498,InSAR
12/01/1907,0.185116599,0.185116599,0.185116599,0.185116599,0.185116599,0.185116599,09/19/2015,4.889821666,InSAR
01/01/1908,0.193314309,0.193314309,0.193314309,0.193314309,0.193314309,0.193314309,09/25/2015,4.890805918,InSAR
02/01/1908,0.200370537,0.200370537,0.200370537,0.200370537,0.200370537,0.200370537,10/01/2015,4.889165498,InSAR
03/01/1908,0.211174392,0.211174392,0.211174392,0.211174392,0.211174392,0.211174392,10/07/2015,4.888837414,InSAR
04/01/1908,0.212141877,0.212141877,0.212141877,0.212141877,0.212141877,0.212141877,10/13/2015,4.888181246,InSAR
05/01/1908,0.215001352,0.215001352,0.215001352,0.215001352,0.215001352,0.215001352,10/20/2015,4.884900406,InSAR
06/01/1908,0.21971979,0.21971979,0.21971979,0.21971979,0.21971979,0.21971979,10/26/2015,4.88522849,InSAR
07/01/1908,0.226354299,0.226354299,0.226354299,0.226354299,0.226354299,0.226354299,11/01/2015,4.884244238,InSAR
08/01/1908,0.235123209,0.235123209,0.235123209,0.235123209,0.235123209,0.235123209,11/07/2015,4.884572322,InSAR
09/01/1908,0.24657302,0.24657302,0.24657302,0.24657302,0.24657302,0.24657302,11/13/2015,4.88522849,InSAR
10/01/1908,0.255231789,0.255231789,0.255231789,0.255231789,0.255231789,0.255231789,11/19/2015,4.89014975,InSAR
11/01/1908,0.262996262,0.262996262,0.262996262,0.262996262,0.262996262,0.262996262,11/25/2015,4.896055262,InSAR
12/01/1908,0.269085254,0.269085254,0.269085254,0.269085254,0.269085254,0.269085254,12/01/2015,4.897039514,InSAR
01/01/1909,0.279430378,0.279430378,0.279430378,0.279430378,0.279430378,0.279430378,12/07/2015,4.897039514,InSAR
02/01/1909,0.287640092,0.287640092,0.287640092,0.287640092,0.287640092,0.287640092,12/13/2015,4.894742926,InSAR
03/01/1909,0.296335687,0.296335687,0.296335687,0.296335687,0.296335687,0.296335687,12/20/2015,4.89343059,InSAR
04/01/1909,0.310661681,0.310661681,0.310661681,0.310661681,0.310661681,0.310661681,12/26/2015,4.89343059,InSAR
05/01/1909,0.319210273,0.319210273,0.319210273,0.319210273,0.319210273,0.319210273,01/01/2016,4.899664186,InSAR
06/01/1909,0.324734227,0.324734227,0.324734227,0.324734227,0.324734227,0.324734227,01/07/2016,4.904585446,InSAR
07/01/1909,0.329495416,0.329495416,0.329495416,0.329495416,0.329495416,0.329495416,01/13/2016,4.912131378,InSAR
08/01/1909,0.336699686,0.336699686,0.336699686,0.336699686,0.336699686,0.336699686,01/20/2016,4.909178622,InSAR
09/01/1909,0.340569621,0.340569621,0.340569621,0.340569621,0.340569621,0.340569621,01/26/2016,4.909178622,InSAR
10/01/1909,0.346574948,0.346574948,0.346574948,0.346574948,0.346574948,0.346574948,02/01/2016,4.917052638,InSAR
11/01/1909,0.351455282,0.351455282,0.351455282,0.351455282,0.351455282,0.351455282,02/07/2016,4.923286234,InSAR
12/01/1909,0.356294098,0.356294098,0.356294098,0.356294098,0.356294098,0.356294098,02/13/2016,4.924270486,InSAR
01/01/1910,0.366525432,0.366525432,0.366525432,0.366525432,0.366525432,0.366525432,02/18/2016,4.925254738,InSAR
02/01/1910,0.38085414,0.38085414,0.38085414,0.38085414,0.38085414,0.38085414,02/24/2016,4.923942402,InSAR
03/01/1910,0.388655098,0.388655098,0.388655098,0.388655098,0.388655098,0.388655098,03/01/2016,4.916724554,InSAR
04/01/1910,0.396230984,0.396230984,0.396230984,0.396230984,0.396230984,0.396230984,03/07/2016,4.917052638,InSAR
05/01/1910,0.401859139,0.401859139,0.401859139,0.401859139,0.401859139,0.401859139,03/13/2016,4.921973898,InSAR
06/01/1910,0.406835929,0.406835929,0.406835929,0.406835929,0.406835929,0.406835929,03/20/2016,4.923286234,InSAR
07/01/1910,0.410889649,0.410889649,0.410889649,0.410889649,0.410889649,0.410889649,03/26/2016,4.925582822,InSAR
08/01/1910,0.418822556,0.418822556,0.418822556,0.418822556,0.418822556,0.418822556,04/01/2016,4.925254738,InSAR
09/01/1910,0.425062193,0.425062193,0.425062193,0.425062193,0.425062193,0.425062193,04/07/2016,4.92459857,InSAR
10/01/1910,0.437722945,0.437722945,0.437722945,0.437722945,0.437722945,0.437722945,04/13/2016,4.922630066,InSAR
11/01/1910,0.44322319,0.44322319,0.44322319,0.44322319,0.44322319,0.44322319,04/19/2016,4.92295815,InSAR
12/01/1910,0.45134943,0.45134943,0.45134943,0.45134943,0.45134943,0.45134943,04/25/2016,4.925254738,InSAR
01/01/1911,0.458056722,0.458056722,0.458056722,0.458056722,0.458056722,0.458056722,05/01/2016,4.927551326,InSAR
02/01/1911,0.460530495,0.460530495,0.460530495,0.460530495,0.460530495,0.460530495,05/07/2016,4.92951983,InSAR
03/01/1911,0.46447987,0.46447987,0.46447987,0.46447987,0.46447987,0.46447987,05/13/2016,4.931816418,InSAR
04/01/1911,0.471845365,0.471845365,0.471845365,0.471845365,0.471845365,0.471845365,05/20/2016,4.937393846,InSAR
05/01/1911,0.476827652,0.476827652,0.476827652,0.476827652,0.476827652,0.476827652,05/26/2016,4.94264319,InSAR
06/01/1911,0.478390318,0.478390318,0.478390318,0.478390318,0.478390318,0.478390318,06/01/2016,4.945267862,InSAR
07/01/1911,0.47725221,0.47725221,0.47725221,0.47725221,0.47725221,0.47725221,06/07/2016,4.948876786,InSAR
08/01/1911,0.481642756,0.481642756,0.481642756,0.481642756,0.481642756,0.481642756,06/13/2016,4.950189122,InSAR
09/01/1911,0.482846667,0.482846667,0.482846667,0.482846667,0.482846667,0.482846667,06/19/2016,4.950189122,InSAR
10/01/1911,0.48631565,0.48631565,0.48631565,0.48631565,0.48631565,0.48631565,06/25/2016,4.949532954,InSAR
11/01/1911,0.48652239,0.48652239,0.48652239,0.48652239,0.48652239,0.48652239,07/01/2016,4.951173374,InSAR
12/01/1911,0.490369586,0.490369586,0.490369586,0.490369586,0.490369586,0.490369586,07/07/2016,4.953469962,InSAR
01/01/1912,0.496561996,0.496561996,0.496561996,0.496561996,0.496561996,0.496561996,07/13/2016,4.954782298,InSAR
02/01/1912,0.499145301,0.499145301,0.499145301,0.499145301,0.499145301,0.499145301,07/20/2016,4.954454214,InSAR
03/01/1912,0.502841377,0.502841377,0.502841377,0.502841377,0.502841377,0.502841377,07/26/2016,4.954782298,InSAR
04/01/1912,0.507659898,0.507659898,0.507659898,0.507659898,0.507659898,0.507659898,08/01/2016,4.954782298,InSAR
05/01/1912,0.513121281,0.513121281,0.513121281,0.513121281,0.513121281,0.513121281,08/07/2016,4.955438466,InSAR
06/01/1912,0.52030682,0.52030682,0.52030682,0.52030682,0.52030682,0.52030682,08/13/2016,4.95412613,InSAR
07/01/1912,0.526850181,0.526850181,0.526850181,0.526850181,0.526850181,0.526850181,08/20/2016,4.958391222,InSAR
08/01/1912,0.532394217,0.532394217,0.532394217,0.532394217,0.532394217,0.532394217,08/26/2016,4.95740697,InSAR
09/01/1912,0.540446106,0.540446106,0.540446106,0.540446106,0.540446106,0.540446106,09/01/2016,4.958719306,InSAR
10/01/1912,0.544670809,0.544670809,0.544670809,0.544670809,0.544670809,0.544670809,09/07/2016,4.95576655,InSAR
11/01/1912,0.551814448,0.551814448,0.551814448,0.551814448,0.551814448,0.551814448,09/13/2016,4.953141878,InSAR
12/01/1912,0.558101147,0.558101147,0.558101147,0.558101147,0.558101147,0.558101147,09/19/2016,4.949532954,InSAR
01/01/1913,0.56568872,0.56568872,0.56568872,0.56568872,0.56568872,0.56568872,09/25/2016,4.947892534,InSAR
02/01/1913,0.573303606,0.573303606,0.573303606,0.573303606,0.573303606,0.573303606,10/01/2016,4.944611694,InSAR
03/01/1913,0.574979233,0.574979233,0.574979233,0.574979233,0.574979233,0.574979233,10/07/2016,4.94100277,InSAR
04/01/1913,0.575681908,0.575681908,0.575681908,0.575681908,0.575681908,0.575681908,10/13/2016,4.94100277,InSAR
05/01/1913,0.579958924,0.579958924,0.579958924,0.579958924,0.579958924,0.579958924,10/20/2016,4.940674686,InSAR
06/01/1913,0.583142889,0.583142889,0.583142889,0.583142889,0.583142889,0.583142889,10/26/2016,4.943955526,InSAR
07/01/1913,0.5859786,0.5859786,0.5859786,0.5859786,0.5859786,0.5859786,11/01/2016,4.948220618,InSAR
08/01/1913,0.594472317,0.594472317,0.594472317,0.594472317,0.594472317,0.594472317,11/07/2016,4.953141878,InSAR
09/01/1913,0.597070077,0.597070077,0.597070077,0.597070077,0.597070077,0.597070077,11/13/2016,4.952813794,InSAR
10/01/1913,0.594775133,0.594775133,0.594775133,0.594775133,0.594775133,0.594775133,11/19/2016,4.949861038,InSAR
11/01/1913,0.598863369,0.598863369,0.598863369,0.598863369,0.598863369,0.598863369,11/25/2016,4.948220618,InSAR
12/01/1913,0.600238202,0.600238202,0.600238202,0.600238202,0.600238202,0.600238202,12/01/2016,4.948220618,InSAR
01/01/1914,0.608325328,0.608325328,0.608325328,0.608325328,0.608325328,0.608325328,12/07/2016,4.946908282,InSAR
02/01/1914,0.620626892,0.620626892,0.620626892,0.620626892,0.620626892,0.620626892,12/13/2016,4.946252114,InSAR
03/01/1914,0.625918551,0.625918551,0.625918551,0.625918551,0.625918551,0.625918551,12/20/2016,4.945267862,InSAR
04/01/1914,0.625794251,0.625794251,0.625794251,0.625794251,0.625794251,0.625794251,12/26/2016,4.943299358,InSAR
05/01/1914,0.628070306,0.628070306,0.628070306,0.628070306,0.628070306,0.628070306,01/01/2017,4.94428361,InSAR
06/01/1914,0.63713386,0.63713386,0.63713386,0.63713386,0.63713386,0.63713386,01/07/2017,4.946580198,InSAR
07/01/1914,0.644981869,0.644981869,0.644981869,0.644981869,0.644981869,0.644981869,01/13/2017,4.946908282,InSAR
08/01/1914,0.651651578,0.651651578,0.651651578,0.651651578,0.651651578,0.651651578,01/20/2017,4.949532954,InSAR
09/01/1914,0.660828362,0.660828362,0.660828362,0.660828362,0.660828362,0.660828362,01/26/2017,4.95084529,InSAR
10/01/1914,0.669285672,0.669285672,0.669285672,0.669285672,0.669285672,0.669285672,02/01/2017,4.961343978,InSAR
11/01/1914,0.672512649,0.672512649,0.672512649,0.672512649,0.672512649,0.672512649,02/07/2017,4.959375474,InSAR
12/01/1914,0.675248702,0.675248702,0.675248702,0.675248702,0.675248702,0.675248702,02/12/2017,4.961343978,InSAR
01/01/1915,0.676936551,0.676936551,0.676936551,0.676936551,0.676936551,0.676936551,02/18/2017,4.959375474,InSAR
02/01/1915,0.680212131,0.680212131,0.680212131,0.680212131,0.680212131,0.680212131,02/23/2017,4.958719306,InSAR
03/01/1915,0.681360981,0.681360981,0.681360981,0.681360981,0.681360981,0.681360981,03/01/2017,4.960359726,InSAR
04/01/1915,0.685985,0.685985,0.685985,0.685985,0.685985,0.685985,03/07/2017,4.956094634,InSAR
05/01/1915,0.682923993,0.682923993,0.682923993,0.682923993,0.682923993,0.682923993,03/13/2017,4.960031642,InSAR
06/01/1915,0.688243832,0.688243832,0.688243832,0.688243832,0.688243832,0.688243832,03/20/2017,4.963312482,InSAR
07/01/1915,0.692312381,0.692312381,0.692312381,0.692312381,0.692312381,0.692312381,03/26/2017,4.962656314,InSAR
08/01/1915,0.694414975,0.694414975,0.694414975,0.694414975,0.694414975,0.694414975,04/01/2017,4.960359726,InSAR
09/01/1915,0.696199666,0.696199666,0.696199666,0.696199666,0.696199666,0.696199666,04/07/2017,4.963640566,InSAR
10/01/1915,0.697052811,0.697052811,0.697052811,0.697052811,0.697052811,0.697052811,04/13/2017,4.969217994,InSAR
11/01/1915,0.698904191,0.698904191,0.698904191,0.698904191,0.698904191,0.698904191,04/19/2017,4.972826918,InSAR
12/01/1915,0.699425692,0.699425692,0.699425692,0.699425692,0.699425692,0.699425692,04/25/2017,4.97381117,InSAR
01/01/1916,0.704011042,0.704011042,0.704011042,0.704011042,0.704011042,0.704011042,05/01/2017,4.97545159,InSAR
02/01/1916,0.710307395,0.710307395,0.710307395,0.710307395,0.710307395,0.710307395,05/07/2017,4.975779674,InSAR
03/01/1916,0.714443022,0.714443022,0.714443022,0.714443022,0.714443022,0.714443022,05/13/2017,4.97545159,InSAR
04/01/1916,0.718031115,0.718031115,0.718031115,0.718031115,0.718031115,0.718031115,05/20/2017,4.97381117,InSAR
05/01/1916,0.720510054,0.720510054,0.720510054,0.720510054,0.720510054,0.720510054,05/26/2017,4.971842666,InSAR
06/01/1916,0.725326826,0.725326826,0.725326826,0.725326826,0.725326826,0.725326826,06/01/2017,4.962984398,InSAR
07/01/1916,0.726648605,0.726648605,0.726648605,0.726648605,0.726648605,0.726648605,06/07/2017,4.956422718,InSAR
08/01/1916,0.734244836,0.734244836,0.734244836,0.734244836,0.734244836,0.734244836,06/13/2017,4.956094634,InSAR
09/01/1916,0.732532491,0.732532491,0.732532491,0.732532491,0.732532491,0.732532491,06/19/2017,4.957735054,InSAR
10/01/1916,0.737797346,0.737797346,0.737797346,0.737797346,0.737797346,0.737797346,06/25/2017,4.960031642,InSAR
11/01/1916,0.743153183,0.743153183,0.743153183,0.743153183,0.743153183,0.743153183,07/01/2017,4.962656314,InSAR
12/01/1916,0.745183423,0.745183423,0.745183423,0.745183423,0.745183423,0.745183423,07/07/2017,4.963312482,InSAR
01/01/1917,0.746999421,0.746999421,0.746999421,0.746999421,0.746999421,0.746999421,07/13/2017,4.96560907,InSAR
02/01/1917,0.747692646,0.747692646,0.747692646,0.747692646,0.747692646,0.747692646,07/20/2017,4.96724949,InSAR
03/01/1917,0.746659913,0.746659913,0.746659913,0.746659913,0.746659913,0.746659913,07/26/2017,4.967577574,InSAR
04/01/1917,0.750235904,0.750235904,0.750235904,0.750235904,0.750235904,0.750235904,08/01/2017,4.969546078,InSAR
05/01/1917,0.752479513,0.752479513,0.752479513,0.752479513,0.752479513,0.752479513,08/07/2017,4.971186498,InSAR
06/01/1917,0.75448532,0.75448532,0.75448532,0.75448532,0.75448532,0.75448532,08/13/2017,4.972498834,InSAR
07/01/1917,0.755777515,0.755777515,0.755777515,0.755777515,0.755777515,0.755777515,08/20/2017,4.972498834,InSAR
08/01/1917,0.758690836,0.758690836,0.758690836,0.758690836,0.758690836,0.758690836,08/26/2017,4.96724949,InSAR
09/01/1917,0.756771784,0.756771784,0.756771784,0.756771784,0.756771784,0.756771784,09/01/2017,4.96232823,InSAR
10/01/1917,0.758850519,0.758850519,0.758850519,0.758850519,0.758850519,0.758850519,09/07/2017,4.959703558,InSAR
11/01/1917,0.759256007,0.759256007,0.759256007,0.759256007,0.759256007,0.759256007,09/13/2017,4.955110382,InSAR
12/01/1917,0.760872477,0.760872477,0.760872477,0.760872477,0.760872477,0.760872477,09/19/2017,4.948876786,InSAR
01/01/1918,0.757294694,0.757294694,0.757294694,0.757294694,0.757294694,0.757294694,09/25/2017,4.947236366,InSAR
02/01/1918,0.755885243,0.755885243,0.755885243,0.755885243,0.755885243,0.755885243,10/01/2017,4.947892534,InSAR
03/01/1918,0.757203961,0.757203961,0.757203961,0.757203961,0.757203961,0.757203961,10/07/2017,4.951501458,InSAR
04/01/1918,0.752864362,0.752864362,0.752864362,0.752864362,0.752864362,0.752864362,10/13/2017,4.95084529,InSAR
05/01/1918,0.754826067,0.754826067,0.754826067,0.754826067,0.754826067,0.754826067,10/20/2017,4.95084529,InSAR
06/01/1918,0.757635603,0.757635603,0.757635603,0.757635603,0.757635603,0.757635603,10/26/2017,4.953798046,InSAR
07/01/1918,0.753317176,0.753317176,0.753317176,0.753317176,0.753317176,0.753317176,11/01/2017,4.959375474,InSAR
08/01/1918,0.752223889,0.752223889,0.752223889,0.752223889,0.752223889,0.752223889,11/07/2017,4.959375474,InSAR
09/01/1918,0.74473693,0.74473693,0.74473693,0.74473693,0.74473693,0.74473693,11/13/2017,4.958391222,InSAR
10/01/1918,0.74970524,0.74970524,0.74970524,0.74970524,0.74970524,0.74970524,11/19/2017,4.954782298,InSAR
11/01/1918,0.755076463,0.755076463,0.755076463,0.755076463,0.755076463,0.755076463,11/25/2017,4.948876786,InSAR
12/01/1918,0.760751687,0.760751687,0.760751687,0.760751687,0.760751687,0.760751687,12/01/2017,4.946252114,InSAR
01/01/1919,0.763526123,0.763526123,0.763526123,0.763526123,0.763526123,0.763526123,12/07/2017,4.946252114,InSAR
02/01/1919,0.763030778,0.763030778,0.763030778,0.763030778,0.763030778,0.763030778,12/13/2017,4.946252114,InSAR
03/01/1919,0.769877857,0.769877857,0.769877857,0.769877857,0.769877857,0.769877857,12/20/2017,4.946580198,InSAR
04/01/1919,0.775090973,0.775090973,0.775090973,0.775090973,0.775090973,0.775090973,12/26/2017,4.948220618,InSAR
05/01/1919,0.776073034,0.776073034,0.776073034,0.776073034,0.776073034,0.776073034,01/01/2018,4.94592403,InSAR
06/01/1919,0.772639292,0.772639292,0.772639292,0.772639292,0.772639292,0.772639292,01/07/2018,4.948876786,InSAR
07/01/1919,0.778315529,0.778315529,0.778315529,0.778315529,0.778315529,0.778315529,01/13/2018,4.95084529,InSAR
08/01/1919,0.787388533,0.787388533,0.787388533,0.787388533,0.787388533,0.787388533,01/20/2018,4.950517206,InSAR
09/01/1919,0.79084577,0.79084577,0.79084577,0.79084577,0.79084577,0.79084577,01/26/2018,4.948548702,InSAR
10/01/1919,0.79607742,0.79607742,0.79607742,0.79607742,0.79607742,0.79607742,02/01/2018,4.948220618,InSAR
11/01/1919,0.802647623,0.802647623,0.802647623,0.802647623,0.802647623,0.802647623,02/07/2018,4.946252114,InSAR
12/01/1919,0.804712515,0.804712515,0.804712515,0.804712515,0.804712515,0.804712515,02/12/2018,4.944939778,InSAR
01/01/1920,0.804445986,0.804445986,0.804445986,0.804445986,0.804445986,0.804445986,02/18/2018,4.941658938,InSAR
02/01/1920,0.804505154,0.804505154,0.804505154,0.804505154,0.804505154,0.804505154,02/23/2018,4.94100277,InSAR
03/01/1920,0.806323429,0.806323429,0.806323429,0.806323429,0.806323429,0.806323429,03/01/2018,4.938706182,InSAR
04/01/1920,0.808780797,0.808780797,0.808780797,0.808780797,0.808780797,0.808780797,03/07/2018,4.938706182,InSAR
05/01/1920,0.80946385,0.80946385,0.80946385,0.80946385,0.80946385,0.80946385,03/13/2018,4.943955526,InSAR
06/01/1920,0.80761355,0.80761355,0.80761355,0.80761355,0.80761355,0.80761355,03/20/2018,4.948220618,InSAR
07/01/1920,0.801205829,0.801205829,0.801205829,0.801205829,0.801205829,0.801205829,03/26/2018,4.948548702,InSAR
08/01/1920,0.807995017,0.807995017,0.807995017,0.807995017,0.807995017,0.807995017,04/01/2018,4.952157626,InSAR
09/01/1920,0.803560811,0.803560811,0.803560811,0.803560811,0.803560811,0.803560811,04/07/2018,4.95576655,InSAR
10/01/1920,0.799982082,0.799982082,0.799982082,0.799982082,0.799982082,0.799982082,04/13/2018,4.95740697,InSAR
11/01/1920,0.797483435,0.797483435,0.797483435,0.797483435,0.797483435,0.797483435,04/19/2018,4.95904739,InSAR
12/01/1920,0.802660644,0.802660644,0.802660644,0.802660644,0.802660644,0.802660644,04/25/2018,4.960359726,InSAR
01/01/1921,0.806438264,0.806438264,0.806438264,0.806438264,0.806438264,0.806438264,05/01/2018,4.958391222,InSAR
02/01/1921,0.807056538,0.807056538,0.807056538,0.807056538,0.807056538,0.807056538,05/07/2018,4.957735054,InSAR
03/01/1921,0.80544418,0.80544418,0.80544418,0.80544418,0.80544418,0.80544418,05/13/2018,4.95576655,InSAR
04/01/1921,0.806548125,0.806548125,0.806548125,0.806548125,0.806548125,0.806548125,05/20/2018,4.952157626,InSAR
05/01/1921,0.806260578,0.806260578,0.806260578,0.806260578,0.806260578,0.806260578,05/26/2018,4.951501458,InSAR
06/01/1921,0.806481234,0.806481234,0.806481234,0.806481234,0.806481234,0.806481234,06/01/2018,4.949861038,InSAR
07/01/1921,0.808687022,0.808687022,0.808687022,0.808687022,0.808687022,0.808687022,06/07/2018,4.94756445,InSAR
08/01/1921,0.807559621,0.807559621,0.807559621,0.807559621,0.807559621,0.807559621,06/13/2018,4.948220618,InSAR
09/01/1921,0.810476844,0.810476844,0.810476844,0.810476844,0.810476844,0.810476844,06/19/2018,4.94920487,InSAR
10/01/1921,0.811923668,0.811923668,0.811923668,0.811923668,0.811923668,0.811923668,06/25/2018,4.951501458,InSAR
11/01/1921,0.813370837,0.813370837,0.813370837,0.813370837,0.813370837,0.813370837,07/01/2018,4.953798046,InSAR
12/01/1921,0.81468608,0.81468608,0.81468608,0.81468608,0.81468608,0.81468608,07/07/2018,4.953798046,InSAR
01/01/1922,0.813477991,0.813477991,0.813477991,0.813477991,0.813477991,0.813477991,07/13/2018,4.953798046,InSAR
02/01/1922,0.81031337,0.81031337,0.81031337,0.81031337,0.81031337,0.81031337,07/20/2018,4.956750802,InSAR
03/01/1922,0.812240927,0.812240927,0.812240927,0.812240927,0.812240927,0.812240927,07/26/2018,4.955438466,InSAR
04/01/1922,0.808694933,0.808694933,0.808694933,0.808694933,0.808694933,0.808694933,08/01/2018,4.95576655,InSAR
05/01/1922,0.80844681,0.80844681,0.80844681,0.80844681,0.80844681,0.80844681,08/07/2018,4.957735054,InSAR
06/01/1922,0.805175932,0.805175932,0.805175932,0.805175932,0.805175932,0.805175932,08/13/2018,4.953798046,InSAR
07/01/1922,0.804562658,0.804562658,0.804562658,0.804562658,0.804562658,0.804562658,08/20/2018,4.951173374,InSAR
08/01/1922,0.804691178,0.804691178,0.804691178,0.804691178,0.804691178,0.804691178,08/26/2018,4.948220618,InSAR
09/01/1922,0.807187504,0.807187504,0.807187504,0.807187504,0.807187504,0.807187504,09/01/2018,4.952157626,InSAR
10/01/1922,0.809316365,0.809316365,0.809316365,0.809316365,0.809316365,0.809316365,09/07/2018,4.948876786,InSAR
11/01/1922,0.807500033,0.807500033,0.807500033,0.807500033,0.807500033,0.807500033,09/13/2018,4.953141878,InSAR
12/01/1922,0.808512585,0.808512585,0.808512585,0.808512585,0.808512585,0.808512585,09/19/2018,4.955110382,InSAR
01/01/1923,0.807587984,0.807587984,0.807587984,0.807587984,0.807587984,0.807587984,09/25/2018,4.961672062,InSAR
02/01/1923,0.80617043,0.80617043,0.80617043,0.80617043,0.80617043,0.80617043,10/01/2018,4.957078886,InSAR
03/01/1923,0.806796267,0.806796267,0.806796267,0.806796267,0.806796267,0.806796267,10/07/2018,4.955110382,InSAR
04/01/1923,0.802551798,0.802551798,0.802551798,0.802551798,0.802551798,0.802551798,10/13/2018,4.954782298,InSAR
05/01/1923,0.798800824,0.798800824,0.798800824,0.798800824,0.798800824,0.798800824,10/20/2018,4.954782298,InSAR
06/01/1923,0.797989035,0.797989035,0.797989035,0.797989035,0.797989035,0.797989035,10/26/2018,4.95740697,InSAR
07/01/1923,0.79604691,0.79604691,0.79604691,0.79604691,0.79604691,0.79604691,11/01/2018,4.961343978,InSAR
08/01/1923,0.7974333,0.7974333,0.7974333,0.7974333,0.7974333,0.7974333,11/07/2018,4.962984398,InSAR
09/01/1923,0.799908743,0.799908743,0.799908743,0.799908743,0.799908743,0.799908743,11/13/2018,4.962000146,InSAR
10/01/1923,0.800731392,0.800731392,0.800731392,0.800731392,0.800731392,0.800731392,11/19/2018,4.959703558,InSAR
11/01/1923,0.797296207,0.797296207,0.797296207,0.797296207,0.797296207,0.797296207,11/25/2018,4.957078886,InSAR
12/01/1923,0.801475251,0.801475251,0.801475251,0.801475251,0.801475251,0.801475251,12/01/2018,4.959703558,InSAR
01/01/1924,0.798130825,0.798130825,0.798130825,0.798130825,0.798130825,0.798130825,12/07/2018,4.958063138,InSAR
02/01/1924,0.798634364,0.798634364,0.798634364,0.798634364,0.798634364,0.798634364,12/13/2018,4.96068781,InSAR
03/01/1924,0.795832915,0.795832915,0.795832915,0.795832915,0.795832915,0.795832915,12/20/2018,4.962000146,InSAR
04/01/1924,0.79589741,0.79589741,0.79589741,0.79589741,0.79589741,0.79589741,12/26/2018,4.962984398,InSAR
05/01/1924,0.79461904,0.79461904,0.79461904,0.79461904,0.79461904,0.79461904,01/01/2019,4.961672062,InSAR
06/01/1924,0.795668419,0.795668419,0.795668419,0.795668419,0.795668419,0.795668419,01/07/2019,4.961343978,InSAR
07/01/1924,0.794857915,0.794857915,0.794857915,0.794857915,0.794857915,0.794857915,01/13/2019,4.965280986,InSAR
08/01/1924,0.795704417,0.795704417,0.795704417,0.795704417,0.795704417,0.795704417,01/20/2019,4.970858414,InSAR
09/01/1924,0.797571091,0.797571091,0.797571091,0.797571091,0.797571091,0.797571091,01/26/2019,4.973483086,InSAR
10/01/1924,0.796154622,0.796154622,0.796154622,0.796154622,0.796154622,0.796154622,02/01/2019,4.976435842,InSAR
11/01/1924,0.796526758,0.796526758,0.796526758,0.796526758,0.796526758,0.796526758,02/07/2019,4.976435842,InSAR
12/01/1924,0.797019727,0.797019727,0.797019727,0.797019727,0.797019727,0.797019727,02/12/2019,4.974795422,InSAR
01/01/1925,0.798499557,0.798499557,0.798499557,0.798499557,0.798499557,0.798499557,02/18/2019,4.976435842,InSAR
02/01/1925,0.800246864,0.800246864,0.800246864,0.800246864,0.800246864,0.800246864,02/23/2019,4.981685186,InSAR
03/01/1925,0.803119019,0.803119019,0.803119019,0.803119019,0.803119019,0.803119019,03/01/2019,4.98693453,InSAR
04/01/1925,0.800706044,0.800706044,0.800706044,0.800706044,0.800706044,0.800706044,03/07/2019,4.991199622,InSAR
05/01/1925,0.797813859,0.797813859,0.797813859,0.797813859,0.797813859,0.797813859,03/13/2019,4.99677705,InSAR
06/01/1925,0.795687295,0.795687295,0.795687295,0.795687295,0.795687295,0.795687295,03/20/2019,5.001042142,InSAR
07/01/1925,0.796780068,0.796780068,0.796780068,0.796780068,0.796780068,0.796780068,03/26/2019,5.00169831,InSAR
08/01/1925,0.792376432,0.792376432,0.792376432,0.792376432,0.792376432,0.792376432,04/01/2019,5.002682562,InSAR
09/01/1925,0.793983286,0.793983286,0.793983286,0.793983286,0.793983286,0.793983286,04/07/2019,4.999073638,InSAR
10/01/1925,0.791291026,0.791291026,0.791291026,0.791291026,0.791291026,0.791291026,04/13/2019,4.994152378,InSAR
11/01/1925,0.789454869,0.789454869,0.789454869,0.789454869,0.789454869,0.789454869,04/19/2019,4.99021537,InSAR
12/01/1925,0.784711751,0.784711751,0.784711751,0.784711751,0.784711751,0.784711751,04/25/2019,4.986278362,InSAR
01/01/1926,0.787703551,0.787703551,0.787703551,0.787703551,0.787703551,0.787703551,05/01/2019,4.984637942,InSAR
02/01/1926,0.792911534,0.792911534,0.792911534,0.792911534,0.792911534,0.792911534,05/07/2019,4.981685186,InSAR
03/01/1926,0.792013396,0.792013396,0.792013396,0.792013396,0.792013396,0.792013396,05/13/2019,4.977748178,InSAR
04/01/1926,0.791767479,0.791767479,0.791767479,0.791767479,0.791767479,0.791767479,05/20/2019,4.973155002,InSAR
05/01/1926,0.789936152,0.789936152,0.789936152,0.789936152,0.789936152,0.789936152,05/26/2019,4.971514582,InSAR
06/01/1926,0.78961742,0.78961742,0.78961742,0.78961742,0.78961742,0.78961742,06/01/2019,4.973483086,InSAR
07/01/1926,0.789570229,0.789570229,0.789570229,0.789570229,0.789570229,0.789570229,06/07/2019,4.976107758,InSAR
08/01/1926,0.791714341,0.791714341,0.791714341,0.791714341,0.791714341,0.791714341,06/13/2019,4.975779674,InSAR
09/01/1926,0.795534074,0.795534074,0.795534074,0.795534074,0.795534074,0.795534074,06/19/2019,4.975123506,InSAR
10/01/1926,0.798325383,0.798325383,0.798325383,0.798325383,0.798325383,0.798325383,06/25/2019,4.979060514,InSAR
11/01/1926,0.795688193,0.795688193,0.795688193,0.795688193,0.795688193,0.795688193,07/01/2019,4.981357102,InSAR
12/01/1926,0.794702609,0.794702609,0.794702609,0.794702609,0.794702609,0.794702609,07/07/2019,4.984966026,InSAR
01/01/1927,0.798561244,0.798561244,0.798561244,0.798561244,0.798561244,0.798561244,07/13/2019,4.983325606,InSAR
02/01/1927,0.800606574,0.800606574,0.800606574,0.800606574,0.800606574,0.800606574,07/16/2019,5.005580638,Leveling
03/01/1927,0.802773762,0.802773762,0.802773762,0.802773762,0.802773762,0.802773762,07/20/2019,4.985950278,InSAR
04/01/1927,0.804994161,0.804994161,0.804994161,0.804994161,0.804994161,0.804994161,07/26/2019,4.984637942,InSAR
05/01/1927,0.802313026,0.802313026,0.802313026,0.802313026,0.802313026,0.802313026,08/01/2019,4.985950278,InSAR
06/01/1927,0.805005038,0.805005038,0.805005038,0.805005038,0.805005038,0.805005038,08/07/2019,4.982341354,InSAR
07/01/1927,0.806116845,0.806116845,0.806116845,0.806116845,0.806116845,0.806116845,08/13/2019,4.98201327,InSAR
08/01/1927,0.801948235,0.801948235,0.801948235,0.801948235,0.801948235,0.801948235,08/20/2019,4.982669438,InSAR
09/01/1927,0.802075285,0.802075285,0.802075285,0.802075285,0.802075285,0.802075285,08/26/2019,4.985622194,InSAR
10/01/1927,0.802378387,0.802378387,0.802378387,0.802378387,0.802378387,0.802378387,09/01/2019,4.983981774,InSAR
11/01/1927,0.804751792,0.804751792,0.804751792,0.804751792,0.804751792,0.804751792,09/07/2019,4.984966026,InSAR
12/01/1927,0.80507976,0.80507976,0.80507976,0.80507976,0.80507976,0.80507976,09/13/2019,4.988903034,InSAR
01/01/1928,0.804959353,0.804959353,0.804959353,0.804959353,0.804959353,0.804959353,09/19/2019,4.98365369,InSAR
02/01/1928,0.801986608,0.801986608,0.801986608,0.801986608,0.801986608,0.801986608,09/25/2019,4.986278362,InSAR
03/01/1928,0.799463078,0.799463078,0.799463078,0.799463078,0.799463078,0.799463078,10/01/2019,4.988246866,InSAR
04/01/1928,0.798088526,0.798088526,0.798088526,0.798088526,0.798088526,0.798088526,10/07/2019,4.988246866,InSAR
05/01/1928,0.796093335,0.796093335,0.796093335,0.796093335,0.796093335,0.796093335,10/13/2019,4.986606446,InSAR
06/01/1928,0.799487443,0.799487443,0.799487443,0.799487443,0.799487443,0.799487443,10/20/2019,4.99021537,InSAR
07/01/1928,0.8001155,0.8001155,0.8001155,0.8001155,0.8001155,0.8001155,10/26/2019,4.990871538,InSAR
08/01/1928,0.805737637,0.805737637,0.805737637,0.805737637,0.805737637,0.805737637,11/01/2019,4.990543454,InSAR
09/01/1928,0.810245007,0.810245007,0.810245007,0.810245007,0.810245007,0.810245007,11/07/2019,4.99185579,InSAR
10/01/1928,0.81181614,0.81181614,0.81181614,0.81181614,0.81181614,0.81181614,11/13/2019,4.988903034,InSAR
11/01/1928,0.810220589,0.810220589,0.810220589,0.810220589,0.810220589,0.810220589,11/19/2019,4.98529411,InSAR
12/01/1928,0.804929775,0.804929775,0.804929775,0.804929775,0.804929775,0.804929775,11/25/2019,4.98037285,InSAR
01/01/1929,0.801518214,0.801518214,0.801518214,0.801518214,0.801518214,0.801518214,12/01/2019,4.982997522,InSAR
02/01/1929,0.798686245,0.798686245,0.798686245,0.798686245,0.798686245,0.798686245,12/07/2019,4.984309858,InSAR
03/01/1929,0.802276789,0.802276789,0.802276789,0.802276789,0.802276789,0.802276789,12/13/2019,4.990871538,InSAR
04/01/1929,0.799632721,0.799632721,0.799632721,0.799632721,0.799632721,0.799632721,12/20/2019,4.993824294,InSAR
05/01/1929,0.796877026,0.796877026,0.796877026,0.796877026,0.796877026,0.796877026,12/26/2019,4.997105134,InSAR
06/01/1929,0.794505335,0.794505335,0.794505335,0.794505335,0.794505335,0.794505335,01/01/2020,4.998089386,InSAR
07/01/1929,0.793135125,0.793135125,0.793135125,0.793135125,0.793135125,0.793135125,01/07/2020,4.997761302,InSAR
08/01/1929,0.796412397,0.796412397,0.796412397,0.796412397,0.796412397,0.796412397,01/13/2020,5.001042142,InSAR
09/01/1929,0.79465133,0.79465133,0.79465133,0.79465133,0.79465133,0.79465133,01/20/2020,5.004322982,InSAR
10/01/1929,0.793028345,0.793028345,0.793028345,0.793028345,0.793028345,0.793028345,01/26/2020,5.00333873,InSAR
11/01/1929,0.796508512,0.796508512,0.796508512,0.796508512,0.796508512,0.796508512,02/01/2020,4.999401722,InSAR
12/01/1929,0.795309305,0.795309305,0.795309305,0.795309305,0.795309305,0.795309305,02/07/2020,4.997761302,InSAR
01/01/1930,0.793660885,0.793660885,0.793660885,0.793660885,0.793660885,0.793660885,02/13/2020,4.998745554,InSAR
02/01/1930,0.791672601,0.791672601,0.791672601,0.791672601,0.791672601,0.791672601,02/18/2020,5.002026394,InSAR
03/01/1930,0.79258783,0.79258783,0.79258783,0.79258783,0.79258783,0.79258783,02/24/2020,5.001370226,InSAR
04/01/1930,0.794645397,0.794645397,0.794645397,0.794645397,0.794645397,0.794645397,03/01/2020,5.002682562,InSAR
05/01/1930,0.79857864,0.79857864,0.79857864,0.79857864,0.79857864,0.79857864,03/07/2020,5.004651066,InSAR
06/01/1930,0.80206444,0.80206444,0.80206444,0.80206444,0.80206444,0.80206444,03/13/2020,5.002682562,InSAR
07/01/1930,0.805532735,0.805532735,0.805532735,0.805532735,0.805532735,0.805532735,03/20/2020,5.002026394,InSAR
08/01/1930,0.809073671,0.809073671,0.809073671,0.809073671,0.809073671,0.809073671,03/26/2020,5.00661957,InSAR
09/01/1930,0.810399172,0.810399172,0.810399172,0.810399172,0.810399172,0.810399172,04/01/2020,5.008916158,InSAR
10/01/1930,0.806294712,0.806294712,0.806294712,0.806294712,0.806294712,0.806294712,04/07/2020,5.005307234,InSAR
11/01/1930,0.80500937,0.80500937,0.80500937,0.80500937,0.80500937,0.80500937,04/13/2020,5.002354478,InSAR
12/01/1930,0.800745224,0.800745224,0.800745224,0.800745224,0.800745224,0.800745224,04/19/2020,5.004651066,InSAR
01/01/1931,0.802808182,0.802808182,0.802808182,0.802808182,0.802808182,0.802808182,04/25/2020,5.00169831,InSAR
02/01/1931,0.806922917,0.806922917,0.806922917,0.806922917,0.806922917,0.806922917,05/01/2020,5.002682562,InSAR
03/01/1931,0.807721026,0.807721026,0.807721026,0.807721026,0.807721026,0.807721026,05/07/2020,5.00169831,InSAR
04/01/1931,0.809876961,0.809876961,0.809876961,0.809876961,0.809876961,0.809876961,05/13/2020,5.005635318,InSAR
05/01/1931,0.812830265,0.812830265,0.812830265,0.812830265,0.812830265,0.812830265,05/20/2020,5.009572326,InSAR
06/01/1931,0.812975053,0.812975053,0.812975053,0.812975053,0.812975053,0.812975053,05/26/2020,5.015149754,InSAR
07/01/1931,0.816050405,0.816050405,0.816050405,0.816050405,0.816050405,0.816050405,06/01/2020,5.01154083,InSAR
08/01/1931,0.816897789,0.816897789,0.816897789,0.816897789,0.816897789,0.816897789,06/07/2020,5.00990041,InSAR
09/01/1931,0.822077171,0.822077171,0.822077171,0.822077171,0.822077171,0.822077171,06/13/2020,5.011212746,InSAR
10/01/1931,0.826226739,0.826226739,0.826226739,0.826226739,0.826226739,0.826226739,06/19/2020,5.010884662,InSAR
11/01/1931,0.828488347,0.828488347,0.828488347,0.828488347,0.828488347,0.828488347,06/25/2020,5.011868914,InSAR
12/01/1931,0.831454466,0.831454466,0.831454466,0.831454466,0.831454466,0.831454466,07/01/2020,5.011212746,InSAR
01/01/1932,0.83199588,0.83199588,0.83199588,0.83199588,0.83199588,0.83199588,07/07/2020,5.01154083,InSAR
02/01/1932,0.828434161,0.828434161,0.828434161,0.828434161,0.828434161,0.828434161,07/13/2020,5.01810251,InSAR
03/01/1932,0.827185257,0.827185257,0.827185257,0.827185257,0.827185257,0.827185257,07/20/2020,5.019086762,InSAR
04/01/1932,0.833625211,0.833625211,0.833625211,0.833625211,0.833625211,0.833625211,07/26/2020,5.021055266,InSAR
05/01/1932,0.833663594,0.833663594,0.833663594,0.833663594,0.833663594,0.833663594,08/01/2020,5.02630461,InSAR
06/01/1932,0.830650101,0.830650101,0.830650101,0.830650101,0.830650101,0.830650101,08/07/2020,5.030569702,InSAR
07/01/1932,0.830394204,0.830394204,0.830394204,0.830394204,0.830394204,0.830394204,08/13/2020,5.035162878,InSAR
08/01/1932,0.830938648,0.830938648,0.830938648,0.830938648,0.830938648,0.830938648,08/20/2020,5.039099886,InSAR
09/01/1932,0.833391122,0.833391122,0.833391122,0.833391122,0.833391122,0.833391122,08/26/2020,5.039099886,InSAR
10/01/1932,0.839320661,0.839320661,0.839320661,0.839320661,0.839320661,0.839320661,09/01/2020,5.041724558,InSAR
11/01/1932,0.835518906,0.835518906,0.835518906,0.835518906,0.835518906,0.835518906,09/07/2020,5.043693062,InSAR
12/01/1932,0.832356718,0.832356718,0.832356718,0.832356718,0.832356718,0.832356718,09/13/2020,5.042052642,InSAR
01/01/1933,0.827832389,0.827832389,0.827832389,0.827832389,0.827832389,0.827832389,09/19/2020,5.039756054,InSAR
02/01/1933,0.824599106,0.824599106,0.824599106,0.824599106,0.824599106,0.824599106,09/25/2020,5.04270881,InSAR
03/01/1933,0.825559595,0.825559595,0.825559595,0.825559595,0.825559595,0.825559595,10/01/2020,5.040084138,InSAR
04/01/1933,0.819981986,0.819981986,0.819981986,0.819981986,0.819981986,0.819981986,10/07/2020,5.035490962,InSAR
05/01/1933,0.821521049,0.821521049,0.821521049,0.821521049,0.821521049,0.821521049,10/13/2020,5.033194374,InSAR
06/01/1933,0.822775694,0.822775694,0.822775694,0.822775694,0.822775694,0.822775694,10/20/2020,5.033194374,InSAR
07/01/1933,0.825692079,0.825692079,0.825692079,0.825692079,0.825692079,0.825692079,10/26/2020,5.031553954,InSAR
08/01/1933,0.82708742,0.82708742,0.82708742,0.82708742,0.82708742,0.82708742,11/01/2020,5.02630461,InSAR
09/01/1933,0.823958061,0.823958061,0.823958061,0.823958061,0.823958061,0.823958061,11/07/2020,5.02138335,InSAR
10/01/1933,0.821207371,0.821207371,0.821207371,0.821207371,0.821207371,0.821207371,11/13/2020,5.015805922,InSAR
11/01/1933,0.820011435,0.820011435,0.820011435,0.820011435,0.820011435,0.820011435,11/19/2020,5.012196998,InSAR
12/01/1933,0.823714652,0.823714652,0.823714652,0.823714652,0.823714652,0.823714652,11/25/2020,5.008916158,InSAR
01/01/1934,0.826438144,0.826438144,0.826438144,0.826438144,0.826438144,0.826438144,12/01/2020,5.015149754,InSAR
02/01/1934,0.827581956,0.827581956,0.827581956,0.827581956,0.827581956,0.827581956,12/07/2020,5.018758678,InSAR
03/01/1934,0.825782909,0.825782909,0.825782909,0.825782909,0.825782909,0.825782909,12/13/2020,5.015477838,InSAR
04/01/1934,0.82944584,0.82944584,0.82944584,0.82944584,0.82944584,0.82944584,12/20/2020,5.01974293,InSAR
05/01/1934,0.830275718,0.830275718,0.830275718,0.830275718,0.830275718,0.830275718,12/26/2020,5.01646209,InSAR
06/01/1934,0.830425528,0.830425528,0.830425528,0.830425528,0.830425528,0.830425528,01/01/2021,5.015149754,InSAR
07/01/1934,0.832066896,0.832066896,0.832066896,0.832066896,0.832066896,0.832066896,01/07/2021,5.012853166,InSAR
08/01/1934,0.831785085,0.831785085,0.831785085,0.831785085,0.831785085,0.831785085,01/13/2021,5.010556578,InSAR
09/01/1934,0.83716882,0.83716882,0.83716882,0.83716882,0.83716882,0.83716882,01/20/2021,5.012196998,InSAR
10/01/1934,0.833119459,0.833119459,0.833119459,0.833119459,0.833119459,0.833119459,01/26/2021,5.01646209,InSAR
11/01/1934,0.833380059,0.833380059,0.833380059,0.833380059,0.833380059,0.833380059,02/01/2021,5.017446342,InSAR
12/01/1934,0.834827681,0.834827681,0.834827681,0.834827681,0.834827681,0.834827681,02/07/2021,5.020399098,InSAR
01/01/1935,0.83126465,0.83126465,0.83126465,0.83126465,0.83126465,0.83126465,02/12/2021,5.024008022,InSAR
02/01/1935,0.825611302,0.825611302,0.825611302,0.825611302,0.825611302,0.825611302,02/18/2021,5.028601198,InSAR
03/01/1935,0.826144509,0.826144509,0.826144509,0.826144509,0.826144509,0.826144509,02/23/2021,5.028273114,InSAR
04/01/1935,0.824906,0.824906,0.824906,0.824906,0.824906,0.824906,03/01/2021,5.03286629,InSAR
05/01/1935,0.824457977,0.824457977,0.824457977,0.824457977,0.824457977,0.824457977,03/07/2021,5.039099886,InSAR
06/01/1935,0.8228127,0.8228127,0.8228127,0.8228127,0.8228127,0.8228127,03/13/2021,5.040084138,InSAR
07/01/1935,0.816487575,0.816487575,0.816487575,0.816487575,0.816487575,0.816487575,03/20/2021,5.042052642,InSAR
08/01/1935,0.812980131,0.812980131,0.812980131,0.812980131,0.812980131,0.812980131,03/26/2021,5.04598965,InSAR
09/01/1935,0.801997325,0.801997325,0.801997325,0.801997325,0.801997325,0.801997325,04/01/2021,5.046317734,InSAR
10/01/1935,0.803333214,0.803333214,0.803333214,0.803333214,0.803333214,0.803333214,04/07/2021,5.048286238,InSAR
11/01/1935,0.803288867,0.803288867,0.803288867,0.803288867,0.803288867,0.803288867,04/13/2021,5.046973902,InSAR
12/01/1935,0.809324545,0.809324545,0.809324545,0.809324545,0.809324545,0.809324545,04/19/2021,5.049598574,InSAR
01/01/1936,0.813001954,0.813001954,0.813001954,0.813001954,0.813001954,0.813001954,04/25/2021,5.05419175,InSAR
02/01/1936,0.816475025,0.816475025,0.816475025,0.816475025,0.816475025,0.816475025,05/01/2021,5.061737682,InSAR
03/01/1936,0.819164813,0.819164813,0.819164813,0.819164813,0.819164813,0.819164813,05/07/2021,5.071580202,InSAR
04/01/1936,0.815215963,0.815215963,0.815215963,0.815215963,0.815215963,0.815215963,05/13/2021,5.081750806,InSAR
05/01/1936,0.813677009,0.813677009,0.813677009,0.813677009,0.813677009,0.813677009,05/20/2021,5.088312486,InSAR
06/01/1936,0.809473618,0.809473618,0.809473618,0.809473618,0.809473618,0.809473618,05/26/2021,5.093889914,InSAR
07/01/1936,0.811425626,0.811425626,0.811425626,0.811425626,0.811425626,0.811425626,06/01/2021,5.100451594,InSAR
08/01/1936,0.810433273,0.810433273,0.810433273,0.810433273,0.810433273,0.810433273,06/07/2021,5.106029022,InSAR
09/01/1936,0.812763386,0.812763386,0.812763386,0.812763386,0.812763386,0.812763386,06/13/2021,5.110294114,InSAR
10/01/1936,0.815052887,0.815052887,0.815052887,0.815052887,0.815052887,0.815052887,06/19/2021,5.11652771,InSAR
11/01/1936,0.815218331,0.815218331,0.815218331,0.815218331,0.815218331,0.815218331,06/25/2021,5.121777054,InSAR
12/01/1936,0.8072575,0.8072575,0.8072575,0.8072575,0.8072575,0.8072575,07/01/2021,5.127354482,InSAR
01/01/1937,0.806750516,0.806750516,0.806750516,0.806750516,0.806750516,0.806750516,07/07/2021,5.135884666,InSAR
02/01/1937,0.806159543,0.806159543,0.806159543,0.806159543,0.806159543,0.806159543,07/13/2021,5.14441485,InSAR
03/01/1937,0.805739019,0.805739019,0.805739019,0.805739019,0.805739019,0.805739019,07/20/2021,5.151304614,InSAR
04/01/1937,0.8044474,0.8044474,0.8044474,0.8044474,0.8044474,0.8044474,07/26/2021,5.15917863,InSAR
05/01/1937,0.807905169,0.807905169,0.807905169,0.807905169,0.807905169,0.807905169,08/01/2021,5.16574031,InSAR
06/01/1937,0.806134926,0.806134926,0.806134926,0.806134926,0.806134926,0.806134926,08/07/2021,5.16574031,InSAR
07/01/1937,0.803609762,0.803609762,0.803609762,0.803609762,0.803609762,0.803609762,08/13/2021,5.165412226,InSAR
08/01/1937,0.799356235,0.799356235,0.799356235,0.799356235,0.799356235,0.799356235,08/20/2021,5.163115638,InSAR
09/01/1937,0.799312812,0.799312812,0.799312812,0.799312812,0.799312812,0.799312812,08/26/2021,5.159834798,InSAR
10/01/1937,0.79322591,0.79322591,0.79322591,0.79322591,0.79322591,0.79322591,09/01/2021,5.15753821,InSAR
11/01/1937,0.790311449,0.790311449,0.790311449,0.790311449,0.790311449,0.790311449,09/07/2021,5.15261695,InSAR
12/01/1937,0.789210469,0.789210469,0.789210469,0.789210469,0.789210469,0.789210469,09/13/2021,5.150320362,InSAR
01/01/1938,0.791085843,0.791085843,0.791085843,0.791085843,0.791085843,0.791085843,09/19/2021,5.14769569,InSAR
02/01/1938,0.792894002,0.792894002,0.792894002,0.792894002,0.792894002,0.792894002,09/25/2021,5.145071018,InSAR
03/01/1938,0.792243087,0.792243087,0.792243087,0.792243087,0.792243087,0.792243087,10/01/2021,5.143758682,InSAR
04/01/1938,0.791097313,0.791097313,0.791097313,0.791097313,0.791097313,0.791097313,10/07/2021,5.143758682,InSAR
05/01/1938,0.790901893,0.790901893,0.790901893,0.790901893,0.790901893,0.790901893,10/13/2021,5.140477842,InSAR
06/01/1938,0.789794663,0.789794663,0.789794663,0.789794663,0.789794663,0.789794663,10/20/2021,5.135884666,InSAR
07/01/1938,0.78752884,0.78752884,0.78752884,0.78752884,0.78752884,0.78752884,10/26/2021,5.132275742,InSAR
08/01/1938,0.785482393,0.785482393,0.785482393,0.785482393,0.785482393,0.785482393,11/01/2021,5.135884666,InSAR
09/01/1938,0.780436776,0.780436776,0.780436776,0.780436776,0.780436776,0.780436776,11/07/2021,5.134244246,InSAR
10/01/1938,0.781460182,0.781460182,0.781460182,0.781460182,0.781460182,0.781460182,11/13/2021,5.132275742,InSAR
11/01/1938,0.7805121,0.7805121,0.7805121,0.7805121,0.7805121,0.7805121,11/19/2021,5.132603826,InSAR
12/01/1938,0.779562545,0.779562545,0.779562545,0.779562545,0.779562545,0.779562545,11/25/2021,5.129979154,InSAR
01/01/1939,0.775588239,0.775588239,0.775588239,0.775588239,0.775588239,0.775588239,12/01/2021,5.124073642,InSAR
02/01/1939,0.775173257,0.775173257,0.775173257,0.775173257,0.775173257,0.775173257,12/07/2021,5.118496214,InSAR
03/01/1939,0.776415425,0.776415425,0.776415425,0.776415425,0.776415425,0.776415425,12/13/2021,5.111934534,InSAR
04/01/1939,0.781119229,0.781119229,0.781119229,0.781119229,0.781119229,0.781119229,12/20/2021,5.108653694,InSAR
05/01/1939,0.790360877,0.790360877,0.790360877,0.790360877,0.790360877,0.790360877,12/26/2021,5.106029022,InSAR
06/01/1939,0.793393565,0.793393565,0.793393565,0.793393565,0.793393565,0.793393565,01/01/2022,5.111934534,InSAR
07/01/1939,0.786291538,0.786291538,0.786291538,0.786291538,0.786291538,0.786291538,01/07/2022,5.114231122,InSAR
08/01/1939,0.78726576,0.78726576,0.78726576,0.78726576,0.78726576,0.78726576,01/13/2022,5.116199626,InSAR
09/01/1939,0.791818094,0.791818094,0.791818094,0.791818094,0.791818094,0.791818094,01/20/2022,5.117840046,InSAR
10/01/1939,0.793270873,0.793270873,0.793270873,0.793270873,0.793270873,0.793270873,01/26/2022,5.118496214,InSAR
11/01/1939,0.797063531,0.797063531,0.797063531,0.797063531,0.797063531,0.797063531,02/01/2022,5.115871542,InSAR
12/01/1939,0.799999304,0.799999304,0.799999304,0.799999304,0.799999304,0.799999304,02/07/2022,5.112918786,InSAR
01/01/1940,0.808225494,0.808225494,0.808225494,0.808225494,0.808225494,0.808225494,02/12/2022,5.112590702,InSAR
02/01/1940,0.812460682,0.812460682,0.812460682,0.812460682,0.812460682,0.812460682,02/18/2022,5.116199626,InSAR
03/01/1940,0.821855104,0.821855104,0.821855104,0.821855104,0.821855104,0.821855104,02/23/2022,5.117511962,InSAR
04/01/1940,0.825680794,0.825680794,0.825680794,0.825680794,0.825680794,0.825680794,03/01/2022,5.116855794,InSAR
05/01/1940,0.82850155,0.82850155,0.82850155,0.82850155,0.82850155,0.82850155,03/07/2022,5.116199626,InSAR
06/01/1940,0.842593244,0.842593244,0.842593244,0.842593244,0.842593244,0.842593244,03/13/2022,5.119480466,InSAR
07/01/1940,0.842181069,0.842181069,0.842181069,0.842181069,0.842181069,0.842181069,03/20/2022,5.12144897,InSAR
08/01/1940,0.844796256,0.844796256,0.844796256,0.844796256,0.844796256,0.844796256,03/26/2022,5.122761306,InSAR
09/01/1940,0.841221409,0.841221409,0.841221409,0.841221409,0.841221409,0.841221409,04/01/2022,5.121120886,InSAR
10/01/1940,0.844618385,0.844618385,0.844618385,0.844618385,0.844618385,0.844618385,04/07/2022,5.12637023,InSAR
11/01/1940,0.852996867,0.852996867,0.852996867,0.852996867,0.852996867,0.852996867,04/13/2022,5.135556582,InSAR
12/01/1940,0.855054423,0.855054423,0.855054423,0.855054423,0.855054423,0.855054423,04/19/2022,5.145071018,InSAR
01/01/1941,0.854804945,0.854804945,0.854804945,0.854804945,0.854804945,0.854804945,04/25/2022,5.150320362,InSAR
02/01/1941,0.852556478,0.852556478,0.852556478,0.852556478,0.852556478,0.852556478,05/01/2022,5.160162882,InSAR
03/01/1941,0.853222397,0.853222397,0.853222397,0.853222397,0.853222397,0.853222397,05/07/2022,5.166396478,InSAR
04/01/1941,0.862885138,0.862885138,0.862885138,0.862885138,0.862885138,0.862885138,05/13/2022,5.171645822,InSAR
05/01/1941,0.862765299,0.862765299,0.862765299,0.862765299,0.862765299,0.862765299,05/20/2022,5.17558283,InSAR
06/01/1941,0.869692277,0.869692277,0.869692277,0.869692277,0.869692277,0.869692277,05/26/2022,5.181488342,InSAR
07/01/1941,0.870876314,0.870876314,0.870876314,0.870876314,0.870876314,0.870876314,06/01/2022,5.189034274,InSAR
08/01/1941,0.874710039,0.874710039,0.874710039,0.874710039,0.874710039,0.874710039,06/07/2022,5.196580206,InSAR
09/01/1941,0.880629626,0.880629626,0.880629626,0.880629626,0.880629626,0.880629626,06/13/2022,5.205438474,InSAR
10/01/1941,0.884930708,0.884930708,0.884930708,0.884930708,0.884930708,0.884930708,06/19/2022,5.215937162,InSAR
11/01/1941,0.895610478,0.895610478,0.895610478,0.895610478,0.895610478,0.895610478,06/25/2022,5.226107766,InSAR
12/01/1941,0.902522839,0.902522839,0.902522839,0.902522839,0.902522839,0.902522839,07/01/2022,5.237590706,InSAR
01/01/1942,0.908537629,0.908537629,0.908537629,0.908537629,0.908537629,0.908537629,07/07/2022,5.244808554,InSAR
02/01/1942,0.919211201,0.919211201,0.919211201,0.919211201,0.919211201,0.919211201,07/13/2022,5.250385982,InSAR
03/01/1942,0.920111251,0.920111251,0.920111251,0.920111251,0.920111251,0.920111251,07/20/2022,5.253994906,InSAR
04/01/1942,0.925752363,0.925752363,0.925752363,0.925752363,0.925752363,0.925752363,07/26/2022,5.255307242,InSAR
05/01/1942,0.932800412,0.932800412,0.932800412,0.932800412,0.932800412,0.932800412,08/01/2022,5.257931914,InSAR
06/01/1942,0.933903793,0.933903793,0.933903793,0.933903793,0.933903793,0.933903793,08/07/2022,5.260228502,InSAR
07/01/1942,0.934875893,0.934875893,0.934875893,0.934875893,0.934875893,0.934875893,08/13/2022,5.259900418,InSAR
08/01/1942,0.933245637,0.933245637,0.933245637,0.933245637,0.933245637,0.933245637,08/20/2022,5.253666822,InSAR
09/01/1942,0.937223545,0.937223545,0.937223545,0.937223545,0.937223545,0.937223545,08/26/2022,5.247105142,InSAR
10/01/1942,0.941430684,0.941430684,0.941430684,0.941430684,0.941430684,0.941430684,09/01/2022,5.239887294,InSAR
11/01/1942,0.939960149,0.939960149,0.939960149,0.939960149,0.939960149,0.939960149,09/07/2022,5.235622202,InSAR
12/01/1942,0.943107773,0.943107773,0.943107773,0.943107773,0.943107773,0.943107773,09/13/2022,5.232669446,InSAR
01/01/1943,0.94388517,0.94388517,0.94388517,0.94388517,0.94388517,0.94388517,09/19/2022,5.231685194,InSAR
02/01/1943,0.943169621,0.943169621,0.943169621,0.943169621,0.943169621,0.943169621,09/25/2022,5.232669446,InSAR
03/01/1943,0.945432937,0.945432937,0.945432937,0.945432937,0.945432937,0.945432937,10/01/2022,5.232341362,InSAR
04/01/1943,0.952343841,0.952343841,0.952343841,0.952343841,0.952343841,0.952343841,10/07/2022,5.230700942,InSAR
05/01/1943,0.951999104,0.951999104,0.951999104,0.951999104,0.951999104,0.951999104,10/13/2022,5.224139262,InSAR
06/01/1943,0.947470554,0.947470554,0.947470554,0.947470554,0.947470554,0.947470554,10/20/2022,5.220202254,InSAR
07/01/1943,0.950737387,0.950737387,0.950737387,0.950737387,0.950737387,0.950737387,10/26/2022,5.217577582,InSAR
08/01/1943,0.956484802,0.956484802,0.956484802,0.956484802,0.956484802,0.956484802,11/01/2022,5.218889918,InSAR
09/01/1943,0.963183767,0.963183767,0.963183767,0.963183767,0.963183767,0.963183767,11/07/2022,5.22151459,InSAR
10/01/1943,0.970389426,0.970389426,0.970389426,0.970389426,0.970389426,0.970389426,11/13/2022,5.222498842,InSAR
11/01/1943,0.973875134,0.973875134,0.973875134,0.973875134,0.973875134,0.973875134,11/19/2022,5.214624826,InSAR
12/01/1943,0.976764361,0.976764361,0.976764361,0.976764361,0.976764361,0.976764361,11/25/2022,5.211015902,InSAR
01/01/1944,0.989350548,0.989350548,0.989350548,0.989350548,0.989350548,0.989350548,12/01/2022,5.20511039,InSAR
02/01/1944,1.00193262,1.00193262,1.00193262,1.00193262,1.00193262,1.00193262,12/07/2022,5.194939786,InSAR
03/01/1944,1.011556032,1.011556032,1.011556032,1.011556032,1.011556032,1.011556032,12/13/2022,5.188050022,InSAR
04/01/1944,1.021745798,1.021745798,1.021745798,1.021745798,1.021745798,1.021745798,12/20/2022,5.188050022,InSAR
05/01/1944,1.041132092,1.041132092,1.041132092,1.041132092,1.041132092,1.041132092,12/26/2022,5.190674694,InSAR
06/01/1944,1.052723142,1.052723142,1.052723142,1.052723142,1.052723142,1.052723142,01/01/2023,5.192643198,InSAR
07/01/1944,1.063398783,1.063398783,1.063398783,1.063398783,1.063398783,1.063398783,01/07/2023,5.193955534,InSAR
08/01/1944,1.072469783,1.072469783,1.072469783,1.072469783,1.072469783,1.072469783,01/13/2023,5.19690829,InSAR
09/01/1944,1.081450688,1.081450688,1.081450688,1.081450688,1.081450688,1.081450688,01/20/2023,5.20346997,InSAR
10/01/1944,1.094173418,1.094173418,1.094173418,1.094173418,1.094173418,1.094173418,01/26/2023,5.204782306,InSAR
11/01/1944,1.105653005,1.105653005,1.105653005,1.105653005,1.105653005,1.105653005,02/01/2023,5.204782306,InSAR
12/01/1944,1.123358181,1.123358181,1.123358181,1.123358181,1.123358181,1.123358181,02/07/2023,5.204454222,InSAR
01/01/1945,1.137353247,1.137353247,1.137353247,1.137353247,1.137353247,1.137353247,02/12/2023,5.200517214,InSAR
02/01/1945,1.146670092,1.146670092,1.146670092,1.146670092,1.146670092,1.146670092,02/18/2023,5.19690829,InSAR
03/01/1945,1.149817984,1.149817984,1.149817984,1.149817984,1.149817984,1.149817984,02/23/2023,5.197236374,InSAR
04/01/1945,1.150068278,1.150068278,1.150068278,1.150068278,1.150068278,1.150068278,03/01/2023,5.196580206,InSAR
05/01/1945,1.148746836,1.148746836,1.148746836,1.148746836,1.148746836,1.148746836,03/07/2023,5.200517214,InSAR
06/01/1945,1.148057302,1.148057302,1.148057302,1.148057302,1.148057302,1.148057302,03/13/2023,5.202157634,InSAR
07/01/1945,1.153983557,1.153983557,1.153983557,1.153983557,1.153983557,1.153983557,03/20/2023,5.203141886,InSAR
08/01/1945,1.158864072,1.158864072,1.158864072,1.158864072,1.158864072,1.158864072,03/26/2023,5.202813802,InSAR
09/01/1945,1.167127373,1.167127373,1.167127373,1.167127373,1.167127373,1.167127373,04/01/2023,5.200517214,InSAR
10/01/1945,1.173643835,1.173643835,1.173643835,1.173643835,1.173643835,1.173643835,04/07/2023,5.198876794,InSAR
11/01/1945,1.181112777,1.181112777,1.181112777,1.181112777,1.181112777,1.181112777,04/13/2023,5.197564458,InSAR
12/01/1945,1.187563387,1.187563387,1.187563387,1.187563387,1.187563387,1.187563387,04/19/2023,5.192971282,InSAR
01/01/1946,1.186200609,1.186200609,1.186200609,1.186200609,1.186200609,1.186200609,04/25/2023,5.18706577,InSAR
02/01/1946,1.188931209,1.188931209,1.188931209,1.188931209,1.188931209,1.188931209,05/01/2023,5.184441098,InSAR
03/01/1946,1.190052123,1.190052123,1.190052123,1.190052123,1.190052123,1.190052123,05/07/2023,5.18870619,InSAR
04/01/1946,1.191383602,1.191383602,1.191383602,1.191383602,1.191383602,1.191383602,05/13/2023,5.188378106,InSAR
05/01/1946,1.191662909,1.191662909,1.191662909,1.191662909,1.191662909,1.191662909,05/20/2023,5.191002778,InSAR
06/01/1946,1.194616352,1.194616352,1.194616352,1.194616352,1.194616352,1.194616352,05/26/2023,5.193955534,InSAR
07/01/1946,1.190539723,1.190539723,1.190539723,1.190539723,1.190539723,1.190539723,06/01/2023,5.19362745,InSAR
08/01/1946,1.187925858,1.187925858,1.187925858,1.187925858,1.187925858,1.187925858,06/07/2023,5.192971282,InSAR
09/01/1946,1.188805719,1.188805719,1.188805719,1.188805719,1.188805719,1.188805719,06/13/2023,5.198220626,InSAR
10/01/1946,1.190323836,1.190323836,1.190323836,1.190323836,1.190323836,1.190323836,06/19/2023,5.201173382,InSAR
11/01/1946,1.19823408,1.19823408,1.19823408,1.19823408,1.19823408,1.19823408,06/25/2023,5.196252122,InSAR
12/01/1946,1.203619909,1.203619909,1.203619909,1.203619909,1.203619909,1.203619909,07/01/2023,5.192315114,InSAR
01/01/1947,1.204773805,1.204773805,1.204773805,1.204773805,1.204773805,1.204773805,07/07/2023,5.192971282,InSAR
02/01/1947,1.208549088,1.208549088,1.208549088,1.208549088,1.208549088,1.208549088,07/13/2023,5.193299366,InSAR
03/01/1947,1.209861653,1.209861653,1.209861653,1.209861653,1.209861653,1.209861653,07/20/2023,5.193955534,InSAR
04/01/1947,1.213489964,1.213489964,1.213489964,1.213489964,1.213489964,1.213489964,07/26/2023,5.193955534,InSAR
05/01/1947,1.21564943,1.21564943,1.21564943,1.21564943,1.21564943,1.21564943,08/01/2023,5.188378106,InSAR
06/01/1947,1.221198477,1.221198477,1.221198477,1.221198477,1.221198477,1.221198477,08/07/2023,5.183128762,InSAR
07/01/1947,1.223869184,1.223869184,1.223869184,1.223869184,1.223869184,1.223869184,08/13/2023,5.179847922,InSAR
08/01/1947,1.222620844,1.222620844,1.222620844,1.222620844,1.222620844,1.222620844,08/20/2023,5.178207502,InSAR
09/01/1947,1.227695701,1.227695701,1.227695701,1.227695701,1.227695701,1.227695701,08/26/2023,5.176567082,InSAR
10/01/1947,1.233284837,1.233284837,1.233284837,1.233284837,1.233284837,1.233284837,09/01/2023,5.174926662,InSAR
11/01/1947,1.231454173,1.231454173,1.231454173,1.231454173,1.231454173,1.231454173,09/07/2023,5.17230199,InSAR
12/01/1947,1.228836603,1.228836603,1.228836603,1.228836603,1.228836603,1.228836603,09/13/2023,5.170989654,InSAR
01/01/1948,1.233743841,1.233743841,1.233743841,1.233743841,1.233743841,1.233743841,09/19/2023,5.170989654,InSAR
02/01/1948,1.236025224,1.236025224,1.236025224,1.236025224,1.236025224,1.236025224,09/25/2023,5.171973906,InSAR
03/01/1948,1.239469256,1.239469256,1.239469256,1.239469256,1.239469256,1.239469256,10/01/2023,5.170005402,InSAR
04/01/1948,1.237922426,1.237922426,1.237922426,1.237922426,1.237922426,1.237922426,10/07/2023,5.173614326,InSAR
05/01/1948,1.239608718,1.239608718,1.239608718,1.239608718,1.239608718,1.239608718,10/13/2023,5.175254746,InSAR
06/01/1948,1.239338758,1.239338758,1.239338758,1.239338758,1.239338758,1.239338758,10/20/2023,5.180176006,InSAR
07/01/1948,1.241595928,1.241595928,1.241595928,1.241595928,1.241595928,1.241595928,10/26/2023,5.181816426,InSAR
08/01/1948,1.240611407,1.240611407,1.240611407,1.240611407,1.240611407,1.240611407,11/01/2023,5.18378493,InSAR
09/01/1948,1.240251604,1.240251604,1.240251604,1.240251604,1.240251604,1.240251604,11/07/2023,5.181488342,InSAR
10/01/1948,1.246178648,1.246178648,1.246178648,1.246178648,1.246178648,1.246178648,11/13/2023,5.18050409,InSAR
11/01/1948,1.249463756,1.249463756,1.249463756,1.249463756,1.249463756,1.249463756,11/19/2023,5.17394241,InSAR
12/01/1948,1.254236997,1.254236997,1.254236997,1.254236997,1.254236997,1.254236997,11/25/2023,5.170989654,InSAR
01/01/1949,1.260980324,1.260980324,1.260980324,1.260980324,1.260980324,1.260980324,12/01/2023,5.168693066,InSAR
02/01/1949,1.267933827,1.267933827,1.267933827,1.267933827,1.267933827,1.267933827,12/07/2023,5.166068394,InSAR
03/01/1949,1.273411514,1.273411514,1.273411514,1.273411514,1.273411514,1.273411514,12/13/2023,5.16245947,InSAR
04/01/1949,1.283452931,1.283452931,1.283452931,1.283452931,1.283452931,1.283452931,12/20/2023,5.164756058,InSAR
05/01/1949,1.291936458,1.291936458,1.291936458,1.291936458,1.291936458,1.291936458,12/26/2023,5.168693066,InSAR
06/01/1949,1.31236207,1.31236207,1.31236207,1.31236207,1.31236207,1.31236207,01/01/2024,5.171645822,InSAR
07/01/1949,1.332512501,1.332512501,1.332512501,1.332512501,1.332512501,1.332512501,01/07/2024,5.176895166,InSAR
08/01/1949,1.347675284,1.347675284,1.347675284,1.347675284,1.347675284,1.347675284,01/13/2024,5.177879418,InSAR
09/01/1949,1.361029542,1.361029542,1.361029542,1.361029542,1.361029542,1.361029542,01/20/2024,5.179519838,InSAR
10/01/1949,1.381484285,1.381484285,1.381484285,1.381484285,1.381484285,1.381484285,01/26/2024,5.186081518,InSAR
11/01/1949,1.399173668,1.399173668,1.399173668,1.399173668,1.399173668,1.399173668,02/01/2024,5.195595954,InSAR
12/01/1949,1.415400446,1.415400446,1.415400446,1.415400446,1.415400446,1.415400446,02/07/2024,5.197564458,InSAR
01/01/1950,1.431630202,1.431630202,1.431630202,1.431630202,1.431630202,1.431630202,02/13/2024,5.199861046,InSAR
02/01/1950,1.456285501,1.456285501,1.456285501,1.456285501,1.456285501,1.456285501,02/18/2024,5.199204878,InSAR
03/01/1950,1.479965318,1.479965318,1.479965318,1.479965318,1.479965318,1.479965318,02/24/2024,5.201501466,InSAR
04/01/1950,1.4947387,1.4947387,1.4947387,1.4947387,1.4947387,1.4947387,03/01/2024,5.20346997,InSAR
05/01/1950,1.514164464,1.514164464,1.514164464,1.514164464,1.514164464,1.514164464,03/07/2024,5.204454222,InSAR
06/01/1950,1.537465529,1.537465529,1.537465529,1.537465529,1.537465529,1.537465529,03/13/2024,5.202813802,InSAR
07/01/1950,1.562176737,1.562176737,1.562176737,1.562176737,1.562176737,1.562176737,03/20/2024,5.201173382,InSAR
08/01/1950,1.5808362,1.5808362,1.5808362,1.5808362,1.5808362,1.5808362,03/26/2024,5.204126138,InSAR
09/01/1950,1.600031822,1.600031822,1.600031822,1.600031822,1.600031822,1.600031822,04/01/2024,5.205438474,InSAR
10/01/1950,1.621075092,1.621075092,1.621075092,1.621075092,1.621075092,1.621075092,04/07/2024,5.205766558,InSAR
11/01/1950,1.638544622,1.638544622,1.638544622,1.638544622,1.638544622,1.638544622,04/13/2024,5.205766558,InSAR
12/01/1950,1.654535889,1.654535889,1.654535889,1.654535889,1.654535889,1.654535889,04/19/2024,5.207406978,InSAR
01/01/1951,1.676967792,1.676967792,1.676967792,1.676967792,1.676967792,1.676967792,04/25/2024,5.20839123,InSAR
02/01/1951,1.681850667,1.681850667,1.681850667,1.681850667,1.681850667,1.681850667,04/26/2024,5.208992718,Leveling
03/01/1951,1.694599788,1.694599788,1.694599788,1.694599788,1.694599788,1.694599788,05/01/2024,5.212000154,InSAR
04/01/1951,1.703671227,1.703671227,1.703671227,1.703671227,1.703671227,1.703671227,05/07/2024,5.21495291,InSAR
05/01/1951,1.714423355,1.714423355,1.714423355,1.714423355,1.714423355,1.714423355,05/13/2024,5.216921414,InSAR
06/01/1951,1.720289254,1.720289254,1.720289254,1.720289254,1.720289254,1.720289254,05/20/2024,5.220202254,InSAR
07/01/1951,1.724522063,1.724522063,1.724522063,1.724522063,1.724522063,1.724522063,05/26/2024,5.218561834,InSAR
08/01/1951,1.725885047,1.725885047,1.725885047,1.725885047,1.725885047,1.725885047,06/01/2024,5.218889918,InSAR
09/01/1951,1.727325155,1.727325155,1.727325155,1.727325155,1.727325155,1.727325155,06/07/2024,5.21823375,InSAR
10/01/1951,1.729929417,1.729929417,1.729929417,1.729929417,1.729929417,1.729929417,06/13/2024,5.219218002,InSAR
11/01/1951,1.735857048,1.735857048,1.735857048,1.735857048,1.735857048,1.735857048,06/19/2024,5.222826926,InSAR
12/01/1951,1.737520657,1.737520657,1.737520657,1.737520657,1.737520657,1.737520657,06/25/2024,5.22643585,InSAR
01/01/1952,1.735145735,1.735145735,1.735145735,1.735145735,1.735145735,1.735145735,07/01/2024,5.22971669,InSAR
02/01/1952,1.736102387,1.736102387,1.736102387,1.736102387,1.736102387,1.736102387,,,
03/01/1952,1.739537199,1.739537199,1.739537199,1.739537199,1.739537199,1.739537199,,,
04/01/1952,1.749498053,1.749498053,1.749498053,1.749498053,1.749498053,1.749498053,,,
05/01/1952,1.759453132,1.759453132,1.759453132,1.759453132,1.759453132,1.759453132,,,
06/01/1952,1.77225256,1.77225256,1.77225256,1.77225256,1.77225256,1.77225256,,,
07/01/1952,1.776955071,1.776955071,1.776955071,1.776955071,1.776955071,1.776955071,,,
08/01/1952,1.781238598,1.781238598,1.781238598,1.781238598,1.781238598,1.781238598,,,
09/01/1952,1.787355384,1.787355384,1.787355384,1.787355384,1.787355384,1.787355384,,,
10/01/1952,1.792422787,1.792422787,1.792422787,1.792422787,1.792422787,1.792422787,,,
11/01/1952,1.796422821,1.796422821,1.796422821,1.796422821,1.796422821,1.796422821,,,
12/01/1952,1.80813201,1.80813201,1.80813201,1.80813201,1.80813201,1.80813201,,,
01/01/1953,1.812961107,1.812961107,1.812961107,1.812961107,1.812961107,1.812961107,,,
02/01/1953,1.822313231,1.822313231,1.822313231,1.822313231,1.822313231,1.822313231,,,
03/01/1953,1.828414913,1.828414913,1.828414913,1.828414913,1.828414913,1.828414913,,,
04/01/1953,1.83250223,1.83250223,1.83250223,1.83250223,1.83250223,1.83250223,,,
05/01/1953,1.836239998,1.836239998,1.836239998,1.836239998,1.836239998,1.836239998,,,
06/01/1953,1.840469253,1.840469253,1.840469253,1.840469253,1.840469253,1.840469253,,,
07/01/1953,1.846388534,1.846388534,1.846388534,1.846388534,1.846388534,1.846388534,,,
08/01/1953,1.846585837,1.846585837,1.846585837,1.846585837,1.846585837,1.846585837,,,
09/01/1953,1.847228597,1.847228597,1.847228597,1.847228597,1.847228597,1.847228597,,,
10/01/1953,1.849677305,1.849677305,1.849677305,1.849677305,1.849677305,1.849677305,,,
11/01/1953,1.85451632,1.85451632,1.85451632,1.85451632,1.85451632,1.85451632,,,
12/01/1953,1.860553711,1.860553711,1.860553711,1.860553711,1.860553711,1.860553711,,,
01/01/1954,1.860286453,1.860286453,1.860286453,1.860286453,1.860286453,1.860286453,,,
02/01/1954,1.867400613,1.867400613,1.867400613,1.867400613,1.867400613,1.867400613,,,
03/01/1954,1.874648532,1.874648532,1.874648532,1.874648532,1.874648532,1.874648532,,,
04/01/1954,1.883169539,1.883169539,1.883169539,1.883169539,1.883169539,1.883169539,,,
05/01/1954,1.885975465,1.885975465,1.885975465,1.885975465,1.885975465,1.885975465,,,
06/01/1954,1.891539029,1.891539029,1.891539029,1.891539029,1.891539029,1.891539029,,,
07/01/1954,1.893260723,1.893260723,1.893260723,1.893260723,1.893260723,1.893260723,,,
08/01/1954,1.895995495,1.895995495,1.895995495,1.895995495,1.895995495,1.895995495,,,
09/01/1954,1.894908903,1.894908903,1.894908903,1.894908903,1.894908903,1.894908903,,,
10/01/1954,1.896033777,1.896033777,1.896033777,1.896033777,1.896033777,1.896033777,,,
11/01/1954,1.895388631,1.895388631,1.895388631,1.895388631,1.895388631,1.895388631,,,
12/01/1954,1.892368253,1.892368253,1.892368253,1.892368253,1.892368253,1.892368253,,,
01/01/1955,1.896413786,1.896413786,1.896413786,1.896413786,1.896413786,1.896413786,,,
02/01/1955,1.900708149,1.900708149,1.900708149,1.900708149,1.900708149,1.900708149,,,
03/01/1955,1.901385569,1.901385569,1.901385569,1.901385569,1.901385569,1.901385569,,,
04/01/1955,1.899470641,1.899470641,1.899470641,1.899470641,1.899470641,1.899470641,,,
05/01/1955,1.904040221,1.904040221,1.904040221,1.904040221,1.904040221,1.904040221,,,
06/01/1955,1.908463716,1.908463716,1.908463716,1.908463716,1.908463716,1.908463716,,,
07/01/1955,1.911045328,1.911045328,1.911045328,1.911045328,1.911045328,1.911045328,,,
08/01/1955,1.915024696,1.915024696,1.915024696,1.915024696,1.915024696,1.915024696,,,
09/01/1955,1.914689638,1.914689638,1.914689638,1.914689638,1.914689638,1.914689638,,,
10/01/1955,1.917480771,1.917480771,1.917480771,1.917480771,1.917480771,1.917480771,,,
11/01/1955,1.922913947,1.922913947,1.922913947,1.922913947,1.922913947,1.922913947,,,
12/01/1955,1.925817503,1.925817503,1.925817503,1.925817503,1.925817503,1.925817503,,,
01/01/1956,1.925142052,1.925142052,1.925142052,1.925142052,1.925142052,1.925142052,,,
02/01/1956,1.929239084,1.929239084,1.929239084,1.929239084,1.929239084,1.929239084,,,
03/01/1956,1.931955755,1.931955755,1.931955755,1.931955755,1.931955755,1.931955755,,,
04/01/1956,1.926274843,1.926274843,1.926274843,1.926274843,1.926274843,1.926274843,,,
05/01/1956,1.92732964,1.92732964,1.92732964,1.92732964,1.92732964,1.92732964,,,
06/01/1956,1.926728427,1.926728427,1.926728427,1.926728427,1.926728427,1.926728427,,,
07/01/1956,1.922592721,1.922592721,1.922592721,1.922592721,1.922592721,1.922592721,,,
08/01/1956,1.917322185,1.917322185,1.917322185,1.917322185,1.917322185,1.917322185,,,
09/01/1956,1.911760586,1.911760586,1.911760586,1.911760586,1.911760586,1.911760586,,,
10/01/1956,1.911551804,1.911551804,1.911551804,1.911551804,1.911551804,1.911551804,,,
11/01/1956,1.9063667,1.9063667,1.9063667,1.9063667,1.9063667,1.9063667,,,
12/01/1956,1.907648987,1.907648987,1.907648987,1.907648987,1.907648987,1.907648987,,,
01/01/1957,1.906834017,1.906834017,1.906834017,1.906834017,1.906834017,1.906834017,,,
02/01/1957,1.904285253,1.904285253,1.904285253,1.904285253,1.904285253,1.904285253,,,
03/01/1957,1.901770027,1.901770027,1.901770027,1.901770027,1.901770027,1.901770027,,,
04/01/1957,1.901577541,1.901577541,1.901577541,1.901577541,1.901577541,1.901577541,,,
05/01/1957,1.905537307,1.905537307,1.905537307,1.905537307,1.905537307,1.905537307,,,
06/01/1957,1.912037075,1.912037075,1.912037075,1.912037075,1.912037075,1.912037075,,,
07/01/1957,1.915573265,1.915573265,1.915573265,1.915573265,1.915573265,1.915573265,,,
08/01/1957,1.91427987,1.91427987,1.91427987,1.91427987,1.91427987,1.91427987,,,
09/01/1957,1.912721254,1.912721254,1.912721254,1.912721254,1.912721254,1.912721254,,,
10/01/1957,1.910421939,1.910421939,1.910421939,1.910421939,1.910421939,1.910421939,,,
11/01/1957,1.905523811,1.905523811,1.905523811,1.905523811,1.905523811,1.905523811,,,
12/01/1957,1.902917048,1.902917048,1.902917048,1.902917048,1.902917048,1.902917048,,,
01/01/1958,1.898254118,1.898254118,1.898254118,1.898254118,1.898254118,1.898254118,,,
02/01/1958,1.896359423,1.896359423,1.896359423,1.896359423,1.896359423,1.896359423,,,
03/01/1958,1.890147787,1.890147787,1.890147787,1.890147787,1.890147787,1.890147787,,,
04/01/1958,1.89037452,1.89037452,1.89037452,1.89037452,1.89037452,1.89037452,,,
05/01/1958,1.887702933,1.887702933,1.887702933,1.887702933,1.887702933,1.887702933,,,
06/01/1958,1.884708351,1.884708351,1.884708351,1.884708351,1.884708351,1.884708351,,,
07/01/1958,1.88359722,1.88359722,1.88359722,1.88359722,1.88359722,1.88359722,,,
08/01/1958,1.88766434,1.88766434,1.88766434,1.88766434,1.88766434,1.88766434,,,
09/01/1958,1.884553152,1.884553152,1.884553152,1.884553152,1.884553152,1.884553152,,,
10/01/1958,1.881733142,1.881733142,1.881733142,1.881733142,1.881733142,1.881733142,,,
11/01/1958,1.878501829,1.878501829,1.878501829,1.878501829,1.878501829,1.878501829,,,
12/01/1958,1.882675417,1.882675417,1.882675417,1.882675417,1.882675417,1.882675417,,,
01/01/1959,1.886926275,1.886926275,1.886926275,1.886926275,1.886926275,1.886926275,,,
02/01/1959,1.892320254,1.892320254,1.892320254,1.892320254,1.892320254,1.892320254,,,
03/01/1959,1.898332321,1.898332321,1.898332321,1.898332321,1.898332321,1.898332321,,,
04/01/1959,1.90314986,1.90314986,1.90314986,1.90314986,1.90314986,1.90314986,,,
05/01/1959,1.907772651,1.907772651,1.907772651,1.907772651,1.907772651,1.907772651,,,
06/01/1959,1.914955333,1.914955333,1.914955333,1.914955333,1.914955333,1.914955333,,,
07/01/1959,1.919694804,1.919694804,1.919694804,1.919694804,1.919694804,1.919694804,,,
08/01/1959,1.923310452,1.923310452,1.923310452,1.923310452,1.923310452,1.923310452,,,
09/01/1959,1.931696525,1.931696525,1.931696525,1.931696525,1.931696525,1.931696525,,,
10/01/1959,1.937636792,1.937636792,1.937636792,1.937636792,1.937636792,1.937636792,,,
11/01/1959,1.946181185,1.946181185,1.946181185,1.946181185,1.946181185,1.946181185,,,
12/01/1959,1.947911018,1.947911018,1.947911018,1.947911018,1.947911018,1.947911018,,,
01/01/1960,1.947936839,1.947936839,1.947936839,1.947936839,1.947936839,1.947936839,,,
02/01/1960,1.944694495,1.944694495,1.944694495,1.944694495,1.944694495,1.944694495,,,
03/01/1960,1.945670855,1.945670855,1.945670855,1.945670855,1.945670855,1.945670855,,,
04/01/1960,1.949761505,1.949761505,1.949761505,1.949761505,1.949761505,1.949761505,,,
05/01/1960,1.951127884,1.951127884,1.951127884,1.951127884,1.951127884,1.951127884,,,
06/01/1960,1.955790774,1.955790774,1.955790774,1.955790774,1.955790774,1.955790774,,,
07/01/1960,1.956984743,1.956984743,1.956984743,1.956984743,1.956984743,1.956984743,,,
08/01/1960,1.961335769,1.961335769,1.961335769,1.961335769,1.961335769,1.961335769,,,
09/01/1960,1.959101182,1.959101182,1.959101182,1.959101182,1.959101182,1.959101182,,,
10/01/1960,1.95877477,1.95877477,1.95877477,1.95877477,1.95877477,1.95877477,,,
11/01/1960,1.952941909,1.952941909,1.952941909,1.952941909,1.952941909,1.952941909,,,
12/01/1960,1.949953381,1.949953381,1.949953381,1.949953381,1.949953381,1.949953381,,,
01/01/1961,1.951705547,1.951705547,1.951705547,1.951705547,1.951705547,1.951705547,,,
02/01/1961,1.946590555,1.946590555,1.946590555,1.946590555,1.946590555,1.946590555,,,
03/01/1961,1.949950155,1.949950155,1.949950155,1.949950155,1.949950155,1.949950155,,,
04/01/1961,1.951388389,1.951388389,1.951388389,1.951388389,1.951388389,1.951388389,,,
05/01/1961,1.950668262,1.950668262,1.950668262,1.950668262,1.950668262,1.950668262,,,
06/01/1961,1.94691915,1.94691915,1.94691915,1.94691915,1.94691915,1.94691915,,,
07/01/1961,1.946363806,1.946363806,1.946363806,1.946363806,1.946363806,1.946363806,,,
08/01/1961,1.952561521,1.952561521,1.952561521,1.952561521,1.952561521,1.952561521,,,
09/01/1961,1.949522973,1.949522973,1.949522973,1.949522973,1.949522973,1.949522973,,,
10/01/1961,1.949090138,1.949090138,1.949090138,1.949090138,1.949090138,1.949090138,,,
11/01/1961,1.948375812,1.948375812,1.948375812,1.948375812,1.948375812,1.948375812,,,
12/01/1961,1.942101467,1.942101467,1.942101467,1.942101467,1.942101467,1.942101467,,,
01/01/1962,1.940115272,1.940115272,1.940115272,1.940115272,1.940115272,1.940115272,,,
02/01/1962,1.939085864,1.939085864,1.939085864,1.939085864,1.939085864,1.939085864,,,
03/01/1962,1.937756321,1.937756321,1.937756321,1.937756321,1.937756321,1.937756321,,,
04/01/1962,1.936233164,1.936233164,1.936233164,1.936233164,1.936233164,1.936233164,,,
05/01/1962,1.929063358,1.929063358,1.929063358,1.929063358,1.929063358,1.929063358,,,
06/01/1962,1.925177991,1.925177991,1.925177991,1.925177991,1.925177991,1.925177991,,,
07/01/1962,1.922010862,1.922010862,1.922010862,1.922010862,1.922010862,1.922010862,,,
08/01/1962,1.921890852,1.921890852,1.921890852,1.921890852,1.921890852,1.921890852,,,
09/01/1962,1.919873613,1.919873613,1.919873613,1.919873613,1.919873613,1.919873613,,,
10/01/1962,1.916858608,1.916858608,1.916858608,1.916858608,1.916858608,1.916858608,,,
11/01/1962,1.911835612,1.911835612,1.911835612,1.911835612,1.911835612,1.911835612,,,
12/01/1962,1.908225904,1.908225904,1.908225904,1.908225904,1.908225904,1.908225904,,,
01/01/1963,1.905549284,1.905549284,1.905549284,1.905549284,1.905549284,1.905549284,,,
02/01/1963,1.904888294,1.904888294,1.904888294,1.904888294,1.904888294,1.904888294,,,
03/01/1963,1.90312944,1.90312944,1.90312944,1.90312944,1.90312944,1.90312944,,,
04/01/1963,1.900918719,1.900918719,1.900918719,1.900918719,1.900918719,1.900918719,,,
05/01/1963,1.898547567,1.898547567,1.898547567,1.898547567,1.898547567,1.898547567,,,
06/01/1963,1.895993492,1.895993492,1.895993492,1.895993492,1.895993492,1.895993492,,,
07/01/1963,1.897872044,1.897872044,1.897872044,1.897872044,1.897872044,1.897872044,,,
08/01/1963,1.898025583,1.898025583,1.898025583,1.898025583,1.898025583,1.898025583,,,
09/01/1963,1.890785514,1.890785514,1.890785514,1.890785514,1.890785514,1.890785514,,,
10/01/1963,1.886076446,1.886076446,1.886076446,1.886076446,1.886076446,1.886076446,,,
11/01/1963,1.881688032,1.881688032,1.881688032,1.881688032,1.881688032,1.881688032,,,
12/01/1963,1.88110907,1.88110907,1.88110907,1.88110907,1.88110907,1.88110907,,,
01/01/1964,1.879931729,1.879931729,1.879931729,1.879931729,1.879931729,1.879931729,,,
02/01/1964,1.880224339,1.880224339,1.880224339,1.880224339,1.880224339,1.880224339,,,
03/01/1964,1.877973732,1.877973732,1.877973732,1.877973732,1.877973732,1.877973732,,,
04/01/1964,1.87902304,1.87902304,1.87902304,1.87902304,1.87902304,1.87902304,,,
05/01/1964,1.875103526,1.875103526,1.875103526,1.875103526,1.875103526,1.875103526,,,
06/01/1964,1.874719796,1.874719796,1.874719796,1.874719796,1.874719796,1.874719796,,,
07/01/1964,1.870769681,1.870769681,1.870769681,1.870769681,1.870769681,1.870769681,,,
08/01/1964,1.873466388,1.873466388,1.873466388,1.873466388,1.873466388,1.873466388,,,
09/01/1964,1.871944524,1.871944524,1.871944524,1.871944524,1.871944524,1.871944524,,,
10/01/1964,1.868518189,1.868518189,1.868518189,1.868518189,1.868518189,1.868518189,,,
11/01/1964,1.868726224,1.868726224,1.868726224,1.868726224,1.868726224,1.868726224,,,
12/01/1964,1.869136398,1.869136398,1.869136398,1.869136398,1.869136398,1.869136398,,,
01/01/1965,1.868404767,1.868404767,1.868404767,1.868404767,1.868404767,1.868404767,,,
02/01/1965,1.868824325,1.868824325,1.868824325,1.868824325,1.868824325,1.868824325,,,
03/01/1965,1.865741389,1.865741389,1.865741389,1.865741389,1.865741389,1.865741389,,,
04/01/1965,1.863042918,1.863042918,1.863042918,1.863042918,1.863042918,1.863042918,,,
05/01/1965,1.858733507,1.858733507,1.858733507,1.858733507,1.858733507,1.858733507,,,
06/01/1965,1.85670556,1.85670556,1.85670556,1.85670556,1.85670556,1.85670556,,,
07/01/1965,1.854390068,1.854390068,1.854390068,1.854390068,1.854390068,1.854390068,,,
08/01/1965,1.849528602,1.849528602,1.849528602,1.849528602,1.849528602,1.849528602,,,
09/01/1965,1.847065884,1.847065884,1.847065884,1.847065884,1.847065884,1.847065884,,,
10/01/1965,1.842732879,1.842732879,1.842732879,1.842732879,1.842732879,1.842732879,,,
11/01/1965,1.838479943,1.838479943,1.838479943,1.838479943,1.838479943,1.838479943,,,
12/01/1965,1.836189729,1.836189729,1.836189729,1.836189729,1.836189729,1.836189729,,,
01/01/1966,1.834114783,1.834114783,1.834114783,1.834114783,1.834114783,1.834114783,,,
02/01/1966,1.830999331,1.830999331,1.830999331,1.830999331,1.830999331,1.830999331,,,
03/01/1966,1.829159168,1.829159168,1.829159168,1.829159168,1.829159168,1.829159168,,,
04/01/1966,1.831468838,1.831468838,1.831468838,1.831468838,1.831468838,1.831468838,,,
05/01/1966,1.82807124,1.82807124,1.82807124,1.82807124,1.82807124,1.82807124,,,
06/01/1966,1.828970687,1.828970687,1.828970687,1.828970687,1.828970687,1.828970687,,,
07/01/1966,1.829683353,1.829683353,1.829683353,1.829683353,1.829683353,1.829683353,,,
08/01/1966,1.827735864,1.827735864,1.827735864,1.827735864,1.827735864,1.827735864,,,
09/01/1966,1.83158331,1.83158331,1.83158331,1.83158331,1.83158331,1.83158331,,,
10/01/1966,1.829520174,1.829520174,1.829520174,1.829520174,1.829520174,1.829520174,,,
11/01/1966,1.828700326,1.828700326,1.828700326,1.828700326,1.828700326,1.828700326,,,
12/01/1966,1.828016215,1.828016215,1.828016215,1.828016215,1.828016215,1.828016215,,,
01/01/1967,1.82524497,1.82524497,1.82524497,1.82524497,1.82524497,1.82524497,,,
02/01/1967,1.82342735,1.82342735,1.82342735,1.82342735,1.82342735,1.82342735,,,
03/01/1967,1.823022817,1.823022817,1.823022817,1.823022817,1.823022817,1.823022817,,,
04/01/1967,1.823078762,1.823078762,1.823078762,1.823078762,1.823078762,1.823078762,,,
05/01/1967,1.824847962,1.824847962,1.824847962,1.824847962,1.824847962,1.824847962,,,
06/01/1967,1.822860729,1.822860729,1.822860729,1.822860729,1.822860729,1.822860729,,,
07/01/1967,1.819170468,1.819170468,1.819170468,1.819170468,1.819170468,1.819170468,,,
08/01/1967,1.813014618,1.813014618,1.813014618,1.813014618,1.813014618,1.813014618,,,
09/01/1967,1.811829062,1.811829062,1.811829062,1.811829062,1.811829062,1.811829062,,,
10/01/1967,1.809195026,1.809195026,1.809195026,1.809195026,1.809195026,1.809195026,,,
11/01/1967,1.809708526,1.809708526,1.809708526,1.809708526,1.809708526,1.809708526,,,
12/01/1967,1.808342261,1.808342261,1.808342261,1.808342261,1.808342261,1.808342261,,,
01/01/1968,1.809895249,1.809895249,1.809895249,1.809895249,1.809895249,1.809895249,,,
02/01/1968,1.812337378,1.812337378,1.812337378,1.812337378,1.812337378,1.812337378,,,
03/01/1968,1.815699617,1.815699617,1.815699617,1.815699617,1.815699617,1.815699617,,,
04/01/1968,1.818106651,1.818106651,1.818106651,1.818106651,1.818106651,1.818106651,,,
05/01/1968,1.820898528,1.820898528,1.820898528,1.820898528,1.820898528,1.820898528,,,
06/01/1968,1.826917779,1.826917779,1.826917779,1.826917779,1.826917779,1.826917779,,,
07/01/1968,1.828441724,1.828441724,1.828441724,1.828441724,1.828441724,1.828441724,,,
08/01/1968,1.833263242,1.833263242,1.833263242,1.833263242,1.833263242,1.833263242,,,
09/01/1968,1.83661922,1.83661922,1.83661922,1.83661922,1.83661922,1.83661922,,,
10/01/1968,1.837632535,1.837632535,1.837632535,1.837632535,1.837632535,1.837632535,,,
11/01/1968,1.838263497,1.838263497,1.838263497,1.838263497,1.838263497,1.838263497,,,
12/01/1968,1.838335392,1.838335392,1.838335392,1.838335392,1.838335392,1.838335392,,,
01/01/1969,1.837953886,1.837953886,1.837953886,1.837953886,1.837953886,1.837953886,,,
02/01/1969,1.837624957,1.837624957,1.837624957,1.837624957,1.837624957,1.837624957,,,
03/01/1969,1.83890637,1.83890637,1.83890637,1.83890637,1.83890637,1.83890637,,,
04/01/1969,1.839596345,1.839596345,1.839596345,1.839596345,1.839596345,1.839596345,,,
05/01/1969,1.835880142,1.835880142,1.835880142,1.835880142,1.835880142,1.835880142,,,
06/01/1969,1.835026419,1.835026419,1.835026419,1.835026419,1.835026419,1.835026419,,,
07/01/1969,1.836896076,1.836896076,1.836896076,1.836896076,1.836896076,1.836896076,,,
08/01/1969,1.839995285,1.839995285,1.839995285,1.839995285,1.839995285,1.839995285,,,
09/01/1969,1.841802205,1.841802205,1.841802205,1.841802205,1.841802205,1.841802205,,,
10/01/1969,1.83955377,1.83955377,1.83955377,1.83955377,1.83955377,1.83955377,,,
11/01/1969,1.83754476,1.83754476,1.83754476,1.83754476,1.83754476,1.83754476,,,
12/01/1969,1.837749109,1.837749109,1.837749109,1.837749109,1.837749109,1.837749109,,,
01/01/1970,1.839138433,1.839138433,1.839138433,1.839138433,1.839138433,1.839138433,,,
02/01/1970,1.842935987,1.842935987,1.842935987,1.842935987,1.842935987,1.842935987,,,
03/01/1970,1.843845578,1.843845578,1.843845578,1.843845578,1.843845578,1.843845578,,,
04/01/1970,1.842448444,1.842448444,1.842448444,1.842448444,1.842448444,1.842448444,,,
05/01/1970,1.84595889,1.84595889,1.84595889,1.84595889,1.84595889,1.84595889,,,
06/01/1970,1.847094775,1.847094775,1.847094775,1.847094775,1.847094775,1.847094775,,,
07/01/1970,1.8490459,1.8490459,1.8490459,1.8490459,1.8490459,1.8490459,,,
08/01/1970,1.855462752,1.855462752,1.855462752,1.855462752,1.855462752,1.855462752,,,
09/01/1970,1.860412557,1.860412557,1.860412557,1.860412557,1.860412557,1.860412557,,,
10/01/1970,1.868408302,1.868408302,1.868408302,1.868408302,1.868408302,1.868408302,,,
11/01/1970,1.871821633,1.871821633,1.871821633,1.871821633,1.871821633,1.871821633,,,
12/01/1970,1.871242694,1.871242694,1.871242694,1.871242694,1.871242694,1.871242694,,,
01/01/1971,1.873366971,1.873366971,1.873366971,1.873366971,1.873366971,1.873366971,,,
02/01/1971,1.875301233,1.875301233,1.875301233,1.875301233,1.875301233,1.875301233,,,
03/01/1971,1.878660002,1.878660002,1.878660002,1.878660002,1.878660002,1.878660002,,,
04/01/1971,1.886047267,1.886047267,1.886047267,1.886047267,1.886047267,1.886047267,,,
05/01/1971,1.8898569,1.8898569,1.8898569,1.8898569,1.8898569,1.8898569,,,
06/01/1971,1.894068014,1.894068014,1.894068014,1.894068014,1.894068014,1.894068014,,,
07/01/1971,1.896001914,1.896001914,1.896001914,1.896001914,1.896001914,1.896001914,,,
08/01/1971,1.903179517,1.903179517,1.903179517,1.903179517,1.903179517,1.903179517,,,
09/01/1971,1.908726105,1.908726105,1.908726105,1.908726105,1.908726105,1.908726105,,,
10/01/1971,1.915696546,1.915696546,1.915696546,1.915696546,1.915696546,1.915696546,,,
11/01/1971,1.922610581,1.922610581,1.922610581,1.922610581,1.922610581,1.922610581,,,
12/01/1971,1.924780384,1.924780384,1.924780384,1.924780384,1.924780384,1.924780384,,,
01/01/1972,1.933121179,1.933121179,1.933121179,1.933121179,1.933121179,1.933121179,,,
02/01/1972,1.943329641,1.943329641,1.943329641,1.943329641,1.943329641,1.943329641,,,
03/01/1972,1.951784937,1.951784937,1.951784937,1.951784937,1.951784937,1.951784937,,,
04/01/1972,1.961963374,1.961963374,1.961963374,1.961963374,1.961963374,1.961963374,,,
05/01/1972,1.969335628,1.969335628,1.969335628,1.969335628,1.969335628,1.969335628,,,
06/01/1972,1.973634235,1.973634235,1.973634235,1.973634235,1.973634235,1.973634235,,,
07/01/1972,1.982688273,1.982688273,1.982688273,1.982688273,1.982688273,1.982688273,,,
08/01/1972,1.988883952,1.988883952,1.988883952,1.988883952,1.988883952,1.988883952,,,
09/01/1972,1.994647568,1.994647568,1.994647568,1.994647568,1.994647568,1.994647568,,,
10/01/1972,1.999084707,1.999084707,1.999084707,1.999084707,1.999084707,1.999084707,,,
11/01/1972,2.004066402,2.004066402,2.004066402,2.004066402,2.004066402,2.004066402,,,
12/01/1972,2.006964975,2.006964975,2.006964975,2.006964975,2.006964975,2.006964975,,,
01/01/1973,2.010343236,2.010343236,2.010343236,2.010343236,2.010343236,2.010343236,,,
02/01/1973,2.014133173,2.014133173,2.014133173,2.014133173,2.014133173,2.014133173,,,
03/01/1973,2.020391842,2.020391842,2.020391842,2.020391842,2.020391842,2.020391842,,,
04/01/1973,2.023075921,2.023075921,2.023075921,2.023075921,2.023075921,2.023075921,,,
05/01/1973,2.030357558,2.030357558,2.030357558,2.030357558,2.030357558,2.030357558,,,
06/01/1973,2.034603671,2.034603671,2.034603671,2.034603671,2.034603671,2.034603671,,,
07/01/1973,2.04006178,2.04006178,2.04006178,2.04006178,2.04006178,2.04006178,,,
08/01/1973,2.045163115,2.045163115,2.045163115,2.045163115,2.045163115,2.045163115,,,
09/01/1973,2.050952262,2.050952262,2.050952262,2.050952262,2.050952262,2.050952262,,,
10/01/1973,2.059593992,2.059593992,2.059593992,2.059593992,2.059593992,2.059593992,,,
11/01/1973,2.069871568,2.069871568,2.069871568,2.069871568,2.069871568,2.069871568,,,
12/01/1973,2.078556643,2.078556643,2.078556643,2.078556643,2.078556643,2.078556643,,,
01/01/1974,2.085532217,2.085532217,2.085532217,2.085532217,2.085532217,2.085532217,,,
02/01/1974,2.090573489,2.090573489,2.090573489,2.090573489,2.090573489,2.090573489,,,
03/01/1974,2.100246535,2.100246535,2.100246535,2.100246535,2.100246535,2.100246535,,,
04/01/1974,2.107401507,2.107401507,2.107401507,2.107401507,2.107401507,2.107401507,,,
05/01/1974,2.116561027,2.116561027,2.116561027,2.116561027,2.116561027,2.116561027,,,
06/01/1974,2.120025946,2.120025946,2.120025946,2.120025946,2.120025946,2.120025946,,,
07/01/1974,2.127150165,2.127150165,2.127150165,2.127150165,2.127150165,2.127150165,,,
08/01/1974,2.134075973,2.134075973,2.134075973,2.134075973,2.134075973,2.134075973,,,
09/01/1974,2.136984975,2.136984975,2.136984975,2.136984975,2.136984975,2.136984975,,,
10/01/1974,2.138773641,2.138773641,2.138773641,2.138773641,2.138773641,2.138773641,,,
11/01/1974,2.145418066,2.145418066,2.145418066,2.145418066,2.145418066,2.145418066,,,
12/01/1974,2.143578157,2.143578157,2.143578157,2.143578157,2.143578157,2.143578157,,,
01/01/1975,2.146090278,2.146090278,2.146090278,2.146090278,2.146090278,2.146090278,,,
02/01/1975,2.146272142,2.146272142,2.146272142,2.146272142,2.146272142,2.146272142,,,
03/01/1975,2.145123772,2.145123772,2.145123772,2.145123772,2.145123772,2.145123772,,,
04/01/1975,2.141884217,2.141884217,2.141884217,2.141884217,2.141884217,2.141884217,,,
05/01/1975,2.142230749,2.142230749,2.142230749,2.142230749,2.142230749,2.142230749,,,
06/01/1975,2.143617295,2.143617295,2.143617295,2.143617295,2.143617295,2.143617295,,,
07/01/1975,2.144880922,2.144880922,2.144880922,2.144880922,2.144880922,2.144880922,,,
08/01/1975,2.14703704,2.14703704,2.14703704,2.14703704,2.14703704,2.14703704,,,
09/01/1975,2.142567776,2.142567776,2.142567776,2.142567776,2.142567776,2.142567776,,,
10/01/1975,2.140924813,2.140924813,2.140924813,2.140924813,2.140924813,2.140924813,,,
11/01/1975,2.142595724,2.142595724,2.142595724,2.142595724,2.142595724,2.142595724,,,
12/01/1975,2.143711342,2.143711342,2.143711342,2.143711342,2.143711342,2.143711342,,,
01/01/1976,2.144158784,2.144158784,2.144158784,2.144158784,2.144158784,2.144158784,,,
02/01/1976,2.145073551,2.145073551,2.145073551,2.145073551,2.145073551,2.145073551,,,
03/01/1976,2.145130441,2.145130441,2.145130441,2.145130441,2.145130441,2.145130441,,,
04/01/1976,2.147133993,2.147133993,2.147133993,2.147133993,2.147133993,2.147133993,,,
05/01/1976,2.146495933,2.146495933,2.146495933,2.146495933,2.146495933,2.146495933,,,
06/01/1976,2.143183979,2.143183979,2.143183979,2.143183979,2.143183979,2.143183979,,,
07/01/1976,2.147496407,2.147496407,2.147496407,2.147496407,2.147496407,2.147496407,,,
08/01/1976,2.152180091,2.152180091,2.152180091,2.152180091,2.152180091,2.152180091,,,
09/01/1976,2.156005907,2.156005907,2.156005907,2.156005907,2.156005907,2.156005907,,,
10/01/1976,2.165172725,2.165172725,2.165172725,2.165172725,2.165172725,2.165172725,,,
11/01/1976,2.17168938,2.17168938,2.17168938,2.17168938,2.17168938,2.17168938,,,
12/01/1976,2.183474736,2.183474736,2.183474736,2.183474736,2.183474736,2.183474736,,,
01/01/1977,2.19598372,2.19598372,2.19598372,2.19598372,2.19598372,2.19598372,,,
02/01/1977,2.208409405,2.208409405,2.208409405,2.208409405,2.208409405,2.208409405,,,
03/01/1977,2.22154709,2.22154709,2.22154709,2.22154709,2.22154709,2.22154709,,,
04/01/1977,2.241236919,2.241236919,2.241236919,2.241236919,2.241236919,2.241236919,,,
05/01/1977,2.268780363,2.268780363,2.268780363,2.268780363,2.268780363,2.268780363,,,
06/01/1977,2.294085539,2.294085539,2.294085539,2.294085539,2.294085539,2.294085539,,,
07/01/1977,2.319826651,2.319826651,2.319826651,2.319826651,2.319826651,2.319826651,,,
08/01/1977,2.344556767,2.344556767,2.344556767,2.344556767,2.344556767,2.344556767,,,
09/01/1977,2.367834029,2.367834029,2.367834029,2.367834029,2.367834029,2.367834029,,,
10/01/1977,2.391534331,2.391534331,2.391534331,2.391534331,2.391534331,2.391534331,,,
11/01/1977,2.413607026,2.413607026,2.413607026,2.413607026,2.413607026,2.413607026,,,
12/01/1977,2.428609627,2.428609627,2.428609627,2.428609627,2.428609627,2.428609627,,,
01/01/1978,2.44674392,2.44674392,2.44674392,2.44674392,2.44674392,2.44674392,,,
02/01/1978,2.462434563,2.462434563,2.462434563,2.462434563,2.462434563,2.462434563,,,
03/01/1978,2.477077323,2.477077323,2.477077323,2.477077323,2.477077323,2.477077323,,,
04/01/1978,2.490575769,2.490575769,2.490575769,2.490575769,2.490575769,2.490575769,,,
05/01/1978,2.50389185,2.50389185,2.50389185,2.50389185,2.50389185,2.50389185,,,
06/01/1978,2.515894672,2.515894672,2.515894672,2.515894672,2.515894672,2.515894672,,,
07/01/1978,2.526540721,2.526540721,2.526540721,2.526540721,2.526540721,2.526540721,,,
08/01/1978,2.536286779,2.536286779,2.536286779,2.536286779,2.536286779,2.536286779,,,
09/01/1978,2.550198699,2.550198699,2.550198699,2.550198699,2.550198699,2.550198699,,,
10/01/1978,2.560605308,2.560605308,2.560605308,2.560605308,2.560605308,2.560605308,,,
11/01/1978,2.571824405,2.571824405,2.571824405,2.571824405,2.571824405,2.571824405,,,
12/01/1978,2.58250774,2.58250774,2.58250774,2.58250774,2.58250774,2.58250774,,,
01/01/1979,2.593636435,2.593636435,2.593636435,2.593636435,2.593636435,2.593636435,,,
02/01/1979,2.601035812,2.601035812,2.601035812,2.601035812,2.601035812,2.601035812,,,
03/01/1979,2.609249535,2.609249535,2.609249535,2.609249535,2.609249535,2.609249535,,,
04/01/1979,2.619594508,2.619594508,2.619594508,2.619594508,2.619594508,2.619594508,,,
05/01/1979,2.626463694,2.626463694,2.626463694,2.626463694,2.626463694,2.626463694,,,
06/01/1979,2.631435603,2.631435603,2.631435603,2.631435603,2.631435603,2.631435603,,,
07/01/1979,2.639539533,2.639539533,2.639539533,2.639539533,2.639539533,2.639539533,,,
08/01/1979,2.642630074,2.642630074,2.642630074,2.642630074,2.642630074,2.642630074,,,
09/01/1979,2.650748217,2.650748217,2.650748217,2.650748217,2.650748217,2.650748217,,,
10/01/1979,2.660874273,2.660874273,2.660874273,2.660874273,2.660874273,2.660874273,,,
11/01/1979,2.666729253,2.666729253,2.666729253,2.666729253,2.666729253,2.666729253,,,
12/01/1979,2.672844462,2.672844462,2.672844462,2.672844462,2.672844462,2.672844462,,,
01/01/1980,2.677943265,2.677943265,2.677943265,2.677943265,2.677943265,2.677943265,,,
02/01/1980,2.683263506,2.683263506,2.683263506,2.683263506,2.683263506,2.683263506,,,
03/01/1980,2.687869658,2.687869658,2.687869658,2.687869658,2.687869658,2.687869658,,,
04/01/1980,2.691710671,2.691710671,2.691710671,2.691710671,2.691710671,2.691710671,,,
05/01/1980,2.696211343,2.696211343,2.696211343,2.696211343,2.696211343,2.696211343,,,
06/01/1980,2.700725446,2.700725446,2.700725446,2.700725446,2.700725446,2.700725446,,,
07/01/1980,2.703910216,2.703910216,2.703910216,2.703910216,2.703910216,2.703910216,,,
08/01/1980,2.707690537,2.707690537,2.707690537,2.707690537,2.707690537,2.707690537,,,
09/01/1980,2.709726782,2.709726782,2.709726782,2.709726782,2.709726782,2.709726782,,,
10/01/1980,2.713487699,2.713487699,2.713487699,2.713487699,2.713487699,2.713487699,,,
11/01/1980,2.717781775,2.717781775,2.717781775,2.717781775,2.717781775,2.717781775,,,
12/01/1980,2.720952556,2.720952556,2.720952556,2.720952556,2.720952556,2.720952556,,,
01/01/1981,2.72210278,2.72210278,2.72210278,2.72210278,2.72210278,2.72210278,,,
02/01/1981,2.722860549,2.722860549,2.722860549,2.722860549,2.722860549,2.722860549,,,
03/01/1981,2.724522762,2.724522762,2.724522762,2.724522762,2.724522762,2.724522762,,,
04/01/1981,2.728167564,2.728167564,2.728167564,2.728167564,2.728167564,2.728167564,,,
05/01/1981,2.729416198,2.729416198,2.729416198,2.729416198,2.729416198,2.729416198,,,
06/01/1981,2.732830762,2.732830762,2.732830762,2.732830762,2.732830762,2.732830762,,,
07/01/1981,2.737073691,2.737073691,2.737073691,2.737073691,2.737073691,2.737073691,,,
08/01/1981,2.737015613,2.737015613,2.737015613,2.737015613,2.737015613,2.737015613,,,
09/01/1981,2.739123843,2.739123843,2.739123843,2.739123843,2.739123843,2.739123843,,,
10/01/1981,2.742584659,2.742584659,2.742584659,2.742584659,2.742584659,2.742584659,,,
11/01/1981,2.746630133,2.746630133,2.746630133,2.746630133,2.746630133,2.746630133,,,
12/01/1981,2.747692086,2.747692086,2.747692086,2.747692086,2.747692086,2.747692086,,,
01/01/1982,2.749607056,2.749607056,2.749607056,2.749607056,2.749607056,2.749607056,,,
02/01/1982,2.750332158,2.750332158,2.750332158,2.750332158,2.750332158,2.750332158,,,
03/01/1982,2.750640889,2.750640889,2.750640889,2.750640889,2.750640889,2.750640889,,,
04/01/1982,2.752024397,2.752024397,2.752024397,2.752024397,2.752024397,2.752024397,,,
05/01/1982,2.75216659,2.75216659,2.75216659,2.75216659,2.75216659,2.75216659,,,
06/01/1982,2.753318485,2.753318485,2.753318485,2.753318485,2.753318485,2.753318485,,,
07/01/1982,2.754040809,2.754040809,2.754040809,2.754040809,2.754040809,2.754040809,,,
08/01/1982,2.752669308,2.752669308,2.752669308,2.752669308,2.752669308,2.752669308,,,
09/01/1982,2.751095928,2.751095928,2.751095928,2.751095928,2.751095928,2.751095928,,,
10/01/1982,2.747447949,2.747447949,2.747447949,2.747447949,2.747447949,2.747447949,,,
11/01/1982,2.74666729,2.74666729,2.74666729,2.74666729,2.74666729,2.74666729,,,
12/01/1982,2.743694862,2.743694862,2.743694862,2.743694862,2.743694862,2.743694862,,,
01/01/1983,2.743149176,2.743149176,2.743149176,2.743149176,2.743149176,2.743149176,,,
02/01/1983,2.740871861,2.740871861,2.740871861,2.740871861,2.740871861,2.740871861,,,
03/01/1983,2.740338052,2.740338052,2.740338052,2.740338052,2.740338052,2.740338052,,,
04/01/1983,2.738716809,2.738716809,2.738716809,2.738716809,2.738716809,2.738716809,,,
05/01/1983,2.734534688,2.734534688,2.734534688,2.734534688,2.734534688,2.734534688,,,
06/01/1983,2.733148993,2.733148993,2.733148993,2.733148993,2.733148993,2.733148993,,,
07/01/1983,2.731726802,2.731726802,2.731726802,2.731726802,2.731726802,2.731726802,,,
08/01/1983,2.730492526,2.730492526,2.730492526,2.730492526,2.730492526,2.730492526,,,
09/01/1983,2.731555859,2.731555859,2.731555859,2.731555859,2.731555859,2.731555859,,,
10/01/1983,2.733584431,2.733584431,2.733584431,2.733584431,2.733584431,2.733584431,,,
11/01/1983,2.733005197,2.733005197,2.733005197,2.733005197,2.733005197,2.733005197,,,
12/01/1983,2.736150571,2.736150571,2.736150571,2.736150571,2.736150571,2.736150571,,,
01/01/1984,2.735914821,2.735914821,2.735914821,2.735914821,2.735914821,2.735914821,,,
02/01/1984,2.738325892,2.738325892,2.738325892,2.738325892,2.738325892,2.738325892,,,
03/01/1984,2.740463897,2.740463897,2.740463897,2.740463897,2.740463897,2.740463897,,,
04/01/1984,2.743153313,2.743153313,2.743153313,2.743153313,2.743153313,2.743153313,,,
05/01/1984,2.744467422,2.744467422,2.744467422,2.744467422,2.744467422,2.744467422,,,
06/01/1984,2.7473302,2.7473302,2.7473302,2.7473302,2.7473302,2.7473302,,,
07/01/1984,2.749585711,2.749585711,2.749585711,2.749585711,2.749585711,2.749585711,,,
08/01/1984,2.748495567,2.748495567,2.748495567,2.748495567,2.748495567,2.748495567,,,
09/01/1984,2.747828819,2.747828819,2.747828819,2.747828819,2.747828819,2.747828819,,,
10/01/1984,2.747135263,2.747135263,2.747135263,2.747135263,2.747135263,2.747135263,,,
11/01/1984,2.752440309,2.752440309,2.752440309,2.752440309,2.752440309,2.752440309,,,
12/01/1984,2.754359584,2.754359584,2.754359584,2.754359584,2.754359584,2.754359584,,,
01/01/1985,2.755446949,2.755446949,2.755446949,2.755446949,2.755446949,2.755446949,,,
02/01/1985,2.757924772,2.757924772,2.757924772,2.757924772,2.757924772,2.757924772,,,
03/01/1985,2.759826869,2.759826869,2.759826869,2.759826869,2.759826869,2.759826869,,,
04/01/1985,2.759953303,2.759953303,2.759953303,2.759953303,2.759953303,2.759953303,,,
05/01/1985,2.75691123,2.75691123,2.75691123,2.75691123,2.75691123,2.75691123,,,
06/01/1985,2.759513824,2.759513824,2.759513824,2.759513824,2.759513824,2.759513824,,,
07/01/1985,2.76198552,2.76198552,2.76198552,2.76198552,2.76198552,2.76198552,,,
08/01/1985,2.760329199,2.760329199,2.760329199,2.760329199,2.760329199,2.760329199,,,
09/01/1985,2.761770248,2.761770248,2.761770248,2.761770248,2.761770248,2.761770248,,,
10/01/1985,2.761044983,2.761044983,2.761044983,2.761044983,2.761044983,2.761044983,,,
11/01/1985,2.762724449,2.762724449,2.762724449,2.762724449,2.762724449,2.762724449,,,
12/01/1985,2.766006472,2.766006472,2.766006472,2.766006472,2.766006472,2.766006472,,,
01/01/1986,2.767899846,2.767899846,2.767899846,2.767899846,2.767899846,2.767899846,,,
02/01/1986,2.765894824,2.765894824,2.765894824,2.765894824,2.765894824,2.765894824,,,
03/01/1986,2.766533785,2.766533785,2.766533785,2.766533785,2.766533785,2.766533785,,,
04/01/1986,2.765699,2.765699,2.765699,2.765699,2.765699,2.765699,,,
05/01/1986,2.767253845,2.767253845,2.767253845,2.767253845,2.767253845,2.767253845,,,
06/01/1986,2.767015239,2.767015239,2.767015239,2.767015239,2.767015239,2.767015239,,,
07/01/1986,2.767848328,2.767848328,2.767848328,2.767848328,2.767848328,2.767848328,,,
08/01/1986,2.766154418,2.766154418,2.766154418,2.766154418,2.766154418,2.766154418,,,
09/01/1986,2.761842399,2.761842399,2.761842399,2.761842399,2.761842399,2.761842399,,,
10/01/1986,2.759253846,2.759253846,2.759253846,2.759253846,2.759253846,2.759253846,,,
11/01/1986,2.763251252,2.763251252,2.763251252,2.763251252,2.763251252,2.763251252,,,
12/01/1986,2.762421806,2.762421806,2.762421806,2.762421806,2.762421806,2.762421806,,,
01/01/1987,2.763210104,2.763210104,2.763210104,2.763210104,2.763210104,2.763210104,,,
02/01/1987,2.763860638,2.763860638,2.763860638,2.763860638,2.763860638,2.763860638,,,
03/01/1987,2.764853104,2.764853104,2.764853104,2.764853104,2.764853104,2.764853104,,,
04/01/1987,2.766289042,2.766289042,2.766289042,2.766289042,2.766289042,2.766289042,,,
05/01/1987,2.766461525,2.766461525,2.766461525,2.766461525,2.766461525,2.766461525,,,
06/01/1987,2.76918879,2.76918879,2.76918879,2.76918879,2.76918879,2.76918879,,,
07/01/1987,2.768401224,2.768401224,2.768401224,2.768401224,2.768401224,2.768401224,,,
08/01/1987,2.76789822,2.76789822,2.76789822,2.76789822,2.76789822,2.76789822,,,
09/01/1987,2.771189066,2.771189066,2.771189066,2.771189066,2.771189066,2.771189066,,,
10/01/1987,2.773660619,2.773660619,2.773660619,2.773660619,2.773660619,2.773660619,,,
11/01/1987,2.780650775,2.780650775,2.780650775,2.780650775,2.780650775,2.780650775,,,
12/01/1987,2.783703902,2.783703902,2.783703902,2.783703902,2.783703902,2.783703902,,,
01/01/1988,2.788231163,2.788231163,2.788231163,2.788231163,2.788231163,2.788231163,,,
02/01/1988,2.79616945,2.79616945,2.79616945,2.79616945,2.79616945,2.79616945,,,
03/01/1988,2.802024262,2.802024262,2.802024262,2.802024262,2.802024262,2.802024262,,,
04/01/1988,2.805763338,2.805763338,2.805763338,2.805763338,2.805763338,2.805763338,,,
05/01/1988,2.809711742,2.809711742,2.809711742,2.809711742,2.809711742,2.809711742,,,
06/01/1988,2.811094519,2.811094519,2.811094519,2.811094519,2.811094519,2.811094519,,,
07/01/1988,2.813267087,2.813267087,2.813267087,2.813267087,2.813267087,2.813267087,,,
08/01/1988,2.816623827,2.816623827,2.816623827,2.816623827,2.816623827,2.816623827,,,
09/01/1988,2.819940643,2.819940643,2.819940643,2.819940643,2.819940643,2.819940643,,,
10/01/1988,2.821056375,2.821056375,2.821056375,2.821056375,2.821056375,2.821056375,,,
11/01/1988,2.82157249,2.82157249,2.82157249,2.82157249,2.82157249,2.82157249,,,
12/01/1988,2.822654116,2.822654116,2.822654116,2.822654116,2.822654116,2.822654116,,,
01/01/1989,2.823590669,2.823590669,2.823590669,2.823590669,2.823590669,2.823590669,,,
02/01/1989,2.826091023,2.826091023,2.826091023,2.826091023,2.826091023,2.826091023,,,
03/01/1989,2.827841276,2.827841276,2.827841276,2.827841276,2.827841276,2.827841276,,,
04/01/1989,2.831690221,2.831690221,2.831690221,2.831690221,2.831690221,2.831690221,,,
05/01/1989,2.834721293,2.834721293,2.834721293,2.834721293,2.834721293,2.834721293,,,
06/01/1989,2.836862112,2.836862112,2.836862112,2.836862112,2.836862112,2.836862112,,,
07/01/1989,2.841458875,2.841458875,2.841458875,2.841458875,2.841458875,2.841458875,,,
08/01/1989,2.841151824,2.841151824,2.841151824,2.841151824,2.841151824,2.841151824,,,
09/01/1989,2.846248823,2.846248823,2.846248823,2.846248823,2.846248823,2.846248823,,,
10/01/1989,2.849986784,2.849986784,2.849986784,2.849986784,2.849986784,2.849986784,,,
11/01/1989,2.852762758,2.852762758,2.852762758,2.852762758,2.852762758,2.852762758,,,
12/01/1989,2.855643071,2.855643071,2.855643071,2.855643071,2.855643071,2.855643071,,,
01/01/1990,2.858403904,2.858403904,2.858403904,2.858403904,2.858403904,2.858403904,,,
02/01/1990,2.861826919,2.861826919,2.861826919,2.861826919,2.861826919,2.861826919,,,
03/01/1990,2.868202735,2.868202735,2.868202735,2.868202735,2.868202735,2.868202735,,,
04/01/1990,2.876065918,2.876065918,2.876065918,2.876065918,2.876065918,2.876065918,,,
05/01/1990,2.883136836,2.883136836,2.883136836,2.883136836,2.883136836,2.883136836,,,
06/01/1990,2.890038207,2.890038207,2.890038207,2.890038207,2.890038207,2.890038207,,,
07/01/1990,2.893857434,2.893857434,2.893857434,2.893857434,2.893857434,2.893857434,,,
08/01/1990,2.900498788,2.900498788,2.900498788,2.900498788,2.900498788,2.900498788,,,
09/01/1990,2.90328293,2.90328293,2.90328293,2.90328293,2.90328293,2.90328293,,,
10/01/1990,2.907332002,2.907332002,2.907332002,2.907332002,2.907332002,2.907332002,,,
11/01/1990,2.913711207,2.913711207,2.913711207,2.913711207,2.913711207,2.913711207,,,
12/01/1990,2.916365959,2.916365959,2.916365959,2.916365959,2.916365959,2.916365959,,,
01/01/1991,2.918549414,2.918549414,2.918549414,2.918549414,2.918549414,2.918549414,,,
02/01/1991,2.920501601,2.920501601,2.920501601,2.920501601,2.920501601,2.920501601,,,
03/01/1991,2.923994474,2.923994474,2.923994474,2.923994474,2.923994474,2.923994474,,,
04/01/1991,2.926811141,2.926811141,2.926811141,2.926811141,2.926811141,2.926811141,,,
05/01/1991,2.931944015,2.931944015,2.931944015,2.931944015,2.931944015,2.931944015,,,
06/01/1991,2.938556989,2.938556989,2.938556989,2.938556989,2.938556989,2.938556989,,,
07/01/1991,2.944125662,2.944125662,2.944125662,2.944125662,2.944125662,2.944125662,,,
08/01/1991,2.949042823,2.949042823,2.949042823,2.949042823,2.949042823,2.949042823,,,
09/01/1991,2.952244767,2.952244767,2.952244767,2.952244767,2.952244767,2.952244767,,,
10/01/1991,2.955187946,2.955187946,2.955187946,2.955187946,2.955187946,2.955187946,,,
11/01/1991,2.957945133,2.957945133,2.957945133,2.957945133,2.957945133,2.957945133,,,
12/01/1991,2.961295673,2.961295673,2.961295673,2.961295673,2.961295673,2.961295673,,,
01/01/1992,2.964050022,2.964050022,2.964050022,2.964050022,2.964050022,2.964050022,,,
02/01/1992,2.966557036,2.966557036,2.966557036,2.966557036,2.966557036,2.966557036,,,
03/01/1992,2.97023238,2.97023238,2.97023238,2.97023238,2.97023238,2.97023238,,,
04/01/1992,2.971750429,2.971750429,2.971750429,2.971750429,2.971750429,2.971750429,,,
05/01/1992,2.973066068,2.973066068,2.973066068,2.973066068,2.973066068,2.973066068,,,
06/01/1992,2.974859429,2.974859429,2.974859429,2.974859429,2.974859429,2.974859429,,,
07/01/1992,2.97590925,2.97590925,2.97590925,2.97590925,2.97590925,2.97590925,,,
08/01/1992,2.978407594,2.978407594,2.978407594,2.978407594,2.978407594,2.978407594,,,
09/01/1992,2.978902015,2.978902015,2.978902015,2.978902015,2.978902015,2.978902015,,,
10/01/1992,2.978864102,2.978864102,2.978864102,2.978864102,2.978864102,2.978864102,,,
11/01/1992,2.981525871,2.981525871,2.981525871,2.981525871,2.981525871,2.981525871,,,
12/01/1992,2.982844515,2.982844515,2.982844515,2.982844515,2.982844515,2.982844515,,,
01/01/1993,2.98159533,2.98159533,2.98159533,2.98159533,2.98159533,2.98159533,,,
02/01/1993,2.982574751,2.982574751,2.982574751,2.982574751,2.982574751,2.982574751,,,
03/01/1993,2.981717822,2.981717822,2.981717822,2.981717822,2.981717822,2.981717822,,,
04/01/1993,2.982645136,2.982645136,2.982645136,2.982645136,2.982645136,2.982645136,,,
05/01/1993,2.982151326,2.982151326,2.982151326,2.982151326,2.982151326,2.982151326,,,
06/01/1993,2.9835276,2.9835276,2.9835276,2.9835276,2.9835276,2.9835276,,,
07/01/1993,2.982775105,2.982775105,2.982775105,2.982775105,2.982775105,2.982775105,,,
08/01/1993,2.985208671,2.985208671,2.985208671,2.985208671,2.985208671,2.985208671,,,
09/01/1993,2.985906156,2.985906156,2.985906156,2.985906156,2.985906156,2.985906156,,,
10/01/1993,2.985612943,2.985612943,2.985612943,2.985612943,2.985612943,2.985612943,,,
11/01/1993,2.986637312,2.986637312,2.986637312,2.986637312,2.986637312,2.986637312,,,
12/01/1993,2.986025027,2.986025027,2.986025027,2.986025027,2.986025027,2.986025027,,,
01/01/1994,2.986589425,2.986589425,2.986589425,2.986589425,2.986589425,2.986589425,,,
02/01/1994,2.986613712,2.986613712,2.986613712,2.986613712,2.986613712,2.986613712,,,
03/01/1994,2.988410749,2.988410749,2.988410749,2.988410749,2.988410749,2.988410749,,,
04/01/1994,2.990299682,2.990299682,2.990299682,2.990299682,2.990299682,2.990299682,,,
05/01/1994,2.991713411,2.991713411,2.991713411,2.991713411,2.991713411,2.991713411,,,
06/01/1994,2.991841344,2.991841344,2.991841344,2.991841344,2.991841344,2.991841344,,,
07/01/1994,2.992492193,2.992492193,2.992492193,2.992492193,2.992492193,2.992492193,,,
08/01/1994,2.992567504,2.992567504,2.992567504,2.992567504,2.992567504,2.992567504,,,
09/01/1994,2.992793644,2.992793644,2.992793644,2.992793644,2.992793644,2.992793644,,,
10/01/1994,2.993361432,2.993361432,2.993361432,2.993361432,2.993361432,2.993361432,,,
11/01/1994,2.996416156,2.996416156,2.996416156,2.996416156,2.996416156,2.996416156,,,
12/01/1994,2.999262265,2.999262265,2.999262265,2.999262265,2.999262265,2.999262265,,,
01/01/1995,2.997321693,2.997321693,2.997321693,2.997321693,2.997321693,2.997321693,,,
02/01/1995,2.996263506,2.996263506,2.996263506,2.996263506,2.996263506,2.996263506,,,
03/01/1995,2.994026699,2.994026699,2.994026699,2.994026699,2.994026699,2.994026699,,,
04/01/1995,2.994428599,2.994428599,2.994428599,2.994428599,2.994428599,2.994428599,,,
05/01/1995,2.993796785,2.993796785,2.993796785,2.993796785,2.993796785,2.993796785,,,
06/01/1995,2.99729421,2.99729421,2.99729421,2.99729421,2.99729421,2.99729421,,,
07/01/1995,2.997020767,2.997020767,2.997020767,2.997020767,2.997020767,2.997020767,,,
08/01/1995,2.998899083,2.998899083,2.998899083,2.998899083,2.998899083,2.998899083,,,
09/01/1995,2.999893306,2.999893306,2.999893306,2.999893306,2.999893306,2.999893306,,,
10/01/1995,3.000757001,3.000757001,3.000757001,3.000757001,3.000757001,3.000757001,,,
11/01/1995,3.001846403,3.001846403,3.001846403,3.001846403,3.001846403,3.001846403,,,
12/01/1995,3.002284776,3.002284776,3.002284776,3.002284776,3.002284776,3.002284776,,,
01/01/1996,3.001122715,3.001122715,3.001122715,3.001122715,3.001122715,3.001122715,,,
02/01/1996,2.99988572,2.99988572,2.99988572,2.99988572,2.99988572,2.99988572,,,
03/01/1996,2.998368859,2.998368859,2.998368859,2.998368859,2.998368859,2.998368859,,,
04/01/1996,2.999576339,2.999576339,2.999576339,2.999576339,2.999576339,2.999576339,,,
05/01/1996,2.999973601,2.999973601,2.999973601,2.999973601,2.999973601,2.999973601,,,
06/01/1996,3.000286556,3.000286556,3.000286556,3.000286556,3.000286556,3.000286556,,,
07/01/1996,3.001687145,3.001687145,3.001687145,3.001687145,3.001687145,3.001687145,,,
08/01/1996,3.004001489,3.004001489,3.004001489,3.004001489,3.004001489,3.004001489,,,
09/01/1996,3.00517343,3.00517343,3.00517343,3.00517343,3.00517343,3.00517343,,,
10/01/1996,3.006424105,3.006424105,3.006424105,3.006424105,3.006424105,3.006424105,,,
11/01/1996,3.010568721,3.010568721,3.010568721,3.010568721,3.010568721,3.010568721,,,
12/01/1996,3.011344095,3.011344095,3.011344095,3.011344095,3.011344095,3.011344095,,,
01/01/1997,3.010429202,3.010429202,3.010429202,3.010429202,3.010429202,3.010429202,,,
02/01/1997,3.00552346,3.00552346,3.00552346,3.00552346,3.00552346,3.00552346,,,
03/01/1997,3.001075777,3.001075777,3.001075777,3.001075777,3.001075777,3.001075777,,,
04/01/1997,3.002854861,3.002854861,3.002854861,3.002854861,3.002854861,3.002854861,,,
05/01/1997,3.002953619,3.002953619,3.002953619,3.002953619,3.002953619,3.002953619,,,
06/01/1997,3.000869136,3.000869136,3.000869136,3.000869136,3.000869136,3.000869136,,,
07/01/1997,3.00544208,3.00544208,3.00544208,3.00544208,3.00544208,3.00544208,,,
08/01/1997,3.006512621,3.006512621,3.006512621,3.006512621,3.006512621,3.006512621,,,
09/01/1997,3.00976502,3.00976502,3.00976502,3.00976502,3.00976502,3.00976502,,,
10/01/1997,3.009603838,3.009603838,3.009603838,3.009603838,3.009603838,3.009603838,,,
11/01/1997,3.010844725,3.010844725,3.010844725,3.010844725,3.010844725,3.010844725,,,
12/01/1997,3.009976885,3.009976885,3.009976885,3.009976885,3.009976885,3.009976885,,,
01/01/1998,3.006232929,3.006232929,3.006232929,3.006232929,3.006232929,3.006232929,,,
02/01/1998,2.999397738,2.999397738,2.999397738,2.999397738,2.999397738,2.999397738,,,
03/01/1998,2.994264531,2.994264531,2.994264531,2.994264531,2.994264531,2.994264531,,,
04/01/1998,2.992085091,2.992085091,2.992085091,2.992085091,2.992085091,2.992085091,,,
05/01/1998,2.989921828,2.989921828,2.989921828,2.989921828,2.989921828,2.989921828,,,
06/01/1998,2.98632423,2.98632423,2.98632423,2.98632423,2.98632423,2.98632423,,,
07/01/1998,2.98204683,2.98204683,2.98204683,2.98204683,2.98204683,2.98204683,,,
08/01/1998,2.978163274,2.978163274,2.978163274,2.978163274,2.978163274,2.978163274,,,
09/01/1998,2.976778866,2.976778866,2.976778866,2.976778866,2.976778866,2.976778866,,,
10/01/1998,2.974273557,2.974273557,2.974273557,2.974273557,2.974273557,2.974273557,,,
11/01/1998,2.974675149,2.974675149,2.974675149,2.974675149,2.974675149,2.974675149,,,
12/01/1998,2.974666169,2.974666169,2.974666169,2.974666169,2.974666169,2.974666169,,,
01/01/1999,2.971954736,2.971954736,2.971954736,2.971954736,2.971954736,2.971954736,,,
02/01/1999,2.973060533,2.973060533,2.973060533,2.973060533,2.973060533,2.973060533,,,
03/01/1999,2.974608254,2.974608254,2.974608254,2.974608254,2.974608254,2.974608254,,,
04/01/1999,2.978385571,2.978385571,2.978385571,2.978385571,2.978385571,2.978385571,,,
05/01/1999,2.982293865,2.982293865,2.982293865,2.982293865,2.982293865,2.982293865,,,
06/01/1999,2.985506404,2.985506404,2.985506404,2.985506404,2.985506404,2.985506404,,,
07/01/1999,2.989668065,2.989668065,2.989668065,2.989668065,2.989668065,2.989668065,,,
08/01/1999,2.995086182,2.995086182,2.995086182,2.995086182,2.995086182,2.995086182,,,
09/01/1999,2.997121149,2.997121149,2.997121149,2.997121149,2.997121149,2.997121149,,,
10/01/1999,3.00022824,3.00022824,3.00022824,3.00022824,3.00022824,3.00022824,,,
11/01/1999,3.003480105,3.003480105,3.003480105,3.003480105,3.003480105,3.003480105,,,
12/01/1999,3.005396297,3.005396297,3.005396297,3.005396297,3.005396297,3.005396297,,,
01/01/2000,3.0065127,3.0065127,3.0065127,3.0065127,3.0065127,3.0065127,,,
02/01/2000,3.00761379,3.00761379,3.00761379,3.00761379,3.00761379,3.00761379,,,
03/01/2000,3.008526023,3.008526023,3.008526023,3.008526023,3.008526023,3.008526023,,,
04/01/2000,3.011882286,3.011882286,3.011882286,3.011882286,3.011882286,3.011882286,,,
05/01/2000,3.013364198,3.013364198,3.013364198,3.013364198,3.013364198,3.013364198,,,
06/01/2000,3.015111152,3.015111152,3.015111152,3.015111152,3.015111152,3.015111152,,,
07/01/2000,3.017135627,3.017135627,3.017135627,3.017135627,3.017135627,3.017135627,,,
08/01/2000,3.019801414,3.019801414,3.019801414,3.019801414,3.019801414,3.019801414,,,
09/01/2000,3.022626566,3.022626566,3.022626566,3.022626566,3.022626566,3.022626566,,,
10/01/2000,3.021788948,3.021788948,3.021788948,3.021788948,3.021788948,3.021788948,,,
11/01/2000,3.022167677,3.022167677,3.022167677,3.022167677,3.022167677,3.022167677,,,
12/01/2000,3.022653253,3.022653253,3.022653253,3.022653253,3.022653253,3.022653253,,,
01/01/2001,3.020807765,3.020807765,3.020807765,3.020807765,3.020807765,3.020807765,,,
02/01/2001,3.020829941,3.020829941,3.020829941,3.020829941,3.020829941,3.020829941,,,
03/01/2001,3.020659801,3.020659801,3.020659801,3.020659801,3.020659801,3.020659801,,,
04/01/2001,3.025633825,3.025633825,3.025633825,3.025633825,3.025633825,3.025633825,,,
05/01/2001,3.033017923,3.033017923,3.033017923,3.033017923,3.033017923,3.033017923,,,
06/01/2001,3.04193636,3.04193636,3.04193636,3.04193636,3.04193636,3.04193636,,,
07/01/2001,3.05262769,3.05262769,3.05262769,3.05262769,3.05262769,3.05262769,,,
08/01/2001,3.064154107,3.064154107,3.064154107,3.064154107,3.064154107,3.064154107,,,
09/01/2001,3.076796186,3.076796186,3.076796186,3.076796186,3.076796186,3.076796186,,,
10/01/2001,3.091218267,3.091218267,3.091218267,3.091218267,3.091218267,3.091218267,,,
11/01/2001,3.105165722,3.105165722,3.105165722,3.105165722,3.105165722,3.105165722,,,
12/01/2001,3.116215893,3.116215893,3.116215893,3.116215893,3.116215893,3.116215893,,,
01/01/2002,3.127234783,3.127234783,3.127234783,3.127234783,3.127234783,3.127234783,,,
02/01/2002,3.145222372,3.145222372,3.145222372,3.145222372,3.145222372,3.145222372,,,
03/01/2002,3.165769238,3.165769238,3.165769238,3.165769238,3.165769238,3.165769238,,,
04/01/2002,3.195551299,3.195551299,3.195551299,3.195551299,3.195551299,3.195551299,,,
05/01/2002,3.225697526,3.225697526,3.225697526,3.225697526,3.225697526,3.225697526,,,
06/01/2002,3.259895723,3.259895723,3.259895723,3.259895723,3.259895723,3.259895723,,,
07/01/2002,3.294107627,3.294107627,3.294107627,3.294107627,3.294107627,3.294107627,,,
08/01/2002,3.334754353,3.334754353,3.334754353,3.334754353,3.334754353,3.334754353,,,
09/01/2002,3.37632879,3.37632879,3.37632879,3.37632879,3.37632879,3.37632879,,,
10/01/2002,3.416482788,3.416482788,3.416482788,3.416482788,3.416482788,3.416482788,,,
11/01/2002,3.459575876,3.459575876,3.459575876,3.459575876,3.459575876,3.459575876,,,
12/01/2002,3.475601702,3.475601702,3.475601702,3.475601702,3.475601702,3.475601702,,,
01/01/2003,3.473729083,3.473729083,3.473729083,3.473729083,3.473729083,3.473729083,,,
02/01/2003,3.462094785,3.462094785,3.462094785,3.462094785,3.462094785,3.462094785,,,
03/01/2003,3.445573185,3.445573185,3.445573185,3.445573185,3.445573185,3.445573185,,,
04/01/2003,3.441679505,3.441679505,3.441679505,3.441679505,3.441679505,3.441679505,,,
05/01/2003,3.44406006,3.44406006,3.44406006,3.44406006,3.44406006,3.44406006,,,
06/01/2003,3.449022632,3.449022632,3.449022632,3.449022632,3.449022632,3.449022632,,,
07/01/2003,3.456366873,3.456366873,3.456366873,3.456366873,3.456366873,3.456366873,,,
08/01/2003,3.464664968,3.464664968,3.464664968,3.464664968,3.464664968,3.464664968,,,
09/01/2003,3.474594749,3.474594749,3.474594749,3.474594749,3.474594749,3.474594749,,,
10/01/2003,3.48462253,3.48462253,3.48462253,3.48462253,3.48462253,3.48462253,,,
11/01/2003,3.49390782,3.49390782,3.49390782,3.49390782,3.49390782,3.49390782,,,
12/01/2003,3.504687959,3.504687959,3.504687959,3.504687959,3.504687959,3.504687959,,,
01/01/2004,3.515677516,3.515677516,3.515677516,3.515677516,3.515677516,3.515677516,,,
02/01/2004,3.525787248,3.525787248,3.525787248,3.525787248,3.525787248,3.525787248,,,
03/01/2004,3.535671879,3.535671879,3.535671879,3.535671879,3.535671879,3.535671879,,,
04/01/2004,3.551703333,3.551703333,3.551703333,3.551703333,3.551703333,3.551703333,,,
05/01/2004,3.567729795,3.567729795,3.567729795,3.567729795,3.567729795,3.567729795,,,
06/01/2004,3.584965326,3.584965326,3.584965326,3.584965326,3.584965326,3.584965326,,,
07/01/2004,3.604774841,3.604774841,3.604774841,3.604774841,3.604774841,3.604774841,,,
08/01/2004,3.627487689,3.627487689,3.627487689,3.627487689,3.627487689,3.627487689,,,
09/01/2004,3.652588271,3.652588271,3.652588271,3.652588271,3.652588271,3.652588271,,,
10/01/2004,3.679333328,3.679333328,3.679333328,3.679333328,3.679333328,3.679333328,,,
11/01/2004,3.708870188,3.708870188,3.708870188,3.708870188,3.708870188,3.708870188,,,
12/01/2004,3.735055078,3.735055078,3.735055078,3.735055078,3.735055078,3.735055078,,,
01/01/2005,3.756469367,3.756469367,3.756469367,3.756469367,3.756469367,3.756469367,,,
02/01/2005,3.775099409,3.775099409,3.775099409,3.775099409,3.775099409,3.775099409,,,
03/01/2005,3.790998206,3.790998206,3.790998206,3.790998206,3.790998206,3.790998206,,,
04/01/2005,3.807408278,3.807408278,3.807408278,3.807408278,3.807408278,3.807408278,,,
05/01/2005,3.82305252,3.82305252,3.82305252,3.82305252,3.82305252,3.82305252,,,
06/01/2005,3.84149044,3.84149044,3.84149044,3.84149044,3.84149044,3.84149044,,,
07/01/2005,3.858992906,3.858992906,3.858992906,3.858992906,3.858992906,3.858992906,,,
08/01/2005,3.875895269,3.875895269,3.875895269,3.875895269,3.875895269,3.875895269,,,
09/01/2005,3.892474921,3.892474921,3.892474921,3.892474921,3.892474921,3.892474921,,,
10/01/2005,3.90830024,3.90830024,3.90830024,3.90830024,3.90830024,3.90830024,,,
11/01/2005,3.925816679,3.925816679,3.925816679,3.925816679,3.925816679,3.925816679,,,
12/01/2005,3.942052181,3.942052181,3.942052181,3.942052181,3.942052181,3.942052181,,,
01/01/2006,3.957453212,3.957453212,3.957453212,3.957453212,3.957453212,3.957453212,,,
02/01/2006,3.971674812,3.971674812,3.971674812,3.971674812,3.971674812,3.971674812,,,
03/01/2006,3.985202601,3.985202601,3.985202601,3.985202601,3.985202601,3.985202601,,,
04/01/2006,4.001036211,4.001036211,4.001036211,4.001036211,4.001036211,4.001036211,,,
05/01/2006,4.016689008,4.016689008,4.016689008,4.016689008,4.016689008,4.016689008,,,
06/01/2006,4.032836819,4.032836819,4.032836819,4.032836819,4.032836819,4.032836819,,,
07/01/2006,4.046571145,4.046571145,4.046571145,4.046571145,4.046571145,4.046571145,,,
08/01/2006,4.061099092,4.061099092,4.061099092,4.061099092,4.061099092,4.061099092,,,
09/01/2006,4.073535825,4.073535825,4.073535825,4.073535825,4.073535825,4.073535825,,,
10/01/2006,4.085281245,4.085281245,4.085281245,4.085281245,4.085281245,4.085281245,,,
11/01/2006,4.098200196,4.098200196,4.098200196,4.098200196,4.098200196,4.098200196,,,
12/01/2006,4.109234636,4.109234636,4.109234636,4.109234636,4.109234636,4.109234636,,,
01/01/2007,4.11722942,4.11722942,4.11722942,4.11722942,4.11722942,4.11722942,,,
02/01/2007,4.126386981,4.126386981,4.126386981,4.126386981,4.126386981,4.126386981,,,
03/01/2007,4.13420171,4.13420171,4.13420171,4.13420171,4.13420171,4.13420171,,,
04/01/2007,4.145631811,4.145631811,4.145631811,4.145631811,4.145631811,4.145631811,,,
05/01/2007,4.162001959,4.162001959,4.162001959,4.162001959,4.162001959,4.162001959,,,
06/01/2007,4.183899592,4.183899592,4.183899592,4.183899592,4.183899592,4.183899592,,,
07/01/2007,4.214858814,4.214858814,4.214858814,4.214858814,4.214858814,4.214858814,,,
08/01/2007,4.25311843,4.25311843,4.25311843,4.25311843,4.25311843,4.25311843,,,
09/01/2007,4.295466803,4.295466803,4.295466803,4.295466803,4.295466803,4.295466803,,,
10/01/2007,4.34118416,4.34118416,4.34118416,4.34118416,4.34118416,4.34118416,,,
11/01/2007,4.386820035,4.386820035,4.386820035,4.386820035,4.386820035,4.386820035,,,
12/01/2007,4.423275782,4.423275782,4.423275782,4.423275782,4.423275782,4.423275782,,,
01/01/2008,4.445584655,4.445584655,4.445584655,4.445584655,4.445584655,4.445584655,,,
02/01/2008,4.460699815,4.460699815,4.460699815,4.460699815,4.460699815,4.460699815,,,
03/01/2008,4.469090763,4.469090763,4.469090763,4.469090763,4.469090763,4.469090763,,,
04/01/2008,4.48148439,4.48148439,4.48148439,4.48148439,4.48148439,4.48148439,,,
05/01/2008,4.49648952,4.49648952,4.49648952,4.49648952,4.49648952,4.49648952,,,
06/01/2008,4.510365685,4.510365685,4.510365685,4.510365685,4.510365685,4.510365685,,,
07/01/2008,4.523143489,4.523143489,4.523143489,4.523143489,4.523143489,4.523143489,,,
08/01/2008,4.534339701,4.534339701,4.534339701,4.534339701,4.534339701,4.534339701,,,
09/01/2008,4.543075916,4.543075916,4.543075916,4.543075916,4.543075916,4.543075916,,,
10/01/2008,4.553187172,4.553187172,4.553187172,4.553187172,4.553187172,4.553187172,,,
11/01/2008,4.564001685,4.564001685,4.564001685,4.564001685,4.564001685,4.564001685,,,
12/01/2008,4.570898604,4.570898604,4.570898604,4.570898604,4.570898604,4.570898604,,,
01/01/2009,4.575646336,4.575646336,4.575646336,4.575646336,4.575646336,4.575646336,,,
02/01/2009,4.578372642,4.578372642,4.578372642,4.578372642,4.578372642,4.578372642,,,
03/01/2009,4.581270397,4.581270397,4.581270397,4.581270397,4.581270397,4.581270397,,,
04/01/2009,4.586164801,4.586164801,4.586164801,4.586164801,4.586164801,4.586164801,,,
05/01/2009,4.591746526,4.591746526,4.591746526,4.591746526,4.591746526,4.591746526,,,
06/01/2009,4.597515818,4.597515818,4.597515818,4.597515818,4.597515818,4.597515818,,,
07/01/2009,4.601302491,4.601302491,4.601302491,4.601302491,4.601302491,4.601302491,,,
08/01/2009,4.604883428,4.604883428,4.604883428,4.604883428,4.604883428,4.604883428,,,
09/01/2009,4.609216325,4.609216325,4.609216325,4.609216325,4.609216325,4.609216325,,,
10/01/2009,4.612459586,4.612459586,4.612459586,4.612459586,4.612459586,4.612459586,,,
11/01/2009,4.615354082,4.615354082,4.615354082,4.615354082,4.615354082,4.615354082,,,
12/01/2009,4.619207451,4.619207451,4.619207451,4.619207451,4.619207451,4.619207451,,,
01/01/2010,4.618601037,4.618601037,4.618601037,4.618601037,4.618601037,4.618601037,,,
02/01/2010,4.614977623,4.614977623,4.614977623,4.614977623,4.614977623,4.614977623,,,
03/01/2010,4.612100495,4.612100495,4.612100495,4.612100495,4.612100495,4.612100495,,,
04/01/2010,4.613422607,4.613422607,4.613422607,4.613422607,4.613422607,4.613422607,,,
05/01/2010,4.616004947,4.616004947,4.616004947,4.616004947,4.616004947,4.616004947,,,
06/01/2010,4.617411278,4.617411278,4.617411278,4.617411278,4.617411278,4.617411278,,,
07/01/2010,4.619734179,4.619734179,4.619734179,4.619734179,4.619734179,4.619734179,,,
08/01/2010,4.621866453,4.621866453,4.621866453,4.621866453,4.621866453,4.621866453,,,
09/01/2010,4.623505358,4.623505358,4.623505358,4.623505358,4.623505358,4.623505358,,,
10/01/2010,4.625717096,4.625717096,4.625717096,4.625717096,4.625717096,4.625717096,,,
11/01/2010,4.628040119,4.628040119,4.628040119,4.628040119,4.628040119,4.628040119,,,
12/01/2010,4.630294973,4.630294973,4.630294973,4.630294973,4.630294973,4.630294973,,,
01/01/2011,4.629481125,4.629481125,4.629481125,4.629481125,4.629481125,4.629481125,,,
02/01/2011,4.629443069,4.629443069,4.629443069,4.629443069,4.629443069,4.629443069,,,
03/01/2011,4.628292725,4.628292725,4.628292725,4.628292725,4.628292725,4.628292725,,,
04/01/2011,4.628020747,4.628020747,4.628020747,4.628020747,4.628020747,4.628020747,,,
05/01/2011,4.627791904,4.627791904,4.627791904,4.627791904,4.627791904,4.627791904,,,
06/01/2011,4.629345821,4.629345821,4.629345821,4.629345821,4.629345821,4.629345821,,,
07/01/2011,4.629262727,4.629262727,4.629262727,4.629262727,4.629262727,4.629262727,,,
08/01/2011,4.631480328,4.631480328,4.631480328,4.631480328,4.631480328,4.631480328,,,
09/01/2011,4.634258036,4.634258036,4.634258036,4.634258036,4.634258036,4.634258036,,,
10/01/2011,4.636141925,4.636141925,4.636141925,4.636141925,4.636141925,4.636141925,,,
11/01/2011,4.638357605,4.638357605,4.638357605,4.638357605,4.638357605,4.638357605,,,
12/01/2011,4.638541344,4.638541344,4.638541344,4.638541344,4.638541344,4.638541344,,,
01/01/2012,4.639218754,4.639218754,4.639218754,4.639218754,4.639218754,4.639218754,,,
02/01/2012,4.638107378,4.638107378,4.638107378,4.638107378,4.638107378,4.638107378,,,
03/01/2012,4.640684728,4.640684728,4.640684728,4.640684728,4.640684728,4.640684728,,,
04/01/2012,4.641759597,4.641759597,4.641759597,4.641759597,4.641759597,4.641759597,,,
05/01/2012,4.644651096,4.644651096,4.644651096,4.644651096,4.644651096,4.644651096,,,
06/01/2012,4.647936492,4.647936492,4.647936492,4.647936492,4.647936492,4.647936492,,,
07/01/2012,4.651829934,4.651829934,4.651829934,4.651829934,4.651829934,4.651829934,,,
08/01/2012,4.654211209,4.654211209,4.654211209,4.654211209,4.654211209,4.654211209,,,
09/01/2012,4.655514653,4.655514653,4.655514653,4.655514653,4.655514653,4.655514653,,,
10/01/2012,4.658230915,4.658230915,4.658230915,4.658230915,4.658230915,4.658230915,,,
11/01/2012,4.66163285,4.66163285,4.66163285,4.66163285,4.66163285,4.66163285,,,
12/01/2012,4.664483386,4.664483386,4.664483386,4.664483386,4.664483386,4.664483386,,,
01/01/2013,4.666340296,4.666340296,4.666340296,4.666340296,4.666340296,4.666340296,,,
02/01/2013,4.667943802,4.667943802,4.667943802,4.667943802,4.667943802,4.667943802,,,
03/01/2013,4.669781085,4.669781085,4.669781085,4.669781085,4.669781085,4.669781085,,,
04/01/2013,4.673238564,4.673238564,4.673238564,4.673238564,4.673238564,4.673238564,,,
05/01/2013,4.676396987,4.676396987,4.676396987,4.676396987,4.676396987,4.676396987,,,
06/01/2013,4.680265674,4.680265674,4.680265674,4.680265674,4.680265674,4.680265674,,,
07/01/2013,4.685870226,4.685870226,4.685870226,4.685870226,4.685870226,4.685870226,,,
08/01/2013,4.690157189,4.690157189,4.690157189,4.690157189,4.690157189,4.690157189,,,
09/01/2013,4.694079071,4.694079071,4.694079071,4.694079071,4.694079071,4.694079071,,,
10/01/2013,4.698200498,4.698200498,4.698200498,4.698200498,4.698200498,4.698200498,,,
11/01/2013,4.701951666,4.701951666,4.701951666,4.701951666,4.701951666,4.701951666,,,
12/01/2013,4.704732687,4.704732687,4.704732687,4.704732687,4.704732687,4.704732687,,,
01/01/2014,4.708237926,4.708237926,4.708237926,4.708237926,4.708237926,4.708237926,,,
02/01/2014,4.709899716,4.709899716,4.709899716,4.709899716,4.709899716,4.709899716,,,
03/01/2014,4.711194994,4.711194994,4.711194994,4.711194994,4.711194994,4.711194994,,,
04/01/2014,4.714574985,4.714574985,4.714574985,4.714574985,4.714574985,4.714574985,,,
05/01/2014,4.718489715,4.718489715,4.718489715,4.718489715,4.718489715,4.718489715,,,
06/01/2014,4.723018638,4.723018638,4.723018638,4.723018638,4.723018638,4.723018638,,,
07/01/2014,4.731742065,4.731742065,4.731742065,4.731742065,4.731742065,4.731742065,,,
08/01/2014,4.741822599,4.741822599,4.741822599,4.741822599,4.741822599,4.741822599,,,
09/01/2014,4.75193844,4.75193844,4.75193844,4.75193844,4.75193844,4.75193844,,,
10/01/2014,4.75995659,4.75995659,4.75995659,4.75995659,4.75995659,4.75995659,,,
11/01/2014,4.772404748,4.772404748,4.772404748,4.772404748,4.772404748,4.772404748,,,
12/01/2014,4.775872502,4.775872502,4.775872502,4.775872502,4.775872502,4.775872502,,,
01/01/2015,4.775882799,4.775882799,4.775882799,4.775882799,4.775882799,4.775882799,,,
02/01/2015,4.77626299,4.77626299,4.77626299,4.77626299,4.77626299,4.77626299,,,
03/01/2015,4.775379916,4.775379916,4.775379916,4.775379916,4.775379916,4.775379916,,,
04/01/2015,4.777323558,4.777323558,4.777323558,4.777323558,4.777323558,4.777323558,,,
05/01/2015,4.778357354,4.778357354,4.778357354,4.778357354,4.778357354,4.778357354,,,
06/01/2015,4.781411936,4.781411936,4.781411936,4.781411936,4.781411936,4.781411936,,,
07/01/2015,4.781685908,4.781685908,4.781685908,4.781685908,4.781685908,4.781685908,,,
08/01/2015,4.780674722,4.780674722,4.780674722,4.780674722,4.780674722,4.780674722,,,
09/01/2015,4.782428738,4.782428738,4.782428738,4.782428738,4.782428738,4.782428738,,,
10/01/2015,4.783262364,4.783262364,4.783262364,4.783262364,4.783262364,4.783262364,,,
11/01/2015,4.783637199,4.783637199,4.783637199,4.783637199,4.783637199,4.783637199,,,
12/01/2015,4.783628703,4.783628703,4.783628703,4.783628703,4.783628703,4.783628703,,,
01/01/2016,4.786603557,4.786603557,4.786603557,4.786603557,4.786603557,4.786603557,,,
02/01/2016,4.788842831,4.788842831,4.788842831,4.788842831,4.788842831,4.788842831,,,
03/01/2016,4.791205961,4.791205961,4.791205961,4.791205961,4.791205961,4.791205961,,,
04/01/2016,4.793822031,4.793822031,4.793822031,4.793822031,4.793822031,4.793822031,,,
05/01/2016,4.796761587,4.796761587,4.796761587,4.796761587,4.796761587,4.796761587,,,
06/01/2016,4.800003794,4.800003794,4.800003794,4.800003794,4.800003794,4.800003794,,,
07/01/2016,4.802557205,4.802557205,4.802557205,4.802557205,4.802557205,4.802557205,,,
08/01/2016,4.806155985,4.806155985,4.806155985,4.806155985,4.806155985,4.806155985,,,
09/01/2016,4.809028375,4.809028375,4.809028375,4.809028375,4.809028375,4.809028375,,,
10/01/2016,4.812357197,4.812357197,4.812357197,4.812357197,4.812357197,4.812357197,,,
11/01/2016,4.81503101,4.81503101,4.81503101,4.81503101,4.81503101,4.81503101,,,
12/01/2016,4.817428131,4.817428131,4.817428131,4.817428131,4.817428131,4.817428131,,,
01/01/2017,4.818295236,4.818295236,4.818295236,4.818295236,4.818295236,4.818295236,,,
02/01/2017,4.81854129,4.81854129,4.81854129,4.81854129,4.81854129,4.81854129,,,
03/01/2017,4.819376417,4.819376417,4.819376417,4.819376417,4.819376417,4.819376417,,,
04/01/2017,4.820602107,4.820602107,4.820602107,4.820602107,4.820602107,4.820602107,,,
05/01/2017,4.824081998,4.824081998,4.824081998,4.824081998,4.824081998,4.824081998,,,
06/01/2017,4.826169547,4.826169547,4.826169547,4.826169547,4.826169547,4.826169547,,,
07/01/2017,4.826948051,4.826948051,4.826948051,4.826948051,4.826948051,4.826948051,,,
08/01/2017,4.82980226,4.82980226,4.82980226,4.82980226,4.82980226,4.82980226,,,
09/01/2017,4.833170051,4.833170051,4.833170051,4.833170051,4.833170051,4.833170051,,,
10/01/2017,4.836252269,4.836252269,4.836252269,4.836252269,4.836252269,4.836252269,,,
11/01/2017,4.838452998,4.838452998,4.838452998,4.838452998,4.838452998,4.838452998,,,
12/01/2017,4.840435403,4.840435403,4.840435403,4.840435403,4.840435403,4.840435403,,,
01/01/2018,4.841520468,4.841520468,4.841520468,4.841520468,4.841520468,4.841520468,,,
02/01/2018,4.842061626,4.842061626,4.842061626,4.842061626,4.842061626,4.842061626,,,
03/01/2018,4.842071742,4.842071742,4.842071742,4.842071742,4.842071742,4.842071742,,,
04/01/2018,4.842691842,4.842691842,4.842691842,4.842691842,4.842691842,4.842691842,,,
05/01/2018,4.841936897,4.841936897,4.841936897,4.841936897,4.841936897,4.841936897,,,
06/01/2018,4.843504068,4.843504068,4.843504068,4.843504068,4.843504068,4.843504068,,,
07/01/2018,4.846130709,4.846130709,4.846130709,4.846130709,4.846130709,4.846130709,,,
08/01/2018,4.849680429,4.849680429,4.849680429,4.849680429,4.849680429,4.849680429,,,
09/01/2018,4.850275952,4.850275952,4.850275952,4.850275952,4.850275952,4.850275952,,,
10/01/2018,4.853067109,4.853067109,4.853067109,4.853067109,4.853067109,4.853067109,,,
11/01/2018,4.854841839,4.854841839,4.854841839,4.854841839,4.854841839,4.854841839,,,
12/01/2018,4.855368849,4.855368849,4.855368849,4.855368849,4.855368849,4.855368849,,,
01/01/2019,4.8575062,4.8575062,4.8575062,4.8575062,4.8575062,4.8575062,,,
02/01/2019,4.85923347,4.85923347,4.85923347,4.85923347,4.85923347,4.85923347,,,
03/01/2019,4.861424833,4.861424833,4.861424833,4.861424833,4.861424833,4.861424833,,,
04/01/2019,4.861624144,4.861624144,4.861624144,4.861624144,4.861624144,4.861624144,,,
05/01/2019,4.863004498,4.863004498,4.863004498,4.863004498,4.863004498,4.863004498,,,
06/01/2019,4.866312639,4.866312639,4.866312639,4.866312639,4.866312639,4.866312639,,,
07/01/2019,4.867659392,4.867659392,4.867659392,4.867659392,4.867659392,4.867659392,,,
08/01/2019,4.869166633,4.869166633,4.869166633,4.869166633,4.869166633,4.869166633,,,
09/01/2019,4.871722086,4.871722086,4.871722086,4.871722086,4.871722086,4.871722086,,,
10/01/2019,4.872978502,4.872978502,4.872978502,4.872978502,4.872978502,4.872978502,,,
11/01/2019,4.873677635,4.873677635,4.873677635,4.873677635,4.873677635,4.873677635,,,
12/01/2019,4.878065498,4.878065498,4.878065498,4.878065498,4.878065498,4.878065498,,,
01/01/2020,4.881256571,4.881256571,4.881256571,4.881256571,4.881256571,4.881256571,,,
02/01/2020,4.882964744,4.882964744,4.882964744,4.882964744,4.882964744,4.882964744,,,
03/01/2020,4.886331747,4.886331747,4.886331747,4.886331747,4.886331747,4.886331747,,,
04/01/2020,4.888710716,4.888710716,4.888710716,4.888710716,4.888710716,4.888710716,,,
05/01/2020,4.891122074,4.891122074,4.891122074,4.891122074,4.891122074,4.891122074,,,
06/01/2020,4.895981247,4.895981247,4.895981247,4.895981247,4.895981247,4.895981247,,,
07/01/2020,4.900911612,4.900911612,4.900911612,4.900911612,4.900911612,4.900911612,,,
08/01/2020,4.906094612,4.906094612,4.906094612,4.906094612,4.906094612,4.906094612,,,
09/01/2020,4.911961763,4.911961763,4.911961763,4.911961763,4.911961763,4.911961763,,,
10/01/2020,4.917181087,4.917181087,4.917181087,4.917181087,4.917181087,4.917181087,,,
11/01/2020,4.923059938,4.923059938,4.923059938,4.923059938,4.923059938,4.923059938,,,
12/01/2020,4.92781402,4.92781402,4.92781402,4.92781402,4.92781402,4.92781402,,,
01/01/2021,4.932401987,4.932401987,4.932401987,4.932401987,4.932401987,4.932401987,,,
02/01/2021,4.941267643,4.941267643,4.941267643,4.941267643,4.941267643,4.941267643,,,
03/01/2021,4.951626384,4.951626384,4.951626384,4.951626384,4.951626384,4.951626384,,,
04/01/2021,4.960797434,4.960797434,4.960797434,4.960797434,4.960797434,4.960797434,,,
05/01/2021,4.973466035,4.973466035,4.973466035,4.973466035,4.973466035,4.973466035,,,
06/01/2021,4.985929887,4.985929887,4.985929887,4.985929887,4.985929887,4.985929887,,,
07/01/2021,4.998588714,4.998588714,4.998588714,4.998588714,4.998588714,4.998588714,,,
08/01/2021,5.012500293,5.012500293,5.012500293,5.012500293,5.012500293,5.012500293,,,
09/01/2021,5.023956509,5.023956509,5.023956509,5.023956509,5.023956509,5.023956509,,,
10/01/2021,5.032109522,5.032109522,5.032109522,5.032109522,5.032109522,5.032109522,,,
11/01/2021,5.040300331,5.040300331,5.040300331,5.040300331,5.040300331,5.040300331,,,
12/01/2021,5.047920954,5.047920954,5.047920954,5.047920954,5.047920954,5.047920954,,,
01/01/2022,5.053563594,5.053563594,5.053563594,5.053563594,5.053563594,5.053563594,,,
02/01/2022,5.059113208,5.059113208,5.059113208,5.059113208,5.059113208,5.059113208,,,
03/01/2022,5.063053589,5.063053589,5.063053589,5.063053589,5.063053589,5.063053589,,,
04/01/2022,5.06656583,5.06656583,5.06656583,5.06656583,5.06656583,5.06656583,,,
05/01/2022,5.068022855,5.068022855,5.068022855,5.068022855,5.068022855,5.068022855,,,
06/01/2022,5.071097736,5.071097736,5.071097736,5.071097736,5.071097736,5.071097736,,,
07/01/2022,5.077764627,5.077764627,5.077764627,5.077764627,5.077764627,5.077764627,,,
08/01/2022,5.085774207,5.085774207,5.085774207,5.085774207,5.085774207,5.085774207,,,
09/01/2022,5.095184583,5.095184583,5.095184583,5.095184583,5.095184583,5.095184583,,,
10/01/2022,5.10758683,5.10758683,5.10758683,5.10758683,5.10758683,5.10758683,,,
11/01/2022,5.118578504,5.118578504,5.118578504,5.118578504,5.118578504,5.118578504,,,
12/01/2022,5.125409627,5.125409627,5.125409627,5.125409627,5.125409627,5.125409627,,,
01/01/2023,5.127712558,5.127712558,5.127712558,5.127712558,5.127712558,5.127712558,,,
02/01/2023,5.128861849,5.128861849,5.128861849,5.128861849,5.128861849,5.128861849,,,
03/01/2023,5.127089351,5.127089351,5.127089351,5.127089351,5.127089351,5.127089351,,,
04/01/2023,5.125900284,5.125900284,5.125900284,5.125900284,5.125900284,5.125900284,,,
05/01/2023,5.124062478,5.124062478,5.124062478,5.124062478,5.124062478,5.124062478,,,
06/01/2023,5.126862678,5.126862678,5.126862678,5.126862678,5.126862678,5.126862678,,,
07/01/2023,5.130965217,5.130965217,5.130965217,5.130965217,5.130965217,5.130965217,,,
08/01/2023,5.137232762,5.137232762,5.137232762,5.137232762,5.137232762,5.137232762,,,
09/01/2023,5.141828599,5.141828599,5.141828599,5.141828599,5.141828599,5.141828599,,,
10/01/2023,5.145421707,5.145421707,5.145421707,5.145421707,5.145421707,5.145421707,,,
11/01/2023,5.150391621,5.150391621,5.150391621,5.150391621,5.150391621,5.150391621,,,
12/01/2023,5.155566463,5.155566463,5.155566463,5.155566463,5.155566463,5.155566463,,,
01/01/2024,5.160091852,5.160091852,5.160091852,5.160091852,5.160091852,5.160091852,,,
02/01/2024,5.163012428,5.163220605,5.165111672,5.153342494,5.134917863,5.168331825,,,
03/01/2024,5.166943761,5.166772231,5.169544367,5.153778559,5.129477385,5.173341477,,,
04/01/2024,5.171149019,5.170652441,5.174121382,5.155293517,5.126639391,5.178565503,,,
05/01/2024,5.173173948,5.175135618,5.178458647,5.157153747,5.125064812,5.183518346,,,
06/01/2024,5.174721298,5.179788253,5.182875991,5.159286156,5.12410188,5.188574534,,,
07/01/2024,5.175856356,5.18428254,5.187106123,5.161465064,5.123563061,5.193446669,,,
08/01/2024,5.176705859,5.188912487,5.191440136,5.163794395,5.123294399,5.198465082,,,
09/01/2024,5.177265087,5.193527641,5.195748214,5.166175779,5.123235068,5.203478417,,,
10/01/2024,5.177555271,5.198832016,5.199893979,5.16851299,5.123325579,5.208341922,,,
11/01/2024,5.177607189,5.203400422,5.204155598,5.170951527,5.123540368,5.213369921,,,
12/01/2024,5.177437788,5.207553768,5.208265283,5.173327413,5.123839443,5.21825035,,,
01/01/2025,5.177036465,5.21166319,5.212495247,5.175793161,5.124225156,5.223305096,,,
02/01/2025,5.177012911,5.215649493,5.216709149,5.178265467,5.124672473,5.228372992,,,
03/01/2025,5.176994028,5.219177193,5.22050258,5.180501766,5.125118189,5.232979537,,,
04/01/2025,5.176784039,5.223019813,5.224686616,5.18297892,5.125653033,5.238078224,,,
05/01/2025,5.176401387,5.226696363,5.228721176,5.185376035,5.126202798,5.243028955,,,
06/01/2025,5.175817667,5.230460237,5.232873991,5.187850831,5.126798383,5.248150817,,,
07/01/2025,5.175081055,5.234080223,5.236880304,5.190243857,5.127397177,5.253123793,,,
08/01/2025,5.174139649,5.237800371,5.241007107,5.192712971,5.128035017,5.258268013,,,
09/01/2025,5.173067273,5.24150294,5.245120159,5.195177572,5.128688378,5.263421163,,,
10/01/2025,5.173148045,5.245072003,5.249088503,5.197558715,5.129333398,5.268424885,,,
11/01/2025,5.173537687,5.248745042,5.253174738,5.200013043,5.130009634,5.273606184,,,
12/01/2025,5.174077443,5.252287891,5.257117238,5.202383719,5.130673019,5.278640317,,,
01/01/2026,5.174748249,5.255936446,5.261177329,5.20482732,5.131365408,5.283853399,,,
02/01/2026,5.17550064,5.25957495,5.265223834,5.207264903,5.13206364,5.289086717,,,
03/01/2026,5.176230731,5.262852226,5.268867202,5.209461114,5.132697777,5.293846151,,,
04/01/2026,5.17708625,5.266468818,5.272888926,5.211885501,5.133402877,5.299118106,,,
05/01/2026,5.177949676,5.269959177,5.27677009,5.21422569,5.134088119,5.304240229,,,
06/01/2026,5.178871486,5.273554766,5.280768559,5.216636968,5.134798182,5.30954309,,,
07/01/2026,5.179786093,5.277024355,5.28462708,5.218964248,5.135487014,5.31469383,,,
08/01/2026,5.180749849,5.280598368,5.288601853,5.221361842,5.136199495,5.320024486,,,
09/01/2026,5.181728353,5.284161027,5.292564082,5.223753651,5.136912564,5.325366695,,,
10/01/2026,5.182686766,5.287598551,5.296387141,5.226062511,5.137603158,5.330553716,,,
11/01/2026,5.18368567,5.291138576,5.300324287,5.228441065,5.138315797,5.335919441,,,
12/01/2026,5.184660416,5.294554977,5.304123795,5.230738046,5.139006237,5.341128874,,,
01/01/2027,5.185672608,5.298073286,5.308036661,5.233104507,5.139718414,5.346516958,,,
02/01/2027,5.186688952,5.301580224,5.311936814,5.235464465,5.140429746,5.351914328,,,
03/01/2027,5.1876088,5.30473788,5.315448517,5.237590073,5.141070815,5.356814273,,,
04/01/2027,5.188629011,5.308222175,5.319323402,5.23993838,5.14177916,5.362233938,,,
05/01/2027,5.189617919,5.311584165,5.323061018,5.242206434,5.142463198,5.367491557,,,
06/01/2027,5.190640652,5.315048852,5.326910546,5.244545033,5.143168815,5.372928203,,,
07/01/2027,5.191630363,5.318392402,5.330623756,5.246803269,5.143850163,5.378202571,,,
08/01/2027,5.192652398,5.321837331,5.334447648,5.249131404,5.144552384,5.383655837,,,
09/01/2027,5.193673748,5.325272548,5.338258846,5.251454498,5.145253096,5.389116467,,,
10/01/2027,5.194660092,5.328586711,5.341934144,5.253696762,5.14592862,5.394412972,,,
11/01/2027,5.19567801,5.33200149,5.345719297,5.256008538,5.146625031,5.399889053,,,
12/01/2027,5.19666107,5.335296246,5.349369956,5.25824017,5.147296833,5.405200451,,,
01/01/2028,5.197674725,5.338690398,5.353129286,5.260540318,5.147988884,5.410691091,,,
02/01/2028,5.198685549,5.342073602,5.356875159,5.262834028,5.148678299,5.416187369,,,
03/01/2028,5.19962943,5.345229765,5.360368478,5.264974904,5.149321773,5.42134705,,,
04/01/2028,5.200635701,5.348592802,5.364089585,5.267257059,5.150007183,5.426869748,,,
05/01/2028,5.201607819,5.351837153,5.367678332,5.269459505,5.150668118,5.432233384,,,
06/01/2028,5.202610709,5.355179196,5.371374041,5.27172925,5.151349001,5.437785581,,,
07/01/2028,5.203578925,5.358403394,5.374938491,5.273919765,5.15200665,5.443176861,,,
08/01/2028,5.204577162,5.361725219,5.378609213,5.276178393,5.152684542,5.448756124,,,
09/01/2028,5.205572727,5.365038029,5.382267042,5.278431154,5.153360203,5.45434234,,,
10/01/2028,5.206534432,5.368235814,5.385795598,5.280606441,5.154012747,5.459733343,,,
11/01/2028,5.207525252,5.371530491,5.38942874,5.282848081,5.154684598,5.465311005,,,
12/01/2028,5.208481136,5.374709551,5.392932314,5.285011417,5.155332291,5.470722119,,,
01/01/2029,5.209466814,5.377985638,5.396540623,5.287241543,5.156000072,5.476327791,,,
02/01/2029,5.210449449,5.381251773,5.400136002,5.289465361,5.156665433,5.481951073,,,
03/01/2029,5.211334888,5.384194046,5.403373326,5.291469182,5.15726483,5.487058567,,,
04/01/2029,5.212313502,5.387442125,5.406946072,5.293681946,5.157926719,5.492719449,,,
05/01/2029,5.213258174,5.390576243,5.410394112,5.295817603,5.158565338,5.49821532,,,
06/01/2029,5.214231402,5.393804663,5.413946287,5.298017963,5.159222871,5.503904166,,,
07/01/2029,5.215171013,5.396919894,5.417374262,5.300141753,5.159857508,5.50942617,,,
08/01/2029,5.216139589,5.400129302,5.420906148,5.302330351,5.160511527,5.515141173,,,
09/01/2029,5.217105244,5.403328483,5.424427007,5.304512388,5.161163215,5.520866701,,,
10/01/2029,5.218037179,5.406415043,5.427824034,5.306618039,5.161791884,5.526422343,,,
11/01/2029,5.21899756,5.409594555,5.431323395,5.308787592,5.162439507,5.532170225,,,
12/01/2029,5.2199243,5.412662005,5.434699411,5.310881062,5.163064192,5.537746306,,,
01/01/2030,5.220879069,5.415821557,5.438176736,5.313037786,5.163707771,5.543514169,,,
02/01/2030,5.221831078,5.418971085,5.44164292,5.315188087,5.164350171,5.549290508,,,
03/01/2030,5.222688919,5.421807869,5.444764788,5.317125274,5.164929146,5.554529627,,,
04/01/2030,5.223635498,5.424938211,5.448209592,5.3192632,5.165567971,5.560328116,,,
05/01/2030,5.224548654,5.427957965,5.451532554,5.321325878,5.166184262,5.565950662,,,
06/01/2030,5.22548945,5.431068401,5.454957146,5.323450878,5.166819361,5.571764861,,,
07/01/2030,5.226396608,5.43406854,5.458261866,5.325500666,5.167431729,5.577402376,,,
08/01/2030,5.227331805,5.437159363,5.461667883,5.327612968,5.168063442,5.583232379,,,
09/01/2030,5.228264291,5.440240391,5.465064414,5.329718963,5.168693608,5.589069112,,,
10/01/2030,5.229163722,5.443212461,5.468341934,5.331750697,5.169301578,5.594734127,,,
11/01/2030,5.230090395,5.446273826,5.471718914,5.333843834,5.169928269,5.600605053,,,
12/01/2030,5.230983999,5.449226735,5.474977099,5.335862953,5.170532702,5.606307234,,,
01/01/2031,5.231903954,5.452267672,5.478333217,5.337942389,5.171155052,5.612211521,,,
02/01/2031,5.232820582,5.455298357,5.481678703,5.340014964,5.171775288,5.618129131,,,
03/01/2031,5.233646289,5.458027874,5.484692201,5.34188186,5.17233427,5.623499625,,,
04/01/2031,5.234557516,5.46104,5.488018223,5.343942306,5.172951406,5.62945212,,,
05/01/2031,5.235436479,5.463945657,5.491227121,5.345930122,5.173546887,5.635239731,,,
06/01/2031,5.23634215,5.466938723,5.494532929,5.347978089,5.174160823,5.641238149,,,
07/01/2031,5.237215338,5.469825608,5.497721853,5.349953459,5.174752825,5.647064851,,,
08/01/2031,5.238115004,5.472799291,5.501006962,5.351988545,5.175363103,5.653099543,,,
09/01/2031,5.239011647,5.475763189,5.504281568,5.354017126,5.175971552,5.659148751,,,
10/01/2031,5.239876068,5.478621881,5.507440246,5.355973725,5.176558188,5.665020222,,,
11/01/2031,5.240766527,5.481566374,5.510693956,5.357989302,5.177162775,5.671097132,,,
12/01/2031,5.241625106,5.484406466,5.513832551,5.359933469,5.177745801,5.676993466,,,
01/01/2032,5.242509561,5.48733181,5.517065543,5.361936245,5.178346683,5.68309437,,,
02/01/2032,5.243391535,5.490248027,5.520288592,5.363933093,5.178946255,5.689205679,,,
03/01/2032,5.244213539,5.49296725,5.523294127,5.365795044,5.179505082,5.694940963,,,
04/01/2032,5.245088936,5.495864126,5.526496211,5.367778689,5.180100304,5.70107448,,,
05/01/2032,5.245933248,5.498658559,5.529585201,5.369692305,5.180674546,5.707022808,,,
06/01/2032,5.246802732,5.501536622,5.532766771,5.371663328,5.181266098,5.713174535,,,
07/01/2032,5.247641813,5.504313375,5.535836424,5.373565228,5.181837281,5.719140581,,,
08/01/2032,5.248505018,5.507172351,5.538997182,5.375523295,5.182424778,5.725309154,,,
09/01/2032,5.24936608,5.510022692,5.542148419,5.377475825,5.183011257,5.731485527,,,
10/01/2032,5.250195773,5.512771466,5.54518754,5.379358628,5.183576278,5.737473649,,,
11/01/2032,5.251050198,5.515602495,5.548317698,5.381297894,5.184158312,5.743665248,,,
12/01/2032,5.251874169,5.5183333,5.551337126,5.383168566,5.184719715,5.749668109,,,
01/01/2033,5.252723141,5.521146258,5.554447421,5.385095766,5.185298472,5.755874939,,,
02/01/2033,5.253569094,5.523949826,5.557547414,5.387016604,5.185875311,5.76208765,,,
03/01/2033,5.254330946,5.526474666,5.560339252,5.388746597,5.186394986,5.767719441,,,
04/01/2033,5.255171091,5.529260374,5.563419651,5.390655289,5.186968097,5.773950728,,,
05/01/2033,5.255981057,5.531947237,5.566390842,5.392496224,5.18752066,5.779990307,,,
06/01/2033,5.256814546,5.534714259,5.569450395,5.394391743,5.188089243,5.786232886,,,
07/01/2033,5.257619699,5.537385459,5.572402196,5.396220707,5.188638179,5.792284358,,,
08/01/2033,5.258448482,5.54013725,5.575441639,5.39810376,5.189202906,5.798539033,,,
09/01/2033,5.259275546,5.542882066,5.57847186,5.399981463,5.189766647,5.804799312,,,
10/01/2033,5.260073738,5.545531134,5.581395123,5.401792992,5.190310667,5.810867697,,,
11/01/2033,5.260894893,5.548259377,5.584404689,5.403657607,5.190869845,5.817139191,,,
12/01/2033,5.261687798,5.550892568,5.587308361,5.405456852,5.191409819,5.823218377,,,
01/01/2034,5.262504264,5.553604948,5.590298452,5.407309521,5.191965545,5.829501516,,,
02/01/2034,5.26331848,5.556309276,5.593278802,5.409156255,5.19251963,5.835789175,,,
03/01/2034,5.264051452,5.558744687,5.595962196,5.410818834,5.193018147,5.841486753,,,
04/01/2034,5.264861413,5.561433588,5.598924102,5.412654334,5.193569139,5.847790697,,,
05/01/2034,5.26564298,5.564027963,5.601781275,5.414424958,5.194100682,5.853899701,,,
06/01/2034,5.266447656,5.566699975,5.604723398,5.416248057,5.194647634,5.860212885,,,
07/01/2034,5.267224025,5.569277898,5.607561408,5.418006636,5.195175194,5.866331107,,,
08/01/2034,5.268023767,5.571933319,5.610484226,5.419817764,5.195718493,5.872654265,,,
09/01/2034,5.268820927,5.574580231,5.613397211,5.421622769,5.196259875,5.878981001,,,
10/01/2034,5.269590293,5.577134134,5.616207392,5.423364173,5.196782347,5.885112773,,,
11/01/2034,5.270382761,5.579764728,5.61910154,5.425157591,5.197320386,5.89144992,,,
12/01/2034,5.271147342,5.582302613,5.621893326,5.426887581,5.197839383,5.897591252,,,
01/01/2035,5.271934658,5.58491645,5.624768315,5.428669034,5.198373626,5.903937854,,,
02/01/2035,5.272719577,5.587522005,5.627633829,5.430444658,5.198906186,5.910288022,,,
03/01/2035,5.273426317,5.589868474,5.630214072,5.432043448,5.199385575,5.916041644,,,
04/01/2035,5.274206115,5.592459221,5.633061094,5.433807484,5.199914378,5.922405784,,,
05/01/2035,5.274958489,5.594959832,5.635807464,5.435509183,5.200424543,5.928572324,,,
06/01/2035,5.275733472,5.597536679,5.638635963,5.43726178,5.200949981,5.93494473,,,
07/01/2035,5.276481224,5.600023719,5.641364508,5.438952476,5.201456921,5.941119731,,,
08/01/2035,5.277252264,5.602586531,5.644174839,5.440693928,5.201979229,5.947501144,,,
09/01/2035,5.278020788,5.605141404,5.646975323,5.442429103,5.202499277,5.953885066,,,
10/01/2035,5.278762838,5.607607188,5.649677105,5.444104232,5.203001293,5.9600717,,,
11/01/2035,5.279527391,5.610147507,5.652459586,5.445830006,5.20351822,5.96646485,,,
12/01/2035,5.280264854,5.612598295,5.655143201,5.447494953,5.20401642,5.972659333,,,
01/01/2036,5.281024662,5.615122976,5.657906908,5.449210241,5.204529367,5.979060362,,,
02/01/2036,5.281782209,5.617639779,5.660661241,5.450920315,5.205040431,5.985449244,,,
03/01/2036,5.282488901,5.619987281,5.663229685,5.452515465,5.205516868,5.991287337,,,
04/01/2036,5.283242504,5.62248919,5.665966373,5.454215779,5.206024741,5.997457698,,,
05/01/2036,5.283969939,5.624903236,5.668606356,5.455856541,5.206514738,6.003373367,,,
06/01/2036,5.284719436,5.627389911,5.671325182,5.457546753,5.207019303,6.009431799,,,
07/01/2036,5.285442546,5.629788868,5.673947602,5.459177361,5.207505779,6.015246739,,,
08/01/2036,5.286187424,5.632259798,5.676648197,5.46085691,5.208006574,6.021206889,,,
09/01/2036,5.28693024,5.634723024,5.67933986,5.462531315,5.208505775,6.027121019,,,
10/01/2036,5.287647219,5.637099654,5.681936437,5.464146952,5.208987456,6.032803223,,,
11/01/2036,5.288386806,5.639548974,5.684611492,5.46581206,5.209484377,6.038633415,,,
12/01/2036,5.289099919,5.641911376,5.687191358,5.467417977,5.209963129,6.044236846,,,
01/01/2037,5.289834954,5.644345086,5.689848688,5.469072512,5.210456502,6.049988124,,,
02/01/2037,5.290566917,5.646769962,5.692496315,5.470720933,5.210947331,6.055700559,,,
03/01/2037,5.291226696,5.648954282,5.694880961,5.472205984,5.211389738,6.060830486,,,
04/01/2037,5.291955088,5.651365045,5.697512445,5.47384503,5.211878016,6.066474371,,,
05/01/2037,5.29265764,5.653690542,5.70005056,5.475426018,5.212348706,6.071903283,,,
06/01/2037,5.293380947,5.656085408,5.70266409,5.477054021,5.212832998,6.0774788,,,
07/01/2037,5.294079125,5.658396081,5.705185422,5.478624878,5.2133004,6.082843749,,,
08/01/2037,5.294797917,5.660775668,5.707781676,5.480242434,5.2137813,6.088354815,,,
09/01/2037,5.295514795,5.663147871,5.71036956,5.481855063,5.214260859,6.093834642,,,
10/01/2037,5.296207176,5.665437091,5.712866582,5.483411489,5.214724129,6.09910955,,,
11/01/2037,5.296919401,5.667793986,5.71543724,5.485013586,5.215200197,6.10452913,,,
12/01/2037,5.297607136,5.670068278,5.717917502,5.486559698,5.215659954,6.109746763,,,
01/01/2038,5.298315301,5.6724105,5.720471622,5.488151882,5.216133144,6.115109084,,,
02/01/2038,5.299021682,5.674745568,5.723017653,5.489739389,5.216605158,6.120443435,,,
03/01/2038,5.299657752,5.676848367,5.725310242,5.491169667,5.217030041,6.125238653,,,
04/01/2038,5.300359817,5.679168984,5.727840075,5.492748661,5.217498901,6.130520303,,,
05/01/2038,5.301036751,5.68140729,5.730280002,5.49427206,5.217950728,6.13560591,,,
06/01/2038,5.30173395,5.683712597,5.732792758,5.495841602,5.218415936,6.140834397,,,
07/01/2038,5.302406554,5.685936474,5.735216565,5.497356192,5.218864622,6.145869716,,,
08/01/2038,5.303099491,5.688227128,5.737712934,5.498916788,5.219326805,6.151047298,,,
09/01/2038,5.303790038,5.690510147,5.740200796,5.500472562,5.219787225,6.156199398,,,
10/01/2038,5.304456324,5.692712619,5.742600705,5.501973849,5.220231395,6.16116202,,,
11/01/2038,5.305142568,5.694981036,5.745072287,5.503520432,5.220688757,6.166265446,,,
12/01/2038,5.305804721,5.697169445,5.74745652,5.505012812,5.221130002,6.17118164,,,
01/01/2039,5.306487242,5.699423909,5.749912498,5.506550694,5.221584882,6.176238304,,,
02/01/2039,5.307166724,5.701670189,5.75235946,5.508083,5.222037372,6.181270574,,,
03/01/2039,5.307778749,5.703693171,5.754563037,5.50946322,5.222444885,6.185796896,,,
04/01/2039,5.308454633,5.705926044,5.756995037,5.51098703,5.222894984,6.190785637,,,
05/01/2039,5.309106984,5.708080363,5.759341305,5.512457533,5.223329436,6.195592512,,,
06/01/2039,5.309779092,5.710299529,5.761757901,5.513972478,5.223777028,6.200537425,,,
07/01/2039,5.310426955,5.712439714,5.7640885,5.51543358,5.224208214,6.205301552,,,
08/01/2039,5.311094641,5.714644655,5.766489161,5.516939016,5.224652643,6.210202982,,,
09/01/2039,5.311760121,5.716842077,5.768881737,5.518439594,5.225095444,6.215082667,,,
10/01/2039,5.312402051,5.718961566,5.771189394,5.519887027,5.225522252,6.219784612,,,
11/01/2039,5.313063312,5.721144526,5.773566031,5.521377949,5.225961763,6.224622082,,,
12/01/2039,5.313701872,5.723250918,5.775859134,5.522816873,5.226386227,6.22928441,,,
01/01/2040,5.314359693,5.725420423,5.778220812,5.524299036,5.226823348,6.234081452,,,
02/01/2040,5.315015461,5.727582802,5.780574612,5.525776434,5.227258929,6.238857947,,,
03/01/2040,5.315627188,5.729599511,5.782769737,5.527154411,5.227665128,6.243308518,,,
04/01/2040,5.316278648,5.731747801,5.785108003,5.528622259,5.228097402,6.248045424,,,
05/01/2040,5.316907484,5.733820478,5.787363828,5.53003862,5.228514621,6.252611111,,,
06/01/2040,5.317555571,5.735955519,5.789687392,5.531497783,5.228944556,6.257309538,,,
07/01/2040,5.318180887,5.738015161,5.79192879,5.532905499,5.229359258,6.261838109,,,
08/01/2040,5.318825248,5.740136702,5.794237421,5.534355666,5.229787023,6.266498473,,,
09/01/2040,5.319467389,5.742251094,5.796538184,5.535800953,5.230213368,6.271139417,,,
10/01/2040,5.320085891,5.744289743,5.798756522,5.53719421,5.230623728,6.275611712,,,
11/01/2040,5.320723521,5.746389925,5.801041672,5.538629763,5.231047046,6.280214608,,,
12/01/2040,5.321338909,5.748416094,5.803246177,5.540014856,5.23145578,6.284651625,,,
01/01/2041,5.321972468,5.750502568,5.805516235,5.541441142,5.231876602,6.289217549,,,
02/01/2041,5.322604111,5.752582265,5.807778809,5.542862886,5.232296345,6.29376508,,,
03/01/2041,5.323172978,5.754455094,5.809816253,5.544143255,5.232674493,6.297857554,,,
04/01/2041,5.323800832,5.756521796,5.812064513,5.545556235,5.233092022,6.302370358,,,
05/01/2041,5.324406655,5.758515557,5.814233331,5.546919421,5.233495083,6.306720806,,,
06/01/2041,5.325031025,5.760569349,5.816467332,5.548323808,5.233910753,6.31119876,,,
07/01/2041,5.325633286,5.76255047,5.818622215,5.549678511,5.234311809,6.31551557,,,
08/01/2041,5.326254561,5.76459185,5.820842467,5.551074744,5.234725987,6.319959675,,,
09/01/2041,5.326873577,5.766626276,5.8230551,5.552466163,5.235138696,6.32438613,,,
10/01/2041,5.327470075,5.768588149,5.825188806,5.553807775,5.235536286,6.328652888,,,
11/01/2041,5.328084424,5.770608718,5.827386265,5.55518954,5.235945879,6.333044588,,,
12/01/2041,5.32867748,5.772558254,5.829506372,5.55652288,5.236341505,6.337278969,,,
01/01/2042,5.329288211,5.774566044,5.831689757,5.557896054,5.236748991,6.341637388,,,
02/01/2042,5.329896831,5.776567096,5.833865749,5.559264605,5.237155133,6.345978809,,,
03/01/2042,5.330445464,5.778369637,5.835825772,5.560497574,5.237521491,6.349886935,,,
04/01/2042,5.331050883,5.780358717,5.837988562,5.561858153,5.237925849,6.354197125,,,
05/01/2042,5.331634804,5.782277385,5.84007473,5.563170546,5.238315889,6.358352671,,,
06/01/2042,5.33223597,5.784253233,5.842223018,5.564521989,5.238717448,6.362630047,,,
07/01/2042,5.332816374,5.78615972,5.844295784,5.565826149,5.239105368,6.366754636,,,
08/01/2042,5.333413826,5.788122931,5.846430185,5.567169018,5.239504637,6.37100016,,,
09/01/2042,5.33400911,5.790079443,5.84855726,5.568507256,5.239902447,6.375229291,,,
10/01/2042,5.334583229,5.791966648,5.850608936,5.569798062,5.24028613,6.379306785,,,
11/01/2042,5.335175165,5.793910947,5.852722557,5.571128128,5.240681997,6.383504872,,,
12/01/2042,5.335746256,5.795786592,5.854761478,5.572411257,5.241064,6.387552805,,,
01/01/2043,5.336334308,5.797718222,5.856861214,5.57373265,5.241457353,6.391719799,,,
02/01/2043,5.336920927,5.799643987,5.858954463,5.575050187,5.24184997,6.395871675,,,
03/01/2043,5.337448916,5.801377927,5.860839181,5.576236398,5.242203289,6.399608801,,,
04/01/2043,5.338031516,5.803291277,5.862918854,5.577545337,5.242593183,6.403730819,,,
05/01/2043,5.338593578,5.805137047,5.864925011,5.578808064,5.242969397,6.407705516,,,
06/01/2043,5.339172626,5.80703821,5.866991302,5.580108738,5.243357071,6.411797558,,,
07/01/2043,5.339731309,5.808872285,5.86898461,5.581363548,5.243731194,6.415743494,,,
08/01/2043,5.340306216,5.810760756,5.871037024,5.582655414,5.24411605,6.419805351,,,
09/01/2043,5.340880284,5.81264402,5.873083643,5.583944054,5.244500721,6.423853211,,,
10/01/2043,5.341434327,5.814460996,5.875058145,5.585187414,5.244872101,6.427756801,,,
11/01/2043,5.342004719,5.816332143,5.877091474,5.586467762,5.245254397,6.431775464,,,
12/01/2043,5.342554859,5.818137086,5.879052811,5.587702772,5.245623124,6.435650608,,,
01/01/2044,5.343120836,5.819995428,5.881072177,5.588974116,5.246002282,6.439639594,,,
02/01/2044,5.343685965,5.821848446,5.883085637,5.59024264,5.246381029,6.443614759,,,
03/01/2044,5.344212655,5.823576172,5.884962944,5.591425893,5.246733862,6.447320325,,,
04/01/2044,5.344774372,5.825417448,5.886963537,5.592687688,5.247110298,6.451267471,,,
05/01/2044,5.345316283,5.827193625,5.888893353,5.593905467,5.247473416,6.455073795,,,
06/01/2044,5.34587455,5.829023025,5.890880937,5.595160381,5.24784748,6.458992754,,,
07/01/2044,5.346412799,5.830787413,5.89279787,5.596371143,5.248207973,6.462771595,,,
08/01/2044,5.346967316,5.832604677,5.894772197,5.597618777,5.248579356,6.466662272,,,
09/01/2044,5.347520399,5.834416255,5.896740273,5.598863129,5.248949916,6.470539141,,,
10/01/2044,5.348053994,5.836163786,5.898638728,5.600063941,5.2493074,6.474277779,,,
11/01/2044,5.348602993,5.837962974,5.900593307,5.601300507,5.249674979,6.478126386,,,
12/01/2044,5.349132753,5.839698655,5.902478841,5.60249386,5.250029705,6.481837869,,,
01/01/2045,5.349679092,5.841486916,5.904421396,5.60372397,5.250395742,6.485659861,,,
02/01/2045,5.350223969,5.843269543,5.906357766,5.604950662,5.250760887,6.489468362,,,
03/01/2045,5.350714619,5.844874788,5.908101422,5.606055555,5.251089829,6.492897046,,,
04/01/2045,5.351256323,5.846646407,5.910025724,5.607275355,5.251453476,6.496679721,,,
05/01/2045,5.351779141,5.848355623,5.911882192,5.608452549,5.251804665,6.500327912,,,
06/01/2045,5.352317462,5.850115822,5.913794003,5.609665089,5.252166391,6.504084042,,,
07/01/2045,5.352836315,5.851813331,5.915637727,5.61083456,5.252515068,6.507705921,,,
08/01/2045,5.35337111,5.853562005,5.91753695,5.612039666,5.252874798,6.511435487,,,
09/01/2045,5.353903606,5.855304347,5.919429296,5.613240487,5.253233019,6.515151126,,,
10/01/2045,5.354418086,5.856985851,5.921255468,5.614399851,5.253579579,6.51873522,,,
11/01/2045,5.354947671,5.858717357,5.923135927,5.615593822,5.253936431,6.52242525,,,
12/01/2045,5.355458926,5.860388017,5.924950235,5.616746156,5.254281253,6.5259843,,,
01/01/2046,5.355985949,5.862109101,5.926819232,5.617933618,5.254637055,6.529649349,,,
02/01/2046,5.356511116,5.863824391,5.928681898,5.619117238,5.254991766,6.533301276,,,
03/01/2046,5.3569843,5.865369304,5.930359501,5.62018352,5.255311592,6.536589466,,,
04/01/2046,5.357506036,5.867073694,5.932210267,5.621359919,5.255664284,6.540216639,,,
05/01/2046,5.358009712,5.868718203,5.933995945,5.622495268,5.256005046,6.543715146,,,
06/01/2046,5.358528279,5.870411753,5.935834842,5.623664583,5.256355989,6.5473173,,,
07/01/2046,5.359028675,5.872045585,5.937608853,5.624792867,5.25669483,6.550791476,,,
08/01/2046,5.359544262,5.873728526,5.939436128,5.625955286,5.257044175,6.554368985,,,
09/01/2046,5.360058061,5.875405806,5.941257236,5.627113922,5.257392413,6.557933739,,,
10/01/2046,5.360553586,5.877023694,5.943013824,5.628231633,5.257728369,6.561371584,,,
11/01/2046,5.361063967,5.878690025,5.944822964,5.629382962,5.25807454,6.564911524,,,
12/01/2046,5.361556395,5.880297525,5.946568199,5.6304938,5.258408676,6.568325661,,,
01/01/2047,5.362063114,5.881952685,5.948365172,5.631637569,5.25875249,6.571840699,,,
02/01/2047,5.362568862,5.883603044,5.95015685,5.632778374,5.259095985,6.575344018,,,
03/01/2047,5.363024756,5.88508968,5.951770722,5.633806247,5.259405859,6.578498689,,,
04/01/2047,5.363527674,5.886730014,5.953551421,5.634940463,5.259747751,6.581978925,,,
05/01/2047,5.364012757,5.888312303,5.955269083,5.636034636,5.260077604,6.585335387,,,
06/01/2047,5.364512353,5.889941947,5.957038107,5.637161668,5.26041743,6.588791556,,,
07/01/2047,5.364994718,5.891514414,5.958744998,5.638249395,5.26074577,6.592125342,,,
08/01/2047,5.365491862,5.893134295,5.960503289,5.639370127,5.261084372,6.595558578,,,
09/01/2047,5.365987107,5.894748616,5.962255523,5.640487031,5.261421702,6.598979624,,,
10/01/2047,5.366464848,5.89630589,5.96394581,5.64156456,5.261747189,6.602279147,,,
11/01/2047,5.366957423,5.89791031,5.965687194,5.642674976,5.262083035,6.605677291,,,
12/01/2047,5.367432107,5.899457572,5.967366542,5.643745773,5.262406614,6.608954244,,,
01/01/2048,5.3679213,5.901051456,5.969096431,5.644849025,5.262740263,6.612328928,,,
02/01/2048,5.368408775,5.902640003,5.9708205,5.645948642,5.26307279,6.615691764,,,
03/01/2048,5.368863428,5.904121532,5.972428388,5.646974268,5.263383009,6.618827439,,,
04/01/2048,5.369347603,5.905699801,5.974141251,5.648066883,5.263713378,6.622167471,,,
05/01/2048,5.369814931,5.907222553,5.975793814,5.649121229,5.264032398,6.625389115,,,
06/01/2048,5.370296789,5.908791429,5.977496352,5.650207764,5.264361586,6.628707123,,,
07/01/2048,5.370762135,5.910305367,5.979139209,5.651256489,5.264679714,6.631907826,,,
08/01/2048,5.371240991,5.91186423,5.980830812,5.652336284,5.265007022,6.635203339,,,
09/01/2048,5.371717915,5.913417648,5.982516488,5.653412274,5.265332976,6.638487086,,,
10/01/2048,5.372178732,5.914916902,5.98414331,5.654451052,5.265648207,6.641654988,,,
11/01/2048,5.372653186,5.916460898,5.98581866,5.655520856,5.265972785,6.644917,,,
12/01/2048,5.373110591,5.91795009,5.987434519,5.656552666,5.266285683,6.648062958,,,
01/01/2049,5.373582622,5.919484775,5.989099651,5.657616969,5.266608921,6.651303457,,,
02/01/2049,5.374052237,5.921013591,5.990758445,5.658677581,5.266930307,6.654531901,,,
03/01/2049,5.374475097,5.922390302,5.992252185,5.659633149,5.267219724,6.657438726,,,
04/01/2049,5.374941987,5.923909786,5.993900772,5.660688498,5.267539428,6.660646115,,,
05/01/2049,5.375392784,5.925375976,5.995491479,5.661707498,5.267848286,6.663740061,,,
06/01/2049,5.375857178,5.926886173,5.997129892,5.662757655,5.268166547,6.666926216,,,
07/01/2049,5.376305552,5.928343978,5.998710776,5.66377157,5.268474001,6.669999688,,,
08/01/2049,5.376766827,5.92984445,6.000338465,5.664815816,5.268790197,6.673164152,,,
09/01/2049,5.377226479,5.931339804,6.001960683,5.665856974,5.269105302,6.676317604,,,
10/01/2049,5.377670438,5.932782874,6.003526114,5.666862291,5.269409876,6.679359732,,,
11/01/2049,5.378127611,5.934269081,6.005138324,5.667898026,5.269723532,6.682492379,,,
12/01/2049,5.378568576,5.93570273,6.006693496,5.66889746,5.270026094,6.685513798,,,
01/01/2050,5.379023091,5.937179687,6.008295558,5.669927522,5.270338113,6.688625525,,,
02/01/2050,5.379475717,5.938651416,6.009891951,5.670954146,5.270648762,6.691726152,,,
03/01/2050,5.379883404,5.939976841,6.011329637,5.671879009,5.270928634,6.694518082,,,
04/01/2050,5.380333711,5.941439878,6.01291653,5.672900324,5.271237935,6.697598935,,,
05/01/2050,5.380767286,5.942850428,6.014446529,5.673885017,5.271535541,6.70056968,,,
06/01/2050,5.381214785,5.944304134,6.016023239,5.674900398,5.271843034,6.703629802,,,
07/01/2050,5.381646283,5.945706303,6.017544851,5.675879968,5.272139516,6.706581175,,,
08/01/2050,5.382090906,5.947150675,6.01911313,5.676889334,5.272445129,6.709620682,,,
09/01/2050,5.382534152,5.948590409,6.020677174,5.677895722,5.272749865,6.712649871,,,
10/01/2050,5.382962256,5.949979796,6.022187186,5.678867292,5.273044387,6.715572156,,,
11/01/2050,5.383402301,5.95140995,6.023742233,5.679867327,5.273346899,6.718580651,,,
12/01/2050,5.383827207,5.952789983,6.025243314,5.680832643,5.273639164,6.721482826,,,
01/01/2051,5.384265492,5.954212003,6.026790549,5.681827735,5.273940877,6.724472136,,,
02/01/2051,5.384701954,5.955628996,6.028332832,5.682819395,5.27424125,6.727450837,,,
03/01/2051,5.385095126,5.956905199,6.029722226,5.683712722,5.274511904,6.730133079,,,
04/01/2051,5.385529698,5.958314225,6.031256572,5.684699423,5.274811311,6.733093277,,,
05/01/2051,5.385948234,5.959672821,6.032736407,5.685650777,5.275099489,6.735947845,,,
06/01/2051,5.386379099,5.961071918,6.034260709,5.686630613,5.275396136,6.738887268,,,
07/01/2051,5.38679497,5.962421824,6.035731686,5.687576231,5.275682563,6.74172267,,,
08/01/2051,5.387223786,5.963812655,6.037247506,5.688550836,5.275978096,6.744643075,,,
09/01/2051,5.387650388,5.965198148,6.03875784,5.689521623,5.276271887,6.747552696,,,
10/01/2051,5.388062006,5.966534778,6.040215129,5.690458354,5.276555419,6.750359194,,,
11/01/2051,5.388486284,5.967911758,6.041716608,5.691423624,5.276847806,6.75324962,,,
12/01/2051,5.388895947,5.969240476,6.043165626,5.692355317,5.277130276,6.756037938,,,
01/01/2052,5.389317808,5.97060892,6.04465818,5.693314996,5.277421159,6.75890929,,,
02/01/2052,5.389737877,5.971972482,6.046145625,5.694271275,5.277710716,6.761770407,,,
03/01/2052,5.390130103,5.973244626,6.047533459,5.695163706,5.27798126,6.764438847,,,
04/01/2052,5.390548163,5.974600216,6.049012485,5.696114862,5.278269707,6.767281773,,,
05/01/2052,5.390951062,5.975907538,6.050439032,5.697032163,5.278547594,6.770023504,,,
06/01/2052,5.391366705,5.977254693,6.051909132,5.697977749,5.278834517,6.772847647,,,
07/01/2052,5.391767771,5.978554386,6.053327561,5.698890172,5.279111441,6.775571811,,,
08/01/2052,5.392180808,5.979892985,6.054788594,5.699830025,5.27939665,6.778377186,,,
09/01/2052,5.392591683,5.98122642,6.056244183,5.700766136,5.279680144,6.781172189,,,
10/01/2052,5.392988842,5.98251354,6.057649258,5.70167009,5.279954447,6.78386888,,,
11/01/2052,5.393398609,5.983839936,6.059097264,5.702601961,5.280237711,6.786646721,,,
12/01/2052,5.393793139,5.985118763,6.060493493,5.703500282,5.28051023,6.789325369,,,
01/01/2053,5.394200165,5.986436743,6.061932345,5.704426317,5.280791628,6.792084595,,,
02/01/2053,5.394605152,5.987749667,6.063365912,5.705348748,5.281071424,6.79483375,,,
03/01/2053,5.394969534,5.988931631,6.064656679,5.706179225,5.281323092,6.797308881,,,
04/01/2053,5.395371955,5.990236254,6.066081466,5.707096099,5.281601155,6.800040161,,,
05/01/2053,5.395760647,5.991495288,6.067456501,5.707981182,5.281869916,6.802675129,,,
06/01/2053,5.396160496,5.992791564,6.068872338,5.708892408,5.282146266,6.805388197,,,
07/01/2053,5.396546115,5.994041943,6.070238127,5.709771439,5.282412769,6.808004962,,,
08/01/2053,5.396943606,5.995330107,6.071645229,5.710677233,5.282687612,6.810700069,,,
09/01/2053,5.397340204,5.996614332,6.073048081,5.711580439,5.282961851,6.813386303,,,
10/01/2053,5.397723342,5.997853432,6.074401688,5.712452063,5.283226645,6.815977586,,,
11/01/2053,5.398118486,5.999129994,6.075796268,5.713350234,5.283499731,6.818646547,,,
12/01/2053,5.398500472,6.00036208,6.077142281,5.714217375,5.283763779,6.821221577,,,
01/01/2054,5.398893569,6.001630555,6.078528162,5.715110048,5.284035194,6.823872922,,,
02/01/2054,5.399285276,6.002894563,6.079909258,5.715999568,5.284305395,6.826514943,,,
03/01/2054,5.399638259,6.00403292,6.081153105,5.71680075,5.284548773,6.828893986,,,
04/01/2054,5.400028038,6.005289144,6.082525798,5.717684987,5.284817383,6.831518974,,,
05/01/2054,5.400404331,6.006501078,6.083850131,5.718538154,5.285076603,6.834051002,,,
06/01/2054,5.40079243,6.007749636,6.085214511,5.719417288,5.285343927,6.836658871,,,
07/01/2054,5.401166952,6.008954049,6.086530701,5.7202654,5.285601766,6.839174275,,,
08/01/2054,5.401552968,6.010194635,6.087886465,5.721139094,5.285867434,6.841764813,,,
09/01/2054,5.401938259,6.011431532,6.089238218,5.722010377,5.286132606,6.844346955,,,
10/01/2054,5.402310729,6.012625385,6.090542926,5.722851599,5.286389054,6.846838294,,,
11/01/2054,5.402693514,6.01385404,6.091885803,5.723717122,5.286652192,6.849402995,,,
12/01/2054,5.403063016,6.015039399,6.093181393,5.724552249,5.286906147,6.85187692,,,
01/01/2055,5.403443404,6.016259963,6.094515525,5.725412159,5.287167398,6.854424315,,,
02/01/2055,5.403823204,6.017477044,6.095845848,5.726269849,5.287428313,6.856963566,,,
03/01/2055,5.404165743,6.018573497,6.097044319,5.727042711,5.287663696,6.859250472,,,
04/01/2055,5.404543761,6.019783373,6.098366812,5.727895562,5.287923348,6.861773746,,,
05/01/2055,5.404908869,6.020950847,6.099642971,5.72871869,5.288174167,6.864207972,,,
06/01/2055,5.405285353,6.022153629,6.100957738,5.729566879,5.288432829,6.866715177,,,
07/01/2055,5.405648141,6.023313455,6.102225625,5.730384692,5.288681866,6.86913308,,,
08/01/2055,5.406022411,6.024508547,6.103532055,5.731227593,5.288938883,6.871623651,,,
09/01/2055,5.406395765,6.025699961,6.104834484,5.732068027,5.289195275,6.874106056,,,
10/01/2055,5.406755656,6.026848962,6.106090615,5.732878496,5.289442254,6.876500203,,,
11/01/2055,5.407126389,6.028032365,6.107384391,5.733713289,5.2896966,6.878965762,,,
12/01/2055,5.407484086,6.029173967,6.108632496,5.734518651,5.289941947,6.881343955,,,
01/01/2056,5.407852904,6.0303501,6.109918357,5.735348532,5.290194973,6.88379346,,,
02/01/2056,5.408220275,6.031522083,6.11119974,5.736175453,5.290446847,6.886234369,,,
03/01/2056,5.408563525,6.032615661,6.112395378,5.736947278,5.290682313,6.888511134,,,
04/01/2056,5.408929604,6.033781125,6.113669617,5.737769983,5.290933478,6.890936991,,,
05/01/2056,5.409282262,6.034904892,6.114898341,5.738563145,5.291175221,6.893276374,,,
06/01/2056,5.409645687,6.036062451,6.116164027,5.739380261,5.291424334,6.895685673,,,
07/01/2056,5.409997012,6.037179799,6.117385712,5.740169248,5.291665325,6.898010297,,,
08/01/2056,5.41035833,6.038330047,6.118643445,5.740981347,5.291912941,6.900403719,,,
09/01/2056,5.41071826,6.039476265,6.119896819,5.741790584,5.292159479,6.902788757,,,
10/01/2056,5.411066046,6.040582506,6.121106451,5.742571803,5.292397823,6.905089791,,,
11/01/2056,5.411424749,6.041722325,6.122352786,5.74337692,5.292643746,6.907459952,,,
12/01/2056,5.411770528,6.042821602,6.123554841,5.744153359,5.292880679,6.90974588,,,
01/01/2057,5.412127204,6.043954312,6.124793435,5.744953608,5.293125199,6.91210057,,,
02/01/2057,5.412482319,6.045082889,6.126027581,5.74575086,5.293368463,6.91444689,,,
03/01/2057,5.412802599,6.046099673,6.127139458,5.746469311,5.29358797,6.916560116,,,
04/01/2057,5.413155737,6.047221391,6.128366133,5.74726186,5.293829853,6.918891514,,,
05/01/2057,5.41349745,6.048304482,6.129550502,5.748027462,5.294064192,6.921141346,,,
06/01/2057,5.41384889,6.049419492,6.130769844,5.748815515,5.294304992,6.923457801,,,
07/01/2057,5.414188139,6.050495553,6.13194633,5.749575969,5.294537467,6.925692403,,,
08/01/2057,5.414538005,6.051604543,6.13315851,5.750359675,5.294777312,6.927994143,,,
09/01/2057,5.414887201,6.05270995,6.134367229,5.751141325,5.295016812,6.930288651,,,
10/01/2057,5.415223817,6.053776182,6.135533035,5.751895148,5.295247552,6.932501682,,,
11/01/2057,5.415570134,6.054873898,6.136733394,5.752671202,5.295484778,6.934780376,,,
12/01/2057,5.415904352,6.055932849,6.137891489,5.753420003,5.295713719,6.936978465,,,
01/01/2058,5.416248943,6.057023834,6.139084635,5.75419162,5.295949838,6.939242504,,,
02/01/2058,5.416592095,6.058110919,6.140273569,5.754960428,5.296184828,6.941498567,,,
03/01/2058,5.416901726,6.05909056,6.141344862,5.755653397,5.296397019,6.943530663,,,
04/01/2058,5.417243438,6.060171847,6.142527089,5.756418158,5.296631162,6.94577291,,,
05/01/2058,5.417572493,6.06121407,6.143666981,5.757155352,5.296856419,6.947935155,,,
06/01/2058,5.417911688,6.062287741,6.144841282,5.757914925,5.297088659,6.950162156,,,
07/01/2058,5.418238994,6.063323573,6.145974198,5.75864779,5.297312765,6.952310362,,,
08/01/2058,5.418576223,6.06439052,6.147141159,5.75940274,5.297543658,6.954522782,,,
09/01/2058,5.418912733,6.065454337,6.148304681,5.760155626,5.297774146,6.956728104,,,
10/01/2058,5.419238,6.066481202,6.149427752,5.76088258,5.297997105,6.958855983,,,
11/01/2058,5.419572104,6.067537928,6.150583579,5.761630442,5.298225798,6.961046474,,,
12/01/2058,5.419894871,6.068557767,6.151699034,5.76235237,5.298446846,6.963159819,,,
01/01/2059,5.420227628,6.069608451,6.152848218,5.763096262,5.298674802,6.965336544,,,
02/01/2059,5.4205594,6.0706558,6.153993754,5.763837856,5.298902088,6.967506038,,,
03/01/2059,5.420858287,6.071599102,6.155025496,5.764505838,5.299106853,6.969459737,,,
04/01/2059,5.421188015,6.072639962,6.156163968,5.765242906,5.299332687,6.971615393,,,
05/01/2059,5.421507196,6.073645147,6.157263344,5.765955062,5.299551612,6.973695856,,,
06/01/2059,5.421835438,6.074679968,6.158395201,5.766688099,5.299776559,6.975837994,,,
07/01/2059,5.422151674,6.075677839,6.159486694,5.767394872,5.299993125,6.977903884,,,
08/01/2059,5.42247781,6.07670603,6.160611327,5.768123278,5.300216572,6.980031872,,,
09/01/2059,5.422803121,6.077731105,6.161732549,5.768849582,5.300439502,6.982152968,,,
10/01/2059,5.423117525,6.078720569,6.162814784,5.769550852,5.300655109,6.984199582,,,
11/01/2059,5.423441037,6.079739378,6.163929167,5.770272862,5.300876836,6.986307048,,,
12/01/2059,5.423753086,6.080722181,6.165004183,5.770969377,5.301090665,6.988339863,,,
01/01/2060,5.42407527,6.081735268,6.166112206,5.771687573,5.301311651,6.990434171,,,
02/01/2060,5.424395178,6.082743794,6.167215417,5.772402253,5.301530665,6.992520211,,,
03/01/2060,5.4246941,6.083684924,6.168244865,5.773069371,5.301735473,6.994466078,,,
04/01/2060,5.425012963,6.084688043,6.169342099,5.773780572,5.301954022,6.996539506,,,
05/01/2060,5.425320789,6.085655985,6.170400814,5.774466904,5.302165053,6.998539763,,,
06/01/2060,5.425637556,6.086652674,6.171490989,5.77517356,5.302382099,7.000599464,,,
07/01/2060,5.42594327,6.087614266,6.172542821,5.775855433,5.302591602,7.00258641,,,
08/01/2060,5.42625857,6.088605085,6.173626612,5.776558189,5.30280777,7.004633134,,,
09/01/2060,5.426572765,6.089592621,6.174706827,5.777258624,5.303023138,7.006672951,,,
10/01/2060,5.42687552,6.090544933,6.175748561,5.777934007,5.303230519,7.00864019,,,
11/01/2060,5.427188063,6.091526474,6.176822215,5.778630364,5.303444806,7.010666854,,,
12/01/2060,5.427490048,6.092474171,6.177858448,5.779302641,5.303651985,7.012622259,,,
01/01/2061,5.427801843,6.09345159,6.178926336,5.779995672,5.303865924,7.014636705,,,
