Date,Critical head + 50 feet,Critical head + 20 feet,Critical head,base,2015 water level scenario,Historical low scenario,Date_S,Measured Subsidence,Source
01/01/1901,0,0,0,0,0,0,01/01/1901,0,Leveling
02/01/1901,-0.019800385,-0.019800385,-0.019800385,-0.019800385,-0.019800385,-0.019800385,01/01/1931,0,Leveling
03/01/1901,-0.01987747,-0.01987747,-0.01987747,-0.01987747,-0.01987747,-0.01987747,09/01/1948,0.03526903,Leveling
04/01/1901,-0.024440908,-0.024440908,-0.024440908,-0.024440908,-0.024440908,-0.024440908,04/01/1958,0.074409451,Leveling
05/01/1901,-0.031313878,-0.031313878,-0.031313878,-0.031313878,-0.031313878,-0.031313878,03/01/1988,0.446161432,Leveling
06/01/1901,-0.041339547,-0.041339547,-0.041339547,-0.041339547,-0.041339547,-0.041339547,10/01/2004,0.838378817,Leveling
07/01/1901,-0.04859172,-0.04859172,-0.04859172,-0.04859172,-0.04859172,-0.04859172,11/01/2004,0.847237085,InSAR
08/01/1901,-0.051142626,-0.051142626,-0.051142626,-0.051142626,-0.051142626,-0.051142626,12/01/2004,0.846580917,InSAR
09/01/1901,-0.051365056,-0.051365056,-0.051365056,-0.051365056,-0.051365056,-0.051365056,01/01/2005,0.854454933,InSAR
10/01/1901,-0.052269644,-0.052269644,-0.052269644,-0.052269644,-0.052269644,-0.052269644,02/01/2005,0.861016613,InSAR
11/01/1901,-0.049764283,-0.049764283,-0.049764283,-0.049764283,-0.049764283,-0.049764283,03/01/2005,0.855439185,InSAR
12/01/1901,-0.047977026,-0.047977026,-0.047977026,-0.047977026,-0.047977026,-0.047977026,04/01/2005,0.839691153,InSAR
01/01/1902,-0.045685976,-0.045685976,-0.045685976,-0.045685976,-0.045685976,-0.045685976,01/01/2006,0.859376193,InSAR
02/01/1902,-0.044191065,-0.044191065,-0.044191065,-0.044191065,-0.044191065,-0.044191065,02/01/2006,0.855439185,InSAR
03/01/1902,-0.040106505,-0.040106505,-0.040106505,-0.040106505,-0.040106505,-0.040106505,03/01/2006,0.844284329,InSAR
04/01/1902,-0.024113969,-0.024113969,-0.024113969,-0.024113969,-0.024113969,-0.024113969,04/01/2006,0.843628161,InSAR
05/01/1902,-0.021568851,-0.021568851,-0.021568851,-0.021568851,-0.021568851,-0.021568851,05/01/2006,0.843628161,InSAR
06/01/1902,-0.003745913,-0.003745913,-0.003745913,-0.003745913,-0.003745913,-0.003745913,06/01/2006,0.846252833,InSAR
07/01/1902,0.002878611,0.002878611,0.002878611,0.002878611,0.002878611,0.002878611,07/01/2006,0.851502177,InSAR
08/01/1902,-0.005505237,-0.005505237,-0.005505237,-0.005505237,-0.005505237,-0.005505237,08/01/2006,0.851174093,InSAR
09/01/1902,-0.007283456,-0.007283456,-0.007283456,-0.007283456,-0.007283456,-0.007283456,09/01/2006,0.856423437,InSAR
10/01/1902,-0.016453097,-0.016453097,-0.016453097,-0.016453097,-0.016453097,-0.016453097,10/01/2006,0.853798765,InSAR
11/01/1902,-0.015808574,-0.015808574,-0.015808574,-0.015808574,-0.015808574,-0.015808574,11/01/2006,0.856751521,InSAR
12/01/1902,-0.018824603,-0.018824603,-0.018824603,-0.018824603,-0.018824603,-0.018824603,12/01/2006,0.865937873,InSAR
01/01/1903,-0.011039559,-0.011039559,-0.011039559,-0.011039559,-0.011039559,-0.011039559,01/01/2007,0.877748897,InSAR
02/01/1903,-0.018863148,-0.018863148,-0.018863148,-0.018863148,-0.018863148,-0.018863148,02/01/2007,0.882342073,InSAR
03/01/1903,-0.023510416,-0.023510416,-0.023510416,-0.023510416,-0.023510416,-0.023510416,12/01/2007,0.933195093,InSAR
04/01/1903,-0.019725499,-0.019725499,-0.019725499,-0.019725499,-0.019725499,-0.019725499,01/01/2008,0.914822389,InSAR
05/01/1903,-0.01926519,-0.01926519,-0.01926519,-0.01926519,-0.01926519,-0.01926519,02/01/2008,0.937132101,InSAR
06/01/1903,-0.020117907,-0.020117907,-0.020117907,-0.020117907,-0.020117907,-0.020117907,03/01/2008,0.940412941,InSAR
07/01/1903,-0.028364447,-0.028364447,-0.028364447,-0.028364447,-0.028364447,-0.028364447,04/01/2008,0.938444437,InSAR
08/01/1903,-0.028385319,-0.028385319,-0.028385319,-0.028385319,-0.028385319,-0.028385319,05/01/2008,0.938772521,InSAR
09/01/1903,-0.036956063,-0.036956063,-0.036956063,-0.036956063,-0.036956063,-0.036956063,06/01/2008,0.943365697,InSAR
10/01/1903,-0.037654867,-0.037654867,-0.037654867,-0.037654867,-0.037654867,-0.037654867,07/01/2008,0.948943125,InSAR
11/01/1903,-0.044281169,-0.044281169,-0.044281169,-0.044281169,-0.044281169,-0.044281169,07/01/2009,1.005045489,InSAR
12/01/1903,-0.054544859,-0.054544859,-0.054544859,-0.054544859,-0.054544859,-0.054544859,08/01/2009,1.018168849,InSAR
01/01/1904,-0.053800452,-0.053800452,-0.053800452,-0.053800452,-0.053800452,-0.053800452,09/01/2009,1.029323705,InSAR
02/01/1904,-0.052974661,-0.052974661,-0.052974661,-0.052974661,-0.052974661,-0.052974661,10/01/2009,1.034244965,InSAR
03/01/1904,-0.062297662,-0.062297662,-0.062297662,-0.062297662,-0.062297662,-0.062297662,11/01/2009,1.046384073,InSAR
04/01/1904,-0.057364626,-0.057364626,-0.057364626,-0.057364626,-0.057364626,-0.057364626,12/01/2009,1.051961501,InSAR
05/01/1904,-0.058852472,-0.058852472,-0.058852472,-0.058852472,-0.058852472,-0.058852472,01/01/2010,1.068693785,InSAR
06/01/1904,-0.060540945,-0.060540945,-0.060540945,-0.060540945,-0.060540945,-0.060540945,02/01/2010,1.076567801,InSAR
07/01/1904,-0.063110558,-0.063110558,-0.063110558,-0.063110558,-0.063110558,-0.063110558,03/01/2010,1.084113733,InSAR
08/01/1904,-0.062739786,-0.062739786,-0.062739786,-0.062739786,-0.062739786,-0.062739786,04/01/2010,1.086738405,InSAR
09/01/1904,-0.0705391,-0.0705391,-0.0705391,-0.0705391,-0.0705391,-0.0705391,05/01/2010,1.085426069,InSAR
10/01/1904,-0.070596425,-0.070596425,-0.070596425,-0.070596425,-0.070596425,-0.070596425,06/01/2010,1.094612421,InSAR
11/01/1904,-0.071577124,-0.071577124,-0.071577124,-0.071577124,-0.071577124,-0.071577124,07/01/2010,1.094284337,InSAR
12/01/1904,-0.06781622,-0.06781622,-0.06781622,-0.06781622,-0.06781622,-0.06781622,08/01/2010,1.120531057,InSAR
01/01/1905,-0.076064588,-0.076064588,-0.076064588,-0.076064588,-0.076064588,-0.076064588,01/01/2015,1.334330924,InSAR
02/01/1905,-0.083411867,-0.083411867,-0.083411867,-0.083411867,-0.083411867,-0.083411867,01/02/2015,1.334330924,Leveling
03/01/1905,-0.094327178,-0.094327178,-0.094327178,-0.094327178,-0.094327178,-0.094327178,01/07/2015,1.33728368,InSAR
04/01/1905,-0.104739705,-0.104739705,-0.104739705,-0.104739705,-0.104739705,-0.104739705,01/13/2015,1.34056452,InSAR
05/01/1905,-0.122663233,-0.122663233,-0.122663233,-0.122663233,-0.122663233,-0.122663233,01/20/2015,1.344173444,InSAR
06/01/1905,-0.133323097,-0.133323097,-0.133323097,-0.133323097,-0.133323097,-0.133323097,01/26/2015,1.3471262,InSAR
07/01/1905,-0.143144329,-0.143144329,-0.143144329,-0.143144329,-0.143144329,-0.143144329,02/01/2015,1.350078956,InSAR
08/01/1905,-0.16346122,-0.16346122,-0.16346122,-0.16346122,-0.16346122,-0.16346122,02/07/2015,1.353359796,InSAR
09/01/1905,-0.170859822,-0.170859822,-0.170859822,-0.170859822,-0.170859822,-0.170859822,02/12/2015,1.355656384,InSAR
10/01/1905,-0.173906847,-0.173906847,-0.173906847,-0.173906847,-0.173906847,-0.173906847,02/18/2015,1.358937224,InSAR
11/01/1905,-0.182056617,-0.182056617,-0.182056617,-0.182056617,-0.182056617,-0.182056617,02/23/2015,1.361233812,InSAR
12/01/1905,-0.190216829,-0.190216829,-0.190216829,-0.190216829,-0.190216829,-0.190216829,03/01/2015,1.364514652,InSAR
01/01/1906,-0.206184772,-0.206184772,-0.206184772,-0.206184772,-0.206184772,-0.206184772,03/07/2015,1.367795492,InSAR
02/01/1906,-0.214218576,-0.214218576,-0.214218576,-0.214218576,-0.214218576,-0.214218576,03/13/2015,1.371076332,InSAR
03/01/1906,-0.216913042,-0.216913042,-0.216913042,-0.216913042,-0.216913042,-0.216913042,03/20/2015,1.37501334,InSAR
04/01/1906,-0.221619269,-0.221619269,-0.221619269,-0.221619269,-0.221619269,-0.221619269,03/26/2015,1.377638012,InSAR
05/01/1906,-0.216878769,-0.216878769,-0.216878769,-0.216878769,-0.216878769,-0.216878769,04/01/2015,1.376325676,InSAR
06/01/1906,-0.215060883,-0.215060883,-0.215060883,-0.215060883,-0.215060883,-0.215060883,04/07/2015,1.375341424,InSAR
07/01/1906,-0.223578995,-0.223578995,-0.223578995,-0.223578995,-0.223578995,-0.223578995,04/13/2015,1.374029088,InSAR
08/01/1906,-0.236512758,-0.236512758,-0.236512758,-0.236512758,-0.236512758,-0.236512758,04/19/2015,1.374357172,InSAR
09/01/1906,-0.232673942,-0.232673942,-0.232673942,-0.232673942,-0.232673942,-0.232673942,04/25/2015,1.38157502,InSAR
10/01/1906,-0.240687462,-0.240687462,-0.240687462,-0.240687462,-0.240687462,-0.240687462,05/01/2015,1.388792868,InSAR
11/01/1906,-0.237239693,-0.237239693,-0.237239693,-0.237239693,-0.237239693,-0.237239693,05/07/2015,1.396010716,InSAR
12/01/1906,-0.237346665,-0.237346665,-0.237346665,-0.237346665,-0.237346665,-0.237346665,05/13/2015,1.402572396,InSAR
01/01/1907,-0.242863426,-0.242863426,-0.242863426,-0.242863426,-0.242863426,-0.242863426,05/20/2015,1.406509404,InSAR
02/01/1907,-0.23517585,-0.23517585,-0.23517585,-0.23517585,-0.23517585,-0.23517585,05/26/2015,1.409790244,InSAR
03/01/1907,-0.24365895,-0.24365895,-0.24365895,-0.24365895,-0.24365895,-0.24365895,06/01/2015,1.413071084,InSAR
04/01/1907,-0.231721415,-0.231721415,-0.231721415,-0.231721415,-0.231721415,-0.231721415,06/07/2015,1.414711504,InSAR
05/01/1907,-0.233021756,-0.233021756,-0.233021756,-0.233021756,-0.233021756,-0.233021756,06/13/2015,1.413727252,InSAR
06/01/1907,-0.241046248,-0.241046248,-0.241046248,-0.241046248,-0.241046248,-0.241046248,06/19/2015,1.416351924,InSAR
07/01/1907,-0.240780963,-0.240780963,-0.240780963,-0.240780963,-0.240780963,-0.240780963,06/25/2015,1.415039588,InSAR
08/01/1907,-0.238580106,-0.238580106,-0.238580106,-0.238580106,-0.238580106,-0.238580106,07/01/2015,1.411758748,InSAR
09/01/1907,-0.23367035,-0.23367035,-0.23367035,-0.23367035,-0.23367035,-0.23367035,07/07/2015,1.409134076,InSAR
10/01/1907,-0.225984515,-0.225984515,-0.225984515,-0.225984515,-0.225984515,-0.225984515,07/13/2015,1.40782174,InSAR
11/01/1907,-0.215114719,-0.215114719,-0.215114719,-0.215114719,-0.215114719,-0.215114719,07/20/2015,1.409134076,InSAR
12/01/1907,-0.211527642,-0.211527642,-0.211527642,-0.211527642,-0.211527642,-0.211527642,07/26/2015,1.413399168,InSAR
01/01/1908,-0.207415871,-0.207415871,-0.207415871,-0.207415871,-0.207415871,-0.207415871,08/01/2015,1.418648512,InSAR
02/01/1908,-0.199341912,-0.199341912,-0.199341912,-0.199341912,-0.199341912,-0.199341912,08/07/2015,1.42258552,InSAR
03/01/1908,-0.191017871,-0.191017871,-0.191017871,-0.191017871,-0.191017871,-0.191017871,08/13/2015,1.428819116,InSAR
04/01/1908,-0.181120212,-0.181120212,-0.181120212,-0.181120212,-0.181120212,-0.181120212,08/20/2015,1.433740376,InSAR
05/01/1908,-0.176131669,-0.176131669,-0.176131669,-0.176131669,-0.176131669,-0.176131669,08/26/2015,1.438661636,InSAR
06/01/1908,-0.169973957,-0.169973957,-0.169973957,-0.169973957,-0.169973957,-0.169973957,09/01/2015,1.445879484,InSAR
07/01/1908,-0.174025145,-0.174025145,-0.174025145,-0.174025145,-0.174025145,-0.174025145,09/07/2015,1.451128828,InSAR
08/01/1908,-0.165746971,-0.165746971,-0.165746971,-0.165746971,-0.165746971,-0.165746971,09/13/2015,1.455065836,InSAR
09/01/1908,-0.168213761,-0.168213761,-0.168213761,-0.168213761,-0.168213761,-0.168213761,09/19/2015,1.45867476,InSAR
10/01/1908,-0.169312122,-0.169312122,-0.169312122,-0.169312122,-0.169312122,-0.169312122,09/25/2015,1.462611768,InSAR
11/01/1908,-0.164985234,-0.164985234,-0.164985234,-0.164985234,-0.164985234,-0.164985234,10/01/2015,1.464252188,InSAR
12/01/1908,-0.164846375,-0.164846375,-0.164846375,-0.164846375,-0.164846375,-0.164846375,10/07/2015,1.468845364,InSAR
01/01/1909,-0.159163995,-0.159163995,-0.159163995,-0.159163995,-0.159163995,-0.159163995,10/13/2015,1.473766624,InSAR
02/01/1909,-0.150369139,-0.150369139,-0.150369139,-0.150369139,-0.150369139,-0.150369139,10/20/2015,1.477703632,InSAR
03/01/1909,-0.146644364,-0.146644364,-0.146644364,-0.146644364,-0.146644364,-0.146644364,10/26/2015,1.483609144,InSAR
04/01/1909,-0.144969554,-0.144969554,-0.144969554,-0.144969554,-0.144969554,-0.144969554,11/01/2015,1.48984274,InSAR
05/01/1909,-0.148068674,-0.148068674,-0.148068674,-0.148068674,-0.148068674,-0.148068674,11/07/2015,1.494764,InSAR
06/01/1909,-0.144029753,-0.144029753,-0.144029753,-0.144029753,-0.144029753,-0.144029753,11/13/2015,1.499357176,InSAR
07/01/1909,-0.147829313,-0.147829313,-0.147829313,-0.147829313,-0.147829313,-0.147829313,11/19/2015,1.506903108,InSAR
08/01/1909,-0.154973358,-0.154973358,-0.154973358,-0.154973358,-0.154973358,-0.154973358,11/25/2015,1.511824368,InSAR
09/01/1909,-0.152972293,-0.152972293,-0.152972293,-0.152972293,-0.152972293,-0.152972293,12/01/2015,1.513136704,InSAR
10/01/1909,-0.169501812,-0.169501812,-0.169501812,-0.169501812,-0.169501812,-0.169501812,12/07/2015,1.514777124,InSAR
11/01/1909,-0.185927558,-0.185927558,-0.185927558,-0.185927558,-0.185927558,-0.185927558,12/13/2015,1.515433292,InSAR
12/01/1909,-0.190697486,-0.190697486,-0.190697486,-0.190697486,-0.190697486,-0.190697486,12/20/2015,1.5193703,InSAR
01/01/1910,-0.192789988,-0.192789988,-0.192789988,-0.192789988,-0.192789988,-0.192789988,12/26/2015,1.518386048,InSAR
02/01/1910,-0.197725382,-0.197725382,-0.197725382,-0.197725382,-0.197725382,-0.197725382,01/01/2016,1.521994972,InSAR
03/01/1910,-0.197377095,-0.197377095,-0.197377095,-0.197377095,-0.197377095,-0.197377095,01/07/2016,1.52429156,InSAR
04/01/1910,-0.19357479,-0.19357479,-0.19357479,-0.19357479,-0.19357479,-0.19357479,01/13/2016,1.53249366,InSAR
05/01/1910,-0.201452677,-0.201452677,-0.201452677,-0.201452677,-0.201452677,-0.201452677,01/20/2016,1.536758752,InSAR
06/01/1910,-0.204764038,-0.204764038,-0.204764038,-0.204764038,-0.204764038,-0.204764038,01/26/2016,1.544304684,InSAR
07/01/1910,-0.196686564,-0.196686564,-0.196686564,-0.196686564,-0.196686564,-0.196686564,02/01/2016,1.547585524,InSAR
08/01/1910,-0.18994567,-0.18994567,-0.18994567,-0.18994567,-0.18994567,-0.18994567,02/07/2016,1.548241692,InSAR
09/01/1910,-0.191172417,-0.191172417,-0.191172417,-0.191172417,-0.191172417,-0.191172417,02/13/2016,1.54889786,InSAR
10/01/1910,-0.187059449,-0.187059449,-0.187059449,-0.187059449,-0.187059449,-0.187059449,02/18/2016,1.549225944,InSAR
11/01/1910,-0.183994697,-0.183994697,-0.183994697,-0.183994697,-0.183994697,-0.183994697,02/24/2016,1.55053828,InSAR
12/01/1910,-0.178334664,-0.178334664,-0.178334664,-0.178334664,-0.178334664,-0.178334664,03/01/2016,1.542992348,InSAR
01/01/1911,-0.174706443,-0.174706443,-0.174706443,-0.174706443,-0.174706443,-0.174706443,03/07/2016,1.538727256,InSAR
02/01/1911,-0.173308818,-0.173308818,-0.173308818,-0.173308818,-0.173308818,-0.173308818,03/13/2016,1.540367676,InSAR
03/01/1911,-0.163260985,-0.163260985,-0.163260985,-0.163260985,-0.163260985,-0.163260985,03/20/2016,1.539711508,InSAR
04/01/1911,-0.157603107,-0.157603107,-0.157603107,-0.157603107,-0.157603107,-0.157603107,03/26/2016,1.541351928,InSAR
05/01/1911,-0.148717137,-0.148717137,-0.148717137,-0.148717137,-0.148717137,-0.148717137,04/01/2016,1.54233618,InSAR
06/01/1911,-0.152170245,-0.152170245,-0.152170245,-0.152170245,-0.152170245,-0.152170245,04/07/2016,1.541351928,InSAR
07/01/1911,-0.155812319,-0.155812319,-0.155812319,-0.155812319,-0.155812319,-0.155812319,04/13/2016,1.540367676,InSAR
08/01/1911,-0.150653471,-0.150653471,-0.150653471,-0.150653471,-0.150653471,-0.150653471,04/19/2016,1.542008096,InSAR
09/01/1911,-0.158090792,-0.158090792,-0.158090792,-0.158090792,-0.158090792,-0.158090792,04/25/2016,1.543320432,InSAR
10/01/1911,-0.154653675,-0.154653675,-0.154653675,-0.154653675,-0.154653675,-0.154653675,05/01/2016,1.5439766,InSAR
11/01/1911,-0.164679013,-0.164679013,-0.164679013,-0.164679013,-0.164679013,-0.164679013,05/07/2016,1.54561702,InSAR
12/01/1911,-0.164205611,-0.164205611,-0.164205611,-0.164205611,-0.164205611,-0.164205611,05/13/2016,1.546601272,InSAR
01/01/1912,-0.16754672,-0.16754672,-0.16754672,-0.16754672,-0.16754672,-0.16754672,05/20/2016,1.549554028,InSAR
02/01/1912,-0.16757531,-0.16757531,-0.16757531,-0.16757531,-0.16757531,-0.16757531,05/26/2016,1.5521787,InSAR
03/01/1912,-0.168257758,-0.168257758,-0.168257758,-0.168257758,-0.168257758,-0.168257758,06/01/2016,1.555131456,InSAR
04/01/1912,-0.172412947,-0.172412947,-0.172412947,-0.172412947,-0.172412947,-0.172412947,06/07/2016,1.559068464,InSAR
05/01/1912,-0.18420602,-0.18420602,-0.18420602,-0.18420602,-0.18420602,-0.18420602,06/13/2016,1.56202122,InSAR
06/01/1912,-0.179288426,-0.179288426,-0.179288426,-0.179288426,-0.179288426,-0.179288426,06/19/2016,1.563989724,InSAR
07/01/1912,-0.18908073,-0.18908073,-0.18908073,-0.18908073,-0.18908073,-0.18908073,06/25/2016,1.56530206,InSAR
08/01/1912,-0.189358709,-0.189358709,-0.189358709,-0.189358709,-0.189358709,-0.189358709,07/01/2016,1.568254816,InSAR
09/01/1912,-0.186394855,-0.186394855,-0.186394855,-0.186394855,-0.186394855,-0.186394855,07/07/2016,1.571535656,InSAR
10/01/1912,-0.1788687,-0.1788687,-0.1788687,-0.1788687,-0.1788687,-0.1788687,07/13/2016,1.574160328,InSAR
11/01/1912,-0.169020334,-0.169020334,-0.169020334,-0.169020334,-0.169020334,-0.169020334,07/20/2016,1.57514458,InSAR
12/01/1912,-0.168350765,-0.168350765,-0.168350765,-0.168350765,-0.168350765,-0.168350765,07/26/2016,1.577769252,InSAR
01/01/1913,-0.167584226,-0.167584226,-0.167584226,-0.167584226,-0.167584226,-0.167584226,08/01/2016,1.580393924,InSAR
02/01/1913,-0.160717614,-0.160717614,-0.160717614,-0.160717614,-0.160717614,-0.160717614,08/07/2016,1.584659016,InSAR
03/01/1913,-0.156231482,-0.156231482,-0.156231482,-0.156231482,-0.156231482,-0.156231482,08/13/2016,1.58826794,InSAR
04/01/1913,-0.150882704,-0.150882704,-0.150882704,-0.150882704,-0.150882704,-0.150882704,08/20/2016,1.59811046,InSAR
05/01/1913,-0.152648073,-0.152648073,-0.152648073,-0.152648073,-0.152648073,-0.152648073,08/26/2016,1.602703636,InSAR
06/01/1913,-0.154568259,-0.154568259,-0.154568259,-0.154568259,-0.154568259,-0.154568259,09/01/2016,1.6095934,InSAR
07/01/1913,-0.151984873,-0.151984873,-0.151984873,-0.151984873,-0.151984873,-0.151984873,09/07/2016,1.611561904,InSAR
08/01/1913,-0.136597401,-0.136597401,-0.136597401,-0.136597401,-0.136597401,-0.136597401,09/13/2016,1.613858492,InSAR
09/01/1913,-0.131127376,-0.131127376,-0.131127376,-0.131127376,-0.131127376,-0.131127376,09/19/2016,1.615826996,InSAR
10/01/1913,-0.126789548,-0.126789548,-0.126789548,-0.126789548,-0.126789548,-0.126789548,09/25/2016,1.618779752,InSAR
11/01/1913,-0.12291951,-0.12291951,-0.12291951,-0.12291951,-0.12291951,-0.12291951,10/01/2016,1.618779752,InSAR
12/01/1913,-0.119463258,-0.119463258,-0.119463258,-0.119463258,-0.119463258,-0.119463258,10/07/2016,1.618779752,InSAR
01/01/1914,-0.112202812,-0.112202812,-0.112202812,-0.112202812,-0.112202812,-0.112202812,10/13/2016,1.62271676,InSAR
02/01/1914,-0.110602502,-0.110602502,-0.110602502,-0.110602502,-0.110602502,-0.110602502,10/20/2016,1.624685264,InSAR
03/01/1914,-0.108412651,-0.108412651,-0.108412651,-0.108412651,-0.108412651,-0.108412651,10/26/2016,1.631575028,InSAR
04/01/1914,-0.103507115,-0.103507115,-0.103507115,-0.103507115,-0.103507115,-0.103507115,11/01/2016,1.638464792,InSAR
05/01/1914,-0.096415396,-0.096415396,-0.096415396,-0.096415396,-0.096415396,-0.096415396,11/07/2016,1.643386052,InSAR
06/01/1914,-0.093235499,-0.093235499,-0.093235499,-0.093235499,-0.093235499,-0.093235499,11/13/2016,1.647651144,InSAR
07/01/1914,-0.090853952,-0.090853952,-0.090853952,-0.090853952,-0.090853952,-0.090853952,11/19/2016,1.650275816,InSAR
08/01/1914,-0.091538727,-0.091538727,-0.091538727,-0.091538727,-0.091538727,-0.091538727,11/25/2016,1.653228572,InSAR
09/01/1914,-0.084264957,-0.084264957,-0.084264957,-0.084264957,-0.084264957,-0.084264957,12/01/2016,1.656509412,InSAR
10/01/1914,-0.082406785,-0.082406785,-0.082406785,-0.082406785,-0.082406785,-0.082406785,12/07/2016,1.660774504,InSAR
11/01/1914,-0.075897399,-0.075897399,-0.075897399,-0.075897399,-0.075897399,-0.075897399,12/13/2016,1.6670081,InSAR
12/01/1914,-0.076660979,-0.076660979,-0.076660979,-0.076660979,-0.076660979,-0.076660979,12/20/2016,1.672585528,InSAR
01/01/1915,-0.06867855,-0.06867855,-0.06867855,-0.06867855,-0.06867855,-0.06867855,12/26/2016,1.675538284,InSAR
02/01/1915,-0.066673493,-0.066673493,-0.066673493,-0.066673493,-0.066673493,-0.066673493,01/01/2017,1.677834872,InSAR
03/01/1915,-0.03183264,-0.03183264,-0.03183264,-0.03183264,-0.03183264,-0.03183264,01/07/2017,1.683084216,InSAR
04/01/1915,-0.028542555,-0.028542555,-0.028542555,-0.028542555,-0.028542555,-0.028542555,01/13/2017,1.681115712,InSAR
05/01/1915,-0.000643919,-0.000643919,-0.000643919,-0.000643919,-0.000643919,-0.000643919,01/20/2017,1.687021224,InSAR
06/01/1915,-0.000709889,-0.000709889,-0.000709889,-0.000709889,-0.000709889,-0.000709889,01/26/2017,1.691942484,InSAR
07/01/1915,0.007266235,0.007266235,0.007266235,0.007266235,0.007266235,0.007266235,02/01/2017,1.692270568,InSAR
08/01/1915,0.00991484,0.00991484,0.00991484,0.00991484,0.00991484,0.00991484,02/07/2017,1.692270568,InSAR
09/01/1915,0.011506158,0.011506158,0.011506158,0.011506158,0.011506158,0.011506158,02/12/2017,1.695223324,InSAR
10/01/1915,0.014084625,0.014084625,0.014084625,0.014084625,0.014084625,0.014084625,02/18/2017,1.69325482,InSAR
11/01/1915,0.020778063,0.020778063,0.020778063,0.020778063,0.020778063,0.020778063,02/23/2017,1.693582904,InSAR
12/01/1915,0.022664786,0.022664786,0.022664786,0.022664786,0.022664786,0.022664786,03/01/2017,1.697847996,InSAR
01/01/1916,0.041345291,0.041345291,0.041345291,0.041345291,0.041345291,0.041345291,03/07/2017,1.695223324,InSAR
02/01/1916,0.113423955,0.113423955,0.113423955,0.113423955,0.113423955,0.113423955,03/13/2017,1.695879492,InSAR
03/01/1916,0.157907145,0.157907145,0.157907145,0.157907145,0.157907145,0.157907145,03/20/2017,1.6916144,InSAR
04/01/1916,0.180683884,0.180683884,0.180683884,0.180683884,0.180683884,0.180683884,03/26/2017,1.687349308,InSAR
05/01/1916,0.181487994,0.181487994,0.181487994,0.181487994,0.181487994,0.181487994,04/01/2017,1.686036972,InSAR
06/01/1916,0.188782188,0.188782188,0.188782188,0.188782188,0.188782188,0.188782188,04/07/2017,1.68833356,InSAR
07/01/1916,0.199528555,0.199528555,0.199528555,0.199528555,0.199528555,0.199528555,04/13/2017,1.69325482,InSAR
08/01/1916,0.202954054,0.202954054,0.202954054,0.202954054,0.202954054,0.202954054,04/19/2017,1.695879492,InSAR
09/01/1916,0.212901841,0.212901841,0.212901841,0.212901841,0.212901841,0.212901841,04/25/2017,1.69489524,InSAR
10/01/1916,0.220250344,0.220250344,0.220250344,0.220250344,0.220250344,0.220250344,05/01/2017,1.695223324,InSAR
11/01/1916,0.262071116,0.262071116,0.262071116,0.262071116,0.262071116,0.262071116,05/07/2017,1.693582904,InSAR
12/01/1916,0.263115177,0.263115177,0.263115177,0.263115177,0.263115177,0.263115177,05/13/2017,1.692926736,InSAR
01/01/1917,0.274847412,0.274847412,0.274847412,0.274847412,0.274847412,0.274847412,05/20/2017,1.690958232,InSAR
02/01/1917,0.27786038,0.27786038,0.27786038,0.27786038,0.27786038,0.27786038,05/26/2017,1.68833356,InSAR
03/01/1917,0.285133682,0.285133682,0.285133682,0.285133682,0.285133682,0.285133682,06/01/2017,1.685380804,InSAR
04/01/1917,0.314223101,0.314223101,0.314223101,0.314223101,0.314223101,0.314223101,06/07/2017,1.6834123,InSAR
05/01/1917,0.350803209,0.350803209,0.350803209,0.350803209,0.350803209,0.350803209,06/13/2017,1.682756132,InSAR
06/01/1917,0.357699125,0.357699125,0.357699125,0.357699125,0.357699125,0.357699125,06/19/2017,1.683084216,InSAR
07/01/1917,0.357770398,0.357770398,0.357770398,0.357770398,0.357770398,0.357770398,06/25/2017,1.684724636,InSAR
08/01/1917,0.357104162,0.357104162,0.357104162,0.357104162,0.357104162,0.357104162,07/01/2017,1.68669314,InSAR
09/01/1917,0.363795817,0.363795817,0.363795817,0.363795817,0.363795817,0.363795817,07/07/2017,1.689317812,InSAR
10/01/1917,0.367333625,0.367333625,0.367333625,0.367333625,0.367333625,0.367333625,07/13/2017,1.692926736,InSAR
11/01/1917,0.393481343,0.393481343,0.393481343,0.393481343,0.393481343,0.393481343,07/20/2017,1.6998165,InSAR
12/01/1917,0.400856779,0.400856779,0.400856779,0.400856779,0.400856779,0.400856779,07/26/2017,1.704409676,InSAR
01/01/1918,0.4462112,0.4462112,0.4462112,0.4462112,0.4462112,0.4462112,08/01/2017,1.709330936,InSAR
02/01/1918,0.466202929,0.466202929,0.466202929,0.466202929,0.466202929,0.466202929,08/07/2017,1.71458028,InSAR
03/01/1918,0.472260444,0.472260444,0.472260444,0.472260444,0.472260444,0.472260444,08/13/2017,1.718517288,InSAR
04/01/1918,0.471264138,0.471264138,0.471264138,0.471264138,0.471264138,0.471264138,08/20/2017,1.723438548,InSAR
05/01/1918,0.470004372,0.470004372,0.470004372,0.470004372,0.470004372,0.470004372,08/26/2017,1.724094716,InSAR
06/01/1918,0.476125507,0.476125507,0.476125507,0.476125507,0.476125507,0.476125507,09/01/2017,1.7244228,InSAR
07/01/1918,0.481438872,0.481438872,0.481438872,0.481438872,0.481438872,0.481438872,09/07/2017,1.725407052,InSAR
08/01/1918,0.4805329,0.4805329,0.4805329,0.4805329,0.4805329,0.4805329,09/13/2017,1.726391304,InSAR
09/01/1918,0.478240476,0.478240476,0.478240476,0.478240476,0.478240476,0.478240476,09/19/2017,1.727375556,InSAR
10/01/1918,0.482255749,0.482255749,0.482255749,0.482255749,0.482255749,0.482255749,09/25/2017,1.731968732,InSAR
11/01/1918,0.484309635,0.484309635,0.484309635,0.484309635,0.484309635,0.484309635,10/01/2017,1.735577656,InSAR
12/01/1918,0.481017571,0.481017571,0.481017571,0.481017571,0.481017571,0.481017571,10/07/2017,1.743779756,InSAR
01/01/1919,0.482737054,0.482737054,0.482737054,0.482737054,0.482737054,0.482737054,10/13/2017,1.75230994,InSAR
02/01/1919,0.486405678,0.486405678,0.486405678,0.486405678,0.486405678,0.486405678,10/20/2017,1.759199704,InSAR
03/01/1919,0.488120803,0.488120803,0.488120803,0.488120803,0.488120803,0.488120803,10/26/2017,1.764120964,InSAR
04/01/1919,0.495227647,0.495227647,0.495227647,0.495227647,0.495227647,0.495227647,11/01/2017,1.770026476,InSAR
05/01/1919,0.497621873,0.497621873,0.497621873,0.497621873,0.497621873,0.497621873,11/07/2017,1.77199498,InSAR
06/01/1919,0.498343152,0.498343152,0.498343152,0.498343152,0.498343152,0.498343152,11/13/2017,1.778228576,InSAR
07/01/1919,0.497403175,0.497403175,0.497403175,0.497403175,0.497403175,0.497403175,11/19/2017,1.783149836,InSAR
08/01/1919,0.500567296,0.500567296,0.500567296,0.500567296,0.500567296,0.500567296,11/25/2017,1.783149836,InSAR
09/01/1919,0.501945,0.501945,0.501945,0.501945,0.501945,0.501945,12/01/2017,1.78347792,InSAR
10/01/1919,0.501134442,0.501134442,0.501134442,0.501134442,0.501134442,0.501134442,12/07/2017,1.78347792,InSAR
11/01/1919,0.499323389,0.499323389,0.499323389,0.499323389,0.499323389,0.499323389,12/13/2017,1.784134088,InSAR
12/01/1919,0.498914549,0.498914549,0.498914549,0.498914549,0.498914549,0.498914549,12/20/2017,1.78675876,InSAR
01/01/1920,0.4945893,0.4945893,0.4945893,0.4945893,0.4945893,0.4945893,12/26/2017,1.791023852,InSAR
02/01/1920,0.493136891,0.493136891,0.493136891,0.493136891,0.493136891,0.493136891,01/01/2018,1.789711516,InSAR
03/01/1920,0.489741609,0.489741609,0.489741609,0.489741609,0.489741609,0.489741609,01/07/2018,1.791351936,InSAR
04/01/1920,0.489040826,0.489040826,0.489040826,0.489040826,0.489040826,0.489040826,01/13/2018,1.794304692,InSAR
05/01/1920,0.493670112,0.493670112,0.493670112,0.493670112,0.493670112,0.493670112,01/20/2018,1.797257448,InSAR
06/01/1920,0.490631787,0.490631787,0.490631787,0.490631787,0.490631787,0.490631787,01/26/2018,1.796273196,InSAR
07/01/1920,0.494065178,0.494065178,0.494065178,0.494065178,0.494065178,0.494065178,02/01/2018,1.795288944,InSAR
08/01/1920,0.492240643,0.492240643,0.492240643,0.492240643,0.492240643,0.492240643,02/07/2018,1.792992356,InSAR
09/01/1920,0.492070577,0.492070577,0.492070577,0.492070577,0.492070577,0.492070577,02/12/2018,1.792008104,InSAR
10/01/1920,0.492492698,0.492492698,0.492492698,0.492492698,0.492492698,0.492492698,02/18/2018,1.786430676,InSAR
11/01/1920,0.497371845,0.497371845,0.497371845,0.497371845,0.497371845,0.497371845,02/23/2018,1.782821752,InSAR
12/01/1920,0.492508115,0.492508115,0.492508115,0.492508115,0.492508115,0.492508115,03/01/2018,1.779540912,InSAR
01/01/1921,0.489532512,0.489532512,0.489532512,0.489532512,0.489532512,0.489532512,03/07/2018,1.778884744,InSAR
02/01/1921,0.489100202,0.489100202,0.489100202,0.489100202,0.489100202,0.489100202,03/13/2018,1.7818375,InSAR
03/01/1921,0.477773575,0.477773575,0.477773575,0.477773575,0.477773575,0.477773575,03/20/2018,1.786102592,InSAR
04/01/1921,0.472301688,0.472301688,0.472301688,0.472301688,0.472301688,0.472301688,03/26/2018,1.787743012,InSAR
05/01/1921,0.468358368,0.468358368,0.468358368,0.468358368,0.468358368,0.468358368,04/01/2018,1.791351936,InSAR
06/01/1921,0.460217762,0.460217762,0.460217762,0.460217762,0.460217762,0.460217762,04/07/2018,1.792992356,InSAR
07/01/1921,0.450442167,0.450442167,0.450442167,0.450442167,0.450442167,0.450442167,04/13/2018,1.792992356,InSAR
08/01/1921,0.432610359,0.432610359,0.432610359,0.432610359,0.432610359,0.432610359,04/19/2018,1.792008104,InSAR
09/01/1921,0.421242673,0.421242673,0.421242673,0.421242673,0.421242673,0.421242673,04/25/2018,1.790367684,InSAR
10/01/1921,0.411276652,0.411276652,0.411276652,0.411276652,0.411276652,0.411276652,05/01/2018,1.788727264,InSAR
11/01/1921,0.398603163,0.398603163,0.398603163,0.398603163,0.398603163,0.398603163,05/07/2018,1.78839918,InSAR
12/01/1921,0.394000794,0.394000794,0.394000794,0.394000794,0.394000794,0.394000794,05/13/2018,1.784790256,InSAR
01/01/1922,0.384774118,0.384774118,0.384774118,0.384774118,0.384774118,0.384774118,05/20/2018,1.779540912,InSAR
02/01/1922,0.381150205,0.381150205,0.381150205,0.381150205,0.381150205,0.381150205,05/26/2018,1.780853248,InSAR
03/01/1922,0.376586871,0.376586871,0.376586871,0.376586871,0.376586871,0.376586871,06/01/2018,1.78347792,InSAR
04/01/1922,0.365182024,0.365182024,0.365182024,0.365182024,0.365182024,0.365182024,06/07/2018,1.78347792,InSAR
05/01/1922,0.360190975,0.360190975,0.360190975,0.360190975,0.360190975,0.360190975,06/13/2018,1.784462172,InSAR
06/01/1922,0.358277183,0.358277183,0.358277183,0.358277183,0.358277183,0.358277183,06/19/2018,1.787086844,InSAR
07/01/1922,0.3474683,0.3474683,0.3474683,0.3474683,0.3474683,0.3474683,06/25/2018,1.7900396,InSAR
08/01/1922,0.338104993,0.338104993,0.338104993,0.338104993,0.338104993,0.338104993,07/01/2018,1.792336188,InSAR
09/01/1922,0.32877061,0.32877061,0.32877061,0.32877061,0.32877061,0.32877061,07/07/2018,1.794304692,InSAR
10/01/1922,0.313638524,0.313638524,0.313638524,0.313638524,0.313638524,0.313638524,07/13/2018,1.797585532,InSAR
11/01/1922,0.301231488,0.301231488,0.301231488,0.301231488,0.301231488,0.301231488,07/20/2018,1.801850624,InSAR
12/01/1922,0.289789631,0.289789631,0.289789631,0.289789631,0.289789631,0.289789631,07/26/2018,1.79660128,InSAR
01/01/1923,0.274842845,0.274842845,0.274842845,0.274842845,0.274842845,0.274842845,08/01/2018,1.797585532,InSAR
02/01/1923,0.265585818,0.265585818,0.265585818,0.265585818,0.265585818,0.265585818,08/07/2018,1.79988212,InSAR
03/01/1923,0.249238922,0.249238922,0.249238922,0.249238922,0.249238922,0.249238922,08/13/2018,1.801850624,InSAR
04/01/1923,0.241843388,0.241843388,0.241843388,0.241843388,0.241843388,0.241843388,08/20/2018,1.800866372,InSAR
05/01/1923,0.243973174,0.243973174,0.243973174,0.243973174,0.243973174,0.243973174,08/26/2018,1.799554036,InSAR
06/01/1923,0.241372347,0.241372347,0.241372347,0.241372347,0.241372347,0.241372347,09/01/2018,1.7982417,InSAR
07/01/1923,0.23603823,0.23603823,0.23603823,0.23603823,0.23603823,0.23603823,09/07/2018,1.80152254,InSAR
08/01/1923,0.237541407,0.237541407,0.237541407,0.237541407,0.237541407,0.237541407,09/13/2018,1.806771884,InSAR
09/01/1923,0.2393019,0.2393019,0.2393019,0.2393019,0.2393019,0.2393019,09/19/2018,1.8146459,InSAR
10/01/1923,0.240235768,0.240235768,0.240235768,0.240235768,0.240235768,0.240235768,09/25/2018,1.820551412,InSAR
11/01/1923,0.24247184,0.24247184,0.24247184,0.24247184,0.24247184,0.24247184,10/01/2018,1.821863748,InSAR
12/01/1923,0.236952067,0.236952067,0.236952067,0.236952067,0.236952067,0.236952067,10/07/2018,1.82448842,InSAR
01/01/1924,0.236878609,0.236878609,0.236878609,0.236878609,0.236878609,0.236878609,10/13/2018,1.827113092,InSAR
02/01/1924,0.23646889,0.23646889,0.23646889,0.23646889,0.23646889,0.23646889,10/20/2018,1.830065848,InSAR
03/01/1924,0.246448473,0.246448473,0.246448473,0.246448473,0.246448473,0.246448473,10/26/2018,1.830065848,InSAR
04/01/1924,0.247646884,0.247646884,0.247646884,0.247646884,0.247646884,0.247646884,11/01/2018,1.833674772,InSAR
05/01/1924,0.245347703,0.245347703,0.245347703,0.245347703,0.245347703,0.245347703,11/07/2018,1.833674772,InSAR
06/01/1924,0.246774709,0.246774709,0.246774709,0.246774709,0.246774709,0.246774709,11/13/2018,1.8310501,InSAR
07/01/1924,0.249117661,0.249117661,0.249117661,0.249117661,0.249117661,0.249117661,11/19/2018,1.833018604,InSAR
08/01/1924,0.253564052,0.253564052,0.253564052,0.253564052,0.253564052,0.253564052,11/25/2018,1.834002856,InSAR
09/01/1924,0.26314805,0.26314805,0.26314805,0.26314805,0.26314805,0.26314805,12/01/2018,1.837283696,InSAR
10/01/1924,0.258902433,0.258902433,0.258902433,0.258902433,0.258902433,0.258902433,12/07/2018,1.83761178,InSAR
11/01/1924,0.260790801,0.260790801,0.260790801,0.260790801,0.260790801,0.260790801,12/13/2018,1.84089262,InSAR
12/01/1924,0.249255207,0.249255207,0.249255207,0.249255207,0.249255207,0.249255207,12/20/2018,1.840564536,InSAR
01/01/1925,0.24494724,0.24494724,0.24494724,0.24494724,0.24494724,0.24494724,12/26/2018,1.841876872,InSAR
02/01/1925,0.24865581,0.24865581,0.24865581,0.24865581,0.24865581,0.24865581,01/01/2019,1.845157712,InSAR
03/01/1925,0.249739157,0.249739157,0.249739157,0.249739157,0.249739157,0.249739157,01/07/2019,1.848766636,InSAR
04/01/1925,0.254459615,0.254459615,0.254459615,0.254459615,0.254459615,0.254459615,01/13/2019,1.856968736,InSAR
05/01/1925,0.253186476,0.253186476,0.253186476,0.253186476,0.253186476,0.253186476,01/20/2019,1.86221808,InSAR
06/01/1925,0.256879956,0.256879956,0.256879956,0.256879956,0.256879956,0.256879956,01/26/2019,1.864842752,InSAR
07/01/1925,0.264635028,0.264635028,0.264635028,0.264635028,0.264635028,0.264635028,02/01/2019,1.86713934,InSAR
08/01/1925,0.274544193,0.274544193,0.274544193,0.274544193,0.274544193,0.274544193,02/07/2019,1.865827004,InSAR
09/01/1925,0.275574574,0.275574574,0.275574574,0.275574574,0.275574574,0.275574574,02/12/2019,1.864186584,InSAR
10/01/1925,0.272307819,0.272307819,0.272307819,0.272307819,0.272307819,0.272307819,02/18/2019,1.866483172,InSAR
11/01/1925,0.281457767,0.281457767,0.281457767,0.281457767,0.281457767,0.281457767,02/23/2019,1.871732516,InSAR
12/01/1925,0.277503499,0.277503499,0.277503499,0.277503499,0.277503499,0.277503499,03/01/2019,1.875013356,InSAR
01/01/1926,0.279836599,0.279836599,0.279836599,0.279836599,0.279836599,0.279836599,03/07/2019,1.87862228,InSAR
02/01/1926,0.273667445,0.273667445,0.273667445,0.273667445,0.273667445,0.273667445,03/13/2019,1.8884648,InSAR
03/01/1926,0.270000037,0.270000037,0.270000037,0.270000037,0.270000037,0.270000037,03/20/2019,1.897979236,InSAR
04/01/1926,0.268442002,0.268442002,0.268442002,0.268442002,0.268442002,0.268442002,03/26/2019,1.903556664,InSAR
05/01/1926,0.267634468,0.267634468,0.267634468,0.267634468,0.267634468,0.267634468,04/01/2019,1.903556664,InSAR
06/01/1926,0.265634349,0.265634349,0.265634349,0.265634349,0.265634349,0.265634349,04/07/2019,1.895682648,InSAR
07/01/1926,0.266173844,0.266173844,0.266173844,0.266173844,0.266173844,0.266173844,04/13/2019,1.890433304,InSAR
08/01/1926,0.266417239,0.266417239,0.266417239,0.266417239,0.266417239,0.266417239,04/19/2019,1.889120968,InSAR
09/01/1926,0.26344456,0.26344456,0.26344456,0.26344456,0.26344456,0.26344456,04/25/2019,1.8884648,InSAR
10/01/1926,0.271488125,0.271488125,0.271488125,0.271488125,0.271488125,0.271488125,05/01/2019,1.888792884,InSAR
11/01/1926,0.272183287,0.272183287,0.272183287,0.272183287,0.272183287,0.272183287,05/07/2019,1.88518396,InSAR
12/01/1926,0.269307104,0.269307104,0.269307104,0.269307104,0.269307104,0.269307104,05/13/2019,1.880918868,InSAR
01/01/1927,0.263558573,0.263558573,0.263558573,0.263558573,0.263558573,0.263558573,05/20/2019,1.877966112,InSAR
02/01/1927,0.258525496,0.258525496,0.258525496,0.258525496,0.258525496,0.258525496,05/26/2019,1.87698186,InSAR
03/01/1927,0.26125888,0.26125888,0.26125888,0.26125888,0.26125888,0.26125888,06/01/2019,1.881246952,InSAR
04/01/1927,0.267170501,0.267170501,0.267170501,0.267170501,0.267170501,0.267170501,06/07/2019,1.885512044,InSAR
05/01/1927,0.267817159,0.267817159,0.267817159,0.267817159,0.267817159,0.267817159,06/13/2019,1.886496296,InSAR
06/01/1927,0.269803282,0.269803282,0.269803282,0.269803282,0.269803282,0.269803282,06/19/2019,1.888136716,InSAR
07/01/1927,0.279438307,0.279438307,0.279438307,0.279438307,0.279438307,0.279438307,06/25/2019,1.89502648,InSAR
08/01/1927,0.280096845,0.280096845,0.280096845,0.280096845,0.280096845,0.280096845,07/01/2019,1.900275824,InSAR
09/01/1927,0.292249346,0.292249346,0.292249346,0.292249346,0.292249346,0.292249346,07/07/2019,1.905197084,InSAR
10/01/1927,0.305959266,0.305959266,0.305959266,0.305959266,0.305959266,0.305959266,07/13/2019,1.904540916,InSAR
11/01/1927,0.31111832,0.31111832,0.31111832,0.31111832,0.31111832,0.31111832,07/20/2019,1.906181336,InSAR
12/01/1927,0.319894202,0.319894202,0.319894202,0.319894202,0.319894202,0.319894202,07/26/2019,1.901916244,InSAR
01/01/1928,0.3258761,0.3258761,0.3258761,0.3258761,0.3258761,0.3258761,08/01/2019,1.900931992,InSAR
02/01/1928,0.333405827,0.333405827,0.333405827,0.333405827,0.333405827,0.333405827,08/07/2019,1.89994774,InSAR
03/01/1928,0.334812151,0.334812151,0.334812151,0.334812151,0.334812151,0.334812151,08/13/2019,1.903556664,InSAR
04/01/1928,0.338754094,0.338754094,0.338754094,0.338754094,0.338754094,0.338754094,08/20/2019,1.897651152,InSAR
05/01/1928,0.342615933,0.342615933,0.342615933,0.342615933,0.342615933,0.342615933,08/26/2019,1.900603908,InSAR
06/01/1928,0.351356436,0.351356436,0.351356436,0.351356436,0.351356436,0.351356436,09/01/2019,1.903884748,InSAR
07/01/1928,0.357625521,0.357625521,0.357625521,0.357625521,0.357625521,0.357625521,09/07/2019,1.907165588,InSAR
08/01/1928,0.361327744,0.361327744,0.361327744,0.361327744,0.361327744,0.361327744,09/13/2019,1.910774512,InSAR
09/01/1928,0.365462202,0.365462202,0.365462202,0.365462202,0.365462202,0.365462202,09/19/2019,1.91143068,InSAR
10/01/1928,0.37099069,0.37099069,0.37099069,0.37099069,0.37099069,0.37099069,09/25/2019,1.918976612,InSAR
11/01/1928,0.375313309,0.375313309,0.375313309,0.375313309,0.375313309,0.375313309,10/01/2019,1.917664276,InSAR
12/01/1928,0.381946628,0.381946628,0.381946628,0.381946628,0.381946628,0.381946628,10/07/2019,1.917664276,InSAR
01/01/1929,0.395039849,0.395039849,0.395039849,0.395039849,0.395039849,0.395039849,10/13/2019,1.91799236,InSAR
02/01/1929,0.398198294,0.398198294,0.398198294,0.398198294,0.398198294,0.398198294,10/20/2019,1.924225956,InSAR
03/01/1929,0.405175667,0.405175667,0.405175667,0.405175667,0.405175667,0.405175667,10/26/2019,1.925210208,InSAR
04/01/1929,0.413063745,0.413063745,0.413063745,0.413063745,0.413063745,0.413063745,11/01/2019,1.928819132,InSAR
05/01/1929,0.41621596,0.41621596,0.41621596,0.41621596,0.41621596,0.41621596,11/07/2019,1.930459552,InSAR
06/01/1929,0.418433649,0.418433649,0.418433649,0.418433649,0.418433649,0.418433649,11/13/2019,1.925210208,InSAR
07/01/1929,0.422797216,0.422797216,0.422797216,0.422797216,0.422797216,0.422797216,11/19/2019,1.923241704,InSAR
08/01/1929,0.429026465,0.429026465,0.429026465,0.429026465,0.429026465,0.429026465,11/25/2019,1.921601284,InSAR
09/01/1929,0.438114496,0.438114496,0.438114496,0.438114496,0.438114496,0.438114496,12/01/2019,1.920288948,InSAR
10/01/1929,0.44710024,0.44710024,0.44710024,0.44710024,0.44710024,0.44710024,12/07/2019,1.925210208,InSAR
11/01/1929,0.461695287,0.461695287,0.461695287,0.461695287,0.461695287,0.461695287,12/13/2019,1.935380812,InSAR
12/01/1929,0.468746692,0.468746692,0.468746692,0.468746692,0.468746692,0.468746692,12/20/2019,1.9376774,InSAR
01/01/1930,0.484167209,0.484167209,0.484167209,0.484167209,0.484167209,0.484167209,12/26/2019,1.941286324,InSAR
02/01/1930,0.491933445,0.491933445,0.491933445,0.491933445,0.491933445,0.491933445,01/01/2020,1.948832256,InSAR
03/01/1930,0.500244378,0.500244378,0.500244378,0.500244378,0.500244378,0.500244378,01/07/2020,1.954409684,InSAR
04/01/1930,0.506585023,0.506585023,0.506585023,0.506585023,0.506585023,0.506585023,01/13/2020,1.95080076,InSAR
05/01/1930,0.514123363,0.514123363,0.514123363,0.514123363,0.514123363,0.514123363,01/20/2020,1.951456928,InSAR
06/01/1930,0.524610222,0.524610222,0.524610222,0.524610222,0.524610222,0.524610222,01/26/2020,1.94916034,InSAR
07/01/1930,0.52909179,0.52909179,0.52909179,0.52909179,0.52909179,0.52909179,02/01/2020,1.949816508,InSAR
08/01/1930,0.54786172,0.54786172,0.54786172,0.54786172,0.54786172,0.54786172,02/07/2020,1.951128844,InSAR
09/01/1930,0.553815908,0.553815908,0.553815908,0.553815908,0.553815908,0.553815908,02/13/2020,1.954737768,InSAR
10/01/1930,0.560780355,0.560780355,0.560780355,0.560780355,0.560780355,0.560780355,02/18/2020,1.95736244,InSAR
11/01/1930,0.574275117,0.574275117,0.574275117,0.574275117,0.574275117,0.574275117,02/24/2020,1.95736244,InSAR
12/01/1930,0.596274534,0.596274534,0.596274534,0.596274534,0.596274534,0.596274534,03/01/2020,1.959330944,InSAR
01/01/1931,0.620156255,0.620156255,0.620156255,0.620156255,0.620156255,0.620156255,03/07/2020,1.957690524,InSAR
02/01/1931,0.645538049,0.645538049,0.645538049,0.645538049,0.645538049,0.645538049,03/13/2020,1.955393936,InSAR
03/01/1931,0.650315648,0.650315648,0.650315648,0.650315648,0.650315648,0.650315648,03/20/2020,1.954409684,InSAR
04/01/1931,0.655565474,0.655565474,0.655565474,0.655565474,0.655565474,0.655565474,03/26/2020,1.964580288,InSAR
05/01/1931,0.681043213,0.681043213,0.681043213,0.681043213,0.681043213,0.681043213,04/01/2020,1.959987112,InSAR
06/01/1931,0.688993942,0.688993942,0.688993942,0.688993942,0.688993942,0.688993942,04/07/2020,1.953753516,InSAR
07/01/1931,0.709753568,0.709753568,0.709753568,0.709753568,0.709753568,0.709753568,04/13/2020,1.946535668,InSAR
08/01/1931,0.712226757,0.712226757,0.712226757,0.712226757,0.712226757,0.712226757,04/19/2020,1.952113096,InSAR
09/01/1931,0.716211423,0.716211423,0.716211423,0.716211423,0.716211423,0.716211423,04/25/2020,1.95244118,InSAR
10/01/1931,0.7198694,0.7198694,0.7198694,0.7198694,0.7198694,0.7198694,05/01/2020,1.953753516,InSAR
11/01/1931,0.720075345,0.720075345,0.720075345,0.720075345,0.720075345,0.720075345,05/07/2020,1.953097348,InSAR
12/01/1931,0.721840885,0.721840885,0.721840885,0.721840885,0.721840885,0.721840885,05/13/2020,1.95572202,InSAR
01/01/1932,0.725117817,0.725117817,0.725117817,0.725117817,0.725117817,0.725117817,05/20/2020,1.958346692,InSAR
02/01/1932,0.725782228,0.725782228,0.725782228,0.725782228,0.725782228,0.725782228,05/26/2020,1.964580288,InSAR
03/01/1932,0.725543775,0.725543775,0.725543775,0.725543775,0.725543775,0.725543775,06/01/2020,1.961955616,InSAR
04/01/1932,0.727907254,0.727907254,0.727907254,0.727907254,0.727907254,0.727907254,06/07/2020,1.961627532,InSAR
05/01/1932,0.728702879,0.728702879,0.728702879,0.728702879,0.728702879,0.728702879,06/13/2020,1.96064328,InSAR
06/01/1932,0.731310598,0.731310598,0.731310598,0.731310598,0.731310598,0.731310598,06/19/2020,1.962939868,InSAR
07/01/1932,0.737491249,0.737491249,0.737491249,0.737491249,0.737491249,0.737491249,06/25/2020,1.963267952,InSAR
08/01/1932,0.741585449,0.741585449,0.741585449,0.741585449,0.741585449,0.741585449,07/01/2020,1.963596036,InSAR
09/01/1932,0.749789511,0.749789511,0.749789511,0.749789511,0.749789511,0.749789511,07/07/2020,1.963267952,InSAR
10/01/1932,0.753467221,0.753467221,0.753467221,0.753467221,0.753467221,0.753467221,07/13/2020,1.969173464,InSAR
11/01/1932,0.760074788,0.760074788,0.760074788,0.760074788,0.760074788,0.760074788,07/20/2020,1.973438556,InSAR
12/01/1932,0.760432723,0.760432723,0.760432723,0.760432723,0.760432723,0.760432723,07/26/2020,1.977375564,InSAR
01/01/1933,0.765804652,0.765804652,0.765804652,0.765804652,0.765804652,0.765804652,08/01/2020,1.982952992,InSAR
02/01/1933,0.766580846,0.766580846,0.766580846,0.766580846,0.766580846,0.766580846,08/07/2020,1.987874252,InSAR
03/01/1933,0.780729867,0.780729867,0.780729867,0.780729867,0.780729867,0.780729867,08/13/2020,1.99345168,InSAR
04/01/1933,0.781041919,0.781041919,0.781041919,0.781041919,0.781041919,0.781041919,08/20/2020,2.000341444,InSAR
05/01/1933,0.783405801,0.783405801,0.783405801,0.783405801,0.783405801,0.783405801,08/26/2020,2.002638032,InSAR
06/01/1933,0.785126873,0.785126873,0.785126873,0.785126873,0.785126873,0.785126873,09/01/2020,2.003950368,InSAR
07/01/1933,0.785091957,0.785091957,0.785091957,0.785091957,0.785091957,0.785091957,09/07/2020,2.007887376,InSAR
08/01/1933,0.78762862,0.78762862,0.78762862,0.78762862,0.78762862,0.78762862,09/13/2020,2.009527796,InSAR
09/01/1933,0.785765428,0.785765428,0.785765428,0.785765428,0.785765428,0.785765428,09/19/2020,2.009527796,InSAR
10/01/1933,0.788391946,0.788391946,0.788391946,0.788391946,0.788391946,0.788391946,09/25/2020,2.014120972,InSAR
11/01/1933,0.791805427,0.791805427,0.791805427,0.791805427,0.791805427,0.791805427,10/01/2020,2.010183964,InSAR
12/01/1933,0.814337221,0.814337221,0.814337221,0.814337221,0.814337221,0.814337221,10/07/2020,2.012480552,InSAR
01/01/1934,0.815770432,0.815770432,0.815770432,0.815770432,0.815770432,0.815770432,10/13/2020,2.013792888,InSAR
02/01/1934,0.82095588,0.82095588,0.82095588,0.82095588,0.82095588,0.82095588,10/20/2020,2.016745644,InSAR
03/01/1934,0.82635837,0.82635837,0.82635837,0.82635837,0.82635837,0.82635837,10/26/2020,2.021010736,InSAR
04/01/1934,0.830335896,0.830335896,0.830335896,0.830335896,0.830335896,0.830335896,11/01/2020,2.019042232,InSAR
05/01/1934,0.833256685,0.833256685,0.833256685,0.833256685,0.833256685,0.833256685,11/07/2020,2.012152468,InSAR
06/01/1934,0.834355094,0.834355094,0.834355094,0.834355094,0.834355094,0.834355094,11/13/2020,2.011168216,InSAR
07/01/1934,0.836513736,0.836513736,0.836513736,0.836513736,0.836513736,0.836513736,11/19/2020,2.011168216,InSAR
08/01/1934,0.83975114,0.83975114,0.83975114,0.83975114,0.83975114,0.83975114,11/25/2020,2.015761392,InSAR
09/01/1934,0.844705477,0.844705477,0.844705477,0.844705477,0.844705477,0.844705477,12/01/2020,2.02133882,InSAR
10/01/1934,0.844885675,0.844885675,0.844885675,0.844885675,0.844885675,0.844885675,12/07/2020,2.028556668,InSAR
11/01/1934,0.838262431,0.838262431,0.838262431,0.838262431,0.838262431,0.838262431,12/13/2020,2.03282176,InSAR
12/01/1934,0.834760883,0.834760883,0.834760883,0.834760883,0.834760883,0.834760883,12/20/2020,2.035446432,InSAR
01/01/1935,0.830599709,0.830599709,0.830599709,0.830599709,0.830599709,0.830599709,12/26/2020,2.03118134,InSAR
02/01/1935,0.828523463,0.828523463,0.828523463,0.828523463,0.828523463,0.828523463,01/01/2021,2.03118134,InSAR
03/01/1935,0.831574035,0.831574035,0.831574035,0.831574035,0.831574035,0.831574035,01/07/2021,2.028556668,InSAR
04/01/1935,0.827143352,0.827143352,0.827143352,0.827143352,0.827143352,0.827143352,01/13/2021,2.029212836,InSAR
05/01/1935,0.824214091,0.824214091,0.824214091,0.824214091,0.824214091,0.824214091,01/20/2021,2.033149844,InSAR
06/01/1935,0.820462822,0.820462822,0.820462822,0.820462822,0.820462822,0.820462822,01/26/2021,2.03282176,InSAR
07/01/1935,0.817363029,0.817363029,0.817363029,0.817363029,0.817363029,0.817363029,02/01/2021,2.034790264,InSAR
08/01/1935,0.815208848,0.815208848,0.815208848,0.815208848,0.815208848,0.815208848,02/07/2021,2.042992364,InSAR
09/01/1935,0.811635673,0.811635673,0.811635673,0.811635673,0.811635673,0.811635673,02/08/2021,2.140433312,Leveling
10/01/1935,0.808420146,0.808420146,0.808420146,0.808420146,0.808420146,0.808420146,02/12/2021,2.045288952,InSAR
11/01/1935,0.800025672,0.800025672,0.800025672,0.800025672,0.800025672,0.800025672,02/18/2021,2.047257456,InSAR
12/01/1935,0.797544501,0.797544501,0.797544501,0.797544501,0.797544501,0.797544501,02/23/2021,2.047257456,InSAR
01/01/1936,0.791570136,0.791570136,0.791570136,0.791570136,0.791570136,0.791570136,03/01/2021,2.04922596,InSAR
02/01/1936,0.78632641,0.78632641,0.78632641,0.78632641,0.78632641,0.78632641,03/07/2021,2.047257456,InSAR
03/01/1936,0.777140094,0.777140094,0.777140094,0.777140094,0.777140094,0.777140094,03/13/2021,2.042992364,InSAR
04/01/1936,0.768382058,0.768382058,0.768382058,0.768382058,0.768382058,0.768382058,03/20/2021,2.051522548,InSAR
05/01/1936,0.757800861,0.757800861,0.757800861,0.757800861,0.757800861,0.757800861,03/26/2021,2.053162968,InSAR
06/01/1936,0.745398678,0.745398678,0.745398678,0.745398678,0.745398678,0.745398678,04/01/2021,2.05086638,InSAR
07/01/1936,0.741183933,0.741183933,0.741183933,0.741183933,0.741183933,0.741183933,04/07/2021,2.045288952,InSAR
08/01/1936,0.734536484,0.734536484,0.734536484,0.734536484,0.734536484,0.734536484,04/13/2021,2.040367692,InSAR
09/01/1936,0.725371506,0.725371506,0.725371506,0.725371506,0.725371506,0.725371506,04/19/2021,2.04102386,InSAR
10/01/1936,0.715839327,0.715839327,0.715839327,0.715839327,0.715839327,0.715839327,04/25/2021,2.038399188,InSAR
11/01/1936,0.71087381,0.71087381,0.71087381,0.71087381,0.71087381,0.71087381,05/01/2021,2.04102386,InSAR
12/01/1936,0.70605874,0.70605874,0.70605874,0.70605874,0.70605874,0.70605874,05/07/2021,2.045617036,InSAR
01/01/1937,0.701947984,0.701947984,0.701947984,0.701947984,0.701947984,0.701947984,05/13/2021,2.055131472,InSAR
02/01/1937,0.701553453,0.701553453,0.701553453,0.701553453,0.701553453,0.701553453,05/20/2021,2.060052732,InSAR
03/01/1937,0.694014307,0.694014307,0.694014307,0.694014307,0.694014307,0.694014307,05/26/2021,2.06234932,InSAR
04/01/1937,0.688684087,0.688684087,0.688684087,0.688684087,0.688684087,0.688684087,06/01/2021,2.065302076,InSAR
05/01/1937,0.683544059,0.683544059,0.683544059,0.683544059,0.683544059,0.683544059,06/07/2021,2.068911,InSAR
06/01/1937,0.674472826,0.674472826,0.674472826,0.674472826,0.674472826,0.674472826,06/13/2021,2.068911,InSAR
07/01/1937,0.667701046,0.667701046,0.667701046,0.667701046,0.667701046,0.667701046,06/19/2021,2.07219184,InSAR
08/01/1937,0.660424504,0.660424504,0.660424504,0.660424504,0.660424504,0.660424504,06/25/2021,2.076128848,InSAR
09/01/1937,0.655131012,0.655131012,0.655131012,0.655131012,0.655131012,0.655131012,07/01/2021,2.0771131,InSAR
10/01/1937,0.645578698,0.645578698,0.645578698,0.645578698,0.645578698,0.645578698,07/07/2021,2.080065856,InSAR
11/01/1937,0.639088262,0.639088262,0.639088262,0.639088262,0.639088262,0.639088262,07/13/2021,2.087611788,InSAR
12/01/1937,0.634927124,0.634927124,0.634927124,0.634927124,0.634927124,0.634927124,07/20/2021,2.098110476,InSAR
01/01/1938,0.634854274,0.634854274,0.634854274,0.634854274,0.634854274,0.634854274,07/26/2021,2.103031736,InSAR
02/01/1938,0.638948335,0.638948335,0.638948335,0.638948335,0.638948335,0.638948335,08/01/2021,2.108937248,InSAR
03/01/1938,0.634716921,0.634716921,0.634716921,0.634716921,0.634716921,0.634716921,08/07/2021,2.113530424,InSAR
04/01/1938,0.632367796,0.632367796,0.632367796,0.632367796,0.632367796,0.632367796,08/13/2021,2.115498928,InSAR
05/01/1938,0.631854092,0.631854092,0.631854092,0.631854092,0.631854092,0.631854092,08/20/2021,2.11320234,InSAR
06/01/1938,0.630070886,0.630070886,0.630070886,0.630070886,0.630070886,0.630070886,08/26/2021,2.116811264,InSAR
07/01/1938,0.62505861,0.62505861,0.62505861,0.62505861,0.62505861,0.62505861,09/01/2021,2.115170844,InSAR
08/01/1938,0.625437068,0.625437068,0.625437068,0.625437068,0.625437068,0.625437068,09/07/2021,2.118451684,InSAR
09/01/1938,0.623368911,0.623368911,0.623368911,0.623368911,0.623368911,0.623368911,09/13/2021,2.11976402,InSAR
10/01/1938,0.621984619,0.621984619,0.621984619,0.621984619,0.621984619,0.621984619,09/19/2021,2.12304486,InSAR
11/01/1938,0.621902257,0.621902257,0.621902257,0.621902257,0.621902257,0.621902257,09/21/2021,2.124029112,Leveling
12/01/1938,0.618845896,0.618845896,0.618845896,0.618845896,0.618845896,0.618845896,09/25/2021,2.125997616,InSAR
01/01/1939,0.611495695,0.611495695,0.611495695,0.611495695,0.611495695,0.611495695,10/01/2021,2.128294204,InSAR
02/01/1939,0.604138664,0.604138664,0.604138664,0.604138664,0.604138664,0.604138664,10/07/2021,2.132231212,InSAR
03/01/1939,0.598716489,0.598716489,0.598716489,0.598716489,0.598716489,0.598716489,10/13/2021,2.130918876,InSAR
04/01/1939,0.596361725,0.596361725,0.596361725,0.596361725,0.596361725,0.596361725,10/20/2021,2.1345278,InSAR
05/01/1939,0.589482788,0.589482788,0.589482788,0.589482788,0.589482788,0.589482788,10/26/2021,2.137480556,InSAR
06/01/1939,0.585192623,0.585192623,0.585192623,0.585192623,0.585192623,0.585192623,11/01/2021,2.139777144,InSAR
07/01/1939,0.580517836,0.580517836,0.580517836,0.580517836,0.580517836,0.580517836,11/07/2021,2.14601074,InSAR
08/01/1939,0.577067273,0.577067273,0.577067273,0.577067273,0.577067273,0.577067273,11/13/2021,2.148635412,InSAR
09/01/1939,0.573107071,0.573107071,0.573107071,0.573107071,0.573107071,0.573107071,11/19/2021,2.153884756,InSAR
10/01/1939,0.569297053,0.569297053,0.569297053,0.569297053,0.569297053,0.569297053,11/25/2021,2.156181344,InSAR
11/01/1939,0.56516141,0.56516141,0.56516141,0.56516141,0.56516141,0.56516141,12/01/2021,2.15585326,InSAR
12/01/1939,0.560732617,0.560732617,0.560732617,0.560732617,0.560732617,0.560732617,12/07/2021,2.155525176,InSAR
01/01/1940,0.562959557,0.562959557,0.562959557,0.562959557,0.562959557,0.562959557,12/13/2021,2.153884756,InSAR
02/01/1940,0.563883408,0.563883408,0.563883408,0.563883408,0.563883408,0.563883408,12/20/2021,2.155197092,InSAR
03/01/1940,0.564568343,0.564568343,0.564568343,0.564568343,0.564568343,0.564568343,12/26/2021,2.158149848,InSAR
04/01/1940,0.56233591,0.56233591,0.56233591,0.56233591,0.56233591,0.56233591,01/01/2022,2.166351948,InSAR
05/01/1940,0.5634054,0.5634054,0.5634054,0.5634054,0.5634054,0.5634054,01/07/2022,2.171601292,InSAR
06/01/1940,0.565659491,0.565659491,0.565659491,0.565659491,0.565659491,0.565659491,01/13/2022,2.17881914,InSAR
07/01/1940,0.571268519,0.571268519,0.571268519,0.571268519,0.571268519,0.571268519,01/20/2022,2.18538082,InSAR
08/01/1940,0.569570126,0.569570126,0.569570126,0.569570126,0.569570126,0.569570126,01/26/2022,2.18702124,InSAR
09/01/1940,0.571072346,0.571072346,0.571072346,0.571072346,0.571072346,0.571072346,02/01/2022,2.186036988,InSAR
10/01/1940,0.571522066,0.571522066,0.571522066,0.571522066,0.571522066,0.571522066,02/07/2022,2.18538082,InSAR
11/01/1940,0.56687202,0.56687202,0.56687202,0.56687202,0.56687202,0.56687202,02/12/2022,2.18538082,InSAR
12/01/1940,0.566512704,0.566512704,0.566512704,0.566512704,0.566512704,0.566512704,02/18/2022,2.186365072,InSAR
01/01/1941,0.563994166,0.563994166,0.563994166,0.563994166,0.563994166,0.563994166,02/23/2022,2.186365072,InSAR
02/01/1941,0.559535535,0.559535535,0.559535535,0.559535535,0.559535535,0.559535535,03/01/2022,2.186365072,InSAR
03/01/1941,0.556584009,0.556584009,0.556584009,0.556584009,0.556584009,0.556584009,03/07/2022,2.186036988,InSAR
04/01/1941,0.552840055,0.552840055,0.552840055,0.552840055,0.552840055,0.552840055,03/13/2022,2.185052736,InSAR
05/01/1941,0.550501008,0.550501008,0.550501008,0.550501008,0.550501008,0.550501008,03/20/2022,2.18209998,InSAR
06/01/1941,0.547602297,0.547602297,0.547602297,0.547602297,0.547602297,0.547602297,03/26/2022,2.180787644,InSAR
07/01/1941,0.552563139,0.552563139,0.552563139,0.552563139,0.552563139,0.552563139,04/01/2022,2.17717872,InSAR
08/01/1941,0.556304439,0.556304439,0.556304439,0.556304439,0.556304439,0.556304439,04/07/2022,2.181115728,InSAR
09/01/1941,0.555190561,0.555190561,0.555190561,0.555190561,0.555190561,0.555190561,04/13/2022,2.186036988,InSAR
10/01/1941,0.552448906,0.552448906,0.552448906,0.552448906,0.552448906,0.552448906,04/19/2022,2.194567172,InSAR
11/01/1941,0.552907567,0.552907567,0.552907567,0.552907567,0.552907567,0.552907567,04/25/2022,2.2001446,InSAR
12/01/1941,0.558319502,0.558319502,0.558319502,0.558319502,0.558319502,0.558319502,05/01/2022,2.206050112,InSAR
01/01/1942,0.564658873,0.564658873,0.564658873,0.564658873,0.564658873,0.564658873,05/07/2022,2.209002868,InSAR
02/01/1942,0.570289546,0.570289546,0.570289546,0.570289546,0.570289546,0.570289546,05/13/2022,2.215236464,InSAR
03/01/1942,0.573699132,0.573699132,0.573699132,0.573699132,0.573699132,0.573699132,05/20/2022,2.21818922,InSAR
04/01/1942,0.578762377,0.578762377,0.578762377,0.578762377,0.578762377,0.578762377,05/26/2022,2.217861136,InSAR
05/01/1942,0.586514947,0.586514947,0.586514947,0.586514947,0.586514947,0.586514947,06/01/2022,2.218517304,InSAR
06/01/1942,0.592476236,0.592476236,0.592476236,0.592476236,0.592476236,0.592476236,06/07/2022,2.224422816,InSAR
07/01/1942,0.595704035,0.595704035,0.595704035,0.595704035,0.595704035,0.595704035,06/13/2022,2.23131258,InSAR
08/01/1942,0.602887162,0.602887162,0.602887162,0.602887162,0.602887162,0.602887162,06/19/2022,2.23951468,InSAR
09/01/1942,0.608278882,0.608278882,0.608278882,0.608278882,0.608278882,0.608278882,06/25/2022,2.248701032,InSAR
10/01/1942,0.611825442,0.611825442,0.611825442,0.611825442,0.611825442,0.611825442,07/01/2022,2.260183972,InSAR
11/01/1942,0.614577924,0.614577924,0.614577924,0.614577924,0.614577924,0.614577924,07/07/2022,2.26740182,InSAR
12/01/1942,0.618580727,0.618580727,0.618580727,0.618580727,0.618580727,0.618580727,07/13/2022,2.272979248,InSAR
01/01/1943,0.61840426,0.61840426,0.61840426,0.61840426,0.61840426,0.61840426,07/20/2022,2.279540928,InSAR
02/01/1943,0.618896478,0.618896478,0.618896478,0.618896478,0.618896478,0.618896478,07/26/2022,2.283477936,InSAR
03/01/1943,0.61622524,0.61622524,0.61622524,0.61622524,0.61622524,0.61622524,08/01/2022,2.28708686,InSAR
04/01/1943,0.618635166,0.618635166,0.618635166,0.618635166,0.618635166,0.618635166,08/07/2022,2.289711532,InSAR
05/01/1943,0.622592661,0.622592661,0.622592661,0.622592661,0.622592661,0.622592661,08/13/2022,2.29200812,InSAR
06/01/1943,0.624263602,0.624263602,0.624263602,0.624263602,0.624263602,0.624263602,08/20/2022,2.289711532,InSAR
07/01/1943,0.623089947,0.623089947,0.623089947,0.623089947,0.623089947,0.623089947,08/26/2022,2.286758776,InSAR
08/01/1943,0.622909177,0.622909177,0.622909177,0.622909177,0.622909177,0.622909177,09/01/2022,2.285118356,InSAR
09/01/1943,0.624707654,0.624707654,0.624707654,0.624707654,0.624707654,0.624707654,09/07/2022,2.28544644,InSAR
10/01/1943,0.629730633,0.629730633,0.629730633,0.629730633,0.629730633,0.629730633,09/13/2022,2.286758776,InSAR
11/01/1943,0.628747472,0.628747472,0.628747472,0.628747472,0.628747472,0.628747472,09/19/2022,2.289711532,InSAR
12/01/1943,0.631368445,0.631368445,0.631368445,0.631368445,0.631368445,0.631368445,09/25/2022,2.294632792,InSAR
01/01/1944,0.625992458,0.625992458,0.625992458,0.625992458,0.625992458,0.625992458,10/01/2022,2.299225968,InSAR
02/01/1944,0.62343352,0.62343352,0.62343352,0.62343352,0.62343352,0.62343352,10/07/2022,2.304803396,InSAR
03/01/1944,0.623850497,0.623850497,0.623850497,0.623850497,0.623850497,0.623850497,10/13/2022,2.306443816,InSAR
04/01/1944,0.622272162,0.622272162,0.622272162,0.622272162,0.622272162,0.622272162,10/20/2022,2.31169316,InSAR
05/01/1944,0.62671312,0.62671312,0.62671312,0.62671312,0.62671312,0.62671312,10/26/2022,2.314974,InSAR
06/01/1944,0.624799521,0.624799521,0.624799521,0.624799521,0.624799521,0.624799521,11/01/2022,2.322848016,InSAR
07/01/1944,0.633279503,0.633279503,0.633279503,0.633279503,0.633279503,0.633279503,11/07/2022,2.332362452,InSAR
08/01/1944,0.63705969,0.63705969,0.63705969,0.63705969,0.63705969,0.63705969,11/13/2022,2.341548804,InSAR
09/01/1944,0.636290413,0.636290413,0.636290413,0.636290413,0.636290413,0.636290413,11/19/2022,2.341876888,InSAR
10/01/1944,0.639178831,0.639178831,0.639178831,0.639178831,0.639178831,0.639178831,11/25/2022,2.345157728,InSAR
11/01/1944,0.641032548,0.641032548,0.641032548,0.641032548,0.641032548,0.641032548,12/01/2022,2.345157728,InSAR
12/01/1944,0.645516479,0.645516479,0.645516479,0.645516479,0.645516479,0.645516479,12/07/2022,2.339908384,InSAR
01/01/1945,0.641806554,0.641806554,0.641806554,0.641806554,0.641806554,0.641806554,12/13/2022,2.3395803,InSAR
02/01/1945,0.641737051,0.641737051,0.641737051,0.641737051,0.641737051,0.641737051,12/20/2022,2.347126232,InSAR
03/01/1945,0.638908898,0.638908898,0.638908898,0.638908898,0.638908898,0.638908898,12/26/2022,2.35270366,InSAR
04/01/1945,0.644944994,0.644944994,0.644944994,0.644944994,0.644944994,0.644944994,01/01/2023,2.35926534,InSAR
05/01/1945,0.647163684,0.647163684,0.647163684,0.647163684,0.647163684,0.647163684,01/07/2023,2.366811272,InSAR
06/01/1945,0.648867931,0.648867931,0.648867931,0.648867931,0.648867931,0.648867931,01/13/2023,2.373044868,InSAR
07/01/1945,0.653691921,0.653691921,0.653691921,0.653691921,0.653691921,0.653691921,01/20/2023,2.384199724,InSAR
08/01/1945,0.65320865,0.65320865,0.65320865,0.65320865,0.65320865,0.65320865,01/26/2023,2.392729908,InSAR
09/01/1945,0.654977108,0.654977108,0.654977108,0.654977108,0.654977108,0.654977108,02/01/2023,2.39535458,InSAR
10/01/1945,0.65172244,0.65172244,0.65172244,0.65172244,0.65172244,0.65172244,02/07/2023,2.397323084,InSAR
11/01/1945,0.652682047,0.652682047,0.652682047,0.652682047,0.652682047,0.652682047,02/12/2023,2.39535458,InSAR
12/01/1945,0.650595659,0.650595659,0.650595659,0.650595659,0.650595659,0.650595659,02/18/2023,2.394370328,InSAR
01/01/1946,0.642251064,0.642251064,0.642251064,0.642251064,0.642251064,0.642251064,02/23/2023,2.396010748,InSAR
02/01/1946,0.640939392,0.640939392,0.640939392,0.640939392,0.640939392,0.640939392,03/01/2023,2.395026496,InSAR
03/01/1946,0.639588137,0.639588137,0.639588137,0.639588137,0.639588137,0.639588137,03/07/2023,2.399291588,InSAR
04/01/1946,0.639212045,0.639212045,0.639212045,0.639212045,0.639212045,0.639212045,03/13/2023,2.402900512,InSAR
05/01/1946,0.635363105,0.635363105,0.635363105,0.635363105,0.635363105,0.635363105,03/20/2023,2.405853268,InSAR
06/01/1946,0.637570996,0.637570996,0.637570996,0.637570996,0.637570996,0.637570996,03/26/2023,2.404540932,InSAR
07/01/1946,0.633232832,0.633232832,0.633232832,0.633232832,0.633232832,0.633232832,04/01/2023,2.402244344,InSAR
08/01/1946,0.630613516,0.630613516,0.630613516,0.630613516,0.630613516,0.630613516,04/07/2023,2.402572428,InSAR
09/01/1946,0.62994936,0.62994936,0.62994936,0.62994936,0.62994936,0.62994936,04/13/2023,2.397651168,InSAR
10/01/1946,0.623334916,0.623334916,0.623334916,0.623334916,0.623334916,0.623334916,04/19/2023,2.39207374,InSAR
11/01/1946,0.620417066,0.620417066,0.620417066,0.620417066,0.620417066,0.620417066,04/25/2023,2.395682664,InSAR
12/01/1946,0.616271821,0.616271821,0.616271821,0.616271821,0.616271821,0.616271821,05/01/2023,2.399291588,InSAR
01/01/1947,0.612827846,0.612827846,0.612827846,0.612827846,0.612827846,0.612827846,05/07/2023,2.402244344,InSAR
02/01/1947,0.613114047,0.613114047,0.613114047,0.613114047,0.613114047,0.613114047,05/13/2023,2.402572428,InSAR
03/01/1947,0.614839051,0.614839051,0.614839051,0.614839051,0.614839051,0.614839051,05/20/2023,2.408806024,InSAR
04/01/1947,0.609201169,0.609201169,0.609201169,0.609201169,0.609201169,0.609201169,05/26/2023,2.413727284,InSAR
05/01/1947,0.605849328,0.605849328,0.605849328,0.605849328,0.605849328,0.605849328,06/01/2023,2.416351956,InSAR
06/01/1947,0.602451817,0.602451817,0.602451817,0.602451817,0.602451817,0.602451817,06/07/2023,2.418976628,InSAR
07/01/1947,0.601408087,0.601408087,0.601408087,0.601408087,0.601408087,0.601408087,06/13/2023,2.426194476,InSAR
08/01/1947,0.605325848,0.605325848,0.605325848,0.605325848,0.605325848,0.605325848,06/19/2023,2.430787652,InSAR
09/01/1947,0.605058569,0.605058569,0.605058569,0.605058569,0.605058569,0.605058569,06/25/2023,2.430131484,InSAR
10/01/1947,0.609843687,0.609843687,0.609843687,0.609843687,0.609843687,0.609843687,07/01/2023,2.430459568,InSAR
11/01/1947,0.604225868,0.604225868,0.604225868,0.604225868,0.604225868,0.604225868,07/07/2023,2.433412324,InSAR
12/01/1947,0.606292533,0.606292533,0.606292533,0.606292533,0.606292533,0.606292533,07/13/2023,2.435052744,InSAR
01/01/1948,0.605811786,0.605811786,0.605811786,0.605811786,0.605811786,0.605811786,07/20/2023,2.44128634,InSAR
02/01/1948,0.605370287,0.605370287,0.605370287,0.605370287,0.605370287,0.605370287,07/26/2023,2.444895264,InSAR
03/01/1948,0.602816243,0.602816243,0.602816243,0.602816243,0.602816243,0.602816243,08/01/2023,2.443911012,InSAR
04/01/1948,0.609320231,0.609320231,0.609320231,0.609320231,0.609320231,0.609320231,08/07/2023,2.441942508,InSAR
05/01/1948,0.617018961,0.617018961,0.617018961,0.617018961,0.617018961,0.617018961,08/13/2023,2.439317836,InSAR
06/01/1948,0.618414635,0.618414635,0.618414635,0.618414635,0.618414635,0.618414635,08/20/2023,2.4380055,InSAR
07/01/1948,0.62448855,0.62448855,0.62448855,0.62448855,0.62448855,0.62448855,08/26/2023,2.437349332,InSAR
08/01/1948,0.623660043,0.623660043,0.623660043,0.623660043,0.623660043,0.623660043,09/01/2023,2.439974004,InSAR
09/01/1948,0.630371402,0.630371402,0.630371402,0.630371402,0.630371402,0.630371402,09/07/2023,2.44292676,InSAR
10/01/1948,0.631790502,0.631790502,0.631790502,0.631790502,0.631790502,0.631790502,09/13/2023,2.446863768,InSAR
11/01/1948,0.641059677,0.641059677,0.641059677,0.641059677,0.641059677,0.641059677,09/19/2023,2.450472692,InSAR
12/01/1948,0.645808426,0.645808426,0.645808426,0.645808426,0.645808426,0.645808426,09/25/2023,2.453753532,InSAR
01/01/1949,0.653096559,0.653096559,0.653096559,0.653096559,0.653096559,0.653096559,10/01/2023,2.451456944,InSAR
02/01/1949,0.657280614,0.657280614,0.657280614,0.657280614,0.657280614,0.657280614,10/07/2023,2.454737784,InSAR
03/01/1949,0.658281518,0.658281518,0.658281518,0.658281518,0.658281518,0.658281518,10/13/2023,2.456378204,InSAR
04/01/1949,0.6574173,0.6574173,0.6574173,0.6574173,0.6574173,0.6574173,10/20/2023,2.465236472,InSAR
05/01/1949,0.65481887,0.65481887,0.65481887,0.65481887,0.65481887,0.65481887,10/26/2023,2.473438572,InSAR
06/01/1949,0.652301812,0.652301812,0.652301812,0.652301812,0.652301812,0.652301812,11/01/2023,2.479672168,InSAR
07/01/1949,0.647581622,0.647581622,0.647581622,0.647581622,0.647581622,0.647581622,11/07/2023,2.477703664,InSAR
08/01/1949,0.642255501,0.642255501,0.642255501,0.642255501,0.642255501,0.642255501,11/13/2023,2.479016,InSAR
09/01/1949,0.642152424,0.642152424,0.642152424,0.642152424,0.642152424,0.642152424,11/19/2023,2.476719412,InSAR
10/01/1949,0.640616463,0.640616463,0.640616463,0.640616463,0.640616463,0.640616463,11/25/2023,2.476719412,InSAR
11/01/1949,0.635026053,0.635026053,0.635026053,0.635026053,0.635026053,0.635026053,12/01/2023,2.476391328,InSAR
12/01/1949,0.628367583,0.628367583,0.628367583,0.628367583,0.628367583,0.628367583,12/07/2023,2.477047496,InSAR
01/01/1950,0.628088403,0.628088403,0.628088403,0.628088403,0.628088403,0.628088403,12/13/2023,2.478031748,InSAR
02/01/1950,0.62653636,0.62653636,0.62653636,0.62653636,0.62653636,0.62653636,12/20/2023,2.480984504,InSAR
03/01/1950,0.629414655,0.629414655,0.629414655,0.629414655,0.629414655,0.629414655,12/26/2023,2.48393726,InSAR
04/01/1950,0.634661743,0.634661743,0.634661743,0.634661743,0.634661743,0.634661743,01/01/2024,2.48557768,InSAR
05/01/1950,0.633809994,0.633809994,0.633809994,0.633809994,0.633809994,0.633809994,01/07/2024,2.489186604,InSAR
06/01/1950,0.642825339,0.642825339,0.642825339,0.642825339,0.642825339,0.642825339,01/13/2024,2.490170856,InSAR
07/01/1950,0.643853353,0.643853353,0.643853353,0.643853353,0.643853353,0.643853353,01/20/2024,2.49377978,InSAR
08/01/1950,0.649085138,0.649085138,0.649085138,0.649085138,0.649085138,0.649085138,01/26/2024,2.492467444,InSAR
09/01/1950,0.655700163,0.655700163,0.655700163,0.655700163,0.655700163,0.655700163,02/01/2024,2.494107864,InSAR
10/01/1950,0.661106753,0.661106753,0.661106753,0.661106753,0.661106753,0.661106753,02/07/2024,2.496076368,InSAR
11/01/1950,0.66350922,0.66350922,0.66350922,0.66350922,0.66350922,0.66350922,02/13/2024,2.498044872,InSAR
12/01/1950,0.669225586,0.669225586,0.669225586,0.669225586,0.669225586,0.669225586,02/18/2024,2.49870104,InSAR
01/01/1951,0.672294806,0.672294806,0.672294806,0.672294806,0.672294806,0.672294806,02/24/2024,2.5036223,InSAR
02/01/1951,0.676773792,0.676773792,0.676773792,0.676773792,0.676773792,0.676773792,03/01/2024,2.506575056,InSAR
03/01/1951,0.68193171,0.68193171,0.68193171,0.68193171,0.68193171,0.68193171,03/07/2024,2.505918888,InSAR
04/01/1951,0.687762296,0.687762296,0.687762296,0.687762296,0.687762296,0.687762296,03/13/2024,2.503950384,InSAR
05/01/1951,0.690287318,0.690287318,0.690287318,0.690287318,0.690287318,0.690287318,03/20/2024,2.502638048,InSAR
06/01/1951,0.69215534,0.69215534,0.69215534,0.69215534,0.69215534,0.69215534,03/26/2024,2.499357208,InSAR
07/01/1951,0.689082801,0.689082801,0.689082801,0.689082801,0.689082801,0.689082801,04/01/2024,2.495748284,InSAR
08/01/1951,0.688974279,0.688974279,0.688974279,0.688974279,0.688974279,0.688974279,04/07/2024,2.49870104,InSAR
09/01/1951,0.683007783,0.683007783,0.683007783,0.683007783,0.683007783,0.683007783,04/13/2024,2.500997628,InSAR
10/01/1951,0.686136585,0.686136585,0.686136585,0.686136585,0.686136585,0.686136585,04/19/2024,2.498044872,InSAR
11/01/1951,0.687919595,0.687919595,0.687919595,0.687919595,0.687919595,0.687919595,04/25/2024,2.494435948,InSAR
12/01/1951,0.692166017,0.692166017,0.692166017,0.692166017,0.692166017,0.692166017,05/01/2024,2.498372956,InSAR
01/01/1952,0.688057148,0.688057148,0.688057148,0.688057148,0.688057148,0.688057148,05/07/2024,2.50198188,InSAR
02/01/1952,0.687977122,0.687977122,0.687977122,0.687977122,0.687977122,0.687977122,05/13/2024,2.504934636,InSAR
03/01/1952,0.682073667,0.682073667,0.682073667,0.682073667,0.682073667,0.682073667,05/20/2024,2.509855896,InSAR
04/01/1952,0.678127156,0.678127156,0.678127156,0.678127156,0.678127156,0.678127156,05/26/2024,2.51346482,InSAR
05/01/1952,0.679235283,0.679235283,0.679235283,0.679235283,0.679235283,0.679235283,06/01/2024,2.518057996,InSAR
06/01/1952,0.68051637,0.68051637,0.68051637,0.68051637,0.68051637,0.68051637,06/07/2024,2.519370332,InSAR
07/01/1952,0.680334328,0.680334328,0.680334328,0.680334328,0.680334328,0.680334328,06/13/2024,2.521338836,InSAR
08/01/1952,0.681015231,0.681015231,0.681015231,0.681015231,0.681015231,0.681015231,06/19/2024,2.520682668,InSAR
09/01/1952,0.67788679,0.67788679,0.67788679,0.67788679,0.67788679,0.67788679,06/25/2024,2.519370332,InSAR
10/01/1952,0.678497519,0.678497519,0.678497519,0.678497519,0.678497519,0.678497519,07/01/2024,2.518057996,InSAR
11/01/1952,0.680416675,0.680416675,0.680416675,0.680416675,0.680416675,0.680416675,,,
12/01/1952,0.676680539,0.676680539,0.676680539,0.676680539,0.676680539,0.676680539,,,
01/01/1953,0.679591027,0.679591027,0.679591027,0.679591027,0.679591027,0.679591027,,,
02/01/1953,0.681739131,0.681739131,0.681739131,0.681739131,0.681739131,0.681739131,,,
03/01/1953,0.678295864,0.678295864,0.678295864,0.678295864,0.678295864,0.678295864,,,
04/01/1953,0.675779649,0.675779649,0.675779649,0.675779649,0.675779649,0.675779649,,,
05/01/1953,0.671633974,0.671633974,0.671633974,0.671633974,0.671633974,0.671633974,,,
06/01/1953,0.668674782,0.668674782,0.668674782,0.668674782,0.668674782,0.668674782,,,
07/01/1953,0.667935293,0.667935293,0.667935293,0.667935293,0.667935293,0.667935293,,,
08/01/1953,0.672055931,0.672055931,0.672055931,0.672055931,0.672055931,0.672055931,,,
09/01/1953,0.672728554,0.672728554,0.672728554,0.672728554,0.672728554,0.672728554,,,
10/01/1953,0.671415323,0.671415323,0.671415323,0.671415323,0.671415323,0.671415323,,,
11/01/1953,0.665162208,0.665162208,0.665162208,0.665162208,0.665162208,0.665162208,,,
12/01/1953,0.660905091,0.660905091,0.660905091,0.660905091,0.660905091,0.660905091,,,
01/01/1954,0.658699013,0.658699013,0.658699013,0.658699013,0.658699013,0.658699013,,,
02/01/1954,0.654203833,0.654203833,0.654203833,0.654203833,0.654203833,0.654203833,,,
03/01/1954,0.649662792,0.649662792,0.649662792,0.649662792,0.649662792,0.649662792,,,
04/01/1954,0.64552582,0.64552582,0.64552582,0.64552582,0.64552582,0.64552582,,,
05/01/1954,0.634973807,0.634973807,0.634973807,0.634973807,0.634973807,0.634973807,,,
06/01/1954,0.620212063,0.620212063,0.620212063,0.620212063,0.620212063,0.620212063,,,
07/01/1954,0.616072129,0.616072129,0.616072129,0.616072129,0.616072129,0.616072129,,,
08/01/1954,0.612998194,0.612998194,0.612998194,0.612998194,0.612998194,0.612998194,,,
09/01/1954,0.613312287,0.613312287,0.613312287,0.613312287,0.613312287,0.613312287,,,
10/01/1954,0.606912772,0.606912772,0.606912772,0.606912772,0.606912772,0.606912772,,,
11/01/1954,0.602512697,0.602512697,0.602512697,0.602512697,0.602512697,0.602512697,,,
12/01/1954,0.600786037,0.600786037,0.600786037,0.600786037,0.600786037,0.600786037,,,
01/01/1955,0.600553508,0.600553508,0.600553508,0.600553508,0.600553508,0.600553508,,,
02/01/1955,0.597727689,0.597727689,0.597727689,0.597727689,0.597727689,0.597727689,,,
03/01/1955,0.597880147,0.597880147,0.597880147,0.597880147,0.597880147,0.597880147,,,
04/01/1955,0.600951058,0.600951058,0.600951058,0.600951058,0.600951058,0.600951058,,,
05/01/1955,0.598721065,0.598721065,0.598721065,0.598721065,0.598721065,0.598721065,,,
06/01/1955,0.604091517,0.604091517,0.604091517,0.604091517,0.604091517,0.604091517,,,
07/01/1955,0.605770678,0.605770678,0.605770678,0.605770678,0.605770678,0.605770678,,,
08/01/1955,0.608626661,0.608626661,0.608626661,0.608626661,0.608626661,0.608626661,,,
09/01/1955,0.609800501,0.609800501,0.609800501,0.609800501,0.609800501,0.609800501,,,
10/01/1955,0.612258028,0.612258028,0.612258028,0.612258028,0.612258028,0.612258028,,,
11/01/1955,0.605103026,0.605103026,0.605103026,0.605103026,0.605103026,0.605103026,,,
12/01/1955,0.604286613,0.604286613,0.604286613,0.604286613,0.604286613,0.604286613,,,
01/01/1956,0.602678409,0.602678409,0.602678409,0.602678409,0.602678409,0.602678409,,,
02/01/1956,0.595656294,0.595656294,0.595656294,0.595656294,0.595656294,0.595656294,,,
03/01/1956,0.597334694,0.597334694,0.597334694,0.597334694,0.597334694,0.597334694,,,
04/01/1956,0.595843906,0.595843906,0.595843906,0.595843906,0.595843906,0.595843906,,,
05/01/1956,0.59614789,0.59614789,0.59614789,0.59614789,0.59614789,0.59614789,,,
06/01/1956,0.59741577,0.59741577,0.59741577,0.59741577,0.59741577,0.59741577,,,
07/01/1956,0.593446454,0.593446454,0.593446454,0.593446454,0.593446454,0.593446454,,,
08/01/1956,0.588651548,0.588651548,0.588651548,0.588651548,0.588651548,0.588651548,,,
09/01/1956,0.583637404,0.583637404,0.583637404,0.583637404,0.583637404,0.583637404,,,
10/01/1956,0.576413077,0.576413077,0.576413077,0.576413077,0.576413077,0.576413077,,,
11/01/1956,0.57366868,0.57366868,0.57366868,0.57366868,0.57366868,0.57366868,,,
12/01/1956,0.573512751,0.573512751,0.573512751,0.573512751,0.573512751,0.573512751,,,
01/01/1957,0.56891204,0.56891204,0.56891204,0.56891204,0.56891204,0.56891204,,,
02/01/1957,0.566476316,0.566476316,0.566476316,0.566476316,0.566476316,0.566476316,,,
03/01/1957,0.560899939,0.560899939,0.560899939,0.560899939,0.560899939,0.560899939,,,
04/01/1957,0.565067123,0.565067123,0.565067123,0.565067123,0.565067123,0.565067123,,,
05/01/1957,0.566048362,0.566048362,0.566048362,0.566048362,0.566048362,0.566048362,,,
06/01/1957,0.563721983,0.563721983,0.563721983,0.563721983,0.563721983,0.563721983,,,
07/01/1957,0.559344755,0.559344755,0.559344755,0.559344755,0.559344755,0.559344755,,,
08/01/1957,0.56050997,0.56050997,0.56050997,0.56050997,0.56050997,0.56050997,,,
09/01/1957,0.562736719,0.562736719,0.562736719,0.562736719,0.562736719,0.562736719,,,
10/01/1957,0.563021487,0.563021487,0.563021487,0.563021487,0.563021487,0.563021487,,,
11/01/1957,0.559558353,0.559558353,0.559558353,0.559558353,0.559558353,0.559558353,,,
12/01/1957,0.562485713,0.562485713,0.562485713,0.562485713,0.562485713,0.562485713,,,
01/01/1958,0.567003683,0.567003683,0.567003683,0.567003683,0.567003683,0.567003683,,,
02/01/1958,0.572760103,0.572760103,0.572760103,0.572760103,0.572760103,0.572760103,,,
03/01/1958,0.575389128,0.575389128,0.575389128,0.575389128,0.575389128,0.575389128,,,
04/01/1958,0.577345517,0.577345517,0.577345517,0.577345517,0.577345517,0.577345517,,,
05/01/1958,0.579989682,0.579989682,0.579989682,0.579989682,0.579989682,0.579989682,,,
06/01/1958,0.583460266,0.583460266,0.583460266,0.583460266,0.583460266,0.583460266,,,
07/01/1958,0.588700617,0.588700617,0.588700617,0.588700617,0.588700617,0.588700617,,,
08/01/1958,0.591697696,0.591697696,0.591697696,0.591697696,0.591697696,0.591697696,,,
09/01/1958,0.597583777,0.597583777,0.597583777,0.597583777,0.597583777,0.597583777,,,
10/01/1958,0.599905415,0.599905415,0.599905415,0.599905415,0.599905415,0.599905415,,,
11/01/1958,0.603396127,0.603396127,0.603396127,0.603396127,0.603396127,0.603396127,,,
12/01/1958,0.608482706,0.608482706,0.608482706,0.608482706,0.608482706,0.608482706,,,
01/01/1959,0.607120389,0.607120389,0.607120389,0.607120389,0.607120389,0.607120389,,,
02/01/1959,0.612175778,0.612175778,0.612175778,0.612175778,0.612175778,0.612175778,,,
03/01/1959,0.610595082,0.610595082,0.610595082,0.610595082,0.610595082,0.610595082,,,
04/01/1959,0.602472491,0.602472491,0.602472491,0.602472491,0.602472491,0.602472491,,,
05/01/1959,0.596940019,0.596940019,0.596940019,0.596940019,0.596940019,0.596940019,,,
06/01/1959,0.595348052,0.595348052,0.595348052,0.595348052,0.595348052,0.595348052,,,
07/01/1959,0.594817256,0.594817256,0.594817256,0.594817256,0.594817256,0.594817256,,,
08/01/1959,0.595326358,0.595326358,0.595326358,0.595326358,0.595326358,0.595326358,,,
09/01/1959,0.594414517,0.594414517,0.594414517,0.594414517,0.594414517,0.594414517,,,
10/01/1959,0.600054112,0.600054112,0.600054112,0.600054112,0.600054112,0.600054112,,,
11/01/1959,0.60300013,0.60300013,0.60300013,0.60300013,0.60300013,0.60300013,,,
12/01/1959,0.607870468,0.607870468,0.607870468,0.607870468,0.607870468,0.607870468,,,
01/01/1960,0.612267688,0.612267688,0.612267688,0.612267688,0.612267688,0.612267688,,,
02/01/1960,0.614570458,0.614570458,0.614570458,0.614570458,0.614570458,0.614570458,,,
03/01/1960,0.615155468,0.615155468,0.615155468,0.615155468,0.615155468,0.615155468,,,
04/01/1960,0.613165185,0.613165185,0.613165185,0.613165185,0.613165185,0.613165185,,,
05/01/1960,0.614828623,0.614828623,0.614828623,0.614828623,0.614828623,0.614828623,,,
06/01/1960,0.614404389,0.614404389,0.614404389,0.614404389,0.614404389,0.614404389,,,
07/01/1960,0.617956131,0.617956131,0.617956131,0.617956131,0.617956131,0.617956131,,,
08/01/1960,0.619475243,0.619475243,0.619475243,0.619475243,0.619475243,0.619475243,,,
09/01/1960,0.62229721,0.62229721,0.62229721,0.62229721,0.62229721,0.62229721,,,
10/01/1960,0.623752467,0.623752467,0.623752467,0.623752467,0.623752467,0.623752467,,,
11/01/1960,0.6287711,0.6287711,0.6287711,0.6287711,0.6287711,0.6287711,,,
12/01/1960,0.631301935,0.631301935,0.631301935,0.631301935,0.631301935,0.631301935,,,
01/01/1961,0.635034162,0.635034162,0.635034162,0.635034162,0.635034162,0.635034162,,,
02/01/1961,0.636472301,0.636472301,0.636472301,0.636472301,0.636472301,0.636472301,,,
03/01/1961,0.63848179,0.63848179,0.63848179,0.63848179,0.63848179,0.63848179,,,
04/01/1961,0.640261593,0.640261593,0.640261593,0.640261593,0.640261593,0.640261593,,,
05/01/1961,0.641374015,0.641374015,0.641374015,0.641374015,0.641374015,0.641374015,,,
06/01/1961,0.63693824,0.63693824,0.63693824,0.63693824,0.63693824,0.63693824,,,
07/01/1961,0.636008869,0.636008869,0.636008869,0.636008869,0.636008869,0.636008869,,,
08/01/1961,0.63694569,0.63694569,0.63694569,0.63694569,0.63694569,0.63694569,,,
09/01/1961,0.643809664,0.643809664,0.643809664,0.643809664,0.643809664,0.643809664,,,
10/01/1961,0.644243154,0.644243154,0.644243154,0.644243154,0.644243154,0.644243154,,,
11/01/1961,0.644962237,0.644962237,0.644962237,0.644962237,0.644962237,0.644962237,,,
12/01/1961,0.64573,0.64573,0.64573,0.64573,0.64573,0.64573,,,
01/01/1962,0.645096604,0.645096604,0.645096604,0.645096604,0.645096604,0.645096604,,,
02/01/1962,0.646075638,0.646075638,0.646075638,0.646075638,0.646075638,0.646075638,,,
03/01/1962,0.651900859,0.651900859,0.651900859,0.651900859,0.651900859,0.651900859,,,
04/01/1962,0.652890945,0.652890945,0.652890945,0.652890945,0.652890945,0.652890945,,,
05/01/1962,0.654666617,0.654666617,0.654666617,0.654666617,0.654666617,0.654666617,,,
06/01/1962,0.660917008,0.660917008,0.660917008,0.660917008,0.660917008,0.660917008,,,
07/01/1962,0.662211306,0.662211306,0.662211306,0.662211306,0.662211306,0.662211306,,,
08/01/1962,0.663606824,0.663606824,0.663606824,0.663606824,0.663606824,0.663606824,,,
09/01/1962,0.665041662,0.665041662,0.665041662,0.665041662,0.665041662,0.665041662,,,
10/01/1962,0.663454938,0.663454938,0.663454938,0.663454938,0.663454938,0.663454938,,,
11/01/1962,0.665368771,0.665368771,0.665368771,0.665368771,0.665368771,0.665368771,,,
12/01/1962,0.667330645,0.667330645,0.667330645,0.667330645,0.667330645,0.667330645,,,
01/01/1963,0.669040514,0.669040514,0.669040514,0.669040514,0.669040514,0.669040514,,,
02/01/1963,0.669933565,0.669933565,0.669933565,0.669933565,0.669933565,0.669933565,,,
03/01/1963,0.674925487,0.674925487,0.674925487,0.674925487,0.674925487,0.674925487,,,
04/01/1963,0.67940408,0.67940408,0.67940408,0.67940408,0.67940408,0.67940408,,,
05/01/1963,0.681618281,0.681618281,0.681618281,0.681618281,0.681618281,0.681618281,,,
06/01/1963,0.687034584,0.687034584,0.687034584,0.687034584,0.687034584,0.687034584,,,
07/01/1963,0.687526442,0.687526442,0.687526442,0.687526442,0.687526442,0.687526442,,,
08/01/1963,0.695251752,0.695251752,0.695251752,0.695251752,0.695251752,0.695251752,,,
09/01/1963,0.697657376,0.697657376,0.697657376,0.697657376,0.697657376,0.697657376,,,
10/01/1963,0.69860956,0.69860956,0.69860956,0.69860956,0.69860956,0.69860956,,,
11/01/1963,0.696088466,0.696088466,0.696088466,0.696088466,0.696088466,0.696088466,,,
12/01/1963,0.696640289,0.696640289,0.696640289,0.696640289,0.696640289,0.696640289,,,
01/01/1964,0.696393819,0.696393819,0.696393819,0.696393819,0.696393819,0.696393819,,,
02/01/1964,0.699855,0.699855,0.699855,0.699855,0.699855,0.699855,,,
03/01/1964,0.701571002,0.701571002,0.701571002,0.701571002,0.701571002,0.701571002,,,
04/01/1964,0.704550864,0.704550864,0.704550864,0.704550864,0.704550864,0.704550864,,,
05/01/1964,0.701793572,0.701793572,0.701793572,0.701793572,0.701793572,0.701793572,,,
06/01/1964,0.704447121,0.704447121,0.704447121,0.704447121,0.704447121,0.704447121,,,
07/01/1964,0.708491296,0.708491296,0.708491296,0.708491296,0.708491296,0.708491296,,,
08/01/1964,0.707282664,0.707282664,0.707282664,0.707282664,0.707282664,0.707282664,,,
09/01/1964,0.709778683,0.709778683,0.709778683,0.709778683,0.709778683,0.709778683,,,
10/01/1964,0.714278517,0.714278517,0.714278517,0.714278517,0.714278517,0.714278517,,,
11/01/1964,0.718946178,0.718946178,0.718946178,0.718946178,0.718946178,0.718946178,,,
12/01/1964,0.724494267,0.724494267,0.724494267,0.724494267,0.724494267,0.724494267,,,
01/01/1965,0.728480578,0.728480578,0.728480578,0.728480578,0.728480578,0.728480578,,,
02/01/1965,0.734239659,0.734239659,0.734239659,0.734239659,0.734239659,0.734239659,,,
03/01/1965,0.734419918,0.734419918,0.734419918,0.734419918,0.734419918,0.734419918,,,
04/01/1965,0.732526647,0.732526647,0.732526647,0.732526647,0.732526647,0.732526647,,,
05/01/1965,0.730542376,0.730542376,0.730542376,0.730542376,0.730542376,0.730542376,,,
06/01/1965,0.727345759,0.727345759,0.727345759,0.727345759,0.727345759,0.727345759,,,
07/01/1965,0.72653495,0.72653495,0.72653495,0.72653495,0.72653495,0.72653495,,,
08/01/1965,0.728940217,0.728940217,0.728940217,0.728940217,0.728940217,0.728940217,,,
09/01/1965,0.731851128,0.731851128,0.731851128,0.731851128,0.731851128,0.731851128,,,
10/01/1965,0.731511682,0.731511682,0.731511682,0.731511682,0.731511682,0.731511682,,,
11/01/1965,0.730500546,0.730500546,0.730500546,0.730500546,0.730500546,0.730500546,,,
12/01/1965,0.73055636,0.73055636,0.73055636,0.73055636,0.73055636,0.73055636,,,
01/01/1966,0.731542532,0.731542532,0.731542532,0.731542532,0.731542532,0.731542532,,,
02/01/1966,0.732237767,0.732237767,0.732237767,0.732237767,0.732237767,0.732237767,,,
03/01/1966,0.731525094,0.731525094,0.731525094,0.731525094,0.731525094,0.731525094,,,
04/01/1966,0.731805226,0.731805226,0.731805226,0.731805226,0.731805226,0.731805226,,,
05/01/1966,0.731499224,0.731499224,0.731499224,0.731499224,0.731499224,0.731499224,,,
06/01/1966,0.732863273,0.732863273,0.732863273,0.732863273,0.732863273,0.732863273,,,
07/01/1966,0.732762834,0.732762834,0.732762834,0.732762834,0.732762834,0.732762834,,,
08/01/1966,0.734087513,0.734087513,0.734087513,0.734087513,0.734087513,0.734087513,,,
09/01/1966,0.73770698,0.73770698,0.73770698,0.73770698,0.73770698,0.73770698,,,
10/01/1966,0.740682854,0.740682854,0.740682854,0.740682854,0.740682854,0.740682854,,,
11/01/1966,0.743240531,0.743240531,0.743240531,0.743240531,0.743240531,0.743240531,,,
12/01/1966,0.745578797,0.745578797,0.745578797,0.745578797,0.745578797,0.745578797,,,
01/01/1967,0.750418247,0.750418247,0.750418247,0.750418247,0.750418247,0.750418247,,,
02/01/1967,0.757005703,0.757005703,0.757005703,0.757005703,0.757005703,0.757005703,,,
03/01/1967,0.757779852,0.757779852,0.757779852,0.757779852,0.757779852,0.757779852,,,
04/01/1967,0.760615869,0.760615869,0.760615869,0.760615869,0.760615869,0.760615869,,,
05/01/1967,0.757904311,0.757904311,0.757904311,0.757904311,0.757904311,0.757904311,,,
06/01/1967,0.75533474,0.75533474,0.75533474,0.75533474,0.75533474,0.75533474,,,
07/01/1967,0.749684938,0.749684938,0.749684938,0.749684938,0.749684938,0.749684938,,,
08/01/1967,0.747283258,0.747283258,0.747283258,0.747283258,0.747283258,0.747283258,,,
09/01/1967,0.749274742,0.749274742,0.749274742,0.749274742,0.749274742,0.749274742,,,
10/01/1967,0.747643928,0.747643928,0.747643928,0.747643928,0.747643928,0.747643928,,,
11/01/1967,0.744785203,0.744785203,0.744785203,0.744785203,0.744785203,0.744785203,,,
12/01/1967,0.741179238,0.741179238,0.741179238,0.741179238,0.741179238,0.741179238,,,
01/01/1968,0.738566829,0.738566829,0.738566829,0.738566829,0.738566829,0.738566829,,,
02/01/1968,0.737523125,0.737523125,0.737523125,0.737523125,0.737523125,0.737523125,,,
03/01/1968,0.737145385,0.737145385,0.737145385,0.737145385,0.737145385,0.737145385,,,
04/01/1968,0.740864381,0.740864381,0.740864381,0.740864381,0.740864381,0.740864381,,,
05/01/1968,0.739840241,0.739840241,0.739840241,0.739840241,0.739840241,0.739840241,,,
06/01/1968,0.738399699,0.738399699,0.738399699,0.738399699,0.738399699,0.738399699,,,
07/01/1968,0.738779301,0.738779301,0.738779301,0.738779301,0.738779301,0.738779301,,,
08/01/1968,0.737765024,0.737765024,0.737765024,0.737765024,0.737765024,0.737765024,,,
09/01/1968,0.734421231,0.734421231,0.734421231,0.734421231,0.734421231,0.734421231,,,
10/01/1968,0.729874573,0.729874573,0.729874573,0.729874573,0.729874573,0.729874573,,,
11/01/1968,0.723720729,0.723720729,0.723720729,0.723720729,0.723720729,0.723720729,,,
12/01/1968,0.716834081,0.716834081,0.716834081,0.716834081,0.716834081,0.716834081,,,
01/01/1969,0.713393471,0.713393471,0.713393471,0.713393471,0.713393471,0.713393471,,,
02/01/1969,0.709554502,0.709554502,0.709554502,0.709554502,0.709554502,0.709554502,,,
03/01/1969,0.70859646,0.70859646,0.70859646,0.70859646,0.70859646,0.70859646,,,
04/01/1969,0.709423962,0.709423962,0.709423962,0.709423962,0.709423962,0.709423962,,,
05/01/1969,0.705710262,0.705710262,0.705710262,0.705710262,0.705710262,0.705710262,,,
06/01/1969,0.706072407,0.706072407,0.706072407,0.706072407,0.706072407,0.706072407,,,
07/01/1969,0.704846945,0.704846945,0.704846945,0.704846945,0.704846945,0.704846945,,,
08/01/1969,0.70382297,0.70382297,0.70382297,0.70382297,0.70382297,0.70382297,,,
09/01/1969,0.70212687,0.70212687,0.70212687,0.70212687,0.70212687,0.70212687,,,
10/01/1969,0.708295631,0.708295631,0.708295631,0.708295631,0.708295631,0.708295631,,,
11/01/1969,0.712197188,0.712197188,0.712197188,0.712197188,0.712197188,0.712197188,,,
12/01/1969,0.716136636,0.716136636,0.716136636,0.716136636,0.716136636,0.716136636,,,
01/01/1970,0.722093787,0.722093787,0.722093787,0.722093787,0.722093787,0.722093787,,,
02/01/1970,0.728602727,0.728602727,0.728602727,0.728602727,0.728602727,0.728602727,,,
03/01/1970,0.731739355,0.731739355,0.731739355,0.731739355,0.731739355,0.731739355,,,
04/01/1970,0.732536879,0.732536879,0.732536879,0.732536879,0.732536879,0.732536879,,,
05/01/1970,0.733745389,0.733745389,0.733745389,0.733745389,0.733745389,0.733745389,,,
06/01/1970,0.736157519,0.736157519,0.736157519,0.736157519,0.736157519,0.736157519,,,
07/01/1970,0.735747776,0.735747776,0.735747776,0.735747776,0.735747776,0.735747776,,,
08/01/1970,0.732885118,0.732885118,0.732885118,0.732885118,0.732885118,0.732885118,,,
09/01/1970,0.738693475,0.738693475,0.738693475,0.738693475,0.738693475,0.738693475,,,
10/01/1970,0.741547138,0.741547138,0.741547138,0.741547138,0.741547138,0.741547138,,,
11/01/1970,0.744580553,0.744580553,0.744580553,0.744580553,0.744580553,0.744580553,,,
12/01/1970,0.74267267,0.74267267,0.74267267,0.74267267,0.74267267,0.74267267,,,
01/01/1971,0.740204612,0.740204612,0.740204612,0.740204612,0.740204612,0.740204612,,,
02/01/1971,0.739011006,0.739011006,0.739011006,0.739011006,0.739011006,0.739011006,,,
03/01/1971,0.733865881,0.733865881,0.733865881,0.733865881,0.733865881,0.733865881,,,
04/01/1971,0.728426641,0.728426641,0.728426641,0.728426641,0.728426641,0.728426641,,,
05/01/1971,0.726846243,0.726846243,0.726846243,0.726846243,0.726846243,0.726846243,,,
06/01/1971,0.7270129,0.7270129,0.7270129,0.7270129,0.7270129,0.7270129,,,
07/01/1971,0.732122406,0.732122406,0.732122406,0.732122406,0.732122406,0.732122406,,,
08/01/1971,0.736448527,0.736448527,0.736448527,0.736448527,0.736448527,0.736448527,,,
09/01/1971,0.737834724,0.737834724,0.737834724,0.737834724,0.737834724,0.737834724,,,
10/01/1971,0.737587362,0.737587362,0.737587362,0.737587362,0.737587362,0.737587362,,,
11/01/1971,0.738912387,0.738912387,0.738912387,0.738912387,0.738912387,0.738912387,,,
12/01/1971,0.742274531,0.742274531,0.742274531,0.742274531,0.742274531,0.742274531,,,
01/01/1972,0.744841056,0.744841056,0.744841056,0.744841056,0.744841056,0.744841056,,,
02/01/1972,0.742338089,0.742338089,0.742338089,0.742338089,0.742338089,0.742338089,,,
03/01/1972,0.738630462,0.738630462,0.738630462,0.738630462,0.738630462,0.738630462,,,
04/01/1972,0.734301386,0.734301386,0.734301386,0.734301386,0.734301386,0.734301386,,,
05/01/1972,0.735747645,0.735747645,0.735747645,0.735747645,0.735747645,0.735747645,,,
06/01/1972,0.73570827,0.73570827,0.73570827,0.73570827,0.73570827,0.73570827,,,
07/01/1972,0.733631283,0.733631283,0.733631283,0.733631283,0.733631283,0.733631283,,,
08/01/1972,0.731979119,0.731979119,0.731979119,0.731979119,0.731979119,0.731979119,,,
09/01/1972,0.72431516,0.72431516,0.72431516,0.72431516,0.72431516,0.72431516,,,
10/01/1972,0.722160393,0.722160393,0.722160393,0.722160393,0.722160393,0.722160393,,,
11/01/1972,0.7176775,0.7176775,0.7176775,0.7176775,0.7176775,0.7176775,,,
12/01/1972,0.71755977,0.71755977,0.71755977,0.71755977,0.71755977,0.71755977,,,
01/01/1973,0.716682499,0.716682499,0.716682499,0.716682499,0.716682499,0.716682499,,,
02/01/1973,0.715795031,0.715795031,0.715795031,0.715795031,0.715795031,0.715795031,,,
03/01/1973,0.718120888,0.718120888,0.718120888,0.718120888,0.718120888,0.718120888,,,
04/01/1973,0.719981175,0.719981175,0.719981175,0.719981175,0.719981175,0.719981175,,,
05/01/1973,0.719846879,0.719846879,0.719846879,0.719846879,0.719846879,0.719846879,,,
06/01/1973,0.720584556,0.720584556,0.720584556,0.720584556,0.720584556,0.720584556,,,
07/01/1973,0.719949096,0.719949096,0.719949096,0.719949096,0.719949096,0.719949096,,,
08/01/1973,0.72216041,0.72216041,0.72216041,0.72216041,0.72216041,0.72216041,,,
09/01/1973,0.718842823,0.718842823,0.718842823,0.718842823,0.718842823,0.718842823,,,
10/01/1973,0.721222266,0.721222266,0.721222266,0.721222266,0.721222266,0.721222266,,,
11/01/1973,0.720538949,0.720538949,0.720538949,0.720538949,0.720538949,0.720538949,,,
12/01/1973,0.72310855,0.72310855,0.72310855,0.72310855,0.72310855,0.72310855,,,
01/01/1974,0.723922446,0.723922446,0.723922446,0.723922446,0.723922446,0.723922446,,,
02/01/1974,0.719395434,0.719395434,0.719395434,0.719395434,0.719395434,0.719395434,,,
03/01/1974,0.717632758,0.717632758,0.717632758,0.717632758,0.717632758,0.717632758,,,
04/01/1974,0.7188593,0.7188593,0.7188593,0.7188593,0.7188593,0.7188593,,,
05/01/1974,0.718531846,0.718531846,0.718531846,0.718531846,0.718531846,0.718531846,,,
06/01/1974,0.717206318,0.717206318,0.717206318,0.717206318,0.717206318,0.717206318,,,
07/01/1974,0.7184434,0.7184434,0.7184434,0.7184434,0.7184434,0.7184434,,,
08/01/1974,0.717430318,0.717430318,0.717430318,0.717430318,0.717430318,0.717430318,,,
09/01/1974,0.719153512,0.719153512,0.719153512,0.719153512,0.719153512,0.719153512,,,
10/01/1974,0.721875779,0.721875779,0.721875779,0.721875779,0.721875779,0.721875779,,,
11/01/1974,0.723174999,0.723174999,0.723174999,0.723174999,0.723174999,0.723174999,,,
12/01/1974,0.728425808,0.728425808,0.728425808,0.728425808,0.728425808,0.728425808,,,
01/01/1975,0.730174803,0.730174803,0.730174803,0.730174803,0.730174803,0.730174803,,,
02/01/1975,0.732066569,0.732066569,0.732066569,0.732066569,0.732066569,0.732066569,,,
03/01/1975,0.731319754,0.731319754,0.731319754,0.731319754,0.731319754,0.731319754,,,
04/01/1975,0.73344819,0.73344819,0.73344819,0.73344819,0.73344819,0.73344819,,,
05/01/1975,0.734085037,0.734085037,0.734085037,0.734085037,0.734085037,0.734085037,,,
06/01/1975,0.734174566,0.734174566,0.734174566,0.734174566,0.734174566,0.734174566,,,
07/01/1975,0.734158805,0.734158805,0.734158805,0.734158805,0.734158805,0.734158805,,,
08/01/1975,0.737751189,0.737751189,0.737751189,0.737751189,0.737751189,0.737751189,,,
09/01/1975,0.738079587,0.738079587,0.738079587,0.738079587,0.738079587,0.738079587,,,
10/01/1975,0.739247078,0.739247078,0.739247078,0.739247078,0.739247078,0.739247078,,,
11/01/1975,0.738997855,0.738997855,0.738997855,0.738997855,0.738997855,0.738997855,,,
12/01/1975,0.740616016,0.740616016,0.740616016,0.740616016,0.740616016,0.740616016,,,
01/01/1976,0.738581542,0.738581542,0.738581542,0.738581542,0.738581542,0.738581542,,,
02/01/1976,0.738461555,0.738461555,0.738461555,0.738461555,0.738461555,0.738461555,,,
03/01/1976,0.738365555,0.738365555,0.738365555,0.738365555,0.738365555,0.738365555,,,
04/01/1976,0.736575215,0.736575215,0.736575215,0.736575215,0.736575215,0.736575215,,,
05/01/1976,0.738751468,0.738751468,0.738751468,0.738751468,0.738751468,0.738751468,,,
06/01/1976,0.73769819,0.73769819,0.73769819,0.73769819,0.73769819,0.73769819,,,
07/01/1976,0.73778414,0.73778414,0.73778414,0.73778414,0.73778414,0.73778414,,,
08/01/1976,0.741510514,0.741510514,0.741510514,0.741510514,0.741510514,0.741510514,,,
09/01/1976,0.745072804,0.745072804,0.745072804,0.745072804,0.745072804,0.745072804,,,
10/01/1976,0.749404237,0.749404237,0.749404237,0.749404237,0.749404237,0.749404237,,,
11/01/1976,0.753499767,0.753499767,0.753499767,0.753499767,0.753499767,0.753499767,,,
12/01/1976,0.760364694,0.760364694,0.760364694,0.760364694,0.760364694,0.760364694,,,
01/01/1977,0.763566435,0.763566435,0.763566435,0.763566435,0.763566435,0.763566435,,,
02/01/1977,0.766176401,0.766176401,0.766176401,0.766176401,0.766176401,0.766176401,,,
03/01/1977,0.768252267,0.768252267,0.768252267,0.768252267,0.768252267,0.768252267,,,
04/01/1977,0.771677135,0.771677135,0.771677135,0.771677135,0.771677135,0.771677135,,,
05/01/1977,0.774678882,0.774678882,0.774678882,0.774678882,0.774678882,0.774678882,,,
06/01/1977,0.777000668,0.777000668,0.777000668,0.777000668,0.777000668,0.777000668,,,
07/01/1977,0.781628961,0.781628961,0.781628961,0.781628961,0.781628961,0.781628961,,,
08/01/1977,0.78658906,0.78658906,0.78658906,0.78658906,0.78658906,0.78658906,,,
09/01/1977,0.791093365,0.791093365,0.791093365,0.791093365,0.791093365,0.791093365,,,
10/01/1977,0.793075277,0.793075277,0.793075277,0.793075277,0.793075277,0.793075277,,,
11/01/1977,0.796660593,0.796660593,0.796660593,0.796660593,0.796660593,0.796660593,,,
12/01/1977,0.800092471,0.800092471,0.800092471,0.800092471,0.800092471,0.800092471,,,
01/01/1978,0.800520185,0.800520185,0.800520185,0.800520185,0.800520185,0.800520185,,,
02/01/1978,0.804918165,0.804918165,0.804918165,0.804918165,0.804918165,0.804918165,,,
03/01/1978,0.808505384,0.808505384,0.808505384,0.808505384,0.808505384,0.808505384,,,
04/01/1978,0.813935033,0.813935033,0.813935033,0.813935033,0.813935033,0.813935033,,,
05/01/1978,0.81636895,0.81636895,0.81636895,0.81636895,0.81636895,0.81636895,,,
06/01/1978,0.818570341,0.818570341,0.818570341,0.818570341,0.818570341,0.818570341,,,
07/01/1978,0.820789546,0.820789546,0.820789546,0.820789546,0.820789546,0.820789546,,,
08/01/1978,0.823160319,0.823160319,0.823160319,0.823160319,0.823160319,0.823160319,,,
09/01/1978,0.823602244,0.823602244,0.823602244,0.823602244,0.823602244,0.823602244,,,
10/01/1978,0.825442727,0.825442727,0.825442727,0.825442727,0.825442727,0.825442727,,,
11/01/1978,0.822772035,0.822772035,0.822772035,0.822772035,0.822772035,0.822772035,,,
12/01/1978,0.824497091,0.824497091,0.824497091,0.824497091,0.824497091,0.824497091,,,
01/01/1979,0.822997677,0.822997677,0.822997677,0.822997677,0.822997677,0.822997677,,,
02/01/1979,0.82533444,0.82533444,0.82533444,0.82533444,0.82533444,0.82533444,,,
03/01/1979,0.825969212,0.825969212,0.825969212,0.825969212,0.825969212,0.825969212,,,
04/01/1979,0.827379049,0.827379049,0.827379049,0.827379049,0.827379049,0.827379049,,,
05/01/1979,0.825451646,0.825451646,0.825451646,0.825451646,0.825451646,0.825451646,,,
06/01/1979,0.825488558,0.825488558,0.825488558,0.825488558,0.825488558,0.825488558,,,
07/01/1979,0.825010855,0.825010855,0.825010855,0.825010855,0.825010855,0.825010855,,,
08/01/1979,0.824541767,0.824541767,0.824541767,0.824541767,0.824541767,0.824541767,,,
09/01/1979,0.823695715,0.823695715,0.823695715,0.823695715,0.823695715,0.823695715,,,
10/01/1979,0.821161396,0.821161396,0.821161396,0.821161396,0.821161396,0.821161396,,,
11/01/1979,0.818277966,0.818277966,0.818277966,0.818277966,0.818277966,0.818277966,,,
12/01/1979,0.817304595,0.817304595,0.817304595,0.817304595,0.817304595,0.817304595,,,
01/01/1980,0.815916406,0.815916406,0.815916406,0.815916406,0.815916406,0.815916406,,,
02/01/1980,0.814576577,0.814576577,0.814576577,0.814576577,0.814576577,0.814576577,,,
03/01/1980,0.816297281,0.816297281,0.816297281,0.816297281,0.816297281,0.816297281,,,
04/01/1980,0.817347761,0.817347761,0.817347761,0.817347761,0.817347761,0.817347761,,,
05/01/1980,0.81611204,0.81611204,0.81611204,0.81611204,0.81611204,0.81611204,,,
06/01/1980,0.812850291,0.812850291,0.812850291,0.812850291,0.812850291,0.812850291,,,
07/01/1980,0.81315613,0.81315613,0.81315613,0.81315613,0.81315613,0.81315613,,,
08/01/1980,0.81121377,0.81121377,0.81121377,0.81121377,0.81121377,0.81121377,,,
09/01/1980,0.809517564,0.809517564,0.809517564,0.809517564,0.809517564,0.809517564,,,
10/01/1980,0.807078071,0.807078071,0.807078071,0.807078071,0.807078071,0.807078071,,,
11/01/1980,0.803410062,0.803410062,0.803410062,0.803410062,0.803410062,0.803410062,,,
12/01/1980,0.802996035,0.802996035,0.802996035,0.802996035,0.802996035,0.802996035,,,
01/01/1981,0.800493114,0.800493114,0.800493114,0.800493114,0.800493114,0.800493114,,,
02/01/1981,0.801806466,0.801806466,0.801806466,0.801806466,0.801806466,0.801806466,,,
03/01/1981,0.800790232,0.800790232,0.800790232,0.800790232,0.800790232,0.800790232,,,
04/01/1981,0.799369243,0.799369243,0.799369243,0.799369243,0.799369243,0.799369243,,,
05/01/1981,0.79325034,0.79325034,0.79325034,0.79325034,0.79325034,0.79325034,,,
06/01/1981,0.785351121,0.785351121,0.785351121,0.785351121,0.785351121,0.785351121,,,
07/01/1981,0.780544462,0.780544462,0.780544462,0.780544462,0.780544462,0.780544462,,,
08/01/1981,0.776388878,0.776388878,0.776388878,0.776388878,0.776388878,0.776388878,,,
09/01/1981,0.770984235,0.770984235,0.770984235,0.770984235,0.770984235,0.770984235,,,
10/01/1981,0.769008579,0.769008579,0.769008579,0.769008579,0.769008579,0.769008579,,,
11/01/1981,0.764086538,0.764086538,0.764086538,0.764086538,0.764086538,0.764086538,,,
12/01/1981,0.760546253,0.760546253,0.760546253,0.760546253,0.760546253,0.760546253,,,
01/01/1982,0.757204584,0.757204584,0.757204584,0.757204584,0.757204584,0.757204584,,,
02/01/1982,0.753368185,0.753368185,0.753368185,0.753368185,0.753368185,0.753368185,,,
03/01/1982,0.748645691,0.748645691,0.748645691,0.748645691,0.748645691,0.748645691,,,
04/01/1982,0.746171147,0.746171147,0.746171147,0.746171147,0.746171147,0.746171147,,,
05/01/1982,0.746841095,0.746841095,0.746841095,0.746841095,0.746841095,0.746841095,,,
06/01/1982,0.74785539,0.74785539,0.74785539,0.74785539,0.74785539,0.74785539,,,
07/01/1982,0.746296923,0.746296923,0.746296923,0.746296923,0.746296923,0.746296923,,,
08/01/1982,0.748466223,0.748466223,0.748466223,0.748466223,0.748466223,0.748466223,,,
09/01/1982,0.751437102,0.751437102,0.751437102,0.751437102,0.751437102,0.751437102,,,
10/01/1982,0.751578946,0.751578946,0.751578946,0.751578946,0.751578946,0.751578946,,,
11/01/1982,0.74957109,0.74957109,0.74957109,0.74957109,0.74957109,0.74957109,,,
12/01/1982,0.748012148,0.748012148,0.748012148,0.748012148,0.748012148,0.748012148,,,
01/01/1983,0.748748343,0.748748343,0.748748343,0.748748343,0.748748343,0.748748343,,,
02/01/1983,0.747818581,0.747818581,0.747818581,0.747818581,0.747818581,0.747818581,,,
03/01/1983,0.748899073,0.748899073,0.748899073,0.748899073,0.748899073,0.748899073,,,
04/01/1983,0.75176295,0.75176295,0.75176295,0.75176295,0.75176295,0.75176295,,,
05/01/1983,0.754685796,0.754685796,0.754685796,0.754685796,0.754685796,0.754685796,,,
06/01/1983,0.754901004,0.754901004,0.754901004,0.754901004,0.754901004,0.754901004,,,
07/01/1983,0.754729951,0.754729951,0.754729951,0.754729951,0.754729951,0.754729951,,,
08/01/1983,0.754652924,0.754652924,0.754652924,0.754652924,0.754652924,0.754652924,,,
09/01/1983,0.755103182,0.755103182,0.755103182,0.755103182,0.755103182,0.755103182,,,
10/01/1983,0.75613628,0.75613628,0.75613628,0.75613628,0.75613628,0.75613628,,,
11/01/1983,0.75766164,0.75766164,0.75766164,0.75766164,0.75766164,0.75766164,,,
12/01/1983,0.757624117,0.757624117,0.757624117,0.757624117,0.757624117,0.757624117,,,
01/01/1984,0.756886079,0.756886079,0.756886079,0.756886079,0.756886079,0.756886079,,,
02/01/1984,0.755882398,0.755882398,0.755882398,0.755882398,0.755882398,0.755882398,,,
03/01/1984,0.752689661,0.752689661,0.752689661,0.752689661,0.752689661,0.752689661,,,
04/01/1984,0.750767797,0.750767797,0.750767797,0.750767797,0.750767797,0.750767797,,,
05/01/1984,0.748181378,0.748181378,0.748181378,0.748181378,0.748181378,0.748181378,,,
06/01/1984,0.745722268,0.745722268,0.745722268,0.745722268,0.745722268,0.745722268,,,
07/01/1984,0.743198664,0.743198664,0.743198664,0.743198664,0.743198664,0.743198664,,,
08/01/1984,0.733957322,0.733957322,0.733957322,0.733957322,0.733957322,0.733957322,,,
09/01/1984,0.727099692,0.727099692,0.727099692,0.727099692,0.727099692,0.727099692,,,
10/01/1984,0.719016554,0.719016554,0.719016554,0.719016554,0.719016554,0.719016554,,,
11/01/1984,0.705544766,0.705544766,0.705544766,0.705544766,0.705544766,0.705544766,,,
12/01/1984,0.696510618,0.696510618,0.696510618,0.696510618,0.696510618,0.696510618,,,
01/01/1985,0.69568184,0.69568184,0.69568184,0.69568184,0.69568184,0.69568184,,,
02/01/1985,0.693172801,0.693172801,0.693172801,0.693172801,0.693172801,0.693172801,,,
03/01/1985,0.693736329,0.693736329,0.693736329,0.693736329,0.693736329,0.693736329,,,
04/01/1985,0.689321698,0.689321698,0.689321698,0.689321698,0.689321698,0.689321698,,,
05/01/1985,0.6870976,0.6870976,0.6870976,0.6870976,0.6870976,0.6870976,,,
06/01/1985,0.686190488,0.686190488,0.686190488,0.686190488,0.686190488,0.686190488,,,
07/01/1985,0.686106585,0.686106585,0.686106585,0.686106585,0.686106585,0.686106585,,,
08/01/1985,0.688288878,0.688288878,0.688288878,0.688288878,0.688288878,0.688288878,,,
09/01/1985,0.690016158,0.690016158,0.690016158,0.690016158,0.690016158,0.690016158,,,
10/01/1985,0.689342368,0.689342368,0.689342368,0.689342368,0.689342368,0.689342368,,,
11/01/1985,0.690929525,0.690929525,0.690929525,0.690929525,0.690929525,0.690929525,,,
12/01/1985,0.690334264,0.690334264,0.690334264,0.690334264,0.690334264,0.690334264,,,
01/01/1986,0.691964643,0.691964643,0.691964643,0.691964643,0.691964643,0.691964643,,,
02/01/1986,0.699476134,0.699476134,0.699476134,0.699476134,0.699476134,0.699476134,,,
03/01/1986,0.702332082,0.702332082,0.702332082,0.702332082,0.702332082,0.702332082,,,
04/01/1986,0.703633629,0.703633629,0.703633629,0.703633629,0.703633629,0.703633629,,,
05/01/1986,0.705852398,0.705852398,0.705852398,0.705852398,0.705852398,0.705852398,,,
06/01/1986,0.704684402,0.704684402,0.704684402,0.704684402,0.704684402,0.704684402,,,
07/01/1986,0.708038296,0.708038296,0.708038296,0.708038296,0.708038296,0.708038296,,,
08/01/1986,0.709363722,0.709363722,0.709363722,0.709363722,0.709363722,0.709363722,,,
09/01/1986,0.708686447,0.708686447,0.708686447,0.708686447,0.708686447,0.708686447,,,
10/01/1986,0.706543619,0.706543619,0.706543619,0.706543619,0.706543619,0.706543619,,,
11/01/1986,0.707713154,0.707713154,0.707713154,0.707713154,0.707713154,0.707713154,,,
12/01/1986,0.708036937,0.708036937,0.708036937,0.708036937,0.708036937,0.708036937,,,
01/01/1987,0.705926035,0.705926035,0.705926035,0.705926035,0.705926035,0.705926035,,,
02/01/1987,0.705324167,0.705324167,0.705324167,0.705324167,0.705324167,0.705324167,,,
03/01/1987,0.705624745,0.705624745,0.705624745,0.705624745,0.705624745,0.705624745,,,
04/01/1987,0.704672875,0.704672875,0.704672875,0.704672875,0.704672875,0.704672875,,,
05/01/1987,0.704774926,0.704774926,0.704774926,0.704774926,0.704774926,0.704774926,,,
06/01/1987,0.704422812,0.704422812,0.704422812,0.704422812,0.704422812,0.704422812,,,
07/01/1987,0.700355936,0.700355936,0.700355936,0.700355936,0.700355936,0.700355936,,,
08/01/1987,0.702838858,0.702838858,0.702838858,0.702838858,0.702838858,0.702838858,,,
09/01/1987,0.706854951,0.706854951,0.706854951,0.706854951,0.706854951,0.706854951,,,
10/01/1987,0.713406632,0.713406632,0.713406632,0.713406632,0.713406632,0.713406632,,,
11/01/1987,0.713091039,0.713091039,0.713091039,0.713091039,0.713091039,0.713091039,,,
12/01/1987,0.715954779,0.715954779,0.715954779,0.715954779,0.715954779,0.715954779,,,
01/01/1988,0.71762826,0.71762826,0.71762826,0.71762826,0.71762826,0.71762826,,,
02/01/1988,0.724695782,0.724695782,0.724695782,0.724695782,0.724695782,0.724695782,,,
03/01/1988,0.727183616,0.727183616,0.727183616,0.727183616,0.727183616,0.727183616,,,
04/01/1988,0.731624578,0.731624578,0.731624578,0.731624578,0.731624578,0.731624578,,,
05/01/1988,0.729640033,0.729640033,0.729640033,0.729640033,0.729640033,0.729640033,,,
06/01/1988,0.735895134,0.735895134,0.735895134,0.735895134,0.735895134,0.735895134,,,
07/01/1988,0.743954251,0.743954251,0.743954251,0.743954251,0.743954251,0.743954251,,,
08/01/1988,0.753570956,0.753570956,0.753570956,0.753570956,0.753570956,0.753570956,,,
09/01/1988,0.760097798,0.760097798,0.760097798,0.760097798,0.760097798,0.760097798,,,
10/01/1988,0.765804149,0.765804149,0.765804149,0.765804149,0.765804149,0.765804149,,,
11/01/1988,0.769871903,0.769871903,0.769871903,0.769871903,0.769871903,0.769871903,,,
12/01/1988,0.769734814,0.769734814,0.769734814,0.769734814,0.769734814,0.769734814,,,
01/01/1989,0.768029424,0.768029424,0.768029424,0.768029424,0.768029424,0.768029424,,,
02/01/1989,0.77399529,0.77399529,0.77399529,0.77399529,0.77399529,0.77399529,,,
03/01/1989,0.777772478,0.777772478,0.777772478,0.777772478,0.777772478,0.777772478,,,
04/01/1989,0.780904167,0.780904167,0.780904167,0.780904167,0.780904167,0.780904167,,,
05/01/1989,0.788587822,0.788587822,0.788587822,0.788587822,0.788587822,0.788587822,,,
06/01/1989,0.791747315,0.791747315,0.791747315,0.791747315,0.791747315,0.791747315,,,
07/01/1989,0.792891154,0.792891154,0.792891154,0.792891154,0.792891154,0.792891154,,,
08/01/1989,0.791624851,0.791624851,0.791624851,0.791624851,0.791624851,0.791624851,,,
09/01/1989,0.790776657,0.790776657,0.790776657,0.790776657,0.790776657,0.790776657,,,
10/01/1989,0.789370667,0.789370667,0.789370667,0.789370667,0.789370667,0.789370667,,,
11/01/1989,0.790577631,0.790577631,0.790577631,0.790577631,0.790577631,0.790577631,,,
12/01/1989,0.788639221,0.788639221,0.788639221,0.788639221,0.788639221,0.788639221,,,
01/01/1990,0.789480354,0.789480354,0.789480354,0.789480354,0.789480354,0.789480354,,,
02/01/1990,0.789821659,0.789821659,0.789821659,0.789821659,0.789821659,0.789821659,,,
03/01/1990,0.79102931,0.79102931,0.79102931,0.79102931,0.79102931,0.79102931,,,
04/01/1990,0.792058842,0.792058842,0.792058842,0.792058842,0.792058842,0.792058842,,,
05/01/1990,0.793568353,0.793568353,0.793568353,0.793568353,0.793568353,0.793568353,,,
06/01/1990,0.795560415,0.795560415,0.795560415,0.795560415,0.795560415,0.795560415,,,
07/01/1990,0.795890649,0.795890649,0.795890649,0.795890649,0.795890649,0.795890649,,,
08/01/1990,0.797142259,0.797142259,0.797142259,0.797142259,0.797142259,0.797142259,,,
09/01/1990,0.794902636,0.794902636,0.794902636,0.794902636,0.794902636,0.794902636,,,
10/01/1990,0.793595518,0.793595518,0.793595518,0.793595518,0.793595518,0.793595518,,,
11/01/1990,0.788733936,0.788733936,0.788733936,0.788733936,0.788733936,0.788733936,,,
12/01/1990,0.785963968,0.785963968,0.785963968,0.785963968,0.785963968,0.785963968,,,
01/01/1991,0.786949697,0.786949697,0.786949697,0.786949697,0.786949697,0.786949697,,,
02/01/1991,0.784970905,0.784970905,0.784970905,0.784970905,0.784970905,0.784970905,,,
03/01/1991,0.784988455,0.784988455,0.784988455,0.784988455,0.784988455,0.784988455,,,
04/01/1991,0.782894452,0.782894452,0.782894452,0.782894452,0.782894452,0.782894452,,,
05/01/1991,0.783456745,0.783456745,0.783456745,0.783456745,0.783456745,0.783456745,,,
06/01/1991,0.783895816,0.783895816,0.783895816,0.783895816,0.783895816,0.783895816,,,
07/01/1991,0.784002315,0.784002315,0.784002315,0.784002315,0.784002315,0.784002315,,,
08/01/1991,0.783955036,0.783955036,0.783955036,0.783955036,0.783955036,0.783955036,,,
09/01/1991,0.78039417,0.78039417,0.78039417,0.78039417,0.78039417,0.78039417,,,
10/01/1991,0.778123014,0.778123014,0.778123014,0.778123014,0.778123014,0.778123014,,,
11/01/1991,0.776460695,0.776460695,0.776460695,0.776460695,0.776460695,0.776460695,,,
12/01/1991,0.776517603,0.776517603,0.776517603,0.776517603,0.776517603,0.776517603,,,
01/01/1992,0.77456022,0.77456022,0.77456022,0.77456022,0.77456022,0.77456022,,,
02/01/1992,0.774570353,0.774570353,0.774570353,0.774570353,0.774570353,0.774570353,,,
03/01/1992,0.773971457,0.773971457,0.773971457,0.773971457,0.773971457,0.773971457,,,
04/01/1992,0.772770351,0.772770351,0.772770351,0.772770351,0.772770351,0.772770351,,,
05/01/1992,0.771644743,0.771644743,0.771644743,0.771644743,0.771644743,0.771644743,,,
06/01/1992,0.768414834,0.768414834,0.768414834,0.768414834,0.768414834,0.768414834,,,
07/01/1992,0.766277327,0.766277327,0.766277327,0.766277327,0.766277327,0.766277327,,,
08/01/1992,0.764811849,0.764811849,0.764811849,0.764811849,0.764811849,0.764811849,,,
09/01/1992,0.763493515,0.763493515,0.763493515,0.763493515,0.763493515,0.763493515,,,
10/01/1992,0.764396387,0.764396387,0.764396387,0.764396387,0.764396387,0.764396387,,,
11/01/1992,0.765749971,0.765749971,0.765749971,0.765749971,0.765749971,0.765749971,,,
12/01/1992,0.769229547,0.769229547,0.769229547,0.769229547,0.769229547,0.769229547,,,
01/01/1993,0.78355679,0.78355679,0.78355679,0.78355679,0.78355679,0.78355679,,,
02/01/1993,0.810724551,0.810724551,0.810724551,0.810724551,0.810724551,0.810724551,,,
03/01/1993,0.827418766,0.827418766,0.827418766,0.827418766,0.827418766,0.827418766,,,
04/01/1993,0.848166446,0.848166446,0.848166446,0.848166446,0.848166446,0.848166446,,,
05/01/1993,0.865180954,0.865180954,0.865180954,0.865180954,0.865180954,0.865180954,,,
06/01/1993,0.87848934,0.87848934,0.87848934,0.87848934,0.87848934,0.87848934,,,
07/01/1993,0.89013527,0.89013527,0.89013527,0.89013527,0.89013527,0.89013527,,,
08/01/1993,0.896212883,0.896212883,0.896212883,0.896212883,0.896212883,0.896212883,,,
09/01/1993,0.903825405,0.903825405,0.903825405,0.903825405,0.903825405,0.903825405,,,
10/01/1993,0.908392722,0.908392722,0.908392722,0.908392722,0.908392722,0.908392722,,,
11/01/1993,0.914257126,0.914257126,0.914257126,0.914257126,0.914257126,0.914257126,,,
12/01/1993,0.915866491,0.915866491,0.915866491,0.915866491,0.915866491,0.915866491,,,
01/01/1994,0.917884768,0.917884768,0.917884768,0.917884768,0.917884768,0.917884768,,,
02/01/1994,0.919250649,0.919250649,0.919250649,0.919250649,0.919250649,0.919250649,,,
03/01/1994,0.922746248,0.922746248,0.922746248,0.922746248,0.922746248,0.922746248,,,
04/01/1994,0.92019133,0.92019133,0.92019133,0.92019133,0.92019133,0.92019133,,,
05/01/1994,0.922639577,0.922639577,0.922639577,0.922639577,0.922639577,0.922639577,,,
06/01/1994,0.92072734,0.92072734,0.92072734,0.92072734,0.92072734,0.92072734,,,
07/01/1994,0.920304684,0.920304684,0.920304684,0.920304684,0.920304684,0.920304684,,,
08/01/1994,0.917719439,0.917719439,0.917719439,0.917719439,0.917719439,0.917719439,,,
09/01/1994,0.916303536,0.916303536,0.916303536,0.916303536,0.916303536,0.916303536,,,
10/01/1994,0.913653988,0.913653988,0.913653988,0.913653988,0.913653988,0.913653988,,,
11/01/1994,0.911133977,0.911133977,0.911133977,0.911133977,0.911133977,0.911133977,,,
12/01/1994,0.911134093,0.911134093,0.911134093,0.911134093,0.911134093,0.911134093,,,
01/01/1995,0.910739801,0.910739801,0.910739801,0.910739801,0.910739801,0.910739801,,,
02/01/1995,0.910360248,0.910360248,0.910360248,0.910360248,0.910360248,0.910360248,,,
03/01/1995,0.911560178,0.911560178,0.911560178,0.911560178,0.911560178,0.911560178,,,
04/01/1995,0.913361253,0.913361253,0.913361253,0.913361253,0.913361253,0.913361253,,,
05/01/1995,0.915252278,0.915252278,0.915252278,0.915252278,0.915252278,0.915252278,,,
06/01/1995,0.917761362,0.917761362,0.917761362,0.917761362,0.917761362,0.917761362,,,
07/01/1995,0.917350175,0.917350175,0.917350175,0.917350175,0.917350175,0.917350175,,,
08/01/1995,0.921848564,0.921848564,0.921848564,0.921848564,0.921848564,0.921848564,,,
09/01/1995,0.922495888,0.922495888,0.922495888,0.922495888,0.922495888,0.922495888,,,
10/01/1995,0.924814313,0.924814313,0.924814313,0.924814313,0.924814313,0.924814313,,,
11/01/1995,0.925541926,0.925541926,0.925541926,0.925541926,0.925541926,0.925541926,,,
12/01/1995,0.923807957,0.923807957,0.923807957,0.923807957,0.923807957,0.923807957,,,
01/01/1996,0.922923935,0.922923935,0.922923935,0.922923935,0.922923935,0.922923935,,,
02/01/1996,0.921452044,0.921452044,0.921452044,0.921452044,0.921452044,0.921452044,,,
03/01/1996,0.921018636,0.921018636,0.921018636,0.921018636,0.921018636,0.921018636,,,
04/01/1996,0.919888642,0.919888642,0.919888642,0.919888642,0.919888642,0.919888642,,,
05/01/1996,0.919309144,0.919309144,0.919309144,0.919309144,0.919309144,0.919309144,,,
06/01/1996,0.920269614,0.920269614,0.920269614,0.920269614,0.920269614,0.920269614,,,
07/01/1996,0.922344889,0.922344889,0.922344889,0.922344889,0.922344889,0.922344889,,,
08/01/1996,0.921557092,0.921557092,0.921557092,0.921557092,0.921557092,0.921557092,,,
09/01/1996,0.921603177,0.921603177,0.921603177,0.921603177,0.921603177,0.921603177,,,
10/01/1996,0.920345253,0.920345253,0.920345253,0.920345253,0.920345253,0.920345253,,,
11/01/1996,0.919124356,0.919124356,0.919124356,0.919124356,0.919124356,0.919124356,,,
12/01/1996,0.916824671,0.916824671,0.916824671,0.916824671,0.916824671,0.916824671,,,
01/01/1997,0.911407399,0.911407399,0.911407399,0.911407399,0.911407399,0.911407399,,,
02/01/1997,0.90614739,0.90614739,0.90614739,0.90614739,0.90614739,0.90614739,,,
03/01/1997,0.901938089,0.901938089,0.901938089,0.901938089,0.901938089,0.901938089,,,
04/01/1997,0.896741014,0.896741014,0.896741014,0.896741014,0.896741014,0.896741014,,,
05/01/1997,0.892103854,0.892103854,0.892103854,0.892103854,0.892103854,0.892103854,,,
06/01/1997,0.884802139,0.884802139,0.884802139,0.884802139,0.884802139,0.884802139,,,
07/01/1997,0.876371241,0.876371241,0.876371241,0.876371241,0.876371241,0.876371241,,,
08/01/1997,0.865991171,0.865991171,0.865991171,0.865991171,0.865991171,0.865991171,,,
09/01/1997,0.858750701,0.858750701,0.858750701,0.858750701,0.858750701,0.858750701,,,
10/01/1997,0.848887593,0.848887593,0.848887593,0.848887593,0.848887593,0.848887593,,,
11/01/1997,0.838731696,0.838731696,0.838731696,0.838731696,0.838731696,0.838731696,,,
12/01/1997,0.828433388,0.828433388,0.828433388,0.828433388,0.828433388,0.828433388,,,
01/01/1998,0.821127098,0.821127098,0.821127098,0.821127098,0.821127098,0.821127098,,,
02/01/1998,0.812719023,0.812719023,0.812719023,0.812719023,0.812719023,0.812719023,,,
03/01/1998,0.80625282,0.80625282,0.80625282,0.80625282,0.80625282,0.80625282,,,
04/01/1998,0.799868495,0.799868495,0.799868495,0.799868495,0.799868495,0.799868495,,,
05/01/1998,0.794910833,0.794910833,0.794910833,0.794910833,0.794910833,0.794910833,,,
06/01/1998,0.788257651,0.788257651,0.788257651,0.788257651,0.788257651,0.788257651,,,
07/01/1998,0.786476949,0.786476949,0.786476949,0.786476949,0.786476949,0.786476949,,,
08/01/1998,0.782411078,0.782411078,0.782411078,0.782411078,0.782411078,0.782411078,,,
09/01/1998,0.775748954,0.775748954,0.775748954,0.775748954,0.775748954,0.775748954,,,
10/01/1998,0.772801969,0.772801969,0.772801969,0.772801969,0.772801969,0.772801969,,,
11/01/1998,0.766274896,0.766274896,0.766274896,0.766274896,0.766274896,0.766274896,,,
12/01/1998,0.760579185,0.760579185,0.760579185,0.760579185,0.760579185,0.760579185,,,
01/01/1999,0.753380005,0.753380005,0.753380005,0.753380005,0.753380005,0.753380005,,,
02/01/1999,0.750233636,0.750233636,0.750233636,0.750233636,0.750233636,0.750233636,,,
03/01/1999,0.745027833,0.745027833,0.745027833,0.745027833,0.745027833,0.745027833,,,
04/01/1999,0.74086459,0.74086459,0.74086459,0.74086459,0.74086459,0.74086459,,,
05/01/1999,0.739387704,0.739387704,0.739387704,0.739387704,0.739387704,0.739387704,,,
06/01/1999,0.73732153,0.73732153,0.73732153,0.73732153,0.73732153,0.73732153,,,
07/01/1999,0.735077287,0.735077287,0.735077287,0.735077287,0.735077287,0.735077287,,,
08/01/1999,0.732548447,0.732548447,0.732548447,0.732548447,0.732548447,0.732548447,,,
09/01/1999,0.731809333,0.731809333,0.731809333,0.731809333,0.731809333,0.731809333,,,
10/01/1999,0.729976938,0.729976938,0.729976938,0.729976938,0.729976938,0.729976938,,,
11/01/1999,0.727787536,0.727787536,0.727787536,0.727787536,0.727787536,0.727787536,,,
12/01/1999,0.724887446,0.724887446,0.724887446,0.724887446,0.724887446,0.724887446,,,
01/01/2000,0.723879633,0.723879633,0.723879633,0.723879633,0.723879633,0.723879633,,,
02/01/2000,0.722358397,0.722358397,0.722358397,0.722358397,0.722358397,0.722358397,,,
03/01/2000,0.724058543,0.724058543,0.724058543,0.724058543,0.724058543,0.724058543,,,
04/01/2000,0.723823758,0.723823758,0.723823758,0.723823758,0.723823758,0.723823758,,,
05/01/2000,0.72458884,0.72458884,0.72458884,0.72458884,0.72458884,0.72458884,,,
06/01/2000,0.724578896,0.724578896,0.724578896,0.724578896,0.724578896,0.724578896,,,
07/01/2000,0.724802319,0.724802319,0.724802319,0.724802319,0.724802319,0.724802319,,,
08/01/2000,0.724055339,0.724055339,0.724055339,0.724055339,0.724055339,0.724055339,,,
09/01/2000,0.721634731,0.721634731,0.721634731,0.721634731,0.721634731,0.721634731,,,
10/01/2000,0.720686159,0.720686159,0.720686159,0.720686159,0.720686159,0.720686159,,,
11/01/2000,0.719215551,0.719215551,0.719215551,0.719215551,0.719215551,0.719215551,,,
12/01/2000,0.717185149,0.717185149,0.717185149,0.717185149,0.717185149,0.717185149,,,
01/01/2001,0.717082281,0.717082281,0.717082281,0.717082281,0.717082281,0.717082281,,,
02/01/2001,0.715246011,0.715246011,0.715246011,0.715246011,0.715246011,0.715246011,,,
03/01/2001,0.714664335,0.714664335,0.714664335,0.714664335,0.714664335,0.714664335,,,
04/01/2001,0.714778236,0.714778236,0.714778236,0.714778236,0.714778236,0.714778236,,,
05/01/2001,0.716619338,0.716619338,0.716619338,0.716619338,0.716619338,0.716619338,,,
06/01/2001,0.716222956,0.716222956,0.716222956,0.716222956,0.716222956,0.716222956,,,
07/01/2001,0.715396524,0.715396524,0.715396524,0.715396524,0.715396524,0.715396524,,,
08/01/2001,0.715097453,0.715097453,0.715097453,0.715097453,0.715097453,0.715097453,,,
09/01/2001,0.712664084,0.712664084,0.712664084,0.712664084,0.712664084,0.712664084,,,
10/01/2001,0.712093454,0.712093454,0.712093454,0.712093454,0.712093454,0.712093454,,,
11/01/2001,0.70945953,0.70945953,0.70945953,0.70945953,0.70945953,0.70945953,,,
12/01/2001,0.711560329,0.711560329,0.711560329,0.711560329,0.711560329,0.711560329,,,
01/01/2002,0.712057978,0.712057978,0.712057978,0.712057978,0.712057978,0.712057978,,,
02/01/2002,0.714677748,0.714677748,0.714677748,0.714677748,0.714677748,0.714677748,,,
03/01/2002,0.716025389,0.716025389,0.716025389,0.716025389,0.716025389,0.716025389,,,
04/01/2002,0.717914353,0.717914353,0.717914353,0.717914353,0.717914353,0.717914353,,,
05/01/2002,0.718259003,0.718259003,0.718259003,0.718259003,0.718259003,0.718259003,,,
06/01/2002,0.717915902,0.717915902,0.717915902,0.717915902,0.717915902,0.717915902,,,
07/01/2002,0.719819597,0.719819597,0.719819597,0.719819597,0.719819597,0.719819597,,,
08/01/2002,0.721788764,0.721788764,0.721788764,0.721788764,0.721788764,0.721788764,,,
09/01/2002,0.721986488,0.721986488,0.721986488,0.721986488,0.721986488,0.721986488,,,
10/01/2002,0.724407994,0.724407994,0.724407994,0.724407994,0.724407994,0.724407994,,,
11/01/2002,0.725857255,0.725857255,0.725857255,0.725857255,0.725857255,0.725857255,,,
12/01/2002,0.728427796,0.728427796,0.728427796,0.728427796,0.728427796,0.728427796,,,
01/01/2003,0.729331884,0.729331884,0.729331884,0.729331884,0.729331884,0.729331884,,,
02/01/2003,0.728808408,0.728808408,0.728808408,0.728808408,0.728808408,0.728808408,,,
03/01/2003,0.731367123,0.731367123,0.731367123,0.731367123,0.731367123,0.731367123,,,
04/01/2003,0.734540602,0.734540602,0.734540602,0.734540602,0.734540602,0.734540602,,,
05/01/2003,0.738152778,0.738152778,0.738152778,0.738152778,0.738152778,0.738152778,,,
06/01/2003,0.744317299,0.744317299,0.744317299,0.744317299,0.744317299,0.744317299,,,
07/01/2003,0.749464342,0.749464342,0.749464342,0.749464342,0.749464342,0.749464342,,,
08/01/2003,0.752837934,0.752837934,0.752837934,0.752837934,0.752837934,0.752837934,,,
09/01/2003,0.755793153,0.755793153,0.755793153,0.755793153,0.755793153,0.755793153,,,
10/01/2003,0.759427874,0.759427874,0.759427874,0.759427874,0.759427874,0.759427874,,,
11/01/2003,0.765536451,0.765536451,0.765536451,0.765536451,0.765536451,0.765536451,,,
12/01/2003,0.768168643,0.768168643,0.768168643,0.768168643,0.768168643,0.768168643,,,
01/01/2004,0.773685541,0.773685541,0.773685541,0.773685541,0.773685541,0.773685541,,,
02/01/2004,0.775020482,0.775020482,0.775020482,0.775020482,0.775020482,0.775020482,,,
03/01/2004,0.777321608,0.777321608,0.777321608,0.777321608,0.777321608,0.777321608,,,
04/01/2004,0.779638964,0.779638964,0.779638964,0.779638964,0.779638964,0.779638964,,,
05/01/2004,0.779173479,0.779173479,0.779173479,0.779173479,0.779173479,0.779173479,,,
06/01/2004,0.779500795,0.779500795,0.779500795,0.779500795,0.779500795,0.779500795,,,
07/01/2004,0.785175056,0.785175056,0.785175056,0.785175056,0.785175056,0.785175056,,,
08/01/2004,0.800109706,0.800109706,0.800109706,0.800109706,0.800109706,0.800109706,,,
09/01/2004,0.819465228,0.819465228,0.819465228,0.819465228,0.819465228,0.819465228,,,
10/01/2004,0.840006439,0.840006439,0.840006439,0.840006439,0.840006439,0.840006439,,,
11/01/2004,0.861131161,0.861131161,0.861131161,0.861131161,0.861131161,0.861131161,,,
12/01/2004,0.879691357,0.879691357,0.879691357,0.879691357,0.879691357,0.879691357,,,
01/01/2005,0.901032226,0.901032226,0.901032226,0.901032226,0.901032226,0.901032226,,,
02/01/2005,0.922599939,0.922599939,0.922599939,0.922599939,0.922599939,0.922599939,,,
03/01/2005,0.947934795,0.947934795,0.947934795,0.947934795,0.947934795,0.947934795,,,
04/01/2005,0.973207859,0.973207859,0.973207859,0.973207859,0.973207859,0.973207859,,,
05/01/2005,0.991897128,0.991897128,0.991897128,0.991897128,0.991897128,0.991897128,,,
06/01/2005,1.00767385,1.00767385,1.00767385,1.00767385,1.00767385,1.00767385,,,
07/01/2005,1.018185226,1.018185226,1.018185226,1.018185226,1.018185226,1.018185226,,,
08/01/2005,1.024414947,1.024414947,1.024414947,1.024414947,1.024414947,1.024414947,,,
09/01/2005,1.028711167,1.028711167,1.028711167,1.028711167,1.028711167,1.028711167,,,
10/01/2005,1.031789539,1.031789539,1.031789539,1.031789539,1.031789539,1.031789539,,,
11/01/2005,1.033791316,1.033791316,1.033791316,1.033791316,1.033791316,1.033791316,,,
12/01/2005,1.035348569,1.035348569,1.035348569,1.035348569,1.035348569,1.035348569,,,
01/01/2006,1.033797999,1.033797999,1.033797999,1.033797999,1.033797999,1.033797999,,,
02/01/2006,1.033133489,1.033133489,1.033133489,1.033133489,1.033133489,1.033133489,,,
03/01/2006,1.031654319,1.031654319,1.031654319,1.031654319,1.031654319,1.031654319,,,
04/01/2006,1.031354076,1.031354076,1.031354076,1.031354076,1.031354076,1.031354076,,,
05/01/2006,1.0309908,1.0309908,1.0309908,1.0309908,1.0309908,1.0309908,,,
06/01/2006,1.030280737,1.030280737,1.030280737,1.030280737,1.030280737,1.030280737,,,
07/01/2006,1.029048805,1.029048805,1.029048805,1.029048805,1.029048805,1.029048805,,,
08/01/2006,1.029414123,1.029414123,1.029414123,1.029414123,1.029414123,1.029414123,,,
09/01/2006,1.030652771,1.030652771,1.030652771,1.030652771,1.030652771,1.030652771,,,
10/01/2006,1.031516648,1.031516648,1.031516648,1.031516648,1.031516648,1.031516648,,,
11/01/2006,1.031475484,1.031475484,1.031475484,1.031475484,1.031475484,1.031475484,,,
12/01/2006,1.030480841,1.030480841,1.030480841,1.030480841,1.030480841,1.030480841,,,
01/01/2007,1.029595016,1.029595016,1.029595016,1.029595016,1.029595016,1.029595016,,,
02/01/2007,1.027715328,1.027715328,1.027715328,1.027715328,1.027715328,1.027715328,,,
03/01/2007,1.026057851,1.026057851,1.026057851,1.026057851,1.026057851,1.026057851,,,
04/01/2007,1.02335758,1.02335758,1.02335758,1.02335758,1.02335758,1.02335758,,,
05/01/2007,1.021738436,1.021738436,1.021738436,1.021738436,1.021738436,1.021738436,,,
06/01/2007,1.021015451,1.021015451,1.021015451,1.021015451,1.021015451,1.021015451,,,
07/01/2007,1.02170395,1.02170395,1.02170395,1.02170395,1.02170395,1.02170395,,,
08/01/2007,1.024251181,1.024251181,1.024251181,1.024251181,1.024251181,1.024251181,,,
09/01/2007,1.027003292,1.027003292,1.027003292,1.027003292,1.027003292,1.027003292,,,
10/01/2007,1.031248899,1.031248899,1.031248899,1.031248899,1.031248899,1.031248899,,,
11/01/2007,1.037106652,1.037106652,1.037106652,1.037106652,1.037106652,1.037106652,,,
12/01/2007,1.043588302,1.043588302,1.043588302,1.043588302,1.043588302,1.043588302,,,
01/01/2008,1.049420018,1.049420018,1.049420018,1.049420018,1.049420018,1.049420018,,,
02/01/2008,1.053793833,1.053793833,1.053793833,1.053793833,1.053793833,1.053793833,,,
03/01/2008,1.056862465,1.056862465,1.056862465,1.056862465,1.056862465,1.056862465,,,
04/01/2008,1.057391587,1.057391587,1.057391587,1.057391587,1.057391587,1.057391587,,,
05/01/2008,1.056743791,1.056743791,1.056743791,1.056743791,1.056743791,1.056743791,,,
06/01/2008,1.058575675,1.058575675,1.058575675,1.058575675,1.058575675,1.058575675,,,
07/01/2008,1.062140848,1.062140848,1.062140848,1.062140848,1.062140848,1.062140848,,,
08/01/2008,1.060318392,1.060318392,1.060318392,1.060318392,1.060318392,1.060318392,,,
09/01/2008,1.061628285,1.061628285,1.061628285,1.061628285,1.061628285,1.061628285,,,
10/01/2008,1.063419667,1.063419667,1.063419667,1.063419667,1.063419667,1.063419667,,,
11/01/2008,1.065311418,1.065311418,1.065311418,1.065311418,1.065311418,1.065311418,,,
12/01/2008,1.069697075,1.069697075,1.069697075,1.069697075,1.069697075,1.069697075,,,
01/01/2009,1.071292568,1.071292568,1.071292568,1.071292568,1.071292568,1.071292568,,,
02/01/2009,1.072946009,1.072946009,1.072946009,1.072946009,1.072946009,1.072946009,,,
03/01/2009,1.076138459,1.076138459,1.076138459,1.076138459,1.076138459,1.076138459,,,
04/01/2009,1.077891135,1.077891135,1.077891135,1.077891135,1.077891135,1.077891135,,,
05/01/2009,1.080308326,1.080308326,1.080308326,1.080308326,1.080308326,1.080308326,,,
06/01/2009,1.082590692,1.082590692,1.082590692,1.082590692,1.082590692,1.082590692,,,
07/01/2009,1.084331709,1.084331709,1.084331709,1.084331709,1.084331709,1.084331709,,,
08/01/2009,1.087759281,1.087759281,1.087759281,1.087759281,1.087759281,1.087759281,,,
09/01/2009,1.090265332,1.090265332,1.090265332,1.090265332,1.090265332,1.090265332,,,
10/01/2009,1.091612331,1.091612331,1.091612331,1.091612331,1.091612331,1.091612331,,,
11/01/2009,1.095301879,1.095301879,1.095301879,1.095301879,1.095301879,1.095301879,,,
12/01/2009,1.100124167,1.100124167,1.100124167,1.100124167,1.100124167,1.100124167,,,
01/01/2010,1.104430808,1.104430808,1.104430808,1.104430808,1.104430808,1.104430808,,,
02/01/2010,1.108573523,1.108573523,1.108573523,1.108573523,1.108573523,1.108573523,,,
03/01/2010,1.111609755,1.111609755,1.111609755,1.111609755,1.111609755,1.111609755,,,
04/01/2010,1.116423885,1.116423885,1.116423885,1.116423885,1.116423885,1.116423885,,,
05/01/2010,1.118957397,1.118957397,1.118957397,1.118957397,1.118957397,1.118957397,,,
06/01/2010,1.122117739,1.122117739,1.122117739,1.122117739,1.122117739,1.122117739,,,
07/01/2010,1.124437917,1.124437917,1.124437917,1.124437917,1.124437917,1.124437917,,,
08/01/2010,1.127045574,1.127045574,1.127045574,1.127045574,1.127045574,1.127045574,,,
09/01/2010,1.128078135,1.128078135,1.128078135,1.128078135,1.128078135,1.128078135,,,
10/01/2010,1.132117268,1.132117268,1.132117268,1.132117268,1.132117268,1.132117268,,,
11/01/2010,1.135089692,1.135089692,1.135089692,1.135089692,1.135089692,1.135089692,,,
12/01/2010,1.135478745,1.135478745,1.135478745,1.135478745,1.135478745,1.135478745,,,
01/01/2011,1.13635565,1.13635565,1.13635565,1.13635565,1.13635565,1.13635565,,,
02/01/2011,1.134688754,1.134688754,1.134688754,1.134688754,1.134688754,1.134688754,,,
03/01/2011,1.134384731,1.134384731,1.134384731,1.134384731,1.134384731,1.134384731,,,
04/01/2011,1.135535154,1.135535154,1.135535154,1.135535154,1.135535154,1.135535154,,,
05/01/2011,1.138712769,1.138712769,1.138712769,1.138712769,1.138712769,1.138712769,,,
06/01/2011,1.139922877,1.139922877,1.139922877,1.139922877,1.139922877,1.139922877,,,
07/01/2011,1.141093818,1.141093818,1.141093818,1.141093818,1.141093818,1.141093818,,,
08/01/2011,1.14175921,1.14175921,1.14175921,1.14175921,1.14175921,1.14175921,,,
09/01/2011,1.143376655,1.143376655,1.143376655,1.143376655,1.143376655,1.143376655,,,
10/01/2011,1.145264015,1.145264015,1.145264015,1.145264015,1.145264015,1.145264015,,,
11/01/2011,1.148039299,1.148039299,1.148039299,1.148039299,1.148039299,1.148039299,,,
12/01/2011,1.15271365,1.15271365,1.15271365,1.15271365,1.15271365,1.15271365,,,
01/01/2012,1.155170828,1.155170828,1.155170828,1.155170828,1.155170828,1.155170828,,,
02/01/2012,1.15946396,1.15946396,1.15946396,1.15946396,1.15946396,1.15946396,,,
03/01/2012,1.164018732,1.164018732,1.164018732,1.164018732,1.164018732,1.164018732,,,
04/01/2012,1.166858764,1.166858764,1.166858764,1.166858764,1.166858764,1.166858764,,,
05/01/2012,1.170184536,1.170184536,1.170184536,1.170184536,1.170184536,1.170184536,,,
06/01/2012,1.174224982,1.174224982,1.174224982,1.174224982,1.174224982,1.174224982,,,
07/01/2012,1.176612471,1.176612471,1.176612471,1.176612471,1.176612471,1.176612471,,,
08/01/2012,1.17830526,1.17830526,1.17830526,1.17830526,1.17830526,1.17830526,,,
09/01/2012,1.182400104,1.182400104,1.182400104,1.182400104,1.182400104,1.182400104,,,
10/01/2012,1.186645249,1.186645249,1.186645249,1.186645249,1.186645249,1.186645249,,,
11/01/2012,1.189469645,1.189469645,1.189469645,1.189469645,1.189469645,1.189469645,,,
12/01/2012,1.191926634,1.191926634,1.191926634,1.191926634,1.191926634,1.191926634,,,
01/01/2013,1.194434514,1.194434514,1.194434514,1.194434514,1.194434514,1.194434514,,,
02/01/2013,1.199345914,1.199345914,1.199345914,1.199345914,1.199345914,1.199345914,,,
03/01/2013,1.202196963,1.202196963,1.202196963,1.202196963,1.202196963,1.202196963,,,
04/01/2013,1.207479151,1.207479151,1.207479151,1.207479151,1.207479151,1.207479151,,,
05/01/2013,1.212202296,1.212202296,1.212202296,1.212202296,1.212202296,1.212202296,,,
06/01/2013,1.216083008,1.216083008,1.216083008,1.216083008,1.216083008,1.216083008,,,
07/01/2013,1.220794391,1.220794391,1.220794391,1.220794391,1.220794391,1.220794391,,,
08/01/2013,1.229683392,1.229683392,1.229683392,1.229683392,1.229683392,1.229683392,,,
09/01/2013,1.239098009,1.239098009,1.239098009,1.239098009,1.239098009,1.239098009,,,
10/01/2013,1.249207194,1.249207194,1.249207194,1.249207194,1.249207194,1.249207194,,,
11/01/2013,1.257417403,1.257417403,1.257417403,1.257417403,1.257417403,1.257417403,,,
12/01/2013,1.264942447,1.264942447,1.264942447,1.264942447,1.264942447,1.264942447,,,
01/01/2014,1.275792181,1.275792181,1.275792181,1.275792181,1.275792181,1.275792181,,,
02/01/2014,1.286456531,1.286456531,1.286456531,1.286456531,1.286456531,1.286456531,,,
03/01/2014,1.294080356,1.294080356,1.294080356,1.294080356,1.294080356,1.294080356,,,
04/01/2014,1.304683318,1.304683318,1.304683318,1.304683318,1.304683318,1.304683318,,,
05/01/2014,1.313536441,1.313536441,1.313536441,1.313536441,1.313536441,1.313536441,,,
06/01/2014,1.328651556,1.328651556,1.328651556,1.328651556,1.328651556,1.328651556,,,
07/01/2014,1.349473315,1.349473315,1.349473315,1.349473315,1.349473315,1.349473315,,,
08/01/2014,1.373467757,1.373467757,1.373467757,1.373467757,1.373467757,1.373467757,,,
09/01/2014,1.400595507,1.400595507,1.400595507,1.400595507,1.400595507,1.400595507,,,
10/01/2014,1.429896341,1.429896341,1.429896341,1.429896341,1.429896341,1.429896341,,,
11/01/2014,1.460533633,1.460533633,1.460533633,1.460533633,1.460533633,1.460533633,,,
12/01/2014,1.490427673,1.490427673,1.490427673,1.490427673,1.490427673,1.490427673,,,
01/01/2015,1.519794185,1.519794185,1.519794185,1.519794185,1.519794185,1.519794185,,,
02/01/2015,1.540073752,1.540073752,1.540073752,1.540073752,1.540073752,1.540073752,,,
03/01/2015,1.550694586,1.550694586,1.550694586,1.550694586,1.550694586,1.550694586,,,
04/01/2015,1.560051667,1.560051667,1.560051667,1.560051667,1.560051667,1.560051667,,,
05/01/2015,1.566460438,1.566460438,1.566460438,1.566460438,1.566460438,1.566460438,,,
06/01/2015,1.573632259,1.573632259,1.573632259,1.573632259,1.573632259,1.573632259,,,
07/01/2015,1.578109257,1.578109257,1.578109257,1.578109257,1.578109257,1.578109257,,,
08/01/2015,1.582625846,1.582625846,1.582625846,1.582625846,1.582625846,1.582625846,,,
09/01/2015,1.587270953,1.587270953,1.587270953,1.587270953,1.587270953,1.587270953,,,
10/01/2015,1.59284202,1.59284202,1.59284202,1.59284202,1.59284202,1.59284202,,,
11/01/2015,1.59753979,1.59753979,1.59753979,1.59753979,1.59753979,1.59753979,,,
12/01/2015,1.601826058,1.601826058,1.601826058,1.601826058,1.601826058,1.601826058,,,
01/01/2016,1.60493823,1.60493823,1.60493823,1.60493823,1.60493823,1.60493823,,,
02/01/2016,1.610457174,1.610457174,1.610457174,1.610457174,1.610457174,1.610457174,,,
03/01/2016,1.615878064,1.615878064,1.615878064,1.615878064,1.615878064,1.615878064,,,
04/01/2016,1.623038008,1.623038008,1.623038008,1.623038008,1.623038008,1.623038008,,,
05/01/2016,1.627864025,1.627864025,1.627864025,1.627864025,1.627864025,1.627864025,,,
06/01/2016,1.633432868,1.633432868,1.633432868,1.633432868,1.633432868,1.633432868,,,
07/01/2016,1.638779433,1.638779433,1.638779433,1.638779433,1.638779433,1.638779433,,,
08/01/2016,1.644964468,1.644964468,1.644964468,1.644964468,1.644964468,1.644964468,,,
09/01/2016,1.652632932,1.652632932,1.652632932,1.652632932,1.652632932,1.652632932,,,
10/01/2016,1.659039816,1.659039816,1.659039816,1.659039816,1.659039816,1.659039816,,,
11/01/2016,1.664688792,1.664688792,1.664688792,1.664688792,1.664688792,1.664688792,,,
12/01/2016,1.668440297,1.668440297,1.668440297,1.668440297,1.668440297,1.668440297,,,
01/01/2017,1.671862532,1.671862532,1.671862532,1.671862532,1.671862532,1.671862532,,,
02/01/2017,1.676383539,1.676383539,1.676383539,1.676383539,1.676383539,1.676383539,,,
03/01/2017,1.678611279,1.678611279,1.678611279,1.678611279,1.678611279,1.678611279,,,
04/01/2017,1.682581044,1.682581044,1.682581044,1.682581044,1.682581044,1.682581044,,,
05/01/2017,1.688301062,1.688301062,1.688301062,1.688301062,1.688301062,1.688301062,,,
06/01/2017,1.6925929,1.6925929,1.6925929,1.6925929,1.6925929,1.6925929,,,
07/01/2017,1.697415776,1.697415776,1.697415776,1.697415776,1.697415776,1.697415776,,,
08/01/2017,1.699509723,1.699509723,1.699509723,1.699509723,1.699509723,1.699509723,,,
09/01/2017,1.701707936,1.701707936,1.701707936,1.701707936,1.701707936,1.701707936,,,
10/01/2017,1.703984174,1.703984174,1.703984174,1.703984174,1.703984174,1.703984174,,,
11/01/2017,1.705858206,1.705858206,1.705858206,1.705858206,1.705858206,1.705858206,,,
12/01/2017,1.705271405,1.705271405,1.705271405,1.705271405,1.705271405,1.705271405,,,
01/01/2018,1.706546193,1.706546193,1.706546193,1.706546193,1.706546193,1.706546193,,,
02/01/2018,1.708512005,1.708512005,1.708512005,1.708512005,1.708512005,1.708512005,,,
03/01/2018,1.707927648,1.707927648,1.707927648,1.707927648,1.707927648,1.707927648,,,
04/01/2018,1.708712146,1.708712146,1.708712146,1.708712146,1.708712146,1.708712146,,,
05/01/2018,1.710945143,1.710945143,1.710945143,1.710945143,1.710945143,1.710945143,,,
06/01/2018,1.711626468,1.711626468,1.711626468,1.711626468,1.711626468,1.711626468,,,
07/01/2018,1.711961614,1.711961614,1.711961614,1.711961614,1.711961614,1.711961614,,,
08/01/2018,1.713944227,1.713944227,1.713944227,1.713944227,1.713944227,1.713944227,,,
09/01/2018,1.714589058,1.714589058,1.714589058,1.714589058,1.714589058,1.714589058,,,
10/01/2018,1.7156213,1.7156213,1.7156213,1.7156213,1.7156213,1.7156213,,,
11/01/2018,1.71664715,1.71664715,1.71664715,1.71664715,1.71664715,1.71664715,,,
12/01/2018,1.718589687,1.718589687,1.718589687,1.718589687,1.718589687,1.718589687,,,
01/01/2019,1.719835771,1.719835771,1.719835771,1.719835771,1.719835771,1.719835771,,,
02/01/2019,1.721790857,1.721790857,1.721790857,1.721790857,1.721790857,1.721790857,,,
03/01/2019,1.725264671,1.725264671,1.725264671,1.725264671,1.725264671,1.725264671,,,
04/01/2019,1.727250339,1.727250339,1.727250339,1.727250339,1.727250339,1.727250339,,,
05/01/2019,1.726568414,1.726568414,1.726568414,1.726568414,1.726568414,1.726568414,,,
06/01/2019,1.731283893,1.731283893,1.731283893,1.731283893,1.731283893,1.731283893,,,
07/01/2019,1.73307093,1.73307093,1.73307093,1.73307093,1.73307093,1.73307093,,,
08/01/2019,1.737810779,1.737810779,1.737810779,1.737810779,1.737810779,1.737810779,,,
09/01/2019,1.746723292,1.746723292,1.746723292,1.746723292,1.746723292,1.746723292,,,
10/01/2019,1.757527353,1.757527353,1.757527353,1.757527353,1.757527353,1.757527353,,,
11/01/2019,1.769880181,1.769880181,1.769880181,1.769880181,1.769880181,1.769880181,,,
12/01/2019,1.786710303,1.786710303,1.786710303,1.786710303,1.786710303,1.786710303,,,
01/01/2020,1.803940001,1.803940001,1.803940001,1.803940001,1.803940001,1.803940001,,,
02/01/2020,1.822165914,1.822165914,1.822165914,1.822165914,1.822165914,1.822165914,,,
03/01/2020,1.840402913,1.840402913,1.840402913,1.840402913,1.840402913,1.840402913,,,
04/01/2020,1.856982058,1.856982058,1.856982058,1.856982058,1.856982058,1.856982058,,,
05/01/2020,1.87052637,1.87052637,1.87052637,1.87052637,1.87052637,1.87052637,,,
06/01/2020,1.885040913,1.885040913,1.885040913,1.885040913,1.885040913,1.885040913,,,
07/01/2020,1.898620493,1.898620493,1.898620493,1.898620493,1.898620493,1.898620493,,,
08/01/2020,1.912527771,1.912527771,1.912527771,1.912527771,1.912527771,1.912527771,,,
09/01/2020,1.92534149,1.92534149,1.92534149,1.92534149,1.92534149,1.92534149,,,
10/01/2020,1.93625542,1.93625542,1.93625542,1.93625542,1.93625542,1.93625542,,,
11/01/2020,1.949008182,1.949008182,1.949008182,1.949008182,1.949008182,1.949008182,,,
12/01/2020,1.959173752,1.959173752,1.959173752,1.959173752,1.959173752,1.959173752,,,
01/01/2021,1.971155956,1.971155956,1.971155956,1.971155956,1.971155956,1.971155956,,,
02/01/2021,1.981512677,1.981512677,1.981512677,1.981512677,1.981512677,1.981512677,,,
03/01/2021,1.990959907,1.990959907,1.990959907,1.990959907,1.990959907,1.990959907,,,
04/01/2021,1.997420632,1.997420632,1.997420632,1.997420632,1.997420632,1.997420632,,,
05/01/2021,2.004305156,2.004305156,2.004305156,2.004305156,2.004305156,2.004305156,,,
06/01/2021,2.016506313,2.016506313,2.016506313,2.016506313,2.016506313,2.016506313,,,
07/01/2021,2.028171788,2.028171788,2.028171788,2.028171788,2.028171788,2.028171788,,,
08/01/2021,2.042385264,2.042385264,2.042385264,2.042385264,2.042385264,2.042385264,,,
09/01/2021,2.058517563,2.058517563,2.058517563,2.058517563,2.058517563,2.058517563,,,
10/01/2021,2.07577421,2.07577421,2.07577421,2.07577421,2.07577421,2.07577421,,,
11/01/2021,2.097710106,2.097710106,2.097710106,2.097710106,2.097710106,2.097710106,,,
12/01/2021,2.117896163,2.117896163,2.117896163,2.117896163,2.117896163,2.117896163,,,
01/01/2022,2.130237149,2.130237149,2.130237149,2.130237149,2.130237149,2.130237149,,,
02/01/2022,2.142607281,2.142607281,2.142607281,2.142607281,2.142607281,2.142607281,,,
03/01/2022,2.149254729,2.149254729,2.149254729,2.149254729,2.149254729,2.149254729,,,
04/01/2022,2.15699213,2.15699213,2.15699213,2.15699213,2.15699213,2.15699213,,,
05/01/2022,2.15923708,2.15923708,2.15923708,2.15923708,2.15923708,2.15923708,,,
06/01/2022,2.165330913,2.165330913,2.165330913,2.165330913,2.165330913,2.165330913,,,
07/01/2022,2.173188904,2.173188904,2.173188904,2.173188904,2.173188904,2.173188904,,,
08/01/2022,2.184775493,2.184775493,2.184775493,2.184775493,2.184775493,2.184775493,,,
09/01/2022,2.203757278,2.203757278,2.203757278,2.203757278,2.203757278,2.203757278,,,
10/01/2022,2.230453742,2.230453742,2.230453742,2.230453742,2.230453742,2.230453742,,,
11/01/2022,2.259630632,2.259630632,2.259630632,2.259630632,2.259630632,2.259630632,,,
12/01/2022,2.291372376,2.291372376,2.291372376,2.291372376,2.291372376,2.291372376,,,
01/01/2023,2.31901552,2.31901552,2.31901552,2.31901552,2.31901552,2.31901552,,,
02/01/2023,2.34507258,2.34507258,2.34507258,2.34507258,2.34507258,2.34507258,,,
03/01/2023,2.365691061,2.365691061,2.365691061,2.365691061,2.365691061,2.365691061,,,
04/01/2023,2.380765622,2.380765622,2.380765622,2.380765622,2.380765622,2.380765622,,,
05/01/2023,2.396328079,2.396328079,2.396328079,2.396328079,2.396328079,2.396328079,,,
06/01/2023,2.40939109,2.40939109,2.40939109,2.40939109,2.40939109,2.40939109,,,
07/01/2023,2.419484858,2.419484858,2.419484858,2.419484858,2.419484858,2.419484858,,,
08/01/2023,2.426893343,2.426893343,2.426893343,2.426893343,2.426893343,2.426893343,,,
09/01/2023,2.436087781,2.436087781,2.436087781,2.436087781,2.436087781,2.436087781,,,
10/01/2023,2.445735693,2.445735693,2.445735693,2.445735693,2.445735693,2.445735693,,,
11/01/2023,2.454974724,2.454974724,2.454974724,2.454974724,2.454974724,2.454974724,,,
12/01/2023,2.461372428,2.461372428,2.461372428,2.461372428,2.461372428,2.461372428,,,
01/01/2024,2.468046339,2.468046339,2.468046339,2.468046339,2.468046339,2.468046339,,,
02/01/2024,2.471025494,2.471025494,2.471025494,2.471787707,2.485247512,2.482098698,,,
03/01/2024,2.473504847,2.473504847,2.473504847,2.474867983,2.501727016,2.495798527,,,
04/01/2024,2.475495737,2.475495737,2.475495737,2.477774778,2.519535948,2.510648895,,,
05/01/2024,2.477044835,2.477044835,2.477044835,2.480373818,2.536744163,2.525126392,,,
06/01/2024,2.478239012,2.478239012,2.478239012,2.48317224,2.554368428,2.540062702,,,
07/01/2024,2.479067083,2.479067083,2.479067083,2.485961427,2.57121315,2.554431844,,,
08/01/2024,2.479655566,2.479655566,2.479655566,2.488924624,2.58836951,2.569145189,,,
09/01/2024,2.479985133,2.479985133,2.479985133,2.491959567,2.605253971,2.583703967,,,
10/01/2024,2.480067223,2.480067223,2.480067223,2.494956507,2.621329233,2.59764201,,,
11/01/2024,2.479912166,2.479912166,2.479912166,2.498109278,2.637654521,2.611886963,,,
12/01/2024,2.479542042,2.479542042,2.479987749,2.501207382,2.653185848,2.625523424,,,
01/01/2025,2.478935466,2.478935466,2.480223371,2.504454136,2.668951958,2.639451264,,,
02/01/2025,2.478171124,2.478171124,2.480609884,2.507745264,2.684438506,2.653217276,,,
03/01/2025,2.477363823,2.477363823,2.481071926,2.510747156,2.698201367,2.665529304,,,
04/01/2025,2.47632746,2.47632746,2.481710771,2.514102713,2.713166997,2.679002035,,,
05/01/2025,2.47519256,2.47519256,2.482437816,2.517376389,2.727403989,2.691897939,,,
06/01/2025,2.473879991,2.473994909,2.483293057,2.520781996,2.742107597,2.705070788,,,
07/01/2025,2.472481555,2.473043231,2.484210273,2.524097182,2.756110328,2.717806581,,,
08/01/2025,2.470917325,2.472224173,2.485242839,2.527538552,2.770354555,2.730938025,,,
09/01/2025,2.469238445,2.471564219,2.486354471,2.53099533,2.784388182,2.743947462,,,
10/01/2025,2.467502984,2.47106342,2.487495841,2.534351063,2.797782855,2.756437682,,,
11/01/2025,2.46559465,2.470682585,2.488740327,2.537828092,2.811435433,2.769245991,,,
12/01/2025,2.463647516,2.470430871,2.489999664,2.541199377,2.824490221,2.78158614,,,
01/01/2026,2.461537696,2.470284922,2.491353301,2.544687796,2.837822782,2.794281673,,,
02/01/2026,2.459325896,2.470242851,2.49275401,2.54817911,2.850999637,2.806926289,,,
03/01/2026,2.457246535,2.470282564,2.494054311,2.551334124,2.862779612,2.81832477,,,
04/01/2026,2.454976416,2.470414206,2.495533959,2.554828971,2.875679295,2.830903006,,,
05/01/2026,2.45301471,2.470615903,2.496999282,2.558211145,2.888030327,2.843043951,,,
06/01/2026,2.45117117,2.470895536,2.498544647,2.561703982,2.900653977,2.855557096,,,
07/01/2026,2.449546723,2.471228469,2.500068175,2.565083122,2.912743713,2.867639068,,,
08/01/2026,2.448023019,2.471631444,2.501667882,2.568571304,2.925103637,2.880091163,,,
09/01/2026,2.446644127,2.472090269,2.503292876,2.572057644,2.937333967,2.892512555,,,
10/01/2026,2.445432802,2.472580014,2.504885273,2.575426946,2.949049969,2.904508501,,,
11/01/2026,2.444302714,2.473131377,2.506550722,2.578904207,2.96103135,2.916875202,,,
12/01/2026,2.443313193,2.473703019,2.508178559,2.582264056,2.972510634,2.928820711,,,
01/01/2027,2.442392496,2.47433066,2.509876161,2.585730006,2.984251521,2.941149747,,,
02/01/2027,2.441565374,2.474992284,2.511588042,2.589189924,2.995872587,2.953471879,,,
03/01/2027,2.440888953,2.475615569,2.51314505,2.592310065,3.00598879,2.964603545,,,
04/01/2027,2.440217236,2.476331871,2.514878819,2.595756192,3.016553011,2.976913866,,,
05/01/2027,2.439634535,2.477048994,2.516566072,2.599084326,3.027030387,2.988726638,,,
06/01/2027,2.439097361,2.477812061,2.518317767,2.602515095,3.037791238,3.000068024,,,
07/01/2027,2.438634054,2.478570186,2.520020639,2.605828167,3.048066309,3.011473539,,,
08/01/2027,2.438209573,2.479371843,2.521786696,2.609243133,3.058514587,3.0233102,,,
09/01/2027,2.437835062,2.480190501,2.52355882,2.612650025,3.068792024,3.03509598,,,
10/01/2027,2.43751556,2.480997303,2.525278856,2.615939235,3.078579627,3.046431937,,,
11/01/2027,2.437227099,2.481844951,2.527060714,2.619329567,3.088528597,3.058062123,,,
12/01/2027,2.436983833,2.482677257,2.528788942,2.622602624,3.098005834,3.069243232,,,
01/01/2028,2.436766795,2.483548288,2.530577706,2.625975683,3.107642259,3.080715821,,,
02/01/2028,2.43658223,2.48443036,2.532370024,2.62934071,3.117125791,3.092109566,,,
03/01/2028,2.436434476,2.48526309,2.534048182,2.632480361,3.125867089,3.102708925,,,
04/01/2028,2.436302758,2.486161699,2.535843977,2.635827611,3.135065595,3.113964198,,,
05/01/2028,2.436197284,2.487037922,2.537582685,2.639057863,3.143834075,3.124809787,,,
06/01/2028,2.436110373,2.487950262,2.539380587,2.642386951,3.152756875,3.135960083,,,
07/01/2028,2.436044581,2.488838402,2.541120741,2.645599744,3.161265668,3.146700456,,,
08/01/2028,2.435994519,2.48976117,2.542918921,2.648910148,3.169926726,3.157740645,,,
09/01/2028,2.435961766,2.490689355,2.544717848,2.652212111,3.178460021,3.168724016,,,
10/01/2028,2.43594434,2.491591568,2.546458598,2.655399044,3.186601349,3.179313408,,,
11/01/2028,2.435940413,2.49252777,2.548257157,2.658683317,3.194893754,3.190209416,,,
12/01/2028,2.435948862,2.493437203,2.549997468,2.66185349,3.202808678,3.200715253,,,
01/01/2029,2.43596896,2.49437959,2.551794725,2.665120006,3.210872516,3.211527136,,,
02/01/2029,2.435999254,2.495324125,2.553590663,2.668377205,3.218824707,3.222295792,,,
03/01/2029,2.436035249,2.496179721,2.555212554,2.671312518,3.225918064,3.231999374,,,
04/01/2029,2.436083949,2.497128827,2.5570069,2.674553336,3.233665012,3.242700052,,,
05/01/2029,2.43613947,2.498049639,2.558742887,2.677682131,3.241065002,3.253021907,,,
06/01/2029,2.436204051,2.499002258,2.56053498,2.68090609,3.248610381,3.263647983,,,
07/01/2029,2.436273824,2.499926111,2.562268651,2.68401868,3.255819955,3.273899761,,,
08/01/2029,2.436351783,2.500881338,2.564058052,2.687225884,3.263173644,3.284456013,,,
09/01/2029,2.436435687,2.501837585,2.565845954,2.690424679,3.270433793,3.294976848,,,
10/01/2029,2.43652131,2.502763334,2.56757401,2.693511763,3.277374276,3.305130586,,,
11/01/2029,2.436613573,2.503719519,2.569356726,2.696692122,3.284457042,3.315589497,,,
12/01/2029,2.436706991,2.504645519,2.571080036,2.699761867,3.291230171,3.325703074,,,
01/01/2030,2.436807383,2.505602475,2.572858479,2.702925167,3.298144395,3.336144195,,,
02/01/2030,2.436912018,2.506560135,2.574635291,2.706080504,3.304976289,3.346570367,,,
03/01/2030,2.437009224,2.50742526,2.576238458,2.708923745,3.311082079,3.355986784,,,
04/01/2030,2.437120417,2.508383519,2.578011643,2.712063752,3.317763957,3.366392892,,,
05/01/2030,2.437229599,2.509309656,2.579724515,2.715093676,3.32415864,3.376450358,,,
06/01/2030,2.437344935,2.510266516,2.581492104,2.718216264,3.330692026,3.386823932,,,
07/01/2030,2.437459108,2.511193044,2.583200994,2.721230985,3.336946785,3.396850343,,,
08/01/2030,2.437578894,2.512150238,2.584964214,2.724337747,3.343338944,3.40724236,,,
09/01/2030,2.437701357,2.51310799,2.586725806,2.72743721,3.349662187,3.417674601,,,
10/01/2030,2.437821481,2.51403454,2.588428267,2.730429134,3.355718358,3.427807162,,,
11/01/2030,2.437946804,2.514991256,2.590184753,2.733512473,3.361910349,3.438305208,,,
12/01/2030,2.438069345,2.51591657,2.591882155,2.736489417,3.3678447,3.448494502,,,
01/01/2031,2.438197154,2.516872119,2.593633598,2.7395585,3.37391601,3.459044815,,,
02/01/2031,2.438326151,2.517827104,2.595382564,2.742620737,3.379927396,3.469614328,,,
03/01/2031,2.438443613,2.518689249,2.596960361,2.745381613,3.385309384,3.479192711,,,
04/01/2031,2.438574188,2.51964266,2.598704232,2.748431243,3.39121001,3.489810082,,,
05/01/2031,2.438701949,2.520565163,2.600389974,2.751376726,3.396867906,3.500120595,,,
06/01/2031,2.438835367,2.521518316,2.602130107,2.754414395,3.402659657,3.51081286,,,
07/01/2031,2.438965558,2.522440443,2.603812276,2.757348305,3.408214622,3.521197834,,,
08/01/2031,2.439100217,2.523391972,2.605548316,2.760372694,3.413902317,3.531957036,,,
09/01/2031,2.439235753,2.52434296,2.607282773,2.763390538,3.419538655,3.542741334,,,
10/01/2031,2.439366839,2.525261922,2.608958833,2.766304852,3.424946614,3.553205751,,,
11/01/2031,2.439502739,2.526210575,2.61068951,2.769311468,3.430486054,3.564032563,,,
12/01/2031,2.439634559,2.52712769,2.612363326,2.772215781,3.435802054,3.57432605,,,
01/01/2032,2.439771519,2.528074845,2.614092064,2.775212084,3.441248361,3.584795148,,,
02/01/2032,2.43990844,2.529020682,2.615818824,2.778203619,3.446649559,3.595112785,,,
03/01/2032,2.440036767,2.529904662,2.617432803,2.780998751,3.451663626,3.604634531,,,
04/01/2032,2.440174733,2.530849404,2.619157308,2.783982333,3.456979868,3.614667746,,,
05/01/2032,2.440307438,2.531762164,2.62082391,2.786863973,3.46208442,3.624245885,,,
06/01/2032,2.440445969,2.532705613,2.622545541,2.789837731,3.467317074,3.63400825,,,
07/01/2032,2.440580618,2.533618175,2.62421052,2.792711393,3.472343064,3.643335234,,,
08/01/2032,2.440720063,2.534560536,2.625929429,2.795675924,3.47749672,3.652848879,,,
09/01/2032,2.440859579,2.535502366,2.627646517,2.798635217,3.482611216,3.662242683,,,
10/01/2032,2.440994815,2.536413079,2.629306615,2.801494189,3.487524685,3.671224989,,,
11/01/2032,2.441134013,2.537352586,2.631019623,2.804442662,3.492564771,3.680395975,,,
12/01/2032,2.441268397,2.538260538,2.632675339,2.807290875,3.497408368,3.689171209,,,
01/01/2033,2.441407353,2.53919784,2.634384411,2.810228737,3.502377507,3.698135042,,,
02/01/2033,2.441547217,2.540135052,2.636092503,2.813162213,3.507311774,3.706998936,,,
03/01/2033,2.441672874,2.540980103,2.637633146,2.815806958,3.511740949,3.714926463,,,
04/01/2033,2.441811974,2.54191468,2.63933689,2.818729608,3.516610794,3.723608675,,,
05/01/2033,2.441946757,2.542818339,2.64098402,2.821553078,3.52129267,3.731925163,,,
06/01/2033,2.442086156,2.54375124,2.642684257,2.82446546,3.526098498,3.740430491,,,
07/01/2033,2.442221235,2.544653304,2.644328031,2.827279077,3.530719785,3.748580962,,,
08/01/2033,2.442360334,2.545583967,2.646024148,2.830180538,3.53546392,3.756919051,,,
09/01/2033,2.442499295,2.546513497,2.647718184,2.833076507,3.540177841,3.765176079,,,
10/01/2033,2.442633584,2.54741155,2.649355171,2.835873431,3.544711781,3.773092535,,,
11/01/2033,2.44277268,2.548338777,2.651045007,2.838758467,3.549367793,3.781196058,,,
12/01/2033,2.442907352,2.549235198,2.65267854,2.841545488,3.553846983,3.788968192,,,
01/01/2034,2.443046667,2.550160495,2.654364507,2.844419921,3.558447201,3.796925862,,,
02/01/2034,2.443186248,2.551084708,2.656048433,2.84728897,3.56302018,3.80481278,,,
03/01/2034,2.443311793,2.551918101,2.657567247,2.849875524,3.567128849,3.811880146,,,
04/01/2034,2.443450812,2.552839776,2.659246826,2.85273394,3.571651506,3.819637301,,,
05/01/2034,2.443585248,2.553730662,2.660870231,2.855495002,3.576003922,3.827082103,,,
06/01/2034,2.443723766,2.554649803,2.662545276,2.858342217,3.58047573,3.834709999,,,
07/01/2034,2.443858207,2.555538707,2.664164733,2.861092857,3.584779707,3.842032375,,,
08/01/2034,2.443996274,2.556455351,2.665835289,2.863929009,3.589202717,3.849537336,,,
09/01/2034,2.444133902,2.55737054,2.667503392,2.866759414,3.593601699,3.856982118,,,
10/01/2034,2.444267996,2.558256163,2.669116726,2.869494522,3.597836858,3.864131944,,,
11/01/2034,2.444406074,2.559169823,2.670781316,2.87231495,3.602189781,3.871462094,,,
12/01/2034,2.444539643,2.560053004,2.672390235,2.875039328,3.606380836,3.878502795,,,
01/01/2035,2.444677589,2.560964537,2.674050708,2.877849251,3.610689415,3.885723417,,,
02/01/2035,2.444815768,2.561875317,2.675709416,2.880654182,3.614976038,3.89289012,,,
03/01/2035,2.444940483,2.562697052,2.677205862,2.883183286,3.618830153,3.899320035,,,
04/01/2035,2.445078303,2.563605593,2.678860433,2.885978048,3.62307633,3.906387733,,,
05/01/2035,2.445211933,2.564484175,2.680460067,2.888678185,3.627166253,3.913180387,,,
06/01/2035,2.445349788,2.565390833,2.682110762,2.89146285,3.631371791,3.920149352,,,
07/01/2035,2.445483468,2.56626759,2.683706603,2.894153142,3.635422855,3.926848011,,,
08/01/2035,2.445621021,2.567172019,2.685353107,2.896927523,3.639589444,3.933722781,,,
09/01/2035,2.445758521,2.568075427,2.686997576,2.899696773,3.643736599,3.940550833,,,
10/01/2035,2.445892434,2.568949631,2.688587985,2.902372784,3.647732087,3.947115737,,,
11/01/2035,2.446030963,2.569852167,2.690229608,2.905133169,3.651842154,3.953854903,,,
12/01/2035,2.446164296,2.57072396,2.691815711,2.907799115,3.655802423,3.960335576,,,
01/01/2036,2.446301715,2.571623473,2.693452269,2.910548363,3.659876087,3.966988252,,,
02/01/2036,2.446439646,2.57252251,2.695087301,2.913293005,3.66393168,3.973598214,,,
03/01/2036,2.44656767,2.57336168,2.696614092,2.915855183,3.667710199,3.979745293,,,
04/01/2036,2.446704668,2.574257769,2.698244224,2.918589148,3.671732062,3.986275634,,,
05/01/2036,2.446837299,2.575123941,2.699819834,2.921230241,3.675608357,3.992558021,,,
06/01/2036,2.446975009,2.576018599,2.701446522,2.923954892,3.679596745,3.999009839,,,
07/01/2036,2.44710731,2.576882467,2.703017857,2.926586025,3.683441019,4.005217371,,,
08/01/2036,2.447244658,2.577774716,2.704640183,2.929300623,3.687397419,4.011594323,,,
09/01/2036,2.447382872,2.578666621,2.706261202,2.932011105,3.691338185,4.017934552,,,
10/01/2036,2.447516165,2.579528301,2.707827883,2.934629138,3.695137761,4.024036237,,,
11/01/2036,2.447653596,2.580417361,2.709444726,2.937329303,3.699049201,4.030305592,,,
12/01/2036,2.447786075,2.581276253,2.711007493,2.939937283,3.702820964,4.036339544,,,
01/01/2037,2.447923564,2.582163342,2.712621272,2.942627921,3.706704058,4.042539772,,,
02/01/2037,2.448061226,2.583049592,2.71423356,2.94531398,3.710573116,4.048706132,,,
03/01/2037,2.448185615,2.583849315,2.715688547,2.947736397,3.71405665,4.054248965,,,
04/01/2037,2.448322978,2.584733378,2.717297387,2.950413317,3.717899623,4.060352784,,,
05/01/2037,2.448455875,2.585587943,2.718852607,2.952999264,3.721605395,4.066228598,,,
06/01/2037,2.448592671,2.586469504,2.720457397,2.955666186,3.725421224,4.072268509,,,
07/01/2037,2.448725461,2.58732261,2.722009201,2.95824314,3.729101501,4.078084326,,,
08/01/2037,2.448862938,2.588203654,2.723611246,2.960901615,3.732891242,4.084063145,,,
09/01/2037,2.44900063,2.589084131,2.725211768,2.963555737,3.736668069,4.090011845,,,
10/01/2037,2.449134109,2.58993568,2.726759193,2.966120057,3.740310619,4.095740195,,,
11/01/2037,2.449271641,2.590814511,2.728355992,2.9687648,3.74406186,4.10162985,,,
12/01/2037,2.449404491,2.591664425,2.729899314,2.971319582,3.747680102,4.107301914,,,
01/01/2038,2.449542235,2.59254254,2.731492775,2.973955476,3.751406685,4.113134763,,,
02/01/2038,2.449679993,2.593420047,2.733084464,2.976586856,3.755120999,4.1189395,,,
03/01/2038,2.449803933,2.594211615,2.734520135,2.978959336,3.758465792,4.12415955,,,
04/01/2038,2.449941845,2.595088023,2.736108492,2.98158213,3.762156794,4.129911347,,,
05/01/2038,2.450075328,2.595935565,2.737643966,2.984116185,3.765717796,4.13545265,,,
06/01/2038,2.450212234,2.59680964,2.739227718,2.986729036,3.769385334,4.141151354,,,
07/01/2038,2.450344198,2.597654349,2.740758145,2.989252868,3.772923658,4.146641703,,,
08/01/2038,2.450480499,2.598526479,2.742337753,2.991856409,3.776568652,4.152289623,,,
09/01/2038,2.450616422,2.599397545,2.743915172,2.994455132,3.780202206,4.157911973,,,
10/01/2038,2.45074797,2.600239865,2.745440009,2.996965876,3.78370797,4.163329348,,,
11/01/2038,2.450884373,2.601110024,2.74701431,2.99955634,3.78731937,4.168902373,,,
12/01/2038,2.451016051,2.60195112,2.748535798,3.002058799,3.790803958,4.174272721,,,
01/01/2039,2.451151593,2.602818988,2.750105584,3.0046396,3.794393432,4.17979725,,,
02/01/2039,2.451287358,2.60368635,2.751673769,3.007216267,3.797972155,4.18529813,,,
03/01/2039,2.451410111,2.604469302,2.75308882,3.009540117,3.801195742,4.190247326,,,
04/01/2039,2.451545473,2.605334857,2.754653087,3.012108002,3.804753964,4.195703323,,,
05/01/2039,2.451677037,2.606172359,2.756165727,3.014589515,3.808187501,4.200961699,,,
06/01/2039,2.451812818,2.607036877,2.757726829,3.017149341,3.811725294,4.206373089,,,
07/01/2039,2.451943709,2.607872318,2.759235393,3.019622138,3.815139512,4.211589285,,,
08/01/2039,2.452078929,2.608734843,2.760792424,3.02217313,3.818657529,4.216957582,,,
09/01/2039,2.452214013,2.609596495,2.762347509,3.02471974,3.822165498,4.222304125,,,
10/01/2039,2.452344122,2.61042903,2.763850104,3.027179591,3.825550947,4.227457965,,,
11/01/2039,2.452478574,2.61128856,2.765400945,3.02971715,3.82903926,4.232762274,,,
12/01/2039,2.452609227,2.612120198,2.766900618,3.032169494,3.832406042,4.237876192,,,
01/01/2040,2.452743874,2.612978437,2.7684481,3.034699013,3.835875343,4.243139841,,,
02/01/2040,2.452878792,2.613836184,2.76999403,3.037224593,3.839335029,4.248383004,,,
03/01/2040,2.453004531,2.614637444,2.771438138,3.039583056,3.842563118,4.253270065,,,
04/01/2040,2.453138969,2.61549325,2.772980143,3.042100245,3.846004967,4.258475088,,,
05/01/2040,2.453268994,2.616320686,2.774470702,3.044532417,3.8493273,4.263494204,,,
06/01/2040,2.453402859,2.617174455,2.776008657,3.047041059,3.852751115,4.268661096,,,
07/01/2040,2.453532842,2.618000399,2.777495738,3.049465341,3.856055895,4.27364319,,,
08/01/2040,2.453667184,2.618853152,2.77903068,3.051966519,3.859462209,4.278772927,,,
09/01/2040,2.453800325,2.619703963,2.780562689,3.054462564,3.862859836,4.283884957,,,
10/01/2040,2.453929406,2.620526861,2.782043867,3.056874594,3.866139864,4.288815581,,,
11/01/2040,2.454062573,2.621376209,2.783572418,3.059362776,3.869520509,4.293892565,,,
12/01/2040,2.454191078,2.622197079,2.785049641,3.061766787,3.872784099,4.298789886,,,
01/01/2041,2.454323984,2.623044658,2.786574437,3.064247158,3.876147881,4.303833261,,,
02/01/2041,2.454457304,2.62389189,2.788097899,3.066724048,3.879503471,4.308860051,,,
03/01/2041,2.454578038,2.624656839,2.78947291,3.068958459,3.882527901,4.313387036,,,
04/01/2041,2.454710442,2.625501724,2.790992426,3.071427205,3.885868004,4.318382121,,,
05/01/2041,2.45483929,2.626319348,2.792462014,3.073813532,3.88909262,4.32320029,,,
06/01/2041,2.454971775,2.62716281,2.793978224,3.076274954,3.892416761,4.32816273,,,
07/01/2041,2.455099811,2.627978172,2.79544373,3.078653203,3.895626061,4.332949608,,,
08/01/2041,2.455232218,2.628820053,2.796956683,3.081107021,3.898934384,4.337879789,,,
09/01/2041,2.455365285,2.629661793,2.798468524,3.083557442,3.902234313,4.342792758,,,
10/01/2041,2.455493437,2.63047502,2.799929366,3.085924607,3.905420341,4.347532265,,,
11/01/2041,2.455625926,2.631314734,2.801437262,3.088366938,3.908704722,4.352413842,,,
12/01/2041,2.455754707,2.632127368,2.802895539,3.090727625,3.911876283,4.357123838,,,
01/01/2042,2.455886329,2.632964919,2.804399331,3.093161904,3.915146102,4.361975686,,,
02/01/2042,2.45601874,2.633802512,2.805902181,3.095593126,3.918408029,4.366811598,,,
03/01/2042,2.456137534,2.634557633,2.807257366,3.097785134,3.921347956,4.371166754,,,
04/01/2042,2.456269225,2.635393274,2.808756203,3.100208392,3.924595251,4.375973242,,,
05/01/2042,2.456396728,2.636201352,2.81020521,3.102550177,3.927731221,4.380611289,,,
06/01/2042,2.456528326,2.637035466,2.811700597,3.104965986,3.930963889,4.385388213,,,
07/01/2042,2.45665525,2.637841551,2.81314573,3.107299981,3.93408539,4.389997381,,,
08/01/2042,2.456786357,2.638673712,2.814637266,3.109707978,3.937303516,4.394745331,,,
09/01/2042,2.45691717,2.639504858,2.81612687,3.112112132,3.940514786,4.399479491,,,
10/01/2042,2.457043859,2.640308576,2.81756686,3.114435215,3.943615312,4.404046668,,,
11/01/2042,2.457173705,2.641137266,2.819052077,3.116830989,3.946811944,4.408751881,,,
12/01/2042,2.457299645,2.641938812,2.820488096,3.119146373,3.949898874,4.41329227,,,
01/01/2043,2.457430141,2.64276669,2.821970653,3.121535655,3.953081636,4.417970031,,,
02/01/2043,2.457560665,2.643593828,2.823451487,3.123921187,3.956257167,4.422633388,,,
03/01/2043,2.457678124,2.644339878,2.824787223,3.126072528,3.959119828,4.426834582,,,
04/01/2043,2.457807691,2.64516464,2.826263921,3.128450301,3.962282255,4.431472331,,,
05/01/2043,2.457933008,2.645962029,2.827691346,3.130747945,3.965336264,4.435947918,,,
06/01/2043,2.458062962,2.646785693,2.829165077,3.133118928,3.968485079,4.440558857,,,
07/01/2043,2.458188156,2.647581518,2.830589145,3.135409558,3.97152604,4.445008923,,,
08/01/2043,2.4583171,2.648402706,2.832058611,3.137772618,3.974661767,4.449594472,,,
09/01/2043,2.458446032,2.649223148,2.833526428,3.140132193,3.97779099,4.454167332,,,
10/01/2043,2.458570885,2.650016526,2.834945472,3.142412549,3.980813405,4.458581178,,,
11/01/2043,2.458699372,2.65083506,2.836409556,3.144764701,3.983929602,4.463128588,,,
12/01/2043,2.458823309,2.651626069,2.837824433,3.147037268,3.986939068,4.467517455,,,
01/01/2044,2.458951771,2.652443088,2.8392852,3.149382467,3.990042333,4.472040028,,,
02/01/2044,2.459080101,2.653259228,2.840744189,3.151724075,3.993139208,4.476550324,,,
03/01/2044,2.459200024,2.654021933,2.84210747,3.15391143,3.996030667,4.48075879,,,
04/01/2044,2.459327859,2.654836043,2.843562633,3.156245615,3.999114971,4.485244788,,,
05/01/2044,2.459451335,2.655622872,2.844969014,3.158501015,4.002093998,4.489575089,,,
06/01/2044,2.459579109,2.656435347,2.846420789,3.160828307,4.005165972,4.494037631,,,
07/01/2044,2.459702404,2.657220511,2.847823746,3.163076782,4.008132761,4.498344499,,,
08/01/2044,2.459830821,2.65803196,2.849272696,3.165397677,4.011192238,4.502783303,,,
09/01/2044,2.45995868,2.658842099,2.850719485,3.167714723,4.014245968,4.507211093,,,
10/01/2044,2.460082307,2.6596253,2.852118012,3.169953869,4.017195798,4.511485801,,,
11/01/2044,2.460210092,2.660433897,2.853561561,3.172264326,4.020237808,4.515891472,,,
12/01/2044,2.460333949,2.661215917,2.854957276,3.174497456,4.023176596,4.520145228,,,
01/01/2045,2.460462585,2.662023915,2.856398559,3.176802372,4.026207365,4.524529522,,,
02/01/2045,2.460590989,2.662830932,2.857837978,3.179103698,4.02923212,4.528902496,,,
03/01/2045,2.460706509,2.66355877,2.859136302,3.181179123,4.031959347,4.53284319,,,
04/01/2045,2.460834522,2.664363956,2.860572242,3.183473759,4.034973124,4.537195361,,,
05/01/2045,2.460958591,2.665142658,2.861960542,3.185691482,4.037884229,4.541396936,,,
06/01/2045,2.461086657,2.665946414,2.863393334,3.187979623,4.040886458,4.545727426,,,
07/01/2045,2.461209829,2.666722766,2.864777679,3.190190043,4.043786331,4.549907905,,,
08/01/2045,2.46133736,2.667524482,2.866207001,3.19247104,4.046777008,4.554216779,,,
09/01/2045,2.461464133,2.668324688,2.867634099,3.194748019,4.049761997,4.55851514,,,
10/01/2045,2.461587133,2.669098698,2.869014094,3.196948805,4.052645363,4.562664958,,,
11/01/2045,2.461713337,2.669896848,2.870437668,3.199218706,4.055619083,4.566942311,,,
12/01/2045,2.461835197,2.670668271,2.871813644,3.201412046,4.058491528,4.571071877,,,
01/01/2046,2.461961367,2.671464912,2.873234457,3.203675545,4.061454218,4.575328957,,,
02/01/2046,2.462088199,2.672261488,2.874654658,3.205936576,4.064411653,4.579576277,,,
03/01/2046,2.462202913,2.67298053,2.875936457,3.207976312,4.067078257,4.583404083,,,
04/01/2046,2.462329597,2.673775552,2.877353912,3.210231099,4.070025171,4.587632099,,,
05/01/2046,2.462451607,2.674543658,2.878723814,3.21240967,4.072872202,4.59171483,,,
06/01/2046,2.462576594,2.675335529,2.880136849,3.21465647,4.075808417,4.595923123,,,
07/01/2046,2.462697757,2.676101365,2.881503204,3.216828065,4.078644796,4.599986431,,,
08/01/2046,2.462823356,2.676892369,2.882914035,3.21906946,4.081570146,4.604174873,,,
09/01/2046,2.462948284,2.67768196,2.884322799,3.221307275,4.084490169,4.608353734,,,
10/01/2046,2.463069632,2.678445835,2.885685226,3.22347055,4.087310934,4.612388555,,,
11/01/2046,2.46319467,2.679234095,2.887091359,3.225702766,4.090220812,4.616548965,,,
12/01/2046,2.463315808,2.679996399,2.888451007,3.227860493,4.093032192,4.620566802,,,
01/01/2047,2.463440912,2.68078332,2.889854485,3.230087111,4.095931875,4.624708843,,,
02/01/2047,2.46356555,2.681569047,2.891256014,3.232310506,4.098826174,4.628841026,,,
03/01/2047,2.463678359,2.682278497,2.892520974,3.234316733,4.101436098,4.632565703,,,
04/01/2047,2.463802277,2.683062309,2.893919007,3.236534066,4.104320336,4.636679766,,,
05/01/2047,2.463922431,2.683820412,2.895270734,3.238677293,4.107106317,4.640651706,,,
06/01/2047,2.464046705,2.684603339,2.896666229,3.240889384,4.109980269,4.644747375,,,
07/01/2047,2.464166438,2.685359962,2.89801488,3.243027078,4.112756933,4.648702793,,,
08/01/2047,2.464289893,2.686140948,2.899406813,3.245233029,4.115621149,4.652781191,,,
09/01/2047,2.464413452,2.686921428,2.900797432,3.247436324,4.11848039,4.656850743,,,
10/01/2047,2.464533082,2.687676205,2.902141894,3.249565949,4.12124266,4.66078055,,,
11/01/2047,2.46465693,2.688455747,2.903529992,3.251764051,4.124092225,4.66483284,,,
12/01/2047,2.464775908,2.689208679,2.904871093,3.253887737,4.126845144,4.668746081,,,
01/01/2048,2.464899142,2.689986356,2.906255741,3.256079669,4.129684863,4.672780991,,,
02/01/2048,2.465021969,2.690763008,2.907638632,3.258268583,4.132520283,4.676808256,,,
03/01/2048,2.465137514,2.691489648,2.908931716,3.260314506,4.135168524,4.680568133,,,
04/01/2048,2.465259491,2.692264201,2.91031095,3.262497044,4.13799432,4.684578211,,,
05/01/2048,2.465378106,2.693013728,2.911644926,3.264607195,4.140724451,4.688451095,,,
06/01/2048,2.465499913,2.693786846,2.913021244,3.266784306,4.14354126,4.692445423,,,
07/01/2048,2.465618173,2.69453478,2.914352203,3.268888977,4.146262801,4.696303098,,,
08/01/2048,2.46573978,2.69530636,2.915725558,3.271060638,4.149071035,4.700282333,,,
09/01/2048,2.465861826,2.69607774,2.917097992,3.273230102,4.151874661,4.704253433,,,
10/01/2048,2.465980623,2.696824309,2.918425567,3.275327718,4.154583518,4.708088799,,,
11/01/2048,2.46610257,2.697594277,2.919795134,3.277491605,4.157377818,4.712043485,,,
12/01/2048,2.46622074,2.698338928,2.921119327,3.279583217,4.160077594,4.715862909,,,
01/01/2049,2.466342676,2.699107563,2.922486115,3.281741665,4.16286298,4.719801918,,,
02/01/2049,2.466464061,2.699874962,2.923850937,3.283896689,4.165643516,4.723732413,,,
03/01/2049,2.466573168,2.700567004,2.925081966,3.285840313,4.168151095,4.727275805,,,
04/01/2049,2.466694235,2.701332789,2.926443746,3.287989691,4.170922808,4.731190975,,,
05/01/2049,2.466811136,2.702072983,2.927760038,3.290066942,4.173601022,4.73497275,,,
06/01/2049,2.466931835,2.702837078,2.929118643,3.292210459,4.176363719,4.738872224,,,
07/01/2049,2.467049218,2.703576527,2.930432695,3.294282879,4.179033229,4.742638914,,,
08/01/2049,2.467169996,2.704339438,2.931788609,3.296421093,4.181787091,4.746523237,,,
09/01/2049,2.467290945,2.705101849,2.93314327,3.298556699,4.184536421,4.750399746,,,
10/01/2049,2.467407768,2.705838826,2.934452673,3.300620601,4.187192861,4.754143974,,,
11/01/2049,2.467528003,2.706599261,2.93580382,3.302750054,4.189933366,4.75800531,,,
12/01/2049,2.467644001,2.70733418,2.937109689,3.304807872,4.192581294,4.761734928,,,
01/01/2050,2.46776419,2.708093245,2.938457993,3.306931856,4.19531304,4.765581262,,,
02/01/2050,2.467883686,2.708850945,2.939804188,3.309052404,4.198040368,4.769420044,,,
03/01/2050,2.467992204,2.709535367,2.941019534,3.310966085,4.200500177,4.772881213,,,
04/01/2050,2.468111718,2.710291808,2.942363048,3.313081436,4.203219143,4.776705743,,,
05/01/2050,2.468227404,2.711023246,2.943661928,3.315126021,4.205846314,4.780399955,,,
06/01/2050,2.4683469,2.711778349,2.945002644,3.31723599,4.208556707,4.784209923,,,
07/01/2050,2.468462879,2.712508806,2.946299128,3.319275686,4.211175618,4.787890119,,,
08/01/2050,2.468582885,2.713263097,2.94763756,3.321380775,4.21387746,4.791685539,,,
09/01/2050,2.468701769,2.714015583,2.948973436,3.323481978,4.216574914,4.795473519,,,
10/01/2050,2.468817018,2.71474337,2.950265126,3.32551313,4.219181497,4.799132835,,,
11/01/2050,2.468936382,2.715495015,2.951598722,3.327609514,4.221870577,4.802906712,,,
12/01/2050,2.469052131,2.716222009,2.952888187,3.329635921,4.224468818,4.806551938,,,
01/01/2051,2.469170992,2.716971825,2.954218519,3.331726522,4.227149633,4.810311948,,,
02/01/2051,2.469289477,2.717720597,2.955547093,3.333814104,4.229826248,4.814064963,,,
03/01/2051,2.469397177,2.718397055,2.95674666,3.335698216,4.232240545,4.817449274,,,
04/01/2051,2.469515881,2.719144786,2.958072826,3.337781005,4.234909292,4.821189157,,,
05/01/2051,2.469631291,2.719868305,2.959355438,3.339794647,4.23748805,4.82480187,,,
06/01/2051,2.469750386,2.720615107,2.960679232,3.341872552,4.240148569,4.828527935,,,
07/01/2051,2.469865064,2.721336594,2.961958389,3.343880246,4.242719195,4.832126932,,,
08/01/2051,2.469983666,2.722081569,2.963278937,3.345952423,4.24537165,4.835839558,,,
09/01/2051,2.47010195,2.722825569,2.96459781,3.34802171,4.248020083,4.83954554,,,
10/01/2051,2.470215727,2.72354425,2.96587214,3.350021062,4.250579164,4.843125443,,,
11/01/2051,2.470332797,2.724285696,2.967186984,3.352083748,4.253219135,4.846817236,,,
12/01/2051,2.470446603,2.725003095,2.968458629,3.354077966,4.255770164,4.850383763,,,
01/01/2052,2.470563899,2.725743429,2.969770935,3.356135632,4.258401998,4.854062104,,,
02/01/2052,2.470681134,2.726483021,2.97108178,3.358190587,4.261029712,4.857733668,,,
03/01/2052,2.470790716,2.7271742,2.97230676,3.360110646,4.263484593,4.861162989,,,
04/01/2052,2.470907987,2.727912519,2.973615011,3.362160743,4.266104958,4.864822588,,,
05/01/2052,2.471021356,2.728626284,2.974879675,3.364142209,4.268637127,4.868358125,,,
06/01/2052,2.471138452,2.729363099,2.976185045,3.366187058,4.271249681,4.872004927,,,
07/01/2052,2.471251792,2.730075525,2.977447025,3.36816353,4.273774272,4.875528031,,,
08/01/2052,2.471368646,2.730810745,2.978749369,3.370202901,4.276378853,4.879161612,,,
09/01/2052,2.471485662,2.731545479,2.980050583,3.372240054,4.278979996,4.882789705,,,
10/01/2052,2.471598856,2.732255847,2.981308514,3.374209081,4.281493525,4.886294725,,,
11/01/2052,2.471715479,2.732988872,2.982606616,3.376240723,4.284086741,4.889909756,,,
12/01/2052,2.471828551,2.733697859,2.983861855,3.378204832,4.286593132,4.893403116,,,
01/01/2053,2.471945099,2.734429528,2.985157291,3.380231587,4.289179087,4.897006435,,,
02/01/2053,2.472061587,2.735160458,2.98645125,3.382255605,4.291760973,4.900602976,,,
03/01/2053,2.472166535,2.735819815,2.987618528,3.38408123,4.294089509,4.903845675,,,
04/01/2053,2.472282723,2.73654913,2.988909493,3.386099892,4.29666363,4.907429542,,,
05/01/2053,2.47239516,2.737254299,2.990157566,3.388051129,4.2991513,4.910892312,,,
06/01/2053,2.472511148,2.737982117,2.991445684,3.390064661,4.301718002,4.914464187,,,
07/01/2053,2.472623367,2.738685808,2.992690956,3.392010857,4.304198328,4.917915082,,,
08/01/2053,2.47273919,2.739412158,2.993976249,3.394019274,4.306757538,4.921474899,,,
09/01/2053,2.472854893,2.740137731,2.995260078,3.396025074,4.309312991,4.925028667,,,
10/01/2053,2.472966704,2.740839126,2.996501091,3.397963708,4.311782606,4.928462302,,,
11/01/2053,2.473082225,2.741563233,2.997782126,3.399964487,4.314330843,4.932004464,,,
12/01/2053,2.473193786,2.74226313,2.999020332,3.401898132,4.316793336,4.93542661,,,
01/01/2054,2.473309132,2.742985776,3.000298569,3.403893902,4.31933438,4.938957164,,,
02/01/2054,2.473424361,2.743707642,3.001575321,3.405887005,4.321871552,4.942481429,,,
03/01/2054,2.473528266,2.744358944,3.002727262,3.407685066,4.324160216,4.945659901,,,
04/01/2054,2.473643219,2.745079441,3.004001221,3.409673274,4.326690444,4.949173101,,,
05/01/2054,2.473754404,2.745776104,3.005232752,3.411594899,4.32913547,4.952567131,,,
06/01/2054,2.473869167,2.746495286,3.006503923,3.413578089,4.33165856,4.956068877,,,
07/01/2054,2.473980107,2.747190608,3.007732745,3.415494931,4.334096849,4.959452249,,,
08/01/2054,2.47409451,2.747908282,3.009000961,3.417472955,4.336612713,4.962942425,,,
09/01/2054,2.474208938,2.748625394,3.010267911,3.419448608,4.339125024,4.966426973,,,
10/01/2054,2.474320106,2.749319316,3.011493203,3.42135876,4.341553167,4.969794176,,,
11/01/2054,2.474434557,2.750035462,3.012757599,3.42332977,4.344058733,4.973268036,,,
12/01/2054,2.474545945,2.750728638,3.013980604,3.425235573,4.346480134,4.976624519,,,
01/01/2055,2.474660681,2.751444036,3.015242753,3.427202267,4.348979062,4.980087872,,,
02/01/2055,2.47477521,2.752158692,3.01650339,3.429166363,4.351474374,4.983545459,,,
03/01/2055,2.474878842,2.752803928,3.017641104,3.430938514,4.353725162,4.986663485,,,
04/01/2055,2.474993582,2.753517745,3.0188994,3.432898137,4.356213535,4.990109943,,,
05/01/2055,2.475104242,2.75420763,3.020115482,3.434791882,4.358618279,4.993439841,,,
06/01/2055,2.475218796,2.754920148,3.021370936,3.436746429,4.361099411,4.99687466,,,
07/01/2055,2.475328986,2.755608482,3.022583984,3.438634998,4.363497168,5.000193429,,,
08/01/2055,2.475442278,2.756318562,3.023835491,3.440583398,4.365971116,5.003616837,,,
09/01/2055,2.475555774,2.75702826,3.025085884,3.442529623,4.368441597,5.007034864,,,
10/01/2055,2.4756653,2.757714229,3.026294447,3.444410626,4.370829376,5.010337954,,,
11/01/2055,2.475778506,2.758422543,3.027542082,3.446352133,4.373293587,5.013746271,,,
12/01/2055,2.475887965,2.759107375,3.028748146,3.448228668,4.37567494,5.017039291,,,
01/01/2056,2.476000948,2.759814311,3.029992927,3.450165141,4.378131986,5.020436172,,,
02/01/2056,2.476114012,2.760520747,3.031236502,3.452099379,4.380585695,5.023827875,,,
03/01/2056,2.47622018,2.761181521,3.03239918,3.453907332,4.382878483,5.026996767,,,
04/01/2056,2.47633327,2.761886893,3.033640352,3.455837225,4.385325878,5.030378654,,,
05/01/2056,2.476442526,2.762568788,3.034840108,3.457702531,4.387691247,5.033646628,,,
06/01/2056,2.476555814,2.763273225,3.036078968,3.459628096,4.390132089,5.037018261,,,
07/01/2056,2.476664924,2.763953876,3.037276156,3.461488891,4.392491153,5.040276364,,,
08/01/2056,2.476778465,2.764657406,3.038512755,3.463410215,4.394925609,5.043638014,,,
09/01/2056,2.476891087,2.765359361,3.039747058,3.465328164,4.397356533,5.046994042,,,
10/01/2056,2.477000044,2.766038087,3.040940325,3.467182093,4.399706039,5.050237169,,,
11/01/2056,2.477112538,2.766738753,3.042171996,3.46909543,4.402130505,5.053583172,,,
12/01/2056,2.47722099,2.767415841,3.043362303,3.470944435,4.404473587,5.056816226,,,
01/01/2057,2.477333976,2.768115821,3.044591923,3.47285369,4.406891434,5.060151862,,,
02/01/2057,2.477446392,2.768814636,3.045819692,3.474760078,4.40930597,5.063482338,,,
03/01/2057,2.477547643,2.769445059,3.046927341,3.476479875,4.411484303,5.066486579,,,
04/01/2057,2.477659043,2.770141714,3.04815163,3.478380802,4.41389241,5.069806938,,,
05/01/2057,2.477767947,2.770816435,3.04933634,3.480219399,4.416219836,5.073015583,,,
06/01/2057,2.477879536,2.771512133,3.0505584,3.482116235,4.418621968,5.076326862,,,
07/01/2057,2.477986919,2.772184223,3.051739219,3.48394908,4.420943342,5.079526158,,,
08/01/2057,2.478098173,2.772878398,3.052958383,3.485840951,4.423338657,5.082826688,,,
09/01/2057,2.478209103,2.773571652,3.054175964,3.487730257,4.425730751,5.086122289,,,
10/01/2057,2.478317112,2.774242655,3.055353777,3.489557235,4.42804283,5.089307217,,,
11/01/2057,2.478428353,2.774935053,3.056569192,3.491442427,4.430428584,5.092592983,,,
12/01/2057,2.478535097,2.775603625,3.057743251,3.493263656,4.432734088,5.095767577,,,
01/01/2058,2.478645554,2.776294019,3.058955301,3.495143431,4.435113088,5.099042799,,,
02/01/2058,2.47875618,2.776983979,3.060166253,3.497021115,4.437488826,5.102313023,,,
03/01/2058,2.478856797,2.777607398,3.061259765,3.498716136,4.439632515,5.105263671,,,
04/01/2058,2.478966754,2.778295562,3.062467688,3.500588947,4.442002267,5.10852472,,,
05/01/2058,2.479073121,2.778960923,3.063635428,3.502399218,4.444292596,5.111676046,,,
06/01/2058,2.479182656,2.779647482,3.064840447,3.504267178,4.446655988,5.114927319,,,
07/01/2058,2.479289259,2.780311909,3.066005953,3.506073267,4.448939831,5.118068519,,,
08/01/2058,2.479398536,2.780996993,3.067208151,3.507936419,4.451296507,5.121309376,,,
09/01/2058,2.479508503,2.781682176,3.068409826,3.509798115,4.453650203,5.1245458,,,
10/01/2058,2.479614522,2.782344314,3.069571202,3.511597339,4.455925108,5.127673508,,,
11/01/2058,2.479724278,2.783028141,3.07077027,3.513454569,4.458272744,5.130900776,,,
12/01/2058,2.479830904,2.783689771,3.07192993,3.515250281,4.460541831,5.134019662,,,
01/01/2059,2.479941585,2.784373365,3.073127505,3.517104155,4.462883401,5.137237674,,,
02/01/2059,2.480051807,2.785055909,3.074323388,3.518955392,4.465221864,5.140450961,,,
03/01/2059,2.480151499,2.785672047,3.075402645,3.520625795,4.467331391,5.143349201,,,
04/01/2059,2.480261145,2.786352883,3.076595587,3.522472287,4.469663874,5.146553355,,,
05/01/2059,2.480367424,2.787011396,3.077749135,3.524257468,4.471918608,5.149650453,,,
06/01/2059,2.480477006,2.787691044,3.078939695,3.526099789,4.474245452,5.15284616,,,
07/01/2059,2.480582755,2.788347927,3.080090421,3.527880385,4.476494415,5.155934485,,,
08/01/2059,2.480692357,2.789026427,3.081278553,3.529718411,4.478815012,5.15912053,,,
09/01/2059,2.48080079,2.789703186,3.082464364,3.531553238,4.481132963,5.16230271,,,
10/01/2059,2.480906745,2.790358587,3.083611796,3.533327873,4.483373166,5.165377654,,,
11/01/2059,2.481016105,2.791035119,3.084796127,3.535159384,4.485684964,5.1685504,,,
12/01/2059,2.481122044,2.791689387,3.085941237,3.536929946,4.487919427,5.171616639,,,
01/01/2060,2.481230974,2.792364359,3.087122828,3.538756957,4.490225668,5.174781074,,,
02/01/2060,2.481339695,2.793038548,3.088303019,3.540581659,4.492528904,5.177940948,,,
03/01/2060,2.48144147,2.793668793,3.089406057,3.542286806,4.49468079,5.18089268,,,
04/01/2060,2.481549618,2.794341254,3.090583273,3.544106722,4.496977901,5.184043074,,,
05/01/2060,2.481653717,2.7949909,3.091720789,3.545865332,4.499197938,5.187087282,,,
06/01/2060,2.481761436,2.795661769,3.092895185,3.547680633,4.501489048,5.190228602,,,
07/01/2060,2.48186517,2.796309926,3.094030024,3.549434827,4.50370326,5.193263971,,,
08/01/2060,2.481973278,2.796980039,3.095202463,3.551246404,4.505988607,5.196396637,,,
09/01/2060,2.482080915,2.797649091,3.096373202,3.553055353,4.508270752,5.199524376,,,
10/01/2060,2.482185464,2.798296396,3.097505433,3.554804365,4.510476479,5.202547009,,,
11/01/2060,2.482293285,2.798964479,3.098673987,3.556609354,4.51275272,5.20566584,,,
12/01/2060,2.482396815,2.799609655,3.09980292,3.558353364,4.514952783,5.208679961,,,
01/01/2061,2.482505292,2.800277256,3.100969805,3.560154945,4.517223297,5.211790254,,,
