Date,Critical head + 50 feet,Critical head,base,Critical head + 20 feet,2015 water level scenario,Historical low scenario,Date_S,Measured Subsidence,Source
11/15/1927,0,0,0,0,0,0,11/15/1927,0,Leveling
12/01/1927,0.00150422,0.00150422,0.00150422,0.00150422,0.00150422,0.00150422,06/01/1947,0.358,Leveling
01/01/1928,0.000767522,0.000767522,0.000767522,0.000767522,0.000767522,0.000767522,06/25/1957,0.453,Leveling
02/01/1928,0.006693296,0.006693296,0.006693296,0.006693296,0.006693296,0.006693296,03/20/1959,0.492,Leveling
03/01/1928,0.007124449,0.007124449,0.007124449,0.007124449,0.007124449,0.007124449,05/01/1963,0.545,Leveling
04/01/1928,0.007417381,0.007417381,0.007417381,0.007417381,0.007417381,0.007417381,10/01/1964,0.617,Leveling
05/01/1928,0.007990804,0.007990804,0.007990804,0.007990804,0.007990804,0.007990804,03/01/1965,0.617,Leveling
06/01/1928,0.008655141,0.008655141,0.008655141,0.008655141,0.008655141,0.008655141,05/01/1966,0.709,Leveling
07/01/1928,0.008797912,0.008797912,0.008797912,0.008797912,0.008797912,0.008797912,11/01/1969,0.961854339,Leveling
08/01/1928,0.01091718,0.01091718,0.01091718,0.01091718,0.01091718,0.01091718,01/01/1975,0.99443308,Leveling
09/01/1928,0.013236809,0.013236809,0.013236809,0.013236809,0.013236809,0.013236809,01/01/1978,1.04856694,Leveling
10/01/1928,0.015890704,0.015890704,0.015890704,0.015890704,0.015890704,0.015890704,12/01/1981,1.05676904,Leveling
11/01/1928,0.014452007,0.014452007,0.014452007,0.014452007,0.014452007,0.014452007,01/01/2000,0.908828075,Leveling
12/01/1928,0.015651891,0.015651891,0.015651891,0.015651891,0.015651891,0.015651891,01/01/2006,1.047837437,Leveling
01/01/1929,0.01534452,0.01534452,0.01534452,0.01534452,0.01534452,0.01534452,02/01/2006,1.050462109,InSAR
02/01/1929,0.014081837,0.014081837,0.014081837,0.014081837,0.014081837,0.014081837,03/01/2006,1.050462109,InSAR
03/01/1929,0.012964489,0.012964489,0.012964489,0.012964489,0.012964489,0.012964489,04/01/2006,1.043900429,InSAR
04/01/1929,0.014580419,0.014580419,0.014580419,0.014580419,0.014580419,0.014580419,05/01/2006,1.039963421,InSAR
05/01/1929,0.018133469,0.018133469,0.018133469,0.018133469,0.018133469,0.018133469,12/01/2006,1.049805941,InSAR
06/01/1929,0.018115104,0.018115104,0.018115104,0.018115104,0.018115104,0.018115104,09/01/2007,1.053414865,InSAR
07/01/1929,0.019344012,0.019344012,0.019344012,0.019344012,0.019344012,0.019344012,10/01/2007,1.053086781,InSAR
08/01/1929,0.019277869,0.019277869,0.019277869,0.019277869,0.019277869,0.019277869,11/01/2007,1.052758697,InSAR
09/01/1929,0.017921651,0.017921651,0.017921651,0.017921651,0.017921651,0.017921651,12/01/2007,1.057351873,InSAR
10/01/1929,0.016891439,0.016891439,0.016891439,0.016891439,0.016891439,0.016891439,01/01/2008,1.059976545,InSAR
11/01/1929,0.018237191,0.018237191,0.018237191,0.018237191,0.018237191,0.018237191,02/01/2008,1.064897805,InSAR
12/01/1929,0.01954333,0.01954333,0.01954333,0.01954333,0.01954333,0.01954333,03/01/2008,1.071459485,InSAR
01/01/1930,0.017551465,0.017551465,0.017551465,0.017551465,0.017551465,0.017551465,04/01/2008,1.061616965,InSAR
02/01/1930,0.01802279,0.01802279,0.01802279,0.01802279,0.01802279,0.01802279,05/01/2008,1.061945049,InSAR
03/01/1930,0.019021798,0.019021798,0.019021798,0.019021798,0.019021798,0.019021798,06/01/2008,1.064569721,InSAR
04/01/1930,0.018573291,0.018573291,0.018573291,0.018573291,0.018573291,0.018573291,07/01/2008,1.065882057,InSAR
05/01/1930,0.018813973,0.018813973,0.018813973,0.018813973,0.018813973,0.018813973,07/01/2009,1.107220641,InSAR
06/01/1930,0.020653987,0.020653987,0.020653987,0.020653987,0.020653987,0.020653987,08/01/2009,1.107876809,InSAR
07/01/1930,0.020744404,0.020744404,0.020744404,0.020744404,0.020744404,0.020744404,09/01/2009,1.102299381,InSAR
08/01/1930,0.023295073,0.023295073,0.023295073,0.023295073,0.023295073,0.023295073,10/01/2009,1.105252137,InSAR
09/01/1930,0.021582093,0.021582093,0.021582093,0.021582093,0.021582093,0.021582093,11/01/2009,1.109845313,InSAR
10/01/1930,0.022668348,0.022668348,0.022668348,0.022668348,0.022668348,0.022668348,12/01/2009,1.118047413,InSAR
11/01/1930,0.022337927,0.022337927,0.022337927,0.022337927,0.022337927,0.022337927,01/01/2010,1.127233765,InSAR
12/01/1930,0.018772023,0.018772023,0.018772023,0.018772023,0.018772023,0.018772023,02/01/2010,1.127889933,InSAR
01/01/1931,0.0180847,0.0180847,0.0180847,0.0180847,0.0180847,0.0180847,03/01/2010,1.121000169,InSAR
02/01/1931,0.016927945,0.016927945,0.016927945,0.016927945,0.016927945,0.016927945,04/01/2010,1.123624841,InSAR
03/01/1931,0.014434678,0.014434678,0.014434678,0.014434678,0.014434678,0.014434678,05/01/2010,1.125265261,InSAR
04/01/1931,0.013247587,0.013247587,0.013247587,0.013247587,0.013247587,0.013247587,06/01/2010,1.126905681,InSAR
05/01/1931,0.012351146,0.012351146,0.012351146,0.012351146,0.012351146,0.012351146,07/01/2010,1.125593345,InSAR
06/01/1931,0.011595172,0.011595172,0.011595172,0.011595172,0.011595172,0.011595172,08/01/2010,1.123296757,InSAR
07/01/1931,0.009116255,0.009116255,0.009116255,0.009116255,0.009116255,0.009116255,01/01/2013,1.222512238,Leveling
08/01/1931,0.009712576,0.009712576,0.009712576,0.009712576,0.009712576,0.009712576,05/20/2015,1.426847792,InSAR
09/01/1931,0.008259759,0.008259759,0.008259759,0.008259759,0.008259759,0.008259759,05/26/2015,1.431769052,InSAR
10/01/1931,0.010652506,0.010652506,0.010652506,0.010652506,0.010652506,0.010652506,06/01/2015,1.435049892,InSAR
11/01/1931,0.011222636,0.011222636,0.011222636,0.011222636,0.011222636,0.011222636,06/07/2015,1.430456716,InSAR
12/01/1931,0.009890765,0.009890765,0.009890765,0.009890765,0.009890765,0.009890765,06/13/2015,1.42586354,InSAR
01/01/1932,0.008184765,0.008184765,0.008184765,0.008184765,0.008184765,0.008184765,06/19/2015,1.424551204,InSAR
02/01/1932,0.005762083,0.005762083,0.005762083,0.005762083,0.005762083,0.005762083,06/25/2015,1.421270364,InSAR
03/01/1932,0.00556296,0.00556296,0.00556296,0.00556296,0.00556296,0.00556296,07/01/2015,1.41930186,InSAR
04/01/1932,0.006082906,0.006082906,0.006082906,0.006082906,0.006082906,0.006082906,07/07/2015,1.417005272,InSAR
05/01/1932,0.003807709,0.003807709,0.003807709,0.003807709,0.003807709,0.003807709,07/13/2015,1.41602102,InSAR
06/01/1932,0.005093158,0.005093158,0.005093158,0.005093158,0.005093158,0.005093158,07/20/2015,1.414708684,InSAR
07/01/1932,0.005439394,0.005439394,0.005439394,0.005439394,0.005439394,0.005439394,07/26/2015,1.412084012,InSAR
08/01/1932,0.006345168,0.006345168,0.006345168,0.006345168,0.006345168,0.006345168,08/01/2015,1.40945934,InSAR
09/01/1932,0.006697038,0.006697038,0.006697038,0.006697038,0.006697038,0.006697038,08/07/2015,1.405522332,InSAR
10/01/1932,0.006368203,0.006368203,0.006368203,0.006368203,0.006368203,0.006368203,08/13/2015,1.405194248,InSAR
11/01/1932,0.006204195,0.006204195,0.006204195,0.006204195,0.006204195,0.006204195,08/20/2015,1.407162752,InSAR
12/01/1932,0.006298171,0.006298171,0.006298171,0.006298171,0.006298171,0.006298171,08/26/2015,1.407490836,InSAR
01/01/1933,0.004886002,0.004886002,0.004886002,0.004886002,0.004886002,0.004886002,09/01/2015,1.408803172,InSAR
02/01/1933,0.002283772,0.002283772,0.002283772,0.002283772,0.002283772,0.002283772,09/07/2015,1.410115508,InSAR
03/01/1933,0.004158874,0.004158874,0.004158874,0.004158874,0.004158874,0.004158874,09/13/2015,1.412412096,InSAR
04/01/1933,0.003791583,0.003791583,0.003791583,0.003791583,0.003791583,0.003791583,09/19/2015,1.411755928,InSAR
05/01/1933,0.006851511,0.006851511,0.006851511,0.006851511,0.006851511,0.006851511,09/25/2015,1.410443592,InSAR
06/01/1933,0.005267675,0.005267675,0.005267675,0.005267675,0.005267675,0.005267675,10/01/2015,1.408803172,InSAR
07/01/1933,0.00482859,0.00482859,0.00482859,0.00482859,0.00482859,0.00482859,10/07/2015,1.410771676,InSAR
08/01/1933,0.00452487,0.00452487,0.00452487,0.00452487,0.00452487,0.00452487,10/13/2015,1.40945934,InSAR
09/01/1933,0.001071053,0.001071053,0.001071053,0.001071053,0.001071053,0.001071053,10/20/2015,1.403881912,InSAR
10/01/1933,-0.000376698,-0.000376698,-0.000376698,-0.000376698,-0.000376698,-0.000376698,10/26/2015,1.40453808,InSAR
11/01/1933,0.001682226,0.001682226,0.001682226,0.001682226,0.001682226,0.001682226,11/01/2015,1.4061785,InSAR
12/01/1933,0.001408574,0.001408574,0.001408574,0.001408574,0.001408574,0.001408574,11/07/2015,1.40945934,InSAR
01/01/1934,0.003121418,0.003121418,0.003121418,0.003121418,0.003121418,0.003121418,11/13/2015,1.4143806,InSAR
02/01/1934,0.003615667,0.003615667,0.003615667,0.003615667,0.003615667,0.003615667,11/19/2015,1.420286112,InSAR
03/01/1934,0.005204547,0.005204547,0.005204547,0.005204547,0.005204547,0.005204547,11/25/2015,1.426191624,InSAR
04/01/1934,0.005694289,0.005694289,0.005694289,0.005694289,0.005694289,0.005694289,12/01/2015,1.430128632,InSAR
05/01/1934,0.005245897,0.005245897,0.005245897,0.005245897,0.005245897,0.005245897,12/07/2015,1.434393724,InSAR
06/01/1934,0.004171851,0.004171851,0.004171851,0.004171851,0.004171851,0.004171851,12/13/2015,1.431112884,InSAR
07/01/1934,0.004733276,0.004733276,0.004733276,0.004733276,0.004733276,0.004733276,12/20/2015,1.425207372,InSAR
08/01/1934,0.004680193,0.004680193,0.004680193,0.004680193,0.004680193,0.004680193,12/26/2015,1.424551204,InSAR
09/01/1934,0.005158956,0.005158956,0.005158956,0.005158956,0.005158956,0.005158956,01/01/2016,1.431112884,Leveling
10/01/1934,0.003943522,0.003943522,0.003943522,0.003943522,0.003943522,0.003943522,01/07/2016,1.435377976,InSAR
11/01/1934,0.004675694,0.004675694,0.004675694,0.004675694,0.004675694,0.004675694,01/13/2016,1.442923908,InSAR
12/01/1934,0.00502036,0.00502036,0.00502036,0.00502036,0.00502036,0.00502036,01/20/2016,1.445220496,InSAR
01/01/1935,0.003463746,0.003463746,0.003463746,0.003463746,0.003463746,0.003463746,01/26/2016,1.450797924,InSAR
02/01/1935,0.003501117,0.003501117,0.003501117,0.003501117,0.003501117,0.003501117,02/01/2016,1.446204748,InSAR
03/01/1935,0.005280399,0.005280399,0.005280399,0.005280399,0.005280399,0.005280399,02/07/2016,1.439971152,InSAR
04/01/1935,0.005403284,0.005403284,0.005403284,0.005403284,0.005403284,0.005403284,02/13/2016,1.44390816,InSAR
05/01/1935,0.008180364,0.008180364,0.008180364,0.008180364,0.008180364,0.008180364,02/18/2016,1.447189,InSAR
06/01/1935,0.007200771,0.007200771,0.007200771,0.007200771,0.007200771,0.007200771,02/24/2016,1.446204748,InSAR
07/01/1935,0.00937111,0.00937111,0.00937111,0.00937111,0.00937111,0.00937111,03/01/2016,1.439314984,InSAR
08/01/1935,0.008137364,0.008137364,0.008137364,0.008137364,0.008137364,0.008137364,03/07/2016,1.43734648,InSAR
09/01/1935,0.00979382,0.00979382,0.00979382,0.00979382,0.00979382,0.00979382,03/13/2016,1.4389869,InSAR
10/01/1935,0.007626863,0.007626863,0.007626863,0.007626863,0.007626863,0.007626863,03/20/2016,1.439314984,InSAR
11/01/1935,0.010218876,0.010218876,0.010218876,0.010218876,0.010218876,0.010218876,03/26/2016,1.441283488,InSAR
12/01/1935,0.012183267,0.012183267,0.012183267,0.012183267,0.012183267,0.012183267,04/01/2016,1.444236244,InSAR
01/01/1936,0.009560358,0.009560358,0.009560358,0.009560358,0.009560358,0.009560358,04/07/2016,1.446204748,InSAR
02/01/1936,0.007629082,0.007629082,0.007629082,0.007629082,0.007629082,0.007629082,04/13/2016,1.443580076,InSAR
03/01/1936,0.008624094,0.008624094,0.008624094,0.008624094,0.008624094,0.008624094,04/19/2016,1.441939656,InSAR
04/01/1936,0.010075505,0.010075505,0.010075505,0.010075505,0.010075505,0.010075505,04/25/2016,1.450141756,InSAR
05/01/1936,0.009877541,0.009877541,0.009877541,0.009877541,0.009877541,0.009877541,05/01/2016,1.458343856,InSAR
06/01/1936,0.008897399,0.008897399,0.008897399,0.008897399,0.008897399,0.008897399,05/07/2016,1.459000024,InSAR
07/01/1936,0.007849836,0.007849836,0.007849836,0.007849836,0.007849836,0.007849836,05/13/2016,1.459328108,InSAR
08/01/1936,0.006348805,0.006348805,0.006348805,0.006348805,0.006348805,0.006348805,05/20/2016,1.458015772,InSAR
09/01/1936,0.006832274,0.006832274,0.006832274,0.006832274,0.006832274,0.006832274,05/26/2016,1.456703436,InSAR
10/01/1936,0.004947649,0.004947649,0.004947649,0.004947649,0.004947649,0.004947649,06/01/2016,1.453094512,InSAR
11/01/1936,0.004928666,0.004928666,0.004928666,0.004928666,0.004928666,0.004928666,06/07/2016,1.451126008,InSAR
12/01/1936,0.003548136,0.003548136,0.003548136,0.003548136,0.003548136,0.003548136,06/13/2016,1.45046984,InSAR
01/01/1937,0.00447255,0.00447255,0.00447255,0.00447255,0.00447255,0.00447255,06/19/2016,1.44882942,InSAR
02/01/1937,0.002783037,0.002783037,0.002783037,0.002783037,0.002783037,0.002783037,06/25/2016,1.446204748,InSAR
03/01/1937,0.005366204,0.005366204,0.005366204,0.005366204,0.005366204,0.005366204,07/01/2016,1.445876664,InSAR
04/01/1937,0.004241145,0.004241145,0.004241145,0.004241145,0.004241145,0.004241145,07/07/2016,1.446204748,InSAR
05/01/1937,0.005828395,0.005828395,0.005828395,0.005828395,0.005828395,0.005828395,07/13/2016,1.445220496,InSAR
06/01/1937,0.007174963,0.007174963,0.007174963,0.007174963,0.007174963,0.007174963,07/20/2016,1.442595824,InSAR
07/01/1937,0.008157152,0.008157152,0.008157152,0.008157152,0.008157152,0.008157152,07/26/2016,1.441611572,InSAR
08/01/1937,0.007849801,0.007849801,0.007849801,0.007849801,0.007849801,0.007849801,08/01/2016,1.44226774,InSAR
09/01/1937,0.006772831,0.006772831,0.006772831,0.006772831,0.006772831,0.006772831,08/07/2016,1.444564328,InSAR
10/01/1937,0.006847701,0.006847701,0.006847701,0.006847701,0.006847701,0.006847701,08/13/2016,1.44554858,InSAR
11/01/1937,0.005253659,0.005253659,0.005253659,0.005253659,0.005253659,0.005253659,08/20/2016,1.451126008,InSAR
12/01/1937,0.006905204,0.006905204,0.006905204,0.006905204,0.006905204,0.006905204,08/26/2016,1.451126008,InSAR
01/01/1938,0.00542345,0.00542345,0.00542345,0.00542345,0.00542345,0.00542345,09/01/2016,1.453094512,InSAR
02/01/1938,0.002935549,0.002935549,0.002935549,0.002935549,0.002935549,0.002935549,09/07/2016,1.451454092,InSAR
03/01/1938,0.002741343,0.002741343,0.002741343,0.002741343,0.002741343,0.002741343,09/13/2016,1.449485588,InSAR
04/01/1938,0.001353389,0.001353389,0.001353389,0.001353389,0.001353389,0.001353389,09/19/2016,1.446204748,InSAR
05/01/1938,0.000865091,0.000865091,0.000865091,0.000865091,0.000865091,0.000865091,09/25/2016,1.44390816,InSAR
06/01/1938,0.003811324,0.003811324,0.003811324,0.003811324,0.003811324,0.003811324,10/01/2016,1.4389869,InSAR
07/01/1938,0.00466664,0.00466664,0.00466664,0.00466664,0.00466664,0.00466664,10/07/2016,1.437018396,InSAR
08/01/1938,0.00680141,0.00680141,0.00680141,0.00680141,0.00680141,0.00680141,10/13/2016,1.441939656,InSAR
09/01/1938,0.005989785,0.005989785,0.005989785,0.005989785,0.005989785,0.005989785,10/20/2016,1.44390816,InSAR
10/01/1938,0.007904507,0.007904507,0.007904507,0.007904507,0.007904507,0.007904507,10/26/2016,1.446860916,InSAR
11/01/1938,0.007312971,0.007312971,0.007312971,0.007312971,0.007312971,0.007312971,11/01/2016,1.452438344,InSAR
12/01/1938,0.007919466,0.007919466,0.007919466,0.007919466,0.007919466,0.007919466,11/07/2016,1.45867194,InSAR
01/01/1939,0.007499771,0.007499771,0.007499771,0.007499771,0.007499771,0.007499771,11/13/2016,1.46195278,InSAR
02/01/1939,0.00908688,0.00908688,0.00908688,0.00908688,0.00908688,0.00908688,11/19/2016,1.463265116,InSAR
03/01/1939,0.009933379,0.009933379,0.009933379,0.009933379,0.009933379,0.009933379,11/25/2016,1.463265116,InSAR
04/01/1939,0.01042041,0.01042041,0.01042041,0.01042041,0.01042041,0.01042041,12/01/2016,1.462937032,InSAR
05/01/1939,0.011006013,0.011006013,0.011006013,0.011006013,0.011006013,0.011006013,12/07/2016,1.4635932,InSAR
06/01/1939,0.011122707,0.011122707,0.011122707,0.011122707,0.011122707,0.011122707,12/13/2016,1.465561704,InSAR
07/01/1939,0.008816493,0.008816493,0.008816493,0.008816493,0.008816493,0.008816493,12/20/2016,1.467858292,InSAR
08/01/1939,0.009693265,0.009693265,0.009693265,0.009693265,0.009693265,0.009693265,12/26/2016,1.468186376,InSAR
09/01/1939,0.01092018,0.01092018,0.01092018,0.01092018,0.01092018,0.01092018,01/01/2017,1.39961682,Leveling
10/01/1939,0.012817692,0.012817692,0.012817692,0.012817692,0.012817692,0.012817692,01/07/2017,1.477700812,InSAR
11/01/1939,0.012970658,0.012970658,0.012970658,0.012970658,0.012970658,0.012970658,01/13/2017,1.476060392,InSAR
12/01/1939,0.012792355,0.012792355,0.012792355,0.012792355,0.012792355,0.012792355,01/20/2017,1.476388476,InSAR
01/01/1940,0.013047727,0.013047727,0.013047727,0.013047727,0.013047727,0.013047727,01/26/2017,1.480653568,InSAR
02/01/1940,0.014046449,0.014046449,0.014046449,0.014046449,0.014046449,0.014046449,02/01/2017,1.490168004,InSAR
03/01/1940,0.01544289,0.01544289,0.01544289,0.01544289,0.01544289,0.01544289,02/07/2017,1.488527584,InSAR
04/01/1940,0.014607887,0.014607887,0.014607887,0.014607887,0.014607887,0.014607887,02/12/2017,1.490496088,InSAR
05/01/1940,0.013131444,0.013131444,0.013131444,0.013131444,0.013131444,0.013131444,02/18/2017,1.485246744,InSAR
06/01/1940,0.014112053,0.014112053,0.014112053,0.014112053,0.014112053,0.014112053,02/23/2017,1.486230996,InSAR
07/01/1940,0.015247845,0.015247845,0.015247845,0.015247845,0.015247845,0.015247845,03/01/2017,1.494433096,InSAR
08/01/1940,0.014854489,0.014854489,0.014854489,0.014854489,0.014854489,0.014854489,03/07/2017,1.493776928,InSAR
09/01/1940,0.016413373,0.016413373,0.016413373,0.016413373,0.016413373,0.016413373,03/13/2017,1.49312076,InSAR
10/01/1940,0.016266101,0.016266101,0.016266101,0.016266101,0.016266101,0.016266101,03/20/2017,1.492136508,InSAR
11/01/1940,0.018734224,0.018734224,0.018734224,0.018734224,0.018734224,0.018734224,03/26/2017,1.487543332,InSAR
12/01/1940,0.019823779,0.019823779,0.019823779,0.019823779,0.019823779,0.019823779,04/01/2017,1.481309736,InSAR
01/01/1941,0.01921176,0.01921176,0.01921176,0.01921176,0.01921176,0.01921176,04/07/2017,1.486887164,InSAR
02/01/1941,0.019890172,0.019890172,0.019890172,0.019890172,0.019890172,0.019890172,04/13/2017,1.495745432,InSAR
03/01/1941,0.019031081,0.019031081,0.019031081,0.019031081,0.019031081,0.019031081,04/19/2017,1.495089264,InSAR
04/01/1941,0.020347774,0.020347774,0.020347774,0.020347774,0.020347774,0.020347774,04/25/2017,1.493776928,InSAR
05/01/1941,0.019590393,0.019590393,0.019590393,0.019590393,0.019590393,0.019590393,05/01/2017,1.49804202,InSAR
06/01/1941,0.020270075,0.020270075,0.020270075,0.020270075,0.020270075,0.020270075,05/07/2017,1.500994776,InSAR
07/01/1941,0.021852437,0.021852437,0.021852437,0.021852437,0.021852437,0.021852437,05/13/2017,1.501650944,InSAR
08/01/1941,0.021499023,0.021499023,0.021499023,0.021499023,0.021499023,0.021499023,05/20/2017,1.498370104,InSAR
09/01/1941,0.022013326,0.022013326,0.022013326,0.022013326,0.022013326,0.022013326,05/26/2017,1.493776928,InSAR
10/01/1941,0.020865822,0.020865822,0.020865822,0.020865822,0.020865822,0.020865822,06/01/2017,1.488527584,InSAR
11/01/1941,0.021492035,0.021492035,0.021492035,0.021492035,0.021492035,0.021492035,06/07/2017,1.483934408,InSAR
12/01/1941,0.020199582,0.020199582,0.020199582,0.020199582,0.020199582,0.020199582,06/13/2017,1.481965904,InSAR
01/01/1942,0.02065162,0.02065162,0.02065162,0.02065162,0.02065162,0.02065162,06/19/2017,1.481965904,InSAR
02/01/1942,0.020853539,0.020853539,0.020853539,0.020853539,0.020853539,0.020853539,06/25/2017,1.483606324,InSAR
03/01/1942,0.020088584,0.020088584,0.020088584,0.020088584,0.020088584,0.020088584,07/01/2017,1.485902912,InSAR
04/01/1942,0.021063789,0.021063789,0.021063789,0.021063789,0.021063789,0.021063789,07/07/2017,1.487871416,InSAR
05/01/1942,0.017139705,0.017139705,0.017139705,0.017139705,0.017139705,0.017139705,07/13/2017,1.48983992,InSAR
06/01/1942,0.016698058,0.016698058,0.016698058,0.016698058,0.016698058,0.016698058,07/20/2017,1.49148034,InSAR
07/01/1942,0.014966135,0.014966135,0.014966135,0.014966135,0.014966135,0.014966135,07/26/2017,1.490168004,InSAR
08/01/1942,0.013057786,0.013057786,0.013057786,0.013057786,0.013057786,0.013057786,08/01/2017,1.490824172,InSAR
09/01/1942,0.01240328,0.01240328,0.01240328,0.01240328,0.01240328,0.01240328,08/07/2017,1.49476118,InSAR
10/01/1942,0.010759889,0.010759889,0.010759889,0.010759889,0.010759889,0.010759889,08/13/2017,1.496729684,InSAR
11/01/1942,0.009400516,0.009400516,0.009400516,0.009400516,0.009400516,0.009400516,08/20/2017,1.497057768,InSAR
12/01/1942,0.008566604,0.008566604,0.008566604,0.008566604,0.008566604,0.008566604,08/26/2017,1.493448844,InSAR
01/01/1943,0.007107423,0.007107423,0.007107423,0.007107423,0.007107423,0.007107423,09/01/2017,1.487871416,InSAR
02/01/1943,0.007411274,0.007411274,0.007411274,0.007411274,0.007411274,0.007411274,09/07/2017,1.484590576,InSAR
03/01/1943,0.010042164,0.010042164,0.010042164,0.010042164,0.010042164,0.010042164,09/13/2017,1.481965904,InSAR
04/01/1943,0.010432552,0.010432552,0.010432552,0.010432552,0.010432552,0.010432552,09/19/2017,1.480981652,InSAR
05/01/1943,0.012221476,0.012221476,0.012221476,0.012221476,0.012221476,0.012221476,09/25/2017,1.482293988,InSAR
06/01/1943,0.009725564,0.009725564,0.009725564,0.009725564,0.009725564,0.009725564,10/01/2017,1.482622072,InSAR
07/01/1943,0.009786696,0.009786696,0.009786696,0.009786696,0.009786696,0.009786696,10/07/2017,1.487871416,InSAR
08/01/1943,0.01170202,0.01170202,0.01170202,0.01170202,0.01170202,0.01170202,10/13/2017,1.491808424,InSAR
09/01/1943,0.012645018,0.012645018,0.012645018,0.012645018,0.012645018,0.012645018,10/20/2017,1.496729684,InSAR
10/01/1943,0.01344924,0.01344924,0.01344924,0.01344924,0.01344924,0.01344924,10/26/2017,1.50132286,InSAR
11/01/1943,0.012601949,0.012601949,0.012601949,0.012601949,0.012601949,0.012601949,11/01/2017,1.507556456,InSAR
12/01/1943,0.013163975,0.013163975,0.013163975,0.013163975,0.013163975,0.013163975,11/07/2017,1.50952496,InSAR
01/01/1944,0.013819225,0.013819225,0.013819225,0.013819225,0.013819225,0.013819225,11/13/2017,1.512477716,InSAR
02/01/1944,0.015866312,0.015866312,0.015866312,0.015866312,0.015866312,0.015866312,11/19/2017,1.51444622,InSAR
03/01/1944,0.015489516,0.015489516,0.015489516,0.015489516,0.015489516,0.015489516,11/25/2017,1.515758556,InSAR
04/01/1944,0.015692549,0.015692549,0.015692549,0.015692549,0.015692549,0.015692549,12/01/2017,1.517070892,InSAR
05/01/1944,0.015106852,0.015106852,0.015106852,0.015106852,0.015106852,0.015106852,12/07/2017,1.51608664,InSAR
06/01/1944,0.014849169,0.014849169,0.014849169,0.014849169,0.014849169,0.014849169,12/13/2017,1.513133884,InSAR
07/01/1944,0.014952875,0.014952875,0.014952875,0.014952875,0.014952875,0.014952875,12/20/2017,1.509853044,InSAR
08/01/1944,0.013854949,0.013854949,0.013854949,0.013854949,0.013854949,0.013854949,12/26/2017,1.509853044,InSAR
09/01/1944,0.013619793,0.013619793,0.013619793,0.013619793,0.013619793,0.013619793,01/01/2018,1.44226774,Leveling
10/01/1944,0.013217804,0.013217804,0.013217804,0.013217804,0.013217804,0.013217804,01/07/2018,1.511821548,InSAR
11/01/1944,0.013146003,0.013146003,0.013146003,0.013146003,0.013146003,0.013146003,01/13/2018,1.518055144,InSAR
12/01/1944,0.011985653,0.011985653,0.011985653,0.011985653,0.011985653,0.011985653,01/20/2018,1.518383228,InSAR
01/01/1945,0.012826142,0.012826142,0.012826142,0.012826142,0.012826142,0.012826142,01/26/2018,1.514774304,InSAR
02/01/1945,0.011507454,0.011507454,0.011507454,0.011507454,0.011507454,0.011507454,02/01/2018,1.513461968,InSAR
03/01/1945,0.011125177,0.011125177,0.011125177,0.011125177,0.011125177,0.011125177,02/07/2018,1.510509212,InSAR
04/01/1945,0.012785686,0.012785686,0.012785686,0.012785686,0.012785686,0.012785686,02/12/2018,1.513790052,InSAR
05/01/1945,0.013428042,0.013428042,0.013428042,0.013428042,0.013428042,0.013428042,02/18/2018,1.517398976,InSAR
06/01/1945,0.013566448,0.013566448,0.013566448,0.013566448,0.013566448,0.013566448,02/23/2018,1.514774304,InSAR
07/01/1945,0.015098202,0.015098202,0.015098202,0.015098202,0.015098202,0.015098202,03/01/2018,1.504931784,InSAR
08/01/1945,0.016187577,0.016187577,0.016187577,0.016187577,0.016187577,0.016187577,03/07/2018,1.508212624,InSAR
09/01/1945,0.01605358,0.01605358,0.01605358,0.01605358,0.01605358,0.01605358,03/13/2018,1.523632572,InSAR
10/01/1945,0.015053636,0.015053636,0.015053636,0.015053636,0.015053636,0.015053636,03/20/2018,1.526585328,InSAR
11/01/1945,0.015076366,0.015076366,0.015076366,0.015076366,0.015076366,0.015076366,03/26/2018,1.520679816,InSAR
12/01/1945,0.016337069,0.016337069,0.016337069,0.016337069,0.016337069,0.016337069,04/01/2018,1.523304488,InSAR
01/01/1946,0.017207902,0.017207902,0.017207902,0.017207902,0.017207902,0.017207902,04/07/2018,1.52592916,InSAR
02/01/1946,0.01534553,0.01534553,0.01534553,0.01534553,0.01534553,0.01534553,04/13/2018,1.527241496,InSAR
03/01/1946,0.013613774,0.013613774,0.013613774,0.013613774,0.013613774,0.013613774,04/19/2018,1.530522336,InSAR
04/01/1946,0.012149806,0.012149806,0.012149806,0.012149806,0.012149806,0.012149806,04/25/2018,1.532162756,InSAR
05/01/1946,0.012486929,0.012486929,0.012486929,0.012486929,0.012486929,0.012486929,05/01/2018,1.53085042,InSAR
06/01/1946,0.012196117,0.012196117,0.012196117,0.012196117,0.012196117,0.012196117,05/07/2018,1.529866168,InSAR
07/01/1946,0.012831575,0.012831575,0.012831575,0.012831575,0.012831575,0.012831575,05/13/2018,1.526585328,InSAR
08/01/1946,0.01353021,0.01353021,0.01353021,0.01353021,0.01353021,0.01353021,05/20/2018,1.520679816,InSAR
09/01/1946,0.013883679,0.013883679,0.013883679,0.013883679,0.013883679,0.013883679,05/26/2018,1.515102388,InSAR
10/01/1946,0.011663015,0.011663015,0.011663015,0.011663015,0.011663015,0.011663015,06/01/2018,1.508868792,InSAR
11/01/1946,0.011392465,0.011392465,0.011392465,0.011392465,0.011392465,0.011392465,06/07/2018,1.502635196,InSAR
12/01/1946,0.008788522,0.008788522,0.008788522,0.008788522,0.008788522,0.008788522,06/13/2018,1.50296328,InSAR
01/01/1947,0.008955444,0.008955444,0.008955444,0.008955444,0.008955444,0.008955444,06/19/2018,1.503619448,InSAR
02/01/1947,0.009055953,0.009055953,0.009055953,0.009055953,0.009055953,0.009055953,06/25/2018,1.502635196,InSAR
03/01/1947,0.009174621,0.009174621,0.009174621,0.009174621,0.009174621,0.009174621,07/01/2018,1.501650944,InSAR
04/01/1947,0.009320048,0.009320048,0.009320048,0.009320048,0.009320048,0.009320048,07/07/2018,1.501979028,InSAR
05/01/1947,0.009357714,0.009357714,0.009357714,0.009357714,0.009357714,0.009357714,07/13/2018,1.504275616,InSAR
06/01/1947,0.009527354,0.009527354,0.009527354,0.009527354,0.009527354,0.009527354,07/20/2018,1.50624412,InSAR
07/01/1947,0.007295624,0.007295624,0.007295624,0.007295624,0.007295624,0.007295624,07/26/2018,1.502635196,InSAR
08/01/1947,0.009363229,0.009363229,0.009363229,0.009363229,0.009363229,0.009363229,08/01/2018,1.50132286,InSAR
09/01/1947,0.010246017,0.010246017,0.010246017,0.010246017,0.010246017,0.010246017,08/07/2018,1.50624412,InSAR
10/01/1947,0.00973792,0.00973792,0.00973792,0.00973792,0.00973792,0.00973792,08/13/2018,1.508212624,InSAR
11/01/1947,0.01212892,0.01212892,0.01212892,0.01212892,0.01212892,0.01212892,08/20/2018,1.50296328,InSAR
12/01/1947,0.013404925,0.013404925,0.013404925,0.013404925,0.013404925,0.013404925,08/26/2018,1.503291364,InSAR
01/01/1948,0.011990065,0.011990065,0.011990065,0.011990065,0.011990065,0.011990065,09/01/2018,1.501650944,InSAR
02/01/1948,0.012279817,0.012279817,0.012279817,0.012279817,0.012279817,0.012279817,09/07/2018,1.506900288,InSAR
03/01/1948,0.012274384,0.012274384,0.012274384,0.012274384,0.012274384,0.012274384,09/13/2018,1.516414724,InSAR
04/01/1948,0.012866237,0.012866237,0.012866237,0.012866237,0.012866237,0.012866237,09/19/2018,1.515102388,InSAR
05/01/1948,0.011568557,0.011568557,0.011568557,0.011568557,0.011568557,0.011568557,09/25/2018,1.519039396,InSAR
06/01/1948,0.013128944,0.013128944,0.013128944,0.013128944,0.013128944,0.013128944,10/01/2018,1.52428874,InSAR
07/01/1948,0.016856608,0.016856608,0.016856608,0.016856608,0.016856608,0.016856608,10/07/2018,1.526257244,InSAR
08/01/1948,0.016544595,0.016544595,0.016544595,0.016544595,0.016544595,0.016544595,10/13/2018,1.523960656,InSAR
09/01/1948,0.015936359,0.015936359,0.015936359,0.015936359,0.015936359,0.015936359,10/20/2018,1.525272992,InSAR
10/01/1948,0.015694787,0.015694787,0.015694787,0.015694787,0.015694787,0.015694787,10/26/2018,1.525601076,InSAR
11/01/1948,0.015407897,0.015407897,0.015407897,0.015407897,0.015407897,0.015407897,11/01/2018,1.534787428,InSAR
12/01/1948,0.015067577,0.015067577,0.015067577,0.015067577,0.015067577,0.015067577,11/07/2018,1.545942284,InSAR
01/01/1949,0.017282237,0.017282237,0.017282237,0.017282237,0.017282237,0.017282237,11/13/2018,1.541677192,InSAR
02/01/1949,0.018270543,0.018270543,0.018270543,0.018270543,0.018270543,0.018270543,11/19/2018,1.533147008,InSAR
03/01/1949,0.017549448,0.017549448,0.017549448,0.017549448,0.017549448,0.017549448,11/25/2018,1.538068268,InSAR
04/01/1949,0.018958693,0.018958693,0.018958693,0.018958693,0.018958693,0.018958693,12/01/2018,1.536427848,InSAR
05/01/1949,0.021533422,0.021533422,0.021533422,0.021533422,0.021533422,0.021533422,12/07/2018,1.53905252,InSAR
06/01/1949,0.019721593,0.019721593,0.019721593,0.019721593,0.019721593,0.019721593,12/13/2018,1.541349108,InSAR
07/01/1949,0.021300875,0.021300875,0.021300875,0.021300875,0.021300875,0.021300875,12/20/2018,1.543645696,InSAR
08/01/1949,0.02139375,0.02139375,0.02139375,0.02139375,0.02139375,0.02139375,12/26/2018,1.545942284,InSAR
09/01/1949,0.021896309,0.021896309,0.021896309,0.021896309,0.021896309,0.021896309,01/01/2019,1.45703152,Leveling
10/01/1949,0.022322949,0.022322949,0.022322949,0.022322949,0.022322949,0.022322949,01/07/2019,1.543645696,InSAR
11/01/1949,0.023134411,0.023134411,0.023134411,0.023134411,0.023134411,0.023134411,01/13/2019,1.549223124,InSAR
12/01/1949,0.023181477,0.023181477,0.023181477,0.023181477,0.023181477,0.023181477,01/20/2019,1.555128636,InSAR
01/01/1950,0.021376163,0.021376163,0.021376163,0.021376163,0.021376163,0.021376163,01/26/2019,1.555784804,InSAR
02/01/1950,0.02139808,0.02139808,0.02139808,0.02139808,0.02139808,0.02139808,02/01/2019,1.554800552,InSAR
03/01/1950,0.023087271,0.023087271,0.023087271,0.023087271,0.023087271,0.023087271,02/07/2019,1.548566956,InSAR
04/01/1950,0.023959076,0.023959076,0.023959076,0.023959076,0.023959076,0.023959076,02/12/2019,1.543645696,InSAR
05/01/1950,0.024172005,0.024172005,0.024172005,0.024172005,0.024172005,0.024172005,02/18/2019,1.546926536,InSAR
06/01/1950,0.024010846,0.024010846,0.024010846,0.024010846,0.024010846,0.024010846,02/23/2019,1.552503964,InSAR
07/01/1950,0.021290924,0.021290924,0.021290924,0.021290924,0.021290924,0.021290924,03/01/2019,1.556440972,InSAR
08/01/1950,0.020021282,0.020021282,0.020021282,0.020021282,0.020021282,0.020021282,03/07/2019,1.564643072,InSAR
09/01/1950,0.017125799,0.017125799,0.017125799,0.017125799,0.017125799,0.017125799,03/13/2019,1.574157508,InSAR
10/01/1950,0.015800968,0.015800968,0.015800968,0.015800968,0.015800968,0.015800968,03/20/2019,1.579406852,InSAR
11/01/1950,0.014278632,0.014278632,0.014278632,0.014278632,0.014278632,0.014278632,03/26/2019,1.579406852,InSAR
12/01/1950,0.013195624,0.013195624,0.013195624,0.013195624,0.013195624,0.013195624,04/01/2019,1.575469844,InSAR
01/01/1951,0.012725663,0.012725663,0.012725663,0.012725663,0.012725663,0.012725663,04/07/2019,1.56858008,InSAR
02/01/1951,0.015286287,0.015286287,0.015286287,0.015286287,0.015286287,0.015286287,04/13/2019,1.561034148,InSAR
03/01/1951,0.013364645,0.013364645,0.013364645,0.013364645,0.013364645,0.013364645,04/19/2019,1.553160132,InSAR
04/01/1951,0.01303184,0.01303184,0.01303184,0.01303184,0.01303184,0.01303184,04/25/2019,1.545942284,InSAR
05/01/1951,0.014017691,0.014017691,0.014017691,0.014017691,0.014017691,0.014017691,05/01/2019,1.544958032,InSAR
06/01/1951,0.01520866,0.01520866,0.01520866,0.01520866,0.01520866,0.01520866,05/07/2019,1.544629948,InSAR
07/01/1951,0.015065929,0.015065929,0.015065929,0.015065929,0.015065929,0.015065929,05/13/2019,1.538396352,InSAR
08/01/1951,0.014342444,0.014342444,0.014342444,0.014342444,0.014342444,0.014342444,05/20/2019,1.528225748,InSAR
09/01/1951,0.015266918,0.015266918,0.015266918,0.015266918,0.015266918,0.015266918,05/26/2019,1.529538084,InSAR
10/01/1951,0.014742329,0.014742329,0.014742329,0.014742329,0.014742329,0.014742329,06/01/2019,1.540036772,InSAR
11/01/1951,0.014339513,0.014339513,0.014339513,0.014339513,0.014339513,0.014339513,06/07/2019,1.545286116,InSAR
12/01/1951,0.015613376,0.015613376,0.015613376,0.015613376,0.015613376,0.015613376,06/13/2019,1.539380604,InSAR
01/01/1952,0.015981275,0.015981275,0.015981275,0.015981275,0.015981275,0.015981275,06/19/2019,1.53905252,InSAR
02/01/1952,0.016341483,0.016341483,0.016341483,0.016341483,0.016341483,0.016341483,06/25/2019,1.541349108,InSAR
03/01/1952,0.016740212,0.016740212,0.016740212,0.016740212,0.016740212,0.016740212,07/01/2019,1.542661444,InSAR
04/01/1952,0.016735054,0.016735054,0.016735054,0.016735054,0.016735054,0.016735054,07/07/2019,1.545942284,InSAR
05/01/1952,0.016863068,0.016863068,0.016863068,0.016863068,0.016863068,0.016863068,07/13/2019,1.548566956,InSAR
06/01/1952,0.018336922,0.018336922,0.018336922,0.018336922,0.018336922,0.018336922,07/20/2019,1.55217588,InSAR
07/01/1952,0.017664003,0.017664003,0.017664003,0.017664003,0.017664003,0.017664003,07/26/2019,1.553160132,InSAR
08/01/1952,0.018473698,0.018473698,0.018473698,0.018473698,0.018473698,0.018473698,08/01/2019,1.555784804,InSAR
09/01/1952,0.018046175,0.018046175,0.018046175,0.018046175,0.018046175,0.018046175,08/07/2019,1.553160132,InSAR
10/01/1952,0.017949102,0.017949102,0.017949102,0.017949102,0.017949102,0.017949102,08/13/2019,1.551191628,InSAR
11/01/1952,0.018171534,0.018171534,0.018171534,0.018171534,0.018171534,0.018171534,08/20/2019,1.550207376,InSAR
12/01/1952,0.018221442,0.018221442,0.018221442,0.018221442,0.018221442,0.018221442,08/26/2019,1.55217588,InSAR
01/01/1953,0.019213715,0.019213715,0.019213715,0.019213715,0.019213715,0.019213715,09/01/2019,1.556112888,InSAR
02/01/1953,0.020012761,0.020012761,0.020012761,0.020012761,0.020012761,0.020012761,09/07/2019,1.556112888,InSAR
03/01/1953,0.020908588,0.020908588,0.020908588,0.020908588,0.020908588,0.020908588,09/13/2019,1.557753308,InSAR
04/01/1953,0.020647178,0.020647178,0.020647178,0.020647178,0.020647178,0.020647178,09/19/2019,1.555784804,InSAR
05/01/1953,0.020451747,0.020451747,0.020451747,0.020451747,0.020451747,0.020451747,09/25/2019,1.56037798,InSAR
06/01/1953,0.019830654,0.019830654,0.019830654,0.019830654,0.019830654,0.019830654,10/01/2019,1.556440972,InSAR
07/01/1953,0.020342546,0.020342546,0.020342546,0.020342546,0.020342546,0.020342546,10/07/2019,1.557753308,InSAR
08/01/1953,0.02200077,0.02200077,0.02200077,0.02200077,0.02200077,0.02200077,10/13/2019,1.551191628,InSAR
09/01/1953,0.022427643,0.022427643,0.022427643,0.022427643,0.022427643,0.022427643,10/20/2019,1.560049896,InSAR
10/01/1953,0.026296353,0.026296353,0.026296353,0.026296353,0.026296353,0.026296353,10/26/2019,1.561690316,InSAR
11/01/1953,0.025239159,0.025239159,0.025239159,0.025239159,0.025239159,0.025239159,11/01/2019,1.56693966,InSAR
12/01/1953,0.027312066,0.027312066,0.027312066,0.027312066,0.027312066,0.027312066,11/07/2019,1.567595828,InSAR
01/01/1954,0.027889775,0.027889775,0.027889775,0.027889775,0.027889775,0.027889775,11/13/2019,1.565627324,InSAR
02/01/1954,0.029541439,0.029541439,0.029541439,0.029541439,0.029541439,0.029541439,11/19/2019,1.56529924,InSAR
03/01/1954,0.031713982,0.031713982,0.031713982,0.031713982,0.031713982,0.031713982,11/25/2019,1.564643072,InSAR
04/01/1954,0.032623503,0.032623503,0.032623503,0.032623503,0.032623503,0.032623503,12/01/2019,1.573829424,InSAR
05/01/1954,0.03573884,0.03573884,0.03573884,0.03573884,0.03573884,0.03573884,12/07/2019,1.577766432,InSAR
06/01/1954,0.037912599,0.037912599,0.037912599,0.037912599,0.037912599,0.037912599,12/13/2019,1.578750684,InSAR
07/01/1954,0.040766369,0.040766369,0.040766369,0.040766369,0.040766369,0.040766369,12/20/2019,1.5784226,InSAR
08/01/1954,0.041589878,0.041589878,0.041589878,0.041589878,0.041589878,0.041589878,12/26/2019,1.588921288,InSAR
09/01/1954,0.044782531,0.044782531,0.044782531,0.044782531,0.044782531,0.044782531,01/01/2020,1.73262208,Leveling
10/01/1954,0.048398413,0.048398413,0.048398413,0.048398413,0.048398413,0.048398413,01/07/2020,1.590561708,InSAR
11/01/1954,0.04820361,0.04820361,0.04820361,0.04820361,0.04820361,0.04820361,01/13/2020,1.592858296,InSAR
12/01/1954,0.04875691,0.04875691,0.04875691,0.04875691,0.04875691,0.04875691,01/20/2020,1.589249372,InSAR
01/01/1955,0.05207802,0.05207802,0.05207802,0.05207802,0.05207802,0.05207802,01/26/2020,1.572845172,InSAR
02/01/1955,0.054816533,0.054816533,0.054816533,0.054816533,0.054816533,0.054816533,02/01/2020,1.572517088,InSAR
03/01/1955,0.058916392,0.058916392,0.058916392,0.058916392,0.058916392,0.058916392,02/07/2020,1.577110264,InSAR
04/01/1955,0.064432369,0.064432369,0.064432369,0.064432369,0.064432369,0.064432369,02/13/2020,1.577438348,InSAR
05/01/1955,0.068681964,0.068681964,0.068681964,0.068681964,0.068681964,0.068681964,02/18/2020,1.584328112,InSAR
06/01/1955,0.075879925,0.075879925,0.075879925,0.075879925,0.075879925,0.075879925,02/24/2020,1.587280868,InSAR
07/01/1955,0.079008043,0.079008043,0.079008043,0.079008043,0.079008043,0.079008043,03/01/2020,1.596139136,InSAR
08/01/1955,0.082862096,0.082862096,0.082862096,0.082862096,0.082862096,0.082862096,03/07/2020,1.599091892,InSAR
09/01/1955,0.087912309,0.087912309,0.087912309,0.087912309,0.087912309,0.087912309,03/13/2020,1.598435724,InSAR
10/01/1955,0.093081508,0.093081508,0.093081508,0.093081508,0.093081508,0.093081508,03/20/2020,1.59646722,InSAR
11/01/1955,0.098447623,0.098447623,0.098447623,0.098447623,0.098447623,0.098447623,03/26/2020,1.600732312,InSAR
12/01/1955,0.106822996,0.106822996,0.106822996,0.106822996,0.106822996,0.106822996,04/01/2020,1.601060396,InSAR
01/01/1956,0.111694959,0.111694959,0.111694959,0.111694959,0.111694959,0.111694959,04/07/2020,1.597451472,InSAR
02/01/1956,0.112921209,0.112921209,0.112921209,0.112921209,0.112921209,0.112921209,04/13/2020,1.59646722,InSAR
03/01/1956,0.115982329,0.115982329,0.115982329,0.115982329,0.115982329,0.115982329,04/19/2020,1.593842548,InSAR
04/01/1956,0.119439688,0.119439688,0.119439688,0.119439688,0.119439688,0.119439688,04/25/2020,1.585312364,InSAR
05/01/1956,0.118798786,0.118798786,0.118798786,0.118798786,0.118798786,0.118798786,05/01/2020,1.585968532,InSAR
06/01/1956,0.117075628,0.117075628,0.117075628,0.117075628,0.117075628,0.117075628,05/07/2020,1.587280868,InSAR
07/01/1956,0.118962161,0.118962161,0.118962161,0.118962161,0.118962161,0.118962161,05/13/2020,1.587608952,InSAR
08/01/1956,0.118386676,0.118386676,0.118386676,0.118386676,0.118386676,0.118386676,05/20/2020,1.590233624,InSAR
09/01/1956,0.118649321,0.118649321,0.118649321,0.118649321,0.118649321,0.118649321,05/26/2020,1.590889792,InSAR
10/01/1956,0.118438132,0.118438132,0.118438132,0.118438132,0.118438132,0.118438132,06/01/2020,1.590889792,InSAR
11/01/1956,0.117409758,0.117409758,0.117409758,0.117409758,0.117409758,0.117409758,06/07/2020,1.590233624,InSAR
12/01/1956,0.119529874,0.119529874,0.119529874,0.119529874,0.119529874,0.119529874,06/13/2020,1.593514464,InSAR
01/01/1957,0.119288819,0.119288819,0.119288819,0.119288819,0.119288819,0.119288819,06/19/2020,1.592530212,InSAR
02/01/1957,0.119582203,0.119582203,0.119582203,0.119582203,0.119582203,0.119582203,06/25/2020,1.590561708,InSAR
03/01/1957,0.118505114,0.118505114,0.118505114,0.118505114,0.118505114,0.118505114,07/01/2020,1.58990554,InSAR
04/01/1957,0.115481316,0.115481316,0.115481316,0.115481316,0.115481316,0.115481316,07/07/2020,1.587280868,InSAR
05/01/1957,0.114019036,0.114019036,0.114019036,0.114019036,0.114019036,0.114019036,07/13/2020,1.58498428,InSAR
06/01/1957,0.114252338,0.114252338,0.114252338,0.114252338,0.114252338,0.114252338,07/20/2020,1.585312364,InSAR
07/01/1957,0.116668088,0.116668088,0.116668088,0.116668088,0.116668088,0.116668088,07/26/2020,1.588593204,InSAR
08/01/1957,0.116709436,0.116709436,0.116709436,0.116709436,0.116709436,0.116709436,08/01/2020,1.598763808,InSAR
09/01/1957,0.115293312,0.115293312,0.115293312,0.115293312,0.115293312,0.115293312,08/07/2020,1.604341236,InSAR
10/01/1957,0.116471296,0.116471296,0.116471296,0.116471296,0.116471296,0.116471296,08/13/2020,1.60138848,InSAR
11/01/1957,0.116134923,0.116134923,0.116134923,0.116134923,0.116134923,0.116134923,08/20/2020,1.599091892,InSAR
12/01/1957,0.112748956,0.112748956,0.112748956,0.112748956,0.112748956,0.112748956,08/26/2020,1.599419976,InSAR
01/01/1958,0.112618192,0.112618192,0.112618192,0.112618192,0.112618192,0.112618192,09/01/2020,1.600732312,InSAR
02/01/1958,0.112149375,0.112149375,0.112149375,0.112149375,0.112149375,0.112149375,09/07/2020,1.597779556,InSAR
03/01/1958,0.111106072,0.111106072,0.111106072,0.111106072,0.111106072,0.111106072,09/13/2020,1.594498716,InSAR
04/01/1958,0.109402184,0.109402184,0.109402184,0.109402184,0.109402184,0.109402184,09/19/2020,1.590233624,InSAR
05/01/1958,0.108216385,0.108216385,0.108216385,0.108216385,0.108216385,0.108216385,09/25/2020,1.595154884,InSAR
06/01/1958,0.108845942,0.108845942,0.108845942,0.108845942,0.108845942,0.108845942,10/01/2020,1.587280868,InSAR
07/01/1958,0.107562918,0.107562918,0.107562918,0.107562918,0.107562918,0.107562918,10/07/2020,1.585968532,InSAR
08/01/1958,0.104764079,0.104764079,0.104764079,0.104764079,0.104764079,0.104764079,10/13/2020,1.5866247,InSAR
09/01/1958,0.103918828,0.103918828,0.103918828,0.103918828,0.103918828,0.103918828,10/20/2020,1.585640448,InSAR
10/01/1958,0.102385239,0.102385239,0.102385239,0.102385239,0.102385239,0.102385239,10/26/2020,1.583671944,InSAR
11/01/1958,0.101736972,0.101736972,0.101736972,0.101736972,0.101736972,0.101736972,11/01/2020,1.580391104,InSAR
12/01/1958,0.101938072,0.101938072,0.101938072,0.101938072,0.101938072,0.101938072,11/07/2020,1.576454096,InSAR
01/01/1959,0.101586498,0.101586498,0.101586498,0.101586498,0.101586498,0.101586498,11/13/2020,1.578094516,InSAR
02/01/1959,0.102430154,0.102430154,0.102430154,0.102430154,0.102430154,0.102430154,11/19/2020,1.576454096,InSAR
03/01/1959,0.103250426,0.103250426,0.103250426,0.103250426,0.103250426,0.103250426,11/25/2020,1.57514176,InSAR
04/01/1959,0.105166913,0.105166913,0.105166913,0.105166913,0.105166913,0.105166913,12/01/2020,1.578094516,InSAR
05/01/1959,0.106637611,0.106637611,0.106637611,0.106637611,0.106637611,0.106637611,12/07/2020,1.584656196,InSAR
06/01/1959,0.109611342,0.109611342,0.109611342,0.109611342,0.109611342,0.109611342,12/13/2020,1.588921288,InSAR
07/01/1959,0.108830936,0.108830936,0.108830936,0.108830936,0.108830936,0.108830936,12/20/2020,1.588593204,InSAR
08/01/1959,0.110737806,0.110737806,0.110737806,0.110737806,0.110737806,0.110737806,12/26/2020,1.586952784,InSAR
09/01/1959,0.111584449,0.111584449,0.111584449,0.111584449,0.111584449,0.111584449,01/01/2021,1.70637536,Leveling
10/01/1959,0.113338937,0.113338937,0.113338937,0.113338937,0.113338937,0.113338937,01/07/2021,1.58498428,InSAR
11/01/1959,0.113675904,0.113675904,0.113675904,0.113675904,0.113675904,0.113675904,01/13/2021,1.586296616,InSAR
12/01/1959,0.112928442,0.112928442,0.112928442,0.112928442,0.112928442,0.112928442,01/20/2021,1.589577456,InSAR
01/01/1960,0.110159348,0.110159348,0.110159348,0.110159348,0.110159348,0.110159348,01/26/2021,1.59810764,InSAR
02/01/1960,0.109722356,0.109722356,0.109722356,0.109722356,0.109722356,0.109722356,02/01/2021,1.597779556,InSAR
03/01/1960,0.111084663,0.111084663,0.111084663,0.111084663,0.111084663,0.111084663,02/07/2021,1.597451472,InSAR
04/01/1960,0.111918967,0.111918967,0.111918967,0.111918967,0.111918967,0.111918967,02/12/2021,1.602044648,InSAR
05/01/1960,0.110989604,0.110989604,0.110989604,0.110989604,0.110989604,0.110989604,02/18/2021,1.604013152,InSAR
06/01/1960,0.11104189,0.11104189,0.11104189,0.11104189,0.11104189,0.11104189,02/23/2021,1.602044648,InSAR
07/01/1960,0.113215573,0.113215573,0.113215573,0.113215573,0.113215573,0.113215573,03/01/2021,1.604341236,InSAR
08/01/1960,0.11241275,0.11241275,0.11241275,0.11241275,0.11241275,0.11241275,03/07/2021,1.606965908,InSAR
09/01/1960,0.112257055,0.112257055,0.112257055,0.112257055,0.112257055,0.112257055,03/13/2021,1.60795016,InSAR
10/01/1960,0.112855365,0.112855365,0.112855365,0.112855365,0.112855365,0.112855365,03/20/2021,1.608934412,InSAR
11/01/1960,0.115230776,0.115230776,0.115230776,0.115230776,0.115230776,0.115230776,03/26/2021,1.605981656,InSAR
12/01/1960,0.114647591,0.114647591,0.114647591,0.114647591,0.114647591,0.114647591,04/01/2021,1.603356984,InSAR
01/01/1961,0.113139295,0.113139295,0.113139295,0.113139295,0.113139295,0.113139295,04/07/2021,1.598763808,InSAR
02/01/1961,0.111889203,0.111889203,0.111889203,0.111889203,0.111889203,0.111889203,04/13/2021,1.593842548,InSAR
03/01/1961,0.111358226,0.111358226,0.111358226,0.111358226,0.111358226,0.111358226,04/19/2021,1.592530212,InSAR
04/01/1961,0.110671491,0.110671491,0.110671491,0.110671491,0.110671491,0.110671491,04/25/2021,1.58990554,InSAR
05/01/1961,0.114213869,0.114213869,0.114213869,0.114213869,0.114213869,0.114213869,05/01/2021,1.594170632,InSAR
06/01/1961,0.117645015,0.117645015,0.117645015,0.117645015,0.117645015,0.117645015,05/07/2021,1.597451472,InSAR
07/01/1961,0.120025283,0.120025283,0.120025283,0.120025283,0.120025283,0.120025283,05/13/2021,1.6030289,InSAR
08/01/1961,0.121353658,0.121353658,0.121353658,0.121353658,0.121353658,0.121353658,05/20/2021,1.604013152,InSAR
09/01/1961,0.125243844,0.125243844,0.125243844,0.125243844,0.125243844,0.125243844,05/26/2021,1.604013152,InSAR
10/01/1961,0.129932292,0.129932292,0.129932292,0.129932292,0.129932292,0.129932292,06/01/2021,1.60466932,InSAR
11/01/1961,0.135208784,0.135208784,0.135208784,0.135208784,0.135208784,0.135208784,06/07/2021,1.604013152,InSAR
12/01/1961,0.136077176,0.136077176,0.136077176,0.136077176,0.136077176,0.136077176,06/13/2021,1.601716564,InSAR
01/01/1962,0.13744198,0.13744198,0.13744198,0.13744198,0.13744198,0.13744198,06/19/2021,1.59974806,InSAR
02/01/1962,0.138643133,0.138643133,0.138643133,0.138643133,0.138643133,0.138643133,06/25/2021,1.600076144,InSAR
03/01/1962,0.141724272,0.141724272,0.141724272,0.141724272,0.141724272,0.141724272,07/01/2021,1.59974806,InSAR
04/01/1962,0.15609928,0.15609928,0.15609928,0.15609928,0.15609928,0.15609928,07/07/2021,1.602372732,InSAR
05/01/1962,0.156053279,0.156053279,0.156053279,0.156053279,0.156053279,0.156053279,07/13/2021,1.607293992,InSAR
06/01/1962,0.153968975,0.153968975,0.153968975,0.153968975,0.153968975,0.153968975,07/20/2021,1.613527588,InSAR
07/01/1962,0.153168829,0.153168829,0.153168829,0.153168829,0.153168829,0.153168829,07/26/2021,1.617464596,InSAR
08/01/1962,0.155969231,0.155969231,0.155969231,0.155969231,0.155969231,0.155969231,08/01/2021,1.618120764,InSAR
09/01/1962,0.155541191,0.155541191,0.155541191,0.155541191,0.155541191,0.155541191,08/07/2021,1.6194331,InSAR
10/01/1962,0.155636186,0.155636186,0.155636186,0.155636186,0.155636186,0.155636186,08/13/2021,1.619105016,InSAR
11/01/1962,0.156878611,0.156878611,0.156878611,0.156878611,0.156878611,0.156878611,08/20/2021,1.612543336,InSAR
12/01/1962,0.161287904,0.161287904,0.161287904,0.161287904,0.161287904,0.161287904,08/26/2021,1.60959058,InSAR
01/01/1963,0.158562485,0.158562485,0.158562485,0.158562485,0.158562485,0.158562485,09/01/2021,1.606637824,InSAR
02/01/1963,0.157786868,0.157786868,0.157786868,0.157786868,0.157786868,0.157786868,09/07/2021,1.601060396,InSAR
03/01/1963,0.16019513,0.16019513,0.16019513,0.16019513,0.16019513,0.16019513,09/13/2021,1.597779556,InSAR
04/01/1963,0.169908583,0.169908583,0.169908583,0.169908583,0.169908583,0.169908583,09/19/2021,1.601716564,InSAR
05/01/1963,0.167495713,0.167495713,0.167495713,0.167495713,0.167495713,0.167495713,09/25/2021,1.597779556,InSAR
06/01/1963,0.164703104,0.164703104,0.164703104,0.164703104,0.164703104,0.164703104,10/01/2021,1.595154884,InSAR
07/01/1963,0.164255114,0.164255114,0.164255114,0.164255114,0.164255114,0.164255114,10/07/2021,1.599091892,InSAR
08/01/1963,0.163485835,0.163485835,0.163485835,0.163485835,0.163485835,0.163485835,10/13/2021,1.594498716,InSAR
09/01/1963,0.167644908,0.167644908,0.167644908,0.167644908,0.167644908,0.167644908,10/20/2021,1.599091892,InSAR
10/01/1963,0.167116563,0.167116563,0.167116563,0.167116563,0.167116563,0.167116563,10/26/2021,1.594170632,InSAR
11/01/1963,0.166263085,0.166263085,0.166263085,0.166263085,0.166263085,0.166263085,11/01/2021,1.602044648,InSAR
12/01/1963,0.165033366,0.165033366,0.165033366,0.165033366,0.165033366,0.165033366,11/07/2021,1.604997404,InSAR
01/01/1964,0.164684652,0.164684652,0.164684652,0.164684652,0.164684652,0.164684652,11/13/2021,1.611231,InSAR
02/01/1964,0.163786725,0.163786725,0.163786725,0.163786725,0.163786725,0.163786725,11/19/2021,1.611887168,InSAR
03/01/1964,0.164030794,0.164030794,0.164030794,0.164030794,0.164030794,0.164030794,11/25/2021,1.609918664,InSAR
04/01/1964,0.16663172,0.16663172,0.16663172,0.16663172,0.16663172,0.16663172,12/01/2021,1.610246748,InSAR
05/01/1964,0.169857374,0.169857374,0.169857374,0.169857374,0.169857374,0.169857374,12/07/2021,1.610574832,InSAR
06/01/1964,0.172604162,0.172604162,0.172604162,0.172604162,0.172604162,0.172604162,12/13/2021,1.609918664,InSAR
07/01/1964,0.172732174,0.172732174,0.172732174,0.172732174,0.172732174,0.172732174,12/20/2021,1.610246748,InSAR
08/01/1964,0.181958807,0.181958807,0.181958807,0.181958807,0.181958807,0.181958807,12/26/2021,1.619761184,InSAR
09/01/1964,0.191801636,0.191801636,0.191801636,0.191801636,0.191801636,0.191801636,01/01/2022,1.76214964,Leveling
10/01/1964,0.191592776,0.191592776,0.191592776,0.191592776,0.191592776,0.191592776,01/07/2022,1.620417352,InSAR
11/01/1964,0.191503265,0.191503265,0.191503265,0.191503265,0.191503265,0.191503265,01/13/2022,1.625338612,InSAR
12/01/1964,0.196517402,0.196517402,0.196517402,0.196517402,0.196517402,0.196517402,01/20/2022,1.629931788,InSAR
01/01/1965,0.19867856,0.19867856,0.19867856,0.19867856,0.19867856,0.19867856,01/26/2022,1.633540712,InSAR
02/01/1965,0.200387773,0.200387773,0.200387773,0.200387773,0.200387773,0.200387773,02/01/2022,1.632884544,InSAR
03/01/1965,0.201670293,0.201670293,0.201670293,0.201670293,0.201670293,0.201670293,02/07/2022,1.629931788,InSAR
04/01/1965,0.203751737,0.203751737,0.203751737,0.203751737,0.203751737,0.203751737,02/12/2022,1.628947536,InSAR
05/01/1965,0.20632948,0.20632948,0.20632948,0.20632948,0.20632948,0.20632948,02/18/2022,1.631900292,InSAR
06/01/1965,0.211077483,0.211077483,0.211077483,0.211077483,0.211077483,0.211077483,02/23/2022,1.633540712,InSAR
07/01/1965,0.216917732,0.216917732,0.216917732,0.216917732,0.216917732,0.216917732,03/01/2022,1.63091604,InSAR
08/01/1965,0.222188199,0.222188199,0.222188199,0.222188199,0.222188199,0.222188199,03/07/2022,1.628291368,InSAR
09/01/1965,0.224514591,0.224514591,0.224514591,0.224514591,0.224514591,0.224514591,03/13/2022,1.625010528,InSAR
10/01/1965,0.228926691,0.228926691,0.228926691,0.228926691,0.228926691,0.228926691,03/20/2022,1.618448848,InSAR
11/01/1965,0.227395315,0.227395315,0.227395315,0.227395315,0.227395315,0.227395315,03/26/2022,1.615168008,InSAR
12/01/1965,0.22601988,0.22601988,0.22601988,0.22601988,0.22601988,0.22601988,04/01/2022,1.611887168,InSAR
01/01/1966,0.224585415,0.224585415,0.224585415,0.224585415,0.224585415,0.224585415,04/07/2022,1.618448848,InSAR
02/01/1966,0.224794185,0.224794185,0.224794185,0.224794185,0.224794185,0.224794185,04/13/2022,1.62271394,InSAR
03/01/1966,0.224625156,0.224625156,0.224625156,0.224625156,0.224625156,0.224625156,04/19/2022,1.628619452,InSAR
04/01/1966,0.22817339,0.22817339,0.22817339,0.22817339,0.22817339,0.22817339,04/25/2022,1.631572208,InSAR
05/01/1966,0.235997005,0.235997005,0.235997005,0.235997005,0.235997005,0.235997005,05/01/2022,1.632884544,InSAR
06/01/1966,0.235460013,0.235460013,0.235460013,0.235460013,0.235460013,0.235460013,05/07/2022,1.63091604,InSAR
07/01/1966,0.233970593,0.233970593,0.233970593,0.233970593,0.233970593,0.233970593,05/13/2022,1.628947536,InSAR
08/01/1966,0.23951794,0.23951794,0.23951794,0.23951794,0.23951794,0.23951794,05/20/2022,1.62599478,InSAR
09/01/1966,0.245134666,0.245134666,0.245134666,0.245134666,0.245134666,0.245134666,05/26/2022,1.628947536,InSAR
10/01/1966,0.250074498,0.250074498,0.250074498,0.250074498,0.250074498,0.250074498,06/01/2022,1.632228376,InSAR
11/01/1966,0.25205142,0.25205142,0.25205142,0.25205142,0.25205142,0.25205142,06/07/2022,1.636493468,InSAR
12/01/1966,0.252360208,0.252360208,0.252360208,0.252360208,0.252360208,0.252360208,06/13/2022,1.64075856,InSAR
01/01/1967,0.25385343,0.25385343,0.25385343,0.25385343,0.25385343,0.25385343,06/19/2022,1.646992156,InSAR
02/01/1967,0.253052854,0.253052854,0.253052854,0.253052854,0.253052854,0.253052854,06/25/2022,1.651585332,InSAR
03/01/1967,0.25381433,0.25381433,0.25381433,0.25381433,0.25381433,0.25381433,07/01/2022,1.657818928,InSAR
04/01/1967,0.252463414,0.252463414,0.252463414,0.252463414,0.252463414,0.252463414,07/07/2022,1.661427852,InSAR
05/01/1967,0.253833454,0.253833454,0.253833454,0.253833454,0.253833454,0.253833454,07/13/2022,1.66372444,InSAR
06/01/1967,0.254733543,0.254733543,0.254733543,0.254733543,0.254733543,0.254733543,07/20/2022,1.665692944,InSAR
07/01/1967,0.254150278,0.254150278,0.254150278,0.254150278,0.254150278,0.254150278,07/26/2022,1.66536486,InSAR
08/01/1967,0.253910315,0.253910315,0.253910315,0.253910315,0.253910315,0.253910315,08/01/2022,1.665036776,InSAR
09/01/1967,0.252571891,0.252571891,0.252571891,0.252571891,0.252571891,0.252571891,08/07/2022,1.664708692,InSAR
10/01/1967,0.250249736,0.250249736,0.250249736,0.250249736,0.250249736,0.250249736,08/13/2022,1.662740188,InSAR
11/01/1967,0.248180074,0.248180074,0.248180074,0.248180074,0.248180074,0.248180074,08/20/2022,1.654866172,InSAR
12/01/1967,0.246028692,0.246028692,0.246028692,0.246028692,0.246028692,0.246028692,08/26/2022,1.647648324,InSAR
01/01/1968,0.244130611,0.244130611,0.244130611,0.244130611,0.244130611,0.244130611,09/01/2022,1.639446224,InSAR
02/01/1968,0.243688677,0.243688677,0.243688677,0.243688677,0.243688677,0.243688677,09/07/2022,1.636165384,InSAR
03/01/1968,0.243803033,0.243803033,0.243803033,0.243803033,0.243803033,0.243803033,09/13/2022,1.634853048,InSAR
04/01/1968,0.24795282,0.24795282,0.24795282,0.24795282,0.24795282,0.24795282,09/19/2022,1.637149636,InSAR
05/01/1968,0.249833045,0.249833045,0.249833045,0.249833045,0.249833045,0.249833045,09/25/2022,1.64239898,InSAR
06/01/1968,0.249682174,0.249682174,0.249682174,0.249682174,0.249682174,0.249682174,10/01/2022,1.642727064,InSAR
07/01/1968,0.248490584,0.248490584,0.248490584,0.248490584,0.248490584,0.248490584,10/07/2022,1.641742812,InSAR
08/01/1968,0.250582373,0.250582373,0.250582373,0.250582373,0.250582373,0.250582373,10/13/2022,1.640430476,InSAR
09/01/1968,0.25546888,0.25546888,0.25546888,0.25546888,0.25546888,0.25546888,10/20/2022,1.6440394,InSAR
10/01/1968,0.257146669,0.257146669,0.257146669,0.257146669,0.257146669,0.257146669,10/26/2022,1.643711316,InSAR
11/01/1968,0.25489065,0.25489065,0.25489065,0.25489065,0.25489065,0.25489065,11/01/2022,1.644695568,InSAR
12/01/1968,0.250022344,0.250022344,0.250022344,0.250022344,0.250022344,0.250022344,11/07/2022,1.651913416,InSAR
01/01/1969,0.252629585,0.252629585,0.252629585,0.252629585,0.252629585,0.252629585,11/13/2022,1.66208402,InSAR
02/01/1969,0.252818533,0.252818533,0.252818533,0.252818533,0.252818533,0.252818533,11/19/2022,1.661099768,InSAR
03/01/1969,0.252691069,0.252691069,0.252691069,0.252691069,0.252691069,0.252691069,11/25/2022,1.66208402,InSAR
04/01/1969,0.251597502,0.251597502,0.251597502,0.251597502,0.251597502,0.251597502,12/01/2022,1.661427852,InSAR
05/01/1969,0.248630202,0.248630202,0.248630202,0.248630202,0.248630202,0.248630202,12/07/2022,1.658147012,InSAR
06/01/1969,0.246130653,0.246130653,0.246130653,0.246130653,0.246130653,0.246130653,12/13/2022,1.65552234,InSAR
07/01/1969,0.24474482,0.24474482,0.24474482,0.24474482,0.24474482,0.24474482,12/20/2022,1.655194256,InSAR
08/01/1969,0.243143043,0.243143043,0.243143043,0.243143043,0.243143043,0.243143043,12/26/2022,1.663396356,InSAR
09/01/1969,0.241042766,0.241042766,0.241042766,0.241042766,0.241042766,0.241042766,01/01/2023,1.89666408,Leveling
10/01/1969,0.23814812,0.23814812,0.23814812,0.23814812,0.23814812,0.23814812,01/07/2023,1.674223128,InSAR
11/01/1969,0.23515083,0.23515083,0.23515083,0.23515083,0.23515083,0.23515083,01/13/2023,1.674551212,InSAR
12/01/1969,0.231110139,0.231110139,0.231110139,0.231110139,0.231110139,0.231110139,01/20/2023,1.68340948,InSAR
01/01/1970,0.229642891,0.229642891,0.229642891,0.229642891,0.229642891,0.229642891,01/26/2023,1.688986908,InSAR
02/01/1970,0.232258823,0.232258823,0.232258823,0.232258823,0.232258823,0.232258823,02/01/2023,1.692267748,InSAR
03/01/1970,0.232920197,0.232920197,0.232920197,0.232920197,0.232920197,0.232920197,02/07/2023,1.695548588,InSAR
04/01/1970,0.233257454,0.233257454,0.233257454,0.233257454,0.233257454,0.233257454,02/12/2023,1.686362236,InSAR
05/01/1970,0.233910912,0.233910912,0.233910912,0.233910912,0.233910912,0.233910912,02/18/2023,1.675863548,InSAR
06/01/1970,0.233982049,0.233982049,0.233982049,0.233982049,0.233982049,0.233982049,02/23/2023,1.67848822,InSAR
07/01/1970,0.23455526,0.23455526,0.23455526,0.23455526,0.23455526,0.23455526,03/01/2023,1.679800556,InSAR
08/01/1970,0.233714167,0.233714167,0.233714167,0.233714167,0.233714167,0.233714167,03/07/2023,1.684065648,InSAR
09/01/1970,0.233285477,0.233285477,0.233285477,0.233285477,0.233285477,0.233285477,03/13/2023,1.687346488,InSAR
10/01/1970,0.233724405,0.233724405,0.233724405,0.233724405,0.233724405,0.233724405,03/20/2023,1.688658824,InSAR
11/01/1970,0.236087077,0.236087077,0.236087077,0.236087077,0.236087077,0.236087077,03/26/2023,1.687018404,InSAR
12/01/1970,0.237299206,0.237299206,0.237299206,0.237299206,0.237299206,0.237299206,04/01/2023,1.68833074,InSAR
01/01/1971,0.235978002,0.235978002,0.235978002,0.235978002,0.235978002,0.235978002,04/07/2023,1.690955412,InSAR
02/01/1971,0.244938469,0.244938469,0.244938469,0.244938469,0.244938469,0.244938469,04/13/2023,1.688658824,InSAR
03/01/1971,0.255927213,0.255927213,0.255927213,0.255927213,0.255927213,0.255927213,04/19/2023,1.684393732,InSAR
04/01/1971,0.260560514,0.260560514,0.260560514,0.260560514,0.260560514,0.260560514,04/25/2023,1.6850499,InSAR
05/01/1971,0.261593536,0.261593536,0.261593536,0.261593536,0.261593536,0.261593536,05/01/2023,1.686362236,InSAR
06/01/1971,0.26219503,0.26219503,0.26219503,0.26219503,0.26219503,0.26219503,05/07/2023,1.685706068,InSAR
07/01/1971,0.264257322,0.264257322,0.264257322,0.264257322,0.264257322,0.264257322,05/13/2023,1.682425228,InSAR
08/01/1971,0.265421576,0.265421576,0.265421576,0.265421576,0.265421576,0.265421576,05/20/2023,1.687674572,InSAR
09/01/1971,0.265925408,0.265925408,0.265925408,0.265925408,0.265925408,0.265925408,05/26/2023,1.690955412,InSAR
10/01/1971,0.266610489,0.266610489,0.266610489,0.266610489,0.266610489,0.266610489,06/01/2023,1.687346488,InSAR
11/01/1971,0.267648915,0.267648915,0.267648915,0.267648915,0.267648915,0.267648915,06/07/2023,1.684065648,InSAR
12/01/1971,0.267450992,0.267450992,0.267450992,0.267450992,0.267450992,0.267450992,06/13/2023,1.688658824,InSAR
01/01/1972,0.266804489,0.266804489,0.266804489,0.266804489,0.266804489,0.266804489,06/19/2023,1.69161158,InSAR
02/01/1972,0.266953696,0.266953696,0.266953696,0.266953696,0.266953696,0.266953696,06/25/2023,1.688986908,InSAR
03/01/1972,0.269351412,0.269351412,0.269351412,0.269351412,0.269351412,0.269351412,07/01/2023,1.688002656,InSAR
04/01/1972,0.27014866,0.27014866,0.27014866,0.27014866,0.27014866,0.27014866,07/07/2023,1.690299244,InSAR
05/01/1972,0.271696168,0.271696168,0.271696168,0.271696168,0.271696168,0.271696168,07/13/2023,1.691283496,InSAR
06/01/1972,0.274784493,0.274784493,0.274784493,0.274784493,0.274784493,0.274784493,07/20/2023,1.690955412,InSAR
07/01/1972,0.274865512,0.274865512,0.274865512,0.274865512,0.274865512,0.274865512,07/26/2023,1.690299244,InSAR
08/01/1972,0.279729576,0.279729576,0.279729576,0.279729576,0.279729576,0.279729576,08/01/2023,1.686034152,InSAR
09/01/1972,0.295861127,0.295861127,0.295861127,0.295861127,0.295861127,0.295861127,08/07/2023,1.68176906,InSAR
10/01/1972,0.307319894,0.307319894,0.307319894,0.307319894,0.307319894,0.307319894,08/13/2023,1.678160136,InSAR
11/01/1972,0.312730716,0.312730716,0.312730716,0.312730716,0.312730716,0.312730716,08/20/2023,1.675863548,InSAR
12/01/1972,0.316450924,0.316450924,0.316450924,0.316450924,0.316450924,0.316450924,08/26/2023,1.673238876,InSAR
01/01/1973,0.316741358,0.316741358,0.316741358,0.316741358,0.316741358,0.316741358,09/01/2023,1.672254624,InSAR
02/01/1973,0.315339477,0.315339477,0.315339477,0.315339477,0.315339477,0.315339477,09/07/2023,1.670942288,InSAR
03/01/1973,0.314184148,0.314184148,0.314184148,0.314184148,0.314184148,0.314184148,09/13/2023,1.671598456,InSAR
04/01/1973,0.312400718,0.312400718,0.312400718,0.312400718,0.312400718,0.312400718,09/19/2023,1.67356696,InSAR
05/01/1973,0.313310951,0.313310951,0.313310951,0.313310951,0.313310951,0.313310951,09/25/2023,1.675535464,InSAR
06/01/1973,0.312758032,0.312758032,0.312758032,0.312758032,0.312758032,0.312758032,10/01/2023,1.672254624,InSAR
07/01/1973,0.31334526,0.31334526,0.31334526,0.31334526,0.31334526,0.31334526,10/07/2023,1.675535464,InSAR
08/01/1973,0.314198518,0.314198518,0.314198518,0.314198518,0.314198518,0.314198518,10/13/2023,1.678160136,InSAR
09/01/1973,0.314432115,0.314432115,0.314432115,0.314432115,0.314432115,0.314432115,10/20/2023,1.684721816,InSAR
10/01/1973,0.314178552,0.314178552,0.314178552,0.314178552,0.314178552,0.314178552,10/26/2023,1.68833074,InSAR
11/01/1973,0.314899348,0.314899348,0.314899348,0.314899348,0.314899348,0.314899348,11/01/2023,1.692923916,InSAR
12/01/1973,0.316387728,0.316387728,0.316387728,0.316387728,0.316387728,0.316387728,11/07/2023,1.692923916,InSAR
01/01/1974,0.316771308,0.316771308,0.316771308,0.316771308,0.316771308,0.316771308,11/13/2023,1.693580084,InSAR
02/01/1974,0.317667998,0.317667998,0.317667998,0.317667998,0.317667998,0.317667998,11/19/2023,1.687674572,InSAR
03/01/1974,0.316970026,0.316970026,0.316970026,0.316970026,0.316970026,0.316970026,11/25/2023,1.684393732,InSAR
04/01/1974,0.316583829,0.316583829,0.316583829,0.316583829,0.316583829,0.316583829,12/01/2023,1.681112892,InSAR
05/01/1974,0.316509554,0.316509554,0.316509554,0.316509554,0.316509554,0.316509554,12/07/2023,1.679144388,InSAR
06/01/1974,0.316903431,0.316903431,0.316903431,0.316903431,0.316903431,0.316903431,12/13/2023,1.677503968,InSAR
07/01/1974,0.317879315,0.317879315,0.317879315,0.317879315,0.317879315,0.317879315,12/20/2023,1.67848822,InSAR
08/01/1974,0.32006237,0.32006237,0.32006237,0.32006237,0.32006237,0.32006237,12/26/2023,1.680784808,InSAR
09/01/1974,0.321104556,0.321104556,0.321104556,0.321104556,0.321104556,0.321104556,01/01/2024,1.87041736,Leveling
10/01/1974,0.319447662,0.319447662,0.319447662,0.319447662,0.319447662,0.319447662,01/07/2024,1.696204756,InSAR
11/01/1974,0.321349043,0.321349043,0.321349043,0.321349043,0.321349043,0.321349043,01/13/2024,1.696204756,InSAR
12/01/1974,0.322785429,0.322785429,0.322785429,0.322785429,0.322785429,0.322785429,01/20/2024,1.69653284,InSAR
01/01/1975,0.332367665,0.332367665,0.332367665,0.332367665,0.332367665,0.332367665,01/26/2024,1.690627328,InSAR
02/01/1975,0.363815259,0.363815259,0.363815259,0.363815259,0.363815259,0.363815259,02/01/2024,1.688002656,InSAR
03/01/1975,0.39876567,0.39876567,0.39876567,0.39876567,0.39876567,0.39876567,02/07/2024,1.694564336,InSAR
04/01/1975,0.409344318,0.409344318,0.409344318,0.409344318,0.409344318,0.409344318,02/13/2024,1.701126016,InSAR
05/01/1975,0.410905273,0.410905273,0.410905273,0.410905273,0.410905273,0.410905273,02/18/2024,1.702110268,InSAR
06/01/1975,0.410803182,0.410803182,0.410803182,0.410803182,0.410803182,0.410803182,02/24/2024,1.707031528,InSAR
07/01/1975,0.412764106,0.412764106,0.412764106,0.412764106,0.412764106,0.412764106,03/01/2024,1.706047276,InSAR
08/01/1975,0.414107451,0.414107451,0.414107451,0.414107451,0.414107451,0.414107451,03/07/2024,1.702766436,InSAR
09/01/1975,0.417256054,0.417256054,0.417256054,0.417256054,0.417256054,0.417256054,03/13/2024,1.697517092,InSAR
10/01/1975,0.418746293,0.418746293,0.418746293,0.418746293,0.418746293,0.418746293,03/20/2024,1.692267748,InSAR
11/01/1975,0.425907904,0.425907904,0.425907904,0.425907904,0.425907904,0.425907904,03/26/2024,1.695876672,InSAR
12/01/1975,0.44122092,0.44122092,0.44122092,0.44122092,0.44122092,0.44122092,04/01/2024,1.698501344,InSAR
01/01/1976,0.461527742,0.461527742,0.461527742,0.461527742,0.461527742,0.461527742,04/07/2024,1.697845176,InSAR
02/01/1976,0.477776968,0.477776968,0.477776968,0.477776968,0.477776968,0.477776968,04/13/2024,1.69653284,InSAR
03/01/1976,0.506074543,0.506074543,0.506074543,0.506074543,0.506074543,0.506074543,04/19/2024,1.697189008,InSAR
04/01/1976,0.514143919,0.514143919,0.514143919,0.514143919,0.514143919,0.514143919,04/25/2024,1.697189008,InSAR
05/01/1976,0.51698608,0.51698608,0.51698608,0.51698608,0.51698608,0.51698608,05/01/2024,1.699485596,InSAR
06/01/1976,0.521016305,0.521016305,0.521016305,0.521016305,0.521016305,0.521016305,05/07/2024,1.701126016,InSAR
07/01/1976,0.525303199,0.525303199,0.525303199,0.525303199,0.525303199,0.525303199,05/13/2024,1.704078772,InSAR
08/01/1976,0.529611652,0.529611652,0.529611652,0.529611652,0.529611652,0.529611652,05/20/2024,1.708671948,InSAR
09/01/1976,0.536011693,0.536011693,0.536011693,0.536011693,0.536011693,0.536011693,05/26/2024,1.709328116,InSAR
10/01/1976,0.538888104,0.538888104,0.538888104,0.538888104,0.538888104,0.538888104,06/01/2024,1.710968536,InSAR
11/01/1976,0.539171069,0.539171069,0.539171069,0.539171069,0.539171069,0.539171069,06/07/2024,1.709984284,InSAR
12/01/1976,0.539632978,0.539632978,0.539632978,0.539632978,0.539632978,0.539632978,06/13/2024,1.710968536,InSAR
01/01/1977,0.570860879,0.570860879,0.570860879,0.570860879,0.570860879,0.570860879,06/19/2024,1.713921292,InSAR
02/01/1977,0.657475603,0.657475603,0.657475603,0.657475603,0.657475603,0.657475603,06/25/2024,1.71621788,InSAR
03/01/1977,0.744291081,0.744291081,0.744291081,0.744291081,0.744291081,0.744291081,07/01/2024,1.715561712,InSAR
04/01/1977,0.768949263,0.768949263,0.768949263,0.768949263,0.768949263,0.768949263,,,
05/01/1977,0.772190944,0.772190944,0.772190944,0.772190944,0.772190944,0.772190944,,,
06/01/1977,0.777705394,0.777705394,0.777705394,0.777705394,0.777705394,0.777705394,,,
07/01/1977,0.781895639,0.781895639,0.781895639,0.781895639,0.781895639,0.781895639,,,
08/01/1977,0.78794041,0.78794041,0.78794041,0.78794041,0.78794041,0.78794041,,,
09/01/1977,0.799013174,0.799013174,0.799013174,0.799013174,0.799013174,0.799013174,,,
10/01/1977,0.811751141,0.811751141,0.811751141,0.811751141,0.811751141,0.811751141,,,
11/01/1977,0.815830702,0.815830702,0.815830702,0.815830702,0.815830702,0.815830702,,,
12/01/1977,0.815080744,0.815080744,0.815080744,0.815080744,0.815080744,0.815080744,,,
01/01/1978,0.817068475,0.817068475,0.817068475,0.817068475,0.817068475,0.817068475,,,
02/01/1978,0.818178867,0.818178867,0.818178867,0.818178867,0.818178867,0.818178867,,,
03/01/1978,0.819124907,0.819124907,0.819124907,0.819124907,0.819124907,0.819124907,,,
04/01/1978,0.82275785,0.82275785,0.82275785,0.82275785,0.82275785,0.82275785,,,
05/01/1978,0.824463811,0.824463811,0.824463811,0.824463811,0.824463811,0.824463811,,,
06/01/1978,0.825962415,0.825962415,0.825962415,0.825962415,0.825962415,0.825962415,,,
07/01/1978,0.826677814,0.826677814,0.826677814,0.826677814,0.826677814,0.826677814,,,
08/01/1978,0.828880799,0.828880799,0.828880799,0.828880799,0.828880799,0.828880799,,,
09/01/1978,0.830870418,0.830870418,0.830870418,0.830870418,0.830870418,0.830870418,,,
10/01/1978,0.831547186,0.831547186,0.831547186,0.831547186,0.831547186,0.831547186,,,
11/01/1978,0.83199845,0.83199845,0.83199845,0.83199845,0.83199845,0.83199845,,,
12/01/1978,0.833293427,0.833293427,0.833293427,0.833293427,0.833293427,0.833293427,,,
01/01/1979,0.832142136,0.832142136,0.832142136,0.832142136,0.832142136,0.832142136,,,
02/01/1979,0.833187084,0.833187084,0.833187084,0.833187084,0.833187084,0.833187084,,,
03/01/1979,0.833352091,0.833352091,0.833352091,0.833352091,0.833352091,0.833352091,,,
04/01/1979,0.83461936,0.83461936,0.83461936,0.83461936,0.83461936,0.83461936,,,
05/01/1979,0.835745338,0.835745338,0.835745338,0.835745338,0.835745338,0.835745338,,,
06/01/1979,0.834976157,0.834976157,0.834976157,0.834976157,0.834976157,0.834976157,,,
07/01/1979,0.835700571,0.835700571,0.835700571,0.835700571,0.835700571,0.835700571,,,
08/01/1979,0.835139744,0.835139744,0.835139744,0.835139744,0.835139744,0.835139744,,,
09/01/1979,0.836044957,0.836044957,0.836044957,0.836044957,0.836044957,0.836044957,,,
10/01/1979,0.834874306,0.834874306,0.834874306,0.834874306,0.834874306,0.834874306,,,
11/01/1979,0.836143098,0.836143098,0.836143098,0.836143098,0.836143098,0.836143098,,,
12/01/1979,0.836786475,0.836786475,0.836786475,0.836786475,0.836786475,0.836786475,,,
01/01/1980,0.836802479,0.836802479,0.836802479,0.836802479,0.836802479,0.836802479,,,
02/01/1980,0.837507233,0.837507233,0.837507233,0.837507233,0.837507233,0.837507233,,,
03/01/1980,0.83657774,0.83657774,0.83657774,0.83657774,0.83657774,0.83657774,,,
04/01/1980,0.835062621,0.835062621,0.835062621,0.835062621,0.835062621,0.835062621,,,
05/01/1980,0.833433171,0.833433171,0.833433171,0.833433171,0.833433171,0.833433171,,,
06/01/1980,0.833488345,0.833488345,0.833488345,0.833488345,0.833488345,0.833488345,,,
07/01/1980,0.834003738,0.834003738,0.834003738,0.834003738,0.834003738,0.834003738,,,
08/01/1980,0.833229115,0.833229115,0.833229115,0.833229115,0.833229115,0.833229115,,,
09/01/1980,0.83442617,0.83442617,0.83442617,0.83442617,0.83442617,0.83442617,,,
10/01/1980,0.833524898,0.833524898,0.833524898,0.833524898,0.833524898,0.833524898,,,
11/01/1980,0.832882375,0.832882375,0.832882375,0.832882375,0.832882375,0.832882375,,,
12/01/1980,0.833264563,0.833264563,0.833264563,0.833264563,0.833264563,0.833264563,,,
01/01/1981,0.834467437,0.834467437,0.834467437,0.834467437,0.834467437,0.834467437,,,
02/01/1981,0.836360804,0.836360804,0.836360804,0.836360804,0.836360804,0.836360804,,,
03/01/1981,0.838990105,0.838990105,0.838990105,0.838990105,0.838990105,0.838990105,,,
04/01/1981,0.840984646,0.840984646,0.840984646,0.840984646,0.840984646,0.840984646,,,
05/01/1981,0.841341068,0.841341068,0.841341068,0.841341068,0.841341068,0.841341068,,,
06/01/1981,0.840386643,0.840386643,0.840386643,0.840386643,0.840386643,0.840386643,,,
07/01/1981,0.841122419,0.841122419,0.841122419,0.841122419,0.841122419,0.841122419,,,
08/01/1981,0.840884431,0.840884431,0.840884431,0.840884431,0.840884431,0.840884431,,,
09/01/1981,0.842024242,0.842024242,0.842024242,0.842024242,0.842024242,0.842024242,,,
10/01/1981,0.842686348,0.842686348,0.842686348,0.842686348,0.842686348,0.842686348,,,
11/01/1981,0.842400175,0.842400175,0.842400175,0.842400175,0.842400175,0.842400175,,,
12/01/1981,0.843318397,0.843318397,0.843318397,0.843318397,0.843318397,0.843318397,,,
01/01/1982,0.845709301,0.845709301,0.845709301,0.845709301,0.845709301,0.845709301,,,
02/01/1982,0.845026211,0.845026211,0.845026211,0.845026211,0.845026211,0.845026211,,,
03/01/1982,0.846055586,0.846055586,0.846055586,0.846055586,0.846055586,0.846055586,,,
04/01/1982,0.845416509,0.845416509,0.845416509,0.845416509,0.845416509,0.845416509,,,
05/01/1982,0.845360611,0.845360611,0.845360611,0.845360611,0.845360611,0.845360611,,,
06/01/1982,0.845511422,0.845511422,0.845511422,0.845511422,0.845511422,0.845511422,,,
07/01/1982,0.844217874,0.844217874,0.844217874,0.844217874,0.844217874,0.844217874,,,
08/01/1982,0.842592343,0.842592343,0.842592343,0.842592343,0.842592343,0.842592343,,,
09/01/1982,0.842219973,0.842219973,0.842219973,0.842219973,0.842219973,0.842219973,,,
10/01/1982,0.841919829,0.841919829,0.841919829,0.841919829,0.841919829,0.841919829,,,
11/01/1982,0.841930167,0.841930167,0.841930167,0.841930167,0.841930167,0.841930167,,,
12/01/1982,0.841789099,0.841789099,0.841789099,0.841789099,0.841789099,0.841789099,,,
01/01/1983,0.843745442,0.843745442,0.843745442,0.843745442,0.843745442,0.843745442,,,
02/01/1983,0.845767912,0.845767912,0.845767912,0.845767912,0.845767912,0.845767912,,,
03/01/1983,0.847000924,0.847000924,0.847000924,0.847000924,0.847000924,0.847000924,,,
04/01/1983,0.847226427,0.847226427,0.847226427,0.847226427,0.847226427,0.847226427,,,
05/01/1983,0.845985422,0.845985422,0.845985422,0.845985422,0.845985422,0.845985422,,,
06/01/1983,0.844986625,0.844986625,0.844986625,0.844986625,0.844986625,0.844986625,,,
07/01/1983,0.843123014,0.843123014,0.843123014,0.843123014,0.843123014,0.843123014,,,
08/01/1983,0.842293213,0.842293213,0.842293213,0.842293213,0.842293213,0.842293213,,,
09/01/1983,0.840720249,0.840720249,0.840720249,0.840720249,0.840720249,0.840720249,,,
10/01/1983,0.839469437,0.839469437,0.839469437,0.839469437,0.839469437,0.839469437,,,
11/01/1983,0.837909966,0.837909966,0.837909966,0.837909966,0.837909966,0.837909966,,,
12/01/1983,0.835905219,0.835905219,0.835905219,0.835905219,0.835905219,0.835905219,,,
01/01/1984,0.832228027,0.832228027,0.832228027,0.832228027,0.832228027,0.832228027,,,
02/01/1984,0.829279689,0.829279689,0.829279689,0.829279689,0.829279689,0.829279689,,,
03/01/1984,0.827065968,0.827065968,0.827065968,0.827065968,0.827065968,0.827065968,,,
04/01/1984,0.825375048,0.825375048,0.825375048,0.825375048,0.825375048,0.825375048,,,
05/01/1984,0.824821553,0.824821553,0.824821553,0.824821553,0.824821553,0.824821553,,,
06/01/1984,0.825537418,0.825537418,0.825537418,0.825537418,0.825537418,0.825537418,,,
07/01/1984,0.826179616,0.826179616,0.826179616,0.826179616,0.826179616,0.826179616,,,
08/01/1984,0.826871849,0.826871849,0.826871849,0.826871849,0.826871849,0.826871849,,,
09/01/1984,0.826750894,0.826750894,0.826750894,0.826750894,0.826750894,0.826750894,,,
10/01/1984,0.82798267,0.82798267,0.82798267,0.82798267,0.82798267,0.82798267,,,
11/01/1984,0.828596294,0.828596294,0.828596294,0.828596294,0.828596294,0.828596294,,,
12/01/1984,0.829033193,0.829033193,0.829033193,0.829033193,0.829033193,0.829033193,,,
01/01/1985,0.829365858,0.829365858,0.829365858,0.829365858,0.829365858,0.829365858,,,
02/01/1985,0.82981739,0.82981739,0.82981739,0.82981739,0.82981739,0.82981739,,,
03/01/1985,0.82969773,0.82969773,0.82969773,0.82969773,0.82969773,0.82969773,,,
04/01/1985,0.831597866,0.831597866,0.831597866,0.831597866,0.831597866,0.831597866,,,
05/01/1985,0.83188261,0.83188261,0.83188261,0.83188261,0.83188261,0.83188261,,,
06/01/1985,0.831905817,0.831905817,0.831905817,0.831905817,0.831905817,0.831905817,,,
07/01/1985,0.8322279,0.8322279,0.8322279,0.8322279,0.8322279,0.8322279,,,
08/01/1985,0.833188273,0.833188273,0.833188273,0.833188273,0.833188273,0.833188273,,,
09/01/1985,0.834353827,0.834353827,0.834353827,0.834353827,0.834353827,0.834353827,,,
10/01/1985,0.83596225,0.83596225,0.83596225,0.83596225,0.83596225,0.83596225,,,
11/01/1985,0.836706222,0.836706222,0.836706222,0.836706222,0.836706222,0.836706222,,,
12/01/1985,0.83621282,0.83621282,0.83621282,0.83621282,0.83621282,0.83621282,,,
01/01/1986,0.837124267,0.837124267,0.837124267,0.837124267,0.837124267,0.837124267,,,
02/01/1986,0.837132297,0.837132297,0.837132297,0.837132297,0.837132297,0.837132297,,,
03/01/1986,0.83779762,0.83779762,0.83779762,0.83779762,0.83779762,0.83779762,,,
04/01/1986,0.838165963,0.838165963,0.838165963,0.838165963,0.838165963,0.838165963,,,
05/01/1986,0.836864799,0.836864799,0.836864799,0.836864799,0.836864799,0.836864799,,,
06/01/1986,0.834929901,0.834929901,0.834929901,0.834929901,0.834929901,0.834929901,,,
07/01/1986,0.834622502,0.834622502,0.834622502,0.834622502,0.834622502,0.834622502,,,
08/01/1986,0.834071801,0.834071801,0.834071801,0.834071801,0.834071801,0.834071801,,,
09/01/1986,0.832568612,0.832568612,0.832568612,0.832568612,0.832568612,0.832568612,,,
10/01/1986,0.831201186,0.831201186,0.831201186,0.831201186,0.831201186,0.831201186,,,
11/01/1986,0.830919671,0.830919671,0.830919671,0.830919671,0.830919671,0.830919671,,,
12/01/1986,0.82914956,0.82914956,0.82914956,0.82914956,0.82914956,0.82914956,,,
01/01/1987,0.8291013,0.8291013,0.8291013,0.8291013,0.8291013,0.8291013,,,
02/01/1987,0.828564293,0.828564293,0.828564293,0.828564293,0.828564293,0.828564293,,,
03/01/1987,0.82856368,0.82856368,0.82856368,0.82856368,0.82856368,0.82856368,,,
04/01/1987,0.827982262,0.827982262,0.827982262,0.827982262,0.827982262,0.827982262,,,
05/01/1987,0.827027155,0.827027155,0.827027155,0.827027155,0.827027155,0.827027155,,,
06/01/1987,0.825824832,0.825824832,0.825824832,0.825824832,0.825824832,0.825824832,,,
07/01/1987,0.826177045,0.826177045,0.826177045,0.826177045,0.826177045,0.826177045,,,
08/01/1987,0.824518465,0.824518465,0.824518465,0.824518465,0.824518465,0.824518465,,,
09/01/1987,0.823340748,0.823340748,0.823340748,0.823340748,0.823340748,0.823340748,,,
10/01/1987,0.823096905,0.823096905,0.823096905,0.823096905,0.823096905,0.823096905,,,
11/01/1987,0.82363457,0.82363457,0.82363457,0.82363457,0.82363457,0.82363457,,,
12/01/1987,0.823138599,0.823138599,0.823138599,0.823138599,0.823138599,0.823138599,,,
01/01/1988,0.823867482,0.823867482,0.823867482,0.823867482,0.823867482,0.823867482,,,
02/01/1988,0.824894684,0.824894684,0.824894684,0.824894684,0.824894684,0.824894684,,,
03/01/1988,0.828392399,0.828392399,0.828392399,0.828392399,0.828392399,0.828392399,,,
04/01/1988,0.831175645,0.831175645,0.831175645,0.831175645,0.831175645,0.831175645,,,
05/01/1988,0.831336165,0.831336165,0.831336165,0.831336165,0.831336165,0.831336165,,,
06/01/1988,0.831613749,0.831613749,0.831613749,0.831613749,0.831613749,0.831613749,,,
07/01/1988,0.832865061,0.832865061,0.832865061,0.832865061,0.832865061,0.832865061,,,
08/01/1988,0.833404785,0.833404785,0.833404785,0.833404785,0.833404785,0.833404785,,,
09/01/1988,0.833886,0.833886,0.833886,0.833886,0.833886,0.833886,,,
10/01/1988,0.834739594,0.834739594,0.834739594,0.834739594,0.834739594,0.834739594,,,
11/01/1988,0.835372777,0.835372777,0.835372777,0.835372777,0.835372777,0.835372777,,,
12/01/1988,0.836969623,0.836969623,0.836969623,0.836969623,0.836969623,0.836969623,,,
01/01/1989,0.838338554,0.838338554,0.838338554,0.838338554,0.838338554,0.838338554,,,
02/01/1989,0.840895275,0.840895275,0.840895275,0.840895275,0.840895275,0.840895275,,,
03/01/1989,0.843595244,0.843595244,0.843595244,0.843595244,0.843595244,0.843595244,,,
04/01/1989,0.846753381,0.846753381,0.846753381,0.846753381,0.846753381,0.846753381,,,
05/01/1989,0.84834856,0.84834856,0.84834856,0.84834856,0.84834856,0.84834856,,,
06/01/1989,0.848841537,0.848841537,0.848841537,0.848841537,0.848841537,0.848841537,,,
07/01/1989,0.848316922,0.848316922,0.848316922,0.848316922,0.848316922,0.848316922,,,
08/01/1989,0.846938814,0.846938814,0.846938814,0.846938814,0.846938814,0.846938814,,,
09/01/1989,0.847343708,0.847343708,0.847343708,0.847343708,0.847343708,0.847343708,,,
10/01/1989,0.847280294,0.847280294,0.847280294,0.847280294,0.847280294,0.847280294,,,
11/01/1989,0.845696528,0.845696528,0.845696528,0.845696528,0.845696528,0.845696528,,,
12/01/1989,0.845524233,0.845524233,0.845524233,0.845524233,0.845524233,0.845524233,,,
01/01/1990,0.846899169,0.846899169,0.846899169,0.846899169,0.846899169,0.846899169,,,
02/01/1990,0.847937658,0.847937658,0.847937658,0.847937658,0.847937658,0.847937658,,,
03/01/1990,0.849236989,0.849236989,0.849236989,0.849236989,0.849236989,0.849236989,,,
04/01/1990,0.850159226,0.850159226,0.850159226,0.850159226,0.850159226,0.850159226,,,
05/01/1990,0.851978077,0.851978077,0.851978077,0.851978077,0.851978077,0.851978077,,,
06/01/1990,0.853252334,0.853252334,0.853252334,0.853252334,0.853252334,0.853252334,,,
07/01/1990,0.854161236,0.854161236,0.854161236,0.854161236,0.854161236,0.854161236,,,
08/01/1990,0.856546177,0.856546177,0.856546177,0.856546177,0.856546177,0.856546177,,,
09/01/1990,0.857226195,0.857226195,0.857226195,0.857226195,0.857226195,0.857226195,,,
10/01/1990,0.859057941,0.859057941,0.859057941,0.859057941,0.859057941,0.859057941,,,
11/01/1990,0.860841654,0.860841654,0.860841654,0.860841654,0.860841654,0.860841654,,,
12/01/1990,0.86135134,0.86135134,0.86135134,0.86135134,0.86135134,0.86135134,,,
01/01/1991,0.862850231,0.862850231,0.862850231,0.862850231,0.862850231,0.862850231,,,
02/01/1991,0.862736799,0.862736799,0.862736799,0.862736799,0.862736799,0.862736799,,,
03/01/1991,0.86424813,0.86424813,0.86424813,0.86424813,0.86424813,0.86424813,,,
04/01/1991,0.865141009,0.865141009,0.865141009,0.865141009,0.865141009,0.865141009,,,
05/01/1991,0.866158922,0.866158922,0.866158922,0.866158922,0.866158922,0.866158922,,,
06/01/1991,0.865740473,0.865740473,0.865740473,0.865740473,0.865740473,0.865740473,,,
07/01/1991,0.867399178,0.867399178,0.867399178,0.867399178,0.867399178,0.867399178,,,
08/01/1991,0.867412035,0.867412035,0.867412035,0.867412035,0.867412035,0.867412035,,,
09/01/1991,0.867452368,0.867452368,0.867452368,0.867452368,0.867452368,0.867452368,,,
10/01/1991,0.868816794,0.868816794,0.868816794,0.868816794,0.868816794,0.868816794,,,
11/01/1991,0.869963077,0.869963077,0.869963077,0.869963077,0.869963077,0.869963077,,,
12/01/1991,0.870913745,0.870913745,0.870913745,0.870913745,0.870913745,0.870913745,,,
01/01/1992,0.874800348,0.874800348,0.874800348,0.874800348,0.874800348,0.874800348,,,
02/01/1992,0.876844399,0.876844399,0.876844399,0.876844399,0.876844399,0.876844399,,,
03/01/1992,0.879265339,0.879265339,0.879265339,0.879265339,0.879265339,0.879265339,,,
04/01/1992,0.880693621,0.880693621,0.880693621,0.880693621,0.880693621,0.880693621,,,
05/01/1992,0.882753606,0.882753606,0.882753606,0.882753606,0.882753606,0.882753606,,,
06/01/1992,0.88376761,0.88376761,0.88376761,0.88376761,0.88376761,0.88376761,,,
07/01/1992,0.885772304,0.885772304,0.885772304,0.885772304,0.885772304,0.885772304,,,
08/01/1992,0.887093083,0.887093083,0.887093083,0.887093083,0.887093083,0.887093083,,,
09/01/1992,0.888771695,0.888771695,0.888771695,0.888771695,0.888771695,0.888771695,,,
10/01/1992,0.890145043,0.890145043,0.890145043,0.890145043,0.890145043,0.890145043,,,
11/01/1992,0.891393222,0.891393222,0.891393222,0.891393222,0.891393222,0.891393222,,,
12/01/1992,0.894790351,0.894790351,0.894790351,0.894790351,0.894790351,0.894790351,,,
01/01/1993,0.898224975,0.898224975,0.898224975,0.898224975,0.898224975,0.898224975,,,
02/01/1993,0.903839589,0.903839589,0.903839589,0.903839589,0.903839589,0.903839589,,,
03/01/1993,0.909858366,0.909858366,0.909858366,0.909858366,0.909858366,0.909858366,,,
04/01/1993,0.91505295,0.91505295,0.91505295,0.91505295,0.91505295,0.91505295,,,
05/01/1993,0.914826508,0.914826508,0.914826508,0.914826508,0.914826508,0.914826508,,,
06/01/1993,0.91358132,0.91358132,0.91358132,0.91358132,0.91358132,0.91358132,,,
07/01/1993,0.912185778,0.912185778,0.912185778,0.912185778,0.912185778,0.912185778,,,
08/01/1993,0.911708618,0.911708618,0.911708618,0.911708618,0.911708618,0.911708618,,,
09/01/1993,0.911011638,0.911011638,0.911011638,0.911011638,0.911011638,0.911011638,,,
10/01/1993,0.90978878,0.90978878,0.90978878,0.90978878,0.90978878,0.90978878,,,
11/01/1993,0.908903827,0.908903827,0.908903827,0.908903827,0.908903827,0.908903827,,,
12/01/1993,0.908406177,0.908406177,0.908406177,0.908406177,0.908406177,0.908406177,,,
01/01/1994,0.910585853,0.910585853,0.910585853,0.910585853,0.910585853,0.910585853,,,
02/01/1994,0.91199721,0.91199721,0.91199721,0.91199721,0.91199721,0.91199721,,,
03/01/1994,0.914643945,0.914643945,0.914643945,0.914643945,0.914643945,0.914643945,,,
04/01/1994,0.909538019,0.909538019,0.909538019,0.909538019,0.909538019,0.909538019,,,
05/01/1994,0.908664053,0.908664053,0.908664053,0.908664053,0.908664053,0.908664053,,,
06/01/1994,0.916509825,0.916509825,0.916509825,0.916509825,0.916509825,0.916509825,,,
07/01/1994,0.956277701,0.956277701,0.956277701,0.956277701,0.956277701,0.956277701,,,
08/01/1994,0.991417846,0.991417846,0.991417846,0.991417846,0.991417846,0.991417846,,,
09/01/1994,0.973936135,0.973936135,0.973936135,0.973936135,0.973936135,0.973936135,,,
10/01/1994,0.960579536,0.960579536,0.960579536,0.960579536,0.960579536,0.960579536,,,
11/01/1994,0.956034259,0.956034259,0.956034259,0.956034259,0.956034259,0.956034259,,,
12/01/1994,0.952492894,0.952492894,0.952492894,0.952492894,0.952492894,0.952492894,,,
01/01/1995,0.953612424,0.953612424,0.953612424,0.953612424,0.953612424,0.953612424,,,
02/01/1995,0.961614131,0.961614131,0.961614131,0.961614131,0.961614131,0.961614131,,,
03/01/1995,0.959600119,0.959600119,0.959600119,0.959600119,0.959600119,0.959600119,,,
04/01/1995,0.950357187,0.950357187,0.950357187,0.950357187,0.950357187,0.950357187,,,
05/01/1995,0.950245201,0.950245201,0.950245201,0.950245201,0.950245201,0.950245201,,,
06/01/1995,0.951364207,0.951364207,0.951364207,0.951364207,0.951364207,0.951364207,,,
07/01/1995,0.952679728,0.952679728,0.952679728,0.952679728,0.952679728,0.952679728,,,
08/01/1995,0.954200938,0.954200938,0.954200938,0.954200938,0.954200938,0.954200938,,,
09/01/1995,0.951052559,0.951052559,0.951052559,0.951052559,0.951052559,0.951052559,,,
10/01/1995,0.944327563,0.944327563,0.944327563,0.944327563,0.944327563,0.944327563,,,
11/01/1995,0.942146824,0.942146824,0.942146824,0.942146824,0.942146824,0.942146824,,,
12/01/1995,0.941159074,0.941159074,0.941159074,0.941159074,0.941159074,0.941159074,,,
01/01/1996,0.940871072,0.940871072,0.940871072,0.940871072,0.940871072,0.940871072,,,
02/01/1996,0.927418629,0.927418629,0.927418629,0.927418629,0.927418629,0.927418629,,,
03/01/1996,0.925360923,0.925360923,0.925360923,0.925360923,0.925360923,0.925360923,,,
04/01/1996,0.945905483,0.945905483,0.945905483,0.945905483,0.945905483,0.945905483,,,
05/01/1996,0.952552195,0.952552195,0.952552195,0.952552195,0.952552195,0.952552195,,,
06/01/1996,0.949400703,0.949400703,0.949400703,0.949400703,0.949400703,0.949400703,,,
07/01/1996,0.947400245,0.947400245,0.947400245,0.947400245,0.947400245,0.947400245,,,
08/01/1996,0.948376292,0.948376292,0.948376292,0.948376292,0.948376292,0.948376292,,,
09/01/1996,0.948217179,0.948217179,0.948217179,0.948217179,0.948217179,0.948217179,,,
10/01/1996,0.943873159,0.943873159,0.943873159,0.943873159,0.943873159,0.943873159,,,
11/01/1996,0.938377025,0.938377025,0.938377025,0.938377025,0.938377025,0.938377025,,,
12/01/1996,0.937801475,0.937801475,0.937801475,0.937801475,0.937801475,0.937801475,,,
01/01/1997,0.935122084,0.935122084,0.935122084,0.935122084,0.935122084,0.935122084,,,
02/01/1997,0.935219691,0.935219691,0.935219691,0.935219691,0.935219691,0.935219691,,,
03/01/1997,0.941599845,0.941599845,0.941599845,0.941599845,0.941599845,0.941599845,,,
04/01/1997,0.941324088,0.941324088,0.941324088,0.941324088,0.941324088,0.941324088,,,
05/01/1997,0.936977741,0.936977741,0.936977741,0.936977741,0.936977741,0.936977741,,,
06/01/1997,0.937154586,0.937154586,0.937154586,0.937154586,0.937154586,0.937154586,,,
07/01/1997,0.936862472,0.936862472,0.936862472,0.936862472,0.936862472,0.936862472,,,
08/01/1997,0.93723984,0.93723984,0.93723984,0.93723984,0.93723984,0.93723984,,,
09/01/1997,0.936275039,0.936275039,0.936275039,0.936275039,0.936275039,0.936275039,,,
10/01/1997,0.936253975,0.936253975,0.936253975,0.936253975,0.936253975,0.936253975,,,
11/01/1997,0.936274626,0.936274626,0.936274626,0.936274626,0.936274626,0.936274626,,,
12/01/1997,0.934912311,0.934912311,0.934912311,0.934912311,0.934912311,0.934912311,,,
01/01/1998,0.934074909,0.934074909,0.934074909,0.934074909,0.934074909,0.934074909,,,
02/01/1998,0.932980767,0.932980767,0.932980767,0.932980767,0.932980767,0.932980767,,,
03/01/1998,0.932161147,0.932161147,0.932161147,0.932161147,0.932161147,0.932161147,,,
04/01/1998,0.931057219,0.931057219,0.931057219,0.931057219,0.931057219,0.931057219,,,
05/01/1998,0.929837671,0.929837671,0.929837671,0.929837671,0.929837671,0.929837671,,,
06/01/1998,0.931052601,0.931052601,0.931052601,0.931052601,0.931052601,0.931052601,,,
07/01/1998,0.932182043,0.932182043,0.932182043,0.932182043,0.932182043,0.932182043,,,
08/01/1998,0.927999283,0.927999283,0.927999283,0.927999283,0.927999283,0.927999283,,,
09/01/1998,0.919829511,0.919829511,0.919829511,0.919829511,0.919829511,0.919829511,,,
10/01/1998,0.911755799,0.911755799,0.911755799,0.911755799,0.911755799,0.911755799,,,
11/01/1998,0.909984582,0.909984582,0.909984582,0.909984582,0.909984582,0.909984582,,,
12/01/1998,0.915243995,0.915243995,0.915243995,0.915243995,0.915243995,0.915243995,,,
01/01/1999,0.922270389,0.922270389,0.922270389,0.922270389,0.922270389,0.922270389,,,
02/01/1999,0.92926578,0.92926578,0.92926578,0.92926578,0.92926578,0.92926578,,,
03/01/1999,0.936725549,0.936725549,0.936725549,0.936725549,0.936725549,0.936725549,,,
04/01/1999,0.943891315,0.943891315,0.943891315,0.943891315,0.943891315,0.943891315,,,
05/01/1999,0.944151494,0.944151494,0.944151494,0.944151494,0.944151494,0.944151494,,,
06/01/1999,0.937182993,0.937182993,0.937182993,0.937182993,0.937182993,0.937182993,,,
07/01/1999,0.930956896,0.930956896,0.930956896,0.930956896,0.930956896,0.930956896,,,
08/01/1999,0.92603676,0.92603676,0.92603676,0.92603676,0.92603676,0.92603676,,,
09/01/1999,0.924996309,0.924996309,0.924996309,0.924996309,0.924996309,0.924996309,,,
10/01/1999,0.923668639,0.923668639,0.923668639,0.923668639,0.923668639,0.923668639,,,
11/01/1999,0.922386844,0.922386844,0.922386844,0.922386844,0.922386844,0.922386844,,,
12/01/1999,0.92202741,0.92202741,0.92202741,0.92202741,0.92202741,0.92202741,,,
01/01/2000,0.920683515,0.920683515,0.920683515,0.920683515,0.920683515,0.920683515,,,
02/01/2000,0.92361967,0.92361967,0.92361967,0.92361967,0.92361967,0.92361967,,,
03/01/2000,0.935179943,0.935179943,0.935179943,0.935179943,0.935179943,0.935179943,,,
04/01/2000,0.945555959,0.945555959,0.945555959,0.945555959,0.945555959,0.945555959,,,
05/01/2000,0.948551983,0.948551983,0.948551983,0.948551983,0.948551983,0.948551983,,,
06/01/2000,0.944193917,0.944193917,0.944193917,0.944193917,0.944193917,0.944193917,,,
07/01/2000,0.938788688,0.938788688,0.938788688,0.938788688,0.938788688,0.938788688,,,
08/01/2000,0.93308255,0.93308255,0.93308255,0.93308255,0.93308255,0.93308255,,,
09/01/2000,0.929709368,0.929709368,0.929709368,0.929709368,0.929709368,0.929709368,,,
10/01/2000,0.928465154,0.928465154,0.928465154,0.928465154,0.928465154,0.928465154,,,
11/01/2000,0.927045276,0.927045276,0.927045276,0.927045276,0.927045276,0.927045276,,,
12/01/2000,0.923968725,0.923968725,0.923968725,0.923968725,0.923968725,0.923968725,,,
01/01/2001,0.92062651,0.92062651,0.92062651,0.92062651,0.92062651,0.92062651,,,
02/01/2001,0.920279525,0.920279525,0.920279525,0.920279525,0.920279525,0.920279525,,,
03/01/2001,0.923718884,0.923718884,0.923718884,0.923718884,0.923718884,0.923718884,,,
04/01/2001,0.926757181,0.926757181,0.926757181,0.926757181,0.926757181,0.926757181,,,
05/01/2001,0.93383354,0.93383354,0.93383354,0.93383354,0.93383354,0.93383354,,,
06/01/2001,0.946804071,0.946804071,0.946804071,0.946804071,0.946804071,0.946804071,,,
07/01/2001,0.96046726,0.96046726,0.96046726,0.96046726,0.96046726,0.96046726,,,
08/01/2001,0.963046652,0.963046652,0.963046652,0.963046652,0.963046652,0.963046652,,,
09/01/2001,0.953404418,0.953404418,0.953404418,0.953404418,0.953404418,0.953404418,,,
10/01/2001,0.942226023,0.942226023,0.942226023,0.942226023,0.942226023,0.942226023,,,
11/01/2001,0.930962686,0.930962686,0.930962686,0.930962686,0.930962686,0.930962686,,,
12/01/2001,0.929535048,0.929535048,0.929535048,0.929535048,0.929535048,0.929535048,,,
01/01/2002,0.93522769,0.93522769,0.93522769,0.93522769,0.93522769,0.93522769,,,
02/01/2002,0.940694608,0.940694608,0.940694608,0.940694608,0.940694608,0.940694608,,,
03/01/2002,0.945575696,0.945575696,0.945575696,0.945575696,0.945575696,0.945575696,,,
04/01/2002,0.950730108,0.950730108,0.950730108,0.950730108,0.950730108,0.950730108,,,
05/01/2002,0.95630821,0.95630821,0.95630821,0.95630821,0.95630821,0.95630821,,,
06/01/2002,0.965610029,0.965610029,0.965610029,0.965610029,0.965610029,0.965610029,,,
07/01/2002,0.977388503,0.977388503,0.977388503,0.977388503,0.977388503,0.977388503,,,
08/01/2002,0.9887762,0.9887762,0.9887762,0.9887762,0.9887762,0.9887762,,,
09/01/2002,0.984342687,0.984342687,0.984342687,0.984342687,0.984342687,0.984342687,,,
10/01/2002,0.97589265,0.97589265,0.97589265,0.97589265,0.97589265,0.97589265,,,
11/01/2002,0.969406015,0.969406015,0.969406015,0.969406015,0.969406015,0.969406015,,,
12/01/2002,0.966142769,0.966142769,0.966142769,0.966142769,0.966142769,0.966142769,,,
01/01/2003,0.964126902,0.964126902,0.964126902,0.964126902,0.964126902,0.964126902,,,
02/01/2003,0.964901491,0.964901491,0.964901491,0.964901491,0.964901491,0.964901491,,,
03/01/2003,0.969814203,0.969814203,0.969814203,0.969814203,0.969814203,0.969814203,,,
04/01/2003,0.976442963,0.976442963,0.976442963,0.976442963,0.976442963,0.976442963,,,
05/01/2003,0.982473518,0.982473518,0.982473518,0.982473518,0.982473518,0.982473518,,,
06/01/2003,0.987896736,0.987896736,0.987896736,0.987896736,0.987896736,0.987896736,,,
07/01/2003,0.994385064,0.994385064,0.994385064,0.994385064,0.994385064,0.994385064,,,
08/01/2003,1.000013718,1.000013718,1.000013718,1.000013718,1.000013718,1.000013718,,,
09/01/2003,0.9970524,0.9970524,0.9970524,0.9970524,0.9970524,0.9970524,,,
10/01/2003,0.992569919,0.992569919,0.992569919,0.992569919,0.992569919,0.992569919,,,
11/01/2003,0.98715512,0.98715512,0.98715512,0.98715512,0.98715512,0.98715512,,,
12/01/2003,0.984118371,0.984118371,0.984118371,0.984118371,0.984118371,0.984118371,,,
01/01/2004,0.981373487,0.981373487,0.981373487,0.981373487,0.981373487,0.981373487,,,
02/01/2004,0.981652433,0.981652433,0.981652433,0.981652433,0.981652433,0.981652433,,,
03/01/2004,0.985981455,0.985981455,0.985981455,0.985981455,0.985981455,0.985981455,,,
04/01/2004,0.990972532,0.990972532,0.990972532,0.990972532,0.990972532,0.990972532,,,
05/01/2004,0.999095078,0.999095078,0.999095078,0.999095078,0.999095078,0.999095078,,,
06/01/2004,1.014273575,1.014273575,1.014273575,1.014273575,1.014273575,1.014273575,,,
07/01/2004,1.035419051,1.035419051,1.035419051,1.035419051,1.035419051,1.035419051,,,
08/01/2004,1.057201927,1.057201927,1.057201927,1.057201927,1.057201927,1.057201927,,,
09/01/2004,1.054579996,1.054579996,1.054579996,1.054579996,1.054579996,1.054579996,,,
10/01/2004,1.044976986,1.044976986,1.044976986,1.044976986,1.044976986,1.044976986,,,
11/01/2004,1.032907238,1.032907238,1.032907238,1.032907238,1.032907238,1.032907238,,,
12/01/2004,1.026128353,1.026128353,1.026128353,1.026128353,1.026128353,1.026128353,,,
01/01/2005,1.021729225,1.021729225,1.021729225,1.021729225,1.021729225,1.021729225,,,
02/01/2005,1.019031048,1.019031048,1.019031048,1.019031048,1.019031048,1.019031048,,,
03/01/2005,1.018503787,1.018503787,1.018503787,1.018503787,1.018503787,1.018503787,,,
04/01/2005,1.016377074,1.016377074,1.016377074,1.016377074,1.016377074,1.016377074,,,
05/01/2005,1.014914106,1.014914106,1.014914106,1.014914106,1.014914106,1.014914106,,,
06/01/2005,1.018459705,1.018459705,1.018459705,1.018459705,1.018459705,1.018459705,,,
07/01/2005,1.021707502,1.021707502,1.021707502,1.021707502,1.021707502,1.021707502,,,
08/01/2005,1.02536479,1.02536479,1.02536479,1.02536479,1.02536479,1.02536479,,,
09/01/2005,1.025428861,1.025428861,1.025428861,1.025428861,1.025428861,1.025428861,,,
10/01/2005,1.023410287,1.023410287,1.023410287,1.023410287,1.023410287,1.023410287,,,
11/01/2005,1.021280904,1.021280904,1.021280904,1.021280904,1.021280904,1.021280904,,,
12/01/2005,1.020809343,1.020809343,1.020809343,1.020809343,1.020809343,1.020809343,,,
01/01/2006,1.020799825,1.020799825,1.020799825,1.020799825,1.020799825,1.020799825,,,
02/01/2006,1.019644366,1.019644366,1.019644366,1.019644366,1.019644366,1.019644366,,,
03/01/2006,1.020739417,1.020739417,1.020739417,1.020739417,1.020739417,1.020739417,,,
04/01/2006,1.023003945,1.023003945,1.023003945,1.023003945,1.023003945,1.023003945,,,
05/01/2006,1.024520196,1.024520196,1.024520196,1.024520196,1.024520196,1.024520196,,,
06/01/2006,1.024432955,1.024432955,1.024432955,1.024432955,1.024432955,1.024432955,,,
07/01/2006,1.023690219,1.023690219,1.023690219,1.023690219,1.023690219,1.023690219,,,
08/01/2006,1.022665606,1.022665606,1.022665606,1.022665606,1.022665606,1.022665606,,,
09/01/2006,1.023148682,1.023148682,1.023148682,1.023148682,1.023148682,1.023148682,,,
10/01/2006,1.024047414,1.024047414,1.024047414,1.024047414,1.024047414,1.024047414,,,
11/01/2006,1.025462807,1.025462807,1.025462807,1.025462807,1.025462807,1.025462807,,,
12/01/2006,1.02895567,1.02895567,1.02895567,1.02895567,1.02895567,1.02895567,,,
01/01/2007,1.032813628,1.032813628,1.032813628,1.032813628,1.032813628,1.032813628,,,
02/01/2007,1.036693064,1.036693064,1.036693064,1.036693064,1.036693064,1.036693064,,,
03/01/2007,1.039085694,1.039085694,1.039085694,1.039085694,1.039085694,1.039085694,,,
04/01/2007,1.04012075,1.04012075,1.04012075,1.04012075,1.04012075,1.04012075,,,
05/01/2007,1.04289776,1.04289776,1.04289776,1.04289776,1.04289776,1.04289776,,,
06/01/2007,1.052804324,1.052804324,1.052804324,1.052804324,1.052804324,1.052804324,,,
07/01/2007,1.065428817,1.065428817,1.065428817,1.065428817,1.065428817,1.065428817,,,
08/01/2007,1.08136838,1.08136838,1.08136838,1.08136838,1.08136838,1.08136838,,,
09/01/2007,1.077272094,1.077272094,1.077272094,1.077272094,1.077272094,1.077272094,,,
10/01/2007,1.060915845,1.060915845,1.060915845,1.060915845,1.060915845,1.060915845,,,
11/01/2007,1.060343862,1.060343862,1.060343862,1.060343862,1.060343862,1.060343862,,,
12/01/2007,1.082324501,1.082324501,1.082324501,1.082324501,1.082324501,1.082324501,,,
01/01/2008,1.116046989,1.116046989,1.116046989,1.116046989,1.116046989,1.116046989,,,
02/01/2008,1.162057805,1.162057805,1.162057805,1.162057805,1.162057805,1.162057805,,,
03/01/2008,1.180012581,1.180012581,1.180012581,1.180012581,1.180012581,1.180012581,,,
04/01/2008,1.15930061,1.15930061,1.15930061,1.15930061,1.15930061,1.15930061,,,
05/01/2008,1.13744169,1.13744169,1.13744169,1.13744169,1.13744169,1.13744169,,,
06/01/2008,1.139796039,1.139796039,1.139796039,1.139796039,1.139796039,1.139796039,,,
07/01/2008,1.145927896,1.145927896,1.145927896,1.145927896,1.145927896,1.145927896,,,
08/01/2008,1.151453051,1.151453051,1.151453051,1.151453051,1.151453051,1.151453051,,,
09/01/2008,1.151583968,1.151583968,1.151583968,1.151583968,1.151583968,1.151583968,,,
10/01/2008,1.145732859,1.145732859,1.145732859,1.145732859,1.145732859,1.145732859,,,
11/01/2008,1.14326854,1.14326854,1.14326854,1.14326854,1.14326854,1.14326854,,,
12/01/2008,1.145190675,1.145190675,1.145190675,1.145190675,1.145190675,1.145190675,,,
01/01/2009,1.147566837,1.147566837,1.147566837,1.147566837,1.147566837,1.147566837,,,
02/01/2009,1.151026362,1.151026362,1.151026362,1.151026362,1.151026362,1.151026362,,,
03/01/2009,1.154246366,1.154246366,1.154246366,1.154246366,1.154246366,1.154246366,,,
04/01/2009,1.159646176,1.159646176,1.159646176,1.159646176,1.159646176,1.159646176,,,
05/01/2009,1.165345643,1.165345643,1.165345643,1.165345643,1.165345643,1.165345643,,,
06/01/2009,1.171735858,1.171735858,1.171735858,1.171735858,1.171735858,1.171735858,,,
07/01/2009,1.178293234,1.178293234,1.178293234,1.178293234,1.178293234,1.178293234,,,
08/01/2009,1.186302418,1.186302418,1.186302418,1.186302418,1.186302418,1.186302418,,,
09/01/2009,1.194714861,1.194714861,1.194714861,1.194714861,1.194714861,1.194714861,,,
10/01/2009,1.202440099,1.202440099,1.202440099,1.202440099,1.202440099,1.202440099,,,
11/01/2009,1.214853762,1.214853762,1.214853762,1.214853762,1.214853762,1.214853762,,,
12/01/2009,1.231256414,1.231256414,1.231256414,1.231256414,1.231256414,1.231256414,,,
01/01/2010,1.252978088,1.252978088,1.252978088,1.252978088,1.252978088,1.252978088,,,
02/01/2010,1.277601816,1.277601816,1.277601816,1.277601816,1.277601816,1.277601816,,,
03/01/2010,1.278976008,1.278976008,1.278976008,1.278976008,1.278976008,1.278976008,,,
04/01/2010,1.257280664,1.257280664,1.257280664,1.257280664,1.257280664,1.257280664,,,
05/01/2010,1.238278833,1.238278833,1.238278833,1.238278833,1.238278833,1.238278833,,,
06/01/2010,1.242210771,1.242210771,1.242210771,1.242210771,1.242210771,1.242210771,,,
07/01/2010,1.250787685,1.250787685,1.250787685,1.250787685,1.250787685,1.250787685,,,
08/01/2010,1.258897822,1.258897822,1.258897822,1.258897822,1.258897822,1.258897822,,,
09/01/2010,1.259718221,1.259718221,1.259718221,1.259718221,1.259718221,1.259718221,,,
10/01/2010,1.256546449,1.256546449,1.256546449,1.256546449,1.256546449,1.256546449,,,
11/01/2010,1.253908175,1.253908175,1.253908175,1.253908175,1.253908175,1.253908175,,,
12/01/2010,1.251526677,1.251526677,1.251526677,1.251526677,1.251526677,1.251526677,,,
01/01/2011,1.25013243,1.25013243,1.25013243,1.25013243,1.25013243,1.25013243,,,
02/01/2011,1.247999527,1.247999527,1.247999527,1.247999527,1.247999527,1.247999527,,,
03/01/2011,1.245823697,1.245823697,1.245823697,1.245823697,1.245823697,1.245823697,,,
04/01/2011,1.245704346,1.245704346,1.245704346,1.245704346,1.245704346,1.245704346,,,
05/01/2011,1.246074878,1.246074878,1.246074878,1.246074878,1.246074878,1.246074878,,,
06/01/2011,1.249415933,1.249415933,1.249415933,1.249415933,1.249415933,1.249415933,,,
07/01/2011,1.257700498,1.257700498,1.257700498,1.257700498,1.257700498,1.257700498,,,
08/01/2011,1.264479144,1.264479144,1.264479144,1.264479144,1.264479144,1.264479144,,,
09/01/2011,1.268771457,1.268771457,1.268771457,1.268771457,1.268771457,1.268771457,,,
10/01/2011,1.272846273,1.272846273,1.272846273,1.272846273,1.272846273,1.272846273,,,
11/01/2011,1.277035118,1.277035118,1.277035118,1.277035118,1.277035118,1.277035118,,,
12/01/2011,1.279378476,1.279378476,1.279378476,1.279378476,1.279378476,1.279378476,,,
01/01/2012,1.282337365,1.282337365,1.282337365,1.282337365,1.282337365,1.282337365,,,
02/01/2012,1.285100415,1.285100415,1.285100415,1.285100415,1.285100415,1.285100415,,,
03/01/2012,1.289781613,1.289781613,1.289781613,1.289781613,1.289781613,1.289781613,,,
04/01/2012,1.297372032,1.297372032,1.297372032,1.297372032,1.297372032,1.297372032,,,
05/01/2012,1.305002935,1.305002935,1.305002935,1.305002935,1.305002935,1.305002935,,,
06/01/2012,1.310827881,1.310827881,1.310827881,1.310827881,1.310827881,1.310827881,,,
07/01/2012,1.316504861,1.316504861,1.316504861,1.316504861,1.316504861,1.316504861,,,
08/01/2012,1.322758938,1.322758938,1.322758938,1.322758938,1.322758938,1.322758938,,,
09/01/2012,1.32146642,1.32146642,1.32146642,1.32146642,1.32146642,1.32146642,,,
10/01/2012,1.31628187,1.31628187,1.31628187,1.31628187,1.31628187,1.31628187,,,
11/01/2012,1.311477151,1.311477151,1.311477151,1.311477151,1.311477151,1.311477151,,,
12/01/2012,1.307385186,1.307385186,1.307385186,1.307385186,1.307385186,1.307385186,,,
01/01/2013,1.303156947,1.303156947,1.303156947,1.303156947,1.303156947,1.303156947,,,
02/01/2013,1.298250093,1.298250093,1.298250093,1.298250093,1.298250093,1.298250093,,,
03/01/2013,1.297135736,1.297135736,1.297135736,1.297135736,1.297135736,1.297135736,,,
04/01/2013,1.301027691,1.301027691,1.301027691,1.301027691,1.301027691,1.301027691,,,
05/01/2013,1.306356186,1.306356186,1.306356186,1.306356186,1.306356186,1.306356186,,,
06/01/2013,1.319886596,1.319886596,1.319886596,1.319886596,1.319886596,1.319886596,,,
07/01/2013,1.336823554,1.336823554,1.336823554,1.336823554,1.336823554,1.336823554,,,
08/01/2013,1.356432847,1.356432847,1.356432847,1.356432847,1.356432847,1.356432847,,,
09/01/2013,1.358219818,1.358219818,1.358219818,1.358219818,1.358219818,1.358219818,,,
10/01/2013,1.3522123,1.3522123,1.3522123,1.3522123,1.3522123,1.3522123,,,
11/01/2013,1.344316052,1.344316052,1.344316052,1.344316052,1.344316052,1.344316052,,,
12/01/2013,1.347135291,1.347135291,1.347135291,1.347135291,1.347135291,1.347135291,,,
01/01/2014,1.358739854,1.358739854,1.358739854,1.358739854,1.358739854,1.358739854,,,
02/01/2014,1.372207174,1.372207174,1.372207174,1.372207174,1.372207174,1.372207174,,,
03/01/2014,1.389562964,1.389562964,1.389562964,1.389562964,1.389562964,1.389562964,,,
04/01/2014,1.386699629,1.386699629,1.386699629,1.386699629,1.386699629,1.386699629,,,
05/01/2014,1.370917903,1.370917903,1.370917903,1.370917903,1.370917903,1.370917903,,,
06/01/2014,1.375126962,1.375126962,1.375126962,1.375126962,1.375126962,1.375126962,,,
07/01/2014,1.391009128,1.391009128,1.391009128,1.391009128,1.391009128,1.391009128,,,
08/01/2014,1.413540245,1.413540245,1.413540245,1.413540245,1.413540245,1.413540245,,,
09/01/2014,1.446014102,1.446014102,1.446014102,1.446014102,1.446014102,1.446014102,,,
10/01/2014,1.465852217,1.465852217,1.465852217,1.465852217,1.465852217,1.465852217,,,
11/01/2014,1.470456483,1.470456483,1.470456483,1.470456483,1.470456483,1.470456483,,,
12/01/2014,1.47048057,1.47048057,1.47048057,1.47048057,1.47048057,1.47048057,,,
01/01/2015,1.468147054,1.468147054,1.468147054,1.468147054,1.468147054,1.468147054,,,
02/01/2015,1.464229464,1.464229464,1.464229464,1.464229464,1.464229464,1.464229464,,,
03/01/2015,1.461264252,1.461264252,1.461264252,1.461264252,1.461264252,1.461264252,,,
04/01/2015,1.46847261,1.46847261,1.46847261,1.46847261,1.46847261,1.46847261,,,
05/01/2015,1.477979997,1.477979997,1.477979997,1.477979997,1.477979997,1.477979997,,,
06/01/2015,1.48806506,1.48806506,1.48806506,1.48806506,1.48806506,1.48806506,,,
07/01/2015,1.490576938,1.490576938,1.490576938,1.490576938,1.490576938,1.490576938,,,
08/01/2015,1.490228636,1.490228636,1.490228636,1.490228636,1.490228636,1.490228636,,,
09/01/2015,1.489145083,1.489145083,1.489145083,1.489145083,1.489145083,1.489145083,,,
10/01/2015,1.4878279,1.4878279,1.4878279,1.4878279,1.4878279,1.4878279,,,
11/01/2015,1.485582668,1.485582668,1.485582668,1.485582668,1.485582668,1.485582668,,,
12/01/2015,1.483499586,1.483499586,1.483499586,1.483499586,1.483499586,1.483499586,,,
01/01/2016,1.485011146,1.485011146,1.485011146,1.485011146,1.485011146,1.485011146,,,
02/01/2016,1.488133841,1.488133841,1.488133841,1.488133841,1.488133841,1.488133841,,,
03/01/2016,1.49115514,1.49115514,1.49115514,1.49115514,1.49115514,1.49115514,,,
04/01/2016,1.494155355,1.494155355,1.494155355,1.494155355,1.494155355,1.494155355,,,
05/01/2016,1.496492169,1.496492169,1.496492169,1.496492169,1.496492169,1.496492169,,,
06/01/2016,1.498789572,1.498789572,1.498789572,1.498789572,1.498789572,1.498789572,,,
07/01/2016,1.501859122,1.501859122,1.501859122,1.501859122,1.501859122,1.501859122,,,
08/01/2016,1.50485473,1.50485473,1.50485473,1.50485473,1.50485473,1.50485473,,,
09/01/2016,1.507669878,1.507669878,1.507669878,1.507669878,1.507669878,1.507669878,,,
10/01/2016,1.510073945,1.510073945,1.510073945,1.510073945,1.510073945,1.510073945,,,
11/01/2016,1.51231131,1.51231131,1.51231131,1.51231131,1.51231131,1.51231131,,,
12/01/2016,1.51407133,1.51407133,1.51407133,1.51407133,1.51407133,1.51407133,,,
01/01/2017,1.514092094,1.514092094,1.514092094,1.514092094,1.514092094,1.514092094,,,
02/01/2017,1.514040578,1.514040578,1.514040578,1.514040578,1.514040578,1.514040578,,,
03/01/2017,1.513479613,1.513479613,1.513479613,1.513479613,1.513479613,1.513479613,,,
04/01/2017,1.513340066,1.513340066,1.513340066,1.513340066,1.513340066,1.513340066,,,
05/01/2017,1.51351329,1.51351329,1.51351329,1.51351329,1.51351329,1.51351329,,,
06/01/2017,1.514241757,1.514241757,1.514241757,1.514241757,1.514241757,1.514241757,,,
07/01/2017,1.515272203,1.515272203,1.515272203,1.515272203,1.515272203,1.515272203,,,
08/01/2017,1.515822987,1.515822987,1.515822987,1.515822987,1.515822987,1.515822987,,,
09/01/2017,1.51695501,1.51695501,1.51695501,1.51695501,1.51695501,1.51695501,,,
10/01/2017,1.518391265,1.518391265,1.518391265,1.518391265,1.518391265,1.518391265,,,
11/01/2017,1.518798707,1.518798707,1.518798707,1.518798707,1.518798707,1.518798707,,,
12/01/2017,1.523920673,1.523920673,1.523920673,1.523920673,1.523920673,1.523920673,,,
01/01/2018,1.537137076,1.537137076,1.537137076,1.537137076,1.537137076,1.537137076,,,
02/01/2018,1.553601462,1.553601462,1.553601462,1.553601462,1.553601462,1.553601462,,,
03/01/2018,1.57418593,1.57418593,1.57418593,1.57418593,1.57418593,1.57418593,,,
04/01/2018,1.571393346,1.571393346,1.571393346,1.571393346,1.571393346,1.571393346,,,
05/01/2018,1.552397218,1.552397218,1.552397218,1.552397218,1.552397218,1.552397218,,,
06/01/2018,1.549939599,1.549939599,1.549939599,1.549939599,1.549939599,1.549939599,,,
07/01/2018,1.549784345,1.549784345,1.549784345,1.549784345,1.549784345,1.549784345,,,
08/01/2018,1.549913241,1.549913241,1.549913241,1.549913241,1.549913241,1.549913241,,,
09/01/2018,1.550056024,1.550056024,1.550056024,1.550056024,1.550056024,1.550056024,,,
10/01/2018,1.549750204,1.549750204,1.549750204,1.549750204,1.549750204,1.549750204,,,
11/01/2018,1.549709847,1.549709847,1.549709847,1.549709847,1.549709847,1.549709847,,,
12/01/2018,1.551134475,1.551134475,1.551134475,1.551134475,1.551134475,1.551134475,,,
01/01/2019,1.554892293,1.554892293,1.554892293,1.554892293,1.554892293,1.554892293,,,
02/01/2019,1.559059784,1.559059784,1.559059784,1.559059784,1.559059784,1.559059784,,,
03/01/2019,1.563184928,1.563184928,1.563184928,1.563184928,1.563184928,1.563184928,,,
04/01/2019,1.56632764,1.56632764,1.56632764,1.56632764,1.56632764,1.56632764,,,
05/01/2019,1.569785074,1.569785074,1.569785074,1.569785074,1.569785074,1.569785074,,,
06/01/2019,1.571155044,1.571155044,1.571155044,1.571155044,1.571155044,1.571155044,,,
07/01/2019,1.572241282,1.572241282,1.572241282,1.572241282,1.572241282,1.572241282,,,
08/01/2019,1.573102002,1.573102002,1.573102002,1.573102002,1.573102002,1.573102002,,,
09/01/2019,1.57369416,1.57369416,1.57369416,1.57369416,1.57369416,1.57369416,,,
10/01/2019,1.575438594,1.575438594,1.575438594,1.575438594,1.575438594,1.575438594,,,
11/01/2019,1.576709837,1.576709837,1.576709837,1.576709837,1.576709837,1.576709837,,,
12/01/2019,1.577500019,1.577500019,1.577500019,1.577500019,1.577500019,1.577500019,,,
01/01/2020,1.575873593,1.575873593,1.575873593,1.575873593,1.575873593,1.575873593,,,
02/01/2020,1.573736168,1.573736168,1.573736168,1.573736168,1.573736168,1.573736168,,,
03/01/2020,1.572247892,1.572247892,1.572247892,1.572247892,1.572247892,1.572247892,,,
04/01/2020,1.579890309,1.579890309,1.579890309,1.579890309,1.579890309,1.579890309,,,
05/01/2020,1.589921596,1.589921596,1.589921596,1.589921596,1.589921596,1.589921596,,,
06/01/2020,1.601690006,1.601690006,1.601690006,1.601690006,1.601690006,1.601690006,,,
07/01/2020,1.608103572,1.608103572,1.608103572,1.608103572,1.608103572,1.608103572,,,
08/01/2020,1.60866214,1.60866214,1.60866214,1.60866214,1.60866214,1.60866214,,,
09/01/2020,1.608463906,1.608463906,1.608463906,1.608463906,1.608463906,1.608463906,,,
10/01/2020,1.606556867,1.606556867,1.606556867,1.606556867,1.606556867,1.606556867,,,
11/01/2020,1.604938953,1.604938953,1.604938953,1.604938953,1.604938953,1.604938953,,,
12/01/2020,1.605254538,1.605254538,1.605254538,1.605254538,1.605254538,1.605254538,,,
01/01/2021,1.61670713,1.61670713,1.61670713,1.61670713,1.61670713,1.61670713,,,
02/01/2021,1.622844135,1.622844135,1.622844135,1.622844135,1.622844135,1.622844135,,,
03/01/2021,1.629092099,1.629092099,1.629092099,1.629092099,1.629092099,1.629092099,,,
04/01/2021,1.636525442,1.636525442,1.636525442,1.636525442,1.636525442,1.636525442,,,
05/01/2021,1.642121771,1.642121771,1.642121771,1.642121771,1.642121771,1.642121771,,,
06/01/2021,1.645759958,1.645759958,1.645759958,1.645759958,1.645759958,1.645759958,,,
07/01/2021,1.648543904,1.648543904,1.648543904,1.648543904,1.648543904,1.648543904,,,
08/01/2021,1.651568801,1.651568801,1.651568801,1.651568801,1.651568801,1.651568801,,,
09/01/2021,1.654360242,1.654360242,1.654360242,1.654360242,1.654360242,1.654360242,,,
10/01/2021,1.656188575,1.656188575,1.656188575,1.656188575,1.656188575,1.656188575,,,
11/01/2021,1.658231108,1.658231108,1.658231108,1.658231108,1.658231108,1.658231108,,,
12/01/2021,1.660456433,1.660456433,1.660456433,1.660456433,1.660456433,1.660456433,,,
01/01/2022,1.662991754,1.662991754,1.662991754,1.662991754,1.662991754,1.662991754,,,
02/01/2022,1.666077944,1.666077944,1.666077944,1.666077944,1.666077944,1.666077944,,,
03/01/2022,1.6689476,1.6689476,1.6689476,1.6689476,1.6689476,1.6689476,,,
04/01/2022,1.671956336,1.671956336,1.671956336,1.671956336,1.671956336,1.671956336,,,
05/01/2022,1.675538373,1.675538373,1.675538373,1.675538373,1.675538373,1.675538373,,,
06/01/2022,1.681524767,1.681524767,1.681524767,1.681524767,1.681524767,1.681524767,,,
07/01/2022,1.688120428,1.688120428,1.688120428,1.688120428,1.688120428,1.688120428,,,
08/01/2022,1.697021115,1.697021115,1.697021115,1.697021115,1.697021115,1.697021115,,,
09/01/2022,1.707669789,1.707669789,1.707669789,1.707669789,1.707669789,1.707669789,,,
10/01/2022,1.71981822,1.71981822,1.71981822,1.71981822,1.71981822,1.71981822,,,
11/01/2022,1.733806844,1.733806844,1.733806844,1.733806844,1.733806844,1.733806844,,,
12/01/2022,1.745788292,1.745788292,1.745788292,1.745788292,1.745788292,1.745788292,,,
01/01/2023,1.748927603,1.748927603,1.748927603,1.748927603,1.748927603,1.748927603,,,
02/01/2023,1.750064273,1.750064273,1.750064273,1.750064273,1.750064273,1.750064273,,,
03/01/2023,1.749170444,1.749170444,1.749170444,1.749170444,1.749170444,1.749170444,,,
04/01/2023,1.747945336,1.747945336,1.747945336,1.747945336,1.747945336,1.747945336,,,
05/01/2023,1.744617034,1.744617034,1.744617034,1.744617034,1.744617034,1.744617034,,,
06/01/2023,1.741854196,1.741854196,1.741854196,1.741854196,1.741854196,1.741854196,,,
07/01/2023,1.742503457,1.742503457,1.742503457,1.742503457,1.742503457,1.742503457,,,
08/01/2023,1.743092904,1.743092904,1.743092904,1.743092904,1.743092904,1.743092904,,,
09/01/2023,1.743757678,1.743757678,1.743757678,1.743757678,1.743757678,1.743757678,,,
10/01/2023,1.744042304,1.744042304,1.744042304,1.744042304,1.744042304,1.744042304,,,
11/01/2023,1.745369619,1.745369619,1.745369619,1.745369619,1.745369619,1.745369619,,,
12/01/2023,1.745687997,1.745687997,1.745687997,1.745687997,1.745687997,1.745687997,,,
01/01/2024,1.744128977,1.744128977,1.744128977,1.744128977,1.744128977,1.744128977,,,
02/01/2024,1.747937872,1.747937872,1.746237917,1.747937872,1.74155828,1.751687043,,,
03/01/2024,1.750099823,1.750099823,1.748399337,1.750099823,1.742324991,1.753715795,,,
04/01/2024,1.7480788,1.7480788,1.75067165,1.7480788,1.74320616,1.755682518,,,
05/01/2024,1.745748805,1.745748805,1.752470468,1.745748805,1.744073037,1.75756982,,,
06/01/2024,1.743162398,1.743162398,1.753730878,1.743162398,1.744970987,1.759444237,,,
07/01/2024,1.740517393,1.740517393,1.754933079,1.740517393,1.745839669,1.761213835,,,
08/01/2024,1.73765007,1.73765007,1.756165521,1.73765007,1.746734925,1.762998615,,,
09/01/2024,1.734656982,1.734656982,1.757392619,1.734656982,1.747627809,1.764750815,,,
10/01/2024,1.731649443,1.732257351,1.758575597,1.731649443,1.748489357,1.76642317,,,
11/01/2024,1.728429923,1.73252902,1.759793705,1.728429923,1.749377366,1.768123319,,,
12/01/2024,1.725218153,1.732856518,1.760968351,1.725218153,1.750234982,1.769751293,,,
01/01/2025,1.721808774,1.733215393,1.762177663,1.721808774,1.751119178,1.771410449,,,
02/01/2025,1.718318086,1.733580248,1.763382333,1.718318086,1.752001099,1.773051528,,,
03/01/2025,1.715104312,1.733910908,1.764466721,1.715104312,1.752795822,1.774532606,,,
04/01/2025,1.711478181,1.734276264,1.765662357,1.711478181,1.753672931,1.776152284,,,
05/01/2025,1.707912851,1.734628995,1.766814943,1.709526487,1.754519222,1.777715125,,,
06/01/2025,1.704174913,1.734992477,1.768001282,1.709376374,1.755391076,1.77931911,,,
07/01/2025,1.700511115,1.735343218,1.769144999,1.709314105,1.756232285,1.780868212,,,
08/01/2025,1.696678705,1.735704288,1.770321853,1.709292277,1.757098295,1.782458665,,,
09/01/2025,1.692803715,1.73606451,1.7714956,1.709295637,1.75796135,1.784042819,,,
10/01/2025,1.689016426,1.736412354,1.772628521,1.709314528,1.75879383,1.785574098,,,
11/01/2025,1.685067856,1.73677069,1.773795532,1.709345314,1.759650845,1.787147724,,,
12/01/2025,1.681216324,1.737116505,1.774921382,1.709382676,1.760477282,1.788669349,,,
01/01/2026,1.67720652,1.737472715,1.77608079,1.709426995,1.761328478,1.790234437,,,
02/01/2026,1.673169205,1.737827824,1.77723618,1.709475474,1.762177653,1.791796225,,,
03/01/2026,1.670781341,1.738147689,1.77827646,1.709521827,1.762942921,1.793215027,,,
04/01/2026,1.670365625,1.738500586,1.779423937,1.709575274,1.763787752,1.79477259,,,
05/01/2026,1.670078673,1.738841193,1.780530424,1.70962848,1.764602999,1.796280614,,,
06/01/2026,1.669851119,1.739191971,1.781669284,1.709684455,1.765442603,1.797832694,,,
07/01/2026,1.66967487,1.739530435,1.782767289,1.709739533,1.766252544,1.799336567,,,
08/01/2026,1.669527245,1.739879081,1.783897476,1.709797126,1.767086667,1.800886714,,,
09/01/2026,1.669406147,1.740226568,1.785023201,1.709855192,1.767917893,1.802435985,,,
10/01/2026,1.669308762,1.740561807,1.786108491,1.709911774,1.768719621,1.803938071,,,
11/01/2026,1.669225067,1.740906992,1.787225451,1.709970445,1.769545075,1.805486066,,,
12/01/2026,1.669156763,1.741239718,1.788301995,1.710027173,1.770340905,1.806986492,,,
01/01/2027,1.66909733,1.741582406,1.789410032,1.710085966,1.771160335,1.808532802,,,
02/01/2027,1.66904719,1.741923804,1.790513528,1.710144721,1.771976665,1.810077897,,,
03/01/2027,1.669008155,1.742231108,1.791506531,1.710197732,1.772711455,1.811484532,,,
04/01/2027,1.668971618,1.742570329,1.792601686,1.710256608,1.773522137,1.81303236,,,
05/01/2027,1.66894144,1.742897273,1.793657164,1.710313342,1.774303617,1.814533507,,,
06/01/2027,1.668914719,1.743233924,1.794743423,1.710371925,1.775108119,1.816081336,,,
07/01/2027,1.668892655,1.743558635,1.795790564,1.710428596,1.775883862,1.817582579,,,
08/01/2027,1.668873121,1.743892791,1.796868045,1.710486892,1.77668224,1.819130187,,,
09/01/2027,1.668856196,1.744225611,1.797941012,1.710544954,1.77747773,1.820677235,,,
10/01/2027,1.668841965,1.744546482,1.798975185,1.710600957,1.778245254,1.822177499,,,
11/01/2027,1.668829265,1.744876762,1.800039387,1.710658633,1.779035836,1.823724116,,,
12/01/2027,1.668818621,1.745195209,1.801065133,1.710714282,1.779798506,1.825226445,,,
01/01/2028,1.668809119,1.745522977,1.802120642,1.710771567,1.780583926,1.826778247,,,
02/01/2028,1.668800839,1.745849413,1.803171698,1.71082859,1.781366586,1.828331911,,,
03/01/2028,1.668793987,1.746153633,1.804151065,1.71088171,1.78209631,1.829793882,,,
04/01/2028,1.668787643,1.746477612,1.805193652,1.710938334,1.782873633,1.831351421,,,
05/01/2028,1.668782271,1.746789865,1.806198445,1.710992848,1.783623173,1.832863013,,,
06/01/2028,1.668777564,1.74711147,1.807232598,1.711049174,1.784395087,1.834422759,,,
07/01/2028,1.668773509,1.747421191,1.808229066,1.711103149,1.78513912,1.835935922,,,
08/01/2028,1.668769616,1.747740056,1.809255121,1.711158792,1.785905182,1.837496833,,,
09/01/2028,1.668766384,1.748057761,1.810277813,1.711214311,1.78666848,1.839058919,,,
10/01/2028,1.668763702,1.748363991,1.811264132,1.711267781,1.78740442,1.840579563,,,
11/01/2028,1.668761078,1.748678998,1.812279506,1.711322632,1.788161837,1.842152368,,,
12/01/2028,1.668758769,1.748982774,1.813258753,1.711375614,1.788892222,1.843681904,,,
01/01/2029,1.668756835,1.749295472,1.81426693,1.711430186,1.789644116,1.845262692,,,
02/01/2029,1.66875512,1.749606862,1.815271233,1.711484456,1.790393047,1.846846261,,,
03/01/2029,1.668753757,1.749887369,1.816175317,1.711533383,1.791067243,1.848289745,,,
04/01/2029,1.668752698,1.750197177,1.817172589,1.711587492,1.791810954,1.849880292,,,
05/01/2029,1.6687517,1.750495805,1.818133772,1.711639329,1.792527666,1.851424579,,,
06/01/2029,1.668750558,1.750803512,1.819123204,1.711692749,1.793265467,1.853018979,,,
07/01/2029,1.668749752,1.751100489,1.820077202,1.711744347,1.793976892,1.85456719,,,
08/01/2029,1.66874933,1.751406665,1.821059327,1.71179764,1.794709361,1.85616548,,,
09/01/2029,1.668748945,1.751711819,1.82203731,1.711850431,1.795438696,1.857764684,,,
10/01/2029,1.668748417,1.752006631,1.822980157,1.71190135,1.796141866,1.859317097,,,
11/01/2029,1.66874796,1.752310638,1.823950531,1.711953711,1.796865593,1.8609191,,,
12/01/2029,1.668747725,1.752604439,1.824886174,1.712004362,1.797563496,1.862474164,,,
01/01/2030,1.668747745,1.752907396,1.825849177,1.7120565,1.798281851,1.86407879,,,
02/01/2030,1.66874748,1.753209286,1.826807958,1.712108034,1.798997003,1.865683704,,,
03/01/2030,1.668747068,1.753481537,1.827670976,1.712154562,1.799640799,1.867144938,,,
04/01/2030,1.668746712,1.753782071,1.828622486,1.712205709,1.800350617,1.868753126,,,
05/01/2030,1.668746252,1.754072187,1.829539709,1.712254993,1.801034898,1.870313386,,,
06/01/2030,1.66874601,1.754371401,1.830483909,1.712305917,1.801739402,1.871923107,,,
07/01/2030,1.668745993,1.754660197,1.831394083,1.712354978,1.802418555,1.873484847,,,
08/01/2030,1.668745879,1.754957703,1.832330709,1.712405355,1.803117464,1.875098163,,,
09/01/2030,1.668745921,1.755254633,1.833263813,1.71245577,1.803813855,1.876714324,,,
10/01/2030,1.668746096,1.755541057,1.834163159,1.712504211,1.804485056,1.878283692,,,
11/01/2030,1.668745983,1.755836025,1.835088586,1.712553896,1.805175727,1.879903559,,,
12/01/2030,1.668745985,1.756120939,1.835980929,1.712602046,1.805841815,1.881476251,,,
01/01/2031,1.668746187,1.756414394,1.836899213,1.712651495,1.806527291,1.883099123,,,
02/01/2031,1.66874613,1.756706788,1.837813604,1.712700539,1.807209855,1.884724534,,,
03/01/2031,1.668746048,1.75697032,1.838636644,1.712744817,1.807824303,1.88620678,,,
04/01/2031,1.668745954,1.757261008,1.839543991,1.712793431,1.808501707,1.887840504,,,
05/01/2031,1.668745806,1.757541617,1.840418766,1.712840413,1.809155211,1.889427476,,,
06/01/2031,1.668745951,1.757830847,1.841319211,1.712888912,1.809828355,1.891066361,,,
07/01/2031,1.66874601,1.758109647,1.842186952,1.712935387,1.81047766,1.892657398,,,
08/01/2031,1.668745764,1.758396807,1.843079956,1.712983166,1.811146523,1.894299719,,,
09/01/2031,1.668745341,1.758682906,1.843969193,1.713030577,1.811813138,1.895943058,,,
10/01/2031,1.668745095,1.758959264,1.844826712,1.71307661,1.812456591,1.897538501,,,
11/01/2031,1.668745124,1.759243848,1.845709163,1.713123889,1.813119256,1.89918494,,,
12/01/2031,1.668744909,1.759518227,1.846559637,1.713169273,1.813758323,1.90078255,,,
01/01/2032,1.668744532,1.759800859,1.847434925,1.713215981,1.814416495,1.902431045,,,
02/01/2032,1.668744121,1.760082528,1.848306628,1.713262438,1.815072386,1.904080092,,,
03/01/2032,1.668743714,1.760345269,1.849119051,1.713305764,1.815684039,1.90563073,,,
04/01/2032,1.668743447,1.760625315,1.849984092,1.713351971,1.816335708,1.907282454,,,
05/01/2032,1.668743161,1.760895358,1.850817848,1.713396385,1.816964117,1.90888482,,,
06/01/2032,1.668742828,1.761173566,1.851675996,1.713442157,1.817611273,1.910537857,,,
07/01/2032,1.668742574,1.761441948,1.852503223,1.713486267,1.818235415,1.912141531,,,
08/01/2032,1.668742341,1.761718388,1.853354604,1.71353167,1.818878095,1.913795786,,,
09/01/2032,1.668742401,1.761994211,1.854202854,1.713577173,1.819518784,1.915451011,,,
10/01/2032,1.668742577,1.762260109,1.855020378,1.713620844,1.82013677,1.917061344,,,
11/01/2032,1.668742574,1.762533982,1.855861781,1.713665792,1.820773646,1.918726496,,,
12/01/2032,1.668742501,1.762798083,1.856672787,1.713709014,1.821388278,1.920348433,,,
01/01/2033,1.668742582,1.76307035,1.857507729,1.713753752,1.822021855,1.92202703,,,
02/01/2033,1.668742898,1.763341686,1.858339356,1.713798262,1.822653519,1.92370958,,,
03/01/2033,1.668743023,1.763585886,1.859088069,1.71383816,1.823222334,1.925243167,,,
04/01/2033,1.668743331,1.763855722,1.859914982,1.71388251,1.823850485,1.926934051,,,
05/01/2033,1.668743497,1.764115496,1.860712311,1.713924722,1.824455973,1.928575451,,,
06/01/2033,1.66874345,1.764383386,1.861533888,1.713968509,1.825079953,1.930270447,,,
07/01/2033,1.668743708,1.764641755,1.862326332,1.714010658,1.825681834,1.931915866,,,
08/01/2033,1.668743852,1.764907786,1.863142301,1.714053959,1.826301641,1.933614185,,,
09/01/2033,1.668743686,1.765172668,1.863955127,1.714096807,1.826919095,1.935313194,,,
10/01/2033,1.668743322,1.765428238,1.864739059,1.714138161,1.827514722,1.936962151,,,
11/01/2033,1.668743112,1.765691531,1.865546265,1.714180822,1.828128176,1.938663844,,,
12/01/2033,1.668742975,1.76594549,1.866324649,1.714221981,1.828719843,1.940315079,,,
01/01/2034,1.66874284,1.766207053,1.867126025,1.714264407,1.82932913,1.942018854,,,
02/01/2034,1.668742592,1.766467603,1.867924282,1.71430661,1.829936152,1.943722949,,,
03/01/2034,1.668742205,1.766702202,1.86864283,1.714344662,1.830482671,1.945273855,,,
04/01/2034,1.668741978,1.766961251,1.869435562,1.71438692,1.831085801,1.946981484,,,
05/01/2034,1.668741859,1.767211063,1.870199857,1.714427687,1.831667416,1.948637901,,,
06/01/2034,1.668741772,1.767468443,1.870986753,1.714469859,1.832266399,1.950346677,,,
07/01/2034,1.668741737,1.767716653,1.871745417,1.714510547,1.832844013,1.952004483,,,
08/01/2034,1.668741786,1.76797243,1.872526547,1.71455267,1.833438912,1.953715689,,,
09/01/2034,1.668741853,1.768227207,1.873304567,1.714594566,1.834031551,1.955427687,,,
10/01/2034,1.668741886,1.768473083,1.874054831,1.714635152,1.834603209,1.957089259,,,
11/01/2034,1.668742083,1.768726344,1.874827191,1.714677045,1.835191853,1.958803846,,,
12/01/2034,1.668742476,1.768970809,1.875572045,1.714717666,1.835759705,1.960467696,,,
01/01/2035,1.668742541,1.76922205,1.87633826,1.714759009,1.836343854,1.962183925,,,
02/01/2035,1.668742434,1.769472818,1.877101907,1.71480063,1.836926272,1.963901275,,,
03/01/2035,1.668742476,1.769698396,1.877789028,1.714837899,1.837450379,1.96546413,,,
04/01/2035,1.668742357,1.769947415,1.878546957,1.71487917,1.838028657,1.96718501,,,
05/01/2035,1.66874234,1.770187612,1.879277704,1.714919003,1.838586319,1.968854375,,,
06/01/2035,1.668742156,1.770434808,1.880029732,1.714959879,1.839160312,1.970576207,,,
07/01/2035,1.668742023,1.770673483,1.88075502,1.714999567,1.839714071,1.97224668,,,
08/01/2035,1.668742184,1.770919339,1.881501658,1.71504052,1.840284271,1.973970151,,,
09/01/2035,1.66874237,1.771164342,1.882245402,1.71508133,1.840852381,1.975695521,,,
10/01/2035,1.668742512,1.77140066,1.882962467,1.715120702,1.841400227,1.977374556,,,
11/01/2035,1.66874253,1.77164392,1.883700467,1.715161152,1.841964164,1.979109818,,,
12/01/2035,1.66874243,1.771878564,1.884411993,1.715200182,1.842507987,1.980795217,,,
01/01/2036,1.668742586,1.772120487,1.885144681,1.715240671,1.843068169,1.982535675,,,
02/01/2036,1.668742692,1.772361256,1.885874212,1.715280692,1.843625975,1.984276997,,,
03/01/2036,1.66874224,1.772585557,1.88655398,1.715317794,1.844145786,1.98591439,,,
04/01/2036,1.668742139,1.77282514,1.88727845,1.715357965,1.84470004,1.987659733,,,
05/01/2036,1.668742256,1.77305584,1.887976538,1.715396317,1.845234126,1.989352731,,,
06/01/2036,1.668741968,1.773293453,1.888695136,1.715435849,1.845784025,1.991099423,,,
07/01/2036,1.668741756,1.773522702,1.88938801,1.715474044,1.846314358,1.992794555,,,
08/01/2036,1.668741689,1.773758892,1.890101317,1.715513483,1.846860464,1.994543857,,,
09/01/2036,1.668741786,1.773994367,1.890811964,1.715552878,1.847404661,1.996293681,,,
10/01/2036,1.66874204,1.774221593,1.891497217,1.715590972,1.847929534,1.997991465,,,
11/01/2036,1.668742271,1.774455494,1.892202486,1.715630098,1.848469822,1.999742917,,,
12/01/2036,1.668742451,1.774681188,1.892882542,1.715667915,1.848990911,2.001442082,,,
01/01/2037,1.668742781,1.774913711,1.893582663,1.715706953,1.849527499,2.003195054,,,
02/01/2037,1.66874288,1.775145122,1.894279765,1.715745527,1.850061803,2.00494769,,,
03/01/2037,1.668742803,1.775353669,1.894907379,1.715780431,1.850542972,2.006542597,,,
04/01/2037,1.668742879,1.775583752,1.895599537,1.715818913,1.851073722,2.008298319,,,
05/01/2037,1.668742768,1.775805528,1.896266712,1.71585587,1.851585373,2.010000847,,,
06/01/2037,1.668742761,1.776034221,1.896953775,1.715894231,1.852112446,2.011758872,,,
07/01/2037,1.668742954,1.77625473,1.897616123,1.715931143,1.852620631,2.013472162,,,
08/01/2037,1.668743199,1.776481989,1.898298094,1.715969325,1.853144009,2.015247194,,,
09/01/2037,1.668743296,1.776708168,1.898977137,1.716007052,1.853665162,2.017027895,,,
10/01/2037,1.668743074,1.776926351,1.899631844,1.716043455,1.854167734,2.018759721,,,
11/01/2037,1.668743049,1.777151247,1.900305977,1.716081143,1.854685359,2.020550093,,,
12/01/2037,1.668743325,1.777368303,1.900956073,1.716117618,1.855184644,2.022289777,,,
01/01/2038,1.668743433,1.777591544,1.901624971,1.716154877,1.855698398,2.024086349,,,
02/01/2038,1.668743356,1.777814166,1.902291437,1.716192138,1.856210408,2.025884879,,,
03/01/2038,1.668743259,1.778014483,1.902891174,1.716225536,1.856671195,2.027522673,,,
04/01/2038,1.668743127,1.778235667,1.903552776,1.716262537,1.857179639,2.029327244,,,
05/01/2038,1.668743117,1.778449014,1.904190661,1.716298215,1.857669941,2.03107834,,,
06/01/2038,1.668742973,1.778668609,1.904847165,1.71633483,1.858174616,2.032885054,,,
07/01/2038,1.668742786,1.778880523,1.905480233,1.716370237,1.858661381,2.034638083,,,
08/01/2038,1.668742709,1.779098788,1.90613193,1.716406721,1.859162561,2.03644675,,,
09/01/2038,1.668742791,1.779316477,1.906781299,1.716443235,1.859662074,2.038255757,,,
10/01/2038,1.668742904,1.779526346,1.907407292,1.716478334,1.86014366,2.04001059,,,
11/01/2038,1.668742772,1.779742367,1.908051567,1.716514357,1.860639372,2.041820727,,,
12/01/2038,1.668742602,1.779950836,1.908672851,1.716549192,1.861117495,2.043576674,,,
01/01/2039,1.668742619,1.780165636,1.909312505,1.716585168,1.861609863,2.045388057,,,
02/01/2039,1.668742837,1.780379831,1.909949846,1.716621132,1.862100564,2.047200294,,,
03/01/2039,1.668742829,1.780572385,1.910523206,1.716653179,1.862541997,2.048849466,,,
04/01/2039,1.668742549,1.780784966,1.91115569,1.716688648,1.863029059,2.05066552,,,
05/01/2039,1.668742305,1.780989964,1.911765459,1.716722795,1.86349869,2.052426747,,,
06/01/2039,1.668742092,1.781201199,1.912393269,1.716758067,1.863982325,2.054243362,,,
07/01/2039,1.668742052,1.781405037,1.91299898,1.716792163,1.864448793,2.056012215,,,
08/01/2039,1.668742018,1.781614896,1.913622771,1.716827203,1.864928995,2.057842355,,,
09/01/2039,1.668742007,1.781824162,1.9142446,1.716862228,1.865407566,2.05968207,,,
10/01/2039,1.668742024,1.78202595,1.914844517,1.716895933,1.865869004,2.061473581,,,
11/01/2039,1.668741996,1.782233816,1.91546271,1.716930685,1.866344145,2.063326562,,,
12/01/2039,1.668741835,1.782434152,1.916059077,1.71696402,1.866802174,2.065127115,,,
01/01/2040,1.668741776,1.782640788,1.916673767,1.716998661,1.867274071,2.066987215,,,
02/01/2040,1.668741892,1.782846608,1.917286428,1.717033048,1.867744137,2.06884877,,,
03/01/2040,1.668741912,1.783038604,1.917857926,1.717065162,1.868182445,2.070600196,,,
04/01/2040,1.668742052,1.783243236,1.918466962,1.717099448,1.868649373,2.07246674,,,
05/01/2040,1.668742183,1.78344056,1.919054428,1.717132437,1.86909959,2.074277758,,,
06/01/2040,1.668742274,1.783643842,1.91965954,1.71716646,1.8695632,2.076146243,,,
07/01/2040,1.668742359,1.783839881,1.9202432,1.71719922,1.870010236,2.077958851,,,
08/01/2040,1.668742403,1.784041808,1.920844328,1.717232979,1.870470538,2.079828675,,,
09/01/2040,1.668742521,1.784243127,1.921443489,1.717266677,1.870929247,2.081698399,,,
10/01/2040,1.668742554,1.784437197,1.922021285,1.71729904,1.871371484,2.08351199,,,
11/01/2040,1.668742368,1.784637001,1.922616226,1.717332291,1.871826749,2.085388942,,,
12/01/2040,1.668741878,1.784829497,1.923189803,1.717364112,1.872265546,2.087220021,,,
01/01/2041,1.668741442,1.785028074,1.92378077,1.717397208,1.872717657,2.089115621,,,
02/01/2041,1.668741305,1.785225981,1.924369673,1.717430173,1.873168132,2.091014987,,,
03/01/2041,1.668741354,1.785404415,1.924900132,1.717460069,1.873573907,2.092746841,,,
04/01/2041,1.668741184,1.785600847,1.925484907,1.717492575,1.87402108,2.094654619,,,
05/01/2041,1.668741048,1.785790853,1.926049422,1.717524451,1.874452843,2.096506544,,,
06/01/2041,1.668741259,1.785986347,1.926630521,1.717557071,1.874897206,2.098416926,,,
07/01/2041,1.668741416,1.786175099,1.927191139,1.717588701,1.875325917,2.100270623,,,
08/01/2041,1.668741678,1.786369443,1.927768357,1.717621207,1.87576728,2.102182682,,,
09/01/2041,1.668741747,1.786563015,1.928343416,1.717653463,1.876206936,2.104094278,,,
10/01/2041,1.668741568,1.786749662,1.928897911,1.717684461,1.876630831,2.105948577,,,
11/01/2041,1.66874136,1.786942061,1.929468957,1.717716476,1.877067384,2.107861218,,,
12/01/2041,1.66874129,1.787127773,1.930019741,1.717747405,1.877488448,2.109716561,,,
01/01/2042,1.668741439,1.787319324,1.930587059,1.717779438,1.877922184,2.111630334,,,
02/01/2042,1.668741855,1.787510467,1.931152479,1.717811459,1.878354482,2.113543768,,,
03/01/2042,1.668742085,1.787682435,1.931661295,1.717840026,1.878743438,2.115285325,,,
04/01/2042,1.668742154,1.787872443,1.932222774,1.717871687,1.879172679,2.117202552,,,
05/01/2042,1.668742271,1.788055731,1.932764187,1.717902131,1.879586553,2.119061456,,,
06/01/2042,1.668742486,1.788244884,1.933321881,1.717933696,1.880012922,2.120978405,,,
07/01/2042,1.668742867,1.788427544,1.933859706,1.717964103,1.880424091,2.122837368,,,
08/01/2042,1.668742959,1.788615644,1.934413233,1.717995156,1.880847322,2.124753836,,,
09/01/2042,1.66874266,1.788803258,1.934964642,1.718025956,1.881269066,2.126669132,,,
10/01/2042,1.668742299,1.788984654,1.935496496,1.718055743,1.881676004,2.12852671,,,
11/01/2042,1.668742339,1.78917215,1.936044457,1.718086754,1.882095605,2.130442655,,,
12/01/2042,1.668742554,1.789353162,1.93657277,1.718116507,1.88250037,2.132300613,,,
01/01/2043,1.668742474,1.789539759,1.937116619,1.718147012,1.882917235,2.134216249,,,
02/01/2043,1.668742263,1.789726022,1.937658531,1.718177415,1.883332821,2.136130962,,,
03/01/2043,1.668742124,1.789894033,1.938146487,1.718204853,1.883707191,2.137873758,,,
04/01/2043,1.668742115,1.790079748,1.938684869,1.718235195,1.88412043,2.13979205,,,
05/01/2043,1.668742047,1.79025899,1.939203962,1.71826433,1.884518973,2.141651692,,,
06/01/2043,1.668741884,1.790443861,1.939738492,1.718294377,1.884929515,2.143570438,,,
07/01/2043,1.66874182,1.790622455,1.940254056,1.718323417,1.885325624,2.145431953,,,
08/01/2043,1.66874181,1.790806591,1.940784909,1.718353319,1.885733596,2.147351637,,,
09/01/2043,1.668741687,1.790990201,1.941313759,1.718383003,1.886140115,2.149270301,,,
10/01/2043,1.668741558,1.791167605,1.941823897,1.718411747,1.886532373,2.151131265,,,
11/01/2043,1.668741444,1.791350387,1.942349057,1.71844124,1.886936255,2.153050052,,,
12/01/2043,1.668741304,1.791526953,1.942855611,1.71846977,1.887325935,2.15491098,,,
01/01/2044,1.668741148,1.791708856,1.943377076,1.718499039,1.887727149,2.156829644,,,
02/01/2044,1.668741094,1.791890545,1.943896915,1.718528438,1.88812725,2.158747637,,,
03/01/2044,1.668741089,1.79205994,1.944381419,1.718555666,1.888500184,2.160550401,,,
04/01/2044,1.668741051,1.792240748,1.94489768,1.718584852,1.88889768,2.162470076,,,
05/01/2044,1.668741107,1.792415221,1.945395493,1.71861292,1.889281024,2.164331384,,,
06/01/2044,1.668741161,1.79259515,1.945908172,1.718641919,1.88967591,2.16625055,,,
07/01/2044,1.668741348,1.792768898,1.946402665,1.718669937,1.890056864,2.168111632,,,
08/01/2044,1.668741449,1.79294784,1.946911694,1.718698647,1.890449053,2.170030311,,,
09/01/2044,1.668741426,1.793126343,1.947418941,1.71872728,1.89083994,2.171947912,,,
10/01/2044,1.66874157,1.793298813,1.947908303,1.718755055,1.891217141,2.173807809,,,
11/01/2044,1.6687419,1.793476599,1.948412226,1.718783685,1.891605632,2.175725624,,,
12/01/2044,1.668742022,1.793647977,1.948897989,1.718811054,1.891980126,2.177594059,,,
01/01/2045,1.668741895,1.793824608,1.949398171,1.718839243,1.892365799,2.179531714,,,
02/01/2045,1.668741897,1.794000909,1.949896721,1.718867472,1.892750302,2.181472448,,,
03/01/2045,1.668741988,1.794159727,1.950345547,1.718892849,1.893096493,2.183241287,,,
04/01/2045,1.668741912,1.794334971,1.950840581,1.718920722,1.893478355,2.185188067,,,
05/01/2045,1.6687418,1.794504211,1.951318094,1.718947697,1.893846774,2.187076135,,,
06/01/2045,1.668741709,1.79467855,1.951809707,1.718975399,1.894226108,2.189022486,,,
07/01/2045,1.668741657,1.794846944,1.952283952,1.719002239,1.894592117,2.190910324,,,
08/01/2045,1.668741543,1.795020288,1.952772081,1.719029682,1.894968851,2.192856287,,,
09/01/2045,1.668741296,1.795193224,1.953258545,1.719057095,1.895344365,2.194801146,,,
10/01/2045,1.668741243,1.795360274,1.953727842,1.719083669,1.895706703,2.19668778,,,
11/01/2045,1.668741423,1.795532527,1.954211186,1.719111142,1.89607996,2.198633107,,,
12/01/2045,1.668741517,1.795698589,1.954677153,1.71913744,1.896439797,2.200519606,,,
01/01/2046,1.668741523,1.795869847,1.955157089,1.719164653,1.8968105,2.20246469,,,
02/01/2046,1.668741414,1.796040381,1.95563508,1.719191513,1.897179689,2.204408266,,,
03/01/2046,1.66874132,1.796194299,1.956065709,1.719215974,1.897512398,2.206178583,,,
04/01/2046,1.668741355,1.796364055,1.956540619,1.719242775,1.897879322,2.208126007,,,
05/01/2046,1.668741231,1.796527918,1.956998665,1.719268647,1.898233264,2.210014065,,,
06/01/2046,1.668741338,1.796696996,1.957470542,1.719295514,1.898597987,2.211960422,,,
07/01/2046,1.66874152,1.796860034,1.957925503,1.719321276,1.898949642,2.213847665,,,
08/01/2046,1.668741589,1.797028091,1.958394034,1.719347858,1.899311841,2.215793129,,,
09/01/2046,1.668741553,1.79719552,1.95886076,1.719374182,1.899672651,2.217739392,,,
10/01/2046,1.668741526,1.797357294,1.959311081,1.719399758,1.90002086,2.219628509,,,
11/01/2046,1.668741662,1.797523965,1.959774756,1.719426066,1.90037943,2.221576276,,,
12/01/2046,1.66874184,1.797684908,1.960222041,1.719451523,1.900725381,2.223465603,,,
01/01/2047,1.668741985,1.797850631,1.960682503,1.719477613,1.901081537,2.225413168,,,
02/01/2047,1.668741981,1.798015864,1.961141325,1.719503586,1.901436462,2.227359488,,,
03/01/2047,1.668742101,1.798164891,1.961554602,1.719527137,1.901756221,2.229132335,,,
04/01/2047,1.668742188,1.798329202,1.962010342,1.719552896,1.902108826,2.231082277,,,
05/01/2047,1.668742153,1.798487874,1.962449982,1.719577834,1.902449033,2.232972847,,,
06/01/2047,1.668742295,1.798651464,1.962902781,1.719603605,1.90279948,2.234921521,,,
07/01/2047,1.668742443,1.798809267,1.963339419,1.719628379,1.903137438,2.236811088,,,
08/01/2047,1.668742437,1.798971799,1.963788969,1.719653819,1.903485412,2.238758646,,,
09/01/2047,1.668742472,1.799133996,1.964237074,1.719679293,1.903832333,2.240704984,,,
10/01/2047,1.668742477,1.799290376,1.964669106,1.719703705,1.904166811,2.242592533,,,
11/01/2047,1.668742244,1.799451436,1.965113902,1.719728765,1.904511193,2.244538199,,,
12/01/2047,1.668742229,1.799607182,1.965543209,1.719753251,1.904843684,2.246425633,,,
01/01/2048,1.668742428,1.799767553,1.965985176,1.719778351,1.905185992,2.248371199,,,
02/01/2048,1.668742447,1.799927403,1.966425542,1.719803295,1.905527081,2.250315405,,,
03/01/2048,1.668742362,1.800076509,1.966836118,1.719826517,1.90584512,2.252143631,,,
04/01/2048,1.668742367,1.800235583,1.967273624,1.719851396,1.906184087,2.254089671,,,
05/01/2048,1.668742431,1.800389025,1.967695518,1.719875313,1.906510973,2.255976608,,,
06/01/2048,1.668742441,1.800547167,1.968129998,1.719899975,1.906847653,2.257921617,,,
07/01/2048,1.668742416,1.800699716,1.96854898,1.719923692,1.907172342,2.259807739,,,
08/01/2048,1.668742393,1.800856985,1.96898051,1.719948198,1.907506807,2.261752066,,,
09/01/2048,1.668742262,1.801013606,1.969410342,1.719972416,1.907839947,2.263694731,,,
10/01/2048,1.668742089,1.801164922,1.969825077,1.719995942,1.908161455,2.265579188,,,
11/01/2048,1.668742176,1.801320929,1.970252248,1.720020262,1.908492657,2.267522027,,,
12/01/2048,1.668742369,1.801471509,1.970664282,1.72004374,1.908812158,2.269406392,,,
01/01/2049,1.66874247,1.801626555,1.971088472,1.720067803,1.909141093,2.27134877,,,
02/01/2049,1.668742464,1.801781168,1.971511204,1.72009179,1.909468935,2.273289896,,,
03/01/2049,1.66874256,1.801920557,1.971891938,1.720113489,1.909764252,2.275057909,,,
04/01/2049,1.668742844,1.802074533,1.972312109,1.72013752,1.910090211,2.277002943,,,
05/01/2049,1.668743051,1.802222959,1.972717204,1.720160522,1.910404464,2.278888407,,,
06/01/2049,1.668743001,1.802375819,1.973134282,1.72018413,1.910728031,2.280831452,,,
07/01/2049,1.668742788,1.802523248,1.973536463,1.720206807,1.911040052,2.282617978,,,
08/01/2049,1.668742676,1.802675362,1.973950824,1.720230367,1.9113616,2.284362814,,,
09/01/2049,1.668742708,1.802826982,1.974363701,1.720253785,1.911682013,2.28605922,,,
10/01/2049,1.668742728,1.80297336,1.974761987,1.720276428,1.911991146,2.287663876,,,
11/01/2049,1.668742872,1.803124261,1.975172215,1.720299819,1.912309593,2.28928792,,,
12/01/2049,1.668743091,1.803269901,1.975567908,1.720322388,1.912616788,2.290831778,,,
01/01/2050,1.668743196,1.803419846,1.975975268,1.720345505,1.912933046,2.292400035,,,
02/01/2050,1.668743235,1.803569426,1.976381296,1.720368606,1.913248313,2.293943804,,,
03/01/2050,1.668743188,1.803704031,1.976746743,1.720389253,1.913532062,2.295319342,,,
04/01/2050,1.668743084,1.803852751,1.977150075,1.720412154,1.913845286,2.296821033,,,
05/01/2050,1.668743014,1.803996195,1.97753902,1.72043416,1.914147347,2.298255453,,,
06/01/2050,1.668742983,1.80414413,1.977939687,1.720456956,1.914458571,2.299718992,,,
07/01/2050,1.668743045,1.804286857,1.978326108,1.720478903,1.914758749,2.301118534,,,
08/01/2050,1.668743105,1.804433968,1.978724096,1.720501551,1.91506795,2.30254777,,,
09/01/2050,1.668743174,1.80458062,1.979120688,1.720524082,1.91537609,2.303960729,,,
10/01/2050,1.668743185,1.804722134,1.979503204,1.720545797,1.915673316,2.30531351,,,
11/01/2050,1.668743107,1.804867873,1.979897047,1.720568084,1.915979358,2.306696307,,,
12/01/2050,1.668742987,1.805008553,1.980276958,1.720589611,1.916274607,2.308021045,,,
01/01/2051,1.668742906,1.805153514,1.980668201,1.720611789,1.916578694,2.309376068,,,
02/01/2051,1.668742771,1.805297995,1.981058043,1.720633825,1.916881709,2.3107176,,,
03/01/2051,1.668742518,1.805428089,1.981409004,1.7206536,1.917154512,2.3119186,,,
04/01/2051,1.668742306,1.805571829,1.981796359,1.720675539,1.917455659,2.313235824,,,
05/01/2051,1.668742247,1.805710595,1.982170032,1.720696749,1.917746206,2.314499232,,,
06/01/2051,1.66874222,1.805853557,1.982554831,1.720718573,1.918045427,2.315792911,,,
07/01/2051,1.66874225,1.805991604,1.982926074,1.720739704,1.918334151,2.317034213,,,
08/01/2051,1.668742275,1.806133754,1.9833083,1.720761371,1.918631424,2.318305587,,,
09/01/2051,1.668742228,1.80627552,1.983689252,1.720782989,1.91892774,2.319566105,,,
10/01/2051,1.668742164,1.80641229,1.984056661,1.720803795,1.919213538,2.320775943,,,
11/01/2051,1.668742324,1.806553503,1.984435324,1.720825511,1.919508178,2.322016183,,,
12/01/2051,1.668742567,1.806689578,1.984800375,1.720846248,1.919792206,2.323206732,,,
01/01/2052,1.66874259,1.806829787,1.985176317,1.720867601,1.920084736,2.32442707,,,
02/01/2052,1.668742591,1.806969577,1.985550972,1.720888862,1.920376287,2.325637729,,,
03/01/2052,1.668742546,1.807099971,1.985900316,1.720908657,1.920648159,2.326761965,,,
04/01/2052,1.66874254,1.807239035,1.986272568,1.720929822,1.920937902,2.327954596,,,
05/01/2052,1.668742518,1.807373146,1.986631539,1.720950141,1.921217314,2.329100158,,,
06/01/2052,1.668742404,1.807511341,1.987001232,1.720971075,1.9215051,2.330275035,,,
07/01/2052,1.668742427,1.807644841,1.987357966,1.7209914,1.921782849,2.331404076,,,
08/01/2052,1.668742487,1.807782293,1.987725246,1.721012224,1.922068814,2.332562125,,,
09/01/2052,1.668742551,1.80791947,1.988091408,1.721033097,1.922353961,2.333712019,,,
10/01/2052,1.668742699,1.808051822,1.988444575,1.721053194,1.922629005,2.334817149,,,
11/01/2052,1.668742714,1.808188099,1.98880819,1.721073792,1.922912189,2.335950948,,,
12/01/2052,1.668742741,1.80831973,1.989159045,1.721093774,1.923185485,2.337040945,,,
01/01/2053,1.668742884,1.808455358,1.98952038,1.721114348,1.923466968,2.338159562,,,
02/01/2053,1.668742968,1.808590542,1.989880448,1.721134793,1.923747477,2.339270512,,,
03/01/2053,1.668742919,1.808712257,1.990204609,1.721153127,1.924000019,2.340267727,,,
04/01/2053,1.668742845,1.808846687,1.990562356,1.721173417,1.924278764,2.341364488,,,
05/01/2053,1.668742791,1.808976384,1.9909074,1.72119295,1.924547628,2.342419038,,,
06/01/2053,1.668742684,1.809110009,1.991262738,1.721213052,1.924824535,2.343501589,,,
07/01/2053,1.668742628,1.80923903,1.991605558,1.721232505,1.925091726,2.344542757,,,
08/01/2053,1.668742719,1.809372059,1.991958712,1.721252628,1.925367012,2.345611906,,,
09/01/2053,1.668742774,1.809504578,1.992310554,1.721272548,1.925641274,2.346674122,,,
10/01/2053,1.66874292,1.809632707,1.992650186,1.721292004,1.925906091,2.347696187,,,
11/01/2053,1.668743191,1.809764605,1.992999849,1.72131191,1.926178727,2.34874565,,,
12/01/2053,1.668743233,1.80989179,1.993337033,1.721331001,1.92644163,2.349755042,,,
01/01/2054,1.668743163,1.810022841,1.993684294,1.721350663,1.926712416,2.350791671,,,
02/01/2054,1.668743078,1.8101535,1.994030376,1.721370238,1.926982303,2.351821967,,,
03/01/2054,1.668742823,1.810271042,1.994341851,1.721387695,1.927225188,2.352747221,,,
04/01/2054,1.668742679,1.810401119,1.994685858,1.721407272,1.927493532,2.353765892,,,
05/01/2054,1.668742655,1.810526469,1.995017512,1.72142597,1.927752222,2.354745825,,,
06/01/2054,1.668742477,1.810655671,1.995359119,1.721445269,1.928018709,2.355752508,,,
07/01/2054,1.668742239,1.810780248,1.995688524,1.721463771,1.928275676,2.356721042,,,
08/01/2054,1.668742206,1.810908945,1.996028115,1.721483167,1.928540685,2.35771655,,,
09/01/2054,1.668742336,1.811037096,1.996366401,1.721502311,1.928804658,2.358706158,,,
10/01/2054,1.668742277,1.81116077,1.996692723,1.721520776,1.929059317,2.359658565,,,
11/01/2054,1.668742299,1.811288292,1.997028892,1.721539881,1.929321702,2.360637298,,,
12/01/2054,1.668742199,1.811411137,1.997352948,1.721558082,1.929574606,2.361579002,,,
01/01/2055,1.668742097,1.81153796,1.997686939,1.721577074,1.92983534,2.362546994,,,
02/01/2055,1.668742343,1.811664532,1.998019941,1.721596112,1.930095346,2.363509862,,,
03/01/2055,1.668742775,1.811778667,1.998319932,1.721613359,1.930329617,2.364375464,,,
04/01/2055,1.668743065,1.811904415,1.998650718,1.721632123,1.930587901,2.365328287,,,
05/01/2055,1.668743067,1.812025723,1.99896976,1.721650173,1.930837026,2.36624544,,,
06/01/2055,1.668743078,1.812150782,1.999298409,1.721668822,1.93109369,2.36718813,,,
07/01/2055,1.668743166,1.812271492,1.99961546,1.721686827,1.931341319,2.368095718,,,
08/01/2055,1.668743217,1.812395817,1.999941945,1.721705312,1.931596327,2.369028495,,,
09/01/2055,1.668743282,1.812519863,2.000267428,1.721723809,1.931850591,2.369956445,,,
10/01/2055,1.668743317,1.812639472,2.000581303,1.721741541,1.932095784,2.370849747,,,
11/01/2055,1.668743184,1.81276266,2.000904508,1.721759743,1.932348276,2.37176788,,,
12/01/2055,1.668743008,1.812881557,2.0012163,1.721777313,1.932591874,2.372651907,,,
01/01/2056,1.668742847,1.813004069,2.001537418,1.721795405,1.932842783,2.373560653,,,
02/01/2056,1.668742747,1.813126297,2.001857543,1.721813503,1.93309295,2.374464819,,,
03/01/2056,1.668742563,1.813240174,2.002155924,1.721830214,1.933326112,2.37530637,,,
04/01/2056,1.668742238,1.813361592,2.002473863,1.721848056,1.933574584,2.376201379,,,
05/01/2056,1.668742035,1.81347886,2.002780651,1.721865357,1.933814382,2.37706339,,,
06/01/2056,1.668741922,1.813599681,2.003096613,1.721883164,1.93406137,2.377949653,,,
07/01/2056,1.668741799,1.813716281,2.003401405,1.721900338,1.934299645,2.378803174,,,
08/01/2056,1.6687416,1.813836347,2.003715241,1.721917944,1.934544995,2.379680635,,,
09/01/2056,1.668741535,1.813956295,2.004028273,1.72193572,1.934789783,2.380554071,,,
10/01/2056,1.668741517,1.814071866,2.004330058,1.721952674,1.935025756,2.381395073,,,
11/01/2056,1.668741472,1.814191131,2.004641061,1.721970316,1.935268996,2.382260099,,,
12/01/2056,1.668741518,1.814306143,2.004940993,1.721987241,1.935503575,2.383093183,,,
01/01/2057,1.668741455,1.814424635,2.005249893,1.722004655,1.935745184,2.383949832,,,
02/01/2057,1.668741605,1.814543037,2.005558033,1.722022257,1.93598627,2.384802718,,,
03/01/2057,1.668741976,1.814649704,2.005835538,1.7220381,1.936203401,2.385569799,,,
04/01/2057,1.668742046,1.814767164,2.006141474,1.722055274,1.936442733,2.386414602,,,
05/01/2057,1.668741853,1.814880548,2.006436628,1.722071863,1.936673655,2.387228353,,,
06/01/2057,1.668741861,1.814997562,2.006740807,1.72208913,1.936911697,2.388065486,,,
07/01/2057,1.668741782,1.815110212,2.007033963,1.722105502,1.937141071,2.388871528,,,
08/01/2057,1.668741429,1.815226303,2.007335914,1.72212238,1.937377352,2.38970046,,,
09/01/2057,1.668741349,1.815342337,2.00763715,1.722139475,1.93761315,2.390525866,,,
10/01/2057,1.668741465,1.81545424,2.007927677,1.722155882,1.937840564,2.391320983,,,
11/01/2057,1.668741408,1.815569457,2.008226821,1.722172687,1.938074724,2.39213866,,,
12/01/2057,1.66874127,1.815680658,2.008515409,1.722188903,1.938300641,2.392926403,,,
01/01/2058,1.668741358,1.815795475,2.008812884,1.722205838,1.938533583,2.393736991,,,
02/01/2058,1.668741654,1.815909945,2.009109377,1.722222691,1.938765769,2.394543914,,,
03/01/2058,1.668741854,1.816013018,2.009376344,1.722237808,1.938974834,2.395269705,,,
04/01/2058,1.668741983,1.816126808,2.009670953,1.722254482,1.939205565,2.396069606,,,
05/01/2058,1.668742039,1.816236556,2.009955095,1.722270491,1.939428099,2.396840207,,,
06/01/2058,1.668741969,1.816349586,2.010247701,1.72228692,1.93965727,2.397632785,,,
07/01/2058,1.668741791,1.816458616,2.010529919,1.722302709,1.939878312,2.398396328,,,
08/01/2058,1.668741574,1.81657098,2.010820616,1.722318987,1.940106016,2.399181749,,,
09/01/2058,1.668741599,1.816683263,2.01111061,1.72233545,1.940333239,2.399963978,,,
10/01/2058,1.668741603,1.816791361,2.011390102,1.722351058,1.940552194,2.400717374,,,
11/01/2058,1.668741647,1.816903086,2.011678321,1.722367476,1.940778074,2.401492883,,,
12/01/2058,1.668741702,1.817010573,2.011956032,1.722382966,1.940995664,2.402239728,,,
01/01/2059,1.668741619,1.817121562,2.012242307,1.722399154,1.94122003,2.403008346,,,
02/01/2059,1.66874167,1.817232133,2.012527555,1.722415179,1.941443587,2.403773453,,,
03/01/2059,1.668741562,1.817331697,2.012784391,1.722429555,1.941644881,2.404461687,,,
04/01/2059,1.668741433,1.817441654,2.013067864,1.722445455,1.941867078,2.405220352,,,
05/01/2059,1.668741269,1.8175477,2.01334126,1.722460718,1.942081376,2.405951327,,,
06/01/2059,1.66874119,1.817657141,2.013623028,1.722476606,1.94230229,2.406703605,,,
07/01/2059,1.668741197,1.817762676,2.013894772,1.722491843,1.942515343,2.407428477,,,
08/01/2059,1.668741075,1.817871384,2.014174635,1.722507496,1.942734769,2.408174202,,,
09/01/2059,1.668741168,1.817980057,2.014453871,1.722523369,1.942953779,2.408917096,,,
10/01/2059,1.668741472,1.818084884,2.014723213,1.722538622,1.943165031,2.409633031,,,
11/01/2059,1.668741513,1.818192695,2.015000434,1.722554119,1.943382436,2.410369378,,,
12/01/2059,1.668741388,1.818296783,2.015267916,1.722569108,1.943592228,2.411079051,,,
01/01/2060,1.668741275,1.818404003,2.015543391,1.722584506,1.943808298,2.411809182,,,
02/01/2060,1.668741165,1.81851096,2.015818019,1.722599893,1.944023731,2.412536249,,,
03/01/2060,1.668741085,1.818610739,2.016074143,1.722614225,1.944224659,2.41321369,,,
04/01/2060,1.668740989,1.8187171,2.016347053,1.722629495,1.944438772,2.413934777,,,
05/01/2060,1.668740882,1.818819737,2.016610327,1.72264421,1.944645339,2.414629726,,,
06/01/2060,1.668740919,1.818925663,2.016881674,1.722659534,1.94485829,2.415345047,,,
07/01/2060,1.668741063,1.819027838,2.017143403,1.722674256,1.945063696,2.416034455,,,
08/01/2060,1.668741098,1.819133072,2.017412944,1.722689365,1.945275237,2.41674381,,,
09/01/2060,1.6687407,1.819237602,2.017681206,1.72270401,1.945485708,2.417449594,,,
10/01/2060,1.66874028,1.819338874,2.017940393,1.722718534,1.945689157,2.418130285,,,
11/01/2060,1.668740234,1.819443185,2.01820732,1.722733446,1.945898689,2.418830706,,,
12/01/2060,1.668740075,1.819543781,2.018464762,1.722747756,1.946100774,2.419505716,,,
01/01/2061,1.668739835,1.819647433,2.018729928,1.722762487,1.946308938,2.420200309,,,
