Date,Critical head,Critical head + 20 feet,Critical head + 50 feet,base,2015 water level scenario,Historical low scenario,Date_S,Measured Subsidence,Source
01/01/1901,0,0,0,0,0,0,01/01/1901,0,Leveling
02/01/1901,-0.000604605,-0.000604605,-0.000604605,-0.000604605,-0.000604605,-0.000604605,01/01/1931,0,Leveling
03/01/1901,-0.000121917,-0.000121917,-0.000121917,-0.000121917,-0.000121917,-0.000121917,03/01/1933,0,Leveling
04/01/1901,0.002012992,0.002012992,0.002012992,0.002012992,0.002012992,0.002012992,05/10/1943,0.1,Leveling
05/01/1901,0.002561717,0.002561717,0.002561717,0.002561717,0.002561717,0.002561717,09/01/1948,0.18,Leveling
06/01/1901,-0.000465246,-0.000465246,-0.000465246,-0.000465246,-0.000465246,-0.000465246,02/01/1958,0.22,Leveling
07/01/1901,0.002726107,0.002726107,0.002726107,0.002726107,0.002726107,0.002726107,01/01/1965,0.32,Leveling
08/01/1901,0.005810645,0.005810645,0.005810645,0.005810645,0.005810645,0.005810645,07/01/1972,0.4,Leveling
09/01/1901,0.006918326,0.006918326,0.006918326,0.006918326,0.006918326,0.006918326,03/01/1988,0.4,Leveling
10/01/1901,0.008933292,0.008933292,0.008933292,0.008933292,0.008933292,0.008933292,04/01/2004,0.6,Leveling
11/01/1901,0.010182761,0.010182761,0.010182761,0.010182761,0.010182761,0.010182761,11/01/2004,0.661679819,InSAR
12/01/1901,0.008854801,0.008854801,0.008854801,0.008854801,0.008854801,0.008854801,12/01/2004,0.671679819,InSAR
01/01/1902,0.009662826,0.009662826,0.009662826,0.009662826,0.009662826,0.009662826,01/01/2005,0.681679819,InSAR
02/01/1902,0.009255433,0.009255433,0.009255433,0.009255433,0.009255433,0.009255433,02/01/2005,0.691679819,InSAR
03/01/1902,0.009362255,0.009362255,0.009362255,0.009362255,0.009362255,0.009362255,03/01/2005,0.691679819,InSAR
04/01/1902,0.012385605,0.012385605,0.012385605,0.012385605,0.012385605,0.012385605,04/01/2005,0.691679819,InSAR
05/01/1902,0.014860122,0.014860122,0.014860122,0.014860122,0.014860122,0.014860122,01/01/2006,0.741679819,InSAR
06/01/1902,0.016494662,0.016494662,0.016494662,0.016494662,0.016494662,0.016494662,02/01/2006,0.751679819,InSAR
07/01/1902,0.014847927,0.014847927,0.014847927,0.014847927,0.014847927,0.014847927,03/01/2006,0.741679819,InSAR
08/01/1902,0.015136166,0.015136166,0.015136166,0.015136166,0.015136166,0.015136166,04/01/2006,0.741679819,InSAR
09/01/1902,0.013632104,0.013632104,0.013632104,0.013632104,0.013632104,0.013632104,05/01/2006,0.751679819,InSAR
10/01/1902,0.013544888,0.013544888,0.013544888,0.013544888,0.013544888,0.013544888,06/01/2006,0.751679819,InSAR
11/01/1902,0.01585343,0.01585343,0.01585343,0.01585343,0.01585343,0.01585343,07/01/2006,0.741679819,InSAR
12/01/1902,0.016904308,0.016904308,0.016904308,0.016904308,0.016904308,0.016904308,08/01/2006,0.751679819,InSAR
01/01/1903,0.014216145,0.014216145,0.014216145,0.014216145,0.014216145,0.014216145,09/01/2006,0.771679819,InSAR
02/01/1903,0.019235949,0.019235949,0.019235949,0.019235949,0.019235949,0.019235949,10/01/2006,0.761679819,InSAR
03/01/1903,0.022973978,0.022973978,0.022973978,0.022973978,0.022973978,0.022973978,11/01/2006,0.771679819,InSAR
04/01/1903,0.025084107,0.025084107,0.025084107,0.025084107,0.025084107,0.025084107,12/01/2006,0.791679819,InSAR
05/01/1903,0.025651894,0.025651894,0.025651894,0.025651894,0.025651894,0.025651894,01/01/2007,0.811679819,InSAR
06/01/1903,0.029372002,0.029372002,0.029372002,0.029372002,0.029372002,0.029372002,02/01/2007,0.821679819,InSAR
07/01/1903,0.026983107,0.026983107,0.026983107,0.026983107,0.026983107,0.026983107,12/01/2007,0.881679819,InSAR
08/01/1903,0.028739411,0.028739411,0.028739411,0.028739411,0.028739411,0.028739411,01/01/2008,0.891679819,InSAR
09/01/1903,0.034999571,0.034999571,0.034999571,0.034999571,0.034999571,0.034999571,02/01/2008,0.911679819,InSAR
10/01/1903,0.039440314,0.039440314,0.039440314,0.039440314,0.039440314,0.039440314,03/01/2008,0.911679819,InSAR
11/01/1903,0.041655517,0.041655517,0.041655517,0.041655517,0.041655517,0.041655517,04/01/2008,0.91,Leveling
12/01/1903,0.038505557,0.038505557,0.038505557,0.038505557,0.038505557,0.038505557,04/01/2008,0.911679819,InSAR
01/01/1904,0.040313543,0.040313543,0.040313543,0.040313543,0.040313543,0.040313543,05/01/2008,0.911679819,InSAR
02/01/1904,0.041770829,0.041770829,0.041770829,0.041770829,0.041770829,0.041770829,06/01/2008,0.911679819,InSAR
03/01/1904,0.045544659,0.045544659,0.045544659,0.045544659,0.045544659,0.045544659,07/01/2008,0.911679819,InSAR
04/01/1904,0.04281311,0.04281311,0.04281311,0.04281311,0.04281311,0.04281311,07/01/2009,1.011679819,InSAR
05/01/1904,0.043946511,0.043946511,0.043946511,0.043946511,0.043946511,0.043946511,08/01/2009,1.021679819,InSAR
06/01/1904,0.043239502,0.043239502,0.043239502,0.043239502,0.043239502,0.043239502,09/01/2009,1.031679819,InSAR
07/01/1904,0.043273778,0.043273778,0.043273778,0.043273778,0.043273778,0.043273778,10/01/2009,1.041679819,InSAR
08/01/1904,0.045014732,0.045014732,0.045014732,0.045014732,0.045014732,0.045014732,11/01/2009,1.051679819,InSAR
09/01/1904,0.046165475,0.046165475,0.046165475,0.046165475,0.046165475,0.046165475,12/01/2009,1.071679819,InSAR
10/01/1904,0.047439499,0.047439499,0.047439499,0.047439499,0.047439499,0.047439499,01/01/2010,1.081679819,InSAR
11/01/1904,0.046874791,0.046874791,0.046874791,0.046874791,0.046874791,0.046874791,02/01/2010,1.101679819,InSAR
12/01/1904,0.049771607,0.049771607,0.049771607,0.049771607,0.049771607,0.049771607,03/01/2010,1.111679819,InSAR
01/01/1905,0.050235616,0.050235616,0.050235616,0.050235616,0.050235616,0.050235616,04/01/2010,1.111679819,InSAR
02/01/1905,0.051966633,0.051966633,0.051966633,0.051966633,0.051966633,0.051966633,05/01/2010,1.111679819,InSAR
03/01/1905,0.052853367,0.052853367,0.052853367,0.052853367,0.052853367,0.052853367,06/01/2010,1.121679819,InSAR
04/01/1905,0.050251061,0.050251061,0.050251061,0.050251061,0.050251061,0.050251061,07/01/2010,1.121679819,InSAR
05/01/1905,0.050596686,0.050596686,0.050596686,0.050596686,0.050596686,0.050596686,08/01/2010,1.141679819,Leveling
06/01/1905,0.047656839,0.047656839,0.047656839,0.047656839,0.047656839,0.047656839,07/01/2015,2.050171805,InSAR
07/01/1905,0.044847552,0.044847552,0.044847552,0.044847552,0.044847552,0.044847552,08/01/2015,2.067560917,InSAR
08/01/1905,0.044666541,0.044666541,0.044666541,0.044666541,0.044666541,0.044666541,09/01/2015,2.10465769,InSAR
09/01/1905,0.044398414,0.044398414,0.044398414,0.044398414,0.044398414,0.044398414,10/01/2015,2.13827664,InSAR
10/01/1905,0.040977262,0.040977262,0.040977262,0.040977262,0.040977262,0.040977262,11/01/2015,2.175373412,InSAR
11/01/1905,0.041465684,0.041465684,0.041465684,0.041465684,0.041465684,0.041465684,12/01/2015,2.213629459,InSAR
12/01/1905,0.042236804,0.042236804,0.042236804,0.042236804,0.042236804,0.042236804,01/01/2016,2.241452038,InSAR
01/01/1906,0.044659653,0.044659653,0.044659653,0.044659653,0.044659653,0.044659653,02/01/2016,2.279708084,InSAR
02/01/1906,0.046187096,0.046187096,0.046187096,0.046187096,0.046187096,0.046187096,03/01/2016,2.282026633,InSAR
03/01/1906,0.044337228,0.044337228,0.044337228,0.044337228,0.044337228,0.044337228,04/01/2016,2.285504455,InSAR
04/01/1906,0.040197639,0.040197639,0.040197639,0.040197639,0.040197639,0.040197639,05/01/2016,2.291300826,InSAR
05/01/1906,0.037776066,0.037776066,0.037776066,0.037776066,0.037776066,0.037776066,06/01/2016,2.314486308,InSAR
06/01/1906,0.03892554,0.03892554,0.03892554,0.03892554,0.03892554,0.03892554,07/01/2016,2.337671791,InSAR
07/01/1906,0.040438041,0.040438041,0.040438041,0.040438041,0.040438041,0.040438041,08/01/2016,2.358538726,InSAR
08/01/1906,0.043454812,0.043454812,0.043454812,0.043454812,0.043454812,0.043454812,09/01/2016,2.400272594,InSAR
09/01/1906,0.044479837,0.044479837,0.044479837,0.044479837,0.044479837,0.044479837,10/01/2016,2.423458077,InSAR
10/01/1906,0.04169107,0.04169107,0.04169107,0.04169107,0.04169107,0.04169107,11/01/2016,2.465191946,InSAR
11/01/1906,0.041550444,0.041550444,0.041550444,0.041550444,0.041550444,0.041550444,12/01/2016,2.49997017,InSAR
12/01/1906,0.042257839,0.042257839,0.042257839,0.042257839,0.042257839,0.042257839,01/01/2017,2.535907668,InSAR
01/01/1907,0.04090031,0.04090031,0.04090031,0.04090031,0.04090031,0.04090031,02/01/2017,2.571845167,InSAR
02/01/1907,0.041429192,0.041429192,0.041429192,0.041429192,0.041429192,0.041429192,03/01/2017,2.588075004,InSAR
03/01/1907,0.041711076,0.041711076,0.041711076,0.041711076,0.041711076,0.041711076,04/01/2017,2.590393553,InSAR
04/01/1907,0.039231581,0.039231581,0.039231581,0.039231581,0.039231581,0.039231581,05/01/2017,2.605464117,InSAR
05/01/1907,0.035265061,0.035265061,0.035265061,0.035265061,0.035265061,0.035265061,06/01/2017,2.601986294,InSAR
06/01/1907,0.033593533,0.033593533,0.033593533,0.033593533,0.033593533,0.033593533,07/01/2017,2.615897584,InSAR
07/01/1907,0.032678882,0.032678882,0.032678882,0.032678882,0.032678882,0.032678882,08/01/2017,2.655312904,InSAR
08/01/1907,0.033361269,0.033361269,0.033361269,0.033361269,0.033361269,0.033361269,09/01/2017,2.686613306,InSAR
09/01/1907,0.035112119,0.035112119,0.035112119,0.035112119,0.035112119,0.035112119,10/01/2017,2.713276611,InSAR
10/01/1907,0.035476673,0.035476673,0.035476673,0.035476673,0.035476673,0.035476673,11/01/2017,2.770081044,InSAR
11/01/1907,0.039594141,0.039594141,0.039594141,0.039594141,0.039594141,0.039594141,12/01/2017,2.797903623,InSAR
12/01/1907,0.039447738,0.039447738,0.039447738,0.039447738,0.039447738,0.039447738,01/01/2018,2.823407654,InSAR
01/01/1908,0.038243397,0.038243397,0.038243397,0.038243397,0.038243397,0.038243397,02/01/2018,2.838478218,InSAR
02/01/1908,0.038028557,0.038028557,0.038028557,0.038028557,0.038028557,0.038028557,03/01/2018,2.833841121,InSAR
03/01/1908,0.036767582,0.036767582,0.036767582,0.036767582,0.036767582,0.036767582,04/01/2018,2.857026604,InSAR
04/01/1908,0.037723899,0.037723899,0.037723899,0.037723899,0.037723899,0.037723899,05/01/2018,2.867460071,InSAR
05/01/1908,0.037004705,0.037004705,0.037004705,0.037004705,0.037004705,0.037004705,06/01/2018,2.861663701,InSAR
06/01/1908,0.036218861,0.036218861,0.036218861,0.036218861,0.036218861,0.036218861,07/01/2018,2.879052813,InSAR
07/01/1908,0.03663997,0.03663997,0.03663997,0.03663997,0.03663997,0.03663997,08/01/2018,2.902238295,InSAR
08/01/1908,0.037246406,0.037246406,0.037246406,0.037246406,0.037246406,0.037246406,09/01/2018,2.917308859,InSAR
09/01/1908,0.037182021,0.037182021,0.037182021,0.037182021,0.037182021,0.037182021,10/01/2018,2.954405631,InSAR
10/01/1908,0.038854685,0.038854685,0.038854685,0.038854685,0.038854685,0.038854685,11/01/2018,2.982228211,InSAR
11/01/1908,0.03765728,0.03765728,0.03765728,0.03765728,0.03765728,0.03765728,12/01/2018,3.001935871,InSAR
12/01/1908,0.038362351,0.038362351,0.038362351,0.038362351,0.038362351,0.038362351,01/01/2019,3.027439902,InSAR
01/01/1909,0.038126082,0.038126082,0.038126082,0.038126082,0.038126082,0.038126082,02/01/2019,3.062218126,InSAR
02/01/1909,0.034420339,0.034420339,0.034420339,0.034420339,0.034420339,0.034420339,03/01/2019,3.086562883,InSAR
03/01/1909,0.032174946,0.032174946,0.032174946,0.032174946,0.032174946,0.032174946,04/01/2019,3.121341107,InSAR
04/01/1909,0.032539548,0.032539548,0.032539548,0.032539548,0.032539548,0.032539548,05/01/2019,3.112066914,InSAR
05/01/1909,0.033571226,0.033571226,0.033571226,0.033571226,0.033571226,0.033571226,06/01/2019,3.112066914,InSAR
06/01/1909,0.033808046,0.033808046,0.033808046,0.033808046,0.033808046,0.033808046,07/01/2019,3.137570945,InSAR
07/01/1909,0.030572177,0.030572177,0.030572177,0.030572177,0.030572177,0.030572177,08/01/2019,3.161915702,InSAR
08/01/1909,0.030263685,0.030263685,0.030263685,0.030263685,0.030263685,0.030263685,09/01/2019,3.182782636,InSAR
09/01/1909,0.034723458,0.034723458,0.034723458,0.034723458,0.034723458,0.034723458,10/01/2019,3.204808845,InSAR
10/01/1909,0.034603683,0.034603683,0.034603683,0.034603683,0.034603683,0.034603683,11/01/2019,3.230312876,InSAR
11/01/1909,0.035296422,0.035296422,0.035296422,0.035296422,0.035296422,0.035296422,12/01/2019,3.246542714,InSAR
12/01/1909,0.033885014,0.033885014,0.033885014,0.033885014,0.033885014,0.033885014,01/01/2020,3.294072953,InSAR
01/01/1910,0.036578189,0.036578189,0.036578189,0.036578189,0.036578189,0.036578189,02/01/2020,3.307984243,InSAR
02/01/1910,0.038355198,0.038355198,0.038355198,0.038355198,0.038355198,0.038355198,03/01/2020,3.316099162,InSAR
03/01/1910,0.040825468,0.040825468,0.040825468,0.040825468,0.040825468,0.040825468,04/01/2020,3.321895533,InSAR
04/01/1910,0.043424854,0.043424854,0.043424854,0.043424854,0.043424854,0.043424854,05/01/2020,3.316099162,InSAR
05/01/1910,0.045244414,0.045244414,0.045244414,0.045244414,0.045244414,0.045244414,06/01/2020,3.324214081,InSAR
06/01/1910,0.047218572,0.047218572,0.047218572,0.047218572,0.047218572,0.047218572,06/15/2020,3.33,Leveling
07/01/1910,0.04707333,0.04707333,0.04707333,0.04707333,0.04707333,0.04707333,07/01/2020,3.328851177,InSAR
08/01/1910,0.047693646,0.047693646,0.047693646,0.047693646,0.047693646,0.047693646,08/01/2020,3.350877386,InSAR
09/01/1910,0.046691605,0.046691605,0.046691605,0.046691605,0.046691605,0.046691605,09/01/2020,3.381018513,InSAR
10/01/1910,0.044428447,0.044428447,0.044428447,0.044428447,0.044428447,0.044428447,10/01/2020,3.400726174,InSAR
11/01/1910,0.046759241,0.046759241,0.046759241,0.046759241,0.046759241,0.046759241,11/01/2020,3.414637463,InSAR
12/01/1910,0.046193735,0.046193735,0.046193735,0.046193735,0.046193735,0.046193735,12/01/2020,3.43318585,InSAR
01/01/1911,0.043138479,0.043138479,0.043138479,0.043138479,0.043138479,0.043138479,01/01/2021,3.462167703,InSAR
02/01/1911,0.046176987,0.046176987,0.046176987,0.046176987,0.046176987,0.046176987,02/01/2021,3.479556815,InSAR
03/01/1911,0.043522887,0.043522887,0.043522887,0.043522887,0.043522887,0.043522887,03/01/2021,3.499264475,InSAR
04/01/1911,0.043037494,0.043037494,0.043037494,0.043037494,0.043037494,0.043037494,04/01/2021,3.501583024,InSAR
05/01/1911,0.038966419,0.038966419,0.038966419,0.038966419,0.038966419,0.038966419,05/01/2021,3.498105201,InSAR
06/01/1911,0.039201799,0.039201799,0.039201799,0.039201799,0.039201799,0.039201799,06/01/2021,3.516653587,InSAR
07/01/1911,0.035515177,0.035515177,0.035515177,0.035515177,0.035515177,0.035515177,07/01/2021,3.521290684,InSAR
08/01/1911,0.034862288,0.034862288,0.034862288,0.034862288,0.034862288,0.034862288,08/01/2021,3.552591086,InSAR
09/01/1911,0.034690449,0.034690449,0.034690449,0.034690449,0.034690449,0.034690449,09/01/2021,3.564183827,InSAR
10/01/1911,0.034909787,0.034909787,0.034909787,0.034909787,0.034909787,0.034909787,10/01/2021,3.581572939,InSAR
11/01/1911,0.035279291,0.035279291,0.035279291,0.035279291,0.035279291,0.035279291,11/01/2021,3.616351163,InSAR
12/01/1911,0.036751855,0.036751855,0.036751855,0.036751855,0.036751855,0.036751855,12/01/2021,3.644173742,InSAR
01/01/1912,0.035770558,0.035770558,0.035770558,0.035770558,0.035770558,0.035770558,01/01/2022,3.673155596,InSAR
02/01/1912,0.034507321,0.034507321,0.034507321,0.034507321,0.034507321,0.034507321,02/01/2022,3.706774546,InSAR
03/01/1912,0.039490192,0.039490192,0.039490192,0.039490192,0.039490192,0.039490192,03/01/2022,3.714889465,InSAR
04/01/1912,0.041059304,0.041059304,0.041059304,0.041059304,0.041059304,0.041059304,04/01/2022,3.711411642,InSAR
05/01/1912,0.041704014,0.041704014,0.041704014,0.041704014,0.041704014,0.041704014,05/01/2022,3.742712044,InSAR
06/01/1912,0.040616337,0.040616337,0.040616337,0.040616337,0.040616337,0.040616337,06/01/2022,3.76126043,InSAR
07/01/1912,0.044308809,0.044308809,0.044308809,0.044308809,0.044308809,0.044308809,07/01/2022,3.806472121,InSAR
08/01/1912,0.046088959,0.046088959,0.046088959,0.046088959,0.046088959,0.046088959,08/01/2022,3.835453975,InSAR
09/01/1912,0.046288423,0.046288423,0.046288423,0.046288423,0.046288423,0.046288423,09/01/2022,3.831976152,InSAR
10/01/1912,0.045069301,0.045069301,0.045069301,0.045069301,0.045069301,0.045069301,10/01/2022,3.856320909,InSAR
11/01/1912,0.043716976,0.043716976,0.043716976,0.043716976,0.043716976,0.043716976,11/01/2022,3.898054778,InSAR
12/01/1912,0.043562803,0.043562803,0.043562803,0.043562803,0.043562803,0.043562803,12/01/2022,3.938629373,InSAR
01/01/1913,0.046721001,0.046721001,0.046721001,0.046721001,0.046721001,0.046721001,01/01/2023,3.971089049,InSAR
02/01/1913,0.046553761,0.046553761,0.046553761,0.046553761,0.046553761,0.046553761,02/01/2023,4.020937837,InSAR
03/01/1913,0.044471977,0.044471977,0.044471977,0.044471977,0.044471977,0.044471977,03/01/2023,4.040645497,InSAR
04/01/1913,0.044134898,0.044134898,0.044134898,0.044134898,0.044134898,0.044134898,04/01/2023,4.06962735,InSAR
05/01/1913,0.046124705,0.046124705,0.046124705,0.046124705,0.046124705,0.046124705,05/01/2023,4.074264447,InSAR
06/01/1913,0.048052344,0.048052344,0.048052344,0.048052344,0.048052344,0.048052344,06/01/2023,4.093972107,InSAR
07/01/1913,0.045141271,0.045141271,0.045141271,0.045141271,0.045141271,0.045141271,07/01/2023,4.105564848,InSAR
08/01/1913,0.043493077,0.043493077,0.043493077,0.043493077,0.043493077,0.043493077,08/01/2023,4.115998316,InSAR
09/01/1913,0.045248756,0.045248756,0.045248756,0.045248756,0.045248756,0.045248756,09/01/2023,4.112520493,InSAR
10/01/1913,0.047627457,0.047627457,0.047627457,0.047627457,0.047627457,0.047627457,10/01/2023,4.127591057,InSAR
11/01/1913,0.048508803,0.048508803,0.048508803,0.048508803,0.048508803,0.048508803,11/01/2023,4.171643474,InSAR
12/01/1913,0.048265395,0.048265395,0.048265395,0.048265395,0.048265395,0.048265395,12/01/2023,4.176280571,InSAR
01/01/1914,0.043053894,0.043053894,0.043053894,0.043053894,0.043053894,0.043053894,01/01/2024,4.198306779,InSAR
02/01/1914,0.044480202,0.044480202,0.044480202,0.044480202,0.044480202,0.044480202,02/01/2024,4.226129359,InSAR
03/01/1914,0.042276854,0.042276854,0.042276854,0.042276854,0.042276854,0.042276854,03/01/2024,4.250474115,InSAR
04/01/1914,0.041741024,0.041741024,0.041741024,0.041741024,0.041741024,0.041741024,04/01/2024,4.25742976,InSAR
05/01/1914,0.044608498,0.044608498,0.044608498,0.044608498,0.044608498,0.044608498,05/01/2024,4.269022502,InSAR
06/01/1914,0.0436422,0.0436422,0.0436422,0.0436422,0.0436422,0.0436422,06/01/2024,4.286411614,InSAR
07/01/1914,0.043727017,0.043727017,0.043727017,0.043727017,0.043727017,0.043727017,07/01/2024,4.299163629,InSAR
08/01/1914,0.042809519,0.042809519,0.042809519,0.042809519,0.042809519,0.042809519,08/01/2024,4.295685807,InSAR
09/01/1914,0.044209731,0.044209731,0.044209731,0.044209731,0.044209731,0.044209731,09/01/2024,4.296845081,InSAR
10/01/1914,0.042916802,0.042916802,0.042916802,0.042916802,0.042916802,0.042916802,10/01/2024,4.317712015,InSAR
11/01/1914,0.04367943,0.04367943,0.04367943,0.04367943,0.04367943,0.04367943,11/01/2024,4.350171691,InSAR
12/01/1914,0.038806147,0.038806147,0.038806147,0.038806147,0.038806147,0.038806147,12/01/2024,4.375675722,InSAR
01/01/1915,0.041196508,0.041196508,0.041196508,0.041196508,0.041196508,0.041196508,12/07/2024,4.38,Leveling
02/01/1915,0.040582815,0.040582815,0.040582815,0.040582815,0.040582815,0.040582815,01/01/2025,4.408135398,InSAR
03/01/1915,0.041052974,0.041052974,0.041052974,0.041052974,0.041052974,0.041052974,02/01/2025,4.41161322,InSAR
04/01/1915,0.037137109,0.037137109,0.037137109,0.037137109,0.037137109,0.037137109,03/01/2025,4.419728139,InSAR
05/01/1915,0.035398862,0.035398862,0.035398862,0.035398862,0.035398862,0.035398862,04/01/2025,4.44523217,InSAR
06/01/1915,0.035857656,0.035857656,0.035857656,0.035857656,0.035857656,0.035857656,,,
07/01/1915,0.036294914,0.036294914,0.036294914,0.036294914,0.036294914,0.036294914,,,
08/01/1915,0.035757609,0.035757609,0.035757609,0.035757609,0.035757609,0.035757609,,,
09/01/1915,0.033470759,0.033470759,0.033470759,0.033470759,0.033470759,0.033470759,,,
10/01/1915,0.036996082,0.036996082,0.036996082,0.036996082,0.036996082,0.036996082,,,
11/01/1915,0.038836206,0.038836206,0.038836206,0.038836206,0.038836206,0.038836206,,,
12/01/1915,0.040404595,0.040404595,0.040404595,0.040404595,0.040404595,0.040404595,,,
01/01/1916,0.041272817,0.041272817,0.041272817,0.041272817,0.041272817,0.041272817,,,
02/01/1916,0.038075957,0.038075957,0.038075957,0.038075957,0.038075957,0.038075957,,,
03/01/1916,0.036751311,0.036751311,0.036751311,0.036751311,0.036751311,0.036751311,,,
04/01/1916,0.037894583,0.037894583,0.037894583,0.037894583,0.037894583,0.037894583,,,
05/01/1916,0.042050112,0.042050112,0.042050112,0.042050112,0.042050112,0.042050112,,,
06/01/1916,0.042457682,0.042457682,0.042457682,0.042457682,0.042457682,0.042457682,,,
07/01/1916,0.043315173,0.043315173,0.043315173,0.043315173,0.043315173,0.043315173,,,
08/01/1916,0.043565495,0.043565495,0.043565495,0.043565495,0.043565495,0.043565495,,,
09/01/1916,0.045824255,0.045824255,0.045824255,0.045824255,0.045824255,0.045824255,,,
10/01/1916,0.041858266,0.041858266,0.041858266,0.041858266,0.041858266,0.041858266,,,
11/01/1916,0.038320743,0.038320743,0.038320743,0.038320743,0.038320743,0.038320743,,,
12/01/1916,0.040740241,0.040740241,0.040740241,0.040740241,0.040740241,0.040740241,,,
01/01/1917,0.037846373,0.037846373,0.037846373,0.037846373,0.037846373,0.037846373,,,
02/01/1917,0.038314628,0.038314628,0.038314628,0.038314628,0.038314628,0.038314628,,,
03/01/1917,0.040920574,0.040920574,0.040920574,0.040920574,0.040920574,0.040920574,,,
04/01/1917,0.039726227,0.039726227,0.039726227,0.039726227,0.039726227,0.039726227,,,
05/01/1917,0.039863947,0.039863947,0.039863947,0.039863947,0.039863947,0.039863947,,,
06/01/1917,0.042316384,0.042316384,0.042316384,0.042316384,0.042316384,0.042316384,,,
07/01/1917,0.042215384,0.042215384,0.042215384,0.042215384,0.042215384,0.042215384,,,
08/01/1917,0.042158527,0.042158527,0.042158527,0.042158527,0.042158527,0.042158527,,,
09/01/1917,0.044978961,0.044978961,0.044978961,0.044978961,0.044978961,0.044978961,,,
10/01/1917,0.042437352,0.042437352,0.042437352,0.042437352,0.042437352,0.042437352,,,
11/01/1917,0.040147685,0.040147685,0.040147685,0.040147685,0.040147685,0.040147685,,,
12/01/1917,0.040525495,0.040525495,0.040525495,0.040525495,0.040525495,0.040525495,,,
01/01/1918,0.043443717,0.043443717,0.043443717,0.043443717,0.043443717,0.043443717,,,
02/01/1918,0.042772668,0.042772668,0.042772668,0.042772668,0.042772668,0.042772668,,,
03/01/1918,0.042607633,0.042607633,0.042607633,0.042607633,0.042607633,0.042607633,,,
04/01/1918,0.046447418,0.046447418,0.046447418,0.046447418,0.046447418,0.046447418,,,
05/01/1918,0.046274953,0.046274953,0.046274953,0.046274953,0.046274953,0.046274953,,,
06/01/1918,0.048693448,0.048693448,0.048693448,0.048693448,0.048693448,0.048693448,,,
07/01/1918,0.047236666,0.047236666,0.047236666,0.047236666,0.047236666,0.047236666,,,
08/01/1918,0.045198566,0.045198566,0.045198566,0.045198566,0.045198566,0.045198566,,,
09/01/1918,0.041386903,0.041386903,0.041386903,0.041386903,0.041386903,0.041386903,,,
10/01/1918,0.041028762,0.041028762,0.041028762,0.041028762,0.041028762,0.041028762,,,
11/01/1918,0.041961891,0.041961891,0.041961891,0.041961891,0.041961891,0.041961891,,,
12/01/1918,0.041117099,0.041117099,0.041117099,0.041117099,0.041117099,0.041117099,,,
01/01/1919,0.041148119,0.041148119,0.041148119,0.041148119,0.041148119,0.041148119,,,
02/01/1919,0.039644731,0.039644731,0.039644731,0.039644731,0.039644731,0.039644731,,,
03/01/1919,0.037247522,0.037247522,0.037247522,0.037247522,0.037247522,0.037247522,,,
04/01/1919,0.033952025,0.033952025,0.033952025,0.033952025,0.033952025,0.033952025,,,
05/01/1919,0.031680792,0.031680792,0.031680792,0.031680792,0.031680792,0.031680792,,,
06/01/1919,0.030353241,0.030353241,0.030353241,0.030353241,0.030353241,0.030353241,,,
07/01/1919,0.031268034,0.031268034,0.031268034,0.031268034,0.031268034,0.031268034,,,
08/01/1919,0.026735728,0.026735728,0.026735728,0.026735728,0.026735728,0.026735728,,,
09/01/1919,0.029913006,0.029913006,0.029913006,0.029913006,0.029913006,0.029913006,,,
10/01/1919,0.026353303,0.026353303,0.026353303,0.026353303,0.026353303,0.026353303,,,
11/01/1919,0.02376536,0.02376536,0.02376536,0.02376536,0.02376536,0.02376536,,,
12/01/1919,0.021670551,0.021670551,0.021670551,0.021670551,0.021670551,0.021670551,,,
01/01/1920,0.019722168,0.019722168,0.019722168,0.019722168,0.019722168,0.019722168,,,
02/01/1920,0.021500198,0.021500198,0.021500198,0.021500198,0.021500198,0.021500198,,,
03/01/1920,0.019633074,0.019633074,0.019633074,0.019633074,0.019633074,0.019633074,,,
04/01/1920,0.016706971,0.016706971,0.016706971,0.016706971,0.016706971,0.016706971,,,
05/01/1920,0.013910439,0.013910439,0.013910439,0.013910439,0.013910439,0.013910439,,,
06/01/1920,0.011840215,0.011840215,0.011840215,0.011840215,0.011840215,0.011840215,,,
07/01/1920,0.012902497,0.012902497,0.012902497,0.012902497,0.012902497,0.012902497,,,
08/01/1920,0.009643113,0.009643113,0.009643113,0.009643113,0.009643113,0.009643113,,,
09/01/1920,0.010003437,0.010003437,0.010003437,0.010003437,0.010003437,0.010003437,,,
10/01/1920,0.00992033,0.00992033,0.00992033,0.00992033,0.00992033,0.00992033,,,
11/01/1920,0.008254437,0.008254437,0.008254437,0.008254437,0.008254437,0.008254437,,,
12/01/1920,0.010766566,0.010766566,0.010766566,0.010766566,0.010766566,0.010766566,,,
01/01/1921,0.009351335,0.009351335,0.009351335,0.009351335,0.009351335,0.009351335,,,
02/01/1921,0.010298891,0.010298891,0.010298891,0.010298891,0.010298891,0.010298891,,,
03/01/1921,0.009660874,0.009660874,0.009660874,0.009660874,0.009660874,0.009660874,,,
04/01/1921,0.0089934,0.0089934,0.0089934,0.0089934,0.0089934,0.0089934,,,
05/01/1921,0.009112236,0.009112236,0.009112236,0.009112236,0.009112236,0.009112236,,,
06/01/1921,0.010488824,0.010488824,0.010488824,0.010488824,0.010488824,0.010488824,,,
07/01/1921,0.011940077,0.011940077,0.011940077,0.011940077,0.011940077,0.011940077,,,
08/01/1921,0.01096044,0.01096044,0.01096044,0.01096044,0.01096044,0.01096044,,,
09/01/1921,0.010227454,0.010227454,0.010227454,0.010227454,0.010227454,0.010227454,,,
10/01/1921,0.011962601,0.011962601,0.011962601,0.011962601,0.011962601,0.011962601,,,
11/01/1921,0.014449082,0.014449082,0.014449082,0.014449082,0.014449082,0.014449082,,,
12/01/1921,0.01511468,0.01511468,0.01511468,0.01511468,0.01511468,0.01511468,,,
01/01/1922,0.01621593,0.01621593,0.01621593,0.01621593,0.01621593,0.01621593,,,
02/01/1922,0.01724613,0.01724613,0.01724613,0.01724613,0.01724613,0.01724613,,,
03/01/1922,0.020328307,0.020328307,0.020328307,0.020328307,0.020328307,0.020328307,,,
04/01/1922,0.022285028,0.022285028,0.022285028,0.022285028,0.022285028,0.022285028,,,
05/01/1922,0.022074582,0.022074582,0.022074582,0.022074582,0.022074582,0.022074582,,,
06/01/1922,0.021941903,0.021941903,0.021941903,0.021941903,0.021941903,0.021941903,,,
07/01/1922,0.022750331,0.022750331,0.022750331,0.022750331,0.022750331,0.022750331,,,
08/01/1922,0.020602643,0.020602643,0.020602643,0.020602643,0.020602643,0.020602643,,,
09/01/1922,0.020555631,0.020555631,0.020555631,0.020555631,0.020555631,0.020555631,,,
10/01/1922,0.022754405,0.022754405,0.022754405,0.022754405,0.022754405,0.022754405,,,
11/01/1922,0.024267053,0.024267053,0.024267053,0.024267053,0.024267053,0.024267053,,,
12/01/1922,0.022196422,0.022196422,0.022196422,0.022196422,0.022196422,0.022196422,,,
01/01/1923,0.023236217,0.023236217,0.023236217,0.023236217,0.023236217,0.023236217,,,
02/01/1923,0.021376147,0.021376147,0.021376147,0.021376147,0.021376147,0.021376147,,,
03/01/1923,0.018746615,0.018746615,0.018746615,0.018746615,0.018746615,0.018746615,,,
04/01/1923,0.0193195,0.0193195,0.0193195,0.0193195,0.0193195,0.0193195,,,
05/01/1923,0.020411394,0.020411394,0.020411394,0.020411394,0.020411394,0.020411394,,,
06/01/1923,0.019009887,0.019009887,0.019009887,0.019009887,0.019009887,0.019009887,,,
07/01/1923,0.018064448,0.018064448,0.018064448,0.018064448,0.018064448,0.018064448,,,
08/01/1923,0.019003438,0.019003438,0.019003438,0.019003438,0.019003438,0.019003438,,,
09/01/1923,0.020556304,0.020556304,0.020556304,0.020556304,0.020556304,0.020556304,,,
10/01/1923,0.024563675,0.024563675,0.024563675,0.024563675,0.024563675,0.024563675,,,
11/01/1923,0.022352937,0.022352937,0.022352937,0.022352937,0.022352937,0.022352937,,,
12/01/1923,0.02086775,0.02086775,0.02086775,0.02086775,0.02086775,0.02086775,,,
01/01/1924,0.023173575,0.023173575,0.023173575,0.023173575,0.023173575,0.023173575,,,
02/01/1924,0.021858824,0.021858824,0.021858824,0.021858824,0.021858824,0.021858824,,,
03/01/1924,0.023080483,0.023080483,0.023080483,0.023080483,0.023080483,0.023080483,,,
04/01/1924,0.025068352,0.025068352,0.025068352,0.025068352,0.025068352,0.025068352,,,
05/01/1924,0.026355748,0.026355748,0.026355748,0.026355748,0.026355748,0.026355748,,,
06/01/1924,0.027432955,0.027432955,0.027432955,0.027432955,0.027432955,0.027432955,,,
07/01/1924,0.028826206,0.028826206,0.028826206,0.028826206,0.028826206,0.028826206,,,
08/01/1924,0.029708819,0.029708819,0.029708819,0.029708819,0.029708819,0.029708819,,,
09/01/1924,0.030705182,0.030705182,0.030705182,0.030705182,0.030705182,0.030705182,,,
10/01/1924,0.025109549,0.025109549,0.025109549,0.025109549,0.025109549,0.025109549,,,
11/01/1924,0.02769579,0.02769579,0.02769579,0.02769579,0.02769579,0.02769579,,,
12/01/1924,0.030044092,0.030044092,0.030044092,0.030044092,0.030044092,0.030044092,,,
01/01/1925,0.031573591,0.031573591,0.031573591,0.031573591,0.031573591,0.031573591,,,
02/01/1925,0.031283256,0.031283256,0.031283256,0.031283256,0.031283256,0.031283256,,,
03/01/1925,0.028076257,0.028076257,0.028076257,0.028076257,0.028076257,0.028076257,,,
04/01/1925,0.026014835,0.026014835,0.026014835,0.026014835,0.026014835,0.026014835,,,
05/01/1925,0.023529665,0.023529665,0.023529665,0.023529665,0.023529665,0.023529665,,,
06/01/1925,0.02181241,0.02181241,0.02181241,0.02181241,0.02181241,0.02181241,,,
07/01/1925,0.024392897,0.024392897,0.024392897,0.024392897,0.024392897,0.024392897,,,
08/01/1925,0.028521247,0.028521247,0.028521247,0.028521247,0.028521247,0.028521247,,,
09/01/1925,0.026905655,0.026905655,0.026905655,0.026905655,0.026905655,0.026905655,,,
10/01/1925,0.026282829,0.026282829,0.026282829,0.026282829,0.026282829,0.026282829,,,
11/01/1925,0.028054012,0.028054012,0.028054012,0.028054012,0.028054012,0.028054012,,,
12/01/1925,0.029179056,0.029179056,0.029179056,0.029179056,0.029179056,0.029179056,,,
01/01/1926,0.03005878,0.03005878,0.03005878,0.03005878,0.03005878,0.03005878,,,
02/01/1926,0.031251819,0.031251819,0.031251819,0.031251819,0.031251819,0.031251819,,,
03/01/1926,0.031328623,0.031328623,0.031328623,0.031328623,0.031328623,0.031328623,,,
04/01/1926,0.02870311,0.02870311,0.02870311,0.02870311,0.02870311,0.02870311,,,
05/01/1926,0.028832436,0.028832436,0.028832436,0.028832436,0.028832436,0.028832436,,,
06/01/1926,0.026177171,0.026177171,0.026177171,0.026177171,0.026177171,0.026177171,,,
07/01/1926,0.026509886,0.026509886,0.026509886,0.026509886,0.026509886,0.026509886,,,
08/01/1926,0.025716041,0.025716041,0.025716041,0.025716041,0.025716041,0.025716041,,,
09/01/1926,0.023976251,0.023976251,0.023976251,0.023976251,0.023976251,0.023976251,,,
10/01/1926,0.023173954,0.023173954,0.023173954,0.023173954,0.023173954,0.023173954,,,
11/01/1926,0.023440316,0.023440316,0.023440316,0.023440316,0.023440316,0.023440316,,,
12/01/1926,0.022198041,0.022198041,0.022198041,0.022198041,0.022198041,0.022198041,,,
01/01/1927,0.022510552,0.022510552,0.022510552,0.022510552,0.022510552,0.022510552,,,
02/01/1927,0.022479418,0.022479418,0.022479418,0.022479418,0.022479418,0.022479418,,,
03/01/1927,0.01808692,0.01808692,0.01808692,0.01808692,0.01808692,0.01808692,,,
04/01/1927,0.01803875,0.01803875,0.01803875,0.01803875,0.01803875,0.01803875,,,
05/01/1927,0.017338775,0.017338775,0.017338775,0.017338775,0.017338775,0.017338775,,,
06/01/1927,0.020127635,0.020127635,0.020127635,0.020127635,0.020127635,0.020127635,,,
07/01/1927,0.021706343,0.021706343,0.021706343,0.021706343,0.021706343,0.021706343,,,
08/01/1927,0.021619794,0.021619794,0.021619794,0.021619794,0.021619794,0.021619794,,,
09/01/1927,0.023294507,0.023294507,0.023294507,0.023294507,0.023294507,0.023294507,,,
10/01/1927,0.022146518,0.022146518,0.022146518,0.022146518,0.022146518,0.022146518,,,
11/01/1927,0.023618897,0.023618897,0.023618897,0.023618897,0.023618897,0.023618897,,,
12/01/1927,0.020373991,0.020373991,0.020373991,0.020373991,0.020373991,0.020373991,,,
01/01/1928,0.01830421,0.01830421,0.01830421,0.01830421,0.01830421,0.01830421,,,
02/01/1928,0.01799511,0.01799511,0.01799511,0.01799511,0.01799511,0.01799511,,,
03/01/1928,0.014863056,0.014863056,0.014863056,0.014863056,0.014863056,0.014863056,,,
04/01/1928,0.016030745,0.016030745,0.016030745,0.016030745,0.016030745,0.016030745,,,
05/01/1928,0.017244954,0.017244954,0.017244954,0.017244954,0.017244954,0.017244954,,,
06/01/1928,0.018967352,0.018967352,0.018967352,0.018967352,0.018967352,0.018967352,,,
07/01/1928,0.018923749,0.018923749,0.018923749,0.018923749,0.018923749,0.018923749,,,
08/01/1928,0.021364561,0.021364561,0.021364561,0.021364561,0.021364561,0.021364561,,,
09/01/1928,0.023507793,0.023507793,0.023507793,0.023507793,0.023507793,0.023507793,,,
10/01/1928,0.023204485,0.023204485,0.023204485,0.023204485,0.023204485,0.023204485,,,
11/01/1928,0.023470726,0.023470726,0.023470726,0.023470726,0.023470726,0.023470726,,,
12/01/1928,0.025826925,0.025826925,0.025826925,0.025826925,0.025826925,0.025826925,,,
01/01/1929,0.026445836,0.026445836,0.026445836,0.026445836,0.026445836,0.026445836,,,
02/01/1929,0.026235525,0.026235525,0.026235525,0.026235525,0.026235525,0.026235525,,,
03/01/1929,0.028063194,0.028063194,0.028063194,0.028063194,0.028063194,0.028063194,,,
04/01/1929,0.029076258,0.029076258,0.029076258,0.029076258,0.029076258,0.029076258,,,
05/01/1929,0.031281307,0.031281307,0.031281307,0.031281307,0.031281307,0.031281307,,,
06/01/1929,0.035824978,0.035824978,0.035824978,0.035824978,0.035824978,0.035824978,,,
07/01/1929,0.035264293,0.035264293,0.035264293,0.035264293,0.035264293,0.035264293,,,
08/01/1929,0.037020846,0.037020846,0.037020846,0.037020846,0.037020846,0.037020846,,,
09/01/1929,0.036822709,0.036822709,0.036822709,0.036822709,0.036822709,0.036822709,,,
10/01/1929,0.038474806,0.038474806,0.038474806,0.038474806,0.038474806,0.038474806,,,
11/01/1929,0.043100144,0.043100144,0.043100144,0.043100144,0.043100144,0.043100144,,,
12/01/1929,0.04568725,0.04568725,0.04568725,0.04568725,0.04568725,0.04568725,,,
01/01/1930,0.048605113,0.048605113,0.048605113,0.048605113,0.048605113,0.048605113,,,
02/01/1930,0.049456803,0.049456803,0.049456803,0.049456803,0.049456803,0.049456803,,,
03/01/1930,0.05287065,0.05287065,0.05287065,0.05287065,0.05287065,0.05287065,,,
04/01/1930,0.05773252,0.05773252,0.05773252,0.05773252,0.05773252,0.05773252,,,
05/01/1930,0.061745723,0.061745723,0.061745723,0.061745723,0.061745723,0.061745723,,,
06/01/1930,0.064543536,0.064543536,0.064543536,0.064543536,0.064543536,0.064543536,,,
07/01/1930,0.062658134,0.062658134,0.062658134,0.062658134,0.062658134,0.062658134,,,
08/01/1930,0.060494113,0.060494113,0.060494113,0.060494113,0.060494113,0.060494113,,,
09/01/1930,0.065125152,0.065125152,0.065125152,0.065125152,0.065125152,0.065125152,,,
10/01/1930,0.066499006,0.066499006,0.066499006,0.066499006,0.066499006,0.066499006,,,
11/01/1930,0.06571203,0.06571203,0.06571203,0.06571203,0.06571203,0.06571203,,,
12/01/1930,0.064866478,0.064866478,0.064866478,0.064866478,0.064866478,0.064866478,,,
01/01/1931,0.063732858,0.063732858,0.063732858,0.063732858,0.063732858,0.063732858,,,
02/01/1931,0.063512902,0.063512902,0.063512902,0.063512902,0.063512902,0.063512902,,,
03/01/1931,0.065304731,0.065304731,0.065304731,0.065304731,0.065304731,0.065304731,,,
04/01/1931,0.063554977,0.063554977,0.063554977,0.063554977,0.063554977,0.063554977,,,
05/01/1931,0.064124335,0.064124335,0.064124335,0.064124335,0.064124335,0.064124335,,,
06/01/1931,0.067528125,0.067528125,0.067528125,0.067528125,0.067528125,0.067528125,,,
07/01/1931,0.068284596,0.068284596,0.068284596,0.068284596,0.068284596,0.068284596,,,
08/01/1931,0.067674255,0.067674255,0.067674255,0.067674255,0.067674255,0.067674255,,,
09/01/1931,0.067801315,0.067801315,0.067801315,0.067801315,0.067801315,0.067801315,,,
10/01/1931,0.067439271,0.067439271,0.067439271,0.067439271,0.067439271,0.067439271,,,
11/01/1931,0.065618477,0.065618477,0.065618477,0.065618477,0.065618477,0.065618477,,,
12/01/1931,0.065395993,0.065395993,0.065395993,0.065395993,0.065395993,0.065395993,,,
01/01/1932,0.061865183,0.061865183,0.061865183,0.061865183,0.061865183,0.061865183,,,
02/01/1932,0.060575707,0.060575707,0.060575707,0.060575707,0.060575707,0.060575707,,,
03/01/1932,0.061839623,0.061839623,0.061839623,0.061839623,0.061839623,0.061839623,,,
04/01/1932,0.063970543,0.063970543,0.063970543,0.063970543,0.063970543,0.063970543,,,
05/01/1932,0.062043211,0.062043211,0.062043211,0.062043211,0.062043211,0.062043211,,,
06/01/1932,0.060473505,0.060473505,0.060473505,0.060473505,0.060473505,0.060473505,,,
07/01/1932,0.057812157,0.057812157,0.057812157,0.057812157,0.057812157,0.057812157,,,
08/01/1932,0.059762536,0.059762536,0.059762536,0.059762536,0.059762536,0.059762536,,,
09/01/1932,0.058550666,0.058550666,0.058550666,0.058550666,0.058550666,0.058550666,,,
10/01/1932,0.061704013,0.061704013,0.061704013,0.061704013,0.061704013,0.061704013,,,
11/01/1932,0.061569407,0.061569407,0.061569407,0.061569407,0.061569407,0.061569407,,,
12/01/1932,0.064515132,0.064515132,0.064515132,0.064515132,0.064515132,0.064515132,,,
01/01/1933,0.064520399,0.064520399,0.064520399,0.064520399,0.064520399,0.064520399,,,
02/01/1933,0.063350694,0.063350694,0.063350694,0.063350694,0.063350694,0.063350694,,,
03/01/1933,0.061221907,0.061221907,0.061221907,0.061221907,0.061221907,0.061221907,,,
04/01/1933,0.06209954,0.06209954,0.06209954,0.06209954,0.06209954,0.06209954,,,
05/01/1933,0.060654743,0.060654743,0.060654743,0.060654743,0.060654743,0.060654743,,,
06/01/1933,0.061457405,0.061457405,0.061457405,0.061457405,0.061457405,0.061457405,,,
07/01/1933,0.060181178,0.060181178,0.060181178,0.060181178,0.060181178,0.060181178,,,
08/01/1933,0.059641232,0.059641232,0.059641232,0.059641232,0.059641232,0.059641232,,,
09/01/1933,0.061929091,0.061929091,0.061929091,0.061929091,0.061929091,0.061929091,,,
10/01/1933,0.062333014,0.062333014,0.062333014,0.062333014,0.062333014,0.062333014,,,
11/01/1933,0.060707008,0.060707008,0.060707008,0.060707008,0.060707008,0.060707008,,,
12/01/1933,0.062215341,0.062215341,0.062215341,0.062215341,0.062215341,0.062215341,,,
01/01/1934,0.063542992,0.063542992,0.063542992,0.063542992,0.063542992,0.063542992,,,
02/01/1934,0.065307581,0.065307581,0.065307581,0.065307581,0.065307581,0.065307581,,,
03/01/1934,0.067261167,0.067261167,0.067261167,0.067261167,0.067261167,0.067261167,,,
04/01/1934,0.064400902,0.064400902,0.064400902,0.064400902,0.064400902,0.064400902,,,
05/01/1934,0.066345121,0.066345121,0.066345121,0.066345121,0.066345121,0.066345121,,,
06/01/1934,0.066318215,0.066318215,0.066318215,0.066318215,0.066318215,0.066318215,,,
07/01/1934,0.066214602,0.066214602,0.066214602,0.066214602,0.066214602,0.066214602,,,
08/01/1934,0.065778537,0.065778537,0.065778537,0.065778537,0.065778537,0.065778537,,,
09/01/1934,0.064055197,0.064055197,0.064055197,0.064055197,0.064055197,0.064055197,,,
10/01/1934,0.061673343,0.061673343,0.061673343,0.061673343,0.061673343,0.061673343,,,
11/01/1934,0.063993772,0.063993772,0.063993772,0.063993772,0.063993772,0.063993772,,,
12/01/1934,0.065064869,0.065064869,0.065064869,0.065064869,0.065064869,0.065064869,,,
01/01/1935,0.062525138,0.062525138,0.062525138,0.062525138,0.062525138,0.062525138,,,
02/01/1935,0.063325545,0.063325545,0.063325545,0.063325545,0.063325545,0.063325545,,,
03/01/1935,0.064848398,0.064848398,0.064848398,0.064848398,0.064848398,0.064848398,,,
04/01/1935,0.065465003,0.065465003,0.065465003,0.065465003,0.065465003,0.065465003,,,
05/01/1935,0.06383289,0.06383289,0.06383289,0.06383289,0.06383289,0.06383289,,,
06/01/1935,0.065106664,0.065106664,0.065106664,0.065106664,0.065106664,0.065106664,,,
07/01/1935,0.063840766,0.063840766,0.063840766,0.063840766,0.063840766,0.063840766,,,
08/01/1935,0.065349457,0.065349457,0.065349457,0.065349457,0.065349457,0.065349457,,,
09/01/1935,0.066149445,0.066149445,0.066149445,0.066149445,0.066149445,0.066149445,,,
10/01/1935,0.068333728,0.068333728,0.068333728,0.068333728,0.068333728,0.068333728,,,
11/01/1935,0.069550352,0.069550352,0.069550352,0.069550352,0.069550352,0.069550352,,,
12/01/1935,0.070830929,0.070830929,0.070830929,0.070830929,0.070830929,0.070830929,,,
01/01/1936,0.071370885,0.071370885,0.071370885,0.071370885,0.071370885,0.071370885,,,
02/01/1936,0.071783083,0.071783083,0.071783083,0.071783083,0.071783083,0.071783083,,,
03/01/1936,0.073335194,0.073335194,0.073335194,0.073335194,0.073335194,0.073335194,,,
04/01/1936,0.07367737,0.07367737,0.07367737,0.07367737,0.07367737,0.07367737,,,
05/01/1936,0.073597455,0.073597455,0.073597455,0.073597455,0.073597455,0.073597455,,,
06/01/1936,0.073859342,0.073859342,0.073859342,0.073859342,0.073859342,0.073859342,,,
07/01/1936,0.07432854,0.07432854,0.07432854,0.07432854,0.07432854,0.07432854,,,
08/01/1936,0.073914694,0.073914694,0.073914694,0.073914694,0.073914694,0.073914694,,,
09/01/1936,0.073487233,0.073487233,0.073487233,0.073487233,0.073487233,0.073487233,,,
10/01/1936,0.073462496,0.073462496,0.073462496,0.073462496,0.073462496,0.073462496,,,
11/01/1936,0.074829206,0.074829206,0.074829206,0.074829206,0.074829206,0.074829206,,,
12/01/1936,0.075471569,0.075471569,0.075471569,0.075471569,0.075471569,0.075471569,,,
01/01/1937,0.078167399,0.078167399,0.078167399,0.078167399,0.078167399,0.078167399,,,
02/01/1937,0.079493399,0.079493399,0.079493399,0.079493399,0.079493399,0.079493399,,,
03/01/1937,0.080360085,0.080360085,0.080360085,0.080360085,0.080360085,0.080360085,,,
04/01/1937,0.080639876,0.080639876,0.080639876,0.080639876,0.080639876,0.080639876,,,
05/01/1937,0.081983605,0.081983605,0.081983605,0.081983605,0.081983605,0.081983605,,,
06/01/1937,0.084073686,0.084073686,0.084073686,0.084073686,0.084073686,0.084073686,,,
07/01/1937,0.086514172,0.086514172,0.086514172,0.086514172,0.086514172,0.086514172,,,
08/01/1937,0.085096896,0.085096896,0.085096896,0.085096896,0.085096896,0.085096896,,,
09/01/1937,0.080809618,0.080809618,0.080809618,0.080809618,0.080809618,0.080809618,,,
10/01/1937,0.0786946,0.0786946,0.0786946,0.0786946,0.0786946,0.0786946,,,
11/01/1937,0.079247731,0.079247731,0.079247731,0.079247731,0.079247731,0.079247731,,,
12/01/1937,0.079855159,0.079855159,0.079855159,0.079855159,0.079855159,0.079855159,,,
01/01/1938,0.079166391,0.079166391,0.079166391,0.079166391,0.079166391,0.079166391,,,
02/01/1938,0.077438226,0.077438226,0.077438226,0.077438226,0.077438226,0.077438226,,,
03/01/1938,0.080392883,0.080392883,0.080392883,0.080392883,0.080392883,0.080392883,,,
04/01/1938,0.078231815,0.078231815,0.078231815,0.078231815,0.078231815,0.078231815,,,
05/01/1938,0.077968722,0.077968722,0.077968722,0.077968722,0.077968722,0.077968722,,,
06/01/1938,0.078018366,0.078018366,0.078018366,0.078018366,0.078018366,0.078018366,,,
07/01/1938,0.076858808,0.076858808,0.076858808,0.076858808,0.076858808,0.076858808,,,
08/01/1938,0.076082453,0.076082453,0.076082453,0.076082453,0.076082453,0.076082453,,,
09/01/1938,0.076678728,0.076678728,0.076678728,0.076678728,0.076678728,0.076678728,,,
10/01/1938,0.078134412,0.078134412,0.078134412,0.078134412,0.078134412,0.078134412,,,
11/01/1938,0.078188407,0.078188407,0.078188407,0.078188407,0.078188407,0.078188407,,,
12/01/1938,0.079371673,0.079371673,0.079371673,0.079371673,0.079371673,0.079371673,,,
01/01/1939,0.078619561,0.078619561,0.078619561,0.078619561,0.078619561,0.078619561,,,
02/01/1939,0.07801146,0.07801146,0.07801146,0.07801146,0.07801146,0.07801146,,,
03/01/1939,0.078155014,0.078155014,0.078155014,0.078155014,0.078155014,0.078155014,,,
04/01/1939,0.079807052,0.079807052,0.079807052,0.079807052,0.079807052,0.079807052,,,
05/01/1939,0.078234545,0.078234545,0.078234545,0.078234545,0.078234545,0.078234545,,,
06/01/1939,0.080161344,0.080161344,0.080161344,0.080161344,0.080161344,0.080161344,,,
07/01/1939,0.079554751,0.079554751,0.079554751,0.079554751,0.079554751,0.079554751,,,
08/01/1939,0.075662111,0.075662111,0.075662111,0.075662111,0.075662111,0.075662111,,,
09/01/1939,0.076184959,0.076184959,0.076184959,0.076184959,0.076184959,0.076184959,,,
10/01/1939,0.076350762,0.076350762,0.076350762,0.076350762,0.076350762,0.076350762,,,
11/01/1939,0.078483826,0.078483826,0.078483826,0.078483826,0.078483826,0.078483826,,,
12/01/1939,0.078906874,0.078906874,0.078906874,0.078906874,0.078906874,0.078906874,,,
01/01/1940,0.078901582,0.078901582,0.078901582,0.078901582,0.078901582,0.078901582,,,
02/01/1940,0.079081708,0.079081708,0.079081708,0.079081708,0.079081708,0.079081708,,,
03/01/1940,0.07814727,0.07814727,0.07814727,0.07814727,0.07814727,0.07814727,,,
04/01/1940,0.078302839,0.078302839,0.078302839,0.078302839,0.078302839,0.078302839,,,
05/01/1940,0.077190113,0.077190113,0.077190113,0.077190113,0.077190113,0.077190113,,,
06/01/1940,0.076404099,0.076404099,0.076404099,0.076404099,0.076404099,0.076404099,,,
07/01/1940,0.076837017,0.076837017,0.076837017,0.076837017,0.076837017,0.076837017,,,
08/01/1940,0.073709925,0.073709925,0.073709925,0.073709925,0.073709925,0.073709925,,,
09/01/1940,0.074827058,0.074827058,0.074827058,0.074827058,0.074827058,0.074827058,,,
10/01/1940,0.074574607,0.074574607,0.074574607,0.074574607,0.074574607,0.074574607,,,
11/01/1940,0.076558297,0.076558297,0.076558297,0.076558297,0.076558297,0.076558297,,,
12/01/1940,0.078526947,0.078526947,0.078526947,0.078526947,0.078526947,0.078526947,,,
01/01/1941,0.081366505,0.081366505,0.081366505,0.081366505,0.081366505,0.081366505,,,
02/01/1941,0.079502454,0.079502454,0.079502454,0.079502454,0.079502454,0.079502454,,,
03/01/1941,0.081875073,0.081875073,0.081875073,0.081875073,0.081875073,0.081875073,,,
04/01/1941,0.082632526,0.082632526,0.082632526,0.082632526,0.082632526,0.082632526,,,
05/01/1941,0.079205313,0.079205313,0.079205313,0.079205313,0.079205313,0.079205313,,,
06/01/1941,0.079810496,0.079810496,0.079810496,0.079810496,0.079810496,0.079810496,,,
07/01/1941,0.080140565,0.080140565,0.080140565,0.080140565,0.080140565,0.080140565,,,
08/01/1941,0.081118755,0.081118755,0.081118755,0.081118755,0.081118755,0.081118755,,,
09/01/1941,0.083432947,0.083432947,0.083432947,0.083432947,0.083432947,0.083432947,,,
10/01/1941,0.084304819,0.084304819,0.084304819,0.084304819,0.084304819,0.084304819,,,
11/01/1941,0.083229129,0.083229129,0.083229129,0.083229129,0.083229129,0.083229129,,,
12/01/1941,0.0824378,0.0824378,0.0824378,0.0824378,0.0824378,0.0824378,,,
01/01/1942,0.082466344,0.082466344,0.082466344,0.082466344,0.082466344,0.082466344,,,
02/01/1942,0.078257451,0.078257451,0.078257451,0.078257451,0.078257451,0.078257451,,,
03/01/1942,0.075400095,0.075400095,0.075400095,0.075400095,0.075400095,0.075400095,,,
04/01/1942,0.072398605,0.072398605,0.072398605,0.072398605,0.072398605,0.072398605,,,
05/01/1942,0.069447046,0.069447046,0.069447046,0.069447046,0.069447046,0.069447046,,,
06/01/1942,0.066703064,0.066703064,0.066703064,0.066703064,0.066703064,0.066703064,,,
07/01/1942,0.069366785,0.069366785,0.069366785,0.069366785,0.069366785,0.069366785,,,
08/01/1942,0.071209922,0.071209922,0.071209922,0.071209922,0.071209922,0.071209922,,,
09/01/1942,0.072897009,0.072897009,0.072897009,0.072897009,0.072897009,0.072897009,,,
10/01/1942,0.07496913,0.07496913,0.07496913,0.07496913,0.07496913,0.07496913,,,
11/01/1942,0.07767047,0.07767047,0.07767047,0.07767047,0.07767047,0.07767047,,,
12/01/1942,0.079923321,0.079923321,0.079923321,0.079923321,0.079923321,0.079923321,,,
01/01/1943,0.084631237,0.084631237,0.084631237,0.084631237,0.084631237,0.084631237,,,
02/01/1943,0.083431429,0.083431429,0.083431429,0.083431429,0.083431429,0.083431429,,,
03/01/1943,0.080345449,0.080345449,0.080345449,0.080345449,0.080345449,0.080345449,,,
04/01/1943,0.075679358,0.075679358,0.075679358,0.075679358,0.075679358,0.075679358,,,
05/01/1943,0.072374723,0.072374723,0.072374723,0.072374723,0.072374723,0.072374723,,,
06/01/1943,0.071885263,0.071885263,0.071885263,0.071885263,0.071885263,0.071885263,,,
07/01/1943,0.071716252,0.071716252,0.071716252,0.071716252,0.071716252,0.071716252,,,
08/01/1943,0.07284367,0.07284367,0.07284367,0.07284367,0.07284367,0.07284367,,,
09/01/1943,0.073271175,0.073271175,0.073271175,0.073271175,0.073271175,0.073271175,,,
10/01/1943,0.074671616,0.074671616,0.074671616,0.074671616,0.074671616,0.074671616,,,
11/01/1943,0.075608347,0.075608347,0.075608347,0.075608347,0.075608347,0.075608347,,,
12/01/1943,0.077054569,0.077054569,0.077054569,0.077054569,0.077054569,0.077054569,,,
01/01/1944,0.077917053,0.077917053,0.077917053,0.077917053,0.077917053,0.077917053,,,
02/01/1944,0.078942657,0.078942657,0.078942657,0.078942657,0.078942657,0.078942657,,,
03/01/1944,0.076997391,0.076997391,0.076997391,0.076997391,0.076997391,0.076997391,,,
04/01/1944,0.074799557,0.074799557,0.074799557,0.074799557,0.074799557,0.074799557,,,
05/01/1944,0.072467342,0.072467342,0.072467342,0.072467342,0.072467342,0.072467342,,,
06/01/1944,0.073869419,0.073869419,0.073869419,0.073869419,0.073869419,0.073869419,,,
07/01/1944,0.073364096,0.073364096,0.073364096,0.073364096,0.073364096,0.073364096,,,
08/01/1944,0.077660673,0.077660673,0.077660673,0.077660673,0.077660673,0.077660673,,,
09/01/1944,0.080271115,0.080271115,0.080271115,0.080271115,0.080271115,0.080271115,,,
10/01/1944,0.08152013,0.08152013,0.08152013,0.08152013,0.08152013,0.08152013,,,
11/01/1944,0.082470829,0.082470829,0.082470829,0.082470829,0.082470829,0.082470829,,,
12/01/1944,0.083425294,0.083425294,0.083425294,0.083425294,0.083425294,0.083425294,,,
01/01/1945,0.085268157,0.085268157,0.085268157,0.085268157,0.085268157,0.085268157,,,
02/01/1945,0.084887033,0.084887033,0.084887033,0.084887033,0.084887033,0.084887033,,,
03/01/1945,0.083667708,0.083667708,0.083667708,0.083667708,0.083667708,0.083667708,,,
04/01/1945,0.081186222,0.081186222,0.081186222,0.081186222,0.081186222,0.081186222,,,
05/01/1945,0.080189505,0.080189505,0.080189505,0.080189505,0.080189505,0.080189505,,,
06/01/1945,0.084506064,0.084506064,0.084506064,0.084506064,0.084506064,0.084506064,,,
07/01/1945,0.089848493,0.089848493,0.089848493,0.089848493,0.089848493,0.089848493,,,
08/01/1945,0.094994356,0.094994356,0.094994356,0.094994356,0.094994356,0.094994356,,,
09/01/1945,0.099740464,0.099740464,0.099740464,0.099740464,0.099740464,0.099740464,,,
10/01/1945,0.104311953,0.104311953,0.104311953,0.104311953,0.104311953,0.104311953,,,
11/01/1945,0.109293923,0.109293923,0.109293923,0.109293923,0.109293923,0.109293923,,,
12/01/1945,0.106689852,0.106689852,0.106689852,0.106689852,0.106689852,0.106689852,,,
01/01/1946,0.101176794,0.101176794,0.101176794,0.101176794,0.101176794,0.101176794,,,
02/01/1946,0.091429911,0.091429911,0.091429911,0.091429911,0.091429911,0.091429911,,,
03/01/1946,0.082170678,0.082170678,0.082170678,0.082170678,0.082170678,0.082170678,,,
04/01/1946,0.086531955,0.086531955,0.086531955,0.086531955,0.086531955,0.086531955,,,
05/01/1946,0.094472773,0.094472773,0.094472773,0.094472773,0.094472773,0.094472773,,,
06/01/1946,0.097987816,0.097987816,0.097987816,0.097987816,0.097987816,0.097987816,,,
07/01/1946,0.097881521,0.097881521,0.097881521,0.097881521,0.097881521,0.097881521,,,
08/01/1946,0.095755064,0.095755064,0.095755064,0.095755064,0.095755064,0.095755064,,,
09/01/1946,0.09387671,0.09387671,0.09387671,0.09387671,0.09387671,0.09387671,,,
10/01/1946,0.093397722,0.093397722,0.093397722,0.093397722,0.093397722,0.093397722,,,
11/01/1946,0.091093556,0.091093556,0.091093556,0.091093556,0.091093556,0.091093556,,,
12/01/1946,0.087682617,0.087682617,0.087682617,0.087682617,0.087682617,0.087682617,,,
01/01/1947,0.083417465,0.083417465,0.083417465,0.083417465,0.083417465,0.083417465,,,
02/01/1947,0.079573522,0.079573522,0.079573522,0.079573522,0.079573522,0.079573522,,,
03/01/1947,0.072893669,0.072893669,0.072893669,0.072893669,0.072893669,0.072893669,,,
04/01/1947,0.06595419,0.06595419,0.06595419,0.06595419,0.06595419,0.06595419,,,
05/01/1947,0.072164666,0.072164666,0.072164666,0.072164666,0.072164666,0.072164666,,,
06/01/1947,0.083419285,0.083419285,0.083419285,0.083419285,0.083419285,0.083419285,,,
07/01/1947,0.097498111,0.097498111,0.097498111,0.097498111,0.097498111,0.097498111,,,
08/01/1947,0.111275857,0.111275857,0.111275857,0.111275857,0.111275857,0.111275857,,,
09/01/1947,0.124260015,0.124260015,0.124260015,0.124260015,0.124260015,0.124260015,,,
10/01/1947,0.122898069,0.122898069,0.122898069,0.122898069,0.122898069,0.122898069,,,
11/01/1947,0.123335223,0.123335223,0.123335223,0.123335223,0.123335223,0.123335223,,,
12/01/1947,0.118063359,0.118063359,0.118063359,0.118063359,0.118063359,0.118063359,,,
01/01/1948,0.116563563,0.116563563,0.116563563,0.116563563,0.116563563,0.116563563,,,
02/01/1948,0.111211508,0.111211508,0.111211508,0.111211508,0.111211508,0.111211508,,,
03/01/1948,0.105261509,0.105261509,0.105261509,0.105261509,0.105261509,0.105261509,,,
04/01/1948,0.098486539,0.098486539,0.098486539,0.098486539,0.098486539,0.098486539,,,
05/01/1948,0.093098517,0.093098517,0.093098517,0.093098517,0.093098517,0.093098517,,,
06/01/1948,0.101539385,0.101539385,0.101539385,0.101539385,0.101539385,0.101539385,,,
07/01/1948,0.112344952,0.112344952,0.112344952,0.112344952,0.112344952,0.112344952,,,
08/01/1948,0.122754947,0.122754947,0.122754947,0.122754947,0.122754947,0.122754947,,,
09/01/1948,0.130272483,0.130272483,0.130272483,0.130272483,0.130272483,0.130272483,,,
10/01/1948,0.129955551,0.129955551,0.129955551,0.129955551,0.129955551,0.129955551,,,
11/01/1948,0.127281053,0.127281053,0.127281053,0.127281053,0.127281053,0.127281053,,,
12/01/1948,0.12243971,0.12243971,0.12243971,0.12243971,0.12243971,0.12243971,,,
01/01/1949,0.115764109,0.115764109,0.115764109,0.115764109,0.115764109,0.115764109,,,
02/01/1949,0.110540904,0.110540904,0.110540904,0.110540904,0.110540904,0.110540904,,,
03/01/1949,0.106048012,0.106048012,0.106048012,0.106048012,0.106048012,0.106048012,,,
04/01/1949,0.100019606,0.100019606,0.100019606,0.100019606,0.100019606,0.100019606,,,
05/01/1949,0.096758061,0.096758061,0.096758061,0.096758061,0.096758061,0.096758061,,,
06/01/1949,0.095402941,0.095402941,0.095402941,0.095402941,0.095402941,0.095402941,,,
07/01/1949,0.096016676,0.096016676,0.096016676,0.096016676,0.096016676,0.096016676,,,
08/01/1949,0.097231779,0.097231779,0.097231779,0.097231779,0.097231779,0.097231779,,,
09/01/1949,0.098140758,0.098140758,0.098140758,0.098140758,0.098140758,0.098140758,,,
10/01/1949,0.097707288,0.097707288,0.097707288,0.097707288,0.097707288,0.097707288,,,
11/01/1949,0.100605464,0.100605464,0.100605464,0.100605464,0.100605464,0.100605464,,,
12/01/1949,0.103890596,0.103890596,0.103890596,0.103890596,0.103890596,0.103890596,,,
01/01/1950,0.103126519,0.103126519,0.103126519,0.103126519,0.103126519,0.103126519,,,
02/01/1950,0.102660758,0.102660758,0.102660758,0.102660758,0.102660758,0.102660758,,,
03/01/1950,0.10485835,0.10485835,0.10485835,0.10485835,0.10485835,0.10485835,,,
04/01/1950,0.104537858,0.104537858,0.104537858,0.104537858,0.104537858,0.104537858,,,
05/01/1950,0.10376935,0.10376935,0.10376935,0.10376935,0.10376935,0.10376935,,,
06/01/1950,0.105036625,0.105036625,0.105036625,0.105036625,0.105036625,0.105036625,,,
07/01/1950,0.108262719,0.108262719,0.108262719,0.108262719,0.108262719,0.108262719,,,
08/01/1950,0.110831593,0.110831593,0.110831593,0.110831593,0.110831593,0.110831593,,,
09/01/1950,0.114069047,0.114069047,0.114069047,0.114069047,0.114069047,0.114069047,,,
10/01/1950,0.117361175,0.117361175,0.117361175,0.117361175,0.117361175,0.117361175,,,
11/01/1950,0.11906254,0.11906254,0.11906254,0.11906254,0.11906254,0.11906254,,,
12/01/1950,0.120488029,0.120488029,0.120488029,0.120488029,0.120488029,0.120488029,,,
01/01/1951,0.121165921,0.121165921,0.121165921,0.121165921,0.121165921,0.121165921,,,
02/01/1951,0.119872132,0.119872132,0.119872132,0.119872132,0.119872132,0.119872132,,,
03/01/1951,0.114348827,0.114348827,0.114348827,0.114348827,0.114348827,0.114348827,,,
04/01/1951,0.112322733,0.112322733,0.112322733,0.112322733,0.112322733,0.112322733,,,
05/01/1951,0.108030933,0.108030933,0.108030933,0.108030933,0.108030933,0.108030933,,,
06/01/1951,0.11109519,0.11109519,0.11109519,0.11109519,0.11109519,0.11109519,,,
07/01/1951,0.113932558,0.113932558,0.113932558,0.113932558,0.113932558,0.113932558,,,
08/01/1951,0.118336396,0.118336396,0.118336396,0.118336396,0.118336396,0.118336396,,,
09/01/1951,0.123854802,0.123854802,0.123854802,0.123854802,0.123854802,0.123854802,,,
10/01/1951,0.129777726,0.129777726,0.129777726,0.129777726,0.129777726,0.129777726,,,
11/01/1951,0.135745027,0.135745027,0.135745027,0.135745027,0.135745027,0.135745027,,,
12/01/1951,0.140420797,0.140420797,0.140420797,0.140420797,0.140420797,0.140420797,,,
01/01/1952,0.13475112,0.13475112,0.13475112,0.13475112,0.13475112,0.13475112,,,
02/01/1952,0.130930586,0.130930586,0.130930586,0.130930586,0.130930586,0.130930586,,,
03/01/1952,0.126189258,0.126189258,0.126189258,0.126189258,0.126189258,0.126189258,,,
04/01/1952,0.122166455,0.122166455,0.122166455,0.122166455,0.122166455,0.122166455,,,
05/01/1952,0.116293765,0.116293765,0.116293765,0.116293765,0.116293765,0.116293765,,,
06/01/1952,0.114377625,0.114377625,0.114377625,0.114377625,0.114377625,0.114377625,,,
07/01/1952,0.114892815,0.114892815,0.114892815,0.114892815,0.114892815,0.114892815,,,
08/01/1952,0.118700338,0.118700338,0.118700338,0.118700338,0.118700338,0.118700338,,,
09/01/1952,0.121292701,0.121292701,0.121292701,0.121292701,0.121292701,0.121292701,,,
10/01/1952,0.12620936,0.12620936,0.12620936,0.12620936,0.12620936,0.12620936,,,
11/01/1952,0.129981318,0.129981318,0.129981318,0.129981318,0.129981318,0.129981318,,,
12/01/1952,0.134462614,0.134462614,0.134462614,0.134462614,0.134462614,0.134462614,,,
01/01/1953,0.133250508,0.133250508,0.133250508,0.133250508,0.133250508,0.133250508,,,
02/01/1953,0.137347064,0.137347064,0.137347064,0.137347064,0.137347064,0.137347064,,,
03/01/1953,0.139565541,0.139565541,0.139565541,0.139565541,0.139565541,0.139565541,,,
04/01/1953,0.141927558,0.141927558,0.141927558,0.141927558,0.141927558,0.141927558,,,
05/01/1953,0.145901305,0.145901305,0.145901305,0.145901305,0.145901305,0.145901305,,,
06/01/1953,0.150174808,0.150174808,0.150174808,0.150174808,0.150174808,0.150174808,,,
07/01/1953,0.153008485,0.153008485,0.153008485,0.153008485,0.153008485,0.153008485,,,
08/01/1953,0.155061984,0.155061984,0.155061984,0.155061984,0.155061984,0.155061984,,,
09/01/1953,0.158374258,0.158374258,0.158374258,0.158374258,0.158374258,0.158374258,,,
10/01/1953,0.159680614,0.159680614,0.159680614,0.159680614,0.159680614,0.159680614,,,
11/01/1953,0.162729919,0.162729919,0.162729919,0.162729919,0.162729919,0.162729919,,,
12/01/1953,0.16597626,0.16597626,0.16597626,0.16597626,0.16597626,0.16597626,,,
01/01/1954,0.168384079,0.168384079,0.168384079,0.168384079,0.168384079,0.168384079,,,
02/01/1954,0.167267702,0.167267702,0.167267702,0.167267702,0.167267702,0.167267702,,,
03/01/1954,0.167106163,0.167106163,0.167106163,0.167106163,0.167106163,0.167106163,,,
04/01/1954,0.168532379,0.168532379,0.168532379,0.168532379,0.168532379,0.168532379,,,
05/01/1954,0.167322309,0.167322309,0.167322309,0.167322309,0.167322309,0.167322309,,,
06/01/1954,0.168917438,0.168917438,0.168917438,0.168917438,0.168917438,0.168917438,,,
07/01/1954,0.170507956,0.170507956,0.170507956,0.170507956,0.170507956,0.170507956,,,
08/01/1954,0.169236687,0.169236687,0.169236687,0.169236687,0.169236687,0.169236687,,,
09/01/1954,0.16911449,0.16911449,0.16911449,0.16911449,0.16911449,0.16911449,,,
10/01/1954,0.168940244,0.168940244,0.168940244,0.168940244,0.168940244,0.168940244,,,
11/01/1954,0.170019408,0.170019408,0.170019408,0.170019408,0.170019408,0.170019408,,,
12/01/1954,0.169147788,0.169147788,0.169147788,0.169147788,0.169147788,0.169147788,,,
01/01/1955,0.162127045,0.162127045,0.162127045,0.162127045,0.162127045,0.162127045,,,
02/01/1955,0.153581149,0.153581149,0.153581149,0.153581149,0.153581149,0.153581149,,,
03/01/1955,0.14344348,0.14344348,0.14344348,0.14344348,0.14344348,0.14344348,,,
04/01/1955,0.140580097,0.140580097,0.140580097,0.140580097,0.140580097,0.140580097,,,
05/01/1955,0.14015467,0.14015467,0.14015467,0.14015467,0.14015467,0.14015467,,,
06/01/1955,0.144276296,0.144276296,0.144276296,0.144276296,0.144276296,0.144276296,,,
07/01/1955,0.149690472,0.149690472,0.149690472,0.149690472,0.149690472,0.149690472,,,
08/01/1955,0.152864413,0.152864413,0.152864413,0.152864413,0.152864413,0.152864413,,,
09/01/1955,0.159255379,0.159255379,0.159255379,0.159255379,0.159255379,0.159255379,,,
10/01/1955,0.164550649,0.164550649,0.164550649,0.164550649,0.164550649,0.164550649,,,
11/01/1955,0.167464926,0.167464926,0.167464926,0.167464926,0.167464926,0.167464926,,,
12/01/1955,0.173174968,0.173174968,0.173174968,0.173174968,0.173174968,0.173174968,,,
01/01/1956,0.169946142,0.169946142,0.169946142,0.169946142,0.169946142,0.169946142,,,
02/01/1956,0.160695454,0.160695454,0.160695454,0.160695454,0.160695454,0.160695454,,,
03/01/1956,0.151309397,0.151309397,0.151309397,0.151309397,0.151309397,0.151309397,,,
04/01/1956,0.142671155,0.142671155,0.142671155,0.142671155,0.142671155,0.142671155,,,
05/01/1956,0.139432156,0.139432156,0.139432156,0.139432156,0.139432156,0.139432156,,,
06/01/1956,0.142273149,0.142273149,0.142273149,0.142273149,0.142273149,0.142273149,,,
07/01/1956,0.143362965,0.143362965,0.143362965,0.143362965,0.143362965,0.143362965,,,
08/01/1956,0.143981786,0.143981786,0.143981786,0.143981786,0.143981786,0.143981786,,,
09/01/1956,0.145729005,0.145729005,0.145729005,0.145729005,0.145729005,0.145729005,,,
10/01/1956,0.146815682,0.146815682,0.146815682,0.146815682,0.146815682,0.146815682,,,
11/01/1956,0.149474595,0.149474595,0.149474595,0.149474595,0.149474595,0.149474595,,,
12/01/1956,0.150665033,0.150665033,0.150665033,0.150665033,0.150665033,0.150665033,,,
01/01/1957,0.151915497,0.151915497,0.151915497,0.151915497,0.151915497,0.151915497,,,
02/01/1957,0.153006069,0.153006069,0.153006069,0.153006069,0.153006069,0.153006069,,,
03/01/1957,0.148940742,0.148940742,0.148940742,0.148940742,0.148940742,0.148940742,,,
04/01/1957,0.14451347,0.14451347,0.14451347,0.14451347,0.14451347,0.14451347,,,
05/01/1957,0.143277974,0.143277974,0.143277974,0.143277974,0.143277974,0.143277974,,,
06/01/1957,0.14482975,0.14482975,0.14482975,0.14482975,0.14482975,0.14482975,,,
07/01/1957,0.146314807,0.146314807,0.146314807,0.146314807,0.146314807,0.146314807,,,
08/01/1957,0.148240286,0.148240286,0.148240286,0.148240286,0.148240286,0.148240286,,,
09/01/1957,0.150974907,0.150974907,0.150974907,0.150974907,0.150974907,0.150974907,,,
10/01/1957,0.152984766,0.152984766,0.152984766,0.152984766,0.152984766,0.152984766,,,
11/01/1957,0.152289278,0.152289278,0.152289278,0.152289278,0.152289278,0.152289278,,,
12/01/1957,0.155046407,0.155046407,0.155046407,0.155046407,0.155046407,0.155046407,,,
01/01/1958,0.157486511,0.157486511,0.157486511,0.157486511,0.157486511,0.157486511,,,
02/01/1958,0.155921147,0.155921147,0.155921147,0.155921147,0.155921147,0.155921147,,,
03/01/1958,0.152207051,0.152207051,0.152207051,0.152207051,0.152207051,0.152207051,,,
04/01/1958,0.147208675,0.147208675,0.147208675,0.147208675,0.147208675,0.147208675,,,
05/01/1958,0.148380544,0.148380544,0.148380544,0.148380544,0.148380544,0.148380544,,,
06/01/1958,0.149742915,0.149742915,0.149742915,0.149742915,0.149742915,0.149742915,,,
07/01/1958,0.151993681,0.151993681,0.151993681,0.151993681,0.151993681,0.151993681,,,
08/01/1958,0.157252196,0.157252196,0.157252196,0.157252196,0.157252196,0.157252196,,,
09/01/1958,0.158378964,0.158378964,0.158378964,0.158378964,0.158378964,0.158378964,,,
10/01/1958,0.158672449,0.158672449,0.158672449,0.158672449,0.158672449,0.158672449,,,
11/01/1958,0.164053224,0.164053224,0.164053224,0.164053224,0.164053224,0.164053224,,,
12/01/1958,0.168616248,0.168616248,0.168616248,0.168616248,0.168616248,0.168616248,,,
01/01/1959,0.172374899,0.172374899,0.172374899,0.172374899,0.172374899,0.172374899,,,
02/01/1959,0.17492372,0.17492372,0.17492372,0.17492372,0.17492372,0.17492372,,,
03/01/1959,0.174370618,0.174370618,0.174370618,0.174370618,0.174370618,0.174370618,,,
04/01/1959,0.168859662,0.168859662,0.168859662,0.168859662,0.168859662,0.168859662,,,
05/01/1959,0.166427262,0.166427262,0.166427262,0.166427262,0.166427262,0.166427262,,,
06/01/1959,0.166598543,0.166598543,0.166598543,0.166598543,0.166598543,0.166598543,,,
07/01/1959,0.169173538,0.169173538,0.169173538,0.169173538,0.169173538,0.169173538,,,
08/01/1959,0.171915565,0.171915565,0.171915565,0.171915565,0.171915565,0.171915565,,,
09/01/1959,0.176143224,0.176143224,0.176143224,0.176143224,0.176143224,0.176143224,,,
10/01/1959,0.181112918,0.181112918,0.181112918,0.181112918,0.181112918,0.181112918,,,
11/01/1959,0.184876435,0.184876435,0.184876435,0.184876435,0.184876435,0.184876435,,,
12/01/1959,0.188029816,0.188029816,0.188029816,0.188029816,0.188029816,0.188029816,,,
01/01/1960,0.192850425,0.192850425,0.192850425,0.192850425,0.192850425,0.192850425,,,
02/01/1960,0.191794816,0.191794816,0.191794816,0.191794816,0.191794816,0.191794816,,,
03/01/1960,0.189299556,0.189299556,0.189299556,0.189299556,0.189299556,0.189299556,,,
04/01/1960,0.186198667,0.186198667,0.186198667,0.186198667,0.186198667,0.186198667,,,
05/01/1960,0.186332982,0.186332982,0.186332982,0.186332982,0.186332982,0.186332982,,,
06/01/1960,0.187648576,0.187648576,0.187648576,0.187648576,0.187648576,0.187648576,,,
07/01/1960,0.188146181,0.188146181,0.188146181,0.188146181,0.188146181,0.188146181,,,
08/01/1960,0.188720091,0.188720091,0.188720091,0.188720091,0.188720091,0.188720091,,,
09/01/1960,0.189715803,0.189715803,0.189715803,0.189715803,0.189715803,0.189715803,,,
10/01/1960,0.191199567,0.191199567,0.191199567,0.191199567,0.191199567,0.191199567,,,
11/01/1960,0.193134444,0.193134444,0.193134444,0.193134444,0.193134444,0.193134444,,,
12/01/1960,0.193752939,0.193752939,0.193752939,0.193752939,0.193752939,0.193752939,,,
01/01/1961,0.193916401,0.193916401,0.193916401,0.193916401,0.193916401,0.193916401,,,
02/01/1961,0.190132604,0.190132604,0.190132604,0.190132604,0.190132604,0.190132604,,,
03/01/1961,0.180107025,0.180107025,0.180107025,0.180107025,0.180107025,0.180107025,,,
04/01/1961,0.168057411,0.168057411,0.168057411,0.168057411,0.168057411,0.168057411,,,
05/01/1961,0.167084395,0.167084395,0.167084395,0.167084395,0.167084395,0.167084395,,,
06/01/1961,0.171859028,0.171859028,0.171859028,0.171859028,0.171859028,0.171859028,,,
07/01/1961,0.174119927,0.174119927,0.174119927,0.174119927,0.174119927,0.174119927,,,
08/01/1961,0.176559204,0.176559204,0.176559204,0.176559204,0.176559204,0.176559204,,,
09/01/1961,0.179341851,0.179341851,0.179341851,0.179341851,0.179341851,0.179341851,,,
10/01/1961,0.185245469,0.185245469,0.185245469,0.185245469,0.185245469,0.185245469,,,
11/01/1961,0.18951618,0.18951618,0.18951618,0.18951618,0.18951618,0.18951618,,,
12/01/1961,0.193224395,0.193224395,0.193224395,0.193224395,0.193224395,0.193224395,,,
01/01/1962,0.198399366,0.198399366,0.198399366,0.198399366,0.198399366,0.198399366,,,
02/01/1962,0.200700244,0.200700244,0.200700244,0.200700244,0.200700244,0.200700244,,,
03/01/1962,0.197183667,0.197183667,0.197183667,0.197183667,0.197183667,0.197183667,,,
04/01/1962,0.191842452,0.191842452,0.191842452,0.191842452,0.191842452,0.191842452,,,
05/01/1962,0.189336725,0.189336725,0.189336725,0.189336725,0.189336725,0.189336725,,,
06/01/1962,0.194409887,0.194409887,0.194409887,0.194409887,0.194409887,0.194409887,,,
07/01/1962,0.199727205,0.199727205,0.199727205,0.199727205,0.199727205,0.199727205,,,
08/01/1962,0.202878348,0.202878348,0.202878348,0.202878348,0.202878348,0.202878348,,,
09/01/1962,0.208604051,0.208604051,0.208604051,0.208604051,0.208604051,0.208604051,,,
10/01/1962,0.21380566,0.21380566,0.21380566,0.21380566,0.21380566,0.21380566,,,
11/01/1962,0.219267652,0.219267652,0.219267652,0.219267652,0.219267652,0.219267652,,,
12/01/1962,0.222989143,0.222989143,0.222989143,0.222989143,0.222989143,0.222989143,,,
01/01/1963,0.229620453,0.229620453,0.229620453,0.229620453,0.229620453,0.229620453,,,
02/01/1963,0.23616372,0.23616372,0.23616372,0.23616372,0.23616372,0.23616372,,,
03/01/1963,0.241965954,0.241965954,0.241965954,0.241965954,0.241965954,0.241965954,,,
04/01/1963,0.245202018,0.245202018,0.245202018,0.245202018,0.245202018,0.245202018,,,
05/01/1963,0.243416094,0.243416094,0.243416094,0.243416094,0.243416094,0.243416094,,,
06/01/1963,0.244834044,0.244834044,0.244834044,0.244834044,0.244834044,0.244834044,,,
07/01/1963,0.246925202,0.246925202,0.246925202,0.246925202,0.246925202,0.246925202,,,
08/01/1963,0.24876817,0.24876817,0.24876817,0.24876817,0.24876817,0.24876817,,,
09/01/1963,0.248087294,0.248087294,0.248087294,0.248087294,0.248087294,0.248087294,,,
10/01/1963,0.248402067,0.248402067,0.248402067,0.248402067,0.248402067,0.248402067,,,
11/01/1963,0.248356158,0.248356158,0.248356158,0.248356158,0.248356158,0.248356158,,,
12/01/1963,0.248746278,0.248746278,0.248746278,0.248746278,0.248746278,0.248746278,,,
01/01/1964,0.248895925,0.248895925,0.248895925,0.248895925,0.248895925,0.248895925,,,
02/01/1964,0.250411209,0.250411209,0.250411209,0.250411209,0.250411209,0.250411209,,,
03/01/1964,0.252214022,0.252214022,0.252214022,0.252214022,0.252214022,0.252214022,,,
04/01/1964,0.254314562,0.254314562,0.254314562,0.254314562,0.254314562,0.254314562,,,
05/01/1964,0.25862183,0.25862183,0.25862183,0.25862183,0.25862183,0.25862183,,,
06/01/1964,0.261743044,0.261743044,0.261743044,0.261743044,0.261743044,0.261743044,,,
07/01/1964,0.268289567,0.268289567,0.268289567,0.268289567,0.268289567,0.268289567,,,
08/01/1964,0.275460416,0.275460416,0.275460416,0.275460416,0.275460416,0.275460416,,,
09/01/1964,0.283327972,0.283327972,0.283327972,0.283327972,0.283327972,0.283327972,,,
10/01/1964,0.290422764,0.290422764,0.290422764,0.290422764,0.290422764,0.290422764,,,
11/01/1964,0.29916006,0.29916006,0.29916006,0.29916006,0.29916006,0.29916006,,,
12/01/1964,0.302365945,0.302365945,0.302365945,0.302365945,0.302365945,0.302365945,,,
01/01/1965,0.29916576,0.29916576,0.29916576,0.29916576,0.29916576,0.29916576,,,
02/01/1965,0.296460307,0.296460307,0.296460307,0.296460307,0.296460307,0.296460307,,,
03/01/1965,0.293438529,0.293438529,0.293438529,0.293438529,0.293438529,0.293438529,,,
04/01/1965,0.292109938,0.292109938,0.292109938,0.292109938,0.292109938,0.292109938,,,
05/01/1965,0.293353922,0.293353922,0.293353922,0.293353922,0.293353922,0.293353922,,,
06/01/1965,0.294207969,0.294207969,0.294207969,0.294207969,0.294207969,0.294207969,,,
07/01/1965,0.292311903,0.292311903,0.292311903,0.292311903,0.292311903,0.292311903,,,
08/01/1965,0.289665154,0.289665154,0.289665154,0.289665154,0.289665154,0.289665154,,,
09/01/1965,0.289973731,0.289973731,0.289973731,0.289973731,0.289973731,0.289973731,,,
10/01/1965,0.289997756,0.289997756,0.289997756,0.289997756,0.289997756,0.289997756,,,
11/01/1965,0.288772647,0.288772647,0.288772647,0.288772647,0.288772647,0.288772647,,,
12/01/1965,0.287905488,0.287905488,0.287905488,0.287905488,0.287905488,0.287905488,,,
01/01/1966,0.287418513,0.287418513,0.287418513,0.287418513,0.287418513,0.287418513,,,
02/01/1966,0.288668778,0.288668778,0.288668778,0.288668778,0.288668778,0.288668778,,,
03/01/1966,0.288045425,0.288045425,0.288045425,0.288045425,0.288045425,0.288045425,,,
04/01/1966,0.28833498,0.28833498,0.28833498,0.28833498,0.28833498,0.28833498,,,
05/01/1966,0.290225517,0.290225517,0.290225517,0.290225517,0.290225517,0.290225517,,,
06/01/1966,0.292797157,0.292797157,0.292797157,0.292797157,0.292797157,0.292797157,,,
07/01/1966,0.29377886,0.29377886,0.29377886,0.29377886,0.29377886,0.29377886,,,
08/01/1966,0.29657168,0.29657168,0.29657168,0.29657168,0.29657168,0.29657168,,,
09/01/1966,0.299076614,0.299076614,0.299076614,0.299076614,0.299076614,0.299076614,,,
10/01/1966,0.300023547,0.300023547,0.300023547,0.300023547,0.300023547,0.300023547,,,
11/01/1966,0.301649002,0.301649002,0.301649002,0.301649002,0.301649002,0.301649002,,,
12/01/1966,0.303244264,0.303244264,0.303244264,0.303244264,0.303244264,0.303244264,,,
01/01/1967,0.306473276,0.306473276,0.306473276,0.306473276,0.306473276,0.306473276,,,
02/01/1967,0.311136343,0.311136343,0.311136343,0.311136343,0.311136343,0.311136343,,,
03/01/1967,0.312773104,0.312773104,0.312773104,0.312773104,0.312773104,0.312773104,,,
04/01/1967,0.315370319,0.315370319,0.315370319,0.315370319,0.315370319,0.315370319,,,
05/01/1967,0.316335489,0.316335489,0.316335489,0.316335489,0.316335489,0.316335489,,,
06/01/1967,0.315080215,0.315080215,0.315080215,0.315080215,0.315080215,0.315080215,,,
07/01/1967,0.313030711,0.313030711,0.313030711,0.313030711,0.313030711,0.313030711,,,
08/01/1967,0.310404548,0.310404548,0.310404548,0.310404548,0.310404548,0.310404548,,,
09/01/1967,0.310011348,0.310011348,0.310011348,0.310011348,0.310011348,0.310011348,,,
10/01/1967,0.309607865,0.309607865,0.309607865,0.309607865,0.309607865,0.309607865,,,
11/01/1967,0.308267753,0.308267753,0.308267753,0.308267753,0.308267753,0.308267753,,,
12/01/1967,0.307637962,0.307637962,0.307637962,0.307637962,0.307637962,0.307637962,,,
01/01/1968,0.305109579,0.305109579,0.305109579,0.305109579,0.305109579,0.305109579,,,
02/01/1968,0.304616551,0.304616551,0.304616551,0.304616551,0.304616551,0.304616551,,,
03/01/1968,0.301662551,0.301662551,0.301662551,0.301662551,0.301662551,0.301662551,,,
04/01/1968,0.297146445,0.297146445,0.297146445,0.297146445,0.297146445,0.297146445,,,
05/01/1968,0.295169459,0.295169459,0.295169459,0.295169459,0.295169459,0.295169459,,,
06/01/1968,0.296162973,0.296162973,0.296162973,0.296162973,0.296162973,0.296162973,,,
07/01/1968,0.295418017,0.295418017,0.295418017,0.295418017,0.295418017,0.295418017,,,
08/01/1968,0.297009947,0.297009947,0.297009947,0.297009947,0.297009947,0.297009947,,,
09/01/1968,0.297843818,0.297843818,0.297843818,0.297843818,0.297843818,0.297843818,,,
10/01/1968,0.298054694,0.298054694,0.298054694,0.298054694,0.298054694,0.298054694,,,
11/01/1968,0.298059158,0.298059158,0.298059158,0.298059158,0.298059158,0.298059158,,,
12/01/1968,0.298945039,0.298945039,0.298945039,0.298945039,0.298945039,0.298945039,,,
01/01/1969,0.30040447,0.30040447,0.30040447,0.30040447,0.30040447,0.30040447,,,
02/01/1969,0.300380838,0.300380838,0.300380838,0.300380838,0.300380838,0.300380838,,,
03/01/1969,0.301572913,0.301572913,0.301572913,0.301572913,0.301572913,0.301572913,,,
04/01/1969,0.303770728,0.303770728,0.303770728,0.303770728,0.303770728,0.303770728,,,
05/01/1969,0.303588163,0.303588163,0.303588163,0.303588163,0.303588163,0.303588163,,,
06/01/1969,0.301750886,0.301750886,0.301750886,0.301750886,0.301750886,0.301750886,,,
07/01/1969,0.300656218,0.300656218,0.300656218,0.300656218,0.300656218,0.300656218,,,
08/01/1969,0.299053074,0.299053074,0.299053074,0.299053074,0.299053074,0.299053074,,,
09/01/1969,0.298043532,0.298043532,0.298043532,0.298043532,0.298043532,0.298043532,,,
10/01/1969,0.295117112,0.295117112,0.295117112,0.295117112,0.295117112,0.295117112,,,
11/01/1969,0.295809952,0.295809952,0.295809952,0.295809952,0.295809952,0.295809952,,,
12/01/1969,0.294386569,0.294386569,0.294386569,0.294386569,0.294386569,0.294386569,,,
01/01/1970,0.291573713,0.291573713,0.291573713,0.291573713,0.291573713,0.291573713,,,
02/01/1970,0.289979026,0.289979026,0.289979026,0.289979026,0.289979026,0.289979026,,,
03/01/1970,0.287835778,0.287835778,0.287835778,0.287835778,0.287835778,0.287835778,,,
04/01/1970,0.287259797,0.287259797,0.287259797,0.287259797,0.287259797,0.287259797,,,
05/01/1970,0.291969248,0.291969248,0.291969248,0.291969248,0.291969248,0.291969248,,,
06/01/1970,0.29795587,0.29795587,0.29795587,0.29795587,0.29795587,0.29795587,,,
07/01/1970,0.304750011,0.304750011,0.304750011,0.304750011,0.304750011,0.304750011,,,
08/01/1970,0.309818573,0.309818573,0.309818573,0.309818573,0.309818573,0.309818573,,,
09/01/1970,0.31597109,0.31597109,0.31597109,0.31597109,0.31597109,0.31597109,,,
10/01/1970,0.321963074,0.321963074,0.321963074,0.321963074,0.321963074,0.321963074,,,
11/01/1970,0.327541429,0.327541429,0.327541429,0.327541429,0.327541429,0.327541429,,,
12/01/1970,0.334835565,0.334835565,0.334835565,0.334835565,0.334835565,0.334835565,,,
01/01/1971,0.340518358,0.340518358,0.340518358,0.340518358,0.340518358,0.340518358,,,
02/01/1971,0.330596786,0.330596786,0.330596786,0.330596786,0.330596786,0.330596786,,,
03/01/1971,0.318364752,0.318364752,0.318364752,0.318364752,0.318364752,0.318364752,,,
04/01/1971,0.307678414,0.307678414,0.307678414,0.307678414,0.307678414,0.307678414,,,
05/01/1971,0.309373444,0.309373444,0.309373444,0.309373444,0.309373444,0.309373444,,,
06/01/1971,0.313209679,0.313209679,0.313209679,0.313209679,0.313209679,0.313209679,,,
07/01/1971,0.319589078,0.319589078,0.319589078,0.319589078,0.319589078,0.319589078,,,
08/01/1971,0.326956218,0.326956218,0.326956218,0.326956218,0.326956218,0.326956218,,,
09/01/1971,0.332298871,0.332298871,0.332298871,0.332298871,0.332298871,0.332298871,,,
10/01/1971,0.337280226,0.337280226,0.337280226,0.337280226,0.337280226,0.337280226,,,
11/01/1971,0.344873692,0.344873692,0.344873692,0.344873692,0.344873692,0.344873692,,,
12/01/1971,0.351529332,0.351529332,0.351529332,0.351529332,0.351529332,0.351529332,,,
01/01/1972,0.356715036,0.356715036,0.356715036,0.356715036,0.356715036,0.356715036,,,
02/01/1972,0.351041138,0.351041138,0.351041138,0.351041138,0.351041138,0.351041138,,,
03/01/1972,0.337827767,0.337827767,0.337827767,0.337827767,0.337827767,0.337827767,,,
04/01/1972,0.32802827,0.32802827,0.32802827,0.32802827,0.32802827,0.32802827,,,
05/01/1972,0.335514777,0.335514777,0.335514777,0.335514777,0.335514777,0.335514777,,,
06/01/1972,0.344445391,0.344445391,0.344445391,0.344445391,0.344445391,0.344445391,,,
07/01/1972,0.355585472,0.355585472,0.355585472,0.355585472,0.355585472,0.355585472,,,
08/01/1972,0.366731232,0.366731232,0.366731232,0.366731232,0.366731232,0.366731232,,,
09/01/1972,0.379191758,0.379191758,0.379191758,0.379191758,0.379191758,0.379191758,,,
10/01/1972,0.392329504,0.392329504,0.392329504,0.392329504,0.392329504,0.392329504,,,
11/01/1972,0.405801662,0.405801662,0.405801662,0.405801662,0.405801662,0.405801662,,,
12/01/1972,0.41405218,0.41405218,0.41405218,0.41405218,0.41405218,0.41405218,,,
01/01/1973,0.408065166,0.408065166,0.408065166,0.408065166,0.408065166,0.408065166,,,
02/01/1973,0.397666442,0.397666442,0.397666442,0.397666442,0.397666442,0.397666442,,,
03/01/1973,0.385263501,0.385263501,0.385263501,0.385263501,0.385263501,0.385263501,,,
04/01/1973,0.373846383,0.373846383,0.373846383,0.373846383,0.373846383,0.373846383,,,
05/01/1973,0.372603524,0.372603524,0.372603524,0.372603524,0.372603524,0.372603524,,,
06/01/1973,0.375638208,0.375638208,0.375638208,0.375638208,0.375638208,0.375638208,,,
07/01/1973,0.37895211,0.37895211,0.37895211,0.37895211,0.37895211,0.37895211,,,
08/01/1973,0.382754038,0.382754038,0.382754038,0.382754038,0.382754038,0.382754038,,,
09/01/1973,0.388811492,0.388811492,0.388811492,0.388811492,0.388811492,0.388811492,,,
10/01/1973,0.393846101,0.393846101,0.393846101,0.393846101,0.393846101,0.393846101,,,
11/01/1973,0.399179578,0.399179578,0.399179578,0.399179578,0.399179578,0.399179578,,,
12/01/1973,0.403642261,0.403642261,0.403642261,0.403642261,0.403642261,0.403642261,,,
01/01/1974,0.402499352,0.402499352,0.402499352,0.402499352,0.402499352,0.402499352,,,
02/01/1974,0.398618394,0.398618394,0.398618394,0.398618394,0.398618394,0.398618394,,,
03/01/1974,0.39481957,0.39481957,0.39481957,0.39481957,0.39481957,0.39481957,,,
04/01/1974,0.393077032,0.393077032,0.393077032,0.393077032,0.393077032,0.393077032,,,
05/01/1974,0.395661404,0.395661404,0.395661404,0.395661404,0.395661404,0.395661404,,,
06/01/1974,0.397860172,0.397860172,0.397860172,0.397860172,0.397860172,0.397860172,,,
07/01/1974,0.400642072,0.400642072,0.400642072,0.400642072,0.400642072,0.400642072,,,
08/01/1974,0.403081555,0.403081555,0.403081555,0.403081555,0.403081555,0.403081555,,,
09/01/1974,0.404487965,0.404487965,0.404487965,0.404487965,0.404487965,0.404487965,,,
10/01/1974,0.406173937,0.406173937,0.406173937,0.406173937,0.406173937,0.406173937,,,
11/01/1974,0.410197461,0.410197461,0.410197461,0.410197461,0.410197461,0.410197461,,,
12/01/1974,0.41074176,0.41074176,0.41074176,0.41074176,0.41074176,0.41074176,,,
01/01/1975,0.405921965,0.405921965,0.405921965,0.405921965,0.405921965,0.405921965,,,
02/01/1975,0.404797134,0.404797134,0.404797134,0.404797134,0.404797134,0.404797134,,,
03/01/1975,0.401350115,0.401350115,0.401350115,0.401350115,0.401350115,0.401350115,,,
04/01/1975,0.40139242,0.40139242,0.40139242,0.40139242,0.40139242,0.40139242,,,
05/01/1975,0.402187006,0.402187006,0.402187006,0.402187006,0.402187006,0.402187006,,,
06/01/1975,0.401546343,0.401546343,0.401546343,0.401546343,0.401546343,0.401546343,,,
07/01/1975,0.404214336,0.404214336,0.404214336,0.404214336,0.404214336,0.404214336,,,
08/01/1975,0.405906754,0.405906754,0.405906754,0.405906754,0.405906754,0.405906754,,,
09/01/1975,0.407124374,0.407124374,0.407124374,0.407124374,0.407124374,0.407124374,,,
10/01/1975,0.408218144,0.408218144,0.408218144,0.408218144,0.408218144,0.408218144,,,
11/01/1975,0.407863914,0.407863914,0.407863914,0.407863914,0.407863914,0.407863914,,,
12/01/1975,0.408023653,0.408023653,0.408023653,0.408023653,0.408023653,0.408023653,,,
01/01/1976,0.406481376,0.406481376,0.406481376,0.406481376,0.406481376,0.406481376,,,
02/01/1976,0.40709037,0.40709037,0.40709037,0.40709037,0.40709037,0.40709037,,,
03/01/1976,0.40752672,0.40752672,0.40752672,0.40752672,0.40752672,0.40752672,,,
04/01/1976,0.408373155,0.408373155,0.408373155,0.408373155,0.408373155,0.408373155,,,
05/01/1976,0.408352809,0.408352809,0.408352809,0.408352809,0.408352809,0.408352809,,,
06/01/1976,0.408959056,0.408959056,0.408959056,0.408959056,0.408959056,0.408959056,,,
07/01/1976,0.409415641,0.409415641,0.409415641,0.409415641,0.409415641,0.409415641,,,
08/01/1976,0.409619184,0.409619184,0.409619184,0.409619184,0.409619184,0.409619184,,,
09/01/1976,0.409852036,0.409852036,0.409852036,0.409852036,0.409852036,0.409852036,,,
10/01/1976,0.412461679,0.412461679,0.412461679,0.412461679,0.412461679,0.412461679,,,
11/01/1976,0.412466965,0.412466965,0.412466965,0.412466965,0.412466965,0.412466965,,,
12/01/1976,0.416956793,0.416956793,0.416956793,0.416956793,0.416956793,0.416956793,,,
01/01/1977,0.430448533,0.430448533,0.430448533,0.430448533,0.430448533,0.430448533,,,
02/01/1977,0.44330709,0.44330709,0.44330709,0.44330709,0.44330709,0.44330709,,,
03/01/1977,0.457446204,0.457446204,0.457446204,0.457446204,0.457446204,0.457446204,,,
04/01/1977,0.4672788,0.4672788,0.4672788,0.4672788,0.4672788,0.4672788,,,
05/01/1977,0.471971913,0.471971913,0.471971913,0.471971913,0.471971913,0.471971913,,,
06/01/1977,0.475891783,0.475891783,0.475891783,0.475891783,0.475891783,0.475891783,,,
07/01/1977,0.47995437,0.47995437,0.47995437,0.47995437,0.47995437,0.47995437,,,
08/01/1977,0.484440819,0.484440819,0.484440819,0.484440819,0.484440819,0.484440819,,,
09/01/1977,0.487510133,0.487510133,0.487510133,0.487510133,0.487510133,0.487510133,,,
10/01/1977,0.492521401,0.492521401,0.492521401,0.492521401,0.492521401,0.492521401,,,
11/01/1977,0.493554558,0.493554558,0.493554558,0.493554558,0.493554558,0.493554558,,,
12/01/1977,0.491264646,0.491264646,0.491264646,0.491264646,0.491264646,0.491264646,,,
01/01/1978,0.491400336,0.491400336,0.491400336,0.491400336,0.491400336,0.491400336,,,
02/01/1978,0.492685022,0.492685022,0.492685022,0.492685022,0.492685022,0.492685022,,,
03/01/1978,0.493676791,0.493676791,0.493676791,0.493676791,0.493676791,0.493676791,,,
04/01/1978,0.494528945,0.494528945,0.494528945,0.494528945,0.494528945,0.494528945,,,
05/01/1978,0.49539499,0.49539499,0.49539499,0.49539499,0.49539499,0.49539499,,,
06/01/1978,0.496465332,0.496465332,0.496465332,0.496465332,0.496465332,0.496465332,,,
07/01/1978,0.496038669,0.496038669,0.496038669,0.496038669,0.496038669,0.496038669,,,
08/01/1978,0.496946144,0.496946144,0.496946144,0.496946144,0.496946144,0.496946144,,,
09/01/1978,0.496034046,0.496034046,0.496034046,0.496034046,0.496034046,0.496034046,,,
10/01/1978,0.495083435,0.495083435,0.495083435,0.495083435,0.495083435,0.495083435,,,
11/01/1978,0.494674946,0.494674946,0.494674946,0.494674946,0.494674946,0.494674946,,,
12/01/1978,0.492143237,0.492143237,0.492143237,0.492143237,0.492143237,0.492143237,,,
01/01/1979,0.490148289,0.490148289,0.490148289,0.490148289,0.490148289,0.490148289,,,
02/01/1979,0.487571224,0.487571224,0.487571224,0.487571224,0.487571224,0.487571224,,,
03/01/1979,0.487319293,0.487319293,0.487319293,0.487319293,0.487319293,0.487319293,,,
04/01/1979,0.485142841,0.485142841,0.485142841,0.485142841,0.485142841,0.485142841,,,
05/01/1979,0.4809661,0.4809661,0.4809661,0.4809661,0.4809661,0.4809661,,,
06/01/1979,0.477609186,0.477609186,0.477609186,0.477609186,0.477609186,0.477609186,,,
07/01/1979,0.474127767,0.474127767,0.474127767,0.474127767,0.474127767,0.474127767,,,
08/01/1979,0.4716521,0.4716521,0.4716521,0.4716521,0.4716521,0.4716521,,,
09/01/1979,0.468778281,0.468778281,0.468778281,0.468778281,0.468778281,0.468778281,,,
10/01/1979,0.464587909,0.464587909,0.464587909,0.464587909,0.464587909,0.464587909,,,
11/01/1979,0.462245021,0.462245021,0.462245021,0.462245021,0.462245021,0.462245021,,,
12/01/1979,0.460874931,0.460874931,0.460874931,0.460874931,0.460874931,0.460874931,,,
01/01/1980,0.460920348,0.460920348,0.460920348,0.460920348,0.460920348,0.460920348,,,
02/01/1980,0.460383028,0.460383028,0.460383028,0.460383028,0.460383028,0.460383028,,,
03/01/1980,0.456104245,0.456104245,0.456104245,0.456104245,0.456104245,0.456104245,,,
04/01/1980,0.450522849,0.450522849,0.450522849,0.450522849,0.450522849,0.450522849,,,
05/01/1980,0.450777457,0.450777457,0.450777457,0.450777457,0.450777457,0.450777457,,,
06/01/1980,0.449611793,0.449611793,0.449611793,0.449611793,0.449611793,0.449611793,,,
07/01/1980,0.451044542,0.451044542,0.451044542,0.451044542,0.451044542,0.451044542,,,
08/01/1980,0.45465742,0.45465742,0.45465742,0.45465742,0.45465742,0.45465742,,,
09/01/1980,0.455737047,0.455737047,0.455737047,0.455737047,0.455737047,0.455737047,,,
10/01/1980,0.456380116,0.456380116,0.456380116,0.456380116,0.456380116,0.456380116,,,
11/01/1980,0.457331931,0.457331931,0.457331931,0.457331931,0.457331931,0.457331931,,,
12/01/1980,0.458703091,0.458703091,0.458703091,0.458703091,0.458703091,0.458703091,,,
01/01/1981,0.460417299,0.460417299,0.460417299,0.460417299,0.460417299,0.460417299,,,
02/01/1981,0.460610897,0.460610897,0.460610897,0.460610897,0.460610897,0.460610897,,,
03/01/1981,0.461819947,0.461819947,0.461819947,0.461819947,0.461819947,0.461819947,,,
04/01/1981,0.462203655,0.462203655,0.462203655,0.462203655,0.462203655,0.462203655,,,
05/01/1981,0.462092362,0.462092362,0.462092362,0.462092362,0.462092362,0.462092362,,,
06/01/1981,0.460619379,0.460619379,0.460619379,0.460619379,0.460619379,0.460619379,,,
07/01/1981,0.460001106,0.460001106,0.460001106,0.460001106,0.460001106,0.460001106,,,
08/01/1981,0.458815669,0.458815669,0.458815669,0.458815669,0.458815669,0.458815669,,,
09/01/1981,0.456718236,0.456718236,0.456718236,0.456718236,0.456718236,0.456718236,,,
10/01/1981,0.456083159,0.456083159,0.456083159,0.456083159,0.456083159,0.456083159,,,
11/01/1981,0.45439009,0.45439009,0.45439009,0.45439009,0.45439009,0.45439009,,,
12/01/1981,0.451709353,0.451709353,0.451709353,0.451709353,0.451709353,0.451709353,,,
01/01/1982,0.451310158,0.451310158,0.451310158,0.451310158,0.451310158,0.451310158,,,
02/01/1982,0.448242885,0.448242885,0.448242885,0.448242885,0.448242885,0.448242885,,,
03/01/1982,0.445155723,0.445155723,0.445155723,0.445155723,0.445155723,0.445155723,,,
04/01/1982,0.443922129,0.443922129,0.443922129,0.443922129,0.443922129,0.443922129,,,
05/01/1982,0.444796233,0.444796233,0.444796233,0.444796233,0.444796233,0.444796233,,,
06/01/1982,0.447249793,0.447249793,0.447249793,0.447249793,0.447249793,0.447249793,,,
07/01/1982,0.448769338,0.448769338,0.448769338,0.448769338,0.448769338,0.448769338,,,
08/01/1982,0.450636546,0.450636546,0.450636546,0.450636546,0.450636546,0.450636546,,,
09/01/1982,0.453263596,0.453263596,0.453263596,0.453263596,0.453263596,0.453263596,,,
10/01/1982,0.456124682,0.456124682,0.456124682,0.456124682,0.456124682,0.456124682,,,
11/01/1982,0.459303471,0.459303471,0.459303471,0.459303471,0.459303471,0.459303471,,,
12/01/1982,0.459002617,0.459002617,0.459002617,0.459002617,0.459002617,0.459002617,,,
01/01/1983,0.453722255,0.453722255,0.453722255,0.453722255,0.453722255,0.453722255,,,
02/01/1983,0.446907708,0.446907708,0.446907708,0.446907708,0.446907708,0.446907708,,,
03/01/1983,0.441710589,0.441710589,0.441710589,0.441710589,0.441710589,0.441710589,,,
04/01/1983,0.433804493,0.433804493,0.433804493,0.433804493,0.433804493,0.433804493,,,
05/01/1983,0.426519855,0.426519855,0.426519855,0.426519855,0.426519855,0.426519855,,,
06/01/1983,0.419111327,0.419111327,0.419111327,0.419111327,0.419111327,0.419111327,,,
07/01/1983,0.410791662,0.410791662,0.410791662,0.410791662,0.410791662,0.410791662,,,
08/01/1983,0.401926962,0.401926962,0.401926962,0.401926962,0.401926962,0.401926962,,,
09/01/1983,0.392531647,0.392531647,0.392531647,0.392531647,0.392531647,0.392531647,,,
10/01/1983,0.383665163,0.383665163,0.383665163,0.383665163,0.383665163,0.383665163,,,
11/01/1983,0.373804836,0.373804836,0.373804836,0.373804836,0.373804836,0.373804836,,,
12/01/1983,0.365875012,0.365875012,0.365875012,0.365875012,0.365875012,0.365875012,,,
01/01/1984,0.359933738,0.359933738,0.359933738,0.359933738,0.359933738,0.359933738,,,
02/01/1984,0.358712825,0.358712825,0.358712825,0.358712825,0.358712825,0.358712825,,,
03/01/1984,0.356398043,0.356398043,0.356398043,0.356398043,0.356398043,0.356398043,,,
04/01/1984,0.352468655,0.352468655,0.352468655,0.352468655,0.352468655,0.352468655,,,
05/01/1984,0.350108715,0.350108715,0.350108715,0.350108715,0.350108715,0.350108715,,,
06/01/1984,0.348735842,0.348735842,0.348735842,0.348735842,0.348735842,0.348735842,,,
07/01/1984,0.349052973,0.349052973,0.349052973,0.349052973,0.349052973,0.349052973,,,
08/01/1984,0.347099019,0.347099019,0.347099019,0.347099019,0.347099019,0.347099019,,,
09/01/1984,0.346669122,0.346669122,0.346669122,0.346669122,0.346669122,0.346669122,,,
10/01/1984,0.346056584,0.346056584,0.346056584,0.346056584,0.346056584,0.346056584,,,
11/01/1984,0.345456157,0.345456157,0.345456157,0.345456157,0.345456157,0.345456157,,,
12/01/1984,0.34453602,0.34453602,0.34453602,0.34453602,0.34453602,0.34453602,,,
01/01/1985,0.341844577,0.341844577,0.341844577,0.341844577,0.341844577,0.341844577,,,
02/01/1985,0.328083808,0.328083808,0.328083808,0.328083808,0.328083808,0.328083808,,,
03/01/1985,0.311795403,0.311795403,0.311795403,0.311795403,0.311795403,0.311795403,,,
04/01/1985,0.310837927,0.310837927,0.310837927,0.310837927,0.310837927,0.310837927,,,
05/01/1985,0.317085314,0.317085314,0.317085314,0.317085314,0.317085314,0.317085314,,,
06/01/1985,0.324832524,0.324832524,0.324832524,0.324832524,0.324832524,0.324832524,,,
07/01/1985,0.333639023,0.333639023,0.333639023,0.333639023,0.333639023,0.333639023,,,
08/01/1985,0.342326627,0.342326627,0.342326627,0.342326627,0.342326627,0.342326627,,,
09/01/1985,0.352348216,0.352348216,0.352348216,0.352348216,0.352348216,0.352348216,,,
10/01/1985,0.362758657,0.362758657,0.362758657,0.362758657,0.362758657,0.362758657,,,
11/01/1985,0.371651133,0.371651133,0.371651133,0.371651133,0.371651133,0.371651133,,,
12/01/1985,0.378631107,0.378631107,0.378631107,0.378631107,0.378631107,0.378631107,,,
01/01/1986,0.375073538,0.375073538,0.375073538,0.375073538,0.375073538,0.375073538,,,
02/01/1986,0.368343314,0.368343314,0.368343314,0.368343314,0.368343314,0.368343314,,,
03/01/1986,0.360620131,0.360620131,0.360620131,0.360620131,0.360620131,0.360620131,,,
04/01/1986,0.356925447,0.356925447,0.356925447,0.356925447,0.356925447,0.356925447,,,
05/01/1986,0.358244201,0.358244201,0.358244201,0.358244201,0.358244201,0.358244201,,,
06/01/1986,0.359906339,0.359906339,0.359906339,0.359906339,0.359906339,0.359906339,,,
07/01/1986,0.362532832,0.362532832,0.362532832,0.362532832,0.362532832,0.362532832,,,
08/01/1986,0.365462561,0.365462561,0.365462561,0.365462561,0.365462561,0.365462561,,,
09/01/1986,0.366681107,0.366681107,0.366681107,0.366681107,0.366681107,0.366681107,,,
10/01/1986,0.368422993,0.368422993,0.368422993,0.368422993,0.368422993,0.368422993,,,
11/01/1986,0.370975376,0.370975376,0.370975376,0.370975376,0.370975376,0.370975376,,,
12/01/1986,0.370379774,0.370379774,0.370379774,0.370379774,0.370379774,0.370379774,,,
01/01/1987,0.36586593,0.36586593,0.36586593,0.36586593,0.36586593,0.36586593,,,
02/01/1987,0.360570678,0.360570678,0.360570678,0.360570678,0.360570678,0.360570678,,,
03/01/1987,0.355231033,0.355231033,0.355231033,0.355231033,0.355231033,0.355231033,,,
04/01/1987,0.355295741,0.355295741,0.355295741,0.355295741,0.355295741,0.355295741,,,
05/01/1987,0.361038953,0.361038953,0.361038953,0.361038953,0.361038953,0.361038953,,,
06/01/1987,0.367764111,0.367764111,0.367764111,0.367764111,0.367764111,0.367764111,,,
07/01/1987,0.373366682,0.373366682,0.373366682,0.373366682,0.373366682,0.373366682,,,
08/01/1987,0.380651218,0.380651218,0.380651218,0.380651218,0.380651218,0.380651218,,,
09/01/1987,0.388007512,0.388007512,0.388007512,0.388007512,0.388007512,0.388007512,,,
10/01/1987,0.396199544,0.396199544,0.396199544,0.396199544,0.396199544,0.396199544,,,
11/01/1987,0.404421678,0.404421678,0.404421678,0.404421678,0.404421678,0.404421678,,,
12/01/1987,0.406978973,0.406978973,0.406978973,0.406978973,0.406978973,0.406978973,,,
01/01/1988,0.392501132,0.392501132,0.392501132,0.392501132,0.392501132,0.392501132,,,
02/01/1988,0.374436637,0.374436637,0.374436637,0.374436637,0.374436637,0.374436637,,,
03/01/1988,0.355668781,0.355668781,0.355668781,0.355668781,0.355668781,0.355668781,,,
04/01/1988,0.351413367,0.351413367,0.351413367,0.351413367,0.351413367,0.351413367,,,
05/01/1988,0.361088649,0.361088649,0.361088649,0.361088649,0.361088649,0.361088649,,,
06/01/1988,0.372638915,0.372638915,0.372638915,0.372638915,0.372638915,0.372638915,,,
07/01/1988,0.385353496,0.385353496,0.385353496,0.385353496,0.385353496,0.385353496,,,
08/01/1988,0.398969855,0.398969855,0.398969855,0.398969855,0.398969855,0.398969855,,,
09/01/1988,0.412209789,0.412209789,0.412209789,0.412209789,0.412209789,0.412209789,,,
10/01/1988,0.426492807,0.426492807,0.426492807,0.426492807,0.426492807,0.426492807,,,
11/01/1988,0.441008462,0.441008462,0.441008462,0.441008462,0.441008462,0.441008462,,,
12/01/1988,0.450221229,0.450221229,0.450221229,0.450221229,0.450221229,0.450221229,,,
01/01/1989,0.44778453,0.44778453,0.44778453,0.44778453,0.44778453,0.44778453,,,
02/01/1989,0.443043411,0.443043411,0.443043411,0.443043411,0.443043411,0.443043411,,,
03/01/1989,0.439082678,0.439082678,0.439082678,0.439082678,0.439082678,0.439082678,,,
04/01/1989,0.441619289,0.441619289,0.441619289,0.441619289,0.441619289,0.441619289,,,
05/01/1989,0.445366918,0.445366918,0.445366918,0.445366918,0.445366918,0.445366918,,,
06/01/1989,0.450432571,0.450432571,0.450432571,0.450432571,0.450432571,0.450432571,,,
07/01/1989,0.455509774,0.455509774,0.455509774,0.455509774,0.455509774,0.455509774,,,
08/01/1989,0.460485387,0.460485387,0.460485387,0.460485387,0.460485387,0.460485387,,,
09/01/1989,0.465333432,0.465333432,0.465333432,0.465333432,0.465333432,0.465333432,,,
10/01/1989,0.469915809,0.469915809,0.469915809,0.469915809,0.469915809,0.469915809,,,
11/01/1989,0.474924233,0.474924233,0.474924233,0.474924233,0.474924233,0.474924233,,,
12/01/1989,0.476884651,0.476884651,0.476884651,0.476884651,0.476884651,0.476884651,,,
01/01/1990,0.47830551,0.47830551,0.47830551,0.47830551,0.47830551,0.47830551,,,
02/01/1990,0.479611729,0.479611729,0.479611729,0.479611729,0.479611729,0.479611729,,,
03/01/1990,0.480177093,0.480177093,0.480177093,0.480177093,0.480177093,0.480177093,,,
04/01/1990,0.479214822,0.479214822,0.479214822,0.479214822,0.479214822,0.479214822,,,
05/01/1990,0.473148315,0.473148315,0.473148315,0.473148315,0.473148315,0.473148315,,,
06/01/1990,0.465651153,0.465651153,0.465651153,0.465651153,0.465651153,0.465651153,,,
07/01/1990,0.457186714,0.457186714,0.457186714,0.457186714,0.457186714,0.457186714,,,
08/01/1990,0.44691505,0.44691505,0.44691505,0.44691505,0.44691505,0.44691505,,,
09/01/1990,0.437361502,0.437361502,0.437361502,0.437361502,0.437361502,0.437361502,,,
10/01/1990,0.426634726,0.426634726,0.426634726,0.426634726,0.426634726,0.426634726,,,
11/01/1990,0.416667638,0.416667638,0.416667638,0.416667638,0.416667638,0.416667638,,,
12/01/1990,0.406474466,0.406474466,0.406474466,0.406474466,0.406474466,0.406474466,,,
01/01/1991,0.399357243,0.399357243,0.399357243,0.399357243,0.399357243,0.399357243,,,
02/01/1991,0.409895408,0.409895408,0.409895408,0.409895408,0.409895408,0.409895408,,,
03/01/1991,0.425596141,0.425596141,0.425596141,0.425596141,0.425596141,0.425596141,,,
04/01/1991,0.439953271,0.439953271,0.439953271,0.439953271,0.439953271,0.439953271,,,
05/01/1991,0.442192889,0.442192889,0.442192889,0.442192889,0.442192889,0.442192889,,,
06/01/1991,0.442793706,0.442793706,0.442793706,0.442793706,0.442793706,0.442793706,,,
07/01/1991,0.443336728,0.443336728,0.443336728,0.443336728,0.443336728,0.443336728,,,
08/01/1991,0.442981218,0.442981218,0.442981218,0.442981218,0.442981218,0.442981218,,,
09/01/1991,0.442524405,0.442524405,0.442524405,0.442524405,0.442524405,0.442524405,,,
10/01/1991,0.442780664,0.442780664,0.442780664,0.442780664,0.442780664,0.442780664,,,
11/01/1991,0.441913913,0.441913913,0.441913913,0.441913913,0.441913913,0.441913913,,,
12/01/1991,0.442342803,0.442342803,0.442342803,0.442342803,0.442342803,0.442342803,,,
01/01/1992,0.445630103,0.445630103,0.445630103,0.445630103,0.445630103,0.445630103,,,
02/01/1992,0.449176014,0.449176014,0.449176014,0.449176014,0.449176014,0.449176014,,,
03/01/1992,0.451902586,0.451902586,0.451902586,0.451902586,0.451902586,0.451902586,,,
04/01/1992,0.457117105,0.457117105,0.457117105,0.457117105,0.457117105,0.457117105,,,
05/01/1992,0.462540957,0.462540957,0.462540957,0.462540957,0.462540957,0.462540957,,,
06/01/1992,0.466432372,0.466432372,0.466432372,0.466432372,0.466432372,0.466432372,,,
07/01/1992,0.471724705,0.471724705,0.471724705,0.471724705,0.471724705,0.471724705,,,
08/01/1992,0.476972048,0.476972048,0.476972048,0.476972048,0.476972048,0.476972048,,,
09/01/1992,0.482871385,0.482871385,0.482871385,0.482871385,0.482871385,0.482871385,,,
10/01/1992,0.488552346,0.488552346,0.488552346,0.488552346,0.488552346,0.488552346,,,
11/01/1992,0.494680332,0.494680332,0.494680332,0.494680332,0.494680332,0.494680332,,,
12/01/1992,0.49975844,0.49975844,0.49975844,0.49975844,0.49975844,0.49975844,,,
01/01/1993,0.503971703,0.503971703,0.503971703,0.503971703,0.503971703,0.503971703,,,
02/01/1993,0.508388387,0.508388387,0.508388387,0.508388387,0.508388387,0.508388387,,,
03/01/1993,0.511876043,0.511876043,0.511876043,0.511876043,0.511876043,0.511876043,,,
04/01/1993,0.514817635,0.514817635,0.514817635,0.514817635,0.514817635,0.514817635,,,
05/01/1993,0.515765054,0.515765054,0.515765054,0.515765054,0.515765054,0.515765054,,,
06/01/1993,0.516810582,0.516810582,0.516810582,0.516810582,0.516810582,0.516810582,,,
07/01/1993,0.518695963,0.518695963,0.518695963,0.518695963,0.518695963,0.518695963,,,
08/01/1993,0.520103852,0.520103852,0.520103852,0.520103852,0.520103852,0.520103852,,,
09/01/1993,0.521384303,0.521384303,0.521384303,0.521384303,0.521384303,0.521384303,,,
10/01/1993,0.521725937,0.521725937,0.521725937,0.521725937,0.521725937,0.521725937,,,
11/01/1993,0.52175602,0.52175602,0.52175602,0.52175602,0.52175602,0.52175602,,,
12/01/1993,0.523643678,0.523643678,0.523643678,0.523643678,0.523643678,0.523643678,,,
01/01/1994,0.525032387,0.525032387,0.525032387,0.525032387,0.525032387,0.525032387,,,
02/01/1994,0.526829057,0.526829057,0.526829057,0.526829057,0.526829057,0.526829057,,,
03/01/1994,0.52751484,0.52751484,0.52751484,0.52751484,0.52751484,0.52751484,,,
04/01/1994,0.528752417,0.528752417,0.528752417,0.528752417,0.528752417,0.528752417,,,
05/01/1994,0.529586175,0.529586175,0.529586175,0.529586175,0.529586175,0.529586175,,,
06/01/1994,0.53205635,0.53205635,0.53205635,0.53205635,0.53205635,0.53205635,,,
07/01/1994,0.532832481,0.532832481,0.532832481,0.532832481,0.532832481,0.532832481,,,
08/01/1994,0.535075617,0.535075617,0.535075617,0.535075617,0.535075617,0.535075617,,,
09/01/1994,0.537077516,0.537077516,0.537077516,0.537077516,0.537077516,0.537077516,,,
10/01/1994,0.540719549,0.540719549,0.540719549,0.540719549,0.540719549,0.540719549,,,
11/01/1994,0.543142657,0.543142657,0.543142657,0.543142657,0.543142657,0.543142657,,,
12/01/1994,0.544662463,0.544662463,0.544662463,0.544662463,0.544662463,0.544662463,,,
01/01/1995,0.541686124,0.541686124,0.541686124,0.541686124,0.541686124,0.541686124,,,
02/01/1995,0.538556126,0.538556126,0.538556126,0.538556126,0.538556126,0.538556126,,,
03/01/1995,0.535414942,0.535414942,0.535414942,0.535414942,0.535414942,0.535414942,,,
04/01/1995,0.534669558,0.534669558,0.534669558,0.534669558,0.534669558,0.534669558,,,
05/01/1995,0.535414819,0.535414819,0.535414819,0.535414819,0.535414819,0.535414819,,,
06/01/1995,0.536530717,0.536530717,0.536530717,0.536530717,0.536530717,0.536530717,,,
07/01/1995,0.536967223,0.536967223,0.536967223,0.536967223,0.536967223,0.536967223,,,
08/01/1995,0.537260193,0.537260193,0.537260193,0.537260193,0.537260193,0.537260193,,,
09/01/1995,0.538786332,0.538786332,0.538786332,0.538786332,0.538786332,0.538786332,,,
10/01/1995,0.539868126,0.539868126,0.539868126,0.539868126,0.539868126,0.539868126,,,
11/01/1995,0.54075348,0.54075348,0.54075348,0.54075348,0.54075348,0.54075348,,,
12/01/1995,0.541850418,0.541850418,0.541850418,0.541850418,0.541850418,0.541850418,,,
01/01/1996,0.541769905,0.541769905,0.541769905,0.541769905,0.541769905,0.541769905,,,
02/01/1996,0.542336004,0.542336004,0.542336004,0.542336004,0.542336004,0.542336004,,,
03/01/1996,0.543143726,0.543143726,0.543143726,0.543143726,0.543143726,0.543143726,,,
04/01/1996,0.543798826,0.543798826,0.543798826,0.543798826,0.543798826,0.543798826,,,
05/01/1996,0.543949841,0.543949841,0.543949841,0.543949841,0.543949841,0.543949841,,,
06/01/1996,0.544640546,0.544640546,0.544640546,0.544640546,0.544640546,0.544640546,,,
07/01/1996,0.545946749,0.545946749,0.545946749,0.545946749,0.545946749,0.545946749,,,
08/01/1996,0.547130344,0.547130344,0.547130344,0.547130344,0.547130344,0.547130344,,,
09/01/1996,0.548012435,0.548012435,0.548012435,0.548012435,0.548012435,0.548012435,,,
10/01/1996,0.549276241,0.549276241,0.549276241,0.549276241,0.549276241,0.549276241,,,
11/01/1996,0.549811544,0.549811544,0.549811544,0.549811544,0.549811544,0.549811544,,,
12/01/1996,0.549719246,0.549719246,0.549719246,0.549719246,0.549719246,0.549719246,,,
01/01/1997,0.548680554,0.548680554,0.548680554,0.548680554,0.548680554,0.548680554,,,
02/01/1997,0.549134553,0.549134553,0.549134553,0.549134553,0.549134553,0.549134553,,,
03/01/1997,0.550008007,0.550008007,0.550008007,0.550008007,0.550008007,0.550008007,,,
04/01/1997,0.550330958,0.550330958,0.550330958,0.550330958,0.550330958,0.550330958,,,
05/01/1997,0.5500734,0.5500734,0.5500734,0.5500734,0.5500734,0.5500734,,,
06/01/1997,0.549079389,0.549079389,0.549079389,0.549079389,0.549079389,0.549079389,,,
07/01/1997,0.548564218,0.548564218,0.548564218,0.548564218,0.548564218,0.548564218,,,
08/01/1997,0.548560936,0.548560936,0.548560936,0.548560936,0.548560936,0.548560936,,,
09/01/1997,0.54763588,0.54763588,0.54763588,0.54763588,0.54763588,0.54763588,,,
10/01/1997,0.547444141,0.547444141,0.547444141,0.547444141,0.547444141,0.547444141,,,
11/01/1997,0.547886996,0.547886996,0.547886996,0.547886996,0.547886996,0.547886996,,,
12/01/1997,0.546659743,0.546659743,0.546659743,0.546659743,0.546659743,0.546659743,,,
01/01/1998,0.54574439,0.54574439,0.54574439,0.54574439,0.54574439,0.54574439,,,
02/01/1998,0.543357385,0.543357385,0.543357385,0.543357385,0.543357385,0.543357385,,,
03/01/1998,0.542033771,0.542033771,0.542033771,0.542033771,0.542033771,0.542033771,,,
04/01/1998,0.541093876,0.541093876,0.541093876,0.541093876,0.541093876,0.541093876,,,
05/01/1998,0.539777889,0.539777889,0.539777889,0.539777889,0.539777889,0.539777889,,,
06/01/1998,0.538682299,0.538682299,0.538682299,0.538682299,0.538682299,0.538682299,,,
07/01/1998,0.536643526,0.536643526,0.536643526,0.536643526,0.536643526,0.536643526,,,
08/01/1998,0.535272709,0.535272709,0.535272709,0.535272709,0.535272709,0.535272709,,,
09/01/1998,0.534235587,0.534235587,0.534235587,0.534235587,0.534235587,0.534235587,,,
10/01/1998,0.533411806,0.533411806,0.533411806,0.533411806,0.533411806,0.533411806,,,
11/01/1998,0.531779848,0.531779848,0.531779848,0.531779848,0.531779848,0.531779848,,,
12/01/1998,0.529715951,0.529715951,0.529715951,0.529715951,0.529715951,0.529715951,,,
01/01/1999,0.529540587,0.529540587,0.529540587,0.529540587,0.529540587,0.529540587,,,
02/01/1999,0.530045463,0.530045463,0.530045463,0.530045463,0.530045463,0.530045463,,,
03/01/1999,0.530882231,0.530882231,0.530882231,0.530882231,0.530882231,0.530882231,,,
04/01/1999,0.531971269,0.531971269,0.531971269,0.531971269,0.531971269,0.531971269,,,
05/01/1999,0.532166811,0.532166811,0.532166811,0.532166811,0.532166811,0.532166811,,,
06/01/1999,0.532308061,0.532308061,0.532308061,0.532308061,0.532308061,0.532308061,,,
07/01/1999,0.531635492,0.531635492,0.531635492,0.531635492,0.531635492,0.531635492,,,
08/01/1999,0.531050801,0.531050801,0.531050801,0.531050801,0.531050801,0.531050801,,,
09/01/1999,0.530843227,0.530843227,0.530843227,0.530843227,0.530843227,0.530843227,,,
10/01/1999,0.530460039,0.530460039,0.530460039,0.530460039,0.530460039,0.530460039,,,
11/01/1999,0.530448662,0.530448662,0.530448662,0.530448662,0.530448662,0.530448662,,,
12/01/1999,0.53078266,0.53078266,0.53078266,0.53078266,0.53078266,0.53078266,,,
01/01/2000,0.530894555,0.530894555,0.530894555,0.530894555,0.530894555,0.530894555,,,
02/01/2000,0.529145511,0.529145511,0.529145511,0.529145511,0.529145511,0.529145511,,,
03/01/2000,0.52745865,0.52745865,0.52745865,0.52745865,0.52745865,0.52745865,,,
04/01/2000,0.526484054,0.526484054,0.526484054,0.526484054,0.526484054,0.526484054,,,
05/01/2000,0.525866313,0.525866313,0.525866313,0.525866313,0.525866313,0.525866313,,,
06/01/2000,0.52554076,0.52554076,0.52554076,0.52554076,0.52554076,0.52554076,,,
07/01/2000,0.52557381,0.52557381,0.52557381,0.52557381,0.52557381,0.52557381,,,
08/01/2000,0.52428498,0.52428498,0.52428498,0.52428498,0.52428498,0.52428498,,,
09/01/2000,0.523831951,0.523831951,0.523831951,0.523831951,0.523831951,0.523831951,,,
10/01/2000,0.524409407,0.524409407,0.524409407,0.524409407,0.524409407,0.524409407,,,
11/01/2000,0.523932789,0.523932789,0.523932789,0.523932789,0.523932789,0.523932789,,,
12/01/2000,0.524128414,0.524128414,0.524128414,0.524128414,0.524128414,0.524128414,,,
01/01/2001,0.523230652,0.523230652,0.523230652,0.523230652,0.523230652,0.523230652,,,
02/01/2001,0.521710082,0.521710082,0.521710082,0.521710082,0.521710082,0.521710082,,,
03/01/2001,0.521436524,0.521436524,0.521436524,0.521436524,0.521436524,0.521436524,,,
04/01/2001,0.520339328,0.520339328,0.520339328,0.520339328,0.520339328,0.520339328,,,
05/01/2001,0.51923757,0.51923757,0.51923757,0.51923757,0.51923757,0.51923757,,,
06/01/2001,0.51743779,0.51743779,0.51743779,0.51743779,0.51743779,0.51743779,,,
07/01/2001,0.516422514,0.516422514,0.516422514,0.516422514,0.516422514,0.516422514,,,
08/01/2001,0.515677141,0.515677141,0.515677141,0.515677141,0.515677141,0.515677141,,,
09/01/2001,0.514356429,0.514356429,0.514356429,0.514356429,0.514356429,0.514356429,,,
10/01/2001,0.51354157,0.51354157,0.51354157,0.51354157,0.51354157,0.51354157,,,
11/01/2001,0.510828054,0.510828054,0.510828054,0.510828054,0.510828054,0.510828054,,,
12/01/2001,0.509650912,0.509650912,0.509650912,0.509650912,0.509650912,0.509650912,,,
01/01/2002,0.508832901,0.508832901,0.508832901,0.508832901,0.508832901,0.508832901,,,
02/01/2002,0.5070561,0.5070561,0.5070561,0.5070561,0.5070561,0.5070561,,,
03/01/2002,0.505612729,0.505612729,0.505612729,0.505612729,0.505612729,0.505612729,,,
04/01/2002,0.504370889,0.504370889,0.504370889,0.504370889,0.504370889,0.504370889,,,
05/01/2002,0.503021733,0.503021733,0.503021733,0.503021733,0.503021733,0.503021733,,,
06/01/2002,0.50173075,0.50173075,0.50173075,0.50173075,0.50173075,0.50173075,,,
07/01/2002,0.498552597,0.498552597,0.498552597,0.498552597,0.498552597,0.498552597,,,
08/01/2002,0.49687525,0.49687525,0.49687525,0.49687525,0.49687525,0.49687525,,,
09/01/2002,0.495668778,0.495668778,0.495668778,0.495668778,0.495668778,0.495668778,,,
10/01/2002,0.494393583,0.494393583,0.494393583,0.494393583,0.494393583,0.494393583,,,
11/01/2002,0.493811491,0.493811491,0.493811491,0.493811491,0.493811491,0.493811491,,,
12/01/2002,0.49219343,0.49219343,0.49219343,0.49219343,0.49219343,0.49219343,,,
01/01/2003,0.490411606,0.490411606,0.490411606,0.490411606,0.490411606,0.490411606,,,
02/01/2003,0.489037225,0.489037225,0.489037225,0.489037225,0.489037225,0.489037225,,,
03/01/2003,0.488414879,0.488414879,0.488414879,0.488414879,0.488414879,0.488414879,,,
04/01/2003,0.490062528,0.490062528,0.490062528,0.490062528,0.490062528,0.490062528,,,
05/01/2003,0.498588164,0.498588164,0.498588164,0.498588164,0.498588164,0.498588164,,,
06/01/2003,0.507066171,0.507066171,0.507066171,0.507066171,0.507066171,0.507066171,,,
07/01/2003,0.516698144,0.516698144,0.516698144,0.516698144,0.516698144,0.516698144,,,
08/01/2003,0.526138103,0.526138103,0.526138103,0.526138103,0.526138103,0.526138103,,,
09/01/2003,0.536478557,0.536478557,0.536478557,0.536478557,0.536478557,0.536478557,,,
10/01/2003,0.546758816,0.546758816,0.546758816,0.546758816,0.546758816,0.546758816,,,
11/01/2003,0.556806078,0.556806078,0.556806078,0.556806078,0.556806078,0.556806078,,,
12/01/2003,0.560919539,0.560919539,0.560919539,0.560919539,0.560919539,0.560919539,,,
01/01/2004,0.55955477,0.55955477,0.55955477,0.55955477,0.55955477,0.55955477,,,
02/01/2004,0.55689766,0.55689766,0.55689766,0.55689766,0.55689766,0.55689766,,,
03/01/2004,0.553649412,0.553649412,0.553649412,0.553649412,0.553649412,0.553649412,,,
04/01/2004,0.551545669,0.551545669,0.551545669,0.551545669,0.551545669,0.551545669,,,
05/01/2004,0.551674316,0.551674316,0.551674316,0.551674316,0.551674316,0.551674316,,,
06/01/2004,0.559384261,0.559384261,0.559384261,0.559384261,0.559384261,0.559384261,,,
07/01/2004,0.567498859,0.567498859,0.567498859,0.567498859,0.567498859,0.567498859,,,
08/01/2004,0.581129391,0.581129391,0.581129391,0.581129391,0.581129391,0.581129391,,,
09/01/2004,0.603929537,0.603929537,0.603929537,0.603929537,0.603929537,0.603929537,,,
10/01/2004,0.634989157,0.634989157,0.634989157,0.634989157,0.634989157,0.634989157,,,
11/01/2004,0.67020647,0.67020647,0.67020647,0.67020647,0.67020647,0.67020647,,,
12/01/2004,0.70627726,0.70627726,0.70627726,0.70627726,0.70627726,0.70627726,,,
01/01/2005,0.747015753,0.747015753,0.747015753,0.747015753,0.747015753,0.747015753,,,
02/01/2005,0.787272698,0.787272698,0.787272698,0.787272698,0.787272698,0.787272698,,,
03/01/2005,0.829268191,0.829268191,0.829268191,0.829268191,0.829268191,0.829268191,,,
04/01/2005,0.871276426,0.871276426,0.871276426,0.871276426,0.871276426,0.871276426,,,
05/01/2005,0.893039117,0.893039117,0.893039117,0.893039117,0.893039117,0.893039117,,,
06/01/2005,0.903686489,0.903686489,0.903686489,0.903686489,0.903686489,0.903686489,,,
07/01/2005,0.910036398,0.910036398,0.910036398,0.910036398,0.910036398,0.910036398,,,
08/01/2005,0.914019505,0.914019505,0.914019505,0.914019505,0.914019505,0.914019505,,,
09/01/2005,0.915568547,0.915568547,0.915568547,0.915568547,0.915568547,0.915568547,,,
10/01/2005,0.914807959,0.914807959,0.914807959,0.914807959,0.914807959,0.914807959,,,
11/01/2005,0.911805953,0.911805953,0.911805953,0.911805953,0.911805953,0.911805953,,,
12/01/2005,0.912457142,0.912457142,0.912457142,0.912457142,0.912457142,0.912457142,,,
01/01/2006,0.912055102,0.912055102,0.912055102,0.912055102,0.912055102,0.912055102,,,
02/01/2006,0.910982694,0.910982694,0.910982694,0.910982694,0.910982694,0.910982694,,,
03/01/2006,0.909056541,0.909056541,0.909056541,0.909056541,0.909056541,0.909056541,,,
04/01/2006,0.908669391,0.908669391,0.908669391,0.908669391,0.908669391,0.908669391,,,
05/01/2006,0.908489586,0.908489586,0.908489586,0.908489586,0.908489586,0.908489586,,,
06/01/2006,0.902876229,0.902876229,0.902876229,0.902876229,0.902876229,0.902876229,,,
07/01/2006,0.901639876,0.901639876,0.901639876,0.901639876,0.901639876,0.901639876,,,
08/01/2006,0.901700183,0.901700183,0.901700183,0.901700183,0.901700183,0.901700183,,,
09/01/2006,0.901409664,0.901409664,0.901409664,0.901409664,0.901409664,0.901409664,,,
10/01/2006,0.902015957,0.902015957,0.902015957,0.902015957,0.902015957,0.902015957,,,
11/01/2006,0.902378816,0.902378816,0.902378816,0.902378816,0.902378816,0.902378816,,,
12/01/2006,0.904060922,0.904060922,0.904060922,0.904060922,0.904060922,0.904060922,,,
01/01/2007,0.911069501,0.911069501,0.911069501,0.911069501,0.911069501,0.911069501,,,
02/01/2007,0.922382754,0.922382754,0.922382754,0.922382754,0.922382754,0.922382754,,,
03/01/2007,0.933867785,0.933867785,0.933867785,0.933867785,0.933867785,0.933867785,,,
04/01/2007,0.94537718,0.94537718,0.94537718,0.94537718,0.94537718,0.94537718,,,
05/01/2007,0.952713426,0.952713426,0.952713426,0.952713426,0.952713426,0.952713426,,,
06/01/2007,0.960035233,0.960035233,0.960035233,0.960035233,0.960035233,0.960035233,,,
07/01/2007,0.964892248,0.964892248,0.964892248,0.964892248,0.964892248,0.964892248,,,
08/01/2007,0.97021097,0.97021097,0.97021097,0.97021097,0.97021097,0.97021097,,,
09/01/2007,0.976470884,0.976470884,0.976470884,0.976470884,0.976470884,0.976470884,,,
10/01/2007,0.981576418,0.981576418,0.981576418,0.981576418,0.981576418,0.981576418,,,
11/01/2007,0.985816061,0.985816061,0.985816061,0.985816061,0.985816061,0.985816061,,,
12/01/2007,0.989686946,0.989686946,0.989686946,0.989686946,0.989686946,0.989686946,,,
01/01/2008,0.99425158,0.99425158,0.99425158,0.99425158,0.99425158,0.99425158,,,
02/01/2008,0.998370141,0.998370141,0.998370141,0.998370141,0.998370141,0.998370141,,,
03/01/2008,1.002445612,1.002445612,1.002445612,1.002445612,1.002445612,1.002445612,,,
04/01/2008,1.006694601,1.006694601,1.006694601,1.006694601,1.006694601,1.006694601,,,
05/01/2008,1.011247217,1.011247217,1.011247217,1.011247217,1.011247217,1.011247217,,,
06/01/2008,1.017005934,1.017005934,1.017005934,1.017005934,1.017005934,1.017005934,,,
07/01/2008,1.023912598,1.023912598,1.023912598,1.023912598,1.023912598,1.023912598,,,
08/01/2008,1.031255876,1.031255876,1.031255876,1.031255876,1.031255876,1.031255876,,,
09/01/2008,1.039693361,1.039693361,1.039693361,1.039693361,1.039693361,1.039693361,,,
10/01/2008,1.048190038,1.048190038,1.048190038,1.048190038,1.048190038,1.048190038,,,
11/01/2008,1.058985092,1.058985092,1.058985092,1.058985092,1.058985092,1.058985092,,,
12/01/2008,1.070409428,1.070409428,1.070409428,1.070409428,1.070409428,1.070409428,,,
01/01/2009,1.082872257,1.082872257,1.082872257,1.082872257,1.082872257,1.082872257,,,
02/01/2009,1.095171088,1.095171088,1.095171088,1.095171088,1.095171088,1.095171088,,,
03/01/2009,1.107934841,1.107934841,1.107934841,1.107934841,1.107934841,1.107934841,,,
04/01/2009,1.120736571,1.120736571,1.120736571,1.120736571,1.120736571,1.120736571,,,
05/01/2009,1.130609696,1.130609696,1.130609696,1.130609696,1.130609696,1.130609696,,,
06/01/2009,1.139517094,1.139517094,1.139517094,1.139517094,1.139517094,1.139517094,,,
07/01/2009,1.146346165,1.146346165,1.146346165,1.146346165,1.146346165,1.146346165,,,
08/01/2009,1.152243752,1.152243752,1.152243752,1.152243752,1.152243752,1.152243752,,,
09/01/2009,1.158432137,1.158432137,1.158432137,1.158432137,1.158432137,1.158432137,,,
10/01/2009,1.162709295,1.162709295,1.162709295,1.162709295,1.162709295,1.162709295,,,
11/01/2009,1.165515061,1.165515061,1.165515061,1.165515061,1.165515061,1.165515061,,,
12/01/2009,1.170573542,1.170573542,1.170573542,1.170573542,1.170573542,1.170573542,,,
01/01/2010,1.177971148,1.177971148,1.177971148,1.177971148,1.177971148,1.177971148,,,
02/01/2010,1.188313762,1.188313762,1.188313762,1.188313762,1.188313762,1.188313762,,,
03/01/2010,1.199126189,1.199126189,1.199126189,1.199126189,1.199126189,1.199126189,,,
04/01/2010,1.213055206,1.213055206,1.213055206,1.213055206,1.213055206,1.213055206,,,
05/01/2010,1.224773486,1.224773486,1.224773486,1.224773486,1.224773486,1.224773486,,,
06/01/2010,1.235776007,1.235776007,1.235776007,1.235776007,1.235776007,1.235776007,,,
07/01/2010,1.247894568,1.247894568,1.247894568,1.247894568,1.247894568,1.247894568,,,
08/01/2010,1.257450467,1.257450467,1.257450467,1.257450467,1.257450467,1.257450467,,,
09/01/2010,1.265973196,1.265973196,1.265973196,1.265973196,1.265973196,1.265973196,,,
10/01/2010,1.272875949,1.272875949,1.272875949,1.272875949,1.272875949,1.272875949,,,
11/01/2010,1.280027388,1.280027388,1.280027388,1.280027388,1.280027388,1.280027388,,,
12/01/2010,1.285983587,1.285983587,1.285983587,1.285983587,1.285983587,1.285983587,,,
01/01/2011,1.29174399,1.29174399,1.29174399,1.29174399,1.29174399,1.29174399,,,
02/01/2011,1.299190247,1.299190247,1.299190247,1.299190247,1.299190247,1.299190247,,,
03/01/2011,1.304450565,1.304450565,1.304450565,1.304450565,1.304450565,1.304450565,,,
04/01/2011,1.309412854,1.309412854,1.309412854,1.309412854,1.309412854,1.309412854,,,
05/01/2011,1.316023476,1.316023476,1.316023476,1.316023476,1.316023476,1.316023476,,,
06/01/2011,1.328565112,1.328565112,1.328565112,1.328565112,1.328565112,1.328565112,,,
07/01/2011,1.344312506,1.344312506,1.344312506,1.344312506,1.344312506,1.344312506,,,
08/01/2011,1.363195933,1.363195933,1.363195933,1.363195933,1.363195933,1.363195933,,,
09/01/2011,1.381926263,1.381926263,1.381926263,1.381926263,1.381926263,1.381926263,,,
10/01/2011,1.401808243,1.401808243,1.401808243,1.401808243,1.401808243,1.401808243,,,
11/01/2011,1.424552294,1.424552294,1.424552294,1.424552294,1.424552294,1.424552294,,,
12/01/2011,1.44600526,1.44600526,1.44600526,1.44600526,1.44600526,1.44600526,,,
01/01/2012,1.45515356,1.45515356,1.45515356,1.45515356,1.45515356,1.45515356,,,
02/01/2012,1.459104292,1.459104292,1.459104292,1.459104292,1.459104292,1.459104292,,,
03/01/2012,1.460563619,1.460563619,1.460563619,1.460563619,1.460563619,1.460563619,,,
04/01/2012,1.461382842,1.461382842,1.461382842,1.461382842,1.461382842,1.461382842,,,
05/01/2012,1.467763461,1.467763461,1.467763461,1.467763461,1.467763461,1.467763461,,,
06/01/2012,1.477223689,1.477223689,1.477223689,1.477223689,1.477223689,1.477223689,,,
07/01/2012,1.489748202,1.489748202,1.489748202,1.489748202,1.489748202,1.489748202,,,
08/01/2012,1.508198614,1.508198614,1.508198614,1.508198614,1.508198614,1.508198614,,,
09/01/2012,1.532713316,1.532713316,1.532713316,1.532713316,1.532713316,1.532713316,,,
10/01/2012,1.562840987,1.562840987,1.562840987,1.562840987,1.562840987,1.562840987,,,
11/01/2012,1.597309475,1.597309475,1.597309475,1.597309475,1.597309475,1.597309475,,,
12/01/2012,1.628820092,1.628820092,1.628820092,1.628820092,1.628820092,1.628820092,,,
01/01/2013,1.647194647,1.647194647,1.647194647,1.647194647,1.647194647,1.647194647,,,
02/01/2013,1.656384997,1.656384997,1.656384997,1.656384997,1.656384997,1.656384997,,,
03/01/2013,1.661263909,1.661263909,1.661263909,1.661263909,1.661263909,1.661263909,,,
04/01/2013,1.665385628,1.665385628,1.665385628,1.665385628,1.665385628,1.665385628,,,
05/01/2013,1.674333344,1.674333344,1.674333344,1.674333344,1.674333344,1.674333344,,,
06/01/2013,1.688441408,1.688441408,1.688441408,1.688441408,1.688441408,1.688441408,,,
07/01/2013,1.706811193,1.706811193,1.706811193,1.706811193,1.706811193,1.706811193,,,
08/01/2013,1.734202951,1.734202951,1.734202951,1.734202951,1.734202951,1.734202951,,,
09/01/2013,1.767573858,1.767573858,1.767573858,1.767573858,1.767573858,1.767573858,,,
10/01/2013,1.805244587,1.805244587,1.805244587,1.805244587,1.805244587,1.805244587,,,
11/01/2013,1.846903324,1.846903324,1.846903324,1.846903324,1.846903324,1.846903324,,,
12/01/2013,1.890830774,1.890830774,1.890830774,1.890830774,1.890830774,1.890830774,,,
01/01/2014,1.916973327,1.916973327,1.916973327,1.916973327,1.916973327,1.916973327,,,
02/01/2014,1.936286505,1.936286505,1.936286505,1.936286505,1.936286505,1.936286505,,,
03/01/2014,1.949471834,1.949471834,1.949471834,1.949471834,1.949471834,1.949471834,,,
04/01/2014,1.961641625,1.961641625,1.961641625,1.961641625,1.961641625,1.961641625,,,
05/01/2014,1.976695113,1.976695113,1.976695113,1.976695113,1.976695113,1.976695113,,,
06/01/2014,1.994371055,1.994371055,1.994371055,1.994371055,1.994371055,1.994371055,,,
07/01/2014,2.011893624,2.011893624,2.011893624,2.011893624,2.011893624,2.011893624,,,
08/01/2014,2.031302035,2.031302035,2.031302035,2.031302035,2.031302035,2.031302035,,,
09/01/2014,2.053007914,2.053007914,2.053007914,2.053007914,2.053007914,2.053007914,,,
10/01/2014,2.076602903,2.076602903,2.076602903,2.076602903,2.076602903,2.076602903,,,
11/01/2014,2.102223892,2.102223892,2.102223892,2.102223892,2.102223892,2.102223892,,,
12/01/2014,2.127244646,2.127244646,2.127244646,2.127244646,2.127244646,2.127244646,,,
01/01/2015,2.152064219,2.152064219,2.152064219,2.152064219,2.152064219,2.152064219,,,
02/01/2015,2.179849239,2.179849239,2.179849239,2.179849239,2.179849239,2.179849239,,,
03/01/2015,2.206003625,2.206003625,2.206003625,2.206003625,2.206003625,2.206003625,,,
04/01/2015,2.234001498,2.234001498,2.234001498,2.234001498,2.234001498,2.234001498,,,
05/01/2015,2.262927811,2.262927811,2.262927811,2.262927811,2.262927811,2.262927811,,,
06/01/2015,2.2933346,2.2933346,2.2933346,2.2933346,2.2933346,2.2933346,,,
07/01/2015,2.323501575,2.323501575,2.323501575,2.323501575,2.323501575,2.323501575,,,
08/01/2015,2.353543513,2.353543513,2.353543513,2.353543513,2.353543513,2.353543513,,,
09/01/2015,2.38489664,2.38489664,2.38489664,2.38489664,2.38489664,2.38489664,,,
10/01/2015,2.413238617,2.413238617,2.413238617,2.413238617,2.413238617,2.413238617,,,
11/01/2015,2.444409612,2.444409612,2.444409612,2.444409612,2.444409612,2.444409612,,,
12/01/2015,2.475774453,2.475774453,2.475774453,2.475774453,2.475774453,2.475774453,,,
01/01/2016,2.50484449,2.50484449,2.50484449,2.50484449,2.50484449,2.50484449,,,
02/01/2016,2.532448052,2.532448052,2.532448052,2.532448052,2.532448052,2.532448052,,,
03/01/2016,2.558988381,2.558988381,2.558988381,2.558988381,2.558988381,2.558988381,,,
04/01/2016,2.585056732,2.585056732,2.585056732,2.585056732,2.585056732,2.585056732,,,
05/01/2016,2.611849759,2.611849759,2.611849759,2.611849759,2.611849759,2.611849759,,,
06/01/2016,2.637823859,2.637823859,2.637823859,2.637823859,2.637823859,2.637823859,,,
07/01/2016,2.660651912,2.660651912,2.660651912,2.660651912,2.660651912,2.660651912,,,
08/01/2016,2.683133382,2.683133382,2.683133382,2.683133382,2.683133382,2.683133382,,,
09/01/2016,2.70726164,2.70726164,2.70726164,2.70726164,2.70726164,2.70726164,,,
10/01/2016,2.730934448,2.730934448,2.730934448,2.730934448,2.730934448,2.730934448,,,
11/01/2016,2.753368357,2.753368357,2.753368357,2.753368357,2.753368357,2.753368357,,,
12/01/2016,2.775618081,2.775618081,2.775618081,2.775618081,2.775618081,2.775618081,,,
01/01/2017,2.799046865,2.799046865,2.799046865,2.799046865,2.799046865,2.799046865,,,
02/01/2017,2.821454676,2.821454676,2.821454676,2.821454676,2.821454676,2.821454676,,,
03/01/2017,2.84229135,2.84229135,2.84229135,2.84229135,2.84229135,2.84229135,,,
04/01/2017,2.866138194,2.866138194,2.866138194,2.866138194,2.866138194,2.866138194,,,
05/01/2017,2.880941075,2.880941075,2.880941075,2.880941075,2.880941075,2.880941075,,,
06/01/2017,2.872532574,2.872532574,2.872532574,2.872532574,2.872532574,2.872532574,,,
07/01/2017,2.851554097,2.851554097,2.851554097,2.851554097,2.851554097,2.851554097,,,
08/01/2017,2.826360467,2.826360467,2.826360467,2.826360467,2.826360467,2.826360467,,,
09/01/2017,2.797661896,2.797661896,2.797661896,2.797661896,2.797661896,2.797661896,,,
10/01/2017,2.766586641,2.766586641,2.766586641,2.766586641,2.766586641,2.766586641,,,
11/01/2017,2.73373611,2.73373611,2.73373611,2.73373611,2.73373611,2.73373611,,,
12/01/2017,2.707314574,2.707314574,2.707314574,2.707314574,2.707314574,2.707314574,,,
01/01/2018,2.708499536,2.708499536,2.708499536,2.708499536,2.708499536,2.708499536,,,
02/01/2018,2.714788941,2.714788941,2.714788941,2.714788941,2.714788941,2.714788941,,,
03/01/2018,2.723064051,2.723064051,2.723064051,2.723064051,2.723064051,2.723064051,,,
04/01/2018,2.731778551,2.731778551,2.731778551,2.731778551,2.731778551,2.731778551,,,
05/01/2018,2.740544156,2.740544156,2.740544156,2.740544156,2.740544156,2.740544156,,,
06/01/2018,2.750043613,2.750043613,2.750043613,2.750043613,2.750043613,2.750043613,,,
07/01/2018,2.760656216,2.760656216,2.760656216,2.760656216,2.760656216,2.760656216,,,
08/01/2018,2.770757991,2.770757991,2.770757991,2.770757991,2.770757991,2.770757991,,,
09/01/2018,2.781511454,2.781511454,2.781511454,2.781511454,2.781511454,2.781511454,,,
10/01/2018,2.792692823,2.792692823,2.792692823,2.792692823,2.792692823,2.792692823,,,
11/01/2018,2.803501242,2.803501242,2.803501242,2.803501242,2.803501242,2.803501242,,,
12/01/2018,2.814867104,2.814867104,2.814867104,2.814867104,2.814867104,2.814867104,,,
01/01/2019,2.825776185,2.825776185,2.825776185,2.825776185,2.825776185,2.825776185,,,
02/01/2019,2.837741086,2.837741086,2.837741086,2.837741086,2.837741086,2.837741086,,,
03/01/2019,2.848820895,2.848820895,2.848820895,2.848820895,2.848820895,2.848820895,,,
04/01/2019,2.861128435,2.861128435,2.861128435,2.861128435,2.861128435,2.861128435,,,
05/01/2019,2.873761808,2.873761808,2.873761808,2.873761808,2.873761808,2.873761808,,,
06/01/2019,2.88784885,2.88784885,2.88784885,2.88784885,2.88784885,2.88784885,,,
07/01/2019,2.902435529,2.902435529,2.902435529,2.902435529,2.902435529,2.902435529,,,
08/01/2019,2.918845101,2.918845101,2.918845101,2.918845101,2.918845101,2.918845101,,,
09/01/2019,2.938633325,2.938633325,2.938633325,2.938633325,2.938633325,2.938633325,,,
10/01/2019,2.963627438,2.963627438,2.963627438,2.963627438,2.963627438,2.963627438,,,
11/01/2019,3.005571309,3.005571309,3.005571309,3.005571309,3.005571309,3.005571309,,,
12/01/2019,3.054297227,3.054297227,3.054297227,3.054297227,3.054297227,3.054297227,,,
01/01/2020,3.088760395,3.088760395,3.088760395,3.088760395,3.088760395,3.088760395,,,
02/01/2020,3.110086713,3.110086713,3.110086713,3.110086713,3.110086713,3.110086713,,,
03/01/2020,3.127119194,3.127119194,3.127119194,3.127119194,3.127119194,3.127119194,,,
04/01/2020,3.141502881,3.141502881,3.141502881,3.141502881,3.141502881,3.141502881,,,
05/01/2020,3.154457682,3.154457682,3.154457682,3.154457682,3.154457682,3.154457682,,,
06/01/2020,3.155494407,3.155494407,3.155494407,3.155494407,3.155494407,3.155494407,,,
07/01/2020,3.172675451,3.172675451,3.172675451,3.172675451,3.172675451,3.172675451,,,
08/01/2020,3.194747424,3.194747424,3.194747424,3.194747424,3.194747424,3.194747424,,,
09/01/2020,3.21993853,3.21993853,3.21993853,3.21993853,3.21993853,3.21993853,,,
10/01/2020,3.24822554,3.24822554,3.24822554,3.24822554,3.24822554,3.24822554,,,
11/01/2020,3.279075417,3.279075417,3.279075417,3.279075417,3.279075417,3.279075417,,,
12/01/2020,3.311197946,3.311197946,3.311197946,3.311197946,3.311197946,3.311197946,,,
01/01/2021,3.336483822,3.336483822,3.336483822,3.336483822,3.336483822,3.336483822,,,
02/01/2021,3.355393531,3.355393531,3.355393531,3.355393531,3.355393531,3.355393531,,,
03/01/2021,3.368987582,3.368987582,3.368987582,3.368987582,3.368987582,3.368987582,,,
04/01/2021,3.381557872,3.381557872,3.381557872,3.381557872,3.381557872,3.381557872,,,
05/01/2021,3.394100457,3.394100457,3.394100457,3.394100457,3.394100457,3.394100457,,,
06/01/2021,3.412784867,3.412784867,3.412784867,3.412784867,3.412784867,3.412784867,,,
07/01/2021,3.437020119,3.437020119,3.437020119,3.437020119,3.437020119,3.437020119,,,
08/01/2021,3.472118091,3.472118091,3.472118091,3.472118091,3.472118091,3.472118091,,,
09/01/2021,3.511504039,3.511504039,3.511504039,3.511504039,3.511504039,3.511504039,,,
10/01/2021,3.552494766,3.552494766,3.552494766,3.552494766,3.552494766,3.552494766,,,
11/01/2021,3.597791881,3.597791881,3.597791881,3.597791881,3.597791881,3.597791881,,,
12/01/2021,3.640628566,3.640628566,3.640628566,3.640628566,3.640628566,3.640628566,,,
01/01/2022,3.669486968,3.669486968,3.669486968,3.669486968,3.669486968,3.669486968,,,
02/01/2022,3.691597782,3.691597782,3.691597782,3.691597782,3.691597782,3.691597782,,,
03/01/2022,3.70852103,3.70852103,3.70852103,3.70852103,3.70852103,3.70852103,,,
04/01/2022,3.724959407,3.724959407,3.724959407,3.724959407,3.724959407,3.724959407,,,
05/01/2022,3.741529019,3.741529019,3.741529019,3.741529019,3.741529019,3.741529019,,,
06/01/2022,3.764044625,3.764044625,3.764044625,3.764044625,3.764044625,3.764044625,,,
07/01/2022,3.789664328,3.789664328,3.789664328,3.789664328,3.789664328,3.789664328,,,
08/01/2022,3.824215491,3.824215491,3.824215491,3.824215491,3.824215491,3.824215491,,,
09/01/2022,3.861612777,3.861612777,3.861612777,3.861612777,3.861612777,3.861612777,,,
10/01/2022,3.902265406,3.902265406,3.902265406,3.902265406,3.902265406,3.902265406,,,
11/01/2022,3.947934798,3.947934798,3.947934798,3.947934798,3.947934798,3.947934798,,,
12/01/2022,3.992631537,3.992631537,3.992631537,3.992631537,3.992631537,3.992631537,,,
01/01/2023,4.029418128,4.029418128,4.029418128,4.029418128,4.029418128,4.029418128,,,
02/01/2023,4.054693921,4.054693921,4.054693921,4.054693921,4.054693921,4.054693921,,,
03/01/2023,4.073724755,4.073724755,4.073724755,4.073724755,4.073724755,4.073724755,,,
04/01/2023,4.092265219,4.092265219,4.092265219,4.092265219,4.092265219,4.092265219,,,
05/01/2023,4.109017227,4.109017227,4.109017227,4.109017227,4.109017227,4.109017227,,,
06/01/2023,4.12487232,4.12487232,4.12487232,4.12487232,4.12487232,4.12487232,,,
07/01/2023,4.138203553,4.138203553,4.138203553,4.138203553,4.138203553,4.138203553,,,
08/01/2023,4.151047481,4.151047481,4.151047481,4.151047481,4.151047481,4.151047481,,,
09/01/2023,4.163291219,4.163291219,4.163291219,4.163291219,4.163291219,4.163291219,,,
10/01/2023,4.17264362,4.17264362,4.17264362,4.17264362,4.17264362,4.17264362,,,
11/01/2023,4.182456142,4.182456142,4.182456142,4.182456142,4.182456142,4.182456142,,,
12/01/2023,4.191375549,4.191375549,4.191375549,4.191375549,4.191375549,4.191375549,,,
01/01/2024,4.20030445,4.20030445,4.20030445,4.20030445,4.20030445,4.20030445,,,
02/01/2024,4.209162085,4.209162085,4.209162085,4.209688871,4.14859929,4.220197147,,,
03/01/2024,4.21761299,4.21761299,4.21761299,4.218257138,4.151477189,4.233652316,,,
04/01/2024,4.221815699,4.221815699,4.221815699,4.227261291,4.15474765,4.245592351,,,
05/01/2024,4.224997663,4.224997663,4.224997663,4.235900485,4.157763736,4.257714883,,,
06/01/2024,4.227588638,4.227588638,4.227588638,4.244928954,4.1607751,4.270234028,,,
07/01/2024,4.229581615,4.229581615,4.229581615,4.253600033,4.163634507,4.282633363,,,
08/01/2024,4.231148585,4.231148585,4.231148585,4.262486925,4.166548531,4.295705176,,,
09/01/2024,4.232249581,4.232249581,4.232249581,4.271301559,4.169438502,4.309077571,,,
10/01/2024,4.232905722,4.232905722,4.232905722,4.27977669,4.17221924,4.322412022,,,
11/01/2024,4.233172883,4.233172883,4.233172883,4.288485921,4.175079106,4.336528907,,,
12/01/2024,4.233057041,4.233057041,4.233057041,4.296866774,4.17783529,4.35055196,,,
01/01/2025,4.232546305,4.232546305,4.232546305,4.305473781,4.180671785,4.365364921,,,
02/01/2025,4.23167613,4.23167613,4.23167613,4.314025888,4.183496775,4.380598216,,,
03/01/2025,4.23061713,4.23061713,4.23061713,4.321705139,4.186039163,4.393937879,,,
04/01/2025,4.229125468,4.229125468,4.229125468,4.330161453,4.188842689,4.407892839,,,
05/01/2025,4.229708126,4.227392192,4.227392192,4.338297974,4.191545225,4.421097687,,,
06/01/2025,4.232326775,4.225302244,4.225302244,4.346653389,4.194326772,4.434463687,,,
07/01/2025,4.234991376,4.223004966,4.223004966,4.354688822,4.197007932,4.447161906,,,
08/01/2025,4.237789524,4.220354946,4.220354946,4.362937824,4.199767249,4.460051233,,,
09/01/2025,4.240600174,4.217457504,4.217457504,4.371132796,4.202515376,4.472724739,,,
10/01/2025,4.243320044,4.214436563,4.214436563,4.37901283,4.205164542,4.484799112,,,
11/01/2025,4.246125212,4.211096642,4.211096642,4.387101911,4.207890975,4.497083972,,,
12/01/2025,4.248832595,4.211911377,4.207675597,4.39488005,4.210519041,4.508801205,,,
01/01/2026,4.25162155,4.213135005,4.203954771,4.402864752,4.213223821,4.520734673,,,
02/01/2026,4.254401157,4.214482988,4.200056769,4.410797135,4.215918358,4.532501161,,,
03/01/2026,4.25690434,4.215752737,4.196396585,4.417920081,4.218345774,4.542998251,,,
04/01/2026,4.259665751,4.217192016,4.192177781,4.425754839,4.221025953,4.554465219,,,
05/01/2026,4.26232875,4.218602671,4.187942777,4.433289359,4.223613014,4.565422554,,,
06/01/2026,4.265070874,4.220071526,4.183408426,4.441025336,4.226279397,4.576601654,,,
07/01/2026,4.26771525,4.221498768,4.178876934,4.44846557,4.228852928,4.587290059,,,
08/01/2026,4.270437809,4.222976618,4.174045174,4.456105064,4.231504696,4.598200416,,,
09/01/2026,4.273152281,4.224455575,4.169070055,4.463696561,4.234148855,4.608983639,,,
10/01/2026,4.275774257,4.22588644,4.168429744,4.470998636,4.236700337,4.619312133,,,
11/01/2026,4.278478733,4.227363733,4.168248096,4.478497321,4.23932901,4.629876975,,,
12/01/2026,4.281091122,4.228791597,4.168227846,4.485710936,4.241865506,4.639999879,,,
01/01/2027,4.283785032,4.23026463,4.168297025,4.493119532,4.244478559,4.650353028,,,
02/01/2027,4.286473023,4.231735514,4.168420077,4.500483283,4.247083591,4.660600422,,,
03/01/2027,4.288895836,4.233061957,4.168560166,4.507098291,4.249429938,4.669771067,,,
04/01/2027,4.291572011,4.234527941,4.168739005,4.514378641,4.252019779,4.679822595,,,
05/01/2027,4.294155441,4.23594368,4.168927004,4.521383581,4.254518181,4.689455618,,,
06/01/2027,4.296818145,4.237403502,4.16913241,4.528579459,4.257091726,4.699311942,,,
07/01/2027,4.299388378,4.238813263,4.169338471,4.535503808,4.259574508,4.708760313,,,
08/01/2027,4.302037258,4.240267445,4.169556912,4.542617543,4.262132606,4.718429995,,,
09/01/2027,4.304679178,4.241718899,4.169779366,4.549690612,4.264684009,4.728008679,,,
10/01/2027,4.307229003,4.243120658,4.169997018,4.556497625,4.267146278,4.737194511,,,
11/01/2027,4.309856377,4.244565983,4.170223556,4.563491505,4.269683082,4.746599212,,,
12/01/2027,4.312392309,4.245962015,4.170444095,4.570223109,4.272131245,4.755620844,,,
01/01/2028,4.315005391,4.247401475,4.170672726,4.577140262,4.274653416,4.7648601,,,
02/01/2028,4.317611312,4.248838032,4.170902032,4.584019371,4.277168202,4.774018591,,,
03/01/2028,4.32004219,4.250178691,4.17111628,4.590421073,4.279513628,4.782516131,,,
04/01/2028,4.322633345,4.251608655,4.171345405,4.597226895,4.282013122,4.791522149,,,
05/01/2028,4.325134233,4.252989738,4.17156736,4.60377889,4.284425057,4.800167012,,,
06/01/2028,4.327710824,4.254413359,4.171796311,4.610512603,4.286909453,4.809025717,,,
07/01/2028,4.330197349,4.255787982,4.172017674,4.616995375,4.289306487,4.817530792,,,
08/01/2028,4.33275942,4.257205203,4.172246236,4.62365878,4.291775778,4.826248626,,,
09/01/2028,4.33531388,4.258618896,4.172474292,4.630286866,4.294237232,4.834897027,,,
10/01/2028,4.337779285,4.259984405,4.17269498,4.636668978,4.296612397,4.843203362,,,
11/01/2028,4.340319454,4.261393213,4.172922652,4.643229595,4.299059037,4.851720315,,,
12/01/2028,4.342770556,4.262755104,4.173142422,4.649546671,4.301419414,4.859901523,,,
01/01/2029,4.345296033,4.264161036,4.17336919,4.656040918,4.303850878,4.868291908,,,
02/01/2029,4.347814282,4.265565649,4.17359571,4.662502276,4.306274851,4.876620218,,,
03/01/2029,4.35008277,4.266833015,4.17379992,4.668311622,4.308458024,4.884092728,,,
04/01/2029,4.352586582,4.268234122,4.174025202,4.674710633,4.310867188,4.892305525,,,
05/01/2029,4.355003364,4.269588974,4.174243456,4.680873931,4.31319216,4.900199157,,,
06/01/2029,4.357493225,4.270986911,4.174468386,4.687214436,4.315586987,4.908298349,,,
07/01/2029,4.359896017,4.272337952,4.174685745,4.693326621,4.317897635,4.91608361,,,
08/01/2029,4.362371577,4.273731868,4.174909868,4.699615517,4.320277743,4.924072978,,,
09/01/2029,4.364839885,4.27512359,4.175133561,4.705876654,4.322650429,4.932008097,,,
10/01/2029,4.367221647,4.27646814,4.17534948,4.711909279,4.324939498,4.939637134,,,
11/01/2029,4.369675593,4.277855175,4.17557217,4.718114643,4.327297491,4.947468103,,,
12/01/2029,4.372043729,4.279195302,4.175787361,4.724093356,4.329572589,4.954998399,,,
01/01/2030,4.374483679,4.280577688,4.17600934,4.730243124,4.331916382,4.962729322,,,
02/01/2030,4.37691635,4.281957428,4.176230746,4.736364573,4.334252646,4.970410512,,,
03/01/2030,4.379107981,4.283201756,4.176430572,4.74187096,4.336357031,4.977308775,,,
04/01/2030,4.38152714,4.284576616,4.176651175,4.747939255,4.338679397,4.984897906,,,
05/01/2030,4.383861761,4.285904788,4.176864389,4.753786017,4.340920207,4.992198208,,,
06/01/2030,4.38626724,4.287274652,4.177084367,4.759800341,4.34322878,4.999695663,,,
07/01/2030,4.388588565,4.28859782,4.177296865,4.765595201,4.345456178,5.006908612,,,
08/01/2030,4.390980289,4.289962385,4.177516035,4.77155627,4.347750743,5.014317224,,,
09/01/2030,4.393364881,4.291324029,4.177734605,4.777490389,4.350038096,5.02168149,,,
10/01/2030,4.395666092,4.292639196,4.177945771,4.783208249,4.352245005,5.028767546,,,
11/01/2030,4.398037044,4.293995353,4.178163498,4.789090299,4.354518344,5.03604688,,,
12/01/2030,4.400325118,4.295305182,4.178373866,4.794758198,4.356711863,5.043051988,,,
01/01/2031,4.40268266,4.296655901,4.178590888,4.800589212,4.358971608,5.050249187,,,
02/01/2031,4.405033499,4.298003901,4.178807623,4.80639474,4.361224557,5.05740609,,,
03/01/2031,4.407151329,4.299219155,4.179003088,4.811617754,4.363253837,5.063838369,,,
04/01/2031,4.409489403,4.300561854,4.179219197,4.817375342,4.365493881,5.070921631,,,
05/01/2031,4.41174602,4.301858412,4.17942782,4.82292371,4.36765516,5.077740514,,,
06/01/2031,4.414071792,4.303195091,4.179642779,4.828632028,4.36988148,5.084748228,,,
07/01/2031,4.416317055,4.304486015,4.17985051,4.834133273,4.372029733,5.091494499,,,
08/01/2031,4.418631405,4.305817217,4.180064924,4.839793728,4.374243019,5.098428436,,,
09/01/2031,4.42093992,4.307145565,4.180279004,4.845430169,4.376449696,5.105325623,,,
10/01/2031,4.42316837,4.308428243,4.18048572,4.850862321,4.378578808,5.111965996,,,
11/01/2031,4.425465205,4.309750737,4.180698919,4.856451827,4.380772268,5.11879169,,,
12/01/2031,4.42768252,4.311027902,4.180904955,4.861839103,4.382888865,5.12536401,,,
01/01/2032,4.429967667,4.312344494,4.181117253,4.867382417,4.385069213,5.132120043,,,
02/01/2032,4.432247266,4.313658467,4.181329493,4.872902971,4.387243539,5.138841816,,,
03/01/2032,4.434374622,4.314885043,4.181527651,4.87804729,4.389272042,5.145100016,,,
04/01/2032,4.43664333,4.316193158,4.18173898,4.883523572,4.391434054,5.151755901,,,
05/01/2032,4.43883419,4.317456418,4.181943236,4.888802218,4.39352073,5.15816597,,,
06/01/2032,4.441093115,4.318759009,4.182154093,4.894234706,4.395671003,5.164757079,,,
07/01/2032,4.443274165,4.320016612,4.182357578,4.899471005,4.397745944,5.171104788,,,
08/01/2032,4.445523071,4.321313479,4.182567767,4.904860226,4.399884231,5.177632418,,,
09/01/2032,4.447766427,4.322606986,4.182777155,4.910227232,4.402015972,5.184127757,,,
10/01/2032,4.449932863,4.323856285,4.18297972,4.915401127,4.404073358,5.190384293,,,
11/01/2032,4.452166439,4.325144369,4.183188757,4.920726172,4.406193357,5.196818607,,,
12/01/2032,4.454323021,4.326388043,4.183390595,4.925859437,4.408239126,5.203016524,,,
01/01/2033,4.456546169,4.327670084,4.183598642,4.931142534,4.410346818,5.209390411,,,
02/01/2033,4.458764543,4.328949133,4.183806265,4.936404585,4.412448549,5.215734098,,,
03/01/2033,4.460765483,4.330102231,4.183993729,4.941140669,4.414342754,5.221439922,,,
04/01/2033,4.462976953,4.331375899,4.184200871,4.946363535,4.416434427,5.227727701,,,
05/01/2033,4.465114502,4.332605666,4.184400918,4.95139868,4.418453478,5.233785318,,,
06/01/2033,4.467320664,4.333873449,4.184607225,4.956581292,4.420534401,5.240016057,,,
07/01/2033,4.469453154,4.335097713,4.184806657,4.961577962,4.422543202,5.246019275,,,
08/01/2033,4.471653848,4.336359978,4.185012495,4.966721329,4.424613675,5.252194676,,,
09/01/2033,4.473851324,4.337619286,4.185217931,4.971844834,4.426678703,5.258342216,,,
10/01/2033,4.475974541,4.338834996,4.185416154,4.976784339,4.428671858,5.264265324,,,
11/01/2033,4.478165208,4.340088485,4.185620797,4.981869093,4.430726206,5.27035871,,,
12/01/2033,4.480281758,4.341298745,4.185818431,4.986771545,4.43270914,5.276230072,,,
01/01/2034,4.482465147,4.342546454,4.186022306,4.991818107,4.434752758,5.282270285,,,
02/01/2034,4.484644915,4.343791465,4.186226033,4.996845755,4.436791261,5.28828435,,,
03/01/2034,4.486610509,4.344913573,4.186409696,5.001371309,4.438628036,5.293694903,,,
04/01/2034,4.48878286,4.346153143,4.186612812,5.006363031,4.440656382,5.299659371,,,
05/01/2034,4.49088129,4.347349954,4.18680897,5.011176144,4.442614269,5.305407337,,,
06/01/2034,4.493045465,4.348583667,4.187011198,5.016130967,4.444631936,5.311321168,,,
07/01/2034,4.495136072,4.349775018,4.187206703,5.020908783,4.446580031,5.317020641,,,
08/01/2034,4.497292069,4.351003101,4.187408261,5.025827386,4.448588232,5.322884877,,,
09/01/2034,4.499444104,4.3522286,4.187609754,5.030728084,4.450591958,5.328724687,,,
10/01/2034,4.501522636,4.353411802,4.187804329,5.035453698,4.452526548,5.334353049,,,
11/01/2034,4.503666201,4.354631641,4.188005091,5.040318947,4.454520906,5.340144705,,,
12/01/2034,4.505736554,4.355809458,4.188199042,5.045010557,4.456446484,5.345726919,,,
01/01/2035,4.50787167,4.357023805,4.188399224,5.049840988,4.458431613,5.351471476,,,
02/01/2035,4.510002374,4.358235287,4.188599026,5.054653834,4.460411979,5.35719234,,,
03/01/2035,4.511923371,4.359327303,4.188779295,5.05898678,4.462196904,5.362340523,,,
04/01/2035,4.514045537,4.360533266,4.188978291,5.063766366,4.464168262,5.368016642,,,
05/01/2035,4.516095109,4.361697715,4.189170572,5.068375616,4.466072824,5.373487911,,,
06/01/2035,4.51820881,4.362898438,4.189369195,5.073121672,4.468037546,5.379118965,,,
07/01/2035,4.520250227,4.364057887,4.189561175,5.077698829,4.469935571,5.384547248,,,
08/01/2035,4.522355191,4.365253168,4.18975919,5.082411681,4.4718938,5.390133938,,,
09/01/2035,4.524455301,4.366445293,4.189956488,5.087107338,4.473849125,5.395697765,,,
10/01/2035,4.526483848,4.36759676,4.19014752,5.09163631,4.47573913,5.401061728,,,
11/01/2035,4.528575255,4.368783585,4.190344323,5.096299415,4.47768902,5.406582199,,,
12/01/2035,4.530594982,4.369929547,4.190534479,5.100796657,4.47957314,5.411904054,,,
01/01/2036,4.532677828,4.371111271,4.19073097,5.105427796,4.48151716,5.417382015,,,
02/01/2036,4.534755936,4.372290025,4.190926905,5.110042474,4.483457708,5.422838293,,,
03/01/2036,4.536696152,4.373390472,4.191110057,5.114345453,4.485270196,5.427924029,,,
04/01/2036,4.538765492,4.374563919,4.191305351,5.118928984,4.487204097,5.433339208,,,
05/01/2036,4.540763993,4.375697117,4.191494204,5.123349902,4.489072421,5.438560221,,,
06/01/2036,4.542824631,4.376865418,4.191689077,5.127902428,4.490999447,5.44393455,,,
07/01/2036,4.544814706,4.377993641,4.191877514,5.132293567,4.492861019,5.449116437,,,
08/01/2036,4.546866445,4.379156618,4.192071757,5.136815321,4.494780773,5.454450415,,,
09/01/2036,4.548913895,4.380317137,4.192265922,5.141321825,4.496696916,5.4597643,,,
10/01/2036,4.550890769,4.381437405,4.192453221,5.145668201,4.498547444,5.464887559,,,
11/01/2036,4.552929298,4.382592615,4.192646736,5.150144437,4.500456098,5.470161945,,,
12/01/2036,4.554897908,4.383708129,4.192833782,5.154462122,4.502299552,5.475247638,,,
01/01/2037,4.556927467,4.384857997,4.193026582,5.158908431,4.50420039,5.48048292,,,
02/01/2037,4.558952614,4.386005308,4.19321917,5.163339807,4.506097393,5.485698727,,,
03/01/2037,4.560778222,4.387039546,4.193392987,5.167330288,4.50780773,5.490394129,,,
04/01/2037,4.562794533,4.388181549,4.193584704,5.171732999,4.509696883,5.495572634,,,
05/01/2037,4.564741684,4.389284348,4.19377005,5.175979886,4.511521466,5.500566132,,,
06/01/2037,4.566749332,4.390421369,4.19396136,5.180353697,4.513402915,5.505707037,,,
07/01/2037,4.568688206,4.391519452,4.194146412,5.184572945,4.515220084,5.510664628,,,
08/01/2037,4.570687338,4.392651634,4.194337439,5.18891848,4.517093919,5.51576894,,,
09/01/2037,4.572681923,4.393781082,4.194528026,5.193249482,4.518963596,5.52085451,,,
10/01/2037,4.574608177,4.394871747,4.194712267,5.197427448,4.520769225,5.525758776,,,
11/01/2037,4.576594293,4.395996197,4.194902365,5.201730467,4.522631,5.530808178,,,
12/01/2037,4.578512093,4.397081804,4.195085891,5.205881231,4.524428733,5.535677332,,,
01/01/2038,4.580489947,4.398201767,4.195275758,5.210156848,4.526282828,5.540691372,,,
02/01/2038,4.582463342,4.399319771,4.195465169,5.214418379,4.528132713,5.545687352,,,
03/01/2038,4.584242495,4.400328261,4.195636229,5.21825645,4.529800512,5.550185696,,,
04/01/2038,4.586208132,4.401443053,4.195825461,5.222492192,4.531643086,5.555148659,,,
05/01/2038,4.588106168,4.402520122,4.196008125,5.226578316,4.533422185,5.559934834,,,
06/01/2038,4.590063273,4.403631981,4.196196687,5.230787138,4.535256567,5.564863146,,,
07/01/2038,4.591953054,4.404706559,4.196378723,5.23484732,4.537027815,5.569615994,,,
08/01/2038,4.593901679,4.405815728,4.196566701,5.23902952,4.538854151,5.574510132,,,
09/01/2038,4.595845899,4.406923341,4.196754287,5.243198198,4.540676317,5.579386964,,,
10/01/2038,4.597723257,4.407993682,4.196935436,5.247219754,4.542435786,5.584090298,,,
11/01/2038,4.599658787,4.40909801,4.197122235,5.251361917,4.544249718,5.588933184,,,
12/01/2038,4.60152824,4.410165566,4.197303145,5.255358507,4.54600174,5.593604595,,,
01/01/2039,4.603455714,4.411267008,4.197489795,5.259475232,4.547808086,5.598415056,,,
02/01/2039,4.605378723,4.412366532,4.197675976,5.263578727,4.54961022,5.6032087,,,
03/01/2039,4.60711236,4.413358423,4.197844133,5.267274769,4.551234871,5.607525276,,,
04/01/2039,4.609027151,4.414454458,4.198029691,5.271353545,4.553029156,5.612287389,,,
05/01/2039,4.610876411,4.415513654,4.198209242,5.275288937,4.554761957,5.61688077,,,
06/01/2039,4.612783014,4.416606255,4.198394458,5.279342676,4.556548408,5.621610923,,,
07/01/2039,4.614624134,4.417661853,4.198573443,5.283253736,4.558273471,5.626173376,,,
08/01/2039,4.616522637,4.418750989,4.198758379,5.28728282,4.560052245,5.630872233,,,
09/01/2039,4.618416699,4.419837992,4.19894282,5.291299123,4.561826762,5.635554875,,,
10/01/2039,4.620245797,4.420888207,4.199121149,5.295174262,4.563540408,5.640071795,,,
11/01/2039,4.622131657,4.421971482,4.199305152,5.299166149,4.565307116,5.64472349,,,
12/01/2039,4.623952737,4.423017966,4.199482955,5.30301767,4.567013059,5.649210434,,,
01/01/2040,4.625830286,4.424097321,4.199666377,5.30698522,4.568771816,5.653831284,,,
02/01/2040,4.62770375,4.425174792,4.199849634,5.310940643,4.570526716,5.658436837,,,
03/01/2040,4.629452911,4.426181226,4.200021057,5.31463048,4.572165029,5.662732015,,,
04/01/2040,4.631318489,4.427255014,4.200203978,5.318562678,4.573912349,5.667308204,,,
05/01/2040,4.633120035,4.428292316,4.200380784,5.322356832,4.575599615,5.671722646,,,
06/01/2040,4.634977587,4.429362278,4.200563314,5.326265653,4.577339327,5.676269449,,,
07/01/2040,4.636771298,4.430395778,4.200739647,5.330037211,4.579019094,5.680655427,,,
08/01/2040,4.638620565,4.431461587,4.200921474,5.333922521,4.580750777,5.685172489,,,
09/01/2040,4.64046584,4.43252549,4.201103164,5.337796182,4.58247867,5.689674892,,,
10/01/2040,4.642248007,4.433553427,4.201279009,5.341534233,4.5841474,5.694018666,,,
11/01/2040,4.644085273,4.43461337,4.201460224,5.345385036,4.585867588,5.698492319,,,
12/01/2040,4.645859617,4.435637378,4.201635517,5.349100964,4.587528807,5.702808271,,,
01/01/2041,4.647689128,4.436693566,4.201816478,5.352929367,4.58924156,5.707253765,,,
02/01/2041,4.649514706,4.437747832,4.201997304,5.356746498,4.590950536,5.711685112,,,
03/01/2041,4.651160247,4.438698334,4.202160343,5.360184892,4.592490905,5.715675929,,,
04/01/2041,4.652978334,4.439748901,4.202340866,5.363980697,4.594192695,5.720080537,,,
05/01/2041,4.654733824,4.440763476,4.202515128,5.367643346,4.5958358,5.724329669,,,
06/01/2041,4.656543517,4.44180952,4.202694628,5.3714165,4.59752946,5.728705809,,,
07/01/2041,4.658291299,4.442820127,4.202868327,5.375057669,4.599165115,5.732927874,,,
08/01/2041,4.660093281,4.443862309,4.203047495,5.378809005,4.600851393,5.737276643,,,
09/01/2041,4.661891384,4.444902554,4.203226518,5.382549378,4.602533945,5.74161167,,,
10/01/2041,4.66362783,4.445907396,4.2033996,5.38615886,4.604158682,5.745794016,,,
11/01/2041,4.665418173,4.446943664,4.203578173,5.389877686,4.605833753,5.750102068,,,
12/01/2041,4.667147342,4.447944874,4.203751038,5.393466654,4.607451465,5.754258745,,,
01/01/2042,4.668930199,4.448977402,4.203929399,5.397164451,4.609119319,5.758540541,,,
02/01/2042,4.670709147,4.450007905,4.204107524,5.400851526,4.610783448,5.762809017,,,
03/01/2042,4.672312896,4.450937169,4.204268359,5.40417324,4.612283611,5.766653775,,,
04/01/2042,4.674084536,4.451963922,4.204446134,5.407840201,4.61394069,5.770897178,,,
05/01/2042,4.675795369,4.452955636,4.204617925,5.411378952,4.615540801,5.774991331,,,
06/01/2042,4.677559392,4.453978417,4.204795237,5.415025168,4.617190535,5.779208848,,,
07/01/2042,4.679263013,4.454966431,4.204966724,5.418544085,4.61878367,5.783278238,,,
08/01/2042,4.6810195,4.455985289,4.205143614,5.422169812,4.620426179,5.78747028,,,
09/01/2042,4.682772044,4.457002028,4.205320159,5.425785031,4.622064853,5.791649185,,,
10/01/2042,4.684464627,4.457984244,4.205490953,5.42927411,4.623647368,5.795681419,,,
11/01/2042,4.686209673,4.458997054,4.205667061,5.432869042,4.625278792,5.799835024,,,
12/01/2042,4.687895011,4.459975467,4.205837428,5.436338562,4.626854296,5.80384287,,,
01/01/2043,4.689632737,4.460984498,4.206013246,5.439913558,4.62847868,5.807971687,,,
02/01/2043,4.691366839,4.461991691,4.206189,5.443478616,4.630099602,5.812088206,,,
03/01/2043,4.692930033,4.462899772,4.206347539,5.446690443,4.631560633,5.815796097,,,
04/01/2043,4.694656804,4.463903009,4.206522685,5.450236201,4.6331745,5.819888686,,,
05/01/2043,4.696324284,4.464871946,4.206691889,5.453658116,4.634732839,5.82383749,,,
06/01/2043,4.698043912,4.46587151,4.206866827,5.457184473,4.636339815,5.82790596,,,
07/01/2043,4.699704457,4.466836855,4.207035786,5.460587699,4.637891479,5.831831596,,,
08/01/2043,4.701416844,4.467832611,4.207210363,5.464094757,4.639491452,5.835876139,,,
09/01/2043,4.703125693,4.468826562,4.207384887,5.467592245,4.641087989,5.839908818,,,
10/01/2043,4.704775851,4.469786497,4.207553456,5.470967711,4.642629647,5.843800122,,,
11/01/2043,4.706477128,4.470776259,4.207727207,5.474445777,4.644218957,5.847808871,,,
12/01/2043,4.708120151,4.471732327,4.207895215,5.477802639,4.645753688,5.851677055,,,
01/01/2044,4.709814504,4.472718537,4.208068837,5.481262027,4.647336247,5.855662547,,,
02/01/2044,4.711505108,4.473702696,4.208242135,5.484711756,4.648915226,5.859636151,,,
03/01/2044,4.713083459,4.474621663,4.208404066,5.487930592,4.650389266,5.863343088,,,
04/01/2044,4.714767306,4.475602339,4.208577227,5.49136226,4.651961736,5.867294378,,,
05/01/2044,4.716393137,4.476549252,4.208744277,5.494674073,4.653479914,5.871106916,,,
06/01/2044,4.718069614,4.477525858,4.208916743,5.49808692,4.655045259,5.875034934,,,
07/01/2044,4.719688573,4.478469087,4.209083375,5.501380825,4.656556835,5.878825358,,,
08/01/2044,4.721358115,4.479442043,4.209255563,5.504775424,4.658115491,5.882730824,,,
09/01/2044,4.723023867,4.480412866,4.209427319,5.508160526,4.659670482,5.886624576,,,
10/01/2044,4.724632821,4.48135086,4.209593627,5.511428067,4.661172346,5.890382343,,,
11/01/2044,4.726291884,4.482318244,4.2097653,5.514795398,4.662720861,5.894254117,,,
12/01/2044,4.727894168,4.483252696,4.209931299,5.518045626,4.6642163,5.897990569,,,
01/01/2045,4.729546241,4.484216307,4.210102529,5.521395027,4.66575812,5.901840313,,,
02/01/2045,4.731194898,4.485178127,4.210273658,5.524735498,4.667296639,5.905679051,,,
03/01/2045,4.732681098,4.486045281,4.210428013,5.527745311,4.668683463,5.909137209,,,
04/01/2045,4.734323102,4.487003528,4.210598769,5.531068719,4.67021559,5.91295497,,,
05/01/2045,4.735908963,4.487929195,4.21076392,5.534276674,4.671695254,5.916639462,,,
06/01/2045,4.737544163,4.488883796,4.210934324,5.53758265,4.67322083,5.920435822,,,
07/01/2045,4.739123366,4.48980585,4.211099037,5.540773704,4.674694047,5.92409952,,,
08/01/2045,4.740752105,4.490757126,4.2112694,5.544062715,4.67621342,5.927875057,,,
09/01/2045,4.742376986,4.491706121,4.211439129,5.547342562,4.67772905,5.931639355,,,
10/01/2045,4.743946241,4.492622776,4.211603205,5.550508433,4.679192733,5.935272197,,,
11/01/2045,4.745564423,4.493568182,4.211772598,5.553771189,4.680701911,5.939015444,,,
12/01/2045,4.747127425,4.494481584,4.211936569,5.556920829,4.682159529,5.942628249,,,
01/01/2046,4.748739061,4.495423526,4.212105742,5.560166805,4.683662416,5.946350923,,,
02/01/2046,4.750347269,4.4963636,4.212274683,5.563404187,4.685161987,5.950063033,,,
03/01/2046,4.751797305,4.49721143,4.212427347,5.566321562,4.68651408,5.95340776,,,
04/01/2046,4.753399243,4.498148182,4.212596074,5.56954296,4.688007641,5.957100353,,,
05/01/2046,4.754946186,4.499052836,4.212759,5.57265235,4.689449821,5.960663916,,,
06/01/2046,4.756541446,4.499985939,4.212927275,5.575857076,4.690936953,5.964336049,,,
07/01/2046,4.758082227,4.500887358,4.213090055,5.578950697,4.692373202,5.967880254,,,
08/01/2046,4.759671,4.501816983,4.213258033,5.582139074,4.693854101,5.971532389,,,
09/01/2046,4.761256411,4.502744765,4.213425779,5.585319112,4.695331784,5.975174342,,,
10/01/2046,4.762787699,4.50364106,4.21358806,5.588388952,4.696758873,5.978689416,,,
11/01/2046,4.764366812,4.504565525,4.213755649,5.591552994,4.698230488,5.982311774,,,
12/01/2046,4.765891637,4.505458227,4.213917378,5.594607025,4.699651421,5.985807629,,,
01/01/2047,4.767464366,4.506379269,4.214084683,5.597755076,4.701116925,5.98941046,,,
02/01/2047,4.7690336,4.507298304,4.214251565,5.600894787,4.702579062,5.993003149,,,
03/01/2047,4.77044854,4.508127187,4.214402383,5.603724297,4.703897324,5.996240319,,,
04/01/2047,4.772011598,4.509042878,4.214568933,5.606848684,4.705353507,5.99981462,,,
05/01/2047,4.773521474,4.509927661,4.214730223,5.609865066,4.706760054,6.003264959,,,
06/01/2047,4.775078315,4.510840044,4.214896567,5.612973894,4.708210299,6.006820633,,,
07/01/2047,4.77658185,4.511721285,4.215057299,5.615974921,4.709610767,6.010252476,,,
08/01/2047,4.778132477,4.512630344,4.215223403,5.619068274,4.711055089,6.013789396,,,
09/01/2047,4.779679878,4.513537635,4.215389294,5.622153737,4.71249624,6.017316673,,,
10/01/2047,4.781174477,4.514414135,4.21554977,5.625132439,4.713888134,6.020721373,,,
11/01/2047,4.782715598,4.515318001,4.21571529,5.628202512,4.715323277,6.024230114,,,
12/01/2047,4.784203891,4.516190951,4.215875159,5.631166114,4.716709137,6.027616886,,,
01/01/2048,4.785738834,4.517091484,4.216040389,5.634220961,4.718138362,6.031107495,,,
02/01/2048,4.787270558,4.517990236,4.216205373,5.637268027,4.719564415,6.034588628,,,
03/01/2048,4.788700724,4.518829522,4.216359577,5.640111793,4.720895845,6.037837044,,,
04/01/2048,4.790226568,4.519725167,4.216524429,5.643144226,4.722316321,6.041300498,,,
05/01/2048,4.791700214,4.520590276,4.216683745,5.646071669,4.723688092,6.044643516,,,
06/01/2048,4.793219909,4.521482566,4.216848239,5.649089165,4.725102671,6.048088863,,,
07/01/2048,4.794687613,4.522344427,4.217007201,5.652002196,4.726468761,6.051414415,,,
08/01/2048,4.796201237,4.523233421,4.217171382,5.655004908,4.727877509,6.054841801,,,
09/01/2048,4.797711916,4.524120876,4.217335537,5.658000302,4.72928346,6.058260332,,,
10/01/2048,4.799170843,4.524977989,4.217494083,5.660891958,4.730641167,6.061559989,,,
11/01/2048,4.800675302,4.525861967,4.217657711,5.663872546,4.732041134,6.064960548,,,
12/01/2048,4.802128711,4.526716217,4.217816257,5.666750434,4.73339354,6.068243443,,,
01/01/2049,4.803627135,4.527596887,4.217979514,5.669716506,4.734787721,6.071626406,,,
02/01/2049,4.80512277,4.528476154,4.218142862,5.672675507,4.736179255,6.075000777,,,
03/01/2049,4.806471283,4.529269067,4.218290351,5.675342303,4.737433837,6.078041504,,,
04/01/2049,4.807960925,4.530144949,4.218453126,5.67828721,4.73881957,6.081398757,,,
05/01/2049,4.80939993,4.530991281,4.218610744,5.681130576,4.740158167,6.084639773,,,
06/01/2049,4.81088396,4.531864244,4.218773509,5.684061586,4.741538578,6.087980197,,,
07/01/2049,4.812317196,4.532707397,4.218930744,5.686891208,4.742871681,6.09120462,,,
08/01/2049,4.813795202,4.533577005,4.219093032,5.689807968,4.744246284,6.094527748,,,
09/01/2049,4.815270404,4.534445163,4.219255336,5.692717785,4.745618241,6.097842486,,,
10/01/2049,4.816695278,4.535283835,4.219412287,5.695527145,4.746943295,6.101042298,,,
11/01/2049,4.818164812,4.536148968,4.219574427,5.698423229,4.748309825,6.104340423,,,
12/01/2049,4.819583765,4.536984264,4.219730752,5.701218874,4.749629231,6.107523703,,,
01/01/2050,4.821047217,4.537845944,4.219892275,5.704100824,4.750989979,6.110804769,,,
02/01/2050,4.822508133,4.53870642,4.220054044,5.706976218,4.752348283,6.114077854,,,
03/01/2050,4.823825027,4.539482057,4.220199754,5.709567425,4.753572585,6.117027049,,,
04/01/2050,4.825280078,4.540339182,4.22036089,5.712429301,4.754925248,6.120283796,,,
05/01/2050,4.826685608,4.54116731,4.220516821,5.715192543,4.756231863,6.123427898,,,
06/01/2050,4.828134924,4.542021288,4.220677615,5.718040852,4.757579083,6.126668301,,,
07/01/2050,4.829535204,4.542846665,4.220833507,5.720791316,4.758880662,6.129796934,,,
08/01/2050,4.830979271,4.543697963,4.220994417,5.723626676,4.760222898,6.13302174,,,
09/01/2050,4.8324203,4.544547518,4.221154987,5.7264551,4.761562227,6.136238197,,,
10/01/2050,4.83381221,4.545368243,4.22131027,5.729186013,4.762855864,6.139343353,,,
11/01/2050,4.835247748,4.546214845,4.22147065,5.73200132,4.764189941,6.142543968,,,
12/01/2050,4.836634528,4.547032891,4.221625923,5.734719774,4.765478623,6.145634022,,,
01/01/2051,4.838064329,4.547876275,4.221785825,5.737521794,4.766807212,6.148818634,,,
02/01/2051,4.839491448,4.54871826,4.221945721,5.740317303,4.7681332,6.151995308,,,
03/01/2051,4.840778104,4.549477446,4.222089958,5.742836819,4.769328698,6.154858074,,,
04/01/2051,4.84219989,4.550316519,4.222249577,5.745619769,4.77064964,6.158019657,,,
05/01/2051,4.843573435,4.551127336,4.222404156,5.748307063,4.771925723,6.16107218,,,
06/01/2051,4.844989701,4.551963374,4.222563445,5.751077121,4.773241424,6.164218302,,,
07/01/2051,4.84635803,4.552771371,4.222717816,5.753752094,4.77451253,6.167255999,,,
08/01/2051,4.847769011,4.553604592,4.222876984,5.756509575,4.775823191,6.170386985,,,
09/01/2051,4.849177038,4.554436106,4.223035801,5.759260387,4.777131026,6.173509944,,,
10/01/2051,4.85053708,4.555239402,4.223189373,5.761916428,4.778394181,6.176524823,,,
11/01/2051,4.851939736,4.556068002,4.223347948,5.764654599,4.779696856,6.179632483,,,
12/01/2051,4.853294808,4.556868702,4.22350151,5.767298698,4.780955344,6.182633044,,,
01/01/2052,4.854692072,4.557694345,4.223659784,5.770024316,4.782252898,6.185725655,,,
02/01/2052,4.856086723,4.558518614,4.22381803,5.772743694,4.783547927,6.1888107,,,
03/01/2052,4.857389193,4.559288578,4.22396612,5.775282286,4.784757367,6.191690353,,,
04/01/2052,4.858778848,4.560110223,4.224124339,5.777989753,4.786047714,6.194761197,,,
05/01/2052,4.860120903,4.56090373,4.22427706,5.780603768,4.78729376,6.197725629,,,
06/01/2052,4.861505063,4.561722275,4.224434788,5.783298721,4.788578799,6.200781372,,,
07/01/2052,4.862842403,4.562513385,4.224587649,5.785901281,4.789820367,6.203732023,,,
08/01/2052,4.864221245,4.563328992,4.224745039,5.788583992,4.791100356,6.206773124,,,
09/01/2052,4.865597535,4.564143256,4.224902406,5.791260634,4.792377893,6.209806884,,,
10/01/2052,4.866926923,4.564929875,4.22505455,5.793845156,4.7936119,6.212735926,,,
11/01/2052,4.868297931,4.56574122,4.225211579,5.796509652,4.794884441,6.21575516,,,
12/01/2052,4.869622378,4.566525183,4.225363558,5.799082626,4.79611373,6.21867033,,,
01/01/2053,4.870988515,4.567334008,4.225520642,5.801735489,4.797381696,6.221675686,,,
02/01/2053,4.87235161,4.568140972,4.22567715,5.80438187,4.798646719,6.224673267,,,
03/01/2053,4.873581161,4.568869185,4.225818923,5.806767747,4.799787777,6.227375439,,,
04/01/2053,4.874939721,4.569673865,4.225975615,5.809403151,4.801048469,6.230359841,,,
05/01/2053,4.876251582,4.57045081,4.226126671,5.811947482,4.802265837,6.233240844,,,
06/01/2053,4.877605138,4.571252798,4.226283203,5.814571235,4.803521796,6.236211305,,,
07/01/2053,4.878912436,4.572027411,4.226434374,5.817104628,4.804734782,6.239079159,,,
08/01/2053,4.880260927,4.572826625,4.226590644,5.819716769,4.80598597,6.242035867,,,
09/01/2053,4.88160675,4.573624326,4.226746669,5.822322937,4.807234629,6.244985508,,,
10/01/2053,4.882906596,4.574394811,4.226897358,5.82483937,4.80844058,6.247833238,,,
11/01/2053,4.884247346,4.575189712,4.22705307,5.827433968,4.809684427,6.250769052,,,
12/01/2053,4.885542374,4.575957573,4.22720354,5.829939322,4.810885802,6.253603539,,,
01/01/2054,4.886878076,4.576749683,4.227358938,5.832522423,4.812124833,6.256525581,,,
02/01/2054,4.888211435,4.577540597,4.227514395,5.835099946,4.813361658,6.25944103,,,
03/01/2054,4.889413464,4.578253601,4.227654454,5.837423091,4.814476592,6.262068407,,,
04/01/2054,4.8907419,4.579041756,4.227809526,5.839989529,4.815708715,6.264970554,,,
05/01/2054,4.892025024,4.579803091,4.227959361,5.842467701,4.816898771,6.267772544,,,
06/01/2054,4.893348506,4.580588524,4.228114153,5.845022866,4.818126229,6.270661252,,,
07/01/2054,4.894626966,4.581347347,4.228263837,5.847490291,4.819311848,6.273450401,,,
08/01/2054,4.895945417,4.582129964,4.22841824,5.850034151,4.820534468,6.276325536,,,
09/01/2054,4.89726142,4.582911259,4.228572552,5.852572387,4.821754771,6.279193925,,,
10/01/2054,4.898532608,4.583666038,4.228721723,5.855023423,4.822933504,6.281963468,,,
11/01/2054,4.899843891,4.584444818,4.228875935,5.85755075,4.824149351,6.284818842,,,
12/01/2054,4.901110719,4.585197362,4.229025204,5.859991489,4.825323897,6.28757605,,,
01/01/2055,4.902417106,4.585973427,4.229179094,5.862507814,4.826535095,6.290418357,,,
02/01/2055,4.903720845,4.586747948,4.229332648,5.865018367,4.827743739,6.293253737,,,
03/01/2055,4.90489682,4.587446826,4.22947165,5.867281858,4.828833922,6.295809798,,,
04/01/2055,4.906196076,4.588218965,4.229625174,5.869782081,4.83003835,6.298632902,,,
05/01/2055,4.907451159,4.588964963,4.229773672,5.872196518,4.831201771,6.301358804,,,
06/01/2055,4.908745966,4.58973481,4.229927338,5.8746863,4.832402003,6.304169479,,,
07/01/2055,4.909996559,4.590478393,4.230075761,5.877090487,4.833561177,6.306883225,,,
08/01/2055,4.911286598,4.591245607,4.230229206,5.87956957,4.83475688,6.309681197,,,
09/01/2055,4.912574077,4.592011339,4.230382389,5.882043087,4.835950137,6.312472553,,,
10/01/2055,4.913817726,4.592751083,4.230530487,5.884431705,4.837102759,6.315167825,,,
11/01/2055,4.915100424,4.593514158,4.230683412,5.886894545,4.838291515,6.317946507,,,
12/01/2055,4.916339674,4.594251553,4.230831481,5.889273085,4.839439937,6.320629744,,,
01/01/2056,4.917617862,4.595012228,4.230984397,5.891725589,4.840624399,6.323396113,,,
02/01/2056,4.918893718,4.595771638,4.231137256,5.894172823,4.841806652,6.326156229,,,
03/01/2056,4.920085264,4.596480986,4.23128024,5.896457617,4.84291075,6.328732884,,,
04/01/2056,4.921356503,4.59723783,4.231432856,5.89889458,4.844088627,6.331480826,,,
05/01/2056,4.922584756,4.597969272,4.231580686,5.901248241,4.845226677,6.334134589,,,
06/01/2056,4.923851559,4.598723756,4.23173329,5.903675087,4.846400394,6.336870582,,,
07/01/2056,4.925075348,4.59945273,4.231880915,5.906018812,4.847534251,6.339512628,,,
08/01/2056,4.926337483,4.600204601,4.232033235,5.908435345,4.848703573,6.342236438,,,
09/01/2056,4.927597564,4.600955461,4.232185729,5.910846982,4.849870954,6.344954425,,,
10/01/2056,4.928814708,4.601680779,4.232333079,5.913175881,4.850998522,6.34757892,,,
11/01/2056,4.930070259,4.602429145,4.232485384,5.915577419,4.852161584,6.350284945,,,
12/01/2056,4.931282975,4.603152001,4.232632493,5.917896507,4.853284928,6.352897801,,,
01/01/2057,4.932533965,4.603897834,4.232784555,5.920287936,4.854443676,6.355591844,,,
02/01/2057,4.933782639,4.604642378,4.232936485,5.922674247,4.85560024,6.358279845,,,
03/01/2057,4.934908522,4.605313753,4.233073536,5.924825386,4.856642998,6.360702648,,,
04/01/2057,4.936153032,4.606056083,4.233225453,5.927202232,4.85779566,6.363379463,,,
05/01/2057,4.937355027,4.606773046,4.233372119,5.929497438,4.858908883,6.365964058,,,
06/01/2057,4.938594973,4.607512813,4.233523725,5.931864277,4.860057215,6.368629015,,,
07/01/2057,4.939792714,4.608227455,4.233670246,5.934149974,4.861166374,6.371202286,,,
08/01/2057,4.941028422,4.608964976,4.233821856,5.936507184,4.862310725,6.373855876,,,
09/01/2057,4.942261733,4.609701103,4.233973198,5.938859278,4.86345279,6.376503439,,,
10/01/2057,4.943453261,4.610412424,4.23411966,5.941130964,4.864556115,6.379060234,,,
11/01/2057,4.944682005,4.611145953,4.234270619,5.943473153,4.865693904,6.381696131,,,
12/01/2057,4.945868879,4.611854523,4.234416462,5.945734993,4.866792816,6.384241224,,,
01/01/2058,4.947093203,4.612585607,4.234567186,5.948067397,4.867926354,6.386865374,,,
02/01/2058,4.948315571,4.613315734,4.234718079,5.950395163,4.869058027,6.389484,,,
03/01/2058,4.949417982,4.613974352,4.234854431,5.952493844,4.870078675,6.391844782,,,
04/01/2058,4.950636398,4.614702409,4.235005375,5.954812651,4.871206719,6.394452994,,,
05/01/2058,4.951813361,4.615405748,4.235151249,5.957052054,4.872296312,6.396971628,,,
06/01/2058,4.953027325,4.616131278,4.235301833,5.959361246,4.873420145,6.399568523,,,
07/01/2058,4.954200027,4.616832218,4.235447397,5.961591384,4.874505693,6.402076205,,,
08/01/2058,4.955409799,4.617555478,4.235597871,5.963891231,4.875625546,6.404662026,,,
09/01/2058,4.956617565,4.618277704,4.235748404,5.966186492,4.876743514,6.40724247,,,
10/01/2058,4.957784457,4.618975622,4.235894091,5.968403402,4.877823608,6.409734681,,,
11/01/2058,4.958987995,4.619695512,4.236044424,5.970689415,4.878937591,6.412304378,,,
12/01/2058,4.960150667,4.620391036,4.236189772,5.97289726,4.880013711,6.41478596,,,
01/01/2059,4.961349801,4.621108408,4.236339702,5.975173831,4.881123531,6.417344471,,,
02/01/2059,4.962546802,4.621824604,4.236489529,5.977445685,4.882231306,6.419897342,,,
03/01/2059,4.963626248,4.622470558,4.236624802,5.979493876,4.883230293,6.422198693,,,
04/01/2059,4.964819038,4.623184364,4.236774277,5.981756644,4.884334166,6.424740901,,,
05/01/2059,4.965971567,4.623874257,4.236919046,5.983942258,4.885400721,6.427196125,,,
06/01/2059,4.96716036,4.624585941,4.237068497,5.986196045,4.886500752,6.429727624,,,
07/01/2059,4.968309122,4.625273875,4.237213336,5.988373112,4.887563758,6.432172773,,,
08/01/2059,4.969493901,4.625983405,4.237362718,5.99061799,4.888660062,6.434693875,,,
09/01/2059,4.970676652,4.626691845,4.237512065,5.992858363,4.889754499,6.437209734,,,
10/01/2059,4.971819405,4.627376464,4.23765661,5.995022318,4.890811868,6.43963955,,,
11/01/2059,4.972998276,4.628082859,4.237805976,5.997254006,4.891902665,6.442145297,,,
12/01/2059,4.974137171,4.628765385,4.237950416,5.999409506,4.8929564,6.444565276,,,
01/01/2060,4.975311921,4.629469477,4.23809952,6.001632329,4.894043267,6.447060593,,,
02/01/2060,4.976484583,4.630172403,4.238248494,6.003850632,4.895128148,6.449550559,,,
03/01/2060,4.977579758,4.630828954,4.238387733,6.005921851,4.896141294,6.451875173,,,
04/01/2060,4.978748267,4.631529509,4.238536326,6.008131264,4.897222306,6.45435469,,,
05/01/2060,4.979877061,4.632206305,4.238679982,6.010265071,4.898266464,6.456749013,,,
06/01/2060,4.98104185,4.632904953,4.238828779,6.012465971,4.899343945,6.459218414,,,
07/01/2060,4.982166955,4.633579806,4.238972494,6.01459151,4.900384685,6.461603081,,,
08/01/2060,4.983327566,4.63427607,4.239120968,6.016783512,4.901458261,6.464062098,,,
09/01/2060,4.984486258,4.634971322,4.239269481,6.01897122,4.902530016,6.466516059,,,
10/01/2060,4.985605677,4.635643099,4.239413134,6.02108426,4.903565476,6.468886137,,,
11/01/2060,4.986760423,4.636336182,4.23956153,6.023263397,4.904633519,6.471330061,,,
12/01/2060,4.987876112,4.637005942,4.239705149,6.025368253,4.90566546,6.47369054,,,
01/01/2061,4.989026739,4.637696669,4.239853228,6.027538655,4.906729621,6.476124223,,,
