Date,Critical head + 20 feet,Critical head + 50 feet,base,Critical head,2015 water level scenario,Historical low scenario,Date_S,Measured Subsidence,Source
01/03/1930,0,0,0,0,0,0,12/01/1932,0,Leveling
02/01/1930,-0.007264199,-0.007264199,-0.007264199,-0.007264199,-0.007264199,-0.007264199,01/25/1935,0.09,Leveling
03/01/1930,0.005788605,0.005788605,0.005788605,0.005788605,0.005788605,0.005788605,05/15/1942,0.09,Leveling
04/01/1930,0.021955257,0.021955257,0.021955257,0.021955257,0.021955257,0.021955257,02/01/1964,0.88,Leveling
05/01/1930,0.025923566,0.025923566,0.025923566,0.025923566,0.025923566,0.025923566,03/01/1967,1.16,Leveling
06/01/1930,0.061095188,0.061095188,0.061095188,0.061095188,0.061095188,0.061095188,07/01/1969,1.22,Leveling
07/01/1930,0.071319629,0.071319629,0.071319629,0.071319629,0.071319629,0.071319629,05/19/1996,2.222375304,GPS
08/01/1930,0.084065399,0.084065399,0.084065399,0.084065399,0.084065399,0.084065399,05/20/1996,2.222375304,GPS
09/01/1930,0.124957204,0.124957204,0.124957204,0.124957204,0.124957204,0.124957204,05/21/1996,2.232375304,GPS
10/01/1930,0.13327873,0.13327873,0.13327873,0.13327873,0.13327873,0.13327873,05/22/1996,2.212375304,GPS
11/01/1930,0.13398861,0.13398861,0.13398861,0.13398861,0.13398861,0.13398861,05/23/1996,2.222375304,GPS
12/01/1930,0.14318953,0.14318953,0.14318953,0.14318953,0.14318953,0.14318953,05/24/1996,2.232375304,GPS
01/01/1931,0.143498024,0.143498024,0.143498024,0.143498024,0.143498024,0.143498024,05/25/1996,2.232375304,GPS
02/01/1931,0.145198678,0.145198678,0.145198678,0.145198678,0.145198678,0.145198678,05/26/1996,2.212375304,GPS
03/01/1931,0.14216572,0.14216572,0.14216572,0.14216572,0.14216572,0.14216572,06/26/1996,2.262375304,GPS
04/01/1931,0.132136052,0.132136052,0.132136052,0.132136052,0.132136052,0.132136052,06/27/1996,2.272375304,GPS
05/01/1931,0.127642381,0.127642381,0.127642381,0.127642381,0.127642381,0.127642381,06/28/1996,2.272375304,GPS
06/01/1931,0.125718514,0.125718514,0.125718514,0.125718514,0.125718514,0.125718514,06/29/1996,2.272375304,GPS
07/01/1931,0.126178672,0.126178672,0.126178672,0.126178672,0.126178672,0.126178672,06/30/1996,2.262375304,GPS
08/01/1931,0.140913416,0.140913416,0.140913416,0.140913416,0.140913416,0.140913416,10/24/1996,2.292375304,GPS
09/01/1931,0.147672102,0.147672102,0.147672102,0.147672102,0.147672102,0.147672102,10/25/1996,2.262375304,GPS
10/01/1931,0.167154993,0.167154993,0.167154993,0.167154993,0.167154993,0.167154993,10/26/1996,2.282375304,GPS
11/01/1931,0.184919674,0.184919674,0.184919674,0.184919674,0.184919674,0.184919674,10/27/1996,2.282375304,GPS
12/01/1931,0.209255664,0.209255664,0.209255664,0.209255664,0.209255664,0.209255664,10/28/1996,2.282375304,GPS
01/01/1932,0.220238429,0.220238429,0.220238429,0.220238429,0.220238429,0.220238429,10/29/1996,2.272375304,GPS
02/01/1932,0.22568671,0.22568671,0.22568671,0.22568671,0.22568671,0.22568671,10/30/1996,2.262375304,GPS
03/01/1932,0.227298337,0.227298337,0.227298337,0.227298337,0.227298337,0.227298337,10/31/1996,2.282375304,GPS
04/01/1932,0.223891828,0.223891828,0.223891828,0.223891828,0.223891828,0.223891828,11/01/1996,2.282375304,GPS
05/01/1932,0.224614251,0.224614251,0.224614251,0.224614251,0.224614251,0.224614251,11/02/1996,2.272375304,GPS
06/01/1932,0.223690307,0.223690307,0.223690307,0.223690307,0.223690307,0.223690307,11/03/1996,2.262375304,GPS
07/01/1932,0.234472993,0.234472993,0.234472993,0.234472993,0.234472993,0.234472993,11/04/1996,2.262375304,GPS
08/01/1932,0.236681604,0.236681604,0.236681604,0.236681604,0.236681604,0.236681604,11/05/1996,2.242375304,GPS
09/01/1932,0.255580424,0.255580424,0.255580424,0.255580424,0.255580424,0.255580424,11/06/1996,2.262375304,GPS
10/01/1932,0.28091533,0.28091533,0.28091533,0.28091533,0.28091533,0.28091533,11/07/1996,2.272375304,GPS
11/01/1932,0.287767674,0.287767674,0.287767674,0.287767674,0.287767674,0.287767674,11/08/1996,2.272375304,GPS
12/01/1932,0.295782386,0.295782386,0.295782386,0.295782386,0.295782386,0.295782386,11/09/1996,2.262375304,GPS
01/01/1933,0.299541146,0.299541146,0.299541146,0.299541146,0.299541146,0.299541146,11/10/1996,2.242375304,GPS
02/01/1933,0.299854418,0.299854418,0.299854418,0.299854418,0.299854418,0.299854418,11/11/1996,2.242375304,GPS
03/01/1933,0.329233068,0.329233068,0.329233068,0.329233068,0.329233068,0.329233068,11/12/1996,2.262375304,GPS
04/01/1933,0.345826586,0.345826586,0.345826586,0.345826586,0.345826586,0.345826586,11/13/1996,2.252375304,GPS
05/01/1933,0.352682383,0.352682383,0.352682383,0.352682383,0.352682383,0.352682383,11/14/1996,2.232375304,GPS
06/01/1933,0.367270723,0.367270723,0.367270723,0.367270723,0.367270723,0.367270723,11/15/1996,2.242375304,GPS
07/01/1933,0.381862465,0.381862465,0.381862465,0.381862465,0.381862465,0.381862465,11/16/1996,2.242375304,GPS
08/01/1933,0.383284406,0.383284406,0.383284406,0.383284406,0.383284406,0.383284406,11/17/1996,2.232375304,GPS
09/01/1933,0.402778914,0.402778914,0.402778914,0.402778914,0.402778914,0.402778914,11/18/1996,2.222375304,GPS
10/01/1933,0.415601418,0.415601418,0.415601418,0.415601418,0.415601418,0.415601418,11/19/1996,2.222375304,GPS
11/01/1933,0.427700357,0.427700357,0.427700357,0.427700357,0.427700357,0.427700357,11/20/1996,2.242375304,GPS
12/01/1933,0.424010868,0.424010868,0.424010868,0.424010868,0.424010868,0.424010868,11/21/1996,2.252375304,GPS
01/01/1934,0.428534297,0.428534297,0.428534297,0.428534297,0.428534297,0.428534297,11/22/1996,2.242375304,GPS
02/01/1934,0.426508286,0.426508286,0.426508286,0.426508286,0.426508286,0.426508286,11/23/1996,2.242375304,GPS
03/01/1934,0.427358875,0.427358875,0.427358875,0.427358875,0.427358875,0.427358875,11/24/1996,2.252375304,GPS
04/01/1934,0.428822775,0.428822775,0.428822775,0.428822775,0.428822775,0.428822775,11/25/1996,2.252375304,GPS
05/01/1934,0.424501691,0.424501691,0.424501691,0.424501691,0.424501691,0.424501691,11/26/1996,2.242375304,GPS
06/01/1934,0.42666312,0.42666312,0.42666312,0.42666312,0.42666312,0.42666312,11/27/1996,2.272375304,GPS
07/01/1934,0.433638318,0.433638318,0.433638318,0.433638318,0.433638318,0.433638318,11/28/1996,2.222375304,GPS
08/01/1934,0.42463941,0.42463941,0.42463941,0.42463941,0.42463941,0.42463941,11/29/1996,2.232375304,GPS
09/01/1934,0.423944252,0.423944252,0.423944252,0.423944252,0.423944252,0.423944252,11/30/1996,2.222375304,GPS
10/01/1934,0.427027156,0.427027156,0.427027156,0.427027156,0.427027156,0.427027156,12/01/1996,2.232375304,GPS
11/01/1934,0.430652645,0.430652645,0.430652645,0.430652645,0.430652645,0.430652645,12/02/1996,2.252375304,GPS
12/01/1934,0.426108222,0.426108222,0.426108222,0.426108222,0.426108222,0.426108222,12/03/1996,2.252375304,GPS
01/01/1935,0.42768799,0.42768799,0.42768799,0.42768799,0.42768799,0.42768799,12/04/1996,2.232375304,GPS
02/01/1935,0.425127971,0.425127971,0.425127971,0.425127971,0.425127971,0.425127971,12/05/1996,2.252375304,GPS
03/01/1935,0.422529412,0.422529412,0.422529412,0.422529412,0.422529412,0.422529412,12/06/1996,2.232375304,GPS
04/01/1935,0.42578682,0.42578682,0.42578682,0.42578682,0.42578682,0.42578682,12/07/1996,2.242375304,GPS
05/01/1935,0.415167061,0.415167061,0.415167061,0.415167061,0.415167061,0.415167061,12/08/1996,2.252375304,GPS
06/01/1935,0.418188081,0.418188081,0.418188081,0.418188081,0.418188081,0.418188081,12/09/1996,2.232375304,GPS
07/01/1935,0.418386324,0.418386324,0.418386324,0.418386324,0.418386324,0.418386324,12/10/1996,2.212375304,GPS
08/01/1935,0.421048263,0.421048263,0.421048263,0.421048263,0.421048263,0.421048263,12/11/1996,2.242375304,GPS
09/01/1935,0.423515986,0.423515986,0.423515986,0.423515986,0.423515986,0.423515986,12/12/1996,2.262375304,GPS
10/01/1935,0.419921585,0.419921585,0.419921585,0.419921585,0.419921585,0.419921585,12/13/1996,2.262375304,GPS
11/01/1935,0.424453498,0.424453498,0.424453498,0.424453498,0.424453498,0.424453498,12/14/1996,2.262375304,GPS
12/01/1935,0.434035882,0.434035882,0.434035882,0.434035882,0.434035882,0.434035882,12/15/1996,2.262375304,GPS
01/01/1936,0.432770289,0.432770289,0.432770289,0.432770289,0.432770289,0.432770289,12/16/1996,2.252375304,GPS
02/01/1936,0.429772958,0.429772958,0.429772958,0.429772958,0.429772958,0.429772958,12/17/1996,2.252375304,GPS
03/01/1936,0.42588545,0.42588545,0.42588545,0.42588545,0.42588545,0.42588545,12/18/1996,2.252375304,GPS
04/01/1936,0.426540809,0.426540809,0.426540809,0.426540809,0.426540809,0.426540809,12/19/1996,2.262375304,GPS
05/01/1936,0.419332859,0.419332859,0.419332859,0.419332859,0.419332859,0.419332859,12/20/1996,2.252375304,GPS
06/01/1936,0.412093157,0.412093157,0.412093157,0.412093157,0.412093157,0.412093157,12/21/1996,2.232375304,GPS
07/01/1936,0.407292772,0.407292772,0.407292772,0.407292772,0.407292772,0.407292772,12/22/1996,2.252375304,GPS
08/01/1936,0.404488954,0.404488954,0.404488954,0.404488954,0.404488954,0.404488954,12/23/1996,2.252375304,GPS
09/01/1936,0.396252352,0.396252352,0.396252352,0.396252352,0.396252352,0.396252352,12/24/1996,2.262375304,GPS
10/01/1936,0.386457616,0.386457616,0.386457616,0.386457616,0.386457616,0.386457616,12/25/1996,2.252375304,GPS
11/01/1936,0.386666632,0.386666632,0.386666632,0.386666632,0.386666632,0.386666632,12/26/1996,2.232375304,GPS
12/01/1936,0.397294019,0.397294019,0.397294019,0.397294019,0.397294019,0.397294019,12/27/1996,2.242375304,GPS
01/01/1937,0.398013113,0.398013113,0.398013113,0.398013113,0.398013113,0.398013113,12/28/1996,2.242375304,GPS
02/01/1937,0.399222576,0.399222576,0.399222576,0.399222576,0.399222576,0.399222576,12/29/1996,2.222375304,GPS
03/01/1937,0.394052219,0.394052219,0.394052219,0.394052219,0.394052219,0.394052219,12/30/1996,2.222375304,GPS
04/01/1937,0.396514857,0.396514857,0.396514857,0.396514857,0.396514857,0.396514857,12/31/1996,2.222375304,GPS
05/01/1937,0.395642792,0.395642792,0.395642792,0.395642792,0.395642792,0.395642792,01/01/1997,2.222375304,GPS
06/01/1937,0.397180526,0.397180526,0.397180526,0.397180526,0.397180526,0.397180526,01/02/1997,2.242375304,GPS
07/01/1937,0.387324398,0.387324398,0.387324398,0.387324398,0.387324398,0.387324398,01/03/1997,2.242375304,GPS
08/01/1937,0.391232238,0.391232238,0.391232238,0.391232238,0.391232238,0.391232238,01/04/1997,2.262375304,GPS
09/01/1937,0.389609846,0.389609846,0.389609846,0.389609846,0.389609846,0.389609846,01/05/1997,2.262375304,GPS
10/01/1937,0.391999764,0.391999764,0.391999764,0.391999764,0.391999764,0.391999764,01/06/1997,2.282375304,GPS
11/01/1937,0.392765606,0.392765606,0.392765606,0.392765606,0.392765606,0.392765606,01/07/1997,2.272375304,GPS
12/01/1937,0.40399467,0.40399467,0.40399467,0.40399467,0.40399467,0.40399467,01/08/1997,2.272375304,GPS
01/01/1938,0.387726227,0.387726227,0.387726227,0.387726227,0.387726227,0.387726227,01/09/1997,2.262375304,GPS
02/01/1938,0.386433724,0.386433724,0.386433724,0.386433724,0.386433724,0.386433724,01/10/1997,2.252375304,GPS
03/01/1938,0.388021644,0.388021644,0.388021644,0.388021644,0.388021644,0.388021644,01/11/1997,2.252375304,GPS
04/01/1938,0.3918381,0.3918381,0.3918381,0.3918381,0.3918381,0.3918381,01/12/1997,2.242375304,GPS
05/01/1938,0.392873061,0.392873061,0.392873061,0.392873061,0.392873061,0.392873061,01/13/1997,2.232375304,GPS
06/01/1938,0.395104756,0.395104756,0.395104756,0.395104756,0.395104756,0.395104756,01/14/1997,2.242375304,GPS
07/01/1938,0.405175162,0.405175162,0.405175162,0.405175162,0.405175162,0.405175162,01/15/1997,2.252375304,GPS
08/01/1938,0.407509324,0.407509324,0.407509324,0.407509324,0.407509324,0.407509324,01/16/1997,2.242375304,GPS
09/01/1938,0.408228374,0.408228374,0.408228374,0.408228374,0.408228374,0.408228374,01/17/1997,2.262375304,GPS
10/01/1938,0.411283273,0.411283273,0.411283273,0.411283273,0.411283273,0.411283273,01/18/1997,2.252375304,GPS
11/01/1938,0.420120661,0.420120661,0.420120661,0.420120661,0.420120661,0.420120661,01/19/1997,2.252375304,GPS
12/01/1938,0.41832108,0.41832108,0.41832108,0.41832108,0.41832108,0.41832108,01/20/1997,2.242375304,GPS
01/01/1939,0.42044444,0.42044444,0.42044444,0.42044444,0.42044444,0.42044444,01/21/1997,2.242375304,GPS
02/01/1939,0.421503771,0.421503771,0.421503771,0.421503771,0.421503771,0.421503771,01/22/1997,2.222375304,GPS
03/01/1939,0.424394397,0.424394397,0.424394397,0.424394397,0.424394397,0.424394397,01/23/1997,2.232375304,GPS
04/01/1939,0.433818873,0.433818873,0.433818873,0.433818873,0.433818873,0.433818873,01/24/1997,2.252375304,GPS
05/01/1939,0.441217027,0.441217027,0.441217027,0.441217027,0.441217027,0.441217027,01/25/1997,2.252375304,GPS
06/01/1939,0.447177772,0.447177772,0.447177772,0.447177772,0.447177772,0.447177772,01/26/1997,2.232375304,GPS
07/01/1939,0.442782259,0.442782259,0.442782259,0.442782259,0.442782259,0.442782259,01/27/1997,2.252375304,GPS
08/01/1939,0.449613676,0.449613676,0.449613676,0.449613676,0.449613676,0.449613676,01/28/1997,2.252375304,GPS
09/01/1939,0.445401573,0.445401573,0.445401573,0.445401573,0.445401573,0.445401573,01/29/1997,2.262375304,GPS
10/01/1939,0.445152491,0.445152491,0.445152491,0.445152491,0.445152491,0.445152491,01/30/1997,2.252375304,GPS
11/01/1939,0.45671758,0.45671758,0.45671758,0.45671758,0.45671758,0.45671758,01/31/1997,2.252375304,GPS
12/01/1939,0.456544023,0.456544023,0.456544023,0.456544023,0.456544023,0.456544023,02/01/1997,2.242375304,GPS
01/01/1940,0.462979959,0.462979959,0.462979959,0.462979959,0.462979959,0.462979959,02/02/1997,2.242375304,GPS
02/01/1940,0.458619109,0.458619109,0.458619109,0.458619109,0.458619109,0.458619109,02/03/1997,2.252375304,GPS
03/01/1940,0.455922224,0.455922224,0.455922224,0.455922224,0.455922224,0.455922224,02/04/1997,2.242375304,GPS
04/01/1940,0.450277048,0.450277048,0.450277048,0.450277048,0.450277048,0.450277048,02/05/1997,2.242375304,GPS
05/01/1940,0.44783741,0.44783741,0.44783741,0.44783741,0.44783741,0.44783741,02/06/1997,2.252375304,GPS
06/01/1940,0.449781647,0.449781647,0.449781647,0.449781647,0.449781647,0.449781647,02/09/1997,2.232375304,GPS
07/01/1940,0.448483792,0.448483792,0.448483792,0.448483792,0.448483792,0.448483792,02/10/1997,2.232375304,GPS
08/01/1940,0.447596873,0.447596873,0.447596873,0.447596873,0.447596873,0.447596873,02/11/1997,2.222375304,GPS
09/01/1940,0.436986568,0.436986568,0.436986568,0.436986568,0.436986568,0.436986568,02/12/1997,2.222375304,GPS
10/01/1940,0.436755596,0.436755596,0.436755596,0.436755596,0.436755596,0.436755596,03/15/1997,2.212375304,GPS
11/01/1940,0.436200346,0.436200346,0.436200346,0.436200346,0.436200346,0.436200346,03/16/1997,2.212375304,GPS
12/01/1940,0.443467188,0.443467188,0.443467188,0.443467188,0.443467188,0.443467188,03/17/1997,2.222375304,GPS
01/01/1941,0.42990193,0.42990193,0.42990193,0.42990193,0.42990193,0.42990193,03/18/1997,2.242375304,GPS
02/01/1941,0.425640987,0.425640987,0.425640987,0.425640987,0.425640987,0.425640987,03/19/1997,2.252375304,GPS
03/01/1941,0.417008294,0.417008294,0.417008294,0.417008294,0.417008294,0.417008294,03/20/1997,2.222375304,GPS
04/01/1941,0.418878826,0.418878826,0.418878826,0.418878826,0.418878826,0.418878826,03/21/1997,2.222375304,GPS
05/01/1941,0.409166131,0.409166131,0.409166131,0.409166131,0.409166131,0.409166131,03/22/1997,2.282375304,GPS
06/01/1941,0.401947357,0.401947357,0.401947357,0.401947357,0.401947357,0.401947357,03/23/1997,2.242375304,GPS
07/01/1941,0.393473625,0.393473625,0.393473625,0.393473625,0.393473625,0.393473625,03/24/1997,2.222375304,GPS
08/01/1941,0.391124664,0.391124664,0.391124664,0.391124664,0.391124664,0.391124664,03/25/1997,2.252375304,GPS
09/01/1941,0.393797592,0.393797592,0.393797592,0.393797592,0.393797592,0.393797592,03/26/1997,2.232375304,GPS
10/01/1941,0.388037209,0.388037209,0.388037209,0.388037209,0.388037209,0.388037209,03/27/1997,2.232375304,GPS
11/01/1941,0.386010636,0.386010636,0.386010636,0.386010636,0.386010636,0.386010636,03/28/1997,2.252375304,GPS
12/01/1941,0.379746933,0.379746933,0.379746933,0.379746933,0.379746933,0.379746933,03/29/1997,2.242375304,GPS
01/01/1942,0.372115883,0.372115883,0.372115883,0.372115883,0.372115883,0.372115883,03/30/1997,2.252375304,GPS
02/01/1942,0.370766036,0.370766036,0.370766036,0.370766036,0.370766036,0.370766036,03/31/1997,2.252375304,GPS
03/01/1942,0.367918403,0.367918403,0.367918403,0.367918403,0.367918403,0.367918403,04/01/1997,2.252375304,GPS
04/01/1942,0.372389211,0.372389211,0.372389211,0.372389211,0.372389211,0.372389211,04/02/1997,2.242375304,GPS
05/01/1942,0.37778205,0.37778205,0.37778205,0.37778205,0.37778205,0.37778205,04/03/1997,2.212375304,GPS
06/01/1942,0.384744758,0.384744758,0.384744758,0.384744758,0.384744758,0.384744758,04/04/1997,2.212375304,GPS
07/01/1942,0.380705345,0.380705345,0.380705345,0.380705345,0.380705345,0.380705345,04/05/1997,2.222375304,GPS
08/01/1942,0.384327886,0.384327886,0.384327886,0.384327886,0.384327886,0.384327886,04/06/1997,2.232375304,GPS
09/01/1942,0.38688981,0.38688981,0.38688981,0.38688981,0.38688981,0.38688981,04/07/1997,2.242375304,GPS
10/01/1942,0.386849529,0.386849529,0.386849529,0.386849529,0.386849529,0.386849529,04/08/1997,2.252375304,GPS
11/01/1942,0.386636082,0.386636082,0.386636082,0.386636082,0.386636082,0.386636082,04/09/1997,2.262375304,GPS
12/01/1942,0.390411904,0.390411904,0.390411904,0.390411904,0.390411904,0.390411904,04/10/1997,2.252375304,GPS
01/01/1943,0.39108952,0.39108952,0.39108952,0.39108952,0.39108952,0.39108952,04/11/1997,2.252375304,GPS
02/01/1943,0.389839229,0.389839229,0.389839229,0.389839229,0.389839229,0.389839229,04/12/1997,2.242375304,GPS
03/01/1943,0.396871351,0.396871351,0.396871351,0.396871351,0.396871351,0.396871351,04/13/1997,2.252375304,GPS
04/01/1943,0.399812844,0.399812844,0.399812844,0.399812844,0.399812844,0.399812844,04/14/1997,2.232375304,GPS
05/01/1943,0.405572164,0.405572164,0.405572164,0.405572164,0.405572164,0.405572164,04/15/1997,2.262375304,GPS
06/01/1943,0.414770692,0.414770692,0.414770692,0.414770692,0.414770692,0.414770692,04/16/1997,2.252375304,GPS
07/01/1943,0.411941652,0.411941652,0.411941652,0.411941652,0.411941652,0.411941652,04/17/1997,2.252375304,GPS
08/01/1943,0.411693008,0.411693008,0.411693008,0.411693008,0.411693008,0.411693008,04/18/1997,2.262375304,GPS
09/01/1943,0.407735507,0.407735507,0.407735507,0.407735507,0.407735507,0.407735507,04/19/1997,2.262375304,GPS
10/01/1943,0.402418242,0.402418242,0.402418242,0.402418242,0.402418242,0.402418242,04/20/1997,2.252375304,GPS
11/01/1943,0.398592288,0.398592288,0.398592288,0.398592288,0.398592288,0.398592288,04/21/1997,2.252375304,GPS
12/01/1943,0.398861065,0.398861065,0.398861065,0.398861065,0.398861065,0.398861065,04/22/1997,2.262375304,GPS
01/01/1944,0.400953747,0.400953747,0.400953747,0.400953747,0.400953747,0.400953747,04/23/1997,2.262375304,GPS
02/01/1944,0.3921415,0.3921415,0.3921415,0.3921415,0.3921415,0.3921415,04/24/1997,2.262375304,GPS
03/01/1944,0.389209794,0.389209794,0.389209794,0.389209794,0.389209794,0.389209794,04/25/1997,2.252375304,GPS
04/01/1944,0.388225775,0.388225775,0.388225775,0.388225775,0.388225775,0.388225775,04/26/1997,2.252375304,GPS
05/01/1944,0.393174187,0.393174187,0.393174187,0.393174187,0.393174187,0.393174187,04/27/1997,2.262375304,GPS
06/01/1944,0.400950967,0.400950967,0.400950967,0.400950967,0.400950967,0.400950967,04/28/1997,2.252375304,GPS
07/01/1944,0.405049563,0.405049563,0.405049563,0.405049563,0.405049563,0.405049563,04/29/1997,2.252375304,GPS
08/01/1944,0.411146084,0.411146084,0.411146084,0.411146084,0.411146084,0.411146084,04/30/1997,2.262375304,GPS
09/01/1944,0.418119717,0.418119717,0.418119717,0.418119717,0.418119717,0.418119717,05/01/1997,2.262375304,GPS
10/01/1944,0.414516469,0.414516469,0.414516469,0.414516469,0.414516469,0.414516469,05/08/1997,2.242375304,GPS
11/01/1944,0.411654635,0.411654635,0.411654635,0.411654635,0.411654635,0.411654635,05/09/1997,2.242375304,GPS
12/01/1944,0.413535748,0.413535748,0.413535748,0.413535748,0.413535748,0.413535748,05/10/1997,2.232375304,GPS
01/01/1945,0.413862248,0.413862248,0.413862248,0.413862248,0.413862248,0.413862248,05/11/1997,2.222375304,GPS
02/01/1945,0.416128767,0.416128767,0.416128767,0.416128767,0.416128767,0.416128767,05/12/1997,2.232375304,GPS
03/01/1945,0.422979623,0.422979623,0.422979623,0.422979623,0.422979623,0.422979623,05/13/1997,2.212375304,GPS
04/01/1945,0.42667004,0.42667004,0.42667004,0.42667004,0.42667004,0.42667004,05/14/1997,2.232375304,GPS
05/01/1945,0.429950865,0.429950865,0.429950865,0.429950865,0.429950865,0.429950865,05/15/1997,2.212375304,GPS
06/01/1945,0.438084327,0.438084327,0.438084327,0.438084327,0.438084327,0.438084327,05/16/1997,2.222375304,GPS
07/01/1945,0.440010684,0.440010684,0.440010684,0.440010684,0.440010684,0.440010684,05/17/1997,2.232375304,GPS
08/01/1945,0.440799338,0.440799338,0.440799338,0.440799338,0.440799338,0.440799338,05/18/1997,2.222375304,GPS
09/01/1945,0.443122208,0.443122208,0.443122208,0.443122208,0.443122208,0.443122208,05/19/1997,2.212375304,GPS
10/01/1945,0.447583175,0.447583175,0.447583175,0.447583175,0.447583175,0.447583175,05/20/1997,2.232375304,GPS
11/01/1945,0.453393668,0.453393668,0.453393668,0.453393668,0.453393668,0.453393668,05/21/1997,2.222375304,GPS
12/01/1945,0.46685929,0.46685929,0.46685929,0.46685929,0.46685929,0.46685929,05/22/1997,2.222375304,GPS
01/01/1946,0.468965572,0.468965572,0.468965572,0.468965572,0.468965572,0.468965572,05/23/1997,2.212375304,GPS
02/01/1946,0.473742073,0.473742073,0.473742073,0.473742073,0.473742073,0.473742073,05/24/1997,2.212375304,GPS
03/01/1946,0.481571825,0.481571825,0.481571825,0.481571825,0.481571825,0.481571825,05/25/1997,2.212375304,GPS
04/01/1946,0.478523559,0.478523559,0.478523559,0.478523559,0.478523559,0.478523559,05/26/1997,2.212375304,GPS
05/01/1946,0.478898533,0.478898533,0.478898533,0.478898533,0.478898533,0.478898533,05/27/1997,2.242375304,GPS
06/01/1946,0.480351175,0.480351175,0.480351175,0.480351175,0.480351175,0.480351175,05/28/1997,2.222375304,GPS
07/01/1946,0.474528274,0.474528274,0.474528274,0.474528274,0.474528274,0.474528274,05/29/1997,2.202375304,GPS
08/01/1946,0.478031025,0.478031025,0.478031025,0.478031025,0.478031025,0.478031025,05/30/1997,2.212375304,GPS
09/01/1946,0.503594892,0.503594892,0.503594892,0.503594892,0.503594892,0.503594892,05/31/1997,2.222375304,GPS
10/01/1946,0.516770771,0.516770771,0.516770771,0.516770771,0.516770771,0.516770771,06/01/1997,2.232375304,GPS
11/01/1946,0.538942974,0.538942974,0.538942974,0.538942974,0.538942974,0.538942974,06/02/1997,2.222375304,GPS
12/01/1946,0.55639644,0.55639644,0.55639644,0.55639644,0.55639644,0.55639644,06/03/1997,2.232375304,GPS
01/01/1947,0.569207311,0.569207311,0.569207311,0.569207311,0.569207311,0.569207311,06/04/1997,2.252375304,GPS
02/01/1947,0.57584528,0.57584528,0.57584528,0.57584528,0.57584528,0.57584528,06/05/1997,2.222375304,GPS
03/01/1947,0.581766355,0.581766355,0.581766355,0.581766355,0.581766355,0.581766355,06/06/1997,2.222375304,GPS
04/01/1947,0.590361254,0.590361254,0.590361254,0.590361254,0.590361254,0.590361254,06/07/1997,2.242375304,GPS
05/01/1947,0.603178415,0.603178415,0.603178415,0.603178415,0.603178415,0.603178415,06/08/1997,2.242375304,GPS
06/01/1947,0.620408424,0.620408424,0.620408424,0.620408424,0.620408424,0.620408424,06/09/1997,2.242375304,GPS
07/01/1947,0.641527296,0.641527296,0.641527296,0.641527296,0.641527296,0.641527296,06/11/1997,2.212375304,GPS
08/01/1947,0.645028015,0.645028015,0.645028015,0.645028015,0.645028015,0.645028015,06/13/1997,2.252375304,GPS
09/01/1947,0.662351996,0.662351996,0.662351996,0.662351996,0.662351996,0.662351996,06/14/1997,2.242375304,GPS
10/01/1947,0.663243345,0.663243345,0.663243345,0.663243345,0.663243345,0.663243345,06/15/1997,2.252375304,GPS
11/01/1947,0.670476222,0.670476222,0.670476222,0.670476222,0.670476222,0.670476222,06/16/1997,2.232375304,GPS
12/01/1947,0.673461407,0.673461407,0.673461407,0.673461407,0.673461407,0.673461407,06/17/1997,2.232375304,GPS
01/01/1948,0.674830842,0.674830842,0.674830842,0.674830842,0.674830842,0.674830842,09/18/1997,2.272375304,GPS
02/01/1948,0.671294634,0.671294634,0.671294634,0.671294634,0.671294634,0.671294634,09/19/1997,2.262375304,GPS
03/01/1948,0.670819374,0.670819374,0.670819374,0.670819374,0.670819374,0.670819374,09/20/1997,2.262375304,GPS
04/01/1948,0.676746081,0.676746081,0.676746081,0.676746081,0.676746081,0.676746081,09/21/1997,2.252375304,GPS
05/01/1948,0.678905073,0.678905073,0.678905073,0.678905073,0.678905073,0.678905073,09/22/1997,2.252375304,GPS
06/01/1948,0.691532355,0.691532355,0.691532355,0.691532355,0.691532355,0.691532355,09/23/1997,2.262375304,GPS
07/01/1948,0.693026903,0.693026903,0.693026903,0.693026903,0.693026903,0.693026903,09/24/1997,2.232375304,GPS
08/01/1948,0.694534353,0.694534353,0.694534353,0.694534353,0.694534353,0.694534353,09/25/1997,2.252375304,GPS
09/01/1948,0.691486839,0.691486839,0.691486839,0.691486839,0.691486839,0.691486839,09/26/1997,2.252375304,GPS
10/01/1948,0.692905732,0.692905732,0.692905732,0.692905732,0.692905732,0.692905732,09/27/1997,2.242375304,GPS
11/01/1948,0.688862347,0.688862347,0.688862347,0.688862347,0.688862347,0.688862347,09/28/1997,2.252375304,GPS
12/01/1948,0.679349537,0.679349537,0.679349537,0.679349537,0.679349537,0.679349537,09/29/1997,2.242375304,GPS
01/01/1949,0.672484113,0.672484113,0.672484113,0.672484113,0.672484113,0.672484113,09/30/1997,2.242375304,GPS
02/01/1949,0.669127749,0.669127749,0.669127749,0.669127749,0.669127749,0.669127749,10/01/1997,2.242375304,GPS
03/01/1949,0.661620455,0.661620455,0.661620455,0.661620455,0.661620455,0.661620455,10/02/1997,2.222375304,GPS
04/01/1949,0.656750173,0.656750173,0.656750173,0.656750173,0.656750173,0.656750173,10/03/1997,2.252375304,GPS
05/01/1949,0.659728953,0.659728953,0.659728953,0.659728953,0.659728953,0.659728953,10/04/1997,2.232375304,GPS
06/01/1949,0.662391654,0.662391654,0.662391654,0.662391654,0.662391654,0.662391654,10/05/1997,2.252375304,GPS
07/01/1949,0.669132382,0.669132382,0.669132382,0.669132382,0.669132382,0.669132382,10/06/1997,2.242375304,GPS
08/01/1949,0.66817178,0.66817178,0.66817178,0.66817178,0.66817178,0.66817178,10/07/1997,2.252375304,GPS
09/01/1949,0.665342587,0.665342587,0.665342587,0.665342587,0.665342587,0.665342587,10/08/1997,2.252375304,GPS
10/01/1949,0.669531163,0.669531163,0.669531163,0.669531163,0.669531163,0.669531163,10/09/1997,2.262375304,GPS
11/01/1949,0.668988978,0.668988978,0.668988978,0.668988978,0.668988978,0.668988978,10/10/1997,2.282375304,GPS
12/01/1949,0.671018703,0.671018703,0.671018703,0.671018703,0.671018703,0.671018703,10/11/1997,2.252375304,GPS
01/01/1950,0.665906499,0.665906499,0.665906499,0.665906499,0.665906499,0.665906499,10/12/1997,2.252375304,GPS
02/01/1950,0.668975473,0.668975473,0.668975473,0.668975473,0.668975473,0.668975473,10/13/1997,2.262375304,GPS
03/01/1950,0.66936561,0.66936561,0.66936561,0.66936561,0.66936561,0.66936561,10/14/1997,2.272375304,GPS
04/01/1950,0.660846968,0.660846968,0.660846968,0.660846968,0.660846968,0.660846968,10/15/1997,2.262375304,GPS
05/01/1950,0.659238634,0.659238634,0.659238634,0.659238634,0.659238634,0.659238634,10/16/1997,2.272375304,GPS
06/01/1950,0.65994669,0.65994669,0.65994669,0.65994669,0.65994669,0.65994669,10/17/1997,2.242375304,GPS
07/01/1950,0.656658698,0.656658698,0.656658698,0.656658698,0.656658698,0.656658698,10/18/1997,2.242375304,GPS
08/01/1950,0.650919323,0.650919323,0.650919323,0.650919323,0.650919323,0.650919323,10/19/1997,2.242375304,GPS
09/01/1950,0.644686189,0.644686189,0.644686189,0.644686189,0.644686189,0.644686189,10/20/1997,2.242375304,GPS
10/01/1950,0.637710508,0.637710508,0.637710508,0.637710508,0.637710508,0.637710508,10/21/1997,2.252375304,GPS
11/01/1950,0.631455896,0.631455896,0.631455896,0.631455896,0.631455896,0.631455896,11/05/1997,2.232375304,GPS
12/01/1950,0.625147921,0.625147921,0.625147921,0.625147921,0.625147921,0.625147921,11/06/1997,2.222375304,GPS
01/01/1951,0.624983756,0.624983756,0.624983756,0.624983756,0.624983756,0.624983756,11/07/1997,2.222375304,GPS
02/01/1951,0.623001036,0.623001036,0.623001036,0.623001036,0.623001036,0.623001036,11/08/1997,2.232375304,GPS
03/01/1951,0.620802763,0.620802763,0.620802763,0.620802763,0.620802763,0.620802763,11/09/1997,2.222375304,GPS
04/01/1951,0.62081813,0.62081813,0.62081813,0.62081813,0.62081813,0.62081813,11/10/1997,2.212375304,GPS
05/01/1951,0.622035305,0.622035305,0.622035305,0.622035305,0.622035305,0.622035305,11/11/1997,2.222375304,GPS
06/01/1951,0.62540454,0.62540454,0.62540454,0.62540454,0.62540454,0.62540454,11/12/1997,2.222375304,GPS
07/01/1951,0.627556028,0.627556028,0.627556028,0.627556028,0.627556028,0.627556028,11/13/1997,2.192375304,GPS
08/01/1951,0.632244806,0.632244806,0.632244806,0.632244806,0.632244806,0.632244806,11/14/1997,2.212375304,GPS
09/01/1951,0.637577409,0.637577409,0.637577409,0.637577409,0.637577409,0.637577409,11/15/1997,2.232375304,GPS
10/01/1951,0.634088564,0.634088564,0.634088564,0.634088564,0.634088564,0.634088564,11/16/1997,2.212375304,GPS
11/01/1951,0.635404637,0.635404637,0.635404637,0.635404637,0.635404637,0.635404637,11/17/1997,2.232375304,GPS
12/01/1951,0.637906669,0.637906669,0.637906669,0.637906669,0.637906669,0.637906669,11/18/1997,2.212375304,GPS
01/01/1952,0.639287079,0.639287079,0.639287079,0.639287079,0.639287079,0.639287079,11/19/1997,2.212375304,GPS
02/01/1952,0.63797854,0.63797854,0.63797854,0.63797854,0.63797854,0.63797854,11/20/1997,2.232375304,GPS
03/01/1952,0.638910411,0.638910411,0.638910411,0.638910411,0.638910411,0.638910411,11/21/1997,2.222375304,GPS
04/01/1952,0.636613516,0.636613516,0.636613516,0.636613516,0.636613516,0.636613516,11/22/1997,2.232375304,GPS
05/01/1952,0.63935712,0.63935712,0.63935712,0.63935712,0.63935712,0.63935712,11/23/1997,2.222375304,GPS
06/01/1952,0.640260932,0.640260932,0.640260932,0.640260932,0.640260932,0.640260932,11/24/1997,2.232375304,GPS
07/01/1952,0.650300824,0.650300824,0.650300824,0.650300824,0.650300824,0.650300824,11/25/1997,2.212375304,GPS
08/01/1952,0.659460486,0.659460486,0.659460486,0.659460486,0.659460486,0.659460486,11/26/1997,2.222375304,GPS
09/01/1952,0.666196907,0.666196907,0.666196907,0.666196907,0.666196907,0.666196907,11/27/1997,2.212375304,GPS
10/01/1952,0.676731279,0.676731279,0.676731279,0.676731279,0.676731279,0.676731279,11/28/1997,2.212375304,GPS
11/01/1952,0.686072956,0.686072956,0.686072956,0.686072956,0.686072956,0.686072956,11/29/1997,2.232375304,GPS
12/01/1952,0.699488713,0.699488713,0.699488713,0.699488713,0.699488713,0.699488713,11/30/1997,2.222375304,GPS
01/01/1953,0.702971849,0.702971849,0.702971849,0.702971849,0.702971849,0.702971849,12/01/1997,2.232375304,GPS
02/01/1953,0.697140286,0.697140286,0.697140286,0.697140286,0.697140286,0.697140286,12/02/1997,2.222375304,GPS
03/01/1953,0.699405183,0.699405183,0.699405183,0.699405183,0.699405183,0.699405183,12/03/1997,2.232375304,GPS
04/01/1953,0.688532928,0.688532928,0.688532928,0.688532928,0.688532928,0.688532928,12/04/1997,2.232375304,GPS
05/01/1953,0.681117184,0.681117184,0.681117184,0.681117184,0.681117184,0.681117184,12/05/1997,2.222375304,GPS
06/01/1953,0.671422046,0.671422046,0.671422046,0.671422046,0.671422046,0.671422046,12/06/1997,2.242375304,GPS
07/01/1953,0.673960582,0.673960582,0.673960582,0.673960582,0.673960582,0.673960582,12/07/1997,2.232375304,GPS
08/01/1953,0.675636107,0.675636107,0.675636107,0.675636107,0.675636107,0.675636107,12/08/1997,2.232375304,GPS
09/01/1953,0.6683313,0.6683313,0.6683313,0.6683313,0.6683313,0.6683313,12/09/1997,2.232375304,GPS
10/01/1953,0.672881828,0.672881828,0.672881828,0.672881828,0.672881828,0.672881828,12/10/1997,2.242375304,GPS
11/01/1953,0.680446729,0.680446729,0.680446729,0.680446729,0.680446729,0.680446729,12/11/1997,2.252375304,GPS
12/01/1953,0.684408396,0.684408396,0.684408396,0.684408396,0.684408396,0.684408396,12/12/1997,2.252375304,GPS
01/01/1954,0.686169673,0.686169673,0.686169673,0.686169673,0.686169673,0.686169673,12/13/1997,2.262375304,GPS
02/01/1954,0.683018242,0.683018242,0.683018242,0.683018242,0.683018242,0.683018242,12/14/1997,2.222375304,GPS
03/01/1954,0.68411015,0.68411015,0.68411015,0.68411015,0.68411015,0.68411015,12/15/1997,2.232375304,GPS
04/01/1954,0.683917458,0.683917458,0.683917458,0.683917458,0.683917458,0.683917458,12/16/1997,2.232375304,GPS
05/01/1954,0.67959873,0.67959873,0.67959873,0.67959873,0.67959873,0.67959873,12/17/1997,2.232375304,GPS
06/01/1954,0.680784532,0.680784532,0.680784532,0.680784532,0.680784532,0.680784532,12/18/1997,2.232375304,GPS
07/01/1954,0.678513893,0.678513893,0.678513893,0.678513893,0.678513893,0.678513893,12/20/1997,2.232375304,GPS
08/01/1954,0.676253563,0.676253563,0.676253563,0.676253563,0.676253563,0.676253563,12/21/1997,2.232375304,GPS
09/01/1954,0.681498017,0.681498017,0.681498017,0.681498017,0.681498017,0.681498017,12/22/1997,2.232375304,GPS
10/01/1954,0.688389666,0.688389666,0.688389666,0.688389666,0.688389666,0.688389666,12/23/1997,2.222375304,GPS
11/01/1954,0.693600933,0.693600933,0.693600933,0.693600933,0.693600933,0.693600933,12/24/1997,2.232375304,GPS
12/01/1954,0.701095487,0.701095487,0.701095487,0.701095487,0.701095487,0.701095487,12/25/1997,2.232375304,GPS
01/01/1955,0.69752475,0.69752475,0.69752475,0.69752475,0.69752475,0.69752475,12/26/1997,2.242375304,GPS
02/01/1955,0.691198054,0.691198054,0.691198054,0.691198054,0.691198054,0.691198054,12/27/1997,2.252375304,GPS
03/01/1955,0.690351663,0.690351663,0.690351663,0.690351663,0.690351663,0.690351663,12/28/1997,2.242375304,GPS
04/01/1955,0.689516315,0.689516315,0.689516315,0.689516315,0.689516315,0.689516315,12/29/1997,2.232375304,GPS
05/01/1955,0.676236834,0.676236834,0.676236834,0.676236834,0.676236834,0.676236834,12/30/1997,2.232375304,GPS
06/01/1955,0.672912625,0.672912625,0.672912625,0.672912625,0.672912625,0.672912625,12/31/1997,2.232375304,GPS
07/01/1955,0.674898054,0.674898054,0.674898054,0.674898054,0.674898054,0.674898054,01/01/1998,2.222375304,GPS
08/01/1955,0.683320333,0.683320333,0.683320333,0.683320333,0.683320333,0.683320333,01/02/1998,2.232375304,GPS
09/01/1955,0.690405041,0.690405041,0.690405041,0.690405041,0.690405041,0.690405041,01/03/1998,2.242375304,GPS
10/01/1955,0.697228006,0.697228006,0.697228006,0.697228006,0.697228006,0.697228006,01/06/1998,2.232375304,GPS
11/01/1955,0.697543375,0.697543375,0.697543375,0.697543375,0.697543375,0.697543375,01/07/1998,2.232375304,GPS
12/01/1955,0.708907084,0.708907084,0.708907084,0.708907084,0.708907084,0.708907084,01/08/1998,2.222375304,GPS
01/01/1956,0.7118017,0.7118017,0.7118017,0.7118017,0.7118017,0.7118017,01/09/1998,2.222375304,GPS
02/01/1956,0.715372932,0.715372932,0.715372932,0.715372932,0.715372932,0.715372932,01/10/1998,2.222375304,GPS
03/01/1956,0.717788424,0.717788424,0.717788424,0.717788424,0.717788424,0.717788424,01/12/1998,2.232375304,GPS
04/01/1956,0.716809023,0.716809023,0.716809023,0.716809023,0.716809023,0.716809023,01/13/1998,2.222375304,GPS
05/01/1956,0.720651477,0.720651477,0.720651477,0.720651477,0.720651477,0.720651477,01/14/1998,2.232375304,GPS
06/01/1956,0.727820384,0.727820384,0.727820384,0.727820384,0.727820384,0.727820384,01/15/1998,2.232375304,GPS
07/01/1956,0.728316955,0.728316955,0.728316955,0.728316955,0.728316955,0.728316955,01/16/1998,2.232375304,GPS
08/01/1956,0.734193035,0.734193035,0.734193035,0.734193035,0.734193035,0.734193035,01/17/1998,2.232375304,GPS
09/01/1956,0.737002106,0.737002106,0.737002106,0.737002106,0.737002106,0.737002106,01/18/1998,2.222375304,GPS
10/01/1956,0.731646407,0.731646407,0.731646407,0.731646407,0.731646407,0.731646407,01/19/1998,2.212375304,GPS
11/01/1956,0.728205047,0.728205047,0.728205047,0.728205047,0.728205047,0.728205047,01/20/1998,2.222375304,GPS
12/01/1956,0.732010983,0.732010983,0.732010983,0.732010983,0.732010983,0.732010983,01/21/1998,2.222375304,GPS
01/01/1957,0.727156239,0.727156239,0.727156239,0.727156239,0.727156239,0.727156239,01/22/1998,2.232375304,GPS
02/01/1957,0.727705082,0.727705082,0.727705082,0.727705082,0.727705082,0.727705082,01/23/1998,2.222375304,GPS
03/01/1957,0.727995259,0.727995259,0.727995259,0.727995259,0.727995259,0.727995259,01/24/1998,2.222375304,GPS
04/01/1957,0.723756063,0.723756063,0.723756063,0.723756063,0.723756063,0.723756063,01/25/1998,2.232375304,GPS
05/01/1957,0.731402977,0.731402977,0.731402977,0.731402977,0.731402977,0.731402977,01/26/1998,2.212375304,GPS
06/01/1957,0.740448329,0.740448329,0.740448329,0.740448329,0.740448329,0.740448329,01/27/1998,2.222375304,GPS
07/01/1957,0.755491368,0.755491368,0.755491368,0.755491368,0.755491368,0.755491368,01/28/1998,2.232375304,GPS
08/01/1957,0.766655104,0.766655104,0.766655104,0.766655104,0.766655104,0.766655104,01/29/1998,2.222375304,GPS
09/01/1957,0.779908404,0.779908404,0.779908404,0.779908404,0.779908404,0.779908404,01/30/1998,2.232375304,GPS
10/01/1957,0.801301251,0.801301251,0.801301251,0.801301251,0.801301251,0.801301251,01/31/1998,2.212375304,GPS
11/01/1957,0.799362562,0.799362562,0.799362562,0.799362562,0.799362562,0.799362562,02/01/1998,2.202375304,GPS
12/01/1957,0.790093838,0.790093838,0.790093838,0.790093838,0.790093838,0.790093838,02/02/1998,2.212375304,GPS
01/01/1958,0.792017448,0.792017448,0.792017448,0.792017448,0.792017448,0.792017448,02/03/1998,2.202375304,GPS
02/01/1958,0.795449281,0.795449281,0.795449281,0.795449281,0.795449281,0.795449281,02/04/1998,2.212375304,GPS
03/01/1958,0.790177716,0.790177716,0.790177716,0.790177716,0.790177716,0.790177716,02/05/1998,2.232375304,GPS
04/01/1958,0.786863815,0.786863815,0.786863815,0.786863815,0.786863815,0.786863815,02/06/1998,2.212375304,GPS
05/01/1958,0.780404152,0.780404152,0.780404152,0.780404152,0.780404152,0.780404152,02/07/1998,2.232375304,GPS
06/01/1958,0.774773173,0.774773173,0.774773173,0.774773173,0.774773173,0.774773173,02/08/1998,2.222375304,GPS
07/01/1958,0.790415633,0.790415633,0.790415633,0.790415633,0.790415633,0.790415633,02/09/1998,2.222375304,GPS
08/01/1958,0.817736783,0.817736783,0.817736783,0.817736783,0.817736783,0.817736783,02/10/1998,2.222375304,GPS
09/01/1958,0.853662846,0.853662846,0.853662846,0.853662846,0.853662846,0.853662846,02/11/1998,2.232375304,GPS
10/01/1958,0.902147407,0.902147407,0.902147407,0.902147407,0.902147407,0.902147407,02/12/1998,2.202375304,GPS
11/01/1958,0.92646166,0.92646166,0.92646166,0.92646166,0.92646166,0.92646166,02/13/1998,2.242375304,GPS
12/01/1958,0.911613797,0.911613797,0.911613797,0.911613797,0.911613797,0.911613797,02/14/1998,2.202375304,GPS
01/01/1959,0.904086721,0.904086721,0.904086721,0.904086721,0.904086721,0.904086721,02/15/1998,2.212375304,GPS
02/01/1959,0.896105785,0.896105785,0.896105785,0.896105785,0.896105785,0.896105785,02/16/1998,2.202375304,GPS
03/01/1959,0.8885578,0.8885578,0.8885578,0.8885578,0.8885578,0.8885578,02/17/1998,2.232375304,GPS
04/01/1959,0.891638245,0.891638245,0.891638245,0.891638245,0.891638245,0.891638245,02/18/1998,2.212375304,GPS
05/01/1959,0.893962914,0.893962914,0.893962914,0.893962914,0.893962914,0.893962914,02/19/1998,2.232375304,GPS
06/01/1959,0.911935393,0.911935393,0.911935393,0.911935393,0.911935393,0.911935393,02/20/1998,2.232375304,GPS
07/01/1959,0.934009414,0.934009414,0.934009414,0.934009414,0.934009414,0.934009414,02/21/1998,2.222375304,GPS
08/01/1959,0.975230264,0.975230264,0.975230264,0.975230264,0.975230264,0.975230264,02/22/1998,2.222375304,GPS
09/01/1959,1.029465746,1.029465746,1.029465746,1.029465746,1.029465746,1.029465746,02/23/1998,2.232375304,GPS
10/01/1959,1.062622303,1.062622303,1.062622303,1.062622303,1.062622303,1.062622303,02/24/1998,2.222375304,GPS
11/01/1959,1.061087611,1.061087611,1.061087611,1.061087611,1.061087611,1.061087611,02/25/1998,2.222375304,GPS
12/01/1959,1.034287664,1.034287664,1.034287664,1.034287664,1.034287664,1.034287664,02/26/1998,2.222375304,GPS
01/01/1960,1.021484089,1.021484089,1.021484089,1.021484089,1.021484089,1.021484089,02/27/1998,2.222375304,GPS
02/01/1960,1.022925341,1.022925341,1.022925341,1.022925341,1.022925341,1.022925341,02/28/1998,2.212375304,GPS
03/01/1960,1.020640838,1.020640838,1.020640838,1.020640838,1.020640838,1.020640838,03/01/1998,2.212375304,GPS
04/01/1960,1.015195578,1.015195578,1.015195578,1.015195578,1.015195578,1.015195578,03/02/1998,2.212375304,GPS
05/01/1960,1.011425481,1.011425481,1.011425481,1.011425481,1.011425481,1.011425481,03/03/1998,2.212375304,GPS
06/01/1960,1.011340527,1.011340527,1.011340527,1.011340527,1.011340527,1.011340527,03/04/1998,2.212375304,GPS
07/01/1960,1.030806231,1.030806231,1.030806231,1.030806231,1.030806231,1.030806231,03/05/1998,2.202375304,GPS
08/01/1960,1.057737161,1.057737161,1.057737161,1.057737161,1.057737161,1.057737161,03/06/1998,2.192375304,GPS
09/01/1960,1.067032747,1.067032747,1.067032747,1.067032747,1.067032747,1.067032747,03/07/1998,2.212375304,GPS
10/01/1960,1.08224917,1.08224917,1.08224917,1.08224917,1.08224917,1.08224917,03/08/1998,2.222375304,GPS
11/01/1960,1.071878015,1.071878015,1.071878015,1.071878015,1.071878015,1.071878015,03/09/1998,2.222375304,GPS
12/01/1960,1.057479906,1.057479906,1.057479906,1.057479906,1.057479906,1.057479906,03/10/1998,2.212375304,GPS
01/01/1961,1.053580175,1.053580175,1.053580175,1.053580175,1.053580175,1.053580175,03/11/1998,2.202375304,GPS
02/01/1961,1.047275689,1.047275689,1.047275689,1.047275689,1.047275689,1.047275689,03/12/1998,2.182375304,GPS
03/01/1961,1.043411809,1.043411809,1.043411809,1.043411809,1.043411809,1.043411809,03/13/1998,2.212375304,GPS
04/01/1961,1.046466923,1.046466923,1.046466923,1.046466923,1.046466923,1.046466923,03/14/1998,2.212375304,GPS
05/01/1961,1.044450497,1.044450497,1.044450497,1.044450497,1.044450497,1.044450497,03/15/1998,2.192375304,GPS
06/01/1961,1.051433218,1.051433218,1.051433218,1.051433218,1.051433218,1.051433218,03/16/1998,2.192375304,GPS
07/01/1961,1.081039359,1.081039359,1.081039359,1.081039359,1.081039359,1.081039359,03/17/1998,2.192375304,GPS
08/01/1961,1.16034967,1.16034967,1.16034967,1.16034967,1.16034967,1.16034967,03/18/1998,2.202375304,GPS
09/01/1961,1.251875198,1.251875198,1.251875198,1.251875198,1.251875198,1.251875198,03/19/1998,2.192375304,GPS
10/01/1961,1.275219274,1.275219274,1.275219274,1.275219274,1.275219274,1.275219274,03/20/1998,2.202375304,GPS
11/01/1961,1.277356405,1.277356405,1.277356405,1.277356405,1.277356405,1.277356405,03/21/1998,2.202375304,GPS
12/01/1961,1.269865726,1.269865726,1.269865726,1.269865726,1.269865726,1.269865726,03/22/1998,2.202375304,GPS
01/01/1962,1.259547797,1.259547797,1.259547797,1.259547797,1.259547797,1.259547797,03/23/1998,2.182375304,GPS
02/01/1962,1.252944699,1.252944699,1.252944699,1.252944699,1.252944699,1.252944699,03/24/1998,2.192375304,GPS
03/01/1962,1.251441694,1.251441694,1.251441694,1.251441694,1.251441694,1.251441694,03/25/1998,2.202375304,GPS
04/01/1962,1.242707229,1.242707229,1.242707229,1.242707229,1.242707229,1.242707229,03/26/1998,2.202375304,GPS
05/01/1962,1.242280299,1.242280299,1.242280299,1.242280299,1.242280299,1.242280299,03/27/1998,2.222375304,GPS
06/01/1962,1.24990904,1.24990904,1.24990904,1.24990904,1.24990904,1.24990904,03/28/1998,2.212375304,GPS
07/01/1962,1.258694886,1.258694886,1.258694886,1.258694886,1.258694886,1.258694886,03/29/1998,2.212375304,GPS
08/01/1962,1.267147966,1.267147966,1.267147966,1.267147966,1.267147966,1.267147966,03/30/1998,2.192375304,GPS
09/01/1962,1.27370948,1.27370948,1.27370948,1.27370948,1.27370948,1.27370948,03/31/1998,2.202375304,GPS
10/01/1962,1.2867647,1.2867647,1.2867647,1.2867647,1.2867647,1.2867647,04/01/1998,2.202375304,GPS
11/01/1962,1.289714749,1.289714749,1.289714749,1.289714749,1.289714749,1.289714749,04/02/1998,2.212375304,GPS
12/01/1962,1.288125122,1.288125122,1.288125122,1.288125122,1.288125122,1.288125122,04/03/1998,2.212375304,GPS
01/01/1963,1.279355574,1.279355574,1.279355574,1.279355574,1.279355574,1.279355574,04/04/1998,2.212375304,GPS
02/01/1963,1.266229883,1.266229883,1.266229883,1.266229883,1.266229883,1.266229883,04/05/1998,2.202375304,GPS
03/01/1963,1.25894993,1.25894993,1.25894993,1.25894993,1.25894993,1.25894993,04/06/1998,2.212375304,GPS
04/01/1963,1.247401979,1.247401979,1.247401979,1.247401979,1.247401979,1.247401979,04/07/1998,2.212375304,GPS
05/01/1963,1.241130569,1.241130569,1.241130569,1.241130569,1.241130569,1.241130569,04/08/1998,2.212375304,GPS
06/01/1963,1.2345946,1.2345946,1.2345946,1.2345946,1.2345946,1.2345946,04/09/1998,2.212375304,GPS
07/01/1963,1.235833728,1.235833728,1.235833728,1.235833728,1.235833728,1.235833728,04/10/1998,2.212375304,GPS
08/01/1963,1.256871315,1.256871315,1.256871315,1.256871315,1.256871315,1.256871315,04/11/1998,2.202375304,GPS
09/01/1963,1.276598936,1.276598936,1.276598936,1.276598936,1.276598936,1.276598936,04/12/1998,2.192375304,GPS
10/01/1963,1.273814561,1.273814561,1.273814561,1.273814561,1.273814561,1.273814561,04/13/1998,2.202375304,GPS
11/01/1963,1.276544251,1.276544251,1.276544251,1.276544251,1.276544251,1.276544251,04/14/1998,2.202375304,GPS
12/01/1963,1.266619984,1.266619984,1.266619984,1.266619984,1.266619984,1.266619984,04/15/1998,2.202375304,GPS
01/01/1964,1.254492476,1.254492476,1.254492476,1.254492476,1.254492476,1.254492476,04/16/1998,2.202375304,GPS
02/01/1964,1.247218728,1.247218728,1.247218728,1.247218728,1.247218728,1.247218728,04/17/1998,2.192375304,GPS
03/01/1964,1.23261678,1.23261678,1.23261678,1.23261678,1.23261678,1.23261678,04/18/1998,2.192375304,GPS
04/01/1964,1.225113618,1.225113618,1.225113618,1.225113618,1.225113618,1.225113618,04/19/1998,2.192375304,GPS
05/01/1964,1.235033075,1.235033075,1.235033075,1.235033075,1.235033075,1.235033075,04/20/1998,2.182375304,GPS
06/01/1964,1.254967826,1.254967826,1.254967826,1.254967826,1.254967826,1.254967826,04/21/1998,2.182375304,GPS
07/01/1964,1.277662097,1.277662097,1.277662097,1.277662097,1.277662097,1.277662097,04/22/1998,2.182375304,GPS
08/01/1964,1.283364362,1.283364362,1.283364362,1.283364362,1.283364362,1.283364362,04/23/1998,2.162375304,GPS
09/01/1964,1.280988382,1.280988382,1.280988382,1.280988382,1.280988382,1.280988382,04/24/1998,2.202375304,GPS
10/01/1964,1.274862683,1.274862683,1.274862683,1.274862683,1.274862683,1.274862683,04/25/1998,2.172375304,GPS
11/01/1964,1.259876642,1.259876642,1.259876642,1.259876642,1.259876642,1.259876642,04/26/1998,2.182375304,GPS
12/01/1964,1.240183672,1.240183672,1.240183672,1.240183672,1.240183672,1.240183672,04/27/1998,2.202375304,GPS
01/01/1965,1.217361879,1.217361879,1.217361879,1.217361879,1.217361879,1.217361879,04/28/1998,2.192375304,GPS
02/01/1965,1.209438486,1.209438486,1.209438486,1.209438486,1.209438486,1.209438486,04/29/1998,2.172375304,GPS
03/01/1965,1.202026599,1.202026599,1.202026599,1.202026599,1.202026599,1.202026599,04/30/1998,2.172375304,GPS
04/01/1965,1.190118202,1.190118202,1.190118202,1.190118202,1.190118202,1.190118202,05/01/1998,2.142375304,GPS
05/01/1965,1.191267359,1.191267359,1.191267359,1.191267359,1.191267359,1.191267359,05/02/1998,2.172375304,GPS
06/01/1965,1.201767884,1.201767884,1.201767884,1.201767884,1.201767884,1.201767884,05/03/1998,2.172375304,GPS
07/01/1965,1.207878498,1.207878498,1.207878498,1.207878498,1.207878498,1.207878498,05/04/1998,2.182375304,GPS
08/01/1965,1.22498659,1.22498659,1.22498659,1.22498659,1.22498659,1.22498659,05/05/1998,2.172375304,GPS
09/01/1965,1.252235595,1.252235595,1.252235595,1.252235595,1.252235595,1.252235595,05/06/1998,2.172375304,GPS
10/01/1965,1.26520323,1.26520323,1.26520323,1.26520323,1.26520323,1.26520323,05/07/1998,2.182375304,GPS
11/01/1965,1.258163481,1.258163481,1.258163481,1.258163481,1.258163481,1.258163481,05/08/1998,2.192375304,GPS
12/01/1965,1.253417062,1.253417062,1.253417062,1.253417062,1.253417062,1.253417062,05/09/1998,2.182375304,GPS
01/01/1966,1.238763287,1.238763287,1.238763287,1.238763287,1.238763287,1.238763287,05/10/1998,2.192375304,GPS
02/01/1966,1.225726728,1.225726728,1.225726728,1.225726728,1.225726728,1.225726728,05/11/1998,2.182375304,GPS
03/01/1966,1.219729509,1.219729509,1.219729509,1.219729509,1.219729509,1.219729509,05/12/1998,2.182375304,GPS
04/01/1966,1.216115589,1.216115589,1.216115589,1.216115589,1.216115589,1.216115589,05/13/1998,2.182375304,GPS
05/01/1966,1.221802672,1.221802672,1.221802672,1.221802672,1.221802672,1.221802672,05/14/1998,2.172375304,GPS
06/01/1966,1.243108737,1.243108737,1.243108737,1.243108737,1.243108737,1.243108737,05/15/1998,2.202375304,GPS
07/01/1966,1.267386677,1.267386677,1.267386677,1.267386677,1.267386677,1.267386677,05/16/1998,2.192375304,GPS
08/01/1966,1.27850918,1.27850918,1.27850918,1.27850918,1.27850918,1.27850918,05/17/1998,2.172375304,GPS
09/01/1966,1.292744087,1.292744087,1.292744087,1.292744087,1.292744087,1.292744087,05/18/1998,2.192375304,GPS
10/01/1966,1.299903548,1.299903548,1.299903548,1.299903548,1.299903548,1.299903548,05/19/1998,2.182375304,GPS
11/01/1966,1.307306128,1.307306128,1.307306128,1.307306128,1.307306128,1.307306128,05/20/1998,2.192375304,GPS
12/01/1966,1.304197733,1.304197733,1.304197733,1.304197733,1.304197733,1.304197733,05/21/1998,2.192375304,GPS
01/01/1967,1.28336722,1.28336722,1.28336722,1.28336722,1.28336722,1.28336722,05/22/1998,2.182375304,GPS
02/01/1967,1.275654842,1.275654842,1.275654842,1.275654842,1.275654842,1.275654842,05/23/1998,2.192375304,GPS
03/01/1967,1.259480473,1.259480473,1.259480473,1.259480473,1.259480473,1.259480473,05/24/1998,2.202375304,GPS
04/01/1967,1.249757082,1.249757082,1.249757082,1.249757082,1.249757082,1.249757082,05/25/1998,2.212375304,GPS
05/01/1967,1.241046544,1.241046544,1.241046544,1.241046544,1.241046544,1.241046544,05/26/1998,2.202375304,GPS
06/01/1967,1.238203665,1.238203665,1.238203665,1.238203665,1.238203665,1.238203665,05/27/1998,2.222375304,GPS
07/01/1967,1.23601294,1.23601294,1.23601294,1.23601294,1.23601294,1.23601294,05/28/1998,2.212375304,GPS
08/01/1967,1.245417895,1.245417895,1.245417895,1.245417895,1.245417895,1.245417895,05/29/1998,2.212375304,GPS
09/01/1967,1.259345164,1.259345164,1.259345164,1.259345164,1.259345164,1.259345164,05/30/1998,2.222375304,GPS
10/01/1967,1.276057565,1.276057565,1.276057565,1.276057565,1.276057565,1.276057565,05/31/1998,2.192375304,GPS
11/01/1967,1.279365994,1.279365994,1.279365994,1.279365994,1.279365994,1.279365994,06/01/1998,2.212375304,GPS
12/01/1967,1.275992685,1.275992685,1.275992685,1.275992685,1.275992685,1.275992685,06/02/1998,2.192375304,GPS
01/01/1968,1.26492712,1.26492712,1.26492712,1.26492712,1.26492712,1.26492712,06/03/1998,2.212375304,GPS
02/01/1968,1.258463251,1.258463251,1.258463251,1.258463251,1.258463251,1.258463251,06/04/1998,2.212375304,GPS
03/01/1968,1.24985834,1.24985834,1.24985834,1.24985834,1.24985834,1.24985834,06/05/1998,2.192375304,GPS
04/01/1968,1.237126024,1.237126024,1.237126024,1.237126024,1.237126024,1.237126024,06/06/1998,2.192375304,GPS
05/01/1968,1.239825635,1.239825635,1.239825635,1.239825635,1.239825635,1.239825635,06/07/1998,2.212375304,GPS
06/01/1968,1.248683464,1.248683464,1.248683464,1.248683464,1.248683464,1.248683464,06/08/1998,2.192375304,GPS
07/01/1968,1.266382879,1.266382879,1.266382879,1.266382879,1.266382879,1.266382879,06/09/1998,2.212375304,GPS
08/01/1968,1.285934865,1.285934865,1.285934865,1.285934865,1.285934865,1.285934865,06/10/1998,2.192375304,GPS
09/01/1968,1.305832576,1.305832576,1.305832576,1.305832576,1.305832576,1.305832576,06/11/1998,2.212375304,GPS
10/01/1968,1.314911953,1.314911953,1.314911953,1.314911953,1.314911953,1.314911953,06/12/1998,2.202375304,GPS
11/01/1968,1.317409275,1.317409275,1.317409275,1.317409275,1.317409275,1.317409275,06/13/1998,2.212375304,GPS
12/01/1968,1.293541408,1.293541408,1.293541408,1.293541408,1.293541408,1.293541408,06/14/1998,2.222375304,GPS
01/01/1969,1.26564781,1.26564781,1.26564781,1.26564781,1.26564781,1.26564781,06/15/1998,2.222375304,GPS
02/01/1969,1.257845955,1.257845955,1.257845955,1.257845955,1.257845955,1.257845955,06/16/1998,2.182375304,GPS
03/01/1969,1.254067811,1.254067811,1.254067811,1.254067811,1.254067811,1.254067811,06/17/1998,2.202375304,GPS
04/01/1969,1.235762762,1.235762762,1.235762762,1.235762762,1.235762762,1.235762762,06/18/1998,2.202375304,GPS
05/01/1969,1.224951407,1.224951407,1.224951407,1.224951407,1.224951407,1.224951407,06/19/1998,2.212375304,GPS
06/01/1969,1.232931959,1.232931959,1.232931959,1.232931959,1.232931959,1.232931959,07/09/1998,2.252375304,GPS
07/01/1969,1.25879817,1.25879817,1.25879817,1.25879817,1.25879817,1.25879817,07/10/1998,2.262375304,GPS
08/01/1969,1.275039931,1.275039931,1.275039931,1.275039931,1.275039931,1.275039931,07/11/1998,2.252375304,GPS
09/01/1969,1.296285354,1.296285354,1.296285354,1.296285354,1.296285354,1.296285354,07/12/1998,2.262375304,GPS
10/01/1969,1.293076899,1.293076899,1.293076899,1.293076899,1.293076899,1.293076899,07/13/1998,2.242375304,GPS
11/01/1969,1.289675241,1.289675241,1.289675241,1.289675241,1.289675241,1.289675241,07/14/1998,2.252375304,GPS
12/01/1969,1.286395122,1.286395122,1.286395122,1.286395122,1.286395122,1.286395122,07/15/1998,2.232375304,GPS
01/01/1970,1.275724903,1.275724903,1.275724903,1.275724903,1.275724903,1.275724903,07/16/1998,2.242375304,GPS
02/01/1970,1.249060321,1.249060321,1.249060321,1.249060321,1.249060321,1.249060321,07/17/1998,2.252375304,GPS
03/01/1970,1.224270312,1.224270312,1.224270312,1.224270312,1.224270312,1.224270312,07/18/1998,2.262375304,GPS
04/01/1970,1.210898236,1.210898236,1.210898236,1.210898236,1.210898236,1.210898236,07/19/1998,2.252375304,GPS
05/01/1970,1.212049636,1.212049636,1.212049636,1.212049636,1.212049636,1.212049636,07/20/1998,2.252375304,GPS
06/01/1970,1.227166152,1.227166152,1.227166152,1.227166152,1.227166152,1.227166152,07/21/1998,2.262375304,GPS
07/01/1970,1.23852197,1.23852197,1.23852197,1.23852197,1.23852197,1.23852197,07/22/1998,2.242375304,GPS
08/01/1970,1.24339395,1.24339395,1.24339395,1.24339395,1.24339395,1.24339395,07/23/1998,2.272375304,GPS
09/01/1970,1.244407493,1.244407493,1.244407493,1.244407493,1.244407493,1.244407493,07/24/1998,2.262375304,GPS
10/01/1970,1.245541758,1.245541758,1.245541758,1.245541758,1.245541758,1.245541758,07/25/1998,2.282375304,GPS
11/01/1970,1.243668312,1.243668312,1.243668312,1.243668312,1.243668312,1.243668312,07/26/1998,2.272375304,GPS
12/01/1970,1.238776167,1.238776167,1.238776167,1.238776167,1.238776167,1.238776167,07/27/1998,2.282375304,GPS
01/01/1971,1.233046033,1.233046033,1.233046033,1.233046033,1.233046033,1.233046033,07/28/1998,2.262375304,GPS
02/01/1971,1.230662443,1.230662443,1.230662443,1.230662443,1.230662443,1.230662443,07/29/1998,2.272375304,GPS
03/01/1971,1.224051893,1.224051893,1.224051893,1.224051893,1.224051893,1.224051893,07/30/1998,2.262375304,GPS
04/01/1971,1.21673098,1.21673098,1.21673098,1.21673098,1.21673098,1.21673098,07/31/1998,2.292375304,GPS
05/01/1971,1.210801187,1.210801187,1.210801187,1.210801187,1.210801187,1.210801187,08/01/1998,2.282375304,GPS
06/01/1971,1.211913387,1.211913387,1.211913387,1.211913387,1.211913387,1.211913387,08/02/1998,2.262375304,GPS
07/01/1971,1.2181113,1.2181113,1.2181113,1.2181113,1.2181113,1.2181113,08/03/1998,2.262375304,GPS
08/01/1971,1.224319475,1.224319475,1.224319475,1.224319475,1.224319475,1.224319475,08/04/1998,2.262375304,GPS
09/01/1971,1.233884388,1.233884388,1.233884388,1.233884388,1.233884388,1.233884388,08/05/1998,2.282375304,GPS
10/01/1971,1.24200085,1.24200085,1.24200085,1.24200085,1.24200085,1.24200085,08/06/1998,2.262375304,GPS
11/01/1971,1.249692752,1.249692752,1.249692752,1.249692752,1.249692752,1.249692752,08/07/1998,2.272375304,GPS
12/01/1971,1.260861193,1.260861193,1.260861193,1.260861193,1.260861193,1.260861193,08/08/1998,2.272375304,GPS
01/01/1972,1.260882332,1.260882332,1.260882332,1.260882332,1.260882332,1.260882332,08/09/1998,2.262375304,GPS
02/01/1972,1.259350641,1.259350641,1.259350641,1.259350641,1.259350641,1.259350641,08/10/1998,2.272375304,GPS
03/01/1972,1.248933574,1.248933574,1.248933574,1.248933574,1.248933574,1.248933574,08/11/1998,2.252375304,GPS
04/01/1972,1.239416014,1.239416014,1.239416014,1.239416014,1.239416014,1.239416014,08/12/1998,2.262375304,GPS
05/01/1972,1.241568511,1.241568511,1.241568511,1.241568511,1.241568511,1.241568511,08/13/1998,2.282375304,GPS
06/01/1972,1.241939726,1.241939726,1.241939726,1.241939726,1.241939726,1.241939726,08/14/1998,2.282375304,GPS
07/01/1972,1.236766454,1.236766454,1.236766454,1.236766454,1.236766454,1.236766454,08/15/1998,2.25,Leveling
08/01/1972,1.231758939,1.231758939,1.231758939,1.231758939,1.231758939,1.231758939,08/15/1998,2.252375304,GPS
09/01/1972,1.230611244,1.230611244,1.230611244,1.230611244,1.230611244,1.230611244,08/16/1998,2.282375304,GPS
10/01/1972,1.233365119,1.233365119,1.233365119,1.233365119,1.233365119,1.233365119,08/17/1998,2.282375304,GPS
11/01/1972,1.238239251,1.238239251,1.238239251,1.238239251,1.238239251,1.238239251,08/18/1998,2.292375304,GPS
12/01/1972,1.238954408,1.238954408,1.238954408,1.238954408,1.238954408,1.238954408,08/19/1998,2.282375304,GPS
01/01/1973,1.226778477,1.226778477,1.226778477,1.226778477,1.226778477,1.226778477,08/20/1998,2.282375304,GPS
02/01/1973,1.222858836,1.222858836,1.222858836,1.222858836,1.222858836,1.222858836,08/21/1998,2.282375304,GPS
03/01/1973,1.21205472,1.21205472,1.21205472,1.21205472,1.21205472,1.21205472,08/22/1998,2.292375304,GPS
04/01/1973,1.198268963,1.198268963,1.198268963,1.198268963,1.198268963,1.198268963,08/23/1998,2.272375304,GPS
05/01/1973,1.194629966,1.194629966,1.194629966,1.194629966,1.194629966,1.194629966,08/24/1998,2.292375304,GPS
06/01/1973,1.198729955,1.198729955,1.198729955,1.198729955,1.198729955,1.198729955,08/25/1998,2.282375304,GPS
07/01/1973,1.207821572,1.207821572,1.207821572,1.207821572,1.207821572,1.207821572,08/26/1998,2.272375304,GPS
08/01/1973,1.212389555,1.212389555,1.212389555,1.212389555,1.212389555,1.212389555,08/27/1998,2.262375304,GPS
09/01/1973,1.21569915,1.21569915,1.21569915,1.21569915,1.21569915,1.21569915,08/28/1998,2.282375304,GPS
10/01/1973,1.231220414,1.231220414,1.231220414,1.231220414,1.231220414,1.231220414,08/29/1998,2.272375304,GPS
11/01/1973,1.241951811,1.241951811,1.241951811,1.241951811,1.241951811,1.241951811,08/30/1998,2.262375304,GPS
12/01/1973,1.250831668,1.250831668,1.250831668,1.250831668,1.250831668,1.250831668,08/31/1998,2.272375304,GPS
01/01/1974,1.252141384,1.252141384,1.252141384,1.252141384,1.252141384,1.252141384,09/01/1998,2.262375304,GPS
02/01/1974,1.258233324,1.258233324,1.258233324,1.258233324,1.258233324,1.258233324,09/02/1998,2.252375304,GPS
03/01/1974,1.257648058,1.257648058,1.257648058,1.257648058,1.257648058,1.257648058,09/03/1998,2.262375304,GPS
04/01/1974,1.248044872,1.248044872,1.248044872,1.248044872,1.248044872,1.248044872,09/04/1998,2.252375304,GPS
05/01/1974,1.244443003,1.244443003,1.244443003,1.244443003,1.244443003,1.244443003,09/05/1998,2.272375304,GPS
06/01/1974,1.241090876,1.241090876,1.241090876,1.241090876,1.241090876,1.241090876,09/06/1998,2.262375304,GPS
07/01/1974,1.246632862,1.246632862,1.246632862,1.246632862,1.246632862,1.246632862,09/07/1998,2.272375304,GPS
08/01/1974,1.252958667,1.252958667,1.252958667,1.252958667,1.252958667,1.252958667,09/08/1998,2.262375304,GPS
09/01/1974,1.265421642,1.265421642,1.265421642,1.265421642,1.265421642,1.265421642,09/09/1998,2.222375304,GPS
10/01/1974,1.275477276,1.275477276,1.275477276,1.275477276,1.275477276,1.275477276,09/10/1998,2.282375304,GPS
11/01/1974,1.284227227,1.284227227,1.284227227,1.284227227,1.284227227,1.284227227,09/11/1998,2.302375304,GPS
12/01/1974,1.290056732,1.290056732,1.290056732,1.290056732,1.290056732,1.290056732,09/12/1998,2.282375304,GPS
01/01/1975,1.29118256,1.29118256,1.29118256,1.29118256,1.29118256,1.29118256,09/13/1998,2.282375304,GPS
02/01/1975,1.285471019,1.285471019,1.285471019,1.285471019,1.285471019,1.285471019,09/14/1998,2.252375304,GPS
03/01/1975,1.283901343,1.283901343,1.283901343,1.283901343,1.283901343,1.283901343,09/15/1998,2.262375304,GPS
04/01/1975,1.282622606,1.282622606,1.282622606,1.282622606,1.282622606,1.282622606,09/16/1998,2.252375304,GPS
05/01/1975,1.274165479,1.274165479,1.274165479,1.274165479,1.274165479,1.274165479,09/17/1998,2.292375304,GPS
06/01/1975,1.272177254,1.272177254,1.272177254,1.272177254,1.272177254,1.272177254,09/18/1998,2.292375304,GPS
07/01/1975,1.273582863,1.273582863,1.273582863,1.273582863,1.273582863,1.273582863,09/19/1998,2.272375304,GPS
08/01/1975,1.275264665,1.275264665,1.275264665,1.275264665,1.275264665,1.275264665,09/20/1998,2.262375304,GPS
09/01/1975,1.281911439,1.281911439,1.281911439,1.281911439,1.281911439,1.281911439,09/21/1998,2.292375304,GPS
10/01/1975,1.288517062,1.288517062,1.288517062,1.288517062,1.288517062,1.288517062,09/22/1998,2.302375304,GPS
11/01/1975,1.297318151,1.297318151,1.297318151,1.297318151,1.297318151,1.297318151,09/23/1998,2.272375304,GPS
12/01/1975,1.305452833,1.305452833,1.305452833,1.305452833,1.305452833,1.305452833,09/24/1998,2.292375304,GPS
01/01/1976,1.310646376,1.310646376,1.310646376,1.310646376,1.310646376,1.310646376,09/25/1998,2.252375304,GPS
02/01/1976,1.314149161,1.314149161,1.314149161,1.314149161,1.314149161,1.314149161,09/26/1998,2.272375304,GPS
03/01/1976,1.317792853,1.317792853,1.317792853,1.317792853,1.317792853,1.317792853,09/27/1998,2.282375304,GPS
04/01/1976,1.326978777,1.326978777,1.326978777,1.326978777,1.326978777,1.326978777,09/28/1998,2.282375304,GPS
05/01/1976,1.331908844,1.331908844,1.331908844,1.331908844,1.331908844,1.331908844,09/29/1998,2.272375304,GPS
06/01/1976,1.340308861,1.340308861,1.340308861,1.340308861,1.340308861,1.340308861,09/30/1998,2.252375304,GPS
07/01/1976,1.348561487,1.348561487,1.348561487,1.348561487,1.348561487,1.348561487,10/01/1998,2.262375304,GPS
08/01/1976,1.360055326,1.360055326,1.360055326,1.360055326,1.360055326,1.360055326,10/02/1998,2.262375304,GPS
09/01/1976,1.370606176,1.370606176,1.370606176,1.370606176,1.370606176,1.370606176,10/03/1998,2.252375304,GPS
10/01/1976,1.375376223,1.375376223,1.375376223,1.375376223,1.375376223,1.375376223,10/04/1998,2.262375304,GPS
11/01/1976,1.382609984,1.382609984,1.382609984,1.382609984,1.382609984,1.382609984,10/05/1998,2.242375304,GPS
12/01/1976,1.391485676,1.391485676,1.391485676,1.391485676,1.391485676,1.391485676,10/06/1998,2.252375304,GPS
01/01/1977,1.397755984,1.397755984,1.397755984,1.397755984,1.397755984,1.397755984,10/07/1998,2.262375304,GPS
02/01/1977,1.40799216,1.40799216,1.40799216,1.40799216,1.40799216,1.40799216,10/09/1998,2.262375304,GPS
03/01/1977,1.419040643,1.419040643,1.419040643,1.419040643,1.419040643,1.419040643,10/10/1998,2.262375304,GPS
04/01/1977,1.426120022,1.426120022,1.426120022,1.426120022,1.426120022,1.426120022,10/11/1998,2.242375304,GPS
05/01/1977,1.436614113,1.436614113,1.436614113,1.436614113,1.436614113,1.436614113,10/12/1998,2.252375304,GPS
06/01/1977,1.44486346,1.44486346,1.44486346,1.44486346,1.44486346,1.44486346,10/13/1998,2.252375304,GPS
07/01/1977,1.452457569,1.452457569,1.452457569,1.452457569,1.452457569,1.452457569,10/14/1998,2.242375304,GPS
08/01/1977,1.453648655,1.453648655,1.453648655,1.453648655,1.453648655,1.453648655,10/15/1998,2.242375304,GPS
09/01/1977,1.457450978,1.457450978,1.457450978,1.457450978,1.457450978,1.457450978,10/16/1998,2.252375304,GPS
10/01/1977,1.463184275,1.463184275,1.463184275,1.463184275,1.463184275,1.463184275,10/17/1998,2.252375304,GPS
11/01/1977,1.471522069,1.471522069,1.471522069,1.471522069,1.471522069,1.471522069,10/18/1998,2.272375304,GPS
12/01/1977,1.474895623,1.474895623,1.474895623,1.474895623,1.474895623,1.474895623,10/19/1998,2.252375304,GPS
01/01/1978,1.470535545,1.470535545,1.470535545,1.470535545,1.470535545,1.470535545,10/20/1998,2.252375304,GPS
02/01/1978,1.466560657,1.466560657,1.466560657,1.466560657,1.466560657,1.466560657,10/21/1998,2.242375304,GPS
03/01/1978,1.463082306,1.463082306,1.463082306,1.463082306,1.463082306,1.463082306,10/22/1998,2.242375304,GPS
04/01/1978,1.458976011,1.458976011,1.458976011,1.458976011,1.458976011,1.458976011,10/23/1998,2.242375304,GPS
05/01/1978,1.456543393,1.456543393,1.456543393,1.456543393,1.456543393,1.456543393,11/11/1998,2.212375304,GPS
06/01/1978,1.461501261,1.461501261,1.461501261,1.461501261,1.461501261,1.461501261,11/24/1998,2.252375304,GPS
07/01/1978,1.466734747,1.466734747,1.466734747,1.466734747,1.466734747,1.466734747,11/25/1998,2.242375304,GPS
08/01/1978,1.471474731,1.471474731,1.471474731,1.471474731,1.471474731,1.471474731,11/26/1998,2.222375304,GPS
09/01/1978,1.476710382,1.476710382,1.476710382,1.476710382,1.476710382,1.476710382,11/27/1998,2.212375304,GPS
10/01/1978,1.486935971,1.486935971,1.486935971,1.486935971,1.486935971,1.486935971,11/28/1998,2.222375304,GPS
11/01/1978,1.496794,1.496794,1.496794,1.496794,1.496794,1.496794,11/29/1998,2.232375304,GPS
12/01/1978,1.502363646,1.502363646,1.502363646,1.502363646,1.502363646,1.502363646,11/30/1998,2.242375304,GPS
01/01/1979,1.502921294,1.502921294,1.502921294,1.502921294,1.502921294,1.502921294,12/01/1998,2.222375304,GPS
02/01/1979,1.500652415,1.500652415,1.500652415,1.500652415,1.500652415,1.500652415,12/02/1998,2.222375304,GPS
03/01/1979,1.497378625,1.497378625,1.497378625,1.497378625,1.497378625,1.497378625,12/03/1998,2.212375304,GPS
04/01/1979,1.493876132,1.493876132,1.493876132,1.493876132,1.493876132,1.493876132,12/04/1998,2.232375304,GPS
05/01/1979,1.487183433,1.487183433,1.487183433,1.487183433,1.487183433,1.487183433,12/05/1998,2.252375304,GPS
06/01/1979,1.486997594,1.486997594,1.486997594,1.486997594,1.486997594,1.486997594,12/06/1998,2.232375304,GPS
07/01/1979,1.494085373,1.494085373,1.494085373,1.494085373,1.494085373,1.494085373,12/07/1998,2.242375304,GPS
08/01/1979,1.49667886,1.49667886,1.49667886,1.49667886,1.49667886,1.49667886,12/08/1998,2.272375304,GPS
09/01/1979,1.504419912,1.504419912,1.504419912,1.504419912,1.504419912,1.504419912,12/16/1998,2.252375304,GPS
10/01/1979,1.509004126,1.509004126,1.509004126,1.509004126,1.509004126,1.509004126,12/17/1998,2.222375304,GPS
11/01/1979,1.516166196,1.516166196,1.516166196,1.516166196,1.516166196,1.516166196,12/18/1998,2.232375304,GPS
12/01/1979,1.525636524,1.525636524,1.525636524,1.525636524,1.525636524,1.525636524,12/19/1998,2.242375304,GPS
01/01/1980,1.533773949,1.533773949,1.533773949,1.533773949,1.533773949,1.533773949,12/20/1998,2.242375304,GPS
02/01/1980,1.536582789,1.536582789,1.536582789,1.536582789,1.536582789,1.536582789,12/21/1998,2.252375304,GPS
03/01/1980,1.536148693,1.536148693,1.536148693,1.536148693,1.536148693,1.536148693,12/22/1998,2.252375304,GPS
04/01/1980,1.528645626,1.528645626,1.528645626,1.528645626,1.528645626,1.528645626,12/23/1998,2.262375304,GPS
05/01/1980,1.513200923,1.513200923,1.513200923,1.513200923,1.513200923,1.513200923,12/24/1998,2.242375304,GPS
06/01/1980,1.50646478,1.50646478,1.50646478,1.50646478,1.50646478,1.50646478,12/25/1998,2.252375304,GPS
07/01/1980,1.515813495,1.515813495,1.515813495,1.515813495,1.515813495,1.515813495,12/26/1998,2.222375304,GPS
08/01/1980,1.515631617,1.515631617,1.515631617,1.515631617,1.515631617,1.515631617,12/27/1998,2.252375304,GPS
09/01/1980,1.52093553,1.52093553,1.52093553,1.52093553,1.52093553,1.52093553,12/28/1998,2.232375304,GPS
10/01/1980,1.524019813,1.524019813,1.524019813,1.524019813,1.524019813,1.524019813,12/29/1998,2.242375304,GPS
11/01/1980,1.53594609,1.53594609,1.53594609,1.53594609,1.53594609,1.53594609,12/30/1998,2.222375304,GPS
12/01/1980,1.539198311,1.539198311,1.539198311,1.539198311,1.539198311,1.539198311,12/31/1998,2.222375304,GPS
01/01/1981,1.542544285,1.542544285,1.542544285,1.542544285,1.542544285,1.542544285,01/01/1999,2.242375304,GPS
02/01/1981,1.543279722,1.543279722,1.543279722,1.543279722,1.543279722,1.543279722,01/02/1999,2.222375304,GPS
03/01/1981,1.542360739,1.542360739,1.542360739,1.542360739,1.542360739,1.542360739,01/03/1999,2.242375304,GPS
04/01/1981,1.54296438,1.54296438,1.54296438,1.54296438,1.54296438,1.54296438,01/04/1999,2.262375304,GPS
05/01/1981,1.543210434,1.543210434,1.543210434,1.543210434,1.543210434,1.543210434,01/05/1999,2.232375304,GPS
06/01/1981,1.545362051,1.545362051,1.545362051,1.545362051,1.545362051,1.545362051,01/06/1999,2.242375304,GPS
07/01/1981,1.546146656,1.546146656,1.546146656,1.546146656,1.546146656,1.546146656,01/07/1999,2.252375304,GPS
08/01/1981,1.554059915,1.554059915,1.554059915,1.554059915,1.554059915,1.554059915,01/08/1999,2.232375304,GPS
09/01/1981,1.560815187,1.560815187,1.560815187,1.560815187,1.560815187,1.560815187,01/09/1999,2.232375304,GPS
10/01/1981,1.570861296,1.570861296,1.570861296,1.570861296,1.570861296,1.570861296,01/10/1999,2.232375304,GPS
11/01/1981,1.577300356,1.577300356,1.577300356,1.577300356,1.577300356,1.577300356,01/11/1999,2.222375304,GPS
12/01/1981,1.585142677,1.585142677,1.585142677,1.585142677,1.585142677,1.585142677,01/12/1999,2.212375304,GPS
01/01/1982,1.581148852,1.581148852,1.581148852,1.581148852,1.581148852,1.581148852,01/13/1999,2.222375304,GPS
02/01/1982,1.575055245,1.575055245,1.575055245,1.575055245,1.575055245,1.575055245,01/14/1999,2.212375304,GPS
03/01/1982,1.562446202,1.562446202,1.562446202,1.562446202,1.562446202,1.562446202,01/15/1999,2.212375304,GPS
04/01/1982,1.54940504,1.54940504,1.54940504,1.54940504,1.54940504,1.54940504,01/16/1999,2.202375304,GPS
05/01/1982,1.537130418,1.537130418,1.537130418,1.537130418,1.537130418,1.537130418,01/17/1999,2.212375304,GPS
06/01/1982,1.528418052,1.528418052,1.528418052,1.528418052,1.528418052,1.528418052,01/18/1999,2.212375304,GPS
07/01/1982,1.529012476,1.529012476,1.529012476,1.529012476,1.529012476,1.529012476,01/19/1999,2.222375304,GPS
08/01/1982,1.535931621,1.535931621,1.535931621,1.535931621,1.535931621,1.535931621,01/20/1999,2.222375304,GPS
09/01/1982,1.547466961,1.547466961,1.547466961,1.547466961,1.547466961,1.547466961,01/21/1999,2.232375304,GPS
10/01/1982,1.560921654,1.560921654,1.560921654,1.560921654,1.560921654,1.560921654,01/22/1999,2.232375304,GPS
11/01/1982,1.56168557,1.56168557,1.56168557,1.56168557,1.56168557,1.56168557,01/23/1999,2.242375304,GPS
12/01/1982,1.555663255,1.555663255,1.555663255,1.555663255,1.555663255,1.555663255,01/24/1999,2.232375304,GPS
01/01/1983,1.543712273,1.543712273,1.543712273,1.543712273,1.543712273,1.543712273,01/25/1999,2.222375304,GPS
02/01/1983,1.524932944,1.524932944,1.524932944,1.524932944,1.524932944,1.524932944,01/26/1999,2.222375304,GPS
03/01/1983,1.513950302,1.513950302,1.513950302,1.513950302,1.513950302,1.513950302,01/27/1999,2.232375304,GPS
04/01/1983,1.495444975,1.495444975,1.495444975,1.495444975,1.495444975,1.495444975,01/28/1999,2.232375304,GPS
05/01/1983,1.479527282,1.479527282,1.479527282,1.479527282,1.479527282,1.479527282,01/29/1999,2.222375304,GPS
06/01/1983,1.485173824,1.485173824,1.485173824,1.485173824,1.485173824,1.485173824,01/30/1999,2.192375304,GPS
07/01/1983,1.496807353,1.496807353,1.496807353,1.496807353,1.496807353,1.496807353,01/31/1999,2.212375304,GPS
08/01/1983,1.517163466,1.517163466,1.517163466,1.517163466,1.517163466,1.517163466,02/01/1999,2.212375304,GPS
09/01/1983,1.526605094,1.526605094,1.526605094,1.526605094,1.526605094,1.526605094,02/02/1999,2.222375304,GPS
10/01/1983,1.533620147,1.533620147,1.533620147,1.533620147,1.533620147,1.533620147,02/03/1999,2.212375304,GPS
11/01/1983,1.52705233,1.52705233,1.52705233,1.52705233,1.52705233,1.52705233,02/04/1999,2.222375304,GPS
12/01/1983,1.514250997,1.514250997,1.514250997,1.514250997,1.514250997,1.514250997,02/05/1999,2.222375304,GPS
01/01/1984,1.50570966,1.50570966,1.50570966,1.50570966,1.50570966,1.50570966,02/06/1999,2.202375304,GPS
02/01/1984,1.495367084,1.495367084,1.495367084,1.495367084,1.495367084,1.495367084,02/07/1999,2.202375304,GPS
03/01/1984,1.488264267,1.488264267,1.488264267,1.488264267,1.488264267,1.488264267,02/08/1999,2.212375304,GPS
04/01/1984,1.488203954,1.488203954,1.488203954,1.488203954,1.488203954,1.488203954,02/09/1999,2.192375304,GPS
05/01/1984,1.497226386,1.497226386,1.497226386,1.497226386,1.497226386,1.497226386,02/10/1999,2.232375304,GPS
06/01/1984,1.527085862,1.527085862,1.527085862,1.527085862,1.527085862,1.527085862,02/11/1999,2.232375304,GPS
07/01/1984,1.568795492,1.568795492,1.568795492,1.568795492,1.568795492,1.568795492,02/12/1999,2.242375304,GPS
08/01/1984,1.633564458,1.633564458,1.633564458,1.633564458,1.633564458,1.633564458,02/13/1999,2.232375304,GPS
09/01/1984,1.663634707,1.663634707,1.663634707,1.663634707,1.663634707,1.663634707,02/14/1999,2.232375304,GPS
10/01/1984,1.671220306,1.671220306,1.671220306,1.671220306,1.671220306,1.671220306,02/15/1999,2.222375304,GPS
11/01/1984,1.664816033,1.664816033,1.664816033,1.664816033,1.664816033,1.664816033,02/16/1999,2.222375304,GPS
12/01/1984,1.654919844,1.654919844,1.654919844,1.654919844,1.654919844,1.654919844,04/16/1999,2.212375304,GPS
01/01/1985,1.640552792,1.640552792,1.640552792,1.640552792,1.640552792,1.640552792,04/17/1999,2.202375304,GPS
02/01/1985,1.626524713,1.626524713,1.626524713,1.626524713,1.626524713,1.626524713,04/18/1999,2.232375304,GPS
03/01/1985,1.616154974,1.616154974,1.616154974,1.616154974,1.616154974,1.616154974,04/20/1999,2.212375304,GPS
04/01/1985,1.60165414,1.60165414,1.60165414,1.60165414,1.60165414,1.60165414,04/21/1999,2.182375304,GPS
05/01/1985,1.598907936,1.598907936,1.598907936,1.598907936,1.598907936,1.598907936,04/22/1999,2.202375304,GPS
06/01/1985,1.6017886,1.6017886,1.6017886,1.6017886,1.6017886,1.6017886,04/23/1999,2.222375304,GPS
07/01/1985,1.607017234,1.607017234,1.607017234,1.607017234,1.607017234,1.607017234,04/24/1999,2.202375304,GPS
08/01/1985,1.612238173,1.612238173,1.612238173,1.612238173,1.612238173,1.612238173,04/25/1999,2.212375304,GPS
09/01/1985,1.621987379,1.621987379,1.621987379,1.621987379,1.621987379,1.621987379,04/26/1999,2.212375304,GPS
10/01/1985,1.632361553,1.632361553,1.632361553,1.632361553,1.632361553,1.632361553,04/27/1999,2.222375304,GPS
11/01/1985,1.631396791,1.631396791,1.631396791,1.631396791,1.631396791,1.631396791,04/28/1999,2.222375304,GPS
12/01/1985,1.628887157,1.628887157,1.628887157,1.628887157,1.628887157,1.628887157,04/29/1999,2.232375304,GPS
01/01/1986,1.625712121,1.625712121,1.625712121,1.625712121,1.625712121,1.625712121,05/01/1999,2.222375304,GPS
02/01/1986,1.622324696,1.622324696,1.622324696,1.622324696,1.622324696,1.622324696,05/02/1999,2.212375304,GPS
03/01/1986,1.621430149,1.621430149,1.621430149,1.621430149,1.621430149,1.621430149,05/03/1999,2.232375304,GPS
04/01/1986,1.615944362,1.615944362,1.615944362,1.615944362,1.615944362,1.615944362,05/04/1999,2.222375304,GPS
05/01/1986,1.619319383,1.619319383,1.619319383,1.619319383,1.619319383,1.619319383,05/05/1999,2.222375304,GPS
06/01/1986,1.631159208,1.631159208,1.631159208,1.631159208,1.631159208,1.631159208,05/06/1999,2.232375304,GPS
07/01/1986,1.644704878,1.644704878,1.644704878,1.644704878,1.644704878,1.644704878,05/07/1999,2.232375304,GPS
08/01/1986,1.65558916,1.65558916,1.65558916,1.65558916,1.65558916,1.65558916,05/08/1999,2.222375304,GPS
09/01/1986,1.664677266,1.664677266,1.664677266,1.664677266,1.664677266,1.664677266,05/09/1999,2.232375304,GPS
10/01/1986,1.67267192,1.67267192,1.67267192,1.67267192,1.67267192,1.67267192,05/10/1999,2.242375304,GPS
11/01/1986,1.67067132,1.67067132,1.67067132,1.67067132,1.67067132,1.67067132,05/11/1999,2.232375304,GPS
12/01/1986,1.662549373,1.662549373,1.662549373,1.662549373,1.662549373,1.662549373,05/12/1999,2.232375304,GPS
01/01/1987,1.64636151,1.64636151,1.64636151,1.64636151,1.64636151,1.64636151,05/13/1999,2.232375304,GPS
02/01/1987,1.627497643,1.627497643,1.627497643,1.627497643,1.627497643,1.627497643,05/14/1999,2.252375304,GPS
03/01/1987,1.621425228,1.621425228,1.621425228,1.621425228,1.621425228,1.621425228,05/15/1999,2.262375304,GPS
04/01/1987,1.632815586,1.632815586,1.632815586,1.632815586,1.632815586,1.632815586,05/16/1999,2.282375304,GPS
05/01/1987,1.642270537,1.642270537,1.642270537,1.642270537,1.642270537,1.642270537,05/17/1999,2.272375304,GPS
06/01/1987,1.640087253,1.640087253,1.640087253,1.640087253,1.640087253,1.640087253,05/18/1999,2.262375304,GPS
07/01/1987,1.660859385,1.660859385,1.660859385,1.660859385,1.660859385,1.660859385,05/19/1999,2.282375304,GPS
08/01/1987,1.677085714,1.677085714,1.677085714,1.677085714,1.677085714,1.677085714,05/20/1999,2.262375304,GPS
09/01/1987,1.674835928,1.674835928,1.674835928,1.674835928,1.674835928,1.674835928,05/21/1999,2.272375304,GPS
10/01/1987,1.664676981,1.664676981,1.664676981,1.664676981,1.664676981,1.664676981,05/22/1999,2.262375304,GPS
11/01/1987,1.652485411,1.652485411,1.652485411,1.652485411,1.652485411,1.652485411,05/23/1999,2.282375304,GPS
12/01/1987,1.639052443,1.639052443,1.639052443,1.639052443,1.639052443,1.639052443,05/24/1999,2.272375304,GPS
01/01/1988,1.627871066,1.627871066,1.627871066,1.627871066,1.627871066,1.627871066,05/25/1999,2.282375304,GPS
02/01/1988,1.613543298,1.613543298,1.613543298,1.613543298,1.613543298,1.613543298,05/26/1999,2.292375304,GPS
03/01/1988,1.60234396,1.60234396,1.60234396,1.60234396,1.60234396,1.60234396,05/27/1999,2.282375304,GPS
04/01/1988,1.587249085,1.587249085,1.587249085,1.587249085,1.587249085,1.587249085,05/28/1999,2.292375304,GPS
05/01/1988,1.58937524,1.58937524,1.58937524,1.58937524,1.58937524,1.58937524,05/29/1999,2.282375304,GPS
06/01/1988,1.613686472,1.613686472,1.613686472,1.613686472,1.613686472,1.613686472,05/30/1999,2.292375304,GPS
07/01/1988,1.646433102,1.646433102,1.646433102,1.646433102,1.646433102,1.646433102,05/31/1999,2.302375304,GPS
08/01/1988,1.664114236,1.664114236,1.664114236,1.664114236,1.664114236,1.664114236,06/01/1999,2.282375304,GPS
09/01/1988,1.664921581,1.664921581,1.664921581,1.664921581,1.664921581,1.664921581,06/02/1999,2.242375304,GPS
10/01/1988,1.66135655,1.66135655,1.66135655,1.66135655,1.66135655,1.66135655,06/03/1999,2.272375304,GPS
11/01/1988,1.65105317,1.65105317,1.65105317,1.65105317,1.65105317,1.65105317,06/04/1999,2.272375304,GPS
12/01/1988,1.644575931,1.644575931,1.644575931,1.644575931,1.644575931,1.644575931,06/05/1999,2.272375304,GPS
01/01/1989,1.641903607,1.641903607,1.641903607,1.641903607,1.641903607,1.641903607,06/06/1999,2.272375304,GPS
02/01/1989,1.636977528,1.636977528,1.636977528,1.636977528,1.636977528,1.636977528,06/07/1999,2.272375304,GPS
03/01/1989,1.626868135,1.626868135,1.626868135,1.626868135,1.626868135,1.626868135,06/08/1999,2.272375304,GPS
04/01/1989,1.625277605,1.625277605,1.625277605,1.625277605,1.625277605,1.625277605,06/09/1999,2.262375304,GPS
05/01/1989,1.617512,1.617512,1.617512,1.617512,1.617512,1.617512,06/10/1999,2.272375304,GPS
06/01/1989,1.634614983,1.634614983,1.634614983,1.634614983,1.634614983,1.634614983,06/11/1999,2.282375304,GPS
07/01/1989,1.664799703,1.664799703,1.664799703,1.664799703,1.664799703,1.664799703,06/12/1999,2.272375304,GPS
08/01/1989,1.681588971,1.681588971,1.681588971,1.681588971,1.681588971,1.681588971,06/13/1999,2.282375304,GPS
09/01/1989,1.698859547,1.698859547,1.698859547,1.698859547,1.698859547,1.698859547,06/14/1999,2.302375304,GPS
10/01/1989,1.692363377,1.692363377,1.692363377,1.692363377,1.692363377,1.692363377,06/15/1999,2.282375304,GPS
11/01/1989,1.672038038,1.672038038,1.672038038,1.672038038,1.672038038,1.672038038,06/16/1999,2.282375304,GPS
12/01/1989,1.657639823,1.657639823,1.657639823,1.657639823,1.657639823,1.657639823,06/17/1999,2.282375304,GPS
01/01/1990,1.65551692,1.65551692,1.65551692,1.65551692,1.65551692,1.65551692,06/18/1999,2.282375304,GPS
02/01/1990,1.649733426,1.649733426,1.649733426,1.649733426,1.649733426,1.649733426,06/19/1999,2.282375304,GPS
03/01/1990,1.646053482,1.646053482,1.646053482,1.646053482,1.646053482,1.646053482,06/20/1999,2.292375304,GPS
04/01/1990,1.653947383,1.653947383,1.653947383,1.653947383,1.653947383,1.653947383,06/21/1999,2.292375304,GPS
05/01/1990,1.671591821,1.671591821,1.671591821,1.671591821,1.671591821,1.671591821,06/22/1999,2.282375304,GPS
06/01/1990,1.69550813,1.69550813,1.69550813,1.69550813,1.69550813,1.69550813,06/23/1999,2.272375304,GPS
07/01/1990,1.712029912,1.712029912,1.712029912,1.712029912,1.712029912,1.712029912,07/01/1999,2.272375304,GPS
08/01/1990,1.731341152,1.731341152,1.731341152,1.731341152,1.731341152,1.731341152,07/02/1999,2.292375304,GPS
09/01/1990,1.761704931,1.761704931,1.761704931,1.761704931,1.761704931,1.761704931,07/03/1999,2.292375304,GPS
10/01/1990,1.771176838,1.771176838,1.771176838,1.771176838,1.771176838,1.771176838,07/04/1999,2.292375304,GPS
11/01/1990,1.763820114,1.763820114,1.763820114,1.763820114,1.763820114,1.763820114,07/05/1999,2.302375304,GPS
12/01/1990,1.75363946,1.75363946,1.75363946,1.75363946,1.75363946,1.75363946,07/06/1999,2.302375304,GPS
01/01/1991,1.744554153,1.744554153,1.744554153,1.744554153,1.744554153,1.744554153,07/07/1999,2.302375304,GPS
02/01/1991,1.740499965,1.740499965,1.740499965,1.740499965,1.740499965,1.740499965,07/08/1999,2.302375304,GPS
03/01/1991,1.742694807,1.742694807,1.742694807,1.742694807,1.742694807,1.742694807,07/09/1999,2.222375304,GPS
04/01/1991,1.743347877,1.743347877,1.743347877,1.743347877,1.743347877,1.743347877,07/10/1999,2.302375304,GPS
05/01/1991,1.739975598,1.739975598,1.739975598,1.739975598,1.739975598,1.739975598,07/11/1999,2.302375304,GPS
06/01/1991,1.753417488,1.753417488,1.753417488,1.753417488,1.753417488,1.753417488,07/12/1999,2.282375304,GPS
07/01/1991,1.782060112,1.782060112,1.782060112,1.782060112,1.782060112,1.782060112,07/13/1999,2.282375304,GPS
08/01/1991,1.817544292,1.817544292,1.817544292,1.817544292,1.817544292,1.817544292,07/14/1999,2.302375304,GPS
09/01/1991,1.868640451,1.868640451,1.868640451,1.868640451,1.868640451,1.868640451,07/15/1999,2.302375304,GPS
10/01/1991,1.895470936,1.895470936,1.895470936,1.895470936,1.895470936,1.895470936,07/16/1999,2.312375304,GPS
11/01/1991,1.901377985,1.901377985,1.901377985,1.901377985,1.901377985,1.901377985,07/17/1999,2.312375304,GPS
12/01/1991,1.886560537,1.886560537,1.886560537,1.886560537,1.886560537,1.886560537,07/18/1999,2.312375304,GPS
01/01/1992,1.876072246,1.876072246,1.876072246,1.876072246,1.876072246,1.876072246,07/19/1999,2.322375304,GPS
02/01/1992,1.866313115,1.866313115,1.866313115,1.866313115,1.866313115,1.866313115,07/20/1999,2.322375304,GPS
03/01/1992,1.853159874,1.853159874,1.853159874,1.853159874,1.853159874,1.853159874,07/21/1999,2.322375304,GPS
04/01/1992,1.845632864,1.845632864,1.845632864,1.845632864,1.845632864,1.845632864,07/22/1999,2.322375304,GPS
05/01/1992,1.848805955,1.848805955,1.848805955,1.848805955,1.848805955,1.848805955,07/23/1999,2.322375304,GPS
06/01/1992,1.872658277,1.872658277,1.872658277,1.872658277,1.872658277,1.872658277,07/24/1999,2.332375304,GPS
07/01/1992,1.906899775,1.906899775,1.906899775,1.906899775,1.906899775,1.906899775,07/25/1999,2.332375304,GPS
08/01/1992,1.927124698,1.927124698,1.927124698,1.927124698,1.927124698,1.927124698,07/26/1999,2.322375304,GPS
09/01/1992,1.943246735,1.943246735,1.943246735,1.943246735,1.943246735,1.943246735,07/28/1999,2.302375304,GPS
10/01/1992,1.942934309,1.942934309,1.942934309,1.942934309,1.942934309,1.942934309,07/29/1999,2.342375304,GPS
11/01/1992,1.936989195,1.936989195,1.936989195,1.936989195,1.936989195,1.936989195,07/30/1999,2.302375304,GPS
12/01/1992,1.927826336,1.927826336,1.927826336,1.927826336,1.927826336,1.927826336,07/31/1999,2.262375304,GPS
01/01/1993,1.917733663,1.917733663,1.917733663,1.917733663,1.917733663,1.917733663,08/11/1999,2.312375304,GPS
02/01/1993,1.909542373,1.909542373,1.909542373,1.909542373,1.909542373,1.909542373,08/12/1999,2.352375304,GPS
03/01/1993,1.900466976,1.900466976,1.900466976,1.900466976,1.900466976,1.900466976,08/13/1999,2.332375304,GPS
04/01/1993,1.884016201,1.884016201,1.884016201,1.884016201,1.884016201,1.884016201,08/14/1999,2.342375304,GPS
05/01/1993,1.873992249,1.873992249,1.873992249,1.873992249,1.873992249,1.873992249,08/15/1999,2.322375304,GPS
06/01/1993,1.888879984,1.888879984,1.888879984,1.888879984,1.888879984,1.888879984,08/16/1999,2.452375304,GPS
07/01/1993,1.908289876,1.908289876,1.908289876,1.908289876,1.908289876,1.908289876,08/19/1999,2.312375304,GPS
08/01/1993,1.92378885,1.92378885,1.92378885,1.92378885,1.92378885,1.92378885,08/20/1999,2.342375304,GPS
09/01/1993,1.936275534,1.936275534,1.936275534,1.936275534,1.936275534,1.936275534,08/21/1999,2.312375304,GPS
10/01/1993,1.930738074,1.930738074,1.930738074,1.930738074,1.930738074,1.930738074,08/22/1999,2.332375304,GPS
11/01/1993,1.919382922,1.919382922,1.919382922,1.919382922,1.919382922,1.919382922,08/23/1999,2.312375304,GPS
12/01/1993,1.904368455,1.904368455,1.904368455,1.904368455,1.904368455,1.904368455,08/24/1999,2.322375304,GPS
01/01/1994,1.889821159,1.889821159,1.889821159,1.889821159,1.889821159,1.889821159,08/25/1999,2.302375304,GPS
02/01/1994,1.876876673,1.876876673,1.876876673,1.876876673,1.876876673,1.876876673,08/26/1999,2.292375304,GPS
03/01/1994,1.871826179,1.871826179,1.871826179,1.871826179,1.871826179,1.871826179,08/27/1999,2.302375304,GPS
04/01/1994,1.870025946,1.870025946,1.870025946,1.870025946,1.870025946,1.870025946,08/28/1999,2.322375304,GPS
05/01/1994,1.891694403,1.891694403,1.891694403,1.891694403,1.891694403,1.891694403,08/29/1999,2.312375304,GPS
06/01/1994,1.920759718,1.920759718,1.920759718,1.920759718,1.920759718,1.920759718,08/30/1999,2.282375304,GPS
07/01/1994,1.898565799,1.898565799,1.898565799,1.898565799,1.898565799,1.898565799,08/31/1999,2.322375304,GPS
08/01/1994,1.86465013,1.86465013,1.86465013,1.86465013,1.86465013,1.86465013,09/01/1999,2.322375304,GPS
09/01/1994,1.856180603,1.856180603,1.856180603,1.856180603,1.856180603,1.856180603,09/02/1999,2.322375304,GPS
10/01/1994,1.88884307,1.88884307,1.88884307,1.88884307,1.88884307,1.88884307,09/03/1999,2.322375304,GPS
11/01/1994,1.929239117,1.929239117,1.929239117,1.929239117,1.929239117,1.929239117,09/04/1999,2.332375304,GPS
12/01/1994,1.928716155,1.928716155,1.928716155,1.928716155,1.928716155,1.928716155,09/05/1999,2.312375304,GPS
01/01/1995,1.92584782,1.92584782,1.92584782,1.92584782,1.92584782,1.92584782,09/06/1999,2.312375304,GPS
02/01/1995,1.914663525,1.914663525,1.914663525,1.914663525,1.914663525,1.914663525,09/07/1999,2.312375304,GPS
03/01/1995,1.906171384,1.906171384,1.906171384,1.906171384,1.906171384,1.906171384,09/08/1999,2.312375304,GPS
04/01/1995,1.894630432,1.894630432,1.894630432,1.894630432,1.894630432,1.894630432,09/09/1999,2.292375304,GPS
05/01/1995,1.88673998,1.88673998,1.88673998,1.88673998,1.88673998,1.88673998,09/10/1999,2.322375304,GPS
06/01/1995,1.889638802,1.889638802,1.889638802,1.889638802,1.889638802,1.889638802,09/11/1999,2.312375304,GPS
07/01/1995,1.899508369,1.899508369,1.899508369,1.899508369,1.899508369,1.899508369,09/12/1999,2.302375304,GPS
08/01/1995,1.923415977,1.923415977,1.923415977,1.923415977,1.923415977,1.923415977,09/13/1999,2.322375304,GPS
09/01/1995,1.945225781,1.945225781,1.945225781,1.945225781,1.945225781,1.945225781,09/14/1999,2.312375304,GPS
10/01/1995,1.941364594,1.941364594,1.941364594,1.941364594,1.941364594,1.941364594,09/15/1999,2.302375304,GPS
11/01/1995,1.930215839,1.930215839,1.930215839,1.930215839,1.930215839,1.930215839,09/16/1999,2.302375304,GPS
12/01/1995,1.914901308,1.914901308,1.914901308,1.914901308,1.914901308,1.914901308,09/17/1999,2.312375304,GPS
01/01/1996,1.903883527,1.903883527,1.903883527,1.903883527,1.903883527,1.903883527,09/18/1999,2.302375304,GPS
02/01/1996,1.887833458,1.887833458,1.887833458,1.887833458,1.887833458,1.887833458,09/19/1999,2.302375304,GPS
03/01/1996,1.876009815,1.876009815,1.876009815,1.876009815,1.876009815,1.876009815,09/20/1999,2.302375304,GPS
04/01/1996,1.859903402,1.859903402,1.859903402,1.859903402,1.859903402,1.859903402,09/21/1999,2.292375304,GPS
05/01/1996,1.847092238,1.847092238,1.847092238,1.847092238,1.847092238,1.847092238,09/22/1999,2.302375304,GPS
06/01/1996,1.85269498,1.85269498,1.85269498,1.85269498,1.85269498,1.85269498,09/23/1999,2.302375304,GPS
07/01/1996,1.878805527,1.878805527,1.878805527,1.878805527,1.878805527,1.878805527,09/24/1999,2.292375304,GPS
08/01/1996,1.912637026,1.912637026,1.912637026,1.912637026,1.912637026,1.912637026,09/25/1999,2.292375304,GPS
09/01/1996,1.933782655,1.933782655,1.933782655,1.933782655,1.933782655,1.933782655,09/26/1999,2.292375304,GPS
10/01/1996,1.9321732,1.9321732,1.9321732,1.9321732,1.9321732,1.9321732,09/27/1999,2.282375304,GPS
11/01/1996,1.91662036,1.91662036,1.91662036,1.91662036,1.91662036,1.91662036,09/28/1999,2.292375304,GPS
12/01/1996,1.911379632,1.911379632,1.911379632,1.911379632,1.911379632,1.911379632,09/29/1999,2.302375304,GPS
01/01/1997,1.89390255,1.89390255,1.89390255,1.89390255,1.89390255,1.89390255,09/30/1999,2.292375304,GPS
02/01/1997,1.876849457,1.876849457,1.876849457,1.876849457,1.876849457,1.876849457,10/01/1999,2.292375304,GPS
03/01/1997,1.864035915,1.864035915,1.864035915,1.864035915,1.864035915,1.864035915,10/02/1999,2.302375304,GPS
04/01/1997,1.840896655,1.840896655,1.840896655,1.840896655,1.840896655,1.840896655,10/03/1999,2.302375304,GPS
05/01/1997,1.855369148,1.855369148,1.855369148,1.855369148,1.855369148,1.855369148,10/04/1999,2.282375304,GPS
06/01/1997,1.884083256,1.884083256,1.884083256,1.884083256,1.884083256,1.884083256,10/05/1999,2.302375304,GPS
07/01/1997,1.907461981,1.907461981,1.907461981,1.907461981,1.907461981,1.907461981,10/06/1999,2.282375304,GPS
08/01/1997,1.92834398,1.92834398,1.92834398,1.92834398,1.92834398,1.92834398,10/07/1999,2.282375304,GPS
09/01/1997,1.943078012,1.943078012,1.943078012,1.943078012,1.943078012,1.943078012,10/08/1999,2.282375304,GPS
10/01/1997,1.947917843,1.947917843,1.947917843,1.947917843,1.947917843,1.947917843,10/09/1999,2.292375304,GPS
11/01/1997,1.939087899,1.939087899,1.939087899,1.939087899,1.939087899,1.939087899,10/10/1999,2.282375304,GPS
12/01/1997,1.92374194,1.92374194,1.92374194,1.92374194,1.92374194,1.92374194,10/11/1999,2.282375304,GPS
01/01/1998,1.917250364,1.917250364,1.917250364,1.917250364,1.917250364,1.917250364,10/12/1999,2.302375304,GPS
02/01/1998,1.90515478,1.90515478,1.90515478,1.90515478,1.90515478,1.90515478,10/13/1999,2.292375304,GPS
03/01/1998,1.886237785,1.886237785,1.886237785,1.886237785,1.886237785,1.886237785,10/14/1999,2.282375304,GPS
04/01/1998,1.867851088,1.867851088,1.867851088,1.867851088,1.867851088,1.867851088,10/15/1999,2.282375304,GPS
05/01/1998,1.849515192,1.849515192,1.849515192,1.849515192,1.849515192,1.849515192,10/16/1999,2.292375304,GPS
06/01/1998,1.848197275,1.848197275,1.848197275,1.848197275,1.848197275,1.848197275,10/17/1999,2.292375304,GPS
07/01/1998,1.857518553,1.857518553,1.857518553,1.857518553,1.857518553,1.857518553,10/18/1999,2.292375304,GPS
08/01/1998,1.879127395,1.879127395,1.879127395,1.879127395,1.879127395,1.879127395,10/19/1999,2.292375304,GPS
09/01/1998,1.915046429,1.915046429,1.915046429,1.915046429,1.915046429,1.915046429,10/20/1999,2.292375304,GPS
10/01/1998,1.935608751,1.935608751,1.935608751,1.935608751,1.935608751,1.935608751,10/21/1999,2.292375304,GPS
11/01/1998,1.929853341,1.929853341,1.929853341,1.929853341,1.929853341,1.929853341,10/22/1999,2.292375304,GPS
12/01/1998,1.903841707,1.903841707,1.903841707,1.903841707,1.903841707,1.903841707,10/23/1999,2.302375304,GPS
01/01/1999,1.883742,1.883742,1.883742,1.883742,1.883742,1.883742,10/24/1999,2.292375304,GPS
02/01/1999,1.874668758,1.874668758,1.874668758,1.874668758,1.874668758,1.874668758,10/25/1999,2.282375304,GPS
03/01/1999,1.8669142,1.8669142,1.8669142,1.8669142,1.8669142,1.8669142,10/26/1999,2.252375304,GPS
04/01/1999,1.859727675,1.859727675,1.859727675,1.859727675,1.859727675,1.859727675,10/27/1999,2.282375304,GPS
05/01/1999,1.857895889,1.857895889,1.857895889,1.857895889,1.857895889,1.857895889,10/28/1999,2.292375304,GPS
06/01/1999,1.884860955,1.884860955,1.884860955,1.884860955,1.884860955,1.884860955,10/29/1999,2.282375304,GPS
07/01/1999,1.926991094,1.926991094,1.926991094,1.926991094,1.926991094,1.926991094,10/30/1999,2.272375304,GPS
08/01/1999,1.961814547,1.961814547,1.961814547,1.961814547,1.961814547,1.961814547,10/31/1999,2.282375304,GPS
09/01/1999,1.998908246,1.998908246,1.998908246,1.998908246,1.998908246,1.998908246,11/01/1999,2.292375304,GPS
10/01/1999,2.014433664,2.014433664,2.014433664,2.014433664,2.014433664,2.014433664,11/02/1999,2.282375304,GPS
11/01/1999,2.012069356,2.012069356,2.012069356,2.012069356,2.012069356,2.012069356,11/04/1999,2.272375304,GPS
12/01/1999,2.001929366,2.001929366,2.001929366,2.001929366,2.001929366,2.001929366,11/05/1999,2.272375304,GPS
01/01/2000,1.994379499,1.994379499,1.994379499,1.994379499,1.994379499,1.994379499,11/06/1999,2.282375304,GPS
02/01/2000,1.980847827,1.980847827,1.980847827,1.980847827,1.980847827,1.980847827,11/07/1999,2.262375304,GPS
03/01/2000,1.966074606,1.966074606,1.966074606,1.966074606,1.966074606,1.966074606,11/08/1999,2.252375304,GPS
04/01/2000,1.950983636,1.950983636,1.950983636,1.950983636,1.950983636,1.950983636,11/09/1999,2.262375304,GPS
05/01/2000,1.96035455,1.96035455,1.96035455,1.96035455,1.96035455,1.96035455,11/10/1999,2.272375304,GPS
06/01/2000,1.970018656,1.970018656,1.970018656,1.970018656,1.970018656,1.970018656,11/11/1999,2.282375304,GPS
07/01/2000,2.001563205,2.001563205,2.001563205,2.001563205,2.001563205,2.001563205,11/12/1999,2.272375304,GPS
08/01/2000,2.05537723,2.05537723,2.05537723,2.05537723,2.05537723,2.05537723,11/13/1999,2.252375304,GPS
09/01/2000,2.085705039,2.085705039,2.085705039,2.085705039,2.085705039,2.085705039,11/14/1999,2.272375304,GPS
10/01/2000,2.094078317,2.094078317,2.094078317,2.094078317,2.094078317,2.094078317,11/15/1999,2.262375304,GPS
11/01/2000,2.086235247,2.086235247,2.086235247,2.086235247,2.086235247,2.086235247,11/16/1999,2.262375304,GPS
12/01/2000,2.062137537,2.062137537,2.062137537,2.062137537,2.062137537,2.062137537,11/17/1999,2.282375304,GPS
01/01/2001,2.045232089,2.045232089,2.045232089,2.045232089,2.045232089,2.045232089,11/18/1999,2.272375304,GPS
02/01/2001,2.034604467,2.034604467,2.034604467,2.034604467,2.034604467,2.034604467,11/19/1999,2.272375304,GPS
03/01/2001,2.029761147,2.029761147,2.029761147,2.029761147,2.029761147,2.029761147,11/20/1999,2.272375304,GPS
04/01/2001,2.022838213,2.022838213,2.022838213,2.022838213,2.022838213,2.022838213,11/21/1999,2.282375304,GPS
05/01/2001,2.025692855,2.025692855,2.025692855,2.025692855,2.025692855,2.025692855,11/22/1999,2.282375304,GPS
06/01/2001,2.057267977,2.057267977,2.057267977,2.057267977,2.057267977,2.057267977,11/23/1999,2.282375304,GPS
07/01/2001,2.10063345,2.10063345,2.10063345,2.10063345,2.10063345,2.10063345,11/24/1999,2.272375304,GPS
08/01/2001,2.146901212,2.146901212,2.146901212,2.146901212,2.146901212,2.146901212,11/25/1999,2.242375304,GPS
09/01/2001,2.167455769,2.167455769,2.167455769,2.167455769,2.167455769,2.167455769,11/26/1999,2.252375304,GPS
10/01/2001,2.160768569,2.160768569,2.160768569,2.160768569,2.160768569,2.160768569,11/27/1999,2.282375304,GPS
11/01/2001,2.146836324,2.146836324,2.146836324,2.146836324,2.146836324,2.146836324,11/28/1999,2.282375304,GPS
12/01/2001,2.130637334,2.130637334,2.130637334,2.130637334,2.130637334,2.130637334,11/29/1999,2.272375304,GPS
01/01/2002,2.117246484,2.117246484,2.117246484,2.117246484,2.117246484,2.117246484,11/30/1999,2.282375304,GPS
02/01/2002,2.107756325,2.107756325,2.107756325,2.107756325,2.107756325,2.107756325,12/01/1999,2.262375304,GPS
03/01/2002,2.100475646,2.100475646,2.100475646,2.100475646,2.100475646,2.100475646,12/02/1999,2.282375304,GPS
04/01/2002,2.088607591,2.088607591,2.088607591,2.088607591,2.088607591,2.088607591,12/03/1999,2.272375304,GPS
05/01/2002,2.091160475,2.091160475,2.091160475,2.091160475,2.091160475,2.091160475,12/04/1999,2.292375304,GPS
06/01/2002,2.1078261,2.1078261,2.1078261,2.1078261,2.1078261,2.1078261,12/05/1999,2.302375304,GPS
07/01/2002,2.140544796,2.140544796,2.140544796,2.140544796,2.140544796,2.140544796,12/06/1999,2.282375304,GPS
08/01/2002,2.178964558,2.178964558,2.178964558,2.178964558,2.178964558,2.178964558,12/07/1999,2.292375304,GPS
09/01/2002,2.194273911,2.194273911,2.194273911,2.194273911,2.194273911,2.194273911,12/08/1999,2.282375304,GPS
10/01/2002,2.198343498,2.198343498,2.198343498,2.198343498,2.198343498,2.198343498,12/09/1999,2.272375304,GPS
11/01/2002,2.191356489,2.191356489,2.191356489,2.191356489,2.191356489,2.191356489,12/10/1999,2.292375304,GPS
12/01/2002,2.176558624,2.176558624,2.176558624,2.176558624,2.176558624,2.176558624,12/11/1999,2.272375304,GPS
01/01/2003,2.153775491,2.153775491,2.153775491,2.153775491,2.153775491,2.153775491,12/12/1999,2.272375304,GPS
02/01/2003,2.139055381,2.139055381,2.139055381,2.139055381,2.139055381,2.139055381,12/13/1999,2.282375304,GPS
03/01/2003,2.132298636,2.132298636,2.132298636,2.132298636,2.132298636,2.132298636,12/14/1999,2.282375304,GPS
04/01/2003,2.123281259,2.123281259,2.123281259,2.123281259,2.123281259,2.123281259,12/15/1999,2.282375304,GPS
05/01/2003,2.119630751,2.119630751,2.119630751,2.119630751,2.119630751,2.119630751,12/16/1999,2.272375304,GPS
06/01/2003,2.132677674,2.132677674,2.132677674,2.132677674,2.132677674,2.132677674,12/17/1999,2.262375304,GPS
07/01/2003,2.149679631,2.149679631,2.149679631,2.149679631,2.149679631,2.149679631,12/18/1999,2.262375304,GPS
08/01/2003,2.168843807,2.168843807,2.168843807,2.168843807,2.168843807,2.168843807,12/19/1999,2.262375304,GPS
09/01/2003,2.193888101,2.193888101,2.193888101,2.193888101,2.193888101,2.193888101,12/20/1999,2.272375304,GPS
10/01/2003,2.199688006,2.199688006,2.199688006,2.199688006,2.199688006,2.199688006,12/21/1999,2.262375304,GPS
11/01/2003,2.192621737,2.192621737,2.192621737,2.192621737,2.192621737,2.192621737,12/22/1999,2.272375304,GPS
12/01/2003,2.176704424,2.176704424,2.176704424,2.176704424,2.176704424,2.176704424,12/23/1999,2.282375304,GPS
01/01/2004,2.158666001,2.158666001,2.158666001,2.158666001,2.158666001,2.158666001,12/24/1999,2.282375304,GPS
02/01/2004,2.153222634,2.153222634,2.153222634,2.153222634,2.153222634,2.153222634,12/25/1999,2.282375304,GPS
03/01/2004,2.140309635,2.140309635,2.140309635,2.140309635,2.140309635,2.140309635,12/26/1999,2.272375304,GPS
04/01/2004,2.131149732,2.131149732,2.131149732,2.131149732,2.131149732,2.131149732,12/27/1999,2.282375304,GPS
05/01/2004,2.134088036,2.134088036,2.134088036,2.134088036,2.134088036,2.134088036,12/28/1999,2.272375304,GPS
06/01/2004,2.130281416,2.130281416,2.130281416,2.130281416,2.130281416,2.130281416,12/29/1999,2.272375304,GPS
07/01/2004,2.131516126,2.131516126,2.131516126,2.131516126,2.131516126,2.131516126,12/30/1999,2.252375304,GPS
08/01/2004,2.128700165,2.128700165,2.128700165,2.128700165,2.128700165,2.128700165,12/31/1999,2.262375304,GPS
09/01/2004,2.128529387,2.128529387,2.128529387,2.128529387,2.128529387,2.128529387,01/01/2000,2.252375304,GPS
10/01/2004,2.12558023,2.12558023,2.12558023,2.12558023,2.12558023,2.12558023,01/02/2000,2.252375304,GPS
11/01/2004,2.124787564,2.124787564,2.124787564,2.124787564,2.124787564,2.124787564,01/03/2000,2.252375304,GPS
12/01/2004,2.118256041,2.118256041,2.118256041,2.118256041,2.118256041,2.118256041,01/04/2000,2.242375304,GPS
01/01/2005,2.119915325,2.119915325,2.119915325,2.119915325,2.119915325,2.119915325,01/05/2000,2.252375304,GPS
02/01/2005,2.118996896,2.118996896,2.118996896,2.118996896,2.118996896,2.118996896,01/06/2000,2.262375304,GPS
03/01/2005,2.118479567,2.118479567,2.118479567,2.118479567,2.118479567,2.118479567,01/07/2000,2.262375304,GPS
04/01/2005,2.123119229,2.123119229,2.123119229,2.123119229,2.123119229,2.123119229,01/08/2000,2.252375304,GPS
05/01/2005,2.126060695,2.126060695,2.126060695,2.126060695,2.126060695,2.126060695,01/09/2000,2.232375304,GPS
06/01/2005,2.14301551,2.14301551,2.14301551,2.14301551,2.14301551,2.14301551,01/10/2000,2.242375304,GPS
07/01/2005,2.163874639,2.163874639,2.163874639,2.163874639,2.163874639,2.163874639,01/11/2000,2.242375304,GPS
08/01/2005,2.187649974,2.187649974,2.187649974,2.187649974,2.187649974,2.187649974,01/12/2000,2.252375304,GPS
09/01/2005,2.212904737,2.212904737,2.212904737,2.212904737,2.212904737,2.212904737,01/13/2000,2.262375304,GPS
10/01/2005,2.225465446,2.225465446,2.225465446,2.225465446,2.225465446,2.225465446,01/14/2000,2.252375304,GPS
11/01/2005,2.225292015,2.225292015,2.225292015,2.225292015,2.225292015,2.225292015,01/15/2000,2.252375304,GPS
12/01/2005,2.22205666,2.22205666,2.22205666,2.22205666,2.22205666,2.22205666,01/16/2000,2.242375304,GPS
01/01/2006,2.204326489,2.204326489,2.204326489,2.204326489,2.204326489,2.204326489,01/17/2000,2.262375304,GPS
02/01/2006,2.188638299,2.188638299,2.188638299,2.188638299,2.188638299,2.188638299,01/18/2000,2.252375304,GPS
03/01/2006,2.17188587,2.17188587,2.17188587,2.17188587,2.17188587,2.17188587,01/19/2000,2.242375304,GPS
04/01/2006,2.156148277,2.156148277,2.156148277,2.156148277,2.156148277,2.156148277,01/20/2000,2.232375304,GPS
05/01/2006,2.144031556,2.144031556,2.144031556,2.144031556,2.144031556,2.144031556,01/21/2000,2.242375304,GPS
06/01/2006,2.13146534,2.13146534,2.13146534,2.13146534,2.13146534,2.13146534,01/22/2000,2.232375304,GPS
07/01/2006,2.142959102,2.142959102,2.142959102,2.142959102,2.142959102,2.142959102,01/23/2000,2.232375304,GPS
08/01/2006,2.18227205,2.18227205,2.18227205,2.18227205,2.18227205,2.18227205,01/24/2000,2.242375304,GPS
09/01/2006,2.215349183,2.215349183,2.215349183,2.215349183,2.215349183,2.215349183,01/25/2000,2.242375304,GPS
10/01/2006,2.226699174,2.226699174,2.226699174,2.226699174,2.226699174,2.226699174,01/26/2000,2.252375304,GPS
11/01/2006,2.229025466,2.229025466,2.229025466,2.229025466,2.229025466,2.229025466,01/27/2000,2.252375304,GPS
12/01/2006,2.219811841,2.219811841,2.219811841,2.219811841,2.219811841,2.219811841,01/28/2000,2.262375304,GPS
01/01/2007,2.195146004,2.195146004,2.195146004,2.195146004,2.195146004,2.195146004,01/29/2000,2.252375304,GPS
02/01/2007,2.179046838,2.179046838,2.179046838,2.179046838,2.179046838,2.179046838,01/30/2000,2.262375304,GPS
03/01/2007,2.174634046,2.174634046,2.174634046,2.174634046,2.174634046,2.174634046,01/31/2000,2.262375304,GPS
04/01/2007,2.169158182,2.169158182,2.169158182,2.169158182,2.169158182,2.169158182,02/01/2000,2.262375304,GPS
05/01/2007,2.175493917,2.175493917,2.175493917,2.175493917,2.175493917,2.175493917,02/02/2000,2.262375304,GPS
06/01/2007,2.200742388,2.200742388,2.200742388,2.200742388,2.200742388,2.200742388,02/03/2000,2.242375304,GPS
07/01/2007,2.23645549,2.23645549,2.23645549,2.23645549,2.23645549,2.23645549,02/04/2000,2.252375304,GPS
08/01/2007,2.262424182,2.262424182,2.262424182,2.262424182,2.262424182,2.262424182,02/05/2000,2.252375304,GPS
09/01/2007,2.272716007,2.272716007,2.272716007,2.272716007,2.272716007,2.272716007,02/06/2000,2.262375304,GPS
10/01/2007,2.279047165,2.279047165,2.279047165,2.279047165,2.279047165,2.279047165,02/07/2000,2.252375304,GPS
11/01/2007,2.278515356,2.278515356,2.278515356,2.278515356,2.278515356,2.278515356,02/08/2000,2.252375304,GPS
12/01/2007,2.266749891,2.266749891,2.266749891,2.266749891,2.266749891,2.266749891,02/09/2000,2.252375304,GPS
01/01/2008,2.246702292,2.246702292,2.246702292,2.246702292,2.246702292,2.246702292,02/10/2000,2.242375304,GPS
02/01/2008,2.233120604,2.233120604,2.233120604,2.233120604,2.233120604,2.233120604,02/11/2000,2.252375304,GPS
03/01/2008,2.220207289,2.220207289,2.220207289,2.220207289,2.220207289,2.220207289,02/12/2000,2.262375304,GPS
04/01/2008,2.206500666,2.206500666,2.206500666,2.206500666,2.206500666,2.206500666,02/13/2000,2.252375304,GPS
05/01/2008,2.21105552,2.21105552,2.21105552,2.21105552,2.21105552,2.21105552,02/14/2000,2.252375304,GPS
06/01/2008,2.23872832,2.23872832,2.23872832,2.23872832,2.23872832,2.23872832,02/15/2000,2.252375304,GPS
07/01/2008,2.255822317,2.255822317,2.255822317,2.255822317,2.255822317,2.255822317,02/16/2000,2.242375304,GPS
08/01/2008,2.26715482,2.26715482,2.26715482,2.26715482,2.26715482,2.26715482,02/17/2000,2.262375304,GPS
09/01/2008,2.276028802,2.276028802,2.276028802,2.276028802,2.276028802,2.276028802,02/18/2000,2.272375304,GPS
10/01/2008,2.278828085,2.278828085,2.278828085,2.278828085,2.278828085,2.278828085,02/19/2000,2.262375304,GPS
11/01/2008,2.278080669,2.278080669,2.278080669,2.278080669,2.278080669,2.278080669,02/20/2000,2.242375304,GPS
12/01/2008,2.275449072,2.275449072,2.275449072,2.275449072,2.275449072,2.275449072,02/21/2000,2.252375304,GPS
01/01/2009,2.267954415,2.267954415,2.267954415,2.267954415,2.267954415,2.267954415,02/22/2000,2.252375304,GPS
02/01/2009,2.259507443,2.259507443,2.259507443,2.259507443,2.259507443,2.259507443,02/23/2000,2.262375304,GPS
03/01/2009,2.252885142,2.252885142,2.252885142,2.252885142,2.252885142,2.252885142,02/24/2000,2.262375304,GPS
04/01/2009,2.247435068,2.247435068,2.247435068,2.247435068,2.247435068,2.247435068,02/25/2000,2.252375304,GPS
05/01/2009,2.245016665,2.245016665,2.245016665,2.245016665,2.245016665,2.245016665,02/26/2000,2.272375304,GPS
06/01/2009,2.267820665,2.267820665,2.267820665,2.267820665,2.267820665,2.267820665,02/27/2000,2.252375304,GPS
07/01/2009,2.306210747,2.306210747,2.306210747,2.306210747,2.306210747,2.306210747,02/28/2000,2.262375304,GPS
08/01/2009,2.327179663,2.327179663,2.327179663,2.327179663,2.327179663,2.327179663,02/29/2000,2.262375304,GPS
09/01/2009,2.333164829,2.333164829,2.333164829,2.333164829,2.333164829,2.333164829,03/01/2000,2.262375304,GPS
10/01/2009,2.333574898,2.333574898,2.333574898,2.333574898,2.333574898,2.333574898,03/02/2000,2.262375304,GPS
11/01/2009,2.328411183,2.328411183,2.328411183,2.328411183,2.328411183,2.328411183,03/03/2000,2.262375304,GPS
12/01/2009,2.322710065,2.322710065,2.322710065,2.322710065,2.322710065,2.322710065,03/04/2000,2.262375304,GPS
01/01/2010,2.317076108,2.317076108,2.317076108,2.317076108,2.317076108,2.317076108,03/05/2000,2.252375304,GPS
02/01/2010,2.310022867,2.310022867,2.310022867,2.310022867,2.310022867,2.310022867,03/06/2000,2.242375304,GPS
03/01/2010,2.304009581,2.304009581,2.304009581,2.304009581,2.304009581,2.304009581,03/07/2000,2.272375304,GPS
04/01/2010,2.296852591,2.296852591,2.296852591,2.296852591,2.296852591,2.296852591,03/08/2000,2.262375304,GPS
05/01/2010,2.28754801,2.28754801,2.28754801,2.28754801,2.28754801,2.28754801,03/09/2000,2.272375304,GPS
06/01/2010,2.292393276,2.292393276,2.292393276,2.292393276,2.292393276,2.292393276,03/10/2000,2.262375304,GPS
07/01/2010,2.310198868,2.310198868,2.310198868,2.310198868,2.310198868,2.310198868,03/11/2000,2.262375304,GPS
08/01/2010,2.322252664,2.322252664,2.322252664,2.322252664,2.322252664,2.322252664,03/12/2000,2.262375304,GPS
09/01/2010,2.329042464,2.329042464,2.329042464,2.329042464,2.329042464,2.329042464,03/13/2000,2.252375304,GPS
10/01/2010,2.334512109,2.334512109,2.334512109,2.334512109,2.334512109,2.334512109,03/14/2000,2.232375304,GPS
11/01/2010,2.339436898,2.339436898,2.339436898,2.339436898,2.339436898,2.339436898,03/15/2000,2.242375304,GPS
12/01/2010,2.341940799,2.341940799,2.341940799,2.341940799,2.341940799,2.341940799,03/16/2000,2.222375304,GPS
01/01/2011,2.336231723,2.336231723,2.336231723,2.336231723,2.336231723,2.336231723,03/17/2000,2.232375304,GPS
02/01/2011,2.330547407,2.330547407,2.330547407,2.330547407,2.330547407,2.330547407,03/18/2000,2.252375304,GPS
03/01/2011,2.32450929,2.32450929,2.32450929,2.32450929,2.32450929,2.32450929,03/19/2000,2.252375304,GPS
04/01/2011,2.319377737,2.319377737,2.319377737,2.319377737,2.319377737,2.319377737,03/20/2000,2.262375304,GPS
05/01/2011,2.313610363,2.313610363,2.313610363,2.313610363,2.313610363,2.313610363,03/21/2000,2.242375304,GPS
06/01/2011,2.310458234,2.310458234,2.310458234,2.310458234,2.310458234,2.310458234,03/22/2000,2.252375304,GPS
07/01/2011,2.313715572,2.313715572,2.313715572,2.313715572,2.313715572,2.313715572,03/23/2000,2.252375304,GPS
08/01/2011,2.315881243,2.315881243,2.315881243,2.315881243,2.315881243,2.315881243,03/24/2000,2.252375304,GPS
09/01/2011,2.320645228,2.320645228,2.320645228,2.320645228,2.320645228,2.320645228,03/25/2000,2.232375304,GPS
10/01/2011,2.32568218,2.32568218,2.32568218,2.32568218,2.32568218,2.32568218,03/26/2000,2.242375304,GPS
11/01/2011,2.331203394,2.331203394,2.331203394,2.331203394,2.331203394,2.331203394,03/27/2000,2.252375304,GPS
12/01/2011,2.337803708,2.337803708,2.337803708,2.337803708,2.337803708,2.337803708,03/28/2000,2.242375304,GPS
01/01/2012,2.33693308,2.33693308,2.33693308,2.33693308,2.33693308,2.33693308,03/29/2000,2.242375304,GPS
02/01/2012,2.336326869,2.336326869,2.336326869,2.336326869,2.336326869,2.336326869,03/30/2000,2.252375304,GPS
03/01/2012,2.330093028,2.330093028,2.330093028,2.330093028,2.330093028,2.330093028,03/31/2000,2.282375304,GPS
04/01/2012,2.324286676,2.324286676,2.324286676,2.324286676,2.324286676,2.324286676,04/13/2000,2.262375304,GPS
05/01/2012,2.316352563,2.316352563,2.316352563,2.316352563,2.316352563,2.316352563,04/14/2000,2.232375304,GPS
06/01/2012,2.309640372,2.309640372,2.309640372,2.309640372,2.309640372,2.309640372,04/15/2000,2.252375304,GPS
07/01/2012,2.307777946,2.307777946,2.307777946,2.307777946,2.307777946,2.307777946,04/16/2000,2.242375304,GPS
08/01/2012,2.305783695,2.305783695,2.305783695,2.305783695,2.305783695,2.305783695,04/17/2000,2.242375304,GPS
09/01/2012,2.308336622,2.308336622,2.308336622,2.308336622,2.308336622,2.308336622,04/18/2000,2.262375304,GPS
10/01/2012,2.30740366,2.30740366,2.30740366,2.30740366,2.30740366,2.30740366,04/19/2000,2.262375304,GPS
11/01/2012,2.309523126,2.309523126,2.309523126,2.309523126,2.309523126,2.309523126,04/20/2000,2.252375304,GPS
12/01/2012,2.310957503,2.310957503,2.310957503,2.310957503,2.310957503,2.310957503,04/21/2000,2.242375304,GPS
01/01/2013,2.313002016,2.313002016,2.313002016,2.313002016,2.313002016,2.313002016,04/22/2000,2.202375304,GPS
02/01/2013,2.312022578,2.312022578,2.312022578,2.312022578,2.312022578,2.312022578,04/23/2000,2.232375304,GPS
03/01/2013,2.313002082,2.313002082,2.313002082,2.313002082,2.313002082,2.313002082,04/24/2000,2.242375304,GPS
04/01/2013,2.318496624,2.318496624,2.318496624,2.318496624,2.318496624,2.318496624,04/25/2000,2.222375304,GPS
05/01/2013,2.32762605,2.32762605,2.32762605,2.32762605,2.32762605,2.32762605,04/26/2000,2.242375304,GPS
06/01/2013,2.353169846,2.353169846,2.353169846,2.353169846,2.353169846,2.353169846,04/27/2000,2.232375304,GPS
07/01/2013,2.387190736,2.387190736,2.387190736,2.387190736,2.387190736,2.387190736,04/28/2000,2.252375304,GPS
08/01/2013,2.444030967,2.444030967,2.444030967,2.444030967,2.444030967,2.444030967,04/29/2000,2.262375304,GPS
09/01/2013,2.48003086,2.48003086,2.48003086,2.48003086,2.48003086,2.48003086,04/30/2000,2.272375304,GPS
10/01/2013,2.486610049,2.486610049,2.486610049,2.486610049,2.486610049,2.486610049,05/01/2000,2.252375304,GPS
11/01/2013,2.481012682,2.481012682,2.481012682,2.481012682,2.481012682,2.481012682,05/02/2000,2.252375304,GPS
12/01/2013,2.472368122,2.472368122,2.472368122,2.472368122,2.472368122,2.472368122,05/03/2000,2.252375304,GPS
01/01/2014,2.461018316,2.461018316,2.461018316,2.461018316,2.461018316,2.461018316,05/04/2000,2.242375304,GPS
02/01/2014,2.459146397,2.459146397,2.459146397,2.459146397,2.459146397,2.459146397,05/05/2000,2.242375304,GPS
03/01/2014,2.464861403,2.464861403,2.464861403,2.464861403,2.464861403,2.464861403,05/06/2000,2.242375304,GPS
04/01/2014,2.464160582,2.464160582,2.464160582,2.464160582,2.464160582,2.464160582,05/07/2000,2.262375304,GPS
05/01/2014,2.459230787,2.459230787,2.459230787,2.459230787,2.459230787,2.459230787,05/08/2000,2.252375304,GPS
06/01/2014,2.464962332,2.464962332,2.464962332,2.464962332,2.464962332,2.464962332,05/09/2000,2.232375304,GPS
07/01/2014,2.48585255,2.48585255,2.48585255,2.48585255,2.48585255,2.48585255,05/10/2000,2.24,Leveling
08/01/2014,2.515455517,2.515455517,2.515455517,2.515455517,2.515455517,2.515455517,05/10/2000,2.252375304,GPS
09/01/2014,2.543218675,2.543218675,2.543218675,2.543218675,2.543218675,2.543218675,05/11/2000,2.262375304,GPS
10/01/2014,2.56015771,2.56015771,2.56015771,2.56015771,2.56015771,2.56015771,05/12/2000,2.262375304,GPS
11/01/2014,2.562276729,2.562276729,2.562276729,2.562276729,2.562276729,2.562276729,05/13/2000,2.262375304,GPS
12/01/2014,2.559192648,2.559192648,2.559192648,2.559192648,2.559192648,2.559192648,05/14/2000,2.242375304,GPS
01/01/2015,2.549410841,2.549410841,2.549410841,2.549410841,2.549410841,2.549410841,05/15/2000,2.272375304,GPS
02/01/2015,2.537455345,2.537455345,2.537455345,2.537455345,2.537455345,2.537455345,05/16/2000,2.242375304,GPS
03/01/2015,2.529639834,2.529639834,2.529639834,2.529639834,2.529639834,2.529639834,05/17/2000,2.262375304,GPS
04/01/2015,2.526178244,2.526178244,2.526178244,2.526178244,2.526178244,2.526178244,05/18/2000,2.252375304,GPS
05/01/2015,2.530691662,2.530691662,2.530691662,2.530691662,2.530691662,2.530691662,05/19/2000,2.252375304,GPS
06/01/2015,2.551201403,2.551201403,2.551201403,2.551201403,2.551201403,2.551201403,05/20/2000,2.262375304,GPS
07/01/2015,2.575165465,2.575165465,2.575165465,2.575165465,2.575165465,2.575165465,05/21/2000,2.262375304,GPS
08/01/2015,2.594304983,2.594304983,2.594304983,2.594304983,2.594304983,2.594304983,05/22/2000,2.252375304,GPS
09/01/2015,2.610626927,2.610626927,2.610626927,2.610626927,2.610626927,2.610626927,05/23/2000,2.252375304,GPS
10/01/2015,2.619090726,2.619090726,2.619090726,2.619090726,2.619090726,2.619090726,05/24/2000,2.262375304,GPS
11/01/2015,2.619062982,2.619062982,2.619062982,2.619062982,2.619062982,2.619062982,05/25/2000,2.232375304,GPS
12/01/2015,2.612386649,2.612386649,2.612386649,2.612386649,2.612386649,2.612386649,05/26/2000,2.252375304,GPS
01/01/2016,2.601151858,2.601151858,2.601151858,2.601151858,2.601151858,2.601151858,05/27/2000,2.252375304,GPS
02/01/2016,2.600018037,2.600018037,2.600018037,2.600018037,2.600018037,2.600018037,05/28/2000,2.272375304,GPS
03/01/2016,2.59755525,2.59755525,2.59755525,2.59755525,2.59755525,2.59755525,05/29/2000,2.272375304,GPS
04/01/2016,2.594024867,2.594024867,2.594024867,2.594024867,2.594024867,2.594024867,05/30/2000,2.282375304,GPS
05/01/2016,2.587720306,2.587720306,2.587720306,2.587720306,2.587720306,2.587720306,05/31/2000,2.292375304,GPS
06/01/2016,2.598963135,2.598963135,2.598963135,2.598963135,2.598963135,2.598963135,06/01/2000,2.282375304,GPS
07/01/2016,2.623356401,2.623356401,2.623356401,2.623356401,2.623356401,2.623356401,06/02/2000,2.292375304,GPS
08/01/2016,2.655666413,2.655666413,2.655666413,2.655666413,2.655666413,2.655666413,06/03/2000,2.302375304,GPS
09/01/2016,2.672664528,2.672664528,2.672664528,2.672664528,2.672664528,2.672664528,06/04/2000,2.282375304,GPS
10/01/2016,2.672790471,2.672790471,2.672790471,2.672790471,2.672790471,2.672790471,06/05/2000,2.272375304,GPS
11/01/2016,2.675373396,2.675373396,2.675373396,2.675373396,2.675373396,2.675373396,06/06/2000,2.282375304,GPS
12/01/2016,2.669341265,2.669341265,2.669341265,2.669341265,2.669341265,2.669341265,06/07/2000,2.272375304,GPS
01/01/2017,2.659553834,2.659553834,2.659553834,2.659553834,2.659553834,2.659553834,06/08/2000,2.282375304,GPS
02/01/2017,2.652956688,2.652956688,2.652956688,2.652956688,2.652956688,2.652956688,06/09/2000,2.282375304,GPS
03/01/2017,2.647013761,2.647013761,2.647013761,2.647013761,2.647013761,2.647013761,06/10/2000,2.282375304,GPS
04/01/2017,2.64307418,2.64307418,2.64307418,2.64307418,2.64307418,2.64307418,06/11/2000,2.302375304,GPS
05/01/2017,2.641077141,2.641077141,2.641077141,2.641077141,2.641077141,2.641077141,06/12/2000,2.282375304,GPS
06/01/2017,2.639358002,2.639358002,2.639358002,2.639358002,2.639358002,2.639358002,06/13/2000,2.282375304,GPS
07/01/2017,2.641073975,2.641073975,2.641073975,2.641073975,2.641073975,2.641073975,06/14/2000,2.292375304,GPS
08/01/2017,2.640857015,2.640857015,2.640857015,2.640857015,2.640857015,2.640857015,06/15/2000,2.292375304,GPS
09/01/2017,2.643201146,2.643201146,2.643201146,2.643201146,2.643201146,2.643201146,06/16/2000,2.292375304,GPS
10/01/2017,2.644268275,2.644268275,2.644268275,2.644268275,2.644268275,2.644268275,06/17/2000,2.292375304,GPS
11/01/2017,2.644065483,2.644065483,2.644065483,2.644065483,2.644065483,2.644065483,06/18/2000,2.292375304,GPS
12/01/2017,2.643909823,2.643909823,2.643909823,2.643909823,2.643909823,2.643909823,06/19/2000,2.292375304,GPS
01/01/2018,2.643975082,2.643975082,2.643975082,2.643975082,2.643975082,2.643975082,06/20/2000,2.302375304,GPS
02/01/2018,2.643656554,2.643656554,2.643656554,2.643656554,2.643656554,2.643656554,06/21/2000,2.302375304,GPS
03/01/2018,2.644022712,2.644022712,2.644022712,2.644022712,2.644022712,2.644022712,06/22/2000,2.302375304,GPS
04/01/2018,2.642988249,2.642988249,2.642988249,2.642988249,2.642988249,2.642988249,06/23/2000,2.322375304,GPS
05/01/2018,2.644834335,2.644834335,2.644834335,2.644834335,2.644834335,2.644834335,06/24/2000,2.322375304,GPS
06/01/2018,2.644386478,2.644386478,2.644386478,2.644386478,2.644386478,2.644386478,06/25/2000,2.332375304,GPS
07/01/2018,2.645992801,2.645992801,2.645992801,2.645992801,2.645992801,2.645992801,06/26/2000,2.342375304,GPS
08/01/2018,2.643208996,2.643208996,2.643208996,2.643208996,2.643208996,2.643208996,06/27/2000,2.332375304,GPS
09/01/2018,2.645309875,2.645309875,2.645309875,2.645309875,2.645309875,2.645309875,06/28/2000,2.322375304,GPS
10/01/2018,2.644794826,2.644794826,2.644794826,2.644794826,2.644794826,2.644794826,06/29/2000,2.322375304,GPS
11/01/2018,2.645397979,2.645397979,2.645397979,2.645397979,2.645397979,2.645397979,06/30/2000,2.312375304,GPS
12/01/2018,2.644645869,2.644645869,2.644645869,2.644645869,2.644645869,2.644645869,07/01/2000,2.342375304,GPS
01/01/2019,2.640105596,2.640105596,2.640105596,2.640105596,2.640105596,2.640105596,07/02/2000,2.342375304,GPS
02/01/2019,2.634956909,2.634956909,2.634956909,2.634956909,2.634956909,2.634956909,07/03/2000,2.342375304,GPS
03/01/2019,2.633027382,2.633027382,2.633027382,2.633027382,2.633027382,2.633027382,07/04/2000,2.352375304,GPS
04/01/2019,2.631456686,2.631456686,2.631456686,2.631456686,2.631456686,2.631456686,07/05/2000,2.332375304,GPS
05/01/2019,2.628916573,2.628916573,2.628916573,2.628916573,2.628916573,2.628916573,07/06/2000,2.342375304,GPS
06/01/2019,2.628882923,2.628882923,2.628882923,2.628882923,2.628882923,2.628882923,07/07/2000,2.332375304,GPS
07/01/2019,2.628863655,2.628863655,2.628863655,2.628863655,2.628863655,2.628863655,07/08/2000,2.332375304,GPS
08/01/2019,2.623818175,2.623818175,2.623818175,2.623818175,2.623818175,2.623818175,07/09/2000,2.322375304,GPS
09/01/2019,2.620122274,2.620122274,2.620122274,2.620122274,2.620122274,2.620122274,07/10/2000,2.312375304,GPS
10/01/2019,2.625827778,2.625827778,2.625827778,2.625827778,2.625827778,2.625827778,07/11/2000,2.312375304,GPS
11/01/2019,2.638522497,2.638522497,2.638522497,2.638522497,2.638522497,2.638522497,07/12/2000,2.332375304,GPS
12/01/2019,2.641151506,2.641151506,2.641151506,2.641151506,2.641151506,2.641151506,07/13/2000,2.342375304,GPS
01/01/2020,2.641376598,2.641376598,2.641376598,2.641376598,2.641376598,2.641376598,07/14/2000,2.322375304,GPS
02/01/2020,2.63929026,2.63929026,2.63929026,2.63929026,2.63929026,2.63929026,07/15/2000,2.332375304,GPS
03/01/2020,2.638298078,2.638298078,2.638298078,2.638298078,2.638298078,2.638298078,07/16/2000,2.322375304,GPS
04/01/2020,2.634552404,2.634552404,2.634552404,2.634552404,2.634552404,2.634552404,07/17/2000,2.342375304,GPS
05/01/2020,2.636968192,2.636968192,2.636968192,2.636968192,2.636968192,2.636968192,07/18/2000,2.342375304,GPS
06/01/2020,2.647487115,2.647487115,2.647487115,2.647487115,2.647487115,2.647487115,07/19/2000,2.332375304,GPS
07/01/2020,2.663086053,2.663086053,2.663086053,2.663086053,2.663086053,2.663086053,07/20/2000,2.332375304,GPS
08/01/2020,2.686782171,2.686782171,2.686782171,2.686782171,2.686782171,2.686782171,07/21/2000,2.332375304,GPS
09/01/2020,2.704041365,2.704041365,2.704041365,2.704041365,2.704041365,2.704041365,07/22/2000,2.322375304,GPS
10/01/2020,2.705738023,2.705738023,2.705738023,2.705738023,2.705738023,2.705738023,07/23/2000,2.322375304,GPS
11/01/2020,2.701788652,2.701788652,2.701788652,2.701788652,2.701788652,2.701788652,07/24/2000,2.322375304,GPS
12/01/2020,2.695518726,2.695518726,2.695518726,2.695518726,2.695518726,2.695518726,07/25/2000,2.322375304,GPS
01/01/2021,2.686640571,2.686640571,2.686640571,2.686640571,2.686640571,2.686640571,07/26/2000,2.332375304,GPS
02/01/2021,2.680014555,2.680014555,2.680014555,2.680014555,2.680014555,2.680014555,07/27/2000,2.342375304,GPS
03/01/2021,2.673447153,2.673447153,2.673447153,2.673447153,2.673447153,2.673447153,07/28/2000,2.332375304,GPS
04/01/2021,2.670377431,2.670377431,2.670377431,2.670377431,2.670377431,2.670377431,07/29/2000,2.322375304,GPS
05/01/2021,2.677803041,2.677803041,2.677803041,2.677803041,2.677803041,2.677803041,07/30/2000,2.332375304,GPS
06/01/2021,2.698900722,2.698900722,2.698900722,2.698900722,2.698900722,2.698900722,07/31/2000,2.322375304,GPS
07/01/2021,2.718751695,2.718751695,2.718751695,2.718751695,2.718751695,2.718751695,08/01/2000,2.332375304,GPS
08/01/2021,2.734600488,2.734600488,2.734600488,2.734600488,2.734600488,2.734600488,08/02/2000,2.322375304,GPS
09/01/2021,2.751438583,2.751438583,2.751438583,2.751438583,2.751438583,2.751438583,08/03/2000,2.322375304,GPS
10/01/2021,2.755877193,2.755877193,2.755877193,2.755877193,2.755877193,2.755877193,08/04/2000,2.332375304,GPS
11/01/2021,2.762881298,2.762881298,2.762881298,2.762881298,2.762881298,2.762881298,08/05/2000,2.352375304,GPS
12/01/2021,2.774527607,2.774527607,2.774527607,2.774527607,2.774527607,2.774527607,08/06/2000,2.342375304,GPS
01/01/2022,2.78395914,2.78395914,2.78395914,2.78395914,2.78395914,2.78395914,08/07/2000,2.342375304,GPS
02/01/2022,2.792072183,2.792072183,2.792072183,2.792072183,2.792072183,2.792072183,08/08/2000,2.332375304,GPS
03/01/2022,2.79352792,2.79352792,2.79352792,2.79352792,2.79352792,2.79352792,08/09/2000,2.332375304,GPS
04/01/2022,2.786592533,2.786592533,2.786592533,2.786592533,2.786592533,2.786592533,08/10/2000,2.342375304,GPS
05/01/2022,2.787731904,2.787731904,2.787731904,2.787731904,2.787731904,2.787731904,08/11/2000,2.332375304,GPS
06/01/2022,2.796774678,2.796774678,2.796774678,2.796774678,2.796774678,2.796774678,08/12/2000,2.342375304,GPS
07/01/2022,2.807658776,2.807658776,2.807658776,2.807658776,2.807658776,2.807658776,08/13/2000,2.342375304,GPS
08/01/2022,2.826230178,2.826230178,2.826230178,2.826230178,2.826230178,2.826230178,08/14/2000,2.332375304,GPS
09/01/2022,2.85779819,2.85779819,2.85779819,2.85779819,2.85779819,2.85779819,08/15/2000,2.332375304,GPS
10/01/2022,2.870923712,2.870923712,2.870923712,2.870923712,2.870923712,2.870923712,08/16/2000,2.352375304,GPS
11/01/2022,2.874705875,2.874705875,2.874705875,2.874705875,2.874705875,2.874705875,08/17/2000,2.332375304,GPS
12/01/2022,2.873332129,2.873332129,2.873332129,2.873332129,2.873332129,2.873332129,08/18/2000,2.352375304,GPS
01/01/2023,2.868230143,2.868230143,2.868230143,2.868230143,2.868230143,2.868230143,08/19/2000,2.342375304,GPS
02/01/2023,2.861065895,2.861065895,2.861065895,2.861065895,2.861065895,2.861065895,08/20/2000,2.342375304,GPS
03/01/2023,2.85144682,2.85144682,2.85144682,2.85144682,2.85144682,2.85144682,08/21/2000,2.342375304,GPS
04/01/2023,2.840643098,2.840643098,2.840643098,2.840643098,2.840643098,2.840643098,08/22/2000,2.342375304,GPS
05/01/2023,2.831490685,2.831490685,2.831490685,2.831490685,2.831490685,2.831490685,08/23/2000,2.342375304,GPS
06/01/2023,2.828950926,2.828950926,2.828950926,2.828950926,2.828950926,2.828950926,08/24/2000,2.352375304,GPS
07/01/2023,2.842592306,2.842592306,2.842592306,2.842592306,2.842592306,2.842592306,08/25/2000,2.342375304,GPS
08/01/2023,2.86330447,2.86330447,2.86330447,2.86330447,2.86330447,2.86330447,08/26/2000,2.332375304,GPS
09/01/2023,2.886719666,2.886719666,2.886719666,2.886719666,2.886719666,2.886719666,08/27/2000,2.342375304,GPS
10/01/2023,2.902764236,2.902764236,2.902764236,2.902764236,2.902764236,2.902764236,08/28/2000,2.332375304,GPS
11/01/2023,2.905805728,2.905805728,2.905805728,2.905805728,2.905805728,2.905805728,08/29/2000,2.332375304,GPS
12/01/2023,2.903092642,2.903092642,2.903092642,2.903092642,2.903092642,2.903092642,08/30/2000,2.342375304,GPS
01/01/2024,2.901066686,2.901066686,2.901066686,2.901066686,2.901066686,2.901066686,08/31/2000,2.332375304,GPS
02/01/2024,2.879945147,2.879945147,2.893594953,2.879945147,2.888170295,2.869448979,09/01/2000,2.332375304,GPS
03/01/2024,2.868646055,2.868646055,2.879347482,2.868646055,2.882830255,2.861025053,09/02/2000,2.342375304,GPS
04/01/2024,2.857599878,2.857599878,2.870202431,2.857599878,2.880256217,2.856383774,09/03/2000,2.342375304,GPS
05/01/2024,2.848818891,2.848818891,2.86262227,2.848818891,2.879100094,2.854407206,09/04/2000,2.322375304,GPS
06/01/2024,2.840927922,2.840927922,2.858064065,2.840927922,2.87865547,2.853530877,09/05/2000,2.342375304,GPS
07/01/2024,2.834090822,2.834090822,2.8560498,2.834090822,2.878636998,2.853365088,09/06/2000,2.322375304,GPS
08/01/2024,2.826996197,2.826996197,2.854790894,2.826996197,2.878892701,2.853632773,09/07/2000,2.322375304,GPS
09/01/2024,2.819779356,2.819779356,2.854008952,2.820956897,2.879329797,2.854213812,09/08/2000,2.322375304,GPS
10/01/2024,2.81263729,2.81263729,2.853542791,2.817420887,2.879872184,2.855014133,09/09/2000,2.312375304,GPS
11/01/2024,2.805059025,2.805059025,2.853272674,2.814702968,2.880522582,2.855999212,09/10/2000,2.322375304,GPS
12/01/2024,2.797526073,2.797526073,2.853155868,2.812586955,2.88121477,2.857102394,09/11/2000,2.322375304,GPS
01/01/2025,2.789520294,2.789520294,2.853150081,2.81076146,2.881979399,2.85833676,09/12/2000,2.342375304,GPS
02/01/2025,2.781286655,2.781286655,2.853231735,2.809192204,2.882780766,2.859661147,09/13/2000,2.312375304,GPS
03/01/2025,2.773663857,2.773663857,2.85336441,2.807937166,2.883529766,2.860983312,09/14/2000,2.332375304,GPS
04/01/2025,2.766450631,2.76499341,2.853567369,2.806701491,2.884381465,2.86246022,09/15/2000,2.342375304,GPS
05/01/2025,2.761681128,2.756386755,2.853807086,2.805622735,2.885222813,2.863960503,09/16/2000,2.312375304,GPS
06/01/2025,2.757675832,2.74726341,2.854092897,2.804611128,2.886106668,2.865544036,09/17/2000,2.322375304,GPS
07/01/2025,2.754318506,2.738219292,2.854398682,2.803712761,2.886972248,2.86713736,09/18/2000,2.312375304,GPS
08/01/2025,2.751224604,2.728646297,2.854741957,2.80285879,2.887876436,2.868808524,09/19/2000,2.322375304,GPS
09/01/2025,2.748405029,2.718846024,2.855107516,2.802068268,2.888787691,2.870515355,09/20/2000,2.302375304,GPS
10/01/2025,2.745876061,2.709149425,2.855478253,2.80135427,2.889674156,2.87221831,09/21/2000,2.312375304,GPS
11/01/2025,2.743436846,2.698906173,2.855878737,2.800666224,2.890595736,2.873994463,09/22/2000,2.332375304,GPS
12/01/2025,2.741210699,2.688783213,2.856278474,2.800039835,2.891490198,2.875759042,09/23/2000,2.312375304,GPS
01/01/2026,2.73903491,2.678102489,2.8567051,2.799432553,2.892418717,2.877595049,09/24/2000,2.322375304,GPS
02/01/2026,2.73696509,2.667698778,2.857141377,2.798859033,2.893348873,2.87945525,09/25/2000,2.322375304,GPS
03/01/2026,2.735173204,2.661020697,2.857543094,2.798366889,2.894190584,2.881214554,09/26/2000,2.332375304,GPS
04/01/2026,2.733273445,2.654832414,2.857995417,2.797850246,2.895123464,2.88313426,09/27/2000,2.312375304,GPS
05/01/2026,2.731506024,2.649513889,2.858439289,2.79737447,2.896026855,2.885028539,09/28/2000,2.312375304,GPS
06/01/2026,2.729748118,2.644500219,2.858903197,2.796906193,2.896960455,2.886989502,09/29/2000,2.332375304,GPS
07/01/2026,2.728106515,2.639983421,2.85935723,2.796474101,2.897864449,2.888924864,09/30/2000,2.302375304,GPS
08/01/2026,2.726468812,2.635595514,2.859831076,2.796048443,2.898799018,2.890928757,10/01/2000,2.312375304,GPS
09/01/2026,2.724884905,2.631435087,2.860308485,2.795641672,2.899733387,2.892950639,10/02/2000,2.322375304,GPS
10/01/2026,2.723399724,2.627589775,2.860773972,2.795265182,2.900637808,2.894944857,10/03/2000,2.322375304,GPS
11/01/2026,2.721911208,2.623781609,2.861256834,2.794891929,2.901571258,2.897007689,10/04/2000,2.332375304,GPS
12/01/2026,2.720512795,2.620234352,2.861726827,2.794545941,2.902474661,2.899039822,10/05/2000,2.292375304,GPS
01/01/2027,2.719109652,2.616700037,2.862214485,2.794203251,2.903407739,2.901142024,10/06/2000,2.302375304,GPS
02/01/2027,2.717746285,2.613284451,2.86270399,2.793874774,2.904340421,2.903261179,10/07/2000,2.302375304,GPS
03/01/2027,2.716545539,2.610288319,2.86314714,2.793588858,2.905182306,2.90524678,10/08/2000,2.312375304,GPS
04/01/2027,2.715251703,2.607071257,2.863638574,2.793284639,2.906113504,2.907413689,10/09/2000,2.322375304,GPS
05/01/2027,2.714032489,2.604046127,2.864115747,2.793002274,2.907014706,2.909544118,10/10/2000,2.322375304,GPS
06/01/2027,2.712805379,2.601007112,2.864609511,2.792721953,2.907945189,2.911747364,10/11/2000,2.322375304,GPS
07/01/2027,2.711647931,2.598143358,2.865088479,2.792461593,2.908845524,2.913915279,10/12/2000,2.332375304,GPS
08/01/2027,2.710481595,2.595260693,2.865583405,2.792202642,2.90977466,2.916158388,10/13/2000,2.312375304,GPS
09/01/2027,2.709344355,2.592451009,2.866078742,2.791953908,2.910703108,2.918419706,10/14/2000,2.322375304,GPS
10/01/2027,2.708269351,2.589796188,2.866557726,2.791721721,2.911600303,2.920645857,10/15/2000,2.312375304,GPS
11/01/2027,2.70718624,2.587119643,2.867053588,2.791491957,2.912527281,2.922952332,10/16/2000,2.302375304,GPS
12/01/2027,2.706162048,2.584588099,2.867533164,2.791277715,2.913423228,2.925221355,10/17/2000,2.302375304,GPS
01/01/2028,2.70512889,2.582032544,2.868028795,2.791065123,2.914348222,2.927571706,10/18/2000,2.302375304,GPS
02/01/2028,2.7041196,2.579534349,2.868524015,2.79086058,2.915271933,2.929941485,10/19/2000,2.302375304,GPS
03/01/2028,2.703197018,2.577247068,2.868988157,2.790677352,2.91613616,2.932214829,10/20/2000,2.302375304,GPS
04/01/2028,2.702232356,2.574854297,2.869482971,2.790488171,2.917058011,2.934634808,10/21/2000,2.302375304,GPS
05/01/2028,2.701319347,2.572586847,2.869961523,2.790312106,2.917949083,2.937013522,10/22/2000,2.292375304,GPS
06/01/2028,2.700397196,2.570293443,2.870455653,2.790137421,2.918868865,2.939478665,10/23/2000,2.312375304,GPS
07/01/2028,2.699524627,2.568119423,2.870933973,2.789975449,2.919758453,2.941903603,10/24/2000,2.302375304,GPS
08/01/2028,2.698644013,2.56592032,2.871428791,2.78981587,2.92067755,2.944418777,10/25/2000,2.312375304,GPS
09/01/2028,2.697782505,2.563765722,2.87192282,2.789662545,2.921595378,2.94695651,10/26/2000,2.312375304,GPS
10/01/2028,2.696966509,2.561721297,2.872400547,2.789520209,2.922482611,2.949453332,10/27/2000,2.312375304,GPS
11/01/2028,2.696142001,2.559651149,2.872894051,2.78937967,2.923398712,2.952043435,10/28/2000,2.292375304,GPS
12/01/2028,2.695361029,2.557686274,2.873371384,2.789249524,2.924284527,2.954590277,10/29/2000,2.292375304,GPS
01/01/2029,2.694570855,2.555694983,2.873863601,2.789120362,2.925198407,2.957230939,10/30/2000,2.302375304,GPS
02/01/2029,2.693796646,2.553741195,2.874354424,2.788995984,2.926110472,2.959893625,10/31/2000,2.302375304,GPS
03/01/2029,2.693111086,2.552007329,2.874797619,2.788888452,2.926933699,2.962372155,11/01/2000,2.302375304,GPS
04/01/2029,2.692368884,2.550124889,2.875288548,2.788775558,2.927844806,2.965094144,11/02/2000,2.292375304,GPS
05/01/2029,2.691664825,2.548335911,2.875762748,2.788670797,2.928725236,2.967764,11/03/2000,2.292375304,GPS
06/01/2029,2.690952984,2.546522257,2.876252756,2.788568115,2.929634466,2.970530521,11/04/2000,2.292375304,GPS
07/01/2029,2.69027715,2.544797673,2.876725692,2.78847258,2.93051271,2.97324503,11/05/2000,2.282375304,GPS
08/01/2029,2.689593229,2.54304827,2.877213926,2.788378702,2.931419252,2.976058082,11/06/2000,2.282375304,GPS
09/01/2029,2.68892332,2.541330584,2.877701681,2.788289496,2.932324725,2.978893918,11/07/2000,2.292375304,GPS
10/01/2029,2.688287974,2.53969745,2.878173396,2.788207569,2.933200176,2.981680371,11/08/2000,2.292375304,GPS
11/01/2029,2.687644274,2.538039532,2.87865987,2.788126833,2.934103381,2.984572354,11/09/2000,2.272375304,GPS
12/01/2029,2.687033632,2.536462748,2.879130368,2.788052868,2.934976572,2.987414152,11/10/2000,2.292375304,GPS
01/01/2030,2.686414884,2.534861628,2.879615702,2.787980214,2.935877476,2.990364308,11/11/2000,2.292375304,GPS
02/01/2030,2.68580903,2.533288969,2.880101179,2.787912181,2.936777777,2.993341992,11/12/2000,2.292375304,GPS
03/01/2030,2.685271103,2.531890228,2.880538799,2.787853415,2.937589671,2.996106735,11/13/2000,2.312375304,GPS
04/01/2030,2.684687744,2.530368689,2.881023328,2.787792643,2.938487895,2.999151016,11/14/2000,2.302375304,GPS
05/01/2030,2.684132734,2.528919321,2.881490668,2.787736148,2.939355122,3.002135675,11/15/2000,2.302375304,GPS
06/01/2030,2.683570905,2.527447462,2.881973714,2.787681923,2.940250583,3.005231815,11/16/2000,2.292375304,GPS
07/01/2030,2.683037241,2.526046068,2.88244066,2.787632598,2.941116005,3.008269039,11/17/2000,2.292375304,GPS
08/01/2030,2.682496309,2.524621973,2.882922699,2.787584968,2.942009096,3.011419408,11/18/2000,2.292375304,GPS
09/01/2030,2.681966201,2.523221927,2.883404783,2.787541119,2.942901552,3.014595036,11/19/2000,2.282375304,GPS
10/01/2030,2.681462559,2.521888424,2.883870903,2.787501642,2.943764014,3.017709602,11/20/2000,2.282375304,GPS
11/01/2030,2.680951793,2.52053274,2.884351959,2.78746379,2.944653994,3.020939827,11/21/2000,2.262375304,GPS
12/01/2030,2.680466377,2.519241183,2.884816999,2.787429888,2.945514102,3.024105999,11/22/2000,2.272375304,GPS
01/01/2031,2.679975248,2.517929113,2.885298181,2.787398886,2.946402719,3.027389733,11/23/2000,2.272375304,GPS
02/01/2031,2.67949253,2.516637355,2.885778266,2.787370055,2.947289514,3.030705619,11/24/2000,2.282375304,GPS
03/01/2031,2.679064015,2.515486843,2.886211712,2.78734648,2.948089776,3.033782088,11/25/2000,2.282375304,GPS
04/01/2031,2.678598217,2.514233593,2.886691122,2.787323034,2.948974487,3.03718024,11/26/2000,2.282375304,GPS
05/01/2031,2.678155275,2.513038698,2.887154494,2.78730267,2.949829496,3.040518979,11/27/2000,2.292375304,GPS
06/01/2031,2.677706254,2.511823222,2.887633256,2.787284585,2.95071214,3.043997734,11/28/2000,2.282375304,GPS
07/01/2031,2.677279449,2.510664856,2.888096285,2.787269563,2.951565331,3.047427859,11/29/2000,2.272375304,GPS
08/01/2031,2.676846382,2.509486162,2.888574323,2.787256513,2.952445851,3.051016639,11/30/2000,2.282375304,GPS
09/01/2031,2.676420277,2.508325152,2.889051165,2.787245086,2.953324511,3.054660064,12/01/2000,2.292375304,GPS
10/01/2031,2.676015698,2.507217625,2.889512895,2.787236895,2.954174296,3.058255604,12/02/2000,2.282375304,GPS
11/01/2031,2.675605128,2.506090908,2.889989642,2.787230781,2.955051348,3.062012253,12/03/2000,2.282375304,GPS
12/01/2031,2.675213542,2.505015719,2.89044955,2.7872259,2.955898162,3.065713269,12/04/2000,2.272375304,GPS
01/01/2032,2.674816692,2.503920405,2.890925047,2.787223727,2.956772635,3.069576797,12/05/2000,2.272375304,GPS
02/01/2032,2.67442642,2.502841617,2.891399756,2.787223326,2.957645672,3.07349006,12/06/2000,2.272375304,GPS
03/01/2032,2.67406684,2.501845887,2.891843071,2.787224363,2.958460975,3.077228393,12/07/2000,2.292375304,GPS
04/01/2032,2.673689123,2.500796271,2.89231653,2.787227515,2.959331437,3.081246709,12/08/2000,2.282375304,GPS
05/01/2032,2.673329861,2.499794683,2.892774489,2.787232604,2.960172929,3.085195689,12/09/2000,2.272375304,GPS
06/01/2032,2.672964503,2.498774426,2.893246815,2.78723933,2.961040947,3.089309615,12/10/2000,2.272375304,GPS
07/01/2032,2.672616998,2.497800513,2.893703769,2.787247869,2.961880064,3.093350438,12/11/2000,2.262375304,GPS
08/01/2032,2.672263669,2.496808357,2.894175202,2.787258219,2.962745766,3.097558273,12/12/2000,2.272375304,GPS
09/01/2032,2.671917334,2.495829986,2.894647198,2.787271388,2.963611287,3.101810997,12/13/2000,2.282375304,GPS
10/01/2032,2.671587491,2.494896598,2.895103392,2.787285629,2.964447784,3.105985221,12/14/2000,2.272375304,GPS
11/01/2032,2.671252345,2.493945295,2.895574363,2.787302066,2.965311029,3.110329592,12/15/2000,2.282375304,GPS
12/01/2032,2.670932062,2.493036598,2.896028622,2.78731841,2.96614434,3.114589457,12/16/2000,2.282375304,GPS
01/01/2033,2.670607049,2.492109422,2.896498083,2.787337435,2.967004736,3.119021218,12/17/2000,2.262375304,GPS
02/01/2033,2.670287804,2.491195293,2.896967521,2.787358483,2.967864422,3.123494344,12/18/2000,2.282375304,GPS
03/01/2033,2.670003551,2.490379727,2.897390975,2.787378588,2.968639926,3.127619776,12/19/2000,2.272375304,GPS
04/01/2033,2.669693732,2.489488814,2.897859189,2.787402181,2.969497146,3.132202505,12/20/2000,2.252375304,GPS
05/01/2033,2.669398869,2.488637271,2.898312125,2.787426665,2.970325976,3.136714439,12/21/2000,2.262375304,GPS
06/01/2033,2.669099246,2.487769356,2.898779903,2.787453601,2.971181452,3.141429857,12/22/2000,2.282375304,GPS
07/01/2033,2.668814208,2.486940513,2.899232614,2.787481431,2.972008643,3.146069516,12/23/2000,2.272375304,GPS
08/01/2033,2.668523816,2.486095342,2.899699454,2.787511048,2.972861828,3.150912394,12/24/2000,2.272375304,GPS
09/01/2033,2.668237166,2.485260234,2.90016504,2.787541192,2.973713169,3.155812985,12/25/2000,2.272375304,GPS
10/01/2033,2.667962967,2.484460557,2.900614189,2.787570599,2.974535206,3.160625416,12/26/2000,2.272375304,GPS
11/01/2033,2.667684613,2.483643999,2.901078458,2.787602868,2.97538403,3.165641562,12/27/2000,2.282375304,GPS
12/01/2033,2.66741907,2.48286371,2.901527128,2.787635073,2.976204296,3.170562034,12/28/2000,2.272375304,GPS
01/01/2034,2.667148762,2.482067351,2.90199021,2.787669472,2.977050668,3.175685701,12/29/2000,2.262375304,GPS
02/01/2034,2.666883307,2.481280899,2.902453551,2.787705788,2.977896586,3.1808696,12/30/2000,2.252375304,GPS
03/01/2034,2.666645852,2.480578815,2.902870738,2.787738582,2.978658884,3.18565565,12/31/2000,2.262375304,GPS
04/01/2034,2.666387601,2.47980986,2.903332813,2.787776694,2.979502408,3.190987769,01/01/2001,2.262375304,GPS
05/01/2034,2.666141769,2.47907512,2.903779994,2.787815067,2.980318112,3.196228019,01/02/2001,2.282375304,GPS
06/01/2034,2.665891236,2.478325488,2.904241359,2.787855526,2.981159616,3.201697815,01/03/2001,2.272375304,GPS
07/01/2034,2.665652151,2.477608156,2.904687326,2.787895575,2.981972833,3.207073765,01/04/2001,2.262375304,GPS
08/01/2034,2.665407614,2.476874881,2.9051466,2.787936887,2.982811141,3.212684131,01/05/2001,2.252375304,GPS
09/01/2034,2.66516644,2.476149224,2.905605267,2.78797904,2.983648142,3.218358173,01/06/2001,2.252375304,GPS
10/01/2034,2.664936674,2.475454757,2.906049068,2.78802112,2.984457442,3.223929308,01/07/2001,2.242375304,GPS
11/01/2034,2.664702801,2.4747459,2.906507139,2.788065486,2.985292517,3.229743006,01/08/2001,2.242375304,GPS
12/01/2034,2.664479385,2.474067361,2.906950047,2.788109345,2.986099679,3.23544627,01/09/2001,2.252375304,GPS
01/01/2035,2.664251738,2.473374065,2.90740707,2.78815539,2.986932496,3.241389205,01/10/2001,2.252375304,GPS
02/01/2035,2.664026991,2.472688221,2.907863423,2.788202118,2.987764047,3.247390299,01/11/2001,2.262375304,GPS
03/01/2035,2.663826383,2.472074791,2.908275261,2.78824506,2.988514253,3.252906767,01/12/2001,2.272375304,GPS
04/01/2035,2.663607223,2.471402968,2.908730178,2.788292859,2.98934329,3.25904406,01/13/2001,2.272375304,GPS
05/01/2035,2.663397545,2.470759254,2.909170236,2.78834014,2.990144859,3.265057926,01/14/2001,2.282375304,GPS
06/01/2035,2.663184089,2.470101523,2.909623948,2.788389235,2.99097165,3.271318682,01/15/2001,2.272375304,GPS
07/01/2035,2.662979651,2.469471013,2.910062868,2.788437777,2.991771217,3.277446405,01/16/2001,2.292375304,GPS
08/01/2035,2.662771725,2.468826925,2.910516036,2.788488782,2.992596597,3.283820366,01/17/2001,2.272375304,GPS
09/01/2035,2.662566717,2.468189769,2.910969297,2.788541113,2.993421674,3.290246063,01/18/2001,2.272375304,GPS
10/01/2035,2.66237117,2.467579758,2.911407449,2.788592407,2.994219386,3.296551416,01/19/2001,2.272375304,GPS
11/01/2035,2.662171883,2.466956101,2.911859645,2.78864602,2.995042696,3.303222425,01/20/2001,2.272375304,GPS
12/01/2035,2.661981396,2.466358481,2.912296371,2.788698095,2.995838256,3.309898758,01/21/2001,2.272375304,GPS
01/01/2036,2.661786857,2.465746957,2.912747852,2.78875326,2.996660156,3.316983982,01/22/2001,2.272375304,GPS
02/01/2036,2.661595341,2.465142157,2.913198238,2.788808449,2.997480678,3.324245813,01/23/2001,2.252375304,GPS
03/01/2036,2.66141759,2.464580937,2.913619154,2.78886065,2.998247625,3.331223091,01/24/2001,2.262375304,GPS
04/01/2036,2.661229946,2.463986961,2.914068625,2.788917081,2.99906669,3.338825947,01/25/2001,2.262375304,GPS
05/01/2036,2.661050188,2.463417266,2.914502485,2.788971594,2.999858038,3.346355177,01/26/2001,2.292375304,GPS
06/01/2036,2.660866433,2.46283402,2.914951138,2.789029334,3.000675677,3.354286901,01/27/2001,2.272375304,GPS
07/01/2036,2.660691324,2.462275485,2.915383951,2.789084812,3.001465394,3.36211056,01/28/2001,2.262375304,GPS
08/01/2036,2.660511528,2.461702772,2.915831318,2.789143335,3.002281398,3.370316033,01/29/2001,2.272375304,GPS
09/01/2036,2.660335208,2.461136861,2.916278989,2.789203177,3.003097317,3.378658684,01/30/2001,2.282375304,GPS
10/01/2036,2.660166627,2.460594246,2.916710442,2.789260256,3.00388521,3.386859977,01/31/2001,2.292375304,GPS
11/01/2036,2.659993387,2.460037656,2.917156532,2.789320505,3.004699434,3.395424826,02/01/2001,2.272375304,GPS
12/01/2036,2.659828607,2.459504823,2.917587756,2.789379244,3.005486728,3.403846441,02/02/2001,2.282375304,GPS
01/01/2037,2.659659853,2.458958775,2.918032368,2.789439936,3.0062993,3.41265726,02/03/2001,2.272375304,GPS
02/01/2037,2.659492907,2.458417559,2.918476956,2.789501563,3.007111631,3.421482647,02/04/2001,2.282375304,GPS
03/01/2037,2.659343962,2.457932974,2.918878001,2.789557489,3.007844781,3.429552697,02/05/2001,2.272375304,GPS
04/01/2037,2.659180689,2.457401018,2.919320959,2.789619275,3.008655308,3.438560738,02/06/2001,2.272375304,GPS
05/01/2037,2.65902408,2.456890272,2.919749415,2.789679718,3.009439262,3.447391002,02/07/2001,2.272375304,GPS
06/01/2037,2.658864197,2.456367252,2.920191441,2.789742376,3.010248509,3.456642521,02/08/2001,2.272375304,GPS
07/01/2037,2.658710649,2.455864876,2.920618428,2.789803085,3.01103079,3.465723952,02/09/2001,2.252375304,GPS
08/01/2037,2.658553584,2.455350092,2.921059291,2.789866349,3.011838545,3.475203108,02/10/2001,2.272375304,GPS
09/01/2037,2.658398232,2.454839689,2.921499386,2.789929725,3.012645362,3.484770798,02/11/2001,2.282375304,GPS
10/01/2037,2.65824923,2.454349557,2.921924987,2.789991579,3.013425639,3.494131549,02/12/2001,2.272375304,GPS
11/01/2037,2.65809758,2.453848011,2.922365115,2.790056699,3.014231898,3.503928014,02/13/2001,2.262375304,GPS
12/01/2037,2.657952425,2.453366643,2.922789454,2.790118928,3.015010551,3.513556633,02/14/2001,2.262375304,GPS
01/01/2038,2.657803299,2.452872617,2.92322804,2.790184172,3.015814872,3.523591606,02/15/2001,2.272375304,GPS
02/01/2038,2.657655905,2.452382785,2.923665271,2.790248885,3.016617691,3.533723566,02/16/2001,2.282375304,GPS
03/01/2038,2.657523266,2.451942825,2.924060368,2.790308203,3.017342766,3.543065837,02/17/2001,2.282375304,GPS
04/01/2038,2.657378527,2.451460276,2.924497326,2.790374228,3.01814481,3.553464078,02/18/2001,2.272375304,GPS
05/01/2038,2.657239777,2.450996847,2.924919765,2.790438463,3.018920321,3.56363716,02/19/2001,2.272375304,GPS
06/01/2038,2.657098192,2.450522095,2.925355976,2.790505319,3.019720986,3.574385154,02/20/2001,2.272375304,GPS
07/01/2038,2.656962686,2.450066294,2.925777631,2.790570271,3.020495051,3.584923762,02/21/2001,2.282375304,GPS
08/01/2038,2.65682424,2.449599131,2.926213706,2.79063855,3.021294923,3.595898576,02/22/2001,2.262375304,GPS
09/01/2038,2.656687683,2.449136109,2.926648399,2.790706212,3.022093199,3.606963454,02/23/2001,2.272375304,GPS
10/01/2038,2.656556075,2.448690589,2.927068743,2.790772075,3.022865047,3.617748687,02/24/2001,2.262375304,GPS
11/01/2038,2.6564212,2.44823348,2.927502092,2.790839884,3.023661386,3.628934313,02/25/2001,2.262375304,GPS
12/01/2038,2.65629126,2.447793686,2.927921185,2.790905945,3.0244315,3.639828346,02/26/2001,2.272375304,GPS
01/01/2039,2.656158493,2.447342854,2.928353833,2.790974539,3.025226527,3.651099879,02/27/2001,2.282375304,GPS
02/01/2039,2.656026908,2.44689526,2.928785694,2.791043077,3.026020464,3.662396162,02/28/2001,2.262375304,GPS
03/01/2039,2.655908922,2.446493497,2.929175844,2.791105668,3.026737328,3.67272452,03/01/2001,2.252375304,GPS
04/01/2039,2.655779998,2.446052406,2.929607322,2.791175215,3.027530188,3.684134084,03/02/2001,2.242375304,GPS
05/01/2039,2.655656104,2.445628259,2.930023812,2.791242115,3.028296153,3.695220632,03/03/2001,2.242375304,GPS
06/01/2039,2.655528875,2.445192696,2.930454454,2.791312232,3.02908749,3.706679594,03/04/2001,2.262375304,GPS
07/01/2039,2.655407239,2.444774479,2.930870061,2.791379595,3.029851911,3.717818355,03/05/2001,2.262375304,GPS
08/01/2039,2.65528195,2.444344595,2.931299356,2.791449745,3.030641286,3.729332105,03/06/2001,2.262375304,GPS
09/01/2039,2.655157904,2.443917827,2.931727965,2.7915199,3.031429664,3.740861966,03/07/2001,2.262375304,GPS
10/01/2039,2.655038997,2.443507682,2.932142991,2.791588684,3.032192415,3.752073949,03/08/2001,2.272375304,GPS
11/01/2039,2.654917476,2.443087027,2.932570794,2.791659393,3.032979288,3.763663388,03/09/2001,2.272375304,GPS
12/01/2039,2.654800207,2.442681945,2.932984455,2.791728118,3.033740119,3.774930091,03/10/2001,2.272375304,GPS
01/01/2040,2.654680418,2.442266513,2.933411613,2.791799502,3.034525572,3.786573887,03/11/2001,2.262375304,GPS
02/01/2040,2.654561809,2.44185396,2.933837564,2.791870311,3.035309417,3.798229536,03/12/2001,2.262375304,GPS
03/01/2040,2.65445115,2.441469762,2.934236756,2.791937876,3.036043053,3.809220778,03/13/2001,2.262375304,GPS
04/01/2040,2.65433508,2.441063022,2.93466258,2.792009834,3.036825987,3.820953169,03/14/2001,2.262375304,GPS
05/01/2040,2.654222849,2.440671014,2.935073784,2.7920792,3.037582548,3.832351119,03/15/2001,2.262375304,GPS
06/01/2040,2.654107473,2.440268174,2.935498125,2.792150936,3.038363333,3.844125672,03/16/2001,2.242375304,GPS
07/01/2040,2.653996612,2.439880603,2.935908281,2.792220449,3.039118052,3.855565557,03/17/2001,2.242375304,GPS
08/01/2040,2.653882992,2.439482624,2.936332164,2.792292976,3.039897575,3.867386117,03/18/2001,2.242375304,GPS
09/01/2040,2.653770279,2.439087137,2.936754493,2.792364564,3.040675297,3.87921671,03/19/2001,2.252375304,GPS
10/01/2040,2.653660872,2.438705496,2.937162477,2.792433695,3.041426855,3.890713673,03/20/2001,2.252375304,GPS
11/01/2040,2.653548637,2.438313457,2.937584108,2.792505797,3.042203056,3.902593799,03/21/2001,2.242375304,GPS
12/01/2040,2.653441277,2.437936734,2.937991815,2.792575826,3.042953523,3.914137265,03/22/2001,2.242375304,GPS
01/01/2041,2.653331705,2.437550306,2.938413361,2.792649045,3.043728736,3.926064085,03/23/2001,2.252375304,GPS
02/01/2041,2.653223663,2.437166873,2.938834688,2.792722655,3.044503327,3.938002688,03/24/2001,2.242375304,GPS
03/01/2041,2.653126628,2.436822278,2.939213814,2.792788187,3.045201305,3.948897183,03/25/2001,2.252375304,GPS
04/01/2041,2.653018721,2.436441685,2.939633783,2.792861583,3.045973913,3.960924466,03/26/2001,2.252375304,GPS
05/01/2041,2.652916385,2.436076828,2.940041001,2.792933964,3.046721808,3.972600367,03/27/2001,2.252375304,GPS
06/01/2041,2.652812185,2.43570274,2.94046046,2.793008004,3.047493015,3.984656405,03/28/2001,2.242375304,GPS
07/01/2041,2.652711101,2.43534174,2.940865532,2.793079337,3.048238141,3.996363872,03/29/2001,2.232375304,GPS
08/01/2041,2.652607104,2.434970486,2.941283669,2.793153176,3.049007194,4.008454582,03/30/2001,2.232375304,GPS
09/01/2041,2.65250351,2.434600935,2.941700519,2.79322629,3.049774639,4.02055126,03/31/2001,2.252375304,GPS
10/01/2041,2.652403302,2.434244559,2.942104439,2.793298118,3.050517412,4.032305279,04/01/2001,2.252375304,GPS
11/01/2041,2.652301172,2.433879063,2.942521068,2.793372156,3.051283857,4.043397317,04/02/2001,2.262375304,GPS
12/01/2041,2.652202862,2.433527081,2.942923455,2.793443509,3.052024325,4.053542198,04/03/2001,2.262375304,GPS
01/01/2042,2.65210168,2.433164986,2.94333921,2.79351776,3.052788978,4.063576438,04/04/2001,2.282375304,GPS
02/01/2042,2.652001356,2.432805007,2.943754394,2.793592005,3.053552713,4.073250341,04/06/2001,2.252375304,GPS
03/01/2042,2.651911214,2.432481357,2.94412902,2.793659134,3.054241804,4.081736288,04/07/2001,2.262375304,GPS
04/01/2042,2.651812071,2.432124894,2.944543383,2.793733602,3.05500389,4.090864431,04/08/2001,2.272375304,GPS
05/01/2042,2.651716636,2.43178156,2.944943645,2.793805445,3.055740306,4.099476531,04/09/2001,2.262375304,GPS
06/01/2042,2.651618283,2.43142822,2.945356676,2.793879648,3.056500281,4.108164581,04/10/2001,2.242375304,GPS
07/01/2042,2.651523769,2.43108804,2.945756856,2.793952454,3.057235762,4.116395966,04/11/2001,2.242375304,GPS
08/01/2042,2.65142742,2.430739036,2.946170061,2.794027928,3.057995094,4.124730631,04/12/2001,2.262375304,GPS
09/01/2042,2.651331701,2.430391842,2.946582395,2.79410306,3.058753164,4.132906814,04/13/2001,2.262375304,GPS
10/01/2042,2.651239388,2.430057215,2.946981928,2.794176788,3.059486842,4.140685498,04/14/2001,2.262375304,GPS
11/01/2042,2.651145384,2.429713973,2.947393662,2.794252369,3.060243464,4.148587952,04/15/2001,2.242375304,GPS
12/01/2042,2.651054675,2.429383068,2.947792232,2.794326117,3.060975283,4.156118717,04/16/2001,2.242375304,GPS
01/01/2043,2.650961738,2.429043001,2.948202972,2.794401722,3.061730039,4.163783526,04/17/2001,2.262375304,GPS
02/01/2043,2.650868397,2.428703587,2.948613029,2.794477169,3.062483777,4.171340575,04/18/2001,2.252375304,GPS
03/01/2043,2.650784382,2.428398186,2.948982672,2.794544988,3.063163464,4.178081546,04/19/2001,2.262375304,GPS
04/01/2043,2.650691969,2.428061674,2.949392128,2.794620789,3.063915626,4.185448866,04/20/2001,2.272375304,GPS
05/01/2043,2.650603207,2.427737649,2.949787535,2.794693792,3.064642418,4.192494219,04/21/2001,2.282375304,GPS
06/01/2043,2.650511618,2.427403994,2.950195579,2.794769185,3.065392445,4.199688635,04/22/2001,2.272375304,GPS
07/01/2043,2.650423497,2.427082553,2.950590717,2.794842891,3.0661181,4.206576673,04/23/2001,2.262375304,GPS
08/01/2043,2.65033307,2.426752062,2.950997711,2.794918243,3.066866367,4.213617681,04/24/2001,2.262375304,GPS
09/01/2043,2.650242707,2.426422629,2.951405069,2.794994461,3.067614444,4.220586876,04/25/2001,2.242375304,GPS
10/01/2043,2.650156518,2.426106007,2.951798937,2.79506834,3.068337636,4.227266641,04/26/2001,2.252375304,GPS
11/01/2043,2.650067791,2.425780136,2.952205368,2.795144616,3.069084,4.234103607,04/27/2001,2.252375304,GPS
12/01/2043,2.649982697,2.425466455,2.952598935,2.795219137,3.069806003,4.240661145,04/28/2001,2.252375304,GPS
01/01/2044,2.649895681,2.425144169,2.95300451,2.795295508,3.070550583,4.247375432,04/29/2001,2.252375304,GPS
02/01/2044,2.649808223,2.424822351,2.953409603,2.795371894,3.071294329,4.254032567,04/30/2001,2.272375304,GPS
03/01/2044,2.64972694,2.424522659,2.953788365,2.795443577,3.071989469,4.260211328,05/01/2001,2.252375304,GPS
04/01/2044,2.649640752,2.424203902,2.954192941,2.795520378,3.072731791,4.266762661,05/02/2001,2.262375304,GPS
05/01/2044,2.649557313,2.423896236,2.954582639,2.795593306,3.0734481,4.273052268,05/03/2001,2.262375304,GPS
06/01/2044,2.649470201,2.423578285,2.954985508,2.795669335,3.074188002,4.279502664,05/04/2001,2.262375304,GPS
07/01/2044,2.649386977,2.423272515,2.955374797,2.79574276,3.074903011,4.285699043,05/05/2001,2.262375304,GPS
08/01/2044,2.6493015,2.422957925,2.955777428,2.795819481,3.075641715,4.292056529,05/06/2001,2.272375304,GPS
09/01/2044,2.649216913,2.422645111,2.956178858,2.795895464,3.076378875,4.298368176,05/07/2001,2.282375304,GPS
10/01/2044,2.649134987,2.422343107,2.956567792,2.7959699,3.077092221,4.3044366,05/08/2001,2.282375304,GPS
11/01/2044,2.649051306,2.42203288,2.956968235,2.79604581,3.077827539,4.310663563,05/09/2001,2.272375304,GPS
12/01/2044,2.648969594,2.421732676,2.957355159,2.796119101,3.078538158,4.316650908,05/10/2001,2.272375304,GPS
01/01/2045,2.648885327,2.421423456,2.957754318,2.796194629,3.079271379,4.322797501,05/11/2001,2.292375304,GPS
02/01/2045,2.648801235,2.421115215,2.95815296,2.796270092,3.080003633,4.328904935,05/12/2001,2.292375304,GPS
03/01/2045,2.648725436,2.420837612,2.958512983,2.796338597,3.080664639,4.334391167,05/13/2001,2.292375304,GPS
04/01/2045,2.648642736,2.420532324,2.958912277,2.796415613,3.081396623,4.340430251,05/14/2001,2.282375304,GPS
05/01/2045,2.648563948,2.420238906,2.959297483,2.796489346,3.082103425,4.34623997,05/15/2001,2.272375304,GPS
06/01/2045,2.648482164,2.419936094,2.959695543,2.796566012,3.082833332,4.352209146,05/16/2001,2.302375304,GPS
07/01/2045,2.648403812,2.419644597,2.960080849,2.79664073,3.083539378,4.357955411,05/17/2001,2.292375304,GPS
08/01/2045,2.648323141,2.41934448,2.96047729,2.796716668,3.08426697,4.363858931,05/18/2001,2.292375304,GPS
09/01/2045,2.648241891,2.419044526,2.960874099,2.796793427,3.084994392,4.369731091,05/19/2001,2.282375304,GPS
10/01/2045,2.648163937,2.418755645,2.961256797,2.796866809,3.085696752,4.375383471,05/20/2001,2.292375304,GPS
11/01/2045,2.648083748,2.418458235,2.961653521,2.796944354,3.086423081,4.381194611,05/21/2001,2.292375304,GPS
12/01/2045,2.648007401,2.418172377,2.962035782,2.797018144,3.087124114,4.386789235,05/22/2001,2.302375304,GPS
01/01/2046,2.647927591,2.417876795,2.962430249,2.797094287,3.087847514,4.392540345,05/23/2001,2.292375304,GPS
02/01/2046,2.647847901,2.41758204,2.962823812,2.797169951,3.088569588,4.398261617,05/24/2001,2.282375304,GPS
03/01/2046,2.647775746,2.417316195,2.963179336,2.797238705,3.089221462,4.40340649,05/25/2001,2.302375304,GPS
04/01/2046,2.647696815,2.417023563,2.963572843,2.797315159,3.089942611,4.409075223,05/26/2001,2.292375304,GPS
05/01/2046,2.647620866,2.416741479,2.963952809,2.797388698,3.090639281,4.414535135,05/27/2001,2.292375304,GPS
06/01/2046,2.647542559,2.416450857,2.964345914,2.797465608,3.091359124,4.420151339,05/28/2001,2.292375304,GPS
07/01/2046,2.6474675,2.416171015,2.964725332,2.797539439,3.092054466,4.425561908,05/29/2001,2.302375304,GPS
08/01/2046,2.647390086,2.41588269,2.965117835,2.797616601,3.092772848,4.431127934,05/30/2001,2.292375304,GPS
09/01/2046,2.647313782,2.415596166,2.96550961,2.797693456,3.093490073,4.436668404,05/31/2001,2.302375304,GPS
10/01/2046,2.647239828,2.415319391,2.965888285,2.797767771,3.09418332,4.442007066,06/01/2001,2.272375304,GPS
11/01/2046,2.647163243,2.415033906,2.966279026,2.797844448,3.094898806,4.447500165,06/02/2001,2.302375304,GPS
12/01/2046,2.647089596,2.414758755,2.966656978,2.797918854,3.095590518,4.452793626,06/03/2001,2.312375304,GPS
01/01/2047,2.647013961,2.41447554,2.967047535,2.797996186,3.09630488,4.458241159,06/04/2001,2.292375304,GPS
02/01/2047,2.646938729,2.414193418,2.967437136,2.798072982,3.097017945,4.463665699,06/05/2001,2.302375304,GPS
03/01/2047,2.646870752,2.413939099,2.967788798,2.798142442,3.097661332,4.46854644,06/06/2001,2.302375304,GPS
04/01/2047,2.646795704,2.413658358,2.968177196,2.798218809,3.098372332,4.473927156,06/07/2001,2.302375304,GPS
05/01/2047,2.646722898,2.413387073,2.968552885,2.798292925,3.099059785,4.479113792,06/08/2001,2.292375304,GPS
06/01/2047,2.646648435,2.413108152,2.968941358,2.798370194,3.099769909,4.484452329,06/09/2001,2.302375304,GPS
07/01/2047,2.646576532,2.412838985,2.969315337,2.798443381,3.100454976,4.489597531,06/10/2001,2.302375304,GPS
08/01/2047,2.646501332,2.412560544,2.969702171,2.798519779,3.101162669,4.494893635,06/11/2001,2.302375304,GPS
09/01/2047,2.646426972,2.412283557,2.970088308,2.798595866,3.10186926,4.500168878,06/13/2001,2.302375304,GPS
10/01/2047,2.646355065,2.412016136,2.970462411,2.798670292,3.102553021,4.505255951,06/14/2001,2.312375304,GPS
11/01/2047,2.646281878,2.411741568,2.970848657,2.798747238,3.103258761,4.510492744,06/15/2001,2.312375304,GPS
12/01/2047,2.646211422,2.411476792,2.97122222,2.798821807,3.103941032,4.515542232,06/16/2001,2.312375304,GPS
01/01/2048,2.646138646,2.41120381,2.97160699,2.798897949,3.104644396,4.520739762,06/17/2001,2.312375304,GPS
02/01/2048,2.646065263,2.410930791,2.97199187,2.798974551,3.105347368,4.525918729,06/18/2001,2.312375304,GPS
03/01/2048,2.645997554,2.410676868,2.972352301,2.799046893,3.106004849,4.530747636,06/19/2001,2.312375304,GPS
04/01/2048,2.645926262,2.410407121,2.972737846,2.799124827,3.106707405,4.535891846,06/20/2001,2.332375304,GPS
05/01/2048,2.645857836,2.410147215,2.973110046,2.799199646,3.107386006,4.540852722,06/21/2001,2.322375304,GPS
06/01/2048,2.645786765,2.409878842,2.973493823,2.799276436,3.108085874,4.545959897,06/22/2001,2.312375304,GPS
07/01/2048,2.645717268,2.409618897,2.973864142,2.799349976,3.108761751,4.550884931,06/23/2001,2.312375304,GPS
08/01/2048,2.645645007,2.409350403,2.974246733,2.799426229,3.109459574,4.55595663,06/24/2001,2.312375304,GPS
09/01/2048,2.645573769,2.409083505,2.974630377,2.799503882,3.110157808,4.561012134,06/25/2001,2.332375304,GPS
10/01/2048,2.645506311,2.408827254,2.975000747,2.799578428,3.110832187,4.565887739,06/26/2001,2.332375304,GPS
11/01/2048,2.645436204,2.408562589,2.975383543,2.799655885,3.111528645,4.570909482,06/27/2001,2.342375304,GPS
12/01/2048,2.645368922,2.408307573,2.975753741,2.799730912,3.112201964,4.57575396,06/28/2001,2.342375304,GPS
01/01/2049,2.645299684,2.408044901,2.976135724,2.799808212,3.112896683,4.580743052,06/29/2001,2.332375304,GPS
02/01/2049,2.645230544,2.407782845,2.976517096,2.799885217,3.113590275,4.585714982,06/30/2001,2.332375304,GPS
03/01/2049,2.645167677,2.407546146,2.976860977,2.799954468,3.114215883,4.59019251,07/01/2001,2.312375304,GPS
04/01/2049,2.645097682,2.407284241,2.977240477,2.800030233,3.114906901,4.595132756,07/02/2001,2.292375304,GPS
05/01/2049,2.645029719,2.40703103,2.977608479,2.800104622,3.11557579,4.599899469,07/03/2001,2.312375304,GPS
06/01/2049,2.644961001,2.406771435,2.977988764,2.800181847,3.11626648,4.604809662,07/04/2001,2.342375304,GPS
07/01/2049,2.644894435,2.406520645,2.978355186,2.800255291,3.116933037,4.60954596,07/05/2001,2.332375304,GPS
08/01/2049,2.644824879,2.406261228,2.97873417,2.800331875,3.117621602,4.614425231,07/06/2001,2.332375304,GPS
09/01/2049,2.644756449,2.406003466,2.979113357,2.800409004,3.118309839,4.61928975,07/07/2001,2.342375304,GPS
10/01/2049,2.644690952,2.405755237,2.979480018,2.800483671,3.118975152,4.62398336,07/08/2001,2.352375304,GPS
11/01/2049,2.644623406,2.405499384,2.979858329,2.800560589,3.119661632,4.628818347,07/09/2001,2.352375304,GPS
12/01/2049,2.644558026,2.405252239,2.980224271,2.800635184,3.120325376,4.633483818,07/10/2001,2.342375304,GPS
01/01/2050,2.644490884,2.404997789,2.980602028,2.800712216,3.121010386,4.638290102,07/11/2001,2.342375304,GPS
02/01/2050,2.644423915,2.404744002,2.980979438,2.800789239,3.121694592,4.643081927,07/12/2001,2.342375304,GPS
03/01/2050,2.644363444,2.404515204,2.981320453,2.800859238,3.122312408,4.647399353,07/13/2001,2.362375304,GPS
04/01/2050,2.644297289,2.404263237,2.981697937,2.800937009,3.122995846,4.652165587,07/14/2001,2.352375304,GPS
05/01/2050,2.644233548,2.404020137,2.982062057,2.801011383,3.123655679,4.656764048,07/15/2001,2.352375304,GPS
06/01/2050,2.644166967,2.403768662,2.982437598,2.801087843,3.124336334,4.661501281,07/16/2001,2.352375304,GPS
07/01/2050,2.644102233,2.403525418,2.982800319,2.801161437,3.124993932,4.66607227,07/17/2001,2.352375304,GPS
08/01/2050,2.644035389,2.403274583,2.983175705,2.801238405,3.125673515,4.670782811,07/18/2001,2.362375304,GPS
09/01/2050,2.643969818,2.403025533,2.983550868,2.801315456,3.126352352,4.675479783,07/19/2001,2.352375304,GPS
10/01/2050,2.643906581,2.402785174,2.983913636,2.801390025,3.127008578,4.680012777,07/20/2001,2.362375304,GPS
11/01/2050,2.643841073,2.402537117,2.984287485,2.801466368,3.12768529,4.684683135,07/21/2001,2.362375304,GPS
12/01/2050,2.643777185,2.402297005,2.984649302,2.801540559,3.128339748,4.689190926,07/22/2001,2.362375304,GPS
01/01/2051,2.643711662,2.402049873,2.985022832,2.801617164,3.129015195,4.693836012,07/23/2001,2.362375304,GPS
02/01/2051,2.643646596,2.401803664,2.985396526,2.801694209,3.129690211,4.69846841,07/24/2001,2.362375304,GPS
03/01/2051,2.643588139,2.401581972,2.985733824,2.801763807,3.130299353,4.702642587,07/25/2001,2.342375304,GPS
04/01/2051,2.643523661,2.401337262,2.986106993,2.801840863,3.130972969,4.707251362,07/26/2001,2.342375304,GPS
05/01/2051,2.643461433,2.401101043,2.986467921,2.801915487,3.131624187,4.711699885,07/27/2001,2.352375304,GPS
06/01/2051,2.643397709,2.400857992,2.986841463,2.801993467,3.13229711,4.716285164,07/28/2001,2.372375304,GPS
07/01/2051,2.643336626,2.400623807,2.987201238,2.802067444,3.132946264,4.720709571,07/29/2001,2.362375304,GPS
08/01/2051,2.64327232,2.40038102,2.987572796,2.802143941,3.133616301,4.725268918,07/30/2001,2.362375304,GPS
09/01/2051,2.643208146,2.400138796,2.987944179,2.802220544,3.134285707,4.729816292,07/31/2001,2.362375304,GPS
10/01/2051,2.643146111,2.39990489,2.988303069,2.802294423,3.134932613,4.734205626,08/01/2001,2.362375304,GPS
11/01/2051,2.643082422,2.399664052,2.988674792,2.802371928,3.135601341,4.738730347,08/02/2001,2.362375304,GPS
12/01/2051,2.643021883,2.399432518,2.989033635,2.802446292,3.13624721,4.743097504,08/03/2001,2.342375304,GPS
01/01/2052,2.642958955,2.399193311,2.989404262,2.802523235,3.136913916,4.74759843,08/04/2001,2.352375304,GPS
02/01/2052,2.642896242,2.398954744,2.989774321,2.802599883,3.137579594,4.752087348,08/05/2001,2.362375304,GPS
03/01/2052,2.642837771,2.398732128,2.990120774,2.802672101,3.138202087,4.756276731,08/06/2001,2.352375304,GPS
04/01/2052,2.642775477,2.398494804,2.990490195,2.802748663,3.138866265,4.760743315,08/07/2001,2.352375304,GPS
05/01/2052,2.642715174,2.398265531,2.990848409,2.802823745,3.139509181,4.765056013,08/08/2001,2.352375304,GPS
06/01/2052,2.642653658,2.398029861,2.991217055,2.802900085,3.140171653,4.769500027,08/09/2001,2.352375304,GPS
07/01/2052,2.642593088,2.397801111,2.991573667,2.802974092,3.140812185,4.773790263,08/10/2001,2.372375304,GPS
08/01/2052,2.642530488,2.397565161,2.991941508,2.803050202,3.141473055,4.77821232,08/11/2001,2.352375304,GPS
09/01/2052,2.642468154,2.397329912,2.992309915,2.803127171,3.142133902,4.782623906,08/12/2001,2.362375304,GPS
10/01/2052,2.642408617,2.397103437,2.99266563,2.803201114,3.142772253,4.786882497,08/13/2001,2.372375304,GPS
11/01/2052,2.642346842,2.396869562,2.993033126,2.803277735,3.143431316,4.791272239,08/14/2001,2.372375304,GPS
12/01/2052,2.642287718,2.396644281,2.993389304,2.803352704,3.144069153,4.795511022,08/15/2001,2.362375304,GPS
01/01/2053,2.642227023,2.396412327,2.993755989,2.803429094,3.144726611,4.799879791,08/16/2001,2.342375304,GPS
02/01/2053,2.642165709,2.396180162,2.994123039,2.803506148,3.145383909,4.804238585,08/17/2001,2.352375304,GPS
03/01/2053,2.642111445,2.395971928,2.994454717,2.803576125,3.145977272,4.808167003,08/18/2001,2.362375304,GPS
04/01/2053,2.64205176,2.395742163,2.994821115,2.803653064,3.146632982,4.812505156,08/19/2001,2.352375304,GPS
05/01/2053,2.641993527,2.395519694,2.995175559,2.803727672,3.147267051,4.816694063,08/20/2001,2.352375304,GPS
06/01/2053,2.641933594,2.395290489,2.995541419,2.803804662,3.147921439,4.821012427,08/21/2001,2.362375304,GPS
07/01/2053,2.641875667,2.395069127,2.995895354,2.803879325,3.148554184,4.825182302,08/22/2001,2.342375304,GPS
08/01/2053,2.641815971,2.394840962,2.996260759,2.803956449,3.149207309,4.829481668,08/23/2001,2.372375304,GPS
09/01/2053,2.641756514,2.394613439,2.996625055,2.804032721,3.149858838,4.833768996,08/24/2001,2.372375304,GPS
10/01/2053,2.641698553,2.394393133,2.996977875,2.804107085,3.150489148,4.837908625,08/25/2001,2.352375304,GPS
11/01/2053,2.641639113,2.394166345,2.997342049,2.804183825,3.151139725,4.842176377,08/26/2001,2.362375304,GPS
12/01/2053,2.641581683,2.393947349,2.997693819,2.804257693,3.151768239,4.846296489,08/27/2001,2.372375304,GPS
01/01/2054,2.641522298,2.393721372,2.998057414,2.804334417,3.152417318,4.850544121,08/28/2001,2.352375304,GPS
02/01/2054,2.641463419,2.393496286,2.998420185,2.804410591,3.153065148,4.854781162,08/29/2001,2.342375304,GPS
03/01/2054,2.641409736,2.393292762,2.998747314,2.804479092,3.153649436,4.858599788,08/30/2001,2.352375304,GPS
04/01/2054,2.641350051,2.393067564,2.999109363,2.804555109,3.154295817,4.862818004,08/31/2001,2.362375304,GPS
05/01/2054,2.641292456,2.392850181,2.999459333,2.80462855,3.154920588,4.866891044,09/01/2001,2.362375304,GPS
06/01/2054,2.641233274,2.392626274,2.999821052,2.804704814,3.155565759,4.871090347,09/02/2001,2.342375304,GPS
07/01/2054,2.641176498,2.392410443,3.000171133,2.804778934,3.156189757,4.875145591,09/03/2001,2.342375304,GPS
08/01/2054,2.641118242,2.392188237,3.000532772,2.804855716,3.15683405,4.8793269,09/04/2001,2.322375304,GPS
09/01/2054,2.641060519,2.391966965,3.000894199,2.804932574,3.157477652,4.883498769,09/05/2001,2.352375304,GPS
10/01/2054,2.641005052,2.391753564,3.001243964,2.805007223,3.158100047,4.887527456,09/06/2001,2.332375304,GPS
11/01/2054,2.640948142,2.391533826,3.001604867,2.805084123,3.158742245,4.891680832,09/07/2001,2.342375304,GPS
12/01/2054,2.640892363,2.391320809,3.001952977,2.805157671,3.159362382,4.895691207,09/08/2001,2.352375304,GPS
01/01/2055,2.640834235,2.391100577,3.002312243,2.805233494,3.160002241,4.899825518,09/09/2001,2.362375304,GPS
02/01/2055,2.640776111,2.390880673,3.002671025,2.805309115,3.160641185,4.903950223,09/10/2001,2.352375304,GPS
03/01/2055,2.640723466,2.390682185,3.002994952,2.805377526,3.161217843,4.907668367,09/11/2001,2.342375304,GPS
04/01/2055,2.64066535,2.390462983,3.003353071,2.805453046,3.161855412,4.911775655,09/12/2001,2.342375304,GPS
05/01/2055,2.640609427,2.390251524,3.003700551,2.805527334,3.162472827,4.915742935,09/13/2001,2.342375304,GPS
06/01/2055,2.640552938,2.39003472,3.004059283,2.805604065,3.163110113,4.919833644,09/14/2001,2.342375304,GPS
07/01/2055,2.640498444,2.389825427,3.004405519,2.805677644,3.163725504,4.923783242,09/15/2001,2.332375304,GPS
08/01/2055,2.640441213,2.389608547,3.004762796,2.805753478,3.164360617,4.927855702,09/16/2001,2.332375304,GPS
09/01/2055,2.640383892,2.389391961,3.005119314,2.80582883,3.164994568,4.9319188,09/17/2001,2.332375304,GPS
10/01/2055,2.640328362,2.389182615,3.005464883,2.805902585,3.165608162,4.93584321,09/18/2001,2.342375304,GPS
11/01/2055,2.640272239,2.388967938,3.005822544,2.80597968,3.16624232,4.939890551,09/19/2001,2.332375304,GPS
12/01/2055,2.640218954,2.388761578,3.00616779,2.80605366,3.166854746,4.943798534,09/20/2001,2.322375304,GPS
01/01/2056,2.640163156,2.388547914,3.006524108,2.806129966,3.167486815,4.947828162,09/21/2001,2.352375304,GPS
02/01/2056,2.640107496,2.388334749,3.006880003,2.806206124,3.168118014,4.951848886,09/22/2001,2.342375304,GPS
03/01/2056,2.640055164,2.388135362,3.007212569,2.806277264,3.168707854,4.955602821,09/23/2001,2.352375304,GPS
04/01/2056,2.639999276,2.387922644,3.007567285,2.806352794,3.169337171,4.959606514,09/24/2001,2.332375304,GPS
05/01/2056,2.639944595,2.387716487,3.007910384,2.806425996,3.16994571,4.963473405,09/25/2001,2.332375304,GPS
06/01/2056,2.639888818,2.387504566,3.008265263,2.806502267,3.170574349,4.967461058,09/26/2001,2.342375304,GPS
07/01/2056,2.639835575,2.387300544,3.008609038,2.806576712,3.171182693,4.971312995,09/27/2001,2.332375304,GPS
08/01/2056,2.63978138,2.387090931,3.008963493,2.806653127,3.171810113,4.97528446,09/28/2001,2.342375304,GPS
09/01/2056,2.639726768,2.386881207,3.009317655,2.806729538,3.172436866,4.979247685,09/29/2001,2.342375304,GPS
10/01/2056,2.639673807,2.386678467,3.009659703,2.806803061,3.173042417,4.983075126,09/30/2001,2.332375304,GPS
11/01/2056,2.639618906,2.386469132,3.01001282,2.806878978,3.173667385,4.987021734,10/01/2001,2.322375304,GPS
12/01/2056,2.639566074,2.386267147,3.010354543,2.806952705,3.174271754,4.990833386,10/02/2001,2.322375304,GPS
01/01/2057,2.639511939,2.386059225,3.01070801,2.807029546,3.174896228,4.994764644,10/03/2001,2.332375304,GPS
02/01/2057,2.63945855,2.385852422,3.011060622,2.8071058,3.175519464,4.99868724,10/04/2001,2.322375304,GPS
03/01/2057,2.639409732,2.385665273,3.01137802,2.807173795,3.176081024,5.002222778,10/05/2001,2.332375304,GPS
04/01/2057,2.63935518,2.385457872,3.011730145,2.807250093,3.176703004,5.006129827,10/06/2001,2.332375304,GPS
05/01/2057,2.639303098,2.385258222,3.012070467,2.80732377,3.177304241,5.009903596,10/07/2001,2.332375304,GPS
06/01/2057,2.639249375,2.385052378,3.012421716,2.807399754,3.177924662,5.013794947,10/08/2001,2.332375304,GPS
07/01/2057,2.639197134,2.384853206,3.01276064,2.807472543,3.178523772,5.017552709,10/09/2001,2.332375304,GPS
08/01/2057,2.639142398,2.384646943,3.013110141,2.807547311,3.179141786,5.02142739,10/10/2001,2.342375304,GPS
09/01/2057,2.639087728,2.384441064,3.013460338,2.807623067,3.179760005,5.025294882,10/11/2001,2.322375304,GPS
10/01/2057,2.639035682,2.384243016,3.013798387,2.807695782,3.18035713,5.029029825,10/12/2001,2.332375304,GPS
11/01/2057,2.638981675,2.384038462,3.01414855,2.807772074,3.180974568,5.032882562,10/13/2001,2.332375304,GPS
12/01/2057,2.638930945,2.383842399,3.014487228,2.807845964,3.181571443,5.036603615,10/14/2001,2.332375304,GPS
01/01/2058,2.638878319,2.383639889,3.014835903,2.807921289,3.18218664,5.040440169,10/15/2001,2.332375304,GPS
02/01/2058,2.63882479,2.383436774,3.01518466,2.807996989,3.182801555,5.044269453,10/17/2001,2.332375304,GPS
03/01/2058,2.638777023,2.383254181,3.015499042,2.808064943,3.183355972,5.04772129,10/18/2001,2.332375304,GPS
04/01/2058,2.638723767,2.383051924,3.015846599,2.808139941,3.183968921,5.051535026,10/19/2001,2.342375304,GPS
05/01/2058,2.638672298,2.382856551,3.016182888,2.808212719,3.184561626,5.05521855,10/20/2001,2.312375304,GPS
06/01/2058,2.638618716,2.382654586,3.016529506,2.808287341,3.185173061,5.059017323,10/21/2001,2.322375304,GPS
07/01/2058,2.638567081,2.382459701,3.01686604,2.808360923,3.185765321,5.062687442,10/22/2001,2.332375304,GPS
08/01/2058,2.638515248,2.382260188,3.017213465,2.80843691,3.186376624,5.066472466,10/23/2001,2.312375304,GPS
09/01/2058,2.638463557,2.382061134,3.017560415,2.808512688,3.186987056,5.070249795,10/24/2001,2.322375304,GPS
10/01/2058,2.638413381,2.381868632,3.017895993,2.808586108,3.187577292,5.073898514,10/25/2001,2.332375304,GPS
11/01/2058,2.638361325,2.381669838,3.018241777,2.80866127,3.188185967,5.077661124,10/26/2001,2.332375304,GPS
12/01/2058,2.638310505,2.381477309,3.018576436,2.808734299,3.188774654,5.08129571,10/27/2001,2.312375304,GPS
01/01/2059,2.638258847,2.381279546,3.01892306,2.80881086,3.189383288,5.085045045,10/28/2001,2.332375304,GPS
02/01/2059,2.638208042,2.381082981,3.019268563,2.808886567,3.189990533,5.088786593,10/29/2001,2.322375304,GPS
03/01/2059,2.638161688,2.380905218,3.019580976,2.808955525,3.190538998,5.092160627,10/30/2001,2.322375304,GPS
04/01/2059,2.638111283,2.38070965,3.019926749,2.809032027,3.191145692,5.09588903,10/31/2001,2.312375304,GPS
05/01/2059,2.638062259,2.380520421,3.020259368,2.809104284,3.191730616,5.09948895,11/01/2001,2.312375304,GPS
06/01/2059,2.638010688,2.380324213,3.020603862,2.80918,3.192335223,5.103201954,11/02/2001,2.322375304,GPS
07/01/2059,2.63796167,2.380135498,3.020937028,2.809253325,3.192919851,5.106788688,11/03/2001,2.332375304,GPS
08/01/2059,2.637910979,2.379940795,3.021281042,2.80932912,3.193523408,5.110488103,11/04/2001,2.332375304,GPS
09/01/2059,2.637860591,2.379746726,3.02162471,2.809404828,3.194126203,5.114180219,11/05/2001,2.312375304,GPS
10/01/2059,2.637811609,2.379558967,3.02195676,2.809477819,3.194708761,5.117746561,11/06/2001,2.312375304,GPS
11/01/2059,2.637761013,2.379365284,3.022299889,2.809553523,3.195310332,5.121424909,11/07/2001,2.332375304,GPS
12/01/2059,2.63771261,2.379178694,3.022631746,2.809626823,3.195891897,5.124977903,11/08/2001,2.332375304,GPS
01/01/2060,2.637662438,2.378986008,3.022973444,2.809701597,3.196491346,5.128641488,11/09/2001,2.332375304,GPS
02/01/2060,2.637611728,2.378793054,3.023315558,2.809777058,3.197090766,5.1322985,11/10/2001,2.332375304,GPS
03/01/2060,2.637564776,2.378613311,3.023634994,2.809847283,3.197650677,5.13571334,11/11/2001,2.322375304,GPS
04/01/2060,2.637514493,2.378421397,3.023977024,2.8099232,3.198249364,5.139357592,11/12/2001,2.322375304,GPS
05/01/2060,2.637466689,2.378236853,3.024307597,2.809996494,3.198828002,5.142877822,11/13/2001,2.322375304,GPS
06/01/2060,2.637417108,2.37804627,3.024648584,2.810071885,3.19942499,5.146508316,11/14/2001,2.312375304,GPS
07/01/2060,2.637368969,2.377861947,3.024978355,2.810144872,3.200002147,5.150015289,11/15/2001,2.322375304,GPS
08/01/2060,2.637319277,2.377671828,3.025318867,2.810220313,3.20059797,5.153632517,11/16/2001,2.322375304,GPS
09/01/2060,2.637270051,2.377482483,3.025659487,2.810296119,3.201193445,5.157243096,11/17/2001,2.332375304,GPS
10/01/2060,2.63722309,2.377300195,3.025989557,2.810370176,3.201769764,5.160731508,11/18/2001,2.322375304,GPS
11/01/2060,2.637175083,2.377112674,3.026329975,2.810446313,3.202364372,5.164329424,11/19/2001,2.322375304,GPS
12/01/2060,2.637128603,2.376931463,3.026659291,2.810520111,3.202939279,5.167804996,11/20/2001,2.302375304,GPS
01/01/2061,2.637080683,2.376744592,3.026998836,2.810595869,3.203532274,5.17138929,11/21/2001,2.302375304,GPS
,,,,,,,11/22/2001,2.302375304,GPS
,,,,,,,11/23/2001,2.322375304,GPS
,,,,,,,11/24/2001,2.292375304,GPS
,,,,,,,11/25/2001,2.322375304,GPS
,,,,,,,11/26/2001,2.322375304,GPS
,,,,,,,11/27/2001,2.332375304,GPS
,,,,,,,11/28/2001,2.302375304,GPS
,,,,,,,11/29/2001,2.292375304,GPS
,,,,,,,11/30/2001,2.302375304,GPS
,,,,,,,12/01/2001,2.292375304,GPS
,,,,,,,12/02/2001,2.302375304,GPS
,,,,,,,12/03/2001,2.312375304,GPS
,,,,,,,12/04/2001,2.342375304,GPS
,,,,,,,12/05/2001,2.332375304,GPS
,,,,,,,12/06/2001,2.332375304,GPS
,,,,,,,12/07/2001,2.332375304,GPS
,,,,,,,12/08/2001,2.322375304,GPS
,,,,,,,12/09/2001,2.312375304,GPS
,,,,,,,12/10/2001,2.292375304,GPS
,,,,,,,12/11/2001,2.312375304,GPS
,,,,,,,12/12/2001,2.322375304,GPS
,,,,,,,12/13/2001,2.312375304,GPS
,,,,,,,12/14/2001,2.302375304,GPS
,,,,,,,12/15/2001,2.312375304,GPS
,,,,,,,12/16/2001,2.332375304,GPS
,,,,,,,12/17/2001,2.332375304,GPS
,,,,,,,12/18/2001,2.322375304,GPS
,,,,,,,12/19/2001,2.322375304,GPS
,,,,,,,12/20/2001,2.312375304,GPS
,,,,,,,12/21/2001,2.332375304,GPS
,,,,,,,12/22/2001,2.342375304,GPS
,,,,,,,12/23/2001,2.342375304,GPS
,,,,,,,12/24/2001,2.352375304,GPS
,,,,,,,12/25/2001,2.332375304,GPS
,,,,,,,12/26/2001,2.332375304,GPS
,,,,,,,12/27/2001,2.302375304,GPS
,,,,,,,12/28/2001,2.332375304,GPS
,,,,,,,12/29/2001,2.302375304,GPS
,,,,,,,12/30/2001,2.322375304,GPS
,,,,,,,12/31/2001,2.332375304,GPS
,,,,,,,01/01/2002,2.312375304,GPS
,,,,,,,01/02/2002,2.312375304,GPS
,,,,,,,01/03/2002,2.312375304,GPS
,,,,,,,01/04/2002,2.322375304,GPS
,,,,,,,01/05/2002,2.322375304,GPS
,,,,,,,01/06/2002,2.322375304,GPS
,,,,,,,01/07/2002,2.332375304,GPS
,,,,,,,01/08/2002,2.312375304,GPS
,,,,,,,01/09/2002,2.312375304,GPS
,,,,,,,01/10/2002,2.322375304,GPS
,,,,,,,01/11/2002,2.322375304,GPS
,,,,,,,01/12/2002,2.322375304,GPS
,,,,,,,01/13/2002,2.312375304,GPS
,,,,,,,01/14/2002,2.302375304,GPS
,,,,,,,01/15/2002,2.322375304,GPS
,,,,,,,01/16/2002,2.322375304,GPS
,,,,,,,01/17/2002,2.322375304,GPS
,,,,,,,01/18/2002,2.322375304,GPS
,,,,,,,01/19/2002,2.322375304,GPS
,,,,,,,01/20/2002,2.302375304,GPS
,,,,,,,01/21/2002,2.292375304,GPS
,,,,,,,01/22/2002,2.312375304,GPS
,,,,,,,01/23/2002,2.322375304,GPS
,,,,,,,01/24/2002,2.332375304,GPS
,,,,,,,01/25/2002,2.312375304,GPS
,,,,,,,01/26/2002,2.312375304,GPS
,,,,,,,01/27/2002,2.302375304,GPS
,,,,,,,01/28/2002,2.302375304,GPS
,,,,,,,01/29/2002,2.312375304,GPS
,,,,,,,01/30/2002,2.322375304,GPS
,,,,,,,01/31/2002,2.312375304,GPS
,,,,,,,02/01/2002,2.302375304,GPS
,,,,,,,02/02/2002,2.302375304,GPS
,,,,,,,02/03/2002,2.302375304,GPS
,,,,,,,02/04/2002,2.292375304,GPS
,,,,,,,02/05/2002,2.292375304,GPS
,,,,,,,02/06/2002,2.282375304,GPS
,,,,,,,02/07/2002,2.272375304,GPS
,,,,,,,02/08/2002,2.292375304,GPS
,,,,,,,02/09/2002,2.292375304,GPS
,,,,,,,02/10/2002,2.302375304,GPS
,,,,,,,02/11/2002,2.312375304,GPS
,,,,,,,02/12/2002,2.282375304,GPS
,,,,,,,02/13/2002,2.262375304,GPS
,,,,,,,02/14/2002,2.282375304,GPS
,,,,,,,02/15/2002,2.292375304,GPS
,,,,,,,02/16/2002,2.292375304,GPS
,,,,,,,02/17/2002,2.282375304,GPS
,,,,,,,02/18/2002,2.272375304,GPS
,,,,,,,02/19/2002,2.282375304,GPS
,,,,,,,02/20/2002,2.292375304,GPS
,,,,,,,02/21/2002,2.292375304,GPS
,,,,,,,02/22/2002,2.302375304,GPS
,,,,,,,02/23/2002,2.282375304,GPS
,,,,,,,02/24/2002,2.282375304,GPS
,,,,,,,02/25/2002,2.282375304,GPS
,,,,,,,02/26/2002,2.292375304,GPS
,,,,,,,02/27/2002,2.272375304,GPS
,,,,,,,02/28/2002,2.272375304,GPS
,,,,,,,03/01/2002,2.272375304,GPS
,,,,,,,03/02/2002,2.282375304,GPS
,,,,,,,03/03/2002,2.292375304,GPS
,,,,,,,03/04/2002,2.282375304,GPS
,,,,,,,03/05/2002,2.292375304,GPS
,,,,,,,03/06/2002,2.312375304,GPS
,,,,,,,03/07/2002,2.282375304,GPS
,,,,,,,03/08/2002,2.282375304,GPS
,,,,,,,03/09/2002,2.292375304,GPS
,,,,,,,03/10/2002,2.292375304,GPS
,,,,,,,03/11/2002,2.292375304,GPS
,,,,,,,03/12/2002,2.282375304,GPS
,,,,,,,03/13/2002,2.292375304,GPS
,,,,,,,03/14/2002,2.312375304,GPS
,,,,,,,03/15/2002,2.282375304,GPS
,,,,,,,03/16/2002,2.282375304,GPS
,,,,,,,03/17/2002,2.282375304,GPS
,,,,,,,03/18/2002,2.292375304,GPS
,,,,,,,03/19/2002,2.292375304,GPS
,,,,,,,03/20/2002,2.302375304,GPS
,,,,,,,03/21/2002,2.272375304,GPS
,,,,,,,03/22/2002,2.272375304,GPS
,,,,,,,03/23/2002,2.262375304,GPS
,,,,,,,03/24/2002,2.302375304,GPS
,,,,,,,03/25/2002,2.292375304,GPS
,,,,,,,03/26/2002,2.272375304,GPS
,,,,,,,03/27/2002,2.272375304,GPS
,,,,,,,03/28/2002,2.262375304,GPS
,,,,,,,03/29/2002,2.292375304,GPS
,,,,,,,03/30/2002,2.292375304,GPS
,,,,,,,03/31/2002,2.302375304,GPS
,,,,,,,04/01/2002,2.282375304,GPS
,,,,,,,04/02/2002,2.262375304,GPS
,,,,,,,04/03/2002,2.282375304,GPS
,,,,,,,04/04/2002,2.282375304,GPS
,,,,,,,04/05/2002,2.302375304,GPS
,,,,,,,04/06/2002,2.272375304,GPS
,,,,,,,04/07/2002,2.262375304,GPS
,,,,,,,04/08/2002,2.262375304,GPS
,,,,,,,04/09/2002,2.272375304,GPS
,,,,,,,04/10/2002,2.262375304,GPS
,,,,,,,04/11/2002,2.262375304,GPS
,,,,,,,04/12/2002,2.292375304,GPS
,,,,,,,04/13/2002,2.282375304,GPS
,,,,,,,04/14/2002,2.272375304,GPS
,,,,,,,04/15/2002,2.272375304,GPS
,,,,,,,04/16/2002,2.282375304,GPS
,,,,,,,04/17/2002,2.302375304,GPS
,,,,,,,04/18/2002,2.312375304,GPS
,,,,,,,04/19/2002,2.292375304,GPS
,,,,,,,04/20/2002,2.292375304,GPS
,,,,,,,04/21/2002,2.292375304,GPS
,,,,,,,04/22/2002,2.302375304,GPS
,,,,,,,04/23/2002,2.322375304,GPS
,,,,,,,04/24/2002,2.302375304,GPS
,,,,,,,04/25/2002,2.312375304,GPS
,,,,,,,04/26/2002,2.292375304,GPS
,,,,,,,04/27/2002,2.322375304,GPS
,,,,,,,04/28/2002,2.302375304,GPS
,,,,,,,04/29/2002,2.312375304,GPS
,,,,,,,04/30/2002,2.322375304,GPS
,,,,,,,05/01/2002,2.312375304,GPS
,,,,,,,05/02/2002,2.322375304,GPS
,,,,,,,05/03/2002,2.302375304,GPS
,,,,,,,05/04/2002,2.312375304,GPS
,,,,,,,05/05/2002,2.322375304,GPS
,,,,,,,05/06/2002,2.322375304,GPS
,,,,,,,05/07/2002,2.332375304,GPS
,,,,,,,05/08/2002,2.322375304,GPS
,,,,,,,05/09/2002,2.332375304,GPS
,,,,,,,05/10/2002,2.322375304,GPS
,,,,,,,05/11/2002,2.322375304,GPS
,,,,,,,05/12/2002,2.322375304,GPS
,,,,,,,05/13/2002,2.332375304,GPS
,,,,,,,05/14/2002,2.322375304,GPS
,,,,,,,05/15/2002,2.332375304,GPS
,,,,,,,05/16/2002,2.322375304,GPS
,,,,,,,05/17/2002,2.342375304,GPS
,,,,,,,05/18/2002,2.342375304,GPS
,,,,,,,05/19/2002,2.332375304,GPS
,,,,,,,05/20/2002,2.342375304,GPS
,,,,,,,05/21/2002,2.352375304,GPS
,,,,,,,05/22/2002,2.332375304,GPS
,,,,,,,05/23/2002,2.332375304,GPS
,,,,,,,05/24/2002,2.312375304,GPS
,,,,,,,05/25/2002,2.342375304,GPS
,,,,,,,05/26/2002,2.322375304,GPS
,,,,,,,05/27/2002,2.302375304,GPS
,,,,,,,05/28/2002,2.312375304,GPS
,,,,,,,05/29/2002,2.302375304,GPS
,,,,,,,05/30/2002,2.282375304,GPS
,,,,,,,05/31/2002,2.302375304,GPS
,,,,,,,06/01/2002,2.322375304,GPS
,,,,,,,06/02/2002,2.322375304,GPS
,,,,,,,06/03/2002,2.342375304,GPS
,,,,,,,06/04/2002,2.342375304,GPS
,,,,,,,06/05/2002,2.342375304,GPS
,,,,,,,06/06/2002,2.322375304,GPS
,,,,,,,06/07/2002,2.332375304,GPS
,,,,,,,06/08/2002,2.332375304,GPS
,,,,,,,06/09/2002,2.332375304,GPS
,,,,,,,06/10/2002,2.332375304,GPS
,,,,,,,06/11/2002,2.332375304,GPS
,,,,,,,06/12/2002,2.342375304,GPS
,,,,,,,06/13/2002,2.352375304,GPS
,,,,,,,06/14/2002,2.352375304,GPS
,,,,,,,06/15/2002,2.342375304,GPS
,,,,,,,06/16/2002,2.362375304,GPS
,,,,,,,06/17/2002,2.342375304,GPS
,,,,,,,06/18/2002,2.322375304,GPS
,,,,,,,06/19/2002,2.332375304,GPS
,,,,,,,06/20/2002,2.342375304,GPS
,,,,,,,06/21/2002,2.372375304,GPS
,,,,,,,06/22/2002,2.372375304,GPS
,,,,,,,06/23/2002,2.362375304,GPS
,,,,,,,06/24/2002,2.362375304,GPS
,,,,,,,06/25/2002,2.362375304,GPS
,,,,,,,06/26/2002,2.372375304,GPS
,,,,,,,06/27/2002,2.372375304,GPS
,,,,,,,06/28/2002,2.372375304,GPS
,,,,,,,06/29/2002,2.372375304,GPS
,,,,,,,06/30/2002,2.372375304,GPS
,,,,,,,07/01/2002,2.372375304,GPS
,,,,,,,07/02/2002,2.372375304,GPS
,,,,,,,07/03/2002,2.392375304,GPS
,,,,,,,07/04/2002,2.392375304,GPS
,,,,,,,07/05/2002,2.392375304,GPS
,,,,,,,07/06/2002,2.392375304,GPS
,,,,,,,07/07/2002,2.402375304,GPS
,,,,,,,07/08/2002,2.372375304,GPS
,,,,,,,07/09/2002,2.402375304,GPS
,,,,,,,07/10/2002,2.382375304,GPS
,,,,,,,07/11/2002,2.382375304,GPS
,,,,,,,07/12/2002,2.382375304,GPS
,,,,,,,07/13/2002,2.382375304,GPS
,,,,,,,07/14/2002,2.382375304,GPS
,,,,,,,07/15/2002,2.382375304,GPS
,,,,,,,07/16/2002,2.392375304,GPS
,,,,,,,07/17/2002,2.402375304,GPS
,,,,,,,07/18/2002,2.372375304,GPS
,,,,,,,07/19/2002,2.392375304,GPS
,,,,,,,07/20/2002,2.382375304,GPS
,,,,,,,07/21/2002,2.372375304,GPS
,,,,,,,07/22/2002,2.392375304,GPS
,,,,,,,07/23/2002,2.412375304,GPS
,,,,,,,07/24/2002,2.402375304,GPS
,,,,,,,07/25/2002,2.412375304,GPS
,,,,,,,07/26/2002,2.402375304,GPS
,,,,,,,07/27/2002,2.402375304,GPS
,,,,,,,07/28/2002,2.402375304,GPS
,,,,,,,07/29/2002,2.392375304,GPS
,,,,,,,07/30/2002,2.402375304,GPS
,,,,,,,07/31/2002,2.402375304,GPS
,,,,,,,08/01/2002,2.402375304,GPS
,,,,,,,08/02/2002,2.412375304,GPS
,,,,,,,08/03/2002,2.402375304,GPS
,,,,,,,08/04/2002,2.412375304,GPS
,,,,,,,08/05/2002,2.412375304,GPS
,,,,,,,08/06/2002,2.402375304,GPS
,,,,,,,08/07/2002,2.422375304,GPS
,,,,,,,08/08/2002,2.402375304,GPS
,,,,,,,08/09/2002,2.392375304,GPS
,,,,,,,08/10/2002,2.402375304,GPS
,,,,,,,08/11/2002,2.392375304,GPS
,,,,,,,08/12/2002,2.382375304,GPS
,,,,,,,08/13/2002,2.402375304,GPS
,,,,,,,08/14/2002,2.402375304,GPS
,,,,,,,08/15/2002,2.392375304,GPS
,,,,,,,08/16/2002,2.382375304,GPS
,,,,,,,08/17/2002,2.392375304,GPS
,,,,,,,08/18/2002,2.392375304,GPS
,,,,,,,08/19/2002,2.382375304,GPS
,,,,,,,08/20/2002,2.382375304,GPS
,,,,,,,08/21/2002,2.402375304,GPS
,,,,,,,08/22/2002,2.392375304,GPS
,,,,,,,08/23/2002,2.392375304,GPS
,,,,,,,08/24/2002,2.392375304,GPS
,,,,,,,08/25/2002,2.402375304,GPS
,,,,,,,08/26/2002,2.382375304,GPS
,,,,,,,08/27/2002,2.382375304,GPS
,,,,,,,08/28/2002,2.392375304,GPS
,,,,,,,08/29/2002,2.392375304,GPS
,,,,,,,08/30/2002,2.392375304,GPS
,,,,,,,08/31/2002,2.402375304,GPS
,,,,,,,09/01/2002,2.402375304,GPS
,,,,,,,09/02/2002,2.382375304,GPS
,,,,,,,09/03/2002,2.372375304,GPS
,,,,,,,09/04/2002,2.372375304,GPS
,,,,,,,09/05/2002,2.382375304,GPS
,,,,,,,09/06/2002,2.372375304,GPS
,,,,,,,09/07/2002,2.392375304,GPS
,,,,,,,09/08/2002,2.382375304,GPS
,,,,,,,09/09/2002,2.392375304,GPS
,,,,,,,09/10/2002,2.372375304,GPS
,,,,,,,09/11/2002,2.362375304,GPS
,,,,,,,09/12/2002,2.382375304,GPS
,,,,,,,09/13/2002,2.382375304,GPS
,,,,,,,09/14/2002,2.372375304,GPS
,,,,,,,09/15/2002,2.372375304,GPS
,,,,,,,09/16/2002,2.382375304,GPS
,,,,,,,09/17/2002,2.352375304,GPS
,,,,,,,09/18/2002,2.352375304,GPS
,,,,,,,09/19/2002,2.362375304,GPS
,,,,,,,09/20/2002,2.382375304,GPS
,,,,,,,09/21/2002,2.372375304,GPS
,,,,,,,09/22/2002,2.372375304,GPS
,,,,,,,09/23/2002,2.382375304,GPS
,,,,,,,09/24/2002,2.362375304,GPS
,,,,,,,09/25/2002,2.362375304,GPS
,,,,,,,09/26/2002,2.352375304,GPS
,,,,,,,09/27/2002,2.352375304,GPS
,,,,,,,09/28/2002,2.372375304,GPS
,,,,,,,09/29/2002,2.382375304,GPS
,,,,,,,09/30/2002,2.382375304,GPS
,,,,,,,10/01/2002,2.382375304,GPS
,,,,,,,10/02/2002,2.362375304,GPS
,,,,,,,10/03/2002,2.352375304,GPS
,,,,,,,10/04/2002,2.352375304,GPS
,,,,,,,10/05/2002,2.372375304,GPS
,,,,,,,10/06/2002,2.362375304,GPS
,,,,,,,10/07/2002,2.342375304,GPS
,,,,,,,10/08/2002,2.352375304,GPS
,,,,,,,10/09/2002,2.362375304,GPS
,,,,,,,10/10/2002,2.352375304,GPS
,,,,,,,10/11/2002,2.352375304,GPS
,,,,,,,10/12/2002,2.362375304,GPS
,,,,,,,10/13/2002,2.372375304,GPS
,,,,,,,10/14/2002,2.372375304,GPS
,,,,,,,10/15/2002,2.362375304,GPS
,,,,,,,10/16/2002,2.352375304,GPS
,,,,,,,10/17/2002,2.352375304,GPS
,,,,,,,10/18/2002,2.342375304,GPS
,,,,,,,10/19/2002,2.342375304,GPS
,,,,,,,10/20/2002,2.362375304,GPS
,,,,,,,10/21/2002,2.372375304,GPS
,,,,,,,10/22/2002,2.362375304,GPS
,,,,,,,10/23/2002,2.362375304,GPS
,,,,,,,10/24/2002,2.372375304,GPS
,,,,,,,10/25/2002,2.352375304,GPS
,,,,,,,10/26/2002,2.342375304,GPS
,,,,,,,10/27/2002,2.352375304,GPS
,,,,,,,10/28/2002,2.352375304,GPS
,,,,,,,10/29/2002,2.342375304,GPS
,,,,,,,10/30/2002,2.342375304,GPS
,,,,,,,10/31/2002,2.342375304,GPS
,,,,,,,11/01/2002,2.342375304,GPS
,,,,,,,11/02/2002,2.362375304,GPS
,,,,,,,11/03/2002,2.342375304,GPS
,,,,,,,11/04/2002,2.332375304,GPS
,,,,,,,11/05/2002,2.342375304,GPS
,,,,,,,11/06/2002,2.332375304,GPS
,,,,,,,11/07/2002,2.342375304,GPS
,,,,,,,11/08/2002,2.342375304,GPS
,,,,,,,11/09/2002,2.25,Leveling
,,,,,,,11/09/2002,2.292375304,GPS
,,,,,,,11/10/2002,2.312375304,GPS
,,,,,,,11/11/2002,2.352375304,GPS
,,,,,,,11/13/2002,2.332375304,GPS
,,,,,,,11/14/2002,2.352375304,GPS
,,,,,,,11/15/2002,2.342375304,GPS
,,,,,,,11/16/2002,2.352375304,GPS
,,,,,,,11/17/2002,2.342375304,GPS
,,,,,,,11/18/2002,2.352375304,GPS
,,,,,,,11/19/2002,2.342375304,GPS
,,,,,,,11/20/2002,2.352375304,GPS
,,,,,,,11/21/2002,2.342375304,GPS
,,,,,,,11/22/2002,2.332375304,GPS
,,,,,,,11/23/2002,2.342375304,GPS
,,,,,,,11/24/2002,2.332375304,GPS
,,,,,,,11/25/2002,2.342375304,GPS
,,,,,,,11/26/2002,2.342375304,GPS
,,,,,,,11/27/2002,2.332375304,GPS
,,,,,,,11/28/2002,2.332375304,GPS
,,,,,,,11/29/2002,2.322375304,GPS
,,,,,,,11/30/2002,2.332375304,GPS
,,,,,,,12/01/2002,2.332375304,GPS
,,,,,,,12/02/2002,2.322375304,GPS
,,,,,,,12/03/2002,2.312375304,GPS
,,,,,,,12/04/2002,2.322375304,GPS
,,,,,,,12/05/2002,2.322375304,GPS
,,,,,,,12/06/2002,2.322375304,GPS
,,,,,,,12/07/2002,2.332375304,GPS
,,,,,,,12/08/2002,2.322375304,GPS
,,,,,,,12/09/2002,2.322375304,GPS
,,,,,,,12/10/2002,2.312375304,GPS
,,,,,,,12/11/2002,2.332375304,GPS
,,,,,,,12/12/2002,2.332375304,GPS
,,,,,,,12/13/2002,2.342375304,GPS
,,,,,,,12/14/2002,2.332375304,GPS
,,,,,,,12/15/2002,2.322375304,GPS
,,,,,,,12/16/2002,2.332375304,GPS
,,,,,,,12/17/2002,2.312375304,GPS
,,,,,,,12/18/2002,2.352375304,GPS
,,,,,,,12/19/2002,2.352375304,GPS
,,,,,,,12/20/2002,2.342375304,GPS
,,,,,,,12/21/2002,2.362375304,GPS
,,,,,,,12/22/2002,2.362375304,GPS
,,,,,,,12/23/2002,2.362375304,GPS
,,,,,,,12/24/2002,2.342375304,GPS
,,,,,,,12/25/2002,2.362375304,GPS
,,,,,,,12/26/2002,2.352375304,GPS
,,,,,,,12/27/2002,2.362375304,GPS
,,,,,,,12/28/2002,2.342375304,GPS
,,,,,,,12/29/2002,2.342375304,GPS
,,,,,,,12/30/2002,2.342375304,GPS
,,,,,,,12/31/2002,2.362375304,GPS
,,,,,,,01/01/2003,2.352375304,GPS
,,,,,,,01/02/2003,2.352375304,GPS
,,,,,,,01/03/2003,2.332375304,GPS
,,,,,,,01/04/2003,2.362375304,GPS
,,,,,,,01/05/2003,2.352375304,GPS
,,,,,,,01/06/2003,2.342375304,GPS
,,,,,,,01/07/2003,2.352375304,GPS
,,,,,,,01/08/2003,2.342375304,GPS
,,,,,,,01/09/2003,2.342375304,GPS
,,,,,,,01/10/2003,2.362375304,GPS
,,,,,,,01/11/2003,2.352375304,GPS
,,,,,,,01/12/2003,2.332375304,GPS
,,,,,,,01/13/2003,2.342375304,GPS
,,,,,,,01/14/2003,2.352375304,GPS
,,,,,,,01/15/2003,2.342375304,GPS
,,,,,,,01/16/2003,2.342375304,GPS
,,,,,,,01/17/2003,2.342375304,GPS
,,,,,,,01/18/2003,2.332375304,GPS
,,,,,,,01/19/2003,2.332375304,GPS
,,,,,,,01/20/2003,2.332375304,GPS
,,,,,,,01/21/2003,2.342375304,GPS
,,,,,,,01/22/2003,2.332375304,GPS
,,,,,,,01/23/2003,2.332375304,GPS
,,,,,,,01/24/2003,2.332375304,GPS
,,,,,,,01/25/2003,2.332375304,GPS
,,,,,,,01/26/2003,2.342375304,GPS
,,,,,,,01/27/2003,2.332375304,GPS
,,,,,,,01/28/2003,2.322375304,GPS
,,,,,,,01/29/2003,2.342375304,GPS
,,,,,,,01/30/2003,2.332375304,GPS
,,,,,,,01/31/2003,2.342375304,GPS
,,,,,,,02/01/2003,2.302375304,GPS
,,,,,,,02/02/2003,2.322375304,GPS
,,,,,,,02/03/2003,2.342375304,GPS
,,,,,,,02/04/2003,2.332375304,GPS
,,,,,,,02/05/2003,2.322375304,GPS
,,,,,,,02/06/2003,2.332375304,GPS
,,,,,,,02/07/2003,2.332375304,GPS
,,,,,,,02/08/2003,2.312375304,GPS
,,,,,,,02/09/2003,2.322375304,GPS
,,,,,,,02/10/2003,2.302375304,GPS
,,,,,,,02/11/2003,2.302375304,GPS
,,,,,,,02/12/2003,2.302375304,GPS
,,,,,,,02/13/2003,2.302375304,GPS
,,,,,,,02/14/2003,2.312375304,GPS
,,,,,,,02/15/2003,2.322375304,GPS
,,,,,,,02/16/2003,2.302375304,GPS
,,,,,,,02/17/2003,2.322375304,GPS
,,,,,,,02/18/2003,2.322375304,GPS
,,,,,,,02/19/2003,2.322375304,GPS
,,,,,,,02/20/2003,2.312375304,GPS
,,,,,,,02/21/2003,2.302375304,GPS
,,,,,,,02/22/2003,2.312375304,GPS
,,,,,,,02/23/2003,2.292375304,GPS
,,,,,,,02/24/2003,2.292375304,GPS
,,,,,,,02/25/2003,2.312375304,GPS
,,,,,,,02/26/2003,2.292375304,GPS
,,,,,,,02/27/2003,2.302375304,GPS
,,,,,,,02/28/2003,2.302375304,GPS
,,,,,,,03/01/2003,2.302375304,GPS
,,,,,,,03/02/2003,2.292375304,GPS
,,,,,,,03/03/2003,2.282375304,GPS
,,,,,,,03/04/2003,2.292375304,GPS
,,,,,,,03/05/2003,2.292375304,GPS
,,,,,,,03/06/2003,2.312375304,GPS
,,,,,,,03/07/2003,2.302375304,GPS
,,,,,,,03/08/2003,2.302375304,GPS
,,,,,,,03/09/2003,2.312375304,GPS
,,,,,,,03/10/2003,2.302375304,GPS
,,,,,,,03/11/2003,2.272375304,GPS
,,,,,,,03/12/2003,2.282375304,GPS
,,,,,,,03/13/2003,2.292375304,GPS
,,,,,,,03/14/2003,2.262375304,GPS
,,,,,,,03/15/2003,2.282375304,GPS
,,,,,,,03/16/2003,2.302375304,GPS
,,,,,,,03/17/2003,2.312375304,GPS
,,,,,,,03/18/2003,2.302375304,GPS
,,,,,,,03/19/2003,2.312375304,GPS
,,,,,,,03/20/2003,2.292375304,GPS
,,,,,,,03/21/2003,2.292375304,GPS
,,,,,,,03/22/2003,2.302375304,GPS
,,,,,,,03/23/2003,2.332375304,GPS
,,,,,,,03/24/2003,2.292375304,GPS
,,,,,,,03/25/2003,2.302375304,GPS
,,,,,,,03/26/2003,2.292375304,GPS
,,,,,,,03/27/2003,2.302375304,GPS
,,,,,,,03/28/2003,2.312375304,GPS
,,,,,,,03/29/2003,2.312375304,GPS
,,,,,,,03/30/2003,2.312375304,GPS
,,,,,,,03/31/2003,2.282375304,GPS
,,,,,,,04/01/2003,2.272375304,GPS
,,,,,,,04/02/2003,2.272375304,GPS
,,,,,,,04/03/2003,2.292375304,GPS
,,,,,,,04/04/2003,2.282375304,GPS
,,,,,,,04/05/2003,2.282375304,GPS
,,,,,,,04/06/2003,2.272375304,GPS
,,,,,,,04/07/2003,2.272375304,GPS
,,,,,,,04/08/2003,2.282375304,GPS
,,,,,,,04/09/2003,2.282375304,GPS
,,,,,,,04/10/2003,2.282375304,GPS
,,,,,,,04/11/2003,2.302375304,GPS
,,,,,,,04/12/2003,2.302375304,GPS
,,,,,,,04/13/2003,2.272375304,GPS
,,,,,,,04/14/2003,2.302375304,GPS
,,,,,,,04/15/2003,2.302375304,GPS
,,,,,,,04/16/2003,2.292375304,GPS
,,,,,,,04/17/2003,2.302375304,GPS
,,,,,,,04/18/2003,2.282375304,GPS
,,,,,,,04/19/2003,2.292375304,GPS
,,,,,,,04/20/2003,2.282375304,GPS
,,,,,,,04/21/2003,2.302375304,GPS
,,,,,,,04/22/2003,2.282375304,GPS
,,,,,,,04/23/2003,2.302375304,GPS
,,,,,,,04/24/2003,2.282375304,GPS
,,,,,,,04/25/2003,2.292375304,GPS
,,,,,,,04/26/2003,2.282375304,GPS
,,,,,,,04/27/2003,2.282375304,GPS
,,,,,,,04/28/2003,2.262375304,GPS
,,,,,,,04/29/2003,2.272375304,GPS
,,,,,,,04/30/2003,2.282375304,GPS
,,,,,,,05/01/2003,2.312375304,GPS
,,,,,,,05/02/2003,2.282375304,GPS
,,,,,,,05/03/2003,2.292375304,GPS
,,,,,,,05/04/2003,2.302375304,GPS
,,,,,,,05/05/2003,2.282375304,GPS
,,,,,,,05/06/2003,2.292375304,GPS
,,,,,,,05/07/2003,2.272375304,GPS
,,,,,,,05/08/2003,2.262375304,GPS
,,,,,,,05/09/2003,2.292375304,GPS
,,,,,,,05/10/2003,2.282375304,GPS
,,,,,,,05/11/2003,2.272375304,GPS
,,,,,,,05/12/2003,2.272375304,GPS
,,,,,,,05/13/2003,2.272375304,GPS
,,,,,,,05/14/2003,2.262375304,GPS
,,,,,,,05/15/2003,2.262375304,GPS
,,,,,,,05/16/2003,2.272375304,GPS
,,,,,,,05/17/2003,2.282375304,GPS
,,,,,,,05/18/2003,2.282375304,GPS
,,,,,,,05/19/2003,2.292375304,GPS
,,,,,,,05/20/2003,2.282375304,GPS
,,,,,,,05/21/2003,2.282375304,GPS
,,,,,,,05/22/2003,2.282375304,GPS
,,,,,,,05/23/2003,2.282375304,GPS
,,,,,,,05/24/2003,2.282375304,GPS
,,,,,,,05/25/2003,2.282375304,GPS
,,,,,,,05/26/2003,2.302375304,GPS
,,,,,,,05/27/2003,2.292375304,GPS
,,,,,,,05/28/2003,2.292375304,GPS
,,,,,,,05/29/2003,2.302375304,GPS
,,,,,,,05/30/2003,2.312375304,GPS
,,,,,,,05/31/2003,2.302375304,GPS
,,,,,,,06/01/2003,2.312375304,GPS
,,,,,,,06/02/2003,2.312375304,GPS
,,,,,,,06/03/2003,2.312375304,GPS
,,,,,,,06/04/2003,2.302375304,GPS
,,,,,,,06/05/2003,2.292375304,GPS
,,,,,,,06/06/2003,2.322375304,GPS
,,,,,,,06/07/2003,2.322375304,GPS
,,,,,,,06/08/2003,2.322375304,GPS
,,,,,,,06/09/2003,2.312375304,GPS
,,,,,,,06/10/2003,2.342375304,GPS
,,,,,,,06/11/2003,2.322375304,GPS
,,,,,,,06/12/2003,2.332375304,GPS
,,,,,,,06/13/2003,2.322375304,GPS
,,,,,,,06/14/2003,2.312375304,GPS
,,,,,,,06/15/2003,2.322375304,GPS
,,,,,,,06/16/2003,2.332375304,GPS
,,,,,,,06/17/2003,2.332375304,GPS
,,,,,,,06/18/2003,2.322375304,GPS
,,,,,,,06/19/2003,2.332375304,GPS
,,,,,,,06/20/2003,2.342375304,GPS
,,,,,,,06/21/2003,2.342375304,GPS
,,,,,,,06/22/2003,2.332375304,GPS
,,,,,,,06/23/2003,2.322375304,GPS
,,,,,,,06/24/2003,2.352375304,GPS
,,,,,,,06/25/2003,2.342375304,GPS
,,,,,,,06/26/2003,2.352375304,GPS
,,,,,,,06/27/2003,2.342375304,GPS
,,,,,,,06/28/2003,2.322375304,GPS
,,,,,,,06/29/2003,2.342375304,GPS
,,,,,,,06/30/2003,2.362375304,GPS
,,,,,,,07/01/2003,2.382375304,GPS
,,,,,,,07/02/2003,2.352375304,GPS
,,,,,,,07/03/2003,2.362375304,GPS
,,,,,,,07/04/2003,2.372375304,GPS
,,,,,,,07/05/2003,2.362375304,GPS
,,,,,,,07/06/2003,2.372375304,GPS
,,,,,,,07/07/2003,2.362375304,GPS
,,,,,,,07/08/2003,2.382375304,GPS
,,,,,,,07/09/2003,2.362375304,GPS
,,,,,,,07/10/2003,2.352375304,GPS
,,,,,,,07/11/2003,2.372375304,GPS
,,,,,,,07/12/2003,2.362375304,GPS
,,,,,,,07/13/2003,2.362375304,GPS
,,,,,,,07/14/2003,2.372375304,GPS
,,,,,,,07/15/2003,2.362375304,GPS
,,,,,,,07/16/2003,2.372375304,GPS
,,,,,,,07/17/2003,2.382375304,GPS
,,,,,,,07/18/2003,2.382375304,GPS
,,,,,,,07/19/2003,2.402375304,GPS
,,,,,,,07/20/2003,2.372375304,GPS
,,,,,,,07/21/2003,2.392375304,GPS
,,,,,,,07/22/2003,2.382375304,GPS
,,,,,,,07/23/2003,2.362375304,GPS
,,,,,,,07/24/2003,2.352375304,GPS
,,,,,,,07/25/2003,2.372375304,GPS
,,,,,,,07/26/2003,2.382375304,GPS
,,,,,,,07/27/2003,2.372375304,GPS
,,,,,,,07/28/2003,2.392375304,GPS
,,,,,,,07/29/2003,2.402375304,GPS
,,,,,,,07/30/2003,2.372375304,GPS
,,,,,,,07/31/2003,2.372375304,GPS
,,,,,,,08/01/2003,2.362375304,GPS
,,,,,,,08/02/2003,2.372375304,GPS
,,,,,,,08/03/2003,2.372375304,GPS
,,,,,,,08/04/2003,2.382375304,GPS
,,,,,,,08/05/2003,2.382375304,GPS
,,,,,,,08/06/2003,2.392375304,GPS
,,,,,,,08/07/2003,2.392375304,GPS
,,,,,,,08/08/2003,2.392375304,GPS
,,,,,,,08/09/2003,2.382375304,GPS
,,,,,,,08/10/2003,2.372375304,GPS
,,,,,,,08/11/2003,2.362375304,GPS
,,,,,,,08/12/2003,2.372375304,GPS
,,,,,,,08/13/2003,2.372375304,GPS
,,,,,,,08/14/2003,2.382375304,GPS
,,,,,,,08/15/2003,2.362375304,GPS
,,,,,,,08/16/2003,2.372375304,GPS
,,,,,,,08/17/2003,2.362375304,GPS
,,,,,,,08/18/2003,2.372375304,GPS
,,,,,,,08/19/2003,2.362375304,GPS
,,,,,,,08/20/2003,2.362375304,GPS
,,,,,,,08/21/2003,2.362375304,GPS
,,,,,,,08/22/2003,2.332375304,GPS
,,,,,,,08/23/2003,2.372375304,GPS
,,,,,,,08/24/2003,2.362375304,GPS
,,,,,,,08/25/2003,2.362375304,GPS
,,,,,,,08/26/2003,2.362375304,GPS
,,,,,,,08/27/2003,2.352375304,GPS
,,,,,,,08/28/2003,2.372375304,GPS
,,,,,,,08/29/2003,2.372375304,GPS
,,,,,,,08/30/2003,2.362375304,GPS
,,,,,,,08/31/2003,2.372375304,GPS
,,,,,,,09/01/2003,2.352375304,GPS
,,,,,,,09/02/2003,2.362375304,GPS
,,,,,,,09/03/2003,2.362375304,GPS
,,,,,,,09/04/2003,2.342375304,GPS
,,,,,,,09/05/2003,2.352375304,GPS
,,,,,,,09/06/2003,2.362375304,GPS
,,,,,,,09/07/2003,2.372375304,GPS
,,,,,,,09/08/2003,2.372375304,GPS
,,,,,,,09/09/2003,2.372375304,GPS
,,,,,,,09/10/2003,2.362375304,GPS
,,,,,,,09/11/2003,2.362375304,GPS
,,,,,,,09/12/2003,2.372375304,GPS
,,,,,,,09/13/2003,2.372375304,GPS
,,,,,,,09/14/2003,2.372375304,GPS
,,,,,,,09/15/2003,2.372375304,GPS
,,,,,,,09/16/2003,2.362375304,GPS
,,,,,,,09/17/2003,2.362375304,GPS
,,,,,,,09/18/2003,2.382375304,GPS
,,,,,,,09/19/2003,2.352375304,GPS
,,,,,,,09/20/2003,2.362375304,GPS
,,,,,,,09/21/2003,2.362375304,GPS
,,,,,,,09/22/2003,2.372375304,GPS
,,,,,,,09/23/2003,2.352375304,GPS
,,,,,,,09/24/2003,2.362375304,GPS
,,,,,,,09/25/2003,2.382375304,GPS
,,,,,,,09/26/2003,2.372375304,GPS
,,,,,,,09/27/2003,2.372375304,GPS
,,,,,,,09/28/2003,2.362375304,GPS
,,,,,,,09/29/2003,2.362375304,GPS
,,,,,,,09/30/2003,2.362375304,GPS
,,,,,,,10/01/2003,2.382375304,GPS
,,,,,,,10/02/2003,2.362375304,GPS
,,,,,,,10/03/2003,2.362375304,GPS
,,,,,,,10/04/2003,2.372375304,GPS
,,,,,,,10/05/2003,2.382375304,GPS
,,,,,,,10/06/2003,2.372375304,GPS
,,,,,,,10/07/2003,2.352375304,GPS
,,,,,,,10/08/2003,2.362375304,GPS
,,,,,,,10/09/2003,2.342375304,GPS
,,,,,,,10/10/2003,2.352375304,GPS
,,,,,,,10/11/2003,2.362375304,GPS
,,,,,,,10/12/2003,2.342375304,GPS
,,,,,,,10/13/2003,2.362375304,GPS
,,,,,,,10/14/2003,2.362375304,GPS
,,,,,,,10/15/2003,2.362375304,GPS
,,,,,,,10/16/2003,2.342375304,GPS
,,,,,,,10/17/2003,2.372375304,GPS
,,,,,,,10/18/2003,2.362375304,GPS
,,,,,,,10/19/2003,2.372375304,GPS
,,,,,,,10/20/2003,2.382375304,GPS
,,,,,,,10/21/2003,2.362375304,GPS
,,,,,,,10/22/2003,2.362375304,GPS
,,,,,,,10/23/2003,2.342375304,GPS
,,,,,,,10/24/2003,2.362375304,GPS
,,,,,,,10/25/2003,2.382375304,GPS
,,,,,,,10/26/2003,2.382375304,GPS
,,,,,,,10/27/2003,2.362375304,GPS
,,,,,,,10/28/2003,2.362375304,GPS
,,,,,,,10/29/2003,2.332375304,GPS
,,,,,,,10/30/2003,2.362375304,GPS
,,,,,,,10/31/2003,2.362375304,GPS
,,,,,,,11/01/2003,2.372375304,GPS
,,,,,,,11/02/2003,2.352375304,GPS
,,,,,,,11/03/2003,2.342375304,GPS
,,,,,,,11/04/2003,2.372375304,GPS
,,,,,,,11/05/2003,2.362375304,GPS
,,,,,,,11/06/2003,2.362375304,GPS
,,,,,,,11/07/2003,2.352375304,GPS
,,,,,,,11/08/2003,2.342375304,GPS
,,,,,,,11/09/2003,2.342375304,GPS
,,,,,,,11/10/2003,2.342375304,GPS
,,,,,,,11/11/2003,2.352375304,GPS
,,,,,,,11/12/2003,2.352375304,GPS
,,,,,,,11/13/2003,2.342375304,GPS
,,,,,,,11/14/2003,2.352375304,GPS
,,,,,,,11/15/2003,2.342375304,GPS
,,,,,,,11/16/2003,2.362375304,GPS
,,,,,,,11/17/2003,2.342375304,GPS
,,,,,,,11/18/2003,2.342375304,GPS
,,,,,,,11/19/2003,2.342375304,GPS
,,,,,,,11/20/2003,2.342375304,GPS
,,,,,,,11/21/2003,2.352375304,GPS
,,,,,,,11/22/2003,2.352375304,GPS
,,,,,,,11/23/2003,2.352375304,GPS
,,,,,,,11/24/2003,2.332375304,GPS
,,,,,,,11/25/2003,2.352375304,GPS
,,,,,,,11/26/2003,2.332375304,GPS
,,,,,,,11/27/2003,2.332375304,GPS
,,,,,,,11/28/2003,2.352375304,GPS
,,,,,,,11/29/2003,2.332375304,GPS
,,,,,,,11/30/2003,2.322375304,GPS
,,,,,,,12/01/2003,2.322375304,GPS
,,,,,,,12/02/2003,2.342375304,GPS
,,,,,,,12/03/2003,2.332375304,GPS
,,,,,,,12/04/2003,2.332375304,GPS
,,,,,,,12/05/2003,2.342375304,GPS
,,,,,,,12/06/2003,2.352375304,GPS
,,,,,,,12/07/2003,2.332375304,GPS
,,,,,,,12/08/2003,2.352375304,GPS
,,,,,,,12/09/2003,2.352375304,GPS
,,,,,,,12/10/2003,2.342375304,GPS
,,,,,,,12/11/2003,2.362375304,GPS
,,,,,,,12/12/2003,2.362375304,GPS
,,,,,,,12/13/2003,2.322375304,GPS
,,,,,,,12/14/2003,2.332375304,GPS
,,,,,,,12/15/2003,2.352375304,GPS
,,,,,,,12/16/2003,2.362375304,GPS
,,,,,,,12/17/2003,2.352375304,GPS
,,,,,,,12/18/2003,2.342375304,GPS
,,,,,,,12/19/2003,2.322375304,GPS
,,,,,,,12/20/2003,2.322375304,GPS
,,,,,,,12/21/2003,2.332375304,GPS
,,,,,,,12/22/2003,2.342375304,GPS
,,,,,,,12/23/2003,2.332375304,GPS
,,,,,,,12/24/2003,2.332375304,GPS
,,,,,,,12/25/2003,2.332375304,GPS
,,,,,,,12/26/2003,2.362375304,GPS
,,,,,,,12/27/2003,2.362375304,GPS
,,,,,,,12/28/2003,2.362375304,GPS
,,,,,,,12/29/2003,2.332375304,GPS
,,,,,,,12/30/2003,2.342375304,GPS
,,,,,,,12/31/2003,2.322375304,GPS
,,,,,,,01/01/2004,2.322375304,GPS
,,,,,,,01/02/2004,2.332375304,GPS
,,,,,,,01/03/2004,2.332375304,GPS
,,,,,,,01/04/2004,2.342375304,GPS
,,,,,,,01/05/2004,2.362375304,GPS
,,,,,,,01/06/2004,2.332375304,GPS
,,,,,,,01/07/2004,2.322375304,GPS
,,,,,,,01/08/2004,2.342375304,GPS
,,,,,,,01/09/2004,2.332375304,GPS
,,,,,,,01/10/2004,2.332375304,GPS
,,,,,,,01/11/2004,2.332375304,GPS
,,,,,,,01/12/2004,2.342375304,GPS
,,,,,,,01/13/2004,2.362375304,GPS
,,,,,,,01/14/2004,2.372375304,GPS
,,,,,,,01/15/2004,2.352375304,GPS
,,,,,,,01/16/2004,2.332375304,GPS
,,,,,,,01/17/2004,2.332375304,GPS
,,,,,,,01/18/2004,2.342375304,GPS
,,,,,,,01/19/2004,2.342375304,GPS
,,,,,,,01/20/2004,2.362375304,GPS
,,,,,,,01/21/2004,2.352375304,GPS
,,,,,,,01/22/2004,2.352375304,GPS
,,,,,,,01/23/2004,2.342375304,GPS
,,,,,,,01/24/2004,2.352375304,GPS
,,,,,,,01/25/2004,2.342375304,GPS
,,,,,,,01/26/2004,2.332375304,GPS
,,,,,,,01/27/2004,2.342375304,GPS
,,,,,,,01/28/2004,2.352375304,GPS
,,,,,,,01/29/2004,2.332375304,GPS
,,,,,,,01/30/2004,2.332375304,GPS
,,,,,,,01/31/2004,2.322375304,GPS
,,,,,,,02/01/2004,2.322375304,GPS
,,,,,,,02/02/2004,2.342375304,GPS
,,,,,,,02/03/2004,2.332375304,GPS
,,,,,,,02/04/2004,2.332375304,GPS
,,,,,,,02/05/2004,2.312375304,GPS
,,,,,,,02/06/2004,2.322375304,GPS
,,,,,,,02/07/2004,2.322375304,GPS
,,,,,,,02/08/2004,2.342375304,GPS
,,,,,,,02/09/2004,2.342375304,GPS
,,,,,,,02/10/2004,2.332375304,GPS
,,,,,,,02/11/2004,2.332375304,GPS
,,,,,,,02/12/2004,2.322375304,GPS
,,,,,,,02/13/2004,2.312375304,GPS
,,,,,,,02/14/2004,2.322375304,GPS
,,,,,,,02/15/2004,2.312375304,GPS
,,,,,,,02/16/2004,2.322375304,GPS
,,,,,,,02/17/2004,2.322375304,GPS
,,,,,,,02/18/2004,2.312375304,GPS
,,,,,,,02/19/2004,2.302375304,GPS
,,,,,,,02/20/2004,2.312375304,GPS
,,,,,,,02/21/2004,2.312375304,GPS
,,,,,,,02/22/2004,2.302375304,GPS
,,,,,,,02/23/2004,2.322375304,GPS
,,,,,,,02/24/2004,2.312375304,GPS
,,,,,,,02/25/2004,2.312375304,GPS
,,,,,,,02/26/2004,2.322375304,GPS
,,,,,,,02/27/2004,2.332375304,GPS
,,,,,,,02/28/2004,2.342375304,GPS
,,,,,,,02/29/2004,2.342375304,GPS
,,,,,,,03/01/2004,2.312375304,GPS
,,,,,,,03/02/2004,2.332375304,GPS
,,,,,,,03/03/2004,2.332375304,GPS
,,,,,,,03/04/2004,2.332375304,GPS
,,,,,,,03/05/2004,2.322375304,GPS
,,,,,,,03/06/2004,2.322375304,GPS
,,,,,,,03/07/2004,2.332375304,GPS
,,,,,,,03/08/2004,2.342375304,GPS
,,,,,,,03/09/2004,2.322375304,GPS
,,,,,,,03/10/2004,2.312375304,GPS
,,,,,,,03/11/2004,2.312375304,GPS
,,,,,,,03/12/2004,2.302375304,GPS
,,,,,,,03/13/2004,2.312375304,GPS
,,,,,,,03/14/2004,2.312375304,GPS
,,,,,,,03/15/2004,2.302375304,GPS
,,,,,,,03/16/2004,2.302375304,GPS
,,,,,,,03/17/2004,2.292375304,GPS
,,,,,,,03/18/2004,2.282375304,GPS
,,,,,,,03/19/2004,2.292375304,GPS
,,,,,,,03/20/2004,2.302375304,GPS
,,,,,,,03/21/2004,2.292375304,GPS
,,,,,,,03/22/2004,2.282375304,GPS
,,,,,,,03/23/2004,2.282375304,GPS
,,,,,,,03/24/2004,2.282375304,GPS
,,,,,,,03/25/2004,2.312375304,GPS
,,,,,,,03/26/2004,2.312375304,GPS
,,,,,,,03/27/2004,2.312375304,GPS
,,,,,,,03/28/2004,2.302375304,GPS
,,,,,,,03/29/2004,2.312375304,GPS
,,,,,,,03/30/2004,2.292375304,GPS
,,,,,,,03/31/2004,2.312375304,GPS
,,,,,,,04/01/2004,2.302375304,GPS
,,,,,,,04/02/2004,2.302375304,GPS
,,,,,,,04/03/2004,2.302375304,GPS
,,,,,,,04/04/2004,2.282375304,GPS
,,,,,,,04/05/2004,2.282375304,GPS
,,,,,,,04/06/2004,2.292375304,GPS
,,,,,,,04/07/2004,2.292375304,GPS
,,,,,,,04/08/2004,2.282375304,GPS
,,,,,,,04/09/2004,2.282375304,GPS
,,,,,,,04/10/2004,2.302375304,GPS
,,,,,,,04/11/2004,2.302375304,GPS
,,,,,,,04/12/2004,2.322375304,GPS
,,,,,,,04/13/2004,2.332375304,GPS
,,,,,,,04/14/2004,2.332375304,GPS
,,,,,,,04/15/2004,2.332375304,GPS
,,,,,,,04/16/2004,2.332375304,GPS
,,,,,,,04/17/2004,2.342375304,GPS
,,,,,,,04/18/2004,2.322375304,GPS
,,,,,,,04/19/2004,2.332375304,GPS
,,,,,,,04/20/2004,2.302375304,GPS
,,,,,,,04/21/2004,2.322375304,GPS
,,,,,,,04/22/2004,2.332375304,GPS
,,,,,,,04/23/2004,2.312375304,GPS
,,,,,,,04/24/2004,2.332375304,GPS
,,,,,,,04/25/2004,2.322375304,GPS
,,,,,,,04/26/2004,2.342375304,GPS
,,,,,,,04/27/2004,2.322375304,GPS
,,,,,,,04/28/2004,2.312375304,GPS
,,,,,,,04/29/2004,2.342375304,GPS
,,,,,,,04/30/2004,2.352375304,GPS
,,,,,,,05/01/2004,2.342375304,GPS
,,,,,,,05/02/2004,2.342375304,GPS
,,,,,,,05/03/2004,2.342375304,GPS
,,,,,,,05/04/2004,2.322375304,GPS
,,,,,,,05/05/2004,2.332375304,GPS
,,,,,,,05/06/2004,2.352375304,GPS
,,,,,,,05/07/2004,2.332375304,GPS
,,,,,,,05/08/2004,2.342375304,GPS
,,,,,,,05/09/2004,2.342375304,GPS
,,,,,,,05/10/2004,2.322375304,GPS
,,,,,,,05/11/2004,2.342375304,GPS
,,,,,,,05/12/2004,2.332375304,GPS
,,,,,,,05/13/2004,2.332375304,GPS
,,,,,,,05/14/2004,2.342375304,GPS
,,,,,,,05/15/2004,2.332375304,GPS
,,,,,,,05/16/2004,2.352375304,GPS
,,,,,,,05/17/2004,2.342375304,GPS
,,,,,,,05/18/2004,2.362375304,GPS
,,,,,,,05/19/2004,2.372375304,GPS
,,,,,,,05/20/2004,2.372375304,GPS
,,,,,,,05/21/2004,2.362375304,GPS
,,,,,,,05/22/2004,2.362375304,GPS
,,,,,,,05/23/2004,2.362375304,GPS
,,,,,,,05/24/2004,2.372375304,GPS
,,,,,,,05/25/2004,2.362375304,GPS
,,,,,,,05/26/2004,2.362375304,GPS
,,,,,,,05/27/2004,2.372375304,GPS
,,,,,,,05/28/2004,2.372375304,GPS
,,,,,,,05/29/2004,2.372375304,GPS
,,,,,,,05/30/2004,2.362375304,GPS
,,,,,,,05/31/2004,2.352375304,GPS
,,,,,,,06/01/2004,2.352375304,GPS
,,,,,,,06/02/2004,2.362375304,GPS
,,,,,,,06/03/2004,2.362375304,GPS
,,,,,,,06/04/2004,2.372375304,GPS
,,,,,,,06/05/2004,2.372375304,GPS
,,,,,,,06/06/2004,2.382375304,GPS
,,,,,,,06/07/2004,2.362375304,GPS
,,,,,,,06/08/2004,2.362375304,GPS
,,,,,,,06/09/2004,2.382375304,GPS
,,,,,,,06/10/2004,2.392375304,GPS
,,,,,,,06/11/2004,2.382375304,GPS
,,,,,,,06/12/2004,2.382375304,GPS
,,,,,,,06/13/2004,2.382375304,GPS
,,,,,,,06/14/2004,2.392375304,GPS
,,,,,,,06/15/2004,2.392375304,GPS
,,,,,,,06/16/2004,2.402375304,GPS
,,,,,,,06/17/2004,2.412375304,GPS
,,,,,,,06/18/2004,2.422375304,GPS
,,,,,,,06/19/2004,2.412375304,GPS
,,,,,,,06/20/2004,2.422375304,GPS
,,,,,,,06/21/2004,2.412375304,GPS
,,,,,,,06/22/2004,2.412375304,GPS
,,,,,,,06/23/2004,2.412375304,GPS
,,,,,,,06/24/2004,2.422375304,GPS
,,,,,,,06/25/2004,2.422375304,GPS
,,,,,,,06/26/2004,2.422375304,GPS
,,,,,,,06/27/2004,2.412375304,GPS
,,,,,,,06/28/2004,2.402375304,GPS
,,,,,,,06/29/2004,2.422375304,GPS
,,,,,,,06/30/2004,2.412375304,GPS
,,,,,,,07/01/2004,2.432375304,GPS
,,,,,,,07/02/2004,2.422375304,GPS
,,,,,,,07/03/2004,2.422375304,GPS
,,,,,,,07/04/2004,2.402375304,GPS
,,,,,,,07/05/2004,2.422375304,GPS
,,,,,,,07/06/2004,2.422375304,GPS
,,,,,,,07/07/2004,2.422375304,GPS
,,,,,,,07/08/2004,2.402375304,GPS
,,,,,,,07/09/2004,2.432375304,GPS
,,,,,,,07/10/2004,2.412375304,GPS
,,,,,,,07/11/2004,2.412375304,GPS
,,,,,,,07/12/2004,2.412375304,GPS
,,,,,,,07/13/2004,2.432375304,GPS
,,,,,,,07/14/2004,2.432375304,GPS
,,,,,,,07/15/2004,2.432375304,GPS
,,,,,,,07/16/2004,2.422375304,GPS
,,,,,,,07/17/2004,2.422375304,GPS
,,,,,,,07/18/2004,2.432375304,GPS
,,,,,,,07/19/2004,2.432375304,GPS
,,,,,,,07/20/2004,2.412375304,GPS
,,,,,,,07/21/2004,2.412375304,GPS
,,,,,,,07/22/2004,2.422375304,GPS
,,,,,,,07/23/2004,2.422375304,GPS
,,,,,,,07/24/2004,2.422375304,GPS
,,,,,,,07/25/2004,2.442375304,GPS
,,,,,,,07/26/2004,2.422375304,GPS
,,,,,,,07/27/2004,2.402375304,GPS
,,,,,,,07/28/2004,2.422375304,GPS
,,,,,,,07/29/2004,2.412375304,GPS
,,,,,,,07/30/2004,2.422375304,GPS
,,,,,,,07/31/2004,2.412375304,GPS
,,,,,,,08/01/2004,2.422375304,GPS
,,,,,,,08/02/2004,2.432375304,GPS
,,,,,,,08/03/2004,2.432375304,GPS
,,,,,,,08/04/2004,2.422375304,GPS
,,,,,,,08/05/2004,2.442375304,GPS
,,,,,,,08/06/2004,2.432375304,GPS
,,,,,,,08/07/2004,2.432375304,GPS
,,,,,,,08/08/2004,2.432375304,GPS
,,,,,,,08/09/2004,2.442375304,GPS
,,,,,,,08/10/2004,2.432375304,GPS
,,,,,,,08/11/2004,2.422375304,GPS
,,,,,,,08/12/2004,2.422375304,GPS
,,,,,,,08/13/2004,2.442375304,GPS
,,,,,,,08/14/2004,2.412375304,GPS
,,,,,,,08/15/2004,2.432375304,GPS
,,,,,,,08/16/2004,2.422375304,GPS
,,,,,,,08/17/2004,2.402375304,GPS
,,,,,,,08/18/2004,2.422375304,GPS
,,,,,,,08/19/2004,2.422375304,GPS
,,,,,,,08/20/2004,2.422375304,GPS
,,,,,,,08/21/2004,2.422375304,GPS
,,,,,,,08/22/2004,2.412375304,GPS
,,,,,,,08/23/2004,2.422375304,GPS
,,,,,,,08/24/2004,2.402375304,GPS
,,,,,,,08/25/2004,2.422375304,GPS
,,,,,,,08/26/2004,2.432375304,GPS
,,,,,,,08/27/2004,2.422375304,GPS
,,,,,,,08/28/2004,2.412375304,GPS
,,,,,,,08/29/2004,2.432375304,GPS
,,,,,,,08/30/2004,2.432375304,GPS
,,,,,,,08/31/2004,2.422375304,GPS
,,,,,,,09/01/2004,2.402375304,GPS
,,,,,,,09/02/2004,2.402375304,GPS
,,,,,,,09/03/2004,2.422375304,GPS
,,,,,,,09/04/2004,2.412375304,GPS
,,,,,,,09/05/2004,2.402375304,GPS
,,,,,,,09/06/2004,2.402375304,GPS
,,,,,,,09/07/2004,2.402375304,GPS
,,,,,,,09/08/2004,2.412375304,GPS
,,,,,,,09/09/2004,2.402375304,GPS
,,,,,,,09/10/2004,2.402375304,GPS
,,,,,,,09/11/2004,2.412375304,GPS
,,,,,,,09/12/2004,2.382375304,GPS
,,,,,,,09/13/2004,2.27,Leveling
,,,,,,,09/13/2004,2.402375304,GPS
,,,,,,,09/14/2004,2.402375304,GPS
,,,,,,,09/15/2004,2.402375304,GPS
,,,,,,,09/16/2004,2.412375304,GPS
,,,,,,,09/17/2004,2.392375304,GPS
,,,,,,,09/18/2004,2.392375304,GPS
,,,,,,,09/19/2004,2.422375304,GPS
,,,,,,,09/20/2004,2.432375304,GPS
,,,,,,,09/21/2004,2.422375304,GPS
,,,,,,,09/22/2004,2.422375304,GPS
,,,,,,,09/23/2004,2.412375304,GPS
,,,,,,,09/24/2004,2.412375304,GPS
,,,,,,,09/25/2004,2.412375304,GPS
,,,,,,,09/26/2004,2.422375304,GPS
,,,,,,,09/27/2004,2.412375304,GPS
,,,,,,,09/28/2004,2.432375304,GPS
,,,,,,,09/29/2004,2.412375304,GPS
,,,,,,,09/30/2004,2.422375304,GPS
,,,,,,,10/01/2004,2.412375304,GPS
,,,,,,,10/02/2004,2.412375304,GPS
,,,,,,,10/03/2004,2.422375304,GPS
,,,,,,,10/04/2004,2.412375304,GPS
,,,,,,,10/05/2004,2.412375304,GPS
,,,,,,,10/06/2004,2.402375304,GPS
,,,,,,,10/07/2004,2.412375304,GPS
,,,,,,,10/08/2004,2.412375304,GPS
,,,,,,,10/09/2004,2.392375304,GPS
,,,,,,,10/10/2004,2.402375304,GPS
,,,,,,,10/11/2004,2.412375304,GPS
,,,,,,,10/12/2004,2.412375304,GPS
,,,,,,,10/13/2004,2.412375304,GPS
,,,,,,,10/14/2004,2.412375304,GPS
,,,,,,,10/15/2004,2.402375304,GPS
,,,,,,,10/16/2004,2.402375304,GPS
,,,,,,,10/17/2004,2.412375304,GPS
,,,,,,,10/18/2004,2.412375304,GPS
,,,,,,,10/19/2004,2.392375304,GPS
,,,,,,,10/20/2004,2.402375304,GPS
,,,,,,,10/21/2004,2.402375304,GPS
,,,,,,,10/22/2004,2.402375304,GPS
,,,,,,,10/23/2004,2.392375304,GPS
,,,,,,,10/24/2004,2.392375304,GPS
,,,,,,,10/25/2004,2.392375304,GPS
,,,,,,,10/26/2004,2.382375304,GPS
,,,,,,,10/27/2004,2.392375304,GPS
,,,,,,,10/28/2004,2.412375304,GPS
,,,,,,,10/29/2004,2.422375304,GPS
,,,,,,,10/30/2004,2.412375304,GPS
,,,,,,,10/31/2004,2.402375304,GPS
,,,,,,,11/01/2004,2.402375304,GPS
,,,,,,,11/02/2004,2.402375304,GPS
,,,,,,,11/03/2004,2.392375304,GPS
,,,,,,,11/04/2004,2.412375304,GPS
,,,,,,,11/05/2004,2.402375304,GPS
,,,,,,,11/06/2004,2.402375304,GPS
,,,,,,,11/07/2004,2.392375304,GPS
,,,,,,,11/08/2004,2.392375304,GPS
,,,,,,,11/09/2004,2.382375304,GPS
,,,,,,,11/10/2004,2.392375304,GPS
,,,,,,,11/11/2004,2.402375304,GPS
,,,,,,,11/12/2004,2.412375304,GPS
,,,,,,,11/13/2004,2.402375304,GPS
,,,,,,,11/14/2004,2.412375304,GPS
,,,,,,,11/15/2004,2.382375304,GPS
,,,,,,,11/16/2004,2.392375304,GPS
,,,,,,,11/17/2004,2.412375304,GPS
,,,,,,,11/18/2004,2.412375304,GPS
,,,,,,,11/19/2004,2.412375304,GPS
,,,,,,,11/20/2004,2.392375304,GPS
,,,,,,,11/21/2004,2.382375304,GPS
,,,,,,,11/22/2004,2.392375304,GPS
,,,,,,,11/23/2004,2.382375304,GPS
,,,,,,,11/24/2004,2.382375304,GPS
,,,,,,,11/25/2004,2.372375304,GPS
,,,,,,,11/26/2004,2.372375304,GPS
,,,,,,,11/27/2004,2.372375304,GPS
,,,,,,,11/28/2004,2.392375304,GPS
,,,,,,,11/29/2004,2.392375304,GPS
,,,,,,,11/30/2004,2.402375304,GPS
,,,,,,,12/01/2004,2.402375304,GPS
,,,,,,,12/02/2004,2.392375304,GPS
,,,,,,,12/03/2004,2.392375304,GPS
,,,,,,,12/04/2004,2.382375304,GPS
,,,,,,,12/05/2004,2.372375304,GPS
,,,,,,,12/06/2004,2.372375304,GPS
,,,,,,,12/07/2004,2.372375304,GPS
,,,,,,,12/08/2004,2.382375304,GPS
,,,,,,,12/09/2004,2.392375304,GPS
,,,,,,,12/10/2004,2.392375304,GPS
,,,,,,,12/11/2004,2.392375304,GPS
,,,,,,,12/12/2004,2.382375304,GPS
,,,,,,,12/13/2004,2.372375304,GPS
,,,,,,,12/14/2004,2.402375304,GPS
,,,,,,,12/15/2004,2.402375304,GPS
,,,,,,,12/16/2004,2.412375304,GPS
,,,,,,,12/17/2004,2.402375304,GPS
,,,,,,,12/18/2004,2.402375304,GPS
,,,,,,,12/19/2004,2.392375304,GPS
,,,,,,,12/20/2004,2.392375304,GPS
,,,,,,,12/21/2004,2.382375304,GPS
,,,,,,,12/22/2004,2.392375304,GPS
,,,,,,,12/23/2004,2.382375304,GPS
,,,,,,,12/24/2004,2.392375304,GPS
,,,,,,,12/25/2004,2.392375304,GPS
,,,,,,,12/26/2004,2.382375304,GPS
,,,,,,,12/27/2004,2.372375304,GPS
,,,,,,,12/28/2004,2.382375304,GPS
,,,,,,,12/29/2004,2.372375304,GPS
,,,,,,,12/30/2004,2.362375304,GPS
,,,,,,,12/31/2004,2.362375304,GPS
,,,,,,,01/01/2005,2.402375304,GPS
,,,,,,,01/02/2005,2.392375304,GPS
,,,,,,,01/03/2005,2.392375304,GPS
,,,,,,,01/04/2005,2.382375304,GPS
,,,,,,,01/05/2005,2.392375304,GPS
,,,,,,,01/06/2005,2.392375304,GPS
,,,,,,,01/07/2005,2.382375304,GPS
,,,,,,,01/08/2005,2.412375304,GPS
,,,,,,,01/09/2005,2.382375304,GPS
,,,,,,,01/10/2005,2.402375304,GPS
,,,,,,,01/11/2005,2.372375304,GPS
,,,,,,,01/12/2005,2.392375304,GPS
,,,,,,,01/13/2005,2.392375304,GPS
,,,,,,,01/14/2005,2.412375304,GPS
,,,,,,,01/15/2005,2.412375304,GPS
,,,,,,,01/16/2005,2.412375304,GPS
,,,,,,,01/17/2005,2.402375304,GPS
,,,,,,,01/18/2005,2.382375304,GPS
,,,,,,,01/19/2005,2.392375304,GPS
,,,,,,,01/20/2005,2.392375304,GPS
,,,,,,,01/21/2005,2.382375304,GPS
,,,,,,,01/22/2005,2.382375304,GPS
,,,,,,,01/23/2005,2.382375304,GPS
,,,,,,,01/24/2005,2.382375304,GPS
,,,,,,,01/25/2005,2.392375304,GPS
,,,,,,,01/26/2005,2.382375304,GPS
,,,,,,,01/27/2005,2.372375304,GPS
,,,,,,,01/28/2005,2.372375304,GPS
,,,,,,,01/29/2005,2.392375304,GPS
,,,,,,,01/30/2005,2.392375304,GPS
,,,,,,,01/31/2005,2.392375304,GPS
,,,,,,,02/01/2005,2.382375304,GPS
,,,,,,,02/02/2005,2.392375304,GPS
,,,,,,,02/03/2005,2.372375304,GPS
,,,,,,,02/04/2005,2.382375304,GPS
,,,,,,,02/05/2005,2.372375304,GPS
,,,,,,,02/06/2005,2.372375304,GPS
,,,,,,,02/07/2005,2.382375304,GPS
,,,,,,,02/08/2005,2.382375304,GPS
,,,,,,,02/09/2005,2.372375304,GPS
,,,,,,,02/10/2005,2.372375304,GPS
,,,,,,,02/11/2005,2.362375304,GPS
,,,,,,,02/12/2005,2.362375304,GPS
,,,,,,,02/13/2005,2.362375304,GPS
,,,,,,,02/14/2005,2.372375304,GPS
,,,,,,,02/15/2005,2.372375304,GPS
,,,,,,,02/16/2005,2.372375304,GPS
,,,,,,,02/17/2005,2.372375304,GPS
,,,,,,,02/18/2005,2.382375304,GPS
,,,,,,,02/19/2005,2.362375304,GPS
,,,,,,,02/20/2005,2.372375304,GPS
,,,,,,,02/21/2005,2.372375304,GPS
,,,,,,,02/22/2005,2.372375304,GPS
,,,,,,,02/23/2005,2.372375304,GPS
,,,,,,,02/24/2005,2.362375304,GPS
,,,,,,,02/25/2005,2.372375304,GPS
,,,,,,,02/26/2005,2.362375304,GPS
,,,,,,,02/27/2005,2.372375304,GPS
,,,,,,,02/28/2005,2.372375304,GPS
,,,,,,,03/01/2005,2.352375304,GPS
,,,,,,,03/02/2005,2.342375304,GPS
,,,,,,,03/03/2005,2.362375304,GPS
,,,,,,,03/04/2005,2.362375304,GPS
,,,,,,,03/05/2005,2.372375304,GPS
,,,,,,,03/06/2005,2.362375304,GPS
,,,,,,,03/07/2005,2.362375304,GPS
,,,,,,,03/08/2005,2.362375304,GPS
,,,,,,,03/09/2005,2.362375304,GPS
,,,,,,,03/10/2005,2.362375304,GPS
,,,,,,,03/11/2005,2.352375304,GPS
,,,,,,,03/12/2005,2.362375304,GPS
,,,,,,,03/13/2005,2.362375304,GPS
,,,,,,,03/14/2005,2.362375304,GPS
,,,,,,,03/15/2005,2.352375304,GPS
,,,,,,,03/16/2005,2.342375304,GPS
,,,,,,,03/17/2005,2.362375304,GPS
,,,,,,,03/18/2005,2.352375304,GPS
,,,,,,,03/19/2005,2.332375304,GPS
,,,,,,,03/20/2005,2.362375304,GPS
,,,,,,,03/21/2005,2.352375304,GPS
,,,,,,,03/22/2005,2.352375304,GPS
,,,,,,,03/23/2005,2.362375304,GPS
,,,,,,,03/24/2005,2.372375304,GPS
,,,,,,,03/25/2005,2.352375304,GPS
,,,,,,,03/26/2005,2.352375304,GPS
,,,,,,,03/27/2005,2.342375304,GPS
,,,,,,,03/28/2005,2.342375304,GPS
,,,,,,,03/29/2005,2.352375304,GPS
,,,,,,,03/30/2005,2.342375304,GPS
,,,,,,,03/31/2005,2.352375304,GPS
,,,,,,,04/01/2005,2.352375304,GPS
,,,,,,,04/02/2005,2.332375304,GPS
,,,,,,,04/03/2005,2.342375304,GPS
,,,,,,,04/04/2005,2.362375304,GPS
,,,,,,,04/05/2005,2.352375304,GPS
,,,,,,,04/06/2005,2.342375304,GPS
,,,,,,,04/07/2005,2.332375304,GPS
,,,,,,,04/08/2005,2.352375304,GPS
,,,,,,,04/09/2005,2.352375304,GPS
,,,,,,,04/10/2005,2.352375304,GPS
,,,,,,,04/11/2005,2.362375304,GPS
,,,,,,,04/12/2005,2.352375304,GPS
,,,,,,,04/13/2005,2.352375304,GPS
,,,,,,,04/14/2005,2.362375304,GPS
,,,,,,,04/15/2005,2.352375304,GPS
,,,,,,,04/16/2005,2.342375304,GPS
,,,,,,,04/17/2005,2.362375304,GPS
,,,,,,,04/18/2005,2.342375304,GPS
,,,,,,,04/19/2005,2.342375304,GPS
,,,,,,,04/20/2005,2.362375304,GPS
,,,,,,,04/21/2005,2.342375304,GPS
,,,,,,,04/22/2005,2.332375304,GPS
,,,,,,,04/23/2005,2.342375304,GPS
,,,,,,,04/24/2005,2.342375304,GPS
,,,,,,,04/25/2005,2.352375304,GPS
,,,,,,,04/26/2005,2.362375304,GPS
,,,,,,,04/27/2005,2.372375304,GPS
,,,,,,,04/28/2005,2.362375304,GPS
,,,,,,,04/29/2005,2.362375304,GPS
,,,,,,,04/30/2005,2.362375304,GPS
,,,,,,,05/01/2005,2.352375304,GPS
,,,,,,,05/02/2005,2.352375304,GPS
,,,,,,,05/03/2005,2.352375304,GPS
,,,,,,,05/04/2005,2.352375304,GPS
,,,,,,,05/05/2005,2.362375304,GPS
,,,,,,,05/06/2005,2.362375304,GPS
,,,,,,,05/07/2005,2.362375304,GPS
,,,,,,,05/08/2005,2.362375304,GPS
,,,,,,,05/09/2005,2.352375304,GPS
,,,,,,,05/10/2005,2.392375304,GPS
,,,,,,,05/11/2005,2.382375304,GPS
,,,,,,,05/12/2005,2.382375304,GPS
,,,,,,,05/13/2005,2.382375304,GPS
,,,,,,,05/14/2005,2.362375304,GPS
,,,,,,,05/15/2005,2.382375304,GPS
,,,,,,,05/16/2005,2.382375304,GPS
,,,,,,,05/17/2005,2.382375304,GPS
,,,,,,,05/18/2005,2.342375304,GPS
,,,,,,,05/19/2005,2.362375304,GPS
,,,,,,,05/20/2005,2.372375304,GPS
,,,,,,,05/21/2005,2.392375304,GPS
,,,,,,,05/22/2005,2.392375304,GPS
,,,,,,,05/23/2005,2.382375304,GPS
,,,,,,,05/24/2005,2.392375304,GPS
,,,,,,,05/25/2005,2.382375304,GPS
,,,,,,,05/26/2005,2.392375304,GPS
,,,,,,,05/27/2005,2.402375304,GPS
,,,,,,,05/28/2005,2.372375304,GPS
,,,,,,,05/29/2005,2.402375304,GPS
,,,,,,,05/30/2005,2.402375304,GPS
,,,,,,,05/31/2005,2.392375304,GPS
,,,,,,,06/01/2005,2.372375304,GPS
,,,,,,,06/02/2005,2.392375304,GPS
,,,,,,,06/03/2005,2.392375304,GPS
,,,,,,,06/04/2005,2.392375304,GPS
,,,,,,,06/05/2005,2.402375304,GPS
,,,,,,,06/06/2005,2.412375304,GPS
,,,,,,,06/07/2005,2.402375304,GPS
,,,,,,,06/08/2005,2.392375304,GPS
,,,,,,,06/09/2005,2.412375304,GPS
,,,,,,,06/10/2005,2.402375304,GPS
,,,,,,,06/11/2005,2.402375304,GPS
,,,,,,,06/12/2005,2.392375304,GPS
,,,,,,,06/13/2005,2.392375304,GPS
,,,,,,,06/14/2005,2.392375304,GPS
,,,,,,,06/15/2005,2.412375304,GPS
,,,,,,,06/16/2005,2.402375304,GPS
,,,,,,,06/17/2005,2.402375304,GPS
,,,,,,,06/18/2005,2.402375304,GPS
,,,,,,,06/19/2005,2.402375304,GPS
,,,,,,,06/20/2005,2.402375304,GPS
,,,,,,,06/21/2005,2.432375304,GPS
,,,,,,,06/22/2005,2.432375304,GPS
,,,,,,,06/23/2005,2.422375304,GPS
,,,,,,,06/24/2005,2.422375304,GPS
,,,,,,,06/25/2005,2.432375304,GPS
,,,,,,,06/26/2005,2.412375304,GPS
,,,,,,,06/27/2005,2.392375304,GPS
,,,,,,,06/28/2005,2.412375304,GPS
,,,,,,,06/29/2005,2.422375304,GPS
,,,,,,,06/30/2005,2.412375304,GPS
,,,,,,,07/01/2005,2.422375304,GPS
,,,,,,,07/02/2005,2.412375304,GPS
,,,,,,,07/03/2005,2.392375304,GPS
,,,,,,,07/04/2005,2.432375304,GPS
,,,,,,,07/05/2005,2.422375304,GPS
,,,,,,,07/06/2005,2.432375304,GPS
,,,,,,,07/07/2005,2.442375304,GPS
,,,,,,,07/08/2005,2.432375304,GPS
,,,,,,,07/09/2005,2.432375304,GPS
,,,,,,,07/10/2005,2.432375304,GPS
,,,,,,,07/11/2005,2.422375304,GPS
,,,,,,,07/12/2005,2.422375304,GPS
,,,,,,,07/13/2005,2.412375304,GPS
,,,,,,,07/14/2005,2.412375304,GPS
,,,,,,,07/15/2005,2.432375304,GPS
,,,,,,,07/16/2005,2.412375304,GPS
,,,,,,,07/17/2005,2.432375304,GPS
,,,,,,,07/18/2005,2.412375304,GPS
,,,,,,,07/19/2005,2.412375304,GPS
,,,,,,,07/20/2005,2.432375304,GPS
,,,,,,,07/21/2005,2.422375304,GPS
,,,,,,,07/22/2005,2.422375304,GPS
,,,,,,,07/23/2005,2.442375304,GPS
,,,,,,,07/24/2005,2.422375304,GPS
,,,,,,,07/25/2005,2.442375304,GPS
,,,,,,,07/26/2005,2.442375304,GPS
,,,,,,,07/27/2005,2.442375304,GPS
,,,,,,,07/28/2005,2.442375304,GPS
,,,,,,,07/29/2005,2.442375304,GPS
,,,,,,,07/30/2005,2.442375304,GPS
,,,,,,,07/31/2005,2.472375304,GPS
,,,,,,,08/01/2005,2.462375304,GPS
,,,,,,,08/02/2005,2.442375304,GPS
,,,,,,,08/03/2005,2.442375304,GPS
,,,,,,,08/04/2005,2.442375304,GPS
,,,,,,,08/05/2005,2.442375304,GPS
,,,,,,,08/06/2005,2.452375304,GPS
,,,,,,,08/07/2005,2.452375304,GPS
,,,,,,,08/08/2005,2.442375304,GPS
,,,,,,,08/09/2005,2.452375304,GPS
,,,,,,,08/10/2005,2.462375304,GPS
,,,,,,,08/11/2005,2.442375304,GPS
,,,,,,,08/12/2005,2.462375304,GPS
,,,,,,,08/13/2005,2.442375304,GPS
,,,,,,,08/14/2005,2.442375304,GPS
,,,,,,,08/15/2005,2.442375304,GPS
,,,,,,,08/16/2005,2.432375304,GPS
,,,,,,,08/17/2005,2.452375304,GPS
,,,,,,,08/18/2005,2.432375304,GPS
,,,,,,,08/19/2005,2.442375304,GPS
,,,,,,,08/20/2005,2.452375304,GPS
,,,,,,,08/21/2005,2.452375304,GPS
,,,,,,,08/22/2005,2.452375304,GPS
,,,,,,,08/23/2005,2.442375304,GPS
,,,,,,,08/24/2005,2.452375304,GPS
,,,,,,,08/25/2005,2.452375304,GPS
,,,,,,,08/26/2005,2.442375304,GPS
,,,,,,,08/27/2005,2.442375304,GPS
,,,,,,,08/28/2005,2.442375304,GPS
,,,,,,,08/29/2005,2.432375304,GPS
,,,,,,,08/30/2005,2.34,Leveling
,,,,,,,08/30/2005,2.442375304,GPS
,,,,,,,08/31/2005,2.442375304,GPS
,,,,,,,09/01/2005,2.442375304,GPS
,,,,,,,09/02/2005,2.442375304,GPS
,,,,,,,09/03/2005,2.432375304,GPS
,,,,,,,09/04/2005,2.442375304,GPS
,,,,,,,09/05/2005,2.442375304,GPS
,,,,,,,09/06/2005,2.442375304,GPS
,,,,,,,09/07/2005,2.442375304,GPS
,,,,,,,09/08/2005,2.452375304,GPS
,,,,,,,09/09/2005,2.462375304,GPS
,,,,,,,09/10/2005,2.462375304,GPS
,,,,,,,09/11/2005,2.462375304,GPS
,,,,,,,09/12/2005,2.452375304,GPS
,,,,,,,09/13/2005,2.442375304,GPS
,,,,,,,09/14/2005,2.442375304,GPS
,,,,,,,09/15/2005,2.462375304,GPS
,,,,,,,09/16/2005,2.452375304,GPS
,,,,,,,09/17/2005,2.462375304,GPS
,,,,,,,09/18/2005,2.432375304,GPS
,,,,,,,09/19/2005,2.452375304,GPS
,,,,,,,09/20/2005,2.442375304,GPS
,,,,,,,09/21/2005,2.432375304,GPS
,,,,,,,09/22/2005,2.432375304,GPS
,,,,,,,09/23/2005,2.432375304,GPS
,,,,,,,09/24/2005,2.442375304,GPS
,,,,,,,09/25/2005,2.432375304,GPS
,,,,,,,09/26/2005,2.452375304,GPS
,,,,,,,09/27/2005,2.442375304,GPS
,,,,,,,09/28/2005,2.442375304,GPS
,,,,,,,09/29/2005,2.432375304,GPS
,,,,,,,09/30/2005,2.422375304,GPS
,,,,,,,10/01/2005,2.462375304,GPS
,,,,,,,10/02/2005,2.422375304,GPS
,,,,,,,10/03/2005,2.442375304,GPS
,,,,,,,10/04/2005,2.452375304,GPS
,,,,,,,10/05/2005,2.442375304,GPS
,,,,,,,10/06/2005,2.432375304,GPS
,,,,,,,10/07/2005,2.412375304,GPS
,,,,,,,10/08/2005,2.422375304,GPS
,,,,,,,10/09/2005,2.432375304,GPS
,,,,,,,10/10/2005,2.442375304,GPS
,,,,,,,10/11/2005,2.432375304,GPS
,,,,,,,10/12/2005,2.432375304,GPS
,,,,,,,10/13/2005,2.442375304,GPS
,,,,,,,10/14/2005,2.442375304,GPS
,,,,,,,10/15/2005,2.422375304,GPS
,,,,,,,10/16/2005,2.432375304,GPS
,,,,,,,10/17/2005,2.432375304,GPS
,,,,,,,10/18/2005,2.422375304,GPS
,,,,,,,10/19/2005,2.442375304,GPS
,,,,,,,10/20/2005,2.432375304,GPS
,,,,,,,10/21/2005,2.432375304,GPS
,,,,,,,10/22/2005,2.432375304,GPS
,,,,,,,10/23/2005,2.432375304,GPS
,,,,,,,10/24/2005,2.422375304,GPS
,,,,,,,10/25/2005,2.432375304,GPS
,,,,,,,10/26/2005,2.422375304,GPS
,,,,,,,10/27/2005,2.422375304,GPS
,,,,,,,10/28/2005,2.422375304,GPS
,,,,,,,10/29/2005,2.432375304,GPS
,,,,,,,10/31/2005,2.432375304,GPS
,,,,,,,11/01/2005,2.432375304,GPS
,,,,,,,11/02/2005,2.422375304,GPS
,,,,,,,11/03/2005,2.442375304,GPS
,,,,,,,11/04/2005,2.422375304,GPS
,,,,,,,11/05/2005,2.422375304,GPS
,,,,,,,11/06/2005,2.412375304,GPS
,,,,,,,11/07/2005,2.432375304,GPS
,,,,,,,11/08/2005,2.432375304,GPS
,,,,,,,11/09/2005,2.412375304,GPS
,,,,,,,11/10/2005,2.442375304,GPS
,,,,,,,11/11/2005,2.422375304,GPS
,,,,,,,11/12/2005,2.432375304,GPS
,,,,,,,11/13/2005,2.432375304,GPS
,,,,,,,11/14/2005,2.422375304,GPS
,,,,,,,11/15/2005,2.432375304,GPS
,,,,,,,11/16/2005,2.442375304,GPS
,,,,,,,11/17/2005,2.432375304,GPS
,,,,,,,11/18/2005,2.432375304,GPS
,,,,,,,11/19/2005,2.432375304,GPS
,,,,,,,11/20/2005,2.442375304,GPS
,,,,,,,11/21/2005,2.442375304,GPS
,,,,,,,11/22/2005,2.432375304,GPS
,,,,,,,11/23/2005,2.432375304,GPS
,,,,,,,11/24/2005,2.422375304,GPS
,,,,,,,11/25/2005,2.422375304,GPS
,,,,,,,11/26/2005,2.432375304,GPS
,,,,,,,11/27/2005,2.432375304,GPS
,,,,,,,12/03/2005,2.432375304,GPS
,,,,,,,12/04/2005,2.442375304,GPS
,,,,,,,12/07/2005,2.412375304,GPS
,,,,,,,12/12/2005,2.422375304,GPS
,,,,,,,12/14/2005,2.422375304,GPS
,,,,,,,12/15/2005,2.422375304,GPS
,,,,,,,12/16/2005,2.422375304,GPS
,,,,,,,12/17/2005,2.422375304,GPS
,,,,,,,12/18/2005,2.432375304,GPS
,,,,,,,12/19/2005,2.422375304,GPS
,,,,,,,12/20/2005,2.422375304,GPS
,,,,,,,12/21/2005,2.412375304,GPS
,,,,,,,12/22/2005,2.412375304,GPS
,,,,,,,12/23/2005,2.432375304,GPS
,,,,,,,12/24/2005,2.422375304,GPS
,,,,,,,12/25/2005,2.402375304,GPS
,,,,,,,12/26/2005,2.412375304,GPS
,,,,,,,12/27/2005,2.422375304,GPS
,,,,,,,12/28/2005,2.442375304,GPS
,,,,,,,12/29/2005,2.422375304,GPS
,,,,,,,12/30/2005,2.412375304,GPS
,,,,,,,12/31/2005,2.412375304,GPS
,,,,,,,01/01/2006,2.402375304,GPS
,,,,,,,01/02/2006,2.402375304,GPS
,,,,,,,01/03/2006,2.432375304,GPS
,,,,,,,01/04/2006,2.442375304,GPS
,,,,,,,01/05/2006,2.432375304,GPS
,,,,,,,01/06/2006,2.432375304,GPS
,,,,,,,01/11/2006,2.412375304,GPS
,,,,,,,01/12/2006,2.422375304,GPS
,,,,,,,01/13/2006,2.412375304,GPS
,,,,,,,01/14/2006,2.422375304,GPS
,,,,,,,01/15/2006,2.432375304,GPS
,,,,,,,01/16/2006,2.422375304,GPS
,,,,,,,01/17/2006,2.422375304,GPS
,,,,,,,01/18/2006,2.422375304,GPS
,,,,,,,01/19/2006,2.422375304,GPS
,,,,,,,01/20/2006,2.422375304,GPS
,,,,,,,01/21/2006,2.422375304,GPS
,,,,,,,01/22/2006,2.422375304,GPS
,,,,,,,01/23/2006,2.422375304,GPS
,,,,,,,01/24/2006,2.412375304,GPS
,,,,,,,01/25/2006,2.412375304,GPS
,,,,,,,01/26/2006,2.432375304,GPS
,,,,,,,01/27/2006,2.422375304,GPS
,,,,,,,01/28/2006,2.412375304,GPS
,,,,,,,01/29/2006,2.412375304,GPS
,,,,,,,01/30/2006,2.392375304,GPS
,,,,,,,02/07/2006,2.402375304,GPS
,,,,,,,02/08/2006,2.402375304,GPS
,,,,,,,02/09/2006,2.402375304,GPS
,,,,,,,02/10/2006,2.402375304,GPS
,,,,,,,02/11/2006,2.412375304,GPS
,,,,,,,02/12/2006,2.412375304,GPS
,,,,,,,02/13/2006,2.402375304,GPS
,,,,,,,02/14/2006,2.392375304,GPS
,,,,,,,02/15/2006,2.392375304,GPS
,,,,,,,02/16/2006,2.412375304,GPS
,,,,,,,02/17/2006,2.412375304,GPS
,,,,,,,02/18/2006,2.392375304,GPS
,,,,,,,02/21/2006,2.392375304,GPS
,,,,,,,02/22/2006,2.392375304,GPS
,,,,,,,02/23/2006,2.382375304,GPS
,,,,,,,02/24/2006,2.392375304,GPS
,,,,,,,02/25/2006,2.392375304,GPS
,,,,,,,02/26/2006,2.382375304,GPS
,,,,,,,02/27/2006,2.362375304,GPS
,,,,,,,02/28/2006,2.382375304,GPS
,,,,,,,03/01/2006,2.402375304,GPS
,,,,,,,03/02/2006,2.412375304,GPS
,,,,,,,03/03/2006,2.392375304,GPS
,,,,,,,03/04/2006,2.402375304,GPS
,,,,,,,03/05/2006,2.392375304,GPS
,,,,,,,03/08/2006,2.392375304,GPS
,,,,,,,03/09/2006,2.392375304,GPS
,,,,,,,03/10/2006,2.392375304,GPS
,,,,,,,03/11/2006,2.392375304,GPS
,,,,,,,03/12/2006,2.392375304,GPS
,,,,,,,03/13/2006,2.402375304,GPS
,,,,,,,03/14/2006,2.402375304,GPS
,,,,,,,03/15/2006,2.392375304,GPS
,,,,,,,03/16/2006,2.412375304,GPS
,,,,,,,03/17/2006,2.392375304,GPS
,,,,,,,03/18/2006,2.392375304,GPS
,,,,,,,03/19/2006,2.382375304,GPS
,,,,,,,03/20/2006,2.392375304,GPS
,,,,,,,03/23/2006,2.402375304,GPS
,,,,,,,03/24/2006,2.392375304,GPS
,,,,,,,03/25/2006,2.402375304,GPS
,,,,,,,03/26/2006,2.392375304,GPS
,,,,,,,03/27/2006,2.382375304,GPS
,,,,,,,03/28/2006,2.382375304,GPS
,,,,,,,03/29/2006,2.372375304,GPS
,,,,,,,03/30/2006,2.382375304,GPS
,,,,,,,04/02/2006,2.372375304,GPS
,,,,,,,04/03/2006,2.402375304,GPS
,,,,,,,04/04/2006,2.412375304,GPS
,,,,,,,04/07/2006,2.332375304,GPS
,,,,,,,04/08/2006,2.392375304,GPS
,,,,,,,04/09/2006,2.402375304,GPS
,,,,,,,05/10/2006,2.372375304,GPS
,,,,,,,05/11/2006,2.372375304,GPS
,,,,,,,05/12/2006,2.382375304,GPS
,,,,,,,05/13/2006,2.402375304,GPS
,,,,,,,05/16/2006,2.392375304,GPS
,,,,,,,05/17/2006,2.372375304,GPS
,,,,,,,05/18/2006,2.382375304,GPS
,,,,,,,05/19/2006,2.392375304,GPS
,,,,,,,05/20/2006,2.362375304,GPS
,,,,,,,05/23/2006,2.392375304,GPS
,,,,,,,05/24/2006,2.402375304,GPS
,,,,,,,05/25/2006,2.422375304,GPS
,,,,,,,05/26/2006,2.412375304,GPS
,,,,,,,05/27/2006,2.402375304,GPS
,,,,,,,05/28/2006,2.412375304,GPS
,,,,,,,05/29/2006,2.412375304,GPS
,,,,,,,05/30/2006,2.412375304,GPS
,,,,,,,05/31/2006,2.412375304,GPS
,,,,,,,06/01/2006,2.412375304,GPS
,,,,,,,06/02/2006,2.392375304,GPS
,,,,,,,06/03/2006,2.412375304,GPS
,,,,,,,06/04/2006,2.402375304,GPS
,,,,,,,06/05/2006,2.392375304,GPS
,,,,,,,06/06/2006,2.402375304,GPS
,,,,,,,06/07/2006,2.412375304,GPS
,,,,,,,06/09/2006,2.432375304,GPS
,,,,,,,06/10/2006,2.422375304,GPS
,,,,,,,06/11/2006,2.402375304,GPS
,,,,,,,06/12/2006,2.412375304,GPS
,,,,,,,09/02/2006,2.482375304,GPS
,,,,,,,09/03/2006,2.472375304,GPS
,,,,,,,09/04/2006,2.482375304,GPS
,,,,,,,09/05/2006,2.472375304,GPS
,,,,,,,09/06/2006,2.492375304,GPS
,,,,,,,09/07/2006,2.482375304,GPS
,,,,,,,09/08/2006,2.472375304,GPS
,,,,,,,09/09/2006,2.482375304,GPS
,,,,,,,09/10/2006,2.492375304,GPS
,,,,,,,09/11/2006,2.482375304,GPS
,,,,,,,09/12/2006,2.472375304,GPS
,,,,,,,09/13/2006,2.452375304,GPS
,,,,,,,09/14/2006,2.432375304,GPS
,,,,,,,09/15/2006,2.482375304,GPS
,,,,,,,09/16/2006,2.462375304,GPS
,,,,,,,09/17/2006,2.452375304,GPS
,,,,,,,09/18/2006,2.452375304,GPS
,,,,,,,09/19/2006,2.442375304,GPS
,,,,,,,09/20/2006,2.462375304,GPS
,,,,,,,09/21/2006,2.462375304,GPS
,,,,,,,09/22/2006,2.442375304,GPS
,,,,,,,09/23/2006,2.472375304,GPS
,,,,,,,09/24/2006,2.462375304,GPS
,,,,,,,09/25/2006,2.472375304,GPS
,,,,,,,09/26/2006,2.482375304,GPS
,,,,,,,09/27/2006,2.472375304,GPS
,,,,,,,09/28/2006,2.462375304,GPS
,,,,,,,09/29/2006,2.462375304,GPS
,,,,,,,09/30/2006,2.452375304,GPS
,,,,,,,10/01/2006,2.442375304,GPS
,,,,,,,10/02/2006,2.452375304,GPS
,,,,,,,10/03/2006,2.462375304,GPS
,,,,,,,10/04/2006,2.452375304,GPS
,,,,,,,10/05/2006,2.472375304,GPS
,,,,,,,10/06/2006,2.472375304,GPS
,,,,,,,10/07/2006,2.472375304,GPS
,,,,,,,10/08/2006,2.452375304,GPS
,,,,,,,10/09/2006,2.472375304,GPS
,,,,,,,10/10/2006,2.462375304,GPS
,,,,,,,10/11/2006,2.462375304,GPS
,,,,,,,10/17/2006,2.442375304,GPS
,,,,,,,10/18/2006,2.452375304,GPS
,,,,,,,11/07/2006,2.452375304,GPS
,,,,,,,11/08/2006,2.432375304,GPS
,,,,,,,11/09/2006,2.462375304,GPS
,,,,,,,11/10/2006,2.462375304,GPS
,,,,,,,11/11/2006,2.452375304,GPS
,,,,,,,11/12/2006,2.462375304,GPS
,,,,,,,11/13/2006,2.452375304,GPS
,,,,,,,11/14/2006,2.432375304,GPS
,,,,,,,11/15/2006,2.442375304,GPS
,,,,,,,11/16/2006,2.442375304,GPS
,,,,,,,11/17/2006,2.452375304,GPS
,,,,,,,11/18/2006,2.452375304,GPS
,,,,,,,11/19/2006,2.452375304,GPS
,,,,,,,11/20/2006,2.452375304,GPS
,,,,,,,11/21/2006,2.442375304,GPS
,,,,,,,11/22/2006,2.452375304,GPS
,,,,,,,11/23/2006,2.462375304,GPS
,,,,,,,11/24/2006,2.452375304,GPS
,,,,,,,11/25/2006,2.452375304,GPS
,,,,,,,11/26/2006,2.442375304,GPS
,,,,,,,11/27/2006,2.452375304,GPS
,,,,,,,11/28/2006,2.442375304,GPS
,,,,,,,11/29/2006,2.442375304,GPS
,,,,,,,11/30/2006,2.442375304,GPS
,,,,,,,12/01/2006,2.432375304,GPS
,,,,,,,12/02/2006,2.442375304,GPS
,,,,,,,12/03/2006,2.442375304,GPS
,,,,,,,12/04/2006,2.442375304,GPS
,,,,,,,12/05/2006,2.442375304,GPS
,,,,,,,12/06/2006,2.452375304,GPS
,,,,,,,12/07/2006,2.442375304,GPS
,,,,,,,12/08/2006,2.432375304,GPS
,,,,,,,12/09/2006,2.432375304,GPS
,,,,,,,12/10/2006,2.442375304,GPS
,,,,,,,12/11/2006,2.442375304,GPS
,,,,,,,12/12/2006,2.452375304,GPS
,,,,,,,12/13/2006,2.432375304,GPS
,,,,,,,12/14/2006,2.452375304,GPS
,,,,,,,12/15/2006,2.422375304,GPS
,,,,,,,12/16/2006,2.432375304,GPS
,,,,,,,12/17/2006,2.442375304,GPS
,,,,,,,12/18/2006,2.442375304,GPS
,,,,,,,12/19/2006,2.442375304,GPS
,,,,,,,12/20/2006,2.442375304,GPS
,,,,,,,12/21/2006,2.422375304,GPS
,,,,,,,12/22/2006,2.442375304,GPS
,,,,,,,12/23/2006,2.422375304,GPS
,,,,,,,12/24/2006,2.422375304,GPS
,,,,,,,12/25/2006,2.422375304,GPS
,,,,,,,12/26/2006,2.392375304,GPS
,,,,,,,12/27/2006,2.412375304,GPS
,,,,,,,12/28/2006,2.442375304,GPS
,,,,,,,12/29/2006,2.422375304,GPS
,,,,,,,12/30/2006,2.432375304,GPS
,,,,,,,12/31/2006,2.442375304,GPS
,,,,,,,01/01/2007,2.432375304,GPS
,,,,,,,01/02/2007,2.432375304,GPS
,,,,,,,01/03/2007,2.432375304,GPS
,,,,,,,01/04/2007,2.432375304,GPS
,,,,,,,01/05/2007,2.442375304,GPS
,,,,,,,01/06/2007,2.432375304,GPS
,,,,,,,01/07/2007,2.442375304,GPS
,,,,,,,01/08/2007,2.442375304,GPS
,,,,,,,01/09/2007,2.432375304,GPS
,,,,,,,01/10/2007,2.432375304,GPS
,,,,,,,01/11/2007,2.422375304,GPS
,,,,,,,01/12/2007,2.432375304,GPS
,,,,,,,01/13/2007,2.432375304,GPS
,,,,,,,01/14/2007,2.452375304,GPS
,,,,,,,01/15/2007,2.452375304,GPS
,,,,,,,01/16/2007,2.442375304,GPS
,,,,,,,01/17/2007,2.452375304,GPS
,,,,,,,01/19/2007,2.442375304,GPS
,,,,,,,01/20/2007,2.432375304,GPS
,,,,,,,01/21/2007,2.422375304,GPS
,,,,,,,01/22/2007,2.432375304,GPS
,,,,,,,01/24/2007,2.422375304,GPS
,,,,,,,01/25/2007,2.422375304,GPS
,,,,,,,01/26/2007,2.422375304,GPS
,,,,,,,01/27/2007,2.432375304,GPS
,,,,,,,01/28/2007,2.422375304,GPS
,,,,,,,01/29/2007,2.432375304,GPS
,,,,,,,01/30/2007,2.422375304,GPS
,,,,,,,01/31/2007,2.422375304,GPS
,,,,,,,02/01/2007,2.412375304,GPS
,,,,,,,02/02/2007,2.422375304,GPS
,,,,,,,02/03/2007,2.422375304,GPS
,,,,,,,02/04/2007,2.412375304,GPS
,,,,,,,02/05/2007,2.422375304,GPS
,,,,,,,02/06/2007,2.412375304,GPS
,,,,,,,02/07/2007,2.402375304,GPS
,,,,,,,02/08/2007,2.422375304,GPS
,,,,,,,02/09/2007,2.412375304,GPS
,,,,,,,02/10/2007,2.432375304,GPS
,,,,,,,02/11/2007,2.412375304,GPS
,,,,,,,02/12/2007,2.422375304,GPS
,,,,,,,02/13/2007,2.422375304,GPS
,,,,,,,02/14/2007,2.432375304,GPS
,,,,,,,02/15/2007,2.422375304,GPS
,,,,,,,02/16/2007,2.412375304,GPS
,,,,,,,02/17/2007,2.412375304,GPS
,,,,,,,02/18/2007,2.402375304,GPS
,,,,,,,02/19/2007,2.412375304,GPS
,,,,,,,02/20/2007,2.402375304,GPS
,,,,,,,02/21/2007,2.422375304,GPS
,,,,,,,02/22/2007,2.422375304,GPS
,,,,,,,02/23/2007,2.422375304,GPS
,,,,,,,02/24/2007,2.422375304,GPS
,,,,,,,02/25/2007,2.412375304,GPS
,,,,,,,02/26/2007,2.412375304,GPS
,,,,,,,02/27/2007,2.402375304,GPS
,,,,,,,02/28/2007,2.412375304,GPS
,,,,,,,03/01/2007,2.422375304,GPS
,,,,,,,03/02/2007,2.422375304,GPS
,,,,,,,03/03/2007,2.412375304,GPS
,,,,,,,03/04/2007,2.412375304,GPS
,,,,,,,03/05/2007,2.412375304,GPS
,,,,,,,03/06/2007,2.412375304,GPS
,,,,,,,03/07/2007,2.392375304,GPS
,,,,,,,03/08/2007,2.402375304,GPS
,,,,,,,03/09/2007,2.392375304,GPS
,,,,,,,03/10/2007,2.402375304,GPS
,,,,,,,03/11/2007,2.392375304,GPS
,,,,,,,03/12/2007,2.402375304,GPS
,,,,,,,03/13/2007,2.392375304,GPS
,,,,,,,03/14/2007,2.392375304,GPS
,,,,,,,03/15/2007,2.402375304,GPS
,,,,,,,03/16/2007,2.402375304,GPS
,,,,,,,03/17/2007,2.402375304,GPS
,,,,,,,03/18/2007,2.402375304,GPS
,,,,,,,03/19/2007,2.392375304,GPS
,,,,,,,03/20/2007,2.392375304,GPS
,,,,,,,03/21/2007,2.402375304,GPS
,,,,,,,03/22/2007,2.392375304,GPS
,,,,,,,03/23/2007,2.392375304,GPS
,,,,,,,03/24/2007,2.382375304,GPS
,,,,,,,03/25/2007,2.392375304,GPS
,,,,,,,03/26/2007,2.422375304,GPS
,,,,,,,03/27/2007,2.422375304,GPS
,,,,,,,03/28/2007,2.402375304,GPS
,,,,,,,03/29/2007,2.402375304,GPS
,,,,,,,03/30/2007,2.402375304,GPS
,,,,,,,03/31/2007,2.392375304,GPS
,,,,,,,04/01/2007,2.382375304,GPS
,,,,,,,04/02/2007,2.392375304,GPS
,,,,,,,04/03/2007,2.402375304,GPS
,,,,,,,04/04/2007,2.402375304,GPS
,,,,,,,04/05/2007,2.412375304,GPS
,,,,,,,04/06/2007,2.402375304,GPS
,,,,,,,04/07/2007,2.382375304,GPS
,,,,,,,04/08/2007,2.402375304,GPS
,,,,,,,04/09/2007,2.402375304,GPS
,,,,,,,04/10/2007,2.422375304,GPS
,,,,,,,04/11/2007,2.412375304,GPS
,,,,,,,04/12/2007,2.432375304,GPS
,,,,,,,04/13/2007,2.422375304,GPS
,,,,,,,04/14/2007,2.412375304,GPS
,,,,,,,04/15/2007,2.442375304,GPS
,,,,,,,04/16/2007,2.442375304,GPS
,,,,,,,04/17/2007,2.432375304,GPS
,,,,,,,04/18/2007,2.432375304,GPS
,,,,,,,04/19/2007,2.442375304,GPS
,,,,,,,04/20/2007,2.432375304,GPS
,,,,,,,04/21/2007,2.432375304,GPS
,,,,,,,04/22/2007,2.432375304,GPS
,,,,,,,04/23/2007,2.442375304,GPS
,,,,,,,04/24/2007,2.432375304,GPS
,,,,,,,04/25/2007,2.442375304,GPS
,,,,,,,04/26/2007,2.432375304,GPS
,,,,,,,04/27/2007,2.422375304,GPS
,,,,,,,04/28/2007,2.432375304,GPS
,,,,,,,04/29/2007,2.432375304,GPS
,,,,,,,04/30/2007,2.432375304,GPS
,,,,,,,05/01/2007,2.432375304,GPS
,,,,,,,05/02/2007,2.432375304,GPS
,,,,,,,05/03/2007,2.432375304,GPS
,,,,,,,05/04/2007,2.452375304,GPS
,,,,,,,05/05/2007,2.442375304,GPS
,,,,,,,05/06/2007,2.432375304,GPS
,,,,,,,05/07/2007,2.442375304,GPS
,,,,,,,05/11/2007,2.452375304,GPS
,,,,,,,05/12/2007,2.452375304,GPS
,,,,,,,05/13/2007,2.452375304,GPS
,,,,,,,05/14/2007,2.452375304,GPS
,,,,,,,05/15/2007,2.472375304,GPS
,,,,,,,05/16/2007,2.472375304,GPS
,,,,,,,05/17/2007,2.462375304,GPS
,,,,,,,05/18/2007,2.472375304,GPS
,,,,,,,05/19/2007,2.472375304,GPS
,,,,,,,05/20/2007,2.462375304,GPS
,,,,,,,05/21/2007,2.452375304,GPS
,,,,,,,05/22/2007,2.442375304,GPS
,,,,,,,05/23/2007,2.462375304,GPS
,,,,,,,05/24/2007,2.482375304,GPS
,,,,,,,05/25/2007,2.472375304,GPS
,,,,,,,05/26/2007,2.472375304,GPS
,,,,,,,05/27/2007,2.452375304,GPS
,,,,,,,05/28/2007,2.452375304,GPS
,,,,,,,05/29/2007,2.452375304,GPS
,,,,,,,05/30/2007,2.482375304,GPS
,,,,,,,05/31/2007,2.472375304,GPS
,,,,,,,06/01/2007,2.472375304,GPS
,,,,,,,06/02/2007,2.482375304,GPS
,,,,,,,06/03/2007,2.482375304,GPS
,,,,,,,06/04/2007,2.452375304,GPS
,,,,,,,06/05/2007,2.492375304,GPS
,,,,,,,06/06/2007,2.482375304,GPS
,,,,,,,06/07/2007,2.472375304,GPS
,,,,,,,06/08/2007,2.482375304,GPS
,,,,,,,06/09/2007,2.472375304,GPS
,,,,,,,06/10/2007,2.462375304,GPS
,,,,,,,06/11/2007,2.472375304,GPS
,,,,,,,06/12/2007,2.462375304,GPS
,,,,,,,06/13/2007,2.492375304,GPS
,,,,,,,06/14/2007,2.492375304,GPS
,,,,,,,06/15/2007,2.482375304,GPS
,,,,,,,06/16/2007,2.492375304,GPS
,,,,,,,06/17/2007,2.482375304,GPS
,,,,,,,06/18/2007,2.472375304,GPS
,,,,,,,06/19/2007,2.492375304,GPS
,,,,,,,06/20/2007,2.492375304,GPS
,,,,,,,06/21/2007,2.502375304,GPS
,,,,,,,06/22/2007,2.502375304,GPS
,,,,,,,06/23/2007,2.522375304,GPS
,,,,,,,06/24/2007,2.502375304,GPS
,,,,,,,06/25/2007,2.492375304,GPS
,,,,,,,06/26/2007,2.502375304,GPS
,,,,,,,06/27/2007,2.512375304,GPS
,,,,,,,06/28/2007,2.492375304,GPS
,,,,,,,06/29/2007,2.492375304,GPS
,,,,,,,06/30/2007,2.512375304,GPS
,,,,,,,07/01/2007,2.502375304,GPS
,,,,,,,07/02/2007,2.512375304,GPS
,,,,,,,07/03/2007,2.512375304,GPS
,,,,,,,07/04/2007,2.502375304,GPS
,,,,,,,07/05/2007,2.502375304,GPS
,,,,,,,07/06/2007,2.512375304,GPS
,,,,,,,07/07/2007,2.502375304,GPS
,,,,,,,07/08/2007,2.502375304,GPS
,,,,,,,07/09/2007,2.512375304,GPS
,,,,,,,07/10/2007,2.512375304,GPS
,,,,,,,07/11/2007,2.512375304,GPS
,,,,,,,07/12/2007,2.532375304,GPS
,,,,,,,07/13/2007,2.512375304,GPS
,,,,,,,07/14/2007,2.512375304,GPS
,,,,,,,07/15/2007,2.542375304,GPS
,,,,,,,07/16/2007,2.522375304,GPS
,,,,,,,07/17/2007,2.512375304,GPS
,,,,,,,07/18/2007,2.512375304,GPS
,,,,,,,07/19/2007,2.502375304,GPS
,,,,,,,07/20/2007,2.502375304,GPS
,,,,,,,07/21/2007,2.512375304,GPS
,,,,,,,07/22/2007,2.512375304,GPS
,,,,,,,07/23/2007,2.502375304,GPS
,,,,,,,07/24/2007,2.532375304,GPS
,,,,,,,07/25/2007,2.512375304,GPS
,,,,,,,07/26/2007,2.522375304,GPS
,,,,,,,07/27/2007,2.542375304,GPS
,,,,,,,07/28/2007,2.522375304,GPS
,,,,,,,07/29/2007,2.522375304,GPS
,,,,,,,08/01/2007,2.492375304,GPS
,,,,,,,08/02/2007,2.492375304,GPS
,,,,,,,08/03/2007,2.522375304,GPS
,,,,,,,08/04/2007,2.512375304,GPS
,,,,,,,08/05/2007,2.512375304,GPS
,,,,,,,08/06/2007,2.522375304,GPS
,,,,,,,08/07/2007,2.532375304,GPS
,,,,,,,08/08/2007,2.542375304,GPS
,,,,,,,08/09/2007,2.512375304,GPS
,,,,,,,08/10/2007,2.512375304,GPS
,,,,,,,08/11/2007,2.532375304,GPS
,,,,,,,08/12/2007,2.522375304,GPS
,,,,,,,08/13/2007,2.522375304,GPS
,,,,,,,08/14/2007,2.522375304,GPS
,,,,,,,08/15/2007,2.502375304,GPS
,,,,,,,08/16/2007,2.522375304,GPS
,,,,,,,08/17/2007,2.522375304,GPS
,,,,,,,08/18/2007,2.522375304,GPS
,,,,,,,08/19/2007,2.522375304,GPS
,,,,,,,08/20/2007,2.532375304,GPS
,,,,,,,08/21/2007,2.512375304,GPS
,,,,,,,08/22/2007,2.522375304,GPS
,,,,,,,08/23/2007,2.522375304,GPS
,,,,,,,08/24/2007,2.522375304,GPS
,,,,,,,09/07/2007,2.532375304,GPS
,,,,,,,09/08/2007,2.532375304,GPS
,,,,,,,09/09/2007,2.532375304,GPS
,,,,,,,09/10/2007,2.532375304,GPS
,,,,,,,09/11/2007,2.522375304,GPS
,,,,,,,09/12/2007,2.542375304,GPS
,,,,,,,09/13/2007,2.532375304,GPS
,,,,,,,09/14/2007,2.522375304,GPS
,,,,,,,09/15/2007,2.512375304,GPS
,,,,,,,09/16/2007,2.522375304,GPS
,,,,,,,09/17/2007,2.512375304,GPS
,,,,,,,09/18/2007,2.532375304,GPS
,,,,,,,09/19/2007,2.532375304,GPS
,,,,,,,09/20/2007,2.512375304,GPS
,,,,,,,09/21/2007,2.522375304,GPS
,,,,,,,09/22/2007,2.502375304,GPS
,,,,,,,09/23/2007,2.522375304,GPS
,,,,,,,09/24/2007,2.522375304,GPS
,,,,,,,09/25/2007,2.512375304,GPS
,,,,,,,09/26/2007,2.522375304,GPS
,,,,,,,09/27/2007,2.512375304,GPS
,,,,,,,09/28/2007,2.502375304,GPS
,,,,,,,09/29/2007,2.512375304,GPS
,,,,,,,09/30/2007,2.522375304,GPS
,,,,,,,10/01/2007,2.512375304,GPS
,,,,,,,10/02/2007,2.512375304,GPS
,,,,,,,10/03/2007,2.502375304,GPS
,,,,,,,10/04/2007,2.512375304,GPS
,,,,,,,10/05/2007,2.522375304,GPS
,,,,,,,10/07/2007,2.512375304,GPS
,,,,,,,10/08/2007,2.502375304,GPS
,,,,,,,11/10/2007,2.502375304,GPS
,,,,,,,11/11/2007,2.502375304,GPS
,,,,,,,11/12/2007,2.492375304,GPS
,,,,,,,11/13/2007,2.502375304,GPS
,,,,,,,11/14/2007,2.512375304,GPS
,,,,,,,11/15/2007,2.512375304,GPS
,,,,,,,11/16/2007,2.502375304,GPS
,,,,,,,11/17/2007,2.502375304,GPS
,,,,,,,11/18/2007,2.502375304,GPS
,,,,,,,11/19/2007,2.512375304,GPS
,,,,,,,11/20/2007,2.512375304,GPS
,,,,,,,11/21/2007,2.512375304,GPS
,,,,,,,11/22/2007,2.512375304,GPS
,,,,,,,11/23/2007,2.502375304,GPS
,,,,,,,11/24/2007,2.502375304,GPS
,,,,,,,11/25/2007,2.502375304,GPS
,,,,,,,11/26/2007,2.502375304,GPS
,,,,,,,11/27/2007,2.502375304,GPS
,,,,,,,11/28/2007,2.502375304,GPS
,,,,,,,11/29/2007,2.502375304,GPS
,,,,,,,11/30/2007,2.502375304,GPS
,,,,,,,12/01/2007,2.492375304,GPS
,,,,,,,12/02/2007,2.492375304,GPS
,,,,,,,12/03/2007,2.492375304,GPS
,,,,,,,12/04/2007,2.492375304,GPS
,,,,,,,12/05/2007,2.492375304,GPS
,,,,,,,12/06/2007,2.472375304,GPS
,,,,,,,12/07/2007,2.472375304,GPS
,,,,,,,12/08/2007,2.492375304,GPS
,,,,,,,12/09/2007,2.492375304,GPS
,,,,,,,12/10/2007,2.492375304,GPS
,,,,,,,12/11/2007,2.492375304,GPS
,,,,,,,12/12/2007,2.492375304,GPS
,,,,,,,12/13/2007,2.502375304,GPS
,,,,,,,12/14/2007,2.492375304,GPS
,,,,,,,12/15/2007,2.482375304,GPS
,,,,,,,12/16/2007,2.492375304,GPS
,,,,,,,12/17/2007,2.482375304,GPS
,,,,,,,12/18/2007,2.482375304,GPS
,,,,,,,12/19/2007,2.472375304,GPS
,,,,,,,12/20/2007,2.482375304,GPS
,,,,,,,12/21/2007,2.502375304,GPS
,,,,,,,12/22/2007,2.502375304,GPS
,,,,,,,12/23/2007,2.492375304,GPS
,,,,,,,12/24/2007,2.482375304,GPS
,,,,,,,12/25/2007,2.482375304,GPS
,,,,,,,12/26/2007,2.472375304,GPS
,,,,,,,01/01/2008,2.482375304,GPS
,,,,,,,01/02/2008,2.472375304,GPS
,,,,,,,01/03/2008,2.462375304,GPS
,,,,,,,01/04/2008,2.462375304,GPS
,,,,,,,01/05/2008,2.432375304,GPS
,,,,,,,01/06/2008,2.472375304,GPS
,,,,,,,01/07/2008,2.472375304,GPS
,,,,,,,01/08/2008,2.462375304,GPS
,,,,,,,01/09/2008,2.482375304,GPS
,,,,,,,01/10/2008,2.462375304,GPS
,,,,,,,01/11/2008,2.472375304,GPS
,,,,,,,01/12/2008,2.472375304,GPS
,,,,,,,01/13/2008,2.472375304,GPS
,,,,,,,01/14/2008,2.472375304,GPS
,,,,,,,01/15/2008,2.462375304,GPS
,,,,,,,01/16/2008,2.462375304,GPS
,,,,,,,01/17/2008,2.462375304,GPS
,,,,,,,01/18/2008,2.472375304,GPS
,,,,,,,01/19/2008,2.472375304,GPS
,,,,,,,01/20/2008,2.462375304,GPS
,,,,,,,01/21/2008,2.472375304,GPS
,,,,,,,01/22/2008,2.472375304,GPS
,,,,,,,01/23/2008,2.472375304,GPS
,,,,,,,01/24/2008,2.462375304,GPS
,,,,,,,01/25/2008,2.462375304,GPS
,,,,,,,01/26/2008,2.452375304,GPS
,,,,,,,01/27/2008,2.442375304,GPS
,,,,,,,01/28/2008,2.462375304,GPS
,,,,,,,01/29/2008,2.462375304,GPS
,,,,,,,01/30/2008,2.462375304,GPS
,,,,,,,01/31/2008,2.472375304,GPS
,,,,,,,02/01/2008,2.482375304,GPS
,,,,,,,02/02/2008,2.472375304,GPS
,,,,,,,02/03/2008,2.502375304,GPS
,,,,,,,02/04/2008,2.472375304,GPS
,,,,,,,02/05/2008,2.462375304,GPS
,,,,,,,02/06/2008,2.462375304,GPS
,,,,,,,02/07/2008,2.462375304,GPS
,,,,,,,02/08/2008,2.442375304,GPS
,,,,,,,02/09/2008,2.452375304,GPS
,,,,,,,02/10/2008,2.442375304,GPS
,,,,,,,02/11/2008,2.452375304,GPS
,,,,,,,02/12/2008,2.442375304,GPS
,,,,,,,02/13/2008,2.432375304,GPS
,,,,,,,02/14/2008,2.452375304,GPS
,,,,,,,02/15/2008,2.462375304,GPS
,,,,,,,02/16/2008,2.442375304,GPS
,,,,,,,02/17/2008,2.442375304,GPS
,,,,,,,02/18/2008,2.452375304,GPS
,,,,,,,02/19/2008,2.442375304,GPS
,,,,,,,02/20/2008,2.452375304,GPS
,,,,,,,02/21/2008,2.452375304,GPS
,,,,,,,02/22/2008,2.462375304,GPS
,,,,,,,02/23/2008,2.462375304,GPS
,,,,,,,02/24/2008,2.462375304,GPS
,,,,,,,02/25/2008,2.462375304,GPS
,,,,,,,02/26/2008,2.472375304,GPS
,,,,,,,02/27/2008,2.462375304,GPS
,,,,,,,02/28/2008,2.462375304,GPS
,,,,,,,02/29/2008,2.442375304,GPS
,,,,,,,03/01/2008,2.452375304,GPS
,,,,,,,03/02/2008,2.442375304,GPS
,,,,,,,03/03/2008,2.462375304,GPS
,,,,,,,03/04/2008,2.462375304,GPS
,,,,,,,03/06/2008,2.472375304,GPS
,,,,,,,03/07/2008,2.462375304,GPS
,,,,,,,03/08/2008,2.442375304,GPS
,,,,,,,03/09/2008,2.452375304,GPS
,,,,,,,03/10/2008,2.452375304,GPS
,,,,,,,03/11/2008,2.452375304,GPS
,,,,,,,03/12/2008,2.462375304,GPS
,,,,,,,03/13/2008,2.432375304,GPS
,,,,,,,03/15/2008,2.462375304,GPS
,,,,,,,03/16/2008,2.452375304,GPS
,,,,,,,03/17/2008,2.452375304,GPS
,,,,,,,03/18/2008,2.462375304,GPS
,,,,,,,03/19/2008,2.462375304,GPS
,,,,,,,03/20/2008,2.482375304,GPS
,,,,,,,03/21/2008,2.472375304,GPS
,,,,,,,03/22/2008,2.482375304,GPS
,,,,,,,03/23/2008,2.472375304,GPS
,,,,,,,03/24/2008,2.462375304,GPS
,,,,,,,03/25/2008,2.452375304,GPS
,,,,,,,03/26/2008,2.462375304,GPS
,,,,,,,03/27/2008,2.482375304,GPS
,,,,,,,03/28/2008,2.472375304,GPS
,,,,,,,03/29/2008,2.482375304,GPS
,,,,,,,03/30/2008,2.482375304,GPS
,,,,,,,03/31/2008,2.482375304,GPS
,,,,,,,04/01/2008,2.492375304,GPS
,,,,,,,04/02/2008,2.492375304,GPS
,,,,,,,04/03/2008,2.492375304,GPS
,,,,,,,04/04/2008,2.492375304,GPS
,,,,,,,04/05/2008,2.482375304,GPS
,,,,,,,04/06/2008,2.492375304,GPS
,,,,,,,04/07/2008,2.502375304,GPS
,,,,,,,04/08/2008,2.492375304,GPS
,,,,,,,04/09/2008,2.492375304,GPS
,,,,,,,04/10/2008,2.492375304,GPS
,,,,,,,04/11/2008,2.492375304,GPS
,,,,,,,04/12/2008,2.502375304,GPS
,,,,,,,04/13/2008,2.492375304,GPS
,,,,,,,04/14/2008,2.472375304,GPS
,,,,,,,04/15/2008,2.502375304,GPS
,,,,,,,04/16/2008,2.492375304,GPS
,,,,,,,04/17/2008,2.492375304,GPS
,,,,,,,04/18/2008,2.492375304,GPS
,,,,,,,04/19/2008,2.502375304,GPS
,,,,,,,04/20/2008,2.502375304,GPS
,,,,,,,04/21/2008,2.512375304,GPS
,,,,,,,04/22/2008,2.502375304,GPS
,,,,,,,04/23/2008,2.512375304,GPS
,,,,,,,04/24/2008,2.522375304,GPS
,,,,,,,04/25/2008,2.512375304,GPS
,,,,,,,04/26/2008,2.512375304,GPS
,,,,,,,04/27/2008,2.502375304,GPS
,,,,,,,04/28/2008,2.482375304,GPS
,,,,,,,04/29/2008,2.512375304,GPS
,,,,,,,04/30/2008,2.502375304,GPS
,,,,,,,05/01/2008,2.492375304,GPS
,,,,,,,05/02/2008,2.502375304,GPS
,,,,,,,05/03/2008,2.492375304,GPS
,,,,,,,05/04/2008,2.492375304,GPS
,,,,,,,05/05/2008,2.502375304,GPS
,,,,,,,05/06/2008,2.492375304,GPS
,,,,,,,05/07/2008,2.492375304,GPS
,,,,,,,05/08/2008,2.502375304,GPS
,,,,,,,05/09/2008,2.492375304,GPS
,,,,,,,05/10/2008,2.502375304,GPS
,,,,,,,05/11/2008,2.512375304,GPS
,,,,,,,05/12/2008,2.502375304,GPS
,,,,,,,05/13/2008,2.502375304,GPS
,,,,,,,05/14/2008,2.502375304,GPS
,,,,,,,05/15/2008,2.512375304,GPS
,,,,,,,05/16/2008,2.522375304,GPS
,,,,,,,05/17/2008,2.532375304,GPS
,,,,,,,05/18/2008,2.502375304,GPS
,,,,,,,05/19/2008,2.502375304,GPS
,,,,,,,05/20/2008,2.512375304,GPS
,,,,,,,05/21/2008,2.502375304,GPS
,,,,,,,05/22/2008,2.512375304,GPS
,,,,,,,05/23/2008,2.512375304,GPS
,,,,,,,05/24/2008,2.522375304,GPS
,,,,,,,05/25/2008,2.532375304,GPS
,,,,,,,05/26/2008,2.532375304,GPS
,,,,,,,05/27/2008,2.532375304,GPS
,,,,,,,05/28/2008,2.542375304,GPS
,,,,,,,05/29/2008,2.532375304,GPS
,,,,,,,05/30/2008,2.39,Leveling
,,,,,,,05/30/2008,2.532375304,GPS
,,,,,,,05/31/2008,2.532375304,GPS
,,,,,,,06/01/2008,2.542375304,GPS
,,,,,,,06/02/2008,2.532375304,GPS
,,,,,,,06/03/2008,2.522375304,GPS
,,,,,,,06/04/2008,2.522375304,GPS
,,,,,,,06/05/2008,2.522375304,GPS
,,,,,,,06/06/2008,2.532375304,GPS
,,,,,,,06/07/2008,2.522375304,GPS
,,,,,,,06/08/2008,2.532375304,GPS
,,,,,,,06/09/2008,2.542375304,GPS
,,,,,,,06/10/2008,2.542375304,GPS
,,,,,,,06/11/2008,2.542375304,GPS
,,,,,,,06/12/2008,2.532375304,GPS
,,,,,,,06/13/2008,2.542375304,GPS
,,,,,,,06/14/2008,2.542375304,GPS
,,,,,,,06/15/2008,2.542375304,GPS
,,,,,,,06/16/2008,2.542375304,GPS
,,,,,,,06/17/2008,2.542375304,GPS
,,,,,,,06/18/2008,2.562375304,GPS
,,,,,,,06/19/2008,2.532375304,GPS
,,,,,,,06/20/2008,2.542375304,GPS
,,,,,,,06/21/2008,2.542375304,GPS
,,,,,,,06/22/2008,2.542375304,GPS
,,,,,,,06/23/2008,2.562375304,GPS
,,,,,,,06/24/2008,2.562375304,GPS
,,,,,,,06/25/2008,2.542375304,GPS
,,,,,,,06/26/2008,2.542375304,GPS
,,,,,,,06/27/2008,2.562375304,GPS
,,,,,,,06/28/2008,2.562375304,GPS
,,,,,,,06/29/2008,2.572375304,GPS
,,,,,,,06/30/2008,2.572375304,GPS
,,,,,,,07/01/2008,2.562375304,GPS
,,,,,,,07/02/2008,2.572375304,GPS
,,,,,,,07/03/2008,2.552375304,GPS
,,,,,,,07/04/2008,2.572375304,GPS
,,,,,,,07/05/2008,2.572375304,GPS
,,,,,,,07/06/2008,2.552375304,GPS
,,,,,,,07/07/2008,2.552375304,GPS
,,,,,,,07/08/2008,2.542375304,GPS
,,,,,,,07/09/2008,2.542375304,GPS
,,,,,,,07/10/2008,2.572375304,GPS
,,,,,,,07/11/2008,2.552375304,GPS
,,,,,,,07/12/2008,2.572375304,GPS
,,,,,,,07/13/2008,2.552375304,GPS
,,,,,,,07/14/2008,2.552375304,GPS
,,,,,,,07/15/2008,2.562375304,GPS
,,,,,,,07/16/2008,2.582375304,GPS
,,,,,,,07/17/2008,2.582375304,GPS
,,,,,,,07/18/2008,2.572375304,GPS
,,,,,,,07/19/2008,2.552375304,GPS
,,,,,,,07/20/2008,2.552375304,GPS
,,,,,,,07/21/2008,2.572375304,GPS
,,,,,,,07/22/2008,2.572375304,GPS
,,,,,,,07/23/2008,2.572375304,GPS
,,,,,,,07/24/2008,2.572375304,GPS
,,,,,,,07/25/2008,2.562375304,GPS
,,,,,,,07/26/2008,2.562375304,GPS
,,,,,,,07/27/2008,2.572375304,GPS
,,,,,,,07/28/2008,2.562375304,GPS
,,,,,,,07/29/2008,2.552375304,GPS
,,,,,,,07/30/2008,2.562375304,GPS
,,,,,,,07/31/2008,2.562375304,GPS
,,,,,,,08/01/2008,2.562375304,GPS
,,,,,,,08/02/2008,2.582375304,GPS
,,,,,,,08/03/2008,2.592375304,GPS
,,,,,,,08/04/2008,2.582375304,GPS
,,,,,,,08/05/2008,2.592375304,GPS
,,,,,,,08/06/2008,2.572375304,GPS
,,,,,,,08/07/2008,2.572375304,GPS
,,,,,,,08/08/2008,2.592375304,GPS
,,,,,,,08/09/2008,2.572375304,GPS
,,,,,,,08/10/2008,2.582375304,GPS
,,,,,,,08/11/2008,2.572375304,GPS
,,,,,,,08/12/2008,2.562375304,GPS
,,,,,,,08/13/2008,2.572375304,GPS
,,,,,,,08/14/2008,2.572375304,GPS
,,,,,,,08/15/2008,2.582375304,GPS
,,,,,,,08/16/2008,2.562375304,GPS
,,,,,,,08/17/2008,2.572375304,GPS
,,,,,,,08/18/2008,2.582375304,GPS
,,,,,,,08/19/2008,2.572375304,GPS
,,,,,,,08/20/2008,2.582375304,GPS
,,,,,,,08/21/2008,2.562375304,GPS
,,,,,,,08/22/2008,2.572375304,GPS
,,,,,,,08/23/2008,2.592375304,GPS
,,,,,,,08/24/2008,2.582375304,GPS
,,,,,,,08/25/2008,2.602375304,GPS
,,,,,,,08/26/2008,2.572375304,GPS
,,,,,,,08/27/2008,2.572375304,GPS
,,,,,,,08/28/2008,2.582375304,GPS
,,,,,,,08/29/2008,2.572375304,GPS
,,,,,,,08/30/2008,2.562375304,GPS
,,,,,,,08/31/2008,2.582375304,GPS
,,,,,,,09/01/2008,2.592375304,GPS
,,,,,,,09/02/2008,2.592375304,GPS
,,,,,,,09/03/2008,2.582375304,GPS
,,,,,,,09/04/2008,2.572375304,GPS
,,,,,,,09/05/2008,2.582375304,GPS
,,,,,,,09/06/2008,2.572375304,GPS
,,,,,,,09/07/2008,2.572375304,GPS
,,,,,,,09/08/2008,2.572375304,GPS
,,,,,,,09/09/2008,2.582375304,GPS
,,,,,,,09/10/2008,2.582375304,GPS
,,,,,,,09/11/2008,2.582375304,GPS
,,,,,,,09/12/2008,2.572375304,GPS
,,,,,,,09/13/2008,2.572375304,GPS
,,,,,,,09/14/2008,2.572375304,GPS
,,,,,,,09/15/2008,2.582375304,GPS
,,,,,,,09/16/2008,2.582375304,GPS
,,,,,,,09/18/2008,2.582375304,GPS
,,,,,,,09/19/2008,2.592375304,GPS
,,,,,,,09/20/2008,2.582375304,GPS
,,,,,,,09/22/2008,2.562375304,GPS
,,,,,,,09/23/2008,2.572375304,GPS
,,,,,,,09/24/2008,2.572375304,GPS
,,,,,,,09/25/2008,2.572375304,GPS
,,,,,,,09/26/2008,2.572375304,GPS
,,,,,,,09/27/2008,2.582375304,GPS
,,,,,,,09/28/2008,2.582375304,GPS
,,,,,,,09/29/2008,2.582375304,GPS
,,,,,,,09/30/2008,2.592375304,GPS
,,,,,,,10/01/2008,2.572375304,GPS
,,,,,,,10/02/2008,2.582375304,GPS
,,,,,,,10/03/2008,2.562375304,GPS
,,,,,,,10/04/2008,2.562375304,GPS
,,,,,,,10/05/2008,2.572375304,GPS
,,,,,,,10/06/2008,2.572375304,GPS
,,,,,,,10/07/2008,2.572375304,GPS
,,,,,,,10/08/2008,2.572375304,GPS
,,,,,,,10/09/2008,2.562375304,GPS
,,,,,,,10/10/2008,2.582375304,GPS
,,,,,,,10/11/2008,2.572375304,GPS
,,,,,,,10/12/2008,2.592375304,GPS
,,,,,,,10/13/2008,2.582375304,GPS
,,,,,,,10/14/2008,2.582375304,GPS
,,,,,,,10/15/2008,2.592375304,GPS
,,,,,,,10/16/2008,2.572375304,GPS
,,,,,,,10/17/2008,2.582375304,GPS
,,,,,,,10/18/2008,2.582375304,GPS
,,,,,,,10/19/2008,2.582375304,GPS
,,,,,,,10/20/2008,2.582375304,GPS
,,,,,,,10/21/2008,2.572375304,GPS
,,,,,,,10/22/2008,2.572375304,GPS
,,,,,,,10/23/2008,2.572375304,GPS
,,,,,,,10/24/2008,2.562375304,GPS
,,,,,,,10/25/2008,2.562375304,GPS
,,,,,,,10/26/2008,2.582375304,GPS
,,,,,,,12/05/2008,2.552375304,GPS
,,,,,,,12/06/2008,2.552375304,GPS
,,,,,,,12/08/2008,2.552375304,GPS
,,,,,,,12/09/2008,2.552375304,GPS
,,,,,,,12/10/2008,2.552375304,GPS
,,,,,,,12/11/2008,2.542375304,GPS
,,,,,,,12/12/2008,2.522375304,GPS
,,,,,,,12/13/2008,2.542375304,GPS
,,,,,,,12/22/2008,2.542375304,GPS
,,,,,,,12/24/2008,2.522375304,GPS
,,,,,,,12/25/2008,2.522375304,GPS
,,,,,,,12/26/2008,2.522375304,GPS
,,,,,,,12/27/2008,2.522375304,GPS
,,,,,,,12/29/2008,2.542375304,GPS
,,,,,,,01/01/2009,2.522375304,GPS
,,,,,,,01/02/2009,2.522375304,GPS
,,,,,,,01/03/2009,2.532375304,GPS
,,,,,,,01/04/2009,2.532375304,GPS
,,,,,,,01/05/2009,2.512375304,GPS
,,,,,,,01/06/2009,2.522375304,GPS
,,,,,,,01/07/2009,2.522375304,GPS
,,,,,,,01/08/2009,2.512375304,GPS
,,,,,,,01/09/2009,2.532375304,GPS
,,,,,,,01/10/2009,2.532375304,GPS
,,,,,,,01/11/2009,2.522375304,GPS
,,,,,,,01/12/2009,2.522375304,GPS
,,,,,,,01/13/2009,2.522375304,GPS
,,,,,,,01/14/2009,2.522375304,GPS
,,,,,,,01/15/2009,2.512375304,GPS
,,,,,,,01/16/2009,2.512375304,GPS
,,,,,,,01/17/2009,2.512375304,GPS
,,,,,,,01/18/2009,2.532375304,GPS
,,,,,,,01/19/2009,2.512375304,GPS
,,,,,,,01/20/2009,2.522375304,GPS
,,,,,,,01/21/2009,2.502375304,GPS
,,,,,,,01/22/2009,2.512375304,GPS
,,,,,,,01/23/2009,2.502375304,GPS
,,,,,,,01/24/2009,2.532375304,GPS
,,,,,,,01/25/2009,2.532375304,GPS
,,,,,,,01/26/2009,2.522375304,GPS
,,,,,,,01/27/2009,2.522375304,GPS
,,,,,,,01/28/2009,2.532375304,GPS
,,,,,,,01/29/2009,2.522375304,GPS
,,,,,,,01/30/2009,2.522375304,GPS
,,,,,,,01/31/2009,2.512375304,GPS
,,,,,,,02/01/2009,2.512375304,GPS
,,,,,,,02/02/2009,2.512375304,GPS
,,,,,,,02/03/2009,2.522375304,GPS
,,,,,,,02/04/2009,2.512375304,GPS
,,,,,,,02/05/2009,2.512375304,GPS
,,,,,,,02/06/2009,2.502375304,GPS
,,,,,,,02/07/2009,2.512375304,GPS
,,,,,,,02/08/2009,2.512375304,GPS
,,,,,,,02/09/2009,2.512375304,GPS
,,,,,,,02/10/2009,2.512375304,GPS
,,,,,,,02/11/2009,2.522375304,GPS
,,,,,,,02/12/2009,2.542375304,GPS
,,,,,,,02/13/2009,2.532375304,GPS
,,,,,,,02/14/2009,2.512375304,GPS
,,,,,,,02/15/2009,2.512375304,GPS
,,,,,,,02/16/2009,2.502375304,GPS
,,,,,,,02/17/2009,2.522375304,GPS
,,,,,,,02/18/2009,2.532375304,GPS
,,,,,,,02/19/2009,2.522375304,GPS
,,,,,,,02/20/2009,2.522375304,GPS
,,,,,,,02/21/2009,2.512375304,GPS
,,,,,,,02/22/2009,2.502375304,GPS
,,,,,,,02/23/2009,2.512375304,GPS
,,,,,,,02/24/2009,2.522375304,GPS
,,,,,,,02/25/2009,2.522375304,GPS
,,,,,,,02/26/2009,2.512375304,GPS
,,,,,,,02/27/2009,2.522375304,GPS
,,,,,,,02/28/2009,2.502375304,GPS
,,,,,,,03/01/2009,2.502375304,GPS
,,,,,,,03/02/2009,2.502375304,GPS
,,,,,,,03/04/2009,2.512375304,GPS
,,,,,,,03/05/2009,2.522375304,GPS
,,,,,,,03/06/2009,2.512375304,GPS
,,,,,,,03/07/2009,2.522375304,GPS
,,,,,,,03/08/2009,2.502375304,GPS
,,,,,,,03/09/2009,2.512375304,GPS
,,,,,,,03/10/2009,2.522375304,GPS
,,,,,,,03/11/2009,2.522375304,GPS
,,,,,,,03/12/2009,2.522375304,GPS
,,,,,,,03/13/2009,2.512375304,GPS
,,,,,,,03/14/2009,2.502375304,GPS
,,,,,,,03/15/2009,2.512375304,GPS
,,,,,,,03/16/2009,2.532375304,GPS
,,,,,,,03/17/2009,2.512375304,GPS
,,,,,,,03/18/2009,2.512375304,GPS
,,,,,,,03/19/2009,2.502375304,GPS
,,,,,,,03/20/2009,2.492375304,GPS
,,,,,,,03/21/2009,2.512375304,GPS
,,,,,,,03/22/2009,2.512375304,GPS
,,,,,,,03/23/2009,2.512375304,GPS
,,,,,,,03/24/2009,2.522375304,GPS
,,,,,,,03/25/2009,2.512375304,GPS
,,,,,,,03/26/2009,2.512375304,GPS
,,,,,,,03/27/2009,2.502375304,GPS
,,,,,,,03/28/2009,2.502375304,GPS
,,,,,,,03/29/2009,2.512375304,GPS
,,,,,,,03/30/2009,2.512375304,GPS
,,,,,,,03/31/2009,2.522375304,GPS
,,,,,,,04/01/2009,2.512375304,GPS
,,,,,,,04/02/2009,2.522375304,GPS
,,,,,,,04/03/2009,2.542375304,GPS
,,,,,,,04/04/2009,2.532375304,GPS
,,,,,,,04/05/2009,2.532375304,GPS
,,,,,,,04/06/2009,2.542375304,GPS
,,,,,,,04/07/2009,2.532375304,GPS
,,,,,,,04/08/2009,2.542375304,GPS
,,,,,,,04/09/2009,2.532375304,GPS
,,,,,,,04/10/2009,2.522375304,GPS
,,,,,,,04/11/2009,2.522375304,GPS
,,,,,,,04/12/2009,2.532375304,GPS
,,,,,,,04/13/2009,2.512375304,GPS
,,,,,,,04/14/2009,2.522375304,GPS
,,,,,,,04/15/2009,2.532375304,GPS
,,,,,,,04/16/2009,2.532375304,GPS
,,,,,,,04/17/2009,2.532375304,GPS
,,,,,,,04/18/2009,2.532375304,GPS
,,,,,,,04/19/2009,2.522375304,GPS
,,,,,,,04/20/2009,2.522375304,GPS
,,,,,,,04/21/2009,2.532375304,GPS
,,,,,,,04/22/2009,2.532375304,GPS
,,,,,,,04/23/2009,2.532375304,GPS
,,,,,,,04/24/2009,2.532375304,GPS
,,,,,,,04/25/2009,2.542375304,GPS
,,,,,,,04/26/2009,2.542375304,GPS
,,,,,,,04/27/2009,2.532375304,GPS
,,,,,,,04/28/2009,2.542375304,GPS
,,,,,,,04/29/2009,2.552375304,GPS
,,,,,,,04/30/2009,2.542375304,GPS
,,,,,,,05/01/2009,2.532375304,GPS
,,,,,,,05/02/2009,2.542375304,GPS
,,,,,,,05/03/2009,2.512375304,GPS
,,,,,,,05/04/2009,2.522375304,GPS
,,,,,,,05/05/2009,2.532375304,GPS
,,,,,,,05/06/2009,2.532375304,GPS
,,,,,,,05/07/2009,2.532375304,GPS
,,,,,,,05/08/2009,2.522375304,GPS
,,,,,,,05/09/2009,2.532375304,GPS
,,,,,,,05/10/2009,2.522375304,GPS
,,,,,,,05/11/2009,2.522375304,GPS
,,,,,,,05/12/2009,2.532375304,GPS
,,,,,,,05/13/2009,2.532375304,GPS
,,,,,,,05/14/2009,2.552375304,GPS
,,,,,,,05/15/2009,2.532375304,GPS
,,,,,,,05/16/2009,2.542375304,GPS
,,,,,,,05/17/2009,2.542375304,GPS
,,,,,,,05/18/2009,2.552375304,GPS
,,,,,,,05/19/2009,2.542375304,GPS
,,,,,,,05/20/2009,2.552375304,GPS
,,,,,,,05/21/2009,2.572375304,GPS
,,,,,,,05/22/2009,2.572375304,GPS
,,,,,,,05/23/2009,2.582375304,GPS
,,,,,,,05/24/2009,2.582375304,GPS
,,,,,,,05/25/2009,2.572375304,GPS
,,,,,,,05/26/2009,2.572375304,GPS
,,,,,,,05/27/2009,2.562375304,GPS
,,,,,,,05/28/2009,2.582375304,GPS
,,,,,,,05/29/2009,2.582375304,GPS
,,,,,,,05/30/2009,2.572375304,GPS
,,,,,,,05/31/2009,2.582375304,GPS
,,,,,,,06/01/2009,2.602375304,GPS
,,,,,,,06/02/2009,2.592375304,GPS
,,,,,,,06/03/2009,2.592375304,GPS
,,,,,,,06/04/2009,2.602375304,GPS
,,,,,,,06/05/2009,2.602375304,GPS
,,,,,,,06/06/2009,2.592375304,GPS
,,,,,,,06/07/2009,2.602375304,GPS
,,,,,,,06/08/2009,2.592375304,GPS
,,,,,,,06/09/2009,2.582375304,GPS
,,,,,,,06/10/2009,2.612375304,GPS
,,,,,,,06/11/2009,2.602375304,GPS
,,,,,,,06/12/2009,2.582375304,GPS
,,,,,,,06/13/2009,2.592375304,GPS
,,,,,,,06/14/2009,2.592375304,GPS
,,,,,,,06/15/2009,2.592375304,GPS
,,,,,,,06/16/2009,2.592375304,GPS
,,,,,,,06/17/2009,2.592375304,GPS
,,,,,,,06/18/2009,2.602375304,GPS
,,,,,,,06/19/2009,2.582375304,GPS
,,,,,,,06/20/2009,2.592375304,GPS
,,,,,,,06/21/2009,2.602375304,GPS
,,,,,,,06/22/2009,2.602375304,GPS
,,,,,,,06/23/2009,2.582375304,GPS
,,,,,,,06/24/2009,2.592375304,GPS
,,,,,,,06/25/2009,2.602375304,GPS
,,,,,,,06/26/2009,2.602375304,GPS
,,,,,,,06/27/2009,2.602375304,GPS
,,,,,,,06/28/2009,2.612375304,GPS
,,,,,,,06/29/2009,2.602375304,GPS
,,,,,,,06/30/2009,2.602375304,GPS
,,,,,,,07/01/2009,2.612375304,GPS
,,,,,,,07/02/2009,2.612375304,GPS
,,,,,,,07/03/2009,2.642375304,GPS
,,,,,,,07/04/2009,2.632375304,GPS
,,,,,,,07/05/2009,2.612375304,GPS
,,,,,,,07/06/2009,2.612375304,GPS
,,,,,,,07/07/2009,2.622375304,GPS
,,,,,,,07/08/2009,2.612375304,GPS
,,,,,,,07/09/2009,2.612375304,GPS
,,,,,,,07/10/2009,2.622375304,GPS
,,,,,,,07/11/2009,2.612375304,GPS
,,,,,,,07/12/2009,2.642375304,GPS
,,,,,,,07/13/2009,2.622375304,GPS
,,,,,,,07/14/2009,2.622375304,GPS
,,,,,,,07/15/2009,2.602375304,GPS
,,,,,,,07/16/2009,2.622375304,GPS
,,,,,,,07/17/2009,2.622375304,GPS
,,,,,,,07/18/2009,2.632375304,GPS
,,,,,,,07/19/2009,2.612375304,GPS
,,,,,,,07/20/2009,2.632375304,GPS
,,,,,,,07/21/2009,2.622375304,GPS
,,,,,,,07/22/2009,2.602375304,GPS
,,,,,,,07/23/2009,2.632375304,GPS
,,,,,,,07/24/2009,2.642375304,GPS
,,,,,,,07/25/2009,2.642375304,GPS
,,,,,,,07/26/2009,2.632375304,GPS
,,,,,,,07/27/2009,2.642375304,GPS
,,,,,,,07/28/2009,2.632375304,GPS
,,,,,,,07/29/2009,2.642375304,GPS
,,,,,,,07/30/2009,2.622375304,GPS
,,,,,,,07/31/2009,2.652375304,GPS
,,,,,,,08/01/2009,2.652375304,GPS
,,,,,,,08/02/2009,2.642375304,GPS
,,,,,,,08/03/2009,2.642375304,GPS
,,,,,,,08/04/2009,2.652375304,GPS
,,,,,,,08/05/2009,2.662375304,GPS
,,,,,,,08/06/2009,2.672375304,GPS
,,,,,,,08/07/2009,2.662375304,GPS
,,,,,,,08/08/2009,2.652375304,GPS
,,,,,,,08/09/2009,2.642375304,GPS
,,,,,,,08/10/2009,2.652375304,GPS
,,,,,,,08/11/2009,2.652375304,GPS
,,,,,,,08/12/2009,2.642375304,GPS
,,,,,,,08/13/2009,2.642375304,GPS
,,,,,,,08/14/2009,2.662375304,GPS
,,,,,,,08/15/2009,2.652375304,GPS
,,,,,,,08/16/2009,2.652375304,GPS
,,,,,,,08/17/2009,2.642375304,GPS
,,,,,,,08/18/2009,2.632375304,GPS
,,,,,,,08/19/2009,2.642375304,GPS
,,,,,,,08/20/2009,2.652375304,GPS
,,,,,,,08/21/2009,2.652375304,GPS
,,,,,,,08/22/2009,2.632375304,GPS
,,,,,,,08/23/2009,2.652375304,GPS
,,,,,,,08/24/2009,2.642375304,GPS
,,,,,,,08/25/2009,2.642375304,GPS
,,,,,,,08/26/2009,2.642375304,GPS
,,,,,,,08/27/2009,2.662375304,GPS
,,,,,,,08/28/2009,2.642375304,GPS
,,,,,,,08/29/2009,2.642375304,GPS
,,,,,,,08/30/2009,2.642375304,GPS
,,,,,,,08/31/2009,2.642375304,GPS
,,,,,,,09/01/2009,2.632375304,GPS
,,,,,,,09/02/2009,2.642375304,GPS
,,,,,,,09/03/2009,2.652375304,GPS
,,,,,,,09/04/2009,2.632375304,GPS
,,,,,,,09/05/2009,2.642375304,GPS
,,,,,,,09/06/2009,2.642375304,GPS
,,,,,,,09/07/2009,2.642375304,GPS
,,,,,,,09/08/2009,2.642375304,GPS
,,,,,,,09/09/2009,2.632375304,GPS
,,,,,,,09/10/2009,2.632375304,GPS
,,,,,,,09/11/2009,2.632375304,GPS
,,,,,,,09/12/2009,2.632375304,GPS
,,,,,,,09/13/2009,2.642375304,GPS
,,,,,,,09/14/2009,2.642375304,GPS
,,,,,,,09/16/2009,2.632375304,GPS
,,,,,,,09/18/2009,2.632375304,GPS
,,,,,,,09/19/2009,2.632375304,GPS
,,,,,,,09/20/2009,2.632375304,GPS
,,,,,,,09/21/2009,2.632375304,GPS
,,,,,,,09/22/2009,2.642375304,GPS
,,,,,,,09/23/2009,2.652375304,GPS
,,,,,,,09/24/2009,2.632375304,GPS
,,,,,,,09/25/2009,2.632375304,GPS
,,,,,,,09/26/2009,2.632375304,GPS
,,,,,,,09/27/2009,2.622375304,GPS
,,,,,,,09/28/2009,2.632375304,GPS
,,,,,,,09/29/2009,2.612375304,GPS
,,,,,,,09/30/2009,2.642375304,GPS
,,,,,,,10/01/2009,2.642375304,GPS
,,,,,,,10/02/2009,2.642375304,GPS
,,,,,,,10/03/2009,2.632375304,GPS
,,,,,,,10/04/2009,2.642375304,GPS
,,,,,,,10/05/2009,2.642375304,GPS
,,,,,,,10/06/2009,2.642375304,GPS
,,,,,,,10/07/2009,2.642375304,GPS
,,,,,,,10/08/2009,2.632375304,GPS
,,,,,,,10/09/2009,2.642375304,GPS
,,,,,,,10/10/2009,2.632375304,GPS
,,,,,,,10/11/2009,2.622375304,GPS
,,,,,,,10/12/2009,2.622375304,GPS
,,,,,,,10/13/2009,2.612375304,GPS
,,,,,,,10/14/2009,2.632375304,GPS
,,,,,,,10/15/2009,2.612375304,GPS
,,,,,,,10/16/2009,2.622375304,GPS
,,,,,,,10/17/2009,2.622375304,GPS
,,,,,,,10/18/2009,2.612375304,GPS
,,,,,,,10/19/2009,2.612375304,GPS
,,,,,,,10/20/2009,2.632375304,GPS
,,,,,,,10/21/2009,2.622375304,GPS
,,,,,,,10/22/2009,2.612375304,GPS
,,,,,,,10/23/2009,2.602375304,GPS
,,,,,,,10/24/2009,2.612375304,GPS
,,,,,,,10/25/2009,2.602375304,GPS
,,,,,,,10/26/2009,2.602375304,GPS
,,,,,,,10/27/2009,2.612375304,GPS
,,,,,,,10/28/2009,2.612375304,GPS
,,,,,,,10/29/2009,2.592375304,GPS
,,,,,,,10/30/2009,2.602375304,GPS
,,,,,,,10/31/2009,2.602375304,GPS
,,,,,,,11/01/2009,2.602375304,GPS
,,,,,,,11/02/2009,2.602375304,GPS
,,,,,,,11/03/2009,2.612375304,GPS
,,,,,,,11/04/2009,2.602375304,GPS
,,,,,,,11/05/2009,2.592375304,GPS
,,,,,,,11/06/2009,2.592375304,GPS
,,,,,,,11/07/2009,2.602375304,GPS
,,,,,,,11/08/2009,2.602375304,GPS
,,,,,,,11/09/2009,2.602375304,GPS
,,,,,,,11/10/2009,2.612375304,GPS
,,,,,,,11/11/2009,2.592375304,GPS
,,,,,,,11/12/2009,2.602375304,GPS
,,,,,,,11/13/2009,2.602375304,GPS
,,,,,,,11/14/2009,2.592375304,GPS
,,,,,,,11/15/2009,2.602375304,GPS
,,,,,,,11/16/2009,2.602375304,GPS
,,,,,,,11/17/2009,2.602375304,GPS
,,,,,,,11/18/2009,2.602375304,GPS
,,,,,,,11/19/2009,2.602375304,GPS
,,,,,,,11/20/2009,2.592375304,GPS
,,,,,,,11/21/2009,2.592375304,GPS
,,,,,,,11/22/2009,2.592375304,GPS
,,,,,,,11/23/2009,2.602375304,GPS
,,,,,,,11/24/2009,2.602375304,GPS
,,,,,,,11/25/2009,2.602375304,GPS
,,,,,,,11/26/2009,2.602375304,GPS
,,,,,,,11/27/2009,2.592375304,GPS
,,,,,,,11/28/2009,2.602375304,GPS
,,,,,,,11/29/2009,2.592375304,GPS
,,,,,,,11/30/2009,2.592375304,GPS
,,,,,,,12/01/2009,2.592375304,GPS
,,,,,,,12/02/2009,2.592375304,GPS
,,,,,,,12/03/2009,2.592375304,GPS
,,,,,,,12/04/2009,2.592375304,GPS
,,,,,,,12/05/2009,2.592375304,GPS
,,,,,,,12/06/2009,2.582375304,GPS
,,,,,,,12/07/2009,2.572375304,GPS
,,,,,,,12/08/2009,2.582375304,GPS
,,,,,,,12/09/2009,2.582375304,GPS
,,,,,,,12/10/2009,2.582375304,GPS
,,,,,,,12/11/2009,2.582375304,GPS
,,,,,,,12/12/2009,2.592375304,GPS
,,,,,,,12/13/2009,2.572375304,GPS
,,,,,,,12/14/2009,2.582375304,GPS
,,,,,,,12/15/2009,2.572375304,GPS
,,,,,,,12/16/2009,2.572375304,GPS
,,,,,,,12/17/2009,2.582375304,GPS
,,,,,,,12/18/2009,2.582375304,GPS
,,,,,,,12/19/2009,2.572375304,GPS
,,,,,,,12/20/2009,2.592375304,GPS
,,,,,,,12/21/2009,2.572375304,GPS
,,,,,,,12/22/2009,2.572375304,GPS
,,,,,,,12/23/2009,2.572375304,GPS
,,,,,,,12/24/2009,2.582375304,GPS
,,,,,,,12/25/2009,2.582375304,GPS
,,,,,,,12/26/2009,2.572375304,GPS
,,,,,,,12/27/2009,2.582375304,GPS
,,,,,,,12/28/2009,2.592375304,GPS
,,,,,,,12/29/2009,2.572375304,GPS
,,,,,,,12/30/2009,2.562375304,GPS
,,,,,,,12/31/2009,2.562375304,GPS
,,,,,,,01/01/2010,2.562375304,GPS
,,,,,,,01/02/2010,2.572375304,GPS
,,,,,,,01/03/2010,2.562375304,GPS
,,,,,,,01/04/2010,2.572375304,GPS
,,,,,,,01/05/2010,2.562375304,GPS
,,,,,,,01/06/2010,2.572375304,GPS
,,,,,,,01/07/2010,2.562375304,GPS
,,,,,,,01/08/2010,2.552375304,GPS
,,,,,,,01/09/2010,2.562375304,GPS
,,,,,,,01/10/2010,2.572375304,GPS
,,,,,,,01/11/2010,2.552375304,GPS
,,,,,,,01/12/2010,2.552375304,GPS
,,,,,,,01/13/2010,2.562375304,GPS
,,,,,,,01/14/2010,2.572375304,GPS
,,,,,,,01/15/2010,2.562375304,GPS
,,,,,,,01/16/2010,2.562375304,GPS
,,,,,,,01/17/2010,2.552375304,GPS
,,,,,,,01/18/2010,2.532375304,GPS
,,,,,,,01/19/2010,2.542375304,GPS
,,,,,,,01/20/2010,2.542375304,GPS
,,,,,,,01/21/2010,2.542375304,GPS
,,,,,,,01/22/2010,2.552375304,GPS
,,,,,,,01/23/2010,2.562375304,GPS
,,,,,,,01/24/2010,2.572375304,GPS
,,,,,,,01/25/2010,2.572375304,GPS
,,,,,,,01/26/2010,2.582375304,GPS
,,,,,,,01/27/2010,2.582375304,GPS
,,,,,,,01/28/2010,2.572375304,GPS
,,,,,,,01/29/2010,2.572375304,GPS
,,,,,,,01/30/2010,2.572375304,GPS
,,,,,,,01/31/2010,2.572375304,GPS
,,,,,,,02/01/2010,2.562375304,GPS
,,,,,,,02/02/2010,2.562375304,GPS
,,,,,,,02/03/2010,2.572375304,GPS
,,,,,,,02/04/2010,2.562375304,GPS
,,,,,,,02/05/2010,2.562375304,GPS
,,,,,,,02/06/2010,2.572375304,GPS
,,,,,,,02/07/2010,2.572375304,GPS
,,,,,,,02/08/2010,2.572375304,GPS
,,,,,,,02/09/2010,2.582375304,GPS
,,,,,,,02/10/2010,2.572375304,GPS
,,,,,,,02/11/2010,2.562375304,GPS
,,,,,,,02/12/2010,2.572375304,GPS
,,,,,,,02/13/2010,2.562375304,GPS
,,,,,,,02/14/2010,2.552375304,GPS
,,,,,,,02/15/2010,2.552375304,GPS
,,,,,,,02/16/2010,2.552375304,GPS
,,,,,,,02/17/2010,2.552375304,GPS
,,,,,,,02/18/2010,2.562375304,GPS
,,,,,,,02/19/2010,2.562375304,GPS
,,,,,,,02/22/2010,2.562375304,GPS
,,,,,,,02/23/2010,2.572375304,GPS
,,,,,,,02/24/2010,2.552375304,GPS
,,,,,,,02/25/2010,2.572375304,GPS
,,,,,,,02/26/2010,2.572375304,GPS
,,,,,,,02/27/2010,2.572375304,GPS
,,,,,,,02/28/2010,2.562375304,GPS
,,,,,,,03/01/2010,2.562375304,GPS
,,,,,,,03/02/2010,2.552375304,GPS
,,,,,,,03/03/2010,2.562375304,GPS
,,,,,,,03/04/2010,2.572375304,GPS
,,,,,,,03/05/2010,2.572375304,GPS
,,,,,,,03/06/2010,2.562375304,GPS
,,,,,,,03/07/2010,2.552375304,GPS
,,,,,,,03/08/2010,2.562375304,GPS
,,,,,,,03/09/2010,2.562375304,GPS
,,,,,,,03/10/2010,2.552375304,GPS
,,,,,,,03/11/2010,2.552375304,GPS
,,,,,,,03/12/2010,2.562375304,GPS
,,,,,,,03/13/2010,2.582375304,GPS
,,,,,,,03/14/2010,2.562375304,GPS
,,,,,,,03/15/2010,2.572375304,GPS
,,,,,,,03/16/2010,2.572375304,GPS
,,,,,,,03/17/2010,2.572375304,GPS
,,,,,,,03/18/2010,2.572375304,GPS
,,,,,,,03/19/2010,2.562375304,GPS
,,,,,,,03/20/2010,2.562375304,GPS
,,,,,,,03/21/2010,2.562375304,GPS
,,,,,,,03/22/2010,2.562375304,GPS
,,,,,,,03/23/2010,2.562375304,GPS
,,,,,,,03/24/2010,2.562375304,GPS
,,,,,,,03/25/2010,2.562375304,GPS
,,,,,,,03/26/2010,2.552375304,GPS
,,,,,,,03/27/2010,2.552375304,GPS
,,,,,,,03/28/2010,2.562375304,GPS
,,,,,,,03/29/2010,2.552375304,GPS
,,,,,,,03/30/2010,2.512375304,GPS
,,,,,,,03/31/2010,2.552375304,GPS
,,,,,,,04/01/2010,2.572375304,GPS
,,,,,,,04/02/2010,2.562375304,GPS
,,,,,,,04/03/2010,2.562375304,GPS
,,,,,,,04/04/2010,2.552375304,GPS
,,,,,,,04/05/2010,2.572375304,GPS
,,,,,,,04/06/2010,2.562375304,GPS
,,,,,,,04/07/2010,2.562375304,GPS
,,,,,,,04/08/2010,2.562375304,GPS
,,,,,,,04/09/2010,2.552375304,GPS
,,,,,,,04/10/2010,2.552375304,GPS
,,,,,,,04/11/2010,2.552375304,GPS
,,,,,,,04/12/2010,2.562375304,GPS
,,,,,,,04/13/2010,2.562375304,GPS
,,,,,,,04/14/2010,2.572375304,GPS
,,,,,,,04/15/2010,2.552375304,GPS
,,,,,,,04/16/2010,2.562375304,GPS
,,,,,,,04/17/2010,2.552375304,GPS
,,,,,,,04/18/2010,2.542375304,GPS
,,,,,,,04/19/2010,2.522375304,GPS
,,,,,,,04/20/2010,2.542375304,GPS
,,,,,,,04/21/2010,2.552375304,GPS
,,,,,,,04/22/2010,2.542375304,GPS
,,,,,,,04/23/2010,2.542375304,GPS
,,,,,,,04/24/2010,2.552375304,GPS
,,,,,,,04/25/2010,2.542375304,GPS
,,,,,,,04/26/2010,2.542375304,GPS
,,,,,,,04/27/2010,2.532375304,GPS
,,,,,,,04/28/2010,2.542375304,GPS
,,,,,,,04/29/2010,2.562375304,GPS
,,,,,,,04/30/2010,2.542375304,GPS
,,,,,,,05/01/2010,2.532375304,GPS
,,,,,,,05/02/2010,2.532375304,GPS
,,,,,,,05/03/2010,2.542375304,GPS
,,,,,,,05/04/2010,2.552375304,GPS
,,,,,,,05/05/2010,2.552375304,GPS
,,,,,,,05/06/2010,2.552375304,GPS
,,,,,,,05/07/2010,2.552375304,GPS
,,,,,,,05/08/2010,2.552375304,GPS
,,,,,,,05/09/2010,2.552375304,GPS
,,,,,,,05/10/2010,2.552375304,GPS
,,,,,,,05/11/2010,2.562375304,GPS
,,,,,,,05/12/2010,2.552375304,GPS
,,,,,,,05/13/2010,2.542375304,GPS
,,,,,,,05/14/2010,2.552375304,GPS
,,,,,,,05/15/2010,2.562375304,GPS
,,,,,,,05/16/2010,2.552375304,GPS
,,,,,,,05/17/2010,2.572375304,GPS
,,,,,,,05/18/2010,2.562375304,GPS
,,,,,,,05/19/2010,2.562375304,GPS
,,,,,,,05/20/2010,2.572375304,GPS
,,,,,,,05/21/2010,2.572375304,GPS
,,,,,,,05/22/2010,2.562375304,GPS
,,,,,,,05/23/2010,2.582375304,GPS
,,,,,,,05/24/2010,2.572375304,GPS
,,,,,,,05/25/2010,2.582375304,GPS
,,,,,,,05/26/2010,2.582375304,GPS
,,,,,,,05/27/2010,2.572375304,GPS
,,,,,,,05/28/2010,2.592375304,GPS
,,,,,,,05/29/2010,2.572375304,GPS
,,,,,,,05/30/2010,2.582375304,GPS
,,,,,,,05/31/2010,2.562375304,GPS
,,,,,,,06/01/2010,2.562375304,GPS
,,,,,,,06/02/2010,2.552375304,GPS
,,,,,,,06/03/2010,2.552375304,GPS
,,,,,,,06/04/2010,2.552375304,GPS
,,,,,,,06/05/2010,2.552375304,GPS
,,,,,,,06/06/2010,2.572375304,GPS
,,,,,,,06/07/2010,2.572375304,GPS
,,,,,,,06/08/2010,2.572375304,GPS
,,,,,,,06/09/2010,2.572375304,GPS
,,,,,,,06/10/2010,2.592375304,GPS
,,,,,,,06/11/2010,2.592375304,GPS
,,,,,,,06/12/2010,2.582375304,GPS
,,,,,,,06/13/2010,2.592375304,GPS
,,,,,,,06/14/2010,2.582375304,GPS
,,,,,,,06/15/2010,2.582375304,GPS
,,,,,,,06/16/2010,2.582375304,GPS
,,,,,,,06/17/2010,2.572375304,GPS
,,,,,,,06/18/2010,2.582375304,GPS
,,,,,,,06/19/2010,2.602375304,GPS
,,,,,,,06/20/2010,2.602375304,GPS
,,,,,,,06/21/2010,2.612375304,GPS
,,,,,,,06/22/2010,2.612375304,GPS
,,,,,,,06/23/2010,2.602375304,GPS
,,,,,,,06/24/2010,2.602375304,GPS
,,,,,,,06/25/2010,2.592375304,GPS
,,,,,,,06/26/2010,2.602375304,GPS
,,,,,,,06/27/2010,2.602375304,GPS
,,,,,,,06/28/2010,2.592375304,GPS
,,,,,,,06/29/2010,2.592375304,GPS
,,,,,,,06/30/2010,2.612375304,GPS
,,,,,,,07/01/2010,2.612375304,GPS
,,,,,,,07/02/2010,2.622375304,GPS
,,,,,,,07/03/2010,2.602375304,GPS
,,,,,,,07/04/2010,2.602375304,GPS
,,,,,,,07/05/2010,2.602375304,GPS
,,,,,,,07/06/2010,2.622375304,GPS
,,,,,,,07/07/2010,2.622375304,GPS
,,,,,,,07/08/2010,2.642375304,GPS
,,,,,,,07/09/2010,2.612375304,GPS
,,,,,,,07/10/2010,2.622375304,GPS
,,,,,,,07/11/2010,2.622375304,GPS
,,,,,,,07/12/2010,2.622375304,GPS
,,,,,,,07/13/2010,2.632375304,GPS
,,,,,,,07/14/2010,2.642375304,GPS
,,,,,,,07/15/2010,2.632375304,GPS
,,,,,,,07/16/2010,2.642375304,GPS
,,,,,,,07/17/2010,2.652375304,GPS
,,,,,,,07/18/2010,2.642375304,GPS
,,,,,,,07/19/2010,2.632375304,GPS
,,,,,,,07/20/2010,2.652375304,GPS
,,,,,,,07/21/2010,2.622375304,GPS
,,,,,,,07/22/2010,2.652375304,GPS
,,,,,,,07/23/2010,2.652375304,GPS
,,,,,,,07/24/2010,2.652375304,GPS
,,,,,,,07/25/2010,2.642375304,GPS
,,,,,,,07/26/2010,2.652375304,GPS
,,,,,,,07/27/2010,2.672375304,GPS
,,,,,,,07/28/2010,2.662375304,GPS
,,,,,,,07/29/2010,2.662375304,GPS
,,,,,,,07/30/2010,2.652375304,GPS
,,,,,,,07/31/2010,2.642375304,GPS
,,,,,,,08/01/2010,2.652375304,GPS
,,,,,,,08/02/2010,2.662375304,GPS
,,,,,,,08/03/2010,2.662375304,GPS
,,,,,,,08/04/2010,2.662375304,GPS
,,,,,,,08/05/2010,2.662375304,GPS
,,,,,,,08/06/2010,2.662375304,GPS
,,,,,,,08/07/2010,2.652375304,GPS
,,,,,,,08/08/2010,2.642375304,GPS
,,,,,,,08/09/2010,2.652375304,GPS
,,,,,,,08/10/2010,2.672375304,GPS
,,,,,,,08/11/2010,2.672375304,GPS
,,,,,,,08/12/2010,2.662375304,GPS
,,,,,,,08/13/2010,2.662375304,GPS
,,,,,,,08/14/2010,2.652375304,GPS
,,,,,,,08/15/2010,2.662375304,GPS
,,,,,,,08/16/2010,2.652375304,GPS
,,,,,,,08/17/2010,2.652375304,GPS
,,,,,,,08/18/2010,2.662375304,GPS
,,,,,,,08/19/2010,2.652375304,GPS
,,,,,,,08/20/2010,2.652375304,GPS
,,,,,,,08/21/2010,2.672375304,GPS
,,,,,,,08/22/2010,2.662375304,GPS
,,,,,,,08/23/2010,2.662375304,GPS
,,,,,,,08/24/2010,2.652375304,GPS
,,,,,,,08/25/2010,2.652375304,GPS
,,,,,,,08/26/2010,2.642375304,GPS
,,,,,,,08/27/2010,2.652375304,GPS
,,,,,,,08/28/2010,2.652375304,GPS
,,,,,,,08/29/2010,2.672375304,GPS
,,,,,,,08/30/2010,2.662375304,GPS
,,,,,,,08/31/2010,2.652375304,GPS
,,,,,,,09/01/2010,2.652375304,GPS
,,,,,,,09/02/2010,2.642375304,GPS
,,,,,,,09/03/2010,2.652375304,GPS
,,,,,,,09/04/2010,2.652375304,GPS
,,,,,,,09/05/2010,2.632375304,GPS
,,,,,,,09/06/2010,2.642375304,GPS
,,,,,,,09/07/2010,2.652375304,GPS
,,,,,,,09/08/2010,2.682375304,GPS
,,,,,,,09/09/2010,2.662375304,GPS
,,,,,,,09/10/2010,2.662375304,GPS
,,,,,,,09/11/2010,2.652375304,GPS
,,,,,,,09/12/2010,2.662375304,GPS
,,,,,,,09/13/2010,2.662375304,GPS
,,,,,,,09/14/2010,2.652375304,GPS
,,,,,,,09/15/2010,2.652375304,GPS
,,,,,,,09/16/2010,2.652375304,GPS
,,,,,,,09/17/2010,2.642375304,GPS
,,,,,,,09/18/2010,2.632375304,GPS
,,,,,,,09/19/2010,2.652375304,GPS
,,,,,,,09/20/2010,2.642375304,GPS
,,,,,,,09/21/2010,2.642375304,GPS
,,,,,,,09/22/2010,2.652375304,GPS
,,,,,,,09/23/2010,2.642375304,GPS
,,,,,,,09/24/2010,2.642375304,GPS
,,,,,,,09/25/2010,2.642375304,GPS
,,,,,,,09/26/2010,2.642375304,GPS
,,,,,,,09/27/2010,2.632375304,GPS
,,,,,,,09/28/2010,2.632375304,GPS
,,,,,,,09/29/2010,2.632375304,GPS
,,,,,,,09/30/2010,2.632375304,GPS
,,,,,,,10/01/2010,2.632375304,GPS
,,,,,,,10/02/2010,2.632375304,GPS
,,,,,,,10/03/2010,2.642375304,GPS
,,,,,,,10/04/2010,2.652375304,GPS
,,,,,,,10/05/2010,2.652375304,GPS
,,,,,,,10/06/2010,2.652375304,GPS
,,,,,,,10/07/2010,2.652375304,GPS
,,,,,,,10/08/2010,2.662375304,GPS
,,,,,,,10/09/2010,2.652375304,GPS
,,,,,,,10/10/2010,2.632375304,GPS
,,,,,,,10/11/2010,2.632375304,GPS
,,,,,,,10/12/2010,2.652375304,GPS
,,,,,,,10/13/2010,2.652375304,GPS
,,,,,,,10/14/2010,2.642375304,GPS
,,,,,,,10/15/2010,2.642375304,GPS
,,,,,,,10/16/2010,2.632375304,GPS
,,,,,,,10/17/2010,2.632375304,GPS
,,,,,,,10/18/2010,2.652375304,GPS
,,,,,,,10/19/2010,2.642375304,GPS
,,,,,,,10/20/2010,2.632375304,GPS
,,,,,,,10/21/2010,2.632375304,GPS
,,,,,,,10/22/2010,2.632375304,GPS
,,,,,,,10/23/2010,2.652375304,GPS
,,,,,,,10/24/2010,2.632375304,GPS
,,,,,,,10/25/2010,2.642375304,GPS
,,,,,,,10/26/2010,2.642375304,GPS
,,,,,,,10/27/2010,2.642375304,GPS
,,,,,,,10/28/2010,2.642375304,GPS
,,,,,,,10/29/2010,2.642375304,GPS
,,,,,,,10/30/2010,2.642375304,GPS
,,,,,,,10/31/2010,2.642375304,GPS
,,,,,,,11/01/2010,2.642375304,GPS
,,,,,,,11/02/2010,2.642375304,GPS
,,,,,,,11/03/2010,2.632375304,GPS
,,,,,,,11/04/2010,2.632375304,GPS
,,,,,,,11/05/2010,2.622375304,GPS
,,,,,,,11/06/2010,2.642375304,GPS
,,,,,,,11/07/2010,2.642375304,GPS
,,,,,,,11/08/2010,2.632375304,GPS
,,,,,,,11/09/2010,2.632375304,GPS
,,,,,,,11/10/2010,2.622375304,GPS
,,,,,,,11/11/2010,2.652375304,GPS
,,,,,,,11/12/2010,2.652375304,GPS
,,,,,,,11/13/2010,2.642375304,GPS
,,,,,,,11/14/2010,2.632375304,GPS
,,,,,,,11/15/2010,2.612375304,GPS
,,,,,,,11/16/2010,2.622375304,GPS
,,,,,,,11/17/2010,2.632375304,GPS
,,,,,,,11/18/2010,2.632375304,GPS
,,,,,,,11/19/2010,2.632375304,GPS
,,,,,,,11/20/2010,2.642375304,GPS
,,,,,,,11/21/2010,2.622375304,GPS
,,,,,,,11/22/2010,2.622375304,GPS
,,,,,,,11/23/2010,2.622375304,GPS
,,,,,,,11/24/2010,2.642375304,GPS
,,,,,,,11/25/2010,2.642375304,GPS
,,,,,,,11/26/2010,2.632375304,GPS
,,,,,,,11/27/2010,2.622375304,GPS
,,,,,,,11/28/2010,2.642375304,GPS
,,,,,,,11/29/2010,2.642375304,GPS
,,,,,,,11/30/2010,2.642375304,GPS
,,,,,,,12/01/2010,2.632375304,GPS
,,,,,,,12/02/2010,2.632375304,GPS
,,,,,,,12/03/2010,2.632375304,GPS
,,,,,,,12/04/2010,2.622375304,GPS
,,,,,,,12/05/2010,2.622375304,GPS
,,,,,,,12/06/2010,2.632375304,GPS
,,,,,,,12/07/2010,2.612375304,GPS
,,,,,,,12/08/2010,2.622375304,GPS
,,,,,,,12/09/2010,2.622375304,GPS
,,,,,,,12/10/2010,2.622375304,GPS
,,,,,,,12/11/2010,2.622375304,GPS
,,,,,,,12/12/2010,2.622375304,GPS
,,,,,,,12/13/2010,2.622375304,GPS
,,,,,,,12/14/2010,2.602375304,GPS
,,,,,,,12/15/2010,2.612375304,GPS
,,,,,,,12/16/2010,2.622375304,GPS
,,,,,,,12/17/2010,2.612375304,GPS
,,,,,,,12/18/2010,2.592375304,GPS
,,,,,,,12/19/2010,2.612375304,GPS
,,,,,,,12/20/2010,2.622375304,GPS
,,,,,,,12/21/2010,2.622375304,GPS
,,,,,,,12/22/2010,2.622375304,GPS
,,,,,,,12/23/2010,2.622375304,GPS
,,,,,,,12/24/2010,2.632375304,GPS
,,,,,,,12/25/2010,2.612375304,GPS
,,,,,,,12/26/2010,2.622375304,GPS
,,,,,,,12/27/2010,2.632375304,GPS
,,,,,,,12/28/2010,2.622375304,GPS
,,,,,,,12/29/2010,2.592375304,GPS
,,,,,,,12/30/2010,2.612375304,GPS
,,,,,,,12/31/2010,2.622375304,GPS
,,,,,,,01/01/2011,2.632375304,GPS
,,,,,,,01/02/2011,2.632375304,GPS
,,,,,,,01/03/2011,2.632375304,GPS
,,,,,,,01/04/2011,2.632375304,GPS
,,,,,,,01/05/2011,2.632375304,GPS
,,,,,,,01/06/2011,2.622375304,GPS
,,,,,,,01/07/2011,2.632375304,GPS
,,,,,,,01/08/2011,2.612375304,GPS
,,,,,,,01/09/2011,2.622375304,GPS
,,,,,,,01/10/2011,2.632375304,GPS
,,,,,,,01/11/2011,2.622375304,GPS
,,,,,,,01/12/2011,2.632375304,GPS
,,,,,,,01/13/2011,2.612375304,GPS
,,,,,,,01/14/2011,2.622375304,GPS
,,,,,,,01/15/2011,2.612375304,GPS
,,,,,,,01/16/2011,2.622375304,GPS
,,,,,,,01/17/2011,2.612375304,GPS
,,,,,,,01/18/2011,2.612375304,GPS
,,,,,,,01/19/2011,2.592375304,GPS
,,,,,,,01/20/2011,2.612375304,GPS
,,,,,,,01/21/2011,2.612375304,GPS
,,,,,,,01/22/2011,2.602375304,GPS
,,,,,,,01/23/2011,2.612375304,GPS
,,,,,,,01/24/2011,2.602375304,GPS
,,,,,,,01/25/2011,2.602375304,GPS
,,,,,,,01/26/2011,2.612375304,GPS
,,,,,,,01/27/2011,2.622375304,GPS
,,,,,,,01/28/2011,2.622375304,GPS
,,,,,,,01/29/2011,2.612375304,GPS
,,,,,,,01/30/2011,2.622375304,GPS
,,,,,,,01/31/2011,2.622375304,GPS
,,,,,,,02/01/2011,2.612375304,GPS
,,,,,,,02/02/2011,2.622375304,GPS
,,,,,,,02/03/2011,2.622375304,GPS
,,,,,,,02/04/2011,2.622375304,GPS
,,,,,,,02/05/2011,2.622375304,GPS
,,,,,,,02/06/2011,2.612375304,GPS
,,,,,,,02/07/2011,2.612375304,GPS
,,,,,,,02/08/2011,2.612375304,GPS
,,,,,,,02/09/2011,2.622375304,GPS
,,,,,,,02/10/2011,2.612375304,GPS
,,,,,,,02/11/2011,2.612375304,GPS
,,,,,,,02/12/2011,2.612375304,GPS
,,,,,,,02/13/2011,2.612375304,GPS
,,,,,,,02/14/2011,2.602375304,GPS
,,,,,,,02/15/2011,2.612375304,GPS
,,,,,,,02/16/2011,2.612375304,GPS
,,,,,,,02/17/2011,2.612375304,GPS
,,,,,,,02/18/2011,2.622375304,GPS
,,,,,,,02/19/2011,2.632375304,GPS
,,,,,,,02/20/2011,2.622375304,GPS
,,,,,,,02/21/2011,2.632375304,GPS
,,,,,,,02/22/2011,2.622375304,GPS
,,,,,,,02/23/2011,2.622375304,GPS
,,,,,,,02/24/2011,2.622375304,GPS
,,,,,,,02/25/2011,2.622375304,GPS
,,,,,,,02/26/2011,2.612375304,GPS
,,,,,,,02/27/2011,2.602375304,GPS
,,,,,,,02/28/2011,2.612375304,GPS
,,,,,,,03/01/2011,2.612375304,GPS
,,,,,,,03/02/2011,2.612375304,GPS
,,,,,,,03/03/2011,2.622375304,GPS
,,,,,,,03/04/2011,2.612375304,GPS
,,,,,,,03/05/2011,2.612375304,GPS
,,,,,,,03/06/2011,2.602375304,GPS
,,,,,,,03/07/2011,2.602375304,GPS
,,,,,,,03/08/2011,2.602375304,GPS
,,,,,,,03/09/2011,2.612375304,GPS
,,,,,,,03/10/2011,2.592375304,GPS
,,,,,,,03/11/2011,2.612375304,GPS
,,,,,,,03/12/2011,2.602375304,GPS
,,,,,,,03/13/2011,2.612375304,GPS
,,,,,,,03/14/2011,2.602375304,GPS
,,,,,,,03/15/2011,2.612375304,GPS
,,,,,,,03/16/2011,2.612375304,GPS
,,,,,,,03/17/2011,2.632375304,GPS
,,,,,,,03/18/2011,2.612375304,GPS
,,,,,,,03/19/2011,2.622375304,GPS
,,,,,,,03/20/2011,2.602375304,GPS
,,,,,,,03/21/2011,2.612375304,GPS
,,,,,,,03/22/2011,2.622375304,GPS
,,,,,,,03/23/2011,2.602375304,GPS
,,,,,,,03/24/2011,2.612375304,GPS
,,,,,,,03/25/2011,2.612375304,GPS
,,,,,,,03/26/2011,2.622375304,GPS
,,,,,,,03/27/2011,2.602375304,GPS
,,,,,,,03/28/2011,2.602375304,GPS
,,,,,,,03/29/2011,2.612375304,GPS
,,,,,,,03/30/2011,2.592375304,GPS
,,,,,,,03/31/2011,2.602375304,GPS
,,,,,,,04/01/2011,2.592375304,GPS
,,,,,,,04/02/2011,2.602375304,GPS
,,,,,,,04/03/2011,2.592375304,GPS
,,,,,,,04/04/2011,2.592375304,GPS
,,,,,,,04/05/2011,2.582375304,GPS
,,,,,,,04/06/2011,2.592375304,GPS
,,,,,,,04/07/2011,2.582375304,GPS
,,,,,,,04/08/2011,2.592375304,GPS
,,,,,,,04/09/2011,2.602375304,GPS
,,,,,,,04/10/2011,2.602375304,GPS
,,,,,,,04/11/2011,2.612375304,GPS
,,,,,,,04/12/2011,2.622375304,GPS
,,,,,,,04/13/2011,2.602375304,GPS
,,,,,,,04/14/2011,2.602375304,GPS
,,,,,,,04/15/2011,2.602375304,GPS
,,,,,,,04/16/2011,2.592375304,GPS
,,,,,,,04/17/2011,2.592375304,GPS
,,,,,,,04/18/2011,2.592375304,GPS
,,,,,,,04/19/2011,2.602375304,GPS
,,,,,,,04/20/2011,2.592375304,GPS
,,,,,,,04/21/2011,2.602375304,GPS
,,,,,,,04/22/2011,2.602375304,GPS
,,,,,,,04/23/2011,2.592375304,GPS
,,,,,,,04/24/2011,2.592375304,GPS
,,,,,,,04/25/2011,2.582375304,GPS
,,,,,,,04/26/2011,2.602375304,GPS
,,,,,,,04/27/2011,2.602375304,GPS
,,,,,,,04/28/2011,2.602375304,GPS
,,,,,,,04/29/2011,2.612375304,GPS
,,,,,,,04/30/2011,2.612375304,GPS
,,,,,,,05/01/2011,2.602375304,GPS
,,,,,,,05/02/2011,2.602375304,GPS
,,,,,,,05/03/2011,2.602375304,GPS
,,,,,,,05/04/2011,2.592375304,GPS
,,,,,,,05/05/2011,2.602375304,GPS
,,,,,,,05/06/2011,2.592375304,GPS
,,,,,,,05/07/2011,2.572375304,GPS
,,,,,,,05/08/2011,2.602375304,GPS
,,,,,,,05/09/2011,2.622375304,GPS
,,,,,,,05/10/2011,2.622375304,GPS
,,,,,,,05/11/2011,2.632375304,GPS
,,,,,,,05/12/2011,2.632375304,GPS
,,,,,,,05/13/2011,2.642375304,GPS
,,,,,,,05/14/2011,2.632375304,GPS
,,,,,,,05/15/2011,2.642375304,GPS
,,,,,,,05/16/2011,2.642375304,GPS
,,,,,,,05/17/2011,2.632375304,GPS
,,,,,,,05/18/2011,2.632375304,GPS
,,,,,,,05/19/2011,2.632375304,GPS
,,,,,,,05/20/2011,2.622375304,GPS
,,,,,,,05/21/2011,2.642375304,GPS
,,,,,,,05/22/2011,2.632375304,GPS
,,,,,,,05/23/2011,2.642375304,GPS
,,,,,,,05/24/2011,2.632375304,GPS
,,,,,,,05/25/2011,2.622375304,GPS
,,,,,,,05/26/2011,2.642375304,GPS
,,,,,,,05/27/2011,2.642375304,GPS
,,,,,,,05/28/2011,2.632375304,GPS
,,,,,,,05/29/2011,2.662375304,GPS
,,,,,,,05/30/2011,2.642375304,GPS
,,,,,,,05/31/2011,2.652375304,GPS
,,,,,,,06/01/2011,2.652375304,GPS
,,,,,,,06/02/2011,2.652375304,GPS
,,,,,,,06/03/2011,2.642375304,GPS
,,,,,,,06/04/2011,2.642375304,GPS
,,,,,,,06/05/2011,2.642375304,GPS
,,,,,,,06/06/2011,2.642375304,GPS
,,,,,,,06/07/2011,2.632375304,GPS
,,,,,,,06/08/2011,2.642375304,GPS
,,,,,,,06/09/2011,2.642375304,GPS
,,,,,,,06/10/2011,2.622375304,GPS
,,,,,,,06/11/2011,2.622375304,GPS
,,,,,,,06/12/2011,2.622375304,GPS
,,,,,,,06/13/2011,2.612375304,GPS
,,,,,,,06/14/2011,2.642375304,GPS
,,,,,,,06/15/2011,2.622375304,GPS
,,,,,,,06/16/2011,2.612375304,GPS
,,,,,,,06/17/2011,2.622375304,GPS
,,,,,,,06/18/2011,2.632375304,GPS
,,,,,,,06/19/2011,2.632375304,GPS
,,,,,,,06/20/2011,2.642375304,GPS
,,,,,,,06/21/2011,2.632375304,GPS
,,,,,,,06/22/2011,2.642375304,GPS
,,,,,,,06/23/2011,2.652375304,GPS
,,,,,,,06/24/2011,2.662375304,GPS
,,,,,,,06/25/2011,2.652375304,GPS
,,,,,,,06/26/2011,2.652375304,GPS
,,,,,,,06/27/2011,2.642375304,GPS
,,,,,,,06/28/2011,2.652375304,GPS
,,,,,,,06/29/2011,2.672375304,GPS
,,,,,,,06/30/2011,2.672375304,GPS
,,,,,,,07/01/2011,2.652375304,GPS
,,,,,,,07/02/2011,2.652375304,GPS
,,,,,,,07/03/2011,2.652375304,GPS
,,,,,,,07/04/2011,2.642375304,GPS
,,,,,,,07/05/2011,2.662375304,GPS
,,,,,,,07/06/2011,2.682375304,GPS
,,,,,,,07/07/2011,2.652375304,GPS
,,,,,,,07/08/2011,2.662375304,GPS
,,,,,,,07/09/2011,2.652375304,GPS
,,,,,,,07/10/2011,2.662375304,GPS
,,,,,,,07/11/2011,2.672375304,GPS
,,,,,,,07/12/2011,2.672375304,GPS
,,,,,,,07/13/2011,2.682375304,GPS
,,,,,,,07/14/2011,2.682375304,GPS
,,,,,,,07/15/2011,2.692375304,GPS
,,,,,,,07/16/2011,2.682375304,GPS
,,,,,,,07/17/2011,2.682375304,GPS
,,,,,,,07/18/2011,2.682375304,GPS
,,,,,,,07/19/2011,2.682375304,GPS
,,,,,,,07/20/2011,2.692375304,GPS
,,,,,,,07/21/2011,2.682375304,GPS
,,,,,,,07/22/2011,2.682375304,GPS
,,,,,,,07/23/2011,2.682375304,GPS
,,,,,,,07/24/2011,2.682375304,GPS
,,,,,,,07/25/2011,2.682375304,GPS
,,,,,,,07/26/2011,2.662375304,GPS
,,,,,,,07/27/2011,2.672375304,GPS
,,,,,,,07/28/2011,2.692375304,GPS
,,,,,,,07/29/2011,2.682375304,GPS
,,,,,,,07/30/2011,2.682375304,GPS
,,,,,,,07/31/2011,2.682375304,GPS
,,,,,,,08/01/2011,2.712375304,GPS
,,,,,,,08/02/2011,2.692375304,GPS
,,,,,,,08/03/2011,2.702375304,GPS
,,,,,,,08/04/2011,2.682375304,GPS
,,,,,,,08/05/2011,2.722375304,GPS
,,,,,,,08/06/2011,2.702375304,GPS
,,,,,,,08/07/2011,2.712375304,GPS
,,,,,,,08/08/2011,2.702375304,GPS
,,,,,,,08/09/2011,2.692375304,GPS
,,,,,,,08/10/2011,2.702375304,GPS
,,,,,,,08/11/2011,2.712375304,GPS
,,,,,,,08/12/2011,2.712375304,GPS
,,,,,,,08/13/2011,2.702375304,GPS
,,,,,,,08/14/2011,2.712375304,GPS
,,,,,,,08/15/2011,2.712375304,GPS
,,,,,,,08/16/2011,2.702375304,GPS
,,,,,,,08/17/2011,2.692375304,GPS
,,,,,,,08/18/2011,2.702375304,GPS
,,,,,,,08/19/2011,2.712375304,GPS
,,,,,,,08/20/2011,2.702375304,GPS
,,,,,,,08/21/2011,2.702375304,GPS
,,,,,,,08/22/2011,2.692375304,GPS
,,,,,,,08/23/2011,2.692375304,GPS
,,,,,,,08/24/2011,2.682375304,GPS
,,,,,,,08/25/2011,2.702375304,GPS
,,,,,,,08/26/2011,2.692375304,GPS
,,,,,,,08/27/2011,2.692375304,GPS
,,,,,,,08/28/2011,2.692375304,GPS
,,,,,,,08/29/2011,2.692375304,GPS
,,,,,,,08/30/2011,2.702375304,GPS
,,,,,,,08/31/2011,2.692375304,GPS
,,,,,,,09/01/2011,2.692375304,GPS
,,,,,,,09/02/2011,2.692375304,GPS
,,,,,,,09/03/2011,2.672375304,GPS
,,,,,,,09/04/2011,2.682375304,GPS
,,,,,,,09/05/2011,2.692375304,GPS
,,,,,,,09/06/2011,2.692375304,GPS
,,,,,,,09/07/2011,2.682375304,GPS
,,,,,,,09/08/2011,2.692375304,GPS
,,,,,,,09/09/2011,2.702375304,GPS
,,,,,,,09/10/2011,2.692375304,GPS
,,,,,,,09/11/2011,2.682375304,GPS
,,,,,,,09/12/2011,2.692375304,GPS
,,,,,,,09/13/2011,2.682375304,GPS
,,,,,,,09/14/2011,2.672375304,GPS
,,,,,,,09/15/2011,2.692375304,GPS
,,,,,,,09/16/2011,2.692375304,GPS
,,,,,,,09/17/2011,2.682375304,GPS
,,,,,,,09/18/2011,2.692375304,GPS
,,,,,,,09/19/2011,2.692375304,GPS
,,,,,,,09/20/2011,2.692375304,GPS
,,,,,,,09/21/2011,2.692375304,GPS
,,,,,,,09/22/2011,2.682375304,GPS
,,,,,,,09/23/2011,2.682375304,GPS
,,,,,,,09/24/2011,2.672375304,GPS
,,,,,,,09/25/2011,2.692375304,GPS
,,,,,,,09/26/2011,2.682375304,GPS
,,,,,,,09/27/2011,2.682375304,GPS
,,,,,,,09/28/2011,2.692375304,GPS
,,,,,,,09/29/2011,2.682375304,GPS
,,,,,,,09/30/2011,2.692375304,GPS
,,,,,,,10/01/2011,2.702375304,GPS
,,,,,,,10/02/2011,2.692375304,GPS
,,,,,,,10/03/2011,2.692375304,GPS
,,,,,,,10/04/2011,2.692375304,GPS
,,,,,,,10/05/2011,2.682375304,GPS
,,,,,,,10/06/2011,2.692375304,GPS
,,,,,,,10/07/2011,2.692375304,GPS
,,,,,,,10/08/2011,2.692375304,GPS
,,,,,,,10/09/2011,2.692375304,GPS
,,,,,,,10/10/2011,2.672375304,GPS
,,,,,,,10/11/2011,2.702375304,GPS
,,,,,,,10/12/2011,2.682375304,GPS
,,,,,,,10/13/2011,2.662375304,GPS
,,,,,,,10/14/2011,2.672375304,GPS
,,,,,,,10/15/2011,2.672375304,GPS
,,,,,,,10/16/2011,2.672375304,GPS
,,,,,,,10/17/2011,2.672375304,GPS
,,,,,,,10/18/2011,2.682375304,GPS
,,,,,,,10/19/2011,2.672375304,GPS
,,,,,,,10/20/2011,2.662375304,GPS
,,,,,,,10/21/2011,2.672375304,GPS
,,,,,,,10/22/2011,2.672375304,GPS
,,,,,,,10/23/2011,2.672375304,GPS
,,,,,,,10/24/2011,2.672375304,GPS
,,,,,,,10/25/2011,2.672375304,GPS
,,,,,,,10/26/2011,2.672375304,GPS
,,,,,,,10/27/2011,2.672375304,GPS
,,,,,,,10/28/2011,2.682375304,GPS
,,,,,,,10/29/2011,2.662375304,GPS
,,,,,,,10/30/2011,2.662375304,GPS
,,,,,,,10/31/2011,2.672375304,GPS
,,,,,,,11/01/2011,2.672375304,GPS
,,,,,,,11/02/2011,2.662375304,GPS
,,,,,,,11/03/2011,2.662375304,GPS
,,,,,,,11/04/2011,2.662375304,GPS
,,,,,,,11/05/2011,2.662375304,GPS
,,,,,,,11/06/2011,2.692375304,GPS
,,,,,,,11/07/2011,2.682375304,GPS
,,,,,,,11/08/2011,2.692375304,GPS
,,,,,,,11/09/2011,2.682375304,GPS
,,,,,,,11/10/2011,2.672375304,GPS
,,,,,,,11/11/2011,2.662375304,GPS
,,,,,,,11/12/2011,2.652375304,GPS
,,,,,,,11/13/2011,2.632375304,GPS
,,,,,,,11/14/2011,2.642375304,GPS
,,,,,,,11/15/2011,2.652375304,GPS
,,,,,,,11/16/2011,2.652375304,GPS
,,,,,,,11/17/2011,2.672375304,GPS
,,,,,,,11/18/2011,2.652375304,GPS
,,,,,,,11/19/2011,2.652375304,GPS
,,,,,,,11/20/2011,2.652375304,GPS
,,,,,,,11/21/2011,2.662375304,GPS
,,,,,,,11/22/2011,2.652375304,GPS
,,,,,,,11/23/2011,2.652375304,GPS
,,,,,,,11/24/2011,2.652375304,GPS
,,,,,,,11/25/2011,2.662375304,GPS
,,,,,,,11/26/2011,2.652375304,GPS
,,,,,,,11/27/2011,2.652375304,GPS
,,,,,,,11/28/2011,2.652375304,GPS
,,,,,,,11/29/2011,2.652375304,GPS
,,,,,,,11/30/2011,2.642375304,GPS
,,,,,,,12/01/2011,2.652375304,GPS
,,,,,,,12/02/2011,2.642375304,GPS
,,,,,,,12/03/2011,2.662375304,GPS
,,,,,,,12/04/2011,2.652375304,GPS
,,,,,,,12/05/2011,2.662375304,GPS
,,,,,,,12/06/2011,2.652375304,GPS
,,,,,,,12/07/2011,2.652375304,GPS
,,,,,,,12/08/2011,2.642375304,GPS
,,,,,,,12/09/2011,2.642375304,GPS
,,,,,,,12/10/2011,2.642375304,GPS
,,,,,,,12/11/2011,2.632375304,GPS
,,,,,,,12/12/2011,2.632375304,GPS
,,,,,,,12/13/2011,2.632375304,GPS
,,,,,,,12/14/2011,2.642375304,GPS
,,,,,,,12/15/2011,2.632375304,GPS
,,,,,,,12/16/2011,2.632375304,GPS
,,,,,,,12/17/2011,2.632375304,GPS
,,,,,,,12/18/2011,2.622375304,GPS
,,,,,,,12/19/2011,2.632375304,GPS
,,,,,,,12/20/2011,2.632375304,GPS
,,,,,,,12/21/2011,2.642375304,GPS
,,,,,,,12/22/2011,2.632375304,GPS
,,,,,,,12/23/2011,2.652375304,GPS
,,,,,,,12/24/2011,2.652375304,GPS
,,,,,,,12/25/2011,2.642375304,GPS
,,,,,,,12/26/2011,2.632375304,GPS
,,,,,,,12/27/2011,2.622375304,GPS
,,,,,,,12/28/2011,2.622375304,GPS
,,,,,,,12/29/2011,2.622375304,GPS
,,,,,,,12/30/2011,2.622375304,GPS
,,,,,,,12/31/2011,2.622375304,GPS
,,,,,,,01/01/2012,2.632375304,GPS
,,,,,,,01/02/2012,2.642375304,GPS
,,,,,,,01/03/2012,2.622375304,GPS
,,,,,,,01/04/2012,2.632375304,GPS
,,,,,,,01/05/2012,2.632375304,GPS
,,,,,,,01/06/2012,2.632375304,GPS
,,,,,,,01/07/2012,2.642375304,GPS
,,,,,,,01/08/2012,2.642375304,GPS
,,,,,,,01/09/2012,2.652375304,GPS
,,,,,,,01/10/2012,2.652375304,GPS
,,,,,,,01/11/2012,2.642375304,GPS
,,,,,,,01/12/2012,2.642375304,GPS
,,,,,,,01/13/2012,2.652375304,GPS
,,,,,,,01/14/2012,2.652375304,GPS
,,,,,,,01/15/2012,2.632375304,GPS
,,,,,,,01/16/2012,2.642375304,GPS
,,,,,,,01/17/2012,2.642375304,GPS
,,,,,,,01/18/2012,2.632375304,GPS
,,,,,,,01/19/2012,2.612375304,GPS
,,,,,,,01/20/2012,2.622375304,GPS
,,,,,,,01/21/2012,2.612375304,GPS
,,,,,,,01/22/2012,2.622375304,GPS
,,,,,,,01/23/2012,2.622375304,GPS
,,,,,,,01/24/2012,2.632375304,GPS
,,,,,,,01/25/2012,2.642375304,GPS
,,,,,,,01/26/2012,2.632375304,GPS
,,,,,,,01/27/2012,2.622375304,GPS
,,,,,,,01/28/2012,2.632375304,GPS
,,,,,,,01/29/2012,2.632375304,GPS
,,,,,,,01/30/2012,2.622375304,GPS
,,,,,,,01/31/2012,2.622375304,GPS
,,,,,,,02/01/2012,2.622375304,GPS
,,,,,,,02/02/2012,2.622375304,GPS
,,,,,,,02/03/2012,2.622375304,GPS
,,,,,,,02/04/2012,2.622375304,GPS
,,,,,,,02/05/2012,2.622375304,GPS
,,,,,,,02/06/2012,2.622375304,GPS
,,,,,,,02/07/2012,2.622375304,GPS
,,,,,,,02/08/2012,2.632375304,GPS
,,,,,,,02/09/2012,2.622375304,GPS
,,,,,,,02/10/2012,2.622375304,GPS
,,,,,,,02/11/2012,2.622375304,GPS
,,,,,,,02/12/2012,2.622375304,GPS
,,,,,,,02/13/2012,2.612375304,GPS
,,,,,,,02/14/2012,2.622375304,GPS
,,,,,,,02/15/2012,2.632375304,GPS
,,,,,,,02/16/2012,2.622375304,GPS
,,,,,,,02/17/2012,2.632375304,GPS
,,,,,,,02/18/2012,2.632375304,GPS
,,,,,,,02/19/2012,2.632375304,GPS
,,,,,,,02/20/2012,2.622375304,GPS
,,,,,,,02/21/2012,2.622375304,GPS
,,,,,,,02/22/2012,2.622375304,GPS
,,,,,,,02/23/2012,2.602375304,GPS
,,,,,,,02/24/2012,2.612375304,GPS
,,,,,,,02/25/2012,2.622375304,GPS
,,,,,,,02/26/2012,2.632375304,GPS
,,,,,,,02/27/2012,2.642375304,GPS
,,,,,,,02/28/2012,2.632375304,GPS
,,,,,,,02/29/2012,2.622375304,GPS
,,,,,,,03/01/2012,2.612375304,GPS
,,,,,,,03/02/2012,2.622375304,GPS
,,,,,,,03/03/2012,2.622375304,GPS
,,,,,,,03/04/2012,2.622375304,GPS
,,,,,,,03/05/2012,2.612375304,GPS
,,,,,,,03/06/2012,2.602375304,GPS
,,,,,,,03/07/2012,2.622375304,GPS
,,,,,,,03/08/2012,2.622375304,GPS
,,,,,,,03/09/2012,2.622375304,GPS
,,,,,,,03/10/2012,2.612375304,GPS
,,,,,,,03/11/2012,2.622375304,GPS
,,,,,,,03/12/2012,2.622375304,GPS
,,,,,,,03/13/2012,2.622375304,GPS
,,,,,,,03/14/2012,2.622375304,GPS
,,,,,,,03/15/2012,2.632375304,GPS
,,,,,,,03/16/2012,2.622375304,GPS
,,,,,,,03/17/2012,2.632375304,GPS
,,,,,,,03/18/2012,2.632375304,GPS
,,,,,,,03/19/2012,2.632375304,GPS
,,,,,,,03/20/2012,2.632375304,GPS
,,,,,,,03/21/2012,2.632375304,GPS
,,,,,,,03/22/2012,2.632375304,GPS
,,,,,,,03/23/2012,2.642375304,GPS
,,,,,,,03/24/2012,2.622375304,GPS
,,,,,,,03/25/2012,2.632375304,GPS
,,,,,,,03/26/2012,2.632375304,GPS
,,,,,,,03/27/2012,2.622375304,GPS
,,,,,,,03/28/2012,2.632375304,GPS
,,,,,,,03/29/2012,2.622375304,GPS
,,,,,,,03/30/2012,2.612375304,GPS
,,,,,,,03/31/2012,2.612375304,GPS
,,,,,,,04/01/2012,2.632375304,GPS
,,,,,,,04/02/2012,2.622375304,GPS
,,,,,,,04/03/2012,2.612375304,GPS
,,,,,,,04/04/2012,2.642375304,GPS
,,,,,,,04/05/2012,2.632375304,GPS
,,,,,,,04/06/2012,2.622375304,GPS
,,,,,,,04/07/2012,2.632375304,GPS
,,,,,,,04/08/2012,2.632375304,GPS
,,,,,,,04/09/2012,2.632375304,GPS
,,,,,,,04/10/2012,2.612375304,GPS
,,,,,,,04/11/2012,2.622375304,GPS
,,,,,,,04/12/2012,2.632375304,GPS
,,,,,,,04/13/2012,2.622375304,GPS
,,,,,,,04/14/2012,2.622375304,GPS
,,,,,,,04/15/2012,2.622375304,GPS
,,,,,,,04/16/2012,2.612375304,GPS
,,,,,,,04/17/2012,2.632375304,GPS
,,,,,,,04/18/2012,2.602375304,GPS
,,,,,,,04/19/2012,2.622375304,GPS
,,,,,,,04/20/2012,2.622375304,GPS
,,,,,,,04/21/2012,2.612375304,GPS
,,,,,,,04/22/2012,2.612375304,GPS
,,,,,,,04/23/2012,2.602375304,GPS
,,,,,,,04/24/2012,2.602375304,GPS
,,,,,,,04/25/2012,2.602375304,GPS
,,,,,,,04/26/2012,2.622375304,GPS
,,,,,,,04/27/2012,2.632375304,GPS
,,,,,,,04/28/2012,2.612375304,GPS
,,,,,,,04/29/2012,2.622375304,GPS
,,,,,,,04/30/2012,2.612375304,GPS
,,,,,,,05/01/2012,2.612375304,GPS
,,,,,,,05/02/2012,2.622375304,GPS
,,,,,,,05/03/2012,2.632375304,GPS
,,,,,,,05/04/2012,2.632375304,GPS
,,,,,,,05/05/2012,2.642375304,GPS
,,,,,,,05/06/2012,2.642375304,GPS
,,,,,,,05/07/2012,2.632375304,GPS
,,,,,,,05/08/2012,2.622375304,GPS
,,,,,,,05/09/2012,2.622375304,GPS
,,,,,,,05/10/2012,2.632375304,GPS
,,,,,,,05/11/2012,2.642375304,GPS
,,,,,,,05/12/2012,2.642375304,GPS
,,,,,,,05/13/2012,2.642375304,GPS
,,,,,,,05/14/2012,2.662375304,GPS
,,,,,,,05/15/2012,2.662375304,GPS
,,,,,,,05/16/2012,2.642375304,GPS
,,,,,,,05/17/2012,2.652375304,GPS
,,,,,,,05/18/2012,2.652375304,GPS
,,,,,,,05/19/2012,2.652375304,GPS
,,,,,,,05/20/2012,2.642375304,GPS
,,,,,,,05/21/2012,2.632375304,GPS
,,,,,,,05/22/2012,2.632375304,GPS
,,,,,,,05/23/2012,2.642375304,GPS
,,,,,,,05/24/2012,2.652375304,GPS
,,,,,,,05/25/2012,2.672375304,GPS
,,,,,,,05/26/2012,2.682375304,GPS
,,,,,,,05/27/2012,2.682375304,GPS
,,,,,,,05/28/2012,2.672375304,GPS
,,,,,,,05/29/2012,2.672375304,GPS
,,,,,,,05/30/2012,2.672375304,GPS
,,,,,,,05/31/2012,2.662375304,GPS
,,,,,,,06/01/2012,2.662375304,GPS
,,,,,,,06/02/2012,2.662375304,GPS
,,,,,,,06/03/2012,2.662375304,GPS
,,,,,,,06/04/2012,2.652375304,GPS
,,,,,,,06/05/2012,2.692375304,GPS
,,,,,,,06/06/2012,2.672375304,GPS
,,,,,,,06/07/2012,2.672375304,GPS
,,,,,,,06/08/2012,2.662375304,GPS
,,,,,,,06/09/2012,2.682375304,GPS
,,,,,,,06/10/2012,2.682375304,GPS
,,,,,,,06/11/2012,2.682375304,GPS
,,,,,,,06/12/2012,2.682375304,GPS
,,,,,,,06/13/2012,2.682375304,GPS
,,,,,,,06/14/2012,2.682375304,GPS
,,,,,,,06/15/2012,2.692375304,GPS
,,,,,,,06/16/2012,2.682375304,GPS
,,,,,,,06/17/2012,2.672375304,GPS
,,,,,,,06/18/2012,2.672375304,GPS
,,,,,,,06/19/2012,2.682375304,GPS
,,,,,,,06/20/2012,2.682375304,GPS
,,,,,,,06/21/2012,2.692375304,GPS
,,,,,,,06/22/2012,2.692375304,GPS
,,,,,,,06/23/2012,2.692375304,GPS
,,,,,,,06/24/2012,2.692375304,GPS
,,,,,,,06/25/2012,2.692375304,GPS
,,,,,,,06/26/2012,2.712375304,GPS
,,,,,,,06/27/2012,2.702375304,GPS
,,,,,,,06/28/2012,2.712375304,GPS
,,,,,,,06/29/2012,2.702375304,GPS
,,,,,,,06/30/2012,2.702375304,GPS
,,,,,,,07/01/2012,2.722375304,GPS
,,,,,,,07/02/2012,2.702375304,GPS
,,,,,,,07/03/2012,2.712375304,GPS
,,,,,,,07/04/2012,2.692375304,GPS
,,,,,,,07/05/2012,2.712375304,GPS
,,,,,,,07/06/2012,2.732375304,GPS
,,,,,,,07/07/2012,2.722375304,GPS
,,,,,,,07/08/2012,2.732375304,GPS
,,,,,,,07/09/2012,2.722375304,GPS
,,,,,,,07/10/2012,2.712375304,GPS
,,,,,,,07/11/2012,2.722375304,GPS
,,,,,,,07/12/2012,2.722375304,GPS
,,,,,,,07/13/2012,2.722375304,GPS
,,,,,,,07/14/2012,2.752375304,GPS
,,,,,,,07/15/2012,2.722375304,GPS
,,,,,,,07/16/2012,2.722375304,GPS
,,,,,,,07/17/2012,2.742375304,GPS
,,,,,,,07/18/2012,2.742375304,GPS
,,,,,,,07/19/2012,2.732375304,GPS
,,,,,,,07/20/2012,2.732375304,GPS
,,,,,,,07/21/2012,2.722375304,GPS
,,,,,,,07/22/2012,2.712375304,GPS
,,,,,,,07/23/2012,2.722375304,GPS
,,,,,,,07/24/2012,2.732375304,GPS
,,,,,,,07/25/2012,2.732375304,GPS
,,,,,,,07/26/2012,2.732375304,GPS
,,,,,,,07/27/2012,2.742375304,GPS
,,,,,,,07/28/2012,2.752375304,GPS
,,,,,,,07/29/2012,2.742375304,GPS
,,,,,,,07/30/2012,2.742375304,GPS
,,,,,,,07/31/2012,2.732375304,GPS
,,,,,,,08/01/2012,2.742375304,GPS
,,,,,,,08/02/2012,2.742375304,GPS
,,,,,,,08/03/2012,2.752375304,GPS
,,,,,,,08/04/2012,2.752375304,GPS
,,,,,,,08/05/2012,2.752375304,GPS
,,,,,,,08/06/2012,2.762375304,GPS
,,,,,,,08/07/2012,2.752375304,GPS
,,,,,,,08/08/2012,2.752375304,GPS
,,,,,,,08/09/2012,2.732375304,GPS
,,,,,,,08/10/2012,2.732375304,GPS
,,,,,,,08/11/2012,2.732375304,GPS
,,,,,,,08/12/2012,2.722375304,GPS
,,,,,,,08/13/2012,2.732375304,GPS
,,,,,,,08/14/2012,2.722375304,GPS
,,,,,,,08/15/2012,2.722375304,GPS
,,,,,,,08/16/2012,2.742375304,GPS
,,,,,,,08/17/2012,2.732375304,GPS
,,,,,,,08/18/2012,2.752375304,GPS
,,,,,,,08/19/2012,2.752375304,GPS
,,,,,,,08/20/2012,2.732375304,GPS
,,,,,,,08/21/2012,2.732375304,GPS
,,,,,,,08/22/2012,2.752375304,GPS
,,,,,,,08/23/2012,2.742375304,GPS
,,,,,,,08/24/2012,2.742375304,GPS
,,,,,,,08/25/2012,2.732375304,GPS
,,,,,,,08/26/2012,2.742375304,GPS
,,,,,,,08/27/2012,2.742375304,GPS
,,,,,,,08/28/2012,2.752375304,GPS
,,,,,,,08/29/2012,2.752375304,GPS
,,,,,,,08/30/2012,2.742375304,GPS
,,,,,,,08/31/2012,2.752375304,GPS
,,,,,,,09/01/2012,2.752375304,GPS
,,,,,,,09/02/2012,2.742375304,GPS
,,,,,,,09/03/2012,2.752375304,GPS
,,,,,,,09/04/2012,2.742375304,GPS
,,,,,,,09/05/2012,2.722375304,GPS
,,,,,,,09/06/2012,2.702375304,GPS
,,,,,,,09/07/2012,2.732375304,GPS
,,,,,,,09/08/2012,2.762375304,GPS
,,,,,,,09/09/2012,2.732375304,GPS
,,,,,,,09/10/2012,2.732375304,GPS
,,,,,,,09/11/2012,2.742375304,GPS
,,,,,,,09/12/2012,2.742375304,GPS
,,,,,,,09/13/2012,2.762375304,GPS
,,,,,,,09/14/2012,2.762375304,GPS
,,,,,,,09/15/2012,2.752375304,GPS
,,,,,,,09/16/2012,2.752375304,GPS
,,,,,,,09/17/2012,2.732375304,GPS
,,,,,,,09/18/2012,2.742375304,GPS
,,,,,,,09/19/2012,2.752375304,GPS
,,,,,,,09/20/2012,2.762375304,GPS
,,,,,,,09/21/2012,2.772375304,GPS
,,,,,,,09/22/2012,2.762375304,GPS
,,,,,,,09/23/2012,2.722375304,GPS
,,,,,,,09/24/2012,2.722375304,GPS
,,,,,,,09/25/2012,2.732375304,GPS
,,,,,,,09/26/2012,2.742375304,GPS
,,,,,,,09/27/2012,2.742375304,GPS
,,,,,,,09/28/2012,2.742375304,GPS
,,,,,,,09/29/2012,2.742375304,GPS
,,,,,,,09/30/2012,2.742375304,GPS
,,,,,,,10/01/2012,2.732375304,GPS
,,,,,,,10/02/2012,2.722375304,GPS
,,,,,,,10/03/2012,2.732375304,GPS
,,,,,,,10/04/2012,2.732375304,GPS
,,,,,,,10/05/2012,2.732375304,GPS
,,,,,,,10/06/2012,2.742375304,GPS
,,,,,,,10/07/2012,2.732375304,GPS
,,,,,,,10/08/2012,2.732375304,GPS
,,,,,,,10/09/2012,2.742375304,GPS
,,,,,,,10/10/2012,2.762375304,GPS
,,,,,,,10/11/2012,2.732375304,GPS
,,,,,,,10/12/2012,2.732375304,GPS
,,,,,,,10/13/2012,2.742375304,GPS
,,,,,,,10/14/2012,2.732375304,GPS
,,,,,,,10/15/2012,2.722375304,GPS
,,,,,,,10/16/2012,2.722375304,GPS
,,,,,,,10/17/2012,2.722375304,GPS
,,,,,,,10/18/2012,2.722375304,GPS
,,,,,,,10/19/2012,2.712375304,GPS
,,,,,,,10/20/2012,2.702375304,GPS
,,,,,,,10/21/2012,2.722375304,GPS
,,,,,,,10/22/2012,2.732375304,GPS
,,,,,,,10/23/2012,2.752375304,GPS
,,,,,,,10/24/2012,2.732375304,GPS
,,,,,,,10/25/2012,2.742375304,GPS
,,,,,,,10/26/2012,2.732375304,GPS
,,,,,,,10/27/2012,2.732375304,GPS
,,,,,,,10/28/2012,2.722375304,GPS
,,,,,,,10/29/2012,2.722375304,GPS
,,,,,,,10/30/2012,2.722375304,GPS
,,,,,,,10/31/2012,2.722375304,GPS
,,,,,,,11/01/2012,2.722375304,GPS
,,,,,,,11/02/2012,2.722375304,GPS
,,,,,,,11/03/2012,2.702375304,GPS
,,,,,,,11/04/2012,2.712375304,GPS
,,,,,,,11/05/2012,2.712375304,GPS
,,,,,,,11/06/2012,2.712375304,GPS
,,,,,,,11/07/2012,2.702375304,GPS
,,,,,,,11/08/2012,2.712375304,GPS
,,,,,,,11/09/2012,2.722375304,GPS
,,,,,,,11/10/2012,2.722375304,GPS
,,,,,,,11/11/2012,2.712375304,GPS
,,,,,,,11/12/2012,2.712375304,GPS
,,,,,,,11/13/2012,2.732375304,GPS
,,,,,,,11/14/2012,2.722375304,GPS
,,,,,,,11/15/2012,2.712375304,GPS
,,,,,,,11/16/2012,2.712375304,GPS
,,,,,,,11/17/2012,2.702375304,GPS
,,,,,,,11/18/2012,2.712375304,GPS
,,,,,,,11/19/2012,2.712375304,GPS
,,,,,,,11/20/2012,2.702375304,GPS
,,,,,,,11/21/2012,2.702375304,GPS
,,,,,,,11/22/2012,2.712375304,GPS
,,,,,,,11/23/2012,2.712375304,GPS
,,,,,,,11/24/2012,2.702375304,GPS
,,,,,,,11/25/2012,2.712375304,GPS
,,,,,,,11/26/2012,2.712375304,GPS
,,,,,,,11/27/2012,2.702375304,GPS
,,,,,,,11/28/2012,2.692375304,GPS
,,,,,,,11/29/2012,2.702375304,GPS
,,,,,,,11/30/2012,2.712375304,GPS
,,,,,,,12/01/2012,2.702375304,GPS
,,,,,,,12/02/2012,2.712375304,GPS
,,,,,,,12/03/2012,2.702375304,GPS
,,,,,,,12/04/2012,2.702375304,GPS
,,,,,,,12/05/2012,2.712375304,GPS
,,,,,,,12/06/2012,2.712375304,GPS
,,,,,,,12/07/2012,2.702375304,GPS
,,,,,,,12/08/2012,2.712375304,GPS
,,,,,,,12/09/2012,2.702375304,GPS
,,,,,,,12/10/2012,2.712375304,GPS
,,,,,,,12/11/2012,2.702375304,GPS
,,,,,,,12/12/2012,2.702375304,GPS
,,,,,,,12/13/2012,2.712375304,GPS
,,,,,,,12/14/2012,2.702375304,GPS
,,,,,,,12/15/2012,2.702375304,GPS
,,,,,,,12/16/2012,2.702375304,GPS
,,,,,,,12/17/2012,2.702375304,GPS
,,,,,,,12/18/2012,2.702375304,GPS
,,,,,,,12/19/2012,2.712375304,GPS
,,,,,,,12/20/2012,2.712375304,GPS
,,,,,,,12/21/2012,2.712375304,GPS
,,,,,,,12/22/2012,2.712375304,GPS
,,,,,,,12/23/2012,2.702375304,GPS
,,,,,,,12/24/2012,2.712375304,GPS
,,,,,,,12/25/2012,2.712375304,GPS
,,,,,,,12/26/2012,2.712375304,GPS
,,,,,,,12/27/2012,2.712375304,GPS
,,,,,,,12/28/2012,2.702375304,GPS
,,,,,,,12/29/2012,2.702375304,GPS
,,,,,,,12/30/2012,2.712375304,GPS
,,,,,,,12/31/2012,2.712375304,GPS
,,,,,,,01/01/2013,2.722375304,GPS
,,,,,,,01/02/2013,2.712375304,GPS
,,,,,,,01/03/2013,2.712375304,GPS
,,,,,,,01/04/2013,2.712375304,GPS
,,,,,,,01/05/2013,2.712375304,GPS
,,,,,,,01/06/2013,2.712375304,GPS
,,,,,,,01/07/2013,2.712375304,GPS
,,,,,,,01/08/2013,2.692375304,GPS
,,,,,,,01/09/2013,2.692375304,GPS
,,,,,,,01/10/2013,2.702375304,GPS
,,,,,,,01/11/2013,2.702375304,GPS
,,,,,,,01/12/2013,2.712375304,GPS
,,,,,,,01/13/2013,2.722375304,GPS
,,,,,,,01/14/2013,2.712375304,GPS
,,,,,,,01/15/2013,2.712375304,GPS
,,,,,,,01/16/2013,2.712375304,GPS
,,,,,,,01/17/2013,2.712375304,GPS
,,,,,,,01/18/2013,2.712375304,GPS
,,,,,,,01/19/2013,2.712375304,GPS
,,,,,,,01/20/2013,2.702375304,GPS
,,,,,,,01/21/2013,2.702375304,GPS
,,,,,,,01/22/2013,2.692375304,GPS
,,,,,,,01/23/2013,2.702375304,GPS
,,,,,,,01/24/2013,2.712375304,GPS
,,,,,,,01/25/2013,2.692375304,GPS
,,,,,,,01/26/2013,2.682375304,GPS
,,,,,,,01/27/2013,2.702375304,GPS
,,,,,,,01/28/2013,2.702375304,GPS
,,,,,,,01/29/2013,2.702375304,GPS
,,,,,,,01/30/2013,2.702375304,GPS
,,,,,,,01/31/2013,2.702375304,GPS
,,,,,,,02/01/2013,2.702375304,GPS
,,,,,,,02/02/2013,2.702375304,GPS
,,,,,,,02/03/2013,2.692375304,GPS
,,,,,,,02/04/2013,2.682375304,GPS
,,,,,,,02/05/2013,2.692375304,GPS
,,,,,,,02/06/2013,2.702375304,GPS
,,,,,,,02/07/2013,2.702375304,GPS
,,,,,,,02/08/2013,2.702375304,GPS
,,,,,,,02/09/2013,2.702375304,GPS
,,,,,,,02/10/2013,2.702375304,GPS
,,,,,,,02/11/2013,2.702375304,GPS
,,,,,,,02/12/2013,2.702375304,GPS
,,,,,,,02/13/2013,2.702375304,GPS
,,,,,,,02/14/2013,2.702375304,GPS
,,,,,,,02/15/2013,2.692375304,GPS
,,,,,,,02/16/2013,2.702375304,GPS
,,,,,,,02/17/2013,2.692375304,GPS
,,,,,,,02/18/2013,2.692375304,GPS
,,,,,,,02/19/2013,2.692375304,GPS
,,,,,,,02/20/2013,2.692375304,GPS
,,,,,,,02/21/2013,2.692375304,GPS
,,,,,,,02/22/2013,2.692375304,GPS
,,,,,,,02/23/2013,2.692375304,GPS
,,,,,,,02/24/2013,2.702375304,GPS
,,,,,,,02/25/2013,2.702375304,GPS
,,,,,,,02/26/2013,2.702375304,GPS
,,,,,,,02/27/2013,2.702375304,GPS
,,,,,,,02/28/2013,2.702375304,GPS
,,,,,,,03/01/2013,2.712375304,GPS
,,,,,,,03/02/2013,2.712375304,GPS
,,,,,,,03/03/2013,2.692375304,GPS
,,,,,,,03/04/2013,2.692375304,GPS
,,,,,,,03/05/2013,2.702375304,GPS
,,,,,,,03/06/2013,2.692375304,GPS
,,,,,,,03/07/2013,2.692375304,GPS
,,,,,,,03/08/2013,2.692375304,GPS
,,,,,,,03/09/2013,2.692375304,GPS
,,,,,,,03/10/2013,2.702375304,GPS
,,,,,,,03/11/2013,2.692375304,GPS
,,,,,,,03/12/2013,2.682375304,GPS
,,,,,,,03/13/2013,2.682375304,GPS
,,,,,,,03/14/2013,2.662375304,GPS
,,,,,,,03/15/2013,2.672375304,GPS
,,,,,,,03/16/2013,2.682375304,GPS
,,,,,,,03/17/2013,2.672375304,GPS
,,,,,,,03/18/2013,2.682375304,GPS
,,,,,,,03/19/2013,2.672375304,GPS
,,,,,,,03/20/2013,2.692375304,GPS
,,,,,,,03/21/2013,2.682375304,GPS
,,,,,,,03/22/2013,2.692375304,GPS
,,,,,,,03/23/2013,2.692375304,GPS
,,,,,,,03/24/2013,2.692375304,GPS
,,,,,,,03/25/2013,2.682375304,GPS
,,,,,,,03/26/2013,2.692375304,GPS
,,,,,,,03/27/2013,2.682375304,GPS
,,,,,,,03/28/2013,2.682375304,GPS
,,,,,,,03/29/2013,2.692375304,GPS
,,,,,,,03/30/2013,2.672375304,GPS
,,,,,,,03/31/2013,2.672375304,GPS
,,,,,,,04/01/2013,2.692375304,GPS
,,,,,,,04/02/2013,2.662375304,GPS
,,,,,,,04/03/2013,2.662375304,GPS
,,,,,,,04/04/2013,2.652375304,GPS
,,,,,,,04/05/2013,2.672375304,GPS
,,,,,,,04/06/2013,2.672375304,GPS
,,,,,,,04/07/2013,2.672375304,GPS
,,,,,,,04/08/2013,2.682375304,GPS
,,,,,,,04/09/2013,2.682375304,GPS
,,,,,,,04/10/2013,2.682375304,GPS
,,,,,,,04/11/2013,2.672375304,GPS
,,,,,,,04/12/2013,2.682375304,GPS
,,,,,,,04/13/2013,2.672375304,GPS
,,,,,,,04/14/2013,2.672375304,GPS
,,,,,,,04/15/2013,2.682375304,GPS
,,,,,,,04/16/2013,2.692375304,GPS
,,,,,,,04/17/2013,2.702375304,GPS
,,,,,,,04/18/2013,2.702375304,GPS
,,,,,,,04/19/2013,2.692375304,GPS
,,,,,,,04/20/2013,2.692375304,GPS
,,,,,,,04/21/2013,2.692375304,GPS
,,,,,,,04/22/2013,2.682375304,GPS
,,,,,,,04/23/2013,2.702375304,GPS
,,,,,,,04/24/2013,2.702375304,GPS
,,,,,,,04/25/2013,2.692375304,GPS
,,,,,,,04/26/2013,2.702375304,GPS
,,,,,,,04/27/2013,2.712375304,GPS
,,,,,,,04/28/2013,2.712375304,GPS
,,,,,,,04/29/2013,2.692375304,GPS
,,,,,,,04/30/2013,2.692375304,GPS
,,,,,,,05/01/2013,2.702375304,GPS
,,,,,,,05/02/2013,2.732375304,GPS
,,,,,,,05/03/2013,2.722375304,GPS
,,,,,,,05/04/2013,2.712375304,GPS
,,,,,,,05/05/2013,2.712375304,GPS
,,,,,,,05/06/2013,2.712375304,GPS
,,,,,,,05/07/2013,2.722375304,GPS
,,,,,,,05/08/2013,2.742375304,GPS
,,,,,,,05/09/2013,2.742375304,GPS
,,,,,,,05/10/2013,2.722375304,GPS
,,,,,,,05/11/2013,2.722375304,GPS
,,,,,,,05/12/2013,2.722375304,GPS
,,,,,,,05/13/2013,2.722375304,GPS
,,,,,,,05/14/2013,2.712375304,GPS
,,,,,,,05/15/2013,2.722375304,GPS
,,,,,,,05/16/2013,2.732375304,GPS
,,,,,,,05/17/2013,2.752375304,GPS
,,,,,,,05/18/2013,2.742375304,GPS
,,,,,,,05/19/2013,2.742375304,GPS
,,,,,,,05/20/2013,2.732375304,GPS
,,,,,,,05/21/2013,2.732375304,GPS
,,,,,,,05/22/2013,2.732375304,GPS
,,,,,,,05/23/2013,2.752375304,GPS
,,,,,,,05/24/2013,2.752375304,GPS
,,,,,,,05/25/2013,2.742375304,GPS
,,,,,,,05/26/2013,2.742375304,GPS
,,,,,,,05/27/2013,2.762375304,GPS
,,,,,,,05/28/2013,2.742375304,GPS
,,,,,,,05/29/2013,2.702375304,GPS
,,,,,,,05/30/2013,2.732375304,GPS
,,,,,,,05/31/2013,2.732375304,GPS
,,,,,,,06/01/2013,2.742375304,GPS
,,,,,,,06/02/2013,2.732375304,GPS
,,,,,,,06/03/2013,2.752375304,GPS
,,,,,,,06/04/2013,2.762375304,GPS
,,,,,,,06/05/2013,2.752375304,GPS
,,,,,,,06/06/2013,2.762375304,GPS
,,,,,,,06/07/2013,2.742375304,GPS
,,,,,,,06/08/2013,2.742375304,GPS
,,,,,,,06/09/2013,2.752375304,GPS
,,,,,,,06/10/2013,2.752375304,GPS
,,,,,,,06/11/2013,2.762375304,GPS
,,,,,,,06/12/2013,2.772375304,GPS
,,,,,,,06/13/2013,2.772375304,GPS
,,,,,,,06/14/2013,2.782375304,GPS
,,,,,,,06/15/2013,2.782375304,GPS
,,,,,,,06/16/2013,2.782375304,GPS
,,,,,,,06/17/2013,2.792375304,GPS
,,,,,,,06/18/2013,2.802375304,GPS
,,,,,,,06/19/2013,2.792375304,GPS
,,,,,,,06/20/2013,2.782375304,GPS
,,,,,,,06/21/2013,2.782375304,GPS
,,,,,,,06/22/2013,2.782375304,GPS
,,,,,,,06/23/2013,2.782375304,GPS
,,,,,,,06/24/2013,2.792375304,GPS
,,,,,,,06/25/2013,2.812375304,GPS
,,,,,,,06/26/2013,2.782375304,GPS
,,,,,,,06/27/2013,2.782375304,GPS
,,,,,,,06/28/2013,2.782375304,GPS
,,,,,,,06/29/2013,2.792375304,GPS
,,,,,,,06/30/2013,2.802375304,GPS
,,,,,,,07/01/2013,2.762375304,GPS
,,,,,,,07/02/2013,2.792375304,GPS
,,,,,,,07/03/2013,2.812375304,GPS
,,,,,,,07/04/2013,2.792375304,GPS
,,,,,,,07/05/2013,2.782375304,GPS
,,,,,,,07/06/2013,2.792375304,GPS
,,,,,,,07/07/2013,2.802375304,GPS
,,,,,,,07/08/2013,2.802375304,GPS
,,,,,,,07/09/2013,2.812375304,GPS
,,,,,,,07/10/2013,2.812375304,GPS
,,,,,,,07/11/2013,2.842375304,GPS
,,,,,,,07/12/2013,2.812375304,GPS
,,,,,,,07/13/2013,2.812375304,GPS
,,,,,,,07/14/2013,2.812375304,GPS
,,,,,,,07/15/2013,2.822375304,GPS
,,,,,,,07/16/2013,2.822375304,GPS
,,,,,,,07/17/2013,2.822375304,GPS
,,,,,,,07/18/2013,2.812375304,GPS
,,,,,,,07/19/2013,2.802375304,GPS
,,,,,,,07/20/2013,2.812375304,GPS
,,,,,,,07/21/2013,2.812375304,GPS
,,,,,,,07/22/2013,2.822375304,GPS
,,,,,,,07/23/2013,2.802375304,GPS
,,,,,,,07/24/2013,2.832375304,GPS
,,,,,,,07/25/2013,2.822375304,GPS
,,,,,,,07/26/2013,2.832375304,GPS
,,,,,,,07/27/2013,2.822375304,GPS
,,,,,,,07/28/2013,2.822375304,GPS
,,,,,,,07/29/2013,2.832375304,GPS
,,,,,,,07/30/2013,2.832375304,GPS
,,,,,,,07/31/2013,2.812375304,GPS
,,,,,,,08/01/2013,2.832375304,GPS
,,,,,,,08/02/2013,2.822375304,GPS
,,,,,,,08/03/2013,2.822375304,GPS
,,,,,,,08/04/2013,2.822375304,GPS
,,,,,,,08/05/2013,2.832375304,GPS
,,,,,,,08/06/2013,2.822375304,GPS
,,,,,,,08/07/2013,2.832375304,GPS
,,,,,,,08/08/2013,2.832375304,GPS
,,,,,,,08/09/2013,2.832375304,GPS
,,,,,,,08/10/2013,2.832375304,GPS
,,,,,,,08/11/2013,2.822375304,GPS
,,,,,,,08/12/2013,2.822375304,GPS
,,,,,,,08/13/2013,2.832375304,GPS
,,,,,,,08/14/2013,2.812375304,GPS
,,,,,,,08/15/2013,2.812375304,GPS
,,,,,,,08/16/2013,2.802375304,GPS
,,,,,,,08/17/2013,2.782375304,GPS
,,,,,,,08/18/2013,2.802375304,GPS
,,,,,,,08/19/2013,2.792375304,GPS
,,,,,,,08/20/2013,2.812375304,GPS
,,,,,,,08/21/2013,2.812375304,GPS
,,,,,,,08/22/2013,2.812375304,GPS
,,,,,,,08/23/2013,2.822375304,GPS
,,,,,,,08/24/2013,2.812375304,GPS
,,,,,,,08/25/2013,2.822375304,GPS
,,,,,,,08/26/2013,2.832375304,GPS
,,,,,,,08/27/2013,2.842375304,GPS
,,,,,,,08/28/2013,2.832375304,GPS
,,,,,,,08/29/2013,2.832375304,GPS
,,,,,,,08/30/2013,2.832375304,GPS
,,,,,,,08/31/2013,2.822375304,GPS
,,,,,,,09/01/2013,2.792375304,GPS
,,,,,,,09/02/2013,2.772375304,GPS
,,,,,,,09/03/2013,2.802375304,GPS
,,,,,,,09/04/2013,2.792375304,GPS
,,,,,,,09/05/2013,2.812375304,GPS
,,,,,,,09/06/2013,2.812375304,GPS
,,,,,,,09/07/2013,2.822375304,GPS
,,,,,,,09/08/2013,2.822375304,GPS
,,,,,,,09/09/2013,2.812375304,GPS
,,,,,,,09/10/2013,2.802375304,GPS
,,,,,,,09/11/2013,2.792375304,GPS
,,,,,,,09/12/2013,2.802375304,GPS
,,,,,,,09/13/2013,2.782375304,GPS
,,,,,,,09/14/2013,2.782375304,GPS
,,,,,,,09/15/2013,2.792375304,GPS
,,,,,,,09/16/2013,2.802375304,GPS
,,,,,,,09/17/2013,2.812375304,GPS
,,,,,,,09/18/2013,2.802375304,GPS
,,,,,,,09/19/2013,2.792375304,GPS
,,,,,,,09/20/2013,2.782375304,GPS
,,,,,,,09/21/2013,2.792375304,GPS
,,,,,,,09/22/2013,2.792375304,GPS
,,,,,,,09/23/2013,2.792375304,GPS
,,,,,,,09/24/2013,2.772375304,GPS
,,,,,,,09/25/2013,2.792375304,GPS
,,,,,,,09/26/2013,2.792375304,GPS
,,,,,,,09/27/2013,2.802375304,GPS
,,,,,,,09/28/2013,2.792375304,GPS
,,,,,,,09/29/2013,2.772375304,GPS
,,,,,,,09/30/2013,2.782375304,GPS
,,,,,,,10/01/2013,2.792375304,GPS
,,,,,,,10/02/2013,2.802375304,GPS
,,,,,,,10/03/2013,2.812375304,GPS
,,,,,,,10/04/2013,2.812375304,GPS
,,,,,,,10/05/2013,2.812375304,GPS
,,,,,,,10/06/2013,2.802375304,GPS
,,,,,,,10/07/2013,2.792375304,GPS
,,,,,,,10/08/2013,2.792375304,GPS
,,,,,,,10/09/2013,2.812375304,GPS
,,,,,,,10/10/2013,2.792375304,GPS
,,,,,,,10/11/2013,2.802375304,GPS
,,,,,,,10/12/2013,2.792375304,GPS
,,,,,,,10/13/2013,2.812375304,GPS
,,,,,,,10/14/2013,2.802375304,GPS
,,,,,,,10/15/2013,2.802375304,GPS
,,,,,,,10/16/2013,2.802375304,GPS
,,,,,,,10/17/2013,2.802375304,GPS
,,,,,,,10/18/2013,2.802375304,GPS
,,,,,,,10/19/2013,2.802375304,GPS
,,,,,,,10/20/2013,2.792375304,GPS
,,,,,,,10/21/2013,2.782375304,GPS
,,,,,,,10/22/2013,2.792375304,GPS
,,,,,,,10/23/2013,2.792375304,GPS
,,,,,,,10/24/2013,2.792375304,GPS
,,,,,,,10/25/2013,2.792375304,GPS
,,,,,,,10/26/2013,2.802375304,GPS
,,,,,,,10/27/2013,2.792375304,GPS
,,,,,,,10/28/2013,2.782375304,GPS
,,,,,,,10/29/2013,2.782375304,GPS
,,,,,,,10/30/2013,2.782375304,GPS
,,,,,,,10/31/2013,2.782375304,GPS
,,,,,,,11/01/2013,2.782375304,GPS
,,,,,,,11/02/2013,2.782375304,GPS
,,,,,,,11/03/2013,2.772375304,GPS
,,,,,,,11/04/2013,2.782375304,GPS
,,,,,,,11/05/2013,2.772375304,GPS
,,,,,,,11/06/2013,2.772375304,GPS
,,,,,,,11/07/2013,2.772375304,GPS
,,,,,,,11/08/2013,2.772375304,GPS
,,,,,,,11/09/2013,2.772375304,GPS
,,,,,,,11/10/2013,2.772375304,GPS
,,,,,,,11/11/2013,2.772375304,GPS
,,,,,,,11/12/2013,2.782375304,GPS
,,,,,,,11/13/2013,2.772375304,GPS
,,,,,,,11/14/2013,2.772375304,GPS
,,,,,,,11/15/2013,2.762375304,GPS
,,,,,,,11/16/2013,2.752375304,GPS
,,,,,,,11/17/2013,2.762375304,GPS
,,,,,,,11/18/2013,2.762375304,GPS
,,,,,,,11/19/2013,2.762375304,GPS
,,,,,,,11/20/2013,2.762375304,GPS
,,,,,,,11/21/2013,2.782375304,GPS
,,,,,,,11/22/2013,2.772375304,GPS
,,,,,,,11/23/2013,2.782375304,GPS
,,,,,,,11/24/2013,2.762375304,GPS
,,,,,,,11/25/2013,2.772375304,GPS
,,,,,,,11/26/2013,2.772375304,GPS
,,,,,,,11/27/2013,2.772375304,GPS
,,,,,,,11/28/2013,2.762375304,GPS
,,,,,,,11/29/2013,2.772375304,GPS
,,,,,,,11/30/2013,2.772375304,GPS
,,,,,,,12/01/2013,2.772375304,GPS
,,,,,,,12/02/2013,2.752375304,GPS
,,,,,,,12/03/2013,2.762375304,GPS
,,,,,,,12/04/2013,2.772375304,GPS
,,,,,,,12/05/2013,2.782375304,GPS
,,,,,,,12/06/2013,2.772375304,GPS
,,,,,,,12/07/2013,2.772375304,GPS
,,,,,,,12/08/2013,2.782375304,GPS
,,,,,,,12/09/2013,2.782375304,GPS
,,,,,,,12/10/2013,2.782375304,GPS
,,,,,,,12/11/2013,2.772375304,GPS
,,,,,,,12/12/2013,2.762375304,GPS
,,,,,,,12/13/2013,2.762375304,GPS
,,,,,,,12/14/2013,2.762375304,GPS
,,,,,,,12/15/2013,2.762375304,GPS
,,,,,,,12/16/2013,2.762375304,GPS
,,,,,,,12/17/2013,2.762375304,GPS
,,,,,,,12/18/2013,2.742375304,GPS
,,,,,,,12/19/2013,2.742375304,GPS
,,,,,,,12/20/2013,2.752375304,GPS
,,,,,,,12/21/2013,2.732375304,GPS
,,,,,,,12/22/2013,2.742375304,GPS
,,,,,,,12/23/2013,2.752375304,GPS
,,,,,,,12/24/2013,2.762375304,GPS
,,,,,,,12/25/2013,2.752375304,GPS
,,,,,,,12/26/2013,2.762375304,GPS
,,,,,,,12/27/2013,2.752375304,GPS
,,,,,,,12/28/2013,2.752375304,GPS
,,,,,,,12/29/2013,2.742375304,GPS
,,,,,,,12/30/2013,2.752375304,GPS
,,,,,,,12/31/2013,2.762375304,GPS
,,,,,,,01/01/2014,2.762375304,GPS
,,,,,,,01/02/2014,2.732375304,GPS
,,,,,,,01/03/2014,2.732375304,GPS
,,,,,,,01/04/2014,2.742375304,GPS
,,,,,,,01/05/2014,2.742375304,GPS
,,,,,,,01/06/2014,2.742375304,GPS
,,,,,,,01/07/2014,2.742375304,GPS
,,,,,,,01/08/2014,2.732375304,GPS
,,,,,,,01/09/2014,2.752375304,GPS
,,,,,,,01/10/2014,2.742375304,GPS
,,,,,,,01/11/2014,2.732375304,GPS
,,,,,,,01/12/2014,2.742375304,GPS
,,,,,,,01/13/2014,2.752375304,GPS
,,,,,,,01/14/2014,2.762375304,GPS
,,,,,,,01/15/2014,2.752375304,GPS
,,,,,,,01/16/2014,2.752375304,GPS
,,,,,,,01/17/2014,2.742375304,GPS
,,,,,,,01/18/2014,2.752375304,GPS
,,,,,,,01/19/2014,2.752375304,GPS
,,,,,,,01/20/2014,2.762375304,GPS
,,,,,,,01/21/2014,2.772375304,GPS
,,,,,,,01/22/2014,2.762375304,GPS
,,,,,,,01/23/2014,2.742375304,GPS
,,,,,,,01/24/2014,2.762375304,GPS
,,,,,,,01/25/2014,2.762375304,GPS
,,,,,,,01/26/2014,2.752375304,GPS
,,,,,,,01/27/2014,2.742375304,GPS
,,,,,,,01/28/2014,2.742375304,GPS
,,,,,,,01/29/2014,2.762375304,GPS
,,,,,,,01/30/2014,2.722375304,GPS
,,,,,,,01/31/2014,2.752375304,GPS
,,,,,,,02/01/2014,2.772375304,GPS
,,,,,,,02/02/2014,2.762375304,GPS
,,,,,,,02/03/2014,2.762375304,GPS
,,,,,,,02/04/2014,2.762375304,GPS
,,,,,,,02/05/2014,2.762375304,GPS
,,,,,,,02/06/2014,2.762375304,GPS
,,,,,,,02/07/2014,2.752375304,GPS
,,,,,,,02/08/2014,2.752375304,GPS
,,,,,,,02/09/2014,2.752375304,GPS
,,,,,,,02/10/2014,2.752375304,GPS
,,,,,,,02/11/2014,2.752375304,GPS
,,,,,,,02/12/2014,2.742375304,GPS
,,,,,,,02/13/2014,2.742375304,GPS
,,,,,,,02/14/2014,2.742375304,GPS
,,,,,,,02/15/2014,2.732375304,GPS
,,,,,,,02/16/2014,2.752375304,GPS
,,,,,,,02/17/2014,2.742375304,GPS
,,,,,,,02/18/2014,2.752375304,GPS
,,,,,,,02/19/2014,2.742375304,GPS
,,,,,,,02/20/2014,2.742375304,GPS
,,,,,,,02/21/2014,2.742375304,GPS
,,,,,,,02/22/2014,2.752375304,GPS
,,,,,,,02/23/2014,2.752375304,GPS
,,,,,,,02/24/2014,2.752375304,GPS
,,,,,,,02/25/2014,2.742375304,GPS
,,,,,,,02/26/2014,2.742375304,GPS
,,,,,,,02/27/2014,2.742375304,GPS
,,,,,,,02/28/2014,2.732375304,GPS
,,,,,,,03/01/2014,2.752375304,GPS
,,,,,,,03/02/2014,2.752375304,GPS
,,,,,,,03/03/2014,2.752375304,GPS
,,,,,,,03/04/2014,2.752375304,GPS
,,,,,,,03/05/2014,2.742375304,GPS
,,,,,,,03/06/2014,2.732375304,GPS
,,,,,,,03/07/2014,2.742375304,GPS
,,,,,,,03/08/2014,2.732375304,GPS
,,,,,,,03/09/2014,2.712375304,GPS
,,,,,,,03/10/2014,2.742375304,GPS
,,,,,,,03/11/2014,2.732375304,GPS
,,,,,,,03/12/2014,2.762375304,GPS
,,,,,,,03/13/2014,2.732375304,GPS
,,,,,,,03/14/2014,2.722375304,GPS
,,,,,,,03/15/2014,2.742375304,GPS
,,,,,,,03/16/2014,2.732375304,GPS
,,,,,,,03/17/2014,2.732375304,GPS
,,,,,,,03/18/2014,2.742375304,GPS
,,,,,,,03/19/2014,2.732375304,GPS
,,,,,,,03/20/2014,2.742375304,GPS
,,,,,,,03/21/2014,2.742375304,GPS
,,,,,,,03/22/2014,2.752375304,GPS
,,,,,,,03/23/2014,2.752375304,GPS
,,,,,,,03/24/2014,2.742375304,GPS
,,,,,,,03/25/2014,2.732375304,GPS
,,,,,,,03/26/2014,2.742375304,GPS
,,,,,,,03/27/2014,2.742375304,GPS
,,,,,,,03/28/2014,2.742375304,GPS
,,,,,,,03/29/2014,2.732375304,GPS
,,,,,,,03/30/2014,2.742375304,GPS
,,,,,,,03/31/2014,2.762375304,GPS
,,,,,,,04/01/2014,2.752375304,GPS
,,,,,,,04/02/2014,2.752375304,GPS
,,,,,,,04/03/2014,2.752375304,GPS
,,,,,,,04/04/2014,2.732375304,GPS
,,,,,,,04/05/2014,2.742375304,GPS
,,,,,,,04/06/2014,2.732375304,GPS
,,,,,,,04/07/2014,2.732375304,GPS
,,,,,,,04/08/2014,2.722375304,GPS
,,,,,,,04/09/2014,2.722375304,GPS
,,,,,,,04/10/2014,2.722375304,GPS
,,,,,,,04/11/2014,2.722375304,GPS
,,,,,,,04/12/2014,2.732375304,GPS
,,,,,,,04/13/2014,2.732375304,GPS
,,,,,,,04/14/2014,2.732375304,GPS
,,,,,,,04/15/2014,2.732375304,GPS
,,,,,,,04/16/2014,2.722375304,GPS
,,,,,,,04/17/2014,2.722375304,GPS
,,,,,,,04/18/2014,2.732375304,GPS
,,,,,,,04/19/2014,2.732375304,GPS
,,,,,,,04/20/2014,2.742375304,GPS
,,,,,,,04/21/2014,2.732375304,GPS
,,,,,,,04/22/2014,2.732375304,GPS
,,,,,,,04/23/2014,2.732375304,GPS
,,,,,,,04/24/2014,2.722375304,GPS
,,,,,,,04/25/2014,2.742375304,GPS
,,,,,,,04/26/2014,2.762375304,GPS
,,,,,,,04/27/2014,2.752375304,GPS
,,,,,,,04/28/2014,2.742375304,GPS
,,,,,,,04/29/2014,2.762375304,GPS
,,,,,,,04/30/2014,2.752375304,GPS
,,,,,,,05/01/2014,2.752375304,GPS
,,,,,,,05/02/2014,2.742375304,GPS
,,,,,,,05/03/2014,2.752375304,GPS
,,,,,,,05/04/2014,2.752375304,GPS
,,,,,,,05/05/2014,2.752375304,GPS
,,,,,,,05/06/2014,2.752375304,GPS
,,,,,,,05/07/2014,2.752375304,GPS
,,,,,,,05/08/2014,2.742375304,GPS
,,,,,,,05/09/2014,2.752375304,GPS
,,,,,,,05/10/2014,2.772375304,GPS
,,,,,,,05/11/2014,2.762375304,GPS
,,,,,,,05/12/2014,2.752375304,GPS
,,,,,,,05/13/2014,2.762375304,GPS
,,,,,,,05/14/2014,2.752375304,GPS
,,,,,,,05/15/2014,2.762375304,GPS
,,,,,,,05/16/2014,2.752375304,GPS
,,,,,,,05/17/2014,2.752375304,GPS
,,,,,,,05/18/2014,2.772375304,GPS
,,,,,,,05/19/2014,2.782375304,GPS
,,,,,,,05/20/2014,2.782375304,GPS
,,,,,,,05/21/2014,2.782375304,GPS
,,,,,,,05/22/2014,2.762375304,GPS
,,,,,,,05/23/2014,2.792375304,GPS
,,,,,,,05/24/2014,2.752375304,GPS
,,,,,,,05/25/2014,2.772375304,GPS
,,,,,,,05/26/2014,2.782375304,GPS
,,,,,,,05/27/2014,2.792375304,GPS
,,,,,,,05/28/2014,2.792375304,GPS
,,,,,,,05/29/2014,2.792375304,GPS
,,,,,,,05/30/2014,2.792375304,GPS
,,,,,,,05/31/2014,2.802375304,GPS
,,,,,,,06/01/2014,2.802375304,GPS
,,,,,,,06/02/2014,2.792375304,GPS
,,,,,,,06/03/2014,2.802375304,GPS
,,,,,,,06/04/2014,2.802375304,GPS
,,,,,,,06/05/2014,2.802375304,GPS
,,,,,,,06/06/2014,2.802375304,GPS
,,,,,,,06/07/2014,2.802375304,GPS
,,,,,,,06/08/2014,2.802375304,GPS
,,,,,,,06/09/2014,2.822375304,GPS
,,,,,,,06/10/2014,2.792375304,GPS
,,,,,,,06/11/2014,2.812375304,GPS
,,,,,,,06/12/2014,2.822375304,GPS
,,,,,,,06/13/2014,2.822375304,GPS
,,,,,,,06/14/2014,2.822375304,GPS
,,,,,,,06/15/2014,2.822375304,GPS
,,,,,,,06/16/2014,2.822375304,GPS
,,,,,,,06/17/2014,2.822375304,GPS
,,,,,,,06/18/2014,2.822375304,GPS
,,,,,,,06/19/2014,2.822375304,GPS
,,,,,,,06/20/2014,2.822375304,GPS
,,,,,,,06/21/2014,2.832375304,GPS
,,,,,,,06/22/2014,2.832375304,GPS
,,,,,,,06/23/2014,2.842375304,GPS
,,,,,,,06/24/2014,2.832375304,GPS
,,,,,,,06/25/2014,2.822375304,GPS
,,,,,,,06/26/2014,2.812375304,GPS
,,,,,,,06/27/2014,2.812375304,GPS
,,,,,,,06/28/2014,2.832375304,GPS
,,,,,,,06/29/2014,2.832375304,GPS
,,,,,,,06/30/2014,2.832375304,GPS
,,,,,,,07/01/2014,2.832375304,GPS
,,,,,,,07/02/2014,2.852375304,GPS
,,,,,,,07/03/2014,2.842375304,GPS
,,,,,,,07/04/2014,2.842375304,GPS
,,,,,,,07/05/2014,2.852375304,GPS
,,,,,,,07/06/2014,2.852375304,GPS
,,,,,,,07/07/2014,2.852375304,GPS
,,,,,,,07/08/2014,2.812375304,GPS
,,,,,,,07/09/2014,2.842375304,GPS
,,,,,,,07/10/2014,2.842375304,GPS
,,,,,,,07/11/2014,2.842375304,GPS
,,,,,,,07/12/2014,2.862375304,GPS
,,,,,,,07/13/2014,2.862375304,GPS
,,,,,,,07/14/2014,2.852375304,GPS
,,,,,,,07/15/2014,2.852375304,GPS
,,,,,,,07/16/2014,2.852375304,GPS
,,,,,,,07/17/2014,2.832375304,GPS
,,,,,,,07/18/2014,2.862375304,GPS
,,,,,,,07/19/2014,2.852375304,GPS
,,,,,,,07/20/2014,2.842375304,GPS
,,,,,,,07/21/2014,2.852375304,GPS
,,,,,,,07/22/2014,2.842375304,GPS
,,,,,,,07/23/2014,2.862375304,GPS
,,,,,,,07/24/2014,2.882375304,GPS
,,,,,,,07/25/2014,2.852375304,GPS
,,,,,,,07/26/2014,2.852375304,GPS
,,,,,,,07/27/2014,2.842375304,GPS
,,,,,,,07/28/2014,2.862375304,GPS
,,,,,,,07/29/2014,2.852375304,GPS
,,,,,,,07/30/2014,2.862375304,GPS
,,,,,,,07/31/2014,2.852375304,GPS
,,,,,,,08/01/2014,2.862375304,GPS
,,,,,,,08/02/2014,2.842375304,GPS
,,,,,,,08/03/2014,2.872375304,GPS
,,,,,,,08/04/2014,2.872375304,GPS
,,,,,,,08/05/2014,2.872375304,GPS
,,,,,,,08/06/2014,2.862375304,GPS
,,,,,,,08/07/2014,2.872375304,GPS
,,,,,,,08/08/2014,2.852375304,GPS
,,,,,,,08/09/2014,2.872375304,GPS
,,,,,,,08/10/2014,2.872375304,GPS
,,,,,,,08/11/2014,2.892375304,GPS
,,,,,,,08/12/2014,2.882375304,GPS
,,,,,,,08/13/2014,2.862375304,GPS
,,,,,,,08/14/2014,2.872375304,GPS
,,,,,,,08/15/2014,2.872375304,GPS
,,,,,,,08/16/2014,2.882375304,GPS
,,,,,,,08/17/2014,2.882375304,GPS
,,,,,,,08/18/2014,2.862375304,GPS
,,,,,,,08/19/2014,2.882375304,GPS
,,,,,,,08/20/2014,2.862375304,GPS
,,,,,,,08/21/2014,2.862375304,GPS
,,,,,,,08/22/2014,2.862375304,GPS
,,,,,,,08/23/2014,2.872375304,GPS
,,,,,,,08/24/2014,2.872375304,GPS
,,,,,,,08/25/2014,2.862375304,GPS
,,,,,,,08/26/2014,2.872375304,GPS
,,,,,,,08/27/2014,2.862375304,GPS
,,,,,,,08/28/2014,2.872375304,GPS
,,,,,,,08/29/2014,2.852375304,GPS
,,,,,,,08/30/2014,2.852375304,GPS
,,,,,,,08/31/2014,2.842375304,GPS
,,,,,,,09/01/2014,2.852375304,GPS
,,,,,,,09/02/2014,2.862375304,GPS
,,,,,,,09/03/2014,2.862375304,GPS
,,,,,,,09/04/2014,2.842375304,GPS
,,,,,,,09/05/2014,2.872375304,GPS
,,,,,,,09/06/2014,2.882375304,GPS
,,,,,,,09/07/2014,2.862375304,GPS
,,,,,,,09/08/2014,2.862375304,GPS
,,,,,,,09/09/2014,2.862375304,GPS
,,,,,,,09/10/2014,2.862375304,GPS
,,,,,,,09/11/2014,2.872375304,GPS
,,,,,,,09/12/2014,2.872375304,GPS
,,,,,,,09/13/2014,2.872375304,GPS
,,,,,,,09/14/2014,2.852375304,GPS
,,,,,,,09/15/2014,2.852375304,GPS
,,,,,,,09/16/2014,2.872375304,GPS
,,,,,,,09/17/2014,2.872375304,GPS
,,,,,,,09/18/2014,2.852375304,GPS
,,,,,,,09/19/2014,2.852375304,GPS
,,,,,,,09/20/2014,2.842375304,GPS
,,,,,,,09/21/2014,2.872375304,GPS
,,,,,,,09/22/2014,2.862375304,GPS
,,,,,,,09/23/2014,2.862375304,GPS
,,,,,,,09/24/2014,2.872375304,GPS
,,,,,,,09/25/2014,2.892375304,GPS
,,,,,,,09/26/2014,2.872375304,GPS
,,,,,,,09/27/2014,2.872375304,GPS
,,,,,,,09/28/2014,2.882375304,GPS
,,,,,,,09/29/2014,2.872375304,GPS
,,,,,,,09/30/2014,2.872375304,GPS
,,,,,,,10/01/2014,2.872375304,GPS
,,,,,,,10/02/2014,2.872375304,GPS
,,,,,,,10/03/2014,2.862375304,GPS
,,,,,,,10/04/2014,2.872375304,GPS
,,,,,,,10/05/2014,2.852375304,GPS
,,,,,,,10/06/2014,2.862375304,GPS
,,,,,,,10/07/2014,2.862375304,GPS
,,,,,,,10/08/2014,2.862375304,GPS
,,,,,,,10/09/2014,2.862375304,GPS
,,,,,,,10/10/2014,2.862375304,GPS
,,,,,,,10/11/2014,2.862375304,GPS
,,,,,,,10/12/2014,2.852375304,GPS
,,,,,,,10/13/2014,2.862375304,GPS
,,,,,,,10/14/2014,2.832375304,GPS
,,,,,,,10/15/2014,2.842375304,GPS
,,,,,,,10/16/2014,2.852375304,GPS
,,,,,,,10/17/2014,2.842375304,GPS
,,,,,,,10/18/2014,2.852375304,GPS
,,,,,,,10/19/2014,2.822375304,GPS
,,,,,,,10/20/2014,2.842375304,GPS
,,,,,,,10/21/2014,2.862375304,GPS
,,,,,,,10/22/2014,2.862375304,GPS
,,,,,,,10/23/2014,2.852375304,GPS
,,,,,,,10/24/2014,2.852375304,GPS
,,,,,,,10/25/2014,2.842375304,GPS
,,,,,,,10/26/2014,2.852375304,GPS
,,,,,,,10/27/2014,2.852375304,GPS
,,,,,,,10/28/2014,2.842375304,GPS
,,,,,,,10/29/2014,2.852375304,GPS
,,,,,,,10/30/2014,2.852375304,GPS
,,,,,,,10/31/2014,2.832375304,GPS
,,,,,,,11/01/2014,2.842375304,GPS
,,,,,,,11/02/2014,2.852375304,GPS
,,,,,,,11/03/2014,2.862375304,GPS
,,,,,,,11/04/2014,2.852375304,GPS
,,,,,,,11/05/2014,2.842375304,GPS
,,,,,,,11/06/2014,2.832375304,GPS
,,,,,,,11/07/2014,2.842375304,GPS
,,,,,,,11/08/2014,2.822375304,GPS
,,,,,,,11/09/2014,2.812375304,GPS
,,,,,,,11/10/2014,2.812375304,GPS
,,,,,,,11/11/2014,2.832375304,GPS
,,,,,,,11/12/2014,2.842375304,GPS
,,,,,,,11/13/2014,2.842375304,GPS
,,,,,,,11/14/2014,2.852375304,GPS
,,,,,,,11/15/2014,2.842375304,GPS
,,,,,,,11/16/2014,2.832375304,GPS
,,,,,,,11/17/2014,2.842375304,GPS
,,,,,,,11/18/2014,2.832375304,GPS
,,,,,,,11/19/2014,2.832375304,GPS
,,,,,,,11/20/2014,2.832375304,GPS
,,,,,,,11/21/2014,2.832375304,GPS
,,,,,,,11/22/2014,2.822375304,GPS
,,,,,,,11/23/2014,2.832375304,GPS
,,,,,,,11/24/2014,2.832375304,GPS
,,,,,,,11/25/2014,2.852375304,GPS
,,,,,,,11/26/2014,2.862375304,GPS
,,,,,,,11/27/2014,2.832375304,GPS
,,,,,,,11/28/2014,2.822375304,GPS
,,,,,,,11/29/2014,2.822375304,GPS
,,,,,,,11/30/2014,2.802375304,GPS
,,,,,,,12/01/2014,2.832375304,GPS
,,,,,,,12/02/2014,2.822375304,GPS
,,,,,,,12/03/2014,2.802375304,GPS
,,,,,,,12/04/2014,2.832375304,GPS
,,,,,,,12/05/2014,2.842375304,GPS
,,,,,,,12/06/2014,2.842375304,GPS
,,,,,,,12/07/2014,2.852375304,GPS
,,,,,,,12/08/2014,2.842375304,GPS
,,,,,,,12/09/2014,2.832375304,GPS
,,,,,,,12/10/2014,2.822375304,GPS
,,,,,,,12/11/2014,2.822375304,GPS
,,,,,,,12/12/2014,2.832375304,GPS
,,,,,,,12/13/2014,2.862375304,GPS
,,,,,,,12/14/2014,2.852375304,GPS
,,,,,,,12/15/2014,2.842375304,GPS
,,,,,,,12/16/2014,2.852375304,GPS
,,,,,,,12/17/2014,2.842375304,GPS
,,,,,,,12/18/2014,2.842375304,GPS
,,,,,,,12/19/2014,2.862375304,GPS
,,,,,,,12/20/2014,2.872375304,GPS
,,,,,,,12/21/2014,2.842375304,GPS
,,,,,,,12/22/2014,2.842375304,GPS
,,,,,,,12/23/2014,2.842375304,GPS
,,,,,,,12/24/2014,2.842375304,GPS
,,,,,,,12/25/2014,2.852375304,GPS
,,,,,,,12/26/2014,2.852375304,GPS
,,,,,,,12/27/2014,2.852375304,GPS
,,,,,,,12/28/2014,2.852375304,GPS
,,,,,,,12/29/2014,2.852375304,GPS
,,,,,,,12/30/2014,2.862375304,GPS
,,,,,,,12/31/2014,2.842375304,GPS
,,,,,,,01/01/2015,2.842375304,GPS
,,,,,,,01/02/2015,2.842375304,GPS
,,,,,,,01/03/2015,2.832375304,GPS
,,,,,,,01/04/2015,2.842375304,GPS
,,,,,,,01/05/2015,2.842375304,GPS
,,,,,,,01/06/2015,2.832375304,GPS
,,,,,,,01/07/2015,2.832375304,GPS
,,,,,,,01/08/2015,2.832375304,GPS
,,,,,,,01/09/2015,2.822375304,GPS
,,,,,,,01/10/2015,2.822375304,GPS
,,,,,,,01/11/2015,2.822375304,GPS
,,,,,,,01/12/2015,2.822375304,GPS
,,,,,,,01/13/2015,2.832375304,GPS
,,,,,,,01/14/2015,2.832375304,GPS
,,,,,,,01/15/2015,2.832375304,GPS
,,,,,,,01/16/2015,2.822375304,GPS
,,,,,,,01/17/2015,2.822375304,GPS
,,,,,,,01/18/2015,2.822375304,GPS
,,,,,,,01/19/2015,2.842375304,GPS
,,,,,,,01/20/2015,2.822375304,GPS
,,,,,,,01/21/2015,2.832375304,GPS
,,,,,,,01/22/2015,2.822375304,GPS
,,,,,,,01/23/2015,2.822375304,GPS
,,,,,,,01/24/2015,2.822375304,GPS
,,,,,,,01/25/2015,2.822375304,GPS
,,,,,,,01/26/2015,2.812375304,GPS
,,,,,,,01/27/2015,2.802375304,GPS
,,,,,,,01/28/2015,2.832375304,GPS
,,,,,,,01/29/2015,2.822375304,GPS
,,,,,,,01/30/2015,2.832375304,GPS
,,,,,,,01/31/2015,2.812375304,GPS
,,,,,,,02/01/2015,2.812375304,GPS
,,,,,,,02/02/2015,2.822375304,GPS
,,,,,,,02/03/2015,2.802375304,GPS
,,,,,,,02/04/2015,2.802375304,GPS
,,,,,,,02/05/2015,2.802375304,GPS
,,,,,,,02/06/2015,2.812375304,GPS
,,,,,,,02/07/2015,2.812375304,GPS
,,,,,,,02/08/2015,2.812375304,GPS
,,,,,,,02/09/2015,2.822375304,GPS
,,,,,,,02/10/2015,2.822375304,GPS
,,,,,,,02/11/2015,2.822375304,GPS
,,,,,,,02/12/2015,2.812375304,GPS
,,,,,,,02/13/2015,2.822375304,GPS
,,,,,,,02/14/2015,2.802375304,GPS
,,,,,,,02/15/2015,2.802375304,GPS
,,,,,,,02/16/2015,2.802375304,GPS
,,,,,,,02/17/2015,2.802375304,GPS
,,,,,,,02/18/2015,2.812375304,GPS
,,,,,,,02/19/2015,2.822375304,GPS
,,,,,,,02/20/2015,2.812375304,GPS
,,,,,,,02/21/2015,2.802375304,GPS
,,,,,,,02/22/2015,2.812375304,GPS
,,,,,,,02/23/2015,2.822375304,GPS
,,,,,,,02/24/2015,2.822375304,GPS
,,,,,,,02/25/2015,2.812375304,GPS
,,,,,,,02/26/2015,2.802375304,GPS
,,,,,,,02/27/2015,2.792375304,GPS
,,,,,,,02/28/2015,2.802375304,GPS
,,,,,,,03/01/2015,2.822375304,GPS
,,,,,,,03/02/2015,2.812375304,GPS
,,,,,,,03/03/2015,2.812375304,GPS
,,,,,,,03/04/2015,2.812375304,GPS
,,,,,,,03/05/2015,2.822375304,GPS
,,,,,,,03/06/2015,2.822375304,GPS
,,,,,,,03/07/2015,2.822375304,GPS
,,,,,,,03/08/2015,2.802375304,GPS
,,,,,,,03/09/2015,2.802375304,GPS
,,,,,,,03/10/2015,2.812375304,GPS
,,,,,,,03/11/2015,2.802375304,GPS
,,,,,,,03/12/2015,2.812375304,GPS
,,,,,,,03/13/2015,2.812375304,GPS
,,,,,,,03/14/2015,2.792375304,GPS
,,,,,,,03/15/2015,2.782375304,GPS
,,,,,,,03/16/2015,2.802375304,GPS
,,,,,,,03/17/2015,2.802375304,GPS
,,,,,,,03/18/2015,2.812375304,GPS
,,,,,,,03/19/2015,2.802375304,GPS
,,,,,,,03/20/2015,2.802375304,GPS
,,,,,,,03/21/2015,2.802375304,GPS
,,,,,,,03/22/2015,2.812375304,GPS
,,,,,,,03/23/2015,2.792375304,GPS
,,,,,,,03/24/2015,2.812375304,GPS
,,,,,,,03/25/2015,2.812375304,GPS
,,,,,,,03/26/2015,2.802375304,GPS
,,,,,,,03/27/2015,2.792375304,GPS
,,,,,,,03/28/2015,2.812375304,GPS
,,,,,,,03/29/2015,2.822375304,GPS
,,,,,,,03/30/2015,2.812375304,GPS
,,,,,,,03/31/2015,2.812375304,GPS
,,,,,,,04/01/2015,2.812375304,GPS
,,,,,,,04/02/2015,2.812375304,GPS
,,,,,,,04/03/2015,2.822375304,GPS
,,,,,,,04/04/2015,2.802375304,GPS
,,,,,,,04/05/2015,2.812375304,GPS
,,,,,,,04/06/2015,2.802375304,GPS
,,,,,,,04/07/2015,2.812375304,GPS
,,,,,,,04/08/2015,2.822375304,GPS
,,,,,,,04/09/2015,2.822375304,GPS
,,,,,,,04/10/2015,2.812375304,GPS
,,,,,,,04/11/2015,2.802375304,GPS
,,,,,,,04/12/2015,2.812375304,GPS
,,,,,,,04/13/2015,2.812375304,GPS
,,,,,,,04/14/2015,2.842375304,GPS
,,,,,,,04/15/2015,2.822375304,GPS
,,,,,,,04/16/2015,2.822375304,GPS
,,,,,,,04/17/2015,2.802375304,GPS
,,,,,,,04/18/2015,2.822375304,GPS
,,,,,,,04/19/2015,2.812375304,GPS
,,,,,,,04/20/2015,2.822375304,GPS
,,,,,,,04/21/2015,2.812375304,GPS
,,,,,,,04/22/2015,2.832375304,GPS
,,,,,,,04/23/2015,2.822375304,GPS
,,,,,,,04/24/2015,2.812375304,GPS
,,,,,,,04/25/2015,2.842375304,GPS
,,,,,,,04/26/2015,2.822375304,GPS
,,,,,,,04/27/2015,2.822375304,GPS
,,,,,,,04/28/2015,2.832375304,GPS
,,,,,,,04/29/2015,2.812375304,GPS
,,,,,,,04/30/2015,2.822375304,GPS
,,,,,,,05/01/2015,2.842375304,GPS
,,,,,,,05/02/2015,2.832375304,GPS
,,,,,,,05/03/2015,2.832375304,GPS
,,,,,,,05/04/2015,2.842375304,GPS
,,,,,,,05/05/2015,2.822375304,GPS
,,,,,,,05/06/2015,2.842375304,GPS
,,,,,,,05/07/2015,2.832375304,GPS
,,,,,,,05/08/2015,2.852375304,GPS
,,,,,,,05/09/2015,2.852375304,GPS
,,,,,,,05/10/2015,2.842375304,GPS
,,,,,,,05/11/2015,2.842375304,GPS
,,,,,,,05/12/2015,2.832375304,GPS
,,,,,,,05/13/2015,2.862375304,GPS
,,,,,,,05/14/2015,2.862375304,GPS
,,,,,,,05/15/2015,2.852375304,GPS
,,,,,,,05/16/2015,2.852375304,GPS
,,,,,,,05/17/2015,2.862375304,GPS
,,,,,,,05/18/2015,2.872375304,GPS
,,,,,,,05/19/2015,2.872375304,GPS
,,,,,,,05/20/2015,2.862375304,GPS
,,,,,,,05/21/2015,2.852375304,GPS
,,,,,,,05/22/2015,2.852375304,GPS
,,,,,,,05/23/2015,2.862375304,GPS
,,,,,,,05/24/2015,2.862375304,GPS
,,,,,,,05/25/2015,2.862375304,GPS
,,,,,,,05/26/2015,2.872375304,GPS
,,,,,,,05/27/2015,2.862375304,GPS
,,,,,,,05/28/2015,2.862375304,GPS
,,,,,,,05/29/2015,2.862375304,GPS
,,,,,,,05/30/2015,2.862375304,GPS
,,,,,,,05/31/2015,2.862375304,GPS
,,,,,,,06/01/2015,2.862375304,GPS
,,,,,,,06/02/2015,2.872375304,GPS
,,,,,,,06/03/2015,2.872375304,GPS
,,,,,,,06/04/2015,2.892375304,GPS
,,,,,,,06/05/2015,2.872375304,GPS
,,,,,,,06/06/2015,2.872375304,GPS
,,,,,,,06/07/2015,2.882375304,GPS
,,,,,,,06/08/2015,2.872375304,GPS
,,,,,,,06/09/2015,2.862375304,GPS
,,,,,,,06/10/2015,2.852375304,GPS
,,,,,,,06/11/2015,2.862375304,GPS
,,,,,,,06/12/2015,2.862375304,GPS
,,,,,,,06/13/2015,2.872375304,GPS
,,,,,,,06/14/2015,2.872375304,GPS
,,,,,,,06/15/2015,2.872375304,GPS
,,,,,,,06/16/2015,2.882375304,GPS
,,,,,,,06/17/2015,2.882375304,GPS
,,,,,,,06/18/2015,2.882375304,GPS
,,,,,,,06/19/2015,2.872375304,GPS
,,,,,,,06/20/2015,2.872375304,GPS
,,,,,,,06/21/2015,2.872375304,GPS
,,,,,,,06/22/2015,2.862375304,GPS
,,,,,,,06/23/2015,2.882375304,GPS
,,,,,,,06/24/2015,2.892375304,GPS
,,,,,,,06/25/2015,2.892375304,GPS
,,,,,,,06/26/2015,2.892375304,GPS
,,,,,,,06/27/2015,2.912375304,GPS
,,,,,,,06/28/2015,2.882375304,GPS
,,,,,,,06/29/2015,2.912375304,GPS
,,,,,,,06/30/2015,2.872375304,GPS
,,,,,,,07/01/2015,2.882375304,GPS
,,,,,,,07/02/2015,2.882375304,GPS
,,,,,,,07/03/2015,2.902375304,GPS
,,,,,,,07/04/2015,2.902375304,GPS
,,,,,,,07/05/2015,2.902375304,GPS
,,,,,,,07/06/2015,2.902375304,GPS
,,,,,,,07/07/2015,2.902375304,GPS
,,,,,,,07/08/2015,2.922375304,GPS
,,,,,,,07/09/2015,2.912375304,GPS
,,,,,,,07/10/2015,2.902375304,GPS
,,,,,,,07/11/2015,2.922375304,GPS
,,,,,,,07/12/2015,2.912375304,GPS
,,,,,,,07/13/2015,2.892375304,GPS
,,,,,,,07/14/2015,2.902375304,GPS
,,,,,,,07/15/2015,2.902375304,GPS
,,,,,,,07/16/2015,2.882375304,GPS
,,,,,,,07/17/2015,2.902375304,GPS
,,,,,,,07/18/2015,2.892375304,GPS
,,,,,,,07/19/2015,2.892375304,GPS
,,,,,,,07/20/2015,2.902375304,GPS
,,,,,,,07/21/2015,2.892375304,GPS
,,,,,,,07/22/2015,2.882375304,GPS
,,,,,,,07/23/2015,2.902375304,GPS
,,,,,,,07/24/2015,2.932375304,GPS
,,,,,,,07/25/2015,2.912375304,GPS
,,,,,,,07/26/2015,2.932375304,GPS
,,,,,,,07/27/2015,2.912375304,GPS
,,,,,,,07/28/2015,2.912375304,GPS
,,,,,,,07/29/2015,2.902375304,GPS
,,,,,,,07/30/2015,2.902375304,GPS
,,,,,,,07/31/2015,2.922375304,GPS
,,,,,,,08/01/2015,2.902375304,GPS
,,,,,,,08/02/2015,2.922375304,GPS
,,,,,,,08/03/2015,2.912375304,GPS
,,,,,,,08/04/2015,2.922375304,GPS
,,,,,,,08/05/2015,2.922375304,GPS
,,,,,,,08/06/2015,2.922375304,GPS
,,,,,,,08/07/2015,2.892375304,GPS
,,,,,,,08/08/2015,2.912375304,GPS
,,,,,,,08/09/2015,2.912375304,GPS
,,,,,,,08/10/2015,2.922375304,GPS
,,,,,,,08/11/2015,2.922375304,GPS
,,,,,,,08/12/2015,2.902375304,GPS
,,,,,,,08/13/2015,2.922375304,GPS
,,,,,,,08/14/2015,2.932375304,GPS
,,,,,,,08/15/2015,2.912375304,GPS
,,,,,,,08/16/2015,2.912375304,GPS
,,,,,,,08/17/2015,2.902375304,GPS
,,,,,,,08/18/2015,2.902375304,GPS
,,,,,,,08/19/2015,2.902375304,GPS
,,,,,,,08/20/2015,2.922375304,GPS
,,,,,,,08/21/2015,2.922375304,GPS
,,,,,,,08/22/2015,2.932375304,GPS
,,,,,,,08/23/2015,2.932375304,GPS
,,,,,,,08/24/2015,2.912375304,GPS
,,,,,,,08/25/2015,2.922375304,GPS
,,,,,,,08/26/2015,2.912375304,GPS
,,,,,,,08/27/2015,2.912375304,GPS
,,,,,,,08/28/2015,2.902375304,GPS
,,,,,,,08/29/2015,2.912375304,GPS
,,,,,,,08/30/2015,2.912375304,GPS
,,,,,,,08/31/2015,2.912375304,GPS
,,,,,,,09/01/2015,2.912375304,GPS
,,,,,,,09/02/2015,2.912375304,GPS
,,,,,,,09/03/2015,2.912375304,GPS
,,,,,,,09/04/2015,2.932375304,GPS
,,,,,,,09/05/2015,2.922375304,GPS
,,,,,,,09/06/2015,2.922375304,GPS
,,,,,,,09/07/2015,2.922375304,GPS
,,,,,,,09/08/2015,2.912375304,GPS
,,,,,,,09/09/2015,2.902375304,GPS
,,,,,,,09/10/2015,2.902375304,GPS
,,,,,,,09/11/2015,2.912375304,GPS
,,,,,,,09/12/2015,2.902375304,GPS
,,,,,,,09/13/2015,2.932375304,GPS
,,,,,,,09/14/2015,2.912375304,GPS
,,,,,,,09/15/2015,2.912375304,GPS
,,,,,,,09/16/2015,2.922375304,GPS
,,,,,,,09/17/2015,2.912375304,GPS
,,,,,,,09/18/2015,2.922375304,GPS
,,,,,,,09/19/2015,2.892375304,GPS
,,,,,,,09/20/2015,2.902375304,GPS
,,,,,,,09/21/2015,2.902375304,GPS
,,,,,,,09/22/2015,2.892375304,GPS
,,,,,,,09/23/2015,2.912375304,GPS
,,,,,,,09/24/2015,2.912375304,GPS
,,,,,,,09/25/2015,2.892375304,GPS
,,,,,,,09/26/2015,2.892375304,GPS
,,,,,,,09/27/2015,2.892375304,GPS
,,,,,,,09/28/2015,2.902375304,GPS
,,,,,,,09/29/2015,2.902375304,GPS
,,,,,,,09/30/2015,2.902375304,GPS
,,,,,,,10/01/2015,2.902375304,GPS
,,,,,,,10/02/2015,2.922375304,GPS
,,,,,,,10/03/2015,2.902375304,GPS
,,,,,,,10/04/2015,2.892375304,GPS
,,,,,,,10/05/2015,2.902375304,GPS
,,,,,,,10/06/2015,2.902375304,GPS
,,,,,,,10/07/2015,2.902375304,GPS
,,,,,,,10/08/2015,2.902375304,GPS
,,,,,,,10/09/2015,2.882375304,GPS
,,,,,,,10/10/2015,2.882375304,GPS
,,,,,,,10/11/2015,2.882375304,GPS
,,,,,,,10/12/2015,2.882375304,GPS
,,,,,,,10/13/2015,2.882375304,GPS
,,,,,,,10/14/2015,2.872375304,GPS
,,,,,,,10/15/2015,2.882375304,GPS
,,,,,,,10/16/2015,2.892375304,GPS
,,,,,,,10/17/2015,2.892375304,GPS
,,,,,,,10/18/2015,2.882375304,GPS
,,,,,,,10/19/2015,2.892375304,GPS
,,,,,,,10/20/2015,2.892375304,GPS
,,,,,,,10/21/2015,2.892375304,GPS
,,,,,,,10/22/2015,2.882375304,GPS
,,,,,,,10/23/2015,2.892375304,GPS
,,,,,,,10/24/2015,2.892375304,GPS
,,,,,,,10/25/2015,2.892375304,GPS
,,,,,,,10/26/2015,2.892375304,GPS
,,,,,,,10/27/2015,2.882375304,GPS
,,,,,,,10/28/2015,2.892375304,GPS
,,,,,,,10/29/2015,2.882375304,GPS
,,,,,,,10/30/2015,2.862375304,GPS
,,,,,,,10/31/2015,2.862375304,GPS
,,,,,,,11/01/2015,2.882375304,GPS
,,,,,,,11/02/2015,2.892375304,GPS
,,,,,,,11/03/2015,2.902375304,GPS
,,,,,,,11/04/2015,2.892375304,GPS
,,,,,,,11/05/2015,2.892375304,GPS
,,,,,,,11/06/2015,2.892375304,GPS
,,,,,,,11/07/2015,2.892375304,GPS
,,,,,,,11/08/2015,2.892375304,GPS
,,,,,,,11/09/2015,2.902375304,GPS
,,,,,,,11/10/2015,2.892375304,GPS
,,,,,,,11/11/2015,2.902375304,GPS
,,,,,,,11/12/2015,2.882375304,GPS
,,,,,,,11/13/2015,2.882375304,GPS
,,,,,,,11/14/2015,2.892375304,GPS
,,,,,,,11/15/2015,2.892375304,GPS
,,,,,,,11/16/2015,2.882375304,GPS
,,,,,,,11/17/2015,2.882375304,GPS
,,,,,,,11/18/2015,2.872375304,GPS
,,,,,,,11/19/2015,2.882375304,GPS
,,,,,,,11/20/2015,2.892375304,GPS
,,,,,,,11/21/2015,2.892375304,GPS
,,,,,,,11/22/2015,2.882375304,GPS
,,,,,,,11/23/2015,2.882375304,GPS
,,,,,,,11/24/2015,2.882375304,GPS
,,,,,,,11/25/2015,2.892375304,GPS
,,,,,,,11/26/2015,2.902375304,GPS
,,,,,,,11/27/2015,2.912375304,GPS
,,,,,,,11/28/2015,2.902375304,GPS
,,,,,,,11/29/2015,2.902375304,GPS
,,,,,,,11/30/2015,2.912375304,GPS
,,,,,,,12/01/2015,2.902375304,GPS
,,,,,,,12/02/2015,2.882375304,GPS
,,,,,,,12/03/2015,2.892375304,GPS
,,,,,,,12/04/2015,2.882375304,GPS
,,,,,,,12/05/2015,2.892375304,GPS
,,,,,,,12/06/2015,2.882375304,GPS
,,,,,,,12/07/2015,2.892375304,GPS
,,,,,,,12/08/2015,2.882375304,GPS
,,,,,,,12/09/2015,2.892375304,GPS
,,,,,,,12/10/2015,2.852375304,GPS
,,,,,,,12/11/2015,2.882375304,GPS
,,,,,,,12/12/2015,2.892375304,GPS
,,,,,,,12/13/2015,2.862375304,GPS
,,,,,,,12/14/2015,2.872375304,GPS
,,,,,,,12/15/2015,2.882375304,GPS
,,,,,,,12/16/2015,2.882375304,GPS
,,,,,,,12/17/2015,2.882375304,GPS
,,,,,,,12/18/2015,2.892375304,GPS
,,,,,,,12/19/2015,2.882375304,GPS
,,,,,,,12/20/2015,2.872375304,GPS
,,,,,,,12/21/2015,2.852375304,GPS
,,,,,,,12/22/2015,2.862375304,GPS
,,,,,,,12/23/2015,2.872375304,GPS
,,,,,,,12/24/2015,2.882375304,GPS
,,,,,,,12/25/2015,2.892375304,GPS
,,,,,,,12/26/2015,2.902375304,GPS
,,,,,,,12/27/2015,2.892375304,GPS
,,,,,,,12/28/2015,2.892375304,GPS
,,,,,,,12/29/2015,2.902375304,GPS
,,,,,,,12/30/2015,2.902375304,GPS
,,,,,,,12/31/2015,2.892375304,GPS
,,,,,,,01/01/2016,2.892375304,GPS
,,,,,,,01/02/2016,2.892375304,GPS
,,,,,,,01/03/2016,2.892375304,GPS
,,,,,,,01/04/2016,2.882375304,GPS
,,,,,,,01/05/2016,2.872375304,GPS
,,,,,,,01/06/2016,2.882375304,GPS
,,,,,,,01/07/2016,2.882375304,GPS
,,,,,,,01/08/2016,2.882375304,GPS
,,,,,,,01/09/2016,2.892375304,GPS
,,,,,,,01/10/2016,2.892375304,GPS
,,,,,,,01/11/2016,2.892375304,GPS
,,,,,,,01/12/2016,2.882375304,GPS
,,,,,,,01/13/2016,2.872375304,GPS
,,,,,,,01/14/2016,2.872375304,GPS
,,,,,,,01/15/2016,2.872375304,GPS
,,,,,,,01/16/2016,2.862375304,GPS
,,,,,,,01/17/2016,2.882375304,GPS
,,,,,,,01/18/2016,2.882375304,GPS
,,,,,,,01/19/2016,2.892375304,GPS
,,,,,,,01/20/2016,2.892375304,GPS
,,,,,,,01/21/2016,2.882375304,GPS
,,,,,,,01/22/2016,2.882375304,GPS
,,,,,,,01/23/2016,2.892375304,GPS
,,,,,,,01/24/2016,2.892375304,GPS
,,,,,,,01/25/2016,2.882375304,GPS
,,,,,,,01/26/2016,2.902375304,GPS
,,,,,,,01/27/2016,2.902375304,GPS
,,,,,,,01/28/2016,2.882375304,GPS
,,,,,,,01/29/2016,2.852375304,GPS
,,,,,,,01/30/2016,2.862375304,GPS
,,,,,,,01/31/2016,2.872375304,GPS
,,,,,,,02/01/2016,2.882375304,GPS
,,,,,,,02/02/2016,2.882375304,GPS
,,,,,,,02/03/2016,2.892375304,GPS
,,,,,,,02/04/2016,2.892375304,GPS
,,,,,,,02/05/2016,2.892375304,GPS
,,,,,,,02/06/2016,2.892375304,GPS
,,,,,,,02/07/2016,2.892375304,GPS
,,,,,,,02/08/2016,2.892375304,GPS
,,,,,,,02/09/2016,2.892375304,GPS
,,,,,,,02/10/2016,2.882375304,GPS
,,,,,,,02/11/2016,2.882375304,GPS
,,,,,,,02/12/2016,2.882375304,GPS
,,,,,,,02/13/2016,2.892375304,GPS
,,,,,,,02/14/2016,2.862375304,GPS
,,,,,,,02/15/2016,2.862375304,GPS
,,,,,,,02/16/2016,2.862375304,GPS
,,,,,,,02/17/2016,2.852375304,GPS
,,,,,,,02/18/2016,2.862375304,GPS
,,,,,,,02/19/2016,2.872375304,GPS
,,,,,,,02/20/2016,2.892375304,GPS
,,,,,,,02/21/2016,2.892375304,GPS
,,,,,,,02/22/2016,2.892375304,GPS
,,,,,,,02/23/2016,2.882375304,GPS
,,,,,,,02/24/2016,2.872375304,GPS
,,,,,,,02/25/2016,2.872375304,GPS
,,,,,,,02/26/2016,2.882375304,GPS
,,,,,,,02/27/2016,2.882375304,GPS
,,,,,,,02/28/2016,2.882375304,GPS
,,,,,,,02/29/2016,2.882375304,GPS
,,,,,,,03/01/2016,2.882375304,GPS
,,,,,,,03/02/2016,2.882375304,GPS
,,,,,,,03/03/2016,2.882375304,GPS
,,,,,,,03/04/2016,2.882375304,GPS
,,,,,,,03/05/2016,2.872375304,GPS
,,,,,,,03/06/2016,2.892375304,GPS
,,,,,,,03/07/2016,2.882375304,GPS
,,,,,,,03/08/2016,2.882375304,GPS
,,,,,,,03/09/2016,2.882375304,GPS
,,,,,,,03/10/2016,2.862375304,GPS
,,,,,,,03/11/2016,2.872375304,GPS
,,,,,,,03/12/2016,2.892375304,GPS
,,,,,,,03/13/2016,2.882375304,GPS
,,,,,,,03/14/2016,2.892375304,GPS
,,,,,,,03/15/2016,2.902375304,GPS
,,,,,,,03/16/2016,2.892375304,GPS
,,,,,,,03/17/2016,2.882375304,GPS
,,,,,,,03/18/2016,2.892375304,GPS
,,,,,,,03/19/2016,2.882375304,GPS
,,,,,,,03/20/2016,2.892375304,GPS
,,,,,,,03/21/2016,2.882375304,GPS
,,,,,,,03/22/2016,2.902375304,GPS
,,,,,,,03/23/2016,2.892375304,GPS
,,,,,,,03/24/2016,2.882375304,GPS
,,,,,,,03/25/2016,2.882375304,GPS
,,,,,,,03/26/2016,2.862375304,GPS
,,,,,,,03/27/2016,2.882375304,GPS
,,,,,,,03/28/2016,2.872375304,GPS
,,,,,,,03/29/2016,2.872375304,GPS
,,,,,,,03/30/2016,2.882375304,GPS
,,,,,,,03/31/2016,2.872375304,GPS
,,,,,,,04/01/2016,2.872375304,GPS
,,,,,,,04/02/2016,2.882375304,GPS
,,,,,,,04/03/2016,2.882375304,GPS
,,,,,,,04/04/2016,2.872375304,GPS
,,,,,,,04/05/2016,2.892375304,GPS
,,,,,,,04/06/2016,2.882375304,GPS
,,,,,,,04/07/2016,2.872375304,GPS
,,,,,,,04/08/2016,2.872375304,GPS
,,,,,,,04/09/2016,2.882375304,GPS
,,,,,,,04/10/2016,2.872375304,GPS
,,,,,,,04/11/2016,2.892375304,GPS
,,,,,,,04/12/2016,2.892375304,GPS
,,,,,,,04/13/2016,2.892375304,GPS
,,,,,,,04/14/2016,2.862375304,GPS
,,,,,,,04/15/2016,2.882375304,GPS
,,,,,,,04/16/2016,2.872375304,GPS
,,,,,,,04/17/2016,2.872375304,GPS
,,,,,,,04/18/2016,2.882375304,GPS
,,,,,,,04/19/2016,2.862375304,GPS
,,,,,,,04/20/2016,2.872375304,GPS
,,,,,,,04/21/2016,2.882375304,GPS
,,,,,,,04/22/2016,2.892375304,GPS
,,,,,,,04/23/2016,2.902375304,GPS
,,,,,,,04/24/2016,2.882375304,GPS
,,,,,,,04/25/2016,2.892375304,GPS
,,,,,,,04/26/2016,2.892375304,GPS
,,,,,,,04/27/2016,2.872375304,GPS
,,,,,,,04/28/2016,2.892375304,GPS
,,,,,,,04/29/2016,2.892375304,GPS
,,,,,,,04/30/2016,2.912375304,GPS
,,,,,,,05/01/2016,2.902375304,GPS
,,,,,,,05/02/2016,2.902375304,GPS
,,,,,,,05/03/2016,2.892375304,GPS
,,,,,,,05/04/2016,2.892375304,GPS
,,,,,,,05/05/2016,2.892375304,GPS
,,,,,,,05/06/2016,2.912375304,GPS
,,,,,,,05/07/2016,2.912375304,GPS
,,,,,,,05/08/2016,2.902375304,GPS
,,,,,,,05/09/2016,2.902375304,GPS
,,,,,,,05/10/2016,2.922375304,GPS
,,,,,,,05/11/2016,2.922375304,GPS
,,,,,,,05/12/2016,2.902375304,GPS
,,,,,,,05/13/2016,2.902375304,GPS
,,,,,,,05/14/2016,2.912375304,GPS
,,,,,,,05/15/2016,2.912375304,GPS
,,,,,,,05/16/2016,2.902375304,GPS
,,,,,,,05/17/2016,2.922375304,GPS
,,,,,,,05/18/2016,2.922375304,GPS
,,,,,,,05/19/2016,2.912375304,GPS
,,,,,,,05/20/2016,2.902375304,GPS
,,,,,,,05/21/2016,2.922375304,GPS
,,,,,,,05/22/2016,2.932375304,GPS
,,,,,,,05/23/2016,2.932375304,GPS
,,,,,,,05/24/2016,2.912375304,GPS
,,,,,,,05/25/2016,2.932375304,GPS
,,,,,,,05/26/2016,2.932375304,GPS
,,,,,,,05/27/2016,2.932375304,GPS
,,,,,,,05/28/2016,2.922375304,GPS
,,,,,,,05/29/2016,2.942375304,GPS
,,,,,,,05/30/2016,2.932375304,GPS
,,,,,,,05/31/2016,2.932375304,GPS
,,,,,,,06/01/2016,2.8,Leveling
,,,,,,,06/01/2016,2.932375304,GPS
,,,,,,,06/02/2016,2.922375304,GPS
,,,,,,,06/03/2016,2.942375304,GPS
,,,,,,,06/04/2016,2.942375304,GPS
,,,,,,,06/05/2016,2.952375304,GPS
,,,,,,,06/06/2016,2.922375304,GPS
,,,,,,,06/07/2016,2.952375304,GPS
,,,,,,,06/08/2016,2.932375304,GPS
,,,,,,,06/09/2016,2.932375304,GPS
,,,,,,,06/10/2016,2.942375304,GPS
,,,,,,,06/11/2016,2.962375304,GPS
,,,,,,,06/12/2016,2.972375304,GPS
,,,,,,,06/13/2016,2.952375304,GPS
,,,,,,,06/14/2016,2.932375304,GPS
,,,,,,,06/15/2016,2.952375304,GPS
,,,,,,,06/16/2016,2.962375304,GPS
,,,,,,,06/17/2016,2.942375304,GPS
,,,,,,,06/18/2016,2.982375304,GPS
,,,,,,,06/19/2016,2.972375304,GPS
,,,,,,,06/20/2016,2.972375304,GPS
,,,,,,,06/21/2016,2.962375304,GPS
,,,,,,,06/22/2016,2.952375304,GPS
,,,,,,,06/23/2016,2.932375304,GPS
,,,,,,,06/24/2016,2.942375304,GPS
,,,,,,,06/25/2016,2.952375304,GPS
,,,,,,,06/26/2016,2.942375304,GPS
,,,,,,,06/27/2016,2.952375304,GPS
,,,,,,,06/28/2016,2.942375304,GPS
,,,,,,,06/29/2016,2.942375304,GPS
,,,,,,,06/30/2016,2.962375304,GPS
,,,,,,,07/01/2016,2.962375304,GPS
,,,,,,,07/02/2016,2.952375304,GPS
,,,,,,,07/03/2016,2.982375304,GPS
,,,,,,,07/04/2016,2.972375304,GPS
,,,,,,,07/05/2016,2.982375304,GPS
,,,,,,,07/06/2016,2.982375304,GPS
,,,,,,,07/07/2016,2.962375304,GPS
,,,,,,,07/08/2016,2.972375304,GPS
,,,,,,,07/09/2016,2.982375304,GPS
,,,,,,,07/10/2016,2.982375304,GPS
,,,,,,,07/11/2016,2.972375304,GPS
,,,,,,,07/12/2016,2.972375304,GPS
,,,,,,,07/13/2016,2.992375304,GPS
,,,,,,,07/14/2016,2.982375304,GPS
,,,,,,,07/15/2016,2.972375304,GPS
,,,,,,,07/16/2016,2.972375304,GPS
,,,,,,,07/17/2016,2.982375304,GPS
,,,,,,,07/18/2016,2.992375304,GPS
,,,,,,,07/19/2016,2.982375304,GPS
,,,,,,,07/20/2016,2.992375304,GPS
,,,,,,,07/21/2016,2.982375304,GPS
,,,,,,,07/22/2016,2.982375304,GPS
,,,,,,,07/23/2016,2.982375304,GPS
,,,,,,,07/24/2016,2.962375304,GPS
,,,,,,,07/25/2016,2.982375304,GPS
,,,,,,,07/26/2016,2.972375304,GPS
,,,,,,,07/27/2016,2.962375304,GPS
,,,,,,,07/28/2016,2.952375304,GPS
,,,,,,,07/29/2016,2.962375304,GPS
,,,,,,,07/30/2016,2.962375304,GPS
,,,,,,,07/31/2016,2.982375304,GPS
,,,,,,,08/01/2016,2.982375304,GPS
,,,,,,,08/02/2016,2.982375304,GPS
,,,,,,,08/03/2016,2.972375304,GPS
,,,,,,,08/04/2016,2.992375304,GPS
,,,,,,,08/05/2016,2.982375304,GPS
,,,,,,,08/06/2016,2.982375304,GPS
,,,,,,,08/07/2016,2.982375304,GPS
,,,,,,,08/08/2016,2.972375304,GPS
,,,,,,,08/09/2016,2.982375304,GPS
,,,,,,,08/10/2016,2.982375304,GPS
,,,,,,,08/11/2016,2.992375304,GPS
,,,,,,,08/12/2016,3.012375304,GPS
,,,,,,,08/13/2016,2.982375304,GPS
,,,,,,,08/14/2016,2.962375304,GPS
,,,,,,,08/15/2016,2.972375304,GPS
,,,,,,,08/16/2016,2.972375304,GPS
,,,,,,,08/17/2016,2.972375304,GPS
,,,,,,,08/18/2016,2.972375304,GPS
,,,,,,,08/19/2016,2.962375304,GPS
,,,,,,,08/20/2016,2.972375304,GPS
,,,,,,,08/21/2016,2.962375304,GPS
,,,,,,,08/22/2016,2.972375304,GPS
,,,,,,,08/23/2016,2.972375304,GPS
,,,,,,,08/24/2016,2.992375304,GPS
,,,,,,,08/25/2016,2.992375304,GPS
,,,,,,,08/26/2016,2.982375304,GPS
,,,,,,,08/27/2016,2.992375304,GPS
,,,,,,,08/28/2016,2.992375304,GPS
,,,,,,,08/29/2016,2.992375304,GPS
,,,,,,,08/30/2016,2.982375304,GPS
,,,,,,,08/31/2016,2.992375304,GPS
,,,,,,,09/01/2016,2.982375304,GPS
,,,,,,,09/02/2016,2.992375304,GPS
,,,,,,,09/03/2016,2.982375304,GPS
,,,,,,,09/04/2016,2.982375304,GPS
,,,,,,,09/05/2016,2.982375304,GPS
,,,,,,,09/06/2016,2.972375304,GPS
,,,,,,,09/07/2016,2.982375304,GPS
,,,,,,,09/08/2016,2.992375304,GPS
,,,,,,,09/09/2016,2.992375304,GPS
,,,,,,,09/10/2016,2.992375304,GPS
,,,,,,,09/11/2016,2.972375304,GPS
,,,,,,,09/12/2016,2.992375304,GPS
,,,,,,,09/13/2016,3.002375304,GPS
,,,,,,,09/14/2016,2.992375304,GPS
,,,,,,,09/15/2016,2.982375304,GPS
,,,,,,,09/16/2016,2.982375304,GPS
,,,,,,,09/17/2016,2.972375304,GPS
,,,,,,,09/18/2016,2.962375304,GPS
,,,,,,,09/19/2016,2.962375304,GPS
,,,,,,,09/20/2016,2.962375304,GPS
,,,,,,,09/21/2016,2.982375304,GPS
,,,,,,,09/22/2016,2.992375304,GPS
,,,,,,,09/23/2016,2.982375304,GPS
,,,,,,,09/24/2016,2.982375304,GPS
,,,,,,,09/25/2016,2.982375304,GPS
,,,,,,,09/26/2016,2.972375304,GPS
,,,,,,,09/27/2016,2.972375304,GPS
,,,,,,,09/28/2016,2.972375304,GPS
,,,,,,,09/29/2016,2.992375304,GPS
,,,,,,,09/30/2016,2.992375304,GPS
,,,,,,,10/01/2016,2.992375304,GPS
,,,,,,,10/02/2016,2.992375304,GPS
,,,,,,,10/03/2016,2.972375304,GPS
,,,,,,,10/04/2016,2.972375304,GPS
,,,,,,,10/05/2016,2.972375304,GPS
,,,,,,,10/06/2016,2.962375304,GPS
,,,,,,,10/07/2016,2.962375304,GPS
,,,,,,,10/08/2016,2.972375304,GPS
,,,,,,,10/09/2016,2.972375304,GPS
,,,,,,,10/10/2016,2.962375304,GPS
,,,,,,,10/11/2016,2.982375304,GPS
,,,,,,,10/12/2016,2.972375304,GPS
,,,,,,,10/13/2016,2.962375304,GPS
,,,,,,,10/14/2016,2.952375304,GPS
,,,,,,,10/15/2016,2.952375304,GPS
,,,,,,,10/16/2016,3.012375304,GPS
,,,,,,,10/17/2016,2.972375304,GPS
,,,,,,,10/18/2016,2.982375304,GPS
,,,,,,,10/19/2016,2.982375304,GPS
,,,,,,,10/20/2016,2.982375304,GPS
,,,,,,,10/21/2016,2.972375304,GPS
,,,,,,,10/22/2016,2.962375304,GPS
,,,,,,,10/23/2016,2.962375304,GPS
,,,,,,,10/24/2016,2.972375304,GPS
,,,,,,,10/25/2016,2.982375304,GPS
,,,,,,,10/26/2016,2.982375304,GPS
,,,,,,,10/27/2016,2.972375304,GPS
,,,,,,,10/28/2016,2.972375304,GPS
,,,,,,,10/29/2016,2.972375304,GPS
,,,,,,,10/30/2016,2.972375304,GPS
,,,,,,,10/31/2016,2.992375304,GPS
,,,,,,,11/01/2016,2.972375304,GPS
,,,,,,,11/02/2016,2.982375304,GPS
,,,,,,,11/03/2016,2.982375304,GPS
,,,,,,,11/04/2016,2.982375304,GPS
,,,,,,,11/05/2016,2.972375304,GPS
,,,,,,,11/06/2016,2.972375304,GPS
,,,,,,,11/07/2016,2.962375304,GPS
,,,,,,,11/08/2016,2.962375304,GPS
,,,,,,,11/09/2016,2.952375304,GPS
,,,,,,,11/10/2016,2.972375304,GPS
,,,,,,,11/11/2016,2.972375304,GPS
,,,,,,,11/12/2016,2.952375304,GPS
,,,,,,,11/13/2016,2.952375304,GPS
,,,,,,,11/14/2016,2.962375304,GPS
,,,,,,,11/15/2016,2.942375304,GPS
,,,,,,,11/16/2016,2.952375304,GPS
,,,,,,,11/17/2016,2.972375304,GPS
,,,,,,,11/18/2016,2.962375304,GPS
,,,,,,,11/19/2016,2.972375304,GPS
,,,,,,,11/20/2016,2.942375304,GPS
,,,,,,,11/21/2016,2.962375304,GPS
,,,,,,,11/22/2016,2.962375304,GPS
,,,,,,,11/23/2016,2.972375304,GPS
,,,,,,,11/24/2016,2.972375304,GPS
,,,,,,,11/25/2016,2.972375304,GPS
,,,,,,,11/26/2016,2.972375304,GPS
,,,,,,,11/27/2016,2.952375304,GPS
,,,,,,,11/28/2016,2.952375304,GPS
,,,,,,,11/29/2016,2.962375304,GPS
,,,,,,,11/30/2016,2.972375304,GPS
,,,,,,,12/01/2016,2.962375304,GPS
,,,,,,,12/02/2016,2.962375304,GPS
,,,,,,,12/03/2016,2.972375304,GPS
,,,,,,,12/04/2016,2.972375304,GPS
,,,,,,,12/05/2016,2.952375304,GPS
,,,,,,,12/06/2016,2.962375304,GPS
,,,,,,,12/07/2016,2.972375304,GPS
,,,,,,,12/08/2016,2.962375304,GPS
,,,,,,,12/09/2016,2.962375304,GPS
,,,,,,,12/10/2016,2.942375304,GPS
,,,,,,,12/11/2016,2.952375304,GPS
,,,,,,,12/12/2016,2.952375304,GPS
,,,,,,,12/13/2016,2.952375304,GPS
,,,,,,,12/14/2016,2.942375304,GPS
,,,,,,,12/15/2016,2.942375304,GPS
,,,,,,,12/16/2016,2.932375304,GPS
,,,,,,,12/17/2016,2.962375304,GPS
,,,,,,,12/18/2016,2.972375304,GPS
,,,,,,,12/19/2016,2.972375304,GPS
,,,,,,,12/20/2016,2.952375304,GPS
,,,,,,,12/21/2016,2.952375304,GPS
,,,,,,,12/22/2016,2.952375304,GPS
,,,,,,,12/23/2016,2.952375304,GPS
,,,,,,,12/24/2016,2.962375304,GPS
,,,,,,,12/25/2016,2.952375304,GPS
,,,,,,,12/26/2016,2.952375304,GPS
,,,,,,,12/27/2016,2.962375304,GPS
,,,,,,,12/28/2016,2.952375304,GPS
,,,,,,,12/29/2016,2.952375304,GPS
,,,,,,,12/30/2016,2.942375304,GPS
,,,,,,,12/31/2016,2.932375304,GPS
,,,,,,,01/01/2017,2.942375304,GPS
,,,,,,,01/02/2017,2.952375304,GPS
,,,,,,,01/03/2017,2.962375304,GPS
,,,,,,,01/04/2017,2.962375304,GPS
,,,,,,,01/05/2017,2.962375304,GPS
,,,,,,,01/06/2017,2.962375304,GPS
,,,,,,,01/07/2017,2.932375304,GPS
,,,,,,,01/08/2017,2.942375304,GPS
,,,,,,,01/09/2017,2.932375304,GPS
,,,,,,,01/10/2017,2.932375304,GPS
,,,,,,,01/11/2017,2.962375304,GPS
,,,,,,,01/12/2017,2.972375304,GPS
,,,,,,,01/13/2017,2.972375304,GPS
,,,,,,,01/14/2017,2.972375304,GPS
,,,,,,,01/15/2017,2.962375304,GPS
,,,,,,,01/16/2017,2.952375304,GPS
,,,,,,,01/17/2017,2.942375304,GPS
,,,,,,,01/18/2017,2.942375304,GPS
,,,,,,,01/19/2017,2.942375304,GPS
,,,,,,,01/20/2017,2.922375304,GPS
,,,,,,,01/21/2017,2.912375304,GPS
,,,,,,,01/22/2017,2.942375304,GPS
,,,,,,,01/23/2017,2.952375304,GPS
,,,,,,,01/24/2017,2.962375304,GPS
,,,,,,,01/25/2017,2.972375304,GPS
,,,,,,,01/26/2017,2.972375304,GPS
,,,,,,,01/27/2017,2.982375304,GPS
,,,,,,,01/28/2017,2.972375304,GPS
,,,,,,,01/29/2017,2.962375304,GPS
,,,,,,,01/30/2017,2.952375304,GPS
,,,,,,,01/31/2017,2.952375304,GPS
,,,,,,,02/01/2017,2.942375304,GPS
,,,,,,,02/02/2017,2.952375304,GPS
,,,,,,,02/03/2017,2.942375304,GPS
,,,,,,,02/04/2017,2.942375304,GPS
,,,,,,,02/05/2017,2.952375304,GPS
,,,,,,,02/06/2017,2.942375304,GPS
,,,,,,,02/07/2017,2.932375304,GPS
,,,,,,,02/08/2017,2.922375304,GPS
,,,,,,,02/09/2017,2.932375304,GPS
,,,,,,,02/10/2017,2.922375304,GPS
,,,,,,,02/11/2017,2.952375304,GPS
,,,,,,,02/12/2017,2.962375304,GPS
,,,,,,,02/13/2017,2.942375304,GPS
,,,,,,,02/14/2017,2.942375304,GPS
,,,,,,,02/15/2017,2.922375304,GPS
,,,,,,,02/16/2017,2.912375304,GPS
,,,,,,,02/17/2017,2.932375304,GPS
,,,,,,,02/18/2017,2.922375304,GPS
,,,,,,,02/19/2017,2.912375304,GPS
,,,,,,,02/20/2017,2.922375304,GPS
,,,,,,,02/21/2017,2.942375304,GPS
,,,,,,,02/22/2017,2.962375304,GPS
,,,,,,,02/23/2017,2.952375304,GPS
,,,,,,,02/24/2017,2.952375304,GPS
,,,,,,,02/25/2017,2.952375304,GPS
,,,,,,,02/26/2017,2.952375304,GPS
,,,,,,,02/27/2017,2.932375304,GPS
,,,,,,,02/28/2017,2.942375304,GPS
,,,,,,,03/01/2017,2.952375304,GPS
,,,,,,,03/02/2017,2.952375304,GPS
,,,,,,,03/03/2017,2.942375304,GPS
,,,,,,,03/04/2017,2.932375304,GPS
,,,,,,,03/05/2017,2.932375304,GPS
,,,,,,,03/06/2017,2.942375304,GPS
,,,,,,,03/07/2017,2.932375304,GPS
,,,,,,,03/08/2017,2.932375304,GPS
,,,,,,,03/09/2017,2.932375304,GPS
,,,,,,,03/10/2017,2.922375304,GPS
,,,,,,,03/11/2017,2.922375304,GPS
,,,,,,,03/12/2017,2.912375304,GPS
,,,,,,,03/13/2017,2.912375304,GPS
,,,,,,,03/14/2017,2.912375304,GPS
,,,,,,,03/15/2017,2.892375304,GPS
,,,,,,,03/16/2017,2.902375304,GPS
,,,,,,,03/17/2017,2.912375304,GPS
,,,,,,,03/18/2017,2.912375304,GPS
,,,,,,,03/19/2017,2.902375304,GPS
,,,,,,,03/20/2017,2.912375304,GPS
,,,,,,,03/21/2017,2.932375304,GPS
,,,,,,,03/22/2017,2.912375304,GPS
,,,,,,,03/23/2017,2.922375304,GPS
,,,,,,,03/24/2017,2.922375304,GPS
,,,,,,,03/25/2017,2.922375304,GPS
,,,,,,,03/26/2017,2.902375304,GPS
,,,,,,,03/27/2017,2.912375304,GPS
,,,,,,,03/28/2017,2.922375304,GPS
,,,,,,,03/29/2017,2.912375304,GPS
,,,,,,,03/30/2017,2.892375304,GPS
,,,,,,,03/31/2017,2.912375304,GPS
,,,,,,,04/01/2017,2.902375304,GPS
,,,,,,,04/02/2017,2.902375304,GPS
,,,,,,,04/03/2017,2.912375304,GPS
,,,,,,,04/04/2017,2.902375304,GPS
,,,,,,,04/05/2017,2.902375304,GPS
,,,,,,,04/06/2017,2.922375304,GPS
,,,,,,,04/07/2017,2.892375304,GPS
,,,,,,,04/08/2017,2.892375304,GPS
,,,,,,,04/09/2017,2.912375304,GPS
,,,,,,,04/10/2017,2.922375304,GPS
,,,,,,,04/11/2017,2.912375304,GPS
,,,,,,,04/12/2017,2.922375304,GPS
,,,,,,,04/13/2017,2.912375304,GPS
,,,,,,,04/14/2017,2.922375304,GPS
,,,,,,,04/15/2017,2.912375304,GPS
,,,,,,,04/16/2017,2.912375304,GPS
,,,,,,,04/17/2017,2.912375304,GPS
,,,,,,,04/18/2017,2.912375304,GPS
,,,,,,,04/19/2017,2.912375304,GPS
,,,,,,,04/20/2017,2.922375304,GPS
,,,,,,,04/21/2017,2.912375304,GPS
,,,,,,,04/22/2017,2.912375304,GPS
,,,,,,,04/23/2017,2.912375304,GPS
,,,,,,,04/24/2017,2.902375304,GPS
,,,,,,,04/25/2017,2.912375304,GPS
,,,,,,,04/26/2017,2.912375304,GPS
,,,,,,,04/27/2017,2.902375304,GPS
,,,,,,,04/28/2017,2.902375304,GPS
,,,,,,,04/29/2017,2.902375304,GPS
,,,,,,,04/30/2017,2.902375304,GPS
,,,,,,,05/01/2017,2.892375304,GPS
,,,,,,,05/02/2017,2.902375304,GPS
,,,,,,,05/03/2017,2.902375304,GPS
,,,,,,,05/04/2017,2.902375304,GPS
,,,,,,,05/05/2017,2.902375304,GPS
,,,,,,,05/06/2017,2.922375304,GPS
,,,,,,,05/07/2017,2.912375304,GPS
,,,,,,,05/08/2017,2.902375304,GPS
,,,,,,,05/09/2017,2.922375304,GPS
,,,,,,,05/10/2017,2.912375304,GPS
,,,,,,,05/11/2017,2.922375304,GPS
,,,,,,,05/12/2017,2.942375304,GPS
,,,,,,,05/13/2017,2.932375304,GPS
,,,,,,,05/14/2017,2.912375304,GPS
,,,,,,,05/15/2017,2.902375304,GPS
,,,,,,,05/16/2017,2.902375304,GPS
,,,,,,,05/17/2017,2.912375304,GPS
,,,,,,,05/18/2017,2.922375304,GPS
,,,,,,,05/19/2017,2.912375304,GPS
,,,,,,,05/20/2017,2.912375304,GPS
,,,,,,,05/21/2017,2.902375304,GPS
,,,,,,,05/22/2017,2.902375304,GPS
,,,,,,,05/23/2017,2.912375304,GPS
,,,,,,,05/24/2017,2.892375304,GPS
,,,,,,,05/25/2017,2.912375304,GPS
,,,,,,,05/26/2017,2.922375304,GPS
,,,,,,,05/27/2017,2.922375304,GPS
,,,,,,,05/28/2017,2.922375304,GPS
,,,,,,,05/29/2017,2.922375304,GPS
,,,,,,,05/30/2017,2.912375304,GPS
,,,,,,,05/31/2017,2.912375304,GPS
,,,,,,,06/01/2017,2.922375304,GPS
,,,,,,,06/02/2017,2.912375304,GPS
,,,,,,,06/03/2017,2.912375304,GPS
,,,,,,,06/04/2017,2.912375304,GPS
,,,,,,,06/05/2017,2.912375304,GPS
,,,,,,,06/06/2017,2.912375304,GPS
,,,,,,,06/07/2017,2.922375304,GPS
,,,,,,,06/08/2017,2.942375304,GPS
,,,,,,,06/09/2017,2.932375304,GPS
,,,,,,,06/10/2017,2.922375304,GPS
,,,,,,,06/11/2017,2.922375304,GPS
,,,,,,,06/12/2017,2.932375304,GPS
,,,,,,,06/13/2017,2.922375304,GPS
,,,,,,,06/14/2017,2.912375304,GPS
,,,,,,,06/15/2017,2.922375304,GPS
,,,,,,,06/16/2017,2.922375304,GPS
,,,,,,,06/17/2017,2.912375304,GPS
,,,,,,,06/18/2017,2.922375304,GPS
,,,,,,,06/19/2017,2.922375304,GPS
,,,,,,,06/20/2017,2.922375304,GPS
,,,,,,,06/21/2017,2.922375304,GPS
,,,,,,,06/22/2017,2.932375304,GPS
,,,,,,,06/23/2017,2.922375304,GPS
,,,,,,,06/24/2017,2.952375304,GPS
,,,,,,,06/25/2017,2.952375304,GPS
,,,,,,,06/26/2017,2.942375304,GPS
,,,,,,,06/27/2017,2.942375304,GPS
,,,,,,,06/28/2017,2.942375304,GPS
,,,,,,,06/29/2017,2.942375304,GPS
,,,,,,,06/30/2017,2.952375304,GPS
,,,,,,,07/01/2017,2.952375304,GPS
,,,,,,,07/02/2017,2.952375304,GPS
,,,,,,,07/03/2017,2.952375304,GPS
,,,,,,,07/04/2017,2.952375304,GPS
,,,,,,,07/05/2017,2.972375304,GPS
,,,,,,,07/06/2017,2.952375304,GPS
,,,,,,,07/07/2017,2.952375304,GPS
,,,,,,,07/08/2017,2.942375304,GPS
,,,,,,,07/09/2017,2.952375304,GPS
,,,,,,,07/10/2017,2.952375304,GPS
,,,,,,,07/11/2017,2.952375304,GPS
,,,,,,,07/12/2017,2.942375304,GPS
,,,,,,,07/13/2017,2.972375304,GPS
,,,,,,,07/14/2017,2.972375304,GPS
,,,,,,,07/15/2017,2.962375304,GPS
,,,,,,,07/16/2017,2.962375304,GPS
,,,,,,,07/17/2017,2.952375304,GPS
,,,,,,,07/18/2017,2.962375304,GPS
,,,,,,,07/19/2017,2.992375304,GPS
,,,,,,,07/20/2017,2.972375304,GPS
,,,,,,,07/21/2017,2.972375304,GPS
,,,,,,,07/22/2017,2.972375304,GPS
,,,,,,,07/23/2017,2.982375304,GPS
,,,,,,,07/24/2017,2.982375304,GPS
,,,,,,,07/25/2017,3.012375304,GPS
,,,,,,,07/26/2017,3.002375304,GPS
,,,,,,,07/27/2017,2.982375304,GPS
,,,,,,,07/28/2017,2.982375304,GPS
,,,,,,,07/29/2017,2.982375304,GPS
,,,,,,,07/30/2017,2.972375304,GPS
,,,,,,,07/31/2017,2.962375304,GPS
,,,,,,,08/01/2017,2.94,Leveling
,,,,,,,08/01/2017,2.962375304,GPS
,,,,,,,08/02/2017,2.982375304,GPS
,,,,,,,08/03/2017,2.962375304,GPS
,,,,,,,08/04/2017,2.972375304,GPS
,,,,,,,08/05/2017,2.952375304,GPS
,,,,,,,08/06/2017,2.962375304,GPS
,,,,,,,08/07/2017,2.952375304,GPS
,,,,,,,08/08/2017,2.972375304,GPS
,,,,,,,08/09/2017,2.982375304,GPS
,,,,,,,08/10/2017,2.962375304,GPS
,,,,,,,08/11/2017,2.962375304,GPS
,,,,,,,08/12/2017,2.962375304,GPS
,,,,,,,08/13/2017,2.942375304,GPS
,,,,,,,08/14/2017,2.972375304,GPS
,,,,,,,08/15/2017,3.002375304,GPS
,,,,,,,08/16/2017,2.972375304,GPS
,,,,,,,08/17/2017,2.972375304,GPS
,,,,,,,08/18/2017,2.952375304,GPS
,,,,,,,08/19/2017,2.942375304,GPS
,,,,,,,08/20/2017,2.962375304,GPS
,,,,,,,08/21/2017,2.952375304,GPS
,,,,,,,08/22/2017,2.942375304,GPS
,,,,,,,08/23/2017,2.962375304,GPS
,,,,,,,08/24/2017,2.962375304,GPS
,,,,,,,08/25/2017,2.952375304,GPS
,,,,,,,08/26/2017,2.972375304,GPS
,,,,,,,08/27/2017,2.942375304,GPS
,,,,,,,08/28/2017,2.942375304,GPS
,,,,,,,08/29/2017,2.962375304,GPS
,,,,,,,08/30/2017,2.952375304,GPS
,,,,,,,08/31/2017,2.942375304,GPS
,,,,,,,09/01/2017,2.942375304,GPS
,,,,,,,09/02/2017,2.942375304,GPS
,,,,,,,09/03/2017,2.942375304,GPS
,,,,,,,09/04/2017,2.942375304,GPS
,,,,,,,09/05/2017,2.952375304,GPS
,,,,,,,09/06/2017,2.942375304,GPS
,,,,,,,09/07/2017,2.942375304,GPS
,,,,,,,09/08/2017,2.942375304,GPS
,,,,,,,09/09/2017,2.942375304,GPS
,,,,,,,09/10/2017,2.942375304,GPS
,,,,,,,09/11/2017,2.952375304,GPS
,,,,,,,09/12/2017,2.932375304,GPS
,,,,,,,09/13/2017,2.932375304,GPS
,,,,,,,09/14/2017,2.932375304,GPS
,,,,,,,09/15/2017,2.952375304,GPS
,,,,,,,09/16/2017,2.932375304,GPS
,,,,,,,09/17/2017,2.942375304,GPS
,,,,,,,09/18/2017,2.922375304,GPS
,,,,,,,09/19/2017,2.922375304,GPS
,,,,,,,09/20/2017,2.932375304,GPS
,,,,,,,09/21/2017,2.932375304,GPS
,,,,,,,09/22/2017,2.932375304,GPS
,,,,,,,09/23/2017,2.942375304,GPS
,,,,,,,09/24/2017,2.922375304,GPS
,,,,,,,09/25/2017,2.922375304,GPS
,,,,,,,09/26/2017,2.922375304,GPS
,,,,,,,09/27/2017,2.932375304,GPS
,,,,,,,09/28/2017,2.942375304,GPS
,,,,,,,09/29/2017,2.942375304,GPS
,,,,,,,09/30/2017,2.932375304,GPS
,,,,,,,10/01/2017,2.922375304,GPS
,,,,,,,10/02/2017,2.922375304,GPS
,,,,,,,10/03/2017,2.942375304,GPS
,,,,,,,10/04/2017,2.952375304,GPS
,,,,,,,10/05/2017,2.942375304,GPS
,,,,,,,10/06/2017,2.932375304,GPS
,,,,,,,10/07/2017,2.922375304,GPS
,,,,,,,10/08/2017,2.922375304,GPS
,,,,,,,10/09/2017,2.932375304,GPS
,,,,,,,10/10/2017,2.932375304,GPS
,,,,,,,10/11/2017,2.932375304,GPS
,,,,,,,10/12/2017,2.932375304,GPS
,,,,,,,10/13/2017,2.942375304,GPS
,,,,,,,10/14/2017,2.932375304,GPS
,,,,,,,10/15/2017,2.932375304,GPS
,,,,,,,10/16/2017,2.932375304,GPS
,,,,,,,10/17/2017,2.932375304,GPS
,,,,,,,10/18/2017,2.932375304,GPS
,,,,,,,10/19/2017,2.932375304,GPS
,,,,,,,10/20/2017,2.932375304,GPS
,,,,,,,10/21/2017,2.932375304,GPS
,,,,,,,10/22/2017,2.932375304,GPS
,,,,,,,10/23/2017,2.942375304,GPS
,,,,,,,10/24/2017,2.932375304,GPS
,,,,,,,10/25/2017,2.942375304,GPS
,,,,,,,10/26/2017,2.912375304,GPS
,,,,,,,10/27/2017,2.912375304,GPS
,,,,,,,10/28/2017,2.922375304,GPS
,,,,,,,10/29/2017,2.922375304,GPS
,,,,,,,10/30/2017,2.922375304,GPS
,,,,,,,10/31/2017,2.912375304,GPS
,,,,,,,11/01/2017,2.922375304,GPS
,,,,,,,11/02/2017,2.932375304,GPS
,,,,,,,11/03/2017,2.932375304,GPS
,,,,,,,11/04/2017,2.932375304,GPS
,,,,,,,11/05/2017,2.942375304,GPS
,,,,,,,11/06/2017,2.942375304,GPS
,,,,,,,11/07/2017,2.932375304,GPS
,,,,,,,11/08/2017,2.922375304,GPS
,,,,,,,11/09/2017,2.892375304,GPS
,,,,,,,11/10/2017,2.942375304,GPS
,,,,,,,11/11/2017,2.932375304,GPS
,,,,,,,11/12/2017,2.932375304,GPS
,,,,,,,11/13/2017,2.922375304,GPS
,,,,,,,11/14/2017,2.922375304,GPS
,,,,,,,11/15/2017,2.922375304,GPS
,,,,,,,11/16/2017,2.912375304,GPS
,,,,,,,11/17/2017,2.932375304,GPS
,,,,,,,11/18/2017,2.922375304,GPS
,,,,,,,11/19/2017,2.912375304,GPS
,,,,,,,11/20/2017,2.902375304,GPS
,,,,,,,11/21/2017,2.912375304,GPS
,,,,,,,11/22/2017,2.912375304,GPS
,,,,,,,11/23/2017,2.902375304,GPS
,,,,,,,11/24/2017,2.902375304,GPS
,,,,,,,11/25/2017,2.922375304,GPS
,,,,,,,11/26/2017,2.892375304,GPS
,,,,,,,11/27/2017,2.932375304,GPS
,,,,,,,11/28/2017,2.922375304,GPS
,,,,,,,11/29/2017,2.922375304,GPS
,,,,,,,11/30/2017,2.922375304,GPS
,,,,,,,12/01/2017,2.922375304,GPS
,,,,,,,12/02/2017,2.912375304,GPS
,,,,,,,12/03/2017,2.912375304,GPS
,,,,,,,12/04/2017,2.932375304,GPS
,,,,,,,12/05/2017,2.922375304,GPS
,,,,,,,12/06/2017,2.932375304,GPS
,,,,,,,12/07/2017,2.932375304,GPS
,,,,,,,12/08/2017,2.922375304,GPS
,,,,,,,12/09/2017,2.922375304,GPS
,,,,,,,12/10/2017,2.922375304,GPS
,,,,,,,12/11/2017,2.922375304,GPS
,,,,,,,12/12/2017,2.922375304,GPS
,,,,,,,12/13/2017,2.922375304,GPS
,,,,,,,12/14/2017,2.912375304,GPS
,,,,,,,12/15/2017,2.912375304,GPS
,,,,,,,12/16/2017,2.902375304,GPS
,,,,,,,12/17/2017,2.912375304,GPS
,,,,,,,12/18/2017,2.902375304,GPS
,,,,,,,12/19/2017,2.902375304,GPS
,,,,,,,12/20/2017,2.922375304,GPS
,,,,,,,12/21/2017,2.912375304,GPS
,,,,,,,12/22/2017,2.912375304,GPS
,,,,,,,12/23/2017,2.912375304,GPS
,,,,,,,12/24/2017,2.902375304,GPS
,,,,,,,12/25/2017,2.922375304,GPS
,,,,,,,12/26/2017,2.922375304,GPS
,,,,,,,12/27/2017,2.922375304,GPS
,,,,,,,12/28/2017,2.912375304,GPS
,,,,,,,12/29/2017,2.902375304,GPS
,,,,,,,12/30/2017,2.902375304,GPS
,,,,,,,12/31/2017,2.892375304,GPS
,,,,,,,01/01/2018,2.902375304,GPS
,,,,,,,01/02/2018,2.902375304,GPS
,,,,,,,01/03/2018,2.892375304,GPS
,,,,,,,01/04/2018,2.902375304,GPS
,,,,,,,01/05/2018,2.892375304,GPS
,,,,,,,01/06/2018,2.902375304,GPS
,,,,,,,01/07/2018,2.902375304,GPS
,,,,,,,01/08/2018,2.902375304,GPS
,,,,,,,01/09/2018,2.882375304,GPS
,,,,,,,01/10/2018,2.892375304,GPS
,,,,,,,01/11/2018,2.872375304,GPS
,,,,,,,01/12/2018,2.892375304,GPS
,,,,,,,01/13/2018,2.882375304,GPS
,,,,,,,01/14/2018,2.892375304,GPS
,,,,,,,01/15/2018,2.922375304,GPS
,,,,,,,01/16/2018,2.902375304,GPS
,,,,,,,01/17/2018,2.902375304,GPS
,,,,,,,01/18/2018,2.912375304,GPS
,,,,,,,01/19/2018,2.892375304,GPS
,,,,,,,01/20/2018,2.902375304,GPS
,,,,,,,01/21/2018,2.892375304,GPS
,,,,,,,01/22/2018,2.902375304,GPS
,,,,,,,01/23/2018,2.892375304,GPS
,,,,,,,01/24/2018,2.892375304,GPS
,,,,,,,01/25/2018,2.902375304,GPS
,,,,,,,01/26/2018,2.912375304,GPS
,,,,,,,01/27/2018,2.902375304,GPS
,,,,,,,01/28/2018,2.912375304,GPS
,,,,,,,01/29/2018,2.912375304,GPS
,,,,,,,01/30/2018,2.902375304,GPS
,,,,,,,01/31/2018,2.902375304,GPS
,,,,,,,02/01/2018,2.892375304,GPS
,,,,,,,02/02/2018,2.892375304,GPS
,,,,,,,02/03/2018,2.872375304,GPS
,,,,,,,02/04/2018,2.882375304,GPS
,,,,,,,02/05/2018,2.882375304,GPS
,,,,,,,02/06/2018,2.872375304,GPS
,,,,,,,02/07/2018,2.882375304,GPS
,,,,,,,02/08/2018,2.882375304,GPS
,,,,,,,02/09/2018,2.882375304,GPS
,,,,,,,02/10/2018,2.862375304,GPS
,,,,,,,02/11/2018,2.882375304,GPS
,,,,,,,02/12/2018,2.912375304,GPS
,,,,,,,02/13/2018,2.912375304,GPS
,,,,,,,02/14/2018,2.902375304,GPS
,,,,,,,02/15/2018,2.902375304,GPS
,,,,,,,02/16/2018,2.892375304,GPS
,,,,,,,02/17/2018,2.882375304,GPS
,,,,,,,02/18/2018,2.872375304,GPS
,,,,,,,02/19/2018,2.902375304,GPS
,,,,,,,02/20/2018,2.902375304,GPS
,,,,,,,02/21/2018,2.902375304,GPS
,,,,,,,02/22/2018,2.902375304,GPS
,,,,,,,02/23/2018,2.902375304,GPS
,,,,,,,02/24/2018,2.882375304,GPS
,,,,,,,02/25/2018,2.892375304,GPS
,,,,,,,02/26/2018,2.902375304,GPS
,,,,,,,02/27/2018,2.882375304,GPS
,,,,,,,02/28/2018,2.882375304,GPS
,,,,,,,03/01/2018,2.892375304,GPS
,,,,,,,03/02/2018,2.902375304,GPS
,,,,,,,03/03/2018,2.932375304,GPS
,,,,,,,03/04/2018,2.892375304,GPS
,,,,,,,03/05/2018,2.882375304,GPS
,,,,,,,03/06/2018,2.882375304,GPS
,,,,,,,03/07/2018,2.872375304,GPS
,,,,,,,03/08/2018,2.882375304,GPS
,,,,,,,03/09/2018,2.882375304,GPS
,,,,,,,03/10/2018,2.872375304,GPS
,,,,,,,03/11/2018,2.882375304,GPS
,,,,,,,03/12/2018,2.892375304,GPS
,,,,,,,03/13/2018,2.882375304,GPS
,,,,,,,03/14/2018,2.892375304,GPS
,,,,,,,03/15/2018,2.902375304,GPS
,,,,,,,03/16/2018,2.902375304,GPS
,,,,,,,03/17/2018,2.902375304,GPS
,,,,,,,03/18/2018,2.912375304,GPS
,,,,,,,03/19/2018,2.902375304,GPS
,,,,,,,03/20/2018,2.902375304,GPS
,,,,,,,03/21/2018,2.862375304,GPS
,,,,,,,03/22/2018,2.882375304,GPS
,,,,,,,03/23/2018,2.902375304,GPS
,,,,,,,03/24/2018,2.912375304,GPS
,,,,,,,03/25/2018,2.902375304,GPS
,,,,,,,03/26/2018,2.912375304,GPS
,,,,,,,03/27/2018,2.892375304,GPS
,,,,,,,03/28/2018,2.902375304,GPS
,,,,,,,03/29/2018,2.892375304,GPS
,,,,,,,03/30/2018,2.872375304,GPS
,,,,,,,03/31/2018,2.882375304,GPS
,,,,,,,04/01/2018,2.882375304,GPS
,,,,,,,04/02/2018,2.892375304,GPS
,,,,,,,04/03/2018,2.892375304,GPS
,,,,,,,04/04/2018,2.872375304,GPS
,,,,,,,04/05/2018,2.872375304,GPS
,,,,,,,04/06/2018,2.872375304,GPS
,,,,,,,04/07/2018,2.882375304,GPS
,,,,,,,04/08/2018,2.892375304,GPS
,,,,,,,04/09/2018,2.882375304,GPS
,,,,,,,04/10/2018,2.872375304,GPS
,,,,,,,04/11/2018,2.872375304,GPS
,,,,,,,04/12/2018,2.882375304,GPS
,,,,,,,04/13/2018,2.882375304,GPS
,,,,,,,04/14/2018,2.882375304,GPS
,,,,,,,04/15/2018,2.892375304,GPS
,,,,,,,04/16/2018,2.902375304,GPS
,,,,,,,04/17/2018,2.912375304,GPS
,,,,,,,04/18/2018,2.882375304,GPS
,,,,,,,04/19/2018,2.912375304,GPS
,,,,,,,04/20/2018,2.882375304,GPS
,,,,,,,04/21/2018,2.882375304,GPS
,,,,,,,04/22/2018,2.882375304,GPS
,,,,,,,04/23/2018,2.862375304,GPS
,,,,,,,04/24/2018,2.872375304,GPS
,,,,,,,04/25/2018,2.882375304,GPS
,,,,,,,04/26/2018,2.882375304,GPS
,,,,,,,04/27/2018,2.892375304,GPS
,,,,,,,04/28/2018,2.892375304,GPS
,,,,,,,04/29/2018,2.912375304,GPS
,,,,,,,04/30/2018,2.912375304,GPS
,,,,,,,05/01/2018,2.912375304,GPS
,,,,,,,05/02/2018,2.902375304,GPS
,,,,,,,05/03/2018,2.892375304,GPS
,,,,,,,05/04/2018,2.882375304,GPS
,,,,,,,05/05/2018,2.882375304,GPS
,,,,,,,05/06/2018,2.882375304,GPS
,,,,,,,05/07/2018,2.892375304,GPS
,,,,,,,05/08/2018,2.882375304,GPS
,,,,,,,05/09/2018,2.892375304,GPS
,,,,,,,05/10/2018,2.902375304,GPS
,,,,,,,05/11/2018,2.892375304,GPS
,,,,,,,05/12/2018,2.892375304,GPS
,,,,,,,05/13/2018,2.892375304,GPS
,,,,,,,05/14/2018,2.882375304,GPS
,,,,,,,05/15/2018,2.882375304,GPS
,,,,,,,05/16/2018,2.892375304,GPS
,,,,,,,05/17/2018,2.902375304,GPS
,,,,,,,05/18/2018,2.902375304,GPS
,,,,,,,05/19/2018,2.902375304,GPS
,,,,,,,05/20/2018,2.912375304,GPS
,,,,,,,05/21/2018,2.892375304,GPS
,,,,,,,05/22/2018,2.912375304,GPS
,,,,,,,05/23/2018,2.892375304,GPS
,,,,,,,05/24/2018,2.902375304,GPS
,,,,,,,05/25/2018,2.912375304,GPS
,,,,,,,05/26/2018,2.902375304,GPS
,,,,,,,05/27/2018,2.912375304,GPS
,,,,,,,05/28/2018,2.902375304,GPS
,,,,,,,05/29/2018,2.902375304,GPS
,,,,,,,05/30/2018,2.912375304,GPS
,,,,,,,05/31/2018,2.912375304,GPS
,,,,,,,06/01/2018,2.902375304,GPS
,,,,,,,06/02/2018,2.902375304,GPS
,,,,,,,06/03/2018,2.892375304,GPS
,,,,,,,06/04/2018,2.902375304,GPS
,,,,,,,06/05/2018,2.922375304,GPS
,,,,,,,06/06/2018,2.932375304,GPS
,,,,,,,06/07/2018,2.932375304,GPS
,,,,,,,06/08/2018,2.912375304,GPS
,,,,,,,06/09/2018,2.932375304,GPS
,,,,,,,06/10/2018,2.922375304,GPS
,,,,,,,06/11/2018,2.912375304,GPS
,,,,,,,06/12/2018,2.902375304,GPS
,,,,,,,06/13/2018,2.922375304,GPS
,,,,,,,06/14/2018,2.932375304,GPS
,,,,,,,06/15/2018,2.932375304,GPS
,,,,,,,06/16/2018,2.922375304,GPS
,,,,,,,06/17/2018,2.952375304,GPS
,,,,,,,06/18/2018,2.942375304,GPS
,,,,,,,06/19/2018,2.942375304,GPS
,,,,,,,06/20/2018,2.942375304,GPS
,,,,,,,06/21/2018,2.952375304,GPS
,,,,,,,06/22/2018,2.942375304,GPS
,,,,,,,06/23/2018,2.942375304,GPS
,,,,,,,06/24/2018,2.942375304,GPS
,,,,,,,06/25/2018,2.952375304,GPS
,,,,,,,06/26/2018,2.962375304,GPS
,,,,,,,06/27/2018,2.962375304,GPS
,,,,,,,06/28/2018,2.972375304,GPS
,,,,,,,06/29/2018,2.962375304,GPS
,,,,,,,06/30/2018,2.952375304,GPS
,,,,,,,07/01/2018,2.952375304,GPS
,,,,,,,07/02/2018,2.962375304,GPS
,,,,,,,07/03/2018,2.972375304,GPS
,,,,,,,07/04/2018,2.982375304,GPS
,,,,,,,07/05/2018,2.992375304,GPS
,,,,,,,07/06/2018,2.962375304,GPS
,,,,,,,07/07/2018,2.962375304,GPS
,,,,,,,07/08/2018,2.952375304,GPS
,,,,,,,07/09/2018,2.962375304,GPS
,,,,,,,07/10/2018,2.982375304,GPS
,,,,,,,07/11/2018,2.972375304,GPS
,,,,,,,07/12/2018,2.972375304,GPS
,,,,,,,07/13/2018,2.962375304,GPS
,,,,,,,07/14/2018,2.982375304,GPS
,,,,,,,07/15/2018,2.982375304,GPS
,,,,,,,07/16/2018,2.972375304,GPS
,,,,,,,07/17/2018,2.972375304,GPS
,,,,,,,07/18/2018,2.972375304,GPS
,,,,,,,07/19/2018,2.972375304,GPS
,,,,,,,07/20/2018,2.962375304,GPS
,,,,,,,07/21/2018,2.962375304,GPS
,,,,,,,07/22/2018,2.972375304,GPS
,,,,,,,07/23/2018,2.982375304,GPS
,,,,,,,07/24/2018,2.972375304,GPS
,,,,,,,07/25/2018,2.982375304,GPS
,,,,,,,07/26/2018,2.972375304,GPS
,,,,,,,07/27/2018,2.982375304,GPS
,,,,,,,07/28/2018,2.982375304,GPS
,,,,,,,07/29/2018,3.002375304,GPS
,,,,,,,07/30/2018,2.982375304,GPS
,,,,,,,07/31/2018,3.012375304,GPS
,,,,,,,08/01/2018,3.012375304,GPS
,,,,,,,08/02/2018,2.982375304,GPS
,,,,,,,08/03/2018,3.012375304,GPS
,,,,,,,08/04/2018,2.992375304,GPS
,,,,,,,08/05/2018,3.012375304,GPS
,,,,,,,08/06/2018,2.992375304,GPS
,,,,,,,08/07/2018,2.992375304,GPS
,,,,,,,08/08/2018,2.992375304,GPS
,,,,,,,08/09/2018,3.002375304,GPS
,,,,,,,08/10/2018,2.992375304,GPS
,,,,,,,08/11/2018,2.992375304,GPS
,,,,,,,08/12/2018,2.992375304,GPS
,,,,,,,08/13/2018,2.982375304,GPS
,,,,,,,08/14/2018,2.992375304,GPS
,,,,,,,08/15/2018,2.982375304,GPS
,,,,,,,08/16/2018,2.992375304,GPS
,,,,,,,08/17/2018,2.992375304,GPS
,,,,,,,08/18/2018,3.002375304,GPS
,,,,,,,08/19/2018,2.992375304,GPS
,,,,,,,08/20/2018,2.982375304,GPS
,,,,,,,08/21/2018,3.012375304,GPS
,,,,,,,08/22/2018,2.992375304,GPS
,,,,,,,08/23/2018,2.992375304,GPS
,,,,,,,08/24/2018,2.992375304,GPS
,,,,,,,08/25/2018,2.992375304,GPS
,,,,,,,08/26/2018,2.992375304,GPS
,,,,,,,08/27/2018,2.992375304,GPS
,,,,,,,08/28/2018,3.002375304,GPS
,,,,,,,08/29/2018,2.992375304,GPS
,,,,,,,08/30/2018,2.992375304,GPS
,,,,,,,08/31/2018,2.992375304,GPS
,,,,,,,09/01/2018,3.002375304,GPS
,,,,,,,09/02/2018,2.982375304,GPS
,,,,,,,09/03/2018,2.992375304,GPS
,,,,,,,09/04/2018,2.972375304,GPS
,,,,,,,09/05/2018,2.982375304,GPS
,,,,,,,09/06/2018,2.992375304,GPS
,,,,,,,09/07/2018,2.972375304,GPS
,,,,,,,09/08/2018,2.962375304,GPS
,,,,,,,09/09/2018,2.972375304,GPS
,,,,,,,09/10/2018,2.962375304,GPS
,,,,,,,09/11/2018,2.972375304,GPS
,,,,,,,09/12/2018,2.962375304,GPS
,,,,,,,09/13/2018,2.992375304,GPS
,,,,,,,09/14/2018,3.002375304,GPS
,,,,,,,09/15/2018,2.972375304,GPS
,,,,,,,09/16/2018,2.982375304,GPS
,,,,,,,09/17/2018,2.982375304,GPS
,,,,,,,09/18/2018,2.982375304,GPS
,,,,,,,09/19/2018,2.982375304,GPS
,,,,,,,09/20/2018,2.972375304,GPS
,,,,,,,09/21/2018,2.972375304,GPS
,,,,,,,09/22/2018,2.972375304,GPS
,,,,,,,09/23/2018,2.982375304,GPS
,,,,,,,09/24/2018,3.002375304,GPS
,,,,,,,09/25/2018,2.992375304,GPS
,,,,,,,09/26/2018,2.982375304,GPS
,,,,,,,09/27/2018,2.972375304,GPS
,,,,,,,09/28/2018,2.982375304,GPS
,,,,,,,09/29/2018,3.002375304,GPS
,,,,,,,09/30/2018,2.992375304,GPS
,,,,,,,10/01/2018,3.002375304,GPS
,,,,,,,10/02/2018,2.982375304,GPS
,,,,,,,10/03/2018,2.962375304,GPS
,,,,,,,10/04/2018,2.992375304,GPS
,,,,,,,10/05/2018,2.982375304,GPS
,,,,,,,10/06/2018,2.992375304,GPS
,,,,,,,10/07/2018,2.982375304,GPS
,,,,,,,10/08/2018,2.972375304,GPS
,,,,,,,10/09/2018,2.982375304,GPS
,,,,,,,10/10/2018,2.982375304,GPS
,,,,,,,10/11/2018,2.982375304,GPS
,,,,,,,10/12/2018,2.962375304,GPS
,,,,,,,10/13/2018,2.972375304,GPS
,,,,,,,10/14/2018,2.972375304,GPS
,,,,,,,10/15/2018,2.992375304,GPS
,,,,,,,10/16/2018,2.992375304,GPS
,,,,,,,10/17/2018,2.992375304,GPS
,,,,,,,10/18/2018,2.992375304,GPS
,,,,,,,10/19/2018,2.982375304,GPS
,,,,,,,10/20/2018,2.972375304,GPS
,,,,,,,10/21/2018,2.982375304,GPS
,,,,,,,10/22/2018,2.992375304,GPS
,,,,,,,10/23/2018,2.992375304,GPS
,,,,,,,10/24/2018,2.982375304,GPS
,,,,,,,10/25/2018,2.972375304,GPS
,,,,,,,10/26/2018,2.972375304,GPS
,,,,,,,10/27/2018,2.982375304,GPS
,,,,,,,10/28/2018,2.982375304,GPS
,,,,,,,10/29/2018,2.992375304,GPS
,,,,,,,10/30/2018,2.992375304,GPS
,,,,,,,10/31/2018,2.962375304,GPS
,,,,,,,11/01/2018,2.962375304,GPS
,,,,,,,11/02/2018,2.952375304,GPS
,,,,,,,11/03/2018,2.952375304,GPS
,,,,,,,11/04/2018,2.952375304,GPS
,,,,,,,11/05/2018,2.942375304,GPS
,,,,,,,11/06/2018,2.952375304,GPS
,,,,,,,11/07/2018,2.962375304,GPS
,,,,,,,11/08/2018,2.962375304,GPS
,,,,,,,11/09/2018,2.972375304,GPS
,,,,,,,11/10/2018,2.972375304,GPS
,,,,,,,11/11/2018,2.962375304,GPS
,,,,,,,11/12/2018,2.962375304,GPS
,,,,,,,11/13/2018,2.972375304,GPS
,,,,,,,11/14/2018,2.962375304,GPS
,,,,,,,11/15/2018,2.962375304,GPS
,,,,,,,11/16/2018,2.962375304,GPS
,,,,,,,11/17/2018,2.962375304,GPS
,,,,,,,11/18/2018,2.972375304,GPS
,,,,,,,11/19/2018,2.972375304,GPS
,,,,,,,11/20/2018,2.962375304,GPS
,,,,,,,11/21/2018,2.982375304,GPS
,,,,,,,11/22/2018,2.972375304,GPS
,,,,,,,11/23/2018,2.972375304,GPS
,,,,,,,11/24/2018,2.962375304,GPS
,,,,,,,11/25/2018,2.972375304,GPS
,,,,,,,11/26/2018,2.962375304,GPS
,,,,,,,11/27/2018,2.942375304,GPS
,,,,,,,11/28/2018,2.962375304,GPS
,,,,,,,11/29/2018,2.952375304,GPS
,,,,,,,11/30/2018,2.962375304,GPS
,,,,,,,12/01/2018,2.972375304,GPS
,,,,,,,12/02/2018,2.952375304,GPS
,,,,,,,12/03/2018,2.952375304,GPS
,,,,,,,12/04/2018,2.962375304,GPS
,,,,,,,12/05/2018,2.962375304,GPS
,,,,,,,12/06/2018,2.962375304,GPS
,,,,,,,12/07/2018,2.952375304,GPS
,,,,,,,12/08/2018,2.962375304,GPS
,,,,,,,12/09/2018,2.962375304,GPS
,,,,,,,12/10/2018,2.962375304,GPS
,,,,,,,12/11/2018,2.962375304,GPS
,,,,,,,12/12/2018,2.962375304,GPS
,,,,,,,12/13/2018,2.962375304,GPS
,,,,,,,12/14/2018,2.952375304,GPS
,,,,,,,12/15/2018,2.962375304,GPS
,,,,,,,12/16/2018,2.932375304,GPS
,,,,,,,12/17/2018,2.952375304,GPS
,,,,,,,12/18/2018,2.942375304,GPS
,,,,,,,12/19/2018,2.952375304,GPS
,,,,,,,12/20/2018,2.922375304,GPS
,,,,,,,12/21/2018,2.942375304,GPS
,,,,,,,12/22/2018,2.952375304,GPS
,,,,,,,12/23/2018,2.952375304,GPS
,,,,,,,12/24/2018,2.952375304,GPS
,,,,,,,12/25/2018,2.942375304,GPS
,,,,,,,12/26/2018,2.952375304,GPS
,,,,,,,12/27/2018,2.952375304,GPS
,,,,,,,12/28/2018,2.962375304,GPS
,,,,,,,12/29/2018,2.962375304,GPS
,,,,,,,12/30/2018,2.952375304,GPS
,,,,,,,12/31/2018,2.952375304,GPS
,,,,,,,01/01/2019,2.952375304,GPS
,,,,,,,01/02/2019,2.952375304,GPS
,,,,,,,01/03/2019,2.952375304,GPS
,,,,,,,01/04/2019,2.942375304,GPS
,,,,,,,01/05/2019,2.962375304,GPS
,,,,,,,01/06/2019,2.942375304,GPS
,,,,,,,01/07/2019,2.952375304,GPS
,,,,,,,01/08/2019,2.952375304,GPS
,,,,,,,01/09/2019,2.962375304,GPS
,,,,,,,01/10/2019,2.962375304,GPS
,,,,,,,01/11/2019,2.942375304,GPS
,,,,,,,01/12/2019,2.942375304,GPS
,,,,,,,01/13/2019,2.962375304,GPS
,,,,,,,01/14/2019,2.952375304,GPS
,,,,,,,01/15/2019,2.952375304,GPS
,,,,,,,01/16/2019,2.952375304,GPS
,,,,,,,01/17/2019,2.942375304,GPS
,,,,,,,01/18/2019,2.952375304,GPS
,,,,,,,01/19/2019,2.962375304,GPS
,,,,,,,01/20/2019,2.952375304,GPS
,,,,,,,01/21/2019,2.942375304,GPS
,,,,,,,01/22/2019,2.942375304,GPS
,,,,,,,01/23/2019,2.952375304,GPS
,,,,,,,01/24/2019,2.962375304,GPS
,,,,,,,01/25/2019,2.942375304,GPS
,,,,,,,01/26/2019,2.952375304,GPS
,,,,,,,01/27/2019,2.942375304,GPS
,,,,,,,01/28/2019,2.932375304,GPS
,,,,,,,01/29/2019,2.932375304,GPS
,,,,,,,01/30/2019,2.922375304,GPS
,,,,,,,01/31/2019,2.932375304,GPS
,,,,,,,02/01/2019,2.922375304,GPS
,,,,,,,02/02/2019,2.922375304,GPS
,,,,,,,02/03/2019,2.922375304,GPS
,,,,,,,02/04/2019,2.932375304,GPS
,,,,,,,02/05/2019,2.932375304,GPS
,,,,,,,02/06/2019,2.942375304,GPS
,,,,,,,02/07/2019,2.952375304,GPS
,,,,,,,02/08/2019,2.942375304,GPS
,,,,,,,02/09/2019,2.952375304,GPS
,,,,,,,02/10/2019,2.942375304,GPS
,,,,,,,02/11/2019,2.932375304,GPS
,,,,,,,02/12/2019,2.942375304,GPS
,,,,,,,02/13/2019,2.932375304,GPS
,,,,,,,02/14/2019,2.902375304,GPS
,,,,,,,02/15/2019,2.922375304,GPS
,,,,,,,02/16/2019,2.932375304,GPS
,,,,,,,02/17/2019,2.952375304,GPS
,,,,,,,02/18/2019,2.962375304,GPS
,,,,,,,02/19/2019,2.952375304,GPS
,,,,,,,02/20/2019,2.932375304,GPS
,,,,,,,02/21/2019,2.932375304,GPS
,,,,,,,02/22/2019,2.942375304,GPS
,,,,,,,02/23/2019,2.942375304,GPS
,,,,,,,02/24/2019,2.952375304,GPS
,,,,,,,02/25/2019,2.942375304,GPS
,,,,,,,02/26/2019,2.932375304,GPS
,,,,,,,02/27/2019,2.942375304,GPS
,,,,,,,02/28/2019,2.942375304,GPS
,,,,,,,03/01/2019,2.952375304,GPS
,,,,,,,03/02/2019,2.932375304,GPS
,,,,,,,03/03/2019,2.952375304,GPS
,,,,,,,03/04/2019,2.942375304,GPS
,,,,,,,03/05/2019,2.942375304,GPS
,,,,,,,03/06/2019,2.952375304,GPS
,,,,,,,03/07/2019,2.952375304,GPS
,,,,,,,03/08/2019,2.952375304,GPS
,,,,,,,03/09/2019,2.942375304,GPS
,,,,,,,03/10/2019,2.952375304,GPS
,,,,,,,03/11/2019,2.952375304,GPS
,,,,,,,03/12/2019,2.942375304,GPS
,,,,,,,03/13/2019,2.942375304,GPS
,,,,,,,03/14/2019,2.962375304,GPS
,,,,,,,03/15/2019,2.962375304,GPS
,,,,,,,03/16/2019,2.962375304,GPS
,,,,,,,03/17/2019,2.942375304,GPS
,,,,,,,03/18/2019,2.942375304,GPS
,,,,,,,03/19/2019,2.942375304,GPS
,,,,,,,03/20/2019,2.962375304,GPS
,,,,,,,03/21/2019,2.962375304,GPS
,,,,,,,03/22/2019,2.952375304,GPS
,,,,,,,03/23/2019,2.942375304,GPS
,,,,,,,03/24/2019,2.952375304,GPS
,,,,,,,03/25/2019,2.952375304,GPS
,,,,,,,03/26/2019,2.932375304,GPS
,,,,,,,03/27/2019,2.922375304,GPS
,,,,,,,03/28/2019,2.922375304,GPS
,,,,,,,03/29/2019,2.942375304,GPS
,,,,,,,03/30/2019,2.942375304,GPS
,,,,,,,03/31/2019,2.922375304,GPS
,,,,,,,04/01/2019,2.922375304,GPS
,,,,,,,04/02/2019,2.912375304,GPS
,,,,,,,04/03/2019,2.922375304,GPS
,,,,,,,04/04/2019,2.932375304,GPS
,,,,,,,04/05/2019,2.922375304,GPS
,,,,,,,04/06/2019,2.922375304,GPS
,,,,,,,04/07/2019,2.922375304,GPS
,,,,,,,04/08/2019,2.922375304,GPS
,,,,,,,04/09/2019,2.942375304,GPS
,,,,,,,04/10/2019,2.922375304,GPS
,,,,,,,04/11/2019,2.932375304,GPS
,,,,,,,04/12/2019,2.922375304,GPS
,,,,,,,04/13/2019,2.922375304,GPS
,,,,,,,04/14/2019,2.902375304,GPS
,,,,,,,04/15/2019,2.912375304,GPS
,,,,,,,04/16/2019,2.922375304,GPS
,,,,,,,04/17/2019,2.922375304,GPS
,,,,,,,04/18/2019,2.922375304,GPS
,,,,,,,04/19/2019,2.912375304,GPS
,,,,,,,04/20/2019,2.902375304,GPS
,,,,,,,04/21/2019,2.922375304,GPS
,,,,,,,04/22/2019,2.902375304,GPS
,,,,,,,04/23/2019,2.902375304,GPS
,,,,,,,04/24/2019,2.902375304,GPS
,,,,,,,04/25/2019,2.912375304,GPS
,,,,,,,04/26/2019,2.902375304,GPS
,,,,,,,04/27/2019,2.912375304,GPS
,,,,,,,04/28/2019,2.912375304,GPS
,,,,,,,04/29/2019,2.902375304,GPS
,,,,,,,04/30/2019,2.922375304,GPS
,,,,,,,05/01/2019,2.942375304,GPS
,,,,,,,05/02/2019,2.932375304,GPS
,,,,,,,05/03/2019,2.922375304,GPS
,,,,,,,05/04/2019,2.912375304,GPS
,,,,,,,05/05/2019,2.932375304,GPS
,,,,,,,05/06/2019,2.912375304,GPS
,,,,,,,05/07/2019,2.932375304,GPS
,,,,,,,05/08/2019,2.932375304,GPS
,,,,,,,05/09/2019,2.922375304,GPS
,,,,,,,05/10/2019,2.942375304,GPS
,,,,,,,05/11/2019,2.932375304,GPS
,,,,,,,05/12/2019,2.922375304,GPS
,,,,,,,05/13/2019,2.912375304,GPS
,,,,,,,05/14/2019,2.912375304,GPS
,,,,,,,05/15/2019,2.902375304,GPS
,,,,,,,05/16/2019,2.932375304,GPS
,,,,,,,05/17/2019,2.952375304,GPS
,,,,,,,05/18/2019,2.932375304,GPS
,,,,,,,05/19/2019,2.922375304,GPS
,,,,,,,05/20/2019,2.922375304,GPS
,,,,,,,05/21/2019,2.942375304,GPS
,,,,,,,05/22/2019,2.932375304,GPS
,,,,,,,05/23/2019,2.932375304,GPS
,,,,,,,05/24/2019,2.912375304,GPS
,,,,,,,05/25/2019,2.922375304,GPS
,,,,,,,05/26/2019,2.922375304,GPS
,,,,,,,05/27/2019,2.922375304,GPS
,,,,,,,05/28/2019,2.922375304,GPS
,,,,,,,05/29/2019,2.912375304,GPS
,,,,,,,05/30/2019,2.922375304,GPS
,,,,,,,05/31/2019,2.912375304,GPS
,,,,,,,06/01/2019,2.922375304,GPS
,,,,,,,06/02/2019,2.932375304,GPS
,,,,,,,06/03/2019,2.892375304,GPS
,,,,,,,06/04/2019,2.922375304,GPS
,,,,,,,06/05/2019,2.912375304,GPS
,,,,,,,06/06/2019,2.922375304,GPS
,,,,,,,06/07/2019,2.922375304,GPS
,,,,,,,06/08/2019,2.932375304,GPS
,,,,,,,06/09/2019,2.932375304,GPS
,,,,,,,06/10/2019,2.922375304,GPS
,,,,,,,06/11/2019,2.932375304,GPS
,,,,,,,06/12/2019,2.922375304,GPS
,,,,,,,06/13/2019,2.932375304,GPS
,,,,,,,06/14/2019,2.962375304,GPS
,,,,,,,06/15/2019,2.942375304,GPS
,,,,,,,06/16/2019,2.952375304,GPS
,,,,,,,06/17/2019,2.942375304,GPS
,,,,,,,06/18/2019,2.952375304,GPS
,,,,,,,06/19/2019,2.962375304,GPS
,,,,,,,06/20/2019,2.942375304,GPS
,,,,,,,06/21/2019,2.952375304,GPS
,,,,,,,06/22/2019,2.952375304,GPS
,,,,,,,06/23/2019,2.932375304,GPS
,,,,,,,06/24/2019,2.952375304,GPS
,,,,,,,06/25/2019,2.942375304,GPS
,,,,,,,06/26/2019,2.952375304,GPS
,,,,,,,06/27/2019,2.972375304,GPS
,,,,,,,06/28/2019,2.972375304,GPS
,,,,,,,06/29/2019,2.992375304,GPS
,,,,,,,06/30/2019,2.972375304,GPS
,,,,,,,07/01/2019,2.982375304,GPS
,,,,,,,07/02/2019,3.002375304,GPS
,,,,,,,07/03/2019,2.972375304,GPS
,,,,,,,07/04/2019,2.972375304,GPS
,,,,,,,07/05/2019,2.982375304,GPS
,,,,,,,07/06/2019,2.982375304,GPS
,,,,,,,07/07/2019,2.982375304,GPS
,,,,,,,07/08/2019,2.962375304,GPS
,,,,,,,07/09/2019,2.962375304,GPS
,,,,,,,07/10/2019,2.972375304,GPS
,,,,,,,07/11/2019,2.982375304,GPS
,,,,,,,07/12/2019,2.952375304,GPS
,,,,,,,07/13/2019,2.972375304,GPS
,,,,,,,07/14/2019,2.972375304,GPS
,,,,,,,07/15/2019,2.972375304,GPS
,,,,,,,07/16/2019,2.972375304,GPS
,,,,,,,07/17/2019,2.982375304,GPS
,,,,,,,07/18/2019,2.952375304,GPS
,,,,,,,07/19/2019,2.982375304,GPS
,,,,,,,07/20/2019,2.982375304,GPS
,,,,,,,07/21/2019,2.992375304,GPS
,,,,,,,07/22/2019,2.982375304,GPS
,,,,,,,07/23/2019,2.982375304,GPS
,,,,,,,07/24/2019,2.992375304,GPS
,,,,,,,07/25/2019,2.982375304,GPS
,,,,,,,07/26/2019,2.982375304,GPS
,,,,,,,07/27/2019,2.992375304,GPS
,,,,,,,07/28/2019,3.002375304,GPS
,,,,,,,07/29/2019,2.982375304,GPS
,,,,,,,07/30/2019,2.982375304,GPS
,,,,,,,07/31/2019,3.002375304,GPS
,,,,,,,08/01/2019,2.982375304,GPS
,,,,,,,08/02/2019,2.982375304,GPS
,,,,,,,08/03/2019,2.982375304,GPS
,,,,,,,08/04/2019,2.992375304,GPS
,,,,,,,08/05/2019,2.992375304,GPS
,,,,,,,08/06/2019,2.962375304,GPS
,,,,,,,08/07/2019,2.972375304,GPS
,,,,,,,08/08/2019,2.992375304,GPS
,,,,,,,08/09/2019,2.992375304,GPS
,,,,,,,08/10/2019,2.982375304,GPS
,,,,,,,08/11/2019,2.982375304,GPS
,,,,,,,08/12/2019,2.972375304,GPS
,,,,,,,08/13/2019,2.982375304,GPS
,,,,,,,08/14/2019,2.972375304,GPS
,,,,,,,08/15/2019,2.972375304,GPS
,,,,,,,08/16/2019,2.962375304,GPS
,,,,,,,08/17/2019,2.972375304,GPS
,,,,,,,08/18/2019,2.972375304,GPS
,,,,,,,08/19/2019,2.972375304,GPS
,,,,,,,08/20/2019,2.982375304,GPS
,,,,,,,08/21/2019,2.962375304,GPS
,,,,,,,08/22/2019,2.972375304,GPS
,,,,,,,08/23/2019,2.962375304,GPS
,,,,,,,08/24/2019,2.962375304,GPS
,,,,,,,08/25/2019,2.972375304,GPS
,,,,,,,08/26/2019,2.972375304,GPS
,,,,,,,08/27/2019,2.982375304,GPS
,,,,,,,08/28/2019,2.952375304,GPS
,,,,,,,08/29/2019,2.962375304,GPS
,,,,,,,08/30/2019,2.972375304,GPS
,,,,,,,08/31/2019,2.982375304,GPS
,,,,,,,09/01/2019,2.982375304,GPS
,,,,,,,09/02/2019,2.982375304,GPS
,,,,,,,09/03/2019,2.962375304,GPS
,,,,,,,09/04/2019,2.992375304,GPS
,,,,,,,09/05/2019,2.992375304,GPS
,,,,,,,09/06/2019,2.992375304,GPS
,,,,,,,09/07/2019,3.002375304,GPS
,,,,,,,09/08/2019,2.982375304,GPS
,,,,,,,09/09/2019,2.982375304,GPS
,,,,,,,09/10/2019,2.992375304,GPS
,,,,,,,09/11/2019,2.992375304,GPS
,,,,,,,09/12/2019,2.982375304,GPS
,,,,,,,09/13/2019,2.972375304,GPS
,,,,,,,09/14/2019,2.972375304,GPS
,,,,,,,09/15/2019,2.962375304,GPS
,,,,,,,09/16/2019,2.962375304,GPS
,,,,,,,09/17/2019,2.972375304,GPS
,,,,,,,09/18/2019,2.982375304,GPS
,,,,,,,09/19/2019,2.982375304,GPS
,,,,,,,09/20/2019,2.982375304,GPS
,,,,,,,09/21/2019,2.972375304,GPS
,,,,,,,09/22/2019,2.982375304,GPS
,,,,,,,09/23/2019,2.972375304,GPS
,,,,,,,09/24/2019,2.972375304,GPS
,,,,,,,09/25/2019,2.972375304,GPS
,,,,,,,09/26/2019,2.972375304,GPS
,,,,,,,09/27/2019,2.972375304,GPS
,,,,,,,09/28/2019,2.962375304,GPS
,,,,,,,09/29/2019,2.982375304,GPS
,,,,,,,09/30/2019,2.992375304,GPS
,,,,,,,10/01/2019,2.992375304,GPS
,,,,,,,10/02/2019,2.972375304,GPS
,,,,,,,10/03/2019,2.972375304,GPS
,,,,,,,10/04/2019,2.982375304,GPS
,,,,,,,10/05/2019,2.972375304,GPS
,,,,,,,10/06/2019,2.972375304,GPS
,,,,,,,10/07/2019,2.962375304,GPS
,,,,,,,10/08/2019,2.962375304,GPS
,,,,,,,10/09/2019,2.962375304,GPS
,,,,,,,10/10/2019,2.972375304,GPS
,,,,,,,10/11/2019,2.972375304,GPS
,,,,,,,10/12/2019,2.972375304,GPS
,,,,,,,10/13/2019,2.962375304,GPS
,,,,,,,10/14/2019,2.972375304,GPS
,,,,,,,10/15/2019,2.962375304,GPS
,,,,,,,10/16/2019,2.962375304,GPS
,,,,,,,10/17/2019,2.962375304,GPS
,,,,,,,10/18/2019,2.962375304,GPS
,,,,,,,10/19/2019,2.952375304,GPS
,,,,,,,10/20/2019,2.962375304,GPS
,,,,,,,10/21/2019,2.972375304,GPS
,,,,,,,10/22/2019,2.962375304,GPS
,,,,,,,10/23/2019,2.962375304,GPS
,,,,,,,10/26/2019,2.952375304,GPS
,,,,,,,10/27/2019,2.942375304,GPS
,,,,,,,10/28/2019,2.962375304,GPS
,,,,,,,10/29/2019,2.962375304,GPS
,,,,,,,10/30/2019,2.972375304,GPS
,,,,,,,10/31/2019,2.972375304,GPS
,,,,,,,11/01/2019,2.972375304,GPS
,,,,,,,11/02/2019,2.982375304,GPS
,,,,,,,11/03/2019,2.962375304,GPS
,,,,,,,11/04/2019,2.962375304,GPS
,,,,,,,11/05/2019,2.962375304,GPS
,,,,,,,11/06/2019,2.962375304,GPS
,,,,,,,11/07/2019,2.962375304,GPS
,,,,,,,11/08/2019,2.962375304,GPS
,,,,,,,11/09/2019,2.962375304,GPS
,,,,,,,11/10/2019,2.952375304,GPS
,,,,,,,11/11/2019,2.952375304,GPS
,,,,,,,11/12/2019,2.942375304,GPS
,,,,,,,11/13/2019,2.942375304,GPS
,,,,,,,11/14/2019,2.942375304,GPS
,,,,,,,11/15/2019,2.962375304,GPS
,,,,,,,11/16/2019,2.942375304,GPS
,,,,,,,11/17/2019,2.952375304,GPS
,,,,,,,11/18/2019,2.942375304,GPS
,,,,,,,11/19/2019,2.942375304,GPS
,,,,,,,11/20/2019,2.942375304,GPS
,,,,,,,11/21/2019,2.942375304,GPS
,,,,,,,11/22/2019,2.942375304,GPS
,,,,,,,11/23/2019,2.952375304,GPS
,,,,,,,11/24/2019,2.952375304,GPS
,,,,,,,11/25/2019,2.952375304,GPS
,,,,,,,11/26/2019,2.942375304,GPS
,,,,,,,11/27/2019,2.942375304,GPS
,,,,,,,11/28/2019,2.942375304,GPS
,,,,,,,11/29/2019,2.952375304,GPS
,,,,,,,11/30/2019,2.942375304,GPS
,,,,,,,12/01/2019,2.942375304,GPS
,,,,,,,12/02/2019,2.952375304,GPS
,,,,,,,12/03/2019,2.952375304,GPS
,,,,,,,12/04/2019,2.962375304,GPS
,,,,,,,12/05/2019,2.942375304,GPS
,,,,,,,12/06/2019,2.942375304,GPS
,,,,,,,12/07/2019,2.972375304,GPS
,,,,,,,12/08/2019,2.962375304,GPS
,,,,,,,12/09/2019,2.952375304,GPS
,,,,,,,12/10/2019,2.962375304,GPS
,,,,,,,12/11/2019,2.962375304,GPS
,,,,,,,12/12/2019,2.952375304,GPS
,,,,,,,12/13/2019,2.942375304,GPS
,,,,,,,12/14/2019,2.962375304,GPS
,,,,,,,12/15/2019,2.962375304,GPS
,,,,,,,12/16/2019,2.952375304,GPS
,,,,,,,12/17/2019,2.952375304,GPS
,,,,,,,12/18/2019,2.962375304,GPS
,,,,,,,12/19/2019,2.952375304,GPS
,,,,,,,12/20/2019,2.952375304,GPS
,,,,,,,12/21/2019,2.952375304,GPS
,,,,,,,12/22/2019,2.952375304,GPS
,,,,,,,12/23/2019,2.952375304,GPS
,,,,,,,12/24/2019,2.942375304,GPS
,,,,,,,12/25/2019,2.952375304,GPS
,,,,,,,12/26/2019,2.952375304,GPS
,,,,,,,12/27/2019,2.942375304,GPS
,,,,,,,12/28/2019,2.942375304,GPS
,,,,,,,12/29/2019,2.942375304,GPS
,,,,,,,12/30/2019,2.942375304,GPS
,,,,,,,12/31/2019,2.942375304,GPS
,,,,,,,01/01/2020,2.942375304,GPS
,,,,,,,01/02/2020,2.922375304,GPS
,,,,,,,01/03/2020,2.932375304,GPS
,,,,,,,01/04/2020,2.942375304,GPS
,,,,,,,01/05/2020,2.952375304,GPS
,,,,,,,01/06/2020,2.952375304,GPS
,,,,,,,01/07/2020,2.952375304,GPS
,,,,,,,01/08/2020,2.932375304,GPS
,,,,,,,01/09/2020,2.932375304,GPS
,,,,,,,01/10/2020,2.932375304,GPS
,,,,,,,01/11/2020,2.932375304,GPS
,,,,,,,01/12/2020,2.942375304,GPS
,,,,,,,01/13/2020,2.932375304,GPS
,,,,,,,01/14/2020,2.942375304,GPS
,,,,,,,01/15/2020,2.932375304,GPS
,,,,,,,01/16/2020,2.932375304,GPS
,,,,,,,01/17/2020,2.922375304,GPS
,,,,,,,01/18/2020,2.932375304,GPS
,,,,,,,01/19/2020,2.942375304,GPS
,,,,,,,01/20/2020,2.922375304,GPS
,,,,,,,01/21/2020,2.922375304,GPS
,,,,,,,01/22/2020,2.932375304,GPS
,,,,,,,01/23/2020,2.922375304,GPS
,,,,,,,01/24/2020,2.922375304,GPS
,,,,,,,01/25/2020,2.942375304,GPS
,,,,,,,01/26/2020,2.922375304,GPS
,,,,,,,01/27/2020,2.932375304,GPS
,,,,,,,01/28/2020,2.932375304,GPS
,,,,,,,01/29/2020,2.932375304,GPS
,,,,,,,01/30/2020,2.922375304,GPS
,,,,,,,01/31/2020,2.912375304,GPS
,,,,,,,02/01/2020,2.932375304,GPS
,,,,,,,02/02/2020,2.922375304,GPS
,,,,,,,02/03/2020,2.922375304,GPS
,,,,,,,02/04/2020,2.932375304,GPS
,,,,,,,02/05/2020,2.922375304,GPS
,,,,,,,02/06/2020,2.912375304,GPS
,,,,,,,02/07/2020,2.912375304,GPS
,,,,,,,02/08/2020,2.922375304,GPS
,,,,,,,02/09/2020,2.912375304,GPS
,,,,,,,02/10/2020,2.912375304,GPS
,,,,,,,02/11/2020,2.902375304,GPS
,,,,,,,02/12/2020,2.912375304,GPS
,,,,,,,02/13/2020,2.912375304,GPS
,,,,,,,02/14/2020,2.912375304,GPS
,,,,,,,02/15/2020,2.902375304,GPS
,,,,,,,02/16/2020,2.922375304,GPS
,,,,,,,02/17/2020,2.922375304,GPS
,,,,,,,02/18/2020,2.922375304,GPS
,,,,,,,02/19/2020,2.922375304,GPS
,,,,,,,02/20/2020,2.932375304,GPS
,,,,,,,02/21/2020,2.922375304,GPS
,,,,,,,02/22/2020,2.912375304,GPS
,,,,,,,02/23/2020,2.922375304,GPS
,,,,,,,02/24/2020,2.932375304,GPS
,,,,,,,02/25/2020,2.922375304,GPS
,,,,,,,02/26/2020,2.922375304,GPS
,,,,,,,02/27/2020,2.922375304,GPS
,,,,,,,02/28/2020,2.912375304,GPS
,,,,,,,02/29/2020,2.922375304,GPS
,,,,,,,03/01/2020,2.912375304,GPS
,,,,,,,03/02/2020,2.922375304,GPS
,,,,,,,03/03/2020,2.912375304,GPS
,,,,,,,03/04/2020,2.902375304,GPS
,,,,,,,03/05/2020,2.912375304,GPS
,,,,,,,03/06/2020,2.922375304,GPS
,,,,,,,03/07/2020,2.912375304,GPS
,,,,,,,03/08/2020,2.912375304,GPS
,,,,,,,03/09/2020,2.912375304,GPS
,,,,,,,03/10/2020,2.922375304,GPS
,,,,,,,03/11/2020,2.912375304,GPS
,,,,,,,03/12/2020,2.902375304,GPS
,,,,,,,03/13/2020,2.902375304,GPS
,,,,,,,03/14/2020,2.922375304,GPS
,,,,,,,03/15/2020,2.912375304,GPS
,,,,,,,03/16/2020,2.922375304,GPS
,,,,,,,03/17/2020,2.932375304,GPS
,,,,,,,03/18/2020,2.912375304,GPS
,,,,,,,03/19/2020,2.932375304,GPS
,,,,,,,03/20/2020,2.932375304,GPS
,,,,,,,03/21/2020,2.942375304,GPS
,,,,,,,03/22/2020,2.922375304,GPS
,,,,,,,03/23/2020,2.912375304,GPS
,,,,,,,03/24/2020,2.932375304,GPS
,,,,,,,03/25/2020,2.922375304,GPS
,,,,,,,03/26/2020,2.912375304,GPS
,,,,,,,03/27/2020,2.922375304,GPS
,,,,,,,03/28/2020,2.932375304,GPS
,,,,,,,03/29/2020,2.922375304,GPS
,,,,,,,03/30/2020,2.922375304,GPS
,,,,,,,03/31/2020,2.932375304,GPS
,,,,,,,04/01/2020,2.922375304,GPS
,,,,,,,04/02/2020,2.922375304,GPS
,,,,,,,04/03/2020,2.902375304,GPS
,,,,,,,04/04/2020,2.902375304,GPS
,,,,,,,04/05/2020,2.892375304,GPS
,,,,,,,04/06/2020,2.922375304,GPS
,,,,,,,04/07/2020,2.912375304,GPS
,,,,,,,04/08/2020,2.922375304,GPS
,,,,,,,04/09/2020,2.922375304,GPS
,,,,,,,04/10/2020,2.922375304,GPS
,,,,,,,04/11/2020,2.912375304,GPS
,,,,,,,04/12/2020,2.902375304,GPS
,,,,,,,04/13/2020,2.912375304,GPS
,,,,,,,04/14/2020,2.932375304,GPS
,,,,,,,04/15/2020,2.922375304,GPS
,,,,,,,04/16/2020,2.902375304,GPS
,,,,,,,04/17/2020,2.912375304,GPS
,,,,,,,04/18/2020,2.902375304,GPS
,,,,,,,04/19/2020,2.912375304,GPS
,,,,,,,04/20/2020,2.912375304,GPS
,,,,,,,04/21/2020,2.912375304,GPS
,,,,,,,04/22/2020,2.912375304,GPS
,,,,,,,04/23/2020,2.902375304,GPS
,,,,,,,04/24/2020,2.912375304,GPS
,,,,,,,04/25/2020,2.912375304,GPS
,,,,,,,04/26/2020,2.912375304,GPS
,,,,,,,04/27/2020,2.912375304,GPS
,,,,,,,04/28/2020,2.922375304,GPS
,,,,,,,04/29/2020,2.922375304,GPS
,,,,,,,04/30/2020,2.922375304,GPS
,,,,,,,05/01/2020,2.932375304,GPS
,,,,,,,05/02/2020,2.942375304,GPS
,,,,,,,05/03/2020,2.922375304,GPS
,,,,,,,05/04/2020,2.932375304,GPS
,,,,,,,05/05/2020,2.932375304,GPS
,,,,,,,05/06/2020,2.932375304,GPS
,,,,,,,05/07/2020,2.932375304,GPS
,,,,,,,05/08/2020,2.922375304,GPS
,,,,,,,05/09/2020,2.932375304,GPS
,,,,,,,05/10/2020,2.932375304,GPS
,,,,,,,05/11/2020,2.922375304,GPS
,,,,,,,05/12/2020,2.932375304,GPS
,,,,,,,05/13/2020,2.952375304,GPS
,,,,,,,05/14/2020,2.942375304,GPS
,,,,,,,05/15/2020,2.942375304,GPS
,,,,,,,05/16/2020,2.922375304,GPS
,,,,,,,05/17/2020,2.952375304,GPS
,,,,,,,05/18/2020,2.972375304,GPS
,,,,,,,05/19/2020,2.952375304,GPS
,,,,,,,05/20/2020,2.952375304,GPS
,,,,,,,05/21/2020,2.952375304,GPS
,,,,,,,05/22/2020,2.952375304,GPS
,,,,,,,05/23/2020,2.942375304,GPS
,,,,,,,05/24/2020,2.942375304,GPS
,,,,,,,05/25/2020,2.932375304,GPS
,,,,,,,05/26/2020,2.942375304,GPS
,,,,,,,05/27/2020,2.942375304,GPS
,,,,,,,05/28/2020,2.932375304,GPS
,,,,,,,05/29/2020,2.942375304,GPS
,,,,,,,05/30/2020,2.952375304,GPS
,,,,,,,05/31/2020,2.952375304,GPS
,,,,,,,06/01/2020,2.952375304,GPS
,,,,,,,06/02/2020,2.952375304,GPS
,,,,,,,06/03/2020,2.952375304,GPS
,,,,,,,06/04/2020,2.962375304,GPS
,,,,,,,06/05/2020,2.982375304,GPS
,,,,,,,06/06/2020,2.952375304,GPS
,,,,,,,06/07/2020,2.972375304,GPS
,,,,,,,06/08/2020,2.972375304,GPS
,,,,,,,06/09/2020,2.972375304,GPS
,,,,,,,06/10/2020,2.992375304,GPS
,,,,,,,06/11/2020,2.982375304,GPS
,,,,,,,06/12/2020,2.962375304,GPS
,,,,,,,06/13/2020,2.992375304,GPS
,,,,,,,06/14/2020,2.982375304,GPS
,,,,,,,06/15/2020,2.992375304,GPS
,,,,,,,06/16/2020,2.982375304,GPS
,,,,,,,06/17/2020,2.982375304,GPS
,,,,,,,06/18/2020,2.992375304,GPS
,,,,,,,06/19/2020,2.982375304,GPS
,,,,,,,06/20/2020,2.992375304,GPS
,,,,,,,06/21/2020,2.992375304,GPS
,,,,,,,06/22/2020,2.982375304,GPS
,,,,,,,06/23/2020,2.992375304,GPS
,,,,,,,06/24/2020,2.982375304,GPS
,,,,,,,06/25/2020,2.992375304,GPS
,,,,,,,06/26/2020,3.012375304,GPS
,,,,,,,06/27/2020,3.002375304,GPS
,,,,,,,06/28/2020,2.982375304,GPS
,,,,,,,06/29/2020,3.002375304,GPS
,,,,,,,06/30/2020,3.002375304,GPS
,,,,,,,07/01/2020,2.992375304,GPS
,,,,,,,07/02/2020,3.002375304,GPS
,,,,,,,07/03/2020,3.012375304,GPS
,,,,,,,07/04/2020,3.012375304,GPS
,,,,,,,07/05/2020,3.012375304,GPS
,,,,,,,07/06/2020,3.012375304,GPS
,,,,,,,07/07/2020,3.012375304,GPS
,,,,,,,07/08/2020,3.002375304,GPS
,,,,,,,07/09/2020,3.022375304,GPS
,,,,,,,07/10/2020,3.012375304,GPS
,,,,,,,07/11/2020,3.022375304,GPS
,,,,,,,07/12/2020,3.022375304,GPS
,,,,,,,07/13/2020,3.012375304,GPS
,,,,,,,07/14/2020,3.022375304,GPS
,,,,,,,07/15/2020,3.012375304,GPS
,,,,,,,07/16/2020,3.012375304,GPS
,,,,,,,07/17/2020,3.032375304,GPS
,,,,,,,07/18/2020,3.012375304,GPS
,,,,,,,07/19/2020,3.022375304,GPS
,,,,,,,07/20/2020,3.022375304,GPS
,,,,,,,07/21/2020,3.002375304,GPS
,,,,,,,07/22/2020,3.002375304,GPS
,,,,,,,07/23/2020,3.012375304,GPS
,,,,,,,07/24/2020,3.002375304,GPS
,,,,,,,07/25/2020,3.022375304,GPS
,,,,,,,07/26/2020,3.022375304,GPS
,,,,,,,07/27/2020,3.012375304,GPS
,,,,,,,07/28/2020,3.012375304,GPS
,,,,,,,07/29/2020,3.022375304,GPS
,,,,,,,07/30/2020,3.022375304,GPS
,,,,,,,07/31/2020,3.032375304,GPS
,,,,,,,08/01/2020,3.022375304,GPS
,,,,,,,08/02/2020,3.002375304,GPS
,,,,,,,08/03/2020,3.022375304,GPS
,,,,,,,08/04/2020,3.022375304,GPS
,,,,,,,08/05/2020,3.022375304,GPS
,,,,,,,08/06/2020,3.012375304,GPS
,,,,,,,08/07/2020,3.002375304,GPS
,,,,,,,08/08/2020,3.022375304,GPS
,,,,,,,08/09/2020,3.012375304,GPS
,,,,,,,08/10/2020,3.012375304,GPS
,,,,,,,08/11/2020,3.012375304,GPS
,,,,,,,08/12/2020,3.022375304,GPS
,,,,,,,08/13/2020,3.032375304,GPS
,,,,,,,08/14/2020,3.012375304,GPS
,,,,,,,08/15/2020,3.002375304,GPS
,,,,,,,08/16/2020,3.002375304,GPS
,,,,,,,08/17/2020,2.992375304,GPS
,,,,,,,08/18/2020,3.012375304,GPS
,,,,,,,08/19/2020,3.012375304,GPS
,,,,,,,08/20/2020,3.012375304,GPS
,,,,,,,08/21/2020,3.012375304,GPS
,,,,,,,08/22/2020,3.012375304,GPS
,,,,,,,08/23/2020,3.012375304,GPS
,,,,,,,08/24/2020,3.012375304,GPS
,,,,,,,08/25/2020,3.002375304,GPS
,,,,,,,08/26/2020,3.012375304,GPS
,,,,,,,08/27/2020,2.992375304,GPS
,,,,,,,08/28/2020,3.012375304,GPS
,,,,,,,08/29/2020,3.002375304,GPS
,,,,,,,08/30/2020,3.012375304,GPS
,,,,,,,08/31/2020,3.012375304,GPS
,,,,,,,09/01/2020,3.002375304,GPS
,,,,,,,09/02/2020,3.022375304,GPS
,,,,,,,09/03/2020,3.022375304,GPS
,,,,,,,09/04/2020,3.012375304,GPS
,,,,,,,09/05/2020,3.012375304,GPS
,,,,,,,09/06/2020,3.022375304,GPS
,,,,,,,09/07/2020,3.002375304,GPS
,,,,,,,09/08/2020,3.002375304,GPS
,,,,,,,09/09/2020,3.012375304,GPS
,,,,,,,09/10/2020,3.022375304,GPS
,,,,,,,09/11/2020,3.022375304,GPS
,,,,,,,09/12/2020,3.022375304,GPS
,,,,,,,09/13/2020,3.012375304,GPS
,,,,,,,09/14/2020,3.022375304,GPS
,,,,,,,09/15/2020,3.022375304,GPS
,,,,,,,09/16/2020,3.012375304,GPS
,,,,,,,09/17/2020,3.022375304,GPS
,,,,,,,09/18/2020,3.032375304,GPS
,,,,,,,09/19/2020,3.022375304,GPS
,,,,,,,09/20/2020,3.022375304,GPS
,,,,,,,09/21/2020,3.022375304,GPS
,,,,,,,09/22/2020,3.012375304,GPS
,,,,,,,09/23/2020,3.012375304,GPS
,,,,,,,09/24/2020,3.032375304,GPS
,,,,,,,09/25/2020,3.012375304,GPS
,,,,,,,09/26/2020,3.012375304,GPS
,,,,,,,09/27/2020,3.002375304,GPS
,,,,,,,09/28/2020,3.012375304,GPS
,,,,,,,09/29/2020,3.012375304,GPS
,,,,,,,09/30/2020,3.022375304,GPS
,,,,,,,10/01/2020,3.002375304,GPS
,,,,,,,10/02/2020,3.012375304,GPS
,,,,,,,10/03/2020,3.022375304,GPS
,,,,,,,10/04/2020,3.022375304,GPS
,,,,,,,10/05/2020,3.022375304,GPS
,,,,,,,10/06/2020,3.012375304,GPS
,,,,,,,10/07/2020,3.002375304,GPS
,,,,,,,10/08/2020,3.012375304,GPS
,,,,,,,10/09/2020,3.012375304,GPS
,,,,,,,10/10/2020,3.002375304,GPS
,,,,,,,10/11/2020,3.002375304,GPS
,,,,,,,10/12/2020,3.002375304,GPS
,,,,,,,10/13/2020,2.992375304,GPS
,,,,,,,10/14/2020,3.002375304,GPS
,,,,,,,10/15/2020,2.992375304,GPS
,,,,,,,10/16/2020,3.002375304,GPS
,,,,,,,10/17/2020,3.012375304,GPS
,,,,,,,10/18/2020,3.012375304,GPS
,,,,,,,10/19/2020,3.002375304,GPS
,,,,,,,10/20/2020,3.002375304,GPS
,,,,,,,10/21/2020,3.002375304,GPS
,,,,,,,10/22/2020,3.002375304,GPS
,,,,,,,10/23/2020,3.012375304,GPS
,,,,,,,10/24/2020,3.002375304,GPS
,,,,,,,10/25/2020,3.012375304,GPS
,,,,,,,10/26/2020,3.022375304,GPS
,,,,,,,10/27/2020,3.012375304,GPS
,,,,,,,10/28/2020,3.012375304,GPS
,,,,,,,10/29/2020,3.012375304,GPS
,,,,,,,10/30/2020,3.012375304,GPS
,,,,,,,10/31/2020,3.012375304,GPS
,,,,,,,11/01/2020,3.012375304,GPS
,,,,,,,11/02/2020,3.002375304,GPS
,,,,,,,11/03/2020,3.002375304,GPS
,,,,,,,11/04/2020,3.012375304,GPS
,,,,,,,11/05/2020,3.002375304,GPS
,,,,,,,11/06/2020,3.012375304,GPS
,,,,,,,11/07/2020,3.002375304,GPS
,,,,,,,11/08/2020,3.012375304,GPS
,,,,,,,11/09/2020,3.002375304,GPS
,,,,,,,11/10/2020,3.012375304,GPS
,,,,,,,11/11/2020,3.002375304,GPS
,,,,,,,11/12/2020,3.012375304,GPS
,,,,,,,11/13/2020,3.002375304,GPS
,,,,,,,11/14/2020,3.002375304,GPS
,,,,,,,11/15/2020,3.002375304,GPS
,,,,,,,11/16/2020,3.002375304,GPS
,,,,,,,11/17/2020,2.992375304,GPS
,,,,,,,11/18/2020,2.982375304,GPS
,,,,,,,11/19/2020,3.002375304,GPS
,,,,,,,11/20/2020,3.002375304,GPS
,,,,,,,11/21/2020,3.002375304,GPS
,,,,,,,11/22/2020,3.002375304,GPS
,,,,,,,11/23/2020,2.992375304,GPS
,,,,,,,11/24/2020,2.992375304,GPS
,,,,,,,11/25/2020,3.002375304,GPS
,,,,,,,11/26/2020,2.992375304,GPS
,,,,,,,11/27/2020,2.992375304,GPS
,,,,,,,11/28/2020,2.992375304,GPS
,,,,,,,11/29/2020,3.002375304,GPS
,,,,,,,11/30/2020,2.992375304,GPS
,,,,,,,12/01/2020,2.992375304,GPS
,,,,,,,12/02/2020,3.012375304,GPS
,,,,,,,12/03/2020,2.992375304,GPS
,,,,,,,12/04/2020,3.012375304,GPS
,,,,,,,12/05/2020,3.022375304,GPS
,,,,,,,12/06/2020,3.002375304,GPS
,,,,,,,12/07/2020,2.992375304,GPS
,,,,,,,12/08/2020,3.002375304,GPS
,,,,,,,12/09/2020,2.992375304,GPS
,,,,,,,12/10/2020,3.002375304,GPS
,,,,,,,12/11/2020,2.992375304,GPS
,,,,,,,12/12/2020,2.992375304,GPS
,,,,,,,12/13/2020,2.992375304,GPS
,,,,,,,12/14/2020,3.012375304,GPS
,,,,,,,12/15/2020,2.992375304,GPS
,,,,,,,12/16/2020,2.982375304,GPS
,,,,,,,12/17/2020,2.992375304,GPS
,,,,,,,12/18/2020,2.992375304,GPS
,,,,,,,12/19/2020,3.002375304,GPS
,,,,,,,12/20/2020,2.982375304,GPS
,,,,,,,12/21/2020,2.992375304,GPS
,,,,,,,12/22/2020,2.982375304,GPS
,,,,,,,12/23/2020,2.992375304,GPS
,,,,,,,12/24/2020,2.992375304,GPS
,,,,,,,12/25/2020,2.982375304,GPS
,,,,,,,12/26/2020,2.982375304,GPS
,,,,,,,12/27/2020,2.992375304,GPS
,,,,,,,12/28/2020,2.982375304,GPS
,,,,,,,12/29/2020,2.992375304,GPS
,,,,,,,12/30/2020,2.992375304,GPS
,,,,,,,12/31/2020,2.972375304,GPS
,,,,,,,01/01/2021,2.982375304,GPS
,,,,,,,01/02/2021,2.982375304,GPS
,,,,,,,01/03/2021,2.972375304,GPS
,,,,,,,01/04/2021,2.972375304,GPS
,,,,,,,01/05/2021,2.982375304,GPS
,,,,,,,01/06/2021,2.972375304,GPS
,,,,,,,01/07/2021,2.982375304,GPS
,,,,,,,01/08/2021,2.972375304,GPS
,,,,,,,01/09/2021,2.992375304,GPS
,,,,,,,01/10/2021,2.982375304,GPS
,,,,,,,01/11/2021,2.992375304,GPS
,,,,,,,01/12/2021,2.992375304,GPS
,,,,,,,01/13/2021,2.972375304,GPS
,,,,,,,01/14/2021,2.972375304,GPS
,,,,,,,01/15/2021,2.962375304,GPS
,,,,,,,01/16/2021,2.972375304,GPS
,,,,,,,01/17/2021,2.952375304,GPS
,,,,,,,01/18/2021,2.962375304,GPS
,,,,,,,01/19/2021,2.962375304,GPS
,,,,,,,01/20/2021,2.962375304,GPS
,,,,,,,01/21/2021,2.972375304,GPS
,,,,,,,01/22/2021,2.962375304,GPS
,,,,,,,01/23/2021,2.972375304,GPS
,,,,,,,01/24/2021,2.972375304,GPS
,,,,,,,01/25/2021,2.962375304,GPS
,,,,,,,01/26/2021,2.972375304,GPS
,,,,,,,01/27/2021,2.962375304,GPS
,,,,,,,01/28/2021,2.972375304,GPS
,,,,,,,01/29/2021,2.982375304,GPS
,,,,,,,01/30/2021,2.972375304,GPS
,,,,,,,01/31/2021,2.982375304,GPS
,,,,,,,02/01/2021,2.992375304,GPS
,,,,,,,02/02/2021,2.972375304,GPS
,,,,,,,02/03/2021,2.982375304,GPS
,,,,,,,02/04/2021,2.962375304,GPS
,,,,,,,02/05/2021,2.972375304,GPS
,,,,,,,02/06/2021,2.962375304,GPS
,,,,,,,02/07/2021,2.962375304,GPS
,,,,,,,02/08/2021,2.952375304,GPS
,,,,,,,02/09/2021,2.972375304,GPS
,,,,,,,02/10/2021,2.972375304,GPS
,,,,,,,02/11/2021,2.962375304,GPS
,,,,,,,02/12/2021,2.972375304,GPS
,,,,,,,02/13/2021,2.962375304,GPS
,,,,,,,02/14/2021,2.952375304,GPS
,,,,,,,02/15/2021,2.962375304,GPS
,,,,,,,02/16/2021,2.962375304,GPS
,,,,,,,02/17/2021,2.962375304,GPS
,,,,,,,02/18/2021,2.972375304,GPS
,,,,,,,02/19/2021,2.972375304,GPS
,,,,,,,02/20/2021,2.972375304,GPS
,,,,,,,02/21/2021,2.962375304,GPS
,,,,,,,02/22/2021,2.962375304,GPS
,,,,,,,02/23/2021,2.952375304,GPS
,,,,,,,02/24/2021,2.962375304,GPS
,,,,,,,02/25/2021,2.962375304,GPS
,,,,,,,02/26/2021,2.952375304,GPS
,,,,,,,02/27/2021,2.962375304,GPS
,,,,,,,02/28/2021,2.952375304,GPS
,,,,,,,03/01/2021,2.962375304,GPS
,,,,,,,03/02/2021,2.952375304,GPS
,,,,,,,03/03/2021,2.942375304,GPS
,,,,,,,03/04/2021,2.962375304,GPS
,,,,,,,03/05/2021,2.972375304,GPS
,,,,,,,03/06/2021,2.952375304,GPS
,,,,,,,03/07/2021,2.962375304,GPS
,,,,,,,03/08/2021,2.982375304,GPS
,,,,,,,03/09/2021,2.972375304,GPS
,,,,,,,03/10/2021,2.962375304,GPS
,,,,,,,03/11/2021,2.982375304,GPS
,,,,,,,03/12/2021,2.962375304,GPS
,,,,,,,03/13/2021,2.972375304,GPS
,,,,,,,03/14/2021,2.962375304,GPS
,,,,,,,03/15/2021,2.962375304,GPS
,,,,,,,03/16/2021,2.952375304,GPS
,,,,,,,03/17/2021,2.952375304,GPS
,,,,,,,03/18/2021,2.972375304,GPS
,,,,,,,03/19/2021,2.972375304,GPS
,,,,,,,03/20/2021,2.982375304,GPS
,,,,,,,03/21/2021,2.972375304,GPS
,,,,,,,03/22/2021,2.962375304,GPS
,,,,,,,03/23/2021,2.962375304,GPS
,,,,,,,03/24/2021,2.962375304,GPS
,,,,,,,03/25/2021,2.942375304,GPS
,,,,,,,03/26/2021,2.942375304,GPS
,,,,,,,03/27/2021,2.952375304,GPS
,,,,,,,03/28/2021,2.952375304,GPS
,,,,,,,03/29/2021,2.952375304,GPS
,,,,,,,03/30/2021,2.952375304,GPS
,,,,,,,03/31/2021,2.952375304,GPS
,,,,,,,04/01/2021,2.942375304,GPS
,,,,,,,04/02/2021,2.932375304,GPS
,,,,,,,04/03/2021,2.952375304,GPS
,,,,,,,04/04/2021,2.942375304,GPS
,,,,,,,04/05/2021,2.942375304,GPS
,,,,,,,04/06/2021,2.942375304,GPS
,,,,,,,04/07/2021,2.952375304,GPS
,,,,,,,04/08/2021,2.952375304,GPS
,,,,,,,04/09/2021,2.952375304,GPS
,,,,,,,04/10/2021,2.952375304,GPS
,,,,,,,04/11/2021,2.942375304,GPS
,,,,,,,04/12/2021,2.952375304,GPS
,,,,,,,04/13/2021,2.962375304,GPS
,,,,,,,04/14/2021,2.962375304,GPS
,,,,,,,04/15/2021,2.962375304,GPS
,,,,,,,04/16/2021,2.952375304,GPS
,,,,,,,04/17/2021,2.952375304,GPS
,,,,,,,04/18/2021,2.972375304,GPS
,,,,,,,04/19/2021,2.962375304,GPS
,,,,,,,04/20/2021,2.962375304,GPS
,,,,,,,04/21/2021,2.942375304,GPS
,,,,,,,04/22/2021,2.952375304,GPS
,,,,,,,04/23/2021,2.952375304,GPS
,,,,,,,04/24/2021,2.962375304,GPS
,,,,,,,04/25/2021,2.952375304,GPS
,,,,,,,04/26/2021,2.962375304,GPS
,,,,,,,04/27/2021,2.962375304,GPS
,,,,,,,04/28/2021,2.962375304,GPS
,,,,,,,04/29/2021,2.962375304,GPS
,,,,,,,04/30/2021,2.962375304,GPS
,,,,,,,05/01/2021,2.962375304,GPS
,,,,,,,05/02/2021,2.972375304,GPS
,,,,,,,05/03/2021,2.962375304,GPS
,,,,,,,05/04/2021,2.962375304,GPS
,,,,,,,05/05/2021,2.972375304,GPS
,,,,,,,05/06/2021,2.982375304,GPS
,,,,,,,05/07/2021,2.982375304,GPS
,,,,,,,05/08/2021,2.972375304,GPS
,,,,,,,05/09/2021,2.982375304,GPS
,,,,,,,05/10/2021,2.982375304,GPS
,,,,,,,05/11/2021,2.992375304,GPS
,,,,,,,05/12/2021,2.992375304,GPS
,,,,,,,05/13/2021,2.992375304,GPS
,,,,,,,05/14/2021,3.002375304,GPS
,,,,,,,05/15/2021,3.002375304,GPS
,,,,,,,05/16/2021,2.992375304,GPS
,,,,,,,05/17/2021,3.002375304,GPS
,,,,,,,05/18/2021,3.002375304,GPS
,,,,,,,05/19/2021,3.012375304,GPS
,,,,,,,05/20/2021,3.022375304,GPS
,,,,,,,05/21/2021,3.042375304,GPS
,,,,,,,05/22/2021,3.032375304,GPS
,,,,,,,05/23/2021,3.032375304,GPS
,,,,,,,05/24/2021,3.022375304,GPS
,,,,,,,05/25/2021,3.012375304,GPS
,,,,,,,05/26/2021,3.022375304,GPS
,,,,,,,05/27/2021,3.012375304,GPS
,,,,,,,05/28/2021,3.012375304,GPS
,,,,,,,05/29/2021,3.032375304,GPS
,,,,,,,05/30/2021,3.022375304,GPS
,,,,,,,05/31/2021,3.032375304,GPS
,,,,,,,06/01/2021,3.022375304,GPS
,,,,,,,06/02/2021,3.022375304,GPS
,,,,,,,06/03/2021,3.022375304,GPS
,,,,,,,06/04/2021,3.012375304,GPS
,,,,,,,06/05/2021,3.032375304,GPS
,,,,,,,06/06/2021,3.032375304,GPS
,,,,,,,06/07/2021,3.042375304,GPS
,,,,,,,06/08/2021,3.042375304,GPS
,,,,,,,06/09/2021,3.052375304,GPS
,,,,,,,06/10/2021,3.072375304,GPS
,,,,,,,06/11/2021,3.032375304,GPS
,,,,,,,06/12/2021,3.042375304,GPS
,,,,,,,06/13/2021,3.052375304,GPS
,,,,,,,06/14/2021,3.072375304,GPS
,,,,,,,06/15/2021,3.052375304,GPS
,,,,,,,06/16/2021,3.042375304,GPS
,,,,,,,06/17/2021,3.052375304,GPS
,,,,,,,06/18/2021,3.042375304,GPS
,,,,,,,06/19/2021,3.052375304,GPS
,,,,,,,06/20/2021,3.062375304,GPS
,,,,,,,06/21/2021,3.052375304,GPS
,,,,,,,06/22/2021,3.072375304,GPS
,,,,,,,06/23/2021,3.082375304,GPS
,,,,,,,06/24/2021,3.092375304,GPS
,,,,,,,06/25/2021,3.082375304,GPS
,,,,,,,06/26/2021,3.072375304,GPS
,,,,,,,06/27/2021,3.052375304,GPS
,,,,,,,06/28/2021,3.062375304,GPS
,,,,,,,06/29/2021,3.092375304,GPS
,,,,,,,06/30/2021,3.102375304,GPS
,,,,,,,07/01/2021,3.092375304,GPS
,,,,,,,07/02/2021,3.102375304,GPS
,,,,,,,07/03/2021,3.082375304,GPS
,,,,,,,07/04/2021,3.072375304,GPS
,,,,,,,07/05/2021,3.082375304,GPS
,,,,,,,07/06/2021,3.112375304,GPS
,,,,,,,07/07/2021,3.092375304,GPS
,,,,,,,07/08/2021,3.072375304,GPS
,,,,,,,07/09/2021,3.072375304,GPS
,,,,,,,07/10/2021,3.082375304,GPS
,,,,,,,07/11/2021,3.072375304,GPS
,,,,,,,07/12/2021,3.072375304,GPS
,,,,,,,07/13/2021,3.102375304,GPS
,,,,,,,07/14/2021,3.092375304,GPS
,,,,,,,07/15/2021,3.102375304,GPS
,,,,,,,07/16/2021,3.092375304,GPS
,,,,,,,07/17/2021,3.102375304,GPS
,,,,,,,07/18/2021,3.112375304,GPS
,,,,,,,07/19/2021,3.102375304,GPS
,,,,,,,07/20/2021,3.122375304,GPS
,,,,,,,07/21/2021,3.112375304,GPS
,,,,,,,07/22/2021,3.102375304,GPS
,,,,,,,07/23/2021,3.102375304,GPS
,,,,,,,07/24/2021,3.102375304,GPS
,,,,,,,07/25/2021,3.092375304,GPS
,,,,,,,07/26/2021,3.092375304,GPS
,,,,,,,07/27/2021,3.102375304,GPS
,,,,,,,07/28/2021,3.112375304,GPS
,,,,,,,07/29/2021,3.112375304,GPS
,,,,,,,07/30/2021,3.112375304,GPS
,,,,,,,07/31/2021,3.112375304,GPS
,,,,,,,08/01/2021,3.122375304,GPS
,,,,,,,08/02/2021,3.122375304,GPS
,,,,,,,08/03/2021,3.132375304,GPS
,,,,,,,08/04/2021,3.122375304,GPS
,,,,,,,08/05/2021,3.122375304,GPS
,,,,,,,08/06/2021,3.122375304,GPS
,,,,,,,08/07/2021,3.102375304,GPS
,,,,,,,08/08/2021,3.112375304,GPS
,,,,,,,08/09/2021,3.132375304,GPS
,,,,,,,08/10/2021,3.112375304,GPS
,,,,,,,08/11/2021,3.122375304,GPS
,,,,,,,08/12/2021,3.112375304,GPS
,,,,,,,08/13/2021,3.122375304,GPS
,,,,,,,08/14/2021,3.112375304,GPS
,,,,,,,08/15/2021,3.122375304,GPS
,,,,,,,08/16/2021,3.112375304,GPS
,,,,,,,08/17/2021,3.132375304,GPS
,,,,,,,08/18/2021,3.122375304,GPS
,,,,,,,08/19/2021,3.132375304,GPS
,,,,,,,08/20/2021,3.132375304,GPS
,,,,,,,08/21/2021,3.122375304,GPS
,,,,,,,08/22/2021,3.122375304,GPS
,,,,,,,08/23/2021,3.122375304,GPS
,,,,,,,08/24/2021,3.122375304,GPS
,,,,,,,08/25/2021,3.122375304,GPS
,,,,,,,08/26/2021,3.132375304,GPS
,,,,,,,08/27/2021,3.112375304,GPS
,,,,,,,08/28/2021,3.102375304,GPS
,,,,,,,08/29/2021,3.112375304,GPS
,,,,,,,08/30/2021,3.122375304,GPS
,,,,,,,08/31/2021,3.112375304,GPS
,,,,,,,09/01/2021,3.122375304,GPS
,,,,,,,09/02/2021,3.142375304,GPS
,,,,,,,09/03/2021,3.122375304,GPS
,,,,,,,09/04/2021,3.132375304,GPS
,,,,,,,09/05/2021,3.122375304,GPS
,,,,,,,09/06/2021,3.112375304,GPS
,,,,,,,09/07/2021,3.132375304,GPS
,,,,,,,09/08/2021,3.122375304,GPS
,,,,,,,09/09/2021,3.112375304,GPS
,,,,,,,09/10/2021,3.122375304,GPS
,,,,,,,09/11/2021,3.152375304,GPS
,,,,,,,09/12/2021,3.132375304,GPS
,,,,,,,09/13/2021,3.112375304,GPS
,,,,,,,09/14/2021,3.122375304,GPS
,,,,,,,09/15/2021,3.132375304,GPS
,,,,,,,09/16/2021,3.122375304,GPS
,,,,,,,09/17/2021,3.122375304,GPS
,,,,,,,09/18/2021,3.122375304,GPS
,,,,,,,09/19/2021,3.142375304,GPS
,,,,,,,09/20/2021,3.132375304,GPS
,,,,,,,09/21/2021,3.142375304,GPS
,,,,,,,09/22/2021,3.132375304,GPS
,,,,,,,09/23/2021,3.132375304,GPS
,,,,,,,09/24/2021,3.132375304,GPS
,,,,,,,09/25/2021,3.122375304,GPS
,,,,,,,09/26/2021,3.132375304,GPS
,,,,,,,09/27/2021,3.132375304,GPS
,,,,,,,09/28/2021,3.152375304,GPS
,,,,,,,09/29/2021,3.142375304,GPS
,,,,,,,09/30/2021,3.122375304,GPS
,,,,,,,10/01/2021,3.132375304,GPS
,,,,,,,10/02/2021,3.132375304,GPS
,,,,,,,10/03/2021,3.132375304,GPS
,,,,,,,10/04/2021,3.122375304,GPS
,,,,,,,10/05/2021,3.112375304,GPS
,,,,,,,10/06/2021,3.152375304,GPS
,,,,,,,10/07/2021,3.152375304,GPS
,,,,,,,10/08/2021,3.152375304,GPS
,,,,,,,10/09/2021,3.142375304,GPS
,,,,,,,10/10/2021,3.142375304,GPS
,,,,,,,10/11/2021,3.142375304,GPS
,,,,,,,10/12/2021,3.132375304,GPS
,,,,,,,10/13/2021,3.142375304,GPS
,,,,,,,10/14/2021,3.122375304,GPS
,,,,,,,10/15/2021,3.132375304,GPS
,,,,,,,10/16/2021,3.132375304,GPS
,,,,,,,10/17/2021,3.122375304,GPS
,,,,,,,10/18/2021,3.142375304,GPS
,,,,,,,10/19/2021,3.132375304,GPS
,,,,,,,10/20/2021,3.142375304,GPS
,,,,,,,10/21/2021,3.142375304,GPS
,,,,,,,10/22/2021,3.142375304,GPS
,,,,,,,10/23/2021,3.122375304,GPS
,,,,,,,10/24/2021,3.122375304,GPS
,,,,,,,10/25/2021,3.122375304,GPS
,,,,,,,10/26/2021,3.142375304,GPS
,,,,,,,10/27/2021,3.142375304,GPS
,,,,,,,10/28/2021,3.142375304,GPS
,,,,,,,10/29/2021,3.132375304,GPS
,,,,,,,10/30/2021,3.122375304,GPS
,,,,,,,10/31/2021,3.132375304,GPS
,,,,,,,11/01/2021,3.142375304,GPS
,,,,,,,11/02/2021,3.142375304,GPS
,,,,,,,11/03/2021,3.142375304,GPS
,,,,,,,11/04/2021,3.132375304,GPS
,,,,,,,11/05/2021,3.132375304,GPS
,,,,,,,11/06/2021,3.132375304,GPS
,,,,,,,11/07/2021,3.132375304,GPS
,,,,,,,11/08/2021,3.132375304,GPS
,,,,,,,11/09/2021,3.142375304,GPS
,,,,,,,11/10/2021,3.122375304,GPS
,,,,,,,11/11/2021,3.132375304,GPS
,,,,,,,11/12/2021,3.132375304,GPS
,,,,,,,11/13/2021,3.132375304,GPS
,,,,,,,11/14/2021,3.112375304,GPS
,,,,,,,11/15/2021,3.112375304,GPS
,,,,,,,11/16/2021,3.112375304,GPS
,,,,,,,11/17/2021,3.112375304,GPS
,,,,,,,11/18/2021,3.122375304,GPS
,,,,,,,11/19/2021,3.102375304,GPS
,,,,,,,11/20/2021,3.132375304,GPS
,,,,,,,11/21/2021,3.132375304,GPS
,,,,,,,11/22/2021,3.112375304,GPS
,,,,,,,11/23/2021,3.112375304,GPS
,,,,,,,11/24/2021,3.112375304,GPS
,,,,,,,11/25/2021,3.112375304,GPS
,,,,,,,11/26/2021,3.112375304,GPS
,,,,,,,11/27/2021,3.102375304,GPS
,,,,,,,11/28/2021,3.102375304,GPS
,,,,,,,11/29/2021,3.092375304,GPS
,,,,,,,11/30/2021,3.102375304,GPS
,,,,,,,12/01/2021,3.102375304,GPS
,,,,,,,12/02/2021,3.102375304,GPS
,,,,,,,12/03/2021,3.112375304,GPS
,,,,,,,12/04/2021,3.112375304,GPS
,,,,,,,12/05/2021,3.092375304,GPS
,,,,,,,12/06/2021,3.092375304,GPS
,,,,,,,12/07/2021,3.082375304,GPS
,,,,,,,12/08/2021,3.092375304,GPS
,,,,,,,12/09/2021,3.092375304,GPS
,,,,,,,12/10/2021,3.102375304,GPS
,,,,,,,12/11/2021,3.082375304,GPS
,,,,,,,12/12/2021,3.082375304,GPS
,,,,,,,12/13/2021,3.072375304,GPS
,,,,,,,12/14/2021,3.082375304,GPS
,,,,,,,12/15/2021,3.082375304,GPS
,,,,,,,12/16/2021,3.102375304,GPS
,,,,,,,12/17/2021,3.102375304,GPS
,,,,,,,12/18/2021,3.092375304,GPS
,,,,,,,12/19/2021,3.092375304,GPS
,,,,,,,12/20/2021,3.092375304,GPS
,,,,,,,12/21/2021,3.082375304,GPS
,,,,,,,12/22/2021,3.082375304,GPS
,,,,,,,12/23/2021,3.072375304,GPS
,,,,,,,12/24/2021,3.062375304,GPS
,,,,,,,12/25/2021,3.062375304,GPS
,,,,,,,12/26/2021,3.092375304,GPS
,,,,,,,12/27/2021,3.082375304,GPS
,,,,,,,12/28/2021,3.082375304,GPS
,,,,,,,12/29/2021,3.072375304,GPS
,,,,,,,12/30/2021,3.082375304,GPS
,,,,,,,12/31/2021,3.082375304,GPS
,,,,,,,01/01/2022,3.092375304,GPS
,,,,,,,01/02/2022,3.102375304,GPS
,,,,,,,01/03/2022,3.102375304,GPS
,,,,,,,01/04/2022,3.092375304,GPS
,,,,,,,01/05/2022,3.112375304,GPS
,,,,,,,01/06/2022,3.082375304,GPS
,,,,,,,01/07/2022,3.072375304,GPS
,,,,,,,01/08/2022,3.082375304,GPS
,,,,,,,01/09/2022,3.082375304,GPS
,,,,,,,01/10/2022,3.092375304,GPS
,,,,,,,01/11/2022,3.102375304,GPS
,,,,,,,01/12/2022,3.072375304,GPS
,,,,,,,01/13/2022,3.082375304,GPS
,,,,,,,01/14/2022,3.092375304,GPS
,,,,,,,01/15/2022,3.092375304,GPS
,,,,,,,01/16/2022,3.062375304,GPS
,,,,,,,01/17/2022,3.082375304,GPS
,,,,,,,01/18/2022,3.102375304,GPS
,,,,,,,01/19/2022,3.082375304,GPS
,,,,,,,01/20/2022,3.092375304,GPS
,,,,,,,01/21/2022,3.082375304,GPS
,,,,,,,01/22/2022,3.082375304,GPS
,,,,,,,01/23/2022,3.082375304,GPS
,,,,,,,01/24/2022,3.082375304,GPS
,,,,,,,01/25/2022,3.082375304,GPS
,,,,,,,01/26/2022,3.072375304,GPS
,,,,,,,01/27/2022,3.082375304,GPS
,,,,,,,01/28/2022,3.082375304,GPS
,,,,,,,01/29/2022,3.082375304,GPS
,,,,,,,01/30/2022,3.082375304,GPS
,,,,,,,01/31/2022,3.072375304,GPS
,,,,,,,02/01/2022,3.072375304,GPS
,,,,,,,02/02/2022,3.082375304,GPS
,,,,,,,02/03/2022,3.082375304,GPS
,,,,,,,02/04/2022,3.092375304,GPS
,,,,,,,02/05/2022,3.092375304,GPS
,,,,,,,02/06/2022,3.082375304,GPS
,,,,,,,02/07/2022,3.092375304,GPS
,,,,,,,02/08/2022,3.092375304,GPS
,,,,,,,02/09/2022,3.072375304,GPS
,,,,,,,02/10/2022,3.062375304,GPS
,,,,,,,02/11/2022,3.072375304,GPS
,,,,,,,02/12/2022,3.052375304,GPS
,,,,,,,02/13/2022,3.072375304,GPS
,,,,,,,02/14/2022,3.072375304,GPS
,,,,,,,02/15/2022,3.072375304,GPS
,,,,,,,02/16/2022,3.062375304,GPS
,,,,,,,02/17/2022,3.072375304,GPS
,,,,,,,02/18/2022,3.062375304,GPS
,,,,,,,02/19/2022,3.072375304,GPS
,,,,,,,02/20/2022,3.062375304,GPS
,,,,,,,02/21/2022,3.092375304,GPS
,,,,,,,02/22/2022,3.092375304,GPS
,,,,,,,02/23/2022,3.092375304,GPS
,,,,,,,02/24/2022,3.072375304,GPS
,,,,,,,02/25/2022,3.092375304,GPS
,,,,,,,02/26/2022,3.092375304,GPS
,,,,,,,02/27/2022,3.082375304,GPS
,,,,,,,02/28/2022,3.082375304,GPS
,,,,,,,03/01/2022,3.052375304,GPS
,,,,,,,03/02/2022,3.072375304,GPS
,,,,,,,03/03/2022,3.072375304,GPS
,,,,,,,03/04/2022,3.072375304,GPS
,,,,,,,03/05/2022,3.092375304,GPS
,,,,,,,03/06/2022,3.102375304,GPS
,,,,,,,03/07/2022,3.092375304,GPS
,,,,,,,03/08/2022,3.082375304,GPS
,,,,,,,03/09/2022,3.072375304,GPS
,,,,,,,03/10/2022,3.072375304,GPS
,,,,,,,03/11/2022,3.072375304,GPS
,,,,,,,03/12/2022,3.072375304,GPS
,,,,,,,03/13/2022,3.072375304,GPS
,,,,,,,03/14/2022,3.072375304,GPS
,,,,,,,03/15/2022,3.062375304,GPS
,,,,,,,03/16/2022,3.052375304,GPS
,,,,,,,03/17/2022,3.062375304,GPS
,,,,,,,03/18/2022,3.062375304,GPS
,,,,,,,03/19/2022,3.062375304,GPS
,,,,,,,03/20/2022,3.082375304,GPS
,,,,,,,03/21/2022,3.062375304,GPS
,,,,,,,03/22/2022,3.052375304,GPS
,,,,,,,03/23/2022,3.062375304,GPS
,,,,,,,03/24/2022,3.072375304,GPS
,,,,,,,03/25/2022,3.052375304,GPS
,,,,,,,03/26/2022,3.082375304,GPS
,,,,,,,03/27/2022,3.072375304,GPS
,,,,,,,03/28/2022,3.072375304,GPS
,,,,,,,03/29/2022,3.072375304,GPS
,,,,,,,03/30/2022,3.072375304,GPS
,,,,,,,03/31/2022,3.062375304,GPS
,,,,,,,04/01/2022,3.052375304,GPS
,,,,,,,04/02/2022,3.072375304,GPS
,,,,,,,04/03/2022,3.062375304,GPS
,,,,,,,04/04/2022,3.062375304,GPS
,,,,,,,04/05/2022,3.052375304,GPS
,,,,,,,04/06/2022,3.062375304,GPS
,,,,,,,04/07/2022,3.072375304,GPS
,,,,,,,04/08/2022,3.082375304,GPS
,,,,,,,04/09/2022,3.062375304,GPS
,,,,,,,04/10/2022,3.052375304,GPS
,,,,,,,04/11/2022,3.062375304,GPS
,,,,,,,04/12/2022,3.072375304,GPS
,,,,,,,04/13/2022,3.082375304,GPS
,,,,,,,04/14/2022,3.072375304,GPS
,,,,,,,04/15/2022,3.072375304,GPS
,,,,,,,04/16/2022,3.082375304,GPS
,,,,,,,04/17/2022,3.082375304,GPS
,,,,,,,04/18/2022,3.082375304,GPS
,,,,,,,04/19/2022,3.062375304,GPS
,,,,,,,04/20/2022,3.062375304,GPS
,,,,,,,04/21/2022,3.092375304,GPS
,,,,,,,04/22/2022,3.092375304,GPS
,,,,,,,04/23/2022,3.102375304,GPS
,,,,,,,04/24/2022,3.082375304,GPS
,,,,,,,04/25/2022,3.062375304,GPS
,,,,,,,04/26/2022,3.092375304,GPS
,,,,,,,04/27/2022,3.092375304,GPS
,,,,,,,04/28/2022,3.092375304,GPS
,,,,,,,04/29/2022,3.082375304,GPS
,,,,,,,04/30/2022,3.092375304,GPS
,,,,,,,05/01/2022,3.092375304,GPS
,,,,,,,05/02/2022,3.092375304,GPS
,,,,,,,05/03/2022,3.082375304,GPS
,,,,,,,05/04/2022,3.072375304,GPS
,,,,,,,05/05/2022,3.072375304,GPS
,,,,,,,05/06/2022,3.092375304,GPS
,,,,,,,05/07/2022,3.072375304,GPS
,,,,,,,05/08/2022,3.072375304,GPS
,,,,,,,05/09/2022,3.102375304,GPS
,,,,,,,05/10/2022,3.102375304,GPS
,,,,,,,05/11/2022,3.112375304,GPS
,,,,,,,05/12/2022,3.082375304,GPS
,,,,,,,05/13/2022,3.092375304,GPS
,,,,,,,05/14/2022,3.092375304,GPS
,,,,,,,05/15/2022,3.092375304,GPS
,,,,,,,05/16/2022,3.092375304,GPS
,,,,,,,05/17/2022,3.092375304,GPS
,,,,,,,05/18/2022,3.082375304,GPS
,,,,,,,05/19/2022,3.082375304,GPS
,,,,,,,05/20/2022,3.092375304,GPS
,,,,,,,05/21/2022,3.092375304,GPS
,,,,,,,05/22/2022,3.102375304,GPS
,,,,,,,05/23/2022,3.072375304,GPS
,,,,,,,05/24/2022,3.072375304,GPS
,,,,,,,05/25/2022,3.092375304,GPS
,,,,,,,05/26/2022,3.082375304,GPS
,,,,,,,05/27/2022,3.102375304,GPS
,,,,,,,05/28/2022,3.102375304,GPS
,,,,,,,05/29/2022,3.092375304,GPS
,,,,,,,05/30/2022,3.102375304,GPS
,,,,,,,05/31/2022,3.102375304,GPS
,,,,,,,06/01/2022,3.112375304,GPS
,,,,,,,06/02/2022,3.102375304,GPS
,,,,,,,06/03/2022,3.092375304,GPS
,,,,,,,06/04/2022,3.102375304,GPS
,,,,,,,06/05/2022,3.102375304,GPS
,,,,,,,06/06/2022,3.102375304,GPS
,,,,,,,06/07/2022,3.122375304,GPS
,,,,,,,06/08/2022,3.122375304,GPS
,,,,,,,06/09/2022,3.112375304,GPS
,,,,,,,06/10/2022,3.112375304,GPS
,,,,,,,06/11/2022,3.112375304,GPS
,,,,,,,06/12/2022,3.122375304,GPS
,,,,,,,06/13/2022,3.122375304,GPS
,,,,,,,06/14/2022,3.142375304,GPS
,,,,,,,06/15/2022,3.122375304,GPS
,,,,,,,06/16/2022,3.122375304,GPS
,,,,,,,06/17/2022,3.152375304,GPS
,,,,,,,06/18/2022,3.152375304,GPS
,,,,,,,06/19/2022,3.172375304,GPS
,,,,,,,06/20/2022,3.152375304,GPS
,,,,,,,06/21/2022,3.162375304,GPS
,,,,,,,06/22/2022,3.132375304,GPS
,,,,,,,06/23/2022,3.132375304,GPS
,,,,,,,06/24/2022,3.152375304,GPS
,,,,,,,06/25/2022,3.172375304,GPS
,,,,,,,06/26/2022,3.162375304,GPS
,,,,,,,06/27/2022,3.172375304,GPS
,,,,,,,06/28/2022,3.152375304,GPS
,,,,,,,06/29/2022,3.152375304,GPS
,,,,,,,06/30/2022,3.162375304,GPS
,,,,,,,07/01/2022,3.152375304,GPS
,,,,,,,07/02/2022,3.162375304,GPS
,,,,,,,07/03/2022,3.162375304,GPS
,,,,,,,07/04/2022,3.162375304,GPS
,,,,,,,07/05/2022,3.162375304,GPS
,,,,,,,07/06/2022,3.162375304,GPS
,,,,,,,07/07/2022,3.182375304,GPS
,,,,,,,07/08/2022,3.172375304,GPS
,,,,,,,07/09/2022,3.182375304,GPS
,,,,,,,07/10/2022,3.172375304,GPS
,,,,,,,07/11/2022,3.182375304,GPS
,,,,,,,07/12/2022,3.152375304,GPS
,,,,,,,07/13/2022,3.162375304,GPS
,,,,,,,07/14/2022,3.172375304,GPS
,,,,,,,07/15/2022,3.162375304,GPS
,,,,,,,07/16/2022,3.182375304,GPS
,,,,,,,07/17/2022,3.172375304,GPS
,,,,,,,07/18/2022,3.142375304,GPS
,,,,,,,07/19/2022,3.182375304,GPS
,,,,,,,07/20/2022,3.182375304,GPS
,,,,,,,07/21/2022,3.182375304,GPS
,,,,,,,07/22/2022,3.182375304,GPS
,,,,,,,07/23/2022,3.182375304,GPS
,,,,,,,07/24/2022,3.202375304,GPS
,,,,,,,07/25/2022,3.182375304,GPS
,,,,,,,07/26/2022,3.172375304,GPS
,,,,,,,07/27/2022,3.182375304,GPS
,,,,,,,07/28/2022,3.172375304,GPS
,,,,,,,07/29/2022,3.192375304,GPS
,,,,,,,07/30/2022,3.192375304,GPS
,,,,,,,07/31/2022,3.172375304,GPS
,,,,,,,08/01/2022,3.192375304,GPS
,,,,,,,08/02/2022,3.192375304,GPS
,,,,,,,08/03/2022,3.182375304,GPS
,,,,,,,08/04/2022,3.172375304,GPS
,,,,,,,08/05/2022,3.192375304,GPS
,,,,,,,08/06/2022,3.182375304,GPS
,,,,,,,08/07/2022,3.192375304,GPS
,,,,,,,08/08/2022,3.192375304,GPS
,,,,,,,08/09/2022,3.172375304,GPS
,,,,,,,08/10/2022,3.192375304,GPS
,,,,,,,08/11/2022,3.192375304,GPS
,,,,,,,08/12/2022,3.182375304,GPS
,,,,,,,08/13/2022,3.192375304,GPS
,,,,,,,08/14/2022,3.202375304,GPS
,,,,,,,08/15/2022,3.182375304,GPS
,,,,,,,08/16/2022,3.192375304,GPS
,,,,,,,08/17/2022,3.182375304,GPS
,,,,,,,08/18/2022,3.182375304,GPS
,,,,,,,08/19/2022,3.192375304,GPS
,,,,,,,08/20/2022,3.202375304,GPS
,,,,,,,08/21/2022,3.192375304,GPS
,,,,,,,08/22/2022,3.182375304,GPS
,,,,,,,08/23/2022,3.172375304,GPS
,,,,,,,08/24/2022,3.172375304,GPS
,,,,,,,08/25/2022,3.192375304,GPS
,,,,,,,08/26/2022,3.192375304,GPS
,,,,,,,08/27/2022,3.182375304,GPS
,,,,,,,08/28/2022,3.182375304,GPS
,,,,,,,08/29/2022,3.192375304,GPS
,,,,,,,08/30/2022,3.202375304,GPS
,,,,,,,08/31/2022,3.182375304,GPS
,,,,,,,09/01/2022,3.182375304,GPS
,,,,,,,09/02/2022,3.172375304,GPS
,,,,,,,09/03/2022,3.172375304,GPS
,,,,,,,09/04/2022,3.182375304,GPS
,,,,,,,09/05/2022,3.172375304,GPS
,,,,,,,09/06/2022,3.172375304,GPS
,,,,,,,09/07/2022,3.182375304,GPS
,,,,,,,09/08/2022,3.172375304,GPS
,,,,,,,09/09/2022,3.152375304,GPS
,,,,,,,09/10/2022,3.172375304,GPS
,,,,,,,09/11/2022,3.172375304,GPS
,,,,,,,09/12/2022,3.162375304,GPS
,,,,,,,09/13/2022,3.172375304,GPS
,,,,,,,09/14/2022,3.182375304,GPS
,,,,,,,09/15/2022,3.192375304,GPS
,,,,,,,09/16/2022,3.192375304,GPS
,,,,,,,09/17/2022,3.202375304,GPS
,,,,,,,09/18/2022,3.182375304,GPS
,,,,,,,09/19/2022,3.162375304,GPS
,,,,,,,09/20/2022,3.182375304,GPS
,,,,,,,09/21/2022,3.192375304,GPS
,,,,,,,09/22/2022,3.192375304,GPS
,,,,,,,09/23/2022,3.182375304,GPS
,,,,,,,09/24/2022,3.202375304,GPS
,,,,,,,09/25/2022,3.172375304,GPS
,,,,,,,09/26/2022,3.202375304,GPS
,,,,,,,09/27/2022,3.212375304,GPS
,,,,,,,09/28/2022,3.172375304,GPS
,,,,,,,09/29/2022,3.182375304,GPS
,,,,,,,09/30/2022,3.182375304,GPS
,,,,,,,10/01/2022,3.202375304,GPS
,,,,,,,10/02/2022,3.192375304,GPS
,,,,,,,10/03/2022,3.182375304,GPS
,,,,,,,10/04/2022,3.182375304,GPS
,,,,,,,10/05/2022,3.192375304,GPS
,,,,,,,10/06/2022,3.182375304,GPS
,,,,,,,10/07/2022,3.182375304,GPS
,,,,,,,10/08/2022,3.172375304,GPS
,,,,,,,10/09/2022,3.172375304,GPS
,,,,,,,10/10/2022,3.182375304,GPS
,,,,,,,10/11/2022,3.172375304,GPS
,,,,,,,10/12/2022,3.162375304,GPS
,,,,,,,10/13/2022,3.172375304,GPS
,,,,,,,10/14/2022,3.162375304,GPS
,,,,,,,10/15/2022,3.172375304,GPS
,,,,,,,10/16/2022,3.172375304,GPS
,,,,,,,10/17/2022,3.172375304,GPS
,,,,,,,10/18/2022,3.182375304,GPS
,,,,,,,10/19/2022,3.172375304,GPS
,,,,,,,10/20/2022,3.162375304,GPS
,,,,,,,10/21/2022,3.162375304,GPS
,,,,,,,10/22/2022,3.162375304,GPS
,,,,,,,10/23/2022,3.162375304,GPS
,,,,,,,10/24/2022,3.182375304,GPS
,,,,,,,10/25/2022,3.182375304,GPS
,,,,,,,10/26/2022,3.182375304,GPS
,,,,,,,10/27/2022,3.172375304,GPS
,,,,,,,10/28/2022,3.162375304,GPS
,,,,,,,10/29/2022,3.172375304,GPS
,,,,,,,10/30/2022,3.172375304,GPS
,,,,,,,10/31/2022,3.162375304,GPS
,,,,,,,11/01/2022,3.172375304,GPS
,,,,,,,11/02/2022,3.182375304,GPS
,,,,,,,11/03/2022,3.182375304,GPS
,,,,,,,11/04/2022,3.162375304,GPS
,,,,,,,11/05/2022,3.172375304,GPS
,,,,,,,11/06/2022,3.172375304,GPS
,,,,,,,11/07/2022,3.172375304,GPS
,,,,,,,11/08/2022,3.162375304,GPS
,,,,,,,11/09/2022,3.182375304,GPS
,,,,,,,11/10/2022,3.172375304,GPS
,,,,,,,11/11/2022,3.182375304,GPS
,,,,,,,11/12/2022,3.182375304,GPS
,,,,,,,11/13/2022,3.182375304,GPS
,,,,,,,11/14/2022,3.172375304,GPS
,,,,,,,11/15/2022,3.182375304,GPS
,,,,,,,11/16/2022,3.192375304,GPS
,,,,,,,11/17/2022,3.192375304,GPS
,,,,,,,11/18/2022,3.182375304,GPS
,,,,,,,11/19/2022,3.182375304,GPS
,,,,,,,11/20/2022,3.182375304,GPS
,,,,,,,11/21/2022,3.182375304,GPS
,,,,,,,11/22/2022,3.172375304,GPS
,,,,,,,11/23/2022,3.172375304,GPS
,,,,,,,11/24/2022,3.182375304,GPS
,,,,,,,11/25/2022,3.182375304,GPS
,,,,,,,11/26/2022,3.172375304,GPS
,,,,,,,11/27/2022,3.162375304,GPS
,,,,,,,11/28/2022,3.162375304,GPS
,,,,,,,11/29/2022,3.162375304,GPS
,,,,,,,11/30/2022,3.162375304,GPS
,,,,,,,12/01/2022,3.152375304,GPS
,,,,,,,12/02/2022,3.172375304,GPS
,,,,,,,12/03/2022,3.182375304,GPS
,,,,,,,12/04/2022,3.182375304,GPS
,,,,,,,12/05/2022,3.162375304,GPS
,,,,,,,12/06/2022,3.172375304,GPS
,,,,,,,12/07/2022,3.182375304,GPS
,,,,,,,12/08/2022,3.172375304,GPS
,,,,,,,12/09/2022,3.172375304,GPS
,,,,,,,12/10/2022,3.162375304,GPS
,,,,,,,12/11/2022,3.162375304,GPS
,,,,,,,12/12/2022,3.162375304,GPS
,,,,,,,12/13/2022,3.162375304,GPS
,,,,,,,12/14/2022,3.172375304,GPS
,,,,,,,12/15/2022,3.162375304,GPS
,,,,,,,12/16/2022,3.162375304,GPS
,,,,,,,12/17/2022,3.162375304,GPS
,,,,,,,12/18/2022,3.162375304,GPS
,,,,,,,12/19/2022,3.162375304,GPS
,,,,,,,12/20/2022,3.162375304,GPS
,,,,,,,12/21/2022,3.162375304,GPS
,,,,,,,12/22/2022,3.152375304,GPS
,,,,,,,12/23/2022,3.162375304,GPS
,,,,,,,12/24/2022,3.152375304,GPS
,,,,,,,12/25/2022,3.152375304,GPS
,,,,,,,12/26/2022,3.152375304,GPS
,,,,,,,12/27/2022,3.142375304,GPS
,,,,,,,12/28/2022,3.142375304,GPS
,,,,,,,12/29/2022,3.132375304,GPS
,,,,,,,12/30/2022,3.122375304,GPS
,,,,,,,12/31/2022,3.122375304,GPS
,,,,,,,01/01/2023,3.152375304,GPS
,,,,,,,01/02/2023,3.142375304,GPS
,,,,,,,01/03/2023,3.152375304,GPS
,,,,,,,01/04/2023,3.142375304,GPS
,,,,,,,01/05/2023,3.142375304,GPS
,,,,,,,01/06/2023,3.162375304,GPS
,,,,,,,01/07/2023,3.172375304,GPS
,,,,,,,01/08/2023,3.152375304,GPS
,,,,,,,01/09/2023,3.152375304,GPS
,,,,,,,01/10/2023,3.142375304,GPS
,,,,,,,01/11/2023,3.152375304,GPS
,,,,,,,01/12/2023,3.162375304,GPS
,,,,,,,01/13/2023,3.172375304,GPS
,,,,,,,01/14/2023,3.152375304,GPS
,,,,,,,01/15/2023,3.152375304,GPS
,,,,,,,01/16/2023,3.142375304,GPS
,,,,,,,01/17/2023,3.152375304,GPS
,,,,,,,01/18/2023,3.152375304,GPS
,,,,,,,01/19/2023,3.172375304,GPS
,,,,,,,01/20/2023,3.172375304,GPS
,,,,,,,01/21/2023,3.172375304,GPS
,,,,,,,01/22/2023,3.162375304,GPS
,,,,,,,01/23/2023,3.152375304,GPS
,,,,,,,01/24/2023,3.152375304,GPS
,,,,,,,01/25/2023,3.172375304,GPS
,,,,,,,01/26/2023,3.172375304,GPS
,,,,,,,01/27/2023,3.162375304,GPS
,,,,,,,01/28/2023,3.152375304,GPS
,,,,,,,01/29/2023,3.152375304,GPS
,,,,,,,01/30/2023,3.142375304,GPS
,,,,,,,01/31/2023,3.162375304,GPS
,,,,,,,02/01/2023,3.152375304,GPS
,,,,,,,02/02/2023,3.152375304,GPS
,,,,,,,02/03/2023,3.152375304,GPS
,,,,,,,02/04/2023,3.142375304,GPS
,,,,,,,02/05/2023,3.162375304,GPS
,,,,,,,02/06/2023,3.152375304,GPS
,,,,,,,02/07/2023,3.152375304,GPS
,,,,,,,02/08/2023,3.152375304,GPS
,,,,,,,02/09/2023,3.162375304,GPS
,,,,,,,02/10/2023,3.152375304,GPS
,,,,,,,02/11/2023,3.152375304,GPS
,,,,,,,02/12/2023,3.142375304,GPS
,,,,,,,02/13/2023,3.132375304,GPS
,,,,,,,02/14/2023,3.132375304,GPS
,,,,,,,02/15/2023,3.142375304,GPS
,,,,,,,02/16/2023,3.152375304,GPS
,,,,,,,02/17/2023,3.152375304,GPS
,,,,,,,02/18/2023,3.142375304,GPS
,,,,,,,02/19/2023,3.142375304,GPS
,,,,,,,02/20/2023,3.152375304,GPS
,,,,,,,02/21/2023,3.122375304,GPS
,,,,,,,02/22/2023,3.152375304,GPS
,,,,,,,02/23/2023,3.152375304,GPS
,,,,,,,02/24/2023,3.142375304,GPS
,,,,,,,02/25/2023,3.152375304,GPS
,,,,,,,02/26/2023,3.132375304,GPS
,,,,,,,02/27/2023,3.142375304,GPS
,,,,,,,02/28/2023,3.142375304,GPS
,,,,,,,03/01/2023,3.132375304,GPS
,,,,,,,03/02/2023,3.142375304,GPS
,,,,,,,03/03/2023,3.152375304,GPS
,,,,,,,03/04/2023,3.142375304,GPS
,,,,,,,03/05/2023,3.142375304,GPS
,,,,,,,03/06/2023,3.152375304,GPS
,,,,,,,03/07/2023,3.172375304,GPS
,,,,,,,03/08/2023,3.162375304,GPS
,,,,,,,03/09/2023,3.152375304,GPS
,,,,,,,03/10/2023,3.132375304,GPS
,,,,,,,03/11/2023,3.152375304,GPS
,,,,,,,03/12/2023,3.142375304,GPS
,,,,,,,03/13/2023,3.132375304,GPS
,,,,,,,03/14/2023,3.152375304,GPS
,,,,,,,03/15/2023,3.142375304,GPS
,,,,,,,03/16/2023,3.142375304,GPS
,,,,,,,03/17/2023,3.142375304,GPS
,,,,,,,03/18/2023,3.142375304,GPS
,,,,,,,03/19/2023,3.122375304,GPS
,,,,,,,03/20/2023,3.132375304,GPS
,,,,,,,03/21/2023,3.122375304,GPS
,,,,,,,03/22/2023,3.132375304,GPS
,,,,,,,03/23/2023,3.152375304,GPS
,,,,,,,03/24/2023,3.152375304,GPS
,,,,,,,03/25/2023,3.142375304,GPS
,,,,,,,03/26/2023,3.152375304,GPS
,,,,,,,03/27/2023,3.152375304,GPS
,,,,,,,03/28/2023,3.122375304,GPS
,,,,,,,03/29/2023,3.122375304,GPS
,,,,,,,03/30/2023,3.132375304,GPS
,,,,,,,03/31/2023,3.152375304,GPS
,,,,,,,04/01/2023,3.142375304,GPS
,,,,,,,04/02/2023,3.142375304,GPS
,,,,,,,04/03/2023,3.142375304,GPS
,,,,,,,04/04/2023,3.132375304,GPS
,,,,,,,04/05/2023,3.132375304,GPS
,,,,,,,04/06/2023,3.132375304,GPS
,,,,,,,04/07/2023,3.132375304,GPS
,,,,,,,04/08/2023,3.122375304,GPS
,,,,,,,04/09/2023,3.132375304,GPS
,,,,,,,04/10/2023,3.122375304,GPS
,,,,,,,04/11/2023,3.122375304,GPS
,,,,,,,04/12/2023,3.132375304,GPS
,,,,,,,04/13/2023,3.112375304,GPS
,,,,,,,04/14/2023,3.122375304,GPS
,,,,,,,04/15/2023,3.132375304,GPS
,,,,,,,04/16/2023,3.132375304,GPS
,,,,,,,04/17/2023,3.122375304,GPS
,,,,,,,04/18/2023,3.132375304,GPS
,,,,,,,04/19/2023,3.122375304,GPS
,,,,,,,04/20/2023,3.122375304,GPS
,,,,,,,04/21/2023,3.122375304,GPS
,,,,,,,04/22/2023,3.122375304,GPS
,,,,,,,04/23/2023,3.112375304,GPS
,,,,,,,04/24/2023,3.122375304,GPS
,,,,,,,04/25/2023,3.112375304,GPS
,,,,,,,04/26/2023,3.122375304,GPS
,,,,,,,04/27/2023,3.112375304,GPS
,,,,,,,04/28/2023,3.102375304,GPS
,,,,,,,04/29/2023,3.122375304,GPS
,,,,,,,04/30/2023,3.102375304,GPS
,,,,,,,05/01/2023,3.112375304,GPS
,,,,,,,05/02/2023,3.132375304,GPS
,,,,,,,05/03/2023,3.112375304,GPS
,,,,,,,05/04/2023,3.112375304,GPS
,,,,,,,05/05/2023,3.122375304,GPS
,,,,,,,05/06/2023,3.132375304,GPS
,,,,,,,05/07/2023,3.122375304,GPS
,,,,,,,05/08/2023,3.122375304,GPS
,,,,,,,05/09/2023,3.122375304,GPS
,,,,,,,05/10/2023,3.112375304,GPS
,,,,,,,05/11/2023,3.122375304,GPS
,,,,,,,05/12/2023,3.122375304,GPS
,,,,,,,05/13/2023,3.112375304,GPS
,,,,,,,05/14/2023,3.132375304,GPS
,,,,,,,05/15/2023,3.142375304,GPS
,,,,,,,05/16/2023,3.122375304,GPS
,,,,,,,05/17/2023,3.112375304,GPS
,,,,,,,05/18/2023,3.112375304,GPS
,,,,,,,05/19/2023,3.112375304,GPS
,,,,,,,05/20/2023,3.112375304,GPS
,,,,,,,05/21/2023,3.122375304,GPS
,,,,,,,05/22/2023,3.112375304,GPS
,,,,,,,05/23/2023,3.122375304,GPS
,,,,,,,05/24/2023,3.142375304,GPS
,,,,,,,05/25/2023,3.142375304,GPS
,,,,,,,05/26/2023,3.112375304,GPS
,,,,,,,05/27/2023,3.132375304,GPS
,,,,,,,05/28/2023,3.142375304,GPS
,,,,,,,05/29/2023,3.132375304,GPS
,,,,,,,05/30/2023,3.132375304,GPS
,,,,,,,05/31/2023,3.122375304,GPS
,,,,,,,06/01/2023,3.132375304,GPS
,,,,,,,06/02/2023,3.142375304,GPS
,,,,,,,06/03/2023,3.132375304,GPS
,,,,,,,06/04/2023,3.152375304,GPS
,,,,,,,06/05/2023,3.122375304,GPS
,,,,,,,06/06/2023,3.132375304,GPS
,,,,,,,06/07/2023,3.142375304,GPS
,,,,,,,06/08/2023,3.152375304,GPS
,,,,,,,06/09/2023,3.132375304,GPS
,,,,,,,06/10/2023,3.152375304,GPS
,,,,,,,06/11/2023,3.172375304,GPS
,,,,,,,06/12/2023,3.132375304,GPS
,,,,,,,06/13/2023,3.142375304,GPS
,,,,,,,06/14/2023,3.142375304,GPS
,,,,,,,06/15/2023,3.142375304,GPS
,,,,,,,06/16/2023,3.142375304,GPS
,,,,,,,06/17/2023,3.132375304,GPS
,,,,,,,06/18/2023,3.122375304,GPS
,,,,,,,06/19/2023,3.152375304,GPS
,,,,,,,06/20/2023,3.162375304,GPS
,,,,,,,06/21/2023,3.172375304,GPS
,,,,,,,06/22/2023,3.172375304,GPS
,,,,,,,06/23/2023,3.172375304,GPS
,,,,,,,06/24/2023,3.172375304,GPS
,,,,,,,06/25/2023,3.182375304,GPS
,,,,,,,06/26/2023,3.172375304,GPS
,,,,,,,06/27/2023,3.152375304,GPS
,,,,,,,06/28/2023,3.172375304,GPS
,,,,,,,06/29/2023,3.172375304,GPS
,,,,,,,06/30/2023,3.152375304,GPS
,,,,,,,07/01/2023,3.172375304,GPS
,,,,,,,07/02/2023,3.172375304,GPS
,,,,,,,07/03/2023,3.172375304,GPS
,,,,,,,07/04/2023,3.162375304,GPS
,,,,,,,07/05/2023,3.182375304,GPS
,,,,,,,07/06/2023,3.182375304,GPS
,,,,,,,07/07/2023,3.172375304,GPS
,,,,,,,07/08/2023,3.182375304,GPS
,,,,,,,07/09/2023,3.162375304,GPS
,,,,,,,07/10/2023,3.172375304,GPS
,,,,,,,07/11/2023,3.172375304,GPS
,,,,,,,07/12/2023,3.182375304,GPS
,,,,,,,07/13/2023,3.192375304,GPS
,,,,,,,07/14/2023,3.172375304,GPS
,,,,,,,07/15/2023,3.202375304,GPS
,,,,,,,07/16/2023,3.182375304,GPS
,,,,,,,07/17/2023,3.182375304,GPS
,,,,,,,07/18/2023,3.172375304,GPS
,,,,,,,07/19/2023,3.192375304,GPS
,,,,,,,07/20/2023,3.192375304,GPS
,,,,,,,07/21/2023,3.182375304,GPS
,,,,,,,07/22/2023,3.192375304,GPS
,,,,,,,07/23/2023,3.202375304,GPS
,,,,,,,07/24/2023,3.202375304,GPS
,,,,,,,07/25/2023,3.202375304,GPS
,,,,,,,07/26/2023,3.222375304,GPS
,,,,,,,07/27/2023,3.202375304,GPS
,,,,,,,07/28/2023,3.202375304,GPS
,,,,,,,07/29/2023,3.182375304,GPS
,,,,,,,07/30/2023,3.192375304,GPS
,,,,,,,07/31/2023,3.192375304,GPS
,,,,,,,08/01/2023,3.202375304,GPS
,,,,,,,08/02/2023,3.202375304,GPS
,,,,,,,08/03/2023,3.212375304,GPS
,,,,,,,08/04/2023,3.202375304,GPS
,,,,,,,08/05/2023,3.192375304,GPS
,,,,,,,08/06/2023,3.202375304,GPS
,,,,,,,08/07/2023,3.202375304,GPS
,,,,,,,08/08/2023,3.192375304,GPS
,,,,,,,08/09/2023,3.202375304,GPS
,,,,,,,08/10/2023,3.202375304,GPS
,,,,,,,08/11/2023,3.192375304,GPS
,,,,,,,08/12/2023,3.182375304,GPS
,,,,,,,08/13/2023,3.202375304,GPS
,,,,,,,08/14/2023,3.192375304,GPS
,,,,,,,08/15/2023,3.172375304,GPS
,,,,,,,08/16/2023,3.232375304,GPS
,,,,,,,08/17/2023,3.182375304,GPS
,,,,,,,08/18/2023,3.182375304,GPS
,,,,,,,08/19/2023,3.202375304,GPS
,,,,,,,08/20/2023,3.212375304,GPS
,,,,,,,08/21/2023,3.172375304,GPS
,,,,,,,08/22/2023,3.212375304,GPS
,,,,,,,08/23/2023,3.202375304,GPS
,,,,,,,08/24/2023,3.202375304,GPS
,,,,,,,08/25/2023,3.202375304,GPS
,,,,,,,08/26/2023,3.212375304,GPS
,,,,,,,08/27/2023,3.212375304,GPS
,,,,,,,08/28/2023,3.192375304,GPS
,,,,,,,08/29/2023,3.192375304,GPS
,,,,,,,08/30/2023,3.202375304,GPS
,,,,,,,08/31/2023,3.202375304,GPS
,,,,,,,09/01/2023,3.202375304,GPS
,,,,,,,09/02/2023,3.222375304,GPS
,,,,,,,09/03/2023,3.202375304,GPS
,,,,,,,09/04/2023,3.192375304,GPS
,,,,,,,09/05/2023,3.212375304,GPS
,,,,,,,09/06/2023,3.192375304,GPS
,,,,,,,09/07/2023,3.202375304,GPS
,,,,,,,09/08/2023,3.212375304,GPS
,,,,,,,09/09/2023,3.212375304,GPS
,,,,,,,09/10/2023,3.192375304,GPS
,,,,,,,09/11/2023,3.202375304,GPS
,,,,,,,09/12/2023,3.182375304,GPS
,,,,,,,09/13/2023,3.192375304,GPS
,,,,,,,09/14/2023,3.192375304,GPS
,,,,,,,09/15/2023,3.192375304,GPS
,,,,,,,09/16/2023,3.192375304,GPS
,,,,,,,09/17/2023,3.182375304,GPS
,,,,,,,09/18/2023,3.172375304,GPS
,,,,,,,09/19/2023,3.202375304,GPS
,,,,,,,09/20/2023,3.192375304,GPS
,,,,,,,09/21/2023,3.202375304,GPS
,,,,,,,09/22/2023,3.192375304,GPS
,,,,,,,09/23/2023,3.192375304,GPS
,,,,,,,09/24/2023,3.192375304,GPS
,,,,,,,09/25/2023,3.192375304,GPS
,,,,,,,09/26/2023,3.172375304,GPS
,,,,,,,09/27/2023,3.182375304,GPS
,,,,,,,09/28/2023,3.172375304,GPS
,,,,,,,09/29/2023,3.162375304,GPS
,,,,,,,09/30/2023,3.202375304,GPS
,,,,,,,10/01/2023,3.202375304,GPS
,,,,,,,10/02/2023,3.192375304,GPS
,,,,,,,10/03/2023,3.162375304,GPS
,,,,,,,10/04/2023,3.172375304,GPS
,,,,,,,10/05/2023,3.172375304,GPS
,,,,,,,10/06/2023,3.182375304,GPS
,,,,,,,10/07/2023,3.162375304,GPS
,,,,,,,10/08/2023,3.152375304,GPS
,,,,,,,10/09/2023,3.172375304,GPS
,,,,,,,10/10/2023,3.162375304,GPS
,,,,,,,10/11/2023,3.162375304,GPS
,,,,,,,10/12/2023,3.162375304,GPS
,,,,,,,10/13/2023,3.172375304,GPS
,,,,,,,10/14/2023,3.182375304,GPS
,,,,,,,10/15/2023,3.162375304,GPS
,,,,,,,10/16/2023,3.172375304,GPS
,,,,,,,10/17/2023,3.182375304,GPS
,,,,,,,10/18/2023,3.152375304,GPS
,,,,,,,10/19/2023,3.152375304,GPS
,,,,,,,10/20/2023,3.162375304,GPS
,,,,,,,10/21/2023,3.172375304,GPS
,,,,,,,10/22/2023,3.192375304,GPS
,,,,,,,10/23/2023,3.182375304,GPS
,,,,,,,10/24/2023,3.162375304,GPS
,,,,,,,10/25/2023,3.172375304,GPS
,,,,,,,10/26/2023,3.172375304,GPS
,,,,,,,10/27/2023,3.182375304,GPS
,,,,,,,10/28/2023,3.192375304,GPS
,,,,,,,10/29/2023,3.182375304,GPS
,,,,,,,10/30/2023,3.172375304,GPS
,,,,,,,10/31/2023,3.172375304,GPS
,,,,,,,11/01/2023,3.172375304,GPS
,,,,,,,11/02/2023,3.172375304,GPS
,,,,,,,11/03/2023,3.162375304,GPS
,,,,,,,11/04/2023,3.162375304,GPS
,,,,,,,11/05/2023,3.182375304,GPS
,,,,,,,11/06/2023,3.192375304,GPS
,,,,,,,11/07/2023,3.202375304,GPS
,,,,,,,11/08/2023,3.202375304,GPS
,,,,,,,11/09/2023,3.202375304,GPS
,,,,,,,11/10/2023,3.192375304,GPS
,,,,,,,11/11/2023,3.172375304,GPS
,,,,,,,11/12/2023,3.182375304,GPS
,,,,,,,11/13/2023,3.182375304,GPS
,,,,,,,11/14/2023,3.182375304,GPS
,,,,,,,11/15/2023,3.172375304,GPS
,,,,,,,11/16/2023,3.172375304,GPS
,,,,,,,11/17/2023,3.162375304,GPS
,,,,,,,11/18/2023,3.172375304,GPS
,,,,,,,11/19/2023,3.162375304,GPS
,,,,,,,11/20/2023,3.152375304,GPS
,,,,,,,11/21/2023,3.152375304,GPS
,,,,,,,11/22/2023,3.162375304,GPS
,,,,,,,11/23/2023,3.162375304,GPS
,,,,,,,11/24/2023,3.172375304,GPS
,,,,,,,11/25/2023,3.182375304,GPS
,,,,,,,11/26/2023,3.172375304,GPS
,,,,,,,11/27/2023,3.172375304,GPS
,,,,,,,11/28/2023,3.172375304,GPS
,,,,,,,11/29/2023,3.162375304,GPS
,,,,,,,11/30/2023,3.152375304,GPS
,,,,,,,12/01/2023,3.162375304,GPS
,,,,,,,12/02/2023,3.152375304,GPS
,,,,,,,12/03/2023,3.152375304,GPS
,,,,,,,12/04/2023,3.152375304,GPS
,,,,,,,12/05/2023,3.142375304,GPS
,,,,,,,12/06/2023,3.152375304,GPS
,,,,,,,12/07/2023,3.152375304,GPS
,,,,,,,12/08/2023,3.142375304,GPS
,,,,,,,12/09/2023,3.132375304,GPS
,,,,,,,12/10/2023,3.132375304,GPS
,,,,,,,12/11/2023,3.142375304,GPS
,,,,,,,12/12/2023,3.132375304,GPS
,,,,,,,12/13/2023,3.132375304,GPS
,,,,,,,12/14/2023,3.122375304,GPS
,,,,,,,12/15/2023,3.122375304,GPS
,,,,,,,12/16/2023,3.132375304,GPS
,,,,,,,12/17/2023,3.122375304,GPS
,,,,,,,12/18/2023,3.112375304,GPS
,,,,,,,12/19/2023,3.142375304,GPS
,,,,,,,12/20/2023,3.132375304,GPS
,,,,,,,12/21/2023,3.152375304,GPS
,,,,,,,12/22/2023,3.152375304,GPS
,,,,,,,12/23/2023,3.132375304,GPS
,,,,,,,12/24/2023,3.132375304,GPS
,,,,,,,12/25/2023,3.122375304,GPS
,,,,,,,12/26/2023,3.112375304,GPS
,,,,,,,12/27/2023,3.112375304,GPS
,,,,,,,12/28/2023,3.122375304,GPS
,,,,,,,12/29/2023,3.122375304,GPS
,,,,,,,12/30/2023,3.132375304,GPS
,,,,,,,12/31/2023,3.132375304,GPS
,,,,,,,01/01/2024,3.142375304,GPS
,,,,,,,01/02/2024,3.152375304,GPS
,,,,,,,01/03/2024,3.162375304,GPS
,,,,,,,01/04/2024,3.142375304,GPS
,,,,,,,01/05/2024,3.142375304,GPS
,,,,,,,01/06/2024,3.152375304,GPS
,,,,,,,01/07/2024,3.152375304,GPS
,,,,,,,01/08/2024,3.132375304,GPS
,,,,,,,01/09/2024,3.132375304,GPS
,,,,,,,01/10/2024,3.122375304,GPS
,,,,,,,01/11/2024,3.142375304,GPS
,,,,,,,01/12/2024,3.142375304,GPS
,,,,,,,01/13/2024,3.122375304,GPS
,,,,,,,01/14/2024,3.142375304,GPS
,,,,,,,01/15/2024,3.152375304,GPS
,,,,,,,01/16/2024,3.132375304,GPS
,,,,,,,01/17/2024,3.132375304,GPS
,,,,,,,01/18/2024,3.122375304,GPS
,,,,,,,01/19/2024,3.132375304,GPS
,,,,,,,01/20/2024,3.132375304,GPS
,,,,,,,01/21/2024,3.122375304,GPS
,,,,,,,01/22/2024,3.132375304,GPS
,,,,,,,01/23/2024,3.112375304,GPS
,,,,,,,01/24/2024,3.122375304,GPS
,,,,,,,01/25/2024,3.112375304,GPS
,,,,,,,01/26/2024,3.102375304,GPS
,,,,,,,01/27/2024,3.112375304,GPS
,,,,,,,01/28/2024,3.112375304,GPS
,,,,,,,01/29/2024,3.102375304,GPS
,,,,,,,01/30/2024,3.122375304,GPS
,,,,,,,01/31/2024,3.112375304,GPS
,,,,,,,02/01/2024,3.122375304,GPS
,,,,,,,02/02/2024,3.122375304,GPS
,,,,,,,02/03/2024,3.152375304,GPS
,,,,,,,02/04/2024,3.152375304,GPS
,,,,,,,02/05/2024,3.142375304,GPS
,,,,,,,02/06/2024,3.142375304,GPS
,,,,,,,02/07/2024,3.152375304,GPS
,,,,,,,02/08/2024,3.172375304,GPS
,,,,,,,02/09/2024,3.162375304,GPS
,,,,,,,02/10/2024,3.142375304,GPS
,,,,,,,02/11/2024,3.142375304,GPS
,,,,,,,02/12/2024,3.152375304,GPS
,,,,,,,02/13/2024,3.132375304,GPS
,,,,,,,02/14/2024,3.142375304,GPS
,,,,,,,02/15/2024,3.152375304,GPS
,,,,,,,02/16/2024,3.132375304,GPS
,,,,,,,02/17/2024,3.122375304,GPS
,,,,,,,02/18/2024,3.142375304,GPS
,,,,,,,02/19/2024,3.122375304,GPS
,,,,,,,02/20/2024,3.152375304,GPS
,,,,,,,02/21/2024,3.142375304,GPS
,,,,,,,02/22/2024,3.142375304,GPS
,,,,,,,02/23/2024,3.142375304,GPS
,,,,,,,02/24/2024,3.132375304,GPS
,,,,,,,02/25/2024,3.122375304,GPS
,,,,,,,02/26/2024,3.122375304,GPS
,,,,,,,02/27/2024,3.122375304,GPS
,,,,,,,02/28/2024,3.122375304,GPS
,,,,,,,02/29/2024,3.112375304,GPS
,,,,,,,03/01/2024,3.122375304,GPS
,,,,,,,03/02/2024,3.132375304,GPS
,,,,,,,03/03/2024,3.122375304,GPS
,,,,,,,03/04/2024,3.142375304,GPS
,,,,,,,03/05/2024,3.132375304,GPS
,,,,,,,03/06/2024,3.122375304,GPS
,,,,,,,03/07/2024,3.122375304,GPS
,,,,,,,03/08/2024,3.112375304,GPS
,,,,,,,03/09/2024,3.112375304,GPS
,,,,,,,03/10/2024,3.112375304,GPS
,,,,,,,03/11/2024,3.122375304,GPS
,,,,,,,03/12/2024,3.132375304,GPS
,,,,,,,03/13/2024,3.122375304,GPS
,,,,,,,03/14/2024,3.112375304,GPS
,,,,,,,03/15/2024,3.122375304,GPS
,,,,,,,03/16/2024,3.132375304,GPS
,,,,,,,03/17/2024,3.122375304,GPS
,,,,,,,03/18/2024,3.122375304,GPS
,,,,,,,03/19/2024,3.122375304,GPS
,,,,,,,03/20/2024,3.122375304,GPS
,,,,,,,03/21/2024,3.112375304,GPS
,,,,,,,03/22/2024,3.132375304,GPS
,,,,,,,03/23/2024,3.122375304,GPS
,,,,,,,03/24/2024,3.132375304,GPS
,,,,,,,03/25/2024,3.112375304,GPS
,,,,,,,03/26/2024,3.122375304,GPS
,,,,,,,03/27/2024,3.132375304,GPS
,,,,,,,03/28/2024,3.112375304,GPS
,,,,,,,03/29/2024,3.112375304,GPS
,,,,,,,03/30/2024,3.132375304,GPS
,,,,,,,03/31/2024,3.092375304,GPS
,,,,,,,04/01/2024,3.102375304,GPS
,,,,,,,04/02/2024,3.112375304,GPS
,,,,,,,04/03/2024,3.102375304,GPS
,,,,,,,04/04/2024,3.132375304,GPS
,,,,,,,04/05/2024,3.122375304,GPS
,,,,,,,04/06/2024,3.122375304,GPS
,,,,,,,04/07/2024,3.122375304,GPS
,,,,,,,04/08/2024,3.102375304,GPS
,,,,,,,04/09/2024,3.102375304,GPS
,,,,,,,04/10/2024,3.102375304,GPS
,,,,,,,04/11/2024,3.102375304,GPS
,,,,,,,04/12/2024,3.082375304,GPS
,,,,,,,04/13/2024,3.102375304,GPS
,,,,,,,04/14/2024,3.132375304,GPS
,,,,,,,04/15/2024,3.112375304,GPS
,,,,,,,04/16/2024,3.102375304,GPS
,,,,,,,04/17/2024,3.112375304,GPS
,,,,,,,04/18/2024,3.092375304,GPS
,,,,,,,04/22/2024,3.092375304,GPS
,,,,,,,04/23/2024,3.112375304,GPS
,,,,,,,04/24/2024,3.112375304,GPS
,,,,,,,04/25/2024,3.102375304,GPS
,,,,,,,04/26/2024,3.102375304,GPS
,,,,,,,04/27/2024,3.092375304,GPS
,,,,,,,04/28/2024,3.092375304,GPS
,,,,,,,04/29/2024,3.102375304,GPS
,,,,,,,04/30/2024,3.122375304,GPS
,,,,,,,05/01/2024,3.122375304,GPS
,,,,,,,05/02/2024,3.112375304,GPS
,,,,,,,05/03/2024,3.112375304,GPS
,,,,,,,05/04/2024,3.122375304,GPS
,,,,,,,05/05/2024,3.132375304,GPS
,,,,,,,05/06/2024,3.112375304,GPS
,,,,,,,05/07/2024,3.122375304,GPS
,,,,,,,05/08/2024,3.112375304,GPS
,,,,,,,05/09/2024,3.122375304,GPS
,,,,,,,05/10/2024,3.122375304,GPS
,,,,,,,05/11/2024,3.112375304,GPS
,,,,,,,05/12/2024,3.102375304,GPS
,,,,,,,05/13/2024,3.112375304,GPS
,,,,,,,05/14/2024,3.122375304,GPS
,,,,,,,05/15/2024,3.132375304,GPS
,,,,,,,05/16/2024,3.122375304,GPS
,,,,,,,05/17/2024,3.132375304,GPS
,,,,,,,05/18/2024,3.132375304,GPS
,,,,,,,05/19/2024,3.132375304,GPS
,,,,,,,05/20/2024,3.132375304,GPS
,,,,,,,05/21/2024,3.122375304,GPS
,,,,,,,05/22/2024,3.132375304,GPS
,,,,,,,05/23/2024,3.132375304,GPS
,,,,,,,05/24/2024,3.122375304,GPS
,,,,,,,05/25/2024,3.132375304,GPS
,,,,,,,05/26/2024,3.132375304,GPS
,,,,,,,05/27/2024,3.142375304,GPS
,,,,,,,05/28/2024,3.152375304,GPS
,,,,,,,05/29/2024,3.132375304,GPS
,,,,,,,05/30/2024,3.142375304,GPS
,,,,,,,06/03/2024,3.142375304,GPS
,,,,,,,06/04/2024,3.142375304,GPS
,,,,,,,06/05/2024,3.132375304,GPS
,,,,,,,06/06/2024,3.132375304,GPS
,,,,,,,06/07/2024,3.142375304,GPS
,,,,,,,06/08/2024,3.162375304,GPS
,,,,,,,06/09/2024,3.172375304,GPS
,,,,,,,06/10/2024,3.152375304,GPS
,,,,,,,06/11/2024,3.142375304,GPS
,,,,,,,06/12/2024,3.162375304,GPS
,,,,,,,06/13/2024,3.182375304,GPS
,,,,,,,06/14/2024,3.162375304,GPS
,,,,,,,06/15/2024,3.152375304,GPS
,,,,,,,06/16/2024,3.142375304,GPS
,,,,,,,06/17/2024,3.142375304,GPS
,,,,,,,06/18/2024,3.162375304,GPS
,,,,,,,06/19/2024,3.172375304,GPS
,,,,,,,06/20/2024,3.182375304,GPS
,,,,,,,06/21/2024,3.182375304,GPS
,,,,,,,06/22/2024,3.192375304,GPS
,,,,,,,06/23/2024,3.172375304,GPS
,,,,,,,06/24/2024,3.182375304,GPS
,,,,,,,06/25/2024,3.182375304,GPS
,,,,,,,06/27/2024,3.182375304,GPS
,,,,,,,06/28/2024,3.182375304,GPS
,,,,,,,06/29/2024,3.192375304,GPS
,,,,,,,06/30/2024,3.202375304,GPS
,,,,,,,07/01/2024,3.202375304,GPS
,,,,,,,07/02/2024,3.212375304,GPS
,,,,,,,07/03/2024,3.182375304,GPS
,,,,,,,07/04/2024,3.202375304,GPS
,,,,,,,07/05/2024,3.202375304,GPS
,,,,,,,07/06/2024,3.202375304,GPS
,,,,,,,07/07/2024,3.182375304,GPS
,,,,,,,07/08/2024,3.192375304,GPS
,,,,,,,07/09/2024,3.202375304,GPS
,,,,,,,07/10/2024,3.202375304,GPS
,,,,,,,07/11/2024,3.192375304,GPS
,,,,,,,07/12/2024,3.192375304,GPS
,,,,,,,07/13/2024,3.202375304,GPS
,,,,,,,07/14/2024,3.192375304,GPS
,,,,,,,07/15/2024,3.202375304,GPS
,,,,,,,07/16/2024,3.202375304,GPS
,,,,,,,07/17/2024,3.192375304,GPS
,,,,,,,07/18/2024,3.202375304,GPS
,,,,,,,07/19/2024,3.182375304,GPS
,,,,,,,07/20/2024,3.202375304,GPS
,,,,,,,07/21/2024,3.202375304,GPS
,,,,,,,07/22/2024,3.202375304,GPS
,,,,,,,07/23/2024,3.202375304,GPS
,,,,,,,07/24/2024,3.192375304,GPS
,,,,,,,07/25/2024,3.222375304,GPS
,,,,,,,07/26/2024,3.222375304,GPS
,,,,,,,07/27/2024,3.212375304,GPS
,,,,,,,07/28/2024,3.222375304,GPS
,,,,,,,07/29/2024,3.212375304,GPS
,,,,,,,07/30/2024,3.212375304,GPS
,,,,,,,07/31/2024,3.212375304,GPS
,,,,,,,08/01/2024,3.232375304,GPS
,,,,,,,08/02/2024,3.202375304,GPS
,,,,,,,08/03/2024,3.212375304,GPS
,,,,,,,08/04/2024,3.202375304,GPS
,,,,,,,08/05/2024,3.232375304,GPS
,,,,,,,08/06/2024,3.202375304,GPS
,,,,,,,08/07/2024,3.202375304,GPS
,,,,,,,08/08/2024,3.182375304,GPS
,,,,,,,08/09/2024,3.212375304,GPS
,,,,,,,08/11/2024,3.202375304,GPS
,,,,,,,08/12/2024,3.222375304,GPS
,,,,,,,08/13/2024,3.212375304,GPS
,,,,,,,08/14/2024,3.212375304,GPS
,,,,,,,08/15/2024,3.192375304,GPS
,,,,,,,08/16/2024,3.192375304,GPS
,,,,,,,08/17/2024,3.222375304,GPS
,,,,,,,08/18/2024,3.192375304,GPS
,,,,,,,08/19/2024,3.182375304,GPS
,,,,,,,08/20/2024,3.222375304,GPS
,,,,,,,08/21/2024,3.222375304,GPS
,,,,,,,08/22/2024,3.212375304,GPS
,,,,,,,08/23/2024,3.212375304,GPS
,,,,,,,08/24/2024,3.222375304,GPS
,,,,,,,08/25/2024,3.222375304,GPS
,,,,,,,08/26/2024,3.212375304,GPS
,,,,,,,08/27/2024,3.212375304,GPS
,,,,,,,08/28/2024,3.202375304,GPS
,,,,,,,08/29/2024,3.212375304,GPS
,,,,,,,08/30/2024,3.212375304,GPS
,,,,,,,08/31/2024,3.202375304,GPS
,,,,,,,09/01/2024,3.212375304,GPS
,,,,,,,09/02/2024,3.202375304,GPS
,,,,,,,09/03/2024,3.222375304,GPS
,,,,,,,09/04/2024,3.202375304,GPS
,,,,,,,09/05/2024,3.222375304,GPS
,,,,,,,09/06/2024,3.222375304,GPS
,,,,,,,09/07/2024,3.212375304,GPS
,,,,,,,09/08/2024,3.212375304,GPS
,,,,,,,09/09/2024,3.212375304,GPS
,,,,,,,09/10/2024,3.202375304,GPS
,,,,,,,09/11/2024,3.182375304,GPS
,,,,,,,09/12/2024,3.192375304,GPS
,,,,,,,09/13/2024,3.212375304,GPS
,,,,,,,09/14/2024,3.202375304,GPS
,,,,,,,09/15/2024,3.202375304,GPS
,,,,,,,09/16/2024,3.232375304,GPS
,,,,,,,09/17/2024,3.222375304,GPS
,,,,,,,09/18/2024,3.212375304,GPS
,,,,,,,09/19/2024,3.222375304,GPS
,,,,,,,09/20/2024,3.212375304,GPS
,,,,,,,09/21/2024,3.202375304,GPS
,,,,,,,09/22/2024,3.192375304,GPS
,,,,,,,09/23/2024,3.192375304,GPS
,,,,,,,09/24/2024,3.202375304,GPS
,,,,,,,09/25/2024,3.202375304,GPS
,,,,,,,09/26/2024,3.192375304,GPS
,,,,,,,09/27/2024,3.202375304,GPS
,,,,,,,09/28/2024,3.192375304,GPS
,,,,,,,09/29/2024,3.192375304,GPS
,,,,,,,09/30/2024,3.202375304,GPS
,,,,,,,10/01/2024,3.202375304,GPS
,,,,,,,10/02/2024,3.202375304,GPS
,,,,,,,10/03/2024,3.202375304,GPS
,,,,,,,10/04/2024,3.202375304,GPS
,,,,,,,10/05/2024,3.202375304,GPS
,,,,,,,10/06/2024,3.212375304,GPS
,,,,,,,10/07/2024,3.192375304,GPS
,,,,,,,10/08/2024,3.192375304,GPS
,,,,,,,10/10/2024,3.222375304,GPS
,,,,,,,10/12/2024,3.212375304,GPS
,,,,,,,10/13/2024,3.212375304,GPS
,,,,,,,10/14/2024,3.202375304,GPS
,,,,,,,10/15/2024,3.222375304,GPS
,,,,,,,10/16/2024,3.202375304,GPS
,,,,,,,10/17/2024,3.212375304,GPS
,,,,,,,10/18/2024,3.202375304,GPS
,,,,,,,10/19/2024,3.212375304,GPS
,,,,,,,10/20/2024,3.212375304,GPS
,,,,,,,10/21/2024,3.212375304,GPS
,,,,,,,10/22/2024,3.232375304,GPS
,,,,,,,10/23/2024,3.212375304,GPS
,,,,,,,10/24/2024,3.222375304,GPS
,,,,,,,10/25/2024,3.212375304,GPS
,,,,,,,10/26/2024,3.212375304,GPS
,,,,,,,10/27/2024,3.232375304,GPS
,,,,,,,10/28/2024,3.222375304,GPS
,,,,,,,10/29/2024,3.212375304,GPS
,,,,,,,10/30/2024,3.212375304,GPS
,,,,,,,10/31/2024,3.222375304,GPS
,,,,,,,11/01/2024,3.212375304,GPS
,,,,,,,11/02/2024,3.202375304,GPS
,,,,,,,11/03/2024,3.202375304,GPS
,,,,,,,11/04/2024,3.212375304,GPS
,,,,,,,11/05/2024,3.212375304,GPS
,,,,,,,11/06/2024,3.202375304,GPS
,,,,,,,11/07/2024,3.202375304,GPS
,,,,,,,11/08/2024,3.212375304,GPS
,,,,,,,11/09/2024,3.192375304,GPS
,,,,,,,11/10/2024,3.202375304,GPS
,,,,,,,11/11/2024,3.212375304,GPS
,,,,,,,11/12/2024,3.212375304,GPS
,,,,,,,11/13/2024,3.192375304,GPS
,,,,,,,11/14/2024,3.192375304,GPS
,,,,,,,11/15/2024,3.212375304,GPS
,,,,,,,11/16/2024,3.212375304,GPS
,,,,,,,11/17/2024,3.202375304,GPS
,,,,,,,11/18/2024,3.202375304,GPS
,,,,,,,11/19/2024,3.202375304,GPS
,,,,,,,11/20/2024,3.202375304,GPS
,,,,,,,11/21/2024,3.182375304,GPS
,,,,,,,11/22/2024,3.202375304,GPS
,,,,,,,11/23/2024,3.192375304,GPS
,,,,,,,11/24/2024,3.212375304,GPS
,,,,,,,11/25/2024,3.222375304,GPS
,,,,,,,11/26/2024,3.222375304,GPS
,,,,,,,11/27/2024,3.212375304,GPS
,,,,,,,11/28/2024,3.212375304,GPS
,,,,,,,11/29/2024,3.202375304,GPS
,,,,,,,11/30/2024,3.212375304,GPS
,,,,,,,12/01/2024,3.202375304,GPS
,,,,,,,12/02/2024,3.202375304,GPS
,,,,,,,12/03/2024,3.202375304,GPS
,,,,,,,12/04/2024,3.202375304,GPS
,,,,,,,12/05/2024,3.202375304,GPS
,,,,,,,12/06/2024,3.202375304,GPS
,,,,,,,12/07/2024,3.192375304,GPS
,,,,,,,12/08/2024,3.192375304,GPS
,,,,,,,12/09/2024,3.202375304,GPS
,,,,,,,12/10/2024,3.202375304,GPS
,,,,,,,12/11/2024,3.202375304,GPS
,,,,,,,12/12/2024,3.192375304,GPS
,,,,,,,12/13/2024,3.192375304,GPS
,,,,,,,12/14/2024,3.202375304,GPS
,,,,,,,12/15/2024,3.212375304,GPS
,,,,,,,12/16/2024,3.202375304,GPS
,,,,,,,12/17/2024,3.212375304,GPS
,,,,,,,12/18/2024,3.212375304,GPS
,,,,,,,12/19/2024,3.212375304,GPS
,,,,,,,12/20/2024,3.212375304,GPS
,,,,,,,12/21/2024,3.212375304,GPS
,,,,,,,12/22/2024,3.192375304,GPS
,,,,,,,12/23/2024,3.182375304,GPS
,,,,,,,12/24/2024,3.172375304,GPS
,,,,,,,12/25/2024,3.192375304,GPS
,,,,,,,12/26/2024,3.192375304,GPS
,,,,,,,12/27/2024,3.192375304,GPS
,,,,,,,12/28/2024,3.202375304,GPS
,,,,,,,12/29/2024,3.212375304,GPS
,,,,,,,12/30/2024,3.212375304,GPS
,,,,,,,12/31/2024,3.01,Leveling
,,,,,,,12/31/2024,3.212375304,GPS
,,,,,,,01/01/2025,3.202375304,GPS
,,,,,,,01/02/2025,3.202375304,GPS
,,,,,,,01/03/2025,3.212375304,GPS
,,,,,,,01/04/2025,3.192375304,GPS
,,,,,,,01/05/2025,3.182375304,GPS
,,,,,,,01/06/2025,3.192375304,GPS
,,,,,,,01/07/2025,3.182375304,GPS
,,,,,,,01/08/2025,3.182375304,GPS
,,,,,,,01/09/2025,3.182375304,GPS
,,,,,,,01/10/2025,3.162375304,GPS
,,,,,,,01/11/2025,3.182375304,GPS
,,,,,,,01/12/2025,3.192375304,GPS
,,,,,,,01/13/2025,3.192375304,GPS
,,,,,,,01/14/2025,3.182375304,GPS
,,,,,,,01/15/2025,3.182375304,GPS
,,,,,,,01/16/2025,3.182375304,GPS
,,,,,,,01/17/2025,3.182375304,GPS
,,,,,,,01/18/2025,3.192375304,GPS
,,,,,,,01/19/2025,3.192375304,GPS
,,,,,,,01/20/2025,3.182375304,GPS
,,,,,,,01/21/2025,3.182375304,GPS
,,,,,,,01/22/2025,3.182375304,GPS
,,,,,,,01/23/2025,3.172375304,GPS
,,,,,,,01/24/2025,3.182375304,GPS
,,,,,,,01/25/2025,3.192375304,GPS
,,,,,,,01/26/2025,3.212375304,GPS
,,,,,,,01/27/2025,3.192375304,GPS
,,,,,,,01/28/2025,3.192375304,GPS
,,,,,,,01/29/2025,3.192375304,GPS
,,,,,,,01/30/2025,3.182375304,GPS
,,,,,,,01/31/2025,3.172375304,GPS
,,,,,,,02/01/2025,3.162375304,GPS
,,,,,,,02/02/2025,3.142375304,GPS
,,,,,,,02/03/2025,3.162375304,GPS
,,,,,,,02/04/2025,3.162375304,GPS
,,,,,,,02/05/2025,3.172375304,GPS
,,,,,,,02/06/2025,3.182375304,GPS
,,,,,,,02/07/2025,3.172375304,GPS
,,,,,,,02/08/2025,3.182375304,GPS
,,,,,,,02/09/2025,3.182375304,GPS
,,,,,,,02/10/2025,3.192375304,GPS
,,,,,,,02/11/2025,3.182375304,GPS
,,,,,,,02/12/2025,3.202375304,GPS
,,,,,,,02/13/2025,3.172375304,GPS
,,,,,,,02/14/2025,3.192375304,GPS
,,,,,,,02/15/2025,3.182375304,GPS
,,,,,,,02/16/2025,3.192375304,GPS
,,,,,,,02/17/2025,3.202375304,GPS
,,,,,,,02/18/2025,3.182375304,GPS
,,,,,,,02/19/2025,3.152375304,GPS
,,,,,,,02/20/2025,3.172375304,GPS
,,,,,,,02/21/2025,3.162375304,GPS
,,,,,,,02/22/2025,3.172375304,GPS
,,,,,,,02/23/2025,3.162375304,GPS
,,,,,,,02/24/2025,3.162375304,GPS
,,,,,,,02/25/2025,3.172375304,GPS
,,,,,,,02/26/2025,3.162375304,GPS
,,,,,,,02/27/2025,3.162375304,GPS
,,,,,,,02/28/2025,3.162375304,GPS
,,,,,,,03/01/2025,3.142375304,GPS
,,,,,,,03/02/2025,3.172375304,GPS
,,,,,,,03/03/2025,3.162375304,GPS
,,,,,,,03/04/2025,3.162375304,GPS
,,,,,,,03/05/2025,3.172375304,GPS
,,,,,,,03/06/2025,3.172375304,GPS
,,,,,,,03/07/2025,3.172375304,GPS
,,,,,,,03/08/2025,3.162375304,GPS
,,,,,,,03/09/2025,3.172375304,GPS
,,,,,,,03/10/2025,3.172375304,GPS
,,,,,,,03/11/2025,3.172375304,GPS
,,,,,,,03/12/2025,3.162375304,GPS
,,,,,,,03/13/2025,3.162375304,GPS
,,,,,,,03/14/2025,3.172375304,GPS
,,,,,,,03/15/2025,3.172375304,GPS
,,,,,,,03/16/2025,3.162375304,GPS
,,,,,,,03/17/2025,3.182375304,GPS
,,,,,,,03/18/2025,3.202375304,GPS
,,,,,,,03/19/2025,3.182375304,GPS
,,,,,,,03/20/2025,3.192375304,GPS
,,,,,,,03/21/2025,3.182375304,GPS
,,,,,,,03/22/2025,3.162375304,GPS
,,,,,,,03/23/2025,3.162375304,GPS
,,,,,,,03/24/2025,3.152375304,GPS
,,,,,,,03/25/2025,3.152375304,GPS
,,,,,,,03/26/2025,3.152375304,GPS
,,,,,,,03/27/2025,3.172375304,GPS
,,,,,,,03/28/2025,3.182375304,GPS
,,,,,,,03/29/2025,3.172375304,GPS
,,,,,,,03/30/2025,3.172375304,GPS
,,,,,,,03/31/2025,3.142375304,GPS
,,,,,,,04/01/2025,3.172375304,GPS
,,,,,,,04/02/2025,3.172375304,GPS
,,,,,,,04/03/2025,3.192375304,GPS
,,,,,,,04/04/2025,3.182375304,GPS
,,,,,,,04/05/2025,3.152375304,GPS
,,,,,,,04/06/2025,3.142375304,GPS
,,,,,,,04/07/2025,3.162375304,GPS
,,,,,,,04/08/2025,3.162375304,GPS
,,,,,,,04/09/2025,3.172375304,GPS
,,,,,,,04/10/2025,3.172375304,GPS
,,,,,,,04/11/2025,3.172375304,GPS
,,,,,,,04/12/2025,3.172375304,GPS
,,,,,,,04/13/2025,3.172375304,GPS
,,,,,,,04/14/2025,3.152375304,GPS
,,,,,,,04/15/2025,3.162375304,GPS
,,,,,,,04/16/2025,3.172375304,GPS
,,,,,,,04/17/2025,3.182375304,GPS
,,,,,,,04/18/2025,3.182375304,GPS
,,,,,,,04/19/2025,3.172375304,GPS
,,,,,,,04/20/2025,3.192375304,GPS
,,,,,,,04/21/2025,3.182375304,GPS
,,,,,,,04/22/2025,3.182375304,GPS
,,,,,,,04/23/2025,3.182375304,GPS
,,,,,,,04/24/2025,3.182375304,GPS
,,,,,,,04/25/2025,3.182375304,GPS
,,,,,,,04/26/2025,3.192375304,GPS
,,,,,,,04/27/2025,3.182375304,GPS
,,,,,,,04/28/2025,3.182375304,GPS
,,,,,,,04/29/2025,3.182375304,GPS
,,,,,,,04/30/2025,3.172375304,GPS
,,,,,,,05/01/2025,3.172375304,GPS
,,,,,,,05/02/2025,3.182375304,GPS
,,,,,,,05/03/2025,3.182375304,GPS
,,,,,,,05/04/2025,3.182375304,GPS
,,,,,,,05/05/2025,3.172375304,GPS
,,,,,,,05/06/2025,3.162375304,GPS
,,,,,,,05/07/2025,3.192375304,GPS
,,,,,,,05/08/2025,3.192375304,GPS
,,,,,,,05/09/2025,3.172375304,GPS
,,,,,,,05/10/2025,3.192375304,GPS
,,,,,,,05/11/2025,3.192375304,GPS
,,,,,,,05/12/2025,3.202375304,GPS
,,,,,,,05/13/2025,3.212375304,GPS
,,,,,,,05/14/2025,3.192375304,GPS
,,,,,,,05/15/2025,3.192375304,GPS
,,,,,,,05/16/2025,3.182375304,GPS
,,,,,,,05/17/2025,3.172375304,GPS
,,,,,,,05/18/2025,3.192375304,GPS
,,,,,,,05/19/2025,3.182375304,GPS
,,,,,,,05/20/2025,3.192375304,GPS
,,,,,,,05/21/2025,3.192375304,GPS
,,,,,,,05/22/2025,3.202375304,GPS
,,,,,,,05/23/2025,3.212375304,GPS
,,,,,,,05/24/2025,3.202375304,GPS
,,,,,,,05/25/2025,3.212375304,GPS
,,,,,,,05/26/2025,3.202375304,GPS
,,,,,,,05/27/2025,3.202375304,GPS
,,,,,,,05/28/2025,3.192375304,GPS
,,,,,,,05/29/2025,3.202375304,GPS
,,,,,,,05/30/2025,3.192375304,GPS
,,,,,,,05/31/2025,3.192375304,GPS
,,,,,,,06/01/2025,3.192375304,GPS
,,,,,,,06/02/2025,3.202375304,GPS
,,,,,,,06/03/2025,3.212375304,GPS
,,,,,,,06/04/2025,3.222375304,GPS
,,,,,,,06/05/2025,3.212375304,GPS
,,,,,,,06/06/2025,3.232375304,GPS
,,,,,,,06/07/2025,3.222375304,GPS
,,,,,,,06/08/2025,3.212375304,GPS
,,,,,,,06/09/2025,3.232375304,GPS
,,,,,,,06/10/2025,3.222375304,GPS
,,,,,,,06/11/2025,3.222375304,GPS
,,,,,,,06/12/2025,3.212375304,GPS
,,,,,,,06/13/2025,3.222375304,GPS
,,,,,,,06/14/2025,3.232375304,GPS
,,,,,,,06/15/2025,3.232375304,GPS
,,,,,,,06/16/2025,3.232375304,GPS
,,,,,,,06/17/2025,3.212375304,GPS
,,,,,,,06/18/2025,3.222375304,GPS
,,,,,,,06/19/2025,3.222375304,GPS
,,,,,,,06/20/2025,3.232375304,GPS
,,,,,,,06/21/2025,3.242375304,GPS
,,,,,,,06/22/2025,3.252375304,GPS
,,,,,,,06/23/2025,3.232375304,GPS
,,,,,,,06/24/2025,3.242375304,GPS
,,,,,,,06/25/2025,3.242375304,GPS
,,,,,,,06/26/2025,3.222375304,GPS
,,,,,,,06/27/2025,3.212375304,GPS
,,,,,,,06/28/2025,3.212375304,GPS
,,,,,,,06/29/2025,3.252375304,GPS
,,,,,,,06/30/2025,3.232375304,GPS
,,,,,,,07/01/2025,3.212375304,GPS
,,,,,,,07/02/2025,3.222375304,GPS
,,,,,,,07/03/2025,3.222375304,GPS
,,,,,,,07/04/2025,3.252375304,GPS
,,,,,,,07/05/2025,3.242375304,GPS
