Date,Critical head + 20 feet,base,Critical head + 50 feet,Critical head,2015 water level scenario,Historical low scenario,Date_S,Measured Subsidence,Source
01/01/1921,0,0,0,0,0,0.72569939,01/01/1924,0,Leveling
02/01/1921,-0.001062047,-0.001062047,-0.001062047,-0.001062047,-0.001062047,0.742836503,01/01/1943,1.17,Leveling
03/01/1921,-0.018244661,-0.018244661,-0.018244661,-0.018244661,-0.018244661,0.755720364,05/17/1948,1.49,Leveling
04/01/1921,-0.013154885,-0.013154885,-0.013154885,-0.013154885,-0.013154885,0.75028823,02/15/1954,3.28,Leveling
05/01/1921,-0.009944898,-0.009944898,-0.009944898,-0.009944898,-0.009944898,0.759271138,05/01/1957,4.04,Leveling
06/01/1921,-0.01355828,-0.01355828,-0.01355828,-0.01355828,-0.01355828,0.767011227,02/12/1959,4.38,Leveling
07/01/1921,-0.007337684,-0.007337684,-0.007337684,-0.007337684,-0.007337684,0.763772222,03/07/1962,5.79,Leveling
08/01/1921,0.008414721,0.008414721,0.008414721,0.008414721,0.008414721,0.763043119,01/18/1970,6.35,Leveling
09/01/1921,0.012983688,0.012983688,0.012983688,0.012983688,0.012983688,0.768584137,02/01/2006,13.76367661,Leveling
10/01/1921,0.028846772,0.028846772,0.028846772,0.028846772,0.028846772,0.766017771,03/01/2006,13.73367661,InSAR
11/01/1921,0.040001346,0.040001346,0.040001346,0.040001346,0.040001346,0.760289453,04/01/2006,13.72367661,InSAR
12/01/1921,0.05828752,0.05828752,0.05828752,0.05828752,0.05828752,0.757781767,05/01/2006,13.74367661,InSAR
01/01/1922,0.067071111,0.067071111,0.067071111,0.067071111,0.067071111,0.755715194,12/01/2006,13.94367661,InSAR
02/01/1922,0.080654849,0.080654849,0.080654849,0.080654849,0.080654849,0.740914446,09/01/2007,14.38367661,InSAR
03/01/1922,0.097410087,0.097410087,0.097410087,0.097410087,0.097410087,0.73330388,10/01/2007,14.41367661,InSAR
04/01/1922,0.113592581,0.113592581,0.113592581,0.113592581,0.113592581,0.724762134,11/01/2007,14.45367661,InSAR
05/01/1922,0.114374048,0.114374048,0.114374048,0.114374048,0.114374048,0.724434592,12/01/2007,14.47367661,InSAR
06/01/1922,0.120875422,0.120875422,0.120875422,0.120875422,0.120875422,0.712348096,01/01/2008,14.49367661,InSAR
07/01/1922,0.127615907,0.127615907,0.127615907,0.127615907,0.127615907,0.712720679,02/01/2008,14.51367661,InSAR
08/01/1922,0.127289243,0.127289243,0.127289243,0.127289243,0.127289243,0.705811241,03/01/2008,14.55367661,InSAR
09/01/1922,0.133214902,0.133214902,0.133214902,0.133214902,0.133214902,0.703596999,04/01/2008,14.60367661,InSAR
10/01/1922,0.138832533,0.138832533,0.138832533,0.138832533,0.138832533,0.696995641,05/01/2008,14.68367661,InSAR
11/01/1922,0.137822272,0.137822272,0.137822272,0.137822272,0.137822272,0.70019546,06/01/2008,14.77367661,InSAR
12/01/1922,0.141279169,0.141279169,0.141279169,0.141279169,0.141279169,0.695278721,07/01/2008,14.87367661,InSAR
01/01/1923,0.146048606,0.146048606,0.146048606,0.146048606,0.146048606,0.693079034,07/01/2009,15.63367661,InSAR
02/01/1923,0.1547809,0.1547809,0.1547809,0.1547809,0.1547809,0.683427096,08/01/2009,15.73367661,InSAR
03/01/1923,0.153300023,0.153300023,0.153300023,0.153300023,0.153300023,0.676531703,09/01/2009,15.80367661,InSAR
04/01/1923,0.156905301,0.156905301,0.156905301,0.156905301,0.156905301,0.692268635,10/01/2009,15.85367661,InSAR
05/01/1923,0.143433227,0.143433227,0.143433227,0.143433227,0.143433227,0.695906077,11/01/2009,15.89367661,InSAR
06/01/1923,0.148925319,0.148925319,0.148925319,0.148925319,0.148925319,0.699963021,12/01/2009,15.93367661,InSAR
07/01/1923,0.148467986,0.148467986,0.148467986,0.148467986,0.148467986,0.708150394,01/01/2010,15.95367661,InSAR
08/01/1923,0.156066524,0.156066524,0.156066524,0.156066524,0.156066524,0.723105213,02/01/2010,15.96367661,InSAR
09/01/1923,0.170084512,0.170084512,0.170084512,0.170084512,0.170084512,0.725986127,03/01/2010,15.99367661,InSAR
10/01/1923,0.172055954,0.172055954,0.172055954,0.172055954,0.172055954,0.730224937,04/01/2010,16.04367661,InSAR
11/01/1923,0.16907601,0.16907601,0.16907601,0.16907601,0.16907601,0.730451671,05/01/2010,16.12367661,InSAR
12/01/1923,0.167617758,0.167617758,0.167617758,0.167617758,0.167617758,0.729738873,06/01/2010,16.20367661,InSAR
01/01/1924,0.175126855,0.175126855,0.175126855,0.175126855,0.175126855,0.731688603,07/01/2010,16.27367661,InSAR
02/01/1924,0.179078462,0.179078462,0.179078462,0.179078462,0.179078462,0.724752131,08/01/2010,16.35367661,InSAR
03/01/1924,0.187045909,0.187045909,0.187045909,0.187045909,0.187045909,0.725981379,07/01/2015,19.34500732,InSAR
04/01/1924,0.18695237,0.18695237,0.18695237,0.18695237,0.18695237,0.737094479,08/01/2015,19.47400732,InSAR
05/01/1924,0.196310207,0.196310207,0.196310207,0.196310207,0.196310207,0.725955023,09/01/2015,19.59600732,InSAR
06/01/1924,0.195346024,0.195346024,0.195346024,0.195346024,0.195346024,0.724882436,10/01/2015,19.70100732,InSAR
07/01/1924,0.200896896,0.200896896,0.200896896,0.200896896,0.200896896,0.720972976,11/01/2015,19.77500732,InSAR
08/01/1924,0.214685608,0.214685608,0.214685608,0.214685608,0.214685608,0.721644159,12/01/2015,19.83100732,InSAR
09/01/1924,0.224878933,0.224878933,0.224878933,0.224878933,0.224878933,0.720456687,01/01/2016,19.86600732,InSAR
10/01/1924,0.233998019,0.233998019,0.233998019,0.233998019,0.233998019,0.713102928,02/01/2016,19.91300732,InSAR
11/01/1924,0.250560083,0.250560083,0.250560083,0.250560083,0.250560083,0.715726895,03/01/2016,19.94000732,InSAR
12/01/1924,0.279350062,0.279350062,0.279350062,0.279350062,0.279350062,0.727775896,04/01/2016,20.01100732,InSAR
01/01/1925,0.302042942,0.302042942,0.302042942,0.302042942,0.302042942,0.734958061,05/01/2016,20.10800732,InSAR
02/01/1925,0.314579157,0.314579157,0.314579157,0.314579157,0.314579157,0.738268501,06/01/2016,20.24600732,InSAR
03/01/1925,0.331267559,0.331267559,0.331267559,0.331267559,0.331267559,0.741969516,07/01/2016,20.38400732,InSAR
04/01/1925,0.35470005,0.35470005,0.35470005,0.35470005,0.35470005,0.74345226,08/01/2016,20.53900732,InSAR
05/01/1925,0.372716539,0.372716539,0.372716539,0.372716539,0.372716539,0.745115951,09/01/2016,20.68500732,InSAR
06/01/1925,0.389385676,0.389385676,0.389385676,0.389385676,0.389385676,0.753611043,10/01/2016,20.78500732,InSAR
07/01/1925,0.402167208,0.402167208,0.402167208,0.402167208,0.402167208,0.755507286,11/01/2016,20.88000732,InSAR
08/01/1925,0.412591327,0.412591327,0.412591327,0.412591327,0.412591327,0.753966129,12/01/2016,20.91800732,InSAR
09/01/1925,0.430201029,0.430201029,0.430201029,0.430201029,0.430201029,0.745609296,01/01/2017,20.93500732,InSAR
10/01/1925,0.438401495,0.438401495,0.438401495,0.438401495,0.438401495,0.746515956,02/01/2017,20.95300732,InSAR
11/01/1925,0.454056434,0.454056434,0.454056434,0.454056434,0.454056434,0.738449469,03/01/2017,20.94700732,InSAR
12/01/1925,0.469784347,0.469784347,0.469784347,0.469784347,0.469784347,0.727341452,04/01/2017,20.95200732,InSAR
01/01/1926,0.492101664,0.492101664,0.492101664,0.492101664,0.492101664,0.730321319,05/01/2017,20.99200732,InSAR
02/01/1926,0.508256256,0.508256256,0.508256256,0.508256256,0.508256256,0.731173019,06/01/2017,21.02800732,InSAR
03/01/1926,0.519192285,0.519192285,0.519192285,0.519192285,0.519192285,0.726323288,07/01/2017,21.08800732,InSAR
04/01/1926,0.534178784,0.534178784,0.534178784,0.534178784,0.534178784,0.712485456,08/01/2017,21.17000732,InSAR
05/01/1926,0.537156355,0.537156355,0.537156355,0.537156355,0.537156355,0.722134234,09/01/2017,21.23200732,InSAR
06/01/1926,0.545982311,0.545982311,0.545982311,0.545982311,0.545982311,0.720469858,10/01/2017,21.26400732,InSAR
07/01/1926,0.545029524,0.545029524,0.545029524,0.545029524,0.545029524,0.72781218,11/01/2017,21.30800732,InSAR
08/01/1926,0.552984064,0.552984064,0.552984064,0.552984064,0.552984064,0.733268984,12/01/2017,21.31000732,InSAR
09/01/1926,0.55882226,0.55882226,0.55882226,0.55882226,0.55882226,0.730035757,01/01/2018,21.31500732,InSAR
10/01/1926,0.570964537,0.570964537,0.570964537,0.570964537,0.570964537,0.742961121,02/01/2018,21.33300732,InSAR
11/01/1926,0.583601199,0.583601199,0.583601199,0.583601199,0.583601199,0.740943282,03/01/2018,21.35400732,InSAR
12/01/1926,0.608349777,0.608349777,0.608349777,0.608349777,0.608349777,0.743380986,04/01/2018,21.43100732,InSAR
01/01/1927,0.626534553,0.626534553,0.626534553,0.626534553,0.626534553,0.734353514,05/01/2018,21.51800732,InSAR
02/01/1927,0.647970808,0.647970808,0.647970808,0.647970808,0.647970808,0.733417315,06/01/2018,21.60000732,InSAR
03/01/1927,0.663991026,0.663991026,0.663991026,0.663991026,0.663991026,0.736642685,07/01/2018,21.71200732,InSAR
04/01/1927,0.683185311,0.683185311,0.683185311,0.683185311,0.683185311,0.731969686,08/01/2018,21.84700732,InSAR
05/01/1927,0.718061435,0.718061435,0.718061435,0.718061435,0.718061435,0.732793435,09/01/2018,21.95200732,InSAR
06/01/1927,0.745561019,0.745561019,0.745561019,0.745561019,0.745561019,0.733376193,10/01/2018,22.04800732,InSAR
07/01/1927,0.772834808,0.772834808,0.772834808,0.772834808,0.772834808,0.746182756,11/01/2018,22.10600732,InSAR
08/01/1927,0.796496922,0.796496922,0.796496922,0.796496922,0.796496922,0.747985831,12/01/2018,22.12600732,InSAR
09/01/1927,0.812491955,0.812491955,0.812491955,0.812491955,0.812491955,0.764325393,01/01/2019,22.13000732,InSAR
10/01/1927,0.822779254,0.822779254,0.822779254,0.822779254,0.822779254,0.772377816,02/01/2019,22.12600732,InSAR
11/01/1927,0.85059296,0.85059296,0.85059296,0.85059296,0.85059296,0.780024983,03/01/2019,22.12200732,InSAR
12/01/1927,0.860478829,0.860478829,0.860478829,0.860478829,0.860478829,0.781211534,03/27/2019,22.08,Leveling
01/01/1928,0.871982371,0.871982371,0.871982371,0.871982371,0.871982371,0.768537165,04/01/2019,22.15100732,InSAR
02/01/1928,0.88941605,0.88941605,0.88941605,0.88941605,0.88941605,0.768145253,05/01/2019,22.16100732,InSAR
03/01/1928,0.894868121,0.894868121,0.894868121,0.894868121,0.894868121,0.764000472,06/01/2019,22.20100732,InSAR
04/01/1928,0.913069961,0.913069961,0.913069961,0.913069961,0.913069961,0.765928809,07/01/2019,22.27200732,InSAR
05/01/1928,0.92521748,0.92521748,0.92521748,0.92521748,0.92521748,0.767509276,07/02/2019,22.24,Leveling
06/01/1928,0.932831958,0.932831958,0.932831958,0.932831958,0.932831958,0.768139279,08/01/2019,22.33900732,InSAR
07/01/1928,0.940180488,0.940180488,0.940180488,0.940180488,0.940180488,0.773677772,09/01/2019,22.40100732,InSAR
08/01/1928,0.946432009,0.946432009,0.946432009,0.946432009,0.946432009,0.775751972,10/01/2019,22.45000732,InSAR
09/01/1928,0.966672268,0.966672268,0.966672268,0.966672268,0.966672268,0.765567294,11/01/2019,22.46300732,InSAR
10/01/1928,0.972338534,0.972338534,0.972338534,0.972338534,0.972338534,0.776858686,12/01/2019,22.45500732,InSAR
11/01/1928,0.982696238,0.982696238,0.982696238,0.982696238,0.982696238,0.779254899,01/01/2020,22.46100732,InSAR
12/01/1928,0.987293756,0.987293756,0.987293756,0.987293756,0.987293756,0.777937038,02/01/2020,22.45700732,InSAR
01/01/1929,1.00495077,1.00495077,1.00495077,1.00495077,1.00495077,0.770207894,03/01/2020,22.46700732,InSAR
02/01/1929,1.02085791,1.02085791,1.02085791,1.02085791,1.02085791,0.773372656,04/01/2020,22.50900732,InSAR
03/01/1929,1.03571363,1.03571363,1.03571363,1.03571363,1.03571363,0.774235686,05/01/2020,22.56900732,InSAR
04/01/1929,1.045333915,1.045333915,1.045333915,1.045333915,1.045333915,0.787130931,06/01/2020,22.66900732,InSAR
05/01/1929,1.051907855,1.051907855,1.051907855,1.051907855,1.051907855,0.833534625,07/01/2020,22.78100732,InSAR
06/01/1929,1.064344408,1.064344408,1.064344408,1.064344408,1.064344408,0.83091693,08/01/2020,22.90500732,InSAR
07/01/1929,1.070670731,1.070670731,1.070670731,1.070670731,1.070670731,0.818514569,09/01/2020,23.00600732,InSAR
08/01/1929,1.076013015,1.076013015,1.076013015,1.076013015,1.076013015,0.81874069,10/01/2020,23.05700732,InSAR
09/01/1929,1.080146476,1.080146476,1.080146476,1.080146476,1.080146476,0.803651116,11/01/2020,23.09600732,InSAR
10/01/1929,1.084305651,1.084305651,1.084305651,1.084305651,1.084305651,0.815288274,11/18/2020,23.09,Leveling
11/01/1929,1.093453182,1.093453182,1.093453182,1.093453182,1.093453182,0.815998662,12/01/2020,23.10700732,InSAR
12/01/1929,1.09929805,1.09929805,1.09929805,1.09929805,1.09929805,0.814343508,01/01/2021,23.11700732,InSAR
01/01/1930,1.102982495,1.102982495,1.102982495,1.102982495,1.102982495,0.812358035,02/01/2021,23.13100732,InSAR
02/01/1930,1.117515436,1.117515436,1.117515436,1.117515436,1.117515436,0.800702998,03/01/2021,23.15600732,InSAR
03/01/1930,1.11981256,1.11981256,1.11981256,1.11981256,1.11981256,0.812004863,04/01/2021,23.19700732,InSAR
04/01/1930,1.13068364,1.13068364,1.13068364,1.13068364,1.13068364,0.816595849,05/01/2021,23.25800732,InSAR
05/01/1930,1.139823364,1.139823364,1.139823364,1.139823364,1.139823364,0.811836376,06/01/2021,23.36300732,InSAR
06/01/1930,1.156304943,1.156304943,1.156304943,1.156304943,1.156304943,0.818067257,07/01/2021,23.47300732,InSAR
07/01/1930,1.180743429,1.180743429,1.180743429,1.180743429,1.180743429,0.824010572,08/01/2021,23.60600732,InSAR
08/01/1930,1.177276948,1.177276948,1.177276948,1.177276948,1.177276948,0.815855329,09/01/2021,23.70300732,InSAR
09/01/1930,1.191554269,1.191554269,1.191554269,1.191554269,1.191554269,0.817624679,10/01/2021,23.77200732,InSAR
10/01/1930,1.207047534,1.207047534,1.207047534,1.207047534,1.207047534,0.815250658,11/01/2021,23.81400732,InSAR
11/01/1930,1.216215495,1.216215495,1.216215495,1.216215495,1.216215495,0.813354202,11/22/2021,23.83,Leveling
12/01/1930,1.220126927,1.220126927,1.220126927,1.220126927,1.220126927,0.81143627,12/01/2021,23.83200732,InSAR
01/01/1931,1.224502542,1.224502542,1.224502542,1.224502542,1.224502542,0.7949767,01/01/2022,23.84600732,InSAR
02/01/1931,1.233073048,1.233073048,1.233073048,1.233073048,1.233073048,0.796320356,02/01/2022,23.87400732,InSAR
03/01/1931,1.236170372,1.236170372,1.236170372,1.236170372,1.236170372,0.789788558,03/01/2022,23.90100732,InSAR
04/01/1931,1.251836434,1.251836434,1.251836434,1.251836434,1.251836434,0.789371556,04/01/2022,23.94300732,InSAR
05/01/1931,1.265576549,1.265576549,1.265576549,1.265576549,1.265576549,0.788883051,05/01/2022,24.04600732,InSAR
06/01/1931,1.269398791,1.269398791,1.269398791,1.269398791,1.269398791,0.784136428,06/01/2022,24.15100732,InSAR
07/01/1931,1.272477673,1.272477673,1.272477673,1.272477673,1.272477673,0.789562163,07/01/2022,24.29900732,InSAR
08/01/1931,1.271940552,1.271940552,1.271940552,1.271940552,1.271940552,0.794323805,08/01/2022,24.42700732,InSAR
09/01/1931,1.268581345,1.268581345,1.268581345,1.268581345,1.268581345,0.795473064,09/01/2022,24.50600732,InSAR
10/01/1931,1.261389346,1.261389346,1.261389346,1.261389346,1.261389346,0.80506509,10/01/2022,24.57200732,InSAR
11/01/1931,1.261752274,1.261752274,1.261752274,1.261752274,1.261752274,0.808399304,11/01/2022,24.62100732,InSAR
12/01/1931,1.267414147,1.267414147,1.267414147,1.267414147,1.267414147,0.80101213,12/01/2022,24.65700732,InSAR
01/01/1932,1.276132258,1.276132258,1.276132258,1.276132258,1.276132258,0.806735611,01/01/2023,24.67200732,InSAR
02/01/1932,1.273336631,1.273336631,1.273336631,1.273336631,1.273336631,0.820057078,02/01/2023,24.66300732,InSAR
03/01/1932,1.269360106,1.269360106,1.269360106,1.269360106,1.269360106,0.82717707,03/01/2023,24.66900732,InSAR
04/01/1932,1.270124016,1.270124016,1.270124016,1.270124016,1.270124016,0.820050342,04/01/2023,24.71800732,InSAR
05/01/1932,1.275897343,1.275897343,1.275897343,1.275897343,1.275897343,0.82607205,05/01/2023,24.66400732,InSAR
06/01/1932,1.282885504,1.282885504,1.282885504,1.282885504,1.282885504,0.827669033,06/01/2023,24.70000732,InSAR
07/01/1932,1.286320255,1.286320255,1.286320255,1.286320255,1.286320255,0.832414453,07/01/2023,24.74100732,InSAR
08/01/1932,1.293584551,1.293584551,1.293584551,1.293584551,1.293584551,0.828856283,08/01/2023,24.79500732,InSAR
09/01/1932,1.298865333,1.298865333,1.298865333,1.298865333,1.298865333,0.827433608,09/01/2023,24.79900732,InSAR
10/01/1932,1.313620705,1.313620705,1.313620705,1.313620705,1.313620705,0.830462197,10/01/2023,24.81500732,InSAR
11/01/1932,1.315264789,1.315264789,1.315264789,1.315264789,1.315264789,0.833683559,11/01/2023,24.83100732,InSAR
12/01/1932,1.331345934,1.331345934,1.331345934,1.331345934,1.331345934,0.833756303,12/01/2023,24.79200732,InSAR
01/01/1933,1.340379509,1.340379509,1.340379509,1.340379509,1.340379509,0.839287153,01/01/2024,24.76400732,InSAR
02/01/1933,1.353976394,1.353976394,1.353976394,1.353976394,1.353976394,0.865864951,02/01/2024,24.79800732,InSAR
03/01/1933,1.356385746,1.356385746,1.356385746,1.356385746,1.356385746,0.901635799,03/01/2024,24.82500732,InSAR
04/01/1933,1.367040283,1.367040283,1.367040283,1.367040283,1.367040283,0.948894409,04/01/2024,24.84700732,InSAR
05/01/1933,1.380795158,1.380795158,1.380795158,1.380795158,1.380795158,0.944181751,05/01/2024,24.88300732,InSAR
06/01/1933,1.382249786,1.382249786,1.382249786,1.382249786,1.382249786,0.941752148,06/01/2024,24.95200732,InSAR
07/01/1933,1.387278839,1.387278839,1.387278839,1.387278839,1.387278839,0.941677807,07/01/2024,25.02600732,InSAR
08/01/1933,1.392485416,1.392485416,1.392485416,1.392485416,1.392485416,0.937865296,08/01/2024,25.07000732,InSAR
09/01/1933,1.399099201,1.399099201,1.399099201,1.399099201,1.399099201,0.937966485,09/01/2024,25.09600732,InSAR
10/01/1933,1.415082878,1.415082878,1.415082878,1.415082878,1.415082878,0.940265706,10/01/2024,25.11900732,InSAR
11/01/1933,1.421488685,1.421488685,1.421488685,1.421488685,1.421488685,0.961961714,11/01/2024,25.14600732,InSAR
12/01/1933,1.41995777,1.41995777,1.41995777,1.41995777,1.41995777,0.961588382,12/01/2024,25.15900732,InSAR
01/01/1934,1.427405182,1.427405182,1.427405182,1.427405182,1.427405182,0.963978549,01/01/2025,25.19700732,InSAR
02/01/1934,1.437338911,1.437338911,1.437338911,1.437338911,1.437338911,0.963625211,02/01/2025,25.22000732,InSAR
03/01/1934,1.441270193,1.441270193,1.441270193,1.441270193,1.441270193,0.963464818,03/01/2025,25.24100732,InSAR
04/01/1934,1.439065887,1.439065887,1.439065887,1.439065887,1.439065887,0.964588558,04/01/2025,25.28100732,InSAR
05/01/1934,1.433484915,1.433484915,1.433484915,1.433484915,1.433484915,0.963810254,,,
06/01/1934,1.436683097,1.436683097,1.436683097,1.436683097,1.436683097,0.96189945,,,
07/01/1934,1.435469807,1.435469807,1.435469807,1.435469807,1.435469807,0.947938446,,,
08/01/1934,1.431087469,1.431087469,1.431087469,1.431087469,1.431087469,0.946780139,,,
09/01/1934,1.429132803,1.429132803,1.429132803,1.429132803,1.429132803,0.935318712,,,
10/01/1934,1.424027368,1.424027368,1.424027368,1.424027368,1.424027368,0.929401688,,,
11/01/1934,1.419017694,1.419017694,1.419017694,1.419017694,1.419017694,0.912773214,,,
12/01/1934,1.405937618,1.405937618,1.405937618,1.405937618,1.405937618,0.909161221,,,
01/01/1935,1.400801157,1.400801157,1.400801157,1.400801157,1.400801157,0.908570873,,,
02/01/1935,1.395882001,1.395882001,1.395882001,1.395882001,1.395882001,0.912886501,,,
03/01/1935,1.385435254,1.385435254,1.385435254,1.385435254,1.385435254,0.909031333,,,
04/01/1935,1.388163881,1.388163881,1.388163881,1.388163881,1.388163881,0.904761196,,,
05/01/1935,1.385404005,1.385404005,1.385404005,1.385404005,1.385404005,0.909160058,,,
06/01/1935,1.374926801,1.374926801,1.374926801,1.374926801,1.374926801,0.903076023,,,
07/01/1935,1.373111705,1.373111705,1.373111705,1.373111705,1.373111705,0.900135149,,,
08/01/1935,1.369852382,1.369852382,1.369852382,1.369852382,1.369852382,0.912339821,,,
09/01/1935,1.361282237,1.361282237,1.361282237,1.361282237,1.361282237,0.909870591,,,
10/01/1935,1.360531495,1.360531495,1.360531495,1.360531495,1.360531495,0.911377011,,,
11/01/1935,1.352126093,1.352126093,1.352126093,1.352126093,1.352126093,0.902240586,,,
12/01/1935,1.340685751,1.340685751,1.340685751,1.340685751,1.340685751,0.895861182,,,
01/01/1936,1.343095912,1.343095912,1.343095912,1.343095912,1.343095912,0.905445471,,,
02/01/1936,1.349080102,1.349080102,1.349080102,1.349080102,1.349080102,0.897094715,,,
03/01/1936,1.349783166,1.349783166,1.349783166,1.349783166,1.349783166,0.899630885,,,
04/01/1936,1.348514155,1.348514155,1.348514155,1.348514155,1.348514155,0.892089639,,,
05/01/1936,1.347935821,1.347935821,1.347935821,1.347935821,1.347935821,0.891140259,,,
06/01/1936,1.351043961,1.351043961,1.351043961,1.351043961,1.351043961,0.898694316,,,
07/01/1936,1.348394005,1.348394005,1.348394005,1.348394005,1.348394005,0.911934543,,,
08/01/1936,1.357768117,1.357768117,1.357768117,1.357768117,1.357768117,0.915541535,,,
09/01/1936,1.362888071,1.362888071,1.362888071,1.362888071,1.362888071,0.919045442,,,
10/01/1936,1.376212668,1.376212668,1.376212668,1.376212668,1.376212668,0.92567716,,,
11/01/1936,1.381605004,1.381605004,1.381605004,1.381605004,1.381605004,0.928080061,,,
12/01/1936,1.378286339,1.378286339,1.378286339,1.378286339,1.378286339,0.918043144,,,
01/01/1937,1.385821888,1.385821888,1.385821888,1.385821888,1.385821888,0.92731101,,,
02/01/1937,1.392496549,1.392496549,1.392496549,1.392496549,1.392496549,0.938558612,,,
03/01/1937,1.398233746,1.398233746,1.398233746,1.398233746,1.398233746,0.93349564,,,
04/01/1937,1.407824776,1.407824776,1.407824776,1.407824776,1.407824776,0.928958549,,,
05/01/1937,1.415772309,1.415772309,1.415772309,1.415772309,1.415772309,0.923931356,,,
06/01/1937,1.431141988,1.431141988,1.431141988,1.431141988,1.431141988,0.919032101,,,
07/01/1937,1.443851973,1.443851973,1.443851973,1.443851973,1.443851973,0.91732149,,,
08/01/1937,1.456789928,1.456789928,1.456789928,1.456789928,1.456789928,0.927797098,,,
09/01/1937,1.468048733,1.468048733,1.468048733,1.468048733,1.468048733,0.926191637,,,
10/01/1937,1.479135367,1.479135367,1.479135367,1.479135367,1.479135367,0.929326754,,,
11/01/1937,1.481933303,1.481933303,1.481933303,1.481933303,1.481933303,0.934460546,,,
12/01/1937,1.484908428,1.484908428,1.484908428,1.484908428,1.484908428,0.93546855,,,
01/01/1938,1.483166303,1.483166303,1.483166303,1.483166303,1.483166303,0.939114816,,,
02/01/1938,1.478568404,1.478568404,1.478568404,1.478568404,1.478568404,0.936950646,,,
03/01/1938,1.470659842,1.470659842,1.470659842,1.470659842,1.470659842,0.933064857,,,
04/01/1938,1.463733188,1.463733188,1.463733188,1.463733188,1.463733188,0.928762372,,,
05/01/1938,1.457505749,1.457505749,1.457505749,1.457505749,1.457505749,0.928947099,,,
06/01/1938,1.450359689,1.450359689,1.450359689,1.450359689,1.450359689,0.920966277,,,
07/01/1938,1.457981058,1.457981058,1.457981058,1.457981058,1.457981058,0.91759373,,,
08/01/1938,1.46418106,1.46418106,1.46418106,1.46418106,1.46418106,0.919136499,,,
09/01/1938,1.468129593,1.468129593,1.468129593,1.468129593,1.468129593,0.916262457,,,
10/01/1938,1.479999737,1.479999737,1.479999737,1.479999737,1.479999737,0.909372816,,,
11/01/1938,1.483278381,1.483278381,1.483278381,1.483278381,1.483278381,0.910688721,,,
12/01/1938,1.484455325,1.484455325,1.484455325,1.484455325,1.484455325,0.912721675,,,
01/01/1939,1.48690081,1.48690081,1.48690081,1.48690081,1.48690081,0.914987076,,,
02/01/1939,1.484229475,1.484229475,1.484229475,1.484229475,1.484229475,0.928594511,,,
03/01/1939,1.481236657,1.481236657,1.481236657,1.481236657,1.481236657,0.935902606,,,
04/01/1939,1.483335814,1.483335814,1.483335814,1.483335814,1.483335814,0.942054052,,,
05/01/1939,1.481732992,1.481732992,1.481732992,1.481732992,1.481732992,0.941112802,,,
06/01/1939,1.483118414,1.483118414,1.483118414,1.483118414,1.483118414,0.944788589,,,
07/01/1939,1.484631889,1.484631889,1.484631889,1.484631889,1.484631889,0.946887372,,,
08/01/1939,1.486177979,1.486177979,1.486177979,1.486177979,1.486177979,0.945414836,,,
09/01/1939,1.481819274,1.481819274,1.481819274,1.481819274,1.481819274,0.951179666,,,
10/01/1939,1.475736896,1.475736896,1.475736896,1.475736896,1.475736896,0.947700519,,,
11/01/1939,1.472185554,1.472185554,1.472185554,1.472185554,1.472185554,0.95818281,,,
12/01/1939,1.471789746,1.471789746,1.471789746,1.471789746,1.471789746,0.971560964,,,
01/01/1940,1.46820386,1.46820386,1.46820386,1.46820386,1.46820386,0.985231802,,,
02/01/1940,1.470910844,1.470910844,1.470910844,1.470910844,1.470910844,0.98555064,,,
03/01/1940,1.465725935,1.465725935,1.465725935,1.465725935,1.465725935,0.981381844,,,
04/01/1940,1.457815815,1.457815815,1.457815815,1.457815815,1.457815815,0.980965137,,,
05/01/1940,1.45744488,1.45744488,1.45744488,1.45744488,1.45744488,0.974138018,,,
06/01/1940,1.46349734,1.46349734,1.46349734,1.46349734,1.46349734,0.974372623,,,
07/01/1940,1.45972318,1.45972318,1.45972318,1.45972318,1.45972318,0.979944973,,,
08/01/1940,1.460183301,1.460183301,1.460183301,1.460183301,1.460183301,0.99074816,,,
09/01/1940,1.457580861,1.457580861,1.457580861,1.457580861,1.457580861,0.994019302,,,
10/01/1940,1.451131431,1.451131431,1.451131431,1.451131431,1.451131431,0.989590207,,,
11/01/1940,1.450625097,1.450625097,1.450625097,1.450625097,1.450625097,0.979002211,,,
12/01/1940,1.451195906,1.451195906,1.451195906,1.451195906,1.451195906,0.973050423,,,
01/01/1941,1.441610012,1.441610012,1.441610012,1.441610012,1.441610012,0.969639265,,,
02/01/1941,1.439615747,1.439615747,1.439615747,1.439615747,1.439615747,0.969266456,,,
03/01/1941,1.435249248,1.435249248,1.435249248,1.435249248,1.435249248,0.962105683,,,
04/01/1941,1.434315906,1.434315906,1.434315906,1.434315906,1.434315906,0.952133968,,,
05/01/1941,1.423010237,1.423010237,1.423010237,1.423010237,1.423010237,0.94672275,,,
06/01/1941,1.421360699,1.421360699,1.421360699,1.421360699,1.421360699,0.943138321,,,
07/01/1941,1.422167419,1.422167419,1.422167419,1.422167419,1.422167419,0.95160455,,,
08/01/1941,1.419695693,1.419695693,1.419695693,1.419695693,1.419695693,0.952459484,,,
09/01/1941,1.425779714,1.425779714,1.425779714,1.425779714,1.425779714,0.952878001,,,
10/01/1941,1.425335436,1.425335436,1.425335436,1.425335436,1.425335436,0.957890719,,,
11/01/1941,1.428256189,1.428256189,1.428256189,1.428256189,1.428256189,0.949876738,,,
12/01/1941,1.426853154,1.426853154,1.426853154,1.426853154,1.426853154,0.945209378,,,
01/01/1942,1.429262937,1.429262937,1.429262937,1.429262937,1.429262937,0.944260256,,,
02/01/1942,1.425807759,1.425807759,1.425807759,1.425807759,1.425807759,0.956294116,,,
03/01/1942,1.41619612,1.41619612,1.41619612,1.41619612,1.41619612,0.96077398,,,
04/01/1942,1.414518427,1.414518427,1.414518427,1.414518427,1.414518427,0.968510447,,,
05/01/1942,1.409704971,1.409704971,1.409704971,1.409704971,1.409704971,0.979522891,,,
06/01/1942,1.413933502,1.413933502,1.413933502,1.413933502,1.413933502,0.978434846,,,
07/01/1942,1.40810408,1.40810408,1.40810408,1.40810408,1.40810408,0.964759677,,,
08/01/1942,1.404465916,1.404465916,1.404465916,1.404465916,1.404465916,0.962010685,,,
09/01/1942,1.399223659,1.399223659,1.399223659,1.399223659,1.399223659,0.960170071,,,
10/01/1942,1.391734505,1.391734505,1.391734505,1.391734505,1.391734505,0.958395424,,,
11/01/1942,1.391464542,1.391464542,1.391464542,1.391464542,1.391464542,0.944624001,,,
12/01/1942,1.390624567,1.390624567,1.390624567,1.390624567,1.390624567,0.937061709,,,
01/01/1943,1.389775414,1.389775414,1.389775414,1.389775414,1.389775414,0.943924115,,,
02/01/1943,1.378885902,1.378885902,1.378885902,1.378885902,1.378885902,0.934563128,,,
03/01/1943,1.369957738,1.369957738,1.369957738,1.369957738,1.369957738,0.928492471,,,
04/01/1943,1.368921081,1.368921081,1.368921081,1.368921081,1.368921081,0.923917064,,,
05/01/1943,1.359772378,1.359772378,1.359772378,1.359772378,1.359772378,0.914784516,,,
06/01/1943,1.357003116,1.357003116,1.357003116,1.357003116,1.357003116,0.911709243,,,
07/01/1943,1.360585715,1.360585715,1.360585715,1.360585715,1.360585715,0.913776213,,,
08/01/1943,1.351686898,1.351686898,1.351686898,1.351686898,1.351686898,0.91535978,,,
09/01/1943,1.351865266,1.351865266,1.351865266,1.351865266,1.351865266,0.9257373,,,
10/01/1943,1.344499831,1.344499831,1.344499831,1.344499831,1.344499831,0.934586109,,,
11/01/1943,1.3531917,1.3531917,1.3531917,1.3531917,1.3531917,0.931223981,,,
12/01/1943,1.361557309,1.361557309,1.361557309,1.361557309,1.361557309,0.937483517,,,
01/01/1944,1.357818635,1.357818635,1.357818635,1.357818635,1.357818635,0.939906086,,,
02/01/1944,1.362376462,1.362376462,1.362376462,1.362376462,1.362376462,0.948197021,,,
03/01/1944,1.365989315,1.365989315,1.365989315,1.365989315,1.365989315,0.937708646,,,
04/01/1944,1.380122359,1.380122359,1.380122359,1.380122359,1.380122359,0.951800413,,,
05/01/1944,1.390255344,1.390255344,1.390255344,1.390255344,1.390255344,0.954938383,,,
06/01/1944,1.403973377,1.403973377,1.403973377,1.403973377,1.403973377,0.948068648,,,
07/01/1944,1.407464786,1.407464786,1.407464786,1.407464786,1.407464786,0.947331412,,,
08/01/1944,1.41273412,1.41273412,1.41273412,1.41273412,1.41273412,0.950180255,,,
09/01/1944,1.414634087,1.414634087,1.414634087,1.414634087,1.414634087,0.954537344,,,
10/01/1944,1.421305011,1.421305011,1.421305011,1.421305011,1.421305011,0.956991766,,,
11/01/1944,1.438223082,1.438223082,1.438223082,1.438223082,1.438223082,0.976202715,,,
12/01/1944,1.435561073,1.435561073,1.435561073,1.435561073,1.435561073,0.983207048,,,
01/01/1945,1.44086188,1.44086188,1.44086188,1.44086188,1.44086188,0.980600361,,,
02/01/1945,1.45191183,1.45191183,1.45191183,1.45191183,1.45191183,0.979210411,,,
03/01/1945,1.460055477,1.460055477,1.460055477,1.460055477,1.460055477,0.980723085,,,
04/01/1945,1.467556126,1.467556126,1.467556126,1.467556126,1.467556126,0.991915583,,,
05/01/1945,1.472091573,1.472091573,1.472091573,1.472091573,1.472091573,1.007407322,,,
06/01/1945,1.484609248,1.484609248,1.484609248,1.484609248,1.484609248,1.002226104,,,
07/01/1945,1.498275578,1.498275578,1.498275578,1.498275578,1.498275578,1.003081201,,,
08/01/1945,1.504350895,1.504350895,1.504350895,1.504350895,1.504350895,1.003162462,,,
09/01/1945,1.505632767,1.505632767,1.505632767,1.505632767,1.505632767,1.008294577,,,
10/01/1945,1.508785351,1.508785351,1.508785351,1.508785351,1.508785351,1.007288283,,,
11/01/1945,1.526078957,1.526078957,1.526078957,1.526078957,1.526078957,1.007729259,,,
12/01/1945,1.530195882,1.530195882,1.530195882,1.530195882,1.530195882,1.007839044,,,
01/01/1946,1.530273221,1.530273221,1.530273221,1.530273221,1.530273221,1.013586364,,,
02/01/1946,1.531859539,1.531859539,1.531859539,1.531859539,1.531859539,1.018878329,,,
03/01/1946,1.530464696,1.530464696,1.530464696,1.530464696,1.530464696,1.021555583,,,
04/01/1946,1.535505708,1.535505708,1.535505708,1.535505708,1.535505708,1.027291363,,,
05/01/1946,1.540130362,1.540130362,1.540130362,1.540130362,1.540130362,1.031534055,,,
06/01/1946,1.546756979,1.546756979,1.546756979,1.546756979,1.546756979,1.036454093,,,
07/01/1946,1.545155123,1.545155123,1.545155123,1.545155123,1.545155123,1.034944628,,,
08/01/1946,1.54500178,1.54500178,1.54500178,1.54500178,1.54500178,1.044560139,,,
09/01/1946,1.549433128,1.549433128,1.549433128,1.549433128,1.549433128,1.041474694,,,
10/01/1946,1.557092044,1.557092044,1.557092044,1.557092044,1.557092044,1.041212832,,,
11/01/1946,1.574527494,1.574527494,1.574527494,1.574527494,1.574527494,1.051284399,,,
12/01/1946,1.579274314,1.579274314,1.579274314,1.579274314,1.579274314,1.080389421,,,
01/01/1947,1.586431089,1.586431089,1.586431089,1.586431089,1.586431089,1.176288348,,,
02/01/1947,1.592590076,1.592590076,1.592590076,1.592590076,1.592590076,1.33591255,,,
03/01/1947,1.597113204,1.597113204,1.597113204,1.597113204,1.597113204,1.368301779,,,
04/01/1947,1.595189827,1.595189827,1.595189827,1.595189827,1.595189827,1.409221448,,,
05/01/1947,1.591737056,1.591737056,1.591737056,1.591737056,1.591737056,1.448859181,,,
06/01/1947,1.594342554,1.594342554,1.594342554,1.594342554,1.594342554,1.48099991,,,
07/01/1947,1.604259675,1.604259675,1.604259675,1.604259675,1.604259675,1.512815952,,,
08/01/1947,1.61292688,1.61292688,1.61292688,1.61292688,1.61292688,1.578360498,,,
09/01/1947,1.625810827,1.625810827,1.625810827,1.625810827,1.625810827,1.748531699,,,
10/01/1947,1.63594217,1.63594217,1.63594217,1.63594217,1.63594217,1.754567543,,,
11/01/1947,1.642895992,1.642895992,1.642895992,1.642895992,1.642895992,1.759227592,,,
12/01/1947,1.633639351,1.633639351,1.633639351,1.633639351,1.633639351,1.772422773,,,
01/01/1948,1.640023912,1.640023912,1.640023912,1.640023912,1.640023912,1.782755343,,,
02/01/1948,1.644727116,1.644727116,1.644727116,1.644727116,1.644727116,1.823962016,,,
03/01/1948,1.642590813,1.642590813,1.642590813,1.642590813,1.642590813,1.965674884,,,
04/01/1948,1.647530252,1.647530252,1.647530252,1.647530252,1.647530252,1.98535113,,,
05/01/1948,1.64839742,1.64839742,1.64839742,1.64839742,1.64839742,2.021645283,,,
06/01/1948,1.638171878,1.638171878,1.638171878,1.638171878,1.638171878,2.041959032,,,
07/01/1948,1.637252519,1.637252519,1.637252519,1.637252519,1.637252519,2.063263319,,,
08/01/1948,1.636171654,1.636171654,1.636171654,1.636171654,1.636171654,2.072524621,,,
09/01/1948,1.642428092,1.642428092,1.642428092,1.642428092,1.642428092,2.076484723,,,
10/01/1948,1.647562716,1.647562716,1.647562716,1.647562716,1.647562716,2.129512256,,,
11/01/1948,1.657376577,1.657376577,1.657376577,1.657376577,1.657376577,2.138708532,,,
12/01/1948,1.663709445,1.663709445,1.663709445,1.663709445,1.663709445,2.187900844,,,
01/01/1949,1.680738357,1.680738357,1.680738357,1.680738357,1.680738357,2.221535744,,,
02/01/1949,1.696013831,1.696013831,1.696013831,1.696013831,1.696013831,2.246018978,,,
03/01/1949,1.711495322,1.711495322,1.711495322,1.711495322,1.711495322,2.256254877,,,
04/01/1949,1.720126518,1.720126518,1.720126518,1.720126518,1.720126518,2.278744096,,,
05/01/1949,1.73112638,1.73112638,1.73112638,1.73112638,1.73112638,2.287880257,,,
06/01/1949,1.741963542,1.741963542,1.741963542,1.741963542,1.741963542,2.299009433,,,
07/01/1949,1.75222489,1.75222489,1.75222489,1.75222489,1.75222489,2.318943519,,,
08/01/1949,1.752463325,1.752463325,1.752463325,1.752463325,1.752463325,2.358267656,,,
09/01/1949,1.758979119,1.758979119,1.758979119,1.758979119,1.758979119,2.409647017,,,
10/01/1949,1.763944463,1.763944463,1.763944463,1.763944463,1.763944463,2.461549497,,,
11/01/1949,1.769665272,1.769665272,1.769665272,1.769665272,1.769665272,2.553048156,,,
12/01/1949,1.781044557,1.781044557,1.781044557,1.781044557,1.781044557,2.59734412,,,
01/01/1950,1.794411036,1.794411036,1.794411036,1.794411036,1.794411036,2.677450444,,,
02/01/1950,1.802490258,1.802490258,1.802490258,1.802490258,1.802490258,2.724992717,,,
03/01/1950,1.809870255,1.809870255,1.809870255,1.809870255,1.809870255,2.771147462,,,
04/01/1950,1.812561374,1.812561374,1.812561374,1.812561374,1.812561374,2.834041482,,,
05/01/1950,1.822855346,1.822855346,1.822855346,1.822855346,1.822855346,2.91720547,,,
06/01/1950,1.829806057,1.829806057,1.829806057,1.829806057,1.829806057,2.968639451,,,
07/01/1950,1.838159104,1.838159104,1.838159104,1.838159104,1.838159104,3.073622309,,,
08/01/1950,1.843285047,1.843285047,1.843285047,1.843285047,1.843285047,3.241786432,,,
09/01/1950,1.854425072,1.854425072,1.854425072,1.854425072,1.854425072,3.454844341,,,
10/01/1950,1.863962911,1.863962911,1.863962911,1.863962911,1.863962911,3.571189021,,,
11/01/1950,1.877422852,1.877422852,1.877422852,1.877422852,1.877422852,3.663732072,,,
12/01/1950,1.889320079,1.889320079,1.889320079,1.889320079,1.889320079,3.734244873,,,
01/01/1951,1.904105953,1.904105953,1.904105953,1.904105953,1.904105953,3.784814493,,,
02/01/1951,1.913781528,1.913781528,1.913781528,1.913781528,1.913781528,3.825744891,,,
03/01/1951,1.930758923,1.930758923,1.930758923,1.930758923,1.930758923,3.886891978,,,
04/01/1951,1.940172992,1.940172992,1.940172992,1.940172992,1.940172992,3.899039094,,,
05/01/1951,1.950411806,1.950411806,1.950411806,1.950411806,1.950411806,3.917711726,,,
06/01/1951,1.959120213,1.959120213,1.959120213,1.959120213,1.959120213,3.941634514,,,
07/01/1951,1.971464688,1.971464688,1.971464688,1.971464688,1.971464688,3.958138611,,,
08/01/1951,1.98463217,1.98463217,1.98463217,1.98463217,1.98463217,3.967547297,,,
09/01/1951,2.001507742,2.001507742,2.001507742,2.001507742,2.001507742,4.050759045,,,
10/01/1951,2.039274312,2.039274312,2.039274312,2.039274312,2.039274312,4.165768164,,,
11/01/1951,2.057095543,2.057095543,2.057095543,2.057095543,2.057095543,4.219273295,,,
12/01/1951,2.092338427,2.092338427,2.092338427,2.092338427,2.092338427,4.248611131,,,
01/01/1952,2.127111608,2.127111608,2.127111608,2.127111608,2.127111608,4.272192058,,,
02/01/1952,2.150947723,2.150947723,2.150947723,2.150947723,2.150947723,4.301822423,,,
03/01/1952,2.193451291,2.193451291,2.193451291,2.193451291,2.193451291,4.321456394,,,
04/01/1952,2.2617232,2.2617232,2.2617232,2.2617232,2.2617232,4.363469503,,,
05/01/1952,2.333356898,2.333356898,2.333356898,2.333356898,2.333356898,4.471627886,,,
06/01/1952,2.36567274,2.36567274,2.36567274,2.36567274,2.36567274,4.497912513,,,
07/01/1952,2.40615268,2.40615268,2.40615268,2.40615268,2.40615268,4.516131266,,,
08/01/1952,2.473102492,2.473102492,2.473102492,2.473102492,2.473102492,4.530449892,,,
09/01/1952,2.559385361,2.559385361,2.559385361,2.559385361,2.559385361,4.541424774,,,
10/01/1952,2.605942365,2.605942365,2.605942365,2.605942365,2.605942365,4.558977528,,,
11/01/1952,2.626875367,2.626875367,2.626875367,2.626875367,2.626875367,4.572038816,,,
12/01/1952,2.641976561,2.641976561,2.641976561,2.641976561,2.641976561,4.581062877,,,
01/01/1953,2.647132271,2.647132271,2.647132271,2.647132271,2.647132271,4.588660306,,,
02/01/1953,2.658916438,2.658916438,2.658916438,2.658916438,2.658916438,4.601578252,,,
03/01/1953,2.67513276,2.67513276,2.67513276,2.67513276,2.67513276,4.631431154,,,
04/01/1953,2.67983654,2.67983654,2.67983654,2.67983654,2.67983654,4.652002541,,,
05/01/1953,2.695963872,2.695963872,2.695963872,2.695963872,2.695963872,4.684055921,,,
06/01/1953,2.694046205,2.694046205,2.694046205,2.694046205,2.694046205,4.705265067,,,
07/01/1953,2.702524689,2.702524689,2.702524689,2.702524689,2.702524689,4.714312568,,,
08/01/1953,2.704248003,2.704248003,2.704248003,2.704248003,2.704248003,4.72628685,,,
09/01/1953,2.719601514,2.719601514,2.719601514,2.719601514,2.719601514,4.746023402,,,
10/01/1953,2.7446173,2.7446173,2.7446173,2.7446173,2.7446173,4.807975292,,,
11/01/1953,2.806205432,2.806205432,2.806205432,2.806205432,2.806205432,4.838477044,,,
12/01/1953,2.870206418,2.870206418,2.870206418,2.870206418,2.870206418,4.853370832,,,
01/01/1954,2.979043844,2.979043844,2.979043844,2.979043844,2.979043844,4.882905347,,,
02/01/1954,3.039758519,3.039758519,3.039758519,3.039758519,3.039758519,4.900034991,,,
03/01/1954,3.075883997,3.075883997,3.075883997,3.075883997,3.075883997,4.923955503,,,
04/01/1954,3.122931021,3.122931021,3.122931021,3.122931021,3.122931021,4.947975615,,,
05/01/1954,3.199457553,3.199457553,3.199457553,3.199457553,3.199457553,4.975778675,,,
06/01/1954,3.281779792,3.281779792,3.281779792,3.281779792,3.281779792,4.965176949,,,
07/01/1954,3.349846589,3.349846589,3.349846589,3.349846589,3.349846589,4.959754292,,,
08/01/1954,3.466393372,3.466393372,3.466393372,3.466393372,3.466393372,4.959635178,,,
09/01/1954,3.531709126,3.531709126,3.531709126,3.531709126,3.531709126,4.96489739,,,
10/01/1954,3.641574242,3.641574242,3.641574242,3.641574242,3.641574242,4.980622067,,,
11/01/1954,3.735986356,3.735986356,3.735986356,3.735986356,3.735986356,5.011305416,,,
12/01/1954,3.783394828,3.783394828,3.783394828,3.783394828,3.783394828,5.035646433,,,
01/01/1955,3.823148394,3.823148394,3.823148394,3.823148394,3.823148394,5.056277896,,,
02/01/1955,3.846312547,3.846312547,3.846312547,3.846312547,3.846312547,5.103112078,,,
03/01/1955,3.869380138,3.869380138,3.869380138,3.869380138,3.869380138,5.138203645,,,
04/01/1955,3.89185778,3.89185778,3.89185778,3.89185778,3.89185778,5.152129569,,,
05/01/1955,3.907598154,3.907598154,3.907598154,3.907598154,3.907598154,5.168245847,,,
06/01/1955,3.928021699,3.928021699,3.928021699,3.928021699,3.928021699,5.180201335,,,
07/01/1955,3.94541304,3.94541304,3.94541304,3.94541304,3.94541304,5.204770865,,,
08/01/1955,3.9640137,3.9640137,3.9640137,3.9640137,3.9640137,5.270640579,,,
09/01/1955,3.976730167,3.976730167,3.976730167,3.976730167,3.976730167,5.313632865,,,
10/01/1955,3.997634349,3.997634349,3.997634349,3.997634349,3.997634349,5.347857492,,,
11/01/1955,4.01767065,4.01767065,4.01767065,4.01767065,4.01767065,5.359574647,,,
12/01/1955,4.070521058,4.070521058,4.070521058,4.070521058,4.070521058,5.392877364,,,
01/01/1956,4.112771926,4.112771926,4.112771926,4.112771926,4.112771926,5.413635491,,,
02/01/1956,4.15238089,4.15238089,4.15238089,4.15238089,4.15238089,5.444342871,,,
03/01/1956,4.23072192,4.23072192,4.23072192,4.23072192,4.23072192,5.453659043,,,
04/01/1956,4.258886317,4.258886317,4.258886317,4.258886317,4.258886317,5.461631842,,,
05/01/1956,4.243610298,4.243610298,4.243610298,4.243610298,4.243610298,5.481528662,,,
06/01/1956,4.243694285,4.243694285,4.243694285,4.243694285,4.243694285,5.499720738,,,
07/01/1956,4.252025427,4.252025427,4.252025427,4.252025427,4.252025427,5.50673079,,,
08/01/1956,4.252211249,4.252211249,4.252211249,4.252211249,4.252211249,5.528777383,,,
09/01/1956,4.252342921,4.252342921,4.252342921,4.252342921,4.252342921,5.565389954,,,
10/01/1956,4.25786897,4.25786897,4.25786897,4.25786897,4.25786897,5.582062357,,,
11/01/1956,4.252080018,4.252080018,4.252080018,4.252080018,4.252080018,5.606201087,,,
12/01/1956,4.248734803,4.248734803,4.248734803,4.248734803,4.248734803,5.621958572,,,
01/01/1957,4.25048503,4.25048503,4.25048503,4.25048503,4.25048503,5.650135889,,,
02/01/1957,4.251075871,4.251075871,4.251075871,4.251075871,4.251075871,5.667205421,,,
03/01/1957,4.250943672,4.250943672,4.250943672,4.250943672,4.250943672,5.696882548,,,
04/01/1957,4.250575568,4.250575568,4.250575568,4.250575568,4.250575568,5.711687096,,,
05/01/1957,4.255876881,4.255876881,4.255876881,4.255876881,4.255876881,5.723496011,,,
06/01/1957,4.269328092,4.269328092,4.269328092,4.269328092,4.269328092,5.735596776,,,
07/01/1957,4.276266282,4.276266282,4.276266282,4.276266282,4.276266282,5.75342361,,,
08/01/1957,4.279704499,4.279704499,4.279704499,4.279704499,4.279704499,5.776199896,,,
09/01/1957,4.297115017,4.297115017,4.297115017,4.297115017,4.297115017,5.799145147,,,
10/01/1957,4.304796934,4.304796934,4.304796934,4.304796934,4.304796934,5.831873137,,,
11/01/1957,4.311819323,4.311819323,4.311819323,4.311819323,4.311819323,5.863810999,,,
12/01/1957,4.319186793,4.319186793,4.319186793,4.319186793,4.319186793,5.879776254,,,
01/01/1958,4.322375317,4.322375317,4.322375317,4.322375317,4.322375317,5.891888584,,,
02/01/1958,4.33054041,4.33054041,4.33054041,4.33054041,4.33054041,5.91302143,,,
03/01/1958,4.328001248,4.328001248,4.328001248,4.328001248,4.328001248,5.918080074,,,
04/01/1958,4.323412463,4.323412463,4.323412463,4.323412463,4.323412463,5.927159928,,,
05/01/1958,4.319395241,4.319395241,4.319395241,4.319395241,4.319395241,5.949440598,,,
06/01/1958,4.315429887,4.315429887,4.315429887,4.315429887,4.315429887,5.957600422,,,
07/01/1958,4.313646941,4.313646941,4.313646941,4.313646941,4.313646941,5.968329802,,,
08/01/1958,4.308675927,4.308675927,4.308675927,4.308675927,4.308675927,5.985028752,,,
09/01/1958,4.308252987,4.308252987,4.308252987,4.308252987,4.308252987,5.997027094,,,
10/01/1958,4.311100472,4.311100472,4.311100472,4.311100472,4.311100472,6.008594023,,,
11/01/1958,4.314006122,4.314006122,4.314006122,4.314006122,4.314006122,6.029636898,,,
12/01/1958,4.317339455,4.317339455,4.317339455,4.317339455,4.317339455,6.070804199,,,
01/01/1959,4.321541726,4.321541726,4.321541726,4.321541726,4.321541726,6.113773541,,,
02/01/1959,4.321433062,4.321433062,4.321433062,4.321433062,4.321433062,6.150172139,,,
03/01/1959,4.320453707,4.320453707,4.320453707,4.320453707,4.320453707,6.166942322,,,
04/01/1959,4.317331236,4.317331236,4.317331236,4.317331236,4.317331236,6.189491277,,,
05/01/1959,4.325125312,4.325125312,4.325125312,4.325125312,4.325125312,6.202679413,,,
06/01/1959,4.331294762,4.331294762,4.331294762,4.331294762,4.331294762,6.239980596,,,
07/01/1959,4.33836192,4.33836192,4.33836192,4.33836192,4.33836192,6.293366902,,,
08/01/1959,4.352104987,4.352104987,4.352104987,4.352104987,4.352104987,6.369762737,,,
09/01/1959,4.367637783,4.367637783,4.367637783,4.367637783,4.367637783,6.441875087,,,
10/01/1959,4.384939289,4.384939289,4.384939289,4.384939289,4.384939289,6.512076716,,,
11/01/1959,4.393991817,4.393991817,4.393991817,4.393991817,4.393991817,6.601005463,,,
12/01/1959,4.404110579,4.404110579,4.404110579,4.404110579,4.404110579,6.686349277,,,
01/01/1960,4.420804137,4.420804137,4.420804137,4.420804137,4.420804137,6.752502388,,,
02/01/1960,4.437515527,4.437515527,4.437515527,4.437515527,4.437515527,6.811300336,,,
03/01/1960,4.459696761,4.459696761,4.459696761,4.459696761,4.459696761,6.851316554,,,
04/01/1960,4.483170287,4.483170287,4.483170287,4.483170287,4.483170287,6.910348692,,,
05/01/1960,4.49597063,4.49597063,4.49597063,4.49597063,4.49597063,6.952450803,,,
06/01/1960,4.505397445,4.505397445,4.505397445,4.505397445,4.505397445,6.975305468,,,
07/01/1960,4.510686668,4.510686668,4.510686668,4.510686668,4.510686668,7.008407555,,,
08/01/1960,4.518865383,4.518865383,4.518865383,4.518865383,4.518865383,7.050710475,,,
09/01/1960,4.525856723,4.525856723,4.525856723,4.525856723,4.525856723,7.092054231,,,
10/01/1960,4.523694473,4.523694473,4.523694473,4.523694473,4.523694473,7.123188249,,,
11/01/1960,4.524961841,4.524961841,4.524961841,4.524961841,4.524961841,7.16152366,,,
12/01/1960,4.533118948,4.533118948,4.533118948,4.533118948,4.533118948,7.184965201,,,
01/01/1961,4.539454384,4.539454384,4.539454384,4.539454384,4.539454384,7.228489987,,,
02/01/1961,4.549269293,4.549269293,4.549269293,4.549269293,4.549269293,7.230333996,,,
03/01/1961,4.558496033,4.558496033,4.558496033,4.558496033,4.558496033,7.253615229,,,
04/01/1961,4.559825039,4.559825039,4.559825039,4.559825039,4.559825039,7.278124288,,,
05/01/1961,4.567043019,4.567043019,4.567043019,4.567043019,4.567043019,7.288074021,,,
06/01/1961,4.573867276,4.573867276,4.573867276,4.573867276,4.573867276,7.29817075,,,
07/01/1961,4.579499652,4.579499652,4.579499652,4.579499652,4.579499652,7.287445611,,,
08/01/1961,4.583439439,4.583439439,4.583439439,4.583439439,4.583439439,7.28319009,,,
09/01/1961,4.592712321,4.592712321,4.592712321,4.592712321,4.592712321,7.282338812,,,
10/01/1961,4.595429851,4.595429851,4.595429851,4.595429851,4.595429851,7.320079524,,,
11/01/1961,4.609530347,4.609530347,4.609530347,4.609530347,4.609530347,7.345961673,,,
12/01/1961,4.61327134,4.61327134,4.61327134,4.61327134,4.61327134,7.351931633,,,
01/01/1962,4.624116175,4.624116175,4.624116175,4.624116175,4.624116175,7.362966021,,,
02/01/1962,4.641010997,4.641010997,4.641010997,4.641010997,4.641010997,7.364568244,,,
03/01/1962,4.65696042,4.65696042,4.65696042,4.65696042,4.65696042,7.38011247,,,
04/01/1962,4.681961254,4.681961254,4.681961254,4.681961254,4.681961254,7.394464499,,,
05/01/1962,4.716627047,4.716627047,4.716627047,4.716627047,4.716627047,7.410675217,,,
06/01/1962,4.743252578,4.743252578,4.743252578,4.743252578,4.743252578,7.428454921,,,
07/01/1962,4.786542655,4.786542655,4.786542655,4.786542655,4.786542655,7.464451839,,,
08/01/1962,4.854573107,4.854573107,4.854573107,4.854573107,4.854573107,7.485870642,,,
09/01/1962,4.967981487,4.967981487,4.967981487,4.967981487,4.967981487,7.500151338,,,
10/01/1962,5.131157597,5.131157597,5.131157597,5.131157597,5.131157597,7.502910731,,,
11/01/1962,5.309958237,5.309958237,5.309958237,5.309958237,5.309958237,7.51425006,,,
12/01/1962,5.48518755,5.48518755,5.48518755,5.48518755,5.48518755,7.527160791,,,
01/01/1963,5.639672457,5.639672457,5.639672457,5.639672457,5.639672457,7.545522627,,,
02/01/1963,5.836400982,5.836400982,5.836400982,5.836400982,5.836400982,7.559552547,,,
03/01/1963,5.994892469,5.994892469,5.994892469,5.994892469,5.994892469,7.574890078,,,
04/01/1963,6.152588259,6.152588259,6.152588259,6.152588259,6.152588259,7.580251928,,,
05/01/1963,6.268769103,6.268769103,6.268769103,6.268769103,6.268769103,7.595834559,,,
06/01/1963,6.368090409,6.368090409,6.368090409,6.368090409,6.368090409,7.616323185,,,
07/01/1963,6.451957811,6.451957811,6.451957811,6.451957811,6.451957811,7.632851425,,,
08/01/1963,6.516977223,6.516977223,6.516977223,6.516977223,6.516977223,7.657416286,,,
09/01/1963,6.570447726,6.570447726,6.570447726,6.570447726,6.570447726,7.696213281,,,
10/01/1963,6.608286127,6.608286127,6.608286127,6.608286127,6.608286127,7.723769097,,,
11/01/1963,6.636625896,6.636625896,6.636625896,6.636625896,6.636625896,7.762210025,,,
12/01/1963,6.654544323,6.654544323,6.654544323,6.654544323,6.654544323,7.785504037,,,
01/01/1964,6.660776712,6.660776712,6.660776712,6.660776712,6.660776712,7.794275194,,,
02/01/1964,6.660339962,6.660339962,6.660339962,6.660339962,6.660339962,7.795863464,,,
03/01/1964,6.659226331,6.659226331,6.659226331,6.659226331,6.659226331,7.811393016,,,
04/01/1964,6.658190038,6.658190038,6.658190038,6.658190038,6.658190038,7.821663883,,,
05/01/1964,6.65797404,6.65797404,6.65797404,6.65797404,6.65797404,7.824392333,,,
06/01/1964,6.661415975,6.661415975,6.661415975,6.661415975,6.661415975,7.835433628,,,
07/01/1964,6.665700339,6.665700339,6.665700339,6.665700339,6.665700339,7.836063092,,,
08/01/1964,6.670340951,6.670340951,6.670340951,6.670340951,6.670340951,7.843302653,,,
09/01/1964,6.672321165,6.672321165,6.672321165,6.672321165,6.672321165,7.839748131,,,
10/01/1964,6.673505449,6.673505449,6.673505449,6.673505449,6.673505449,7.840894114,,,
11/01/1964,6.67898122,6.67898122,6.67898122,6.67898122,6.67898122,7.858414508,,,
12/01/1964,6.680044363,6.680044363,6.680044363,6.680044363,6.680044363,7.86440025,,,
01/01/1965,6.679309875,6.679309875,6.679309875,6.679309875,6.679309875,7.882612941,,,
02/01/1965,6.676887286,6.676887286,6.676887286,6.676887286,6.676887286,7.892560822,,,
03/01/1965,6.669839276,6.669839276,6.669839276,6.669839276,6.669839276,7.899305689,,,
04/01/1965,6.663605588,6.663605588,6.663605588,6.663605588,6.663605588,7.912340705,,,
05/01/1965,6.653736721,6.653736721,6.653736721,6.653736721,6.653736721,7.916645487,,,
06/01/1965,6.647311839,6.647311839,6.647311839,6.647311839,6.647311839,7.918464328,,,
07/01/1965,6.636265828,6.636265828,6.636265828,6.636265828,6.636265828,7.926754199,,,
08/01/1965,6.630405579,6.630405579,6.630405579,6.630405579,6.630405579,7.941806754,,,
09/01/1965,6.625658599,6.625658599,6.625658599,6.625658599,6.625658599,7.960234736,,,
10/01/1965,6.618876906,6.618876906,6.618876906,6.618876906,6.618876906,7.960804204,,,
11/01/1965,6.615680088,6.615680088,6.615680088,6.615680088,6.615680088,7.960437613,,,
12/01/1965,6.610229803,6.610229803,6.610229803,6.610229803,6.610229803,7.966621728,,,
01/01/1966,6.608022289,6.608022289,6.608022289,6.608022289,6.608022289,7.970091722,,,
02/01/1966,6.599405524,6.599405524,6.599405524,6.599405524,6.599405524,7.976092843,,,
03/01/1966,6.597448544,6.597448544,6.597448544,6.597448544,6.597448544,7.976330278,,,
04/01/1966,6.595177827,6.595177827,6.595177827,6.595177827,6.595177827,7.978367187,,,
05/01/1966,6.593501699,6.593501699,6.593501699,6.593501699,6.593501699,7.987601206,,,
06/01/1966,6.582380232,6.582380232,6.582380232,6.582380232,6.582380232,7.994672618,,,
07/01/1966,6.574543787,6.574543787,6.574543787,6.574543787,6.574543787,7.995377712,,,
08/01/1966,6.562811826,6.562811826,6.562811826,6.562811826,6.562811826,7.999144436,,,
09/01/1966,6.555890768,6.555890768,6.555890768,6.555890768,6.555890768,8.005479268,,,
10/01/1966,6.545813454,6.545813454,6.545813454,6.545813454,6.545813454,8.015856117,,,
11/01/1966,6.536141483,6.536141483,6.536141483,6.536141483,6.536141483,8.013920929,,,
12/01/1966,6.525481406,6.525481406,6.525481406,6.525481406,6.525481406,8.015044841,,,
01/01/1967,6.517395983,6.517395983,6.517395983,6.517395983,6.517395983,8.028068455,,,
02/01/1967,6.509029693,6.509029693,6.509029693,6.509029693,6.509029693,8.021409125,,,
03/01/1967,6.504463889,6.504463889,6.504463889,6.504463889,6.504463889,8.022380425,,,
04/01/1967,6.497368712,6.497368712,6.497368712,6.497368712,6.497368712,8.019561867,,,
05/01/1967,6.490549662,6.490549662,6.490549662,6.490549662,6.490549662,8.017012093,,,
06/01/1967,6.488035247,6.488035247,6.488035247,6.488035247,6.488035247,8.025704952,,,
07/01/1967,6.486489986,6.486489986,6.486489986,6.486489986,6.486489986,8.029701989,,,
08/01/1967,6.475872301,6.475872301,6.475872301,6.475872301,6.475872301,8.039551238,,,
09/01/1967,6.466001204,6.466001204,6.466001204,6.466001204,6.466001204,8.049737837,,,
10/01/1967,6.464128575,6.464128575,6.464128575,6.464128575,6.464128575,8.058897991,,,
11/01/1967,6.453014437,6.453014437,6.453014437,6.453014437,6.453014437,8.061810075,,,
12/01/1967,6.44685718,6.44685718,6.44685718,6.44685718,6.44685718,8.065464665,,,
01/01/1968,6.435779352,6.435779352,6.435779352,6.435779352,6.435779352,8.061841906,,,
02/01/1968,6.424466965,6.424466965,6.424466965,6.424466965,6.424466965,8.068188581,,,
03/01/1968,6.41216461,6.41216461,6.41216461,6.41216461,6.41216461,8.085778515,,,
04/01/1968,6.412821311,6.412821311,6.412821311,6.412821311,6.412821311,8.070873123,,,
05/01/1968,6.406342039,6.406342039,6.406342039,6.406342039,6.406342039,8.05859126,,,
06/01/1968,6.403071184,6.403071184,6.403071184,6.403071184,6.403071184,8.057003617,,,
07/01/1968,6.396258616,6.396258616,6.396258616,6.396258616,6.396258616,8.058386122,,,
08/01/1968,6.391787016,6.391787016,6.391787016,6.391787016,6.391787016,8.052164046,,,
09/01/1968,6.38572011,6.38572011,6.38572011,6.38572011,6.38572011,8.084333183,,,
10/01/1968,6.38443105,6.38443105,6.38443105,6.38443105,6.38443105,8.074659666,,,
11/01/1968,6.388391053,6.388391053,6.388391053,6.388391053,6.388391053,8.072591588,,,
12/01/1968,6.39196146,6.39196146,6.39196146,6.39196146,6.39196146,8.067361806,,,
01/01/1969,6.396937322,6.396937322,6.396937322,6.396937322,6.396937322,8.06518375,,,
02/01/1969,6.399071654,6.399071654,6.399071654,6.399071654,6.399071654,8.068980747,,,
03/01/1969,6.397440124,6.397440124,6.397440124,6.397440124,6.397440124,8.072045309,,,
04/01/1969,6.397764695,6.397764695,6.397764695,6.397764695,6.397764695,8.073288998,,,
05/01/1969,6.400823938,6.400823938,6.400823938,6.400823938,6.400823938,8.070494637,,,
06/01/1969,6.40268333,6.40268333,6.40268333,6.40268333,6.40268333,8.073292328,,,
07/01/1969,6.403266477,6.403266477,6.403266477,6.403266477,6.403266477,8.072580155,,,
08/01/1969,6.407748433,6.407748433,6.407748433,6.407748433,6.407748433,8.081877059,,,
09/01/1969,6.405809146,6.405809146,6.405809146,6.405809146,6.405809146,8.079700624,,,
10/01/1969,6.406250078,6.406250078,6.406250078,6.406250078,6.406250078,8.089541746,,,
11/01/1969,6.408947963,6.408947963,6.408947963,6.408947963,6.408947963,8.091351374,,,
12/01/1969,6.409739411,6.409739411,6.409739411,6.409739411,6.409739411,8.094444921,,,
01/01/1970,6.406962798,6.406962798,6.406962798,6.406962798,6.406962798,8.086903953,,,
02/01/1970,6.400236005,6.400236005,6.400236005,6.400236005,6.400236005,8.104279324,,,
03/01/1970,6.393192621,6.393192621,6.393192621,6.393192621,6.393192621,8.103277175,,,
04/01/1970,6.388819966,6.388819966,6.388819966,6.388819966,6.388819966,8.104938701,,,
05/01/1970,6.384885493,6.384885493,6.384885493,6.384885493,6.384885493,8.104337409,,,
06/01/1970,6.389087846,6.389087846,6.389087846,6.389087846,6.389087846,8.096303033,,,
07/01/1970,6.402680828,6.402680828,6.402680828,6.402680828,6.402680828,8.096115316,,,
08/01/1970,6.413495187,6.413495187,6.413495187,6.413495187,6.413495187,8.090024444,,,
09/01/1970,6.425364298,6.425364298,6.425364298,6.425364298,6.425364298,8.092114273,,,
10/01/1970,6.437160722,6.437160722,6.437160722,6.437160722,6.437160722,8.094696603,,,
11/01/1970,6.453875437,6.453875437,6.453875437,6.453875437,6.453875437,8.110023392,,,
12/01/1970,6.465070699,6.465070699,6.465070699,6.465070699,6.465070699,8.127900874,,,
01/01/1971,6.460959066,6.460959066,6.460959066,6.460959066,6.460959066,8.152343493,,,
02/01/1971,6.45220297,6.45220297,6.45220297,6.45220297,6.45220297,8.151379771,,,
03/01/1971,6.438696162,6.438696162,6.438696162,6.438696162,6.438696162,8.149929856,,,
04/01/1971,6.430821749,6.430821749,6.430821749,6.430821749,6.430821749,8.15302759,,,
05/01/1971,6.425423604,6.425423604,6.425423604,6.425423604,6.425423604,8.164055417,,,
06/01/1971,6.420808542,6.420808542,6.420808542,6.420808542,6.420808542,8.168124401,,,
07/01/1971,6.423145808,6.423145808,6.423145808,6.423145808,6.423145808,8.179321534,,,
08/01/1971,6.4256748,6.4256748,6.4256748,6.4256748,6.4256748,8.193086476,,,
09/01/1971,6.433866992,6.433866992,6.433866992,6.433866992,6.433866992,8.205195113,,,
10/01/1971,6.440085915,6.440085915,6.440085915,6.440085915,6.440085915,8.217753575,,,
11/01/1971,6.454155164,6.454155164,6.454155164,6.454155164,6.454155164,8.24360946,,,
12/01/1971,6.468751405,6.468751405,6.468751405,6.468751405,6.468751405,8.231299769,,,
01/01/1972,6.478607535,6.478607535,6.478607535,6.478607535,6.478607535,8.234422784,,,
02/01/1972,6.489839404,6.489839404,6.489839404,6.489839404,6.489839404,8.232507014,,,
03/01/1972,6.496096171,6.496096171,6.496096171,6.496096171,6.496096171,8.235913459,,,
04/01/1972,6.505519773,6.505519773,6.505519773,6.505519773,6.505519773,8.241333832,,,
05/01/1972,6.513327582,6.513327582,6.513327582,6.513327582,6.513327582,8.240838056,,,
06/01/1972,6.521834912,6.521834912,6.521834912,6.521834912,6.521834912,8.243502988,,,
07/01/1972,6.536604542,6.536604542,6.536604542,6.536604542,6.536604542,8.239170358,,,
08/01/1972,6.54094536,6.54094536,6.54094536,6.54094536,6.54094536,8.24088337,,,
09/01/1972,6.545671963,6.545671963,6.545671963,6.545671963,6.545671963,8.269538677,,,
10/01/1972,6.549856195,6.549856195,6.549856195,6.549856195,6.549856195,8.271395619,,,
11/01/1972,6.553896346,6.553896346,6.553896346,6.553896346,6.553896346,8.277371843,,,
12/01/1972,6.54819003,6.54819003,6.54819003,6.54819003,6.54819003,8.272639609,,,
01/01/1973,6.540043229,6.540043229,6.540043229,6.540043229,6.540043229,8.27372669,,,
02/01/1973,6.527205233,6.527205233,6.527205233,6.527205233,6.527205233,8.275794338,,,
03/01/1973,6.511709061,6.511709061,6.511709061,6.511709061,6.511709061,8.273027783,,,
04/01/1973,6.491169815,6.491169815,6.491169815,6.491169815,6.491169815,8.272781986,,,
05/01/1973,6.470905039,6.470905039,6.470905039,6.470905039,6.470905039,8.266818592,,,
06/01/1973,6.454955295,6.454955295,6.454955295,6.454955295,6.454955295,8.266635427,,,
07/01/1973,6.45005599,6.45005599,6.45005599,6.45005599,6.45005599,8.268907149,,,
08/01/1973,6.451317524,6.451317524,6.451317524,6.451317524,6.451317524,8.27024536,,,
09/01/1973,6.452386011,6.452386011,6.452386011,6.452386011,6.452386011,8.268544588,,,
10/01/1973,6.450242439,6.450242439,6.450242439,6.450242439,6.450242439,8.265854002,,,
11/01/1973,6.45461551,6.45461551,6.45461551,6.45461551,6.45461551,8.266863622,,,
12/01/1973,6.454669672,6.454669672,6.454669672,6.454669672,6.454669672,8.266458579,,,
01/01/1974,6.455978109,6.455978109,6.455978109,6.455978109,6.455978109,8.264174912,,,
02/01/1974,6.454015395,6.454015395,6.454015395,6.454015395,6.454015395,8.263275821,,,
03/01/1974,6.44916407,6.44916407,6.44916407,6.44916407,6.44916407,8.263497497,,,
04/01/1974,6.441884796,6.441884796,6.441884796,6.441884796,6.441884796,8.259895082,,,
05/01/1974,6.433465178,6.433465178,6.433465178,6.433465178,6.433465178,8.259289944,,,
06/01/1974,6.431143089,6.431143089,6.431143089,6.431143089,6.431143089,8.256451473,,,
07/01/1974,6.433506976,6.433506976,6.433506976,6.433506976,6.433506976,8.25685099,,,
08/01/1974,6.435322807,6.435322807,6.435322807,6.435322807,6.435322807,8.263475351,,,
09/01/1974,6.429957526,6.429957526,6.429957526,6.429957526,6.429957526,8.274151124,,,
10/01/1974,6.425469725,6.425469725,6.425469725,6.425469725,6.425469725,8.276861455,,,
11/01/1974,6.418204475,6.418204475,6.418204475,6.418204475,6.418204475,8.278800183,,,
12/01/1974,6.408470621,6.408470621,6.408470621,6.408470621,6.408470621,8.277713364,,,
01/01/1975,6.40862113,6.40862113,6.40862113,6.40862113,6.40862113,8.278142491,,,
02/01/1975,6.40598205,6.40598205,6.40598205,6.40598205,6.40598205,8.277548241,,,
03/01/1975,6.400288685,6.400288685,6.400288685,6.400288685,6.400288685,8.272955551,,,
04/01/1975,6.395867234,6.395867234,6.395867234,6.395867234,6.395867234,8.27596662,,,
05/01/1975,6.389951972,6.389951972,6.389951972,6.389951972,6.389951972,8.277689491,,,
06/01/1975,6.389203788,6.389203788,6.389203788,6.389203788,6.389203788,8.275764312,,,
07/01/1975,6.385841978,6.385841978,6.385841978,6.385841978,6.385841978,8.285164174,,,
08/01/1975,6.379528486,6.379528486,6.379528486,6.379528486,6.379528486,8.282642129,,,
09/01/1975,6.371852873,6.371852873,6.371852873,6.371852873,6.371852873,8.281304771,,,
10/01/1975,6.365274309,6.365274309,6.365274309,6.365274309,6.365274309,8.280425276,,,
11/01/1975,6.359801935,6.359801935,6.359801935,6.359801935,6.359801935,8.286025602,,,
12/01/1975,6.354920523,6.354920523,6.354920523,6.354920523,6.354920523,8.278175933,,,
01/01/1976,6.355179877,6.355179877,6.355179877,6.355179877,6.355179877,8.282463015,,,
02/01/1976,6.34673277,6.34673277,6.34673277,6.34673277,6.34673277,8.279316228,,,
03/01/1976,6.341220002,6.341220002,6.341220002,6.341220002,6.341220002,8.2836059,,,
04/01/1976,6.334511505,6.334511505,6.334511505,6.334511505,6.334511505,8.280025305,,,
05/01/1976,6.327946222,6.327946222,6.327946222,6.327946222,6.327946222,8.275429593,,,
06/01/1976,6.321594723,6.321594723,6.321594723,6.321594723,6.321594723,8.274041289,,,
07/01/1976,6.320801204,6.320801204,6.320801204,6.320801204,6.320801204,8.273463178,,,
08/01/1976,6.32287066,6.32287066,6.32287066,6.32287066,6.32287066,8.265844191,,,
09/01/1976,6.328936709,6.328936709,6.328936709,6.328936709,6.328936709,8.265864217,,,
10/01/1976,6.335914071,6.335914071,6.335914071,6.335914071,6.335914071,8.27354594,,,
11/01/1976,6.341156743,6.341156743,6.341156743,6.341156743,6.341156743,8.274055,,,
12/01/1976,6.346085157,6.346085157,6.346085157,6.346085157,6.346085157,8.274987332,,,
01/01/1977,6.349072999,6.349072999,6.349072999,6.349072999,6.349072999,8.27713573,,,
02/01/1977,6.3529033,6.3529033,6.3529033,6.3529033,6.3529033,8.275582644,,,
03/01/1977,6.35554867,6.35554867,6.35554867,6.35554867,6.35554867,8.272966815,,,
04/01/1977,6.357748398,6.357748398,6.357748398,6.357748398,6.357748398,8.272128146,,,
05/01/1977,6.364882372,6.364882372,6.364882372,6.364882372,6.364882372,8.270810085,,,
06/01/1977,6.372493037,6.372493037,6.372493037,6.372493037,6.372493037,8.271345089,,,
07/01/1977,6.385099447,6.385099447,6.385099447,6.385099447,6.385099447,8.271735713,,,
08/01/1977,6.407171418,6.407171418,6.407171418,6.407171418,6.407171418,8.272618494,,,
09/01/1977,6.426822676,6.426822676,6.426822676,6.426822676,6.426822676,8.268279541,,,
10/01/1977,6.462684413,6.462684413,6.462684413,6.462684413,6.462684413,8.269349315,,,
11/01/1977,6.500450723,6.500450723,6.500450723,6.500450723,6.500450723,8.280736684,,,
12/01/1977,6.539883913,6.539883913,6.539883913,6.539883913,6.539883913,8.28166131,,,
01/01/1978,6.566559443,6.566559443,6.566559443,6.566559443,6.566559443,8.291060661,,,
02/01/1978,6.588475206,6.588475206,6.588475206,6.588475206,6.588475206,8.295700061,,,
03/01/1978,6.605368388,6.605368388,6.605368388,6.605368388,6.605368388,8.297534434,,,
04/01/1978,6.625519798,6.625519798,6.625519798,6.625519798,6.625519798,8.293149811,,,
05/01/1978,6.643751403,6.643751403,6.643751403,6.643751403,6.643751403,8.294512777,,,
06/01/1978,6.6596734,6.6596734,6.6596734,6.6596734,6.6596734,8.297309311,,,
07/01/1978,6.678069563,6.678069563,6.678069563,6.678069563,6.678069563,8.301689645,,,
08/01/1978,6.694221137,6.694221137,6.694221137,6.694221137,6.694221137,8.300144667,,,
09/01/1978,6.715228717,6.715228717,6.715228717,6.715228717,6.715228717,8.298251878,,,
10/01/1978,6.731377662,6.731377662,6.731377662,6.731377662,6.731377662,8.304104758,,,
11/01/1978,6.74350411,6.74350411,6.74350411,6.74350411,6.74350411,8.31209625,,,
12/01/1978,6.757122905,6.757122905,6.757122905,6.757122905,6.757122905,8.312533649,,,
01/01/1979,6.775879077,6.775879077,6.775879077,6.775879077,6.775879077,8.305754943,,,
02/01/1979,6.784959706,6.784959706,6.784959706,6.784959706,6.784959706,8.297386998,,,
03/01/1979,6.797957668,6.797957668,6.797957668,6.797957668,6.797957668,8.293368721,,,
04/01/1979,6.818098262,6.818098262,6.818098262,6.818098262,6.818098262,8.290006989,,,
05/01/1979,6.825313435,6.825313435,6.825313435,6.825313435,6.825313435,8.290496309,,,
06/01/1979,6.838441585,6.838441585,6.838441585,6.838441585,6.838441585,8.294829025,,,
07/01/1979,6.856167848,6.856167848,6.856167848,6.856167848,6.856167848,8.303296958,,,
08/01/1979,6.870230717,6.870230717,6.870230717,6.870230717,6.870230717,8.310928367,,,
09/01/1979,6.875315735,6.875315735,6.875315735,6.875315735,6.875315735,8.316172921,,,
10/01/1979,6.88527678,6.88527678,6.88527678,6.88527678,6.88527678,8.320945183,,,
11/01/1979,6.902845693,6.902845693,6.902845693,6.902845693,6.902845693,8.327521346,,,
12/01/1979,6.911898835,6.911898835,6.911898835,6.911898835,6.911898835,8.328038409,,,
01/01/1980,6.920049986,6.920049986,6.920049986,6.920049986,6.920049986,8.32076875,,,
02/01/1980,6.92188959,6.92188959,6.92188959,6.92188959,6.92188959,8.313245107,,,
03/01/1980,6.921257793,6.921257793,6.921257793,6.921257793,6.921257793,8.307368576,,,
04/01/1980,6.921057716,6.921057716,6.921057716,6.921057716,6.921057716,8.306233739,,,
05/01/1980,6.923550828,6.923550828,6.923550828,6.923550828,6.923550828,8.309681837,,,
06/01/1980,6.925659348,6.925659348,6.925659348,6.925659348,6.925659348,8.315998613,,,
07/01/1980,6.92430465,6.92430465,6.92430465,6.92430465,6.92430465,8.322674015,,,
08/01/1980,6.927899612,6.927899612,6.927899612,6.927899612,6.927899612,8.319328748,,,
09/01/1980,6.928627543,6.928627543,6.928627543,6.928627543,6.928627543,8.321995637,,,
10/01/1980,6.929300453,6.929300453,6.929300453,6.929300453,6.929300453,8.324435804,,,
11/01/1980,6.928342381,6.928342381,6.928342381,6.928342381,6.928342381,8.335117761,,,
12/01/1980,6.927768646,6.927768646,6.927768646,6.927768646,6.927768646,8.336748641,,,
01/01/1981,6.925102846,6.925102846,6.925102846,6.925102846,6.925102846,8.336478949,,,
02/01/1981,6.916828032,6.916828032,6.916828032,6.916828032,6.916828032,8.335217318,,,
03/01/1981,6.906710875,6.906710875,6.906710875,6.906710875,6.906710875,8.331752061,,,
04/01/1981,6.896903026,6.896903026,6.896903026,6.896903026,6.896903026,8.333127501,,,
05/01/1981,6.893760087,6.893760087,6.893760087,6.893760087,6.893760087,8.333204542,,,
06/01/1981,6.89977054,6.89977054,6.89977054,6.89977054,6.89977054,8.338846879,,,
07/01/1981,6.902079844,6.902079844,6.902079844,6.902079844,6.902079844,8.349750093,,,
08/01/1981,6.911712706,6.911712706,6.911712706,6.911712706,6.911712706,8.362077933,,,
09/01/1981,6.928414623,6.928414623,6.928414623,6.928414623,6.928414623,8.376300362,,,
10/01/1981,6.949876597,6.949876597,6.949876597,6.949876597,6.949876597,8.387412398,,,
11/01/1981,6.986645796,6.986645796,6.986645796,6.986645796,6.986645796,8.413654094,,,
12/01/1981,7.018441622,7.018441622,7.018441622,7.018441622,7.018441622,8.438988323,,,
01/01/1982,7.039928486,7.039928486,7.039928486,7.039928486,7.039928486,8.448062888,,,
02/01/1982,7.06147294,7.06147294,7.06147294,7.06147294,7.06147294,8.447734398,,,
03/01/1982,7.086826134,7.086826134,7.086826134,7.086826134,7.086826134,8.44917807,,,
04/01/1982,7.120008065,7.120008065,7.120008065,7.120008065,7.120008065,8.444195966,,,
05/01/1982,7.146274069,7.146274069,7.146274069,7.146274069,7.146274069,8.44857879,,,
06/01/1982,7.180185448,7.180185448,7.180185448,7.180185448,7.180185448,8.454044758,,,
07/01/1982,7.221059755,7.221059755,7.221059755,7.221059755,7.221059755,8.455020629,,,
08/01/1982,7.262316059,7.262316059,7.262316059,7.262316059,7.262316059,8.454249474,,,
09/01/1982,7.320476261,7.320476261,7.320476261,7.320476261,7.320476261,8.45616136,,,
10/01/1982,7.366458971,7.366458971,7.366458971,7.366458971,7.366458971,8.458849451,,,
11/01/1982,7.426217181,7.426217181,7.426217181,7.426217181,7.426217181,8.459906713,,,
12/01/1982,7.477542003,7.477542003,7.477542003,7.477542003,7.477542003,8.464995909,,,
01/01/1983,7.499105388,7.499105388,7.499105388,7.499105388,7.499105388,8.46462792,,,
02/01/1983,7.507621503,7.507621503,7.507621503,7.507621503,7.507621503,8.458289207,,,
03/01/1983,7.500362406,7.500362406,7.500362406,7.500362406,7.500362406,8.458419809,,,
04/01/1983,7.489883858,7.489883858,7.489883858,7.489883858,7.489883858,8.461666858,,,
05/01/1983,7.480484208,7.480484208,7.480484208,7.480484208,7.480484208,8.458802456,,,
06/01/1983,7.480746992,7.480746992,7.480746992,7.480746992,7.480746992,8.459133746,,,
07/01/1983,7.484265141,7.484265141,7.484265141,7.484265141,7.484265141,8.462760364,,,
08/01/1983,7.482499776,7.482499776,7.482499776,7.482499776,7.482499776,8.468796674,,,
09/01/1983,7.487793298,7.487793298,7.487793298,7.487793298,7.487793298,8.465908468,,,
10/01/1983,7.493378687,7.493378687,7.493378687,7.493378687,7.493378687,8.464798451,,,
11/01/1983,7.497071736,7.497071736,7.497071736,7.497071736,7.497071736,8.469678052,,,
12/01/1983,7.496449472,7.496449472,7.496449472,7.496449472,7.496449472,8.47054828,,,
01/01/1984,7.489825424,7.489825424,7.489825424,7.489825424,7.489825424,8.466833191,,,
02/01/1984,7.486490767,7.486490767,7.486490767,7.486490767,7.486490767,8.459044882,,,
03/01/1984,7.477259232,7.477259232,7.477259232,7.477259232,7.477259232,8.460402714,,,
04/01/1984,7.462246162,7.462246162,7.462246162,7.462246162,7.462246162,8.459099871,,,
05/01/1984,7.453150272,7.453150272,7.453150272,7.453150272,7.453150272,8.460730203,,,
06/01/1984,7.441971856,7.441971856,7.441971856,7.441971856,7.441971856,8.465160413,,,
07/01/1984,7.433070986,7.433070986,7.433070986,7.433070986,7.433070986,8.465039106,,,
08/01/1984,7.422868469,7.422868469,7.422868469,7.422868469,7.422868469,8.471441786,,,
09/01/1984,7.411606631,7.411606631,7.411606631,7.411606631,7.411606631,8.473490355,,,
10/01/1984,7.402434355,7.402434355,7.402434355,7.402434355,7.402434355,8.476011062,,,
11/01/1984,7.392930989,7.392930989,7.392930989,7.392930989,7.392930989,8.482605646,,,
12/01/1984,7.379435745,7.379435745,7.379435745,7.379435745,7.379435745,8.479061672,,,
01/01/1985,7.360647901,7.360647901,7.360647901,7.360647901,7.360647901,8.479323122,,,
02/01/1985,7.327654715,7.327654715,7.327654715,7.327654715,7.327654715,8.472517915,,,
03/01/1985,7.300548146,7.300548146,7.300548146,7.300548146,7.300548146,8.469855695,,,
04/01/1985,7.270177231,7.270177231,7.270177231,7.270177231,7.270177231,8.469064154,,,
05/01/1985,7.248624712,7.248624712,7.248624712,7.248624712,7.248624712,8.470085918,,,
06/01/1985,7.230249249,7.230249249,7.230249249,7.230249249,7.230249249,8.469820446,,,
07/01/1985,7.221486882,7.221486882,7.221486882,7.221486882,7.221486882,8.47438461,,,
08/01/1985,7.214502424,7.214502424,7.214502424,7.214502424,7.214502424,8.476990174,,,
09/01/1985,7.210977526,7.210977526,7.210977526,7.210977526,7.210977526,8.480312268,,,
10/01/1985,7.205832759,7.205832759,7.205832759,7.205832759,7.205832759,8.483711733,,,
11/01/1985,7.205084814,7.205084814,7.205084814,7.205084814,7.205084814,8.4876657,,,
12/01/1985,7.20238824,7.20238824,7.20238824,7.20238824,7.20238824,8.495175501,,,
01/01/1986,7.198371638,7.198371638,7.198371638,7.198371638,7.198371638,8.49491728,,,
02/01/1986,7.191724654,7.191724654,7.191724654,7.191724654,7.191724654,8.490086081,,,
03/01/1986,7.182766356,7.182766356,7.182766356,7.182766356,7.182766356,8.487326767,,,
04/01/1986,7.177423767,7.177423767,7.177423767,7.177423767,7.177423767,8.480863611,,,
05/01/1986,7.169706639,7.169706639,7.169706639,7.169706639,7.169706639,8.476304961,,,
06/01/1986,7.161094171,7.161094171,7.161094171,7.161094171,7.161094171,8.46930134,,,
07/01/1986,7.155222574,7.155222574,7.155222574,7.155222574,7.155222574,8.475272015,,,
08/01/1986,7.145962513,7.145962513,7.145962513,7.145962513,7.145962513,8.475267136,,,
09/01/1986,7.138872782,7.138872782,7.138872782,7.138872782,7.138872782,8.478734116,,,
10/01/1986,7.131331288,7.131331288,7.131331288,7.131331288,7.131331288,8.479272709,,,
11/01/1986,7.124371211,7.124371211,7.124371211,7.124371211,7.124371211,8.477783546,,,
12/01/1986,7.10994925,7.10994925,7.10994925,7.10994925,7.10994925,8.474980262,,,
01/01/1987,7.089803509,7.089803509,7.089803509,7.089803509,7.089803509,8.471468851,,,
02/01/1987,7.066968836,7.066968836,7.066968836,7.066968836,7.066968836,8.461366637,,,
03/01/1987,7.044217746,7.044217746,7.044217746,7.044217746,7.044217746,8.453270113,,,
04/01/1987,7.027298883,7.027298883,7.027298883,7.027298883,7.027298883,8.447391848,,,
05/01/1987,7.018854922,7.018854922,7.018854922,7.018854922,7.018854922,8.448859956,,,
06/01/1987,7.022668389,7.022668389,7.022668389,7.022668389,7.022668389,8.445187347,,,
07/01/1987,7.02711662,7.02711662,7.02711662,7.02711662,7.02711662,8.439963944,,,
08/01/1987,7.035996031,7.035996031,7.035996031,7.035996031,7.035996031,8.43944159,,,
09/01/1987,7.042242432,7.042242432,7.042242432,7.042242432,7.042242432,8.440610957,,,
10/01/1987,7.049230987,7.049230987,7.049230987,7.049230987,7.049230987,8.442011409,,,
11/01/1987,7.06055633,7.06055633,7.06055633,7.06055633,7.06055633,8.442955723,,,
12/01/1987,7.073386003,7.073386003,7.073386003,7.073386003,7.073386003,8.44516438,,,
01/01/1988,7.075199528,7.075199528,7.075199528,7.075199528,7.075199528,8.45105167,,,
02/01/1988,7.067988287,7.067988287,7.067988287,7.067988287,7.067988287,8.458748612,,,
03/01/1988,7.060166391,7.060166391,7.060166391,7.060166391,7.060166391,8.462560718,,,
04/01/1988,7.056937135,7.056937135,7.056937135,7.056937135,7.056937135,8.470703843,,,
05/01/1988,7.06741497,7.06741497,7.06741497,7.06741497,7.06741497,8.481215246,,,
06/01/1988,7.081999789,7.081999789,7.081999789,7.081999789,7.081999789,8.492577887,,,
07/01/1988,7.096530779,7.096530779,7.096530779,7.096530779,7.096530779,8.500305097,,,
08/01/1988,7.113306214,7.113306214,7.113306214,7.113306214,7.113306214,8.508410573,,,
09/01/1988,7.13359726,7.13359726,7.13359726,7.13359726,7.13359726,8.519353949,,,
10/01/1988,7.158432744,7.158432744,7.158432744,7.158432744,7.158432744,8.534149881,,,
11/01/1988,7.188222569,7.188222569,7.188222569,7.188222569,7.188222569,8.55196966,,,
12/01/1988,7.207413702,7.207413702,7.207413702,7.207413702,7.207413702,8.565403909,,,
01/01/1989,7.210275956,7.210275956,7.210275956,7.210275956,7.210275956,8.566968965,,,
02/01/1989,7.202644663,7.202644663,7.202644663,7.202644663,7.202644663,8.565026351,,,
03/01/1989,7.189878586,7.189878586,7.189878586,7.189878586,7.189878586,8.561802878,,,
04/01/1989,7.189472612,7.189472612,7.189472612,7.189472612,7.189472612,8.563356747,,,
05/01/1989,7.19988708,7.19988708,7.19988708,7.19988708,7.19988708,8.570166091,,,
06/01/1989,7.21420502,7.21420502,7.21420502,7.21420502,7.21420502,8.580461333,,,
07/01/1989,7.230836718,7.230836718,7.230836718,7.230836718,7.230836718,8.580339936,,,
08/01/1989,7.249634651,7.249634651,7.249634651,7.249634651,7.249634651,8.584794768,,,
09/01/1989,7.272483589,7.272483589,7.272483589,7.272483589,7.272483589,8.591475179,,,
10/01/1989,7.294017221,7.294017221,7.294017221,7.294017221,7.294017221,8.602045204,,,
11/01/1989,7.320987416,7.320987416,7.320987416,7.320987416,7.320987416,8.615552049,,,
12/01/1989,7.342649662,7.342649662,7.342649662,7.342649662,7.342649662,8.631167212,,,
01/01/1990,7.364148409,7.364148409,7.364148409,7.364148409,7.364148409,8.644217736,,,
02/01/1990,7.386131703,7.386131703,7.386131703,7.386131703,7.386131703,8.660953018,,,
03/01/1990,7.407194878,7.407194878,7.407194878,7.407194878,7.407194878,8.670357567,,,
04/01/1990,7.431185273,7.431185273,7.431185273,7.431185273,7.431185273,8.681559691,,,
05/01/1990,7.469418503,7.469418503,7.469418503,7.469418503,7.469418503,8.688610376,,,
06/01/1990,7.509221221,7.509221221,7.509221221,7.509221221,7.509221221,8.711402451,,,
07/01/1990,7.560131918,7.560131918,7.560131918,7.560131918,7.560131918,8.729834606,,,
08/01/1990,7.61424975,7.61424975,7.61424975,7.61424975,7.61424975,8.738566268,,,
09/01/1990,7.681949866,7.681949866,7.681949866,7.681949866,7.681949866,8.757958575,,,
10/01/1990,7.796758638,7.796758638,7.796758638,7.796758638,7.796758638,8.774838691,,,
11/01/1990,7.896428323,7.896428323,7.896428323,7.896428323,7.896428323,8.809542777,,,
12/01/1990,8.027225043,8.027225043,8.027225043,8.027225043,8.027225043,8.837342792,,,
01/01/1991,8.160786279,8.160786279,8.160786279,8.160786279,8.160786279,8.861833743,,,
02/01/1991,8.279794035,8.279794035,8.279794035,8.279794035,8.279794035,8.872800175,,,
03/01/1991,8.381548615,8.381548615,8.381548615,8.381548615,8.381548615,8.887149385,,,
04/01/1991,8.492593084,8.492593084,8.492593084,8.492593084,8.492593084,8.895752262,,,
05/01/1991,8.601528917,8.601528917,8.601528917,8.601528917,8.601528917,8.912329166,,,
06/01/1991,8.714480846,8.714480846,8.714480846,8.714480846,8.714480846,8.939616165,,,
07/01/1991,8.83652026,8.83652026,8.83652026,8.83652026,8.83652026,8.969089985,,,
08/01/1991,8.949577967,8.949577967,8.949577967,8.949577967,8.949577967,9.023241732,,,
09/01/1991,9.044482082,9.044482082,9.044482082,9.044482082,9.044482082,9.075766756,,,
10/01/1991,9.159851143,9.159851143,9.159851143,9.159851143,9.159851143,9.134157175,,,
11/01/1991,9.290994027,9.290994027,9.290994027,9.290994027,9.290994027,9.220380017,,,
12/01/1991,9.407722376,9.407722376,9.407722376,9.407722376,9.407722376,9.263015622,,,
01/01/1992,9.490358816,9.490358816,9.490358816,9.490358816,9.490358816,9.288579807,,,
02/01/1992,9.564928805,9.564928805,9.564928805,9.564928805,9.564928805,9.301858586,,,
03/01/1992,9.620938272,9.620938272,9.620938272,9.620938272,9.620938272,9.300901453,,,
04/01/1992,9.670330718,9.670330718,9.670330718,9.670330718,9.670330718,9.308825032,,,
05/01/1992,9.723124143,9.723124143,9.723124143,9.723124143,9.723124143,9.318160298,,,
06/01/1992,9.780913068,9.780913068,9.780913068,9.780913068,9.780913068,9.336832386,,,
07/01/1992,9.826121998,9.826121998,9.826121998,9.826121998,9.826121998,9.355041083,,,
08/01/1992,9.870638781,9.870638781,9.870638781,9.870638781,9.870638781,9.37862912,,,
09/01/1992,9.918805518,9.918805518,9.918805518,9.918805518,9.918805518,9.427200622,,,
10/01/1992,9.96010106,9.96010106,9.96010106,9.96010106,9.96010106,9.465396176,,,
11/01/1992,10.00568144,10.00568144,10.00568144,10.00568144,10.00568144,9.507384667,,,
12/01/1992,10.04451314,10.04451314,10.04451314,10.04451314,10.04451314,9.548925489,,,
01/01/1993,10.09250933,10.09250933,10.09250933,10.09250933,10.09250933,9.589629966,,,
02/01/1993,10.13839044,10.13839044,10.13839044,10.13839044,10.13839044,9.616605065,,,
03/01/1993,10.1728356,10.1728356,10.1728356,10.1728356,10.1728356,9.623917073,,,
04/01/1993,10.20844771,10.20844771,10.20844771,10.20844771,10.20844771,9.631854729,,,
05/01/1993,10.24427865,10.24427865,10.24427865,10.24427865,10.24427865,9.644024689,,,
06/01/1993,10.28422047,10.28422047,10.28422047,10.28422047,10.28422047,9.661247865,,,
07/01/1993,10.32040996,10.32040996,10.32040996,10.32040996,10.32040996,9.682714521,,,
08/01/1993,10.36333558,10.36333558,10.36333558,10.36333558,10.36333558,9.694445307,,,
09/01/1993,10.40700737,10.40700737,10.40700737,10.40700737,10.40700737,9.722531699,,,
10/01/1993,10.44434854,10.44434854,10.44434854,10.44434854,10.44434854,9.724843134,,,
11/01/1993,10.48467371,10.48467371,10.48467371,10.48467371,10.48467371,9.73880287,,,
12/01/1993,10.51463124,10.51463124,10.51463124,10.51463124,10.51463124,9.749076548,,,
01/01/1994,10.5304477,10.5304477,10.5304477,10.5304477,10.5304477,9.77535204,,,
02/01/1994,10.53772665,10.53772665,10.53772665,10.53772665,10.53772665,9.787014123,,,
03/01/1994,10.53159165,10.53159165,10.53159165,10.53159165,10.53159165,9.796960886,,,
04/01/1994,10.52670121,10.52670121,10.52670121,10.52670121,10.52670121,9.80521027,,,
05/01/1994,10.53177892,10.53177892,10.53177892,10.53177892,10.53177892,9.819540329,,,
06/01/1994,10.54165089,10.54165089,10.54165089,10.54165089,10.54165089,9.84553923,,,
07/01/1994,10.55206846,10.55206846,10.55206846,10.55206846,10.55206846,9.877405915,,,
08/01/1994,10.56850788,10.56850788,10.56850788,10.56850788,10.56850788,9.904476538,,,
09/01/1994,10.59161281,10.59161281,10.59161281,10.59161281,10.59161281,9.936283397,,,
10/01/1994,10.62122473,10.62122473,10.62122473,10.62122473,10.62122473,9.984329368,,,
11/01/1994,10.66337543,10.66337543,10.66337543,10.66337543,10.66337543,10.03124484,,,
12/01/1994,10.6969114,10.6969114,10.6969114,10.6969114,10.6969114,10.06912558,,,
01/01/1995,10.7081849,10.7081849,10.7081849,10.7081849,10.7081849,10.08664661,,,
02/01/1995,10.70793873,10.70793873,10.70793873,10.70793873,10.70793873,10.10102739,,,
03/01/1995,10.70421139,10.70421139,10.70421139,10.70421139,10.70421139,10.10862816,,,
04/01/1995,10.69849177,10.69849177,10.69849177,10.69849177,10.69849177,10.11410173,,,
05/01/1995,10.70192996,10.70192996,10.70192996,10.70192996,10.70192996,10.12449615,,,
06/01/1995,10.71005123,10.71005123,10.71005123,10.71005123,10.71005123,10.13921873,,,
07/01/1995,10.71516106,10.71516106,10.71516106,10.71516106,10.71516106,10.14692399,,,
08/01/1995,10.72453665,10.72453665,10.72453665,10.72453665,10.72453665,10.16096086,,,
09/01/1995,10.73342922,10.73342922,10.73342922,10.73342922,10.73342922,10.1736317,,,
10/01/1995,10.74388078,10.74388078,10.74388078,10.74388078,10.74388078,10.18601847,,,
11/01/1995,10.7540159,10.7540159,10.7540159,10.7540159,10.7540159,10.19297908,,,
12/01/1995,10.76168449,10.76168449,10.76168449,10.76168449,10.76168449,10.20425065,,,
01/01/1996,10.75746413,10.75746413,10.75746413,10.75746413,10.75746413,10.21368256,,,
02/01/1996,10.74930953,10.74930953,10.74930953,10.74930953,10.74930953,10.21883287,,,
03/01/1996,10.7391842,10.7391842,10.7391842,10.7391842,10.7391842,10.22052389,,,
04/01/1996,10.73043832,10.73043832,10.73043832,10.73043832,10.73043832,10.22478718,,,
05/01/1996,10.73392755,10.73392755,10.73392755,10.73392755,10.73392755,10.22961705,,,
06/01/1996,10.73952053,10.73952053,10.73952053,10.73952053,10.73952053,10.23585221,,,
07/01/1996,10.74759832,10.74759832,10.74759832,10.74759832,10.74759832,10.23729738,,,
08/01/1996,10.75530223,10.75530223,10.75530223,10.75530223,10.75530223,10.24492079,,,
09/01/1996,10.76499347,10.76499347,10.76499347,10.76499347,10.76499347,10.24393904,,,
10/01/1996,10.77504803,10.77504803,10.77504803,10.77504803,10.77504803,10.24912612,,,
11/01/1996,10.79103316,10.79103316,10.79103316,10.79103316,10.79103316,10.25355829,,,
12/01/1996,10.79912127,10.79912127,10.79912127,10.79912127,10.79912127,10.25911964,,,
01/01/1997,10.79681887,10.79681887,10.79681887,10.79681887,10.79681887,10.26341607,,,
02/01/1997,10.78685215,10.78685215,10.78685215,10.78685215,10.78685215,10.26763733,,,
03/01/1997,10.77642911,10.77642911,10.77642911,10.77642911,10.77642911,10.26965404,,,
04/01/1997,10.77378801,10.77378801,10.77378801,10.77378801,10.77378801,10.2733714,,,
05/01/1997,10.77662238,10.77662238,10.77662238,10.77662238,10.77662238,10.27775754,,,
06/01/1997,10.78036674,10.78036674,10.78036674,10.78036674,10.78036674,10.28485461,,,
07/01/1997,10.78550023,10.78550023,10.78550023,10.78550023,10.78550023,10.28897454,,,
08/01/1997,10.79167952,10.79167952,10.79167952,10.79167952,10.79167952,10.30159421,,,
09/01/1997,10.80055184,10.80055184,10.80055184,10.80055184,10.80055184,10.31108364,,,
10/01/1997,10.80904721,10.80904721,10.80904721,10.80904721,10.80904721,10.32434044,,,
11/01/1997,10.82028333,10.82028333,10.82028333,10.82028333,10.82028333,10.33425628,,,
12/01/1997,10.8275207,10.8275207,10.8275207,10.8275207,10.8275207,10.34613854,,,
01/01/1998,10.82902834,10.82902834,10.82902834,10.82902834,10.82902834,10.34910853,,,
02/01/1998,10.82188365,10.82188365,10.82188365,10.82188365,10.82188365,10.34817273,,,
03/01/1998,10.81223292,10.81223292,10.81223292,10.81223292,10.81223292,10.34613343,,,
04/01/1998,10.80158665,10.80158665,10.80158665,10.80158665,10.80158665,10.34226432,,,
05/01/1998,10.79808613,10.79808613,10.79808613,10.79808613,10.79808613,10.34259701,,,
06/01/1998,10.79359292,10.79359292,10.79359292,10.79359292,10.79359292,10.34701644,,,
07/01/1998,10.78708783,10.78708783,10.78708783,10.78708783,10.78708783,10.34870297,,,
08/01/1998,10.78597796,10.78597796,10.78597796,10.78597796,10.78597796,10.35218808,,,
09/01/1998,10.78648574,10.78648574,10.78648574,10.78648574,10.78648574,10.35606432,,,
10/01/1998,10.7880649,10.7880649,10.7880649,10.7880649,10.7880649,10.36625823,,,
11/01/1998,10.7887023,10.7887023,10.7887023,10.7887023,10.7887023,10.37054849,,,
12/01/1998,10.78474587,10.78474587,10.78474587,10.78474587,10.78474587,10.37542273,,,
01/01/1999,10.77729579,10.77729579,10.77729579,10.77729579,10.77729579,10.37917583,,,
02/01/1999,10.76062954,10.76062954,10.76062954,10.76062954,10.76062954,10.37565643,,,
03/01/1999,10.74316089,10.74316089,10.74316089,10.74316089,10.74316089,10.37692249,,,
04/01/1999,10.73363202,10.73363202,10.73363202,10.73363202,10.73363202,10.37668493,,,
05/01/1999,10.73120268,10.73120268,10.73120268,10.73120268,10.73120268,10.38272175,,,
06/01/1999,10.72969012,10.72969012,10.72969012,10.72969012,10.72969012,10.3900906,,,
07/01/1999,10.7313256,10.7313256,10.7313256,10.7313256,10.7313256,10.39006568,,,
08/01/1999,10.73322437,10.73322437,10.73322437,10.73322437,10.73322437,10.40173547,,,
09/01/1999,10.73799949,10.73799949,10.73799949,10.73799949,10.73799949,10.40940955,,,
10/01/1999,10.74581349,10.74581349,10.74581349,10.74581349,10.74581349,10.42247804,,,
11/01/1999,10.75499468,10.75499468,10.75499468,10.75499468,10.75499468,10.43643387,,,
12/01/1999,10.75942754,10.75942754,10.75942754,10.75942754,10.75942754,10.44485997,,,
01/01/2000,10.75924166,10.75924166,10.75924166,10.75924166,10.75924166,10.45111552,,,
02/01/2000,10.75834696,10.75834696,10.75834696,10.75834696,10.75834696,10.4518375,,,
03/01/2000,10.752695,10.752695,10.752695,10.752695,10.752695,10.45803543,,,
04/01/2000,10.74137295,10.74137295,10.74137295,10.74137295,10.74137295,10.46432444,,,
05/01/2000,10.73267989,10.73267989,10.73267989,10.73267989,10.73267989,10.47129882,,,
06/01/2000,10.72767244,10.72767244,10.72767244,10.72767244,10.72767244,10.47974559,,,
07/01/2000,10.72390555,10.72390555,10.72390555,10.72390555,10.72390555,10.49262306,,,
08/01/2000,10.71828225,10.71828225,10.71828225,10.71828225,10.71828225,10.50134269,,,
09/01/2000,10.71114998,10.71114998,10.71114998,10.71114998,10.71114998,10.51391628,,,
10/01/2000,10.70737653,10.70737653,10.70737653,10.70737653,10.70737653,10.53119829,,,
11/01/2000,10.69985196,10.69985196,10.69985196,10.69985196,10.69985196,10.54510279,,,
12/01/2000,10.69594449,10.69594449,10.69594449,10.69594449,10.69594449,10.55964766,,,
01/01/2001,10.69320834,10.69320834,10.69320834,10.69320834,10.69320834,10.57521993,,,
02/01/2001,10.69072032,10.69072032,10.69072032,10.69072032,10.69072032,10.58905771,,,
03/01/2001,10.68957786,10.68957786,10.68957786,10.68957786,10.68957786,10.60296994,,,
04/01/2001,10.69273133,10.69273133,10.69273133,10.69273133,10.69273133,10.61678998,,,
05/01/2001,10.69750446,10.69750446,10.69750446,10.69750446,10.69750446,10.63821574,,,
06/01/2001,10.70358625,10.70358625,10.70358625,10.70358625,10.70358625,10.66176859,,,
07/01/2001,10.71351415,10.71351415,10.71351415,10.71351415,10.71351415,10.68544297,,,
08/01/2001,10.72469999,10.72469999,10.72469999,10.72469999,10.72469999,10.70183208,,,
09/01/2001,10.73955941,10.73955941,10.73955941,10.73955941,10.73955941,10.71741609,,,
10/01/2001,10.7589706,10.7589706,10.7589706,10.7589706,10.7589706,10.74033162,,,
11/01/2001,10.77619417,10.77619417,10.77619417,10.77619417,10.77619417,10.75669719,,,
12/01/2001,10.79563187,10.79563187,10.79563187,10.79563187,10.79563187,10.78150566,,,
01/01/2002,10.81730322,10.81730322,10.81730322,10.81730322,10.81730322,10.79827878,,,
02/01/2002,10.83978545,10.83978545,10.83978545,10.83978545,10.83978545,10.82017903,,,
03/01/2002,10.86143077,10.86143077,10.86143077,10.86143077,10.86143077,10.84430649,,,
04/01/2002,10.88653345,10.88653345,10.88653345,10.88653345,10.88653345,10.86879743,,,
05/01/2002,10.90900135,10.90900135,10.90900135,10.90900135,10.90900135,10.88936954,,,
06/01/2002,10.93407657,10.93407657,10.93407657,10.93407657,10.93407657,10.92342048,,,
07/01/2002,10.9604971,10.9604971,10.9604971,10.9604971,10.9604971,10.95533193,,,
08/01/2002,10.98592921,10.98592921,10.98592921,10.98592921,10.98592921,10.9878289,,,
09/01/2002,11.01530854,11.01530854,11.01530854,11.01530854,11.01530854,11.04164849,,,
10/01/2002,11.04729033,11.04729033,11.04729033,11.04729033,11.04729033,11.07526451,,,
11/01/2002,11.08115098,11.08115098,11.08115098,11.08115098,11.08115098,11.10895252,,,
12/01/2002,11.11541761,11.11541761,11.11541761,11.11541761,11.11541761,11.15395573,,,
01/01/2003,11.1536421,11.1536421,11.1536421,11.1536421,11.1536421,11.19992733,,,
02/01/2003,11.19855175,11.19855175,11.19855175,11.19855175,11.19855175,11.25246656,,,
03/01/2003,11.24765249,11.24765249,11.24765249,11.24765249,11.24765249,11.32150131,,,
04/01/2003,11.30170999,11.30170999,11.30170999,11.30170999,11.30170999,11.38176047,,,
05/01/2003,11.37174867,11.37174867,11.37174867,11.37174867,11.37174867,11.46182471,,,
06/01/2003,11.47509927,11.47509927,11.47509927,11.47509927,11.47509927,11.53687615,,,
07/01/2003,11.63153427,11.63153427,11.63153427,11.63153427,11.63153427,11.59966277,,,
08/01/2003,11.85331543,11.85331543,11.85331543,11.85331543,11.85331543,11.69529381,,,
09/01/2003,12.1132991,12.1132991,12.1132991,12.1132991,12.1132991,11.79366441,,,
10/01/2003,12.41319114,12.41319114,12.41319114,12.41319114,12.41319114,11.91077425,,,
11/01/2003,12.71225282,12.71225282,12.71225282,12.71225282,12.71225282,12.03197513,,,
12/01/2003,12.92503789,12.92503789,12.92503789,12.92503789,12.92503789,12.14498695,,,
01/01/2004,13.0730963,13.0730963,13.0730963,13.0730963,13.0730963,12.22386296,,,
02/01/2004,13.16404141,13.16404141,13.16404141,13.16404141,13.16404141,12.27491395,,,
03/01/2004,13.23334866,13.23334866,13.23334866,13.23334866,13.23334866,12.32002962,,,
04/01/2004,13.29647565,13.29647565,13.29647565,13.29647565,13.29647565,12.37276478,,,
05/01/2004,13.35192547,13.35192547,13.35192547,13.35192547,13.35192547,12.42238757,,,
06/01/2004,13.39851397,13.39851397,13.39851397,13.39851397,13.39851397,12.46361367,,,
07/01/2004,13.44203319,13.44203319,13.44203319,13.44203319,13.44203319,12.49416746,,,
08/01/2004,13.48124586,13.48124586,13.48124586,13.48124586,13.48124586,12.52163653,,,
09/01/2004,13.50857686,13.50857686,13.50857686,13.50857686,13.50857686,12.55007759,,,
10/01/2004,13.53718991,13.53718991,13.53718991,13.53718991,13.53718991,12.57855778,,,
11/01/2004,13.56490177,13.56490177,13.56490177,13.56490177,13.56490177,12.60022011,,,
12/01/2004,13.58818363,13.58818363,13.58818363,13.58818363,13.58818363,12.62581044,,,
01/01/2005,13.61389802,13.61389802,13.61389802,13.61389802,13.61389802,12.64825117,,,
02/01/2005,13.63387181,13.63387181,13.63387181,13.63387181,13.63387181,12.67306213,,,
03/01/2005,13.64980938,13.64980938,13.64980938,13.64980938,13.64980938,12.69185725,,,
04/01/2005,13.67312221,13.67312221,13.67312221,13.67312221,13.67312221,12.71282513,,,
05/01/2005,13.69388595,13.69388595,13.69388595,13.69388595,13.69388595,12.73554964,,,
06/01/2005,13.71198694,13.71198694,13.71198694,13.71198694,13.71198694,12.75524275,,,
07/01/2005,13.72795623,13.72795623,13.72795623,13.72795623,13.72795623,12.77223991,,,
08/01/2005,13.74689457,13.74689457,13.74689457,13.74689457,13.74689457,12.79367666,,,
09/01/2005,13.76189951,13.76189951,13.76189951,13.76189951,13.76189951,12.81063413,,,
10/01/2005,13.77712982,13.77712982,13.77712982,13.77712982,13.77712982,12.83218786,,,
11/01/2005,13.79220959,13.79220959,13.79220959,13.79220959,13.79220959,12.8497973,,,
12/01/2005,13.80598838,13.80598838,13.80598838,13.80598838,13.80598838,12.86915262,,,
01/01/2006,13.8278518,13.8278518,13.8278518,13.8278518,13.8278518,12.89277519,,,
02/01/2006,13.8478351,13.8478351,13.8478351,13.8478351,13.8478351,12.90869401,,,
03/01/2006,13.86669878,13.86669878,13.86669878,13.86669878,13.86669878,12.91905279,,,
04/01/2006,13.88579451,13.88579451,13.88579451,13.88579451,13.88579451,12.93279899,,,
05/01/2006,13.89930797,13.89930797,13.89930797,13.89930797,13.89930797,12.94249443,,,
06/01/2006,13.90829287,13.90829287,13.90829287,13.90829287,13.90829287,12.94709493,,,
07/01/2006,13.91279624,13.91279624,13.91279624,13.91279624,13.91279624,12.95481454,,,
08/01/2006,13.91626587,13.91626587,13.91626587,13.91626587,13.91626587,12.96220742,,,
09/01/2006,13.91717296,13.91717296,13.91717296,13.91717296,13.91717296,12.96685315,,,
10/01/2006,13.91753814,13.91753814,13.91753814,13.91753814,13.91753814,12.98648667,,,
11/01/2006,13.91473369,13.91473369,13.91473369,13.91473369,13.91473369,12.99539442,,,
12/01/2006,13.91328147,13.91328147,13.91328147,13.91328147,13.91328147,13.00416366,,,
01/01/2007,13.92075887,13.92075887,13.92075887,13.92075887,13.92075887,13.01267611,,,
02/01/2007,13.92750661,13.92750661,13.92750661,13.92750661,13.92750661,13.02359663,,,
03/01/2007,13.93027567,13.93027567,13.93027567,13.93027567,13.93027567,13.03260958,,,
04/01/2007,13.94352319,13.94352319,13.94352319,13.94352319,13.94352319,13.04147637,,,
05/01/2007,13.9692654,13.9692654,13.9692654,13.9692654,13.9692654,13.05377773,,,
06/01/2007,14.01036911,14.01036911,14.01036911,14.01036911,14.01036911,13.06399369,,,
07/01/2007,14.06056841,14.06056841,14.06056841,14.06056841,14.06056841,13.07579789,,,
08/01/2007,14.12322532,14.12322532,14.12322532,14.12322532,14.12322532,13.08989512,,,
09/01/2007,14.19878315,14.19878315,14.19878315,14.19878315,14.19878315,13.09893689,,,
10/01/2007,14.28585173,14.28585173,14.28585173,14.28585173,14.28585173,13.1086143,,,
11/01/2007,14.40206619,14.40206619,14.40206619,14.40206619,14.40206619,13.12354831,,,
12/01/2007,14.51881948,14.51881948,14.51881948,14.51881948,14.51881948,13.13713035,,,
01/01/2008,14.59183423,14.59183423,14.59183423,14.59183423,14.59183423,13.15107842,,,
02/01/2008,14.64308158,14.64308158,14.64308158,14.64308158,14.64308158,13.16794373,,,
03/01/2008,14.67747266,14.67747266,14.67747266,14.67747266,14.67747266,13.18530954,,,
04/01/2008,14.70621577,14.70621577,14.70621577,14.70621577,14.70621577,13.20423649,,,
05/01/2008,14.73759755,14.73759755,14.73759755,14.73759755,14.73759755,13.22318755,,,
06/01/2008,14.76907167,14.76907167,14.76907167,14.76907167,14.76907167,13.24382859,,,
07/01/2008,14.80373974,14.80373974,14.80373974,14.80373974,14.80373974,13.25383382,,,
08/01/2008,14.8429246,14.8429246,14.8429246,14.8429246,14.8429246,13.26676749,,,
09/01/2008,14.88613382,14.88613382,14.88613382,14.88613382,14.88613382,13.28146944,,,
10/01/2008,14.92716297,14.92716297,14.92716297,14.92716297,14.92716297,13.29563155,,,
11/01/2008,14.96919003,14.96919003,14.96919003,14.96919003,14.96919003,13.32124905,,,
12/01/2008,15.01595442,15.01595442,15.01595442,15.01595442,15.01595442,13.34317957,,,
01/01/2009,15.06618261,15.06618261,15.06618261,15.06618261,15.06618261,13.36431833,,,
02/01/2009,15.11859953,15.11859953,15.11859953,15.11859953,15.11859953,13.38690966,,,
03/01/2009,15.17481207,15.17481207,15.17481207,15.17481207,15.17481207,13.40119619,,,
04/01/2009,15.23374901,15.23374901,15.23374901,15.23374901,15.23374901,13.41903029,,,
05/01/2009,15.2875493,15.2875493,15.2875493,15.2875493,15.2875493,13.4376771,,,
06/01/2009,15.34702446,15.34702446,15.34702446,15.34702446,15.34702446,13.45813878,,,
07/01/2009,15.41040514,15.41040514,15.41040514,15.41040514,15.41040514,13.47885435,,,
08/01/2009,15.48145998,15.48145998,15.48145998,15.48145998,15.48145998,13.50116207,,,
09/01/2009,15.54501028,15.54501028,15.54501028,15.54501028,15.54501028,13.52432331,,,
10/01/2009,15.61418289,15.61418289,15.61418289,15.61418289,15.61418289,13.54758159,,,
11/01/2009,15.68726449,15.68726449,15.68726449,15.68726449,15.68726449,13.58276661,,,
12/01/2009,15.75997446,15.75997446,15.75997446,15.75997446,15.75997446,13.61350053,,,
01/01/2010,15.83944844,15.83944844,15.83944844,15.83944844,15.83944844,13.6361784,,,
02/01/2010,15.90658332,15.90658332,15.90658332,15.90658332,15.90658332,13.66112431,,,
03/01/2010,15.95531648,15.95531648,15.95531648,15.95531648,15.95531648,13.68455273,,,
04/01/2010,15.99612044,15.99612044,15.99612044,15.99612044,15.99612044,13.71001362,,,
05/01/2010,16.02958468,16.02958468,16.02958468,16.02958468,16.02958468,13.73304933,,,
06/01/2010,16.05237332,16.05237332,16.05237332,16.05237332,16.05237332,13.76131342,,,
07/01/2010,16.0649212,16.0649212,16.0649212,16.0649212,16.0649212,13.78933762,,,
08/01/2010,16.07191255,16.07191255,16.07191255,16.07191255,16.07191255,13.81804427,,,
09/01/2010,16.06964582,16.06964582,16.06964582,16.06964582,16.06964582,13.84706303,,,
10/01/2010,16.06115765,16.06115765,16.06115765,16.06115765,16.06115765,13.87658546,,,
11/01/2010,16.04730373,16.04730373,16.04730373,16.04730373,16.04730373,13.90457621,,,
12/01/2010,16.03455296,16.03455296,16.03455296,16.03455296,16.03455296,13.93148063,,,
01/01/2011,16.02024138,16.02024138,16.02024138,16.02024138,16.02024138,13.96451724,,,
02/01/2011,15.99979218,15.99979218,15.99979218,15.99979218,15.99979218,14.00013902,,,
03/01/2011,15.97909705,15.97909705,15.97909705,15.97909705,15.97909705,14.03270614,,,
04/01/2011,15.96513814,15.96513814,15.96513814,15.96513814,15.96513814,14.0713337,,,
05/01/2011,15.96204325,15.96204325,15.96204325,15.96204325,15.96204325,14.11162617,,,
06/01/2011,15.96876169,15.96876169,15.96876169,15.96876169,15.96876169,14.15417913,,,
07/01/2011,15.98529345,15.98529345,15.98529345,15.98529345,15.98529345,14.19647129,,,
08/01/2011,16.01201367,16.01201367,16.01201367,16.01201367,16.01201367,14.24116748,,,
09/01/2011,16.05241524,16.05241524,16.05241524,16.05241524,16.05241524,14.28682562,,,
10/01/2011,16.09912624,16.09912624,16.09912624,16.09912624,16.09912624,14.33200118,,,
11/01/2011,16.15944568,16.15944568,16.15944568,16.15944568,16.15944568,14.37955275,,,
12/01/2011,16.22889762,16.22889762,16.22889762,16.22889762,16.22889762,14.42647388,,,
01/01/2012,16.29486912,16.29486912,16.29486912,16.29486912,16.29486912,14.47370566,,,
02/01/2012,16.35690175,16.35690175,16.35690175,16.35690175,16.35690175,14.52222746,,,
03/01/2012,16.4049796,16.4049796,16.4049796,16.4049796,16.4049796,14.5678257,,,
04/01/2012,16.45639793,16.45639793,16.45639793,16.45639793,16.45639793,14.61746647,,,
05/01/2012,16.51066537,16.51066537,16.51066537,16.51066537,16.51066537,14.66170076,,,
06/01/2012,16.57263988,16.57263988,16.57263988,16.57263988,16.57263988,14.70935432,,,
07/01/2012,16.62903397,16.62903397,16.62903397,16.62903397,16.62903397,14.74906534,,,
08/01/2012,16.68874208,16.68874208,16.68874208,16.68874208,16.68874208,14.77938767,,,
09/01/2012,16.7730382,16.7730382,16.7730382,16.7730382,16.7730382,14.82118657,,,
10/01/2012,16.843862,16.843862,16.843862,16.843862,16.843862,14.86178859,,,
11/01/2012,16.93275149,16.93275149,16.93275149,16.93275149,16.93275149,14.8963907,,,
12/01/2012,17.0103728,17.0103728,17.0103728,17.0103728,17.0103728,14.9335797,,,
01/01/2013,17.11200009,17.11200009,17.11200009,17.11200009,17.11200009,14.9785995,,,
02/01/2013,17.19513814,17.19513814,17.19513814,17.19513814,17.19513814,15.02947833,,,
03/01/2013,17.2658975,17.2658975,17.2658975,17.2658975,17.2658975,15.07808532,,,
04/01/2013,17.34399949,17.34399949,17.34399949,17.34399949,17.34399949,15.12561451,,,
05/01/2013,17.42479891,17.42479891,17.42479891,17.42479891,17.42479891,15.16367745,,,
06/01/2013,17.50968604,17.50968604,17.50968604,17.50968604,17.50968604,15.20564724,,,
07/01/2013,17.60187556,17.60187556,17.60187556,17.60187556,17.60187556,15.24433873,,,
08/01/2013,17.69719005,17.69719005,17.69719005,17.69719005,17.69719005,15.29245276,,,
09/01/2013,17.78586631,17.78586631,17.78586631,17.78586631,17.78586631,15.34323921,,,
10/01/2013,17.90790607,17.90790607,17.90790607,17.90790607,17.90790607,15.40052398,,,
11/01/2013,18.04050148,18.04050148,18.04050148,18.04050148,18.04050148,15.47175159,,,
12/01/2013,18.17189645,18.17189645,18.17189645,18.17189645,18.17189645,15.53778498,,,
01/01/2014,18.28583263,18.28583263,18.28583263,18.28583263,18.28583263,15.59681321,,,
02/01/2014,18.35679943,18.35679943,18.35679943,18.35679943,18.35679943,15.66416022,,,
03/01/2014,18.40760725,18.40760725,18.40760725,18.40760725,18.40760725,15.73714575,,,
04/01/2014,18.45276994,18.45276994,18.45276994,18.45276994,18.45276994,15.81088627,,,
05/01/2014,18.49464763,18.49464763,18.49464763,18.49464763,18.49464763,15.88825974,,,
06/01/2014,18.54086644,18.54086644,18.54086644,18.54086644,18.54086644,15.96427742,,,
07/01/2014,18.58951235,18.58951235,18.58951235,18.58951235,18.58951235,16.03962314,,,
08/01/2014,18.64223376,18.64223376,18.64223376,18.64223376,18.64223376,16.11587885,,,
09/01/2014,18.69625881,18.69625881,18.69625881,18.69625881,18.69625881,16.18898246,,,
10/01/2014,18.74972973,18.74972973,18.74972973,18.74972973,18.74972973,16.25687819,,,
11/01/2014,18.80377961,18.80377961,18.80377961,18.80377961,18.80377961,16.33408645,,,
12/01/2014,18.85916647,18.85916647,18.85916647,18.85916647,18.85916647,16.40744549,,,
01/01/2015,18.92470749,18.92470749,18.92470749,18.92470749,18.92470749,16.47979269,,,
02/01/2015,19.00295866,19.00295866,19.00295866,19.00295866,19.00295866,16.55304461,,,
03/01/2015,19.08437836,19.08437836,19.08437836,19.08437836,19.08437836,16.61987081,,,
04/01/2015,19.18844778,19.18844778,19.18844778,19.18844778,19.18844778,16.69101043,,,
05/01/2015,19.26852104,19.26852104,19.26852104,19.26852104,19.26852104,16.76367169,,,
06/01/2015,19.35483799,19.35483799,19.35483799,19.35483799,19.35483799,16.83761232,,,
07/01/2015,19.43402307,19.43402307,19.43402307,19.43402307,19.43402307,16.90203661,,,
08/01/2015,19.509932,19.509932,19.509932,19.509932,19.509932,16.97274692,,,
09/01/2015,19.57922632,19.57922632,19.57922632,19.57922632,19.57922632,17.0267238,,,
10/01/2015,19.64917616,19.64917616,19.64917616,19.64917616,19.64917616,17.0797301,,,
11/01/2015,19.7229098,19.7229098,19.7229098,19.7229098,19.7229098,17.12685401,,,
12/01/2015,19.78656042,19.78656042,19.78656042,19.78656042,19.78656042,17.16807184,,,
01/01/2016,19.84330877,19.84330877,19.84330877,19.84330877,19.84330877,17.21714076,,,
02/01/2016,19.90065057,19.90065057,19.90065057,19.90065057,19.90065057,17.27399335,,,
03/01/2016,19.95238343,19.95238343,19.95238343,19.95238343,19.95238343,17.32599395,,,
04/01/2016,20.00741865,20.00741865,20.00741865,20.00741865,20.00741865,17.38230578,,,
05/01/2016,20.06606483,20.06606483,20.06606483,20.06606483,20.06606483,17.43651248,,,
06/01/2016,20.14165743,20.14165743,20.14165743,20.14165743,20.14165743,17.48533275,,,
07/01/2016,20.22778322,20.22778322,20.22778322,20.22778322,20.22778322,17.53181207,,,
08/01/2016,20.32752498,20.32752498,20.32752498,20.32752498,20.32752498,17.57890936,,,
09/01/2016,20.43972989,20.43972989,20.43972989,20.43972989,20.43972989,17.62900429,,,
10/01/2016,20.54055402,20.54055402,20.54055402,20.54055402,20.54055402,17.68136021,,,
11/01/2016,20.64510493,20.64510493,20.64510493,20.64510493,20.64510493,17.75661903,,,
12/01/2016,20.74661695,20.74661695,20.74661695,20.74661695,20.74661695,17.82754846,,,
01/01/2017,20.82106806,20.82106806,20.82106806,20.82106806,20.82106806,17.90479204,,,
02/01/2017,20.88006569,20.88006569,20.88006569,20.88006569,20.88006569,17.97154275,,,
03/01/2017,20.92388141,20.92388141,20.92388141,20.92388141,20.92388141,18.01875863,,,
04/01/2017,20.96886411,20.96886411,20.96886411,20.96886411,20.96886411,18.07659657,,,
05/01/2017,21.00691726,21.00691726,21.00691726,21.00691726,21.00691726,18.12260054,,,
06/01/2017,21.05092478,21.05092478,21.05092478,21.05092478,21.05092478,18.17158821,,,
07/01/2017,21.10004337,21.10004337,21.10004337,21.10004337,21.10004337,18.216638,,,
08/01/2017,21.1456675,21.1456675,21.1456675,21.1456675,21.1456675,18.25917955,,,
09/01/2017,21.19635365,21.19635365,21.19635365,21.19635365,21.19635365,18.30023083,,,
10/01/2017,21.24740194,21.24740194,21.24740194,21.24740194,21.24740194,18.34952095,,,
11/01/2017,21.30265002,21.30265002,21.30265002,21.30265002,21.30265002,18.40119466,,,
12/01/2017,21.35294222,21.35294222,21.35294222,21.35294222,21.35294222,18.45044423,,,
01/01/2018,21.40250953,21.40250953,21.40250953,21.40250953,21.40250953,18.50050678,,,
02/01/2018,21.44172166,21.44172166,21.44172166,21.44172166,21.44172166,18.55395325,,,
03/01/2018,21.47000924,21.47000924,21.47000924,21.47000924,21.47000924,18.60716926,,,
04/01/2018,21.50153303,21.50153303,21.50153303,21.50153303,21.50153303,18.65366483,,,
05/01/2018,21.53172682,21.53172682,21.53172682,21.53172682,21.53172682,18.69322608,,,
06/01/2018,21.56606428,21.56606428,21.56606428,21.56606428,21.56606428,18.73302226,,,
07/01/2018,21.60920154,21.60920154,21.60920154,21.60920154,21.60920154,18.77520614,,,
08/01/2018,21.65318572,21.65318572,21.65318572,21.65318572,21.65318572,18.82629315,,,
09/01/2018,21.71277369,21.71277369,21.71277369,21.71277369,21.71277369,18.88232125,,,
10/01/2018,21.78431962,21.78431962,21.78431962,21.78431962,21.78431962,18.93429658,,,
11/01/2018,21.88288376,21.88288376,21.88288376,21.88288376,21.88288376,18.97851401,,,
12/01/2018,21.98047323,21.98047323,21.98047323,21.98047323,21.98047323,19.01208486,,,
01/01/2019,22.04149272,22.04149272,22.04149272,22.04149272,22.04149272,19.04872686,,,
02/01/2019,22.07726238,22.07726238,22.07726238,22.07726238,22.07726238,19.08498265,,,
03/01/2019,22.10394101,22.10394101,22.10394101,22.10394101,22.10394101,19.11777753,,,
04/01/2019,22.13113285,22.13113285,22.13113285,22.13113285,22.13113285,19.15554204,,,
05/01/2019,22.15958606,22.15958606,22.15958606,22.15958606,22.15958606,19.19206191,,,
06/01/2019,22.18877815,22.18877815,22.18877815,22.18877815,22.18877815,19.23524238,,,
07/01/2019,22.21816492,22.21816492,22.21816492,22.21816492,22.21816492,19.27497867,,,
08/01/2019,22.24963737,22.24963737,22.24963737,22.24963737,22.24963737,19.31248033,,,
09/01/2019,22.28671969,22.28671969,22.28671969,22.28671969,22.28671969,19.34797383,,,
10/01/2019,22.32552027,22.32552027,22.32552027,22.32552027,22.32552027,19.38009623,,,
11/01/2019,22.36936723,22.36936723,22.36936723,22.36936723,22.36936723,19.41812639,,,
12/01/2019,22.4203626,22.4203626,22.4203626,22.4203626,22.4203626,19.45270057,,,
01/01/2020,22.46972059,22.46972059,22.46972059,22.46972059,22.46972059,19.49526452,,,
02/01/2020,22.51655006,22.51655006,22.51655006,22.51655006,22.51655006,19.55103546,,,
03/01/2020,22.56017685,22.56017685,22.56017685,22.56017685,22.56017685,19.59912147,,,
04/01/2020,22.61215177,22.61215177,22.61215177,22.61215177,22.61215177,19.63872567,,,
05/01/2020,22.65590322,22.65590322,22.65590322,22.65590322,22.65590322,19.67901407,,,
06/01/2020,22.70822014,22.70822014,22.70822014,22.70822014,22.70822014,19.72731589,,,
07/01/2020,22.75979822,22.75979822,22.75979822,22.75979822,22.75979822,19.77836399,,,
08/01/2020,22.81040989,22.81040989,22.81040989,22.81040989,22.81040989,19.82417104,,,
09/01/2020,22.86561575,22.86561575,22.86561575,22.86561575,22.86561575,19.8807552,,,
10/01/2020,22.9176347,22.9176347,22.9176347,22.9176347,22.9176347,19.95357625,,,
11/01/2020,22.96700935,22.96700935,22.96700935,22.96700935,22.96700935,20.01073036,,,
12/01/2020,23.00809779,23.00809779,23.00809779,23.00809779,23.00809779,20.06114824,,,
01/01/2021,23.0601602,23.0601602,23.0601602,23.0601602,23.0601602,20.10495591,,,
02/01/2021,23.10917565,23.10917565,23.10917565,23.10917565,23.10917565,20.14699803,,,
03/01/2021,23.15809365,23.15809365,23.15809365,23.15809365,23.15809365,20.18977937,,,
04/01/2021,23.22442137,23.22442137,23.22442137,23.22442137,23.22442137,20.25375167,,,
05/01/2021,23.28364515,23.28364515,23.28364515,23.28364515,23.28364515,20.32125391,,,
06/01/2021,23.33673898,23.33673898,23.33673898,23.33673898,23.33673898,20.38511593,,,
07/01/2021,23.40746856,23.40746856,23.40746856,23.40746856,23.40746856,20.45099395,,,
08/01/2021,23.48043672,23.48043672,23.48043672,23.48043672,23.48043672,20.51345935,,,
09/01/2021,23.55702545,23.55702545,23.55702545,23.55702545,23.55702545,20.56543652,,,
10/01/2021,23.61721208,23.61721208,23.61721208,23.61721208,23.61721208,20.61281019,,,
11/01/2021,23.6821497,23.6821497,23.6821497,23.6821497,23.6821497,20.6697136,,,
12/01/2021,23.74605497,23.74605497,23.74605497,23.74605497,23.74605497,20.72916996,,,
01/01/2022,23.79435995,23.79435995,23.79435995,23.79435995,23.79435995,20.80043266,,,
02/01/2022,23.84506486,23.84506486,23.84506486,23.84506486,23.84506486,20.86521799,,,
03/01/2022,23.90071708,23.90071708,23.90071708,23.90071708,23.90071708,20.91565359,,,
04/01/2022,23.97156438,23.97156438,23.97156438,23.97156438,23.97156438,20.98282967,,,
05/01/2022,24.0471435,24.0471435,24.0471435,24.0471435,24.0471435,21.03225039,,,
06/01/2022,24.11946318,24.11946318,24.11946318,24.11946318,24.11946318,21.07331475,,,
07/01/2022,24.1947241,24.1947241,24.1947241,24.1947241,24.1947241,21.10537498,,,
08/01/2022,24.26659234,24.26659234,24.26659234,24.26659234,24.26659234,21.13449514,,,
09/01/2022,24.34241903,24.34241903,24.34241903,24.34241903,24.34241903,21.16006187,,,
10/01/2022,24.40180966,24.40180966,24.40180966,24.40180966,24.40180966,21.18936438,,,
11/01/2022,24.45661371,24.45661371,24.45661371,24.45661371,24.45661371,21.21348938,,,
12/01/2022,24.50380854,24.50380854,24.50380854,24.50380854,24.50380854,21.23465538,,,
01/01/2023,24.54892124,24.54892124,24.54892124,24.54892124,24.54892124,21.26063586,,,
02/01/2023,24.58915925,24.58915925,24.58915925,24.58915925,24.58915925,21.2852488,,,
03/01/2023,24.6170187,24.6170187,24.6170187,24.6170187,24.6170187,21.3083507,,,
04/01/2023,24.64032273,24.64032273,24.64032273,24.64032273,24.64032273,21.33637415,,,
05/01/2023,24.6670641,24.6670641,24.6670641,24.6670641,24.6670641,21.36053914,,,
06/01/2023,24.68939484,24.68939484,24.68939484,24.68939484,24.68939484,21.38786614,,,
07/01/2023,24.71103508,24.71103508,24.71103508,24.71103508,24.71103508,21.41131658,,,
08/01/2023,24.73051254,24.73051254,24.73051254,24.73051254,24.73051254,21.43968046,,,
09/01/2023,24.75212687,24.75212687,24.75212687,24.75212687,24.75212687,21.46341247,,,
10/01/2023,24.7678114,24.7678114,24.7678114,24.7678114,24.7678114,21.48691915,,,
11/01/2023,24.78630828,24.78630828,24.78630828,24.78630828,24.78630828,21.50713081,,,
12/01/2023,24.80216174,24.80216174,24.80216174,24.80216174,24.80216174,21.52013914,,,
01/01/2024,24.83044423,24.83044423,24.83044423,24.83044423,24.83044423,21.53095233,,,
02/01/2024,24.84280014,24.85161467,24.84280014,24.84280014,24.80208526,21.56697345,,,
03/01/2024,24.85403899,24.86855899,24.85403899,24.85403899,24.79278006,21.59155069,,,
04/01/2024,24.86486353,24.88525465,24.86486353,24.86486353,24.78570209,21.61749348,,,
05/01/2024,24.87230425,24.90468314,24.87230425,24.87230425,24.7812056,21.64251262,,,
06/01/2024,24.87991332,24.92720163,24.87991332,24.87991332,24.778796,21.66840694,,,
07/01/2024,24.8876156,24.95099726,24.8876156,24.8876156,24.77836062,21.6935853,,,
08/01/2024,24.89599079,24.97743509,24.89599079,24.89599079,24.77973557,21.71975044,,,
09/01/2024,24.90485618,25.0055342,24.90485618,24.90485618,24.7827461,21.74607923,,,
10/01/2024,24.913947,25.03423391,24.913947,24.913947,24.78703648,21.77172759,,,
11/01/2024,24.92362996,25.06515935,24.92362996,24.92362996,24.79278237,21.79838698,,,
12/01/2024,24.93157808,25.09451093,24.93157808,24.93157808,24.79944477,21.82436908,,,
01/01/2025,24.93410546,25.12002098,24.93410546,24.93410546,24.80737949,21.85140261,,,
02/01/2025,24.93224661,25.14198838,24.93224661,24.93224661,24.81625298,21.87861025,,,
03/01/2025,24.92689779,25.15879081,24.92689779,24.92689779,24.82495863,21.90336443,,,
04/01/2025,24.91924888,25.17639184,24.91924888,24.91924888,24.83535067,21.9309104,,,
05/01/2025,24.91219712,25.19439575,24.91219712,24.91219712,24.84604305,21.95772679,,,
06/01/2025,24.90459588,25.21331699,24.90459588,24.90459588,24.85769447,21.98557996,,,
07/01/2025,24.89694829,25.23187676,24.89694829,24.89694829,24.86947265,22.01268052,,,
08/01/2025,24.88871211,25.25127805,24.88871211,24.88871211,24.88212215,22.04081948,,,
09/01/2025,24.88012052,25.27087536,24.88012052,24.88012052,24.89519714,22.06910299,,,
10/01/2025,24.87146311,25.29000821,24.87146311,24.87146311,24.9082039,22.09664186,,,
11/01/2025,24.86217883,25.30991668,24.86217883,24.86217883,24.92197986,22.12530363,,,
12/01/2025,24.85299307,25.32928003,24.85299307,24.85299307,24.93558857,22.1532624,,,
01/01/2026,24.84333076,25.349367,24.84333076,24.84333076,24.94991308,22.1823503,,,
02/01/2026,24.83353037,25.36950869,24.83353037,24.83353037,24.96447616,22.21165736,,,
03/01/2026,24.82460038,25.38773301,24.82460038,24.82460038,24.97780168,22.2383686,,,
04/01/2026,24.81463984,25.4079259,24.81463984,24.81463984,24.9927378,22.26813932,,,
05/01/2026,24.80493595,25.42747272,24.80493595,24.80493595,25.00734015,22.29715284,,,
06/01/2026,24.79484329,25.44765999,24.79484329,24.79484329,25.02256558,22.32731636,,,
07/01/2026,24.78501346,25.46717257,24.78501346,24.78501346,25.03740841,22.35670023,,,
08/01/2026,24.77478882,25.48730349,24.77478882,24.77478882,25.05284604,22.38724451,,,
09/01/2026,24.76449219,25.50739206,24.76449219,24.76449219,25.06836904,22.41799072,,,
10/01/2026,24.7544552,25.52678439,24.7544552,24.75905281,25.08345372,22.44796361,,,
11/01/2026,24.74400394,25.54676641,24.74400394,24.75479173,25.09909698,22.47914308,,,
12/01/2026,24.7338216,25.56604492,24.7338216,24.75137928,25.11427687,22.50952502,,,
01/01/2027,24.72322983,25.58589648,24.72322983,24.74842086,25.12999596,22.54110794,,,
02/01/2027,24.71256396,25.6056756,24.71256396,24.74592354,25.14573983,22.5728812,,,
03/01/2027,24.70286648,25.62347759,24.70286648,24.74398811,25.15997318,22.60179355,,,
04/01/2027,24.69248306,25.64310665,24.69205124,24.74218292,25.17574087,22.63397859,,,
05/01/2027,24.68696615,25.66202388,24.68150827,24.74071144,25.19100179,22.66539088,,,
06/01/2027,24.68236692,25.68148614,24.67053115,24.73944952,25.20676789,22.6980822,,,
07/01/2027,24.67858591,25.70024005,24.6598363,24.73844303,25.22201733,22.72994145,,,
08/01/2027,24.6752229,25.7195328,24.64871166,24.73760639,25.23776126,22.76305488,,,
09/01/2027,24.67230303,25.73873219,24.63750922,24.73695007,25.25348555,22.79635297,,,
10/01/2027,24.66982794,25.75722605,24.62659463,24.73646949,25.26868181,22.82876238,,,
11/01/2027,24.66759069,25.77624349,24.61523672,24.73611756,25.28435854,22.86241679,,,
12/01/2027,24.66568626,25.79455866,24.60417415,24.73589832,25.29950362,22.89515515,,,
01/01/2028,24.66396268,25.81339088,24.59267162,24.7357893,25.31512016,22.92918398,,,
02/01/2028,24.66245481,25.83213015,24.58109567,24.73578618,25.33070143,22.96348703,,,
03/01/2028,24.66121441,25.84957865,24.57443691,24.7358668,25.34524429,22.99586171,,,
04/01/2028,24.660056,25.86813543,24.56896096,24.73603919,25.36075008,23.03070646,,,
05/01/2028,24.65908051,25.88600508,24.56441117,24.736279,25.3757165,23.06466258,,,
06/01/2028,24.65820928,25.90437643,24.56029512,24.73659788,25.39113913,23.0999592,,,
07/01/2028,24.65748086,25.92206687,24.55675597,24.7369662,25.40602866,23.13433522,,,
08/01/2028,24.65683974,25.9402552,24.55349532,24.73740563,25.42139849,23.17018479,,,
09/01/2028,24.65629731,25.95835039,24.55057146,24.73789662,25.436745,23.2064464,,,
10/01/2028,24.65585556,25.97577629,24.54801698,24.73841521,25.45156928,23.24208224,,,
11/01/2028,24.65548141,25.99369255,24.54563667,24.73899506,25.46685725,23.27936313,,,
12/01/2028,24.6551874,26.01094484,24.54354722,24.73959201,25.48161861,23.31584189,,,
01/01/2029,24.65494905,26.02868056,24.5415904,24.74024308,25.49683313,23.35387746,,,
02/01/2029,24.65477022,26.04632602,24.53981414,24.74092774,25.51200719,23.39221779,,,
03/01/2029,24.65465322,26.06219159,24.53834448,24.74156832,25.52567898,23.42716806,,,
04/01/2029,24.65457274,26.0796686,24.53686276,24.74230294,25.54077198,23.46609031,,,
05/01/2029,24.6545362,26.0964996,24.53555075,24.74303472,25.55533808,23.50400248,,,
06/01/2029,24.65453871,26.1138051,24.53431291,24.74381171,25.57034264,23.54337506,,,
07/01/2029,24.65457568,26.13047336,24.53321501,24.74458153,25.58481967,23.58168866,,,
08/01/2029,24.65464667,26.147612,24.53217663,24.74539395,25.59973136,23.62145296,,,
09/01/2029,24.6547489,26.16466525,24.5312246,24.74622124,25.61459388,23.66138889,,,
10/01/2029,24.6548727,26.18109237,24.53037808,24.74703586,25.62893261,23.70022086,,,
11/01/2029,24.65502348,26.19798407,24.52957408,24.74788956,25.64369969,23.74049237,,,
12/01/2029,24.65518923,26.21425441,24.52885672,24.7487264,25.65794418,23.7799078,,,
01/01/2030,24.65537924,26.23098485,24.52817369,24.74960085,25.67261312,23.82093948,,,
02/01/2030,24.65558716,26.24763547,24.52754451,24.75048508,25.68723272,23.86221061,,,
03/01/2030,24.655788,26.26261023,24.52701626,24.75129086,25.70039701,23.89977542,,,
04/01/2030,24.65602595,26.27911197,24.52647685,24.75219157,25.71492299,23.94150423,,,
05/01/2030,24.65626835,26.2950087,24.52599267,24.75306964,25.7289336,23.98207402,,,
06/01/2030,24.65653066,26.31135799,24.52552913,24.75398531,25.74336119,24.02416416,,,
07/01/2030,24.65679487,26.32710909,24.52511418,24.75487537,25.75727701,24.06510602,,,
08/01/2030,24.65707785,26.34331009,24.52471513,24.75579982,25.77160712,24.10757425,,,
09/01/2030,24.65736971,26.3594364,24.52434318,24.7567282,25.78588752,24.15021292,,,
10/01/2030,24.65765953,26.37497293,24.52400623,24.75762982,25.79966054,24.19164995,,,
11/01/2030,24.65796591,26.39095327,24.52368058,24.75856451,25.81384251,24.23456805,,,
12/01/2030,24.65827093,26.40635081,24.52338517,24.75947203,25.82752098,24.27624275,,,
01/01/2031,24.65859117,26.42219123,24.52309986,24.76041326,25.84160699,24.31938551,,,
02/01/2031,24.65891603,26.43796103,24.52283212,24.76135696,25.855644,24.36261759,,,
03/01/2031,24.65921184,26.45214611,24.52260264,24.76221035,25.86828166,24.40187635,,,
04/01/2031,24.6595436,26.46778043,24.52236377,24.76315743,25.88222416,24.44538097,,,
05/01/2031,24.6598679,26.4828455,24.52214558,24.76407576,25.89567127,24.4875995,,,
06/01/2031,24.66020624,26.49834403,24.52193276,24.76502634,25.90951779,24.53129833,,,
07/01/2031,24.66053565,26.51327763,24.52173707,24.76594698,25.92287125,24.57370322,,,
08/01/2031,24.66087989,26.52864281,24.52154678,24.76690077,25.9366226,24.61758365,,,
09/01/2031,24.66122646,26.5439406,24.52136638,24.76785568,25.95032549,24.66153797,,,
10/01/2031,24.66156414,26.55868372,24.52120279,24.76878105,25.9635418,24.70419983,,,
11/01/2031,24.66191425,26.57385034,24.52103981,24.76973735,25.97714945,24.7483458,,,
12/01/2031,24.66225524,26.58846745,24.52088913,24.77066409,25.99027401,24.79118421,,,
01/01/2032,24.66260993,26.60350808,24.52074078,24.7716231,26.00378931,24.83551206,,,
02/01/2032,24.66296633,26.61848519,24.5205988,24.77258297,26.01725765,24.87990615,,,
03/01/2032,24.66329992,26.63243907,24.52046994,24.77348043,26.02981468,24.92159191,,,
04/01/2032,24.66365817,26.64729226,24.52033827,24.77444062,26.04319097,24.96619645,,,
05/01/2032,24.66400651,26.66160877,24.52021618,24.77537087,26.0560928,25.0094709,,,
06/01/2032,24.66436669,26.6763393,24.52009418,24.77633166,26.06937714,25.05423699,,,
07/01/2032,24.66471709,26.69053835,24.51998132,24.77726275,26.08219076,25.0976629,,,
08/01/2032,24.66508077,26.70515166,24.5198699,24.77822584,26.09538648,25.14258402,,,
09/01/2032,24.66544446,26.71970373,24.51976182,24.7791884,26.10853557,25.1875629,,,
10/01/2032,24.66579784,26.7337316,24.51966163,24.78012086,26.12121873,25.23119646,,,
11/01/2032,24.66616346,26.748168,24.51956166,24.78108435,26.13427926,25.27633588,,,
12/01/2032,24.66651748,26.76208321,24.51946782,24.78201654,26.14687584,25.32012143,,,
01/01/2033,24.66688407,26.77640362,24.5193745,24.78298011,26.15984741,25.36541518,,,
02/01/2033,24.66725184,26.79066735,24.51928508,24.78394442,26.17277512,25.41076874,,,
03/01/2033,24.66758374,26.80350332,24.51920608,24.78481485,26.18441483,25.45192015,,,
04/01/2033,24.66795259,26.81765917,24.51912263,24.78577949,26.19725857,25.49749069,,,
05/01/2033,24.66830872,26.83130371,24.51904562,24.78671189,26.20964538,25.54168153,,,
06/01/2033,24.66867793,26.84534858,24.51896592,24.78767619,26.22240232,25.58738206,,,
07/01/2033,24.66903588,26.85888976,24.51889306,24.78860973,26.23470769,25.63169824,,,
08/01/2033,24.66940506,26.87282616,24.51881861,24.78957336,26.24737888,25.67644941,,,
09/01/2033,24.66977489,26.88670896,24.51874616,24.79053732,26.26000757,25.72012877,,,
10/01/2033,24.67013286,26.90009347,24.5186777,24.79146996,26.27218873,25.7616377,,,
11/01/2033,24.67050342,26.91387158,24.51860953,24.79243406,26.28473402,25.8038512,,,
12/01/2033,24.67086255,26.92715703,24.51854535,24.79336733,26.29683573,25.84413722,,,
01/01/2034,24.67123265,26.94083065,24.51848097,24.79433045,26.30929729,25.88522844,,,
02/01/2034,24.67160388,26.95445376,24.51841744,24.79529439,26.32171816,25.92582996,,,
03/01/2034,24.67193857,26.96671515,24.51836199,24.79616424,26.33290218,25.96213098,,,
04/01/2034,24.67230985,26.98023974,24.51830205,24.79712778,26.34524373,26.00189929,,,
05/01/2034,24.67266942,26.99328112,24.51824596,24.79806024,26.35714895,26.04001615,,,
06/01/2034,24.67304023,27.00670597,24.5181893,24.7990228,26.36940924,26.07902971,,,
07/01/2034,24.6733989,27.01965051,24.51813515,24.79995392,26.3812356,26.11646193,,,
08/01/2034,24.67376993,27.03297739,24.5180811,24.80091623,26.39341606,26.15480668,,,
09/01/2034,24.67414135,27.04625606,24.51802878,24.80187868,26.40555682,26.19283163,,,
10/01/2034,24.67449993,27.05905963,24.51797933,24.80280905,26.41726749,26.22935074,,,
11/01/2034,24.67486964,27.07223922,24.51792855,24.80376938,26.4293273,26.26680001,,,
12/01/2034,24.67522725,27.08494724,24.51787982,24.80469834,26.44096029,26.30277656,,,
01/01/2035,24.67559684,27.0980299,24.51783094,24.80565812,26.45294114,26.33968867,,,
02/01/2035,24.67596614,27.11106413,24.51778298,24.80661737,26.4648821,26.37633866,,,
03/01/2035,24.67630032,27.122799,24.51774103,24.80748423,26.47563614,26.40924076,,,
04/01/2035,24.67666988,27.13574339,24.51769628,24.80844332,26.48750288,26.44543048,,,
05/01/2035,24.67702727,27.14822597,24.51765337,24.80937103,26.49895015,26.48022796,,,
06/01/2035,24.67739713,27.16107911,24.51761071,24.81033001,26.5107411,26.51596036,,,
07/01/2035,24.67775493,27.17347456,24.51757071,24.8112577,26.52211569,26.55033808,,,
08/01/2035,24.67812329,27.18623512,24.51752967,24.81221476,26.53382958,26.58564961,,,
09/01/2035,24.67849203,27.19894979,24.51748904,24.81317198,26.54550555,26.62075044,,,
10/01/2035,24.67884914,27.21121255,24.51745111,24.81409838,26.55676979,26.65452522,,,
11/01/2035,24.67921831,27.22383931,24.51741334,24.81505543,26.56837195,26.6892258,,,
12/01/2035,24.67957527,27.2360168,24.51737751,24.81598103,26.57956449,26.72262835,,,
01/01/2036,24.67994466,27.24855686,24.51734167,24.81693776,26.59109356,26.75694969,,,
02/01/2036,24.68031352,27.26105219,24.51730689,24.81789367,26.60258498,26.79108244,,,
03/01/2036,24.68065781,27.27270176,24.51727409,24.8187869,26.61330172,26.82285153,,,
04/01/2036,24.68102576,27.28511047,24.51723959,24.81974136,26.62472049,26.85663044,,,
05/01/2036,24.68138218,27.29707874,24.5172071,24.82066513,26.63573699,26.88915613,,,
06/01/2036,24.6817499,27.3094018,24.51717449,24.82161881,26.64708352,26.92259427,,,
07/01/2036,24.68210625,27.3212883,24.51714336,24.82254194,26.65803076,26.9547956,,,
08/01/2036,24.68247376,27.33352703,24.51711241,24.82349484,26.6693059,26.98791234,,,
09/01/2036,24.6828418,27.34572398,24.51708179,24.824448,26.68054565,27.02085877,,,
10/01/2036,24.68319786,27.35748806,24.51705321,24.82537,26.69138927,27.05259234,,,
11/01/2036,24.68356624,27.36960355,24.51702467,24.82632293,26.7025595,27.08522495,,,
12/01/2036,24.68392277,27.3812893,24.51699834,24.82724487,26.71333633,27.11666104,,,
01/01/2037,24.6842911,27.39332349,24.51697147,24.82819719,26.7244372,27.14899359,,,
02/01/2037,24.68465947,27.4053177,24.51694518,24.82914924,26.73550348,27.18118279,,,
03/01/2037,24.68499159,27.41611731,24.51692203,24.83000833,26.74546982,27.21014049,,,
04/01/2037,24.68535938,27.42803354,24.51689667,24.83095927,26.75646944,27.24205064,,,
05/01/2037,24.68571534,27.4395282,24.51687273,24.8318793,26.76708213,27.27279879,,,
06/01/2037,24.68608302,27.45136592,24.51684881,24.83282957,26.77801422,27.30443959,,,
07/01/2037,24.68643844,27.46278397,24.51682593,24.83374853,26.7885612,27.33492599,,,
08/01/2037,24.6868063,27.47454492,24.51680291,24.83469841,26.79942664,27.36629085,,,
09/01/2037,24.68717333,27.4862668,24.5167805,24.8356472,26.81025759,27.3975173,,,
10/01/2037,24.6875285,27.49757463,24.51675894,24.83656509,26.82070775,27.42761228,,,
11/01/2037,24.68789626,27.50922243,24.51673795,24.83751404,26.83147377,27.4585813,,,
12/01/2037,24.68825224,27.52045937,24.51671863,24.8384322,26.84186162,27.48842734,,,
01/01/2038,24.68862003,27.53203275,24.51669931,24.83938064,26.85256267,27.51914268,,,
02/01/2038,24.68898653,27.54356516,24.51667967,24.8403275,26.8632289,27.54973404,,,
03/01/2038,24.68931792,27.55395001,24.51666155,24.84118287,26.87283614,27.5772634,,,
04/01/2038,24.68968584,27.56541103,24.51664304,24.84213053,26.883441,27.60762165,,,
05/01/2038,24.69004194,27.57646749,24.51662624,24.84304728,26.89367335,27.63689116,,,
06/01/2038,24.69040874,27.58785258,24.51660874,24.84399311,26.90421275,27.66701238,,,
07/01/2038,24.6907638,27.59883472,24.5165913,24.8449082,26.91438165,27.69605363,,,
08/01/2038,24.69113117,27.61014638,24.51657418,24.84585389,26.92485777,27.72594598,,,
09/01/2038,24.69149861,27.62142152,24.51655803,24.84679932,26.93530203,27.75572402,,,
10/01/2038,24.69185472,27.63230033,24.51654317,24.84771444,26.94538041,27.78443294,,,
11/01/2038,24.69222192,27.64350494,24.51652823,24.84865895,26.95576239,27.81398685,,,
12/01/2038,24.69257714,27.65431439,24.51651347,24.84957252,26.96578002,27.84248319,,,
01/01/2039,24.69294377,27.66544716,24.51649861,24.85051576,26.97609966,27.87181285,,,
02/01/2039,24.69331057,27.67654416,24.51648383,24.85145883,26.98638821,27.90103597,,,
03/01/2039,24.69364239,27.68653932,24.51647121,24.85231086,26.99565646,27.9273404,,,
04/01/2039,24.69400976,27.69757024,24.51645821,24.85325383,27.00588696,27.9563561,,,
05/01/2039,24.69436569,27.70821369,24.51644603,24.85416647,27.01575937,27.98433868,,,
06/01/2039,24.69473343,27.71917741,24.51643417,24.85510911,27.02593044,28.01315238,,,
07/01/2039,24.69508881,27.72975428,24.51642269,24.85602054,27.03574438,28.04093476,,,
08/01/2039,24.6954561,27.74064977,24.51641061,24.85696207,27.04585542,28.06954228,,,
09/01/2039,24.69582315,27.75151088,24.51639906,24.857903,27.05593616,28.09804694,,,
10/01/2039,24.6961781,27.76198931,24.51638791,24.85881301,27.06566337,28.12553939,,,
11/01/2039,24.69654303,27.77277951,24.51637536,24.85975117,27.07568252,28.15384587,,,
12/01/2039,24.69689748,27.78319163,24.51636299,24.86066002,27.08535201,28.18115467,,,
01/01/2040,24.69726396,27.79391763,24.51635213,24.86159904,27.09531451,28.20927648,,,
02/01/2040,24.69763115,27.8046116,24.51634202,24.86253843,27.10524855,28.23729973,,,
03/01/2040,24.69797484,27.81458774,24.51633332,24.8634171,27.11451656,28.26344037,,,
04/01/2040,24.69834146,27.82521799,24.51632391,24.86435528,27.12439387,28.29128495,,,
05/01/2040,24.69869598,27.83547452,24.51631426,24.86526257,27.13392519,28.31813712,,,
06/01/2040,24.69906251,27.84604074,24.51630471,24.86619999,27.1437457,28.34579108,,,
07/01/2040,24.69941662,27.85623487,24.51629561,24.86710625,27.15322185,28.37247692,,,
08/01/2040,24.69978279,27.86673714,24.51628604,24.86804263,27.16298567,28.39995591,,,
09/01/2040,24.70014799,27.87720549,24.51627664,24.86897772,27.17271982,28.42734653,,,
10/01/2040,24.70050256,27.88730798,24.51626769,24.8698835,27.1821148,28.45376712,,,
11/01/2040,24.7008682,27.89771448,24.51625926,24.87081836,27.19179396,28.48098483,,,
12/01/2040,24.70122134,27.90775425,24.51625023,24.87172206,27.20113367,28.50724359,,,
01/01/2041,24.70158703,27.91809826,24.51624124,24.87265633,27.21075764,28.53429415,,,
02/01/2041,24.7019524,27.92840963,24.5162332,24.87358996,27.22035319,28.56125898,,,
03/01/2041,24.70228253,27.93769842,24.51622535,24.87443305,27.22899779,28.58554742,,,
04/01/2041,24.7026484,27.94795238,24.51621768,24.87536655,27.23854169,28.6123561,,,
05/01/2041,24.7030024,27.95784691,24.51621087,24.87626955,27.24775212,28.63822184,,,
06/01/2041,24.70336693,27.96803818,24.51620299,24.87720105,27.25724064,28.66486933,,,
07/01/2041,24.70372003,27.97787252,24.51619479,24.87810253,27.26639798,28.69057509,,,
08/01/2041,24.70408444,27.98800349,24.51618679,24.87903327,27.27583296,28.7170563,,,
09/01/2041,24.7044487,27.99810362,24.5161787,24.87996354,27.28524073,28.74345667,,,
10/01/2041,24.70480156,28.00785021,24.51617116,24.88086383,27.29432029,28.76892662,,,
11/01/2041,24.70516574,28.01789121,24.51616357,24.88179337,27.30367538,28.79517096,,,
12/01/2041,24.70551848,28.02758039,24.51615653,24.88269294,27.31270405,28.82049488,,,
01/01/2042,24.70588352,28.03756358,24.51614994,24.8836227,27.32200783,28.8465878,,,
02/01/2042,24.70624889,28.04751864,24.51614386,24.88455247,27.33128599,28.87260863,,,
03/01/2042,24.7065788,28.05648679,24.51613891,24.88539189,27.33964501,28.89605224,,,
04/01/2042,24.70694387,28.06638675,24.51613329,24.88632075,27.3488736,28.92192987,,,
05/01/2042,24.7072971,28.07593995,24.516128,24.88721928,27.35778013,28.94689856,,,
06/01/2042,24.70766162,28.08578135,24.51612239,24.88814696,27.36695698,28.97262483,,,
07/01/2042,24.70801428,28.09527785,24.51611647,24.88904433,27.37581347,28.99745647,,,
08/01/2042,24.70837798,28.10506026,24.51611028,24.88997057,27.38493841,29.02303955,,,
09/01/2042,24.70874206,28.11481433,24.51610382,24.89089686,27.39403816,29.04854437,,,
10/01/2042,24.70909512,28.12422835,24.51609877,24.89179369,27.40282148,29.07316034,,,
11/01/2042,24.7094602,28.13392859,24.51609451,24.89272036,27.41187274,29.0985271,,,
12/01/2042,24.70981287,28.14328874,24.51609016,24.89361621,27.42060779,29.12301399,,,
01/01/2043,24.71017742,28.15293262,24.51608549,24.89454172,27.42960897,29.14825131,,,
02/01/2043,24.71054193,28.16254857,24.51608099,24.89546688,27.43858518,29.17341525,,,
03/01/2043,24.71087106,28.17121123,24.51607703,24.89630215,27.44667238,29.19609173,,,
04/01/2043,24.71123589,28.18077569,24.516073,24.89722703,27.4556021,29.22112365,,,
05/01/2043,24.71158831,28.19000518,24.5160694,24.89812115,27.46422011,29.24528281,,,
06/01/2043,24.71195297,28.19951599,24.5160656,24.89904524,27.47310159,29.27018243,,,
07/01/2043,24.71230553,28.20869419,24.51606236,24.89993889,27.48167347,29.29421437,,,
08/01/2043,24.71267018,28.21815237,24.51605899,24.90086238,27.49050745,29.31898261,,,
09/01/2043,24.71303422,28.22758318,24.51605577,24.90178492,27.49931676,29.34368701,,,
10/01/2043,24.7133861,28.236684,24.51605218,24.90267702,27.50781895,29.36753116,,,
11/01/2043,24.71374997,28.24606228,24.51604846,24.90359879,27.51658106,29.39210636,,,
12/01/2043,24.71410215,28.25511318,24.51604557,24.90449059,27.52503832,29.41582629,,,
01/01/2044,24.71446566,28.26443872,24.51604234,24.90541139,27.53375329,29.4402691,,,
02/01/2044,24.71482905,28.27373728,24.51603894,24.90633179,27.54244437,29.46464513,,,
03/01/2044,24.71516876,28.2824127,24.51603553,24.90719229,27.55055389,29.48739412,,,
04/01/2044,24.71553164,28.29165946,24.51603199,24.90811159,27.55919878,29.51165485,,,
05/01/2044,24.71588271,28.30058317,24.51602836,24.90900082,27.56754272,29.53507884,,,
06/01/2044,24.71624589,28.30977931,24.5160249,24.9099198,27.57614217,29.55921577,,,
07/01/2044,24.71659694,28.31865421,24.51602206,24.91080844,27.58444214,29.58251912,,,
08/01/2044,24.71696025,28.32780052,24.51601908,24.91172693,27.59299658,29.60653852,,,
09/01/2044,24.71732242,28.33691929,24.51601634,24.91264401,27.60152662,29.63049557,,,
10/01/2044,24.71767386,28.34572164,24.51601305,24.91353215,27.60976134,29.65362475,,,
11/01/2044,24.71803751,28.3547941,24.51601116,24.9144501,27.61824892,29.67746484,,,
12/01/2044,24.71838833,28.36354929,24.51600932,24.91533707,27.62644052,29.7004769,,,
01/01/2045,24.71875134,28.37257261,24.51600683,24.91625379,27.63488348,29.72419574,,,
02/01/2045,24.71911369,28.38157001,24.51600473,24.91716953,27.64330334,29.7478559,,,
03/01/2045,24.71944112,28.38967661,24.51600244,24.91799659,27.65089035,29.76917731,,,
04/01/2045,24.71980351,28.3986269,24.51600015,24.91891181,27.65926791,29.79272411,,,
05/01/2045,24.72015373,28.40726472,24.51599764,24.91979676,27.66735396,29.81546227,,,
06/01/2045,24.7205152,28.41616507,24.51599466,24.92071049,27.67568688,29.83890326,,,
07/01/2045,24.72086532,28.42475565,24.51599182,24.92159476,27.68373071,29.86153751,,,
08/01/2045,24.72122716,28.43360873,24.51598928,24.92250828,27.69202105,29.88486727,,,
09/01/2045,24.72158901,28.44243808,24.51598705,24.9234215,27.70028987,29.90814008,,,
10/01/2045,24.72193878,28.45095968,24.51598487,24.92430457,27.70827129,29.93060916,,,
11/01/2045,24.7223001,28.45974161,24.51598221,24.92521668,27.71649723,29.95377386,,,
12/01/2045,24.72264984,28.46821871,24.51597984,24.92609916,27.72443812,29.97613709,,,
01/01/2046,24.72301064,28.47695469,24.51597727,24.92701016,27.73262198,29.99919048,,,
02/01/2046,24.72337195,28.48566825,24.51597499,24.92792138,27.74078541,30.02218911,,,
03/01/2046,24.72369813,28.49351974,24.51597327,24.92874403,27.7481416,30.04292007,,,
04/01/2046,24.72405886,28.50218818,24.51597113,24.92965413,27.75626439,30.06581642,,,
05/01/2046,24.72440775,28.51055472,24.51596856,24.93053438,27.7641052,30.0879212,,,
06/01/2046,24.7247698,28.51918036,24.51596671,24.93144521,27.77218866,30.11071205,,,
07/01/2046,24.72511969,28.52750624,24.51596624,24.9323259,27.77999169,30.13271779,,,
08/01/2046,24.72548009,28.53608498,24.51596443,24.93323453,27.78803285,30.15540413,,,
09/01/2046,24.72583997,28.54463964,24.51596156,24.93414234,27.79605262,30.17804553,,,
10/01/2046,24.72618859,28.55289723,24.5159589,24.93502095,27.80379477,30.19990389,,,
11/01/2046,24.72654841,28.56140667,24.51595638,24.93592812,27.81177395,30.22244471,,,
12/01/2046,24.72689652,28.5696203,24.51595358,24.93680567,27.81947656,30.24420641,,,
01/01/2047,24.72725605,28.57808486,24.5159509,24.937712,27.82741533,30.26664109,,,
02/01/2047,24.72761581,28.58652699,24.5159484,24.93861827,27.83533397,30.28902389,,,
03/01/2047,24.72794089,28.59413426,24.51594621,24.93943672,27.84247005,30.3091994,,,
04/01/2047,24.72830074,28.60253452,24.51594412,24.94034252,27.8503507,30.3314861,,,
05/01/2047,24.72864806,28.61064202,24.51594162,24.94121792,27.85795733,30.35301229,,,
06/01/2047,24.72900712,28.61899813,24.51593842,24.94212238,27.86579785,30.37520559,,,
07/01/2047,24.72935481,28.62706459,24.51593606,24.9429976,27.87336724,30.39663442,,,
08/01/2047,24.72971474,28.63537948,24.51593417,24.94390235,27.88117036,30.41872243,,,
09/01/2047,24.73007394,28.64367234,24.51593248,24.94480609,27.88895342,30.44076835,,,
10/01/2047,24.73042123,28.65167723,24.51593033,24.9456801,27.89646685,30.46206283,,,
11/01/2047,24.73078041,28.65992815,24.51592809,24.94658327,27.90421184,30.48401823,,,
12/01/2047,24.73112739,28.66789219,24.51592605,24.94745642,27.91168818,30.50522376,,,
01/01/2048,24.73148545,28.67609967,24.51592319,24.94835792,27.91939372,30.52709102,,,
02/01/2048,24.73184441,28.6842871,24.51592063,24.94926004,27.92708112,30.54891551,,,
03/01/2048,24.73218034,28.69192831,24.5159191,24.95010382,27.93425617,30.56928564,,,
04/01/2048,24.73254026,28.700077,24.51591815,24.95100634,27.94190837,30.59101424,,,
05/01/2048,24.7328879,28.70794291,24.5159175,24.95187882,27.94929556,30.61199832,,,
06/01/2048,24.7332471,28.71605041,24.51591636,24.95278007,27.95691027,30.63364037,,,
07/01/2048,24.73359434,28.72387664,24.51591515,24.95365162,27.96426142,30.65454169,,,
08/01/2048,24.73395357,28.73194365,24.51591402,24.95455236,27.97183939,30.67609155,,,
09/01/2048,24.73431292,28.7399904,24.5159134,24.95545294,27.97939896,30.69759369,,,
10/01/2048,24.73466077,28.74775872,24.51591296,24.9563243,27.9866975,30.71835769,,,
11/01/2048,24.73501925,28.75576429,24.51591213,24.95722346,27.99421962,30.73977412,,,
12/01/2048,24.73536641,28.76349289,24.51591068,24.95809361,28.00148207,30.76045376,,,
01/01/2049,24.73572492,28.77145874,24.5159096,24.95899227,28.00896805,30.78177637,,,
02/01/2049,24.73608352,28.77940459,24.51590863,24.95989072,28.01643586,30.80305745,,,
03/01/2049,24.73640749,28.78656533,24.51590799,24.96070209,28.02316627,30.82223843,,,
04/01/2049,24.73676566,28.79447289,24.51590704,24.9615996,28.03059918,30.8434282,,,
05/01/2049,24.7371122,28.8021069,24.51590588,24.96246781,28.03777548,30.86389344,,,
06/01/2049,24.73747032,28.80997571,24.51590506,24.96336473,28.04517311,30.88500102,,,
07/01/2049,24.73781666,28.8175722,24.51590414,24.96423224,28.05231525,30.90538683,,,
08/01/2049,24.73817463,28.82540269,24.51590327,24.96512845,28.0596779,30.92640904,,,
09/01/2049,24.73853263,28.83321398,24.51590274,24.96602443,28.0670231,30.9473897,,,
10/01/2049,24.73887906,28.84075553,24.5159022,24.96689123,28.07411511,30.96765304,,,
11/01/2049,24.73923682,28.84852915,24.51590182,24.96778643,28.08142595,30.98854171,,,
12/01/2049,24.73958286,28.85603406,24.51590123,24.96865233,28.08848459,31.00871661,,,
01/01/2050,24.73994046,28.86377007,24.51590079,24.96954684,28.09576119,31.02952332,,,
02/01/2050,24.74029818,28.87148763,24.51590029,24.9704412,28.10302093,31.05028397,,,
03/01/2050,24.74062153,28.87844378,24.51590026,24.97124904,28.1095648,31.06900052,,,
04/01/2050,24.74097912,28.88612664,24.51590037,24.97214275,28.1167928,31.08968452,,,
05/01/2050,24.7413243,28.89354331,24.51589996,24.9730065,28.12377088,31.10966317,,,
06/01/2050,24.74168037,28.90118773,24.51589866,24.9738982,28.13096384,31.13026512,,,
07/01/2050,24.74202561,28.90856907,24.51589737,24.9747615,28.13790976,31.15016833,,,
08/01/2050,24.74238261,28.91617867,24.51589699,24.97565357,28.145071,31.17069759,,,
09/01/2050,24.74274007,28.92377099,24.51589714,24.97654584,28.15221647,31.19118456,,,
10/01/2050,24.74308554,28.93110094,24.51589758,24.97740862,28.15911552,31.21097547,,,
11/01/2050,24.74344154,28.93865574,24.51589692,24.97829893,28.16622677,31.23138378,,,
12/01/2050,24.74378623,28.94594979,24.51589583,24.97916043,28.17309312,31.25110008,,,
01/01/2051,24.744143,28.95346976,24.51589528,24.98005097,28.18017266,31.27143795,,,
02/01/2051,24.74449977,28.96097201,24.51589534,24.98094123,28.18723601,31.2917288,,,
03/01/2051,24.74482185,28.96773364,24.5158954,24.98174498,28.19360248,31.310022,,,
04/01/2051,24.74517785,28.97520137,24.51589496,24.98263399,28.20063428,31.33024605,,,
05/01/2051,24.74552272,28.98241225,24.51589455,24.98349442,28.20742465,31.34978365,,,
06/01/2051,24.7458785,28.98984509,24.51589435,24.98438268,28.2144246,31.36993463,,,
07/01/2051,24.74622314,28.99702178,24.51589406,24.98524239,28.22118389,31.38939498,,,
08/01/2051,24.74657967,29.00442099,24.51589404,24.9861309,28.22815317,31.40946132,,,
09/01/2051,24.74693565,29.01180221,24.5158943,24.9870186,28.23510601,31.429488,,,
10/01/2051,24.74728023,29.01892961,24.51589414,24.98787747,28.24182002,31.44883322,,,
11/01/2051,24.74763617,29.02627773,24.51589425,24.98876463,28.2487422,31.46878976,,,
12/01/2051,24.74797956,29.03337128,24.51589385,24.98962183,28.25542515,31.48806551,,,
01/01/2052,24.74833518,29.04068509,24.51589325,24.99050815,28.2623161,31.50794472,,,
02/01/2052,24.74869038,29.04798123,24.51589319,24.99139378,28.26919098,31.52778347,,,
03/01/2052,24.74902305,29.05479221,24.51589305,24.99222241,28.27560915,31.54630772,,,
04/01/2052,24.74937802,29.06205537,24.51589284,24.99310733,28.28245386,31.56607243,,,
05/01/2052,24.74972202,29.0690693,24.51589265,24.99396391,28.28906401,31.58516644,,,
06/01/2052,24.75007677,29.07629907,24.5158927,24.99484807,28.29587826,31.60486114,,,
07/01/2052,24.75042057,29.08328062,24.51589238,24.99570398,28.302459,31.62388259,,,
08/01/2052,24.75077547,29.09047789,24.51589251,24.9965878,28.30924353,31.64349535,,,
09/01/2052,24.75113046,29.0976592,24.51589236,24.99747144,28.31601321,31.66306946,,,
10/01/2052,24.75147383,29.10459337,24.51589255,24.99832617,28.32255033,31.6819826,,,
11/01/2052,24.75182778,29.11174065,24.51589224,24.99920828,28.32928915,31.70149077,,,
12/01/2052,24.75217104,29.11864265,24.51589171,25.0000624,28.33579729,31.7203353,,,
01/01/2053,24.75252514,29.12575768,24.51589153,25.00094416,28.34250679,31.73977589,,,
02/01/2053,24.75287948,29.13285683,24.51589112,25.00182591,28.34920179,31.75918496,,,
03/01/2053,24.75319915,29.13925541,24.51589092,25.00262172,28.35523643,31.77668066,,,
04/01/2053,24.75355283,29.14632306,24.5158904,25.00350233,28.36190259,31.79601472,,,
05/01/2053,24.75389531,29.15314863,24.51589009,25.00435448,28.36833998,31.81469762,,,
06/01/2053,24.7542498,29.16019045,24.51589008,25.00523537,28.37497819,31.8339662,,,
07/01/2053,24.75459219,29.16699193,24.51589033,25.00608696,28.38138807,31.85257662,,,
08/01/2053,24.75494506,29.17400425,24.51588974,25.00696575,28.38799587,31.87177271,,,
09/01/2053,24.75529816,29.18100437,24.51588847,25.0078445,28.39458946,31.89093778,,,
10/01/2053,24.75564008,29.18776813,24.51588798,25.0086949,28.40095721,31.90944591,,,
11/01/2053,24.75599304,29.1947442,24.51588753,25.00957303,28.4075226,31.92853434,,,
12/01/2053,24.75633484,29.20148301,24.51588706,25.0104228,28.41386322,31.94698232,,,
01/01/2054,24.75668757,29.20843174,24.51588668,25.01130021,28.42040055,31.9660085,,,
02/01/2054,24.7570409,29.21536736,24.51588633,25.01217796,28.42692463,31.98500041,,,
03/01/2054,24.75735932,29.22161869,24.5158863,25.01296985,28.43280506,32.00212311,,,
04/01/2054,24.7577122,29.22852534,24.5158858,25.01384668,28.43930183,32.02104282,,,
05/01/2054,24.75805438,29.23519716,24.51588597,25.01469566,28.44557704,32.03931678,,,
06/01/2054,24.75840773,29.24207621,24.51588692,25.01557246,28.45204742,32.0581695,,,
07/01/2054,24.75874951,29.24872,24.51588723,25.01642058,28.45829625,32.07638167,,,
08/01/2054,24.75910284,29.25557071,24.51588797,25.01729687,28.46473994,32.09516653,,,
09/01/2054,24.75945565,29.26240594,24.51588855,25.0181724,28.47116942,32.11391463,,,
10/01/2054,24.75979737,29.26900764,24.51588888,25.01901975,28.47737919,32.13202937,,,
11/01/2054,24.76015011,29.27581481,24.51588943,25.01989473,28.48378216,32.15071702,,,
12/01/2054,24.76049056,29.28238717,24.51588925,25.02074033,28.48996492,32.16877264,,,
01/01/2055,24.76084208,29.28916281,24.51588858,25.02161362,28.49633976,32.1873987,,,
02/01/2055,24.76119414,29.29592431,24.51588809,25.02248719,28.50270168,32.20598994,,,
03/01/2055,24.76151159,29.30201866,24.51588781,25.02327548,28.50843631,32.22275661,,,
04/01/2055,24.76186292,29.30875089,24.51588707,25.02414785,28.5147717,32.24128971,,,
05/01/2055,24.76220425,29.31525508,24.5158871,25.02499318,28.52089206,32.25919215,,,
06/01/2055,24.76255603,29.3219607,24.51588787,25.02586552,28.52720238,32.27765966,,,
07/01/2055,24.76289628,29.32843635,24.5158878,25.02670931,28.53329669,32.29549548,,,
08/01/2055,24.76324838,29.33511454,24.51588816,25.02758149,28.53958172,32.31389898,,,
09/01/2055,24.76359994,29.34177794,24.51588859,25.0284529,28.54585321,32.33226716,,,
10/01/2055,24.76394056,29.34821383,24.51588901,25.02929636,28.55191076,32.35001132,,,
11/01/2055,24.76429209,29.35484944,24.5158896,25.03016725,28.55815683,32.3683178,,,
12/01/2055,24.76463189,29.36125697,24.51588962,25.03100944,28.56418884,32.38600286,,,
01/01/2056,24.76498295,29.36786424,24.51588938,25.03187939,28.57040907,32.40424083,,,
02/01/2056,24.76533414,29.37445815,24.51588946,25.03274922,28.57661683,32.42244338,,,
03/01/2056,24.76566215,29.38061358,24.51588956,25.03356221,28.58241235,32.43944558,,,
04/01/2056,24.76601204,29.38717774,24.51588892,25.0344303,28.58859373,32.45758638,,,
05/01/2056,24.76635082,29.39351662,24.51588792,25.03527032,28.5945637,32.47511642,,,
06/01/2056,24.76670056,29.40005247,24.51588679,25.03613777,28.6007195,32.49319721,,,
07/01/2056,24.76703936,29.40636534,24.51588588,25.03697736,28.60666541,32.51067047,,,
08/01/2056,24.76738912,29.41287455,24.51588534,25.03784436,28.61279662,32.52869214,,,
09/01/2056,24.76773801,29.41936846,24.51588409,25.03871025,28.61891417,32.54668136,,,
10/01/2056,24.76807591,29.42564044,24.51588243,25.03954825,28.62482292,32.56405842,,,
11/01/2056,24.76842589,29.43210942,24.51588177,25.04041475,28.63091731,32.58198367,,,
12/01/2056,24.76876475,29.43835769,24.51588198,25.04125326,28.63680395,32.59929826,,,
01/01/2057,24.76911513,29.44480135,24.51588241,25.04211968,28.64287494,32.61715725,,,
02/01/2057,24.76946489,29.45123086,24.51588262,25.04298527,28.64893311,32.63498696,,,
03/01/2057,24.76978059,29.45702676,24.51588229,25.04376668,28.65439474,32.65106856,,,
04/01/2057,24.77013119,29.46343257,24.51588248,25.04463264,28.66043094,32.66884653,,,
05/01/2057,24.77047008,29.46961936,24.5158835,25.04547006,28.66626099,32.68602393,,,
06/01/2057,24.77081948,29.47599793,24.51588379,25.04633435,28.67227246,32.7037464,,,
07/01/2057,24.77115721,29.4821576,24.5158833,25.04717018,28.67807824,32.72087077,,,
08/01/2057,24.77150666,29.48851044,24.51588291,25.04803407,28.68406624,32.73853229,,,
09/01/2057,24.77185606,29.49485035,24.51588323,25.04889767,28.69004242,32.75616414,,,
10/01/2057,24.77219372,29.50097304,24.5158832,25.04973274,28.69581425,32.77320171,,,
11/01/2057,24.77254288,29.50728732,24.51588309,25.05059564,28.70176704,32.79077085,,,
12/01/2057,24.77288046,29.51338521,24.51588322,25.05143018,28.70751639,32.8077478,,,
01/01/2058,24.77323024,29.51967508,24.51588367,25.05229325,28.71344686,32.82526222,,,
02/01/2058,24.77357991,29.52595216,24.51588495,25.05315597,28.71936566,32.8427493,,,
03/01/2058,24.77389521,29.53161076,24.51588555,25.05393449,28.72470166,32.85852003,,,
04/01/2058,24.77424446,29.53786351,24.515886,25.05479635,28.73059816,32.8759483,,,
05/01/2058,24.77458242,29.54390306,24.51588682,25.05563017,28.73629381,32.8927855,,,
06/01/2058,24.77493122,29.5501313,24.51588739,25.05649113,28.74216764,32.91015049,,,
07/01/2058,24.77526802,29.55614571,24.51588752,25.05732335,28.74784047,32.92692752,,,
08/01/2058,24.77561563,29.56234727,24.51588694,25.05818267,28.75369042,32.94424182,,,
09/01/2058,24.77596279,29.56853554,24.51588596,25.05904131,28.7595284,32.96152737,,,
10/01/2058,24.7762991,29.57451313,24.51588506,25.05987237,28.76516786,32.97822461,,,
11/01/2058,24.77664704,29.58067864,24.51588495,25.06073133,28.77098471,32.9954521,,,
12/01/2058,24.7769836,29.5866341,24.5158851,25.06156221,28.77660351,33.01209811,,,
01/01/2059,24.77733194,29.59277721,24.51588564,25.06242111,28.78239942,33.02926893,,,
02/01/2059,24.77767958,29.59890703,24.51588636,25.0632791,28.78818348,33.04640927,,,
03/01/2059,24.77799368,29.60443412,24.51588634,25.06405397,28.793399,33.06186905,,,
04/01/2059,24.77834145,29.61054164,24.51588668,25.06491164,28.79916249,33.07895247,,,
05/01/2059,24.77867806,29.61644152,24.51588716,25.06574149,28.80473015,33.09545358,,,
06/01/2059,24.77902486,29.62252445,24.51588727,25.06659775,28.81047131,33.11247917,,,
07/01/2059,24.77936109,29.62840129,24.51588698,25.0674268,28.81601798,33.12893226,,,
08/01/2059,24.7797084,29.63446192,24.51588758,25.06828312,28.82173865,33.14590272,,,
09/01/2059,24.78005625,29.64051218,24.51588821,25.06913976,28.82744945,33.16284527,,,
10/01/2059,24.78039273,29.64635702,24.51588919,25.06996839,28.83296627,33.17921551,,,
11/01/2059,24.78073976,29.65238396,24.51589007,25.07082377,28.83865571,33.19610401,,,
12/01/2059,24.78107578,29.6582058,24.51589049,25.07165152,28.84415192,33.21242199,,,
01/01/2060,24.78142356,29.66421119,24.51589158,25.07250721,28.84982159,33.22925347,,,
02/01/2060,24.78177049,29.67020383,24.5158926,25.07336181,28.85547982,33.24605797,,,
03/01/2060,24.78209452,29.6757986,24.5158927,25.07416059,28.86076308,33.26175189,,,
04/01/2060,24.78244061,29.68176686,24.51589239,25.07501393,28.8663997,33.27850054,,,
05/01/2060,24.78277513,29.68753079,24.51589179,25.07583913,28.87184396,33.29468591,,,
06/01/2060,24.78312142,29.69347611,24.51589144,25.07669223,28.87745984,33.31138024,,,
07/01/2060,24.78345667,29.69921922,24.51589178,25.07751774,28.88288498,33.32751297,,,
08/01/2060,24.78380268,29.70514245,24.51589182,25.07837011,28.88848032,33.34415668,,,
09/01/2060,24.78414815,29.71105382,24.51589154,25.07922174,28.89406486,33.36077335,,,
10/01/2060,24.78448233,29.71676359,24.51589107,25.08004552,28.8994594,33.37683091,,,
11/01/2060,24.78482724,29.7226517,24.51589035,25.08089615,28.90502297,33.39339826,,,
12/01/2060,24.78516095,29.72833897,24.51588945,25.08171906,28.91039727,33.40940522,,,
01/01/2061,24.78550577,29.73420471,24.51588849,25.08256915,28.91594047,33.42591687,,,
