Date,Critical head + 50 feet,Critical head + 20 feet,Critical head,base,2015 water level scenario,Historical low scenario,Date_S,Measured Subsidence,Source
01/01/1901,0,0,0,0,0,0,01/01/1901,0,Leveling
02/01/1901,5.50E-05,5.50E-05,5.50E-05,5.50E-05,5.50E-05,5.50E-05,01/01/1931,0.69,Leveling
03/01/1901,-0.00384684,-0.00384684,-0.00384684,-0.00384684,-0.00384684,-0.00384684,01/01/1940,0.971436175,Leveling
04/01/1901,-0.001008718,-0.001008718,-0.001008718,-0.001008718,-0.001008718,-0.001008718,01/01/1943,1.023,Leveling
05/01/1901,-0.001613918,-0.001613918,-0.001613918,-0.001613918,-0.001613918,-0.001613918,01/01/1947,1.814,Leveling
06/01/1901,-0.001451689,-0.001451689,-0.001451689,-0.001451689,-0.001451689,-0.001451689,01/01/1948,2.03,Leveling
07/01/1901,-0.023359112,-0.023359112,-0.023359112,-0.023359112,-0.023359112,-0.023359112,01/01/1953,3.31,Leveling
08/01/1901,-0.023530467,-0.023530467,-0.023530467,-0.023530467,-0.023530467,-0.023530467,01/01/1957,3.405,Leveling
09/01/1901,0.000433763,0.000433763,0.000433763,0.000433763,0.000433763,0.000433763,01/01/1959,3.33,Leveling
10/01/1901,0.003664403,0.003664403,0.003664403,0.003664403,0.003664403,0.003664403,01/01/1962,3.638,Leveling
11/01/1901,0.007557785,0.007557785,0.007557785,0.007557785,0.007557785,0.007557785,01/01/1970,4.108636488,Leveling
12/01/1901,0.021841412,0.021841412,0.021841412,0.021841412,0.021841412,0.021841412,01/01/1972,4.081372708,Leveling
01/01/1902,0.050837735,0.050837735,0.050837735,0.050837735,0.050837735,0.050837735,11/18/2005,6.114653529,Leveling
02/01/1902,0.085455815,0.085455815,0.085455815,0.085455815,0.085455815,0.085455815,11/18/2005,6.114653529,GPS
03/01/1902,0.111440319,0.111440319,0.111440319,0.111440319,0.111440319,0.111440319,11/19/2005,6.119181088,GPS
04/01/1902,0.138969625,0.138969625,0.138969625,0.138969625,0.138969625,0.138969625,11/20/2005,6.132763766,GPS
05/01/1902,0.177617162,0.177617162,0.177617162,0.177617162,0.177617162,0.177617162,11/21/2005,6.109174526,GPS
06/01/1902,0.198332647,0.198332647,0.198332647,0.198332647,0.198332647,0.198332647,11/22/2005,6.110388437,GPS
07/01/1902,0.212518486,0.212518486,0.212518486,0.212518486,0.212518486,0.212518486,11/23/2005,6.101727019,GPS
08/01/1902,0.222397132,0.222397132,0.222397132,0.222397132,0.222397132,0.222397132,11/24/2005,6.10067715,GPS
09/01/1902,0.228705103,0.228705103,0.228705103,0.228705103,0.228705103,0.228705103,11/25/2005,6.08305904,GPS
10/01/1902,0.243649351,0.243649351,0.243649351,0.243649351,0.243649351,0.243649351,11/26/2005,6.081090536,GPS
11/01/1902,0.259974146,0.259974146,0.259974146,0.259974146,0.259974146,0.259974146,11/27/2005,6.082041979,GPS
12/01/1902,0.269238307,0.269238307,0.269238307,0.269238307,0.269238307,0.269238307,11/28/2005,6.107927807,GPS
01/01/1903,0.278111955,0.278111955,0.278111955,0.278111955,0.278111955,0.278111955,11/29/2005,6.095854316,GPS
02/01/1903,0.280082627,0.280082627,0.280082627,0.280082627,0.280082627,0.280082627,11/30/2005,6.115211272,GPS
03/01/1903,0.282026231,0.282026231,0.282026231,0.282026231,0.282026231,0.282026231,12/01/2005,6.103925182,GPS
04/01/1903,0.284758415,0.284758415,0.284758415,0.284758415,0.284758415,0.284758415,12/02/2005,6.117015734,GPS
05/01/1903,0.298716845,0.298716845,0.298716845,0.298716845,0.298716845,0.298716845,12/03/2005,6.09208135,GPS
06/01/1903,0.280788227,0.280788227,0.280788227,0.280788227,0.280788227,0.280788227,12/04/2005,6.122691587,GPS
07/01/1903,0.284467497,0.284467497,0.284467497,0.284467497,0.284467497,0.284467497,12/05/2005,6.125644343,GPS
08/01/1903,0.285668746,0.285668746,0.285668746,0.285668746,0.285668746,0.285668746,12/06/2005,6.121772952,GPS
09/01/1903,0.281242793,0.281242793,0.281242793,0.281242793,0.281242793,0.281242793,12/07/2005,6.100578725,GPS
10/01/1903,0.28548697,0.28548697,0.28548697,0.28548697,0.28548697,0.28548697,12/08/2005,6.105139093,GPS
11/01/1903,0.28801197,0.28801197,0.28801197,0.28801197,0.28801197,0.28801197,12/09/2005,6.1043845,GPS
12/01/1903,0.289591102,0.289591102,0.289591102,0.289591102,0.289591102,0.289591102,12/10/2005,6.090178462,GPS
01/01/1904,0.28829159,0.28829159,0.28829159,0.28829159,0.28829159,0.28829159,12/11/2005,6.084797885,GPS
02/01/1904,0.286479844,0.286479844,0.286479844,0.286479844,0.286479844,0.286479844,12/12/2005,6.097166652,GPS
03/01/1904,0.292289267,0.292289267,0.292289267,0.292289267,0.292289267,0.292289267,12/13/2005,6.092376625,GPS
04/01/1904,0.285806787,0.285806787,0.285806787,0.285806787,0.285806787,0.285806787,12/14/2005,6.112488174,GPS
05/01/1904,0.286891099,0.286891099,0.286891099,0.286891099,0.286891099,0.286891099,12/15/2005,6.114817571,GPS
06/01/1904,0.286755717,0.286755717,0.286755717,0.286755717,0.286755717,0.286755717,12/16/2005,6.088078725,GPS
07/01/1904,0.282079992,0.282079992,0.282079992,0.282079992,0.282079992,0.282079992,12/17/2005,6.099003922,GPS
08/01/1904,0.276326273,0.276326273,0.276326273,0.276326273,0.276326273,0.276326273,12/18/2005,6.090900247,GPS
09/01/1904,0.278209139,0.278209139,0.278209139,0.278209139,0.278209139,0.278209139,12/19/2005,6.099135156,GPS
10/01/1904,0.2821208,0.2821208,0.2821208,0.2821208,0.2821208,0.2821208,12/20/2005,6.109666652,GPS
11/01/1904,0.279935316,0.279935316,0.279935316,0.279935316,0.279935316,0.279935316,12/21/2005,6.092704709,GPS
12/01/1904,0.281053305,0.281053305,0.281053305,0.281053305,0.281053305,0.281053305,12/22/2005,6.095887124,GPS
01/01/1905,0.281550025,0.281550025,0.281550025,0.281550025,0.281550025,0.281550025,12/23/2005,6.109929119,GPS
02/01/1905,0.276996431,0.276996431,0.276996431,0.276996431,0.276996431,0.276996431,12/24/2005,6.097625969,GPS
03/01/1905,0.274477771,0.274477771,0.274477771,0.274477771,0.274477771,0.274477771,12/25/2005,6.083026231,GPS
04/01/1905,0.278610512,0.278610512,0.278610512,0.278610512,0.278610512,0.278610512,12/26/2005,6.065047228,GPS
05/01/1905,0.275653605,0.275653605,0.275653605,0.275653605,0.275653605,0.275653605,12/27/2005,6.078925181,GPS
06/01/1905,0.272210659,0.272210659,0.272210659,0.272210659,0.272210659,0.272210659,12/28/2005,6.088767701,GPS
07/01/1905,0.277797412,0.277797412,0.277797412,0.277797412,0.277797412,0.277797412,12/29/2005,6.090309696,GPS
08/01/1905,0.281495103,0.281495103,0.281495103,0.281495103,0.281495103,0.281495103,12/30/2005,6.069049853,GPS
09/01/1905,0.287600267,0.287600267,0.287600267,0.287600267,0.287600267,0.287600267,12/31/2005,6.052973737,GPS
10/01/1905,0.290019689,0.290019689,0.290019689,0.290019689,0.290019689,0.290019689,01/01/2006,6.072724394,GPS
11/01/1905,0.294043059,0.294043059,0.294043059,0.294043059,0.294043059,0.294043059,01/02/2006,6.060388435,GPS
12/01/1905,0.297735507,0.297735507,0.297735507,0.297735507,0.297735507,0.297735507,01/03/2006,6.088308384,GPS
01/01/1906,0.294121403,0.294121403,0.294121403,0.294121403,0.294121403,0.294121403,01/04/2006,6.106517046,GPS
02/01/1906,0.29583248,0.29583248,0.29583248,0.29583248,0.29583248,0.29583248,01/05/2006,6.099725707,GPS
03/01/1906,0.291271535,0.291271535,0.291271535,0.291271535,0.291271535,0.291271535,01/06/2006,6.07915484,GPS
04/01/1906,0.288153973,0.288153973,0.288153973,0.288153973,0.288153973,0.288153973,01/07/2006,6.06458791,GPS
05/01/1906,0.28889812,0.28889812,0.28889812,0.28889812,0.28889812,0.28889812,01/08/2006,6.058616782,GPS
06/01/1906,0.284586241,0.284586241,0.284586241,0.284586241,0.284586241,0.284586241,01/09/2006,6.088341192,GPS
07/01/1906,0.286459826,0.286459826,0.286459826,0.286459826,0.286459826,0.286459826,01/10/2006,6.083419932,GPS
08/01/1906,0.286186275,0.286186275,0.286186275,0.286186275,0.286186275,0.286186275,01/11/2006,6.070723081,GPS
09/01/1906,0.292373906,0.292373906,0.292373906,0.292373906,0.292373906,0.292373906,01/12/2006,6.076989486,GPS
10/01/1906,0.293415921,0.293415921,0.293415921,0.293415921,0.293415921,0.293415921,01/13/2006,6.068524918,GPS
11/01/1906,0.288572992,0.288572992,0.288572992,0.288572992,0.288572992,0.288572992,01/14/2006,6.077580037,GPS
12/01/1906,0.285646564,0.285646564,0.285646564,0.285646564,0.285646564,0.285646564,01/15/2006,6.074299197,GPS
01/01/1907,0.282874459,0.282874459,0.282874459,0.282874459,0.282874459,0.282874459,01/16/2006,6.077350378,GPS
02/01/1907,0.281759853,0.281759853,0.281759853,0.281759853,0.281759853,0.281759853,01/17/2006,6.087422557,GPS
03/01/1907,0.280370256,0.280370256,0.280370256,0.280370256,0.280370256,0.280370256,01/18/2006,6.071280824,GPS
04/01/1907,0.284199899,0.284199899,0.284199899,0.284199899,0.284199899,0.284199899,01/19/2006,6.071379249,GPS
05/01/1907,0.28235899,0.28235899,0.28235899,0.28235899,0.28235899,0.28235899,01/20/2006,6.096871376,GPS
06/01/1907,0.280872094,0.280872094,0.280872094,0.280872094,0.280872094,0.280872094,01/21/2006,6.088898935,GPS
07/01/1907,0.280432836,0.280432836,0.280432836,0.280432836,0.280432836,0.280432836,01/22/2006,6.090801822,GPS
08/01/1907,0.2812296,0.2812296,0.2812296,0.2812296,0.2812296,0.2812296,01/23/2006,6.077481612,GPS
09/01/1907,0.284047783,0.284047783,0.284047783,0.284047783,0.284047783,0.284047783,01/24/2006,6.081024919,GPS
10/01/1907,0.281415276,0.281415276,0.281415276,0.281415276,0.281415276,0.281415276,01/25/2006,6.070690273,GPS
11/01/1907,0.27591211,0.27591211,0.27591211,0.27591211,0.27591211,0.27591211,01/26/2006,6.104843817,GPS
12/01/1907,0.272527976,0.272527976,0.272527976,0.272527976,0.272527976,0.272527976,01/27/2006,6.08489631,GPS
01/01/1908,0.266432706,0.266432706,0.266432706,0.266432706,0.266432706,0.266432706,01/28/2006,6.090211271,GPS
02/01/1908,0.265970568,0.265970568,0.265970568,0.265970568,0.265970568,0.265970568,01/29/2006,6.09063778,GPS
03/01/1908,0.26780956,0.26780956,0.26780956,0.26780956,0.26780956,0.26780956,01/30/2006,6.098544604,GPS
04/01/1908,0.267057701,0.267057701,0.267057701,0.267057701,0.267057701,0.267057701,01/31/2006,6.079614158,GPS
05/01/1908,0.265222731,0.265222731,0.265222731,0.265222731,0.265222731,0.265222731,02/01/2006,6.070887123,GPS
06/01/1908,0.271100773,0.271100773,0.271100773,0.271100773,0.271100773,0.271100773,02/02/2006,6.065670588,GPS
07/01/1908,0.259068173,0.259068173,0.259068173,0.259068173,0.259068173,0.259068173,02/03/2006,6.063538042,GPS
08/01/1908,0.260873035,0.260873035,0.260873035,0.260873035,0.260873035,0.260873035,02/04/2006,6.083485549,GPS
09/01/1908,0.262054439,0.262054439,0.262054439,0.262054439,0.262054439,0.262054439,02/05/2006,6.086208646,GPS
10/01/1908,0.2643788,0.2643788,0.2643788,0.2643788,0.2643788,0.2643788,02/06/2006,6.09864303,GPS
11/01/1908,0.273805038,0.273805038,0.273805038,0.273805038,0.273805038,0.273805038,02/07/2006,6.086307071,GPS
12/01/1908,0.274538665,0.274538665,0.274538665,0.274538665,0.274538665,0.274538665,02/08/2006,6.10766534,GPS
01/01/1909,0.273503207,0.273503207,0.273503207,0.273503207,0.273503207,0.273503207,02/09/2006,6.090604972,GPS
02/01/1909,0.268835907,0.268835907,0.268835907,0.268835907,0.268835907,0.268835907,02/10/2006,6.095427806,GPS
03/01/1909,0.268353418,0.268353418,0.268353418,0.268353418,0.268353418,0.268353418,02/11/2006,6.10376114,GPS
04/01/1909,0.263084256,0.263084256,0.263084256,0.263084256,0.263084256,0.263084256,02/12/2006,6.107960615,GPS
05/01/1909,0.264654774,0.264654774,0.264654774,0.264654774,0.264654774,0.264654774,02/13/2006,6.102153528,GPS
06/01/1909,0.264400278,0.264400278,0.264400278,0.264400278,0.264400278,0.264400278,02/14/2006,6.060224393,GPS
07/01/1909,0.259557382,0.259557382,0.259557382,0.259557382,0.259557382,0.259557382,02/15/2006,6.083977675,GPS
08/01/1909,0.262014528,0.262014528,0.262014528,0.262014528,0.262014528,0.262014528,02/16/2006,6.09493568,GPS
09/01/1909,0.26327357,0.26327357,0.26327357,0.26327357,0.26327357,0.26327357,02/17/2006,6.089391061,GPS
10/01/1909,0.261930487,0.261930487,0.261930487,0.261930487,0.261930487,0.261930487,02/18/2006,6.094804447,GPS
11/01/1909,0.25754904,0.25754904,0.25754904,0.25754904,0.25754904,0.25754904,02/19/2006,6.082829381,GPS
12/01/1909,0.237333384,0.237333384,0.237333384,0.237333384,0.237333384,0.237333384,02/20/2006,6.076234892,GPS
01/01/1910,0.242364965,0.242364965,0.242364965,0.242364965,0.242364965,0.242364965,02/21/2006,6.076661402,GPS
02/01/1910,0.24418943,0.24418943,0.24418943,0.24418943,0.24418943,0.24418943,02/22/2006,6.068557727,GPS
03/01/1910,0.252652229,0.252652229,0.252652229,0.252652229,0.252652229,0.252652229,02/23/2006,6.081746704,GPS
04/01/1910,0.254982842,0.254982842,0.254982842,0.254982842,0.254982842,0.254982842,02/24/2006,6.09454198,GPS
05/01/1910,0.26358424,0.26358424,0.26358424,0.26358424,0.26358424,0.26358424,02/25/2006,6.086110221,GPS
06/01/1910,0.26851526,0.26851526,0.26851526,0.26851526,0.26851526,0.26851526,02/26/2006,6.074332005,GPS
07/01/1910,0.272941373,0.272941373,0.272941373,0.272941373,0.272941373,0.272941373,02/27/2006,6.045985548,GPS
08/01/1910,0.278344949,0.278344949,0.278344949,0.278344949,0.278344949,0.278344949,02/28/2006,6.059371375,GPS
09/01/1910,0.283105429,0.283105429,0.283105429,0.283105429,0.283105429,0.283105429,03/01/2006,6.083551166,GPS
10/01/1910,0.27740474,0.27740474,0.27740474,0.27740474,0.27740474,0.27740474,03/02/2006,6.075381874,GPS
11/01/1910,0.276384193,0.276384193,0.276384193,0.276384193,0.276384193,0.276384193,03/03/2006,6.066195522,GPS
12/01/1910,0.276598813,0.276598813,0.276598813,0.276598813,0.276598813,0.276598813,03/04/2006,6.09719946,GPS
01/01/1911,0.279480087,0.279480087,0.279480087,0.279480087,0.279480087,0.279480087,03/05/2006,6.091129906,GPS
02/01/1911,0.283645112,0.283645112,0.283645112,0.283645112,0.283645112,0.283645112,03/06/2006,6.091622032,GPS
03/01/1911,0.281947567,0.281947567,0.281947567,0.281947567,0.281947567,0.281947567,03/07/2006,6.08962072,GPS
04/01/1911,0.278537323,0.278537323,0.278537323,0.278537323,0.278537323,0.278537323,03/08/2006,6.064030168,GPS
05/01/1911,0.277882416,0.277882416,0.277882416,0.277882416,0.277882416,0.277882416,03/09/2006,6.03670077,GPS
06/01/1911,0.276805103,0.276805103,0.276805103,0.276805103,0.276805103,0.276805103,03/10/2006,6.049299196,GPS
07/01/1911,0.274724964,0.274724964,0.274724964,0.274724964,0.274724964,0.274724964,03/11/2006,6.049167962,GPS
08/01/1911,0.276845081,0.276845081,0.276845081,0.276845081,0.276845081,0.276845081,03/12/2006,6.077022294,GPS
09/01/1911,0.277631038,0.277631038,0.277631038,0.277631038,0.277631038,0.277631038,03/13/2006,6.072035417,GPS
10/01/1911,0.277003051,0.277003051,0.277003051,0.277003051,0.277003051,0.277003051,03/14/2006,6.070591848,GPS
11/01/1911,0.274026345,0.274026345,0.274026345,0.274026345,0.274026345,0.274026345,03/15/2006,6.088275575,GPS
12/01/1911,0.26808342,0.26808342,0.26808342,0.26808342,0.26808342,0.26808342,03/16/2006,6.097068226,GPS
01/01/1912,0.260016135,0.260016135,0.260016135,0.260016135,0.260016135,0.260016135,03/17/2006,6.069837254,GPS
02/01/1912,0.261411757,0.261411757,0.261411757,0.261411757,0.261411757,0.261411757,03/18/2006,6.067573475,GPS
03/01/1912,0.262932432,0.262932432,0.262932432,0.262932432,0.262932432,0.262932432,03/19/2006,6.087849066,GPS
04/01/1912,0.263742582,0.263742582,0.263742582,0.263742582,0.263742582,0.263742582,03/20/2006,6.082665339,GPS
05/01/1912,0.270000544,0.270000544,0.270000544,0.270000544,0.270000544,0.270000544,03/21/2006,6.075742766,GPS
06/01/1912,0.271859801,0.271859801,0.271859801,0.271859801,0.271859801,0.271859801,03/22/2006,6.085191586,GPS
07/01/1912,0.291511759,0.291511759,0.291511759,0.291511759,0.291511759,0.291511759,03/23/2006,6.080729643,GPS
08/01/1912,0.294431725,0.294431725,0.294431725,0.294431725,0.294431725,0.294431725,03/24/2006,6.076300509,GPS
09/01/1912,0.273712238,0.273712238,0.273712238,0.273712238,0.273712238,0.273712238,03/25/2006,6.049791322,GPS
10/01/1912,0.276496613,0.276496613,0.276496613,0.276496613,0.276496613,0.276496613,03/26/2006,6.076300509,GPS
11/01/1912,0.277324876,0.277324876,0.277324876,0.277324876,0.277324876,0.277324876,03/27/2006,6.048872687,GPS
12/01/1912,0.276905954,0.276905954,0.276905954,0.276905954,0.276905954,0.276905954,03/28/2006,6.05372833,GPS
01/01/1913,0.293870578,0.293870578,0.293870578,0.293870578,0.293870578,0.293870578,03/29/2006,6.056353002,GPS
02/01/1913,0.275079048,0.275079048,0.275079048,0.275079048,0.275079048,0.275079048,03/30/2006,6.057402871,GPS
03/01/1913,0.273893602,0.273893602,0.273893602,0.273893602,0.273893602,0.273893602,03/31/2006,6.052153527,GPS
04/01/1913,0.278688378,0.278688378,0.278688378,0.278688378,0.278688378,0.278688378,04/01/2006,6.052251952,GPS
05/01/1913,0.284918574,0.284918574,0.284918574,0.284918574,0.284918574,0.284918574,04/02/2006,6.058879249,GPS
06/01/1913,0.29453751,0.29453751,0.29453751,0.29453751,0.29453751,0.29453751,04/03/2006,6.04861022,GPS
07/01/1913,0.297528973,0.297528973,0.297528973,0.297528973,0.297528973,0.297528973,04/04/2006,6.032534104,GPS
08/01/1913,0.297117397,0.297117397,0.297117397,0.297117397,0.297117397,0.297117397,04/05/2006,6.031221768,GPS
09/01/1913,0.300932837,0.300932837,0.300932837,0.300932837,0.300932837,0.300932837,04/06/2006,6.054712582,GPS
10/01/1913,0.303443641,0.303443641,0.303443641,0.303443641,0.303443641,0.303443641,04/07/2006,6.06193043,GPS
11/01/1913,0.303868926,0.303868926,0.303868926,0.303868926,0.303868926,0.303868926,04/08/2006,6.049922556,GPS
12/01/1913,0.313817554,0.313817554,0.313817554,0.313817554,0.313817554,0.313817554,04/09/2006,6.068393685,GPS
01/01/1914,0.320000738,0.320000738,0.320000738,0.320000738,0.320000738,0.320000738,04/10/2006,6.061143028,GPS
02/01/1914,0.32546299,0.32546299,0.32546299,0.32546299,0.32546299,0.32546299,04/11/2006,6.038702083,GPS
03/01/1914,0.327856161,0.327856161,0.327856161,0.327856161,0.327856161,0.327856161,04/12/2006,6.058551165,GPS
04/01/1914,0.323037352,0.323037352,0.323037352,0.323037352,0.323037352,0.323037352,04/13/2006,6.058583973,GPS
05/01/1914,0.317759344,0.317759344,0.317759344,0.317759344,0.317759344,0.317759344,04/14/2006,6.044148277,GPS
06/01/1914,0.317333022,0.317333022,0.317333022,0.317333022,0.317333022,0.317333022,04/15/2006,6.046936991,GPS
07/01/1914,0.317587681,0.317587681,0.317587681,0.317587681,0.317587681,0.317587681,04/16/2006,6.046936991,GPS
08/01/1914,0.319986926,0.319986926,0.319986926,0.319986926,0.319986926,0.319986926,04/17/2006,6.044870062,GPS
09/01/1914,0.314781373,0.314781373,0.314781373,0.314781373,0.314781373,0.314781373,04/18/2006,6.058879249,GPS
10/01/1914,0.321544437,0.321544437,0.321544437,0.321544437,0.321544437,0.321544437,04/19/2006,6.071215207,GPS
11/01/1914,0.324191121,0.324191121,0.324191121,0.324191121,0.324191121,0.324191121,04/20/2006,6.055860876,GPS
12/01/1914,0.328249472,0.328249472,0.328249472,0.328249472,0.328249472,0.328249472,04/21/2006,6.061274262,GPS
01/01/1915,0.338887229,0.338887229,0.338887229,0.338887229,0.338887229,0.338887229,04/22/2006,6.060782136,GPS
02/01/1915,0.350986828,0.350986828,0.350986828,0.350986828,0.350986828,0.350986828,04/23/2006,6.064456677,GPS
03/01/1915,0.364494777,0.364494777,0.364494777,0.364494777,0.364494777,0.364494777,04/24/2006,6.055139091,GPS
04/01/1915,0.373525325,0.373525325,0.373525325,0.373525325,0.373525325,0.373525325,04/25/2006,6.069246703,GPS
05/01/1915,0.396892889,0.396892889,0.396892889,0.396892889,0.396892889,0.396892889,04/26/2006,6.071904184,GPS
06/01/1915,0.408259776,0.408259776,0.408259776,0.408259776,0.408259776,0.408259776,04/27/2006,6.077908121,GPS
07/01/1915,0.407052317,0.407052317,0.407052317,0.407052317,0.407052317,0.407052317,04/28/2006,6.071477674,GPS
08/01/1915,0.411226884,0.411226884,0.411226884,0.411226884,0.411226884,0.411226884,04/29/2006,6.072757202,GPS
09/01/1915,0.413703827,0.413703827,0.413703827,0.413703827,0.413703827,0.413703827,04/30/2006,6.066326756,GPS
10/01/1915,0.417773614,0.417773614,0.417773614,0.417773614,0.417773614,0.417773614,05/01/2006,6.067606283,GPS
11/01/1915,0.423472265,0.423472265,0.423472265,0.423472265,0.423472265,0.423472265,05/02/2006,6.07895799,GPS
12/01/1915,0.425508641,0.425508641,0.425508641,0.425508641,0.425508641,0.425508641,05/03/2006,6.074397622,GPS
01/01/1916,0.426795326,0.426795326,0.426795326,0.426795326,0.426795326,0.426795326,05/04/2006,6.069148278,GPS
02/01/1916,0.42917682,0.42917682,0.42917682,0.42917682,0.42917682,0.42917682,05/05/2006,6.085683712,GPS
03/01/1916,0.437371326,0.437371326,0.437371326,0.437371326,0.437371326,0.437371326,05/06/2006,6.082009171,GPS
04/01/1916,0.436307358,0.436307358,0.436307358,0.436307358,0.436307358,0.436307358,05/07/2006,6.091228331,GPS
05/01/1916,0.434608773,0.434608773,0.434608773,0.434608773,0.434608773,0.434608773,05/08/2006,6.085683712,GPS
06/01/1916,0.435248658,0.435248658,0.435248658,0.435248658,0.435248658,0.435248658,05/09/2006,6.070165338,GPS
07/01/1916,0.449038653,0.449038653,0.449038653,0.449038653,0.449038653,0.449038653,05/10/2006,6.069607596,GPS
08/01/1916,0.448277207,0.448277207,0.448277207,0.448277207,0.448277207,0.448277207,05/11/2006,6.073282136,GPS
09/01/1916,0.446822924,0.446822924,0.446822924,0.446822924,0.446822924,0.446822924,05/12/2006,6.094213896,GPS
10/01/1916,0.445803567,0.445803567,0.445803567,0.445803567,0.445803567,0.445803567,05/13/2006,6.075709958,GPS
11/01/1916,0.446548557,0.446548557,0.446548557,0.446548557,0.446548557,0.446548557,05/14/2006,6.099233581,GPS
12/01/1916,0.445073381,0.445073381,0.445073381,0.445073381,0.445073381,0.445073381,05/15/2006,6.10313778,GPS
01/01/1917,0.429348961,0.429348961,0.429348961,0.429348961,0.429348961,0.429348961,05/16/2006,6.059568225,GPS
02/01/1917,0.423927665,0.423927665,0.423927665,0.423927665,0.423927665,0.423927665,05/17/2006,6.067245391,GPS
03/01/1917,0.422393945,0.422393945,0.422393945,0.422393945,0.422393945,0.422393945,05/18/2006,6.06009316,GPS
04/01/1917,0.42846048,0.42846048,0.42846048,0.42846048,0.42846048,0.42846048,05/19/2006,6.053629905,GPS
05/01/1917,0.426606288,0.426606288,0.426606288,0.426606288,0.426606288,0.426606288,05/20/2006,6.062160089,GPS
06/01/1917,0.426934876,0.426934876,0.426934876,0.426934876,0.426934876,0.426934876,05/21/2006,6.071477674,GPS
07/01/1917,0.429781778,0.429781778,0.429781778,0.429781778,0.429781778,0.429781778,05/22/2006,6.08305904,GPS
08/01/1917,0.430857205,0.430857205,0.430857205,0.430857205,0.430857205,0.430857205,05/23/2006,6.092015733,GPS
09/01/1917,0.426960989,0.426960989,0.426960989,0.426960989,0.426960989,0.426960989,05/24/2006,6.088669276,GPS
10/01/1917,0.428716411,0.428716411,0.428716411,0.428716411,0.428716411,0.428716411,05/25/2006,6.081943554,GPS
11/01/1917,0.427541298,0.427541298,0.427541298,0.427541298,0.427541298,0.427541298,05/26/2006,6.066195522,GPS
12/01/1917,0.435751453,0.435751453,0.435751453,0.435751453,0.435751453,0.435751453,05/27/2006,6.063833317,GPS
01/01/1918,0.434271501,0.434271501,0.434271501,0.434271501,0.434271501,0.434271501,05/28/2006,6.088242767,GPS
02/01/1918,0.440365391,0.440365391,0.440365391,0.440365391,0.440365391,0.440365391,05/29/2006,6.071215207,GPS
03/01/1918,0.452871657,0.452871657,0.452871657,0.452871657,0.452871657,0.452871657,05/30/2006,6.060814944,GPS
04/01/1918,0.451222481,0.451222481,0.451222481,0.451222481,0.451222481,0.451222481,05/31/2006,6.092737518,GPS
05/01/1918,0.45047406,0.45047406,0.45047406,0.45047406,0.45047406,0.45047406,06/01/2006,6.087225706,GPS
06/01/1918,0.45024709,0.45024709,0.45024709,0.45024709,0.45024709,0.45024709,06/02/2006,6.090276888,GPS
07/01/1918,0.447678213,0.447678213,0.447678213,0.447678213,0.447678213,0.447678213,06/03/2006,6.085290011,GPS
08/01/1918,0.449636135,0.449636135,0.449636135,0.449636135,0.449636135,0.449636135,06/04/2006,6.088275575,GPS
09/01/1918,0.457728383,0.457728383,0.457728383,0.457728383,0.457728383,0.457728383,06/05/2006,6.0715761,GPS
10/01/1918,0.464623177,0.464623177,0.464623177,0.464623177,0.464623177,0.464623177,06/06/2006,6.078859564,GPS
11/01/1918,0.466927742,0.466927742,0.466927742,0.466927742,0.466927742,0.466927742,06/07/2006,6.079384499,GPS
12/01/1918,0.469213301,0.469213301,0.469213301,0.469213301,0.469213301,0.469213301,06/08/2006,6.085782137,GPS
01/01/1919,0.469885146,0.469885146,0.469885146,0.469885146,0.469885146,0.469885146,06/09/2006,6.07731757,GPS
02/01/1919,0.474487033,0.474487033,0.474487033,0.474487033,0.474487033,0.474487033,06/10/2006,6.087094473,GPS
03/01/1919,0.484982619,0.484982619,0.484982619,0.484982619,0.484982619,0.484982619,06/11/2006,6.077547228,GPS
04/01/1919,0.490473459,0.490473459,0.490473459,0.490473459,0.490473459,0.490473459,06/12/2006,6.072921244,GPS
05/01/1919,0.499301963,0.499301963,0.499301963,0.499301963,0.499301963,0.499301963,06/13/2006,6.094246704,GPS
06/01/1919,0.500487319,0.500487319,0.500487319,0.500487319,0.500487319,0.500487319,06/14/2006,6.090276888,GPS
07/01/1919,0.501626621,0.501626621,0.501626621,0.501626621,0.501626621,0.501626621,06/15/2006,6.064062976,GPS
08/01/1919,0.507539068,0.507539068,0.507539068,0.507539068,0.507539068,0.507539068,06/16/2006,6.081385811,GPS
09/01/1919,0.508089869,0.508089869,0.508089869,0.508089869,0.508089869,0.508089869,06/17/2006,6.083354315,GPS
10/01/1919,0.511402822,0.511402822,0.511402822,0.511402822,0.511402822,0.511402822,06/18/2006,6.072625968,GPS
11/01/1919,0.510881205,0.510881205,0.510881205,0.510881205,0.510881205,0.510881205,10/06/2006,6.063242766,GPS
12/01/1919,0.512586734,0.512586734,0.512586734,0.512586734,0.512586734,0.512586734,10/07/2006,6.14047374,GPS
01/01/1920,0.51268056,0.51268056,0.51268056,0.51268056,0.51268056,0.51268056,10/08/2006,6.138866128,GPS
02/01/1920,0.515386392,0.515386392,0.515386392,0.515386392,0.515386392,0.515386392,10/09/2006,6.128006548,GPS
03/01/1920,0.521683116,0.521683116,0.521683116,0.521683116,0.521683116,0.521683116,10/10/2006,6.111602348,GPS
04/01/1920,0.521630431,0.521630431,0.521630431,0.521630431,0.521630431,0.521630431,10/11/2006,6.10130051,GPS
05/01/1920,0.526362093,0.526362093,0.526362093,0.526362093,0.526362093,0.526362093,10/12/2006,6.09247505,GPS
06/01/1920,0.538262426,0.538262426,0.538262426,0.538262426,0.538262426,0.538262426,10/13/2006,6.107730956,GPS
07/01/1920,0.550824134,0.550824134,0.550824134,0.550824134,0.550824134,0.550824134,10/14/2006,6.072297884,GPS
08/01/1920,0.56219682,0.56219682,0.56219682,0.56219682,0.56219682,0.56219682,10/15/2006,6.083485549,GPS
09/01/1920,0.578535966,0.578535966,0.578535966,0.578535966,0.578535966,0.578535966,10/16/2006,6.078498672,GPS
10/01/1920,0.599470273,0.599470273,0.599470273,0.599470273,0.599470273,0.599470273,10/17/2006,6.064489485,GPS
11/01/1920,0.623137724,0.623137724,0.623137724,0.623137724,0.623137724,0.623137724,10/18/2006,6.089391061,GPS
12/01/1920,0.634837063,0.634837063,0.634837063,0.634837063,0.634837063,0.634837063,10/19/2006,6.101005234,GPS
01/01/1921,0.646637759,0.646637759,0.646637759,0.646637759,0.646637759,0.646637759,10/20/2006,6.114751954,GPS
02/01/1921,0.660196966,0.660196966,0.660196966,0.660196966,0.660196966,0.660196966,10/21/2006,6.092639092,GPS
03/01/1921,0.669081606,0.669081606,0.669081606,0.669081606,0.669081606,0.669081606,10/22/2006,6.109666652,GPS
04/01/1921,0.668570751,0.668570751,0.668570751,0.668570751,0.668570751,0.668570751,10/23/2006,6.109108909,GPS
05/01/1921,0.67883537,0.67883537,0.67883537,0.67883537,0.67883537,0.67883537,10/24/2006,6.101530169,GPS
06/01/1921,0.682661965,0.682661965,0.682661965,0.682661965,0.682661965,0.682661965,10/25/2006,6.101398935,GPS
07/01/1921,0.687409314,0.687409314,0.687409314,0.687409314,0.687409314,0.687409314,10/26/2006,6.110388437,GPS
08/01/1921,0.683572274,0.683572274,0.683572274,0.683572274,0.683572274,0.683572274,10/27/2006,6.120887125,GPS
09/01/1921,0.68716366,0.68716366,0.68716366,0.68716366,0.68716366,0.68716366,10/28/2006,6.107796573,GPS
10/01/1921,0.699706594,0.699706594,0.699706594,0.699706594,0.699706594,0.699706594,10/29/2006,6.101530169,GPS
11/01/1921,0.700886725,0.700886725,0.700886725,0.700886725,0.700886725,0.700886725,10/30/2006,6.091556415,GPS
12/01/1921,0.703143388,0.703143388,0.703143388,0.703143388,0.703143388,0.703143388,10/31/2006,6.095591848,GPS
01/01/1922,0.703165774,0.703165774,0.703165774,0.703165774,0.703165774,0.703165774,11/01/2006,6.08755379,GPS
02/01/1922,0.703239254,0.703239254,0.703239254,0.703239254,0.703239254,0.703239254,11/02/2006,6.108912059,GPS
03/01/1922,0.703847019,0.703847019,0.703847019,0.703847019,0.703847019,0.703847019,11/03/2006,6.086930431,GPS
04/01/1922,0.704736371,0.704736371,0.704736371,0.704736371,0.704736371,0.704736371,11/04/2006,6.107566914,GPS
05/01/1922,0.705497241,0.705497241,0.705497241,0.705497241,0.705497241,0.705497241,11/05/2006,6.093951428,GPS
06/01/1922,0.706449175,0.706449175,0.706449175,0.706449175,0.706449175,0.706449175,11/06/2006,6.116392374,GPS
07/01/1922,0.710168152,0.710168152,0.710168152,0.710168152,0.710168152,0.710168152,11/07/2006,6.113734894,GPS
08/01/1922,0.708756608,0.708756608,0.708756608,0.708756608,0.708756608,0.708756608,11/08/2006,6.07095274,GPS
09/01/1922,0.708799675,0.708799675,0.708799675,0.708799675,0.708799675,0.708799675,11/09/2006,6.070723081,GPS
10/01/1922,0.709062887,0.709062887,0.709062887,0.709062887,0.709062887,0.709062887,11/10/2006,6.106648279,GPS
11/01/1922,0.71159804,0.71159804,0.71159804,0.71159804,0.71159804,0.71159804,11/11/2006,6.115539356,GPS
12/01/1922,0.711689888,0.711689888,0.711689888,0.711689888,0.711689888,0.711689888,11/12/2006,6.08345274,GPS
01/01/1923,0.713195768,0.713195768,0.713195768,0.713195768,0.713195768,0.713195768,11/13/2006,6.088308384,GPS
02/01/1923,0.718310237,0.718310237,0.718310237,0.718310237,0.718310237,0.718310237,11/14/2006,6.061405496,GPS
03/01/1923,0.725368096,0.725368096,0.725368096,0.725368096,0.725368096,0.725368096,11/15/2006,6.098544604,GPS
04/01/1923,0.726496396,0.726496396,0.726496396,0.726496396,0.726496396,0.726496396,11/16/2006,6.093426494,GPS
05/01/1923,0.731643771,0.731643771,0.731643771,0.731643771,0.731643771,0.731643771,11/17/2006,6.099266389,GPS
06/01/1923,0.734579842,0.734579842,0.734579842,0.734579842,0.734579842,0.734579842,11/18/2006,6.114128594,GPS
07/01/1923,0.737939573,0.737939573,0.737939573,0.737939573,0.737939573,0.737939573,11/19/2006,6.117442243,GPS
08/01/1923,0.74816864,0.74816864,0.74816864,0.74816864,0.74816864,0.74816864,11/20/2006,6.09536219,GPS
09/01/1923,0.767064585,0.767064585,0.767064585,0.767064585,0.767064585,0.767064585,11/21/2006,6.089391061,GPS
10/01/1923,0.781019243,0.781019243,0.781019243,0.781019243,0.781019243,0.781019243,11/22/2006,6.10274408,GPS
11/01/1923,0.796277308,0.796277308,0.796277308,0.796277308,0.796277308,0.796277308,11/23/2006,6.117475051,GPS
12/01/1923,0.818574439,0.818574439,0.818574439,0.818574439,0.818574439,0.818574439,11/24/2006,6.093853003,GPS
01/01/1924,0.834590766,0.834590766,0.834590766,0.834590766,0.834590766,0.834590766,11/25/2006,6.090342504,GPS
02/01/1924,0.856535172,0.856535172,0.856535172,0.856535172,0.856535172,0.856535172,11/26/2006,6.086011796,GPS
03/01/1924,0.87651411,0.87651411,0.87651411,0.87651411,0.87651411,0.87651411,11/27/2006,6.081385811,GPS
04/01/1924,0.902648708,0.902648708,0.902648708,0.902648708,0.902648708,0.902648708,11/28/2006,6.087849066,GPS
05/01/1924,0.927320903,0.927320903,0.927320903,0.927320903,0.927320903,0.927320903,11/29/2006,6.106320195,GPS
06/01/1924,0.93765954,0.93765954,0.93765954,0.93765954,0.93765954,0.93765954,11/30/2006,6.109272951,GPS
07/01/1924,0.953146427,0.953146427,0.953146427,0.953146427,0.953146427,0.953146427,12/01/2006,6.113833319,GPS
08/01/1924,0.966310651,0.966310651,0.966310651,0.966310651,0.966310651,0.966310651,12/02/2006,6.116851692,GPS
09/01/1924,0.972366338,0.972366338,0.972366338,0.972366338,0.972366338,0.972366338,12/03/2006,6.107927807,GPS
10/01/1924,0.975043456,0.975043456,0.975043456,0.975043456,0.975043456,0.975043456,12/04/2006,6.124725708,GPS
11/01/1924,0.982329715,0.982329715,0.982329715,0.982329715,0.982329715,0.982329715,12/05/2006,6.098971114,GPS
12/01/1924,0.983250217,0.983250217,0.983250217,0.983250217,0.983250217,0.983250217,12/06/2006,6.101792636,GPS
01/01/1925,0.991764729,0.991764729,0.991764729,0.991764729,0.991764729,0.991764729,12/07/2006,6.100874001,GPS
02/01/1925,0.992583812,0.992583812,0.992583812,0.992583812,0.992583812,0.992583812,12/08/2006,6.099299198,GPS
03/01/1925,1.005244038,1.005244038,1.005244038,1.005244038,1.005244038,1.005244038,12/09/2006,6.070723081,GPS
04/01/1925,1.005322156,1.005322156,1.005322156,1.005322156,1.005322156,1.005322156,12/10/2006,6.095624657,GPS
05/01/1925,1.004759834,1.004759834,1.004759834,1.004759834,1.004759834,1.004759834,12/11/2006,6.097297885,GPS
06/01/1925,1.005901025,1.005901025,1.005901025,1.005901025,1.005901025,1.005901025,12/12/2006,6.111274264,GPS
07/01/1925,1.010209443,1.010209443,1.010209443,1.010209443,1.010209443,1.010209443,12/13/2006,6.102645654,GPS
08/01/1925,1.014277159,1.014277159,1.014277159,1.014277159,1.014277159,1.014277159,12/14/2006,6.096543292,GPS
09/01/1925,1.023218828,1.023218828,1.023218828,1.023218828,1.023218828,1.023218828,12/15/2006,6.087816258,GPS
10/01/1925,1.03817873,1.03817873,1.03817873,1.03817873,1.03817873,1.03817873,12/16/2006,6.07032938,GPS
11/01/1925,1.046150087,1.046150087,1.046150087,1.046150087,1.046150087,1.046150087,12/17/2006,6.090080037,GPS
12/01/1925,1.058427485,1.058427485,1.058427485,1.058427485,1.058427485,1.058427485,12/18/2006,6.091523607,GPS
01/01/1926,1.058006046,1.058006046,1.058006046,1.058006046,1.058006046,1.058006046,12/19/2006,6.102973738,GPS
02/01/1926,1.058502377,1.058502377,1.058502377,1.058502377,1.058502377,1.058502377,12/20/2006,6.092835943,GPS
03/01/1926,1.061468944,1.061468944,1.061468944,1.061468944,1.061468944,1.061468944,12/21/2006,6.089948804,GPS
04/01/1926,1.063230318,1.063230318,1.063230318,1.063230318,1.063230318,1.063230318,12/22/2006,6.080828068,GPS
05/01/1926,1.064088713,1.064088713,1.064088713,1.064088713,1.064088713,1.064088713,12/23/2006,6.080565601,GPS
06/01/1926,1.063973075,1.063973075,1.063973075,1.063973075,1.063973075,1.063973075,12/24/2006,6.10641862,GPS
07/01/1926,1.070120796,1.070120796,1.070120796,1.070120796,1.070120796,1.070120796,12/25/2006,6.12098555,GPS
08/01/1926,1.074707516,1.074707516,1.074707516,1.074707516,1.074707516,1.074707516,12/26/2006,6.105696836,GPS
09/01/1926,1.077156389,1.077156389,1.077156389,1.077156389,1.077156389,1.077156389,12/27/2006,6.077973738,GPS
10/01/1926,1.084036999,1.084036999,1.084036999,1.084036999,1.084036999,1.084036999,12/28/2006,6.079679774,GPS
11/01/1926,1.089285758,1.089285758,1.089285758,1.089285758,1.089285758,1.089285758,12/29/2006,6.107435681,GPS
12/01/1926,1.090752689,1.090752689,1.090752689,1.090752689,1.090752689,1.090752689,12/30/2006,6.091884499,GPS
01/01/1927,1.086813369,1.086813369,1.086813369,1.086813369,1.086813369,1.086813369,12/31/2006,6.088406809,GPS
02/01/1927,1.088414612,1.088414612,1.088414612,1.088414612,1.088414612,1.088414612,01/01/2007,6.089161402,GPS
03/01/1927,1.09400832,1.09400832,1.09400832,1.09400832,1.09400832,1.09400832,01/02/2007,6.084010483,GPS
04/01/1927,1.095614466,1.095614466,1.095614466,1.095614466,1.095614466,1.095614466,01/03/2007,6.067967176,GPS
05/01/1927,1.105865502,1.105865502,1.105865502,1.105865502,1.105865502,1.105865502,01/04/2007,6.066129905,GPS
06/01/1927,1.107942026,1.107942026,1.107942026,1.107942026,1.107942026,1.107942026,01/05/2007,6.078793948,GPS
07/01/1927,1.113569147,1.113569147,1.113569147,1.113569147,1.113569147,1.113569147,01/06/2007,6.099955366,GPS
08/01/1927,1.120915564,1.120915564,1.120915564,1.120915564,1.120915564,1.120915564,01/07/2007,6.109765077,GPS
09/01/1927,1.130328178,1.130328178,1.130328178,1.130328178,1.130328178,1.130328178,01/08/2007,6.100874001,GPS
10/01/1927,1.137974288,1.137974288,1.137974288,1.137974288,1.137974288,1.137974288,01/09/2007,6.097757203,GPS
11/01/1927,1.141042852,1.141042852,1.141042852,1.141042852,1.141042852,1.141042852,01/10/2007,6.088341192,GPS
12/01/1927,1.145769575,1.145769575,1.145769575,1.145769575,1.145769575,1.145769575,01/11/2007,6.084305759,GPS
01/01/1928,1.158424286,1.158424286,1.158424286,1.158424286,1.158424286,1.158424286,01/12/2007,6.103269014,GPS
02/01/1928,1.165312467,1.165312467,1.165312467,1.165312467,1.165312467,1.165312467,01/13/2007,6.10887925,GPS
03/01/1928,1.173514207,1.173514207,1.173514207,1.173514207,1.173514207,1.173514207,01/14/2007,6.108387124,GPS
04/01/1928,1.17823526,1.17823526,1.17823526,1.17823526,1.17823526,1.17823526,01/15/2007,6.115604972,GPS
05/01/1928,1.186026036,1.186026036,1.186026036,1.186026036,1.186026036,1.186026036,01/16/2007,6.114030169,GPS
06/01/1928,1.196485785,1.196485785,1.196485785,1.196485785,1.196485785,1.196485785,01/17/2007,6.096904184,GPS
07/01/1928,1.209543413,1.209543413,1.209543413,1.209543413,1.209543413,1.209543413,01/18/2007,6.1211824,GPS
08/01/1928,1.232356636,1.232356636,1.232356636,1.232356636,1.232356636,1.232356636,01/19/2007,6.106877938,GPS
09/01/1928,1.24070544,1.24070544,1.24070544,1.24070544,1.24070544,1.24070544,01/20/2007,6.093164027,GPS
10/01/1928,1.243681333,1.243681333,1.243681333,1.243681333,1.243681333,1.243681333,01/21/2007,6.095723082,GPS
11/01/1928,1.248774187,1.248774187,1.248774187,1.248774187,1.248774187,1.248774187,01/22/2007,6.09637925,GPS
12/01/1928,1.255275716,1.255275716,1.255275716,1.255275716,1.255275716,1.255275716,01/23/2007,6.110454054,GPS
01/01/1929,1.255730736,1.255730736,1.255730736,1.255730736,1.255730736,1.255730736,01/24/2007,6.11176639,GPS
02/01/1929,1.262375778,1.262375778,1.262375778,1.262375778,1.262375778,1.262375778,01/25/2007,6.113669277,GPS
03/01/1929,1.269404602,1.269404602,1.269404602,1.269404602,1.269404602,1.269404602,01/26/2007,6.091326756,GPS
04/01/1929,1.280553602,1.280553602,1.280553602,1.280553602,1.280553602,1.280553602,01/27/2007,6.094312321,GPS
05/01/1929,1.298682341,1.298682341,1.298682341,1.298682341,1.298682341,1.298682341,01/28/2007,6.090309696,GPS
06/01/1929,1.303386985,1.303386985,1.303386985,1.303386985,1.303386985,1.303386985,01/29/2007,6.104646967,GPS
07/01/1929,1.306291987,1.306291987,1.306291987,1.306291987,1.306291987,1.306291987,01/30/2007,6.093524919,GPS
08/01/1929,1.308829615,1.308829615,1.308829615,1.308829615,1.308829615,1.308829615,01/31/2007,6.080893685,GPS
09/01/1929,1.312630637,1.312630637,1.312630637,1.312630637,1.312630637,1.312630637,02/01/2007,6.08919421,GPS
10/01/1929,1.314592638,1.314592638,1.314592638,1.314592638,1.314592638,1.314592638,02/02/2007,6.086143029,GPS
11/01/1929,1.317658952,1.317658952,1.317658952,1.317658952,1.317658952,1.317658952,02/03/2007,6.09966009,GPS
12/01/1929,1.319664482,1.319664482,1.319664482,1.319664482,1.319664482,1.319664482,02/04/2007,6.096248016,GPS
01/01/1930,1.321886123,1.321886123,1.321886123,1.321886123,1.321886123,1.321886123,02/05/2007,6.104220458,GPS
02/01/1930,1.325510994,1.325510994,1.325510994,1.325510994,1.325510994,1.325510994,02/06/2007,6.113242768,GPS
03/01/1930,1.332516017,1.332516017,1.332516017,1.332516017,1.332516017,1.332516017,02/07/2007,6.085060352,GPS
04/01/1930,1.336517241,1.336517241,1.336517241,1.336517241,1.336517241,1.336517241,02/08/2007,6.111864815,GPS
05/01/1930,1.339090817,1.339090817,1.339090817,1.339090817,1.339090817,1.339090817,02/09/2007,6.07935169,GPS
06/01/1930,1.343093246,1.343093246,1.343093246,1.343093246,1.343093246,1.343093246,02/10/2007,6.083649591,GPS
07/01/1930,1.346239415,1.346239415,1.346239415,1.346239415,1.346239415,1.346239415,02/11/2007,6.054909432,GPS
08/01/1930,1.352187533,1.352187533,1.352187533,1.352187533,1.352187533,1.352187533,02/12/2007,6.105664027,GPS
09/01/1930,1.359632033,1.359632033,1.359632033,1.359632033,1.359632033,1.359632033,02/13/2007,6.082829381,GPS
10/01/1930,1.369156905,1.369156905,1.369156905,1.369156905,1.369156905,1.369156905,02/14/2007,6.099824132,GPS
11/01/1930,1.379855914,1.379855914,1.379855914,1.379855914,1.379855914,1.379855914,02/15/2007,6.104712584,GPS
12/01/1930,1.389747284,1.389747284,1.389747284,1.389747284,1.389747284,1.389747284,02/16/2007,6.081254578,GPS
01/01/1931,1.404568193,1.404568193,1.404568193,1.404568193,1.404568193,1.404568193,02/17/2007,6.083780824,GPS
02/01/1931,1.425408568,1.425408568,1.425408568,1.425408568,1.425408568,1.425408568,02/18/2007,6.082665339,GPS
03/01/1931,1.440076309,1.440076309,1.440076309,1.440076309,1.440076309,1.440076309,02/19/2007,6.055926493,GPS
04/01/1931,1.451872242,1.451872242,1.451872242,1.451872242,1.451872242,1.451872242,02/20/2007,6.060355627,GPS
05/01/1931,1.475878332,1.475878332,1.475878332,1.475878332,1.475878332,1.475878332,02/21/2007,6.063931742,GPS
06/01/1931,1.506062979,1.506062979,1.506062979,1.506062979,1.506062979,1.506062979,02/22/2007,6.075185024,GPS
07/01/1931,1.519256533,1.519256533,1.519256533,1.519256533,1.519256533,1.519256533,02/23/2007,6.067639092,GPS
08/01/1931,1.526763547,1.526763547,1.526763547,1.526763547,1.526763547,1.526763547,02/24/2007,6.069837254,GPS
09/01/1931,1.538774496,1.538774496,1.538774496,1.538774496,1.538774496,1.538774496,02/25/2007,6.065539354,GPS
10/01/1931,1.554980477,1.554980477,1.554980477,1.554980477,1.554980477,1.554980477,02/26/2007,6.068262451,GPS
11/01/1931,1.567847565,1.567847565,1.567847565,1.567847565,1.567847565,1.567847565,02/27/2007,6.067442241,GPS
12/01/1931,1.575505702,1.575505702,1.575505702,1.575505702,1.575505702,1.575505702,02/28/2007,6.050873999,GPS
01/01/1932,1.584544752,1.584544752,1.584544752,1.584544752,1.584544752,1.584544752,03/01/2007,6.070165338,GPS
02/01/1932,1.593970745,1.593970745,1.593970745,1.593970745,1.593970745,1.593970745,03/02/2007,6.082796572,GPS
03/01/1932,1.598735694,1.598735694,1.598735694,1.598735694,1.598735694,1.598735694,03/03/2007,6.097658778,GPS
04/01/1932,1.612558199,1.612558199,1.612558199,1.612558199,1.612558199,1.612558199,03/04/2007,6.095690274,GPS
05/01/1932,1.632797067,1.632797067,1.632797067,1.632797067,1.632797067,1.632797067,03/05/2007,6.061274262,GPS
06/01/1932,1.640790952,1.640790952,1.640790952,1.640790952,1.640790952,1.640790952,03/06/2007,6.082599722,GPS
07/01/1932,1.64788423,1.64788423,1.64788423,1.64788423,1.64788423,1.64788423,03/07/2007,6.062389748,GPS
08/01/1932,1.663150023,1.663150023,1.663150023,1.663150023,1.663150023,1.663150023,03/08/2007,6.072429118,GPS
09/01/1932,1.674142062,1.674142062,1.674142062,1.674142062,1.674142062,1.674142062,03/09/2007,6.07895799,GPS
10/01/1932,1.689864335,1.689864335,1.689864335,1.689864335,1.689864335,1.689864335,03/10/2007,6.07013253,GPS
11/01/1932,1.699476614,1.699476614,1.699476614,1.699476614,1.699476614,1.699476614,03/11/2007,6.076202084,GPS
12/01/1932,1.708084327,1.708084327,1.708084327,1.708084327,1.708084327,1.708084327,03/12/2007,6.083518357,GPS
01/01/1933,1.727253041,1.727253041,1.727253041,1.727253041,1.727253041,1.727253041,03/13/2007,6.068557727,GPS
02/01/1933,1.746126079,1.746126079,1.746126079,1.746126079,1.746126079,1.746126079,03/14/2007,6.065244078,GPS
03/01/1933,1.765039912,1.765039912,1.765039912,1.765039912,1.765039912,1.765039912,03/15/2007,6.070394997,GPS
04/01/1933,1.783183504,1.783183504,1.783183504,1.783183504,1.783183504,1.783183504,03/16/2007,6.07114959,GPS
05/01/1933,1.796451358,1.796451358,1.796451358,1.796451358,1.796451358,1.796451358,03/17/2007,6.066556414,GPS
06/01/1933,1.80560492,1.80560492,1.80560492,1.80560492,1.80560492,1.80560492,03/18/2007,6.065309695,GPS
07/01/1933,1.811893799,1.811893799,1.811893799,1.811893799,1.811893799,1.811893799,03/19/2007,6.065703396,GPS
08/01/1933,1.817867611,1.817867611,1.817867611,1.817867611,1.817867611,1.817867611,03/20/2007,6.064358252,GPS
09/01/1933,1.823913768,1.823913768,1.823913768,1.823913768,1.823913768,1.823913768,03/21/2007,6.040506545,GPS
10/01/1933,1.82941471,1.82941471,1.82941471,1.82941471,1.82941471,1.82941471,03/22/2007,6.065178462,GPS
11/01/1933,1.836463364,1.836463364,1.836463364,1.836463364,1.836463364,1.836463364,03/23/2007,6.069673212,GPS
12/01/1933,1.843023472,1.843023472,1.843023472,1.843023472,1.843023472,1.843023472,03/24/2007,6.070624656,GPS
01/01/1934,1.855725118,1.855725118,1.855725118,1.855725118,1.855725118,1.855725118,03/25/2007,6.054023606,GPS
02/01/1934,1.86129885,1.86129885,1.86129885,1.86129885,1.86129885,1.86129885,03/26/2007,6.076169276,GPS
03/01/1934,1.862959513,1.862959513,1.862959513,1.862959513,1.862959513,1.862959513,03/27/2007,6.066884498,GPS
04/01/1934,1.867924318,1.867924318,1.867924318,1.867924318,1.867924318,1.867924318,03/28/2007,6.090112846,GPS
05/01/1934,1.873504332,1.873504332,1.873504332,1.873504332,1.873504332,1.873504332,03/29/2007,6.104056416,GPS
06/01/1934,1.875888578,1.875888578,1.875888578,1.875888578,1.875888578,1.875888578,03/30/2007,6.107009172,GPS
07/01/1934,1.877462254,1.877462254,1.877462254,1.877462254,1.877462254,1.877462254,03/31/2007,6.084765076,GPS
08/01/1934,1.881116903,1.881116903,1.881116903,1.881116903,1.881116903,1.881116903,04/01/2007,6.082534105,GPS
09/01/1934,1.885256491,1.885256491,1.885256491,1.885256491,1.885256491,1.885256491,04/02/2007,6.094476363,GPS
10/01/1934,1.893094189,1.893094189,1.893094189,1.893094189,1.893094189,1.893094189,04/03/2007,6.101825444,GPS
11/01/1934,1.900633099,1.900633099,1.900633099,1.900633099,1.900633099,1.900633099,04/04/2007,6.097232268,GPS
12/01/1934,1.901665466,1.901665466,1.901665466,1.901665466,1.901665466,1.901665466,04/05/2007,6.097068226,GPS
01/01/1935,1.900846147,1.900846147,1.900846147,1.900846147,1.900846147,1.900846147,04/06/2007,6.096871376,GPS
02/01/1935,1.904538751,1.904538751,1.904538751,1.904538751,1.904538751,1.904538751,04/07/2007,6.067146966,GPS
03/01/1935,1.911027592,1.911027592,1.911027592,1.911027592,1.911027592,1.911027592,04/08/2007,6.075939617,GPS
04/01/1935,1.914479703,1.914479703,1.914479703,1.914479703,1.914479703,1.914479703,04/09/2007,6.103236206,GPS
05/01/1935,1.917141561,1.917141561,1.917141561,1.917141561,1.917141561,1.917141561,04/10/2007,6.103039355,GPS
06/01/1935,1.919208198,1.919208198,1.919208198,1.919208198,1.919208198,1.919208198,04/11/2007,6.097790011,GPS
07/01/1935,1.920173889,1.920173889,1.920173889,1.920173889,1.920173889,1.920173889,04/12/2007,6.078170588,GPS
08/01/1935,1.919294723,1.919294723,1.919294723,1.919294723,1.919294723,1.919294723,04/13/2007,6.109076101,GPS
09/01/1935,1.920158784,1.920158784,1.920158784,1.920158784,1.920158784,1.920158784,04/14/2007,6.093196835,GPS
10/01/1935,1.924231508,1.924231508,1.924231508,1.924231508,1.924231508,1.924231508,04/15/2007,6.101989486,GPS
11/01/1935,1.927238843,1.927238843,1.927238843,1.927238843,1.927238843,1.927238843,04/16/2007,6.10684513,GPS
12/01/1935,1.925949129,1.925949129,1.925949129,1.925949129,1.925949129,1.925949129,04/17/2007,6.103236206,GPS
01/01/1936,1.924894131,1.924894131,1.924894131,1.924894131,1.924894131,1.924894131,04/18/2007,6.093393686,GPS
02/01/1936,1.92517423,1.92517423,1.92517423,1.92517423,1.92517423,1.92517423,04/19/2007,6.115834631,GPS
03/01/1936,1.924029299,1.924029299,1.924029299,1.924029299,1.924029299,1.924029299,04/20/2007,6.107435681,GPS
04/01/1936,1.919648437,1.919648437,1.919648437,1.919648437,1.919648437,1.919648437,04/21/2007,6.110454054,GPS
05/01/1936,1.916324645,1.916324645,1.916324645,1.916324645,1.916324645,1.916324645,04/22/2007,6.098282137,GPS
06/01/1936,1.912012584,1.912012584,1.912012584,1.912012584,1.912012584,1.912012584,04/23/2007,6.116753266,GPS
07/01/1936,1.911718563,1.911718563,1.911718563,1.911718563,1.911718563,1.911718563,04/24/2007,6.131221771,GPS
08/01/1936,1.9079706,1.9079706,1.9079706,1.9079706,1.9079706,1.9079706,04/25/2007,6.12528345,GPS
09/01/1936,1.908769939,1.908769939,1.908769939,1.908769939,1.908769939,1.908769939,04/26/2007,6.106123345,GPS
10/01/1936,1.907233359,1.907233359,1.907233359,1.907233359,1.907233359,1.907233359,04/27/2007,6.1086824,GPS
11/01/1936,1.906888161,1.906888161,1.906888161,1.906888161,1.906888161,1.906888161,04/28/2007,6.117934369,GPS
12/01/1936,1.907414986,1.907414986,1.907414986,1.907414986,1.907414986,1.907414986,04/29/2007,6.130434369,GPS
01/01/1937,1.912929371,1.912929371,1.912929371,1.912929371,1.912929371,1.912929371,04/30/2007,6.131976364,GPS
02/01/1937,1.911027641,1.911027641,1.911027641,1.911027641,1.911027641,1.911027641,05/01/2007,6.123413372,GPS
03/01/1937,1.913212876,1.913212876,1.913212876,1.913212876,1.913212876,1.913212876,05/02/2007,6.138078726,GPS
04/01/1937,1.913010052,1.913010052,1.913010052,1.913010052,1.913010052,1.913010052,05/03/2007,6.125020983,GPS
05/01/1937,1.913654805,1.913654805,1.913654805,1.913654805,1.913654805,1.913654805,05/04/2007,6.122494736,GPS
06/01/1937,1.913495055,1.913495055,1.913495055,1.913495055,1.913495055,1.913495055,05/05/2007,6.136832007,GPS
07/01/1937,1.914523848,1.914523848,1.914523848,1.914523848,1.914523848,1.914523848,05/06/2007,6.141654842,GPS
08/01/1937,1.911720326,1.911720326,1.911720326,1.911720326,1.911720326,1.911720326,05/07/2007,6.130368752,GPS
09/01/1937,1.914598108,1.914598108,1.914598108,1.914598108,1.914598108,1.914598108,05/08/2007,6.133846443,GPS
10/01/1937,1.916939846,1.916939846,1.916939846,1.916939846,1.916939846,1.916939846,05/09/2007,6.138505236,GPS
11/01/1937,1.917474026,1.917474026,1.917474026,1.917474026,1.917474026,1.917474026,05/10/2007,6.152317572,GPS
12/01/1937,1.921867339,1.921867339,1.921867339,1.921867339,1.921867339,1.921867339,05/11/2007,6.165047231,GPS
01/01/1938,1.921682246,1.921682246,1.921682246,1.921682246,1.921682246,1.921682246,05/12/2007,6.137356942,GPS
02/01/1938,1.921162507,1.921162507,1.921162507,1.921162507,1.921162507,1.921162507,05/13/2007,6.143721771,GPS
03/01/1938,1.922336839,1.922336839,1.922336839,1.922336839,1.922336839,1.922336839,05/14/2007,6.146379252,GPS
04/01/1938,1.922568132,1.922568132,1.922568132,1.922568132,1.922568132,1.922568132,05/15/2007,6.146772952,GPS
05/01/1938,1.925450752,1.925450752,1.925450752,1.925450752,1.925450752,1.925450752,05/16/2007,6.164325446,GPS
06/01/1938,1.924441298,1.924441298,1.924441298,1.924441298,1.924441298,1.924441298,05/17/2007,6.146904186,GPS
07/01/1938,1.930290015,1.930290015,1.930290015,1.930290015,1.930290015,1.930290015,05/18/2007,6.152415997,GPS
08/01/1938,1.933944512,1.933944512,1.933944512,1.933944512,1.933944512,1.933944512,05/19/2007,6.144476364,GPS
09/01/1938,1.937374008,1.937374008,1.937374008,1.937374008,1.937374008,1.937374008,05/20/2007,6.152219147,GPS
10/01/1938,1.937915663,1.937915663,1.937915663,1.937915663,1.937915663,1.937915663,05/21/2007,6.15645143,GPS
11/01/1938,1.94019385,1.94019385,1.94019385,1.94019385,1.94019385,1.94019385,05/22/2007,6.158485551,GPS
12/01/1938,1.940863773,1.940863773,1.940863773,1.940863773,1.940863773,1.940863773,05/23/2007,6.151628596,GPS
01/01/1939,1.938606716,1.938606716,1.938606716,1.938606716,1.938606716,1.938606716,05/24/2007,6.15645143,GPS
02/01/1939,1.937868253,1.937868253,1.937868253,1.937868253,1.937868253,1.937868253,05/25/2007,6.15727164,GPS
03/01/1939,1.93227647,1.93227647,1.93227647,1.93227647,1.93227647,1.93227647,05/26/2007,6.18433857,GPS
04/01/1939,1.936622476,1.936622476,1.936622476,1.936622476,1.936622476,1.936622476,05/27/2007,6.165637782,GPS
05/01/1939,1.940606921,1.940606921,1.940606921,1.940606921,1.940606921,1.940606921,05/28/2007,6.166753268,GPS
06/01/1939,1.940873566,1.940873566,1.940873566,1.940873566,1.940873566,1.940873566,05/29/2007,6.166654843,GPS
07/01/1939,1.945158543,1.945158543,1.945158543,1.945158543,1.945158543,1.945158543,05/30/2007,6.173544607,GPS
08/01/1939,1.943224596,1.943224596,1.943224596,1.943224596,1.943224596,1.943224596,05/31/2007,6.180795263,GPS
09/01/1939,1.938798488,1.938798488,1.938798488,1.938798488,1.938798488,1.938798488,06/01/2007,6.158059042,GPS
10/01/1939,1.939710211,1.939710211,1.939710211,1.939710211,1.939710211,1.939710211,06/02/2007,6.166261142,GPS
11/01/1939,1.943419974,1.943419974,1.943419974,1.943419974,1.943419974,1.943419974,06/03/2007,6.177350381,GPS
12/01/1939,1.945352129,1.945352129,1.945352129,1.945352129,1.945352129,1.945352129,06/04/2007,6.151267703,GPS
01/01/1940,1.943086422,1.943086422,1.943086422,1.943086422,1.943086422,1.943086422,06/05/2007,6.165933058,GPS
02/01/1940,1.947119061,1.947119061,1.947119061,1.947119061,1.947119061,1.947119061,06/06/2007,6.13985038,GPS
03/01/1940,1.951064573,1.951064573,1.951064573,1.951064573,1.951064573,1.951064573,06/07/2007,6.159240144,GPS
04/01/1940,1.947157291,1.947157291,1.947157291,1.947157291,1.947157291,1.947157291,06/08/2007,6.193262455,GPS
05/01/1940,1.947210089,1.947210089,1.947210089,1.947210089,1.947210089,1.947210089,06/09/2007,6.182140408,GPS
06/01/1940,1.950108442,1.950108442,1.950108442,1.950108442,1.950108442,1.950108442,06/10/2007,6.178170591,GPS
07/01/1940,1.947931521,1.947931521,1.947931521,1.947931521,1.947931521,1.947931521,06/11/2007,6.1742992,GPS
08/01/1940,1.949836113,1.949836113,1.949836113,1.949836113,1.949836113,1.949836113,06/12/2007,6.160093163,GPS
09/01/1940,1.948333975,1.948333975,1.948333975,1.948333975,1.948333975,1.948333975,06/13/2007,6.203301826,GPS
10/01/1940,1.947020497,1.947020497,1.947020497,1.947020497,1.947020497,1.947020497,06/14/2007,6.209830697,GPS
11/01/1940,1.940474212,1.940474212,1.940474212,1.940474212,1.940474212,1.940474212,06/15/2007,6.197625972,GPS
12/01/1940,1.940899669,1.940899669,1.940899669,1.940899669,1.940899669,1.940899669,06/16/2007,6.205007862,GPS
01/01/1941,1.939321639,1.939321639,1.939321639,1.939321639,1.939321639,1.939321639,06/17/2007,6.220165343,GPS
02/01/1941,1.939540058,1.939540058,1.939540058,1.939540058,1.939540058,1.939540058,06/18/2007,6.183255893,GPS
03/01/1941,1.93854832,1.93854832,1.93854832,1.93854832,1.93854832,1.93854832,06/19/2007,6.214522298,GPS
04/01/1941,1.935168581,1.935168581,1.935168581,1.935168581,1.935168581,1.935168581,06/20/2007,6.205434372,GPS
05/01/1941,1.935534059,1.935534059,1.935534059,1.935534059,1.935534059,1.935534059,06/21/2007,6.214587915,GPS
06/01/1941,1.931893476,1.931893476,1.931893476,1.931893476,1.931893476,1.931893476,06/22/2007,6.223347758,GPS
07/01/1941,1.93320581,1.93320581,1.93320581,1.93320581,1.93320581,1.93320581,06/23/2007,6.232238834,GPS
08/01/1941,1.93846311,1.93846311,1.93846311,1.93846311,1.93846311,1.93846311,06/24/2007,6.229023611,GPS
09/01/1941,1.935498397,1.935498397,1.935498397,1.935498397,1.935498397,1.935498397,06/25/2007,6.215539359,GPS
10/01/1941,1.934709309,1.934709309,1.934709309,1.934709309,1.934709309,1.934709309,06/26/2007,6.225841196,GPS
11/01/1941,1.933756842,1.933756842,1.933756842,1.933756842,1.933756842,1.933756842,06/27/2007,6.235027548,GPS
12/01/1941,1.934601673,1.934601673,1.934601673,1.934601673,1.934601673,1.934601673,06/28/2007,6.238341197,GPS
01/01/1942,1.933146261,1.933146261,1.933146261,1.933146261,1.933146261,1.933146261,06/29/2007,6.22616928,GPS
02/01/1942,1.934254575,1.934254575,1.934254575,1.934254575,1.934254575,1.934254575,06/30/2007,6.212094477,GPS
03/01/1942,1.92950566,1.92950566,1.92950566,1.92950566,1.92950566,1.92950566,07/01/2007,6.210782141,GPS
04/01/1942,1.92684599,1.92684599,1.92684599,1.92684599,1.92684599,1.92684599,07/02/2007,6.225545921,GPS
05/01/1942,1.935415931,1.935415931,1.935415931,1.935415931,1.935415931,1.935415931,07/03/2007,6.23663516,GPS
06/01/1942,1.936458619,1.936458619,1.936458619,1.936458619,1.936458619,1.936458619,07/04/2007,6.23151705,GPS
07/01/1942,1.939289433,1.939289433,1.939289433,1.939289433,1.939289433,1.939289433,07/05/2007,6.220559044,GPS
08/01/1942,1.943350741,1.943350741,1.943350741,1.943350741,1.943350741,1.943350741,07/06/2007,6.216457994,GPS
09/01/1942,1.93961714,1.93961714,1.93961714,1.93961714,1.93961714,1.93961714,07/07/2007,6.222002614,GPS
10/01/1942,1.935944408,1.935944408,1.935944408,1.935944408,1.935944408,1.935944408,07/08/2007,6.215440934,GPS
11/01/1942,1.939809129,1.939809129,1.939809129,1.939809129,1.939809129,1.939809129,07/09/2007,6.244870068,GPS
12/01/1942,1.937194911,1.937194911,1.937194911,1.937194911,1.937194911,1.937194911,07/10/2007,6.239686341,GPS
01/01/1943,1.928695265,1.928695265,1.928695265,1.928695265,1.928695265,1.928695265,07/11/2007,6.243853008,GPS
02/01/1943,1.922174866,1.922174866,1.922174866,1.922174866,1.922174866,1.922174866,07/12/2007,6.231024924,GPS
03/01/1943,1.923258367,1.923258367,1.923258367,1.923258367,1.923258367,1.923258367,07/13/2007,6.233452745,GPS
04/01/1943,1.924659188,1.924659188,1.924659188,1.924659188,1.924659188,1.924659188,07/14/2007,6.232993428,GPS
05/01/1943,1.920907234,1.920907234,1.920907234,1.920907234,1.920907234,1.920907234,07/15/2007,6.23807873,GPS
06/01/1943,1.921461558,1.921461558,1.921461558,1.921461558,1.921461558,1.921461558,07/16/2007,6.250906814,GPS
07/01/1943,1.924661543,1.924661543,1.924661543,1.924661543,1.924661543,1.924661543,07/17/2007,6.225480304,GPS
08/01/1943,1.929575554,1.929575554,1.929575554,1.929575554,1.929575554,1.929575554,07/18/2007,6.245395003,GPS
09/01/1943,1.934120551,1.934120551,1.934120551,1.934120551,1.934120551,1.934120551,07/19/2007,6.222133847,GPS
10/01/1943,1.936813449,1.936813449,1.936813449,1.936813449,1.936813449,1.936813449,07/20/2007,6.239817575,GPS
11/01/1943,1.941518624,1.941518624,1.941518624,1.941518624,1.941518624,1.941518624,07/21/2007,6.231845134,GPS
12/01/1943,1.945621426,1.945621426,1.945621426,1.945621426,1.945621426,1.945621426,07/22/2007,6.238931748,GPS
01/01/1944,1.947662339,1.947662339,1.947662339,1.947662339,1.947662339,1.947662339,07/23/2007,6.237783454,GPS
02/01/1944,1.947295326,1.947295326,1.947295326,1.947295326,1.947295326,1.947295326,07/24/2007,6.213013112,GPS
03/01/1944,1.94856616,1.94856616,1.94856616,1.94856616,1.94856616,1.94856616,07/25/2007,6.240211276,GPS
04/01/1944,1.941593009,1.941593009,1.941593009,1.941593009,1.941593009,1.941593009,07/26/2007,6.23355117,GPS
05/01/1944,1.93830437,1.93830437,1.93830437,1.93830437,1.93830437,1.93830437,07/27/2007,6.228104976,GPS
06/01/1944,1.940139738,1.940139738,1.940139738,1.940139738,1.940139738,1.940139738,07/28/2007,6.227120724,GPS
07/01/1944,1.940211355,1.940211355,1.940211355,1.940211355,1.940211355,1.940211355,07/29/2007,6.228072168,GPS
08/01/1944,1.939178085,1.939178085,1.939178085,1.939178085,1.939178085,1.939178085,07/30/2007,6.233026236,GPS
09/01/1944,1.941654937,1.941654937,1.941654937,1.941654937,1.941654937,1.941654937,07/31/2007,6.252547234,GPS
10/01/1944,1.942537447,1.942537447,1.942537447,1.942537447,1.942537447,1.942537447,08/01/2007,6.226103664,GPS
11/01/1944,1.94536756,1.94536756,1.94536756,1.94536756,1.94536756,1.94536756,08/02/2007,6.238045921,GPS
12/01/1944,1.945890604,1.945890604,1.945890604,1.945890604,1.945890604,1.945890604,08/03/2007,6.252087916,GPS
01/01/1945,1.950465281,1.950465281,1.950465281,1.950465281,1.950465281,1.950465281,08/04/2007,6.240342509,GPS
02/01/1945,1.950550768,1.950550768,1.950550768,1.950550768,1.950550768,1.950550768,08/05/2007,6.22597243,GPS
03/01/1945,1.947294046,1.947294046,1.947294046,1.947294046,1.947294046,1.947294046,08/06/2007,6.21714697,GPS
04/01/1945,1.952228332,1.952228332,1.952228332,1.952228332,1.952228332,1.952228332,08/07/2007,6.232599727,GPS
05/01/1945,1.953390814,1.953390814,1.953390814,1.953390814,1.953390814,1.953390814,08/08/2007,6.236766394,GPS
06/01/1945,1.958307024,1.958307024,1.958307024,1.958307024,1.958307024,1.958307024,08/09/2007,6.235093165,GPS
07/01/1945,1.960732274,1.960732274,1.960732274,1.960732274,1.960732274,1.960732274,08/10/2007,6.226891065,GPS
08/01/1945,1.960455765,1.960455765,1.960455765,1.960455765,1.960455765,1.960455765,08/11/2007,6.229023611,GPS
09/01/1945,1.960667832,1.960667832,1.960667832,1.960667832,1.960667832,1.960667832,08/12/2007,6.242737522,GPS
10/01/1945,1.964823582,1.964823582,1.964823582,1.964823582,1.964823582,1.964823582,08/13/2007,6.242671906,GPS
11/01/1945,1.96579442,1.96579442,1.96579442,1.96579442,1.96579442,1.96579442,08/14/2007,6.239587916,GPS
12/01/1945,1.974571695,1.974571695,1.974571695,1.974571695,1.974571695,1.974571695,08/15/2007,6.240703402,GPS
01/01/1946,1.975362886,1.975362886,1.975362886,1.975362886,1.975362886,1.975362886,08/16/2007,6.228957994,GPS
02/01/1946,1.979987772,1.979987772,1.979987772,1.979987772,1.979987772,1.979987772,08/17/2007,6.243590541,GPS
03/01/1946,1.983629672,1.983629672,1.983629672,1.983629672,1.983629672,1.983629672,08/18/2007,6.257009176,GPS
04/01/1946,1.989602499,1.989602499,1.989602499,1.989602499,1.989602499,1.989602499,08/19/2007,6.242934373,GPS
05/01/1946,1.992801172,1.992801172,1.992801172,1.992801172,1.992801172,1.992801172,08/20/2007,6.254614163,GPS
06/01/1946,1.994256951,1.994256951,1.994256951,1.994256951,1.994256951,1.994256951,08/21/2007,6.235125974,GPS
07/01/1946,1.998488489,1.998488489,1.998488489,1.998488489,1.998488489,1.998488489,08/22/2007,6.237750646,GPS
08/01/1946,2.008167664,2.008167664,2.008167664,2.008167664,2.008167664,2.008167664,08/23/2007,6.219082666,GPS
09/01/1946,2.013015784,2.013015784,2.013015784,2.013015784,2.013015784,2.013015784,08/24/2007,6.237717837,GPS
10/01/1946,2.021992342,2.021992342,2.021992342,2.021992342,2.021992342,2.021992342,08/25/2007,6.258649596,GPS
11/01/1946,2.028181757,2.028181757,2.028181757,2.028181757,2.028181757,2.028181757,08/26/2007,6.226431748,GPS
12/01/1946,2.030754679,2.030754679,2.030754679,2.030754679,2.030754679,2.030754679,08/27/2007,6.252284767,GPS
01/01/1947,2.037983422,2.037983422,2.037983422,2.037983422,2.037983422,2.037983422,08/28/2007,6.225874005,GPS
02/01/1947,2.040425773,2.040425773,2.040425773,2.040425773,2.040425773,2.040425773,08/29/2007,6.271772956,GPS
03/01/1947,2.042127095,2.042127095,2.042127095,2.042127095,2.042127095,2.042127095,08/30/2007,6.23807873,GPS
04/01/1947,2.044915385,2.044915385,2.044915385,2.044915385,2.044915385,2.044915385,08/31/2007,6.249266394,GPS
05/01/1947,2.044954223,2.044954223,2.044954223,2.044954223,2.044954223,2.044954223,09/01/2007,6.254712588,GPS
06/01/1947,2.042887765,2.042887765,2.042887765,2.042887765,2.042887765,2.042887765,09/02/2007,6.25940419,GPS
07/01/1947,2.044116167,2.044116167,2.044116167,2.044116167,2.044116167,2.044116167,09/03/2007,6.227875317,GPS
08/01/1947,2.04510024,2.04510024,2.04510024,2.04510024,2.04510024,2.04510024,09/04/2007,6.227875317,GPS
09/01/1947,2.044384487,2.044384487,2.044384487,2.044384487,2.044384487,2.044384487,09/05/2007,6.24135957,GPS
10/01/1947,2.046298028,2.046298028,2.046298028,2.046298028,2.046298028,2.046298028,09/06/2007,6.247035423,GPS
11/01/1947,2.050819357,2.050819357,2.050819357,2.050819357,2.050819357,2.050819357,09/07/2007,6.240703402,GPS
12/01/1947,2.047657294,2.047657294,2.047657294,2.047657294,2.047657294,2.047657294,09/08/2007,6.254253271,GPS
01/01/1948,2.046178932,2.046178932,2.046178932,2.046178932,2.046178932,2.046178932,09/09/2007,6.244115475,GPS
02/01/1948,2.049696185,2.049696185,2.049696185,2.049696185,2.049696185,2.049696185,09/10/2007,6.269968494,GPS
03/01/1948,2.053684559,2.053684559,2.053684559,2.053684559,2.053684559,2.053684559,09/11/2007,6.248019675,GPS
04/01/1948,2.056406656,2.056406656,2.056406656,2.056406656,2.056406656,2.056406656,09/12/2007,6.254942247,GPS
05/01/1948,2.058989736,2.058989736,2.058989736,2.058989736,2.058989736,2.058989736,09/13/2007,6.250513113,GPS
06/01/1948,2.062833337,2.062833337,2.062833337,2.062833337,2.062833337,2.062833337,09/14/2007,6.245723087,GPS
07/01/1948,2.067066934,2.067066934,2.067066934,2.067066934,2.067066934,2.067066934,09/15/2007,6.248511801,GPS
08/01/1948,2.069528521,2.069528521,2.069528521,2.069528521,2.069528521,2.069528521,09/16/2007,6.240342509,GPS
09/01/1948,2.074384342,2.074384342,2.074384342,2.074384342,2.074384342,2.074384342,09/17/2007,6.24217978,GPS
10/01/1948,2.075998134,2.075998134,2.075998134,2.075998134,2.075998134,2.075998134,09/18/2007,6.257238835,GPS
11/01/1948,2.080959397,2.080959397,2.080959397,2.080959397,2.080959397,2.080959397,09/19/2007,6.235749333,GPS
12/01/1948,2.090430019,2.090430019,2.090430019,2.090430019,2.090430019,2.090430019,09/20/2007,6.244771643,GPS
01/01/1949,2.096642371,2.096642371,2.096642371,2.096642371,2.096642371,2.096642371,09/21/2007,6.234568231,GPS
02/01/1949,2.103610096,2.103610096,2.103610096,2.103610096,2.103610096,2.103610096,09/22/2007,6.218426498,GPS
03/01/1949,2.110356333,2.110356333,2.110356333,2.110356333,2.110356333,2.110356333,09/23/2007,6.241129911,GPS
04/01/1949,2.117549758,2.117549758,2.117549758,2.117549758,2.117549758,2.117549758,09/24/2007,6.245395003,GPS
05/01/1949,2.119901577,2.119901577,2.119901577,2.119901577,2.119901577,2.119901577,09/25/2007,6.262160095,GPS
06/01/1949,2.12816316,2.12816316,2.12816316,2.12816316,2.12816316,2.12816316,09/26/2007,6.240080042,GPS
07/01/1949,2.135127934,2.135127934,2.135127934,2.135127934,2.135127934,2.135127934,09/27/2007,6.243623349,GPS
08/01/1949,2.136927439,2.136927439,2.136927439,2.136927439,2.136927439,2.136927439,09/28/2007,6.22577558,GPS
09/01/1949,2.138561396,2.138561396,2.138561396,2.138561396,2.138561396,2.138561396,09/29/2007,6.233780829,GPS
10/01/1949,2.142766633,2.142766633,2.142766633,2.142766633,2.142766633,2.142766633,09/30/2007,6.235093165,GPS
11/01/1949,2.150188301,2.150188301,2.150188301,2.150188301,2.150188301,2.150188301,10/01/2007,6.235224399,GPS
12/01/1949,2.15219295,2.15219295,2.15219295,2.15219295,2.15219295,2.15219295,10/02/2007,6.2235118,GPS
01/01/1950,2.15426053,2.15426053,2.15426053,2.15426053,2.15426053,2.15426053,10/03/2007,6.22206823,GPS
02/01/1950,2.157654147,2.157654147,2.157654147,2.157654147,2.157654147,2.157654147,10/04/2007,6.204581353,GPS
03/01/1950,2.158921124,2.158921124,2.158921124,2.158921124,2.158921124,2.158921124,10/05/2007,6.215408125,GPS
04/01/1950,2.162676453,2.162676453,2.162676453,2.162676453,2.162676453,2.162676453,10/06/2007,6.231057732,GPS
05/01/1950,2.161492578,2.161492578,2.161492578,2.161492578,2.161492578,2.161492578,10/07/2007,6.233813638,GPS
06/01/1950,2.167656871,2.167656871,2.167656871,2.167656871,2.167656871,2.167656871,10/08/2007,6.232206026,GPS
07/01/1950,2.169992726,2.169992726,2.169992726,2.169992726,2.169992726,2.169992726,10/09/2007,6.220591852,GPS
08/01/1950,2.176786378,2.176786378,2.176786378,2.176786378,2.176786378,2.176786378,10/10/2007,6.230926498,GPS
09/01/1950,2.186849681,2.186849681,2.186849681,2.186849681,2.186849681,2.186849681,10/11/2007,6.23745537,GPS
10/01/1950,2.197484457,2.197484457,2.197484457,2.197484457,2.197484457,2.197484457,10/12/2007,6.211700776,GPS
11/01/1950,2.206429217,2.206429217,2.206429217,2.206429217,2.206429217,2.206429217,10/13/2007,6.213538046,GPS
12/01/1950,2.221268756,2.221268756,2.221268756,2.221268756,2.221268756,2.221268756,10/14/2007,6.232895002,GPS
01/01/1951,2.230876404,2.230876404,2.230876404,2.230876404,2.230876404,2.230876404,10/15/2007,6.22105117,GPS
02/01/1951,2.243110587,2.243110587,2.243110587,2.243110587,2.243110587,2.243110587,10/16/2007,6.213078729,GPS
03/01/1951,2.247838794,2.247838794,2.247838794,2.247838794,2.247838794,2.247838794,10/17/2007,6.214915999,GPS
04/01/1951,2.255765414,2.255765414,2.255765414,2.255765414,2.255765414,2.255765414,10/18/2007,6.209699464,GPS
05/01/1951,2.259840872,2.259840872,2.259840872,2.259840872,2.259840872,2.259840872,10/19/2007,6.209305763,GPS
06/01/1951,2.264657433,2.264657433,2.264657433,2.264657433,2.264657433,2.264657433,10/20/2007,6.217212587,GPS
07/01/1951,2.274908298,2.274908298,2.274908298,2.274908298,2.274908298,2.274908298,10/21/2007,6.225447496,GPS
08/01/1951,2.283784547,2.283784547,2.283784547,2.283784547,2.283784547,2.283784547,10/22/2007,6.238800514,GPS
09/01/1951,2.292708789,2.292708789,2.292708789,2.292708789,2.292708789,2.292708789,10/23/2007,6.246149596,GPS
10/01/1951,2.304589379,2.304589379,2.304589379,2.304589379,2.304589379,2.304589379,10/24/2007,6.227645658,GPS
11/01/1951,2.320981675,2.320981675,2.320981675,2.320981675,2.320981675,2.320981675,10/25/2007,6.23479789,GPS
12/01/1951,2.3383806,2.3383806,2.3383806,2.3383806,2.3383806,2.3383806,10/26/2007,6.242245396,GPS
01/01/1952,2.354279235,2.354279235,2.354279235,2.354279235,2.354279235,2.354279235,10/27/2007,6.230368756,GPS
02/01/1952,2.360668883,2.360668883,2.360668883,2.360668883,2.360668883,2.360668883,10/28/2007,6.24913516,GPS
03/01/1952,2.361804467,2.361804467,2.361804467,2.361804467,2.361804467,2.361804467,10/29/2007,6.222429123,GPS
04/01/1952,2.369249212,2.369249212,2.369249212,2.369249212,2.369249212,2.369249212,10/30/2007,6.239391066,GPS
05/01/1952,2.374946673,2.374946673,2.374946673,2.374946673,2.374946673,2.374946673,10/31/2007,6.239850383,GPS
06/01/1952,2.380987042,2.380987042,2.380987042,2.380987042,2.380987042,2.380987042,11/01/2007,6.235519674,GPS
07/01/1952,2.3890065,2.3890065,2.3890065,2.3890065,2.3890065,2.3890065,11/02/2007,6.242770331,GPS
08/01/1952,2.405366589,2.405366589,2.405366589,2.405366589,2.405366589,2.405366589,11/03/2007,6.24299999,GPS
09/01/1952,2.424824548,2.424824548,2.424824548,2.424824548,2.424824548,2.424824548,11/04/2007,6.229089228,GPS
10/01/1952,2.454665765,2.454665765,2.454665765,2.454665765,2.454665765,2.454665765,11/05/2007,6.244345134,GPS
11/01/1952,2.473932977,2.473932977,2.473932977,2.473932977,2.473932977,2.473932977,11/06/2007,6.254646972,GPS
12/01/1952,2.49747613,2.49747613,2.49747613,2.49747613,2.49747613,2.49747613,11/07/2007,6.245296578,GPS
01/01/1953,2.522678066,2.522678066,2.522678066,2.522678066,2.522678066,2.522678066,11/08/2007,6.23889894,GPS
02/01/1953,2.54465925,2.54465925,2.54465925,2.54465925,2.54465925,2.54465925,11/09/2007,6.230368756,GPS
03/01/1953,2.57067353,2.57067353,2.57067353,2.57067353,2.57067353,2.57067353,11/10/2007,6.230040672,GPS
04/01/1953,2.599789854,2.599789854,2.599789854,2.599789854,2.599789854,2.599789854,11/11/2007,6.213603663,GPS
05/01/1953,2.615467815,2.615467815,2.615467815,2.615467815,2.615467815,2.615467815,11/12/2007,6.22945012,GPS
06/01/1953,2.64914344,2.64914344,2.64914344,2.64914344,2.64914344,2.64914344,11/13/2007,6.226562981,GPS
07/01/1953,2.679144076,2.679144076,2.679144076,2.679144076,2.679144076,2.679144076,11/14/2007,6.235486866,GPS
08/01/1953,2.699490854,2.699490854,2.699490854,2.699490854,2.699490854,2.699490854,11/15/2007,6.235486866,GPS
09/01/1953,2.711216363,2.711216363,2.711216363,2.711216363,2.711216363,2.711216363,11/16/2007,6.237422562,GPS
10/01/1953,2.722641489,2.722641489,2.722641489,2.722641489,2.722641489,2.722641489,11/17/2007,6.24956167,GPS
11/01/1953,2.734642664,2.734642664,2.734642664,2.734642664,2.734642664,2.734642664,11/18/2007,6.244279517,GPS
12/01/1953,2.746723927,2.746723927,2.746723927,2.746723927,2.746723927,2.746723927,11/19/2007,6.226759832,GPS
01/01/1954,2.758476952,2.758476952,2.758476952,2.758476952,2.758476952,2.758476952,11/20/2007,6.245230961,GPS
02/01/1954,2.768202089,2.768202089,2.768202089,2.768202089,2.768202089,2.768202089,11/21/2007,6.227350383,GPS
03/01/1954,2.774447477,2.774447477,2.774447477,2.774447477,2.774447477,2.774447477,11/22/2007,6.235749333,GPS
04/01/1954,2.779481086,2.779481086,2.779481086,2.779481086,2.779481086,2.779481086,11/23/2007,6.231418624,GPS
05/01/1954,2.787764156,2.787764156,2.787764156,2.787764156,2.787764156,2.787764156,11/24/2007,6.222396314,GPS
06/01/1954,2.797392895,2.797392895,2.797392895,2.797392895,2.797392895,2.797392895,11/25/2007,6.225381879,GPS
07/01/1954,2.804635052,2.804635052,2.804635052,2.804635052,2.804635052,2.804635052,11/26/2007,6.23315747,GPS
08/01/1954,2.812101237,2.812101237,2.812101237,2.812101237,2.812101237,2.812101237,11/27/2007,6.228072168,GPS
09/01/1954,2.823794785,2.823794785,2.823794785,2.823794785,2.823794785,2.823794785,11/28/2007,6.234601039,GPS
10/01/1954,2.83132553,2.83132553,2.83132553,2.83132553,2.83132553,2.83132553,11/29/2007,6.225381879,GPS
11/01/1954,2.841653857,2.841653857,2.841653857,2.841653857,2.841653857,2.841653857,11/30/2007,6.22288844,GPS
12/01/1954,2.847365161,2.847365161,2.847365161,2.847365161,2.847365161,2.847365161,12/01/2007,6.203367442,GPS
01/01/1955,2.858737538,2.858737538,2.858737538,2.858737538,2.858737538,2.858737538,12/02/2007,6.214915999,GPS
02/01/1955,2.863818476,2.863818476,2.863818476,2.863818476,2.863818476,2.863818476,12/03/2007,6.230762456,GPS
03/01/1955,2.867624025,2.867624025,2.867624025,2.867624025,2.867624025,2.867624025,12/04/2007,6.231943559,GPS
04/01/1955,2.868022799,2.868022799,2.868022799,2.868022799,2.868022799,2.868022799,12/05/2007,6.209732272,GPS
05/01/1955,2.871866588,2.871866588,2.871866588,2.871866588,2.871866588,2.871866588,12/06/2007,6.210782141,GPS
06/01/1955,2.878104867,2.878104867,2.878104867,2.878104867,2.878104867,2.878104867,12/07/2007,6.195329384,GPS
07/01/1955,2.884543571,2.884543571,2.884543571,2.884543571,2.884543571,2.884543571,12/08/2007,6.177022297,GPS
08/01/1955,2.887479623,2.887479623,2.887479623,2.887479623,2.887479623,2.887479623,12/09/2007,6.209601038,GPS
09/01/1955,2.893755393,2.893755393,2.893755393,2.893755393,2.893755393,2.893755393,12/10/2007,6.224725711,GPS
10/01/1955,2.897104359,2.897104359,2.897104359,2.897104359,2.897104359,2.897104359,12/11/2007,6.212422561,GPS
11/01/1955,2.903196315,2.903196315,2.903196315,2.903196315,2.903196315,2.903196315,12/12/2007,6.22616928,GPS
12/01/1955,2.906636666,2.906636666,2.906636666,2.906636666,2.906636666,2.906636666,12/13/2007,6.207370067,GPS
01/01/1956,2.911209713,2.911209713,2.911209713,2.911209713,2.911209713,2.911209713,12/14/2007,6.192376628,GPS
02/01/1956,2.912884313,2.912884313,2.912884313,2.912884313,2.912884313,2.912884313,12/15/2007,6.18824277,GPS
03/01/1956,2.918196846,2.918196846,2.918196846,2.918196846,2.918196846,2.918196846,12/16/2007,6.213341196,GPS
04/01/1956,2.924428547,2.924428547,2.924428547,2.924428547,2.924428547,2.924428547,12/17/2007,6.206877941,GPS
05/01/1956,2.93104516,2.93104516,2.93104516,2.93104516,2.93104516,2.93104516,12/18/2007,6.179975053,GPS
06/01/1956,2.937090415,2.937090415,2.937090415,2.937090415,2.937090415,2.937090415,12/19/2007,6.179351694,GPS
07/01/1956,2.943790297,2.943790297,2.943790297,2.943790297,2.943790297,2.943790297,12/20/2007,6.191556418,GPS
08/01/1956,2.950991686,2.950991686,2.950991686,2.950991686,2.950991686,2.950991686,12/21/2007,6.210421248,GPS
09/01/1956,2.959609207,2.959609207,2.959609207,2.959609207,2.959609207,2.959609207,12/22/2007,6.21058529,GPS
10/01/1956,2.965159175,2.965159175,2.965159175,2.965159175,2.965159175,2.965159175,12/23/2007,6.215801826,GPS
11/01/1956,2.969333938,2.969333938,2.969333938,2.969333938,2.969333938,2.969333938,12/24/2007,6.179482927,GPS
12/01/1956,2.974586821,2.974586821,2.974586821,2.974586821,2.974586821,2.974586821,12/25/2007,6.177973741,GPS
01/01/1957,2.979442146,2.979442146,2.979442146,2.979442146,2.979442146,2.979442146,12/26/2007,6.195690277,GPS
02/01/1957,2.984817659,2.984817659,2.984817659,2.984817659,2.984817659,2.984817659,12/27/2007,6.179909436,GPS
03/01/1957,2.991550581,2.991550581,2.991550581,2.991550581,2.991550581,2.991550581,12/28/2007,6.193557731,GPS
04/01/1957,2.992465187,2.992465187,2.992465187,2.992465187,2.992465187,2.992465187,12/29/2007,6.184076103,GPS
05/01/1957,2.99568901,2.99568901,2.99568901,2.99568901,2.99568901,2.99568901,12/30/2007,6.189751956,GPS
06/01/1957,3.000536106,3.000536106,3.000536106,3.000536106,3.000536106,3.000536106,12/31/2007,6.202842508,GPS
07/01/1957,3.006496797,3.006496797,3.006496797,3.006496797,3.006496797,3.006496797,01/01/2008,6.219968493,GPS
08/01/1957,3.011758553,3.011758553,3.011758553,3.011758553,3.011758553,3.011758553,01/02/2008,6.209502613,GPS
09/01/1957,3.01683771,3.01683771,3.01683771,3.01683771,3.01683771,3.01683771,01/03/2008,6.191195526,GPS
10/01/1957,3.021958609,3.021958609,3.021958609,3.021958609,3.021958609,3.021958609,01/04/2008,6.161667966,GPS
11/01/1957,3.034293415,3.034293415,3.034293415,3.034293415,3.034293415,3.034293415,01/05/2008,6.155204711,GPS
12/01/1957,3.044261099,3.044261099,3.044261099,3.044261099,3.044261099,3.044261099,01/06/2008,6.170755893,GPS
01/01/1958,3.056786683,3.056786683,3.056786683,3.056786683,3.056786683,3.056786683,01/07/2008,6.169804449,GPS
02/01/1958,3.058914977,3.058914977,3.058914977,3.058914977,3.058914977,3.058914977,01/08/2008,6.197691589,GPS
03/01/1958,3.064874188,3.064874188,3.064874188,3.064874188,3.064874188,3.064874188,01/09/2008,6.170263767,GPS
04/01/1958,3.071341596,3.071341596,3.071341596,3.071341596,3.071341596,3.071341596,01/10/2008,6.180992114,GPS
05/01/1958,3.075012938,3.075012938,3.075012938,3.075012938,3.075012938,3.075012938,01/11/2008,6.202842508,GPS
06/01/1958,3.081187012,3.081187012,3.081187012,3.081187012,3.081187012,3.081187012,01/12/2008,6.18351836,GPS
07/01/1958,3.089629405,3.089629405,3.089629405,3.089629405,3.089629405,3.089629405,01/13/2008,6.206353007,GPS
08/01/1958,3.098594896,3.098594896,3.098594896,3.098594896,3.098594896,3.098594896,01/14/2008,6.202153532,GPS
09/01/1958,3.10678285,3.10678285,3.10678285,3.10678285,3.10678285,3.10678285,01/15/2008,6.195690277,GPS
10/01/1958,3.114298246,3.114298246,3.114298246,3.114298246,3.114298246,3.114298246,01/16/2008,6.19706823,GPS
11/01/1958,3.122004498,3.122004498,3.122004498,3.122004498,3.122004498,3.122004498,01/17/2008,6.202153532,GPS
12/01/1958,3.134696495,3.134696495,3.134696495,3.134696495,3.134696495,3.134696495,01/18/2008,6.184633846,GPS
01/01/1959,3.143783308,3.143783308,3.143783308,3.143783308,3.143783308,3.143783308,01/19/2008,6.203892377,GPS
02/01/1959,3.165074631,3.165074631,3.165074631,3.165074631,3.165074631,3.165074631,01/20/2008,6.200874004,GPS
03/01/1959,3.17954342,3.17954342,3.17954342,3.17954342,3.17954342,3.17954342,01/21/2008,6.172429121,GPS
04/01/1959,3.202593881,3.202593881,3.202593881,3.202593881,3.202593881,3.202593881,01/22/2008,6.185093164,GPS
05/01/1959,3.232913924,3.232913924,3.232913924,3.232913924,3.232913924,3.232913924,01/23/2008,6.19296718,GPS
06/01/1959,3.266006309,3.266006309,3.266006309,3.266006309,3.266006309,3.266006309,01/24/2008,6.17941731,GPS
07/01/1959,3.294528855,3.294528855,3.294528855,3.294528855,3.294528855,3.294528855,01/25/2008,6.177809699,GPS
08/01/1959,3.334249595,3.334249595,3.334249595,3.334249595,3.334249595,3.334249595,01/26/2008,6.177711274,GPS
09/01/1959,3.376183017,3.376183017,3.376183017,3.376183017,3.376183017,3.376183017,01/27/2008,6.151825446,GPS
10/01/1959,3.430995788,3.430995788,3.430995788,3.430995788,3.430995788,3.430995788,01/28/2008,6.168918622,GPS
11/01/1959,3.474660066,3.474660066,3.474660066,3.474660066,3.474660066,3.474660066,01/29/2008,6.180499988,GPS
12/01/1959,3.502798553,3.502798553,3.502798553,3.502798553,3.502798553,3.502798553,01/30/2008,6.181024922,GPS
01/01/1960,3.50279228,3.50279228,3.50279228,3.50279228,3.50279228,3.50279228,01/31/2008,6.19214697,GPS
02/01/1960,3.510308293,3.510308293,3.510308293,3.510308293,3.510308293,3.510308293,02/01/2008,6.188177153,GPS
03/01/1960,3.513418162,3.513418162,3.513418162,3.513418162,3.513418162,3.513418162,02/02/2008,6.202678466,GPS
04/01/1960,3.517452939,3.517452939,3.517452939,3.517452939,3.517452939,3.517452939,02/03/2008,6.163800512,GPS
05/01/1960,3.525150179,3.525150179,3.525150179,3.525150179,3.525150179,3.525150179,02/04/2008,6.184732271,GPS
06/01/1960,3.529641925,3.529641925,3.529641925,3.529641925,3.529641925,3.529641925,02/05/2008,6.17574277,GPS
07/01/1960,3.537226893,3.537226893,3.537226893,3.537226893,3.537226893,3.537226893,02/06/2008,6.19316403,GPS
08/01/1960,3.539981892,3.539981892,3.539981892,3.539981892,3.539981892,3.539981892,02/07/2008,6.19152361,GPS
09/01/1960,3.545156092,3.545156092,3.545156092,3.545156092,3.545156092,3.545156092,02/08/2008,6.190440933,GPS
10/01/1960,3.548251302,3.548251302,3.548251302,3.548251302,3.548251302,3.548251302,02/09/2008,6.189161405,GPS
11/01/1960,3.558157009,3.558157009,3.558157009,3.558157009,3.558157009,3.558157009,02/10/2008,6.187389752,GPS
12/01/1960,3.558732404,3.558732404,3.558732404,3.558732404,3.558732404,3.558732404,02/11/2008,6.17265878,GPS
01/01/1961,3.564965428,3.564965428,3.564965428,3.564965428,3.564965428,3.564965428,02/12/2008,6.18023752,GPS
02/01/1961,3.573528161,3.573528161,3.573528161,3.573528161,3.573528161,3.573528161,02/13/2008,6.164062979,GPS
03/01/1961,3.582186769,3.582186769,3.582186769,3.582186769,3.582186769,3.582186769,02/14/2008,6.163374003,GPS
04/01/1961,3.596761862,3.596761862,3.596761862,3.596761862,3.596761862,3.596761862,02/15/2008,6.17758004,GPS
05/01/1961,3.61540473,3.61540473,3.61540473,3.61540473,3.61540473,3.61540473,02/16/2008,6.181812324,GPS
06/01/1961,3.641644484,3.641644484,3.641644484,3.641644484,3.641644484,3.641644484,02/17/2008,6.172494738,GPS
07/01/1961,3.673463999,3.673463999,3.673463999,3.673463999,3.673463999,3.673463999,02/18/2008,6.174824134,GPS
08/01/1961,3.719470024,3.719470024,3.719470024,3.719470024,3.719470024,3.719470024,02/19/2008,6.183387127,GPS
09/01/1961,3.764056659,3.764056659,3.764056659,3.764056659,3.764056659,3.764056659,02/20/2008,6.177908124,GPS
10/01/1961,3.811741084,3.811741084,3.811741084,3.811741084,3.811741084,3.811741084,02/21/2008,6.168885814,GPS
11/01/1961,3.875798748,3.875798748,3.875798748,3.875798748,3.875798748,3.875798748,02/22/2008,6.169509174,GPS
12/01/1961,3.913536381,3.913536381,3.913536381,3.913536381,3.913536381,3.913536381,02/23/2008,6.175414686,GPS
01/01/1962,3.936131877,3.936131877,3.936131877,3.936131877,3.936131877,3.936131877,02/24/2008,6.160486864,GPS
02/01/1962,3.948871486,3.948871486,3.948871486,3.948871486,3.948871486,3.948871486,02/25/2008,6.178170591,GPS
03/01/1962,3.957328938,3.957328938,3.957328938,3.957328938,3.957328938,3.957328938,02/26/2008,6.199660093,GPS
04/01/1962,3.965691761,3.965691761,3.965691761,3.965691761,3.965691761,3.965691761,02/27/2008,6.194279516,GPS
05/01/1962,3.976855973,3.976855973,3.976855973,3.976855973,3.976855973,3.976855973,02/28/2008,6.18578214,GPS
06/01/1962,3.986016707,3.986016707,3.986016707,3.986016707,3.986016707,3.986016707,02/29/2008,6.175447494,GPS
07/01/1962,3.996167564,3.996167564,3.996167564,3.996167564,3.996167564,3.996167564,03/01/2008,6.188603662,GPS
08/01/1962,4.008236095,4.008236095,4.008236095,4.008236095,4.008236095,4.008236095,03/02/2008,6.185355631,GPS
09/01/1962,4.021377279,4.021377279,4.021377279,4.021377279,4.021377279,4.021377279,03/03/2008,6.17531626,GPS
10/01/1962,4.032466847,4.032466847,4.032466847,4.032466847,4.032466847,4.032466847,03/04/2008,6.180762455,GPS
11/01/1962,4.045175688,4.045175688,4.045175688,4.045175688,4.045175688,4.045175688,03/05/2008,6.172888439,GPS
12/01/1962,4.056098953,4.056098953,4.056098953,4.056098953,4.056098953,4.056098953,03/06/2008,6.181385814,GPS
01/01/1963,4.063262671,4.063262671,4.063262671,4.063262671,4.063262671,4.063262671,03/07/2008,6.198577416,GPS
02/01/1963,4.076623459,4.076623459,4.076623459,4.076623459,4.076623459,4.076623459,03/08/2008,6.166359567,GPS
03/01/1963,4.089555455,4.089555455,4.089555455,4.089555455,4.089555455,4.089555455,03/09/2008,6.168196838,GPS
04/01/1963,4.10297645,4.10297645,4.10297645,4.10297645,4.10297645,4.10297645,03/10/2008,6.188013111,GPS
05/01/1963,4.117291292,4.117291292,4.117291292,4.117291292,4.117291292,4.117291292,03/11/2008,6.167212586,GPS
06/01/1963,4.127248806,4.127248806,4.127248806,4.127248806,4.127248806,4.127248806,03/12/2008,6.184502612,GPS
07/01/1963,4.142870962,4.142870962,4.142870962,4.142870962,4.142870962,4.142870962,03/13/2008,6.162488176,GPS
08/01/1963,4.159583356,4.159583356,4.159583356,4.159583356,4.159583356,4.159583356,03/14/2008,6.168492113,GPS
09/01/1963,4.174727756,4.174727756,4.174727756,4.174727756,4.174727756,4.174727756,03/15/2008,6.175972428,GPS
10/01/1963,4.188199878,4.188199878,4.188199878,4.188199878,4.188199878,4.188199878,03/16/2008,6.175480302,GPS
11/01/1963,4.204339847,4.204339847,4.204339847,4.204339847,4.204339847,4.204339847,03/17/2008,6.185257206,GPS
12/01/1963,4.213344651,4.213344651,4.213344651,4.213344651,4.213344651,4.213344651,03/18/2008,6.194082665,GPS
01/01/1964,4.219585049,4.219585049,4.219585049,4.219585049,4.219585049,4.219585049,03/19/2008,6.186700775,GPS
02/01/1964,4.226130846,4.226130846,4.226130846,4.226130846,4.226130846,4.226130846,03/20/2008,6.189391064,GPS
03/01/1964,4.229411102,4.229411102,4.229411102,4.229411102,4.229411102,4.229411102,03/21/2008,6.199430434,GPS
04/01/1964,4.236428992,4.236428992,4.236428992,4.236428992,4.236428992,4.236428992,03/22/2008,6.191129909,GPS
05/01/1964,4.245998934,4.245998934,4.245998934,4.245998934,4.245998934,4.245998934,03/23/2008,6.206156156,GPS
06/01/1964,4.256281818,4.256281818,4.256281818,4.256281818,4.256281818,4.256281818,03/24/2008,6.201956681,GPS
07/01/1964,4.264677498,4.264677498,4.264677498,4.264677498,4.264677498,4.264677498,03/25/2008,6.18269815,GPS
08/01/1964,4.275928069,4.275928069,4.275928069,4.275928069,4.275928069,4.275928069,03/26/2008,6.189030172,GPS
09/01/1964,4.291237867,4.291237867,4.291237867,4.291237867,4.291237867,4.291237867,03/27/2008,6.189915998,GPS
10/01/1964,4.304226556,4.304226556,4.304226556,4.304226556,4.304226556,4.304226556,03/28/2008,6.204417311,GPS
11/01/1964,4.319247849,4.319247849,4.319247849,4.319247849,4.319247849,4.319247849,03/29/2008,6.187652219,GPS
12/01/1964,4.326179999,4.326179999,4.326179999,4.326179999,4.326179999,4.326179999,03/30/2008,6.188111536,GPS
01/01/1965,4.330283794,4.330283794,4.330283794,4.330283794,4.330283794,4.330283794,03/31/2008,6.188374004,GPS
02/01/1965,4.332427711,4.332427711,4.332427711,4.332427711,4.332427711,4.332427711,04/01/2008,6.186635158,GPS
03/01/1965,4.33447674,4.33447674,4.33447674,4.33447674,4.33447674,4.33447674,04/02/2008,6.172593163,GPS
04/01/1965,4.335006354,4.335006354,4.335006354,4.335006354,4.335006354,4.335006354,04/03/2008,6.210290015,GPS
05/01/1965,4.340983325,4.340983325,4.340983325,4.340983325,4.340983325,4.340983325,04/04/2008,6.198610224,GPS
06/01/1965,4.343934282,4.343934282,4.343934282,4.343934282,4.343934282,4.343934282,04/05/2008,6.175217835,GPS
07/01/1965,4.34995645,4.34995645,4.34995645,4.34995645,4.34995645,4.34995645,04/06/2008,6.203859568,GPS
08/01/1965,4.353539354,4.353539354,4.353539354,4.353539354,4.353539354,4.353539354,04/07/2008,6.189817573,GPS
09/01/1965,4.35969978,4.35969978,4.35969978,4.35969978,4.35969978,4.35969978,04/08/2008,6.186011799,GPS
10/01/1965,4.362237533,4.362237533,4.362237533,4.362237533,4.362237533,4.362237533,04/09/2008,6.173544607,GPS
11/01/1965,4.368530335,4.368530335,4.368530335,4.368530335,4.368530335,4.368530335,04/10/2008,6.191687652,GPS
12/01/1965,4.371195595,4.371195595,4.371195595,4.371195595,4.371195595,4.371195595,04/11/2008,6.211372692,GPS
01/01/1966,4.373703388,4.373703388,4.373703388,4.373703388,4.373703388,4.373703388,04/12/2008,6.209994739,GPS
02/01/1966,4.373848709,4.373848709,4.373848709,4.373848709,4.373848709,4.373848709,04/13/2008,6.209535422,GPS
03/01/1966,4.374221935,4.374221935,4.374221935,4.374221935,4.374221935,4.374221935,04/14/2008,6.199266392,GPS
04/01/1966,4.377324472,4.377324472,4.377324472,4.377324472,4.377324472,4.377324472,04/15/2008,6.174200775,GPS
05/01/1966,4.380681103,4.380681103,4.380681103,4.380681103,4.380681103,4.380681103,04/16/2008,6.20464697,GPS
06/01/1966,4.382903909,4.382903909,4.382903909,4.382903909,4.382903909,4.382903909,04/17/2008,6.205565605,GPS
07/01/1966,4.385154994,4.385154994,4.385154994,4.385154994,4.385154994,4.385154994,04/18/2008,6.195198151,GPS
08/01/1966,4.390510634,4.390510634,4.390510634,4.390510634,4.390510634,4.390510634,04/19/2008,6.20362991,GPS
09/01/1966,4.397812124,4.397812124,4.397812124,4.397812124,4.397812124,4.397812124,04/20/2008,6.198249332,GPS
10/01/1966,4.405392255,4.405392255,4.405392255,4.405392255,4.405392255,4.405392255,04/21/2008,6.206812324,GPS
11/01/1966,4.412953972,4.412953972,4.412953972,4.412953972,4.412953972,4.412953972,04/22/2008,6.207895002,GPS
12/01/1966,4.420426695,4.420426695,4.420426695,4.420426695,4.420426695,4.420426695,04/23/2008,6.195132534,GPS
01/01/1967,4.421538031,4.421538031,4.421538031,4.421538031,4.421538031,4.421538031,04/24/2008,6.21222571,GPS
02/01/1967,4.422271278,4.422271278,4.422271278,4.422271278,4.422271278,4.422271278,04/25/2008,6.226759832,GPS
03/01/1967,4.422082659,4.422082659,4.422082659,4.422082659,4.422082659,4.422082659,04/26/2008,6.225709963,GPS
04/01/1967,4.421751826,4.421751826,4.421751826,4.421751826,4.421751826,4.421751826,04/27/2008,6.223183716,GPS
05/01/1967,4.426397247,4.426397247,4.426397247,4.426397247,4.426397247,4.426397247,04/28/2008,6.215178466,GPS
06/01/1967,4.426280433,4.426280433,4.426280433,4.426280433,4.426280433,4.426280433,04/29/2008,6.212619411,GPS
07/01/1967,4.427397622,4.427397622,4.427397622,4.427397622,4.427397622,4.427397622,04/30/2008,6.217311012,GPS
08/01/1967,4.431807042,4.431807042,4.431807042,4.431807042,4.431807042,4.431807042,05/01/2008,6.227744084,GPS
09/01/1967,4.436267646,4.436267646,4.436267646,4.436267646,4.436267646,4.436267646,05/02/2008,6.206353007,GPS
10/01/1967,4.438089408,4.438089408,4.438089408,4.438089408,4.438089408,4.438089408,05/03/2008,6.198643033,GPS
11/01/1967,4.442454943,4.442454943,4.442454943,4.442454943,4.442454943,4.442454943,05/04/2008,6.213406813,GPS
12/01/1967,4.443713961,4.443713961,4.443713961,4.443713961,4.443713961,4.443713961,05/05/2008,6.215178466,GPS
01/01/1968,4.44510944,4.44510944,4.44510944,4.44510944,4.44510944,4.44510944,05/06/2008,6.224430435,GPS
02/01/1968,4.447447612,4.447447612,4.447447612,4.447447612,4.447447612,4.447447612,05/07/2008,6.188341195,GPS
03/01/1968,4.447303484,4.447303484,4.447303484,4.447303484,4.447303484,4.447303484,05/08/2008,6.225217837,GPS
04/01/1968,4.444477252,4.444477252,4.444477252,4.444477252,4.444477252,4.444477252,05/09/2008,6.223544608,GPS
05/01/1968,4.446230396,4.446230396,4.446230396,4.446230396,4.446230396,4.446230396,05/10/2008,6.213964556,GPS
06/01/1968,4.447699904,4.447699904,4.447699904,4.447699904,4.447699904,4.447699904,05/11/2008,6.20445012,GPS
07/01/1968,4.449848238,4.449848238,4.449848238,4.449848238,4.449848238,4.449848238,05/12/2008,6.202284765,GPS
08/01/1968,4.45263766,4.45263766,4.45263766,4.45263766,4.45263766,4.45263766,05/13/2008,6.208813637,GPS
09/01/1968,4.455853761,4.455853761,4.455853761,4.455853761,4.455853761,4.455853761,05/14/2008,6.241720462,GPS
10/01/1968,4.457369254,4.457369254,4.457369254,4.457369254,4.457369254,4.457369254,05/15/2008,6.231779517,GPS
11/01/1968,4.460465792,4.460465792,4.460465792,4.460465792,4.460465792,4.460465792,05/16/2008,6.225874005,GPS
12/01/1968,4.46141898,4.46141898,4.46141898,4.46141898,4.46141898,4.46141898,05/17/2008,6.23437138,GPS
01/01/1969,4.462491173,4.462491173,4.462491173,4.462491173,4.462491173,4.462491173,05/18/2008,6.23233726,GPS
02/01/1969,4.465331504,4.465331504,4.465331504,4.465331504,4.465331504,4.465331504,05/19/2008,6.23191075,GPS
03/01/1969,4.467694201,4.467694201,4.467694201,4.467694201,4.467694201,4.467694201,05/20/2008,6.218032797,GPS
04/01/1969,4.465794516,4.465794516,4.465794516,4.465794516,4.465794516,4.465794516,05/21/2008,6.201136471,GPS
05/01/1969,4.465886457,4.465886457,4.465886457,4.465886457,4.465886457,4.465886457,05/22/2008,6.195887127,GPS
06/01/1969,4.469388553,4.469388553,4.469388553,4.469388553,4.469388553,4.469388553,05/23/2008,6.211241458,GPS
07/01/1969,4.473481239,4.473481239,4.473481239,4.473481239,4.473481239,4.473481239,05/24/2008,6.224496052,GPS
08/01/1969,4.478769686,4.478769686,4.478769686,4.478769686,4.478769686,4.478769686,05/25/2008,6.218360881,GPS
09/01/1969,4.482856468,4.482856468,4.482856468,4.482856468,4.482856468,4.482856468,05/26/2008,6.218885816,GPS
10/01/1969,4.486009077,4.486009077,4.486009077,4.486009077,4.486009077,4.486009077,05/27/2008,6.232271643,GPS
11/01/1969,4.48840176,4.48840176,4.48840176,4.48840176,4.48840176,4.48840176,05/28/2008,6.250611538,GPS
12/01/1969,4.489906205,4.489906205,4.489906205,4.489906205,4.489906205,4.489906205,05/29/2008,6.251038048,GPS
01/01/1970,4.489754262,4.489754262,4.489754262,4.489754262,4.489754262,4.489754262,05/30/2008,6.235125974,GPS
02/01/1970,4.488594474,4.488594474,4.488594474,4.488594474,4.488594474,4.488594474,05/31/2008,6.24956167,GPS
03/01/1970,4.486719432,4.486719432,4.486719432,4.486719432,4.486719432,4.486719432,06/01/2008,6.238505239,GPS
04/01/1970,4.487028946,4.487028946,4.487028946,4.487028946,4.487028946,4.487028946,06/02/2008,6.239128598,GPS
05/01/1970,4.490575537,4.490575537,4.490575537,4.490575537,4.490575537,4.490575537,06/03/2008,6.246444872,GPS
06/01/1970,4.495236236,4.495236236,4.495236236,4.495236236,4.495236236,4.495236236,06/04/2008,6.221215212,GPS
07/01/1970,4.497837611,4.497837611,4.497837611,4.497837611,4.497837611,4.497837611,06/05/2008,6.226628598,GPS
08/01/1970,4.505295514,4.505295514,4.505295514,4.505295514,4.505295514,4.505295514,06/06/2008,6.227744084,GPS
09/01/1970,4.512980953,4.512980953,4.512980953,4.512980953,4.512980953,4.512980953,06/07/2008,6.231845134,GPS
10/01/1970,4.517211048,4.517211048,4.517211048,4.517211048,4.517211048,4.517211048,06/08/2008,6.268853009,GPS
11/01/1970,4.52334024,4.52334024,4.52334024,4.52334024,4.52334024,4.52334024,06/09/2008,6.343524927,GPS
12/01/1970,4.526662048,4.526662048,4.526662048,4.526662048,4.526662048,4.526662048,06/10/2008,6.239555108,GPS
01/01/1971,4.526617971,4.526617971,4.526617971,4.526617971,4.526617971,4.526617971,06/11/2008,6.245493428,GPS
02/01/1971,4.52807728,4.52807728,4.52807728,4.52807728,4.52807728,4.52807728,06/12/2008,6.238209963,GPS
03/01/1971,4.526793233,4.526793233,4.526793233,4.526793233,4.526793233,4.526793233,06/13/2008,6.255335948,GPS
04/01/1971,4.532760051,4.532760051,4.532760051,4.532760051,4.532760051,4.532760051,06/14/2008,6.251694216,GPS
05/01/1971,4.539103435,4.539103435,4.539103435,4.539103435,4.539103435,4.539103435,06/15/2008,6.253498678,GPS
06/01/1971,4.543057433,4.543057433,4.543057433,4.543057433,4.543057433,4.543057433,06/16/2008,6.245099727,GPS
07/01/1971,4.550024689,4.550024689,4.550024689,4.550024689,4.550024689,4.550024689,06/17/2008,6.255040672,GPS
08/01/1971,4.555489001,4.555489001,4.555489001,4.555489001,4.555489001,4.555489001,06/18/2008,6.25221915,GPS
09/01/1971,4.565000379,4.565000379,4.565000379,4.565000379,4.565000379,4.565000379,06/19/2008,6.277153534,GPS
10/01/1971,4.574350416,4.574350416,4.574350416,4.574350416,4.574350416,4.574350416,06/20/2008,6.267540673,GPS
11/01/1971,4.584800495,4.584800495,4.584800495,4.584800495,4.584800495,4.584800495,06/21/2008,6.273938311,GPS
12/01/1971,4.593273336,4.593273336,4.593273336,4.593273336,4.593273336,4.593273336,06/22/2008,6.316228338,GPS
01/01/1972,4.596677623,4.596677623,4.596677623,4.596677623,4.596677623,4.596677623,06/23/2008,6.382599732,GPS
02/01/1972,4.598271939,4.598271939,4.598271939,4.598271939,4.598271939,4.598271939,06/24/2008,6.25651705,GPS
03/01/1972,4.60298922,4.60298922,4.60298922,4.60298922,4.60298922,4.60298922,06/25/2008,6.258124662,GPS
04/01/1972,4.607678877,4.607678877,4.607678877,4.607678877,4.607678877,4.607678877,06/26/2008,6.259765082,GPS
05/01/1972,4.614083785,4.614083785,4.614083785,4.614083785,4.614083785,4.614083785,06/27/2008,6.250349071,GPS
06/01/1972,4.620782075,4.620782075,4.620782075,4.620782075,4.620782075,4.620782075,06/28/2008,6.255106289,GPS
07/01/1972,4.625755366,4.625755366,4.625755366,4.625755366,4.625755366,4.625755366,06/29/2008,6.262356946,GPS
08/01/1972,4.628377118,4.628377118,4.628377118,4.628377118,4.628377118,4.628377118,06/30/2008,6.286897629,GPS
09/01/1972,4.632109395,4.632109395,4.632109395,4.632109395,4.632109395,4.632109395,07/01/2008,6.27334776,GPS
10/01/1972,4.633669958,4.633669958,4.633669958,4.633669958,4.633669958,4.633669958,07/02/2008,6.276431749,GPS
11/01/1972,4.636131842,4.636131842,4.636131842,4.636131842,4.636131842,4.636131842,07/03/2008,6.26553936,GPS
12/01/1972,4.638119971,4.638119971,4.638119971,4.638119971,4.638119971,4.638119971,07/04/2008,6.265244085,GPS
01/01/1973,4.638368407,4.638368407,4.638368407,4.638368407,4.638368407,4.638368407,07/05/2008,6.269476368,GPS
02/01/1973,4.639231846,4.639231846,4.639231846,4.639231846,4.639231846,4.639231846,07/06/2008,6.286963246,GPS
03/01/1973,4.63879534,4.63879534,4.63879534,4.63879534,4.63879534,4.63879534,07/07/2008,6.265736211,GPS
04/01/1973,4.638215124,4.638215124,4.638215124,4.638215124,4.638215124,4.638215124,07/08/2008,6.257829386,GPS
05/01/1973,4.642027103,4.642027103,4.642027103,4.642027103,4.642027103,4.642027103,07/09/2008,6.249988179,GPS
06/01/1973,4.647012975,4.647012975,4.647012975,4.647012975,4.647012975,4.647012975,07/10/2008,6.238702089,GPS
07/01/1973,4.653039321,4.653039321,4.653039321,4.653039321,4.653039321,4.653039321,07/11/2008,6.266589229,GPS
08/01/1973,4.659570012,4.659570012,4.659570012,4.659570012,4.659570012,4.659570012,07/12/2008,6.280499991,GPS
09/01/1973,4.666780219,4.666780219,4.666780219,4.666780219,4.666780219,4.666780219,07/13/2008,6.2602244,GPS
10/01/1973,4.673325829,4.673325829,4.673325829,4.673325829,4.673325829,4.673325829,07/14/2008,6.251661407,GPS
11/01/1973,4.680338617,4.680338617,4.680338617,4.680338617,4.680338617,4.680338617,07/15/2008,6.261635161,GPS
12/01/1973,4.683027517,4.683027517,4.683027517,4.683027517,4.683027517,4.683027517,07/16/2008,6.283091854,GPS
01/01/1974,4.685610678,4.685610678,4.685610678,4.685610678,4.685610678,4.685610678,07/17/2008,6.262225712,GPS
02/01/1974,4.683196268,4.683196268,4.683196268,4.683196268,4.683196268,4.683196268,07/18/2008,6.273643035,GPS
03/01/1974,4.682838628,4.682838628,4.682838628,4.682838628,4.682838628,4.682838628,07/19/2008,6.26124146,GPS
04/01/1974,4.683140517,4.683140517,4.683140517,4.683140517,4.683140517,4.683140517,07/20/2008,6.269148284,GPS
05/01/1974,4.685829042,4.685829042,4.685829042,4.685829042,4.685829042,4.685829042,07/21/2008,6.279253272,GPS
06/01/1974,4.690882275,4.690882275,4.690882275,4.690882275,4.690882275,4.690882275,07/22/2008,6.288406815,GPS
07/01/1974,4.69308257,4.69308257,4.69308257,4.69308257,4.69308257,4.69308257,07/23/2008,6.282927812,GPS
08/01/1974,4.699455708,4.699455708,4.699455708,4.699455708,4.699455708,4.699455708,07/24/2008,6.279351697,GPS
09/01/1974,4.702386114,4.702386114,4.702386114,4.702386114,4.702386114,4.702386114,07/25/2008,6.26616272,GPS
10/01/1974,4.707976838,4.707976838,4.707976838,4.707976838,4.707976838,4.707976838,07/26/2008,6.284633849,GPS
11/01/1974,4.712673353,4.712673353,4.712673353,4.712673353,4.712673353,4.712673353,07/27/2008,6.266523612,GPS
12/01/1974,4.714694061,4.714694061,4.714694061,4.714694061,4.714694061,4.714694061,07/28/2008,6.263341198,GPS
01/01/1975,4.713785737,4.713785737,4.713785737,4.713785737,4.713785737,4.713785737,07/29/2008,6.25714041,GPS
02/01/1975,4.712413531,4.712413531,4.712413531,4.712413531,4.712413531,4.712413531,07/30/2008,6.253465869,GPS
03/01/1975,4.714568981,4.714568981,4.714568981,4.714568981,4.714568981,4.714568981,07/31/2008,6.25979789,GPS
04/01/1975,4.711769917,4.711769917,4.711769917,4.711769917,4.711769917,4.711769917,08/01/2008,6.256681092,GPS
05/01/1975,4.710933263,4.710933263,4.710933263,4.710933263,4.710933263,4.710933263,08/02/2008,6.252973743,GPS
06/01/1975,4.709986862,4.709986862,4.709986862,4.709986862,4.709986862,4.709986862,08/03/2008,6.264850384,GPS
07/01/1975,4.711222489,4.711222489,4.711222489,4.711222489,4.711222489,4.711222489,08/04/2008,6.283255896,GPS
08/01/1975,4.707863618,4.707863618,4.707863618,4.707863618,4.707863618,4.707863618,08/05/2008,6.273413376,GPS
09/01/1975,4.705721917,4.705721917,4.705721917,4.705721917,4.705721917,4.705721917,08/06/2008,6.26553936,GPS
10/01/1975,4.702415374,4.702415374,4.702415374,4.702415374,4.702415374,4.702415374,08/07/2008,6.275414689,GPS
11/01/1975,4.702538,4.702538,4.702538,4.702538,4.702538,4.702538,08/08/2008,6.263833324,GPS
12/01/1975,4.70538284,4.70538284,4.70538284,4.70538284,4.70538284,4.70538284,08/09/2008,6.271313639,GPS
01/01/1976,4.710941042,4.710941042,4.710941042,4.710941042,4.710941042,4.710941042,08/10/2008,6.274200778,GPS
02/01/1976,4.720537757,4.720537757,4.720537757,4.720537757,4.720537757,4.720537757,08/11/2008,6.293820201,GPS
03/01/1976,4.728091376,4.728091376,4.728091376,4.728091376,4.728091376,4.728091376,08/12/2008,6.275480306,GPS
04/01/1976,4.738088681,4.738088681,4.738088681,4.738088681,4.738088681,4.738088681,08/13/2008,6.26389894,GPS
05/01/1976,4.750772553,4.750772553,4.750772553,4.750772553,4.750772553,4.750772553,08/14/2008,6.26616272,GPS
06/01/1976,4.7693824,4.7693824,4.7693824,4.7693824,4.7693824,4.7693824,08/15/2008,6.284240148,GPS
07/01/1976,4.791313869,4.791313869,4.791313869,4.791313869,4.791313869,4.791313869,08/16/2008,6.281845135,GPS
08/01/1976,4.822700659,4.822700659,4.822700659,4.822700659,4.822700659,4.822700659,08/17/2008,6.276792642,GPS
09/01/1976,4.860699697,4.860699697,4.860699697,4.860699697,4.860699697,4.860699697,08/18/2008,6.288078731,GPS
10/01/1976,4.894488173,4.894488173,4.894488173,4.894488173,4.894488173,4.894488173,08/19/2008,6.270296578,GPS
11/01/1976,4.91866147,4.91866147,4.91866147,4.91866147,4.91866147,4.91866147,08/20/2008,6.278170594,GPS
12/01/1976,4.938919915,4.938919915,4.938919915,4.938919915,4.938919915,4.938919915,08/21/2008,6.284305765,GPS
01/01/1977,4.958073515,4.958073515,4.958073515,4.958073515,4.958073515,4.958073515,08/22/2008,6.26944356,GPS
02/01/1977,4.973376193,4.973376193,4.973376193,4.973376193,4.973376193,4.973376193,08/23/2008,6.28237007,GPS
03/01/1977,4.988819199,4.988819199,4.988819199,4.988819199,4.988819199,4.988819199,08/24/2008,6.282206028,GPS
04/01/1977,5.009195992,5.009195992,5.009195992,5.009195992,5.009195992,5.009195992,08/25/2008,6.304482931,GPS
05/01/1977,5.036084635,5.036084635,5.036084635,5.036084635,5.036084635,5.036084635,08/26/2008,6.275906815,GPS
06/01/1977,5.05900509,5.05900509,5.05900509,5.05900509,5.05900509,5.05900509,08/27/2008,6.276792642,GPS
07/01/1977,5.076517138,5.076517138,5.076517138,5.076517138,5.076517138,5.076517138,08/28/2008,6.263669282,GPS
08/01/1977,5.096541538,5.096541538,5.096541538,5.096541538,5.096541538,5.096541538,08/29/2008,6.27292125,GPS
09/01/1977,5.118421778,5.118421778,5.118421778,5.118421778,5.118421778,5.118421778,08/30/2008,6.267967182,GPS
10/01/1977,5.136844344,5.136844344,5.136844344,5.136844344,5.136844344,5.136844344,08/31/2008,6.28647112,GPS
11/01/1977,5.161297289,5.161297289,5.161297289,5.161297289,5.161297289,5.161297289,09/01/2008,6.304351698,GPS
12/01/1977,5.175017694,5.175017694,5.175017694,5.175017694,5.175017694,5.175017694,09/02/2008,6.318918627,GPS
01/01/1978,5.184057116,5.184057116,5.184057116,5.184057116,5.184057116,5.184057116,09/03/2008,6.27682545,GPS
02/01/1978,5.189589633,5.189589633,5.189589633,5.189589633,5.189589633,5.189589633,09/04/2008,6.286963246,GPS
03/01/1978,5.189004369,5.189004369,5.189004369,5.189004369,5.189004369,5.189004369,09/05/2008,6.317475058,GPS
04/01/1978,5.191566722,5.191566722,5.191566722,5.191566722,5.191566722,5.191566722,09/06/2008,6.294345136,GPS
05/01/1978,5.197196033,5.197196033,5.197196033,5.197196033,5.197196033,5.197196033,09/07/2008,6.285585293,GPS
06/01/1978,5.202883479,5.202883479,5.202883479,5.202883479,5.202883479,5.202883479,09/08/2008,6.29221259,GPS
07/01/1978,5.208184782,5.208184782,5.208184782,5.208184782,5.208184782,5.208184782,09/09/2008,6.273150909,GPS
08/01/1978,5.211687812,5.211687812,5.211687812,5.211687812,5.211687812,5.211687812,09/10/2008,6.292704716,GPS
09/01/1978,5.21814503,5.21814503,5.21814503,5.21814503,5.21814503,5.21814503,09/11/2008,6.291523613,GPS
10/01/1978,5.223348223,5.223348223,5.223348223,5.223348223,5.223348223,5.223348223,09/12/2008,6.274266395,GPS
11/01/1978,5.231522881,5.231522881,5.231522881,5.231522881,5.231522881,5.231522881,09/13/2008,6.280434374,GPS
12/01/1978,5.235824715,5.235824715,5.235824715,5.235824715,5.235824715,5.235824715,09/14/2008,6.300349073,GPS
01/01/1979,5.239939926,5.239939926,5.239939926,5.239939926,5.239939926,5.239939926,09/15/2008,6.304548548,GPS
02/01/1979,5.24129225,5.24129225,5.24129225,5.24129225,5.24129225,5.24129225,09/16/2008,6.312258522,GPS
03/01/1979,5.242212176,5.242212176,5.242212176,5.242212176,5.242212176,5.242212176,09/17/2008,6.310814952,GPS
04/01/1979,5.243812853,5.243812853,5.243812853,5.243812853,5.243812853,5.243812853,09/18/2008,6.298544611,GPS
05/01/1979,5.245182642,5.245182642,5.245182642,5.245182642,5.245182642,5.245182642,09/19/2008,6.29014566,GPS
06/01/1979,5.246623394,5.246623394,5.246623394,5.246623394,5.246623394,5.246623394,09/20/2008,6.278072169,GPS
07/01/1979,5.247613816,5.247613816,5.247613816,5.247613816,5.247613816,5.247613816,09/21/2008,6.283813639,GPS
08/01/1979,5.248279607,5.248279607,5.248279607,5.248279607,5.248279607,5.248279607,09/22/2008,6.29139238,GPS
09/01/1979,5.250994815,5.250994815,5.250994815,5.250994815,5.250994815,5.250994815,09/23/2008,6.28194356,GPS
10/01/1979,5.253777039,5.253777039,5.253777039,5.253777039,5.253777039,5.253777039,09/24/2008,6.273511802,GPS
11/01/1979,5.256922023,5.256922023,5.256922023,5.256922023,5.256922023,5.256922023,09/25/2008,6.288374007,GPS
12/01/1979,5.259885278,5.259885278,5.259885278,5.259885278,5.259885278,5.259885278,09/26/2008,6.276694216,GPS
01/01/1980,5.261300864,5.261300864,5.261300864,5.261300864,5.261300864,5.261300864,09/27/2008,6.281156159,GPS
02/01/1980,5.261497616,5.261497616,5.261497616,5.261497616,5.261497616,5.261497616,09/28/2008,6.285191592,GPS
03/01/1980,5.262294069,5.262294069,5.262294069,5.262294069,5.262294069,5.262294069,09/29/2008,6.301759834,GPS
04/01/1980,5.262236404,5.262236404,5.262236404,5.262236404,5.262236404,5.262236404,09/30/2008,6.272593166,GPS
05/01/1980,5.263494162,5.263494162,5.263494162,5.263494162,5.263494162,5.263494162,10/01/2008,6.28932545,GPS
06/01/1980,5.26555588,5.26555588,5.26555588,5.26555588,5.26555588,5.26555588,10/02/2008,6.261602352,GPS
07/01/1980,5.266813279,5.266813279,5.266813279,5.266813279,5.266813279,5.266813279,10/03/2008,6.262389754,GPS
08/01/1980,5.269727044,5.269727044,5.269727044,5.269727044,5.269727044,5.269727044,10/04/2008,6.263636473,GPS
09/01/1980,5.270354902,5.270354902,5.270354902,5.270354902,5.270354902,5.270354902,10/05/2008,6.286930437,GPS
10/01/1980,5.271124175,5.271124175,5.271124175,5.271124175,5.271124175,5.271124175,10/06/2008,6.276234899,GPS
11/01/1980,5.271986944,5.271986944,5.271986944,5.271986944,5.271986944,5.271986944,10/07/2008,6.277251959,GPS
12/01/1980,5.271805593,5.271805593,5.271805593,5.271805593,5.271805593,5.271805593,10/08/2008,6.283780831,GPS
01/01/1981,5.272825608,5.272825608,5.272825608,5.272825608,5.272825608,5.272825608,10/09/2008,6.278433062,GPS
02/01/1981,5.271564572,5.271564572,5.271564572,5.271564572,5.271564572,5.271564572,10/10/2008,6.290637786,GPS
03/01/1981,5.272810999,5.272810999,5.272810999,5.272810999,5.272810999,5.272810999,10/11/2008,6.295723088,GPS
04/01/1981,5.274130387,5.274130387,5.274130387,5.274130387,5.274130387,5.274130387,10/12/2008,6.297888443,GPS
05/01/1981,5.275828937,5.275828937,5.275828937,5.275828937,5.275828937,5.275828937,10/13/2008,6.291753272,GPS
06/01/1981,5.277861372,5.277861372,5.277861372,5.277861372,5.277861372,5.277861372,10/14/2008,6.287192904,GPS
07/01/1981,5.278355792,5.278355792,5.278355792,5.278355792,5.278355792,5.278355792,10/15/2008,6.287520988,GPS
08/01/1981,5.278415361,5.278415361,5.278415361,5.278415361,5.278415361,5.278415361,10/16/2008,6.291720464,GPS
09/01/1981,5.27867503,5.27867503,5.27867503,5.27867503,5.27867503,5.27867503,10/17/2008,6.306845136,GPS
10/01/1981,5.280562106,5.280562106,5.280562106,5.280562106,5.280562106,5.280562106,10/18/2008,6.28237007,GPS
11/01/1981,5.281078025,5.281078025,5.281078025,5.281078025,5.281078025,5.281078025,10/19/2008,6.269771644,GPS
12/01/1981,5.279927696,5.279927696,5.279927696,5.279927696,5.279927696,5.279927696,10/20/2008,6.271313639,GPS
01/01/1982,5.279358559,5.279358559,5.279358559,5.279358559,5.279358559,5.279358559,10/21/2008,6.287324138,GPS
02/01/1982,5.278198171,5.278198171,5.278198171,5.278198171,5.278198171,5.278198171,10/22/2008,6.28565091,GPS
03/01/1982,5.277057687,5.277057687,5.277057687,5.277057687,5.277057687,5.277057687,10/23/2008,6.283059046,GPS
04/01/1982,5.279472281,5.279472281,5.279472281,5.279472281,5.279472281,5.279472281,10/24/2008,6.277809702,GPS
05/01/1982,5.279175001,5.279175001,5.279175001,5.279175001,5.279175001,5.279175001,10/25/2008,6.278498678,GPS
06/01/1982,5.280397728,5.280397728,5.280397728,5.280397728,5.280397728,5.280397728,10/26/2008,6.298577419,GPS
07/01/1982,5.283258575,5.283258575,5.283258575,5.283258575,5.283258575,5.283258575,10/27/2008,6.311143036,GPS
08/01/1982,5.282671097,5.282671097,5.282671097,5.282671097,5.282671097,5.282671097,10/28/2008,6.302350385,GPS
09/01/1982,5.284446461,5.284446461,5.284446461,5.284446461,5.284446461,5.284446461,10/29/2008,6.281156159,GPS
10/01/1982,5.286445554,5.286445554,5.286445554,5.286445554,5.286445554,5.286445554,10/30/2008,6.279253272,GPS
11/01/1982,5.289249876,5.289249876,5.289249876,5.289249876,5.289249876,5.289249876,10/31/2008,6.29506692,GPS
12/01/1982,5.290627124,5.290627124,5.290627124,5.290627124,5.290627124,5.290627124,11/01/2008,6.27354461,GPS
01/01/1983,5.290909361,5.290909361,5.290909361,5.290909361,5.290909361,5.290909361,11/02/2008,6.245723087,GPS
02/01/1983,5.290887202,5.290887202,5.290887202,5.290887202,5.290887202,5.290887202,11/03/2008,6.266622038,GPS
03/01/1983,5.287609993,5.287609993,5.287609993,5.287609993,5.287609993,5.287609993,11/04/2008,6.270001303,GPS
04/01/1983,5.286658355,5.286658355,5.286658355,5.286658355,5.286658355,5.286658355,11/05/2008,6.281713902,GPS
05/01/1983,5.287607558,5.287607558,5.287607558,5.287607558,5.287607558,5.287607558,11/06/2008,6.296083981,GPS
06/01/1983,5.286177886,5.286177886,5.286177886,5.286177886,5.286177886,5.286177886,11/07/2008,6.286077419,GPS
07/01/1983,5.286602509,5.286602509,5.286602509,5.286602509,5.286602509,5.286602509,11/08/2008,6.2934265,GPS
08/01/1983,5.285277938,5.285277938,5.285277938,5.285277938,5.285277938,5.285277938,11/09/2008,6.257009176,GPS
09/01/1983,5.286307426,5.286307426,5.286307426,5.286307426,5.286307426,5.286307426,11/10/2008,6.271477681,GPS
10/01/1983,5.287646438,5.287646438,5.287646438,5.287646438,5.287646438,5.287646438,11/11/2008,6.266687654,GPS
11/01/1983,5.287611772,5.287611772,5.287611772,5.287611772,5.287611772,5.287611772,11/12/2008,6.27744881,GPS
12/01/1983,5.285443413,5.285443413,5.285443413,5.285443413,5.285443413,5.285443413,11/13/2008,6.268853009,GPS
01/01/1984,5.28401041,5.28401041,5.28401041,5.28401041,5.28401041,5.28401041,11/14/2008,6.263931749,GPS
02/01/1984,5.280859103,5.280859103,5.280859103,5.280859103,5.280859103,5.280859103,11/15/2008,6.270001303,GPS
03/01/1984,5.27287702,5.27287702,5.27287702,5.27287702,5.27287702,5.27287702,11/16/2008,6.266753271,GPS
04/01/1984,5.27117994,5.27117994,5.27117994,5.27117994,5.27117994,5.27117994,11/17/2008,6.288767708,GPS
05/01/1984,5.274048186,5.274048186,5.274048186,5.274048186,5.274048186,5.274048186,11/18/2008,6.290112852,GPS
06/01/1984,5.272915241,5.272915241,5.272915241,5.272915241,5.272915241,5.272915241,11/19/2008,6.2848307,GPS
07/01/1984,5.27494827,5.27494827,5.27494827,5.27494827,5.27494827,5.27494827,11/20/2008,6.278433062,GPS
08/01/1984,5.279492848,5.279492848,5.279492848,5.279492848,5.279492848,5.279492848,11/21/2008,6.276497366,GPS
09/01/1984,5.280271493,5.280271493,5.280271493,5.280271493,5.280271493,5.280271493,11/22/2008,6.260585292,GPS
10/01/1984,5.281270392,5.281270392,5.281270392,5.281270392,5.281270392,5.281270392,11/23/2008,6.271641723,GPS
11/01/1984,5.282954299,5.282954299,5.282954299,5.282954299,5.282954299,5.282954299,11/24/2008,6.265080043,GPS
12/01/1984,5.282748357,5.282748357,5.282748357,5.282748357,5.282748357,5.282748357,11/25/2008,6.273872694,GPS
01/01/1985,5.279846561,5.279846561,5.279846561,5.279846561,5.279846561,5.279846561,11/26/2008,6.250906814,GPS
02/01/1985,5.277879834,5.277879834,5.277879834,5.277879834,5.277879834,5.277879834,11/27/2008,6.261930436,GPS
03/01/1985,5.272947343,5.272947343,5.272947343,5.272947343,5.272947343,5.272947343,11/28/2008,6.26553936,GPS
04/01/1985,5.273576581,5.273576581,5.273576581,5.273576581,5.273576581,5.273576581,11/29/2008,6.266228337,GPS
05/01/1985,5.273195953,5.273195953,5.273195953,5.273195953,5.273195953,5.273195953,11/30/2008,6.25057873,GPS
06/01/1985,5.273230308,5.273230308,5.273230308,5.273230308,5.273230308,5.273230308,12/01/2008,6.246444872,GPS
07/01/1985,5.274140114,5.274140114,5.274140114,5.274140114,5.274140114,5.274140114,12/02/2008,6.261733586,GPS
08/01/1985,5.274163497,5.274163497,5.274163497,5.274163497,5.274163497,5.274163497,12/03/2008,6.253728336,GPS
09/01/1985,5.273626633,5.273626633,5.273626633,5.273626633,5.273626633,5.273626633,12/04/2008,6.268688967,GPS
10/01/1985,5.276090462,5.276090462,5.276090462,5.276090462,5.276090462,5.276090462,12/05/2008,6.270362195,GPS
11/01/1985,5.275597828,5.275597828,5.275597828,5.275597828,5.275597828,5.275597828,12/06/2008,6.259535423,GPS
12/01/1985,5.276294846,5.276294846,5.276294846,5.276294846,5.276294846,5.276294846,12/07/2008,6.243098415,GPS
01/01/1986,5.272905778,5.272905778,5.272905778,5.272905778,5.272905778,5.272905778,12/08/2008,6.244476368,GPS
02/01/1986,5.268356153,5.268356153,5.268356153,5.268356153,5.268356153,5.268356153,12/09/2008,6.25897768,GPS
03/01/1986,5.263831805,5.263831805,5.263831805,5.263831805,5.263831805,5.263831805,12/10/2008,6.269935686,GPS
04/01/1986,5.252038749,5.252038749,5.252038749,5.252038749,5.252038749,5.252038749,12/11/2008,6.251464557,GPS
05/01/1986,5.254737299,5.254737299,5.254737299,5.254737299,5.254737299,5.254737299,12/12/2008,6.234010488,GPS
06/01/1986,5.251425901,5.251425901,5.251425901,5.251425901,5.251425901,5.251425901,12/13/2008,6.233715212,GPS
07/01/1986,5.245759815,5.245759815,5.245759815,5.245759815,5.245759815,5.245759815,12/14/2008,6.242278205,GPS
08/01/1986,5.247148969,5.247148969,5.247148969,5.247148969,5.247148969,5.247148969,12/15/2008,6.237881879,GPS
09/01/1986,5.244562388,5.244562388,5.244562388,5.244562388,5.244562388,5.244562388,12/16/2008,6.236241459,GPS
10/01/1986,5.250598976,5.250598976,5.250598976,5.250598976,5.250598976,5.250598976,12/17/2008,6.240834635,GPS
11/01/1986,5.250997104,5.250997104,5.250997104,5.250997104,5.250997104,5.250997104,12/18/2008,6.251070856,GPS
12/01/1986,5.249738342,5.249738342,5.249738342,5.249738342,5.249738342,5.249738342,12/19/2008,6.250020987,GPS
01/01/1987,5.241913441,5.241913441,5.241913441,5.241913441,5.241913441,5.241913441,12/20/2008,6.266556421,GPS
02/01/1987,5.244449246,5.244449246,5.244449246,5.244449246,5.244449246,5.244449246,12/21/2008,6.259305764,GPS
03/01/1987,5.236976873,5.236976873,5.236976873,5.236976873,5.236976873,5.236976873,12/22/2008,6.235847758,GPS
04/01/1987,5.239238012,5.239238012,5.239238012,5.239238012,5.239238012,5.239238012,12/23/2008,6.237849071,GPS
05/01/1987,5.246159366,5.246159366,5.246159366,5.246159366,5.246159366,5.246159366,12/24/2008,6.220559044,GPS
06/01/1987,5.241050746,5.241050746,5.241050746,5.241050746,5.241050746,5.241050746,12/25/2008,6.231779517,GPS
07/01/1987,5.243586536,5.243586536,5.243586536,5.243586536,5.243586536,5.243586536,12/26/2008,6.228925186,GPS
08/01/1987,5.251871148,5.251871148,5.251871148,5.251871148,5.251871148,5.251871148,12/27/2008,6.242343822,GPS
09/01/1987,5.250573261,5.250573261,5.250573261,5.250573261,5.250573261,5.250573261,12/28/2008,6.247954058,GPS
10/01/1987,5.254832411,5.254832411,5.254832411,5.254832411,5.254832411,5.254832411,12/29/2008,6.249824137,GPS
11/01/1987,5.259234739,5.259234739,5.259234739,5.259234739,5.259234739,5.259234739,12/30/2008,6.26104461,GPS
12/01/1987,5.26243211,5.26243211,5.26243211,5.26243211,5.26243211,5.26243211,12/31/2008,6.25612335,GPS
01/01/1988,5.262734758,5.262734758,5.262734758,5.262734758,5.262734758,5.262734758,01/01/2009,6.237225711,GPS
02/01/1988,5.258532846,5.258532846,5.258532846,5.258532846,5.258532846,5.258532846,01/02/2009,6.228662719,GPS
03/01/1988,5.259121154,5.259121154,5.259121154,5.259121154,5.259121154,5.259121154,01/03/2009,6.215965868,GPS
04/01/1988,5.414081286,5.414081286,5.414081286,5.414081286,5.414081286,5.414081286,01/04/2009,6.232107601,GPS
05/01/1988,5.419571649,5.419571649,5.419571649,5.419571649,5.419571649,5.419571649,01/05/2009,6.22413516,GPS
06/01/1988,5.42252188,5.42252188,5.42252188,5.42252188,5.42252188,5.42252188,01/06/2009,6.23151705,GPS
07/01/1988,5.422991329,5.422991329,5.422991329,5.422991329,5.422991329,5.422991329,01/07/2009,6.229548546,GPS
08/01/1988,5.426025371,5.426025371,5.426025371,5.426025371,5.426025371,5.426025371,01/08/2009,6.228597102,GPS
09/01/1988,5.428578898,5.428578898,5.428578898,5.428578898,5.428578898,5.428578898,01/09/2009,6.24175327,GPS
10/01/1988,5.428801828,5.428801828,5.428801828,5.428801828,5.428801828,5.428801828,01/10/2009,6.257402877,GPS
11/01/1988,5.430844342,5.430844342,5.430844342,5.430844342,5.430844342,5.430844342,01/11/2009,6.268557733,GPS
12/01/1988,5.431761468,5.431761468,5.431761468,5.431761468,5.431761468,5.431761468,01/12/2009,6.261897628,GPS
01/01/1989,5.432951347,5.432951347,5.432951347,5.432951347,5.432951347,5.432951347,01/13/2009,6.255040672,GPS
02/01/1989,5.431278825,5.431278825,5.431278825,5.431278825,5.431278825,5.431278825,01/14/2009,6.244148284,GPS
03/01/1989,5.432321868,5.432321868,5.432321868,5.432321868,5.432321868,5.432321868,01/15/2009,6.247002614,GPS
04/01/1989,5.430619888,5.430619888,5.430619888,5.430619888,5.430619888,5.430619888,01/16/2009,6.253301827,GPS
05/01/1989,5.431337769,5.431337769,5.431337769,5.431337769,5.431337769,5.431337769,01/17/2009,6.243360882,GPS
06/01/1989,5.432203092,5.432203092,5.432203092,5.432203092,5.432203092,5.432203092,01/18/2009,6.252908126,GPS
07/01/1989,5.439488892,5.439488892,5.439488892,5.439488892,5.439488892,5.439488892,01/19/2009,6.24503411,GPS
08/01/1989,5.442389009,5.442389009,5.442389009,5.442389009,5.442389009,5.442389009,01/20/2009,6.231418624,GPS
09/01/1989,5.448671608,5.448671608,5.448671608,5.448671608,5.448671608,5.448671608,01/21/2009,6.22413516,GPS
10/01/1989,5.452153854,5.452153854,5.452153854,5.452153854,5.452153854,5.452153854,01/22/2009,6.214030172,GPS
11/01/1989,5.45514773,5.45514773,5.45514773,5.45514773,5.45514773,5.45514773,01/23/2009,6.223085291,GPS
12/01/1989,5.457769913,5.457769913,5.457769913,5.457769913,5.457769913,5.457769913,01/24/2009,6.236044609,GPS
01/01/1990,5.458535666,5.458535666,5.458535666,5.458535666,5.458535666,5.458535666,01/25/2009,6.226267706,GPS
02/01/1990,5.460780782,5.460780782,5.460780782,5.460780782,5.460780782,5.460780782,01/26/2009,6.22577558,GPS
03/01/1990,5.464526191,5.464526191,5.464526191,5.464526191,5.464526191,5.464526191,01/27/2009,6.224069543,GPS
04/01/1990,5.467551791,5.467551791,5.467551791,5.467551791,5.467551791,5.467551791,01/28/2009,6.242639097,GPS
05/01/1990,5.469458107,5.469458107,5.469458107,5.469458107,5.469458107,5.469458107,01/29/2009,6.239194215,GPS
06/01/1990,5.473627998,5.473627998,5.473627998,5.473627998,5.473627998,5.473627998,01/30/2009,6.23683201,GPS
07/01/1990,5.475454254,5.475454254,5.475454254,5.475454254,5.475454254,5.475454254,01/31/2009,6.220690278,GPS
08/01/1990,5.478806168,5.478806168,5.478806168,5.478806168,5.478806168,5.478806168,02/01/2009,6.219443558,GPS
09/01/1990,5.481124543,5.481124543,5.481124543,5.481124543,5.481124543,5.481124543,02/02/2009,6.23007348,GPS
10/01/1990,5.48363902,5.48363902,5.48363902,5.48363902,5.48363902,5.48363902,02/03/2009,6.229581354,GPS
11/01/1990,5.488367362,5.488367362,5.488367362,5.488367362,5.488367362,5.488367362,02/04/2009,6.226136472,GPS
12/01/1990,5.490631386,5.490631386,5.490631386,5.490631386,5.490631386,5.490631386,02/05/2009,6.21120865,GPS
01/01/1991,5.491482499,5.491482499,5.491482499,5.491482499,5.491482499,5.491482499,02/06/2009,6.206845133,GPS
02/01/1991,5.492983271,5.492983271,5.492983271,5.492983271,5.492983271,5.492983271,02/07/2009,6.211864818,GPS
03/01/1991,5.494433837,5.494433837,5.494433837,5.494433837,5.494433837,5.494433837,02/08/2009,6.211700776,GPS
04/01/1991,5.496410711,5.496410711,5.496410711,5.496410711,5.496410711,5.496410711,02/09/2009,6.204975054,GPS
05/01/1991,5.498618598,5.498618598,5.498618598,5.498618598,5.498618598,5.498618598,02/10/2009,6.208682403,GPS
06/01/1991,5.500538504,5.500538504,5.500538504,5.500538504,5.500538504,5.500538504,02/11/2009,6.210716524,GPS
07/01/1991,5.50363653,5.50363653,5.50363653,5.50363653,5.50363653,5.50363653,02/12/2009,6.212685028,GPS
08/01/1991,5.505164847,5.505164847,5.505164847,5.505164847,5.505164847,5.505164847,02/13/2009,6.210749332,GPS
09/01/1991,5.508772413,5.508772413,5.508772413,5.508772413,5.508772413,5.508772413,02/14/2009,6.206221773,GPS
10/01/1991,5.511069086,5.511069086,5.511069086,5.511069086,5.511069086,5.511069086,02/15/2009,6.215047233,GPS
11/01/1991,5.514036854,5.514036854,5.514036854,5.514036854,5.514036854,5.514036854,02/16/2009,6.185716523,GPS
12/01/1991,5.517636975,5.517636975,5.517636975,5.517636975,5.517636975,5.517636975,02/17/2009,6.179745394,GPS
01/01/1992,5.520763922,5.520763922,5.520763922,5.520763922,5.520763922,5.520763922,02/18/2009,6.196772954,GPS
02/01/1992,5.521019007,5.521019007,5.521019007,5.521019007,5.521019007,5.521019007,02/19/2009,6.221280829,GPS
03/01/1992,5.520851381,5.520851381,5.520851381,5.520851381,5.520851381,5.520851381,02/20/2009,6.231812325,GPS
04/01/1992,5.521065504,5.521065504,5.521065504,5.521065504,5.521065504,5.521065504,02/21/2009,6.223544608,GPS
05/01/1992,5.523257341,5.523257341,5.523257341,5.523257341,5.523257341,5.523257341,02/22/2009,6.213767705,GPS
06/01/1992,5.526062558,5.526062558,5.526062558,5.526062558,5.526062558,5.526062558,02/23/2009,6.233321512,GPS
07/01/1992,5.52830863,5.52830863,5.52830863,5.52830863,5.52830863,5.52830863,02/24/2009,6.223872692,GPS
08/01/1992,5.531399855,5.531399855,5.531399855,5.531399855,5.531399855,5.531399855,02/25/2009,6.213078729,GPS
09/01/1992,5.533341361,5.533341361,5.533341361,5.533341361,5.533341361,5.533341361,02/26/2009,6.211241458,GPS
10/01/1992,5.536552361,5.536552361,5.536552361,5.536552361,5.536552361,5.536552361,02/27/2009,6.220198152,GPS
11/01/1992,5.540063573,5.540063573,5.540063573,5.540063573,5.540063573,5.540063573,02/28/2009,6.217475054,GPS
12/01/1992,5.542633089,5.542633089,5.542633089,5.542633089,5.542633089,5.542633089,03/01/2009,6.210158781,GPS
01/01/1993,5.544215485,5.544215485,5.544215485,5.544215485,5.544215485,5.544215485,03/02/2009,6.217048545,GPS
02/01/1993,5.543263615,5.543263615,5.543263615,5.543263615,5.543263615,5.543263615,03/03/2009,6.19336088,GPS
03/01/1993,5.543571667,5.543571667,5.543571667,5.543571667,5.543571667,5.543571667,03/04/2009,6.205696839,GPS
04/01/1993,5.543946858,5.543946858,5.543946858,5.543946858,5.543946858,5.543946858,03/05/2009,6.221149595,GPS
05/01/1993,5.546266285,5.546266285,5.546266285,5.546266285,5.546266285,5.546266285,03/06/2009,6.196280828,GPS
06/01/1993,5.548747834,5.548747834,5.548747834,5.548747834,5.548747834,5.548747834,03/07/2009,6.211274267,GPS
07/01/1993,5.549481704,5.549481704,5.549481704,5.549481704,5.549481704,5.549481704,03/08/2009,6.209929122,GPS
08/01/1993,5.551615618,5.551615618,5.551615618,5.551615618,5.551615618,5.551615618,03/09/2009,6.205959306,GPS
09/01/1993,5.552533477,5.552533477,5.552533477,5.552533477,5.552533477,5.552533477,03/10/2009,6.204122036,GPS
10/01/1993,5.555292261,5.555292261,5.555292261,5.555292261,5.555292261,5.555292261,03/11/2009,6.214161406,GPS
11/01/1993,5.554699425,5.554699425,5.554699425,5.554699425,5.554699425,5.554699425,03/12/2009,6.231582666,GPS
12/01/1993,5.554816084,5.554816084,5.554816084,5.554816084,5.554816084,5.554816084,03/13/2009,6.222527548,GPS
01/01/1994,5.557322791,5.557322791,5.557322791,5.557322791,5.557322791,5.557322791,03/14/2009,6.213439621,GPS
02/01/1994,5.560680993,5.560680993,5.560680993,5.560680993,5.560680993,5.560680993,03/15/2009,6.204778204,GPS
03/01/1994,5.563692716,5.563692716,5.563692716,5.563692716,5.563692716,5.563692716,03/16/2009,6.231877942,GPS
04/01/1994,5.568069913,5.568069913,5.568069913,5.568069913,5.568069913,5.568069913,03/17/2009,6.213013112,GPS
05/01/1994,5.571701341,5.571701341,5.571701341,5.571701341,5.571701341,5.571701341,03/18/2009,6.234568231,GPS
06/01/1994,5.57722055,5.57722055,5.57722055,5.57722055,5.57722055,5.57722055,03/19/2009,6.228137784,GPS
07/01/1994,5.583647829,5.583647829,5.583647829,5.583647829,5.583647829,5.583647829,03/20/2009,6.232271643,GPS
08/01/1994,5.591239893,5.591239893,5.591239893,5.591239893,5.591239893,5.591239893,03/21/2009,6.225316262,GPS
09/01/1994,5.599075707,5.599075707,5.599075707,5.599075707,5.599075707,5.599075707,03/22/2009,6.221444871,GPS
10/01/1994,5.605594068,5.605594068,5.605594068,5.605594068,5.605594068,5.605594068,03/23/2009,6.234076105,GPS
11/01/1994,5.614203395,5.614203395,5.614203395,5.614203395,5.614203395,5.614203395,03/24/2009,6.237619412,GPS
12/01/1994,5.621230097,5.621230097,5.621230097,5.621230097,5.621230097,5.621230097,03/25/2009,6.239751958,GPS
01/01/1995,5.624995222,5.624995222,5.624995222,5.624995222,5.624995222,5.624995222,03/26/2009,6.228990803,GPS
02/01/1995,5.627159707,5.627159707,5.627159707,5.627159707,5.627159707,5.627159707,03/27/2009,6.232304451,GPS
03/01/1995,5.627652454,5.627652454,5.627652454,5.627652454,5.627652454,5.627652454,03/28/2009,6.239555108,GPS
04/01/1995,5.62762047,5.62762047,5.62762047,5.62762047,5.62762047,5.62762047,03/29/2009,6.21878739,GPS
05/01/1995,5.627875516,5.627875516,5.627875516,5.627875516,5.627875516,5.627875516,03/30/2009,6.224299202,GPS
06/01/1995,5.632397336,5.632397336,5.632397336,5.632397336,5.632397336,5.632397336,03/31/2009,6.239358257,GPS
07/01/1995,5.635312395,5.635312395,5.635312395,5.635312395,5.635312395,5.635312395,04/01/2009,6.21593306,GPS
08/01/1995,5.639360598,5.639360598,5.639360598,5.639360598,5.639360598,5.639360598,04/02/2009,6.23745537,GPS
09/01/1995,5.642137348,5.642137348,5.642137348,5.642137348,5.642137348,5.642137348,04/03/2009,6.218951432,GPS
10/01/1995,5.644991507,5.644991507,5.644991507,5.644991507,5.644991507,5.644991507,04/04/2009,6.240965869,GPS
11/01/1995,5.65000701,5.65000701,5.65000701,5.65000701,5.65000701,5.65000701,04/05/2009,6.259141722,GPS
12/01/1995,5.651857198,5.651857198,5.651857198,5.651857198,5.651857198,5.651857198,04/06/2009,6.261503927,GPS
01/01/1996,5.651262974,5.651262974,5.651262974,5.651262974,5.651262974,5.651262974,04/07/2009,6.251759832,GPS
02/01/1996,5.650842726,5.650842726,5.650842726,5.650842726,5.650842726,5.650842726,04/08/2009,6.223413375,GPS
03/01/1996,5.649805933,5.649805933,5.649805933,5.649805933,5.649805933,5.649805933,04/09/2009,6.244476368,GPS
04/01/1996,5.649854389,5.649854389,5.649854389,5.649854389,5.649854389,5.649854389,04/10/2009,6.236602352,GPS
05/01/1996,5.653963964,5.653963964,5.653963964,5.653963964,5.653963964,5.653963964,04/11/2009,6.251300515,GPS
06/01/1996,5.657590206,5.657590206,5.657590206,5.657590206,5.657590206,5.657590206,04/12/2009,6.276891067,GPS
07/01/1996,5.659982614,5.659982614,5.659982614,5.659982614,5.659982614,5.659982614,04/13/2009,6.245395003,GPS
08/01/1996,5.662899818,5.662899818,5.662899818,5.662899818,5.662899818,5.662899818,04/14/2009,6.25714041,GPS
09/01/1996,5.666171435,5.666171435,5.666171435,5.666171435,5.666171435,5.666171435,04/15/2009,6.260388442,GPS
10/01/1996,5.669625961,5.669625961,5.669625961,5.669625961,5.669625961,5.669625961,04/16/2009,6.26432545,GPS
11/01/1996,5.671344411,5.671344411,5.671344411,5.671344411,5.671344411,5.671344411,04/17/2009,6.273872694,GPS
12/01/1996,5.675048054,5.675048054,5.675048054,5.675048054,5.675048054,5.675048054,04/18/2009,6.26307873,GPS
01/01/1997,5.676468725,5.676468725,5.676468725,5.676468725,5.676468725,5.676468725,04/19/2009,6.256090541,GPS
02/01/1997,5.680813396,5.680813396,5.680813396,5.680813396,5.680813396,5.680813396,04/20/2009,6.255270331,GPS
03/01/1997,5.681118964,5.681118964,5.681118964,5.681118964,5.681118964,5.681118964,04/21/2009,6.266293954,GPS
04/01/1997,5.684059365,5.684059365,5.684059365,5.684059365,5.684059365,5.684059365,04/22/2009,6.254515738,GPS
05/01/1997,5.687525848,5.687525848,5.687525848,5.687525848,5.687525848,5.687525848,04/23/2009,6.253137785,GPS
06/01/1997,5.690391818,5.690391818,5.690391818,5.690391818,5.690391818,5.690391818,04/24/2009,6.269935686,GPS
07/01/1997,5.693804383,5.693804383,5.693804383,5.693804383,5.693804383,5.693804383,04/25/2009,6.286405503,GPS
08/01/1997,5.698005497,5.698005497,5.698005497,5.698005497,5.698005497,5.698005497,04/26/2009,6.295034112,GPS
09/01/1997,5.700419206,5.700419206,5.700419206,5.700419206,5.700419206,5.700419206,04/27/2009,6.268721775,GPS
10/01/1997,5.702206273,5.702206273,5.702206273,5.702206273,5.702206273,5.702206273,04/28/2009,6.284174532,GPS
11/01/1997,5.705425217,5.705425217,5.705425217,5.705425217,5.705425217,5.705425217,04/29/2009,6.287717839,GPS
12/01/1997,5.708613602,5.708613602,5.708613602,5.708613602,5.708613602,5.708613602,04/30/2009,6.288406815,GPS
01/01/1998,5.706968424,5.706968424,5.706968424,5.706968424,5.706968424,5.706968424,05/01/2009,6.286733587,GPS
02/01/1998,5.704014913,5.704014913,5.704014913,5.704014913,5.704014913,5.704014913,05/02/2009,6.298446186,GPS
03/01/1998,5.699714059,5.699714059,5.699714059,5.699714059,5.699714059,5.699714059,05/03/2009,6.296772957,GPS
04/01/1998,5.697934317,5.697934317,5.697934317,5.697934317,5.697934317,5.697934317,05/04/2009,6.271313639,GPS
05/01/1998,5.698614868,5.698614868,5.698614868,5.698614868,5.698614868,5.698614868,05/05/2009,6.264391066,GPS
06/01/1998,5.69836035,5.69836035,5.69836035,5.69836035,5.69836035,5.69836035,05/06/2009,6.296543298,GPS
07/01/1998,5.700253051,5.700253051,5.700253051,5.700253051,5.700253051,5.700253051,05/07/2009,6.29057217,GPS
08/01/1998,5.703079705,5.703079705,5.703079705,5.703079705,5.703079705,5.703079705,05/08/2009,6.259043297,GPS
09/01/1998,5.705162571,5.705162571,5.705162571,5.705162571,5.705162571,5.705162571,05/09/2009,6.276038048,GPS
10/01/1998,5.708030106,5.708030106,5.708030106,5.708030106,5.708030106,5.708030106,05/10/2009,6.282074794,GPS
11/01/1998,5.711618283,5.711618283,5.711618283,5.711618283,5.711618283,5.711618283,05/11/2009,6.269738836,GPS
12/01/1998,5.713936807,5.713936807,5.713936807,5.713936807,5.713936807,5.713936807,05/12/2009,6.280631224,GPS
01/01/1999,5.713703447,5.713703447,5.713703447,5.713703447,5.713703447,5.713703447,05/13/2009,6.264686342,GPS
02/01/1999,5.712184259,5.712184259,5.712184259,5.712184259,5.712184259,5.712184259,05/14/2009,6.27006692,GPS
03/01/1999,5.709834873,5.709834873,5.709834873,5.709834873,5.709834873,5.709834873,05/15/2009,6.279778206,GPS
04/01/1999,5.708971137,5.708971137,5.708971137,5.708971137,5.708971137,5.708971137,05/16/2009,6.291917314,GPS
05/01/1999,5.709970948,5.709970948,5.709970948,5.709970948,5.709970948,5.709970948,05/17/2009,6.296576107,GPS
06/01/1999,5.711475564,5.711475564,5.711475564,5.711475564,5.711475564,5.711475564,05/18/2009,6.269213901,GPS
07/01/1999,5.713547923,5.713547923,5.713547923,5.713547923,5.713547923,5.713547923,05/19/2009,6.286832012,GPS
08/01/1999,5.714694007,5.714694007,5.714694007,5.714694007,5.714694007,5.714694007,05/20/2009,6.267114164,GPS
09/01/1999,5.717617552,5.717617552,5.717617552,5.717617552,5.717617552,5.717617552,05/21/2009,6.263374006,GPS
10/01/1999,5.720104302,5.720104302,5.720104302,5.720104302,5.720104302,5.720104302,05/22/2009,6.290440936,GPS
11/01/1999,5.722588849,5.722588849,5.722588849,5.722588849,5.722588849,5.722588849,05/23/2009,6.286733587,GPS
12/01/1999,5.725745814,5.725745814,5.725745814,5.725745814,5.725745814,5.725745814,05/24/2009,6.289522301,GPS
01/01/2000,5.725212997,5.725212997,5.725212997,5.725212997,5.725212997,5.725212997,05/25/2009,6.271412064,GPS
02/01/2000,5.723530272,5.723530272,5.723530272,5.723530272,5.723530272,5.723530272,05/26/2009,6.233026236,GPS
03/01/2000,5.723498391,5.723498391,5.723498391,5.723498391,5.723498391,5.723498391,05/27/2009,6.270624662,GPS
04/01/2000,5.724525446,5.724525446,5.724525446,5.724525446,5.724525446,5.724525446,05/28/2009,6.251989491,GPS
05/01/2000,5.725303229,5.725303229,5.725303229,5.725303229,5.725303229,5.725303229,05/29/2009,6.265736211,GPS
06/01/2000,5.726582809,5.726582809,5.726582809,5.726582809,5.726582809,5.726582809,05/30/2009,6.265506552,GPS
07/01/2000,5.727438341,5.727438341,5.727438341,5.727438341,5.727438341,5.727438341,05/31/2009,6.273807077,GPS
08/01/2000,5.728371239,5.728371239,5.728371239,5.728371239,5.728371239,5.728371239,06/01/2009,6.261733586,GPS
09/01/2000,5.730054158,5.730054158,5.730054158,5.730054158,5.730054158,5.730054158,06/02/2009,6.294377944,GPS
10/01/2000,5.730659556,5.730659556,5.730659556,5.730659556,5.730659556,5.730659556,06/03/2009,6.282337261,GPS
11/01/2000,5.732094214,5.732094214,5.732094214,5.732094214,5.732094214,5.732094214,06/04/2009,6.267212589,GPS
12/01/2000,5.73409342,5.73409342,5.73409342,5.73409342,5.73409342,5.73409342,06/05/2009,6.275447497,GPS
01/01/2001,5.736062755,5.736062755,5.736062755,5.736062755,5.736062755,5.736062755,06/06/2009,6.259043297,GPS
02/01/2001,5.737873847,5.737873847,5.737873847,5.737873847,5.737873847,5.737873847,06/07/2009,6.270526237,GPS
03/01/2001,5.739782486,5.739782486,5.739782486,5.739782486,5.739782486,5.739782486,06/08/2009,6.264062982,GPS
04/01/2001,5.742013597,5.742013597,5.742013597,5.742013597,5.742013597,5.742013597,06/09/2009,6.250545922,GPS
05/01/2001,5.743697638,5.743697638,5.743697638,5.743697638,5.743697638,5.743697638,06/10/2009,6.255073481,GPS
06/01/2001,5.746547803,5.746547803,5.746547803,5.746547803,5.746547803,5.746547803,06/11/2009,6.284436999,GPS
07/01/2001,5.749416973,5.749416973,5.749416973,5.749416973,5.749416973,5.749416973,06/12/2009,6.286799204,GPS
08/01/2001,5.753108473,5.753108473,5.753108473,5.753108473,5.753108473,5.753108473,06/13/2009,6.2727244,GPS
09/01/2001,5.758654667,5.758654667,5.758654667,5.758654667,5.758654667,5.758654667,06/14/2009,6.274791329,GPS
10/01/2001,5.764150758,5.764150758,5.764150758,5.764150758,5.764150758,5.764150758,06/15/2009,6.273052484,GPS
11/01/2001,5.769816205,5.769816205,5.769816205,5.769816205,5.769816205,5.769816205,06/16/2009,6.27170734,GPS
12/01/2001,5.775496878,5.775496878,5.775496878,5.775496878,5.775496878,5.775496878,06/17/2009,6.250841197,GPS
01/01/2002,5.77767134,5.77767134,5.77767134,5.77767134,5.77767134,5.77767134,06/18/2009,6.286799204,GPS
02/01/2002,5.77749435,5.77749435,5.77749435,5.77749435,5.77749435,5.77749435,06/19/2009,6.362291332,GPS
03/01/2002,5.777150457,5.777150457,5.777150457,5.777150457,5.777150457,5.777150457,06/20/2009,6.257993428,GPS
04/01/2002,5.777742925,5.777742925,5.777742925,5.777742925,5.777742925,5.777742925,06/21/2009,6.260913376,GPS
05/01/2002,5.778276533,5.778276533,5.778276533,5.778276533,5.778276533,5.778276533,06/22/2009,6.270723088,GPS
06/01/2002,5.779733906,5.779733906,5.779733906,5.779733906,5.779733906,5.779733906,06/23/2009,6.25796062,GPS
07/01/2002,5.780847135,5.780847135,5.780847135,5.780847135,5.780847135,5.780847135,06/24/2009,6.272593166,GPS
08/01/2002,5.782556423,5.782556423,5.782556423,5.782556423,5.782556423,5.782556423,06/25/2009,6.270657471,GPS
09/01/2002,5.782685125,5.782685125,5.782685125,5.782685125,5.782685125,5.782685125,06/26/2009,6.2852244,GPS
10/01/2002,5.784125728,5.784125728,5.784125728,5.784125728,5.784125728,5.784125728,06/27/2009,6.287553797,GPS
11/01/2002,5.785967261,5.785967261,5.785967261,5.785967261,5.785967261,5.785967261,06/28/2009,6.267737523,GPS
12/01/2002,5.786993907,5.786993907,5.786993907,5.786993907,5.786993907,5.786993907,06/29/2009,6.274627287,GPS
01/01/2003,5.788386874,5.788386874,5.788386874,5.788386874,5.788386874,5.788386874,06/30/2009,6.258748022,GPS
02/01/2003,5.790298968,5.790298968,5.790298968,5.790298968,5.790298968,5.790298968,07/01/2009,6.257435686,GPS
03/01/2003,5.791428156,5.791428156,5.791428156,5.791428156,5.791428156,5.791428156,07/02/2009,6.278826762,GPS
04/01/2003,5.792715594,5.792715594,5.792715594,5.792715594,5.792715594,5.792715594,07/03/2009,6.260782142,GPS
05/01/2003,5.793790006,5.793790006,5.793790006,5.793790006,5.793790006,5.793790006,07/04/2009,6.271674531,GPS
06/01/2003,5.794707972,5.794707972,5.794707972,5.794707972,5.794707972,5.794707972,07/05/2009,6.276333324,GPS
07/01/2003,5.795675403,5.795675403,5.795675403,5.795675403,5.795675403,5.795675403,07/06/2009,6.273774269,GPS
08/01/2003,5.79734824,5.79734824,5.79734824,5.79734824,5.79734824,5.79734824,07/07/2009,6.259174531,GPS
09/01/2003,5.799307891,5.799307891,5.799307891,5.799307891,5.799307891,5.799307891,07/08/2009,6.257009176,GPS
10/01/2003,5.801814516,5.801814516,5.801814516,5.801814516,5.801814516,5.801814516,07/09/2009,6.28502755,GPS
11/01/2003,5.803660997,5.803660997,5.803660997,5.803660997,5.803660997,5.803660997,07/10/2009,6.263767707,GPS
12/01/2003,5.805975382,5.805975382,5.805975382,5.805975382,5.805975382,5.805975382,07/11/2009,6.275611539,GPS
01/01/2004,5.808028906,5.808028906,5.808028906,5.808028906,5.808028906,5.808028906,07/12/2009,6.282829387,GPS
02/01/2004,5.809459449,5.809459449,5.809459449,5.809459449,5.809459449,5.809459449,07/13/2009,6.276956684,GPS
03/01/2004,5.80847345,5.80847345,5.80847345,5.80847345,5.80847345,5.80847345,07/14/2009,6.275414689,GPS
04/01/2004,5.811101136,5.811101136,5.811101136,5.811101136,5.811101136,5.811101136,07/15/2009,6.268459308,GPS
05/01/2004,5.814987681,5.814987681,5.814987681,5.814987681,5.814987681,5.814987681,07/16/2009,6.278531487,GPS
06/01/2004,5.817941248,5.817941248,5.817941248,5.817941248,5.817941248,5.817941248,07/17/2009,6.25057873,GPS
07/01/2004,5.82149853,5.82149853,5.82149853,5.82149853,5.82149853,5.82149853,07/18/2009,6.277055109,GPS
08/01/2004,5.826236221,5.826236221,5.826236221,5.826236221,5.826236221,5.826236221,07/19/2009,6.297625976,GPS
09/01/2004,5.830729783,5.830729783,5.830729783,5.830729783,5.830729783,5.830729783,07/20/2009,6.29588713,GPS
10/01/2004,5.834072417,5.834072417,5.834072417,5.834072417,5.834072417,5.834072417,07/21/2009,6.267409439,GPS
11/01/2004,5.837961396,5.837961396,5.837961396,5.837961396,5.837961396,5.837961396,07/22/2009,6.258748022,GPS
12/01/2004,5.841617893,5.841617893,5.841617893,5.841617893,5.841617893,5.841617893,07/23/2009,6.268131224,GPS
01/01/2005,5.847431305,5.847431305,5.847431305,5.847431305,5.847431305,5.847431305,07/24/2009,6.275053796,GPS
02/01/2005,5.853230679,5.853230679,5.853230679,5.853230679,5.853230679,5.853230679,07/25/2009,6.28010629,GPS
03/01/2005,5.857893319,5.857893319,5.857893319,5.857893319,5.857893319,5.857893319,07/26/2009,6.314653535,GPS
04/01/2005,5.861554614,5.861554614,5.861554614,5.861554614,5.861554614,5.861554614,07/27/2009,6.29385301,GPS
05/01/2005,5.865271754,5.865271754,5.865271754,5.865271754,5.865271754,5.865271754,07/28/2009,6.289194217,GPS
06/01/2005,5.869361705,5.869361705,5.869361705,5.869361705,5.869361705,5.869361705,07/29/2009,6.266392379,GPS
07/01/2005,5.873628184,5.873628184,5.873628184,5.873628184,5.873628184,5.873628184,07/30/2009,6.286602353,GPS
08/01/2005,5.875931185,5.875931185,5.875931185,5.875931185,5.875931185,5.875931185,07/31/2009,6.29158923,GPS
09/01/2005,5.879083974,5.879083974,5.879083974,5.879083974,5.879083974,5.879083974,08/01/2009,6.265276893,GPS
10/01/2005,5.883122693,5.883122693,5.883122693,5.883122693,5.883122693,5.883122693,08/02/2009,6.285913377,GPS
11/01/2005,5.886949136,5.886949136,5.886949136,5.886949136,5.886949136,5.886949136,08/03/2009,6.291031487,GPS
12/01/2005,5.891400249,5.891400249,5.891400249,5.891400249,5.891400249,5.891400249,08/04/2009,6.279679781,GPS
01/01/2006,5.894821853,5.894821853,5.894821853,5.894821853,5.894821853,5.894821853,08/05/2009,6.293951435,GPS
02/01/2006,5.900011224,5.900011224,5.900011224,5.900011224,5.900011224,5.900011224,08/06/2009,6.312750648,GPS
03/01/2006,5.90260984,5.90260984,5.90260984,5.90260984,5.90260984,5.90260984,08/07/2009,6.295230962,GPS
04/01/2006,5.907782593,5.907782593,5.907782593,5.907782593,5.907782593,5.907782593,08/08/2009,6.299299204,GPS
05/01/2006,5.912117357,5.912117357,5.912117357,5.912117357,5.912117357,5.912117357,08/09/2009,6.29178608,GPS
06/01/2006,5.916629434,5.916629434,5.916629434,5.916629434,5.916629434,5.916629434,08/10/2009,6.288275582,GPS
07/01/2006,5.92113119,5.92113119,5.92113119,5.92113119,5.92113119,5.92113119,08/11/2009,6.288144348,GPS
08/01/2006,5.927052289,5.927052289,5.927052289,5.927052289,5.927052289,5.927052289,08/12/2009,6.302612852,GPS
09/01/2006,5.932571374,5.932571374,5.932571374,5.932571374,5.932571374,5.932571374,08/13/2009,6.280401566,GPS
10/01/2006,5.938933023,5.938933023,5.938933023,5.938933023,5.938933023,5.938933023,08/14/2009,6.28319028,GPS
11/01/2006,5.943510248,5.943510248,5.943510248,5.943510248,5.943510248,5.943510248,08/15/2009,6.276989492,GPS
12/01/2006,5.949330031,5.949330031,5.949330031,5.949330031,5.949330031,5.949330031,08/16/2009,6.284469807,GPS
01/01/2007,5.955360449,5.955360449,5.955360449,5.955360449,5.955360449,5.955360449,08/17/2009,6.275874006,GPS
02/01/2007,5.961209132,5.961209132,5.961209132,5.961209132,5.961209132,5.961209132,08/18/2009,6.269312326,GPS
03/01/2007,5.966422732,5.966422732,5.966422732,5.966422732,5.966422732,5.966422732,08/19/2009,6.275677156,GPS
04/01/2007,5.97103212,5.97103212,5.97103212,5.97103212,5.97103212,5.97103212,08/20/2009,6.295395004,GPS
05/01/2007,5.976746516,5.976746516,5.976746516,5.976746516,5.976746516,5.976746516,08/21/2009,6.285257209,GPS
06/01/2007,5.98263517,5.98263517,5.98263517,5.98263517,5.98263517,5.98263517,08/22/2009,6.302580044,GPS
07/01/2007,5.988010882,5.988010882,5.988010882,5.988010882,5.988010882,5.988010882,08/23/2009,6.283059046,GPS
08/01/2007,5.994282736,5.994282736,5.994282736,5.994282736,5.994282736,5.994282736,08/24/2009,6.291293954,GPS
09/01/2007,6.000056199,6.000056199,6.000056199,6.000056199,6.000056199,6.000056199,08/25/2009,6.284765083,GPS
10/01/2007,6.006650358,6.006650358,6.006650358,6.006650358,6.006650358,6.006650358,08/26/2009,6.294804453,GPS
11/01/2007,6.013041101,6.013041101,6.013041101,6.013041101,6.013041101,6.013041101,08/27/2009,6.284863508,GPS
12/01/2007,6.019904218,6.019904218,6.019904218,6.019904218,6.019904218,6.019904218,08/28/2009,6.297560359,GPS
01/01/2008,6.028873648,6.028873648,6.028873648,6.028873648,6.028873648,6.028873648,08/29/2009,6.306451435,GPS
02/01/2008,6.03563784,6.03563784,6.03563784,6.03563784,6.03563784,6.03563784,08/30/2009,6.289587918,GPS
03/01/2008,6.042574906,6.042574906,6.042574906,6.042574906,6.042574906,6.042574906,08/31/2009,6.294935687,GPS
04/01/2008,6.050237677,6.050237677,6.050237677,6.050237677,6.050237677,6.050237677,09/01/2009,6.291884506,GPS
05/01/2008,6.057595028,6.057595028,6.057595028,6.057595028,6.057595028,6.057595028,09/02/2009,6.288833324,GPS
06/01/2008,6.064925075,6.064925075,6.064925075,6.064925075,6.064925075,6.064925075,09/03/2009,6.301792642,GPS
07/01/2008,6.072824829,6.072824829,6.072824829,6.072824829,6.072824829,6.072824829,09/04/2009,6.295788705,GPS
08/01/2008,6.081882332,6.081882332,6.081882332,6.081882332,6.081882332,6.081882332,09/05/2009,6.298807078,GPS
09/01/2008,6.089693636,6.089693636,6.089693636,6.089693636,6.089693636,6.089693636,09/06/2009,6.280270332,GPS
10/01/2008,6.097509771,6.097509771,6.097509771,6.097509771,6.097509771,6.097509771,09/07/2009,6.296248023,GPS
11/01/2008,6.108451691,6.108451691,6.108451691,6.108451691,6.108451691,6.108451691,09/08/2009,6.278957996,GPS
12/01/2008,6.117365881,6.117365881,6.117365881,6.117365881,6.117365881,6.117365881,09/09/2009,6.289850385,GPS
01/01/2009,6.128157413,6.128157413,6.128157413,6.128157413,6.128157413,6.128157413,09/10/2009,6.29877427,GPS
02/01/2009,6.138592584,6.138592584,6.138592584,6.138592584,6.138592584,6.138592584,09/11/2009,6.299102354,GPS
03/01/2009,6.14811268,6.14811268,6.14811268,6.14811268,6.14811268,6.14811268,09/12/2009,6.27928608,GPS
04/01/2009,6.1582574,6.1582574,6.1582574,6.1582574,6.1582574,6.1582574,09/13/2009,6.27518503,GPS
05/01/2009,6.168983184,6.168983184,6.168983184,6.168983184,6.168983184,6.168983184,09/14/2009,6.271740148,GPS
06/01/2009,6.181612272,6.181612272,6.181612272,6.181612272,6.181612272,6.181612272,09/15/2009,6.285585293,GPS
07/01/2009,6.193000292,6.193000292,6.193000292,6.193000292,6.193000292,6.193000292,09/16/2009,6.29240944,GPS
08/01/2009,6.203101199,6.203101199,6.203101199,6.203101199,6.203101199,6.203101199,09/17/2009,6.295952747,GPS
09/01/2009,6.213063108,6.213063108,6.213063108,6.213063108,6.213063108,6.213063108,09/18/2009,6.282730962,GPS
10/01/2009,6.221264996,6.221264996,6.221264996,6.221264996,6.221264996,6.221264996,09/19/2009,6.284699466,GPS
11/01/2009,6.230934786,6.230934786,6.230934786,6.230934786,6.230934786,6.230934786,09/20/2009,6.287881881,GPS
12/01/2009,6.239048506,6.239048506,6.239048506,6.239048506,6.239048506,6.239048506,09/21/2009,6.29221259,GPS
01/01/2010,6.248114433,6.248114433,6.248114433,6.248114433,6.248114433,6.248114433,09/22/2009,6.292048548,GPS
02/01/2010,6.257455201,6.257455201,6.257455201,6.257455201,6.257455201,6.257455201,09/23/2009,6.285978994,GPS
03/01/2010,6.262407315,6.262407315,6.262407315,6.262407315,6.262407315,6.262407315,09/24/2009,6.278334636,GPS
04/01/2010,6.270984781,6.270984781,6.270984781,6.270984781,6.270984781,6.270984781,09/25/2009,6.283944873,GPS
05/01/2010,6.279583286,6.279583286,6.279583286,6.279583286,6.279583286,6.279583286,09/26/2009,6.281779518,GPS
06/01/2010,6.288987281,6.288987281,6.288987281,6.288987281,6.288987281,6.288987281,09/27/2009,6.277383193,GPS
07/01/2010,6.298826606,6.298826606,6.298826606,6.298826606,6.298826606,6.298826606,09/28/2009,6.275119413,GPS
08/01/2010,6.308097687,6.308097687,6.308097687,6.308097687,6.308097687,6.308097687,09/29/2009,6.26924671,GPS
09/01/2010,6.317752372,6.317752372,6.317752372,6.317752372,6.317752372,6.317752372,09/30/2009,6.298807078,GPS
10/01/2010,6.325793606,6.325793606,6.325793606,6.325793606,6.325793606,6.325793606,10/01/2009,6.28112335,GPS
11/01/2010,6.3329461,6.3329461,6.3329461,6.3329461,6.3329461,6.3329461,10/02/2009,6.286011802,GPS
12/01/2010,6.339992452,6.339992452,6.339992452,6.339992452,6.339992452,6.339992452,10/03/2009,6.269574794,GPS
01/01/2011,6.348039203,6.348039203,6.348039203,6.348039203,6.348039203,6.348039203,10/04/2009,6.274594479,GPS
02/01/2011,6.356148222,6.356148222,6.356148222,6.356148222,6.356148222,6.356148222,10/05/2009,6.289391067,GPS
03/01/2011,6.364077514,6.364077514,6.364077514,6.364077514,6.364077514,6.364077514,10/06/2009,6.275053796,GPS
04/01/2011,6.371576731,6.371576731,6.371576731,6.371576731,6.371576731,6.371576731,10/07/2009,6.274725712,GPS
05/01/2011,6.379601045,6.379601045,6.379601045,6.379601045,6.379601045,6.379601045,10/08/2009,6.281845135,GPS
06/01/2011,6.38874868,6.38874868,6.38874868,6.38874868,6.38874868,6.38874868,10/09/2009,6.292475057,GPS
07/01/2011,6.39611793,6.39611793,6.39611793,6.39611793,6.39611793,6.39611793,10/10/2009,6.281320201,GPS
08/01/2011,6.404704587,6.404704587,6.404704587,6.404704587,6.404704587,6.404704587,10/11/2009,6.276694216,GPS
09/01/2011,6.413977117,6.413977117,6.413977117,6.413977117,6.413977117,6.413977117,10/12/2009,6.305565608,GPS
10/01/2011,6.424397206,6.424397206,6.424397206,6.424397206,6.424397206,6.424397206,10/13/2009,6.258551171,GPS
11/01/2011,6.434150831,6.434150831,6.434150831,6.434150831,6.434150831,6.434150831,10/14/2009,6.273183718,GPS
12/01/2011,6.442036451,6.442036451,6.442036451,6.442036451,6.442036451,6.442036451,10/15/2009,6.300742774,GPS
01/01/2012,6.451192814,6.451192814,6.451192814,6.451192814,6.451192814,6.451192814,10/16/2009,6.311832013,GPS
02/01/2012,6.460184584,6.460184584,6.460184584,6.460184584,6.460184584,6.460184584,10/17/2009,6.307271645,GPS
03/01/2012,6.466996263,6.466996263,6.466996263,6.466996263,6.466996263,6.466996263,10/18/2009,6.288078731,GPS
04/01/2012,6.474269489,6.474269489,6.474269489,6.474269489,6.474269489,6.474269489,10/19/2009,6.260125974,GPS
05/01/2012,6.481442315,6.481442315,6.481442315,6.481442315,6.481442315,6.481442315,10/20/2009,6.289719151,GPS
06/01/2012,6.489097898,6.489097898,6.489097898,6.489097898,6.489097898,6.489097898,10/21/2009,6.278695529,GPS
07/01/2012,6.49654613,6.49654613,6.49654613,6.49654613,6.49654613,6.49654613,10/22/2009,6.272855634,GPS
08/01/2012,6.503118818,6.503118818,6.503118818,6.503118818,6.503118818,6.503118818,10/23/2009,6.278728337,GPS
09/01/2012,6.509451371,6.509451371,6.509451371,6.509451371,6.509451371,6.509451371,10/24/2009,6.277809702,GPS
10/01/2012,6.515232709,6.515232709,6.515232709,6.515232709,6.515232709,6.515232709,10/25/2009,6.279187655,GPS
11/01/2012,6.521965854,6.521965854,6.521965854,6.521965854,6.521965854,6.521965854,10/26/2009,6.273643035,GPS
12/01/2012,6.531061938,6.531061938,6.531061938,6.531061938,6.531061938,6.531061938,10/27/2009,6.266326762,GPS
01/01/2013,6.54088281,6.54088281,6.54088281,6.54088281,6.54088281,6.54088281,10/28/2009,6.260257208,GPS
02/01/2013,6.554533731,6.554533731,6.554533731,6.554533731,6.554533731,6.554533731,10/29/2009,6.273478993,GPS
03/01/2013,6.567403633,6.567403633,6.567403633,6.567403633,6.567403633,6.567403633,10/30/2009,6.291261146,GPS
04/01/2013,6.588270697,6.588270697,6.588270697,6.588270697,6.588270697,6.588270697,10/31/2009,6.281418626,GPS
05/01/2013,6.61360728,6.61360728,6.61360728,6.61360728,6.61360728,6.61360728,11/01/2009,6.273511802,GPS
06/01/2013,6.642490002,6.642490002,6.642490002,6.642490002,6.642490002,6.642490002,11/02/2009,6.282009177,GPS
07/01/2013,6.670965393,6.670965393,6.670965393,6.670965393,6.670965393,6.670965393,11/03/2009,6.283059046,GPS
08/01/2013,6.699243816,6.699243816,6.699243816,6.699243816,6.699243816,6.699243816,11/04/2009,6.289358259,GPS
09/01/2013,6.731215105,6.731215105,6.731215105,6.731215105,6.731215105,6.731215105,11/05/2009,6.272790017,GPS
10/01/2013,6.761165204,6.761165204,6.761165204,6.761165204,6.761165204,6.761165204,11/06/2009,6.283912064,GPS
11/01/2013,6.793806021,6.793806021,6.793806021,6.793806021,6.793806021,6.793806021,11/07/2009,6.269082668,GPS
12/01/2013,6.831704965,6.831704965,6.831704965,6.831704965,6.831704965,6.831704965,11/08/2009,6.271969807,GPS
01/01/2014,6.865055819,6.865055819,6.865055819,6.865055819,6.865055819,6.865055819,11/09/2009,6.282829387,GPS
02/01/2014,6.885826933,6.885826933,6.885826933,6.885826933,6.885826933,6.885826933,11/10/2009,6.301530175,GPS
03/01/2014,6.899997616,6.899997616,6.899997616,6.899997616,6.899997616,6.899997616,11/11/2009,6.28319028,GPS
04/01/2014,6.914341196,6.914341196,6.914341196,6.914341196,6.914341196,6.914341196,11/12/2009,6.271215214,GPS
05/01/2014,6.927316456,6.927316456,6.927316456,6.927316456,6.927316456,6.927316456,11/13/2009,6.263833324,GPS
06/01/2014,6.94070157,6.94070157,6.94070157,6.94070157,6.94070157,6.94070157,11/14/2009,6.2770223,GPS
07/01/2014,6.953336706,6.953336706,6.953336706,6.953336706,6.953336706,6.953336706,11/15/2009,6.282698154,GPS
08/01/2014,6.96727207,6.96727207,6.96727207,6.96727207,6.96727207,6.96727207,11/16/2009,6.280467182,GPS
09/01/2014,6.979139212,6.979139212,6.979139212,6.979139212,6.979139212,6.979139212,11/17/2009,6.265670594,GPS
10/01/2014,7.009818052,7.009818052,7.009818052,7.009818052,7.009818052,7.009818052,11/18/2009,6.263177156,GPS
11/01/2014,7.020476788,7.020476788,7.020476788,7.020476788,7.020476788,7.020476788,11/19/2009,6.27354461,GPS
12/01/2014,7.031103008,7.031103008,7.031103008,7.031103008,7.031103008,7.031103008,11/20/2009,6.27456167,GPS
01/01/2015,7.041432863,7.041432863,7.041432863,7.041432863,7.041432863,7.041432863,11/21/2009,6.237488178,GPS
02/01/2015,7.053065596,7.053065596,7.053065596,7.053065596,7.053065596,7.053065596,11/22/2009,6.274003928,GPS
03/01/2015,7.064496909,7.064496909,7.064496909,7.064496909,7.064496909,7.064496909,11/23/2009,6.255434373,GPS
04/01/2015,7.07913167,7.07913167,7.07913167,7.07913167,7.07913167,7.07913167,11/24/2009,6.286832012,GPS
05/01/2015,7.0943519,7.0943519,7.0943519,7.0943519,7.0943519,7.0943519,11/25/2009,6.281451434,GPS
06/01/2015,7.109797336,7.109797336,7.109797336,7.109797336,7.109797336,7.109797336,11/26/2009,6.283912064,GPS
07/01/2015,7.118403941,7.118403941,7.118403941,7.118403941,7.118403941,7.118403941,11/27/2009,6.274397628,GPS
08/01/2015,7.124693512,7.124693512,7.124693512,7.124693512,7.124693512,7.124693512,11/28/2009,6.260027549,GPS
09/01/2015,7.126023931,7.126023931,7.126023931,7.126023931,7.126023931,7.126023931,11/29/2009,6.274528862,GPS
10/01/2015,7.123189004,7.123189004,7.123189004,7.123189004,7.123189004,7.123189004,11/30/2009,6.258387129,GPS
11/01/2015,7.120895024,7.120895024,7.120895024,7.120895024,7.120895024,7.120895024,12/01/2009,6.272986867,GPS
12/01/2015,7.119682833,7.119682833,7.119682833,7.119682833,7.119682833,7.119682833,12/02/2009,6.270296578,GPS
01/01/2016,7.1189345,7.1189345,7.1189345,7.1189345,7.1189345,7.1189345,12/03/2009,6.268459308,GPS
02/01/2016,7.11775201,7.11775201,7.11775201,7.11775201,7.11775201,7.11775201,12/04/2009,6.26964041,GPS
03/01/2016,7.117116853,7.117116853,7.117116853,7.117116853,7.117116853,7.117116853,12/05/2009,6.269345135,GPS
04/01/2016,7.116189069,7.116189069,7.116189069,7.116189069,7.116189069,7.116189069,12/06/2009,6.255040672,GPS
05/01/2016,7.113710232,7.113710232,7.113710232,7.113710232,7.113710232,7.113710232,12/07/2009,6.247625974,GPS
06/01/2016,7.113391307,7.113391307,7.113391307,7.113391307,7.113391307,7.113391307,12/08/2009,6.251661407,GPS
07/01/2016,7.114579613,7.114579613,7.114579613,7.114579613,7.114579613,7.114579613,12/09/2009,6.259666657,GPS
08/01/2016,7.116980523,7.116980523,7.116980523,7.116980523,7.116980523,7.116980523,12/10/2009,6.267146972,GPS
09/01/2016,7.118057712,7.118057712,7.118057712,7.118057712,7.118057712,7.118057712,12/11/2009,6.265769019,GPS
10/01/2016,7.118666542,7.118666542,7.118666542,7.118666542,7.118666542,7.118666542,12/12/2009,6.266293954,GPS
11/01/2016,7.120690295,7.120690295,7.120690295,7.120690295,7.120690295,7.120690295,12/13/2009,6.261832011,GPS
12/01/2016,7.122372822,7.122372822,7.122372822,7.122372822,7.122372822,7.122372822,12/14/2009,6.281156159,GPS
01/01/2017,7.123418464,7.123418464,7.123418464,7.123418464,7.123418464,7.123418464,12/15/2009,6.291359571,GPS
02/01/2017,7.124060366,7.124060366,7.124060366,7.124060366,7.124060366,7.124060366,12/16/2009,6.305204716,GPS
03/01/2017,7.124394462,7.124394462,7.124394462,7.124394462,7.124394462,7.124394462,12/17/2009,6.288833324,GPS
04/01/2017,7.12478769,7.12478769,7.12478769,7.12478769,7.12478769,7.12478769,12/18/2009,6.269771644,GPS
05/01/2017,7.126272223,7.126272223,7.126272223,7.126272223,7.126272223,7.126272223,12/19/2009,6.26432545,GPS
06/01/2017,7.126298732,7.126298732,7.126298732,7.126298732,7.126298732,7.126298732,12/20/2009,6.283846448,GPS
07/01/2017,7.12708796,7.12708796,7.12708796,7.12708796,7.12708796,7.12708796,12/21/2009,6.272855634,GPS
08/01/2017,7.126598943,7.126598943,7.126598943,7.126598943,7.126598943,7.126598943,12/22/2009,6.240572168,GPS
09/01/2017,7.126630707,7.126630707,7.126630707,7.126630707,7.126630707,7.126630707,12/23/2009,6.266622038,GPS
10/01/2017,7.127112857,7.127112857,7.127112857,7.127112857,7.127112857,7.127112857,12/24/2009,6.271149597,GPS
11/01/2017,7.127267281,7.127267281,7.127267281,7.127267281,7.127267281,7.127267281,12/25/2009,6.257107602,GPS
12/01/2017,7.129343479,7.129343479,7.129343479,7.129343479,7.129343479,7.129343479,12/26/2009,6.270559046,GPS
01/01/2018,7.137240126,7.137240126,7.137240126,7.137240126,7.137240126,7.137240126,12/27/2009,6.265506552,GPS
02/01/2018,7.144561676,7.144561676,7.144561676,7.144561676,7.144561676,7.144561676,12/28/2009,6.262750646,GPS
03/01/2018,7.153575501,7.153575501,7.153575501,7.153575501,7.153575501,7.153575501,12/29/2009,6.266654846,GPS
04/01/2018,7.163901837,7.163901837,7.163901837,7.163901837,7.163901837,7.163901837,12/30/2009,6.266097103,GPS
05/01/2018,7.171991138,7.171991138,7.171991138,7.171991138,7.171991138,7.171991138,12/31/2009,6.27682545,GPS
06/01/2018,7.174898715,7.174898715,7.174898715,7.174898715,7.174898715,7.174898715,01/01/2010,6.280139098,GPS
07/01/2018,7.175399657,7.175399657,7.175399657,7.175399657,7.175399657,7.175399657,01/02/2010,6.281713902,GPS
08/01/2018,7.175383224,7.175383224,7.175383224,7.175383224,7.175383224,7.175383224,01/03/2010,6.262389754,GPS
09/01/2018,7.174211958,7.174211958,7.174211958,7.174211958,7.174211958,7.174211958,01/04/2010,6.27620209,GPS
10/01/2018,7.173098728,7.173098728,7.173098728,7.173098728,7.173098728,7.173098728,01/05/2010,6.282829387,GPS
11/01/2018,7.171151957,7.171151957,7.171151957,7.171151957,7.171151957,7.171151957,01/06/2010,6.26042125,GPS
12/01/2018,7.168979511,7.168979511,7.168979511,7.168979511,7.168979511,7.168979511,01/07/2010,6.279351697,GPS
01/01/2019,7.168056348,7.168056348,7.168056348,7.168056348,7.168056348,7.168056348,01/08/2010,6.263767707,GPS
02/01/2019,7.168525263,7.168525263,7.168525263,7.168525263,7.168525263,7.168525263,01/09/2010,6.279351697,GPS
03/01/2019,7.169586423,7.169586423,7.169586423,7.169586423,7.169586423,7.169586423,01/10/2010,6.260060358,GPS
04/01/2019,7.170132178,7.170132178,7.170132178,7.170132178,7.170132178,7.170132178,01/11/2010,6.264030174,GPS
05/01/2019,7.174079034,7.174079034,7.174079034,7.174079034,7.174079034,7.174079034,01/12/2010,6.248708651,GPS
06/01/2019,7.179629145,7.179629145,7.179629145,7.179629145,7.179629145,7.179629145,01/13/2010,6.252055108,GPS
07/01/2019,7.18458767,7.18458767,7.18458767,7.18458767,7.18458767,7.18458767,01/14/2010,6.274856946,GPS
08/01/2019,7.189143778,7.189143778,7.189143778,7.189143778,7.189143778,7.189143778,01/15/2010,6.26964041,GPS
09/01/2019,7.195378,7.195378,7.195378,7.195378,7.195378,7.195378,01/16/2010,6.264194216,GPS
10/01/2019,7.201760729,7.201760729,7.201760729,7.201760729,7.201760729,7.201760729,01/17/2010,6.236930436,GPS
11/01/2019,7.208622792,7.208622792,7.208622792,7.208622792,7.208622792,7.208622792,01/18/2010,6.216523611,GPS
12/01/2019,7.21627244,7.21627244,7.21627244,7.21627244,7.21627244,7.21627244,01/19/2010,6.220099726,GPS
01/01/2020,7.222255355,7.222255355,7.222255355,7.222255355,7.222255355,7.222255355,01/20/2010,6.212324136,GPS
02/01/2020,7.201422197,7.201422197,7.201422197,7.201422197,7.201422197,7.201422197,01/21/2010,6.217212587,GPS
03/01/2020,7.206747805,7.206747805,7.206747805,7.206747805,7.206747805,7.206747805,01/22/2010,6.218492115,GPS
04/01/2020,7.211894629,7.211894629,7.211894629,7.211894629,7.211894629,7.211894629,01/23/2010,6.237061669,GPS
05/01/2020,7.218312422,7.218312422,7.218312422,7.218312422,7.218312422,7.218312422,01/24/2010,6.257632536,GPS
06/01/2020,7.225283921,7.225283921,7.225283921,7.225283921,7.225283921,7.225283921,01/25/2010,6.261569544,GPS
07/01/2020,7.230798439,7.230798439,7.230798439,7.230798439,7.230798439,7.230798439,01/26/2010,6.264292641,GPS
08/01/2020,7.236200291,7.236200291,7.236200291,7.236200291,7.236200291,7.236200291,01/27/2010,6.248774268,GPS
09/01/2020,7.241951294,7.241951294,7.241951294,7.241951294,7.241951294,7.241951294,01/28/2010,6.277514426,GPS
10/01/2020,7.24721357,7.24721357,7.24721357,7.24721357,7.24721357,7.24721357,01/29/2010,6.280073482,GPS
11/01/2020,7.252449852,7.252449852,7.252449852,7.252449852,7.252449852,7.252449852,01/30/2010,6.262192904,GPS
12/01/2020,7.258791143,7.258791143,7.258791143,7.258791143,7.258791143,7.258791143,01/31/2010,6.264095791,GPS
01/01/2021,7.269419365,7.269419365,7.269419365,7.269419365,7.269419365,7.269419365,02/01/2010,6.252153533,GPS
02/01/2021,7.279989532,7.279989532,7.279989532,7.279989532,7.279989532,7.279989532,02/02/2010,6.228761144,GPS
03/01/2021,7.289096014,7.289096014,7.289096014,7.289096014,7.289096014,7.289096014,02/03/2010,6.239653533,GPS
04/01/2021,7.299504171,7.299504171,7.299504171,7.299504171,7.299504171,7.299504171,02/04/2010,6.244115475,GPS
05/01/2021,7.311854779,7.311854779,7.311854779,7.311854779,7.311854779,7.311854779,02/05/2010,6.258026237,GPS
06/01/2021,7.32655111,7.32655111,7.32655111,7.32655111,7.32655111,7.32655111,02/06/2010,6.235388441,GPS
07/01/2021,7.341756468,7.341756468,7.341756468,7.341756468,7.341756468,7.341756468,02/07/2010,6.240965869,GPS
08/01/2021,7.360138572,7.360138572,7.360138572,7.360138572,7.360138572,7.360138572,02/08/2010,6.244082667,GPS
09/01/2021,7.383685201,7.383685201,7.383685201,7.383685201,7.383685201,7.383685201,02/09/2010,6.247363507,GPS
10/01/2021,7.40416456,7.40416456,7.40416456,7.40416456,7.40416456,7.40416456,02/10/2010,6.251956683,GPS
11/01/2021,7.429853726,7.429853726,7.429853726,7.429853726,7.429853726,7.429853726,02/11/2010,6.264981618,GPS
12/01/2021,7.456671054,7.456671054,7.456671054,7.456671054,7.456671054,7.456671054,02/12/2010,6.256156158,GPS
01/01/2022,7.476624522,7.476624522,7.476624522,7.476624522,7.476624522,7.476624522,02/13/2010,6.249528861,GPS
02/01/2022,7.488635442,7.488635442,7.488635442,7.488635442,7.488635442,7.488635442,02/14/2010,6.254548546,GPS
03/01/2022,7.496765593,7.496765593,7.496765593,7.496765593,7.496765593,7.496765593,02/15/2010,6.249233586,GPS
04/01/2022,7.50444833,7.50444833,7.50444833,7.50444833,7.50444833,7.50444833,02/16/2010,6.259043297,GPS
05/01/2022,7.509290052,7.509290052,7.509290052,7.509290052,7.509290052,7.509290052,02/17/2010,6.25530314,GPS
06/01/2022,7.519752431,7.519752431,7.519752431,7.519752431,7.519752431,7.519752431,02/18/2010,6.260322825,GPS
07/01/2022,7.53157643,7.53157643,7.53157643,7.53157643,7.53157643,7.53157643,02/19/2010,6.260355633,GPS
08/01/2022,7.545424976,7.545424976,7.545424976,7.545424976,7.545424976,7.545424976,02/20/2010,6.232599727,GPS
09/01/2022,7.561902792,7.561902792,7.561902792,7.561902792,7.561902792,7.561902792,02/21/2010,6.233485554,GPS
10/01/2022,7.583520139,7.583520139,7.583520139,7.583520139,7.583520139,7.583520139,02/22/2010,6.254975056,GPS
11/01/2022,7.612347182,7.612347182,7.612347182,7.612347182,7.612347182,7.612347182,02/23/2010,6.267901565,GPS
12/01/2022,7.633095891,7.633095891,7.633095891,7.633095891,7.633095891,7.633095891,02/24/2010,6.255598415,GPS
01/01/2023,7.644490029,7.644490029,7.644490029,7.644490029,7.644490029,7.644490029,02/25/2010,6.245887129,GPS
02/01/2023,7.65241817,7.65241817,7.65241817,7.65241817,7.65241817,7.65241817,02/26/2010,6.262717838,GPS
03/01/2023,7.657794862,7.657794862,7.657794862,7.657794862,7.657794862,7.657794862,02/27/2010,6.236077417,GPS
04/01/2023,7.660686654,7.660686654,7.660686654,7.660686654,7.660686654,7.660686654,02/28/2010,6.233944871,GPS
05/01/2023,7.6641006,7.6641006,7.6641006,7.6641006,7.6641006,7.6641006,03/01/2010,6.244935685,GPS
06/01/2023,7.669482614,7.669482614,7.669482614,7.669482614,7.669482614,7.669482614,03/02/2010,6.244148284,GPS
07/01/2023,7.675631046,7.675631046,7.675631046,7.675631046,7.675631046,7.675631046,03/03/2010,6.235093165,GPS
08/01/2023,7.682973885,7.682973885,7.682973885,7.682973885,7.682973885,7.682973885,03/04/2010,6.247822824,GPS
09/01/2023,7.691572658,7.691572658,7.691572658,7.691572658,7.691572658,7.691572658,03/05/2010,6.249036735,GPS
10/01/2023,7.69952526,7.69952526,7.69952526,7.69952526,7.69952526,7.69952526,03/06/2010,6.239883192,GPS
11/01/2023,7.708379123,7.708379123,7.708379123,7.708379123,7.708379123,7.708379123,03/07/2010,6.231943559,GPS
12/01/2023,7.71619115,7.71619115,7.71619115,7.71619115,7.71619115,7.71619115,03/08/2010,6.221116787,GPS
01/01/2024,7.728894751,7.728894751,7.728894751,7.728894751,7.728894751,7.728894751,03/09/2010,6.221641721,GPS
02/01/2024,7.729586876,7.729586876,7.729586876,7.733768004,7.728046554,7.742026329,03/10/2010,6.225053795,GPS
03/01/2024,7.7313778,7.7313778,7.7313778,7.736855551,7.733868863,7.746185138,03/11/2010,6.236143034,GPS
04/01/2024,7.733725491,7.733725491,7.731213285,7.739195388,7.732040722,7.749582413,03/12/2010,6.228531485,GPS
05/01/2024,7.736049159,7.736049159,7.733406759,7.741537383,7.73425822,7.752837507,03/13/2010,6.223347758,GPS
06/01/2024,7.738253414,7.738253414,7.735729696,7.744810038,7.736449754,7.756200489,03/14/2010,6.226825448,GPS
07/01/2024,7.740213267,7.740213267,7.737987223,7.747973728,7.738390393,7.759471842,03/15/2010,6.249364819,GPS
08/01/2024,7.742063283,7.742063283,7.740323897,7.751233843,7.740241239,7.762863067,03/16/2010,6.243557732,GPS
09/01/2024,7.743749641,7.743749641,7.742660371,7.754485419,7.741935015,7.766264796,03/17/2010,6.248511801,GPS
10/01/2024,7.745232221,7.745232221,7.744919298,7.757624372,7.743410685,7.769573095,03/18/2010,6.247068231,GPS
11/01/2024,7.74661382,7.74661382,7.747249753,7.760859988,7.744805191,7.773005059,03/19/2010,6.231943559,GPS
12/01/2024,7.747814349,7.747814349,7.749500568,7.763983535,7.74600382,7.77633896,03/20/2010,6.235027548,GPS
01/01/2025,7.748909772,7.748909772,7.751820508,7.767202195,7.747116928,7.779792658,03/21/2010,6.227350383,GPS
02/01/2025,7.749872244,7.749872244,7.754134532,7.770412041,7.74810085,7.783253582,03/22/2010,6.231615475,GPS
03/01/2025,7.750633437,7.750909624,7.756219311,7.773303671,7.748827745,7.786391193,03/23/2010,6.233616787,GPS
04/01/2025,7.751345093,7.752297723,7.75852102,7.776495959,7.749554713,7.789866964,03/24/2010,6.229417312,GPS
05/01/2025,7.751914668,7.753653417,7.760741983,7.779576244,7.750123823,7.793237287,03/25/2010,6.224561669,GPS
06/01/2025,7.752381573,7.755058647,7.763030192,7.782749733,7.750610344,7.796725103,03/26/2010,6.223150908,GPS
07/01/2025,7.752719061,7.756419587,7.765239581,7.785811814,7.750951771,7.800107347,03/27/2010,6.242475055,GPS
08/01/2025,7.752946938,7.757825067,7.767519543,7.788966277,7.751202965,7.803611645,03/28/2010,6.235224399,GPS
09/01/2025,7.753062444,7.75922824,7.76979484,7.792110804,7.751344766,7.807134818,03/29/2010,6.241786079,GPS
10/01/2025,7.753067817,7.760583196,7.771992044,7.795144527,7.751360066,7.810559565,03/30/2010,6.187324135,GPS
11/01/2025,7.752967086,7.761979522,7.774257215,7.798269255,7.751286478,7.814110699,03/31/2010,6.211339884,GPS
12/01/2025,7.752776729,7.763327259,7.776444598,7.801284887,7.751102415,7.817562698,04/01/2010,6.231254582,GPS
01/01/2026,7.752728745,7.764716802,7.778699804,7.804392467,7.750855949,7.821141454,04/02/2010,6.225841196,GPS
02/01/2026,7.753034695,7.766104856,7.780950227,7.807490658,7.750544514,7.824732009,04/03/2010,6.22433201,GPS
03/01/2026,7.753343159,7.767356725,7.782982648,7.810281604,7.750155243,7.827990521,04/04/2010,6.231681092,GPS
04/01/2026,7.753705149,7.76873976,7.78523056,7.81336471,7.749719226,7.831604276,04/05/2010,6.213570855,GPS
05/01/2026,7.754068035,7.770075197,7.787403149,7.81634451,7.749232812,7.835112597,04/06/2010,6.234469806,GPS
06/01/2026,7.754452432,7.771452007,7.789644991,7.819419451,7.748697363,7.838746124,04/07/2010,6.234502614,GPS
07/01/2026,7.754830362,7.772781016,7.791811073,7.822392664,7.748114514,7.842272763,04/08/2010,6.236110226,GPS
08/01/2026,7.755225812,7.774151136,7.794045994,7.825461784,7.74748181,7.845924573,04/09/2010,6.231385816,GPS
09/01/2026,7.755624215,7.775517431,7.796276749,7.828526445,7.746803,7.849584578,04/10/2010,6.218557732,GPS
10/01/2026,7.756012258,7.77683665,7.798432092,7.831488298,7.746084173,7.853136069,04/11/2010,6.237816262,GPS
11/01/2026,7.756414542,7.778197305,7.800654878,7.834543785,7.745313089,7.856812447,04/12/2010,6.219115474,GPS
12/01/2026,7.756804481,7.779513788,7.80280165,7.837495602,7.744510676,7.860379164,04/13/2010,6.239194215,GPS
01/01/2027,7.757208118,7.780872651,7.805015711,7.840540567,7.743660756,7.864070862,04/14/2010,6.250841197,GPS
02/01/2027,7.757611577,7.782229163,7.807224849,7.843579475,7.742776024,7.86776891,04/15/2010,6.239227024,GPS
03/01/2027,7.757975924,7.783452592,7.809216363,7.846319447,7.741903591,7.871120498,04/16/2010,6.250841197,GPS
04/01/2027,7.758379118,7.784804846,7.811416591,7.84934703,7.740976963,7.874833723,04/17/2010,6.238964556,GPS
05/01/2027,7.758768847,7.786111129,7.813541295,7.85227112,7.740049145,7.878434898,04/18/2010,6.226891065,GPS
06/01/2027,7.759170597,7.787457985,7.815731548,7.855285953,7.739095074,7.882160924,04/19/2010,6.23007348,GPS
07/01/2027,7.759558813,7.788758933,7.817846552,7.858197505,7.73814178,7.885775865,04/20/2010,6.217475054,GPS
08/01/2027,7.759958825,7.790100092,7.820026658,7.86119912,7.737636814,7.889516709,04/21/2010,6.215440934,GPS
09/01/2027,7.760358261,7.791438653,7.822201946,7.86419431,7.737351665,7.893264467,04/22/2010,6.222658782,GPS
10/01/2027,7.760743464,7.792730796,7.824301773,7.867086023,7.737134892,7.896899007,04/23/2010,6.222101039,GPS
11/01/2027,7.761140536,7.794062982,7.826466384,7.870067202,7.736954881,7.900659771,04/24/2010,6.22331495,GPS
12/01/2027,7.761523764,7.795349217,7.828556168,7.872945571,7.736811894,7.90430831,04/25/2010,6.233780829,GPS
01/01/2028,7.761918549,7.796675013,7.830710142,7.875912619,7.736689915,7.908085045,04/26/2010,6.247560357,GPS
02/01/2028,7.762312473,7.79799783,7.832859,7.878872753,7.736588786,7.911869244,04/27/2010,6.221608913,GPS
03/01/2028,7.762679655,7.79923211,7.834864169,7.881635238,7.736508965,7.915418821,04/28/2010,6.233846446,GPS
04/01/2028,7.763071131,7.800548321,7.83700231,7.884581057,7.736437546,7.919216956,04/29/2010,6.219148283,GPS
05/01/2028,7.763448922,7.801818978,7.839066408,7.88742502,7.73637916,7.922900229,04/30/2010,6.221707338,GPS
06/01/2028,7.763838127,7.803128635,7.841193865,7.890356475,7.736328346,7.926711212,05/01/2010,6.234535422,GPS
07/01/2028,7.76421359,7.804392804,7.8432475,7.893186404,7.73628645,7.930406398,05/02/2010,6.219673217,GPS
08/01/2028,7.764600412,7.805695747,7.845364144,7.896103315,7.736249805,7.934235009,05/03/2010,6.235257207,GPS
09/01/2028,7.764986035,7.806995266,7.847475291,7.899012819,7.736218795,7.938077641,05/04/2010,6.232599727,GPS
10/01/2028,7.76535796,7.808249518,7.849513052,7.901821378,7.73619309,7.941809464,05/05/2010,6.235716525,GPS
11/01/2028,7.765741086,7.80954213,7.851613227,7.904716108,7.736170391,7.945675334,05/06/2010,6.239194215,GPS
12/01/2028,7.766110661,7.810789731,7.85364041,7.907510383,7.736151604,7.94942809,05/07/2010,6.2360118,GPS
01/01/2029,7.766491996,7.812075272,7.855729462,7.910390133,7.736134863,7.953314238,05/08/2010,6.247822824,GPS
02/01/2029,7.766873769,7.813357524,7.857813176,7.913262592,7.736120668,7.957209828,05/09/2010,6.243754583,GPS
03/01/2029,7.767218688,7.814512592,7.859690476,7.915850695,7.736109373,7.96074148,05/10/2010,6.243459307,GPS
04/01/2029,7.767600296,7.815787801,7.86176325,7.918708429,7.736098534,7.964655432,05/11/2010,6.227251958,GPS
05/01/2029,7.767969237,7.817018473,7.86376384,7.921466778,7.736089378,7.968452435,05/12/2010,6.238439622,GPS
06/01/2029,7.768350253,7.818286756,7.865825666,7.924309627,7.736081305,7.972382548,05/13/2010,6.236339884,GPS
07/01/2029,7.768718313,7.819510517,7.867815464,7.927053361,7.736074517,7.976194431,05/14/2010,6.252153533,GPS
08/01/2029,7.769098357,7.820771679,7.869866161,7.929881116,7.736068359,7.980139426,05/15/2010,6.238570856,GPS
09/01/2029,7.769477888,7.822029262,7.871911254,7.93270127,7.736063238,7.984091277,05/16/2010,6.240506551,GPS
10/01/2029,7.769844841,7.823243108,7.873885317,7.93542354,7.73605916,7.987924329,05/17/2010,6.226398939,GPS
11/01/2029,7.770223108,7.824493504,7.875919252,7.938228609,7.736055195,7.99189197,05/18/2010,6.244377942,GPS
12/01/2029,7.770588618,7.825700211,7.877882329,7.940936048,7.73605173,7.995747538,05/19/2010,6.251038048,GPS
01/01/2030,7.77096576,7.82694363,7.879905311,7.943726191,7.736048714,7.999743261,05/20/2010,6.234305764,GPS
02/01/2030,7.771342389,7.828183606,7.881922846,7.946508897,7.736046286,8.003751165,05/21/2010,6.243164032,GPS
03/01/2030,7.771681854,7.829300501,7.883740418,7.949015956,7.736044389,8.007386651,05/22/2010,6.232206026,GPS
04/01/2030,7.772057162,7.830533648,7.885747313,7.951784216,7.736042518,8.011419238,05/23/2010,6.236799202,GPS
05/01/2030,7.772419705,7.83172368,7.887684266,7.954456115,7.73604112,8.015338734,05/24/2010,6.251956683,GPS
06/01/2030,7.772793402,7.832949602,7.889680013,7.957209295,7.736039733,8.019400821,05/25/2010,6.2766286,GPS
07/01/2030,7.773154333,7.834132611,7.891606142,7.959866535,7.736038369,8.023345642,05/26/2010,6.245329386,GPS
08/01/2030,7.77352684,7.835351782,7.893591217,7.962605125,7.736037442,8.027432726,05/27/2010,6.237553795,GPS
09/01/2030,7.77389846,7.836567281,7.895570643,7.965336221,7.736036554,8.031530602,05/28/2010,6.252514426,GPS
10/01/2030,7.774257122,7.837739997,7.897480786,7.967972029,7.73603572,8.035507848,05/29/2010,6.242475055,GPS
11/01/2030,7.774627067,7.838948353,7.899449166,7.970688364,7.736034827,8.039626405,05/30/2010,6.255729649,GPS
12/01/2030,7.774984121,7.840114185,7.901348651,7.973309864,7.736033959,8.043622789,05/31/2010,6.244902877,GPS
01/01/2031,7.775352407,7.841315454,7.903306049,7.976011419,7.73603332,8.047760758,06/01/2010,6.257271644,GPS
02/01/2031,7.775719849,7.842513145,7.905257903,7.978705495,7.736032714,8.051907771,06/02/2010,6.232435685,GPS
03/01/2031,7.776051012,7.843591988,7.907016318,7.981132723,7.736032163,8.055667001,06/03/2010,6.239161407,GPS
04/01/2031,7.776417042,7.8447831,7.908957857,7.983812817,7.736031743,8.059833543,06/04/2010,6.250414688,GPS
05/01/2031,7.776770498,7.845932513,7.910831663,7.986399567,7.736031608,8.063875412,06/05/2010,6.25776377,GPS
06/01/2031,7.777134737,7.847116573,7.912762312,7.989064999,7.736031396,8.068058182,06/06/2010,6.254351696,GPS
07/01/2031,7.777486487,7.848259202,7.914625624,7.991637585,7.73603112,8.072115439,06/07/2010,6.257632536,GPS
08/01/2031,7.777849021,7.849436324,7.916545508,7.99428845,7.736030867,8.076313905,06/08/2010,6.233485554,GPS
09/01/2031,7.778210766,7.850610009,7.918460011,7.996931993,7.736030656,8.080519896,06/09/2010,6.246313638,GPS
10/01/2031,7.778559948,7.851742479,7.920307589,7.99948329,7.736030445,8.084599756,06/10/2010,6.233190278,GPS
11/01/2031,7.778919773,7.852909077,7.922211196,8.00211213,7.736030065,8.088821388,06/11/2010,6.259469806,GPS
12/01/2031,7.779267216,7.854034814,7.924048357,8.004649308,7.736029644,8.092915587,06/12/2010,6.239916,GPS
01/01/2032,7.779625427,7.855194653,7.925941971,8.007263764,7.736029377,8.097151687,06/13/2010,6.252678468,GPS
02/01/2032,7.779982722,7.85635098,7.92783209,8.00987086,7.736029154,8.101394309,06/14/2010,6.247068231,GPS
03/01/2032,7.780316292,7.857429769,7.929598239,8.012303456,7.736029025,8.105373225,06/15/2010,6.249036735,GPS
04/01/2032,7.780671764,7.858579291,7.931482695,8.01489639,7.73602877,8.109629999,06/16/2010,6.225808388,GPS
05/01/2032,7.781015357,7.859688918,7.933303496,8.017399509,7.736028715,8.113757476,06/17/2010,6.247133848,GPS
06/01/2032,7.781369543,7.860832837,7.935181377,8.019979167,7.736029161,8.11802719,06/18/2010,6.235913375,GPS
07/01/2032,7.781710991,7.861937246,7.936994664,8.022468571,7.736029143,8.122166449,06/19/2010,6.248839885,GPS
08/01/2032,7.782063418,7.86307709,7.938864966,8.025034408,7.736029048,8.126448428,06/20/2010,6.253400252,GPS
09/01/2032,7.782414655,7.86421496,7.940730972,8.027592906,7.736029231,8.130731662,06/21/2010,6.268557733,GPS
10/01/2032,7.782753935,7.865314402,7.942533156,8.030063531,7.73602929,8.134871918,06/22/2010,6.257501302,GPS
11/01/2032,7.7831036,7.866448308,7.944391212,8.032612036,7.736029581,8.139164788,06/23/2010,6.251038048,GPS
12/01/2032,7.783440979,7.86754339,7.94618521,8.035074689,7.736029517,8.143336818,06/24/2010,6.260880568,GPS
01/01/2033,7.783788679,7.868672666,7.948034703,8.037614957,7.736029372,8.147663508,06/25/2010,6.23643831,GPS
02/01/2033,7.784135799,7.86979992,7.949880182,8.040150816,7.73602955,8.15200453,06/26/2010,6.234633848,GPS
03/01/2033,7.784448802,7.870816362,7.95154373,8.042437496,7.736030004,8.155940761,06/27/2010,6.229975055,GPS
04/01/2033,7.784793924,7.871938796,7.953380636,8.044963592,7.736029912,8.160309148,06/28/2010,6.228990803,GPS
05/01/2033,7.785126823,7.873022469,7.955153875,8.047402964,7.736029441,8.16454841,06/29/2010,6.243295265,GPS
06/01/2033,7.785470316,7.87414016,7.956982148,8.049918628,7.736029464,8.168939585,06/30/2010,6.245230961,GPS
07/01/2033,7.785801879,7.875219437,7.958747282,8.052348,7.736029575,8.17320266,07/01/2010,6.244902877,GPS
08/01/2033,7.786143495,7.876332065,7.960568279,8.054852695,7.736029509,8.177618853,07/02/2010,6.268721775,GPS
09/01/2033,7.786484226,7.87744213,7.962385708,8.057351676,7.736029427,8.182045399,07/03/2010,6.219082666,GPS
10/01/2033,7.786812884,7.878513723,7.964142344,8.059764404,7.736029055,8.186340081,07/04/2010,6.246871381,GPS
11/01/2033,7.787151861,7.879618675,7.965954985,8.062251964,7.736029018,8.190786866,07/05/2010,6.243360882,GPS
12/01/2033,7.787478947,7.880685404,7.967706277,8.064653646,7.736028849,8.195100121,07/06/2010,6.247166656,GPS
01/01/2034,7.787816156,7.881785172,7.96951301,8.067129612,7.736028592,8.199565483,07/07/2010,6.251038048,GPS
02/01/2034,7.788152713,7.882882532,7.971316828,8.069599894,7.736028698,8.204039219,07/08/2010,6.263636473,GPS
03/01/2034,7.788455958,7.883871522,7.972943435,8.071826258,7.736029018,8.208091021,07/09/2010,6.256713901,GPS
04/01/2034,7.788790845,7.884963862,7.974741053,8.074285247,7.736029323,8.212583148,07/10/2010,6.24913516,GPS
05/01/2034,7.789114284,7.886018659,7.976477706,8.076659514,7.736029838,8.216939015,07/11/2010,6.224200776,GPS
06/01/2034,7.789447236,7.887105553,7.978268379,8.079106468,7.736030179,8.221446363,07/12/2010,6.236799202,GPS
07/01/2034,7.789768835,7.888156001,7.979998181,8.081469015,7.736030403,8.225816528,07/13/2010,6.241097102,GPS
08/01/2034,7.790099994,7.889239118,7.981781775,8.083903921,7.736030613,8.230338383,07/14/2010,6.255007864,GPS
09/01/2034,7.790430583,7.890321384,7.983562086,8.08633309,7.736030818,8.234867205,07/15/2010,6.264620725,GPS
10/01/2034,7.790749507,7.891366985,7.98528141,8.088678045,7.736030847,8.239257446,07/16/2010,6.268459308,GPS
11/01/2034,7.791078245,7.892445671,7.987054404,8.091095085,7.736031015,8.243799645,07/17/2010,6.278597104,GPS
12/01/2034,7.791395571,7.893487799,7.988766745,8.093428479,7.736031195,8.248202814,07/18/2010,6.278400253,GPS
01/01/2035,7.791722155,7.894562222,7.990531917,8.095833011,7.736030918,8.252757695,07/19/2010,6.256648284,GPS
02/01/2035,7.7920483,7.895634997,7.992293654,8.098231748,7.736031072,8.257318373,07/20/2010,6.285093167,GPS
03/01/2035,7.792342402,7.896602484,7.99388202,8.10039361,7.73603145,8.261447264,07/21/2010,6.282041986,GPS
04/01/2035,7.792666807,7.897671182,7.995636408,8.102780686,7.736031459,8.266013861,07/22/2010,6.27620209,GPS
05/01/2035,7.792979893,7.898703321,7.997330509,8.105084946,7.736031495,8.270448865,07/23/2010,6.267442248,GPS
06/01/2035,7.793302547,7.89976766,7.99907719,8.107459912,7.736031406,8.27502936,07/24/2010,6.26924671,GPS
07/01/2035,7.793614057,7.900795635,8.000763911,8.109752581,7.736031441,8.279477327,07/25/2010,6.255762457,GPS
08/01/2035,7.793934943,7.901855466,8.002502774,8.112115407,7.736031388,8.284086854,07/26/2010,6.270362195,GPS
09/01/2035,7.794255158,7.902913192,8.004237868,8.114472307,7.736031354,8.288689577,07/27/2010,6.274200778,GPS
10/01/2035,7.794564171,7.90393457,8.005913214,8.116747399,7.736031446,8.2931515,07/28/2010,6.260027549,GPS
11/01/2035,7.79488237,7.904987396,8.007640148,8.119091928,7.736031229,8.297772014,07/29/2010,6.254220462,GPS
12/01/2035,7.795189898,7.906004441,8.009308009,8.121355485,7.736031134,8.302253368,07/30/2010,6.28401049,GPS
01/01/2036,7.79550692,7.907053112,8.011027548,8.123688483,7.736031623,8.30689266,07/31/2010,6.276530174,GPS
02/01/2036,7.795822994,7.908099317,8.012742993,8.126015326,7.736031777,8.311626093,08/01/2010,6.281090542,GPS
03/01/2036,7.796118059,7.909076073,8.014344393,8.128186897,7.736032181,8.316001134,08/02/2010,6.270788704,GPS
04/01/2036,7.796432495,7.910117659,8.016052071,8.130502018,7.736032659,8.320693579,08/03/2010,6.280204715,GPS
05/01/2036,7.796735863,7.911123244,8.017700739,8.132736619,7.736032866,8.325250831,08/04/2010,6.269837261,GPS
06/01/2036,7.79704807,7.912159476,8.019399852,8.13503914,7.736032434,8.329973341,08/05/2010,6.263341198,GPS
07/01/2036,7.797349589,7.913160133,8.021040474,8.137261787,7.736032263,8.334557582,08/06/2010,6.279220463,GPS
08/01/2036,7.797660507,7.91419187,8.022731887,8.139552618,7.73603208,8.339306627,08/07/2010,6.256910751,GPS
09/01/2036,7.797970522,7.915221078,8.024419155,8.141837303,7.736032054,8.344067201,08/08/2010,6.240473743,GPS
10/01/2036,7.798269611,7.91621464,8.026048044,8.144042489,7.736031769,8.348686329,08/09/2010,6.269148284,GPS
11/01/2036,7.798577974,7.91723899,8.02772729,8.14631528,7.736031464,8.353469361,08/10/2010,6.272691592,GPS
12/01/2036,7.798875912,7.9182283,8.029348881,8.148509476,7.73603164,8.358109492,08/11/2010,6.270296578,GPS
01/01/2037,7.799182635,7.919247822,8.031020173,8.150770539,7.736031516,8.362913121,08/12/2010,6.275545922,GPS
02/01/2037,7.799488461,7.920264808,8.032687331,8.153025545,7.736031189,8.367725678,08/13/2010,6.25284251,GPS
03/01/2037,7.799763999,7.921181329,8.034189795,8.155057396,7.736030831,8.372084412,08/14/2010,6.266884505,GPS
04/01/2037,7.800068421,7.922193739,8.035849327,8.157301115,7.736030686,8.376916693,08/15/2010,6.278367445,GPS
05/01/2037,7.800362104,7.923171001,8.037451338,8.159466668,7.73603063,8.381601924,08/16/2010,6.271412064,GPS
06/01/2037,7.800664997,7.924178581,8.0391029,8.161698669,7.736030636,8.386450495,08/17/2010,6.275972432,GPS
07/01/2037,7.800957405,7.925151374,8.04069741,8.163853122,7.73603098,8.391151066,08/18/2010,6.265211276,GPS
08/01/2037,7.801258484,7.926153849,8.042340748,8.166073205,7.73603088,8.396014859,08/19/2010,6.262488179,GPS
09/01/2037,7.80155887,7.92715396,8.043980146,8.168287494,7.736030837,8.400885518,08/20/2010,6.258452746,GPS
10/01/2037,7.801848754,7.928119431,8.045562803,8.17042477,7.736030881,8.405606934,08/21/2010,6.262652221,GPS
11/01/2037,7.802147474,7.929114585,8.047194147,8.17262739,7.736030821,8.410491694,08/22/2010,6.253006552,GPS
12/01/2037,7.802435759,7.930075274,8.048769033,8.174753412,7.736030705,8.415226408,08/23/2010,6.283682406,GPS
01/01/2038,7.802732784,7.931065436,8.050392294,8.176944361,7.736030485,8.420127149,08/24/2010,6.266261145,GPS
02/01/2038,7.803029226,7.932053332,8.052011721,8.179129666,7.736030431,8.425036777,08/25/2010,6.26534251,GPS
03/01/2038,7.803296085,7.93294336,8.053470884,8.181098464,7.736030397,8.429482744,08/26/2010,6.26964041,GPS
04/01/2038,7.803590741,7.933926263,8.055082336,8.183272354,7.736030066,8.434410796,08/27/2010,6.254187654,GPS
05/01/2038,7.803875115,7.934875111,8.056637999,8.185370641,7.736029679,8.439188118,08/28/2010,6.246936998,GPS
06/01/2038,7.804168712,7.935853657,8.058242038,8.187533641,7.736029857,8.44413101,08/29/2010,6.253006552,GPS
07/01/2038,7.804451938,7.936798188,8.05979044,8.189621914,7.736030022,8.448922039,08/30/2010,6.268853009,GPS
08/01/2038,7.804743692,7.937771633,8.06138634,8.191775276,7.736030203,8.453878277,08/31/2010,6.257107602,GPS
09/01/2038,7.805034895,7.938742861,8.062978483,8.193924147,7.736030499,8.45884039,09/01/2010,6.265801828,GPS
10/01/2038,7.805315794,7.939680294,8.064515356,8.196000375,7.736030893,8.463649344,09/02/2010,6.255106289,GPS
11/01/2038,7.805605143,7.940646405,8.066099355,8.198141892,7.736030896,8.468623621,09/03/2010,6.267540673,GPS
12/01/2038,7.805884465,7.941579087,8.067628546,8.200210598,7.73603086,8.473443931,09/04/2010,6.259633848,GPS
01/01/2039,7.806172148,7.942540231,8.069204533,8.202343922,7.736030746,8.478429273,09/05/2010,6.238209963,GPS
02/01/2039,7.806459263,7.943499122,8.07077673,8.204473203,7.736030653,8.483433032,09/06/2010,6.244345134,GPS
03/01/2039,7.806718097,7.944363358,8.072193667,8.206393044,7.73603095,8.487976899,09/07/2010,6.246641722,GPS
04/01/2039,7.807003517,7.94531738,8.073758078,8.208513803,7.736031044,8.493024655,09/08/2010,6.265703402,GPS
05/01/2039,7.807279493,7.946238834,8.075268807,8.210562506,7.736031277,8.497927634,09/09/2010,6.280598416,GPS
06/01/2039,7.807563384,7.947188069,8.076825437,8.212674461,7.736031144,8.503007982,09/10/2010,6.273052484,GPS
07/01/2039,7.807837523,7.948104532,8.078328276,8.214714134,7.736030904,8.507939179,09/11/2010,6.26389894,GPS
08/01/2039,7.808120144,7.949049237,8.079877391,8.216817322,7.7360309,8.513046562,09/12/2010,6.25815747,GPS
09/01/2039,7.808402121,7.949991656,8.08142271,8.218916004,7.736031146,8.51816519,09/13/2010,6.280532799,GPS
10/01/2039,7.808674031,7.950901156,8.082914239,8.220942303,7.736031314,8.523190979,09/14/2010,6.282927812,GPS
11/01/2039,7.808954315,7.951838634,8.084451639,8.2230315,7.736031219,8.528327472,09/15/2010,6.274233586,GPS
12/01/2039,7.809224841,7.952743614,8.08593578,8.225048846,7.736031199,8.533308841,09/16/2010,6.269345135,GPS
01/01/2040,7.809503773,7.953676527,8.087465671,8.22712889,7.736031323,8.538464674,09/17/2010,6.268918626,GPS
02/01/2040,7.809781802,7.954606921,8.08899155,8.229204036,7.736031275,8.54362936,09/18/2010,6.263013114,GPS
03/01/2040,7.810041112,7.955475076,8.090415458,8.231140943,7.736031055,8.54847892,09/19/2010,6.268098416,GPS
04/01/2040,7.810317358,7.956400495,8.09193344,8.233206285,7.736030495,8.553754923,09/20/2010,6.238931748,GPS
05/01/2040,7.810584302,7.957294112,8.093399093,8.235200694,7.736030503,8.558792885,09/21/2010,6.248511801,GPS
06/01/2040,7.810859428,7.958215172,8.094909774,8.237256768,7.736030516,8.564008736,09/22/2010,6.240572168,GPS
07/01/2040,7.811124704,7.959104017,8.096367824,8.23924164,7.736030308,8.569066739,09/23/2010,6.25960104,GPS
08/01/2040,7.811398421,7.960020466,8.09787097,8.241288152,7.736030086,8.574301551,09/24/2010,6.270952746,GPS
09/01/2040,7.811671386,7.960934559,8.099370291,8.243329821,7.736030185,8.57954433,09/25/2010,6.278400253,GPS
10/01/2040,7.811934772,7.961816867,8.100817553,8.2453009,7.736030289,8.584626577,09/26/2010,6.264784767,GPS
11/01/2040,7.812206067,7.96272606,8.102309029,8.247332498,7.736030173,8.589884088,09/27/2010,6.258715213,GPS
12/01/2040,7.812468189,7.963603971,8.103749055,8.249294187,7.736030334,8.594980516,09/28/2010,6.250250646,GPS
01/01/2041,7.812737873,7.964508362,8.105232833,8.251315903,7.73603026,8.600252458,09/29/2010,6.254515738,GPS
02/01/2041,7.81300709,7.965410662,8.106713043,8.253332919,7.736029996,8.60553034,09/30/2010,6.241064294,GPS
03/01/2041,7.813250235,7.966223892,8.10804706,8.255150878,7.736030203,8.610308346,10/01/2010,6.256221775,GPS
04/01/2041,7.813519169,7.967121958,8.10952025,8.257158726,7.73603065,8.615602062,10/02/2010,6.248347759,GPS
05/01/2041,7.813778954,7.967988796,8.110942291,8.259097091,7.736030821,8.620731825,10/03/2010,6.27108398,GPS
06/01/2041,7.814046525,7.968881796,8.112407543,8.261094726,7.736030539,8.626036978,10/04/2010,6.238439622,GPS
07/01/2041,7.814305757,7.969744073,8.11382225,8.263023557,7.736030278,8.631177797,10/05/2010,6.259699465,GPS
08/01/2041,7.814573732,7.970632955,8.115280527,8.265011942,7.736030506,8.636495226,10/06/2010,6.273610227,GPS
09/01/2041,7.814841262,7.971519312,8.116734843,8.266995215,7.736030629,8.64181813,10/07/2010,6.276366132,GPS
10/01/2041,7.815099849,7.972374845,8.118138663,8.268909834,7.736030398,8.646976225,10/08/2010,6.282993429,GPS
11/01/2041,7.81536715,7.97325698,8.119585933,8.270883794,7.736030473,8.652311038,10/09/2010,6.27498818,GPS
12/01/2041,7.815625355,7.974108334,8.120982848,8.272789309,7.736030492,8.657480077,10/10/2010,6.261077418,GPS
01/01/2042,7.815892003,7.974985937,8.122422764,8.274753605,7.736030619,8.662825475,10/11/2010,6.254089229,GPS
02/01/2042,7.816158138,7.975861083,8.123858782,8.27671279,7.736030797,8.668174864,10/12/2010,6.272297891,GPS
03/01/2042,7.816398581,7.976650036,8.125153177,8.278478794,7.73603114,8.673016638,10/13/2010,6.271149597,GPS
04/01/2042,7.81666442,7.97752129,8.126582623,8.280429246,7.736031509,8.678379819,10/14/2010,6.273052484,GPS
05/01/2042,7.816921269,7.978362279,8.127962469,8.282312189,7.736031789,8.683575553,10/15/2010,6.245690278,GPS
06/01/2042,7.817186043,7.979228805,8.129384392,8.284252765,7.736032059,8.688947384,10/16/2010,6.250545922,GPS
07/01/2042,7.81744204,7.980065408,8.130757146,8.286126312,7.736032212,8.694151471,10/17/2010,6.259830699,GPS
08/01/2042,7.817706177,7.980927676,8.132172026,8.288057486,7.736032536,8.699532077,10/18/2010,6.275152222,GPS
09/01/2042,7.817969821,7.981787653,8.133583218,8.289983799,7.736032736,8.704916343,10/19/2010,6.25385957,GPS
10/01/2042,7.818224252,7.982617488,8.13494516,8.291843078,7.736032544,8.710131731,10/20/2010,6.275906815,GPS
11/01/2042,7.818486996,7.983473011,8.136349111,8.29375972,7.736032622,8.715523815,10/21/2010,6.24464041,GPS
12/01/2042,7.818740911,7.984298911,8.137704436,8.295610056,7.736032835,8.720747108,10/22/2010,6.236307076,GPS
01/01/2043,7.819003003,7.985150282,8.139101473,8.297517389,7.736033316,8.72614711,10/23/2010,6.239194215,GPS
02/01/2043,7.819264449,7.985999259,8.140494728,8.299419737,7.736033419,8.731550273,10/24/2010,6.272232274,GPS
03/01/2043,7.819500203,7.986764266,8.141750206,8.301134049,7.736033625,8.736439107,10/25/2010,6.2520223,GPS
04/01/2043,7.819760848,7.987609139,8.143136712,8.303027349,7.736033909,8.741853083,10/26/2010,6.239489491,GPS
05/01/2043,7.820012538,7.98842461,8.144475053,8.304855014,7.736034169,8.747097198,10/27/2010,6.261897628,GPS
06/01/2043,7.820272039,7.989264974,8.145854332,8.306738711,7.736034222,8.752518169,10/28/2010,6.269804452,GPS
07/01/2043,7.820522722,7.990076196,8.147185796,8.3085572,7.736034137,8.757840602,10/29/2010,6.260749334,GPS
08/01/2043,7.82078114,7.990912143,8.148557948,8.310431381,7.736033951,8.763265747,10/30/2010,6.266753271,GPS
09/01/2043,7.82103931,7.991746154,8.149926785,8.312301038,7.73603387,8.768694201,10/31/2010,6.279187655,GPS
10/01/2043,7.821288653,7.992551207,8.15124814,8.314105949,7.736033965,8.773959386,11/01/2010,6.269345135,GPS
11/01/2043,7.821545788,7.993380914,8.15260999,8.315966259,7.73603403,8.779493113,11/02/2010,6.284797891,GPS
12/01/2043,7.821794182,7.99418186,8.153924636,8.317762156,7.736034094,8.784774332,11/03/2010,6.272757208,GPS
01/01/2044,7.822050522,7.995007536,8.155279785,8.319613428,7.73603436,8.790238827,11/04/2010,6.269804452,GPS
02/01/2044,7.822305713,7.995830436,8.156630803,8.321459337,7.736033864,8.795709112,11/05/2010,6.25139894,GPS
03/01/2044,7.822544614,7.996598984,8.157892208,8.323182669,7.736034036,8.800836853,11/06/2010,6.251497365,GPS
04/01/2044,7.822799443,7.997418364,8.159237082,8.325020114,7.736034467,8.806323041,11/07/2010,6.258124662,GPS
05/01/2044,7.823045087,7.998208853,8.16053486,8.326793455,7.736034117,8.811639626,11/08/2010,6.25159579,GPS
06/01/2044,7.823298764,7.999023927,8.161872789,8.328621611,7.736034123,8.817138019,11/09/2010,6.243032798,GPS
07/01/2044,7.823543745,7.99981072,8.163164329,8.330386484,7.736034114,8.822465991,11/10/2010,6.246740147,GPS
08/01/2044,7.823796322,8.000621575,8.164495413,8.332205461,7.736034104,8.827974967,11/11/2010,6.265670594,GPS
09/01/2044,7.824048517,8.001430466,8.165823199,8.334019953,7.736034064,8.833488182,11/12/2010,6.283518364,GPS
10/01/2044,7.824292179,8.0022114,8.167105051,8.335771719,7.736034232,8.838829717,11/13/2010,6.283026238,GPS
11/01/2044,7.824542942,8.003015769,8.168425693,8.337576693,7.736033987,8.844351733,11/14/2010,6.25569684,GPS
12/01/2044,7.824785618,8.003792713,8.169701012,8.339319611,7.736034142,8.849701552,11/15/2010,6.237750646,GPS
01/01/2045,7.825035623,8.004593236,8.171015199,8.341115774,7.736034311,8.855233945,11/16/2010,6.2442139,GPS
02/01/2045,7.825285062,8.005391637,8.172325942,8.342907296,7.73603416,8.860770496,11/17/2010,6.257566919,GPS
03/01/2045,7.825510176,8.006111316,8.173507302,8.344521928,7.736034259,8.865781,11/18/2010,6.259863507,GPS
04/01/2045,7.825758935,8.006906097,8.174811923,8.346305079,7.73603467,8.871330439,11/19/2010,6.242803139,GPS
05/01/2045,7.825999009,8.00767315,8.176071147,8.348026288,7.736034975,8.876713941,11/20/2010,6.248905502,GPS
06/01/2045,7.826246213,8.008463365,8.177368623,8.349799928,7.736034785,8.882289773,11/21/2010,6.232074792,GPS
07/01/2045,7.826485347,8.009226564,8.178621503,8.351512529,7.736034635,8.887698379,11/22/2010,6.247954058,GPS
08/01/2045,7.826731789,8.010013038,8.179912687,8.353277595,7.736034595,8.893294864,11/23/2010,6.245952746,GPS
09/01/2045,7.826977824,8.01079759,8.181200646,8.355038246,7.736034704,8.89889792,11/24/2010,6.231024924,GPS
10/01/2045,7.827215378,8.011554875,8.182443882,8.356737807,7.736034936,8.90432809,11/25/2010,6.251923874,GPS
11/01/2045,7.827460403,8.012335468,8.183725343,8.358489666,7.736035181,8.909944272,11/26/2010,6.254286079,GPS
12/01/2045,7.827696803,8.013088769,8.184962152,8.360180596,7.736035108,8.915387683,11/27/2010,6.26596587,GPS
01/01/2046,7.82794067,8.013865265,8.186236978,8.361923485,7.73603508,8.921017212,11/28/2010,6.243328074,GPS
02/01/2046,7.828183686,8.014639412,8.187508157,8.363661503,7.736034837,8.92665086,11/29/2010,6.259929124,GPS
03/01/2046,7.828403368,8.015337594,8.188654217,8.365228265,7.73603528,8.931750319,11/30/2010,6.267146972,GPS
04/01/2046,7.828645565,8.016108095,8.189919317,8.366957976,7.736035219,8.937398096,12/01/2010,6.265473744,GPS
05/01/2046,7.828879315,8.016851733,8.191140404,8.36862759,7.736034962,8.942869307,12/02/2010,6.283321513,GPS
06/01/2046,7.829120298,8.017618125,8.192398884,8.370348359,7.736034557,8.948525311,12/03/2010,6.264292641,GPS
07/01/2046,7.829353373,8.01835827,8.193614042,8.372009783,7.736034545,8.954004125,12/04/2010,6.226956682,GPS
08/01/2046,7.829593438,8.019120861,8.194866226,8.373721959,7.736034424,8.95974983,12/05/2010,6.2356181,GPS
09/01/2046,7.829833483,8.019881991,8.196115694,8.375430307,7.73603484,8.965400672,12/06/2010,6.247625974,GPS
10/01/2046,7.830064794,8.020616263,8.197321396,8.377079048,7.736034723,8.970886216,12/07/2010,6.275677156,GPS
11/01/2046,7.830303241,8.021373005,8.19856403,8.378778339,7.736034568,8.976598548,12/08/2010,6.266917313,GPS
12/01/2046,7.83053338,8.022103369,8.199763426,8.38041855,7.736034104,8.982256218,12/09/2010,6.267343822,GPS
01/01/2047,7.830770803,8.022856243,8.200999704,8.382109159,7.736034026,8.988031064,12/10/2010,6.256681092,GPS
02/01/2047,7.83100774,8.023607205,8.202232828,8.383795474,7.736033872,8.993829312,12/11/2010,6.244607601,GPS
03/01/2047,7.83122151,8.024284095,8.203344207,8.385315259,7.736033985,8.999091979,12/12/2010,6.25960104,GPS
04/01/2047,7.831457619,8.025031552,8.204571478,8.386993597,7.736034228,9.00493298,12/13/2010,6.239883192,GPS
05/01/2047,7.831685618,8.025753096,8.205756209,8.388613793,7.736034449,9.010601325,12/14/2010,6.237816262,GPS
06/01/2047,7.83192095,8.026497034,8.206977547,8.390284012,7.736034922,9.016469733,12/15/2010,6.237061669,GPS
07/01/2047,7.832147929,8.027214924,8.208156294,8.391896119,7.73603538,9.022161326,12/16/2010,6.236405501,GPS
08/01/2047,7.832382109,8.027955002,8.209371374,8.393557909,7.736035658,9.028050909,12/17/2010,6.260454058,GPS
09/01/2047,7.832615486,8.028692911,8.210583072,8.39521521,7.736035808,9.033947936,12/18/2010,6.251005239,GPS
10/01/2047,7.832840985,8.029405384,8.211752914,8.396815252,7.736035769,9.039664646,12/19/2010,6.24339369,GPS
11/01/2047,7.83307355,8.030139788,8.212958718,8.398464492,7.736035982,9.045577309,12/20/2010,6.247986866,GPS
12/01/2047,7.833297959,8.030848574,8.214122566,8.400056433,7.736036093,9.051307555,12/21/2010,6.251005239,GPS
01/01/2048,7.833529621,8.031579407,8.215322429,8.401697585,7.73603635,9.057233578,12/22/2010,6.252251958,GPS
02/01/2048,7.833760741,8.032308354,8.216519209,8.403334564,7.736036612,9.06316397,12/23/2010,6.258912064,GPS
03/01/2048,7.833976136,8.032988287,8.217635743,8.404861933,7.736036657,9.068721725,12/24/2010,6.267245397,GPS
04/01/2048,7.834205978,8.033713342,8.218826296,8.406490523,7.736036462,9.074664714,12/25/2010,6.256418625,GPS
05/01/2048,7.834427934,8.034413262,8.219975571,8.408062648,7.736036437,9.08042207,12/26/2010,6.253301827,GPS
06/01/2048,7.834656809,8.035134685,8.221160131,8.409683052,7.736036449,9.086373723,12/27/2010,6.268853009,GPS
07/01/2048,7.83487778,8.035831053,8.222303574,8.411247228,7.736036511,9.092142083,12/28/2010,6.268328074,GPS
08/01/2048,7.835105383,8.03654855,8.223481848,8.412859122,7.736036364,9.098105812,12/29/2010,6.244902877,GPS
09/01/2048,7.835332576,8.037264285,8.224657167,8.414466941,7.736036097,9.104072901,12/30/2010,6.235519674,GPS
10/01/2048,7.835551784,8.037955019,8.225791544,8.416018812,7.736035806,9.109853473,12/31/2010,6.242967181,GPS
11/01/2048,7.835778162,8.038667299,8.226961069,8.417618655,7.736035706,9.115872622,01/01/2011,6.245526236,GPS
12/01/2048,7.835996524,8.039354645,8.228089806,8.419162783,7.736035823,9.12174024,01/02/2011,6.267114164,GPS
01/01/2049,7.836222018,8.040063433,8.229253523,8.420754671,7.736036019,9.128025721,01/03/2011,6.253826762,GPS
02/01/2049,7.836446893,8.040770308,8.230414172,8.422342441,7.736036455,9.134136762,01/04/2011,6.273150909,GPS
03/01/2049,7.836649365,8.041407069,8.231459836,8.423772988,7.736036589,9.139684043,01/05/2011,6.282796579,GPS
04/01/2049,7.836872952,8.042110152,8.232614456,8.425352616,7.736036435,9.145836527,01/06/2011,6.268721775,GPS
05/01/2049,7.837089202,8.042789212,8.233729403,8.426877881,7.736036571,9.15180557,01/07/2011,6.251530174,GPS
06/01/2049,7.837311953,8.043488926,8.234878389,8.428449821,7.736036544,9.157981322,01/08/2011,6.248019675,GPS
07/01/2049,7.837526954,8.044164279,8.235987428,8.429967124,7.736036483,9.163967628,01/09/2011,6.259699465,GPS
08/01/2049,7.837748584,8.044860314,8.237130447,8.431530945,7.736036384,9.170158488,01/10/2011,6.256484242,GPS
09/01/2049,7.837969621,8.045554466,8.238270431,8.433090649,7.736036146,9.176353827,01/11/2011,6.262028862,GPS
10/01/2049,7.838183436,8.046224927,8.239371269,8.434596688,7.7360362,9.182358336,01/12/2011,6.264948809,GPS
11/01/2049,7.838403873,8.046915954,8.240505869,8.436148923,7.736036738,9.188565528,01/13/2011,6.273446185,GPS
12/01/2049,7.838616777,8.047583072,8.241601183,8.437647406,7.736037088,9.194580043,01/14/2011,6.26471915,GPS
01/01/2050,7.838835994,8.048270392,8.242729845,8.439191645,7.73603707,9.20079738,01/15/2011,6.273938311,GPS
02/01/2050,7.839054752,8.048956008,8.243855684,8.440732052,7.736037109,9.207017896,01/16/2011,6.24956167,GPS
03/01/2050,7.839251819,8.049573729,8.244870097,8.442120044,7.736037081,9.212650541,01/17/2011,6.237553795,GPS
04/01/2050,7.839469222,8.050255593,8.24599002,8.443652494,7.736036594,9.218885247,01/18/2011,6.251169281,GPS
05/01/2050,7.839679354,8.050913993,8.247071266,8.445131919,7.736036491,9.224928236,01/19/2011,6.245132536,GPS
06/01/2050,7.839896325,8.051592906,8.248185996,8.446657057,7.736036721,9.231177814,01/20/2011,6.255237523,GPS
07/01/2050,7.840105746,8.052248207,8.249262009,8.448129271,7.73603717,9.237233756,01/21/2011,6.261536736,GPS
08/01/2050,7.840321061,8.052923019,8.250370433,8.449646027,7.73603686,9.243605224,01/22/2011,6.242901564,GPS
09/01/2050,7.84053639,8.05359657,8.251476463,8.451159315,7.736036991,9.249862358,01/23/2011,6.231779517,GPS
10/01/2050,7.840743966,8.054246418,8.252543789,8.452619764,7.736036785,9.256024673,01/24/2011,6.25960104,GPS
11/01/2050,7.840958433,8.05491667,8.253644341,8.454125555,7.736036828,9.262288205,01/25/2011,6.249233586,GPS
12/01/2050,7.841165283,8.055563475,8.254706541,8.45557899,7.736036749,9.268356433,01/26/2011,6.253761145,GPS
01/01/2051,7.84137878,8.056230371,8.255801578,8.457077289,7.736036895,9.275362449,01/27/2011,6.260454058,GPS
02/01/2051,7.841591676,8.056895466,8.256893723,8.458571706,7.736037167,9.281574027,01/28/2011,6.267475056,GPS
03/01/2051,7.84178344,8.057494668,8.257877742,8.459918203,7.736037263,9.287224267,01/29/2011,6.253761145,GPS
04/01/2051,7.841995281,8.058156385,8.258964411,8.461405171,7.7360372,9.293476111,01/30/2011,6.2442139,GPS
05/01/2051,7.842199772,8.058795091,8.260013325,8.462840478,7.736037113,9.299528373,01/31/2011,6.261963245,GPS
06/01/2051,7.842410781,8.059453584,8.261094619,8.464320058,7.736037182,9.305797293,02/01/2011,6.285060358,GPS
07/01/2051,7.842614335,8.060089076,8.262138264,8.465748211,7.736037201,9.311847564,02/02/2011,6.285125975,GPS
08/01/2051,7.842824123,8.060743999,8.263213855,8.467220106,7.736036971,9.318132605,02/03/2011,6.283813639,GPS
09/01/2051,7.843033522,8.061397336,8.264286784,8.468688338,7.736036744,9.324419486,02/04/2011,6.264817576,GPS
10/01/2051,7.843235682,8.062027995,8.265322484,8.47010564,7.736036625,9.330508689,02/05/2011,6.256910751,GPS
11/01/2051,7.843444161,8.062678065,8.266390021,8.471566496,7.736036541,9.336988632,02/06/2011,6.266031486,GPS
12/01/2051,7.843645223,8.063305355,8.267420299,8.472976438,7.736036328,9.343080637,02/07/2011,6.272396316,GPS
01/01/2052,7.843852739,8.063952122,8.268482417,8.47442989,7.736036041,9.349374949,02/08/2011,6.274824138,GPS
02/01/2052,7.844059495,8.064596931,8.269541495,8.475879252,7.736035732,9.355684965,02/09/2011,6.25120209,GPS
03/01/2052,7.844252695,8.065198875,8.270530043,8.477232027,7.736035686,9.361619185,02/10/2011,6.247855633,GPS
04/01/2052,7.844458789,8.065840717,8.271584082,8.478674405,7.736035737,9.367971286,02/11/2011,6.240080042,GPS
05/01/2052,7.844658235,8.066460757,8.272602038,8.480067274,7.736036331,9.374130528,02/12/2011,6.254187654,GPS
06/01/2052,7.84486362,8.067099616,8.273651034,8.481502719,7.736036562,9.380500528,02/13/2011,6.245099727,GPS
07/01/2052,7.845061853,8.067716274,8.274663628,8.482888418,7.736036899,9.386677042,02/14/2011,6.267015738,GPS
08/01/2052,7.845266293,8.068351928,8.275707357,8.484316695,7.736037273,9.393060388,02/15/2011,6.24503411,GPS
09/01/2052,7.845469737,8.06898542,8.276747864,8.485740723,7.736036962,9.399443914,02/16/2011,6.224102351,GPS
10/01/2052,7.845666522,8.069597293,8.277752647,8.487115755,7.736036983,9.405629519,02/17/2011,6.235421249,GPS
11/01/2052,7.845869421,8.070227986,8.278788318,8.488533082,7.736037097,9.412021732,02/18/2011,6.248774268,GPS
12/01/2052,7.846065352,8.070836849,8.27978812,8.48990133,7.736037286,9.418213608,02/19/2011,6.251858258,GPS
01/01/2053,7.846267311,8.071464372,8.280818585,8.491311565,7.736037448,9.424611082,02/20/2011,6.239587916,GPS
02/01/2053,7.846468565,8.072090055,8.281846176,8.492717953,7.736037339,9.431008041,02/21/2011,6.233912063,GPS
03/01/2053,7.846649983,8.072653892,8.282772173,8.493985279,7.736037059,9.436801792,02/22/2011,6.243164032,GPS
04/01/2053,7.846850487,8.073276655,8.283794872,8.495384923,7.736036897,9.443212273,02/23/2011,6.245559045,GPS
05/01/2053,7.847044167,8.073877916,8.284782208,8.49673615,7.736036941,9.449420073,02/24/2011,6.242507864,GPS
06/01/2053,7.847243653,8.074497455,8.285799677,8.498128701,7.736036846,9.455832514,02/25/2011,6.233682404,GPS
07/01/2053,7.847436571,8.075095816,8.286782165,8.499473264,7.736036917,9.462042253,02/26/2011,6.224660094,GPS
08/01/2053,7.847635125,8.075712219,8.287794487,8.500858782,7.73603676,9.468456775,02/27/2011,6.214128598,GPS
09/01/2053,7.84783341,8.076327237,8.28880441,8.502240964,7.736036647,9.474870513,02/28/2011,6.240998677,GPS
10/01/2053,7.848024725,8.076920792,8.289779173,8.503575056,7.736036683,9.481081501,03/01/2011,6.261175843,GPS
11/01/2053,7.848222119,8.07753271,8.290783987,8.504950219,7.736036739,9.487497676,03/02/2011,6.254220462,GPS
12/01/2053,7.848412765,8.078123483,8.291754051,8.506277831,7.736036953,9.493712625,03/03/2011,6.260749334,GPS
01/01/2054,7.848609215,8.078732318,8.292753829,8.507646178,7.736037059,9.500133307,03/04/2011,6.26471915,GPS
02/01/2054,7.848805102,8.079339498,8.293750949,8.509010923,7.736037005,9.506552408,03/05/2011,6.269049859,GPS
03/01/2054,7.848981632,8.079886623,8.294649462,8.510240716,7.736036822,9.512365859,03/06/2011,6.254384504,GPS
04/01/2054,7.84917674,8.08049093,8.2956418,8.511598883,7.736036759,9.518796643,03/07/2011,6.232140409,GPS
05/01/2054,7.849365259,8.081074448,8.296599918,8.512910211,7.73603694,9.525024751,03/08/2011,6.245690278,GPS
06/01/2054,7.849559547,8.081675824,8.297587392,8.514261743,7.736037053,9.531456707,03/09/2011,6.25694356,GPS
07/01/2054,7.849747007,8.08225624,8.29854053,8.515566348,7.736037006,9.537685414,03/10/2011,6.247790016,GPS
08/01/2054,7.849940532,8.082854744,8.299523197,8.516911291,7.736037087,9.544119146,03/11/2011,6.234765081,GPS
09/01/2054,7.850133521,8.083451644,8.300503278,8.518252729,7.736037402,9.550551024,03/12/2011,6.244902877,GPS
10/01/2054,7.850319818,8.084027821,8.301449354,8.519547647,7.73603757,9.556779909,03/13/2011,6.252875318,GPS
11/01/2054,7.850511826,8.084621637,8.302424422,8.520882266,7.736037639,9.56321392,03/14/2011,6.252973743,GPS
12/01/2054,7.850697257,8.085194913,8.303365736,8.522170675,7.736037698,9.569444765,03/15/2011,6.247166656,GPS
01/01/2055,7.850888437,8.085785802,8.304335956,8.523498645,7.736037822,9.575880731,03/16/2011,6.246740147,GPS
02/01/2055,7.851079227,8.086375238,8.305303749,8.524823277,7.736038035,9.582315251,03/17/2011,6.2360118,GPS
03/01/2055,7.851250982,8.086906202,8.30617567,8.526016764,7.736038058,9.588149749,03/18/2011,6.241031486,GPS
04/01/2055,7.851440665,8.087492526,8.307138517,8.527334725,7.736037784,9.594607144,03/19/2011,6.245362194,GPS
05/01/2055,7.851624159,8.08805887,8.308068326,8.528607341,7.736037877,9.600860364,03/20/2011,6.230664031,GPS
06/01/2055,7.851813013,8.088642297,8.309026378,8.529918729,7.73603777,9.607318659,03/21/2011,6.250119412,GPS
07/01/2055,7.851995382,8.089205527,8.309951252,8.531184698,7.736037578,9.613572661,03/22/2011,6.241490803,GPS
08/01/2055,7.852183496,8.089786151,8.310904616,8.532489627,7.73603754,9.620031893,03/23/2011,6.239653533,GPS
09/01/2055,7.852371157,8.090365281,8.311855531,8.533791211,7.736037614,9.626489184,03/24/2011,6.22987663,GPS
10/01/2055,7.852552191,8.090924483,8.312773341,8.535047544,7.736037483,9.632742828,03/25/2011,6.226333322,GPS
11/01/2055,7.852739127,8.091501727,8.313719616,8.536342731,7.736037517,9.639202155,03/26/2011,6.22925327,GPS
12/01/2055,7.852919562,8.092059293,8.314633045,8.537592988,7.736037818,9.645457567,03/27/2011,6.251103664,GPS
01/01/2056,7.853105645,8.092634417,8.315574622,8.538881695,7.736038125,9.65191857,03/28/2011,6.240801827,GPS
02/01/2056,7.853291109,8.093208244,8.316514186,8.540166945,7.736038308,9.658377898,03/29/2011,6.252416,GPS
03/01/2056,7.853464109,8.093743942,8.317391251,8.54136631,7.73603814,9.66443097,03/30/2011,6.253203402,GPS
04/01/2056,7.853648583,8.094315629,8.318326717,8.542645109,7.736037797,9.670896928,03/31/2011,6.249463244,GPS
05/01/2056,7.853826862,8.094868509,8.319230204,8.543879763,7.736037608,9.677158019,04/01/2011,6.234404189,GPS
06/01/2056,7.854010633,8.095439019,8.320161673,8.545152307,7.736037592,9.683624331,04/02/2011,6.238702089,GPS
07/01/2056,7.854188119,8.095990398,8.321061309,8.546380815,7.736037602,9.689886095,04/03/2011,6.234830698,GPS
08/01/2056,7.854370963,8.096559169,8.321989168,8.547646926,7.736037522,9.696353292,04/04/2011,6.248380567,GPS
09/01/2056,7.854553267,8.09712694,8.322915115,8.548909714,7.736037162,9.702818539,04/05/2011,6.242409438,GPS
10/01/2056,7.854729529,8.097675763,8.323809681,8.550128995,7.736037204,9.709079783,04/06/2011,6.232140409,GPS
11/01/2056,7.854910954,8.098241654,8.324731893,8.551385452,7.736036953,9.71554678,04/07/2011,6.224594477,GPS
12/01/2056,7.855086336,8.098788588,8.325622748,8.552598589,7.736036918,9.721809488,04/08/2011,6.237980304,GPS
01/01/2057,7.855267069,8.099352693,8.326541273,8.553848918,7.736036765,9.728277901,04/09/2011,6.231385816,GPS
02/01/2057,7.855447011,8.099915434,8.327457467,8.55509573,7.736036093,9.734744515,04/10/2011,6.23847243,GPS
03/01/2057,7.855609666,8.100423341,8.328283814,8.556219743,7.736036146,9.740601098,04/11/2011,6.2356181,GPS
04/01/2057,7.855789251,8.100984556,8.329196611,8.557460957,7.736036175,9.747078539,04/12/2011,6.247265082,GPS
05/01/2057,7.855962681,8.101526713,8.330078089,8.558659208,7.736036161,9.753349819,04/13/2011,6.260322825,GPS
06/01/2057,7.856141366,8.102085778,8.330986809,8.559894162,7.736036064,9.759826007,04/14/2011,6.256418625,GPS
07/01/2057,7.856313986,8.102625892,8.33186438,8.561086428,7.736035954,9.766096772,04/15/2011,6.25878083,GPS
08/01/2057,7.856491764,8.103182753,8.332768972,8.562315143,7.736035747,9.772572839,04/16/2011,6.24585432,GPS
09/01/2057,7.856669419,8.103738809,8.333671777,8.563541016,7.736035677,9.779046586,04/17/2011,6.25284251,GPS
10/01/2057,7.856841017,8.104275958,8.334543576,8.564724487,7.736036018,9.785315743,04/18/2011,6.225316262,GPS
11/01/2057,7.857017849,8.104829836,8.335442289,8.565944241,7.73603635,9.791790669,04/19/2011,6.24175327,GPS
12/01/2057,7.857188395,8.105364616,8.336309877,8.567121568,7.736036383,9.798060776,04/20/2011,6.247396315,GPS
01/01/2058,7.857364171,8.105916063,8.337204261,8.568335014,7.736036137,9.804536573,04/21/2011,6.251825449,GPS
02/01/2058,7.857539478,8.106466331,8.338096501,8.56954533,7.736035772,9.811010334,04/22/2011,6.248150908,GPS
03/01/2058,7.857697693,8.106962625,8.338900887,8.570636207,7.736035602,9.81687317,04/23/2011,6.240637785,GPS
04/01/2058,7.857872415,8.107510927,8.339789332,8.571840868,7.736035658,9.82335733,04/24/2011,6.235093165,GPS
05/01/2058,7.858041146,8.108040504,8.340647187,8.573003835,7.736035714,9.829634918,04/25/2011,6.251169281,GPS
06/01/2058,7.858215138,8.108586635,8.341531585,8.574202564,7.736035864,9.836117435,04/26/2011,6.24053936,GPS
07/01/2058,7.858382916,8.109113864,8.342385285,8.575359573,7.736035806,9.842394148,04/27/2011,6.246248021,GPS
08/01/2058,7.858556171,8.109657801,8.343265625,8.57655239,7.736035829,9.848876182,04/28/2011,6.264620725,GPS
09/01/2058,7.858728973,8.110200541,8.344143826,8.577742138,7.736036129,9.855355724,04/29/2011,6.257468494,GPS
10/01/2058,7.85889582,8.11072469,8.344991736,8.578890682,7.736036363,9.861630325,04/30/2011,6.255401565,GPS
11/01/2058,7.859067675,8.111265014,8.345865678,8.580074366,7.736036427,9.868110708,05/01/2011,6.246051171,GPS
12/01/2058,7.859233592,8.111786807,8.346709457,8.581217041,7.736036305,9.87438594,05/02/2011,6.258912064,GPS
01/01/2059,7.859404892,8.112325078,8.347579508,8.582395044,7.736036465,9.880866775,05/03/2011,6.25940419,GPS
02/01/2059,7.859575482,8.11286189,8.348447183,8.58356978,7.736036321,9.887345538,05/04/2011,6.251497365,GPS
03/01/2059,7.859729247,8.113345819,8.349229201,8.584628417,7.736036072,9.893212753,05/05/2011,6.256451434,GPS
04/01/2059,7.859899051,8.113880398,8.350092888,8.585797475,7.736035797,9.899701608,05/06/2011,6.226497364,GPS
05/01/2059,7.860062922,8.114396563,8.350926689,8.586925975,7.736035371,9.905983594,05/07/2011,6.232173218,GPS
06/01/2059,7.86023216,8.114929057,8.351786482,8.588089402,7.736035479,9.912470274,05/08/2011,6.229975055,GPS
07/01/2059,7.860395325,8.115443053,8.352616374,8.589212327,7.736035376,9.918751173,05/09/2011,6.232304451,GPS
08/01/2059,7.860563741,8.115973219,8.353472054,8.590369945,7.736035416,9.925237359,05/10/2011,6.237586604,GPS
09/01/2059,7.860731817,8.116502274,8.354325718,8.591524685,7.73603556,9.931720903,05/11/2011,6.2442139,GPS
10/01/2059,7.860893891,8.117012968,8.355149708,8.592639243,7.736035517,9.937849543,05/12/2011,6.259043297,GPS
11/01/2059,7.861061024,8.117539563,8.355999141,8.593788072,7.736035297,9.944036719,05/13/2011,6.271838573,GPS
12/01/2059,7.861222082,8.118047757,8.356818914,8.594896777,7.736034773,9.949915179,05/14/2011,6.240080042,GPS
01/01/2060,7.861388377,8.11857198,8.357664208,8.596039793,7.736034584,9.955892202,05/15/2011,6.254318888,GPS
02/01/2060,7.861554517,8.119095254,8.35850765,8.597180108,7.736034567,9.961783394,05/16/2011,6.270001303,GPS
03/01/2060,7.861709661,8.119583805,8.359294937,8.598244383,7.736034758,9.967227734,05/17/2011,6.269837261,GPS
04/01/2060,7.861875059,8.120104855,8.360134462,8.599379194,7.736035081,9.972979389,05/18/2011,6.234010488,GPS
05/01/2060,7.862034712,8.120607972,8.360944958,8.600474689,7.73603515,9.978485643,05/19/2011,6.252120725,GPS
06/01/2060,7.862199211,8.121126607,8.361780337,8.601603742,7.736035184,9.984116097,05/20/2011,6.257796578,GPS
07/01/2060,7.86235839,8.121627763,8.362587196,8.602694036,7.736035521,9.989513343,05/21/2011,6.247593166,GPS
08/01/2060,7.86252204,8.122144011,8.36341846,8.603817356,7.736035448,9.995037727,05/22/2011,6.249496053,GPS
09/01/2060,7.862685542,8.122659312,8.364247893,8.604938022,7.736035502,10.00051269,05/23/2011,6.26042125,GPS
10/01/2060,7.862843442,8.123156945,8.365048726,8.606019955,7.736035611,10.00576813,05/24/2011,6.270723088,GPS
11/01/2060,7.863006151,8.123669958,8.365874197,8.607135106,7.736035828,10.01115444,05/25/2011,6.243328074,GPS
12/01/2060,7.86316306,8.124165157,8.366670972,8.608211483,7.736035756,10.01632668,05/26/2011,6.258419938,GPS
01/01/2061,7.863324974,8.124675859,8.367492442,8.609321077,7.736035644,10.02163005,05/27/2011,6.258091854,GPS
,,,,,,,05/28/2011,6.253761145,GPS
,,,,,,,05/29/2011,6.259305764,GPS
,,,,,,,05/30/2011,6.245296578,GPS
,,,,,,,05/31/2011,6.252973743,GPS
,,,,,,,06/01/2011,6.266097103,GPS
,,,,,,,06/02/2011,6.262619413,GPS
,,,,,,,06/03/2011,6.253728336,GPS
,,,,,,,06/04/2011,6.26042125,GPS
,,,,,,,06/05/2011,6.27210104,GPS
,,,,,,,06/06/2011,6.262619413,GPS
,,,,,,,06/07/2011,6.239883192,GPS
,,,,,,,06/08/2011,6.261274268,GPS
,,,,,,,06/09/2011,6.240408126,GPS
,,,,,,,06/10/2011,6.244738835,GPS
,,,,,,,06/11/2011,6.223347758,GPS
,,,,,,,06/12/2011,6.239161407,GPS
,,,,,,,06/13/2011,6.254548546,GPS
,,,,,,,06/14/2011,6.250086604,GPS
,,,,,,,06/15/2011,6.257993428,GPS
,,,,,,,06/16/2011,6.224561669,GPS
,,,,,,,06/17/2011,6.220624661,GPS
,,,,,,,06/18/2011,6.254122037,GPS
,,,,,,,06/19/2011,6.25057873,GPS
,,,,,,,06/20/2011,6.227087916,GPS
,,,,,,,06/21/2011,6.239030173,GPS
,,,,,,,06/22/2011,6.23417453,GPS
,,,,,,,06/23/2011,6.247199465,GPS
,,,,,,,06/24/2011,6.24503411,GPS
,,,,,,,06/25/2011,6.228269018,GPS
,,,,,,,06/26/2011,6.239194215,GPS
,,,,,,,06/27/2011,6.261503927,GPS
,,,,,,,06/28/2011,6.240834635,GPS
,,,,,,,06/29/2011,6.27190419,GPS
,,,,,,,06/30/2011,6.283452747,GPS
,,,,,,,07/01/2011,6.259535423,GPS
,,,,,,,07/02/2011,6.248150908,GPS
,,,,,,,07/03/2011,6.243984242,GPS
,,,,,,,07/04/2011,6.239227024,GPS
,,,,,,,07/05/2011,6.250644347,GPS
,,,,,,,07/06/2011,6.245198152,GPS
,,,,,,,07/07/2011,6.234272955,GPS
,,,,,,,07/08/2011,6.247461932,GPS
,,,,,,,07/09/2011,6.246248021,GPS
,,,,,,,07/10/2011,6.253498678,GPS
,,,,,,,07/11/2011,6.27538188,GPS
,,,,,,,07/12/2011,6.281057734,GPS
,,,,,,,07/13/2011,6.264489492,GPS
,,,,,,,07/14/2011,6.271412064,GPS
,,,,,,,07/15/2011,6.262455371,GPS
,,,,,,,07/16/2011,6.275874006,GPS
,,,,,,,07/17/2011,6.279942248,GPS
,,,,,,,07/18/2011,6.278597104,GPS
,,,,,,,07/19/2011,6.276923875,GPS
,,,,,,,07/20/2011,6.279614164,GPS
,,,,,,,07/21/2011,6.273413376,GPS
,,,,,,,07/22/2011,6.269738836,GPS
,,,,,,,07/23/2011,6.275217838,GPS
,,,,,,,07/24/2011,6.259863507,GPS
,,,,,,,07/25/2011,6.266457996,GPS
,,,,,,,07/26/2011,6.274955371,GPS
,,,,,,,07/27/2011,6.262652221,GPS
,,,,,,,07/28/2011,6.250217838,GPS
,,,,,,,07/29/2011,6.258748022,GPS
,,,,,,,07/30/2011,6.26534251,GPS
,,,,,,,07/31/2011,6.281287392,GPS
,,,,,,,08/01/2011,6.287225713,GPS
,,,,,,,08/02/2011,6.279384505,GPS
,,,,,,,08/03/2011,6.282501303,GPS
,,,,,,,08/04/2011,6.284601041,GPS
,,,,,,,08/05/2011,6.273216526,GPS
,,,,,,,08/06/2011,6.261110226,GPS
,,,,,,,08/07/2011,6.27600524,GPS
,,,,,,,08/08/2011,6.263111539,GPS
,,,,,,,08/09/2011,6.268262458,GPS
,,,,,,,08/10/2011,6.27108398,GPS
,,,,,,,08/11/2011,6.265933061,GPS
,,,,,,,08/12/2011,6.267442248,GPS
,,,,,,,08/13/2011,6.268032799,GPS
,,,,,,,08/14/2011,6.265440935,GPS
,,,,,,,08/15/2011,6.271018363,GPS
,,,,,,,08/16/2011,6.27498818,GPS
,,,,,,,08/17/2011,6.284436999,GPS
,,,,,,,08/18/2011,6.278826762,GPS
,,,,,,,08/19/2011,6.262652221,GPS
,,,,,,,08/20/2011,6.256648284,GPS
,,,,,,,08/21/2011,6.269968494,GPS
,,,,,,,08/22/2011,6.252776893,GPS
,,,,,,,08/23/2011,6.25612335,GPS
,,,,,,,08/24/2011,6.261799203,GPS
,,,,,,,08/25/2011,6.26104461,GPS
,,,,,,,08/26/2011,6.253793953,GPS
,,,,,,,08/27/2011,6.2602244,GPS
,,,,,,,08/28/2011,6.281648285,GPS
,,,,,,,08/29/2011,6.268164032,GPS
,,,,,,,08/30/2011,6.258485554,GPS
,,,,,,,08/31/2011,6.25303936,GPS
,,,,,,,09/01/2011,6.27334776,GPS
,,,,,,,09/02/2011,6.244935685,GPS
,,,,,,,09/03/2011,6.25569684,GPS
,,,,,,,09/04/2011,6.252317575,GPS
,,,,,,,09/05/2011,6.261667969,GPS
,,,,,,,09/06/2011,6.265506552,GPS
,,,,,,,09/07/2011,6.268032799,GPS
,,,,,,,09/08/2011,6.271346447,GPS
,,,,,,,09/09/2011,6.263866132,GPS
,,,,,,,09/10/2011,6.250972431,GPS
,,,,,,,09/11/2011,6.236963244,GPS
,,,,,,,09/12/2011,6.282074794,GPS
,,,,,,,09/13/2011,6.275874006,GPS
,,,,,,,09/14/2011,6.27580839,GPS
,,,,,,,09/15/2011,6.256582667,GPS
,,,,,,,09/16/2011,6.25139894,GPS
,,,,,,,09/17/2011,6.24464041,GPS
,,,,,,,09/18/2011,6.262947497,GPS
,,,,,,,09/19/2011,6.261077418,GPS
,,,,,,,09/20/2011,6.272625975,GPS
,,,,,,,09/21/2011,6.26350524,GPS
,,,,,,,09/22/2011,6.238833323,GPS
,,,,,,,09/23/2011,6.260650909,GPS
,,,,,,,09/24/2011,6.236471118,GPS
,,,,,,,09/25/2011,6.249594478,GPS
,,,,,,,09/26/2011,6.240440934,GPS
,,,,,,,09/27/2011,6.248610226,GPS
,,,,,,,09/28/2011,6.269148284,GPS
,,,,,,,09/29/2011,6.252678468,GPS
,,,,,,,09/30/2011,6.255401565,GPS
,,,,,,,10/01/2011,6.242442247,GPS
,,,,,,,10/02/2011,6.250939622,GPS
,,,,,,,10/03/2011,6.271740148,GPS
,,,,,,,10/04/2011,6.25077558,GPS
,,,,,,,10/05/2011,6.236175842,GPS
,,,,,,,10/06/2011,6.251825449,GPS
,,,,,,,10/07/2011,6.267114164,GPS
,,,,,,,10/08/2011,6.261503927,GPS
,,,,,,,10/09/2011,6.259535423,GPS
,,,,,,,10/10/2011,6.252744084,GPS
,,,,,,,10/11/2011,6.259240148,GPS
,,,,,,,10/12/2011,6.247429124,GPS
,,,,,,,10/13/2011,6.267868757,GPS
,,,,,,,10/14/2011,6.243853008,GPS
,,,,,,,10/15/2011,6.246969806,GPS
,,,,,,,10/16/2011,6.254351696,GPS
,,,,,,,10/17/2011,6.26944356,GPS
,,,,,,,10/18/2011,6.271248022,GPS
,,,,,,,10/19/2011,6.259699465,GPS
,,,,,,,10/20/2011,6.243853008,GPS
,,,,,,,10/21/2011,6.258715213,GPS
,,,,,,,10/22/2011,6.261963245,GPS
,,,,,,,10/23/2011,6.258485554,GPS
,,,,,,,10/24/2011,6.251759832,GPS
,,,,,,,10/25/2011,6.257074793,GPS
,,,,,,,10/26/2011,6.251792641,GPS
,,,,,,,10/27/2011,6.253072168,GPS
,,,,,,,10/28/2011,6.253170594,GPS
,,,,,,,10/29/2011,6.261307077,GPS
,,,,,,,10/30/2011,6.242803139,GPS
,,,,,,,10/31/2011,6.24975852,GPS
,,,,,,,11/01/2011,6.256385817,GPS
,,,,,,,11/02/2011,6.268754584,GPS
,,,,,,,11/03/2011,6.262553796,GPS
,,,,,,,11/04/2011,6.231779517,GPS
,,,,,,,11/05/2011,6.226759832,GPS
,,,,,,,11/06/2011,6.24401705,GPS
,,,,,,,11/07/2011,6.265867444,GPS
,,,,,,,11/08/2011,6.283157471,GPS
,,,,,,,11/09/2011,6.280467182,GPS
,,,,,,,11/10/2011,6.276858258,GPS
,,,,,,,11/11/2011,6.232665344,GPS
,,,,,,,11/12/2011,6.238045921,GPS
,,,,,,,11/13/2011,6.227678467,GPS
,,,,,,,11/14/2011,6.242737522,GPS
,,,,,,,11/15/2011,6.244181092,GPS
,,,,,,,11/16/2011,6.266064295,GPS
,,,,,,,11/17/2011,6.266589229,GPS
,,,,,,,11/18/2011,6.25612335,GPS
,,,,,,,11/19/2011,6.253269019,GPS
,,,,,,,11/20/2011,6.241720462,GPS
,,,,,,,11/21/2011,6.253104977,GPS
,,,,,,,11/22/2011,6.265408127,GPS
,,,,,,,11/23/2011,6.25858398,GPS
,,,,,,,11/24/2011,6.247002614,GPS
,,,,,,,11/25/2011,6.251661407,GPS
,,,,,,,11/26/2011,6.257402877,GPS
,,,,,,,11/27/2011,6.268885817,GPS
,,,,,,,11/28/2011,6.260322825,GPS
,,,,,,,11/29/2011,6.241228336,GPS
,,,,,,,11/30/2011,6.24073621,GPS
,,,,,,,12/01/2011,6.262586604,GPS
,,,,,,,12/02/2011,6.246412063,GPS
,,,,,,,12/03/2011,6.263439623,GPS
,,,,,,,12/04/2011,6.264292641,GPS
,,,,,,,12/05/2011,6.267475056,GPS
,,,,,,,12/06/2011,6.266293954,GPS
,,,,,,,12/07/2011,6.260125974,GPS
,,,,,,,12/08/2011,6.245395003,GPS
,,,,,,,12/09/2011,6.244115475,GPS
,,,,,,,12/10/2011,6.244181092,GPS
,,,,,,,12/11/2011,6.239620724,GPS
,,,,,,,12/12/2011,6.239817575,GPS
,,,,,,,12/13/2011,6.234830698,GPS
,,,,,,,12/14/2011,6.236667968,GPS
,,,,,,,12/15/2011,6.248446184,GPS
,,,,,,,12/16/2011,6.255598415,GPS
,,,,,,,12/17/2011,6.254384504,GPS
,,,,,,,12/18/2011,6.234666656,GPS
,,,,,,,12/19/2011,6.238505239,GPS
,,,,,,,12/20/2011,6.242803139,GPS
,,,,,,,12/21/2011,6.236569543,GPS
,,,,,,,12/22/2011,6.27170734,GPS
,,,,,,,12/23/2011,6.267868757,GPS
,,,,,,,12/24/2011,6.260355633,GPS
,,,,,,,12/25/2011,6.263242772,GPS
,,,,,,,12/26/2011,6.238964556,GPS
,,,,,,,12/27/2011,6.25858398,GPS
,,,,,,,12/28/2011,6.256057733,GPS
,,,,,,,12/29/2011,6.238800514,GPS
,,,,,,,12/30/2011,6.234338572,GPS
,,,,,,,12/31/2011,6.239161407,GPS
,,,,,,,01/01/2012,6.250874006,GPS
,,,,,,,01/02/2012,6.257730961,GPS
,,,,,,,01/03/2012,6.246740147,GPS
,,,,,,,01/04/2012,6.252416,GPS
,,,,,,,01/05/2012,6.241622037,GPS
,,,,,,,01/06/2012,6.227383191,GPS
,,,,,,,01/07/2012,6.23397768,GPS
,,,,,,,01/08/2012,6.225185028,GPS
,,,,,,,01/09/2012,6.233190278,GPS
,,,,,,,01/10/2012,6.229318887,GPS
,,,,,,,01/11/2012,6.234141722,GPS
,,,,,,,01/12/2012,6.231845134,GPS
,,,,,,,01/13/2012,6.233748021,GPS
,,,,,,,01/14/2012,6.238505239,GPS
,,,,,,,01/15/2012,6.236602352,GPS
,,,,,,,01/16/2012,6.222232272,GPS
,,,,,,,01/17/2012,6.235585291,GPS
,,,,,,,01/18/2012,6.234666656,GPS
,,,,,,,01/19/2012,6.22534907,GPS
,,,,,,,01/20/2012,6.228925186,GPS
,,,,,,,01/21/2012,6.231451433,GPS
,,,,,,,01/22/2012,6.227744084,GPS
,,,,,,,01/23/2012,6.22698949,GPS
,,,,,,,01/24/2012,6.231024924,GPS
,,,,,,,01/25/2012,6.257829386,GPS
,,,,,,,01/26/2012,6.242835948,GPS
,,,,,,,01/27/2012,6.241950121,GPS
,,,,,,,01/28/2012,6.242245396,GPS
,,,,,,,01/29/2012,6.243623349,GPS
,,,,,,,01/30/2012,6.218918624,GPS
,,,,,,,01/31/2012,6.216523611,GPS
,,,,,,,02/01/2012,6.230106288,GPS
,,,,,,,02/02/2012,6.250020987,GPS
,,,,,,,02/03/2012,6.230368756,GPS
,,,,,,,02/04/2012,6.222035422,GPS
,,,,,,,02/05/2012,6.224200776,GPS
,,,,,,,02/06/2012,6.228728336,GPS
,,,,,,,02/07/2012,6.229154845,GPS
,,,,,,,02/08/2012,6.220263768,GPS
,,,,,,,02/09/2012,6.229417312,GPS
,,,,,,,02/10/2012,6.231024924,GPS
,,,,,,,02/11/2012,6.213013112,GPS
,,,,,,,02/12/2012,6.218032797,GPS
,,,,,,,02/13/2012,6.213767705,GPS
,,,,,,,02/14/2012,6.205696839,GPS
,,,,,,,02/15/2012,6.211307075,GPS
,,,,,,,02/16/2012,6.237717837,GPS
,,,,,,,02/17/2012,6.235322824,GPS
,,,,,,,02/18/2012,6.234469806,GPS
,,,,,,,02/19/2012,6.224463244,GPS
,,,,,,,02/20/2012,6.216687653,GPS
,,,,,,,02/21/2012,6.220165343,GPS
,,,,,,,02/22/2012,6.228400252,GPS
,,,,,,,02/23/2012,6.202055106,GPS
,,,,,,,02/24/2012,6.234961932,GPS
,,,,,,,02/25/2012,6.226956682,GPS
,,,,,,,02/26/2012,6.222133847,GPS
,,,,,,,02/27/2012,6.206451432,GPS
,,,,,,,02/28/2012,6.217376629,GPS
,,,,,,,02/29/2012,6.221936997,GPS
,,,,,,,03/01/2012,6.234338572,GPS
,,,,,,,03/02/2012,6.217606288,GPS
,,,,,,,03/03/2012,6.229679779,GPS
,,,,,,,03/04/2012,6.236143034,GPS
,,,,,,,03/05/2012,6.236667968,GPS
,,,,,,,03/06/2012,6.218820199,GPS
,,,,,,,03/07/2012,6.20691075,GPS
,,,,,,,03/08/2012,6.231484241,GPS
,,,,,,,03/09/2012,6.260650909,GPS
,,,,,,,03/10/2012,6.227481616,GPS
,,,,,,,03/11/2012,6.231484241,GPS
,,,,,,,03/12/2012,6.220952745,GPS
,,,,,,,03/13/2012,6.219246708,GPS
,,,,,,,03/14/2012,6.250709964,GPS
,,,,,,,03/15/2012,6.268328074,GPS
,,,,,,,03/16/2012,6.238505239,GPS
,,,,,,,03/17/2012,6.227973742,GPS
,,,,,,,03/18/2012,6.232402876,GPS
,,,,,,,03/19/2012,6.23683201,GPS
,,,,,,,03/20/2012,6.245198152,GPS
,,,,,,,03/21/2012,6.258912064,GPS
,,,,,,,03/22/2012,6.262094478,GPS
,,,,,,,03/23/2012,6.257665344,GPS
,,,,,,,03/24/2012,6.24710104,GPS
,,,,,,,03/25/2012,6.257796578,GPS
,,,,,,,03/26/2012,6.235355632,GPS
,,,,,,,03/27/2012,6.244082667,GPS
,,,,,,,03/28/2012,6.254811014,GPS
,,,,,,,03/29/2012,6.262553796,GPS
,,,,,,,03/30/2012,6.247625974,GPS
,,,,,,,03/31/2012,6.222921249,GPS
,,,,,,,04/01/2012,6.238144346,GPS
,,,,,,,04/02/2012,6.264030174,GPS
,,,,,,,04/03/2012,6.261832011,GPS
,,,,,,,04/04/2012,6.266818888,GPS
,,,,,,,04/05/2012,6.254942247,GPS
,,,,,,,04/06/2012,6.255139098,GPS
,,,,,,,04/07/2012,6.265047234,GPS
,,,,,,,04/08/2012,6.259272956,GPS
,,,,,,,04/09/2012,6.260946184,GPS
,,,,,,,04/10/2012,6.260093166,GPS
,,,,,,,04/11/2012,6.253301827,GPS
,,,,,,,04/12/2012,6.259240148,GPS
,,,,,,,04/13/2012,6.247790016,GPS
,,,,,,,04/14/2012,6.247166656,GPS
,,,,,,,04/15/2012,6.266425187,GPS
,,,,,,,04/16/2012,6.272560358,GPS
,,,,,,,04/17/2012,6.259666657,GPS
,,,,,,,04/18/2012,6.257009176,GPS
,,,,,,,04/19/2012,6.282206028,GPS
,,,,,,,04/20/2012,6.273413376,GPS
,,,,,,,04/21/2012,6.260355633,GPS
,,,,,,,04/22/2012,6.252416,GPS
,,,,,,,04/23/2012,6.253203402,GPS
,,,,,,,04/24/2012,6.263997366,GPS
,,,,,,,04/25/2012,6.262783455,GPS
,,,,,,,04/26/2012,6.273938311,GPS
,,,,,,,04/27/2012,6.268459308,GPS
,,,,,,,04/28/2012,6.296215214,GPS
,,,,,,,04/29/2012,6.267671906,GPS
,,,,,,,04/30/2012,6.280270332,GPS
,,,,,,,05/01/2012,6.234010488,GPS
,,,,,,,05/02/2012,6.245395003,GPS
,,,,,,,05/03/2012,6.269017051,GPS
,,,,,,,05/04/2012,6.285552484,GPS
,,,,,,,05/05/2012,6.295230962,GPS
,,,,,,,05/06/2012,6.290276894,GPS
,,,,,,,05/07/2012,6.259010489,GPS
,,,,,,,05/08/2012,6.264161408,GPS
,,,,,,,05/09/2012,6.288374007,GPS
,,,,,,,05/10/2012,6.285191592,GPS
,,,,,,,05/11/2012,6.293262458,GPS
,,,,,,,05/12/2012,6.282337261,GPS
,,,,,,,05/13/2012,6.273577418,GPS
,,,,,,,05/14/2012,6.302219152,GPS
,,,,,,,05/15/2012,6.282993429,GPS
,,,,,,,05/16/2012,6.282009177,GPS
,,,,,,,05/17/2012,6.291228338,GPS
,,,,,,,05/18/2012,6.294771645,GPS
,,,,,,,05/19/2012,6.286832012,GPS
,,,,,,,05/20/2012,6.285158784,GPS
,,,,,,,05/21/2012,6.299397629,GPS
,,,,,,,05/22/2012,6.282698154,GPS
,,,,,,,05/23/2012,6.282730962,GPS
,,,,,,,05/24/2012,6.281648285,GPS
,,,,,,,05/25/2012,6.287947498,GPS
,,,,,,,05/26/2012,6.299332012,GPS
,,,,,,,05/27/2012,6.306648286,GPS
,,,,,,,05/28/2012,6.303826763,GPS
,,,,,,,05/29/2012,6.297691592,GPS
,,,,,,,05/30/2012,6.292376632,GPS
,,,,,,,05/31/2012,6.301038049,GPS
,,,,,,,06/01/2012,6.301858259,GPS
,,,,,,,06/02/2012,6.289161408,GPS
,,,,,,,06/03/2012,6.294509178,GPS
,,,,,,,06/04/2012,6.299266396,GPS
,,,,,,,06/05/2012,6.310290018,GPS
,,,,,,,06/06/2012,6.308715215,GPS
,,,,,,,06/07/2012,6.325874008,GPS
,,,,,,,06/08/2012,6.324528864,GPS
,,,,,,,06/09/2012,6.300677157,GPS
,,,,,,,06/10/2012,6.310946186,GPS
,,,,,,,06/11/2012,6.317343824,GPS
,,,,,,,06/12/2012,6.309371383,GPS
,,,,,,,06/13/2012,6.320591856,GPS
,,,,,,,06/14/2012,6.310814952,GPS
,,,,,,,06/15/2012,6.31947637,GPS
,,,,,,,06/16/2012,6.323478995,GPS
,,,,,,,06/17/2012,6.322330701,GPS
,,,,,,,06/18/2012,6.332632538,GPS
,,,,,,,06/19/2012,6.330828076,GPS
,,,,,,,06/20/2012,6.313833325,GPS
,,,,,,,06/21/2012,6.334502617,GPS
,,,,,,,06/22/2012,6.337488182,GPS
,,,,,,,06/23/2012,6.332960622,GPS
,,,,,,,06/24/2012,6.334010491,GPS
,,,,,,,06/25/2012,6.32830183,GPS
,,,,,,,06/26/2012,6.341293956,GPS
,,,,,,,06/27/2012,6.340539363,GPS
,,,,,,,06/28/2012,6.34572309,GPS
,,,,,,,06/29/2012,6.348413379,GPS
,,,,,,,06/30/2012,6.34591994,GPS
,,,,,,,07/01/2012,6.359830702,GPS
,,,,,,,07/02/2012,6.333583982,GPS
,,,,,,,07/03/2012,6.329482932,GPS
,,,,,,,07/04/2012,6.347330702,GPS
,,,,,,,07/05/2012,6.354286082,GPS
,,,,,,,07/06/2012,6.367967185,GPS
,,,,,,,07/07/2012,6.353597106,GPS
,,,,,,,07/08/2012,6.353793956,GPS
,,,,,,,07/09/2012,6.355303143,GPS
,,,,,,,07/10/2012,6.366359574,GPS
,,,,,,,07/11/2012,6.357468497,GPS
,,,,,,,07/12/2012,6.361963248,GPS
,,,,,,,07/13/2012,6.340342512,GPS
,,,,,,,07/14/2012,6.365244088,GPS
,,,,,,,07/15/2012,6.358780833,GPS
,,,,,,,07/16/2012,6.346707342,GPS
,,,,,,,07/17/2012,6.351989494,GPS
,,,,,,,07/18/2012,6.362619416,GPS
,,,,,,,07/19/2012,6.367639101,GPS
,,,,,,,07/20/2012,6.37196981,GPS
,,,,,,,07/21/2012,6.373019679,GPS
,,,,,,,07/22/2012,6.384207343,GPS
,,,,,,,07/23/2012,6.367179784,GPS
,,,,,,,07/24/2012,6.386405506,GPS
,,,,,,,07/25/2012,6.36232414,GPS
,,,,,,,07/26/2012,6.366884508,GPS
,,,,,,,07/27/2012,6.378892382,GPS
,,,,,,,07/28/2012,6.381090545,GPS
,,,,,,,07/29/2012,6.37689107,GPS
,,,,,,,07/30/2012,6.37462729,GPS
,,,,,,,07/31/2012,6.367146975,GPS
,,,,,,,08/01/2012,6.393262462,GPS
,,,,,,,08/02/2012,6.363702093,GPS
,,,,,,,08/03/2012,6.370887133,GPS
,,,,,,,08/04/2012,6.373577422,GPS
,,,,,,,08/05/2012,6.378269023,GPS
,,,,,,,08/06/2012,6.392934378,GPS
,,,,,,,08/07/2012,6.387849076,GPS
,,,,,,,08/08/2012,6.401169286,GPS
,,,,,,,08/09/2012,6.367179784,GPS
,,,,,,,08/10/2012,6.371510492,GPS
,,,,,,,08/11/2012,6.360421253,GPS
,,,,,,,08/12/2012,6.373314954,GPS
,,,,,,,08/13/2012,6.369771647,GPS
,,,,,,,08/14/2012,6.390604981,GPS
,,,,,,,08/15/2012,6.367146975,GPS
,,,,,,,08/16/2012,6.372265086,GPS
,,,,,,,08/17/2012,6.374988183,GPS
,,,,,,,08/18/2012,6.380532802,GPS
,,,,,,,08/19/2012,6.381713905,GPS
,,,,,,,08/20/2012,6.369574797,GPS
,,,,,,,08/21/2012,6.37177296,GPS
,,,,,,,08/22/2012,6.397888446,GPS
,,,,,,,08/23/2012,6.369607605,GPS
,,,,,,,08/24/2012,6.390769023,GPS
,,,,,,,08/25/2012,6.384732278,GPS
,,,,,,,08/26/2012,6.386996057,GPS
,,,,,,,08/27/2012,6.394082672,GPS
,,,,,,,08/28/2012,6.386077422,GPS
,,,,,,,08/29/2012,6.360847762,GPS
,,,,,,,08/30/2012,6.390309706,GPS
,,,,,,,08/31/2012,6.360814954,GPS
,,,,,,,09/01/2012,6.386569548,GPS
,,,,,,,09/02/2012,6.384633852,GPS
,,,,,,,09/03/2012,6.395493433,GPS
,,,,,,,09/04/2012,6.362488182,GPS
,,,,,,,09/05/2012,6.386635165,GPS
,,,,,,,09/06/2012,6.384830703,GPS
,,,,,,,09/07/2012,6.407501307,GPS
,,,,,,,09/08/2012,6.41298031,GPS
,,,,,,,09/09/2012,6.399200782,GPS
,,,,,,,09/10/2012,6.401825454,GPS
,,,,,,,09/11/2012,6.405499995,GPS
,,,,,,,09/12/2012,6.405204719,GPS
,,,,,,,09/13/2012,6.419279523,GPS
,,,,,,,09/14/2012,6.418951439,GPS
,,,,,,,09/15/2012,6.421149602,GPS
,,,,,,,09/16/2012,6.408616793,GPS
,,,,,,,09/17/2012,6.407927816,GPS
,,,,,,,09/18/2012,6.4000538,GPS
,,,,,,,09/19/2012,6.399332016,GPS
,,,,,,,09/20/2012,6.386339889,GPS
,,,,,,,09/21/2012,6.393885821,GPS
,,,,,,,09/22/2012,6.400972436,GPS
,,,,,,,09/23/2012,6.387127291,GPS
,,,,,,,09/24/2012,6.389883196,GPS
,,,,,,,09/25/2012,6.410486872,GPS
,,,,,,,09/26/2012,6.410290021,GPS
,,,,,,,09/27/2012,6.40048031,GPS
,,,,,,,09/28/2012,6.399627291,GPS
,,,,,,,09/29/2012,6.399496058,GPS
,,,,,,,09/30/2012,6.41278346,GPS
,,,,,,,10/01/2012,6.402284772,GPS
,,,,,,,10/02/2012,6.390244089,GPS
,,,,,,,10/03/2012,6.39903674,GPS
,,,,,,,10/04/2012,6.40661548,GPS
,,,,,,,10/05/2012,6.400349076,GPS
,,,,,,,10/06/2012,6.3996601,GPS
,,,,,,,10/07/2012,6.396838577,GPS
,,,,,,,10/08/2012,6.390736215,GPS
,,,,,,,10/09/2012,6.396543302,GPS
,,,,,,,10/10/2012,6.407763774,GPS
,,,,,,,10/11/2012,6.415112856,GPS
,,,,,,,10/12/2012,6.395395008,GPS
,,,,,,,10/13/2012,6.417146977,GPS
,,,,,,,10/14/2012,6.412717843,GPS
,,,,,,,10/15/2012,6.391917317,GPS
,,,,,,,10/16/2012,6.381451438,GPS
,,,,,,,10/17/2012,6.378761149,GPS
,,,,,,,10/18/2012,6.401595795,GPS
,,,,,,,10/19/2012,6.378957999,GPS
,,,,,,,10/20/2012,6.370165348,GPS
,,,,,,,10/21/2012,6.378662724,GPS
,,,,,,,10/22/2012,6.383387133,GPS
,,,,,,,10/23/2012,6.385880572,GPS
,,,,,,,10/24/2012,6.399627291,GPS
,,,,,,,10/25/2012,6.401070861,GPS
,,,,,,,10/26/2012,6.399758525,GPS
,,,,,,,10/27/2012,6.400020992,GPS
,,,,,,,10/28/2012,6.39677296,GPS
,,,,,,,10/29/2012,6.391556425,GPS
,,,,,,,10/30/2012,6.406713906,GPS
,,,,,,,10/31/2012,6.39247506,GPS
,,,,,,,11/01/2012,6.38817716,GPS
,,,,,,,11/02/2012,6.400316268,GPS
,,,,,,,11/03/2012,6.38099212,GPS
,,,,,,,11/04/2012,6.398675848,GPS
,,,,,,,11/05/2012,6.391162724,GPS
,,,,,,,11/06/2012,6.402547239,GPS
,,,,,,,11/07/2012,6.379318892,GPS
,,,,,,,11/08/2012,6.387291333,GPS
,,,,,,,11/09/2012,6.393328078,GPS
,,,,,,,11/10/2012,6.389587921,GPS
,,,,,,,11/11/2012,6.392409443,GPS
,,,,,,,11/12/2012,6.394706031,GPS
,,,,,,,11/13/2012,6.4078622,GPS
,,,,,,,11/14/2012,6.407730966,GPS
,,,,,,,11/15/2012,6.383879259,GPS
,,,,,,,11/16/2012,6.397002619,GPS
,,,,,,,11/17/2012,6.372068235,GPS
,,,,,,,11/18/2012,6.400086609,GPS
,,,,,,,11/19/2012,6.388898944,GPS
,,,,,,,11/20/2012,6.370493432,GPS
,,,,,,,11/21/2012,6.364128602,GPS
,,,,,,,11/22/2012,6.3793517,GPS
,,,,,,,11/23/2012,6.393688971,GPS
,,,,,,,11/24/2012,6.390080047,GPS
,,,,,,,11/25/2012,6.373052487,GPS
,,,,,,,11/26/2012,6.379876634,GPS
,,,,,,,11/27/2012,6.386864824,GPS
,,,,,,,11/28/2012,6.368196844,GPS
,,,,,,,11/29/2012,6.366917316,GPS
,,,,,,,11/30/2012,6.389850388,GPS
,,,,,,,12/01/2012,6.365178471,GPS
,,,,,,,12/02/2012,6.346051174,GPS
,,,,,,,12/03/2012,6.378629915,GPS
,,,,,,,12/04/2012,6.37915485,GPS
,,,,,,,12/05/2012,6.383780834,GPS
,,,,,,,12/06/2012,6.370591857,GPS
,,,,,,,12/07/2012,6.356123353,GPS
,,,,,,,12/08/2012,6.359830702,GPS
,,,,,,,12/09/2012,6.35720603,GPS
,,,,,,,12/10/2012,6.380565611,GPS
,,,,,,,12/11/2012,6.355499993,GPS
,,,,,,,12/12/2012,6.359601043,GPS
,,,,,,,12/13/2012,6.337881882,GPS
,,,,,,,12/14/2012,6.333452748,GPS
,,,,,,,12/15/2012,6.333944874,GPS
,,,,,,,12/16/2012,6.325808391,GPS
,,,,,,,12/17/2012,6.333354323,GPS
,,,,,,,12/18/2012,6.331746712,GPS
,,,,,,,12/19/2012,6.338866134,GPS
,,,,,,,12/20/2012,6.3586496,GPS
,,,,,,,12/21/2012,6.338603667,GPS
,,,,,,,12/22/2012,6.334502617,GPS
,,,,,,,12/23/2012,6.346576108,GPS
,,,,,,,12/24/2012,6.339916003,GPS
,,,,,,,12/25/2012,6.339227027,GPS
,,,,,,,12/26/2012,6.345329389,GPS
,,,,,,,12/27/2012,6.344345137,GPS
,,,,,,,12/28/2012,6.360880571,GPS
,,,,,,,12/29/2012,6.345296581,GPS
,,,,,,,12/30/2012,6.345591856,GPS
,,,,,,,12/31/2012,6.348478996,GPS
,,,,,,,01/01/2013,6.359929127,GPS
,,,,,,,01/02/2013,6.347068234,GPS
,,,,,,,01/03/2013,6.34716666,GPS
,,,,,,,01/04/2013,6.353433064,GPS
,,,,,,,01/05/2013,6.360158786,GPS
,,,,,,,01/06/2013,6.345952749,GPS
,,,,,,,01/07/2013,6.348019678,GPS
,,,,,,,01/08/2013,6.328728339,GPS
,,,,,,,01/09/2013,6.34838057,GPS
,,,,,,,01/10/2013,6.331681095,GPS
,,,,,,,01/11/2013,6.328269021,GPS
,,,,,,,01/12/2013,6.336208654,GPS
,,,,,,,01/13/2013,6.341392381,GPS
,,,,,,,01/14/2013,6.348478996,GPS
,,,,,,,01/15/2013,6.359765085,GPS
,,,,,,,01/16/2013,6.35576246,GPS
,,,,,,,01/17/2013,6.346248024,GPS
,,,,,,,01/18/2013,6.349397631,GPS
,,,,,,,01/19/2013,6.344115478,GPS
,,,,,,,01/20/2013,6.349758523,GPS
,,,,,,,01/21/2013,6.340375321,GPS
,,,,,,,01/22/2013,6.351202093,GPS
,,,,,,,01/23/2013,6.34552624,GPS
,,,,,,,01/24/2013,6.340867447,GPS
,,,,,,,01/25/2013,6.323872696,GPS
,,,,,,,01/26/2013,6.336438313,GPS
,,,,,,,01/27/2013,6.332829389,GPS
,,,,,,,01/28/2013,6.339555111,GPS
,,,,,,,01/29/2013,6.342278208,GPS
,,,,,,,01/30/2013,6.342015741,GPS
,,,,,,,01/31/2013,6.349922565,GPS
,,,,,,,02/01/2013,6.354384508,GPS
,,,,,,,02/02/2013,6.355171909,GPS
,,,,,,,02/03/2013,6.340342512,GPS
,,,,,,,02/04/2013,6.32912204,GPS
,,,,,,,02/05/2013,6.328137788,GPS
,,,,,,,02/06/2013,6.349036738,GPS
,,,,,,,02/07/2013,6.343295268,GPS
,,,,,,,02/08/2013,6.339030176,GPS
,,,,,,,02/09/2013,6.327153536,GPS
,,,,,,,02/10/2013,6.335913378,GPS
,,,,,,,02/11/2013,6.33896456,GPS
,,,,,,,02/12/2013,6.335716528,GPS
,,,,,,,02/13/2013,6.33607742,GPS
,,,,,,,02/14/2013,6.341195531,GPS
,,,,,,,02/15/2013,6.344345137,GPS
,,,,,,,02/16/2013,6.350677158,GPS
,,,,,,,02/17/2013,6.323807079,GPS
,,,,,,,02/18/2013,6.34818372,GPS
,,,,,,,02/19/2013,6.308518364,GPS
,,,,,,,02/20/2013,6.322921252,GPS
,,,,,,,02/21/2013,6.344312329,GPS
,,,,,,,02/22/2013,6.321051173,GPS
,,,,,,,02/23/2013,6.323839887,GPS
,,,,,,,02/24/2013,6.331090544,GPS
,,,,,,,02/25/2013,6.336307079,GPS
,,,,,,,02/26/2013,6.336799205,GPS
,,,,,,,02/27/2013,6.337980308,GPS
,,,,,,,02/28/2013,6.352383195,GPS
,,,,,,,03/01/2013,6.351595794,GPS
,,,,,,,03/02/2013,6.355270334,GPS
,,,,,,,03/03/2013,6.317409441,GPS
,,,,,,,03/04/2013,6.316982932,GPS
,,,,,,,03/05/2013,6.33568372,GPS
,,,,,,,03/06/2013,6.347724402,GPS
,,,,,,,03/07/2013,6.345066922,GPS
,,,,,,,03/08/2013,6.341162722,GPS
,,,,,,,03/09/2013,6.322790018,GPS
,,,,,,,03/10/2013,6.334535426,GPS
,,,,,,,03/11/2013,6.348118103,GPS
,,,,,,,03/12/2013,6.335224402,GPS
,,,,,,,03/13/2013,6.355335951,GPS
,,,,,,,03/14/2013,6.341720465,GPS
,,,,,,,03/15/2013,6.436667975,GPS
,,,,,,,03/16/2013,6.33506036,GPS
,,,,,,,03/17/2013,6.340112854,GPS
,,,,,,,03/18/2013,6.336766397,GPS
,,,,,,,03/19/2013,6.345788707,GPS
,,,,,,,03/20/2013,6.324135163,GPS
,,,,,,,03/21/2013,6.35330183,GPS
,,,,,,,03/22/2013,6.345362198,GPS
,,,,,,,03/23/2013,6.353564298,GPS
,,,,,,,03/24/2013,6.369279521,GPS
,,,,,,,03/25/2013,6.347757211,GPS
,,,,,,,03/26/2013,6.350086607,GPS
,,,,,,,03/27/2013,6.37462729,GPS
,,,,,,,03/28/2013,6.380762461,GPS
,,,,,,,03/29/2013,6.371313642,GPS
,,,,,,,03/30/2013,6.367081358,GPS
,,,,,,,03/31/2013,6.345362198,GPS
,,,,,,,04/01/2013,6.363636476,GPS
,,,,,,,04/02/2013,6.369541988,GPS
,,,,,,,04/03/2013,6.384043301,GPS
,,,,,,,04/04/2013,6.388078734,GPS
,,,,,,,04/05/2013,6.351234901,GPS
,,,,,,,04/06/2013,6.374332015,GPS
,,,,,,,04/07/2013,6.349856948,GPS
,,,,,,,04/08/2013,6.340309704,GPS
,,,,,,,04/09/2013,6.353531489,GPS
,,,,,,,04/10/2013,6.377350388,GPS
,,,,,,,04/11/2013,6.351005242,GPS
,,,,,,,04/12/2013,6.361667972,GPS
,,,,,,,04/13/2013,6.359601043,GPS
,,,,,,,04/14/2013,6.356648287,GPS
,,,,,,,04/15/2013,6.349922565,GPS
,,,,,,,04/16/2013,6.367376634,GPS
,,,,,,,04/17/2013,6.375152225,GPS
,,,,,,,04/18/2013,6.387389758,GPS
,,,,,,,04/19/2013,6.400513118,GPS
,,,,,,,04/20/2013,6.405565612,GPS
,,,,,,,04/21/2013,6.396346451,GPS
,,,,,,,04/22/2013,6.394804456,GPS
,,,,,,,04/23/2013,6.39329527,GPS
,,,,,,,04/24/2013,6.407206032,GPS
,,,,,,,04/25/2013,6.403564299,GPS
,,,,,,,04/26/2013,6.408944877,GPS
,,,,,,,04/27/2013,6.409929129,GPS
,,,,,,,04/28/2013,6.395526241,GPS
,,,,,,,04/29/2013,6.400020992,GPS
,,,,,,,04/30/2013,6.403006556,GPS
,,,,,,,05/01/2013,6.388964561,GPS
,,,,,,,05/02/2013,6.428203408,GPS
,,,,,,,05/03/2013,6.425185035,GPS
,,,,,,,05/04/2013,6.403990808,GPS
,,,,,,,05/05/2013,6.41380052,GPS
,,,,,,,05/06/2013,6.391261149,GPS
,,,,,,,05/07/2013,6.410388446,GPS
,,,,,,,05/08/2013,6.420887134,GPS
,,,,,,,05/09/2013,6.413669286,GPS
,,,,,,,05/10/2013,6.436635166,GPS
,,,,,,,05/11/2013,6.42016535,GPS
,,,,,,,05/12/2013,6.422724405,GPS
,,,,,,,05/13/2013,6.42200262,GPS
,,,,,,,05/14/2013,6.423118106,GPS
,,,,,,,05/15/2013,6.409732278,GPS
,,,,,,,05/16/2013,6.422297896,GPS
,,,,,,,05/17/2013,6.431057738,GPS
,,,,,,,05/18/2013,6.418164037,GPS
,,,,,,,05/19/2013,6.416589234,GPS
,,,,,,,05/20/2013,6.415670599,GPS
,,,,,,,05/21/2013,6.422133854,GPS
,,,,,,,05/22/2013,6.42938451,GPS
,,,,,,,05/23/2013,6.423708657,GPS
,,,,,,,05/24/2013,6.438275586,GPS
,,,,,,,05/25/2013,6.442639104,GPS
,,,,,,,05/26/2013,6.43903018,GPS
,,,,,,,05/27/2013,6.431910757,GPS
,,,,,,,05/28/2013,6.437324143,GPS
,,,,,,,05/29/2013,6.450644353,GPS
,,,,,,,05/30/2013,6.449791335,GPS
,,,,,,,05/31/2013,6.437717844,GPS
,,,,,,,06/01/2013,6.447921256,GPS
,,,,,,,06/02/2013,6.446444878,GPS
,,,,,,,06/03/2013,6.448905508,GPS
,,,,,,,06/04/2013,6.458977687,GPS
,,,,,,,06/05/2013,6.445132542,GPS
,,,,,,,06/06/2013,6.451858264,GPS
,,,,,,,06/07/2013,6.465342516,GPS
,,,,,,,06/08/2013,6.469049866,GPS
,,,,,,,06/09/2013,6.465998684,GPS
,,,,,,,06/10/2013,6.46445669,GPS
,,,,,,,06/11/2013,6.464161414,GPS
,,,,,,,06/12/2013,6.48105774,GPS
,,,,,,,06/13/2013,6.491359578,GPS
,,,,,,,06/14/2013,6.493131231,GPS
,,,,,,,06/15/2013,6.482566926,GPS
,,,,,,,06/16/2013,6.489030181,GPS
,,,,,,,06/17/2013,6.490736218,GPS
,,,,,,,06/18/2013,6.489850391,GPS
,,,,,,,06/19/2013,6.506418633,GPS
,,,,,,,06/20/2013,6.492934381,GPS
,,,,,,,06/21/2013,6.500053804,GPS
,,,,,,,06/22/2013,6.502251966,GPS
,,,,,,,06/23/2013,6.491326769,GPS
,,,,,,,06/24/2013,6.48433858,GPS
,,,,,,,06/25/2013,6.494115483,GPS
,,,,,,,06/26/2013,6.49746194,GPS
,,,,,,,06/27/2013,6.501136481,GPS
,,,,,,,06/28/2013,6.504417321,GPS
,,,,,,,06/29/2013,6.515014434,GPS
,,,,,,,06/30/2013,6.511307085,GPS
,,,,,,,07/01/2013,6.515276901,GPS
,,,,,,,07/02/2013,6.520690287,GPS
,,,,,,,07/03/2013,6.530401574,GPS
,,,,,,,07/04/2013,6.51038845,GPS
,,,,,,,07/05/2013,6.518098424,GPS
,,,,,,,07/06/2013,6.482763777,GPS
,,,,,,,07/07/2013,6.516195536,GPS
,,,,,,,07/08/2013,6.518918634,GPS
,,,,,,,07/09/2013,6.521018371,GPS
,,,,,,,07/10/2013,6.509994749,GPS
,,,,,,,07/11/2013,6.521969815,GPS
,,,,,,,07/12/2013,6.511372702,GPS
,,,,,,,07/13/2013,6.512816271,GPS
,,,,,,,07/14/2013,6.536602361,GPS
,,,,,,,07/15/2013,6.512717846,GPS
,,,,,,,07/16/2013,6.53292782,GPS
,,,,,,,07/17/2013,6.545526246,GPS
,,,,,,,07/18/2013,6.52042782,GPS
,,,,,,,07/19/2013,6.523675852,GPS
,,,,,,,07/20/2013,6.517212597,GPS
,,,,,,,07/21/2013,6.520165353,GPS
,,,,,,,07/22/2013,6.512553804,GPS
,,,,,,,07/23/2013,6.537225721,GPS
,,,,,,,07/24/2013,6.543032808,GPS
,,,,,,,07/25/2013,6.541425196,GPS
,,,,,,,07/26/2013,6.532566928,GPS
,,,,,,,07/27/2013,6.539358267,GPS
,,,,,,,07/28/2013,6.519115484,GPS
,,,,,,,07/29/2013,6.522954067,GPS
,,,,,,,07/30/2013,6.529154854,GPS
,,,,,,,07/31/2013,6.524069552,GPS
,,,,,,,08/01/2013,6.549463254,GPS
,,,,,,,08/02/2013,6.538997374,GPS
,,,,,,,08/03/2013,6.537356954,GPS
,,,,,,,08/04/2013,6.553104986,GPS
,,,,,,,08/05/2013,6.555762467,GPS
,,,,,,,08/06/2013,6.536536744,GPS
,,,,,,,08/07/2013,6.532468503,GPS
,,,,,,,08/08/2013,6.537783464,GPS
,,,,,,,08/09/2013,6.531024933,GPS
,,,,,,,08/10/2013,6.547232283,GPS
,,,,,,,08/11/2013,6.529122046,GPS
,,,,,,,08/12/2013,6.524003936,GPS
,,,,,,,08/13/2013,6.530335957,GPS
,,,,,,,08/14/2013,6.529548555,GPS
,,,,,,,08/15/2013,6.536996062,GPS
,,,,,,,08/16/2013,6.52925328,GPS
,,,,,,,08/17/2013,6.545624671,GPS
,,,,,,,08/18/2013,6.536799212,GPS
,,,,,,,08/19/2013,6.524791337,GPS
,,,,,,,08/20/2013,6.526070865,GPS
,,,,,,,08/21/2013,6.52718635,GPS
,,,,,,,08/22/2013,6.538045931,GPS
,,,,,,,08/23/2013,6.532566928,GPS
,,,,,,,08/24/2013,6.523938319,GPS
,,,,,,,08/25/2013,6.541195537,GPS
,,,,,,,08/26/2013,6.522035432,GPS
,,,,,,,08/27/2013,6.520460628,GPS
,,,,,,,08/28/2013,6.519541993,GPS
,,,,,,,08/29/2013,6.530532807,GPS
,,,,,,,08/30/2013,6.537619422,GPS
,,,,,,,08/31/2013,6.535060366,GPS
,,,,,,,09/01/2013,6.547560367,GPS
,,,,,,,09/02/2013,6.514784775,GPS
,,,,,,,09/03/2013,6.51468635,GPS
,,,,,,,09/04/2013,6.53765223,GPS
,,,,,,,09/05/2013,6.533649605,GPS
,,,,,,,09/06/2013,6.551923884,GPS
,,,,,,,09/07/2013,6.533912072,GPS
,,,,,,,09/08/2013,6.527711285,GPS
,,,,,,,09/09/2013,6.512980313,GPS
,,,,,,,09/10/2013,6.52288845,GPS
,,,,,,,09/11/2013,6.533780839,GPS
,,,,,,,09/12/2013,6.535355642,GPS
,,,,,,,09/13/2013,6.540014435,GPS
,,,,,,,09/14/2013,6.522199474,GPS
,,,,,,,09/15/2013,6.528137794,GPS
,,,,,,,09/16/2013,6.52144488,GPS
,,,,,,,09/17/2013,6.528367453,GPS
,,,,,,,09/18/2013,6.538898949,GPS
,,,,,,,09/19/2013,6.519640418,GPS
,,,,,,,09/20/2013,6.506976376,GPS
,,,,,,,09/21/2013,6.530204723,GPS
,,,,,,,09/22/2013,6.540047243,GPS
,,,,,,,09/23/2013,6.514784775,GPS
,,,,,,,09/24/2013,6.524791337,GPS
,,,,,,,09/25/2013,6.499364827,GPS
,,,,,,,09/26/2013,6.507895011,GPS
,,,,,,,09/27/2013,6.52226509,GPS
,,,,,,,09/28/2013,6.522035432,GPS
,,,,,,,09/29/2013,6.529942256,GPS
,,,,,,,09/30/2013,6.524496062,GPS
,,,,,,,10/01/2013,6.522757216,GPS
,,,,,,,10/02/2013,6.524922571,GPS
,,,,,,,10/03/2013,6.535519684,GPS
,,,,,,,10/04/2013,6.550709973,GPS
,,,,,,,10/05/2013,6.558190288,GPS
,,,,,,,10/06/2013,6.52800656,GPS
,,,,,,,10/07/2013,6.518885825,GPS
,,,,,,,10/08/2013,6.522199474,GPS
,,,,,,,10/09/2013,6.530598424,GPS
,,,,,,,10/10/2013,6.516556429,GPS
,,,,,,,10/11/2013,6.522822833,GPS
,,,,,,,10/12/2013,6.540572178,GPS
,,,,,,,10/13/2013,6.51714698,GPS
,,,,,,,10/14/2013,6.551169291,GPS
,,,,,,,10/15/2013,6.548544619,GPS
,,,,,,,10/16/2013,6.530040681,GPS
,,,,,,,10/17/2013,6.539817584,GPS
,,,,,,,10/18/2013,6.523807085,GPS
,,,,,,,10/19/2013,6.529417322,GPS
,,,,,,,10/20/2013,6.526005248,GPS
,,,,,,,10/21/2013,6.534666666,GPS
,,,,,,,10/22/2013,6.525677164,GPS
,,,,,,,10/23/2013,6.533387138,GPS
,,,,,,,10/24/2013,6.514751967,GPS
,,,,,,,10/25/2013,6.530106298,GPS
,,,,,,,10/26/2013,6.548610236,GPS
,,,,,,,10/31/2013,6.496412071,GPS
,,,,,,,11/01/2013,6.531024933,GPS
,,,,,,,11/02/2013,6.518262466,GPS
,,,,,,,11/03/2013,6.502547242,GPS
,,,,,,,11/04/2013,6.515047242,GPS
,,,,,,,11/05/2013,6.514751967,GPS
,,,,,,,11/06/2013,6.526628608,GPS
,,,,,,,11/07/2013,6.527251967,GPS
,,,,,,,11/08/2013,6.522625983,GPS
,,,,,,,11/09/2013,6.516097111,GPS
,,,,,,,11/10/2013,6.509174539,GPS
,,,,,,,11/11/2013,6.528564303,GPS
,,,,,,,11/12/2013,6.536733595,GPS
,,,,,,,11/13/2013,6.520001311,GPS
,,,,,,,11/14/2013,6.51038845,GPS
,,,,,,,11/15/2013,6.482632543,GPS
,,,,,,,11/16/2013,6.490604984,GPS
,,,,,,,11/17/2013,6.496937006,GPS
,,,,,,,11/18/2013,6.504187662,GPS
,,,,,,,11/19/2013,6.504581363,GPS
,,,,,,,11/20/2013,6.510290024,GPS
,,,,,,,11/21/2013,6.497921258,GPS
,,,,,,,11/22/2013,6.509929132,GPS
,,,,,,,11/23/2013,6.523938319,GPS
,,,,,,,11/24/2013,6.512192912,GPS
,,,,,,,11/25/2013,6.521182413,GPS
,,,,,,,11/26/2013,6.5312874,GPS
,,,,,,,11/27/2013,6.528793962,GPS
,,,,,,,11/28/2013,6.509338581,GPS
,,,,,,,11/29/2013,6.512553804,GPS
,,,,,,,11/30/2013,6.522330707,GPS
,,,,,,,12/01/2013,6.518656166,GPS
,,,,,,,12/03/2013,6.498872701,GPS
,,,,,,,12/04/2013,6.467803146,GPS
,,,,,,,12/05/2013,6.487652228,GPS
,,,,,,,12/06/2013,6.492639105,GPS
,,,,,,,12/07/2013,6.503728344,GPS
,,,,,,,12/08/2013,6.500283462,GPS
,,,,,,,12/09/2013,6.503433069,GPS
,,,,,,,12/10/2013,6.49992257,GPS
,,,,,,,12/11/2013,6.495559053,GPS
,,,,,,,12/12/2013,6.495493436,GPS
,,,,,,,12/13/2013,6.50832152,GPS
,,,,,,,12/14/2013,6.489325457,GPS
,,,,,,,12/15/2013,6.502711284,GPS
,,,,,,,12/16/2013,6.490604984,GPS
,,,,,,,12/17/2013,6.499430444,GPS
,,,,,,,12/18/2013,6.480171913,GPS
,,,,,,,12/19/2013,6.462586611,GPS
,,,,,,,12/20/2013,6.465703409,GPS
,,,,,,,12/21/2013,6.462291335,GPS
,,,,,,,12/22/2013,6.478433068,GPS
,,,,,,,12/23/2013,6.511339893,GPS
,,,,,,,12/24/2013,6.497822832,GPS
,,,,,,,12/25/2013,6.495788712,GPS
,,,,,,,12/26/2013,6.498216533,GPS
,,,,,,,12/27/2013,6.499824145,GPS
,,,,,,,12/28/2013,6.500217846,GPS
,,,,,,,12/29/2013,6.509469814,GPS
,,,,,,,12/30/2013,6.491261152,GPS
,,,,,,,12/31/2013,6.495362202,GPS
,,,,,,,01/01/2014,6.505237531,GPS
,,,,,,,01/02/2014,6.498413384,GPS
,,,,,,,01/03/2014,6.480007871,GPS
,,,,,,,01/04/2014,6.472527556,GPS
,,,,,,,01/05/2014,6.492081362,GPS
,,,,,,,01/06/2014,6.491687662,GPS
,,,,,,,01/07/2014,6.491064302,GPS
,,,,,,,01/08/2014,6.465342516,GPS
,,,,,,,01/09/2014,6.479253278,GPS
,,,,,,,01/10/2014,6.476595798,GPS
,,,,,,,01/11/2014,6.474889761,GPS
,,,,,,,01/12/2014,6.456713907,GPS
,,,,,,,01/13/2014,6.48761942,GPS
,,,,,,,01/14/2014,6.497068239,GPS
,,,,,,,01/15/2014,6.502809709,GPS
,,,,,,,01/16/2014,6.486241467,GPS
,,,,,,,01/17/2014,6.478072176,GPS
,,,,,,,01/18/2014,6.482206034,GPS
,,,,,,,01/19/2014,6.483354328,GPS
,,,,,,,01/20/2014,6.492639105,GPS
,,,,,,,01/21/2014,6.494082675,GPS
,,,,,,,01/22/2014,6.483813646,GPS
,,,,,,,01/23/2014,6.46320997,GPS
,,,,,,,01/24/2014,6.49254068,GPS
,,,,,,,01/25/2014,6.473643042,GPS
,,,,,,,01/26/2014,6.465965876,GPS
,,,,,,,01/27/2014,6.466720469,GPS
,,,,,,,01/28/2014,6.472954065,GPS
,,,,,,,01/29/2014,6.470952753,GPS
,,,,,,,01/30/2014,6.458846453,GPS
,,,,,,,01/31/2014,6.468360889,GPS
,,,,,,,02/01/2014,6.466884511,GPS
,,,,,,,02/02/2014,6.480303147,GPS
,,,,,,,02/03/2014,6.465309708,GPS
,,,,,,,02/04/2014,6.473216532,GPS
,,,,,,,02/05/2014,6.49109711,GPS
,,,,,,,02/06/2014,6.46485039,GPS
,,,,,,,02/07/2014,6.469279524,GPS
,,,,,,,02/08/2014,6.465834642,GPS
,,,,,,,02/09/2014,6.472101047,GPS
,,,,,,,02/10/2014,6.4898832,GPS
,,,,,,,02/11/2014,6.480664039,GPS
,,,,,,,02/12/2014,6.473610233,GPS
,,,,,,,02/13/2014,6.481024932,GPS
,,,,,,,02/14/2014,6.460946191,GPS
,,,,,,,02/15/2014,6.472921257,GPS
,,,,,,,02/16/2014,6.469607608,GPS
,,,,,,,02/17/2014,6.472888448,GPS
,,,,,,,02/18/2014,6.465965876,GPS
,,,,,,,02/19/2014,6.465637792,GPS
,,,,,,,02/20/2014,6.479286086,GPS
,,,,,,,02/21/2014,6.479056428,GPS
,,,,,,,02/22/2014,6.483977688,GPS
,,,,,,,02/23/2014,6.471510496,GPS
,,,,,,,02/24/2014,6.468623356,GPS
,,,,,,,02/25/2014,6.465637792,GPS
,,,,,,,02/26/2014,6.467540679,GPS
,,,,,,,02/27/2014,6.453006558,GPS
,,,,,,,02/28/2014,6.457304458,GPS
,,,,,,,03/01/2014,6.469870076,GPS
,,,,,,,03/02/2014,6.481910758,GPS
,,,,,,,03/03/2014,6.489522307,GPS
,,,,,,,03/04/2014,6.486700785,GPS
,,,,,,,03/05/2014,6.480664039,GPS
,,,,,,,03/06/2014,6.476792648,GPS
,,,,,,,03/07/2014,6.462094485,GPS
,,,,,,,03/08/2014,6.493229656,GPS
,,,,,,,03/09/2014,6.484863514,GPS
,,,,,,,03/10/2014,6.477186349,GPS
,,,,,,,03/11/2014,6.494049866,GPS
,,,,,,,03/12/2014,6.494213908,GPS
,,,,,,,03/13/2014,6.4816811,GPS
,,,,,,,03/14/2014,6.487980312,GPS
,,,,,,,03/15/2014,6.492179788,GPS
,,,,,,,03/16/2014,6.504450129,GPS
,,,,,,,03/17/2014,6.492442255,GPS
,,,,,,,03/18/2014,6.482107609,GPS
,,,,,,,03/19/2014,6.484272963,GPS
,,,,,,,03/20/2014,6.488734906,GPS
,,,,,,,03/21/2014,6.480893698,GPS
,,,,,,,03/22/2014,6.505598423,GPS
,,,,,,,03/23/2014,6.50402362,GPS
,,,,,,,03/24/2014,6.505696848,GPS
,,,,,,,03/25/2014,6.501005247,GPS
,,,,,,,03/26/2014,6.467475062,GPS
,,,,,,,03/27/2014,6.468885824,GPS
,,,,,,,03/28/2014,6.482304459,GPS
,,,,,,,03/29/2014,6.511897636,GPS
,,,,,,,03/30/2014,6.509437006,GPS
,,,,,,,03/31/2014,6.511963253,GPS
,,,,,,,04/01/2014,6.478531493,GPS
,,,,,,,04/02/2014,6.481713908,GPS
,,,,,,,04/03/2014,6.489292648,GPS
,,,,,,,04/04/2014,6.494640418,GPS
,,,,,,,04/05/2014,6.516293962,GPS
,,,,,,,04/06/2014,6.515408135,GPS
,,,,,,,04/07/2014,6.507862203,GPS
,,,,,,,04/08/2014,6.526300524,GPS
,,,,,,,04/09/2014,6.513013122,GPS
,,,,,,,04/10/2014,6.527875327,GPS
,,,,,,,04/11/2014,6.516228345,GPS
,,,,,,,04/12/2014,6.496772964,GPS
,,,,,,,04/13/2014,6.503367452,GPS
,,,,,,,04/14/2014,6.512520996,GPS
,,,,,,,04/15/2014,6.508583988,GPS
,,,,,,,04/16/2014,6.495952754,GPS
,,,,,,,04/17/2014,6.519181101,GPS
,,,,,,,04/18/2014,6.50546719,GPS
,,,,,,,04/19/2014,6.515014434,GPS
,,,,,,,04/20/2014,6.535979002,GPS
,,,,,,,04/21/2014,6.534108923,GPS
,,,,,,,04/22/2014,6.528301836,GPS
,,,,,,,04/23/2014,6.548019684,GPS
,,,,,,,04/24/2014,6.517409447,GPS
,,,,,,,04/25/2014,6.52023097,GPS
,,,,,,,04/26/2014,6.533616797,GPS
,,,,,,,04/27/2014,6.53663517,GPS
,,,,,,,04/28/2014,6.544181102,GPS
,,,,,,,04/29/2014,6.551891076,GPS
,,,,,,,04/30/2014,6.53663517,GPS
,,,,,,,05/01/2014,6.552350393,GPS
,,,,,,,05/02/2014,6.539817584,GPS
,,,,,,,05/03/2014,6.554318897,GPS
,,,,,,,05/04/2014,6.55057874,GPS
,,,,,,,05/05/2014,6.547757217,GPS
,,,,,,,05/06/2014,6.555335958,GPS
,,,,,,,05/07/2014,6.55507349,GPS
,,,,,,,05/08/2014,6.565965879,GPS
,,,,,,,05/09/2014,6.558419947,GPS
,,,,,,,05/10/2014,6.540375327,GPS
,,,,,,,05/11/2014,6.550906824,GPS
,,,,,,,05/12/2014,6.564817585,GPS
,,,,,,,05/13/2014,6.585552494,GPS
,,,,,,,05/14/2014,6.565080052,GPS
,,,,,,,05/15/2014,6.579975066,GPS
,,,,,,,05/16/2014,6.574660105,GPS
,,,,,,,05/17/2014,6.568098425,GPS
,,,,,,,05/18/2014,6.568524934,GPS
,,,,,,,05/19/2014,6.582796588,GPS
,,,,,,,05/20/2014,6.580434384,GPS
,,,,,,,05/21/2014,6.572954068,GPS
,,,,,,,05/22/2014,6.572363517,GPS
,,,,,,,05/23/2014,6.57866273,GPS
,,,,,,,05/24/2014,6.585650919,GPS
,,,,,,,05/25/2014,6.5722979,GPS
,,,,,,,05/26/2014,6.587291339,GPS
,,,,,,,05/27/2014,6.602120736,GPS
,,,,,,,05/28/2014,6.608780841,GPS
,,,,,,,05/29/2014,6.620788716,GPS
,,,,,,,05/30/2014,6.60635302,GPS
,,,,,,,05/31/2014,6.599856956,GPS
,,,,,,,06/01/2014,6.599036746,GPS
,,,,,,,06/02/2014,6.604384516,GPS
,,,,,,,06/03/2014,6.617507876,GPS
,,,,,,,06/04/2014,6.613374017,GPS
,,,,,,,06/05/2014,6.612356957,GPS
,,,,,,,06/06/2014,6.60654987,GPS
,,,,,,,06/07/2014,6.620362206,GPS
,,,,,,,06/08/2014,6.611602364,GPS
,,,,,,,06/09/2014,6.622790028,GPS
,,,,,,,06/10/2014,6.608583991,GPS
,,,,,,,06/11/2014,6.622068243,GPS
,,,,,,,06/12/2014,6.623249346,GPS
,,,,,,,06/13/2014,6.630171918,GPS
,,,,,,,06/14/2014,6.636011813,GPS
,,,,,,,06/15/2014,6.63873491,GPS
,,,,,,,06/16/2014,6.639719162,GPS
,,,,,,,06/17/2014,6.649102365,GPS
,,,,,,,06/18/2014,6.655237536,GPS
,,,,,,,06/19/2014,6.630500002,GPS
,,,,,,,06/20/2014,6.644574806,GPS
,,,,,,,06/21/2014,6.649332024,GPS
,,,,,,,06/22/2014,6.648839898,GPS
,,,,,,,06/23/2014,6.647625987,GPS
,,,,,,,06/24/2014,6.639620737,GPS
,,,,,,,06/25/2014,6.643492128,GPS
,,,,,,,06/26/2014,6.646018375,GPS
,,,,,,,06/27/2014,6.669410764,GPS
,,,,,,,06/28/2014,6.653662732,GPS
,,,,,,,06/29/2014,6.656615488,GPS
,,,,,,,06/30/2014,6.671707352,GPS
,,,,,,,07/01/2014,6.67279003,GPS
,,,,,,,07/02/2014,6.688308403,GPS
,,,,,,,07/03/2014,6.665047247,GPS
,,,,,,,07/04/2014,6.654778218,GPS
,,,,,,,07/05/2014,6.686996067,GPS
,,,,,,,07/06/2014,6.672133862,GPS
,,,,,,,07/07/2014,6.651923887,GPS
,,,,,,,07/08/2014,6.66170079,GPS
,,,,,,,07/09/2014,6.659535436,GPS
,,,,,,,07/10/2014,6.672068245,GPS
,,,,,,,07/11/2014,6.678695542,GPS
,,,,,,,07/12/2014,6.674758534,GPS
,,,,,,,07/13/2014,6.682107615,GPS
,,,,,,,07/14/2014,6.667540686,GPS
,,,,,,,07/15/2014,6.675086618,GPS
,,,,,,,07/16/2014,6.665014439,GPS
,,,,,,,07/17/2014,6.660257221,GPS
,,,,,,,07/18/2014,6.675611552,GPS
,,,,,,,07/19/2014,6.681287405,GPS
,,,,,,,07/20/2014,6.637553808,GPS
,,,,,,,07/21/2014,6.65720604,GPS
,,,,,,,07/22/2014,6.693131238,GPS
,,,,,,,07/23/2014,6.705237537,GPS
,,,,,,,07/24/2014,6.68611024,GPS
,,,,,,,07/25/2014,6.687521001,GPS
,,,,,,,07/26/2014,6.679811027,GPS
,,,,,,,07/27/2014,6.693098429,GPS
,,,,,,,07/28/2014,6.702120739,GPS
,,,,,,,07/29/2014,6.688964571,GPS
,,,,,,,07/30/2014,6.682271657,GPS
,,,,,,,07/31/2014,6.703170608,GPS
,,,,,,,08/01/2014,6.690998692,GPS
,,,,,,,08/02/2014,6.693426513,GPS
,,,,,,,08/03/2014,6.716622052,GPS
,,,,,,,08/04/2014,6.686438324,GPS
,,,,,,,08/05/2014,6.715342524,GPS
,,,,,,,08/06/2014,6.720427826,GPS
,,,,,,,08/07/2014,6.694181106,GPS
,,,,,,,08/08/2014,6.721969821,GPS
,,,,,,,08/09/2014,6.720329401,GPS
,,,,,,,08/10/2014,6.743000006,GPS
,,,,,,,08/11/2014,6.720493443,GPS
,,,,,,,08/12/2014,6.713570871,GPS
,,,,,,,08/13/2014,6.7281378,GPS
,,,,,,,08/14/2014,6.714391081,GPS
,,,,,,,08/15/2014,6.725972446,GPS
,,,,,,,08/16/2014,6.725611554,GPS
,,,,,,,08/17/2014,6.726694231,GPS
,,,,,,,08/18/2014,6.737488194,GPS
,,,,,,,08/19/2014,6.718492131,GPS
,,,,,,,08/20/2014,6.740276908,GPS
,,,,,,,08/21/2014,6.726267722,GPS
,,,,,,,08/22/2014,6.72610368,GPS
,,,,,,,08/23/2014,6.731254598,GPS
,,,,,,,08/24/2014,6.732993444,GPS
,,,,,,,08/25/2014,6.727612866,GPS
,,,,,,,08/26/2014,6.736372709,GPS
,,,,,,,08/27/2014,6.725709979,GPS
,,,,,,,08/28/2014,6.725874021,GPS
,,,,,,,08/29/2014,6.726398955,GPS
,,,,,,,08/30/2014,6.724233601,GPS
,,,,,,,08/31/2014,6.723249349,GPS
,,,,,,,09/01/2014,6.732566934,GPS
,,,,,,,09/02/2014,6.734666672,GPS
,,,,,,,09/03/2014,6.741654861,GPS
,,,,,,,09/04/2014,6.738242788,GPS
,,,,,,,09/05/2014,6.746149612,GPS
,,,,,,,09/06/2014,6.764817592,GPS
,,,,,,,09/07/2014,6.75520473,GPS
,,,,,,,09/08/2014,6.710158797,GPS
,,,,,,,09/09/2014,6.754417329,GPS
,,,,,,,09/10/2014,6.749594494,GPS
,,,,,,,09/11/2014,6.761733602,GPS
,,,,,,,09/12/2014,6.762717854,GPS
,,,,,,,09/13/2014,6.743688982,GPS
,,,,,,,09/14/2014,6.734371396,GPS
,,,,,,,09/15/2014,6.748511817,GPS
,,,,,,,09/16/2014,6.755368772,GPS
,,,,,,,09/17/2014,6.760290032,GPS
,,,,,,,09/18/2014,6.750808405,GPS
,,,,,,,09/19/2014,6.762160111,GPS
,,,,,,,09/20/2014,6.75602494,GPS
,,,,,,,09/21/2014,6.777809718,GPS
,,,,,,,09/22/2014,6.780270348,GPS
,,,,,,,09/23/2014,6.764358274,GPS
,,,,,,,09/24/2014,6.774167986,GPS
,,,,,,,09/25/2014,6.780500007,GPS
,,,,,,,09/26/2014,6.783026254,GPS
,,,,,,,09/27/2014,6.777055125,GPS
,,,,,,,09/28/2014,6.786438327,GPS
,,,,,,,09/29/2014,6.778958012,GPS
,,,,,,,09/30/2014,6.779646988,GPS
,,,,,,,10/01/2014,6.77613649,GPS
,,,,,,,10/02/2014,6.775808406,GPS
,,,,,,,10/03/2014,6.789555125,GPS
,,,,,,,10/04/2014,6.797954076,GPS
,,,,,,,10/05/2014,6.783813655,GPS
,,,,,,,10/06/2014,6.783190296,GPS
,,,,,,,10/07/2014,6.765309718,GPS
,,,,,,,10/08/2014,6.78535565,GPS
,,,,,,,10/09/2014,6.794542002,GPS
,,,,,,,10/10/2014,6.810093184,GPS
,,,,,,,10/11/2014,6.79273754,GPS
,,,,,,,10/12/2014,6.785585309,GPS
,,,,,,,10/13/2014,6.7976588,GPS
,,,,,,,10/14/2014,6.775381896,GPS
,,,,,,,10/15/2014,6.769935702,GPS
,,,,,,,10/16/2014,6.79664174,GPS
,,,,,,,10/17/2014,6.784863524,GPS
,,,,,,,10/18/2014,6.783124679,GPS
,,,,,,,10/19/2014,6.790309718,GPS
,,,,,,,10/20/2014,6.788570873,GPS
,,,,,,,10/21/2014,6.792770348,GPS
,,,,,,,10/22/2014,6.793656175,GPS
,,,,,,,10/23/2014,6.792278222,GPS
,,,,,,,10/24/2014,6.783223104,GPS
,,,,,,,10/25/2014,6.792573498,GPS
,,,,,,,10/26/2014,6.792868774,GPS
,,,,,,,10/27/2014,6.793492133,GPS
,,,,,,,10/28/2014,6.776366148,GPS
,,,,,,,10/29/2014,6.792967199,GPS
,,,,,,,10/30/2014,6.79090027,GPS
,,,,,,,10/31/2014,6.777186358,GPS
,,,,,,,11/01/2014,6.817868774,GPS
,,,,,,,11/02/2014,6.797822842,GPS
,,,,,,,11/03/2014,6.789292658,GPS
,,,,,,,11/04/2014,6.784010506,GPS
,,,,,,,11/05/2014,6.793196858,GPS
,,,,,,,11/06/2014,6.785847776,GPS
,,,,,,,11/07/2014,6.782435702,GPS
,,,,,,,11/08/2014,6.773413392,GPS
,,,,,,,11/09/2014,6.759076122,GPS
,,,,,,,11/10/2014,6.750578746,GPS
,,,,,,,11/11/2014,6.778367461,GPS
,,,,,,,11/12/2014,6.77570998,GPS
,,,,,,,11/13/2014,6.774332028,GPS
,,,,,,,11/14/2014,6.767442264,GPS
,,,,,,,11/15/2014,6.771969823,GPS
,,,,,,,11/16/2014,6.764423891,GPS
,,,,,,,11/17/2014,6.785847776,GPS
,,,,,,,11/18/2014,6.781123366,GPS
,,,,,,,11/19/2014,6.745624678,GPS
,,,,,,,11/20/2014,6.753629927,GPS
,,,,,,,11/21/2014,6.735224415,GPS
,,,,,,,11/22/2014,6.748675859,GPS
,,,,,,,11/23/2014,6.753826778,GPS
,,,,,,,11/24/2014,6.768262474,GPS
,,,,,,,11/25/2014,6.773807093,GPS
,,,,,,,11/26/2014,6.783124679,GPS
,,,,,,,11/27/2014,6.769607618,GPS
,,,,,,,11/28/2014,6.756615492,GPS
,,,,,,,11/29/2014,6.737389769,GPS
,,,,,,,11/30/2014,6.733419953,GPS
,,,,,,,12/01/2014,6.756090557,GPS
,,,,,,,12/02/2014,6.728334651,GPS
,,,,,,,12/03/2014,6.75848557,GPS
,,,,,,,12/04/2014,6.759141738,GPS
,,,,,,,12/05/2014,6.739587932,GPS
,,,,,,,12/06/2014,6.770624678,GPS
,,,,,,,12/07/2014,6.759896332,GPS
,,,,,,,12/08/2014,6.770854337,GPS
,,,,,,,12/09/2014,6.772265098,GPS
,,,,,,,12/10/2014,6.753334652,GPS
,,,,,,,12/11/2014,6.744377958,GPS
,,,,,,,12/12/2014,6.727186357,GPS
,,,,,,,12/13/2014,6.750611554,GPS
,,,,,,,12/14/2014,6.769706043,GPS
,,,,,,,12/15/2014,6.770066936,GPS
,,,,,,,12/16/2014,6.806779535,GPS
,,,,,,,12/17/2014,6.746280846,GPS
,,,,,,,12/18/2014,6.745395019,GPS
,,,,,,,12/19/2014,6.76977166,GPS
,,,,,,,12/20/2014,6.760257224,GPS
,,,,,,,12/21/2014,6.746346462,GPS
,,,,,,,12/22/2014,6.748938326,GPS
,,,,,,,12/23/2014,6.755664048,GPS
,,,,,,,12/24/2014,6.744509192,GPS
,,,,,,,12/25/2014,6.72075591,GPS
,,,,,,,12/26/2014,6.73716011,GPS
,,,,,,,12/27/2014,6.740473759,GPS
,,,,,,,12/28/2014,6.741392394,GPS
,,,,,,,12/29/2014,6.73880053,GPS
,,,,,,,12/30/2014,6.756057749,GPS
,,,,,,,12/31/2014,6.746051187,GPS
,,,,,,,01/01/2015,6.733780845,GPS
,,,,,,,01/02/2015,6.725152236,GPS
,,,,,,,01/03/2015,6.748807092,GPS
,,,,,,,01/04/2015,6.751169297,GPS
,,,,,,,01/05/2015,6.75891208,GPS
,,,,,,,01/06/2015,6.753925203,GPS
,,,,,,,01/07/2015,6.735552499,GPS
,,,,,,,01/08/2015,6.736799218,GPS
,,,,,,,01/09/2015,6.72895801,GPS
,,,,,,,01/10/2015,6.734108929,GPS
,,,,,,,01/11/2015,6.716720477,GPS
,,,,,,,01/12/2015,6.73266536,GPS
,,,,,,,01/13/2015,6.728859585,GPS
,,,,,,,01/14/2015,6.735290032,GPS
,,,,,,,01/15/2015,6.709666671,GPS
,,,,,,,01/16/2015,6.73020473,GPS
,,,,,,,01/17/2015,6.723807092,GPS
,,,,,,,01/18/2015,6.714916015,GPS
,,,,,,,01/19/2015,6.721313653,GPS
,,,,,,,01/20/2015,6.73122179,GPS
,,,,,,,01/21/2015,6.739325465,GPS
,,,,,,,01/22/2015,6.709437012,GPS
,,,,,,,01/23/2015,6.734272971,GPS
,,,,,,,01/24/2015,6.720591868,GPS
,,,,,,,01/25/2015,6.705926514,GPS
,,,,,,,01/26/2015,6.727448824,GPS
,,,,,,,01/27/2015,6.734207354,GPS
,,,,,,,01/28/2015,6.722724414,GPS
,,,,,,,01/29/2015,6.72692389,GPS
,,,,,,,01/30/2015,6.723938325,GPS
,,,,,,,01/31/2015,6.715998692,GPS
,,,,,,,02/01/2015,6.735749349,GPS
,,,,,,,02/02/2015,6.722035438,GPS
,,,,,,,02/03/2015,6.713045936,GPS
,,,,,,,02/04/2015,6.718688981,GPS
,,,,,,,02/05/2015,6.700447511,GPS
,,,,,,,02/06/2015,6.702940949,GPS
,,,,,,,02/07/2015,6.703400267,GPS
,,,,,,,02/08/2015,6.705959322,GPS
,,,,,,,02/09/2015,6.692081369,GPS
,,,,,,,02/10/2015,6.725874021,GPS
,,,,,,,02/11/2015,6.730500005,GPS
,,,,,,,02/12/2015,6.732402892,GPS
,,,,,,,02/13/2015,6.737225727,GPS
,,,,,,,02/14/2015,6.716720477,GPS
,,,,,,,02/15/2015,6.721707354,GPS
,,,,,,,02/16/2015,6.721707354,GPS
,,,,,,,02/17/2015,6.730565622,GPS
,,,,,,,02/18/2015,6.740965885,GPS
,,,,,,,02/19/2015,6.726562997,GPS
,,,,,,,02/20/2015,6.696707353,GPS
,,,,,,,02/21/2015,6.704286094,GPS
,,,,,,,02/22/2015,6.710749348,GPS
,,,,,,,02/23/2015,6.720198168,GPS
,,,,,,,02/24/2015,6.738997381,GPS
,,,,,,,02/25/2015,6.740834651,GPS
,,,,,,,02/26/2015,6.743360898,GPS
,,,,,,,02/27/2015,6.7117336,GPS
,,,,,,,02/28/2015,6.71051969,GPS
,,,,,,,03/01/2015,6.720230976,GPS
,,,,,,,03/02/2015,6.727678483,GPS
,,,,,,,03/03/2015,6.732927827,GPS
,,,,,,,03/04/2015,6.732796593,GPS
,,,,,,,03/05/2015,6.754679796,GPS
,,,,,,,03/06/2015,6.763800531,GPS
,,,,,,,03/07/2015,6.744902893,GPS
,,,,,,,03/08/2015,6.724889769,GPS
,,,,,,,03/09/2015,6.726431764,GPS
,,,,,,,03/10/2015,6.73551969,GPS
,,,,,,,03/11/2015,6.738866147,GPS
,,,,,,,03/12/2015,6.748938326,GPS
,,,,,,,03/13/2015,6.730565622,GPS
,,,,,,,03/14/2015,6.745066935,GPS
,,,,,,,03/15/2015,6.733288719,GPS
,,,,,,,03/16/2015,6.752153549,GPS
,,,,,,,03/17/2015,6.740211292,GPS
,,,,,,,03/18/2015,6.726989506,GPS
,,,,,,,03/19/2015,6.737061685,GPS
,,,,,,,03/20/2015,6.749496069,GPS
,,,,,,,03/21/2015,6.7441483,GPS
,,,,,,,03/22/2015,6.752022316,GPS
,,,,,,,03/23/2015,6.740506567,GPS
,,,,,,,03/24/2015,6.738078746,GPS
,,,,,,,03/25/2015,6.745755911,GPS
,,,,,,,03/26/2015,6.75910893,GPS
,,,,,,,03/27/2015,6.778104994,GPS
,,,,,,,03/28/2015,6.762816279,GPS
,,,,,,,03/29/2015,6.7609462,GPS
,,,,,,,03/30/2015,6.764325466,GPS
,,,,,,,03/31/2015,6.773938327,GPS
,,,,,,,04/01/2015,6.774430453,GPS
,,,,,,,04/02/2015,6.772002631,GPS
,,,,,,,04/03/2015,6.780893708,GPS
,,,,,,,04/04/2015,6.770001319,GPS
,,,,,,,04/05/2015,6.771477697,GPS
,,,,,,,04/06/2015,6.77387271,GPS
,,,,,,,04/07/2015,6.779646988,GPS
,,,,,,,04/08/2015,6.78965355,GPS
,,,,,,,04/09/2015,6.785716542,GPS
,,,,,,,04/10/2015,6.787455388,GPS
,,,,,,,04/11/2015,6.789686359,GPS
,,,,,,,04/12/2015,6.793623367,GPS
,,,,,,,04/13/2015,6.810421268,GPS
,,,,,,,04/14/2015,6.810486884,GPS
,,,,,,,04/15/2015,6.79949607,GPS
,,,,,,,04/16/2015,6.811110244,GPS
,,,,,,,04/17/2015,6.799463262,GPS
,,,,,,,04/18/2015,6.81179922,GPS
,,,,,,,04/19/2015,6.802153551,GPS
,,,,,,,04/20/2015,6.787094495,GPS
,,,,,,,04/21/2015,6.79683859,GPS
,,,,,,,04/22/2015,6.808551189,GPS
,,,,,,,04/23/2015,6.818623368,GPS
,,,,,,,04/24/2015,6.819542003,GPS
,,,,,,,04/25/2015,6.806123367,GPS
,,,,,,,04/26/2015,6.816458013,GPS
,,,,,,,04/27/2015,6.832895022,GPS
,,,,,,,04/28/2015,6.847855652,GPS
,,,,,,,04/29/2015,6.82082153,GPS
,,,,,,,04/30/2015,6.818229667,GPS
,,,,,,,05/01/2015,6.827973762,GPS
,,,,,,,05/02/2015,6.834108932,GPS
,,,,,,,05/03/2015,6.844017069,GPS
,,,,,,,05/04/2015,6.845198172,GPS
,,,,,,,05/05/2015,6.846215232,GPS
,,,,,,,05/06/2015,6.835355652,GPS
,,,,,,,05/07/2015,6.828892397,GPS
,,,,,,,05/08/2015,6.850381899,GPS
,,,,,,,05/09/2015,6.866654865,GPS
,,,,,,,05/10/2015,6.854975075,GPS
,,,,,,,05/11/2015,6.840145678,GPS
,,,,,,,05/12/2015,6.857566938,GPS
,,,,,,,05/13/2015,6.862324156,GPS
,,,,,,,05/14/2015,6.864194235,GPS
,,,,,,,05/15/2015,6.867146991,GPS
,,,,,,,05/16/2015,6.856353028,GPS
,,,,,,,05/17/2015,6.872954078,GPS
,,,,,,,05/18/2015,6.870198172,GPS
,,,,,,,05/19/2015,6.899660116,GPS
,,,,,,,05/20/2015,6.891326782,GPS
,,,,,,,05/21/2015,6.857993448,GPS
,,,,,,,05/22/2015,6.873610246,GPS
,,,,,,,05/23/2015,6.895034131,GPS
,,,,,,,05/24/2015,6.891293974,GPS
,,,,,,,05/25/2015,6.8878819,GPS
,,,,,,,05/26/2015,6.876628619,GPS
,,,,,,,05/27/2015,6.871740167,GPS
,,,,,,,05/28/2015,6.87475854,GPS
,,,,,,,05/29/2015,6.890834656,GPS
,,,,,,,05/30/2015,6.909601061,GPS
,,,,,,,05/31/2015,6.903958016,GPS
,,,,,,,06/01/2015,6.88151707,GPS
,,,,,,,06/02/2015,6.889751979,GPS
,,,,,,,06/03/2015,6.907074814,GPS
,,,,,,,06/04/2015,6.904679801,GPS
,,,,,,,06/05/2015,6.923052505,GPS
,,,,,,,06/06/2015,6.890604997,GPS
,,,,,,,06/07/2015,6.891523632,GPS
,,,,,,,06/08/2015,6.902612872,GPS
,,,,,,,06/09/2015,6.913078751,GPS
,,,,,,,06/10/2015,6.910486888,GPS
,,,,,,,06/11/2015,6.922068253,GPS
,,,,,,,06/12/2015,6.914095812,GPS
,,,,,,,06/13/2015,6.885027569,GPS
,,,,,,,06/14/2015,6.912521008,GPS
,,,,,,,06/15/2015,6.924561691,GPS
,,,,,,,06/16/2015,6.924299224,GPS
,,,,,,,06/17/2015,6.92049345,GPS
,,,,,,,06/18/2015,6.924266416,GPS
,,,,,,,06/19/2015,6.929975077,GPS
,,,,,,,06/20/2015,6.911011822,GPS
,,,,,,,06/21/2015,6.924955392,GPS
,,,,,,,06/22/2015,6.913734919,GPS
,,,,,,,06/23/2015,6.928958017,GPS
,,,,,,,06/24/2015,6.922724421,GPS
,,,,,,,06/25/2015,6.945427834,GPS
,,,,,,,06/26/2015,6.92725198,GPS
,,,,,,,06/27/2015,6.956057755,GPS
,,,,,,,06/28/2015,6.931221796,GPS
,,,,,,,06/29/2015,6.94674017,GPS
,,,,,,,06/30/2015,6.94365618,GPS
,,,,,,,07/01/2015,6.93853807,GPS
,,,,,,,07/02/2015,6.958157493,GPS
,,,,,,,07/03/2015,6.956681115,GPS
,,,,,,,07/04/2015,6.949036758,GPS
,,,,,,,07/05/2015,6.93729135,GPS
,,,,,,,07/06/2015,6.951070878,GPS
,,,,,,,07/07/2015,6.954187676,GPS
,,,,,,,07/08/2015,6.957730984,GPS
,,,,,,,07/09/2015,6.925545943,GPS
,,,,,,,07/10/2015,6.937980327,GPS
,,,,,,,07/11/2015,6.966392401,GPS
,,,,,,,07/12/2015,6.953564317,GPS
,,,,,,,07/13/2015,6.979023635,GPS
,,,,,,,07/14/2015,6.970296601,GPS
,,,,,,,07/15/2015,6.963702112,GPS
,,,,,,,07/16/2015,6.947691613,GPS
,,,,,,,07/17/2015,6.968328097,GPS
,,,,,,,07/18/2015,6.985388465,GPS
,,,,,,,07/19/2015,6.984568255,GPS
,,,,,,,07/20/2015,6.971576128,GPS
,,,,,,,07/21/2015,6.962028884,GPS
,,,,,,,07/22/2015,6.964030196,GPS
,,,,,,,07/23/2015,6.96763912,GPS
,,,,,,,07/24/2015,6.997757232,GPS
,,,,,,,07/25/2015,6.988242796,GPS
,,,,,,,07/26/2015,6.995427835,GPS
,,,,,,,07/27/2015,6.984633872,GPS
,,,,,,,07/28/2015,6.974397651,GPS
,,,,,,,07/29/2015,7.004417337,GPS
,,,,,,,07/30/2015,6.999463268,GPS
,,,,,,,07/31/2015,7.029056445,GPS
,,,,,,,08/01/2015,6.995099751,GPS
,,,,,,,08/02/2015,7.009404214,GPS
,,,,,,,08/03/2015,6.998938334,GPS
,,,,,,,08/04/2015,7.010814975,GPS
,,,,,,,08/05/2015,7.002251982,GPS
,,,,,,,08/06/2015,6.996477704,GPS
,,,,,,,08/07/2015,6.983715236,GPS
,,,,,,,08/08/2015,6.985388465,GPS
,,,,,,,08/09/2015,6.98958794,GPS
,,,,,,,08/10/2015,7.012291353,GPS
,,,,,,,08/11/2015,7.017311038,GPS
,,,,,,,08/12/2015,7.001956707,GPS
,,,,,,,08/13/2015,7.005860906,GPS
,,,,,,,08/14/2015,6.991753294,GPS
,,,,,,,08/15/2015,7.001923898,GPS
,,,,,,,08/16/2015,6.998183741,GPS
,,,,,,,08/17/2015,7.003465893,GPS
,,,,,,,08/18/2015,7.00782941,GPS
,,,,,,,08/19/2015,6.996576129,GPS
,,,,,,,08/20/2015,7.002120749,GPS
,,,,,,,08/21/2015,6.999988203,GPS
,,,,,,,08/22/2015,7.032632561,GPS
,,,,,,,08/23/2015,7.014161432,GPS
,,,,,,,08/24/2015,7.040178493,GPS
,,,,,,,08/25/2015,7.032009201,GPS
,,,,,,,08/26/2015,7.037685054,GPS
,,,,,,,08/27/2015,7.046149622,GPS
,,,,,,,08/28/2015,7.037455396,GPS
,,,,,,,08/29/2015,7.020919962,GPS
,,,,,,,08/30/2015,7.019837285,GPS
,,,,,,,08/31/2015,7.033157495,GPS
,,,,,,,09/01/2015,7.040506577,GPS
,,,,,,,09/02/2015,7.031845159,GPS
,,,,,,,09/03/2015,7.042179805,GPS
,,,,,,,09/04/2015,7.047691616,GPS
,,,,,,,09/05/2015,7.058354346,GPS
,,,,,,,09/06/2015,7.050874031,GPS
,,,,,,,09/07/2015,7.065145685,GPS
,,,,,,,09/08/2015,7.055434399,GPS
,,,,,,,09/09/2015,7.068492142,GPS
,,,,,,,09/10/2015,7.052186367,GPS
,,,,,,,09/11/2015,7.063833349,GPS
,,,,,,,09/12/2015,7.062652247,GPS
,,,,,,,09/13/2015,7.027284792,GPS
,,,,,,,09/14/2015,7.05540159,GPS
,,,,,,,09/15/2015,7.036110251,GPS
,,,,,,,09/16/2015,7.040998703,GPS
,,,,,,,09/17/2015,7.061044635,GPS
,,,,,,,09/18/2015,7.068426525,GPS
,,,,,,,09/19/2015,7.053203428,GPS
,,,,,,,09/20/2015,7.060486892,GPS
,,,,,,,09/21/2015,7.052809727,GPS
,,,,,,,09/22/2015,7.042540698,GPS
,,,,,,,09/23/2015,7.0847323,GPS
,,,,,,,09/24/2015,7.090178494,GPS
,,,,,,,09/25/2015,7.079778232,GPS
,,,,,,,09/26/2015,7.053629937,GPS
,,,,,,,09/27/2015,7.063078756,GPS
,,,,,,,09/28/2015,7.059699491,GPS
,,,,,,,09/29/2015,7.061011827,GPS
,,,,,,,09/30/2015,7.065900278,GPS
,,,,,,,10/01/2015,7.055696866,GPS
,,,,,,,10/02/2015,7.078629938,GPS
,,,,,,,10/03/2015,7.065112877,GPS
,,,,,,,10/04/2015,7.051234924,GPS
,,,,,,,10/05/2015,7.066326788,GPS
,,,,,,,10/06/2015,7.069476394,GPS
,,,,,,,10/07/2015,7.069837286,GPS
,,,,,,,10/08/2015,7.073544636,GPS
,,,,,,,10/09/2015,7.074463271,GPS
,,,,,,,10/10/2015,7.076825476,GPS
,,,,,,,10/11/2015,7.074660121,GPS
,,,,,,,10/12/2015,7.060355659,GPS
,,,,,,,10/13/2015,7.07590684,GPS
,,,,,,,10/14/2015,7.044968519,GPS
,,,,,,,10/15/2015,7.048610252,GPS
,,,,,,,10/16/2015,7.073085318,GPS
,,,,,,,10/17/2015,7.055532824,GPS
,,,,,,,10/18/2015,7.054745422,GPS
,,,,,,,10/19/2015,7.070132562,GPS
,,,,,,,10/20/2015,7.063931774,GPS
,,,,,,,10/21/2015,7.070723113,GPS
,,,,,,,10/22/2015,7.063669307,GPS
,,,,,,,10/23/2015,7.075972457,GPS
,,,,,,,10/24/2015,7.079154872,GPS
,,,,,,,10/25/2015,7.075611565,GPS
,,,,,,,10/26/2015,7.078826788,GPS
,,,,,,,10/27/2015,7.051333349,GPS
,,,,,,,10/28/2015,7.045887154,GPS
,,,,,,,10/29/2015,7.045230986,GPS
,,,,,,,10/30/2015,7.050185055,GPS
,,,,,,,10/31/2015,7.056517076,GPS
,,,,,,,11/01/2015,7.063013139,GPS
,,,,,,,11/02/2015,7.094640437,GPS
,,,,,,,11/03/2015,7.053236236,GPS
,,,,,,,11/04/2015,7.05746852,GPS
,,,,,,,11/05/2015,7.071740174,GPS
,,,,,,,11/06/2015,7.083223114,GPS
,,,,,,,11/07/2015,7.066293979,GPS
,,,,,,,11/08/2015,7.065145685,GPS
,,,,,,,11/09/2015,7.071116814,GPS
,,,,,,,11/10/2015,7.058879281,GPS
,,,,,,,11/11/2015,7.068820226,GPS
,,,,,,,11/12/2015,7.073019701,GPS
,,,,,,,11/13/2015,7.06977167,GPS
,,,,,,,11/14/2015,7.0722323,GPS
,,,,,,,11/15/2015,7.058715239,GPS
,,,,,,,11/16/2015,7.055303165,GPS
,,,,,,,11/17/2015,7.063472457,GPS
,,,,,,,11/18/2015,7.063045948,GPS
,,,,,,,11/19/2015,7.058977706,GPS
,,,,,,,11/20/2015,7.074627313,GPS
,,,,,,,11/21/2015,7.075939649,GPS
,,,,,,,11/22/2015,7.061536761,GPS
,,,,,,,11/23/2015,7.048347784,GPS
,,,,,,,11/24/2015,7.051169307,GPS
,,,,,,,11/25/2015,7.050316288,GPS
,,,,,,,11/26/2015,7.061832037,GPS
,,,,,,,11/27/2015,7.081582694,GPS
,,,,,,,11/28/2015,7.062094504,GPS
,,,,,,,11/29/2015,7.055762483,GPS
,,,,,,,11/30/2015,7.052317601,GPS
,,,,,,,12/01/2015,7.071051197,GPS
,,,,,,,12/02/2015,7.079712615,GPS
,,,,,,,12/03/2015,7.063111564,GPS
,,,,,,,12/04/2015,7.070001328,GPS
,,,,,,,12/05/2015,7.063341223,GPS
,,,,,,,12/06/2015,7.065178494,GPS
,,,,,,,12/07/2015,7.050709989,GPS
,,,,,,,12/08/2015,7.048183742,GPS
,,,,,,,12/09/2015,7.037324162,GPS
,,,,,,,12/10/2015,7.030007889,GPS
,,,,,,,12/11/2015,7.043853034,GPS
,,,,,,,12/12/2015,7.049824162,GPS
,,,,,,,12/13/2015,7.034830724,GPS
,,,,,,,12/14/2015,7.011996077,GPS
,,,,,,,12/15/2015,7.047757233,GPS
,,,,,,,12/16/2015,7.033977705,GPS
,,,,,,,12/17/2015,7.053597128,GPS
,,,,,,,12/18/2015,7.049856971,GPS
,,,,,,,12/19/2015,7.044640435,GPS
,,,,,,,12/20/2015,7.044213926,GPS
,,,,,,,12/21/2015,7.04700264,GPS
,,,,,,,12/22/2015,7.00497508,GPS
,,,,,,,12/23/2015,7.01071655,GPS
,,,,,,,12/24/2015,7.023905526,GPS
,,,,,,,12/25/2015,7.031385842,GPS
,,,,,,,12/26/2015,7.055467207,GPS
,,,,,,,12/27/2015,7.050808414,GPS
,,,,,,,12/28/2015,7.041622062,GPS
,,,,,,,12/29/2015,7.041589254,GPS
,,,,,,,12/30/2015,7.042376656,GPS
,,,,,,,12/31/2015,7.048544635,GPS
,,,,,,,01/01/2016,7.050119438,GPS
,,,,,,,01/02/2016,7.045493454,GPS
,,,,,,,01/03/2016,7.029286104,GPS
,,,,,,,01/04/2016,7.031582692,GPS
,,,,,,,01/05/2016,7.030467206,GPS
,,,,,,,01/06/2016,7.046838598,GPS
,,,,,,,01/07/2016,7.033157495,GPS
,,,,,,,01/08/2016,7.038570881,GPS
,,,,,,,01/09/2016,7.06156957,GPS
,,,,,,,01/10/2016,7.034305789,GPS
,,,,,,,01/11/2016,7.042737548,GPS
,,,,,,,01/12/2016,7.061799228,GPS
,,,,,,,01/13/2016,7.037422587,GPS
,,,,,,,01/14/2016,7.041425212,GPS
,,,,,,,01/15/2016,7.027645684,GPS
,,,,,,,01/16/2016,7.042343847,GPS
,,,,,,,01/17/2016,7.033321537,GPS
,,,,,,,01/18/2016,7.018328098,GPS
,,,,,,,01/19/2016,7.029450146,GPS
,,,,,,,01/20/2016,7.036602377,GPS
,,,,,,,01/21/2016,7.029089254,GPS
,,,,,,,01/22/2016,7.034765107,GPS
,,,,,,,01/23/2016,7.039325474,GPS
,,,,,,,01/24/2016,7.048282168,GPS
,,,,,,,01/25/2016,7.042146997,GPS
,,,,,,,01/26/2016,7.027284792,GPS
,,,,,,,01/27/2016,7.042376656,GPS
,,,,,,,01/28/2016,7.037849096,GPS
,,,,,,,01/29/2016,7.033190304,GPS
,,,,,,,01/30/2016,7.0027113,GPS
,,,,,,,01/31/2016,6.985913399,GPS
,,,,,,,02/01/2016,6.995788728,GPS
,,,,,,,02/02/2016,7.031057758,GPS
,,,,,,,02/03/2016,7.036602377,GPS
,,,,,,,02/04/2016,7.041293978,GPS
,,,,,,,02/05/2016,7.058157496,GPS
,,,,,,,02/06/2016,7.043229674,GPS
,,,,,,,02/07/2016,7.058026262,GPS
,,,,,,,02/08/2016,7.039850409,GPS
,,,,,,,02/09/2016,7.030532823,GPS
,,,,,,,02/10/2016,7.032566944,GPS
,,,,,,,02/11/2016,7.030828099,GPS
,,,,,,,02/12/2016,7.024102377,GPS
,,,,,,,02/13/2016,7.032107626,GPS
,,,,,,,02/14/2016,7.01993571,GPS
,,,,,,,02/15/2016,7.009141746,GPS
,,,,,,,02/16/2016,7.017343846,GPS
,,,,,,,02/17/2016,6.98693046,GPS
,,,,,,,02/18/2016,6.973610249,GPS
,,,,,,,02/19/2016,7.005696864,GPS
,,,,,,,02/20/2016,7.016129936,GPS
,,,,,,,02/21/2016,7.024791353,GPS
,,,,,,,02/22/2016,7.038242797,GPS
,,,,,,,02/23/2016,7.02075592,GPS
,,,,,,,02/24/2016,7.025939647,GPS
,,,,,,,02/25/2016,7.03204201,GPS
,,,,,,,02/26/2016,7.03489634,GPS
,,,,,,,02/27/2016,7.020657495,GPS
,,,,,,,02/28/2016,7.033124687,GPS
,,,,,,,02/29/2016,7.022363532,GPS
,,,,,,,03/01/2016,7.018000014,GPS
,,,,,,,03/02/2016,7.023741484,GPS
,,,,,,,03/03/2016,7.031746734,GPS
,,,,,,,03/04/2016,7.03696327,GPS
,,,,,,,03/05/2016,7.044017076,GPS
,,,,,,,03/06/2016,7.029318912,GPS
,,,,,,,03/07/2016,7.019968518,GPS
,,,,,,,03/08/2016,7.016064319,GPS
,,,,,,,03/09/2016,7.049299228,GPS
,,,,,,,03/10/2016,7.040736236,GPS
,,,,,,,03/11/2016,7.039325474,GPS
,,,,,,,03/12/2016,7.036011826,GPS
,,,,,,,03/13/2016,7.035421275,GPS
,,,,,,,03/14/2016,7.022101064,GPS
,,,,,,,03/15/2016,7.06074936,GPS
,,,,,,,03/16/2016,7.04188453,GPS
,,,,,,,03/17/2016,7.034338598,GPS
,,,,,,,03/18/2016,7.032698178,GPS
,,,,,,,03/19/2016,7.043984267,GPS
,,,,,,,03/20/2016,7.047068257,GPS
,,,,,,,03/21/2016,7.059207365,GPS
,,,,,,,03/22/2016,7.038439648,GPS
,,,,,,,03/23/2016,7.04473886,GPS
,,,,,,,03/24/2016,7.047593191,GPS
,,,,,,,03/25/2016,7.042212614,GPS
,,,,,,,03/26/2016,7.052776918,GPS
,,,,,,,03/27/2016,7.044509202,GPS
,,,,,,,03/28/2016,7.035454083,GPS
,,,,,,,03/29/2016,7.029876655,GPS
,,,,,,,03/30/2016,7.03778348,GPS
,,,,,,,03/31/2016,7.03899739,GPS
,,,,,,,04/01/2016,7.047363532,GPS
,,,,,,,04/02/2016,7.043000015,GPS
,,,,,,,04/03/2016,7.030139122,GPS
,,,,,,,04/04/2016,7.033157495,GPS
,,,,,,,04/05/2016,7.05848558,GPS
,,,,,,,04/06/2016,7.057009202,GPS
,,,,,,,04/07/2016,7.051891092,GPS
,,,,,,,04/08/2016,7.033223112,GPS
,,,,,,,04/09/2016,7.030828099,GPS
,,,,,,,04/10/2016,7.056484268,GPS
,,,,,,,04/11/2016,7.049102378,GPS
,,,,,,,04/12/2016,7.057763795,GPS
,,,,,,,04/13/2016,7.042376656,GPS
,,,,,,,04/14/2016,7.032337285,GPS
,,,,,,,04/15/2016,7.036011826,GPS
,,,,,,,04/16/2016,7.058091879,GPS
,,,,,,,04/17/2016,7.05418768,GPS
,,,,,,,04/18/2016,7.061930462,GPS
,,,,,,,04/19/2016,7.042803165,GPS
,,,,,,,04/20/2016,7.033190304,GPS
,,,,,,,04/21/2016,7.060880593,GPS
,,,,,,,04/22/2016,7.070395029,GPS
,,,,,,,04/23/2016,7.064686368,GPS
,,,,,,,04/24/2016,7.061274294,GPS
,,,,,,,04/25/2016,7.056057758,GPS
,,,,,,,04/26/2016,7.052383218,GPS
,,,,,,,04/27/2016,7.056713926,GPS
,,,,,,,04/28/2016,7.066654872,GPS
,,,,,,,04/29/2016,7.068820226,GPS
,,,,,,,04/30/2016,7.053892404,GPS
,,,,,,,05/01/2016,7.05500789,GPS
,,,,,,,05/02/2016,7.074561696,GPS
,,,,,,,05/03/2016,7.053990829,GPS
,,,,,,,05/04/2016,7.059240173,GPS
,,,,,,,05/05/2016,7.059765108,GPS
,,,,,,,05/06/2016,7.05212075,GPS
,,,,,,,05/07/2016,7.061175869,GPS
,,,,,,,05/08/2016,7.053826787,GPS
,,,,,,,05/09/2016,7.058912089,GPS
,,,,,,,05/10/2016,7.078433087,GPS
,,,,,,,05/11/2016,7.110847786,GPS
,,,,,,,05/12/2016,7.072002641,GPS
,,,,,,,05/13/2016,7.069837286,GPS
,,,,,,,05/14/2016,7.077744111,GPS
,,,,,,,05/15/2016,7.046248047,GPS
,,,,,,,05/16/2016,7.06731104,GPS
,,,,,,,05/17/2016,7.077481644,GPS
,,,,,,,05/18/2016,7.10359713,GPS
,,,,,,,05/19/2016,7.083813665,GPS
,,,,,,,05/20/2016,7.076464583,GPS
,,,,,,,05/21/2016,7.096084006,GPS
,,,,,,,05/22/2016,7.098085319,GPS
,,,,,,,05/23/2016,7.100349098,GPS
,,,,,,,05/24/2016,7.099594505,GPS
,,,,,,,05/25/2016,7.095887156,GPS
,,,,,,,05/26/2016,7.081713927,GPS
,,,,,,,05/27/2016,7.095526264,GPS
,,,,,,,05/28/2016,7.099988206,GPS
,,,,,,,05/29/2016,7.105696868,GPS
,,,,,,,05/30/2016,7.123544637,GPS
,,,,,,,05/31/2016,7.117081382,GPS
,,,,,,,06/01/2016,7.106353036,GPS
,,,,,,,06/02/2016,7.113997393,GPS
,,,,,,,06/03/2016,7.111930464,GPS
,,,,,,,06/04/2016,7.129384532,GPS
,,,,,,,06/05/2016,7.105795293,GPS
,,,,,,,06/06/2016,7.134272984,GPS
,,,,,,,06/07/2016,7.118426527,GPS
,,,,,,,06/08/2016,7.117475083,GPS
,,,,,,,06/09/2016,7.127284795,GPS
,,,,,,,06/10/2016,7.129318916,GPS
,,,,,,,06/11/2016,7.140834664,GPS
,,,,,,,06/12/2016,7.139981646,GPS
,,,,,,,06/13/2016,7.117507892,GPS
,,,,,,,06/14/2016,7.114916028,GPS
,,,,,,,06/15/2016,7.123577446,GPS
,,,,,,,06/16/2016,7.135060386,GPS
,,,,,,,06/17/2016,7.132960648,GPS
,,,,,,,06/18/2016,7.138636501,GPS
,,,,,,,06/19/2016,7.149496082,GPS
,,,,,,,06/20/2016,7.13660238,GPS
,,,,,,,06/21/2016,7.144706055,GPS
,,,,,,,06/22/2016,7.154811042,GPS
,,,,,,,06/23/2016,7.129515766,GPS
,,,,,,,06/24/2016,7.117048574,GPS
,,,,,,,06/25/2016,7.136864848,GPS
,,,,,,,06/26/2016,7.15280973,GPS
,,,,,,,06/27/2016,7.155139126,GPS
,,,,,,,06/28/2016,7.164948838,GPS
,,,,,,,06/29/2016,7.164522329,GPS
,,,,,,,06/30/2016,7.152514454,GPS
,,,,,,,07/01/2016,7.150053824,GPS
,,,,,,,07/02/2016,7.145132564,GPS
,,,,,,,07/03/2016,7.159141751,GPS
,,,,,,,07/04/2016,7.161963274,GPS
,,,,,,,07/05/2016,7.162586633,GPS
,,,,,,,07/06/2016,7.161274297,GPS
,,,,,,,07/07/2016,7.158157499,GPS
,,,,,,,07/08/2016,7.176891096,GPS
,,,,,,,07/09/2016,7.180171936,GPS
,,,,,,,07/10/2016,7.1710512,GPS
,,,,,,,07/11/2016,7.176038077,GPS
,,,,,,,07/12/2016,7.171969836,GPS
,,,,,,,07/13/2016,7.171904219,GPS
,,,,,,,07/14/2016,7.186208681,GPS
,,,,,,,07/15/2016,7.167278234,GPS
,,,,,,,07/16/2016,7.165440964,GPS
,,,,,,,07/17/2016,7.1710512,GPS
,,,,,,,07/18/2016,7.178498707,GPS
,,,,,,,07/19/2016,7.185650938,GPS
,,,,,,,07/20/2016,7.181188996,GPS
,,,,,,,07/21/2016,7.17659582,GPS
,,,,,,,07/22/2016,7.16941078,GPS
,,,,,,,07/23/2016,7.18542128,GPS
,,,,,,,07/24/2016,7.172232303,GPS
,,,,,,,07/25/2016,7.176530203,GPS
,,,,,,,07/26/2016,7.178662749,GPS
,,,,,,,07/27/2016,7.182829416,GPS
,,,,,,,07/28/2016,7.172035452,GPS
,,,,,,,07/29/2016,7.167212618,GPS
,,,,,,,07/30/2016,7.149824166,GPS
,,,,,,,07/31/2016,7.173150938,GPS
,,,,,,,08/01/2016,7.177087946,GPS
,,,,,,,08/02/2016,7.165080072,GPS
,,,,,,,08/03/2016,7.176267736,GPS
,,,,,,,08/04/2016,7.222068262,GPS
,,,,,,,08/05/2016,7.180795295,GPS
,,,,,,,08/06/2016,7.168787421,GPS
,,,,,,,08/07/2016,7.166392408,GPS
,,,,,,,08/08/2016,7.174266424,GPS
,,,,,,,08/09/2016,7.175283484,GPS
,,,,,,,08/10/2016,7.194935716,GPS
,,,,,,,08/11/2016,7.202580073,GPS
,,,,,,,08/12/2016,7.207468524,GPS
,,,,,,,08/13/2016,7.19975855,GPS
,,,,,,,08/14/2016,7.194607632,GPS
,,,,,,,08/15/2016,7.174856975,GPS
,,,,,,,08/16/2016,7.185552513,GPS
,,,,,,,08/17/2016,7.182009206,GPS
,,,,,,,08/18/2016,7.167212618,GPS
,,,,,,,08/19/2016,7.191064324,GPS
,,,,,,,08/20/2016,7.180631253,GPS
,,,,,,,08/21/2016,7.174069573,GPS
,,,,,,,08/22/2016,7.185683747,GPS
,,,,,,,08/23/2016,7.177908156,GPS
,,,,,,,08/24/2016,7.189227054,GPS
,,,,,,,08/25/2016,7.191097133,GPS
,,,,,,,08/26/2016,7.180040702,GPS
,,,,,,,08/27/2016,7.205270362,GPS
,,,,,,,08/28/2016,7.200775611,GPS
,,,,,,,08/29/2016,7.200742802,GPS
,,,,,,,08/30/2016,7.186569574,GPS
,,,,,,,08/31/2016,7.182895033,GPS
,,,,,,,09/01/2016,7.187225742,GPS
,,,,,,,09/02/2016,7.181254613,GPS
,,,,,,,09/03/2016,7.160979022,GPS
,,,,,,,09/04/2016,7.164063011,GPS
,,,,,,,09/05/2016,7.170887158,GPS
,,,,,,,09/06/2016,7.176989521,GPS
,,,,,,,09/07/2016,7.177087946,GPS
,,,,,,,09/08/2016,7.205893721,GPS
,,,,,,,09/09/2016,7.192114193,GPS
,,,,,,,09/10/2016,7.207173249,GPS
,,,,,,,09/11/2016,7.203105007,GPS
,,,,,,,09/12/2016,7.192081385,GPS
,,,,,,,09/13/2016,7.173774298,GPS
,,,,,,,09/14/2016,7.188734928,GPS
,,,,,,,09/15/2016,7.192639128,GPS
,,,,,,,09/16/2016,7.175283484,GPS
,,,,,,,09/17/2016,7.169673248,GPS
,,,,,,,09/18/2016,7.170723116,GPS
,,,,,,,09/19/2016,7.161077447,GPS
,,,,,,,09/20/2016,7.152350412,GPS
,,,,,,,09/21/2016,7.148183746,GPS
,,,,,,,09/22/2016,7.149856974,GPS
,,,,,,,09/23/2016,7.172002644,GPS
,,,,,,,09/24/2016,7.174430466,GPS
,,,,,,,09/25/2016,7.171608943,GPS
,,,,,,,09/26/2016,7.157829415,GPS
,,,,,,,09/27/2016,7.151825478,GPS
,,,,,,,09/28/2016,7.177448838,GPS
,,,,,,,09/29/2016,7.2038596,GPS
,,,,,,,09/30/2016,7.174463274,GPS
,,,,,,,10/01/2016,7.151333352,GPS
,,,,,,,10/02/2016,7.157009205,GPS
,,,,,,,10/03/2016,7.172461962,GPS
,,,,,,,10/04/2016,7.171116817,GPS
,,,,,,,10/05/2016,7.162061699,GPS
,,,,,,,10/06/2016,7.147166685,GPS
,,,,,,,10/07/2016,7.160454087,GPS
,,,,,,,10/08/2016,7.156188995,GPS
,,,,,,,10/09/2016,7.161274297,GPS
,,,,,,,10/10/2016,7.156254612,GPS
,,,,,,,10/11/2016,7.155992145,GPS
,,,,,,,10/12/2016,7.166884534,GPS
,,,,,,,10/13/2016,7.176136502,GPS
,,,,,,,10/14/2016,7.149594507,GPS
,,,,,,,10/15/2016,7.153859599,GPS
,,,,,,,10/16/2016,7.183485584,GPS
,,,,,,,10/17/2016,7.15343309,GPS
,,,,,,,10/18/2016,7.163931778,GPS
,,,,,,,10/19/2016,7.180565636,GPS
,,,,,,,10/20/2016,7.174922592,GPS
,,,,,,,10/21/2016,7.174167998,GPS
,,,,,,,10/22/2016,7.150841226,GPS
,,,,,,,10/23/2016,7.180565636,GPS
,,,,,,,10/24/2016,7.166458024,GPS
,,,,,,,10/25/2016,7.193459338,GPS
,,,,,,,10/26/2016,7.178367474,GPS
,,,,,,,10/27/2016,7.163997394,GPS
,,,,,,,10/28/2016,7.15280973,GPS
,,,,,,,10/29/2016,7.178728366,GPS
,,,,,,,10/30/2016,7.175283484,GPS
,,,,,,,10/31/2016,7.158518392,GPS
,,,,,,,11/01/2016,7.158813667,GPS
,,,,,,,11/02/2016,7.165276922,GPS
,,,,,,,11/03/2016,7.195066949,GPS
,,,,,,,11/04/2016,7.191293983,GPS
,,,,,,,11/05/2016,7.167639127,GPS
,,,,,,,11/06/2016,7.1585512,GPS
,,,,,,,11/07/2016,7.175250676,GPS
,,,,,,,11/08/2016,7.165670623,GPS
,,,,,,,11/09/2016,7.17803939,GPS
,,,,,,,11/10/2016,7.169870098,GPS
,,,,,,,11/11/2016,7.166195557,GPS
,,,,,,,11/12/2016,7.133551199,GPS
,,,,,,,11/13/2016,7.157435714,GPS
,,,,,,,11/14/2016,7.178695558,GPS
,,,,,,,11/15/2016,7.162225741,GPS
,,,,,,,11/16/2016,7.150021016,GPS
,,,,,,,11/17/2016,7.151398969,GPS
,,,,,,,11/18/2016,7.165375347,GPS
,,,,,,,11/19/2016,7.159633877,GPS
,,,,,,,11/20/2016,7.168262486,GPS
,,,,,,,11/21/2016,7.153597132,GPS
,,,,,,,11/22/2016,7.154778234,GPS
,,,,,,,11/23/2016,7.160782171,GPS
,,,,,,,11/24/2016,7.155828103,GPS
,,,,,,,11/25/2016,7.163603694,GPS
,,,,,,,11/26/2016,7.167048576,GPS
,,,,,,,11/27/2016,7.124791356,GPS
,,,,,,,11/28/2016,7.14788847,GPS
,,,,,,,11/29/2016,7.125480333,GPS
,,,,,,,11/30/2016,7.150513142,GPS
,,,,,,,12/01/2016,7.15874805,GPS
,,,,,,,12/02/2016,7.167639127,GPS
,,,,,,,12/03/2016,7.163800544,GPS
,,,,,,,12/04/2016,7.147626003,GPS
,,,,,,,12/05/2016,7.130828102,GPS
,,,,,,,12/06/2016,7.141982958,GPS
,,,,,,,12/07/2016,7.167803169,GPS
,,,,,,,12/08/2016,7.167409468,GPS
,,,,,,,12/09/2016,7.167278234,GPS
,,,,,,,12/10/2016,7.138833352,GPS
,,,,,,,12/11/2016,7.134601068,GPS
,,,,,,,12/12/2016,7.157468523,GPS
,,,,,,,12/13/2016,7.156582696,GPS
,,,,,,,12/14/2016,7.164850413,GPS
,,,,,,,12/15/2016,7.155040701,GPS
,,,,,,,12/16/2016,7.125578758,GPS
,,,,,,,12/17/2016,7.139423903,GPS
,,,,,,,12/18/2016,7.154482958,GPS
,,,,,,,12/19/2016,7.16530973,GPS
,,,,,,,12/20/2016,7.157238864,GPS
,,,,,,,12/21/2016,7.164850413,GPS
,,,,,,,12/22/2016,7.141359598,GPS
,,,,,,,12/23/2016,7.130500018,GPS
,,,,,,,12/24/2016,7.137258548,GPS
,,,,,,,12/25/2016,7.130893719,GPS
,,,,,,,12/26/2016,7.138702118,GPS
,,,,,,,12/27/2016,7.147396344,GPS
,,,,,,,12/28/2016,7.147527578,GPS
,,,,,,,12/29/2016,7.159076134,GPS
,,,,,,,12/30/2016,7.135749362,GPS
,,,,,,,12/31/2016,7.128958023,GPS
,,,,,,,01/01/2017,7.105270358,GPS
,,,,,,,01/02/2017,7.129647,GPS
,,,,,,,01/03/2017,7.146280858,GPS
,,,,,,,01/04/2017,7.146641751,GPS
,,,,,,,01/05/2017,7.123183745,GPS
,,,,,,,01/06/2017,7.144542013,GPS
,,,,,,,01/07/2017,7.126136501,GPS
,,,,,,,01/08/2017,7.163931778,GPS
,,,,,,,01/09/2017,7.145460648,GPS
,,,,,,,01/10/2017,7.141490832,GPS
,,,,,,,01/11/2017,7.117212616,GPS
,,,,,,,01/12/2017,7.128695556,GPS
,,,,,,,01/13/2017,7.137192932,GPS
,,,,,,,01/14/2017,7.159404218,GPS
,,,,,,,01/15/2017,7.140998706,GPS
,,,,,,,01/16/2017,7.127776921,GPS
,,,,,,,01/17/2017,7.117573508,GPS
,,,,,,,01/18/2017,7.136339913,GPS
,,,,,,,01/19/2017,7.105631251,GPS
,,,,,,,01/20/2017,7.107173246,GPS
,,,,,,,01/21/2017,7.112750674,GPS
,,,,,,,01/22/2017,7.123446212,GPS
,,,,,,,01/23/2017,7.115211304,GPS
,,,,,,,01/24/2017,7.122986894,GPS
,,,,,,,01/25/2017,7.16347246,GPS
,,,,,,,01/26/2017,7.175185059,GPS
,,,,,,,01/27/2017,7.176858287,GPS
,,,,,,,01/28/2017,7.176169311,GPS
,,,,,,,01/29/2017,7.176628628,GPS
,,,,,,,01/30/2017,7.158452775,GPS
,,,,,,,01/31/2017,7.171510518,GPS
,,,,,,,02/01/2017,7.167179809,GPS
,,,,,,,02/02/2017,7.145099756,GPS
,,,,,,,02/03/2017,7.152448838,GPS
,,,,,,,02/04/2017,7.141884533,GPS
,,,,,,,02/05/2017,7.143524953,GPS
,,,,,,,02/06/2017,7.125414716,GPS
,,,,,,,02/07/2017,7.154384533,GPS
,,,,,,,02/08/2017,7.13128742,GPS
,,,,,,,02/09/2017,7.149758549,GPS
,,,,,,,02/10/2017,7.148118129,GPS
,,,,,,,02/11/2017,7.155368785,GPS
,,,,,,,02/12/2017,7.154647,GPS
,,,,,,,02/13/2017,7.16347246,GPS
,,,,,,,02/14/2017,7.1542533,GPS
,,,,,,,02/15/2017,7.148183746,GPS
,,,,,,,02/16/2017,7.12882679,GPS
,,,,,,,02/17/2017,7.11199608,GPS
,,,,,,,02/18/2017,7.106549886,GPS
,,,,,,,02/19/2017,7.094279544,GPS
,,,,,,,02/20/2017,7.140342538,GPS
,,,,,,,02/21/2017,7.134994769,GPS
,,,,,,,02/22/2017,7.148479021,GPS
,,,,,,,02/23/2017,7.16120868,GPS
,,,,,,,02/24/2017,7.151759861,GPS
,,,,,,,02/25/2017,7.136011829,GPS
,,,,,,,02/26/2017,7.137356974,GPS
,,,,,,,02/27/2017,7.111930464,GPS
,,,,,,,02/28/2017,7.145001331,GPS
,,,,,,,03/01/2017,7.15527036,GPS
,,,,,,,03/02/2017,7.150906843,GPS
,,,,,,,03/03/2017,7.153958024,GPS
,,,,,,,03/04/2017,7.136667997,GPS
,,,,,,,03/05/2017,7.129384532,GPS
,,,,,,,03/06/2017,7.133387157,GPS
,,,,,,,03/07/2017,7.142081383,GPS
,,,,,,,03/08/2017,7.150513142,GPS
,,,,,,,03/09/2017,7.16448952,GPS
,,,,,,,03/10/2017,7.167343851,GPS
,,,,,,,03/11/2017,7.158682434,GPS
,,,,,,,03/12/2017,7.14480448,GPS
,,,,,,,03/13/2017,7.146674559,GPS
,,,,,,,03/14/2017,7.134535451,GPS
,,,,,,,03/15/2017,7.139817604,GPS
,,,,,,,03/16/2017,7.123216553,GPS
,,,,,,,03/17/2017,7.148544638,GPS
,,,,,,,03/18/2017,7.134896344,GPS
,,,,,,,03/19/2017,7.15218637,GPS
,,,,,,,03/20/2017,7.151825478,GPS
,,,,,,,03/21/2017,7.1257428,GPS
,,,,,,,03/22/2017,7.120591881,GPS
,,,,,,,03/23/2017,7.128465897,GPS
,,,,,,,03/24/2017,7.149036764,GPS
,,,,,,,03/25/2017,7.149036764,GPS
,,,,,,,03/26/2017,7.136110254,GPS
,,,,,,,03/27/2017,7.135650937,GPS
,,,,,,,03/28/2017,7.140834664,GPS
,,,,,,,03/29/2017,7.156385846,GPS
,,,,,,,03/30/2017,7.149561698,GPS
,,,,,,,03/31/2017,7.153170622,GPS
,,,,,,,04/01/2017,7.135290044,GPS
,,,,,,,04/02/2017,7.132173246,GPS
,,,,,,,04/03/2017,7.136175871,GPS
,,,,,,,04/04/2017,7.145395032,GPS
,,,,,,,04/05/2017,7.146674559,GPS
,,,,,,,04/06/2017,7.140244113,GPS
,,,,,,,04/07/2017,7.133288732,GPS
,,,,,,,04/08/2017,7.121805792,GPS
,,,,,,,04/09/2017,7.143360911,GPS
,,,,,,,04/10/2017,7.162816292,GPS
,,,,,,,04/11/2017,7.151333352,GPS
,,,,,,,04/12/2017,7.137586632,GPS
,,,,,,,04/13/2017,7.15054595,GPS
,,,,,,,04/14/2017,7.161044638,GPS
,,,,,,,04/15/2017,7.162619442,GPS
,,,,,,,04/16/2017,7.152350412,GPS
,,,,,,,04/17/2017,7.139653562,GPS
,,,,,,,04/18/2017,7.157402906,GPS
,,,,,,,04/19/2017,7.152514454,GPS
,,,,,,,04/20/2017,7.162127316,GPS
,,,,,,,04/21/2017,7.162881909,GPS
,,,,,,,04/22/2017,7.154581384,GPS
,,,,,,,04/23/2017,7.152416029,GPS
,,,,,,,04/24/2017,7.145985583,GPS
,,,,,,,04/25/2017,7.145165373,GPS
,,,,,,,04/26/2017,7.148610255,GPS
,,,,,,,04/27/2017,7.161733615,GPS
,,,,,,,04/28/2017,7.145460648,GPS
,,,,,,,04/29/2017,7.152842538,GPS
,,,,,,,04/30/2017,7.166917342,GPS
,,,,,,,05/01/2017,7.144082696,GPS
,,,,,,,05/02/2017,7.159863536,GPS
,,,,,,,05/03/2017,7.143492144,GPS
,,,,,,,05/04/2017,7.149003956,GPS
,,,,,,,05/05/2017,7.143131252,GPS
,,,,,,,05/06/2017,7.15015225,GPS
,,,,,,,05/07/2017,7.149791357,GPS
,,,,,,,05/08/2017,7.154909468,GPS
,,,,,,,05/09/2017,7.146379284,GPS
,,,,,,,05/10/2017,7.156779546,GPS
,,,,,,,05/11/2017,7.17311813,GPS
,,,,,,,05/12/2017,7.165211305,GPS
,,,,,,,05/13/2017,7.166523641,GPS
,,,,,,,05/14/2017,7.146477709,GPS
,,,,,,,05/15/2017,7.141786108,GPS
,,,,,,,05/16/2017,7.145263798,GPS
,,,,,,,05/17/2017,7.146412092,GPS
,,,,,,,05/18/2017,7.145690307,GPS
,,,,,,,05/19/2017,7.168885846,GPS
,,,,,,,05/20/2017,7.135290044,GPS
,,,,,,,05/21/2017,7.140408155,GPS
,,,,,,,05/22/2017,7.150217866,GPS
,,,,,,,05/23/2017,7.155598444,GPS
,,,,,,,05/24/2017,7.141359598,GPS
,,,,,,,05/25/2017,7.128137813,GPS
,,,,,,,05/26/2017,7.137619441,GPS
,,,,,,,05/27/2017,7.153728365,GPS
,,,,,,,05/28/2017,7.153072197,GPS
,,,,,,,05/29/2017,7.141589257,GPS
,,,,,,,05/30/2017,7.135552512,GPS
,,,,,,,05/31/2017,7.14070343,GPS
,,,,,,,06/01/2017,7.160979022,GPS
,,,,,,,06/02/2017,7.14480448,GPS
,,,,,,,06/03/2017,7.153400281,GPS
,,,,,,,06/04/2017,7.144935714,GPS
,,,,,,,06/05/2017,7.12758007,GPS
,,,,,,,06/06/2017,7.12820343,GPS
,,,,,,,06/07/2017,7.153728365,GPS
,,,,,,,06/08/2017,7.164948838,GPS
,,,,,,,06/09/2017,7.140440963,GPS
,,,,,,,06/10/2017,7.127875346,GPS
,,,,,,,06/11/2017,7.128236238,GPS
,,,,,,,06/12/2017,7.117015766,GPS
,,,,,,,06/13/2017,7.148872722,GPS
,,,,,,,06/14/2017,7.138013142,GPS
,,,,,,,06/15/2017,7.133059073,GPS
,,,,,,,06/16/2017,7.149069572,GPS
,,,,,,,06/17/2017,7.129318916,GPS
,,,,,,,06/18/2017,7.136930464,GPS
,,,,,,,06/19/2017,7.152678496,GPS
,,,,,,,06/20/2017,7.151727053,GPS
,,,,,,,06/21/2017,7.131877971,GPS
,,,,,,,06/22/2017,7.142179808,GPS
,,,,,,,06/23/2017,7.172593195,GPS
,,,,,,,06/24/2017,7.172133878,GPS
,,,,,,,06/25/2017,7.156418654,GPS
,,,,,,,06/26/2017,7.134043325,GPS
,,,,,,,06/27/2017,7.145690307,GPS
,,,,,,,06/28/2017,7.134929152,GPS
,,,,,,,06/29/2017,7.156976397,GPS
,,,,,,,06/30/2017,7.173085321,GPS
,,,,,,,07/01/2017,7.151103693,GPS
,,,,,,,07/02/2017,7.165605006,GPS
,,,,,,,07/03/2017,7.153859599,GPS
,,,,,,,07/04/2017,7.165801856,GPS
,,,,,,,07/05/2017,7.182566949,GPS
,,,,,,,07/06/2017,7.152416029,GPS
,,,,,,,07/07/2017,7.1749554,GPS
,,,,,,,07/08/2017,7.155106318,GPS
,,,,,,,07/09/2017,7.154843851,GPS
,,,,,,,07/10/2017,7.165867473,GPS
,,,,,,,07/11/2017,7.14316406,GPS
,,,,,,,07/12/2017,7.158813667,GPS
,,,,,,,07/13/2017,7.158091882,GPS
,,,,,,,07/14/2017,7.193262487,GPS
,,,,,,,07/15/2017,7.170821542,GPS
,,,,,,,07/16/2017,7.169574822,GPS
,,,,,,,07/17/2017,7.13332154,GPS
,,,,,,,07/18/2017,7.15710763,GPS
,,,,,,,07/19/2017,7.182895033,GPS
,,,,,,,07/20/2017,7.190244114,GPS
,,,,,,,07/21/2017,7.165605006,GPS
,,,,,,,07/22/2017,7.152514454,GPS
,,,,,,,07/23/2017,7.169574822,GPS
,,,,,,,07/24/2017,7.166884534,GPS
,,,,,,,07/25/2017,7.148643063,GPS
,,,,,,,07/26/2017,7.17433204,GPS
,,,,,,,07/27/2017,7.183879285,GPS
,,,,,,,07/28/2017,7.190801857,GPS
,,,,,,,07/29/2017,7.186471148,GPS
,,,,,,,07/30/2017,7.168492145,GPS
,,,,,,,07/31/2017,7.193295296,GPS
,,,,,,,08/01/2017,7.181287421,GPS
,,,,,,,08/02/2017,7.194804482,GPS
,,,,,,,08/03/2017,7.184437028,GPS
,,,,,,,08/04/2017,7.198774298,GPS
,,,,,,,08/05/2017,7.16901708,GPS
,,,,,,,08/06/2017,7.169935715,GPS
,,,,,,,08/07/2017,7.179351726,GPS
,,,,,,,08/08/2017,7.194148314,GPS
,,,,,,,08/09/2017,7.195854351,GPS
,,,,,,,08/10/2017,7.173675872,GPS
,,,,,,,08/11/2017,7.171608943,GPS
,,,,,,,08/12/2017,7.1913596,GPS
,,,,,,,08/13/2017,7.190670624,GPS
,,,,,,,08/14/2017,7.179778235,GPS
,,,,,,,08/15/2017,7.180007894,GPS
,,,,,,,08/16/2017,7.181615505,GPS
,,,,,,,08/17/2017,7.182927841,GPS
,,,,,,,08/18/2017,7.190769049,GPS
,,,,,,,08/19/2017,7.186044639,GPS
,,,,,,,08/20/2017,7.187324167,GPS
,,,,,,,08/21/2017,7.18725855,GPS
,,,,,,,08/22/2017,7.191129941,GPS
,,,,,,,08/23/2017,7.186766424,GPS
,,,,,,,08/24/2017,7.192442277,GPS
,,,,,,,08/25/2017,7.179581384,GPS
,,,,,,,08/26/2017,7.175874035,GPS
,,,,,,,08/27/2017,7.183124692,GPS
,,,,,,,08/28/2017,7.185388471,GPS
,,,,,,,08/29/2017,7.185650938,GPS
,,,,,,,08/30/2017,7.161667998,GPS
,,,,,,,08/31/2017,7.15956826,GPS
,,,,,,,09/01/2017,7.177186371,GPS
,,,,,,,09/02/2017,7.175316292,GPS
,,,,,,,09/03/2017,7.185355663,GPS
,,,,,,,09/04/2017,7.204253301,GPS
,,,,,,,09/05/2017,7.173446214,GPS
,,,,,,,09/06/2017,7.173872723,GPS
,,,,,,,09/07/2017,7.17003414,GPS
,,,,,,,09/08/2017,7.180860912,GPS
,,,,,,,09/09/2017,7.187980335,GPS
,,,,,,,09/10/2017,7.158944901,GPS
,,,,,,,09/11/2017,7.135191619,GPS
,,,,,,,09/12/2017,7.140473772,GPS
,,,,,,,09/13/2017,7.166917342,GPS
,,,,,,,09/14/2017,7.180040702,GPS
,,,,,,,09/15/2017,7.17269162,GPS
,,,,,,,09/16/2017,7.145362223,GPS
,,,,,,,09/17/2017,7.158026266,GPS
,,,,,,,09/18/2017,7.164259862,GPS
,,,,,,,09/19/2017,7.152251987,GPS
,,,,,,,09/20/2017,7.159961961,GPS
,,,,,,,09/21/2017,7.15445015,GPS
,,,,,,,09/22/2017,7.159896344,GPS
,,,,,,,09/23/2017,7.15280973,GPS
,,,,,,,09/24/2017,7.150316292,GPS
,,,,,,,09/25/2017,7.165014455,GPS
,,,,,,,09/26/2017,7.146969835,GPS
,,,,,,,09/27/2017,7.17557876,GPS
,,,,,,,09/28/2017,7.172822854,GPS
,,,,,,,09/29/2017,7.177842539,GPS
,,,,,,,09/30/2017,7.16573624,GPS
,,,,,,,10/01/2017,7.166261174,GPS
,,,,,,,10/02/2017,7.153695557,GPS
,,,,,,,10/03/2017,7.155434402,GPS
,,,,,,,10/04/2017,7.184240177,GPS
,,,,,,,10/05/2017,7.185027579,GPS
,,,,,,,10/06/2017,7.169673248,GPS
,,,,,,,10/07/2017,7.152711305,GPS
,,,,,,,10/08/2017,7.148216554,GPS
,,,,,,,10/09/2017,7.159010518,GPS
,,,,,,,10/10/2017,7.175545951,GPS
,,,,,,,10/11/2017,7.163406843,GPS
,,,,,,,10/12/2017,7.165769048,GPS
,,,,,,,10/13/2017,7.175086634,GPS
,,,,,,,10/14/2017,7.16695015,GPS
,,,,,,,10/15/2017,7.18460107,GPS
,,,,,,,10/16/2017,7.181221804,GPS
,,,,,,,10/17/2017,7.162324166,GPS
,,,,,,,10/18/2017,7.171149626,GPS
,,,,,,,10/19/2017,7.134994769,GPS
,,,,,,,10/20/2017,7.139784795,GPS
,,,,,,,10/21/2017,7.149233614,GPS
,,,,,,,10/22/2017,7.179023642,GPS
,,,,,,,10/23/2017,7.184141752,GPS
,,,,,,,10/24/2017,7.180762487,GPS
,,,,,,,10/25/2017,7.168032828,GPS
,,,,,,,10/26/2017,7.162717867,GPS
,,,,,,,10/27/2017,7.174824166,GPS
,,,,,,,10/28/2017,7.171248051,GPS
,,,,,,,10/29/2017,7.166654875,GPS
,,,,,,,10/30/2017,7.182304482,GPS
,,,,,,,10/31/2017,7.170493458,GPS
,,,,,,,11/01/2017,7.172822854,GPS
,,,,,,,11/02/2017,7.163898969,GPS
,,,,,,,11/03/2017,7.18069687,GPS
,,,,,,,11/04/2017,7.178958025,GPS
,,,,,,,11/05/2017,7.179187684,GPS
,,,,,,,11/06/2017,7.191818918,GPS
,,,,,,,11/07/2017,7.167048576,GPS
,,,,,,,11/08/2017,7.183059075,GPS
,,,,,,,11/09/2017,7.153105006,GPS
,,,,,,,11/10/2017,7.170755925,GPS
,,,,,,,11/11/2017,7.165670623,GPS
,,,,,,,11/12/2017,7.166490833,GPS
,,,,,,,11/13/2017,7.163636502,GPS
,,,,,,,11/14/2017,7.173249363,GPS
,,,,,,,11/15/2017,7.169706056,GPS
,,,,,,,11/16/2017,7.163078759,GPS
,,,,,,,11/17/2017,7.173971148,GPS
,,,,,,,11/18/2017,7.149660124,GPS
,,,,,,,11/19/2017,7.164423904,GPS
,,,,,,,11/20/2017,7.170887158,GPS
,,,,,,,11/21/2017,7.161963274,GPS
,,,,,,,11/22/2017,7.171248051,GPS
,,,,,,,11/23/2017,7.152251987,GPS
,,,,,,,11/24/2017,7.15362994,GPS
,,,,,,,11/25/2017,7.168524954,GPS
,,,,,,,11/26/2017,7.1706575,GPS
,,,,,,,11/27/2017,7.130992144,GPS
,,,,,,,11/28/2017,7.158124691,GPS
,,,,,,,11/29/2017,7.151628628,GPS
,,,,,,,11/30/2017,7.166851725,GPS
,,,,,,,12/01/2017,7.176563012,GPS
,,,,,,,12/02/2017,7.150611567,GPS
,,,,,,,12/03/2017,7.140998706,GPS
,,,,,,,12/04/2017,7.147429152,GPS
,,,,,,,12/05/2017,7.163538077,GPS
,,,,,,,12/06/2017,7.172626004,GPS
,,,,,,,12/07/2017,7.176267736,GPS
,,,,,,,12/08/2017,7.16593309,GPS
,,,,,,,12/09/2017,7.154942276,GPS
,,,,,,,12/10/2017,7.164686371,GPS
,,,,,,,12/11/2017,7.166818917,GPS
,,,,,,,12/12/2017,7.172429153,GPS
,,,,,,,12/13/2017,7.161963274,GPS
,,,,,,,12/14/2017,7.153170622,GPS
,,,,,,,12/15/2017,7.162816292,GPS
,,,,,,,12/16/2017,7.149594507,GPS
,,,,,,,12/17/2017,7.143295294,GPS
,,,,,,,12/18/2017,7.16163519,GPS
,,,,,,,12/19/2017,7.155828103,GPS
,,,,,,,12/20/2017,7.139161436,GPS
,,,,,,,12/21/2017,7.156517079,GPS
,,,,,,,12/22/2017,7.15773099,GPS
,,,,,,,12/23/2017,7.163406843,GPS
,,,,,,,12/24/2017,7.160552512,GPS
,,,,,,,12/25/2017,7.168098444,GPS
,,,,,,,12/26/2017,7.169706056,GPS
,,,,,,,12/27/2017,7.173380597,GPS
,,,,,,,12/28/2017,7.15054595,GPS
,,,,,,,12/29/2017,7.146772984,GPS
,,,,,,,12/30/2017,7.148380596,GPS
,,,,,,,12/31/2017,7.144148312,GPS
,,,,,,,01/01/2018,7.164850413,GPS
,,,,,,,01/02/2018,7.176891096,GPS
,,,,,,,01/03/2018,7.159010518,GPS
,,,,,,,01/04/2018,7.157271672,GPS
,,,,,,,01/05/2018,7.152448838,GPS
,,,,,,,01/06/2018,7.145919966,GPS
,,,,,,,01/07/2018,7.145362223,GPS
,,,,,,,01/08/2018,7.148544638,GPS
,,,,,,,01/09/2018,7.144542013,GPS
,,,,,,,01/10/2018,7.14070343,GPS
,,,,,,,01/11/2018,7.152481646,GPS
,,,,,,,01/12/2018,7.169443589,GPS
,,,,,,,01/13/2018,7.158288733,GPS
,,,,,,,01/14/2018,7.162356974,GPS
,,,,,,,01/15/2018,7.171313668,GPS
,,,,,,,01/16/2018,7.171379284,GPS
,,,,,,,01/17/2018,7.157402906,GPS
,,,,,,,01/18/2018,7.169246738,GPS
,,,,,,,01/19/2018,7.141162748,GPS
,,,,,,,01/20/2018,7.157074822,GPS
,,,,,,,01/21/2018,7.156320229,GPS
,,,,,,,01/22/2018,7.151694244,GPS
,,,,,,,01/23/2018,7.158649625,GPS
,,,,,,,01/24/2018,7.156812355,GPS
,,,,,,,01/25/2018,7.147232302,GPS
,,,,,,,01/26/2018,7.168229678,GPS
,,,,,,,01/27/2018,7.1667533,GPS
,,,,,,,01/28/2018,7.177448838,GPS
,,,,,,,01/29/2018,7.165014455,GPS
,,,,,,,01/30/2018,7.16163519,GPS
,,,,,,,01/31/2018,7.160552512,GPS
,,,,,,,02/01/2018,7.167737552,GPS
,,,,,,,02/02/2018,7.164653562,GPS
,,,,,,,02/03/2018,7.16019162,GPS
,,,,,,,02/04/2018,7.146510517,GPS
,,,,,,,02/05/2018,7.147757236,GPS
,,,,,,,02/06/2018,7.144706055,GPS
,,,,,,,02/07/2018,7.167475085,GPS
,,,,,,,02/08/2018,7.161766423,GPS
,,,,,,,02/09/2018,7.14316406,GPS
,,,,,,,02/10/2018,7.141162748,GPS
,,,,,,,02/11/2018,7.145788732,GPS
,,,,,,,02/12/2018,7.147035452,GPS
,,,,,,,02/13/2018,7.151923903,GPS
,,,,,,,02/14/2018,7.14050658,GPS
,,,,,,,02/15/2018,7.145690307,GPS
,,,,,,,02/16/2018,7.142704743,GPS
,,,,,,,02/17/2018,7.140834664,GPS
,,,,,,,02/18/2018,7.123380595,GPS
,,,,,,,02/19/2018,7.124660123,GPS
,,,,,,,02/20/2018,7.140145688,GPS
,,,,,,,02/21/2018,7.150775609,GPS
,,,,,,,02/22/2018,7.162521016,GPS
,,,,,,,02/23/2018,7.16019162,GPS
,,,,,,,02/24/2018,7.149889782,GPS
,,,,,,,02/25/2018,7.150381908,GPS
,,,,,,,02/26/2018,7.148216554,GPS
,,,,,,,02/27/2018,7.138078758,GPS
,,,,,,,02/28/2018,7.158715242,GPS
,,,,,,,03/01/2018,7.171084009,GPS
,,,,,,,03/02/2018,7.164522329,GPS
,,,,,,,03/03/2018,7.150119441,GPS
,,,,,,,03/04/2018,7.14952889,GPS
,,,,,,,03/05/2018,7.167179809,GPS
,,,,,,,03/06/2018,7.163767736,GPS
,,,,,,,03/07/2018,7.15054595,GPS
,,,,,,,03/08/2018,7.141753299,GPS
,,,,,,,03/09/2018,7.119706054,GPS
,,,,,,,03/10/2018,7.154975084,GPS
,,,,,,,03/11/2018,7.167606318,GPS
,,,,,,,03/12/2018,7.169049888,GPS
,,,,,,,03/13/2018,7.135454086,GPS
,,,,,,,03/14/2018,7.151891095,GPS
,,,,,,,03/15/2018,7.140572197,GPS
,,,,,,,03/16/2018,7.156845163,GPS
,,,,,,,03/17/2018,7.150480334,GPS
,,,,,,,03/18/2018,7.148872722,GPS
,,,,,,,03/19/2018,7.149266423,GPS
,,,,,,,03/20/2018,7.157698182,GPS
,,,,,,,03/21/2018,7.165670623,GPS
,,,,,,,03/22/2018,7.163505268,GPS
,,,,,,,03/23/2018,7.164063011,GPS
,,,,,,,03/24/2018,7.160782171,GPS
,,,,,,,03/25/2018,7.148938339,GPS
,,,,,,,03/26/2018,7.165408156,GPS
,,,,,,,03/27/2018,7.154318916,GPS
,,,,,,,03/28/2018,7.169935715,GPS
,,,,,,,03/29/2018,7.17311813,GPS
,,,,,,,03/30/2018,7.157993457,GPS
,,,,,,,03/31/2018,7.171510518,GPS
,,,,,,,04/01/2018,7.15691078,GPS
,,,,,,,04/02/2018,7.155860911,GPS
,,,,,,,04/03/2018,7.147002643,GPS
,,,,,,,04/04/2018,7.15343309,GPS
,,,,,,,04/05/2018,7.160847788,GPS
,,,,,,,04/06/2018,7.153301856,GPS
,,,,,,,04/07/2018,7.157370098,GPS
,,,,,,,04/08/2018,7.171805794,GPS
,,,,,,,04/09/2018,7.159666686,GPS
,,,,,,,04/10/2018,7.169607631,GPS
,,,,,,,04/11/2018,7.140342538,GPS
,,,,,,,04/12/2018,7.151005268,GPS
,,,,,,,04/13/2018,7.171280859,GPS
,,,,,,,04/14/2018,7.176497395,GPS
,,,,,,,04/15/2018,7.155696869,GPS
,,,,,,,04/16/2018,7.148544638,GPS
,,,,,,,04/17/2018,7.161503956,GPS
,,,,,,,04/18/2018,7.165637814,GPS
,,,,,,,04/19/2018,7.175841227,GPS
,,,,,,,04/20/2018,7.163767736,GPS
,,,,,,,04/21/2018,7.149233614,GPS
,,,,,,,04/22/2018,7.145198181,GPS
,,,,,,,04/23/2018,7.144870097,GPS
,,,,,,,04/24/2018,7.163997394,GPS
,,,,,,,04/25/2018,7.169377972,GPS
,,,,,,,04/26/2018,7.170132565,GPS
,,,,,,,04/27/2018,7.158059074,GPS
,,,,,,,04/28/2018,7.148741488,GPS
,,,,,,,04/29/2018,7.1628491,GPS
,,,,,,,04/30/2018,7.158912092,GPS
,,,,,,,05/01/2018,7.153137814,GPS
,,,,,,,05/02/2018,7.14562469,GPS
,,,,,,,05/03/2018,7.150119441,GPS
,,,,,,,05/04/2018,7.165047263,GPS
,,,,,,,05/05/2018,7.165637814,GPS
,,,,,,,05/06/2018,7.169443589,GPS
,,,,,,,05/07/2018,7.16366931,GPS
,,,,,,,05/08/2018,7.160158812,GPS
,,,,,,,05/09/2018,7.14195015,GPS
,,,,,,,05/10/2018,7.138406842,GPS
,,,,,,,05/11/2018,7.126005267,GPS
,,,,,,,05/12/2018,7.153039389,GPS
,,,,,,,05/13/2018,7.145985583,GPS
,,,,,,,05/14/2018,7.147658811,GPS
,,,,,,,05/15/2018,7.149102381,GPS
,,,,,,,05/16/2018,7.163538077,GPS
,,,,,,,05/17/2018,7.15198952,GPS
,,,,,,,05/18/2018,7.154745426,GPS
,,,,,,,05/19/2018,7.147035452,GPS
,,,,,,,05/20/2018,7.135618128,GPS
,,,,,,,05/21/2018,7.125644375,GPS
,,,,,,,05/22/2018,7.155860911,GPS
,,,,,,,05/23/2018,7.148282171,GPS
,,,,,,,05/24/2018,7.168032828,GPS
,,,,,,,05/25/2018,7.15999477,GPS
,,,,,,,05/26/2018,7.155828103,GPS
,,,,,,,05/27/2018,7.16163519,GPS
,,,,,,,05/28/2018,7.153892407,GPS
,,,,,,,05/29/2018,7.161733615,GPS
,,,,,,,05/30/2018,7.139358286,GPS
,,,,,,,05/31/2018,7.132566947,GPS
,,,,,,,06/01/2018,7.165605006,GPS
,,,,,,,06/02/2018,7.183026266,GPS
,,,,,,,06/03/2018,7.189391096,GPS
,,,,,,,06/04/2018,7.16183204,GPS
,,,,,,,06/05/2018,7.14808532,GPS
,,,,,,,06/06/2018,7.144870097,GPS
,,,,,,,06/07/2018,7.159502644,GPS
,,,,,,,06/08/2018,7.18725855,GPS
,,,,,,,06/09/2018,7.189227054,GPS
,,,,,,,06/10/2018,7.156254612,GPS
,,,,,,,06/11/2018,7.167835977,GPS
,,,,,,,06/12/2018,7.156517079,GPS
,,,,,,,06/13/2018,7.175644376,GPS
,,,,,,,06/14/2018,7.16941078,GPS
,,,,,,,06/15/2018,7.161667998,GPS
,,,,,,,06/16/2018,7.174594508,GPS
,,,,,,,06/17/2018,7.160126003,GPS
,,,,,,,06/18/2018,7.171182434,GPS
,,,,,,,06/19/2018,7.183649626,GPS
,,,,,,,06/20/2018,7.184765112,GPS
,,,,,,,06/21/2018,7.183223117,GPS
,,,,,,,06/22/2018,7.168820229,GPS
,,,,,,,06/23/2018,7.166195557,GPS
,,,,,,,06/24/2018,7.196608944,GPS
,,,,,,,06/25/2018,7.1913596,GPS
,,,,,,,06/26/2018,7.196248052,GPS
,,,,,,,06/27/2018,7.193229679,GPS
,,,,,,,06/28/2018,7.180795295,GPS
,,,,,,,06/29/2018,7.186700807,GPS
,,,,,,,06/30/2018,7.20038191,GPS
,,,,,,,07/01/2018,7.18909582,GPS
,,,,,,,07/02/2018,7.174299232,GPS
,,,,,,,07/03/2018,7.190769049,GPS
,,,,,,,07/04/2018,7.196674561,GPS
,,,,,,,07/05/2018,7.199167999,GPS
,,,,,,,07/06/2018,7.224036766,GPS
,,,,,,,07/07/2018,7.191228366,GPS
,,,,,,,07/08/2018,7.178170623,GPS
,,,,,,,07/09/2018,7.191753301,GPS
,,,,,,,07/10/2018,7.198905532,GPS
,,,,,,,07/11/2018,7.21104464,GPS
,,,,,,,07/12/2018,7.187685059,GPS
,,,,,,,07/13/2018,7.198019705,GPS
,,,,,,,07/14/2018,7.198019705,GPS
,,,,,,,07/15/2018,7.190637815,GPS
,,,,,,,07/16/2018,7.203990834,GPS
,,,,,,,07/17/2018,7.191654876,GPS
,,,,,,,07/18/2018,7.187160125,GPS
,,,,,,,07/19/2018,7.208288734,GPS
,,,,,,,07/20/2018,7.197199495,GPS
,,,,,,,07/21/2018,7.210126005,GPS
,,,,,,,07/22/2018,7.206877973,GPS
,,,,,,,07/23/2018,7.19772443,GPS
,,,,,,,07/24/2018,7.206156188,GPS
,,,,,,,07/25/2018,7.196937028,GPS
,,,,,,,07/26/2018,7.209994771,GPS
,,,,,,,07/27/2018,7.224397659,GPS
,,,,,,,07/28/2018,7.213997396,GPS
,,,,,,,07/29/2018,7.20510632,GPS
,,,,,,,07/30/2018,7.203400283,GPS
,,,,,,,07/31/2018,7.209929154,GPS
,,,,,,,08/01/2018,7.185946214,GPS
,,,,,,,08/02/2018,7.194509206,GPS
,,,,,,,08/03/2018,7.200250676,GPS
,,,,,,,08/04/2018,7.215080073,GPS
,,,,,,,08/05/2018,7.201891096,GPS
,,,,,,,08/06/2018,7.223085323,GPS
,,,,,,,08/07/2018,7.20467981,GPS
,,,,,,,08/08/2018,7.206418656,GPS
,,,,,,,08/09/2018,7.204384535,GPS
,,,,,,,08/10/2018,7.216195559,GPS
,,,,,,,08/11/2018,7.212619443,GPS
,,,,,,,08/12/2018,7.208912094,GPS
,,,,,,,08/13/2018,7.213636504,GPS
,,,,,,,08/14/2018,7.204614194,GPS
,,,,,,,08/15/2018,7.20920737,GPS
,,,,,,,08/16/2018,7.242704746,GPS
,,,,,,,08/17/2018,7.238242804,GPS
,,,,,,,08/18/2018,7.223118131,GPS
,,,,,,,08/19/2018,7.212717868,GPS
,,,,,,,08/20/2018,7.204581385,GPS
,,,,,,,08/21/2018,7.208452776,GPS
,,,,,,,08/22/2018,7.208518393,GPS
,,,,,,,08/23/2018,7.228006583,GPS
,,,,,,,08/24/2018,7.202416031,GPS
,,,,,,,08/25/2018,7.208452776,GPS
,,,,,,,08/26/2018,7.211175874,GPS
,,,,,,,08/27/2018,7.203826792,GPS
,,,,,,,08/28/2018,7.213078761,GPS
,,,,,,,08/29/2018,7.204876661,GPS
,,,,,,,08/30/2018,7.200480335,GPS
,,,,,,,08/31/2018,7.204351726,GPS
,,,,,,,09/01/2018,7.208485585,GPS
,,,,,,,09/02/2018,7.212094509,GPS
,,,,,,,09/03/2018,7.200217868,GPS
,,,,,,,09/04/2018,7.196412094,GPS
,,,,,,,09/05/2018,7.196937028,GPS
,,,,,,,09/06/2018,7.203498708,GPS
,,,,,,,09/07/2018,7.230696872,GPS
,,,,,,,09/08/2018,7.211766425,GPS
,,,,,,,09/09/2018,7.190047264,GPS
,,,,,,,09/10/2018,7.200709994,GPS
,,,,,,,09/11/2018,7.223380598,GPS
,,,,,,,09/12/2018,7.203531516,GPS
,,,,,,,09/13/2018,7.217212619,GPS
,,,,,,,09/14/2018,7.214161438,GPS
,,,,,,,09/15/2018,7.209240178,GPS
,,,,,,,09/16/2018,7.219673249,GPS
,,,,,,,09/17/2018,7.229614194,GPS
,,,,,,,09/18/2018,7.217245428,GPS
,,,,,,,09/19/2018,7.218590572,GPS
,,,,,,,09/20/2018,7.226792672,GPS
,,,,,,,09/21/2018,7.214916031,GPS
,,,,,,,09/22/2018,7.237750678,GPS
,,,,,,,09/23/2018,7.229154877,GPS
,,,,,,,09/24/2018,7.220395034,GPS
,,,,,,,09/25/2018,7.224824168,GPS
,,,,,,,09/26/2018,7.227678499,GPS
,,,,,,,09/27/2018,7.219312357,GPS
,,,,,,,09/28/2018,7.230073512,GPS
,,,,,,,09/29/2018,7.214981648,GPS
,,,,,,,09/30/2018,7.207009207,GPS
,,,,,,,10/01/2018,7.232862226,GPS
,,,,,,,10/02/2018,7.226169312,GPS
,,,,,,,10/03/2018,7.223118131,GPS
,,,,,,,10/04/2018,7.219640441,GPS
,,,,,,,10/05/2018,7.222429155,GPS
,,,,,,,10/06/2018,7.225709995,GPS
,,,,,,,10/07/2018,7.220395034,GPS
,,,,,,,10/08/2018,7.223380598,GPS
,,,,,,,10/09/2018,7.212849102,GPS
,,,,,,,10/10/2018,7.214489522,GPS
,,,,,,,10/11/2018,7.215506582,GPS
,,,,,,,10/12/2018,7.208452776,GPS
,,,,,,,10/13/2018,7.215178498,GPS
,,,,,,,10/14/2018,7.211668,GPS
,,,,,,,10/15/2018,7.238964588,GPS
,,,,,,,10/16/2018,7.226891097,GPS
,,,,,,,10/17/2018,7.234240179,GPS
,,,,,,,10/18/2018,7.234863538,GPS
,,,,,,,10/19/2018,7.234272987,GPS
,,,,,,,10/20/2018,7.224594509,GPS
,,,,,,,10/21/2018,7.223643066,GPS
,,,,,,,10/22/2018,7.218524955,GPS
,,,,,,,10/23/2018,7.222035454,GPS
,,,,,,,10/24/2018,7.231418656,GPS
,,,,,,,10/25/2018,7.226398971,GPS
,,,,,,,10/26/2018,7.220362226,GPS
,,,,,,,10/27/2018,7.208321543,GPS
,,,,,,,10/28/2018,7.216622068,GPS
,,,,,,,10/29/2018,7.225414719,GPS
,,,,,,,10/30/2018,7.222002646,GPS
,,,,,,,10/31/2018,7.220460651,GPS
,,,,,,,11/01/2018,7.222790047,GPS
,,,,,,,11/02/2018,7.192967212,GPS
,,,,,,,11/03/2018,7.21186485,GPS
,,,,,,,11/04/2018,7.219673249,GPS
,,,,,,,11/05/2018,7.183485584,GPS
,,,,,,,11/06/2018,7.218131254,GPS
,,,,,,,11/07/2018,7.221805795,GPS
,,,,,,,11/08/2018,7.213997396,GPS
,,,,,,,11/09/2018,7.255270363,GPS
,,,,,,,11/10/2018,7.218131254,GPS
,,,,,,,11/11/2018,7.213242803,GPS
,,,,,,,11/12/2018,7.217343853,GPS
,,,,,,,11/13/2018,7.235224431,GPS
,,,,,,,11/14/2018,7.218262488,GPS
,,,,,,,11/15/2018,7.23483073,GPS
,,,,,,,11/16/2018,7.202580073,GPS
,,,,,,,11/17/2018,7.214358288,GPS
,,,,,,,11/18/2018,7.205860913,GPS
,,,,,,,11/19/2018,7.215014456,GPS
,,,,,,,11/20/2018,7.206910782,GPS
,,,,,,,11/21/2018,7.188439652,GPS
,,,,,,,11/22/2018,7.204811044,GPS
,,,,,,,11/23/2018,7.209535454,GPS
,,,,,,,11/24/2018,7.206024955,GPS
,,,,,,,11/25/2018,7.217704745,GPS
,,,,,,,11/26/2018,7.211110257,GPS
,,,,,,,11/27/2018,7.200447527,GPS
,,,,,,,11/28/2018,7.214489522,GPS
,,,,,,,11/29/2018,7.178006581,GPS
,,,,,,,11/30/2018,7.185224429,GPS
,,,,,,,12/01/2018,7.19073624,GPS
,,,,,,,12/02/2018,7.191753301,GPS
,,,,,,,12/03/2018,7.199889784,GPS
,,,,,,,12/04/2018,7.206221805,GPS
,,,,,,,12/05/2018,7.181910781,GPS
,,,,,,,12/06/2018,7.185290046,GPS
,,,,,,,12/07/2018,7.201070886,GPS
,,,,,,,12/08/2018,7.201136503,GPS
,,,,,,,12/09/2018,7.209174561,GPS
,,,,,,,12/10/2018,7.201300545,GPS
,,,,,,,12/11/2018,7.203236241,GPS
,,,,,,,12/12/2018,7.202514456,GPS
,,,,,,,12/13/2018,7.206287422,GPS
,,,,,,,12/14/2018,7.201956713,GPS
,,,,,,,12/15/2018,7.182304482,GPS
,,,,,,,12/16/2018,7.212094509,GPS
,,,,,,,12/17/2018,7.190473773,GPS
,,,,,,,12/18/2018,7.198577448,GPS
,,,,,,,12/19/2018,7.20858401,GPS
,,,,,,,12/20/2018,7.18807876,GPS
,,,,,,,12/21/2018,7.186996083,GPS
,,,,,,,12/22/2018,7.200316293,GPS
,,,,,,,12/23/2018,7.193656188,GPS
,,,,,,,12/24/2018,7.188800545,GPS
,,,,,,,12/25/2018,7.189456713,GPS
,,,,,,,12/26/2018,7.187685059,GPS
,,,,,,,12/27/2018,7.190211306,GPS
,,,,,,,12/28/2018,7.194804482,GPS
,,,,,,,12/29/2018,7.208813669,GPS
,,,,,,,12/30/2018,7.199463275,GPS
,,,,,,,12/31/2018,7.196379285,GPS
,,,,,,,01/01/2019,7.214916031,GPS
,,,,,,,01/02/2019,7.197822855,GPS
,,,,,,,01/03/2019,7.190637815,GPS
,,,,,,,01/04/2019,7.179450151,GPS
,,,,,,,01/05/2019,7.186963274,GPS
,,,,,,,01/06/2019,7.182829416,GPS
,,,,,,,01/07/2019,7.184371411,GPS
,,,,,,,01/08/2019,7.206353039,GPS
,,,,,,,01/09/2019,7.195198183,GPS
,,,,,,,01/10/2019,7.201989522,GPS
,,,,,,,01/11/2019,7.196051201,GPS
,,,,,,,01/12/2019,7.196969836,GPS
,,,,,,,01/13/2019,7.193754613,GPS
,,,,,,,01/14/2019,7.185683747,GPS
,,,,,,,01/15/2019,7.193492146,GPS
,,,,,,,01/16/2019,7.20756695,GPS
,,,,,,,01/17/2019,7.187422592,GPS
,,,,,,,01/18/2019,7.210814981,GPS
,,,,,,,01/19/2019,7.226530205,GPS
,,,,,,,01/20/2019,7.212521018,GPS
,,,,,,,01/21/2019,7.17413519,GPS
,,,,,,,01/22/2019,7.210126005,GPS
,,,,,,,01/23/2019,7.21576905,GPS
,,,,,,,01/24/2019,7.223479024,GPS
,,,,,,,01/25/2019,7.206385847,GPS
,,,,,,,01/26/2019,7.215605008,GPS
,,,,,,,01/27/2019,7.204647002,GPS
,,,,,,,01/28/2019,7.202055138,GPS
,,,,,,,01/29/2019,7.21698296,GPS
,,,,,,,01/30/2019,7.187192933,GPS
,,,,,,,01/31/2019,7.200644377,GPS
,,,,,,,02/01/2019,7.174102382,GPS
,,,,,,,02/02/2019,7.157271672,GPS
,,,,,,,02/03/2019,7.152284796,GPS
,,,,,,,02/04/2019,7.155237552,GPS
,,,,,,,02/05/2019,7.178465899,GPS
,,,,,,,02/06/2019,7.182402907,GPS
,,,,,,,02/07/2019,7.187980335,GPS
,,,,,,,02/08/2019,7.183715243,GPS
,,,,,,,02/09/2019,7.181221804,GPS
,,,,,,,02/10/2019,7.180565636,GPS
,,,,,,,02/11/2019,7.181156188,GPS
,,,,,,,02/12/2019,7.197068262,GPS
,,,,,,,02/13/2019,7.170723116,GPS
,,,,,,,02/14/2019,7.125808417,GPS
,,,,,,,02/15/2019,7.165473772,GPS
,,,,,,,02/16/2019,7.172757237,GPS
,,,,,,,02/17/2019,7.197626004,GPS
,,,,,,,02/18/2019,7.196674561,GPS
,,,,,,,02/19/2019,7.196182435,GPS
,,,,,,,02/20/2019,7.169673248,GPS
,,,,,,,02/21/2019,7.167278234,GPS
,,,,,,,02/22/2019,7.184699495,GPS
,,,,,,,02/23/2019,7.20284254,GPS
,,,,,,,02/24/2019,7.22725199,GPS
,,,,,,,02/25/2019,7.192114193,GPS
,,,,,,,02/26/2019,7.20694359,GPS
,,,,,,,02/27/2019,7.182435715,GPS
,,,,,,,02/28/2019,7.179548576,GPS
,,,,,,,03/01/2019,7.222101071,GPS
,,,,,,,03/02/2019,7.201989522,GPS
,,,,,,,03/03/2019,7.204122068,GPS
,,,,,,,03/04/2019,7.194968524,GPS
,,,,,,,03/05/2019,7.213538078,GPS
,,,,,,,03/06/2019,7.208419968,GPS
,,,,,,,03/07/2019,7.205204745,GPS
,,,,,,,03/08/2019,7.189325479,GPS
,,,,,,,03/09/2019,7.203892409,GPS
,,,,,,,03/10/2019,7.203269049,GPS
,,,,,,,03/11/2019,7.210946215,GPS
,,,,,,,03/12/2019,7.202940965,GPS
,,,,,,,03/13/2019,7.195493458,GPS
,,,,,,,03/14/2019,7.218164063,GPS
,,,,,,,03/15/2019,7.228170625,GPS
,,,,,,,03/16/2019,7.228859601,GPS
,,,,,,,03/17/2019,7.213767737,GPS
,,,,,,,03/18/2019,7.213669312,GPS
,,,,,,,03/19/2019,7.213997396,GPS
,,,,,,,03/20/2019,7.215408157,GPS
,,,,,,,03/21/2019,7.220362226,GPS
,,,,,,,03/22/2019,7.22006695,GPS
,,,,,,,03/23/2019,7.206090572,GPS
,,,,,,,03/24/2019,7.216818918,GPS
,,,,,,,03/25/2019,7.203990834,GPS
,,,,,,,03/26/2019,7.200217868,GPS
,,,,,,,03/27/2019,7.206090572,GPS
,,,,,,,03/28/2019,7.200677186,GPS
,,,,,,,03/29/2019,7.194181122,GPS
,,,,,,,03/30/2019,7.211471149,GPS
,,,,,,,03/31/2019,7.21432548,GPS
,,,,,,,04/01/2019,7.213341228,GPS
,,,,,,,04/02/2019,7.194049889,GPS
,,,,,,,04/03/2019,7.202973774,GPS
,,,,,,,04/04/2019,7.214095821,GPS
,,,,,,,04/05/2019,7.198216556,GPS
,,,,,,,04/06/2019,7.20878086,GPS
,,,,,,,04/07/2019,7.210716556,GPS
,,,,,,,04/08/2019,7.194148314,GPS
,,,,,,,04/09/2019,7.20858401,GPS
,,,,,,,04/10/2019,7.212258551,GPS
,,,,,,,04/11/2019,7.203531516,GPS
,,,,,,,04/12/2019,7.209568262,GPS
,,,,,,,04/13/2019,7.201891096,GPS
,,,,,,,04/14/2019,7.198610256,GPS
,,,,,,,04/15/2019,7.191950151,GPS
,,,,,,,04/16/2019,7.191687684,GPS
,,,,,,,04/17/2019,7.209240178,GPS
,,,,,,,04/18/2019,7.2120617,GPS
,,,,,,,04/19/2019,7.208321543,GPS
,,,,,,,04/20/2019,7.185290046,GPS
,,,,,,,04/21/2019,7.190965899,GPS
,,,,,,,04/22/2019,7.214620756,GPS
,,,,,,,04/23/2019,7.186864849,GPS
,,,,,,,04/24/2019,7.188505269,GPS
,,,,,,,04/25/2019,7.209010519,GPS
,,,,,,,04/26/2019,7.199528892,GPS
,,,,,,,04/27/2019,7.210650939,GPS
,,,,,,,04/28/2019,7.19811813,GPS
,,,,,,,04/29/2019,7.1913596,GPS
,,,,,,,04/30/2019,7.191425217,GPS
,,,,,,,05/01/2019,7.198249364,GPS
,,,,,,,05/02/2019,7.207074824,GPS
,,,,,,,05/03/2019,7.197527579,GPS
,,,,,,,05/04/2019,7.180204744,GPS
,,,,,,,05/05/2019,7.198216556,GPS
,,,,,,,05/06/2019,7.181156188,GPS
,,,,,,,05/07/2019,7.189587946,GPS
,,,,,,,05/08/2019,7.192573511,GPS
,,,,,,,05/09/2019,7.179647001,GPS
,,,,,,,05/10/2019,7.184469836,GPS
,,,,,,,05/11/2019,7.199430466,GPS
,,,,,,,05/12/2019,7.190375348,GPS
,,,,,,,05/13/2019,7.194082697,GPS
,,,,,,,05/14/2019,7.183846476,GPS
,,,,,,,05/15/2019,7.180631253,GPS
,,,,,,,05/16/2019,7.181943589,GPS
,,,,,,,05/17/2019,7.193984272,GPS
,,,,,,,05/18/2019,7.186700807,GPS
,,,,,,,05/19/2019,7.183059075,GPS
,,,,,,,05/20/2019,7.170952775,GPS
,,,,,,,05/21/2019,7.193032828,GPS
,,,,,,,05/22/2019,7.190900282,GPS
,,,,,,,05/23/2019,7.200447527,GPS
,,,,,,,05/24/2019,7.186044639,GPS
,,,,,,,05/25/2019,7.18397771,GPS
,,,,,,,05/26/2019,7.191064324,GPS
,,,,,,,05/27/2019,7.203695558,GPS
,,,,,,,05/28/2019,7.200217868,GPS
,,,,,,,05/29/2019,7.183124692,GPS
,,,,,,,05/30/2019,7.193984272,GPS
,,,,,,,05/31/2019,7.184502644,GPS
,,,,,,,06/01/2019,7.189194246,GPS
,,,,,,,06/02/2019,7.196444902,GPS
,,,,,,,06/03/2019,7.182730991,GPS
,,,,,,,06/04/2019,7.188931778,GPS
,,,,,,,06/05/2019,7.177514455,GPS
,,,,,,,06/06/2019,7.177153563,GPS
,,,,,,,06/07/2019,7.187750676,GPS
,,,,,,,06/08/2019,7.189850414,GPS
,,,,,,,06/09/2019,7.204614194,GPS
,,,,,,,06/10/2019,7.204876661,GPS
,,,,,,,06/11/2019,7.206287422,GPS
,,,,,,,06/12/2019,7.202055138,GPS
,,,,,,,06/13/2019,7.196805794,GPS
,,,,,,,06/14/2019,7.193065637,GPS
,,,,,,,06/15/2019,7.204056451,GPS
,,,,,,,06/16/2019,7.204811044,GPS
,,,,,,,06/17/2019,7.201366162,GPS
,,,,,,,06/18/2019,7.214095821,GPS
,,,,,,,06/19/2019,7.218295296,GPS
,,,,,,,06/20/2019,7.209535454,GPS
,,,,,,,06/21/2019,7.19280317,GPS
,,,,,,,06/22/2019,7.198774298,GPS
,,,,,,,06/23/2019,7.197658813,GPS
,,,,,,,06/24/2019,7.186307106,GPS
,,,,,,,06/25/2019,7.198872724,GPS
,,,,,,,06/26/2019,7.215276924,GPS
,,,,,,,06/27/2019,7.209961963,GPS
,,,,,,,06/28/2019,7.201563012,GPS
,,,,,,,06/29/2019,7.208124692,GPS
,,,,,,,06/30/2019,7.211569574,GPS
,,,,,,,07/01/2019,7.209141753,GPS
,,,,,,,07/02/2019,7.218262488,GPS
,,,,,,,07/03/2019,7.222822856,GPS
,,,,,,,07/04/2019,7.199922592,GPS
,,,,,,,07/05/2019,7.231320231,GPS
,,,,,,,07/06/2019,7.210782173,GPS
,,,,,,,07/07/2019,7.208026267,GPS
,,,,,,,07/08/2019,7.225742803,GPS
,,,,,,,07/09/2019,7.227350415,GPS
,,,,,,,07/10/2019,7.210322855,GPS
,,,,,,,07/11/2019,7.21534254,GPS
,,,,,,,07/12/2019,7.219509207,GPS
,,,,,,,07/13/2019,7.228629942,GPS
,,,,,,,07/14/2019,7.244935717,GPS
,,,,,,,07/15/2019,7.223085323,GPS
,,,,,,,07/16/2019,7.216425218,GPS
,,,,,,,07/17/2019,7.212160126,GPS
,,,,,,,07/18/2019,7.214653564,GPS
,,,,,,,07/19/2019,7.230040704,GPS
,,,,,,,07/20/2019,7.235683748,GPS
,,,,,,,07/21/2019,7.219115506,GPS
,,,,,,,07/22/2019,7.22580842,GPS
,,,,,,,07/23/2019,7.224069575,GPS
,,,,,,,07/24/2019,7.24240947,GPS
,,,,,,,07/25/2019,7.240605008,GPS
,,,,,,,07/26/2019,7.235322856,GPS
,,,,,,,07/27/2019,7.227416032,GPS
,,,,,,,07/28/2019,7.235290048,GPS
,,,,,,,07/29/2019,7.254647004,GPS
,,,,,,,07/30/2019,7.242868788,GPS
,,,,,,,07/31/2019,7.238570888,GPS
,,,,,,,08/01/2019,7.232140441,GPS
,,,,,,,08/02/2019,7.245821544,GPS
,,,,,,,08/03/2019,7.221969837,GPS
,,,,,,,08/04/2019,7.218754614,GPS
,,,,,,,08/05/2019,7.231451465,GPS
,,,,,,,08/06/2019,7.218393722,GPS
,,,,,,,08/07/2019,7.250316295,GPS
,,,,,,,08/08/2019,7.245624694,GPS
,,,,,,,08/09/2019,7.242114195,GPS
,,,,,,,08/10/2019,7.249955402,GPS
,,,,,,,08/11/2019,7.225906845,GPS
,,,,,,,08/12/2019,7.251727056,GPS
,,,,,,,08/13/2019,7.230992147,GPS
,,,,,,,08/14/2019,7.245460652,GPS
,,,,,,,08/15/2019,7.215900283,GPS
,,,,,,,08/16/2019,7.21740947,GPS
,,,,,,,08/17/2019,7.23154989,GPS
,,,,,,,08/18/2019,7.225742803,GPS
,,,,,,,08/19/2019,7.224955402,GPS
,,,,,,,08/20/2019,7.225381911,GPS
,,,,,,,08/21/2019,7.218754614,GPS
,,,,,,,08/22/2019,7.226136504,GPS
,,,,,,,08/23/2019,7.240211308,GPS
,,,,,,,08/24/2019,7.230631255,GPS
,,,,,,,08/25/2019,7.24733073,GPS
,,,,,,,08/26/2019,7.223610257,GPS
,,,,,,,08/27/2019,7.23072968,GPS
,,,,,,,08/28/2019,7.253793985,GPS
,,,,,,,08/29/2019,7.250283486,GPS
,,,,,,,08/30/2019,7.230598446,GPS
,,,,,,,08/31/2019,7.242507896,GPS
,,,,,,,09/01/2019,7.237389785,GPS
,,,,,,,09/02/2019,7.25861682,GPS
,,,,,,,09/03/2019,7.249200809,GPS
,,,,,,,09/04/2019,7.23955514,GPS
,,,,,,,09/05/2019,7.256549891,GPS
,,,,,,,09/06/2019,7.254614195,GPS
,,,,,,,09/07/2019,7.256910783,GPS
,,,,,,,09/08/2019,7.245788736,GPS
,,,,,,,09/09/2019,7.240440966,GPS
,,,,,,,09/10/2019,7.231648315,GPS
,,,,,,,09/11/2019,7.239784798,GPS
,,,,,,,09/12/2019,7.251070888,GPS
,,,,,,,09/13/2019,7.255007896,GPS
,,,,,,,09/14/2019,7.254154878,GPS
,,,,,,,09/15/2019,7.230303171,GPS
,,,,,,,09/16/2019,7.230664063,GPS
,,,,,,,09/17/2019,7.250185061,GPS
,,,,,,,09/18/2019,7.261799235,GPS
,,,,,,,09/19/2019,7.245723119,GPS
,,,,,,,09/20/2019,7.23955514,GPS
,,,,,,,09/21/2019,7.227022331,GPS
,,,,,,,09/22/2019,7.251825481,GPS
,,,,,,,09/23/2019,7.249660127,GPS
,,,,,,,09/24/2019,7.239686373,GPS
,,,,,,,09/25/2019,7.234272987,GPS
,,,,,,,09/26/2019,7.223511832,GPS
,,,,,,,09/27/2019,7.23565094,GPS
,,,,,,,09/28/2019,7.232468525,GPS
,,,,,,,09/29/2019,7.241687686,GPS
,,,,,,,09/30/2019,7.228137816,GPS
,,,,,,,10/01/2019,7.241982961,GPS
,,,,,,,10/02/2019,7.249036767,GPS
,,,,,,,10/03/2019,7.245755927,GPS
,,,,,,,10/04/2019,7.247724431,GPS
,,,,,,,10/05/2019,7.252580074,GPS
,,,,,,,10/06/2019,7.247035455,GPS
,,,,,,,10/07/2019,7.2405722,GPS
,,,,,,,10/08/2019,7.238866163,GPS
,,,,,,,10/09/2019,7.231254614,GPS
,,,,,,,10/10/2019,7.239358289,GPS
,,,,,,,10/11/2019,7.23994884,GPS
,,,,,,,10/12/2019,7.241359602,GPS
,,,,,,,10/13/2019,7.238702121,GPS
,,,,,,,10/14/2019,7.227744116,GPS
,,,,,,,10/15/2019,7.240309733,GPS
,,,,,,,10/16/2019,7.24201577,GPS
,,,,,,,10/17/2019,7.221805795,GPS
,,,,,,,10/18/2019,7.219738866,GPS
,,,,,,,10/19/2019,7.234765113,GPS
,,,,,,,10/20/2019,7.228564326,GPS
,,,,,,,10/21/2019,7.241326793,GPS
,,,,,,,10/22/2019,7.232140441,GPS
,,,,,,,10/23/2019,7.232468525,GPS
,,,,,,,10/24/2019,7.234272987,GPS
,,,,,,,10/25/2019,7.233157502,GPS
,,,,,,,10/26/2019,7.221346478,GPS
,,,,,,,10/27/2019,7.215736241,GPS
,,,,,,,10/28/2019,7.233584011,GPS
,,,,,,,10/29/2019,7.228137816,GPS
,,,,,,,10/30/2019,7.229351727,GPS
,,,,,,,10/31/2019,7.242343854,GPS
,,,,,,,11/01/2019,7.230171937,GPS
,,,,,,,11/02/2019,7.236110258,GPS
,,,,,,,11/03/2019,7.226234929,GPS
,,,,,,,11/04/2019,7.221477711,GPS
,,,,,,,11/05/2019,7.225316294,GPS
,,,,,,,11/06/2019,7.230598446,GPS
,,,,,,,11/07/2019,7.226989522,GPS
,,,,,,,11/08/2019,7.233912095,GPS
,,,,,,,11/09/2019,7.237225743,GPS
,,,,,,,11/10/2019,7.233649628,GPS
,,,,,,,11/11/2019,7.244410783,GPS
,,,,,,,11/12/2019,7.234961964,GPS
,,,,,,,11/13/2019,7.218787422,GPS
,,,,,,,11/14/2019,7.220591884,GPS
,,,,,,,11/15/2019,7.21944359,GPS
,,,,,,,11/16/2019,7.224561701,GPS
,,,,,,,11/17/2019,7.228498709,GPS
,,,,,,,11/18/2019,7.212094509,GPS
,,,,,,,11/19/2019,7.185224429,GPS
,,,,,,,11/20/2019,7.194771674,GPS
,,,,,,,11/21/2019,7.198314981,GPS
,,,,,,,11/22/2019,7.211963275,GPS
,,,,,,,11/23/2019,7.216884535,GPS
,,,,,,,11/24/2019,7.234601071,GPS
,,,,,,,11/25/2019,7.207665375,GPS
,,,,,,,11/26/2019,7.216523643,GPS
,,,,,,,11/27/2019,7.198610256,GPS
,,,,,,,11/28/2019,7.202875348,GPS
,,,,,,,11/29/2019,7.191293983,GPS
,,,,,,,11/30/2019,7.21760632,GPS
,,,,,,,12/01/2019,7.222658814,GPS
,,,,,,,12/02/2019,7.192868786,GPS
,,,,,,,12/03/2019,7.202711306,GPS
,,,,,,,12/04/2019,7.207501333,GPS
,,,,,,,12/05/2019,7.208321543,GPS
,,,,,,,12/06/2019,7.231057764,GPS
,,,,,,,12/07/2019,7.229614194,GPS
,,,,,,,12/08/2019,7.205139128,GPS
,,,,,,,12/09/2019,7.228301858,GPS
,,,,,,,12/10/2019,7.22928611,GPS
,,,,,,,12/11/2019,7.244410783,GPS
,,,,,,,12/12/2019,7.23338716,GPS
,,,,,,,12/13/2019,7.243688998,GPS
,,,,,,,12/14/2019,7.207599758,GPS
,,,,,,,12/15/2019,7.217901596,GPS
,,,,,,,12/16/2019,7.221018394,GPS
,,,,,,,12/17/2019,7.232632567,GPS
,,,,,,,12/18/2019,7.222822856,GPS
,,,,,,,12/19/2019,7.209076136,GPS
,,,,,,,12/20/2019,7.243918657,GPS
,,,,,,,12/21/2019,7.233977712,GPS
,,,,,,,12/22/2019,7.220395034,GPS
,,,,,,,12/23/2019,7.205139128,GPS
,,,,,,,12/24/2019,7.220624693,GPS
,,,,,,,12/25/2019,7.212455401,GPS
,,,,,,,12/26/2019,7.198446214,GPS
,,,,,,,12/27/2019,7.211832042,GPS
,,,,,,,12/28/2019,7.224102383,GPS
,,,,,,,12/29/2019,7.213144378,GPS
,,,,,,,12/30/2019,7.214719181,GPS
,,,,,,,12/31/2019,7.214850414,GPS
,,,,,,,01/01/2020,7.203958026,GPS
,,,,,,,01/02/2020,7.22354464,GPS
,,,,,,,01/03/2020,7.226989522,GPS
,,,,,,,01/04/2020,7.218590572,GPS
,,,,,,,01/05/2020,7.243787423,GPS
,,,,,,,01/06/2020,7.249955402,GPS
,,,,,,,01/07/2020,7.23811157,GPS
,,,,,,,01/08/2020,7.215605008,GPS
,,,,,,,01/09/2020,7.211438341,GPS
,,,,,,,01/10/2020,7.231648315,GPS
,,,,,,,01/11/2020,7.231188998,GPS
,,,,,,,01/12/2020,7.224660126,GPS
,,,,,,,01/13/2020,7.22643178,GPS
,,,,,,,01/14/2020,7.217573512,GPS
,,,,,,,01/15/2020,7.209010519,GPS
,,,,,,,01/16/2020,7.233419969,GPS
,,,,,,,01/17/2020,7.22315094,GPS
,,,,,,,01/18/2020,7.231648315,GPS
,,,,,,,01/19/2020,7.231582698,GPS
,,,,,,,01/20/2020,7.219181123,GPS
,,,,,,,01/21/2020,7.208748052,GPS
,,,,,,,01/22/2020,7.217507895,GPS
,,,,,,,01/23/2020,7.206713931,GPS
,,,,,,,01/24/2020,7.212553826,GPS
,,,,,,,01/25/2020,7.218393722,GPS
,,,,,,,01/26/2020,7.209797921,GPS
,,,,,,,01/27/2020,7.219771674,GPS
,,,,,,,01/28/2020,7.216523643,GPS
,,,,,,,01/29/2020,7.213997396,GPS
,,,,,,,01/30/2020,7.210191622,GPS
,,,,,,,01/31/2020,7.208091884,GPS
,,,,,,,02/01/2020,7.222396346,GPS
,,,,,,,02/02/2020,7.218787422,GPS
,,,,,,,02/03/2020,7.173052513,GPS
,,,,,,,02/04/2020,7.207632566,GPS
,,,,,,,02/05/2020,7.205467212,GPS
,,,,,,,02/06/2020,7.198413406,GPS
,,,,,,,02/07/2020,7.207402908,GPS
,,,,,,,02/08/2020,7.20632023,GPS
,,,,,,,02/09/2020,7.212258551,GPS
,,,,,,,02/10/2020,7.194476398,GPS
,,,,,,,02/11/2020,7.210257238,GPS
,,,,,,,02/12/2020,7.194082697,GPS
,,,,,,,02/13/2020,7.214719181,GPS
,,,,,,,02/14/2020,7.202612881,GPS
,,,,,,,02/15/2020,7.211536766,GPS
,,,,,,,02/16/2020,7.214259863,GPS
,,,,,,,02/17/2020,7.209010519,GPS
,,,,,,,02/18/2020,7.208748052,GPS
,,,,,,,02/19/2020,7.211208682,GPS
,,,,,,,02/20/2020,7.207107632,GPS
,,,,,,,02/21/2020,7.192967212,GPS
,,,,,,,02/22/2020,7.205598446,GPS
,,,,,,,02/23/2020,7.2077638,GPS
,,,,,,,02/24/2020,7.2405722,GPS
,,,,,,,02/25/2020,7.240867476,GPS
,,,,,,,02/26/2020,7.23338716,GPS
,,,,,,,02/27/2020,7.21678611,GPS
,,,,,,,02/28/2020,7.200775611,GPS
,,,,,,,02/29/2020,7.193688996,GPS
,,,,,,,03/01/2020,7.205762488,GPS
,,,,,,,03/02/2020,7.197658813,GPS
,,,,,,,03/03/2020,7.187947526,GPS
,,,,,,,03/04/2020,7.195887159,GPS
,,,,,,,03/05/2020,7.208715244,GPS
,,,,,,,03/06/2020,7.22662863,GPS
,,,,,,,03/07/2020,7.234240179,GPS
,,,,,,,03/08/2020,7.214194246,GPS
,,,,,,,03/09/2020,7.215605008,GPS
,,,,,,,03/10/2020,7.217704745,GPS
,,,,,,,03/11/2020,7.218196871,GPS
,,,,,,,03/12/2020,7.22643178,GPS
,,,,,,,03/13/2020,7.220788735,GPS
,,,,,,,03/14/2020,7.243918657,GPS
,,,,,,,03/15/2020,7.229778236,GPS
,,,,,,,03/16/2020,7.22069031,GPS
,,,,,,,03/17/2020,7.218131254,GPS
,,,,,,,03/18/2020,7.232042016,GPS
,,,,,,,03/19/2020,7.231221806,GPS
,,,,,,,03/20/2020,7.229942278,GPS
,,,,,,,03/21/2020,7.231943591,GPS
,,,,,,,03/22/2020,7.213669312,GPS
,,,,,,,03/23/2020,7.224889785,GPS
,,,,,,,03/24/2020,7.23338716,GPS
,,,,,,,03/25/2020,7.22354464,GPS
,,,,,,,03/26/2020,7.212127317,GPS
,,,,,,,03/27/2020,7.206418656,GPS
,,,,,,,03/28/2020,7.228498709,GPS
,,,,,,,03/29/2020,7.227219181,GPS
,,,,,,,04/02/2020,7.211733616,GPS
,,,,,,,04/03/2020,7.219574824,GPS
,,,,,,,04/04/2020,7.23135304,GPS
,,,,,,,04/05/2020,7.21042128,GPS
,,,,,,,04/06/2020,7.203400283,GPS
,,,,,,,04/07/2020,7.199299233,GPS
,,,,,,,04/08/2020,7.23709451,GPS
,,,,,,,04/09/2020,7.222002646,GPS
,,,,,,,04/10/2020,7.238636504,GPS
,,,,,,,04/11/2020,7.212750677,GPS
,,,,,,,04/12/2020,7.201103695,GPS
,,,,,,,04/13/2020,7.240408158,GPS
,,,,,,,04/14/2020,7.230237554,GPS
,,,,,,,04/15/2020,7.239063014,GPS
,,,,,,,04/16/2020,7.210683748,GPS
,,,,,,,04/17/2020,7.20139897,GPS
,,,,,,,04/18/2020,7.185322854,GPS
,,,,,,,04/19/2020,7.202711306,GPS
,,,,,,,04/20/2020,7.194542015,GPS
,,,,,,,04/21/2020,7.201628629,GPS
,,,,,,,04/22/2020,7.216458026,GPS
,,,,,,,04/23/2020,7.213406845,GPS
,,,,,,,04/24/2020,7.197429154,GPS
,,,,,,,04/25/2020,7.219935716,GPS
,,,,,,,04/26/2020,7.207468524,GPS
,,,,,,,04/27/2020,7.20940422,GPS
,,,,,,,04/28/2020,7.20940422,GPS
,,,,,,,04/29/2020,7.205270362,GPS
,,,,,,,04/30/2020,7.218065638,GPS
,,,,,,,05/01/2020,7.210979023,GPS
,,,,,,,05/02/2020,7.215834666,GPS
,,,,,,,05/03/2020,7.212324168,GPS
,,,,,,,05/04/2020,7.244574825,GPS
,,,,,,,05/05/2020,7.235421281,GPS
,,,,,,,05/06/2020,7.24158926,GPS
,,,,,,,05/07/2020,7.232402908,GPS
,,,,,,,05/08/2020,7.229056452,GPS
,,,,,,,05/09/2020,7.240998709,GPS
,,,,,,,05/10/2020,7.235782174,GPS
,,,,,,,05/11/2020,7.216293984,GPS
,,,,,,,05/12/2020,7.205467212,GPS
,,,,,,,05/13/2020,7.242278237,GPS
,,,,,,,05/14/2020,7.221838604,GPS
,,,,,,,05/15/2020,7.240670625,GPS
,,,,,,,05/16/2020,7.229778236,GPS
,,,,,,,05/17/2020,7.226563013,GPS
,,,,,,,05/18/2020,7.231648315,GPS
,,,,,,,05/19/2020,7.228301858,GPS
,,,,,,,05/20/2020,7.230992147,GPS
,,,,,,,05/21/2020,7.238570888,GPS
,,,,,,,05/22/2020,7.223610257,GPS
,,,,,,,05/23/2020,7.24404989,GPS
,,,,,,,05/24/2020,7.248249366,GPS
,,,,,,,05/25/2020,7.236503958,GPS
,,,,,,,05/26/2020,7.238997397,GPS
,,,,,,,05/27/2020,7.224102383,GPS
,,,,,,,05/28/2020,7.233944903,GPS
,,,,,,,05/29/2020,7.242245428,GPS
,,,,,,,05/30/2020,7.243951465,GPS
,,,,,,,05/31/2020,7.234141754,GPS
,,,,,,,06/01/2020,7.244640442,GPS
,,,,,,,06/02/2020,7.251727056,GPS
,,,,,,,06/03/2020,7.25451577,GPS
,,,,,,,06/04/2020,7.23873493,GPS
,,,,,,,06/05/2020,7.20960107,GPS
,,,,,,,06/06/2020,7.252317607,GPS
,,,,,,,06/07/2020,7.240670625,GPS
,,,,,,,06/08/2020,7.254056452,GPS
,,,,,,,06/09/2020,7.25513913,GPS
,,,,,,,06/10/2020,7.254154878,GPS
,,,,,,,06/11/2020,7.266556453,GPS
,,,,,,,06/12/2020,7.249922594,GPS
,,,,,,,06/13/2020,7.288472464,GPS
,,,,,,,06/14/2020,7.23912863,GPS
,,,,,,,06/15/2020,7.25143178,GPS
,,,,,,,06/16/2020,7.262422594,GPS
,,,,,,,06/17/2020,7.246412095,GPS
,,,,,,,06/18/2020,7.25861682,GPS
,,,,,,,06/19/2020,7.242507896,GPS
,,,,,,,06/20/2020,7.262619445,GPS
,,,,,,,06/21/2020,7.238898972,GPS
,,,,,,,06/22/2020,7.260322857,GPS
,,,,,,,06/23/2020,7.253564326,GPS
,,,,,,,06/24/2020,7.258551203,GPS
,,,,,,,06/25/2020,7.266556453,GPS
,,,,,,,06/26/2020,7.289194249,GPS
,,,,,,,06/27/2020,7.237356977,GPS
,,,,,,,06/28/2020,7.224102383,GPS
,,,,,,,06/29/2020,7.263078762,GPS
,,,,,,,06/30/2020,7.247068263,GPS
,,,,,,,07/01/2020,7.241884536,GPS
,,,,,,,07/02/2020,7.243590573,GPS
,,,,,,,07/03/2020,7.284601073,GPS
,,,,,,,07/04/2020,7.280171939,GPS
,,,,,,,07/05/2020,7.2897848,GPS
,,,,,,,07/06/2020,7.288898973,GPS
,,,,,,,07/07/2020,7.263177188,GPS
,,,,,,,07/08/2020,7.263636505,GPS
,,,,,,,07/09/2020,7.24959451,GPS
,,,,,,,07/10/2020,7.241818919,GPS
,,,,,,,07/11/2020,7.258124694,GPS
,,,,,,,07/12/2020,7.278137818,GPS
,,,,,,,07/13/2020,7.255631256,GPS
,,,,,,,07/14/2020,7.276595823,GPS
,,,,,,,07/15/2020,7.289850417,GPS
,,,,,,,07/16/2020,7.269706059,GPS
,,,,,,,07/17/2020,7.272232306,GPS
,,,,,,,07/18/2020,7.275972464,GPS
,,,,,,,07/19/2020,7.253990836,GPS
,,,,,,,07/20/2020,7.292737556,GPS
,,,,,,,07/21/2020,7.273413408,GPS
,,,,,,,07/22/2020,7.27439766,GPS
,,,,,,,07/23/2020,7.264456715,GPS
,,,,,,,07/24/2020,7.257927844,GPS
,,,,,,,07/25/2020,7.297035456,GPS
,,,,,,,07/26/2020,7.272330731,GPS
,,,,,,,07/27/2020,7.254614195,GPS
,,,,,,,07/28/2020,7.273643067,GPS
,,,,,,,07/29/2020,7.268820232,GPS
,,,,,,,07/30/2020,7.285552516,GPS
,,,,,,,07/31/2020,7.333419972,GPS
,,,,,,,08/01/2020,7.294181126,GPS
,,,,,,,08/02/2020,7.295919971,GPS
,,,,,,,08/03/2020,7.316490838,GPS
,,,,,,,08/04/2020,7.304056454,GPS
,,,,,,,08/05/2020,7.277416033,GPS
,,,,,,,08/06/2020,7.285126007,GPS
,,,,,,,08/07/2020,7.297691624,GPS
,,,,,,,08/08/2020,7.306156192,GPS
,,,,,,,08/09/2020,7.299135194,GPS
,,,,,,,08/10/2020,7.284338606,GPS
,,,,,,,08/11/2020,7.293623383,GPS
,,,,,,,08/12/2020,7.279220495,GPS
,,,,,,,08/13/2020,7.31419425,GPS
,,,,,,,08/14/2020,7.315867478,GPS
,,,,,,,08/15/2020,7.316720496,GPS
,,,,,,,08/16/2020,7.300152254,GPS
,,,,,,,08/17/2020,7.314489525,GPS
,,,,,,,08/18/2020,7.316982964,GPS
,,,,,,,08/19/2020,7.289030207,GPS
,,,,,,,08/20/2020,7.295066952,GPS
,,,,,,,08/21/2020,7.307337294,GPS
,,,,,,,08/22/2020,7.31747509,GPS
,,,,,,,08/23/2020,7.319738869,GPS
,,,,,,,08/24/2020,7.302481651,GPS
,,,,,,,08/25/2020,7.294443593,GPS
,,,,,,,08/26/2020,7.313964591,GPS
,,,,,,,08/27/2020,7.321707373,GPS
,,,,,,,08/28/2020,7.293656191,GPS
,,,,,,,08/29/2020,7.299955404,GPS
,,,,,,,08/30/2020,7.31419425,GPS
,,,,,,,08/31/2020,7.286668002,GPS
,,,,,,,09/01/2020,7.292114196,GPS
,,,,,,,09/02/2020,7.304187688,GPS
,,,,,,,09/03/2020,7.313931782,GPS
,,,,,,,09/04/2020,7.32196984,GPS
,,,,,,,09/05/2020,7.325775615,GPS
,,,,,,,09/06/2020,7.295591887,GPS
,,,,,,,09/07/2020,7.291786112,GPS
,,,,,,,09/08/2020,7.291359603,GPS
,,,,,,,09/09/2020,7.306090575,GPS
,,,,,,,09/10/2020,7.32423362,GPS
,,,,,,,09/11/2020,7.315998712,GPS
,,,,,,,09/12/2020,7.311143068,GPS
,,,,,,,09/13/2020,7.314817609,GPS
,,,,,,,09/14/2020,7.325086638,GPS
,,,,,,,09/15/2020,7.331517085,GPS
,,,,,,,09/16/2020,7.320788738,GPS
,,,,,,,09/17/2020,7.295985588,GPS
,,,,,,,09/18/2020,7.309076139,GPS
,,,,,,,09/19/2020,7.31376774,GPS
,,,,,,,09/20/2020,7.318590575,GPS
,,,,,,,09/21/2020,7.32196984,GPS
,,,,,,,09/22/2020,7.309929158,GPS
,,,,,,,09/23/2020,7.298938344,GPS
,,,,,,,09/24/2020,7.297133882,GPS
,,,,,,,09/25/2020,7.304056454,GPS
,,,,,,,09/26/2020,7.29204858,GPS
,,,,,,,09/27/2020,7.304909472,GPS
,,,,,,,09/28/2020,7.266556453,GPS
,,,,,,,09/29/2020,7.28712732,GPS
,,,,,,,09/30/2020,7.304679814,GPS
,,,,,,,10/01/2020,7.30966669,GPS
,,,,,,,10/02/2020,7.304581388,GPS
,,,,,,,10/03/2020,7.302153567,GPS
,,,,,,,10/04/2020,7.305860916,GPS
,,,,,,,10/05/2020,7.315900286,GPS
,,,,,,,10/06/2020,7.313669315,GPS
,,,,,,,10/07/2020,7.283780863,GPS
,,,,,,,10/08/2020,7.300021021,GPS
,,,,,,,10/09/2020,7.299889787,GPS
,,,,,,,10/10/2020,7.299528895,GPS
,,,,,,,10/11/2020,7.292573514,GPS
,,,,,,,10/12/2020,7.29204858,GPS
,,,,,,,10/13/2020,7.288636506,GPS
,,,,,,,10/14/2020,7.285585325,GPS
,,,,,,,10/15/2020,7.31376774,GPS
,,,,,,,10/16/2020,7.302251992,GPS
,,,,,,,10/17/2020,7.304023646,GPS
,,,,,,,10/18/2020,7.296116821,GPS
,,,,,,,10/19/2020,7.298708685,GPS
,,,,,,,10/20/2020,7.29142522,GPS
,,,,,,,10/21/2020,7.288045955,GPS
,,,,,,,10/22/2020,7.304581388,GPS
,,,,,,,10/23/2020,7.284568264,GPS
,,,,,,,10/24/2020,7.281156191,GPS
,,,,,,,10/25/2020,7.293820233,GPS
,,,,,,,10/26/2020,7.289030207,GPS
,,,,,,,10/27/2020,7.289686375,GPS
,,,,,,,10/28/2020,7.298347792,GPS
,,,,,,,10/29/2020,7.305106323,GPS
,,,,,,,10/30/2020,7.297232307,GPS
,,,,,,,10/31/2020,7.279843855,GPS
,,,,,,,11/01/2020,7.29450921,GPS
,,,,,,,11/02/2020,7.280171939,GPS
,,,,,,,11/03/2020,7.289325482,GPS
,,,,,,,11/04/2020,7.308682438,GPS
,,,,,,,11/05/2020,7.288538081,GPS
,,,,,,,11/06/2020,7.266031518,GPS
,,,,,,,11/07/2020,7.254548578,GPS
,,,,,,,11/08/2020,7.243984274,GPS
,,,,,,,11/09/2020,7.258288736,GPS
,,,,,,,11/10/2020,7.281320233,GPS
,,,,,,,11/11/2020,7.276694248,GPS
,,,,,,,11/12/2020,7.287028894,GPS
,,,,,,,11/13/2020,7.276103697,GPS
,,,,,,,11/14/2020,7.266031518,GPS
,,,,,,,11/15/2020,7.291326795,GPS
,,,,,,,11/16/2020,7.256910783,GPS
,,,,,,,11/17/2020,7.271051204,GPS
,,,,,,,11/18/2020,7.301038081,GPS
,,,,,,,11/19/2020,7.272330731,GPS
,,,,,,,11/20/2020,7.287914721,GPS
,,,,,,,11/21/2020,7.288702123,GPS
,,,,,,,11/22/2020,7.280893724,GPS
,,,,,,,11/23/2020,7.254482962,GPS
,,,,,,,11/24/2020,7.267376663,GPS
,,,,,,,11/25/2020,7.282730994,GPS
,,,,,,,11/26/2020,7.27502102,GPS
,,,,,,,11/27/2020,7.27400396,GPS
,,,,,,,11/28/2020,7.273807109,GPS
,,,,,,,11/29/2020,7.281484275,GPS
,,,,,,,11/30/2020,7.278367477,GPS
,,,,,,,12/01/2020,7.281254616,GPS
,,,,,,,12/02/2020,7.292704748,GPS
,,,,,,,12/03/2020,7.295493462,GPS
,,,,,,,12/04/2020,7.300841231,GPS
,,,,,,,12/05/2020,7.295296611,GPS
,,,,,,,12/06/2020,7.291129944,GPS
,,,,,,,12/07/2020,7.313144381,GPS
,,,,,,,12/08/2020,7.29244228,GPS
,,,,,,,12/09/2020,7.294443593,GPS
,,,,,,,12/10/2020,7.273839918,GPS
,,,,,,,12/11/2020,7.276136506,GPS
,,,,,,,12/12/2020,7.28896459,GPS
,,,,,,,12/13/2020,7.284929157,GPS
,,,,,,,12/14/2020,7.27849871,GPS
,,,,,,,12/15/2020,7.292114196,GPS
,,,,,,,12/16/2020,7.286832044,GPS
,,,,,,,12/17/2020,7.277087949,GPS
,,,,,,,12/18/2020,7.284732306,GPS
,,,,,,,12/19/2020,7.281057766,GPS
,,,,,,,12/20/2020,7.277973776,GPS
,,,,,,,12/21/2020,7.270559078,GPS
,,,,,,,12/22/2020,7.287783488,GPS
,,,,,,,12/23/2020,7.275152254,GPS
,,,,,,,12/24/2020,7.305532832,GPS
,,,,,,,12/25/2020,7.267803172,GPS
,,,,,,,12/26/2020,7.280106322,GPS
,,,,,,,12/27/2020,7.279089262,GPS
,,,,,,,12/28/2020,7.268196873,GPS
,,,,,,,12/29/2020,7.286241493,GPS
,,,,,,,12/30/2020,7.29142522,GPS
,,,,,,,12/31/2020,7.261766426,GPS
,,,,,,,01/01/2021,7.277448842,GPS
,,,,,,,01/02/2021,7.279056453,GPS
,,,,,,,01/03/2021,7.256254615,GPS
,,,,,,,01/04/2021,7.2772848,GPS
,,,,,,,01/05/2021,7.269017083,GPS
,,,,,,,01/06/2021,7.270230994,GPS
,,,,,,,01/07/2021,7.276891099,GPS
,,,,,,,01/08/2021,7.300119446,GPS
,,,,,,,01/09/2021,7.278761178,GPS
,,,,,,,01/10/2021,7.28506039,GPS
,,,,,,,01/11/2021,7.292606322,GPS
,,,,,,,01/12/2021,7.277055141,GPS
,,,,,,,01/13/2021,7.271576138,GPS
,,,,,,,01/14/2021,7.266425219,GPS
,,,,,,,01/15/2021,7.254548578,GPS
,,,,,,,01/16/2021,7.261963277,GPS
,,,,,,,01/17/2021,7.253925219,GPS
,,,,,,,01/18/2021,7.266064327,GPS
,,,,,,,01/19/2021,7.258518395,GPS
,,,,,,,01/20/2021,7.266326794,GPS
,,,,,,,01/21/2021,7.260683749,GPS
,,,,,,,01/22/2021,7.259961964,GPS
,,,,,,,01/23/2021,7.250349103,GPS
,,,,,,,01/24/2021,7.26580186,GPS
,,,,,,,01/25/2021,7.237717869,GPS
,,,,,,,01/26/2021,7.255467214,GPS
,,,,,,,01/27/2021,7.26455514,GPS
,,,,,,,01/28/2021,7.274627319,GPS
,,,,,,,01/29/2021,7.268984274,GPS
,,,,,,,01/30/2021,7.27439766,GPS
,,,,,,,01/31/2021,7.28876774,GPS
,,,,,,,02/01/2021,7.265572201,GPS
,,,,,,,02/02/2021,7.283059078,GPS
,,,,,,,02/03/2021,7.29040816,GPS
,,,,,,,02/04/2021,7.271805797,GPS
,,,,,,,02/05/2021,7.27154333,GPS
,,,,,,,02/06/2021,7.26006039,GPS
,,,,,,,02/07/2021,7.269246742,GPS
,,,,,,,02/08/2021,7.287619446,GPS
,,,,,,,02/09/2021,7.26927955,GPS
,,,,,,,02/10/2021,7.278892411,GPS
,,,,,,,02/11/2021,7.282730994,GPS
,,,,,,,02/12/2021,7.229056452,GPS
,,,,,,,02/13/2021,7.25924018,GPS
,,,,,,,02/14/2021,7.28834123,GPS
,,,,,,,02/15/2021,7.25881367,GPS
,,,,,,,02/16/2021,7.274332044,GPS
,,,,,,,02/17/2021,7.249003959,GPS
,,,,,,,02/18/2021,7.312389788,GPS
,,,,,,,02/19/2021,7.285454091,GPS
,,,,,,,02/20/2021,7.275053828,GPS
,,,,,,,02/21/2021,7.286208684,GPS
,,,,,,,02/22/2021,7.277514458,GPS
,,,,,,,02/23/2021,7.263833356,GPS
,,,,,,,02/24/2021,7.285913409,GPS
,,,,,,,02/25/2021,7.28177955,GPS
,,,,,,,02/26/2021,7.290178501,GPS
,,,,,,,02/27/2021,7.263111571,GPS
,,,,,,,02/28/2021,7.267868789,GPS
,,,,,,,03/01/2021,7.280860915,GPS
,,,,,,,03/02/2021,7.26006039,GPS
,,,,,,,03/03/2021,7.253728368,GPS
,,,,,,,03/04/2021,7.289095824,GPS
,,,,,,,03/05/2021,7.3104869,GPS
,,,,,,,03/06/2021,7.279614196,GPS
,,,,,,,03/07/2021,7.286799236,GPS
,,,,,,,03/08/2021,7.297494774,GPS
,,,,,,,03/09/2021,7.308977714,GPS
,,,,,,,03/10/2021,7.305762491,GPS
,,,,,,,03/11/2021,7.294213934,GPS
,,,,,,,03/12/2021,7.316523646,GPS
,,,,,,,03/13/2021,7.317606323,GPS
,,,,,,,03/14/2021,7.294017084,GPS
,,,,,,,03/15/2021,7.298282176,GPS
,,,,,,,03/16/2021,7.280303172,GPS
,,,,,,,03/17/2021,7.298511834,GPS
,,,,,,,03/18/2021,7.29614963,GPS
,,,,,,,03/19/2021,7.293590574,GPS
,,,,,,,03/20/2021,7.292179813,GPS
,,,,,,,03/21/2021,7.285093199,GPS
,,,,,,,03/22/2021,7.314292675,GPS
,,,,,,,03/23/2021,7.275545954,GPS
,,,,,,,03/24/2021,7.263209996,GPS
,,,,,,,03/25/2021,7.26252102,GPS
,,,,,,,03/26/2021,7.27521787,GPS
,,,,,,,03/27/2021,7.294115509,GPS
,,,,,,,03/28/2021,7.299594512,GPS
,,,,,,,03/29/2021,7.292704748,GPS
,,,,,,,03/30/2021,7.296412097,GPS
,,,,,,,03/31/2021,7.287488212,GPS
,,,,,,,04/01/2021,7.281188999,GPS
,,,,,,,04/02/2021,7.279220495,GPS
,,,,,,,04/03/2021,7.29779005,GPS
,,,,,,,04/04/2021,7.308780864,GPS
,,,,,,,04/05/2021,7.262422594,GPS
,,,,,,,04/06/2021,7.280828107,GPS
,,,,,,,04/07/2021,7.270362227,GPS
,,,,,,,04/08/2021,7.29080186,GPS
,,,,,,,04/09/2021,7.28259976,GPS
,,,,,,,04/10/2021,7.29224543,GPS
,,,,,,,04/11/2021,7.283518396,GPS
,,,,,,,04/12/2021,7.286897661,GPS
,,,,,,,04/13/2021,7.272626007,GPS
,,,,,,,04/14/2021,7.285126007,GPS
,,,,,,,04/15/2021,7.28916144,GPS
,,,,,,,04/16/2021,7.27974543,GPS
,,,,,,,04/17/2021,7.303236244,GPS
,,,,,,,04/18/2021,7.28998165,GPS
,,,,,,,04/19/2021,7.30884648,GPS
,,,,,,,04/20/2021,7.30638585,GPS
,,,,,,,04/21/2021,7.295132569,GPS
,,,,,,,04/22/2021,7.27931892,GPS
,,,,,,,04/23/2021,7.273216558,GPS
,,,,,,,04/24/2021,7.299397661,GPS
,,,,,,,04/25/2021,7.284076138,GPS
,,,,,,,04/26/2021,7.309732307,GPS
,,,,,,,04/27/2021,7.311832045,GPS
,,,,,,,04/28/2021,7.3100932,GPS
,,,,,,,04/29/2021,7.32157614,GPS
,,,,,,,04/30/2021,7.327776927,GPS
,,,,,,,05/01/2021,7.314784801,GPS
,,,,,,,05/02/2021,7.311668003,GPS
,,,,,,,05/03/2021,7.327219184,GPS
,,,,,,,05/04/2021,7.319706061,GPS
,,,,,,,05/05/2021,7.323118134,GPS
,,,,,,,05/06/2021,7.341917348,GPS
,,,,,,,05/07/2021,7.349397663,GPS
,,,,,,,05/08/2021,7.350053831,GPS
,,,,,,,05/09/2021,7.355860918,GPS
,,,,,,,05/10/2021,7.349627322,GPS
,,,,,,,05/11/2021,7.359174566,GPS
,,,,,,,05/12/2021,7.347790051,GPS
,,,,,,,05/13/2021,7.362356981,GPS
,,,,,,,05/14/2021,7.358255931,GPS
,,,,,,,05/15/2021,7.371215249,GPS
,,,,,,,05/16/2021,7.351595826,GPS
,,,,,,,05/17/2021,7.366293989,GPS
,,,,,,,05/18/2021,7.371969842,GPS
,,,,,,,05/19/2021,7.362389789,GPS
,,,,,,,05/20/2021,7.367573516,GPS
,,,,,,,05/21/2021,7.363144382,GPS
,,,,,,,05/22/2021,7.37774412,GPS
,,,,,,,05/23/2021,7.383616824,GPS
,,,,,,,05/24/2021,7.373741496,GPS
,,,,,,,05/25/2021,7.378301863,GPS
,,,,,,,05/26/2021,7.366786115,GPS
,,,,,,,05/27/2021,7.389325486,GPS
,,,,,,,05/28/2021,7.38063126,GPS
,,,,,,,05/29/2021,7.3679016,GPS
,,,,,,,05/30/2021,7.3679016,GPS
,,,,,,,05/31/2021,7.379843858,GPS
,,,,,,,06/01/2021,7.374496089,GPS
,,,,,,,06/02/2021,7.372199501,GPS
,,,,,,,06/03/2021,7.365834671,GPS
,,,,,,,06/04/2021,7.375447532,GPS
,,,,,,,06/05/2021,7.370755931,GPS
,,,,,,,06/06/2021,7.370099763,GPS
,,,,,,,06/07/2021,7.380467218,GPS
,,,,,,,06/08/2021,7.38246853,GPS
,,,,,,,06/09/2021,7.399824174,GPS
,,,,,,,06/10/2021,7.395493465,GPS
,,,,,,,06/11/2021,7.414227061,GPS
,,,,,,,06/12/2021,7.411274305,GPS
,,,,,,,06/13/2021,7.406221812,GPS
,,,,,,,06/14/2021,7.392475092,GPS
,,,,,,,06/15/2021,7.411241497,GPS
,,,,,,,06/16/2021,7.412717875,GPS
,,,,,,,06/17/2021,7.40933861,GPS
,,,,,,,06/18/2021,7.404286116,GPS
,,,,,,,06/19/2021,7.414063019,GPS
,,,,,,,06/20/2021,7.407107638,GPS
,,,,,,,06/21/2021,7.414587954,GPS
,,,,,,,06/22/2021,7.414161444,GPS
,,,,,,,06/23/2021,7.421477718,GPS
,,,,,,,06/24/2021,7.435257246,GPS
,,,,,,,06/25/2021,7.437258558,GPS
,,,,,,,06/26/2021,7.438275618,GPS
,,,,,,,06/27/2021,7.437553834,GPS
,,,,,,,06/28/2021,7.449200816,GPS
,,,,,,,06/29/2021,7.442639136,GPS
,,,,,,,06/30/2021,7.44254071,GPS
,,,,,,,07/01/2021,7.429614201,GPS
,,,,,,,07/02/2021,7.444082705,GPS
,,,,,,,07/03/2021,7.444148322,GPS
,,,,,,,07/04/2021,7.438013151,GPS
,,,,,,,07/05/2021,7.46839373,GPS
,,,,,,,07/06/2021,7.469181131,GPS
,,,,,,,07/07/2021,7.452547272,GPS
,,,,,,,07/08/2021,7.464653572,GPS
,,,,,,,07/09/2021,7.446149634,GPS
,,,,,,,07/10/2021,7.474069583,GPS
,,,,,,,07/11/2021,7.456615514,GPS
,,,,,,,07/12/2021,7.478137824,GPS
,,,,,,,07/13/2021,7.466917352,GPS
,,,,,,,07/14/2021,7.491293993,GPS
,,,,,,,07/15/2021,7.482632575,GPS
,,,,,,,07/16/2021,7.48519163,GPS
,,,,,,,07/17/2021,7.507238875,GPS
,,,,,,,07/18/2021,7.502481657,GPS
,,,,,,,07/19/2021,7.521674571,GPS
,,,,,,,07/20/2021,7.527350424,GPS
,,,,,,,07/21/2021,7.51389898,GPS
,,,,,,,07/22/2021,7.527711317,GPS
,,,,,,,07/23/2021,7.497396355,GPS
,,,,,,,07/24/2021,7.497855673,GPS
,,,,,,,07/25/2021,7.512028902,GPS
,,,,,,,07/26/2021,7.476333362,GPS
,,,,,,,07/27/2021,7.499496093,GPS
,,,,,,,07/28/2021,7.541982971,GPS
,,,,,,,07/29/2021,7.531385858,GPS
,,,,,,,07/30/2021,7.528564335,GPS
,,,,,,,07/31/2021,7.544377984,GPS
,,,,,,,08/01/2021,7.543065648,GPS
,,,,,,,08/02/2021,7.54506696,GPS
,,,,,,,08/03/2021,7.536110267,GPS
,,,,,,,08/04/2021,7.520198193,GPS
,,,,,,,08/05/2021,7.528170634,GPS
,,,,,,,08/06/2021,7.539259874,GPS
,,,,,,,08/07/2021,7.521248062,GPS
,,,,,,,08/08/2021,7.514489532,GPS
,,,,,,,08/09/2021,7.510388482,GPS
,,,,,,,08/10/2021,7.52354465,GPS
,,,,,,,08/11/2021,7.531189007,GPS
,,,,,,,08/12/2021,7.545132577,GPS
,,,,,,,08/13/2021,7.542245438,GPS
,,,,,,,08/14/2021,7.561864861,GPS
,,,,,,,08/15/2021,7.53010633,GPS
,,,,,,,08/16/2021,7.547724441,GPS
,,,,,,,08/17/2021,7.535519716,GPS
,,,,,,,08/18/2021,7.541129952,GPS
,,,,,,,08/19/2021,7.528433102,GPS
,,,,,,,08/20/2021,7.544345176,GPS
,,,,,,,08/21/2021,7.527317616,GPS
,,,,,,,08/22/2021,7.541982971,GPS
,,,,,,,08/23/2021,7.546280871,GPS
,,,,,,,08/24/2021,7.541818929,GPS
,,,,,,,08/25/2021,7.559338614,GPS
,,,,,,,08/26/2021,7.544443601,GPS
,,,,,,,08/27/2021,7.580434416,GPS
,,,,,,,08/28/2021,7.541982971,GPS
,,,,,,,08/29/2021,7.536799244,GPS
,,,,,,,08/30/2021,7.531845175,GPS
,,,,,,,08/31/2021,7.516556461,GPS
,,,,,,,09/01/2021,7.53112339,GPS
,,,,,,,09/02/2021,7.540408168,GPS
,,,,,,,09/03/2021,7.556221816,GPS
,,,,,,,09/04/2021,7.544279559,GPS
,,,,,,,09/05/2021,7.564686384,GPS
,,,,,,,09/06/2021,7.545559086,GPS
,,,,,,,09/07/2021,7.535946225,GPS
,,,,,,,09/08/2021,7.549692945,GPS
,,,,,,,09/09/2021,7.532009217,GPS
,,,,,,,09/10/2021,7.549955412,GPS
,,,,,,,09/11/2021,7.548249375,GPS
,,,,,,,09/12/2021,7.552842551,GPS
,,,,,,,09/13/2021,7.54260633,GPS
,,,,,,,09/14/2021,7.534305805,GPS
,,,,,,,09/15/2021,7.53338717,GPS
,,,,,,,09/16/2021,7.529351737,GPS
,,,,,,,09/17/2021,7.542179821,GPS
,,,,,,,09/18/2021,7.5237415,GPS
,,,,,,,09/19/2021,7.537717879,GPS
,,,,,,,09/20/2021,7.523938351,GPS
,,,,,,,09/21/2021,7.53748822,GPS
,,,,,,,09/22/2021,7.547691632,GPS
,,,,,,,09/23/2021,7.535716566,GPS
,,,,,,,09/24/2021,7.533124703,GPS
,,,,,,,09/25/2021,7.540506593,GPS
,,,,,,,09/26/2021,7.528006592,GPS
,,,,,,,09/27/2021,7.524955411,GPS
,,,,,,,09/28/2021,7.560913418,GPS
,,,,,,,09/29/2021,7.544443601,GPS
,,,,,,,09/30/2021,7.545001344,GPS
,,,,,,,10/01/2021,7.537783496,GPS
,,,,,,,10/02/2021,7.536766435,GPS
,,,,,,,10/03/2021,7.528761186,GPS
,,,,,,,10/04/2021,7.540440976,GPS
,,,,,,,10/05/2021,7.532665385,GPS
,,,,,,,10/06/2021,7.519148324,GPS
,,,,,,,10/07/2021,7.518590582,GPS
,,,,,,,10/08/2021,7.548314992,GPS
,,,,,,,10/09/2021,7.541687695,GPS
,,,,,,,10/10/2021,7.52744885,GPS
,,,,,,,10/11/2021,7.507698193,GPS
,,,,,,,10/12/2021,7.51452234,GPS
,,,,,,,10/13/2021,7.522822865,GPS
,,,,,,,10/14/2021,7.500217878,GPS
,,,,,,,10/15/2021,7.529122078,GPS
,,,,,,,10/16/2021,7.532829427,GPS
,,,,,,,10/17/2021,7.53729137,GPS
,,,,,,,10/18/2021,7.504286119,GPS
,,,,,,,10/19/2021,7.547035464,GPS
,,,,,,,10/20/2021,7.544837302,GPS
,,,,,,,10/21/2021,7.52170738,GPS
,,,,,,,10/22/2021,7.528105018,GPS
,,,,,,,10/23/2021,7.519312366,GPS
,,,,,,,10/24/2021,7.489883232,GPS
,,,,,,,10/25/2021,7.51964045,GPS
,,,,,,,10/26/2021,7.515801868,GPS
,,,,,,,10/27/2021,7.539358299,GPS
,,,,,,,10/28/2021,7.532468535,GPS
,,,,,,,10/29/2021,7.52948297,GPS
,,,,,,,10/30/2021,7.518885857,GPS
,,,,,,,10/31/2021,7.522363548,GPS
,,,,,,,11/01/2021,7.533748062,GPS
,,,,,,,11/02/2021,7.519148324,GPS
,,,,,,,11/03/2021,7.542245438,GPS
,,,,,,,11/04/2021,7.51842654,GPS
,,,,,,,11/05/2021,7.5315499,GPS
,,,,,,,11/06/2021,7.505007904,GPS
,,,,,,,11/07/2021,7.509765122,GPS
,,,,,,,11/08/2021,7.524856986,GPS
,,,,,,,11/09/2021,7.521412104,GPS
,,,,,,,11/10/2021,7.507501342,GPS
,,,,,,,11/11/2021,7.535913417,GPS
,,,,,,,11/12/2021,7.52928612,GPS
,,,,,,,11/13/2021,7.516293994,GPS
,,,,,,,11/14/2021,7.507206067,GPS
,,,,,,,11/15/2021,7.524955411,GPS
,,,,,,,11/16/2021,7.511799243,GPS
,,,,,,,11/17/2021,7.525250687,GPS
,,,,,,,11/18/2021,7.52252759,GPS
,,,,,,,11/19/2021,7.506681132,GPS
,,,,,,,11/20/2021,7.518787432,GPS
,,,,,,,11/21/2021,7.520755936,GPS
,,,,,,,11/22/2021,7.532042026,GPS
,,,,,,,11/23/2021,7.507238875,GPS
,,,,,,,11/24/2021,7.495952786,GPS
,,,,,,,11/25/2021,7.52272444,GPS
,,,,,,,11/26/2021,7.521182445,GPS
,,,,,,,11/27/2021,7.514456723,GPS
,,,,,,,11/28/2021,7.527087957,GPS
,,,,,,,11/29/2021,7.500677195,GPS
,,,,,,,11/30/2021,7.50385961,GPS
,,,,,,,12/01/2021,7.509535463,GPS
,,,,,,,12/02/2021,7.49257352,GPS
,,,,,,,12/03/2021,7.514489532,GPS
,,,,,,,12/04/2021,7.504351736,GPS
,,,,,,,12/05/2021,7.49401709,GPS
,,,,,,,12/06/2021,7.497265122,GPS
,,,,,,,12/07/2021,7.479548586,GPS
,,,,,,,12/08/2021,7.488505279,GPS
,,,,,,,12/09/2021,7.483223126,GPS
,,,,,,,12/10/2021,7.473610265,GPS
,,,,,,,12/11/2021,7.486897667,GPS
,,,,,,,12/12/2021,7.498905542,GPS
,,,,,,,12/13/2021,7.477022339,GPS
,,,,,,,12/14/2021,7.464161446,GPS
,,,,,,,12/15/2021,7.469935724,GPS
,,,,,,,12/16/2021,7.470460659,GPS
,,,,,,,12/17/2021,7.475316302,GPS
,,,,,,,12/18/2021,7.493360922,GPS
,,,,,,,12/19/2021,7.497002654,GPS
,,,,,,,12/20/2021,7.474824176,GPS
,,,,,,,12/21/2021,7.475742811,GPS
,,,,,,,12/22/2021,7.480762496,GPS
,,,,,,,12/23/2021,7.458846485,GPS
,,,,,,,12/24/2021,7.458387168,GPS
,,,,,,,12/25/2021,7.471608953,GPS
,,,,,,,12/26/2021,7.446740186,GPS
,,,,,,,12/27/2021,7.466097142,GPS
,,,,,,,12/28/2021,7.451792679,GPS
,,,,,,,12/29/2021,7.458255934,GPS
,,,,,,,12/30/2021,7.453859608,GPS
,,,,,,,12/31/2021,7.474364858,GPS
,,,,,,,01/01/2022,7.459404228,GPS
,,,,,,,01/02/2022,7.491195568,GPS
,,,,,,,01/03/2022,7.501070896,GPS
,,,,,,,01/04/2022,7.499692943,GPS
,,,,,,,01/05/2022,7.495723127,GPS
,,,,,,,01/06/2022,7.481779557,GPS
,,,,,,,01/07/2022,7.475742811,GPS
,,,,,,,01/08/2022,7.480631263,GPS
,,,,,,,01/09/2022,7.499856985,GPS
,,,,,,,01/10/2022,7.515244125,GPS
,,,,,,,01/11/2022,7.50159583,GPS
,,,,,,,01/12/2022,7.505171946,GPS
,,,,,,,01/13/2022,7.493229688,GPS
,,,,,,,01/14/2022,7.491129951,GPS
,,,,,,,01/15/2022,7.487389793,GPS
,,,,,,,01/16/2022,7.484240187,GPS
,,,,,,,01/17/2022,7.494181132,GPS
,,,,,,,01/18/2022,7.499168009,GPS
,,,,,,,01/19/2022,7.494345174,GPS
,,,,,,,01/20/2022,7.494870108,GPS
,,,,,,,01/21/2022,7.511668009,GPS
,,,,,,,01/22/2022,7.49956171,GPS
,,,,,,,01/23/2022,7.508124702,GPS
,,,,,,,01/24/2022,7.487914728,GPS
,,,,,,,01/25/2022,7.484108953,GPS
,,,,,,,01/26/2022,7.483649636,GPS
,,,,,,,01/27/2022,7.489227064,GPS
,,,,,,,01/28/2022,7.48683205,GPS
,,,,,,,01/29/2022,7.484699504,GPS
,,,,,,,01/30/2022,7.466818926,GPS
,,,,,,,01/31/2022,7.471116827,GPS
,,,,,,,02/01/2022,7.46757352,GPS
,,,,,,,02/02/2022,7.47862995,GPS
,,,,,,,02/03/2022,7.482731,GPS
,,,,,,,02/04/2022,7.491884544,GPS
,,,,,,,02/05/2022,7.504581395,GPS
,,,,,,,02/06/2022,7.4784331,GPS
,,,,,,,02/07/2022,7.498708691,GPS
,,,,,,,02/08/2022,7.486930476,GPS
,,,,,,,02/09/2022,7.47925331,GPS
,,,,,,,02/10/2022,7.47698953,GPS
,,,,,,,02/11/2022,7.471904228,GPS
,,,,,,,02/12/2022,7.485946224,GPS
,,,,,,,02/13/2022,7.495526276,GPS
,,,,,,,02/14/2022,7.487783494,GPS
,,,,,,,02/15/2022,7.450021026,GPS
,,,,,,,02/16/2022,7.458780868,GPS
,,,,,,,02/17/2022,7.473183756,GPS
,,,,,,,02/18/2022,7.494345174,GPS
,,,,,,,02/19/2022,7.482698192,GPS
,,,,,,,02/20/2022,7.478597142,GPS
,,,,,,,02/21/2022,7.461143073,GPS
,,,,,,,02/22/2022,7.461077456,GPS
,,,,,,,02/23/2022,7.47741604,GPS
,,,,,,,02/24/2022,7.488636512,GPS
,,,,,,,02/25/2022,7.48315751,GPS
,,,,,,,02/26/2022,7.487980344,GPS
,,,,,,,02/27/2022,7.475053835,GPS
,,,,,,,02/28/2022,7.48807877,GPS
,,,,,,,03/01/2022,7.490506591,GPS
,,,,,,,03/02/2022,7.484240187,GPS
,,,,,,,03/03/2022,7.473249373,GPS
,,,,,,,03/04/2022,7.467671945,GPS
,,,,,,,03/05/2022,7.473577457,GPS
,,,,,,,03/06/2022,7.484207378,GPS
,,,,,,,03/07/2022,7.48971919,GPS
,,,,,,,03/08/2022,7.490637825,GPS
,,,,,,,03/09/2022,7.48007352,GPS
,,,,,,,03/10/2022,7.462356984,GPS
,,,,,,,03/11/2022,7.470723126,GPS
,,,,,,,03/12/2022,7.478465908,GPS
,,,,,,,03/13/2022,7.449299241,GPS
,,,,,,,03/14/2022,7.488308428,GPS
,,,,,,,03/15/2022,7.465342548,GPS
,,,,,,,03/16/2022,7.469476407,GPS
,,,,,,,03/17/2022,7.477153572,GPS
,,,,,,,03/18/2022,7.459010527,GPS
,,,,,,,03/19/2022,7.453597141,GPS
,,,,,,,03/20/2022,7.471510528,GPS
,,,,,,,03/21/2022,7.482862234,GPS
,,,,,,,03/22/2022,7.479417352,GPS
,,,,,,,03/23/2022,7.479548586,GPS
,,,,,,,03/24/2022,7.474036774,GPS
,,,,,,,03/25/2022,7.462061708,GPS
,,,,,,,03/26/2022,7.458419976,GPS
,,,,,,,03/27/2022,7.477744124,GPS
,,,,,,,03/28/2022,7.461143073,GPS
,,,,,,,03/29/2022,7.45074281,GPS
,,,,,,,03/30/2022,7.461799241,GPS
,,,,,,,03/31/2022,7.476464596,GPS
,,,,,,,04/01/2022,7.465342548,GPS
,,,,,,,04/02/2022,7.478137824,GPS
,,,,,,,04/03/2022,7.472265121,GPS
,,,,,,,04/04/2022,7.474824176,GPS
,,,,,,,04/05/2022,7.468164071,GPS
,,,,,,,04/06/2022,7.469837299,GPS
,,,,,,,04/07/2022,7.471346486,GPS
,,,,,,,04/08/2022,7.470755934,GPS
,,,,,,,04/09/2022,7.470362234,GPS
,,,,,,,04/10/2022,7.458682443,GPS
,,,,,,,04/11/2022,7.469673257,GPS
,,,,,,,04/12/2022,7.476956722,GPS
,,,,,,,04/13/2022,7.500250686,GPS
,,,,,,,04/14/2022,7.505270371,GPS
,,,,,,,04/15/2022,7.491884544,GPS
,,,,,,,04/16/2022,7.525283495,GPS
,,,,,,,04/17/2022,7.513997406,GPS
,,,,,,,04/18/2022,7.5194436,GPS
,,,,,,,04/19/2022,7.517409479,GPS
,,,,,,,04/20/2022,7.496969846,GPS
,,,,,,,04/21/2022,7.504286119,GPS
,,,,,,,04/22/2022,7.505368796,GPS
,,,,,,,04/23/2022,7.5233478,GPS
,,,,,,,04/24/2022,7.502448849,GPS
,,,,,,,04/25/2022,7.527120766,GPS
,,,,,,,04/26/2022,7.510749374,GPS
,,,,,,,04/27/2022,7.5358478,GPS
,,,,,,,04/28/2022,7.53174675,GPS
,,,,,,,04/29/2022,7.512127327,GPS
,,,,,,,04/30/2022,7.531090582,GPS
,,,,,,,05/01/2022,7.535552524,GPS
,,,,,,,05/02/2022,7.527251999,GPS
,,,,,,,05/03/2022,7.514981658,GPS
,,,,,,,05/04/2022,7.533124703,GPS
,,,,,,,05/05/2022,7.524889794,GPS
,,,,,,,05/06/2022,7.528531527,GPS
,,,,,,,05/07/2022,7.528531527,GPS
,,,,,,,05/08/2022,7.508715253,GPS
,,,,,,,05/09/2022,7.509141762,GPS
,,,,,,,05/10/2022,7.535618141,GPS
,,,,,,,05/11/2022,7.533485595,GPS
,,,,,,,05/12/2022,7.545952787,GPS
,,,,,,,05/13/2022,7.543951475,GPS
,,,,,,,05/14/2022,7.537980346,GPS
,,,,,,,05/15/2022,7.537258561,GPS
,,,,,,,05/16/2022,7.544476409,GPS
,,,,,,,05/17/2022,7.549496094,GPS
,,,,,,,05/18/2022,7.532271684,GPS
,,,,,,,05/19/2022,7.534896356,GPS
,,,,,,,05/20/2022,7.550972472,GPS
,,,,,,,05/21/2022,7.531812367,GPS
,,,,,,,05/22/2022,7.561963286,GPS
,,,,,,,05/23/2022,7.561996095,GPS
,,,,,,,05/24/2022,7.562652263,GPS
,,,,,,,05/25/2022,7.556845176,GPS
,,,,,,,05/26/2022,7.536011842,GPS
,,,,,,,05/27/2022,7.54733074,GPS
,,,,,,,05/28/2022,7.553203444,GPS
,,,,,,,05/29/2022,7.555959349,GPS
,,,,,,,05/30/2022,7.570526279,GPS
,,,,,,,05/31/2022,7.56271788,GPS
,,,,,,,06/01/2022,7.5768583,GPS
,,,,,,,06/02/2022,7.59509977,GPS
,,,,,,,06/03/2022,7.565145701,GPS
,,,,,,,06/04/2022,7.580237565,GPS
,,,,,,,06/05/2022,7.576169324,GPS
,,,,,,,06/06/2022,7.585027592,GPS
,,,,,,,06/07/2022,7.58916145,GPS
,,,,,,,06/08/2022,7.592475098,GPS
,,,,,,,06/09/2022,7.596215256,GPS
,,,,,,,06/10/2022,7.600414731,GPS
,,,,,,,06/11/2022,7.602875361,GPS
,,,,,,,06/12/2022,7.587685072,GPS
,,,,,,,06/13/2022,7.632337304,GPS
,,,,,,,06/14/2022,7.604482973,GPS
,,,,,,,06/15/2022,7.599660138,GPS
,,,,,,,06/16/2022,7.615112894,GPS
,,,,,,,06/17/2022,7.621937042,GPS
,,,,,,,06/18/2022,7.633780874,GPS
,,,,,,,06/19/2022,7.611044653,GPS
,,,,,,,06/20/2022,7.639489536,GPS
,,,,,,,06/21/2022,7.647494785,GPS
,,,,,,,06/22/2022,7.606779561,GPS
,,,,,,,06/23/2022,7.647921294,GPS
,,,,,,,06/24/2022,7.642737567,GPS
,,,,,,,06/25/2022,7.640047278,GPS
,,,,,,,06/26/2022,7.667803185,GPS
,,,,,,,06/27/2022,7.644410796,GPS
,,,,,,,06/28/2022,7.646248066,GPS
,,,,,,,06/29/2022,7.650644392,GPS
,,,,,,,06/30/2022,7.644049903,GPS
,,,,,,,07/01/2022,7.660191636,GPS
,,,,,,,07/02/2022,7.658780875,GPS
,,,,,,,07/03/2022,7.652383237,GPS
,,,,,,,07/04/2022,7.657763814,GPS
,,,,,,,07/05/2022,7.667507909,GPS
,,,,,,,07/06/2022,7.668853054,GPS
,,,,,,,07/07/2022,7.671346492,GPS
,,,,,,,07/08/2022,7.673807122,GPS
,,,,,,,07/09/2022,7.682370114,GPS
,,,,,,,07/10/2022,7.672068277,GPS
,,,,,,,07/11/2022,7.673675888,GPS
,,,,,,,07/12/2022,7.664194261,GPS
,,,,,,,07/13/2022,7.674364865,GPS
,,,,,,,07/14/2022,7.659108959,GPS
,,,,,,,07/15/2022,7.658846492,GPS
,,,,,,,07/16/2022,7.694607648,GPS
,,,,,,,07/17/2022,7.680598461,GPS
,,,,,,,07/18/2022,7.690178514,GPS
,,,,,,,07/19/2022,7.69496854,GPS
,,,,,,,07/20/2022,7.706713947,GPS
,,,,,,,07/21/2022,7.68758665,GPS
,,,,,,,07/22/2022,7.668820245,GPS
,,,,,,,07/23/2022,7.697363553,GPS
,,,,,,,07/24/2022,7.691556466,GPS
,,,,,,,07/25/2022,7.698610272,GPS
,,,,,,,07/26/2022,7.684043343,GPS
,,,,,,,07/27/2022,7.697691637,GPS
,,,,,,,07/28/2022,7.686930482,GPS
,,,,,,,07/29/2022,7.70871526,GPS
,,,,,,,07/30/2022,7.716753318,GPS
,,,,,,,07/31/2022,7.69660896,GPS
,,,,,,,08/01/2022,7.674725757,GPS
,,,,,,,08/02/2022,7.696346493,GPS
,,,,,,,08/03/2022,7.68942392,GPS
,,,,,,,08/04/2022,7.690801873,GPS
,,,,,,,08/05/2022,7.712586651,GPS
,,,,,,,08/06/2022,7.694410797,GPS
,,,,,,,08/07/2022,7.74152366,GPS
,,,,,,,08/08/2022,7.696215259,GPS
,,,,,,,08/09/2022,7.685880613,GPS
,,,,,,,08/10/2022,7.708551218,GPS
,,,,,,,08/11/2022,7.717147018,GPS
,,,,,,,08/12/2022,7.689817621,GPS
,,,,,,,08/13/2022,7.717901612,GPS
,,,,,,,08/14/2022,7.699955417,GPS
,,,,,,,08/15/2022,7.690178514,GPS
,,,,,,,08/16/2022,7.69926644,GPS
,,,,,,,08/17/2022,7.691031532,GPS
,,,,,,,08/18/2022,7.702055154,GPS
,,,,,,,08/19/2022,7.687127332,GPS
,,,,,,,08/20/2022,7.685716571,GPS
,,,,,,,08/21/2022,7.682731007,GPS
,,,,,,,08/22/2022,7.711536782,GPS
,,,,,,,08/23/2022,7.690276939,GPS
,,,,,,,08/24/2022,7.698282188,GPS
,,,,,,,08/25/2022,7.694213947,GPS
,,,,,,,08/26/2022,7.680237568,GPS
,,,,,,,08/27/2022,7.684404235,GPS
,,,,,,,08/28/2022,7.656057778,GPS
,,,,,,,08/29/2022,7.663570901,GPS
,,,,,,,08/30/2022,7.681517096,GPS
,,,,,,,08/31/2022,7.683715259,GPS
,,,,,,,09/01/2022,7.688242818,GPS
,,,,,,,09/02/2022,7.681549904,GPS
,,,,,,,09/03/2022,7.699463291,GPS
,,,,,,,09/04/2022,7.677350429,GPS
,,,,,,,09/05/2022,7.690965915,GPS
,,,,,,,09/06/2022,7.68450266,GPS
,,,,,,,09/07/2022,7.670198198,GPS
,,,,,,,09/08/2022,7.653892423,GPS
,,,,,,,09/09/2022,7.673938356,GPS
,,,,,,,09/10/2022,7.693820246,GPS
,,,,,,,09/11/2022,7.706123396,GPS
,,,,,,,09/12/2022,7.64903678,GPS
,,,,,,,09/13/2022,7.689555154,GPS
,,,,,,,09/14/2022,7.662225757,GPS
,,,,,,,09/15/2022,7.684404235,GPS
,,,,,,,09/16/2022,7.678170639,GPS
,,,,,,,09/17/2022,7.664686387,GPS
,,,,,,,09/18/2022,7.658091898,GPS
,,,,,,,09/19/2022,7.684437044,GPS
,,,,,,,09/20/2022,7.688898986,GPS
,,,,,,,09/21/2022,7.688111584,GPS
,,,,,,,09/22/2022,7.695231007,GPS
,,,,,,,09/23/2022,7.681287437,GPS
,,,,,,,09/24/2022,7.662553841,GPS
,,,,,,,09/25/2022,7.687160141,GPS
,,,,,,,09/26/2022,7.684896361,GPS
,,,,,,,09/27/2022,7.674496098,GPS
,,,,,,,09/28/2022,7.669148329,GPS
,,,,,,,09/29/2022,7.68020476,GPS
,,,,,,,09/30/2022,7.66727825,GPS
,,,,,,,10/01/2022,7.683748067,GPS
,,,,,,,10/02/2022,7.682501348,GPS
,,,,,,,10/03/2022,7.683780876,GPS
,,,,,,,10/04/2022,7.69313127,GPS
,,,,,,,10/05/2022,7.696510535,GPS
,,,,,,,10/06/2022,7.701628645,GPS
,,,,,,,10/07/2022,7.712422609,GPS
,,,,,,,10/08/2022,7.690080088,GPS
,,,,,,,10/09/2022,7.703728383,GPS
,,,,,,,10/10/2022,7.687324183,GPS
,,,,,,,10/11/2022,7.676202135,GPS
,,,,,,,10/12/2022,7.672429169,GPS
,,,,,,,10/13/2022,7.67446329,GPS
,,,,,,,10/14/2022,7.66216014,GPS
,,,,,,,10/15/2022,7.658977725,GPS
,,,,,,,10/16/2022,7.689259878,GPS
,,,,,,,10/17/2022,7.686503973,GPS
,,,,,,,10/18/2022,7.698675889,GPS
,,,,,,,10/19/2022,7.682993474,GPS
,,,,,,,10/20/2022,7.665867489,GPS
,,,,,,,10/21/2022,7.649003972,GPS
,,,,,,,10/22/2022,7.630860926,GPS
,,,,,,,10/23/2022,7.665408172,GPS
,,,,,,,10/24/2022,7.679647017,GPS
,,,,,,,10/25/2022,7.676530219,GPS
,,,,,,,10/26/2022,7.668689012,GPS
,,,,,,,10/27/2022,7.677973789,GPS
,,,,,,,10/28/2022,7.685224445,GPS
,,,,,,,10/29/2022,7.685782188,GPS
,,,,,,,10/30/2022,7.680992162,GPS
,,,,,,,10/31/2022,7.66563783,GPS
,,,,,,,11/01/2022,7.67938455,GPS
,,,,,,,11/02/2022,7.675513159,GPS
,,,,,,,11/03/2022,7.689620771,GPS
,,,,,,,11/04/2022,7.69352497,GPS
,,,,,,,11/05/2022,7.681976414,GPS
,,,,,,,11/06/2022,7.6752835,GPS
,,,,,,,11/07/2022,7.668229694,GPS
,,,,,,,11/08/2022,7.686372739,GPS
,,,,,,,11/09/2022,7.692081401,GPS
,,,,,,,11/10/2022,7.682009222,GPS
,,,,,,,11/11/2022,7.672330744,GPS
,,,,,,,11/12/2022,7.701431795,GPS
,,,,,,,11/13/2022,7.694017096,GPS
,,,,,,,11/14/2022,7.687947542,GPS
,,,,,,,11/15/2022,7.70500791,GPS
,,,,,,,11/16/2022,7.710454105,GPS
,,,,,,,11/17/2022,7.710421296,GPS
,,,,,,,11/18/2022,7.68328875,GPS
,,,,,,,11/19/2022,7.692639144,GPS
,,,,,,,11/20/2022,7.690375364,GPS
,,,,,,,11/21/2022,7.682107647,GPS
,,,,,,,11/22/2022,7.684601086,GPS
,,,,,,,11/23/2022,7.696477726,GPS
,,,,,,,11/24/2022,7.701792687,GPS
,,,,,,,11/25/2022,7.673052529,GPS
,,,,,,,11/26/2022,7.661864864,GPS
,,,,,,,11/27/2022,7.656648329,GPS
,,,,,,,11/28/2022,7.641720507,GPS
,,,,,,,11/29/2022,7.643557777,GPS
,,,,,,,11/30/2022,7.636766438,GPS
,,,,,,,12/01/2022,7.628105021,GPS
,,,,,,,12/02/2022,7.624889798,GPS
,,,,,,,12/03/2022,7.63939111,GPS
,,,,,,,12/04/2022,7.642639142,GPS
,,,,,,,12/05/2022,7.632698197,GPS
,,,,,,,12/06/2022,7.682566965,GPS
,,,,,,,12/07/2022,7.644049903,GPS
,,,,,,,12/08/2022,7.669410796,GPS
,,,,,,,12/09/2022,7.665965914,GPS
,,,,,,,12/10/2022,7.653498722,GPS
,,,,,,,12/11/2022,7.65130056,GPS
,,,,,,,12/12/2022,7.63939111,GPS
,,,,,,,12/13/2022,7.645296622,GPS
,,,,,,,12/14/2022,7.655926544,GPS
,,,,,,,12/15/2022,7.663013158,GPS
,,,,,,,12/16/2022,7.660224444,GPS
,,,,,,,12/17/2022,7.658452791,GPS
,,,,,,,12/18/2022,7.649266439,GPS
,,,,,,,12/19/2022,7.647429168,GPS
,,,,,,,12/20/2022,7.668393736,GPS
,,,,,,,12/21/2022,7.662947542,GPS
,,,,,,,12/22/2022,7.667934418,GPS
,,,,,,,12/23/2022,7.659174576,GPS
,,,,,,,12/24/2022,7.668590586,GPS
,,,,,,,12/25/2022,7.659797935,GPS
,,,,,,,12/26/2022,7.658912108,GPS
,,,,,,,12/27/2022,7.623249378,GPS
,,,,,,,12/28/2022,7.6299751,GPS
,,,,,,,12/29/2022,7.64801972,GPS
,,,,,,,12/30/2022,7.633223131,GPS
,,,,,,,12/31/2022,7.626563026,GPS
,,,,,,,01/01/2023,7.634010533,GPS
,,,,,,,01/02/2023,7.64309846,GPS
,,,,,,,01/03/2023,7.637028906,GPS
,,,,,,,01/04/2023,7.658912108,GPS
,,,,,,,01/05/2023,7.665539405,GPS
,,,,,,,01/06/2023,7.663210009,GPS
,,,,,,,01/07/2023,7.682140456,GPS
,,,,,,,01/08/2023,7.669443605,GPS
,,,,,,,01/09/2023,7.641359614,GPS
,,,,,,,01/10/2023,7.657796623,GPS
,,,,,,,01/11/2023,7.659240192,GPS
,,,,,,,01/12/2023,7.66153678,GPS
,,,,,,,01/13/2023,7.67344623,GPS
,,,,,,,01/14/2023,7.65169426,GPS
,,,,,,,01/15/2023,7.639883236,GPS
,,,,,,,01/16/2023,7.632960664,GPS
,,,,,,,01/17/2023,7.641425231,GPS
,,,,,,,01/18/2023,7.667868802,GPS
,,,,,,,01/19/2023,7.680500036,GPS
,,,,,,,01/20/2023,7.677317621,GPS
,,,,,,,01/21/2023,7.685486912,GPS
,,,,,,,01/22/2023,7.675545967,GPS
,,,,,,,01/23/2023,7.664259878,GPS
,,,,,,,01/24/2023,7.671838618,GPS
,,,,,,,01/25/2023,7.673347804,GPS
,,,,,,,01/26/2023,7.691556466,GPS
,,,,,,,01/27/2023,7.674496098,GPS
,,,,,,,01/28/2023,7.668000035,GPS
,,,,,,,01/29/2023,7.667147017,GPS
,,,,,,,01/30/2023,7.658616833,GPS
,,,,,,,01/31/2023,7.667606334,GPS
,,,,,,,02/01/2023,7.666753316,GPS
,,,,,,,02/02/2023,7.679220508,GPS
,,,,,,,02/03/2023,7.670919983,GPS
,,,,,,,02/04/2023,7.675578776,GPS
,,,,,,,02/05/2023,7.660585337,GPS
,,,,,,,02/06/2023,7.656845179,GPS
,,,,,,,02/07/2023,7.668000035,GPS
,,,,,,,02/08/2023,7.653203447,GPS
,,,,,,,02/09/2023,7.659371426,GPS
,,,,,,,02/10/2023,7.659961977,GPS
,,,,,,,02/11/2023,7.647002659,GPS
,,,,,,,02/12/2023,7.660060402,GPS
,,,,,,,02/13/2023,7.641950166,GPS
,,,,,,,02/14/2023,7.63181237,GPS
,,,,,,,02/15/2023,7.647461977,GPS
,,,,,,,02/16/2023,7.672068277,GPS
,,,,,,,02/17/2023,7.68594623,GPS
,,,,,,,02/18/2023,7.652776938,GPS
,,,,,,,02/19/2023,7.65087405,GPS
,,,,,,,02/20/2023,7.65622182,GPS
,,,,,,,02/21/2023,7.64555909,GPS
,,,,,,,02/22/2023,7.627481661,GPS
,,,,,,,02/23/2023,7.62587405,GPS
,,,,,,,02/24/2023,7.63611027,GPS
,,,,,,,02/25/2023,7.636372738,GPS
,,,,,,,02/26/2023,7.660060402,GPS
,,,,,,,02/27/2023,7.625644391,GPS
,,,,,,,02/28/2023,7.638144391,GPS
,,,,,,,03/01/2023,7.628990848,GPS
,,,,,,,03/02/2023,7.643360927,GPS
,,,,,,,03/03/2023,7.640933105,GPS
,,,,,,,03/04/2023,7.639752003,GPS
,,,,,,,03/05/2023,7.640703446,GPS
,,,,,,,03/06/2023,7.658387174,GPS
,,,,,,,03/07/2023,7.675644392,GPS
,,,,,,,03/08/2023,7.688931794,GPS
,,,,,,,03/09/2023,7.663374051,GPS
,,,,,,,03/10/2023,7.652186386,GPS
,,,,,,,03/11/2023,7.64923363,GPS
,,,,,,,03/12/2023,7.66051972,GPS
,,,,,,,03/13/2023,7.648675888,GPS
,,,,,,,03/14/2023,7.6424751,GPS
,,,,,,,03/15/2023,7.634371425,GPS
,,,,,,,03/16/2023,7.641195572,GPS
,,,,,,,03/17/2023,7.645591898,GPS
,,,,,,,03/18/2023,7.655204759,GPS
,,,,,,,03/19/2023,7.633059089,GPS
,,,,,,,03/20/2023,7.627645703,GPS
,,,,,,,03/21/2023,7.620723131,GPS
,,,,,,,03/22/2023,7.642967226,GPS
,,,,,,,03/23/2023,7.65294098,GPS
,,,,,,,03/24/2023,7.63509321,GPS
,,,,,,,03/25/2023,7.633813682,GPS
,,,,,,,03/26/2023,7.632370113,GPS
,,,,,,,03/27/2023,7.669312371,GPS
,,,,,,,03/28/2023,7.657206072,GPS
,,,,,,,03/29/2023,7.643721819,GPS
,,,,,,,03/30/2023,7.623643078,GPS
,,,,,,,03/31/2023,7.651234943,GPS
,,,,,,,04/01/2023,7.652744129,GPS
,,,,,,,04/02/2023,7.650808434,GPS
,,,,,,,04/03/2023,7.615933104,GPS
,,,,,,,04/04/2023,7.652809746,GPS
,,,,,,,04/05/2023,7.66770476,GPS
,,,,,,,04/06/2023,7.656877988,GPS
,,,,,,,04/07/2023,7.656024969,GPS
,,,,,,,04/08/2023,7.642704759,GPS
,,,,,,,04/09/2023,7.654679825,GPS
,,,,,,,04/10/2023,7.650152266,GPS
,,,,,,,04/11/2023,7.647986911,GPS
,,,,,,,04/12/2023,7.638669326,GPS
,,,,,,,04/13/2023,7.628236254,GPS
,,,,,,,04/14/2023,7.626530218,GPS
,,,,,,,04/15/2023,7.641687698,GPS
,,,,,,,04/16/2023,7.643721819,GPS
,,,,,,,04/17/2023,7.631385861,GPS
,,,,,,,04/18/2023,7.619377986,GPS
,,,,,,,04/19/2023,7.62134649,GPS
,,,,,,,04/20/2023,7.662586649,GPS
,,,,,,,04/21/2023,7.658157515,GPS
,,,,,,,04/22/2023,7.651267751,GPS
,,,,,,,04/23/2023,7.636011845,GPS
,,,,,,,04/24/2023,7.633748066,GPS
,,,,,,,04/25/2023,7.624069588,GPS
,,,,,,,04/26/2023,7.642639142,GPS
,,,,,,,04/27/2023,7.644837305,GPS
,,,,,,,04/28/2023,7.63325594,GPS
,,,,,,,04/29/2023,7.644279562,GPS
,,,,,,,04/30/2023,7.633748066,GPS
,,,,,,,05/01/2023,7.635782186,GPS
,,,,,,,05/02/2023,7.641556465,GPS
,,,,,,,05/03/2023,7.653203447,GPS
,,,,,,,05/04/2023,7.652481662,GPS
,,,,,,,05/05/2023,7.650250691,GPS
,,,,,,,05/06/2023,7.65743573,GPS
,,,,,,,05/07/2023,7.647724444,GPS
,,,,,,,05/08/2023,7.641097147,GPS
,,,,,,,05/09/2023,7.661208696,GPS
,,,,,,,05/10/2023,7.643557777,GPS
,,,,,,,05/11/2023,7.673544655,GPS
,,,,,,,05/12/2023,7.657599772,GPS
,,,,,,,05/13/2023,7.658419982,GPS
,,,,,,,05/14/2023,7.65805909,GPS
,,,,,,,05/15/2023,7.678301873,GPS
,,,,,,,05/16/2023,7.662947542,GPS
,,,,,,,05/17/2023,7.670755941,GPS
,,,,,,,05/18/2023,7.66852497,GPS
,,,,,,,05/19/2023,7.665539405,GPS
,,,,,,,05/20/2023,7.647002659,GPS
,,,,,,,05/21/2023,7.667409484,GPS
,,,,,,,05/22/2023,7.6463793,GPS
,,,,,,,05/23/2023,7.633485598,GPS
,,,,,,,05/24/2023,7.662849116,GPS
,,,,,,,05/25/2023,7.631648328,GPS
,,,,,,,05/26/2023,7.645526281,GPS
,,,,,,,05/27/2023,7.653728381,GPS
,,,,,,,05/28/2023,7.643689011,GPS
,,,,,,,05/29/2023,7.63775069,GPS
,,,,,,,05/30/2023,7.658616833,GPS
,,,,,,,05/31/2023,7.641129956,GPS
,,,,,,,06/01/2023,7.645001347,GPS
,,,,,,,06/02/2023,7.660224444,GPS
,,,,,,,06/03/2023,7.657402922,GPS
,,,,,,,06/04/2023,7.658026282,GPS
,,,,,,,06/05/2023,7.647691636,GPS
,,,,,,,06/06/2023,7.659437043,GPS
,,,,,,,06/07/2023,7.648446229,GPS
,,,,,,,06/08/2023,7.664850429,GPS
,,,,,,,06/09/2023,7.65415489,GPS
,,,,,,,06/10/2023,7.652448854,GPS
,,,,,,,06/11/2023,7.669246754,GPS
,,,,,,,06/12/2023,7.653400297,GPS
,,,,,,,06/13/2023,7.645427856,GPS
,,,,,,,06/14/2023,7.65251447,GPS
,,,,,,,06/15/2023,7.66235699,GPS
,,,,,,,06/16/2023,7.65376119,GPS
,,,,,,,06/17/2023,7.653269064,GPS
,,,,,,,06/18/2023,7.650906859,GPS
,,,,,,,06/19/2023,7.663275626,GPS
,,,,,,,06/20/2023,7.662422607,GPS
,,,,,,,06/21/2023,7.685486912,GPS
,,,,,,,06/22/2023,7.669377988,GPS
,,,,,,,06/23/2023,7.656189011,GPS
,,,,,,,06/24/2023,7.66071657,GPS
,,,,,,,06/25/2023,7.683912109,GPS
,,,,,,,06/26/2023,7.683780876,GPS
,,,,,,,06/27/2023,7.648708696,GPS
,,,,,,,06/28/2023,7.659404234,GPS
,,,,,,,06/29/2023,7.654745442,GPS
,,,,,,,06/30/2023,7.647658827,GPS
,,,,,,,07/01/2023,7.684141768,GPS
,,,,,,,07/02/2023,7.653269064,GPS
,,,,,,,07/03/2023,7.661372738,GPS
,,,,,,,07/04/2023,7.662553841,GPS
,,,,,,,07/05/2023,7.656156203,GPS
,,,,,,,07/06/2023,7.676989537,GPS
,,,,,,,07/07/2023,7.664358303,GPS
,,,,,,,07/08/2023,7.681779563,GPS
,,,,,,,07/09/2023,7.65641867,GPS
,,,,,,,07/10/2023,7.674561715,GPS
,,,,,,,07/11/2023,7.668492161,GPS
,,,,,,,07/12/2023,7.698282188,GPS
,,,,,,,07/13/2023,7.662816308,GPS
,,,,,,,07/14/2023,7.668590586,GPS
,,,,,,,07/15/2023,7.660650954,GPS
,,,,,,,07/16/2023,7.688505285,GPS
,,,,,,,07/17/2023,7.670132581,GPS
,,,,,,,07/18/2023,7.648314995,GPS
,,,,,,,07/19/2023,7.663833368,GPS
,,,,,,,07/20/2023,7.696773002,GPS
,,,,,,,07/21/2023,7.665112896,GPS
,,,,,,,07/22/2023,7.66934518,GPS
,,,,,,,07/23/2023,7.669115521,GPS
,,,,,,,07/24/2023,7.656976413,GPS
,,,,,,,07/25/2023,7.656976413,GPS
,,,,,,,07/26/2023,7.664555153,GPS
,,,,,,,07/27/2023,7.669476413,GPS
,,,,,,,07/28/2023,7.67219951,GPS
,,,,,,,07/29/2023,7.670460665,GPS
,,,,,,,07/30/2023,7.667967227,GPS
,,,,,,,07/31/2023,7.656385862,GPS
,,,,,,,08/01/2023,7.66954203,GPS
,,,,,,,08/02/2023,7.686503973,GPS
,,,,,,,08/03/2023,7.681877988,GPS
,,,,,,,08/04/2023,7.684469852,GPS
,,,,,,,08/05/2023,7.686536781,GPS
,,,,,,,08/06/2023,7.676136518,GPS
,,,,,,,08/07/2023,7.675414734,GPS
,,,,,,,08/08/2023,7.653170638,GPS
,,,,,,,08/09/2023,7.657009221,GPS
,,,,,,,08/10/2023,7.665605022,GPS
,,,,,,,08/11/2023,7.646608958,GPS
,,,,,,,08/12/2023,7.637028906,GPS
,,,,,,,08/13/2023,7.634994785,GPS
,,,,,,,08/14/2023,7.654515783,GPS
,,,,,,,08/15/2023,7.668426544,GPS
,,,,,,,08/16/2023,7.655500035,GPS
,,,,,,,08/17/2023,7.658091898,GPS
,,,,,,,08/18/2023,7.655992161,GPS
,,,,,,,08/19/2023,7.664981662,GPS
,,,,,,,08/20/2023,7.675185075,GPS
,,,,,,,08/21/2023,7.662619458,GPS
,,,,,,,08/22/2023,7.668951479,GPS
,,,,,,,08/23/2023,7.643524969,GPS
,,,,,,,08/24/2023,7.628597147,GPS
,,,,,,,08/25/2023,7.654515783,GPS
,,,,,,,08/26/2023,7.671608959,GPS
,,,,,,,08/27/2023,7.681123395,GPS
,,,,,,,08/28/2023,7.65969951,GPS
,,,,,,,08/29/2023,7.6545814,GPS
,,,,,,,08/30/2023,7.654876675,GPS
,,,,,,,08/31/2023,7.629778249,GPS
,,,,,,,09/01/2023,7.622265126,GPS
,,,,,,,09/02/2023,7.647133893,GPS
,,,,,,,09/03/2023,7.646543342,GPS
,,,,,,,09/04/2023,7.643328118,GPS
,,,,,,,09/05/2023,7.622527593,GPS
,,,,,,,09/06/2023,7.635683761,GPS
,,,,,,,09/07/2023,7.661044654,GPS
,,,,,,,09/08/2023,7.660093211,GPS
,,,,,,,09/09/2023,7.664522345,GPS
,,,,,,,09/10/2023,7.656254628,GPS
,,,,,,,09/11/2023,7.663472476,GPS
,,,,,,,09/12/2023,7.660421295,GPS
,,,,,,,09/13/2023,7.649725756,GPS
,,,,,,,09/14/2023,7.634732318,GPS
,,,,,,,09/15/2023,7.640276937,GPS
,,,,,,,09/16/2023,7.654417358,GPS
,,,,,,,09/17/2023,7.646608958,GPS
,,,,,,,09/18/2023,7.65477825,GPS
,,,,,,,09/19/2023,7.643000034,GPS
,,,,,,,09/20/2023,7.640933105,GPS
,,,,,,,09/21/2023,7.651464602,GPS
,,,,,,,09/22/2023,7.66032287,GPS
,,,,,,,09/23/2023,7.641720507,GPS
,,,,,,,09/24/2023,7.674233631,GPS
,,,,,,,09/25/2023,7.663210009,GPS
,,,,,,,09/26/2023,7.661307122,GPS
,,,,,,,09/27/2023,7.6627835,GPS
,,,,,,,09/28/2023,7.666556466,GPS
,,,,,,,09/29/2023,7.647658827,GPS
,,,,,,,09/30/2023,7.635191635,GPS
,,,,,,,10/01/2023,7.645460664,GPS
,,,,,,,10/02/2023,7.660060402,GPS
,,,,,,,10/03/2023,7.651333368,GPS
,,,,,,,10/04/2023,7.659207384,GPS
,,,,,,,10/05/2023,7.673708697,GPS
,,,,,,,10/06/2023,7.659666702,GPS
,,,,,,,10/07/2023,7.669968539,GPS
,,,,,,,10/08/2023,7.64575594,GPS
,,,,,,,10/09/2023,7.638472475,GPS
,,,,,,,10/10/2023,7.640736255,GPS
,,,,,,,10/11/2023,7.655106334,GPS
,,,,,,,10/12/2023,7.653531531,GPS
,,,,,,,10/13/2023,7.678006597,GPS
,,,,,,,10/14/2023,7.685585338,GPS
,,,,,,,10/15/2023,7.69106434,GPS
,,,,,,,10/16/2023,7.677252004,GPS
,,,,,,,10/17/2023,7.678269064,GPS
,,,,,,,10/18/2023,7.665900298,GPS
,,,,,,,10/19/2023,7.67118245,GPS
,,,,,,,10/20/2023,7.665703447,GPS
,,,,,,,10/21/2023,7.662028906,GPS
,,,,,,,10/22/2023,7.677448854,GPS
,,,,,,,10/23/2023,7.641326806,GPS
,,,,,,,10/24/2023,7.652186386,GPS
,,,,,,,10/25/2023,7.661766439,GPS
,,,,,,,10/26/2023,7.705795312,GPS
,,,,,,,10/27/2023,7.68942392,GPS
,,,,,,,10/28/2023,7.672954104,GPS
,,,,,,,10/29/2023,7.691589275,GPS
,,,,,,,10/30/2023,7.691753317,GPS
,,,,,,,10/31/2023,7.690112897,GPS
,,,,,,,11/01/2023,7.686700823,GPS
,,,,,,,11/02/2023,7.700283501,GPS
,,,,,,,11/03/2023,7.679548592,GPS
,,,,,,,11/04/2023,7.696084026,GPS
,,,,,,,11/05/2023,7.677711322,GPS
,,,,,,,11/06/2023,7.680893736,GPS
,,,,,,,11/07/2023,7.662717883,GPS
,,,,,,,11/08/2023,7.690014472,GPS
,,,,,,,11/09/2023,7.691129957,GPS
,,,,,,,11/10/2023,7.685454104,GPS
,,,,,,,11/11/2023,7.678597148,GPS
,,,,,,,11/12/2023,7.693196886,GPS
,,,,,,,11/13/2023,7.673314996,GPS
,,,,,,,11/14/2023,7.674102398,GPS
,,,,,,,11/15/2023,7.673347804,GPS
,,,,,,,11/16/2023,7.667835993,GPS
,,,,,,,11/17/2023,7.654811058,GPS
,,,,,,,11/18/2023,7.663242817,GPS
,,,,,,,11/19/2023,7.672363552,GPS
,,,,,,,11/20/2023,7.682501348,GPS
,,,,,,,11/21/2023,7.698085338,GPS
,,,,,,,11/22/2023,7.680664078,GPS
,,,,,,,11/23/2023,7.658846492,GPS
,,,,,,,11/24/2023,7.668951479,GPS
,,,,,,,11/25/2023,7.659765127,GPS
,,,,,,,11/26/2023,7.659404234,GPS
,,,,,,,11/27/2023,7.667934418,Leveling
,,,,,,,11/27/2023,7.667934418,GPS
,,,,,,,11/28/2023,7.657599772,GPS
,,,,,,,11/29/2023,7.655106334,GPS
,,,,,,,11/30/2023,7.633321556,GPS
,,,,,,,12/01/2023,7.656156203,GPS
,,,,,,,12/02/2023,7.64657615,GPS
,,,,,,,12/03/2023,7.656976413,GPS
,,,,,,,12/04/2023,7.65805909,GPS
,,,,,,,12/05/2023,7.668853054,GPS
,,,,,,,12/06/2023,7.654614208,GPS
,,,,,,,12/07/2023,7.664948854,GPS
,,,,,,,12/08/2023,7.663505284,GPS
,,,,,,,12/09/2023,7.663570901,GPS
,,,,,,,12/10/2023,7.656024969,GPS
,,,,,,,12/11/2023,7.658354366,GPS
,,,,,,,12/12/2023,7.657107646,GPS
,,,,,,,12/13/2023,7.639916045,GPS
,,,,,,,12/14/2023,7.662881925,GPS
,,,,,,,12/15/2023,7.652284812,GPS
,,,,,,,12/16/2023,7.646707384,GPS
,,,,,,,12/17/2023,7.634273,GPS
,,,,,,,12/18/2023,7.647265126,GPS
,,,,,,,12/19/2023,7.632665388,GPS
,,,,,,,12/20/2023,7.649791373,GPS
,,,,,,,12/21/2023,7.676595836,GPS
,,,,,,,12/22/2023,7.663374051,GPS
,,,,,,,12/23/2023,7.639030218,GPS
,,,,,,,12/24/2023,7.67055909,GPS
,,,,,,,12/25/2023,7.659797935,GPS
,,,,,,,12/26/2023,7.655335993,GPS
,,,,,,,12/27/2023,7.677875364,GPS
,,,,,,,12/28/2023,7.660388486,GPS
,,,,,,,12/29/2023,7.639522344,GPS
,,,,,,,12/30/2023,7.658944917,GPS
,,,,,,,12/31/2023,7.664325494,GPS
,,,,,,,01/01/2024,7.665014471,GPS
,,,,,,,01/02/2024,7.679417358,GPS
,,,,,,,01/03/2024,7.662717883,GPS
,,,,,,,01/04/2024,7.655303184,GPS
,,,,,,,01/05/2024,7.659535468,GPS
,,,,,,,01/06/2024,7.660585337,GPS
,,,,,,,01/07/2024,7.62915489,GPS
,,,,,,,01/08/2024,7.650447541,GPS
,,,,,,,01/09/2024,7.632665388,GPS
,,,,,,,01/10/2024,7.630860926,GPS
,,,,,,,01/11/2024,7.647954103,GPS
,,,,,,,01/12/2024,7.662225757,GPS
,,,,,,,01/13/2024,7.661897673,GPS
,,,,,,,01/14/2024,7.648380612,GPS
,,,,,,,01/15/2024,7.671149642,GPS
,,,,,,,01/16/2024,7.649725756,GPS
,,,,,,,01/17/2024,7.648938355,GPS
,,,,,,,01/18/2024,7.647527594,GPS
,,,,,,,01/19/2024,7.674168014,GPS
,,,,,,,01/20/2024,7.624594522,GPS
,,,,,,,01/21/2024,7.638013158,GPS
,,,,,,,01/22/2024,7.633026281,GPS
,,,,,,,01/23/2024,7.63775069,GPS
,,,,,,,01/24/2024,7.64923363,GPS
,,,,,,,01/25/2024,7.663734943,GPS
,,,,,,,01/26/2024,7.669213946,GPS
,,,,,,,01/27/2024,7.668656203,GPS
,,,,,,,01/28/2024,7.674233631,GPS
,,,,,,,01/29/2024,7.663734943,GPS
,,,,,,,01/30/2024,7.656517095,GPS
,,,,,,,01/31/2024,7.649463289,GPS
,,,,,,,02/01/2024,7.594476411,GPS
,,,,,,,02/02/2024,7.6303688,GPS
,,,,,,,02/03/2024,7.631024968,GPS
,,,,,,,02/04/2024,7.647691636,GPS
,,,,,,,02/05/2024,7.625742816,GPS
,,,,,,,02/06/2024,7.636766438,GPS
,,,,,,,02/07/2024,7.62954859,GPS
,,,,,,,02/08/2024,7.63981762,GPS
,,,,,,,02/09/2024,7.648971163,GPS
,,,,,,,02/10/2024,7.664161452,GPS
,,,,,,,02/11/2024,7.663078775,GPS
,,,,,,,02/12/2024,7.668787437,GPS
,,,,,,,02/13/2024,7.661372738,GPS
,,,,,,,02/14/2024,7.678531532,GPS
,,,,,,,02/15/2024,7.652580087,GPS
,,,,,,,02/16/2024,7.668984287,GPS
,,,,,,,02/17/2024,7.669673264,GPS
,,,,,,,02/18/2024,7.665112896,GPS
,,,,,,,02/19/2024,7.663538093,GPS
,,,,,,,02/20/2024,7.638538092,GPS
,,,,,,,02/21/2024,7.634141766,GPS
,,,,,,,02/22/2024,7.654253316,GPS
,,,,,,,02/23/2024,7.65786224,GPS
,,,,,,,02/24/2024,7.656484287,GPS
,,,,,,,02/25/2024,7.640309746,GPS
,,,,,,,02/26/2024,7.659666702,GPS
,,,,,,,02/27/2024,7.623511845,GPS
,,,,,,,02/28/2024,7.644476412,GPS
,,,,,,,02/29/2024,7.651628644,GPS
,,,,,,,03/01/2024,7.642114208,GPS
,,,,,,,03/02/2024,7.626398984,GPS
,,,,,,,03/03/2024,7.646116832,GPS
,,,,,,,03/04/2024,7.642835992,GPS
,,,,,,,03/05/2024,7.639489536,GPS
,,,,,,,03/06/2024,7.642442292,GPS
,,,,,,,03/07/2024,7.626792685,GPS
,,,,,,,03/08/2024,7.640080087,GPS
,,,,,,,03/09/2024,7.661011846,GPS
,,,,,,,03/10/2024,7.649397672,GPS
,,,,,,,03/11/2024,7.656648329,GPS
,,,,,,,03/12/2024,7.637258564,GPS
,,,,,,,03/13/2024,7.635585336,GPS
,,,,,,,03/14/2024,7.660618145,GPS
,,,,,,,03/15/2024,7.653564339,GPS
,,,,,,,03/16/2024,7.64493573,GPS
,,,,,,,03/17/2024,7.643000034,GPS
,,,,,,,03/18/2024,7.676038093,GPS
,,,,,,,03/19/2024,7.655106334,GPS
,,,,,,,03/20/2024,7.659961977,GPS
,,,,,,,03/21/2024,7.665605022,GPS
,,,,,,,03/22/2024,7.666950166,GPS
,,,,,,,03/23/2024,7.652416045,GPS
,,,,,,,03/24/2024,7.632173262,GPS
,,,,,,,03/25/2024,7.624364863,GPS
,,,,,,,03/26/2024,7.647330743,GPS
,,,,,,,03/27/2024,7.654187699,GPS
,,,,,,,03/28/2024,7.657927856,GPS
,,,,,,,03/29/2024,7.631254627,GPS
,,,,,,,03/30/2024,7.640605021,GPS
,,,,,,,03/31/2024,7.617147015,GPS
,,,,,,,04/01/2024,7.635126018,GPS
,,,,,,,04/02/2024,7.66032287,GPS
,,,,,,,04/03/2024,7.65723888,GPS
,,,,,,,04/04/2024,7.633813682,GPS
,,,,,,,04/05/2024,7.62525069,GPS
,,,,,,,04/06/2024,7.636438354,GPS
,,,,,,,04/07/2024,7.654220507,GPS
,,,,,,,04/08/2024,7.642803184,GPS
,,,,,,,04/09/2024,7.645296622,GPS
,,,,,,,04/10/2024,7.660027594,GPS
,,,,,,,04/11/2024,7.637914732,GPS
,,,,,,,04/12/2024,7.605500033,GPS
,,,,,,,04/13/2024,7.629778249,GPS
,,,,,,,04/14/2024,7.651103709,GPS
,,,,,,,04/15/2024,7.667442292,GPS
,,,,,,,04/16/2024,7.656189011,GPS
,,,,,,,04/17/2024,7.664522345,GPS
,,,,,,,04/18/2024,7.657534156,GPS
,,,,,,,04/19/2024,7.63591342,GPS
,,,,,,,04/20/2024,7.645657515,GPS
,,,,,,,04/21/2024,7.675972476,GPS
,,,,,,,04/22/2024,7.642048591,GPS
,,,,,,,04/23/2024,7.6299751,GPS
,,,,,,,04/24/2024,7.639883236,GPS
,,,,,,,04/25/2024,7.649135205,GPS
,,,,,,,04/26/2024,7.622691635,GPS
,,,,,,,04/27/2024,7.638045966,GPS
,,,,,,,04/28/2024,7.665309746,GPS
,,,,,,,04/29/2024,7.653662764,GPS
,,,,,,,04/30/2024,7.661897673,GPS
,,,,,,,05/01/2024,7.665473788,GPS
,,,,,,,05/02/2024,7.650775625,GPS
,,,,,,,05/03/2024,7.646674575,GPS
,,,,,,,05/04/2024,7.643623394,GPS
,,,,,,,05/05/2024,7.683879301,GPS
,,,,,,,05/06/2024,7.66688455,GPS
,,,,,,,05/07/2024,7.659338618,GPS
,,,,,,,05/08/2024,7.642081399,GPS
,,,,,,,05/09/2024,7.665801872,GPS
,,,,,,,05/10/2024,7.656287436,GPS
,,,,,,,05/11/2024,7.646346491,GPS
,,,,,,,05/12/2024,7.646937042,GPS
,,,,,,,05/13/2024,7.658715258,GPS
,,,,,,,05/14/2024,7.667835993,GPS
,,,,,,,05/15/2024,7.66360371,GPS
,,,,,,,05/16/2024,7.673150954,GPS
,,,,,,,05/17/2024,7.664161452,GPS
,,,,,,,05/18/2024,7.681189012,GPS
,,,,,,,05/19/2024,7.655335993,GPS
,,,,,,,05/20/2024,7.682009222,GPS
,,,,,,,05/21/2024,7.681779563,GPS
,,,,,,,05/22/2024,7.671084025,GPS
,,,,,,,05/23/2024,7.67774413,GPS
,,,,,,,05/24/2024,7.684601086,GPS
,,,,,,,05/25/2024,7.666556466,GPS
,,,,,,,05/26/2024,7.670231006,GPS
,,,,,,,05/27/2024,7.684732319,GPS
,,,,,,,05/28/2024,7.676202135,GPS
,,,,,,,05/29/2024,7.676267752,GPS
,,,,,,,05/30/2024,7.688144393,GPS
,,,,,,,05/31/2024,7.684273002,GPS
,,,,,,,06/01/2024,7.658157515,GPS
,,,,,,,06/02/2024,7.679023658,GPS
,,,,,,,06/03/2024,7.67938455,GPS
,,,,,,,06/04/2024,7.664063027,GPS
,,,,,,,06/05/2024,7.670493474,GPS
,,,,,,,06/06/2024,7.67856434,GPS
,,,,,,,06/07/2024,7.687028907,GPS
,,,,,,,06/08/2024,7.651727069,GPS
,,,,,,,06/09/2024,7.660552528,GPS
,,,,,,,06/10/2024,7.689128645,GPS
,,,,,,,06/11/2024,7.675611584,GPS
,,,,,,,06/12/2024,7.67016539,GPS
,,,,,,,06/13/2024,7.695854367,GPS
,,,,,,,06/14/2024,7.706812372,GPS
,,,,,,,06/15/2024,7.688702136,GPS
,,,,,,,06/16/2024,7.680696886,GPS
,,,,,,,06/17/2024,7.651103709,GPS
,,,,,,,06/18/2024,7.681418671,GPS
,,,,,,,06/19/2024,7.680335994,GPS
,,,,,,,06/20/2024,7.697658829,GPS
,,,,,,,06/21/2024,7.697461978,GPS
,,,,,,,06/22/2024,7.689489537,GPS
,,,,,,,06/23/2024,7.692639144,GPS
,,,,,,,06/24/2024,7.699496099,GPS
,,,,,,,06/25/2024,7.687455416,GPS
,,,,,,,06/26/2024,7.673741505,GPS
,,,,,,,06/27/2024,7.700316309,GPS
,,,,,,,06/28/2024,7.688177201,GPS
,,,,,,,06/29/2024,7.696084026,GPS
,,,,,,,06/30/2024,7.69188455,GPS
,,,,,,,07/01/2024,7.693295312,GPS
,,,,,,,07/02/2024,7.678859616,GPS
,,,,,,,07/03/2024,7.684961978,GPS
,,,,,,,07/04/2024,7.700644393,GPS
,,,,,,,07/05/2024,7.700841244,GPS
,,,,,,,07/06/2024,7.679614209,GPS
,,,,,,,07/07/2024,7.658485599,GPS
,,,,,,,07/08/2024,7.646051216,GPS
,,,,,,,07/09/2024,7.668328119,GPS
,,,,,,,07/10/2024,7.691359616,GPS
,,,,,,,07/11/2024,7.677481663,GPS
,,,,,,,07/12/2024,7.678793999,GPS
,,,,,,,07/13/2024,7.681320246,GPS
,,,,,,,07/14/2024,7.680040718,GPS
,,,,,,,07/15/2024,7.677973789,GPS
,,,,,,,07/16/2024,7.683584025,GPS
,,,,,,,07/17/2024,7.672166702,GPS
,,,,,,,07/18/2024,7.697560404,GPS
,,,,,,,07/19/2024,7.668853054,GPS
,,,,,,,07/20/2024,7.681943605,GPS
