Date,Critical head + 20 feet,Critical head + 50 feet,base,Critical head,2015 water level scenario,Historical low scenario,Date_S,Measured Subsidence,Source
10/01/1928,0,0,0,0,0,0,03/01/1933,0,Leveling
11/01/1928,0.004471979,0.004471979,0.004471979,0.004471979,0.004471979,0.004471979,09/01/1948,0.46,Leveling
12/01/1928,0.006480724,0.006480724,0.006480724,0.006480724,0.006480724,0.006480724,01/20/1958,1.26,Leveling
01/01/1929,0.009797774,0.009797774,0.009797774,0.009797774,0.009797774,0.009797774,01/01/1965,1.96,Leveling
02/01/1929,0.010418034,0.010418034,0.010418034,0.010418034,0.010418034,0.010418034,07/01/1972,2.21,Leveling
03/01/1929,0.010156569,0.010156569,0.010156569,0.010156569,0.010156569,0.010156569,04/08/1989,3.7,Leveling
04/01/1929,0.015471043,0.015471043,0.015471043,0.015471043,0.015471043,0.015471043,06/15/2003,3.79,Leveling
05/01/1929,0.019996715,0.019996715,0.019996715,0.019996715,0.019996715,0.019996715,11/01/2004,4.279296899,InSAR
06/01/1929,0.026571682,0.026571682,0.026571682,0.026571682,0.026571682,0.026571682,01/01/2005,4.259296899,InSAR
07/01/1929,0.029072043,0.029072043,0.029072043,0.029072043,0.029072043,0.029072043,02/01/2005,4.249296899,InSAR
08/01/1929,0.027342882,0.027342882,0.027342882,0.027342882,0.027342882,0.027342882,03/01/2005,4.239296899,InSAR
09/01/1929,0.026976862,0.026976862,0.026976862,0.026976862,0.026976862,0.026976862,04/01/2005,4.239296899,InSAR
10/01/1929,0.028002947,0.028002947,0.028002947,0.028002947,0.028002947,0.028002947,01/01/2006,4.309296899,InSAR
11/01/1929,0.021869213,0.021869213,0.021869213,0.021869213,0.021869213,0.021869213,02/01/2006,4.299296899,InSAR
12/01/1929,0.025027613,0.025027613,0.025027613,0.025027613,0.025027613,0.025027613,03/01/2006,4.279296899,InSAR
01/01/1930,0.025416731,0.025416731,0.025416731,0.025416731,0.025416731,0.025416731,04/01/2006,4.259296899,InSAR
02/01/1930,0.026551706,0.026551706,0.026551706,0.026551706,0.026551706,0.026551706,05/01/2006,4.279296899,InSAR
03/01/1930,0.032944231,0.032944231,0.032944231,0.032944231,0.032944231,0.032944231,06/01/2006,4.319296899,InSAR
04/01/1930,0.033062048,0.033062048,0.033062048,0.033062048,0.033062048,0.033062048,07/01/2006,4.349296899,InSAR
05/01/1930,0.036516119,0.036516119,0.036516119,0.036516119,0.036516119,0.036516119,08/01/2006,4.369296899,InSAR
06/01/1930,0.039651881,0.039651881,0.039651881,0.039651881,0.039651881,0.039651881,09/01/2006,4.419296899,InSAR
07/01/1930,0.041537264,0.041537264,0.041537264,0.041537264,0.041537264,0.041537264,10/01/2006,4.419296899,InSAR
08/01/1930,0.041941308,0.041941308,0.041941308,0.041941308,0.041941308,0.041941308,11/01/2006,4.399296899,InSAR
09/01/1930,0.041145877,0.041145877,0.041145877,0.041145877,0.041145877,0.041145877,12/01/2006,4.399296899,InSAR
10/01/1930,0.036532875,0.036532875,0.036532875,0.036532875,0.036532875,0.036532875,01/01/2007,4.399296899,InSAR
11/01/1930,0.035939631,0.035939631,0.035939631,0.035939631,0.035939631,0.035939631,02/01/2007,4.389296899,InSAR
12/01/1930,0.038245549,0.038245549,0.038245549,0.038245549,0.038245549,0.038245549,12/01/2007,4.579296899,InSAR
01/01/1931,0.040948261,0.040948261,0.040948261,0.040948261,0.040948261,0.040948261,01/01/2008,4.579296899,InSAR
02/01/1931,0.046389298,0.046389298,0.046389298,0.046389298,0.046389298,0.046389298,02/01/2008,4.589296899,InSAR
03/01/1931,0.047319438,0.047319438,0.047319438,0.047319438,0.047319438,0.047319438,03/01/2008,4.599296899,InSAR
04/01/1931,0.052271044,0.052271044,0.052271044,0.052271044,0.052271044,0.052271044,03/25/2008,4.6,Leveling
05/01/1931,0.052954962,0.052954962,0.052954962,0.052954962,0.052954962,0.052954962,04/01/2008,4.599296899,InSAR
06/01/1931,0.055348452,0.055348452,0.055348452,0.055348452,0.055348452,0.055348452,05/01/2008,4.619296899,InSAR
07/01/1931,0.060360785,0.060360785,0.060360785,0.060360785,0.060360785,0.060360785,06/01/2008,4.649296899,InSAR
08/01/1931,0.062959132,0.062959132,0.062959132,0.062959132,0.062959132,0.062959132,07/01/2008,4.699296899,InSAR
09/01/1931,0.063633228,0.063633228,0.063633228,0.063633228,0.063633228,0.063633228,07/01/2009,4.959296899,InSAR
10/01/1931,0.065504322,0.065504322,0.065504322,0.065504322,0.065504322,0.065504322,08/01/2009,5.009296899,InSAR
11/01/1931,0.063532644,0.063532644,0.063532644,0.063532644,0.063532644,0.063532644,09/01/2009,5.049296899,InSAR
12/01/1931,0.065576393,0.065576393,0.065576393,0.065576393,0.065576393,0.065576393,10/01/2009,5.069296899,InSAR
01/01/1932,0.072189061,0.072189061,0.072189061,0.072189061,0.072189061,0.072189061,11/01/2009,5.079296899,InSAR
02/01/1932,0.074149796,0.074149796,0.074149796,0.074149796,0.074149796,0.074149796,12/01/2009,5.079296899,InSAR
03/01/1932,0.075548531,0.075548531,0.075548531,0.075548531,0.075548531,0.075548531,01/01/2010,5.079296899,InSAR
04/01/1932,0.082216547,0.082216547,0.082216547,0.082216547,0.082216547,0.082216547,02/01/2010,5.089296899,InSAR
05/01/1932,0.081811836,0.081811836,0.081811836,0.081811836,0.081811836,0.081811836,03/01/2010,5.089296899,InSAR
06/01/1932,0.084059712,0.084059712,0.084059712,0.084059712,0.084059712,0.084059712,04/01/2010,5.079296899,InSAR
07/01/1932,0.087818367,0.087818367,0.087818367,0.087818367,0.087818367,0.087818367,05/01/2010,5.079296899,InSAR
08/01/1932,0.087269283,0.087269283,0.087269283,0.087269283,0.087269283,0.087269283,06/01/2010,5.109296899,InSAR
09/01/1932,0.082496719,0.082496719,0.082496719,0.082496719,0.082496719,0.082496719,07/01/2010,5.129296899,InSAR
10/01/1932,0.081520925,0.081520925,0.081520925,0.081520925,0.081520925,0.081520925,08/01/2010,5.159296899,InSAR
11/01/1932,0.084039866,0.084039866,0.084039866,0.084039866,0.084039866,0.084039866,12/01/2011,5.19,Leveling
12/01/1932,0.078500129,0.078500129,0.078500129,0.078500129,0.078500129,0.078500129,07/01/2012,5.41,Leveling
01/01/1933,0.077066183,0.077066183,0.077066183,0.077066183,0.077066183,0.077066183,12/01/2012,5.43,Leveling
02/01/1933,0.07215597,0.07215597,0.07215597,0.07215597,0.07215597,0.07215597,07/01/2013,5.85,Leveling
03/01/1933,0.07330737,0.07330737,0.07330737,0.07330737,0.07330737,0.07330737,12/01/2013,6.07,Leveling
04/01/1933,0.074357527,0.074357527,0.074357527,0.074357527,0.074357527,0.074357527,07/01/2014,6.53,Leveling
05/01/1933,0.074646464,0.074646464,0.074646464,0.074646464,0.074646464,0.074646464,12/01/2014,6.66,Leveling
06/01/1933,0.073813719,0.073813719,0.073813719,0.073813719,0.073813719,0.073813719,07/01/2015,7.42,Leveling
07/01/1933,0.079014261,0.079014261,0.079014261,0.079014261,0.079014261,0.079014261,07/01/2015,7.420220339,InSAR
08/01/1933,0.077700896,0.077700896,0.077700896,0.077700896,0.077700896,0.077700896,08/01/2015,7.519220339,InSAR
09/01/1933,0.076851838,0.076851838,0.076851838,0.076851838,0.076851838,0.076851838,09/01/2015,7.613220339,InSAR
10/01/1933,0.077751593,0.077751593,0.077751593,0.077751593,0.077751593,0.077751593,10/01/2015,7.672220339,InSAR
11/01/1933,0.080521927,0.080521927,0.080521927,0.080521927,0.080521927,0.080521927,11/01/2015,7.714220339,InSAR
12/01/1933,0.081150432,0.081150432,0.081150432,0.081150432,0.081150432,0.081150432,12/01/2015,7.61,Leveling
01/01/1934,0.085093518,0.085093518,0.085093518,0.085093518,0.085093518,0.085093518,12/01/2015,7.740220339,InSAR
02/01/1934,0.089460095,0.089460095,0.089460095,0.089460095,0.089460095,0.089460095,01/01/2016,7.745220339,InSAR
03/01/1934,0.091161184,0.091161184,0.091161184,0.091161184,0.091161184,0.091161184,02/01/2016,7.755220339,InSAR
04/01/1934,0.089285942,0.089285942,0.089285942,0.089285942,0.089285942,0.089285942,03/01/2016,7.754220339,InSAR
05/01/1934,0.09242857,0.09242857,0.09242857,0.09242857,0.09242857,0.09242857,04/01/2016,7.773220339,InSAR
06/01/1934,0.093371521,0.093371521,0.093371521,0.093371521,0.093371521,0.093371521,05/01/2016,7.814220339,InSAR
07/01/1934,0.097806358,0.097806358,0.097806358,0.097806358,0.097806358,0.097806358,06/01/2016,7.887220339,InSAR
08/01/1934,0.100273795,0.100273795,0.100273795,0.100273795,0.100273795,0.100273795,07/01/2016,7.79,Leveling
09/01/1934,0.099145322,0.099145322,0.099145322,0.099145322,0.099145322,0.099145322,07/01/2016,7.958220339,InSAR
10/01/1934,0.095609362,0.095609362,0.095609362,0.095609362,0.095609362,0.095609362,08/01/2016,8.032220339,InSAR
11/01/1934,0.094108733,0.094108733,0.094108733,0.094108733,0.094108733,0.094108733,09/01/2016,8.100220339,InSAR
12/01/1934,0.097560315,0.097560315,0.097560315,0.097560315,0.097560315,0.097560315,10/01/2016,8.124220339,InSAR
01/01/1935,0.105302691,0.105302691,0.105302691,0.105302691,0.105302691,0.105302691,11/01/2016,8.140220339,InSAR
02/01/1935,0.109233898,0.109233898,0.109233898,0.109233898,0.109233898,0.109233898,12/01/2016,8.03,Leveling
03/01/1935,0.11251158,0.11251158,0.11251158,0.11251158,0.11251158,0.11251158,12/01/2016,8.139220339,InSAR
04/01/1935,0.108910407,0.108910407,0.108910407,0.108910407,0.108910407,0.108910407,01/01/2017,8.132220339,InSAR
05/01/1935,0.109392966,0.109392966,0.109392966,0.109392966,0.109392966,0.109392966,02/01/2017,8.131220339,InSAR
06/01/1935,0.117266321,0.117266321,0.117266321,0.117266321,0.117266321,0.117266321,03/01/2017,8.121220339,InSAR
07/01/1935,0.116504661,0.116504661,0.116504661,0.116504661,0.116504661,0.116504661,04/01/2017,8.121220339,InSAR
08/01/1935,0.118494036,0.118494036,0.118494036,0.118494036,0.118494036,0.118494036,05/01/2017,8.158220339,InSAR
09/01/1935,0.114196748,0.114196748,0.114196748,0.114196748,0.114196748,0.114196748,06/01/2017,8.195220339,InSAR
10/01/1935,0.111939588,0.111939588,0.111939588,0.111939588,0.111939588,0.111939588,07/01/2017,8.16,Leveling
11/01/1935,0.113492522,0.113492522,0.113492522,0.113492522,0.113492522,0.113492522,07/01/2017,8.252220339,InSAR
12/01/1935,0.112433087,0.112433087,0.112433087,0.112433087,0.112433087,0.112433087,08/01/2017,8.328220339,InSAR
01/01/1936,0.111792,0.111792,0.111792,0.111792,0.111792,0.111792,09/01/2017,8.382220339,InSAR
02/01/1936,0.113148943,0.113148943,0.113148943,0.113148943,0.113148943,0.113148943,10/01/2017,8.408220339,InSAR
03/01/1936,0.111482073,0.111482073,0.111482073,0.111482073,0.111482073,0.111482073,11/01/2017,8.440220339,InSAR
04/01/1936,0.106649289,0.106649289,0.106649289,0.106649289,0.106649289,0.106649289,12/01/2017,8.2,Leveling
05/01/1936,0.101189663,0.101189663,0.101189663,0.101189663,0.101189663,0.101189663,12/01/2017,8.430220339,InSAR
06/01/1936,0.099841054,0.099841054,0.099841054,0.099841054,0.099841054,0.099841054,01/01/2018,8.414220339,InSAR
07/01/1936,0.104518373,0.104518373,0.104518373,0.104518373,0.104518373,0.104518373,02/01/2018,8.401220339,InSAR
08/01/1936,0.105001448,0.105001448,0.105001448,0.105001448,0.105001448,0.105001448,03/01/2018,8.382220339,InSAR
09/01/1936,0.103934997,0.103934997,0.103934997,0.103934997,0.103934997,0.103934997,04/01/2018,8.410220339,InSAR
10/01/1936,0.102225053,0.102225053,0.102225053,0.102225053,0.102225053,0.102225053,05/01/2018,8.445220339,InSAR
11/01/1936,0.099357819,0.099357819,0.099357819,0.099357819,0.099357819,0.099357819,06/01/2018,8.479220339,InSAR
12/01/1936,0.098028989,0.098028989,0.098028989,0.098028989,0.098028989,0.098028989,07/01/2018,8.52,Leveling
01/01/1937,0.093955998,0.093955998,0.093955998,0.093955998,0.093955998,0.093955998,07/01/2018,8.536220339,InSAR
02/01/1937,0.090705712,0.090705712,0.090705712,0.090705712,0.090705712,0.090705712,08/01/2018,8.598220339,InSAR
03/01/1937,0.087001741,0.087001741,0.087001741,0.087001741,0.087001741,0.087001741,09/01/2018,8.643220339,InSAR
04/01/1937,0.083370253,0.083370253,0.083370253,0.083370253,0.083370253,0.083370253,10/01/2018,8.691220339,InSAR
05/01/1937,0.078113342,0.078113342,0.078113342,0.078113342,0.078113342,0.078113342,11/01/2018,8.704220339,InSAR
06/01/1937,0.077583003,0.077583003,0.077583003,0.077583003,0.077583003,0.077583003,12/01/2018,8.51,Leveling
07/01/1937,0.074102984,0.074102984,0.074102984,0.074102984,0.074102984,0.074102984,12/01/2018,8.695220339,InSAR
08/01/1937,0.073477184,0.073477184,0.073477184,0.073477184,0.073477184,0.073477184,01/01/2019,8.684220339,InSAR
09/01/1937,0.073837771,0.073837771,0.073837771,0.073837771,0.073837771,0.073837771,02/01/2019,8.674220339,InSAR
10/01/1937,0.07082562,0.07082562,0.07082562,0.07082562,0.07082562,0.07082562,03/01/2019,8.672220339,InSAR
11/01/1937,0.067906131,0.067906131,0.067906131,0.067906131,0.067906131,0.067906131,04/01/2019,8.697220339,InSAR
12/01/1937,0.064308631,0.064308631,0.064308631,0.064308631,0.064308631,0.064308631,05/01/2019,8.707220339,InSAR
01/01/1938,0.064345109,0.064345109,0.064345109,0.064345109,0.064345109,0.064345109,06/01/2019,8.738220339,InSAR
02/01/1938,0.065323932,0.065323932,0.065323932,0.065323932,0.065323932,0.065323932,07/01/2019,8.7,Leveling
03/01/1938,0.062928268,0.062928268,0.062928268,0.062928268,0.062928268,0.062928268,07/01/2019,8.801220339,InSAR
04/01/1938,0.058550226,0.058550226,0.058550226,0.058550226,0.058550226,0.058550226,08/01/2019,8.862220339,InSAR
05/01/1938,0.05808745,0.05808745,0.05808745,0.05808745,0.05808745,0.05808745,09/01/2019,8.908220339,InSAR
06/01/1938,0.055605846,0.055605846,0.055605846,0.055605846,0.055605846,0.055605846,10/01/2019,8.933220339,InSAR
07/01/1938,0.055983015,0.055983015,0.055983015,0.055983015,0.055983015,0.055983015,11/01/2019,8.930220339,InSAR
08/01/1938,0.054586065,0.054586065,0.054586065,0.054586065,0.054586065,0.054586065,12/01/2019,8.67,Leveling
09/01/1938,0.056418767,0.056418767,0.056418767,0.056418767,0.056418767,0.056418767,12/01/2019,8.907220339,InSAR
10/01/1938,0.057687165,0.057687165,0.057687165,0.057687165,0.057687165,0.057687165,01/01/2020,8.912220339,InSAR
11/01/1938,0.057654999,0.057654999,0.057654999,0.057654999,0.057654999,0.057654999,02/01/2020,8.902220339,InSAR
12/01/1938,0.058454997,0.058454997,0.058454997,0.058454997,0.058454997,0.058454997,03/01/2020,8.909220339,InSAR
01/01/1939,0.053969855,0.053969855,0.053969855,0.053969855,0.053969855,0.053969855,04/01/2020,8.937220339,InSAR
02/01/1939,0.052398297,0.052398297,0.052398297,0.052398297,0.052398297,0.052398297,05/01/2020,8.975220339,InSAR
03/01/1939,0.054380481,0.054380481,0.054380481,0.054380481,0.054380481,0.054380481,06/01/2020,9.038220339,InSAR
04/01/1939,0.052268308,0.052268308,0.052268308,0.052268308,0.052268308,0.052268308,07/01/2020,9.091220339,InSAR
05/01/1939,0.054689215,0.054689215,0.054689215,0.054689215,0.054689215,0.054689215,08/01/2020,9.146220339,InSAR
06/01/1939,0.057333075,0.057333075,0.057333075,0.057333075,0.057333075,0.057333075,09/01/2020,9.183220339,InSAR
07/01/1939,0.057897494,0.057897494,0.057897494,0.057897494,0.057897494,0.057897494,10/01/2020,9.221220339,InSAR
08/01/1939,0.055886602,0.055886602,0.055886602,0.055886602,0.055886602,0.055886602,11/01/2020,9.186220339,InSAR
09/01/1939,0.05528955,0.05528955,0.05528955,0.05528955,0.05528955,0.05528955,12/01/2020,8.98,Leveling
10/01/1939,0.054390892,0.054390892,0.054390892,0.054390892,0.054390892,0.054390892,12/01/2020,9.168220339,InSAR
11/01/1939,0.056441005,0.056441005,0.056441005,0.056441005,0.056441005,0.056441005,01/01/2021,9.166220339,InSAR
12/01/1939,0.060342137,0.060342137,0.060342137,0.060342137,0.060342137,0.060342137,02/01/2021,9.173220339,InSAR
01/01/1940,0.062153927,0.062153927,0.062153927,0.062153927,0.062153927,0.062153927,03/01/2021,9.201220339,InSAR
02/01/1940,0.065102021,0.065102021,0.065102021,0.065102021,0.065102021,0.065102021,04/01/2021,9.251220339,InSAR
03/01/1940,0.066124562,0.066124562,0.066124562,0.066124562,0.066124562,0.066124562,05/01/2021,9.311220339,InSAR
04/01/1940,0.071321558,0.071321558,0.071321558,0.071321558,0.071321558,0.071321558,06/01/2021,9.399220339,InSAR
05/01/1940,0.076602639,0.076602639,0.076602639,0.076602639,0.076602639,0.076602639,07/01/2021,9.37,Leveling
06/01/1940,0.077576753,0.077576753,0.077576753,0.077576753,0.077576753,0.077576753,07/01/2021,9.472220339,InSAR
07/01/1940,0.076607909,0.076607909,0.076607909,0.076607909,0.076607909,0.076607909,08/01/2021,9.551220339,InSAR
08/01/1940,0.078879584,0.078879584,0.078879584,0.078879584,0.078879584,0.078879584,09/01/2021,9.592220339,InSAR
09/01/1940,0.079576932,0.079576932,0.079576932,0.079576932,0.079576932,0.079576932,10/01/2021,9.612220339,InSAR
10/01/1940,0.079604735,0.079604735,0.079604735,0.079604735,0.079604735,0.079604735,11/01/2021,9.662220339,InSAR
11/01/1940,0.083106042,0.083106042,0.083106042,0.083106042,0.083106042,0.083106042,12/01/2021,9.41,Leveling
12/01/1940,0.083839973,0.083839973,0.083839973,0.083839973,0.083839973,0.083839973,12/01/2021,9.649220339,InSAR
01/01/1941,0.082781151,0.082781151,0.082781151,0.082781151,0.082781151,0.082781151,01/01/2022,9.636220339,InSAR
02/01/1941,0.087201714,0.087201714,0.087201714,0.087201714,0.087201714,0.087201714,02/01/2022,9.653220339,InSAR
03/01/1941,0.092501136,0.092501136,0.092501136,0.092501136,0.092501136,0.092501136,03/01/2022,9.665220339,InSAR
04/01/1941,0.096837096,0.096837096,0.096837096,0.096837096,0.096837096,0.096837096,04/01/2022,9.691220339,InSAR
05/01/1941,0.100431457,0.100431457,0.100431457,0.100431457,0.100431457,0.100431457,05/01/2022,9.781220339,InSAR
06/01/1941,0.102454301,0.102454301,0.102454301,0.102454301,0.102454301,0.102454301,06/01/2022,9.867220339,InSAR
07/01/1941,0.102638402,0.102638402,0.102638402,0.102638402,0.102638402,0.102638402,07/01/2022,9.85,Leveling
08/01/1941,0.104793924,0.104793924,0.104793924,0.104793924,0.104793924,0.104793924,07/01/2022,9.986220339,InSAR
09/01/1941,0.107506317,0.107506317,0.107506317,0.107506317,0.107506317,0.107506317,08/01/2022,10.08722034,InSAR
10/01/1941,0.111301515,0.111301515,0.111301515,0.111301515,0.111301515,0.111301515,09/01/2022,10.13222034,InSAR
11/01/1941,0.109996252,0.109996252,0.109996252,0.109996252,0.109996252,0.109996252,10/01/2022,10.15922034,InSAR
12/01/1941,0.112671567,0.112671567,0.112671567,0.112671567,0.112671567,0.112671567,11/01/2022,10.15222034,InSAR
01/01/1942,0.111148933,0.111148933,0.111148933,0.111148933,0.111148933,0.111148933,12/01/2022,10.04,Leveling
02/01/1942,0.108198553,0.108198553,0.108198553,0.108198553,0.108198553,0.108198553,12/01/2022,10.14822034,InSAR
03/01/1942,0.105385173,0.105385173,0.105385173,0.105385173,0.105385173,0.105385173,01/01/2023,10.13522034,InSAR
04/01/1942,0.098145566,0.098145566,0.098145566,0.098145566,0.098145566,0.098145566,02/01/2023,10.10822034,InSAR
05/01/1942,0.094587476,0.094587476,0.094587476,0.094587476,0.094587476,0.094587476,03/01/2023,10.10222034,InSAR
06/01/1942,0.090036616,0.090036616,0.090036616,0.090036616,0.090036616,0.090036616,04/01/2023,10.12822034,InSAR
07/01/1942,0.092278512,0.092278512,0.092278512,0.092278512,0.092278512,0.092278512,05/01/2023,10.10022034,InSAR
08/01/1942,0.097713642,0.097713642,0.097713642,0.097713642,0.097713642,0.097713642,06/01/2023,10.14122034,InSAR
09/01/1942,0.101259451,0.101259451,0.101259451,0.101259451,0.101259451,0.101259451,07/01/2023,10.01,Leveling
10/01/1942,0.104506424,0.104506424,0.104506424,0.104506424,0.104506424,0.104506424,07/01/2023,10.17822034,InSAR
11/01/1942,0.111765668,0.111765668,0.111765668,0.111765668,0.111765668,0.111765668,08/01/2023,10.20722034,InSAR
12/01/1942,0.114502655,0.114502655,0.114502655,0.114502655,0.114502655,0.114502655,09/01/2023,10.21022034,InSAR
01/01/1943,0.114762175,0.114762175,0.114762175,0.114762175,0.114762175,0.114762175,10/01/2023,10.21722034,InSAR
02/01/1943,0.11767299,0.11767299,0.11767299,0.11767299,0.11767299,0.11767299,11/01/2023,10.23122034,InSAR
03/01/1943,0.118773961,0.118773961,0.118773961,0.118773961,0.118773961,0.118773961,12/01/2023,9.97,Leveling
04/01/1943,0.122321747,0.122321747,0.122321747,0.122321747,0.122321747,0.122321747,12/01/2023,10.20122034,InSAR
05/01/1943,0.120225178,0.120225178,0.120225178,0.120225178,0.120225178,0.120225178,01/01/2024,10.19522034,InSAR
06/01/1943,0.119630394,0.119630394,0.119630394,0.119630394,0.119630394,0.119630394,02/01/2024,10.17622034,InSAR
07/01/1943,0.125521284,0.125521284,0.125521284,0.125521284,0.125521284,0.125521284,03/01/2024,10.18622034,InSAR
08/01/1943,0.12831376,0.12831376,0.12831376,0.12831376,0.12831376,0.12831376,04/01/2024,10.18922034,InSAR
09/01/1943,0.130124854,0.130124854,0.130124854,0.130124854,0.130124854,0.130124854,05/01/2024,10.20622034,InSAR
10/01/1943,0.131180799,0.131180799,0.131180799,0.131180799,0.131180799,0.131180799,06/01/2024,10.24622034,InSAR
11/01/1943,0.1310261,0.1310261,0.1310261,0.1310261,0.1310261,0.1310261,07/01/2024,10.28822034,InSAR
12/01/1943,0.133100555,0.133100555,0.133100555,0.133100555,0.133100555,0.133100555,08/01/2024,10.31122034,InSAR
01/01/1944,0.131813393,0.131813393,0.131813393,0.131813393,0.131813393,0.131813393,09/01/2024,10.34222034,InSAR
02/01/1944,0.131904031,0.131904031,0.131904031,0.131904031,0.131904031,0.131904031,10/01/2024,10.37422034,InSAR
03/01/1944,0.132200965,0.132200965,0.132200965,0.132200965,0.132200965,0.132200965,11/01/2024,10.39122034,InSAR
04/01/1944,0.131657681,0.131657681,0.131657681,0.131657681,0.131657681,0.131657681,12/01/2024,10.38922034,InSAR
05/01/1944,0.129564615,0.129564615,0.129564615,0.129564615,0.129564615,0.129564615,01/01/2025,10.39322034,InSAR
06/01/1944,0.133053938,0.133053938,0.133053938,0.133053938,0.133053938,0.133053938,02/01/2025,10.36822034,InSAR
07/01/1944,0.129054804,0.129054804,0.129054804,0.129054804,0.129054804,0.129054804,03/01/2025,10.36522034,InSAR
08/01/1944,0.131413571,0.131413571,0.131413571,0.131413571,0.131413571,0.131413571,04/01/2025,10.38622034,InSAR
09/01/1944,0.127982443,0.127982443,0.127982443,0.127982443,0.127982443,0.127982443,,,
10/01/1944,0.128693571,0.128693571,0.128693571,0.128693571,0.128693571,0.128693571,,,
11/01/1944,0.131302417,0.131302417,0.131302417,0.131302417,0.131302417,0.131302417,,,
12/01/1944,0.134061282,0.134061282,0.134061282,0.134061282,0.134061282,0.134061282,,,
01/01/1945,0.138733557,0.138733557,0.138733557,0.138733557,0.138733557,0.138733557,,,
02/01/1945,0.141628414,0.141628414,0.141628414,0.141628414,0.141628414,0.141628414,,,
03/01/1945,0.140474737,0.140474737,0.140474737,0.140474737,0.140474737,0.140474737,,,
04/01/1945,0.144338399,0.144338399,0.144338399,0.144338399,0.144338399,0.144338399,,,
05/01/1945,0.149603384,0.149603384,0.149603384,0.149603384,0.149603384,0.149603384,,,
06/01/1945,0.157520435,0.157520435,0.157520435,0.157520435,0.157520435,0.157520435,,,
07/01/1945,0.164699517,0.164699517,0.164699517,0.164699517,0.164699517,0.164699517,,,
08/01/1945,0.168960377,0.168960377,0.168960377,0.168960377,0.168960377,0.168960377,,,
09/01/1945,0.177380892,0.177380892,0.177380892,0.177380892,0.177380892,0.177380892,,,
10/01/1945,0.186990602,0.186990602,0.186990602,0.186990602,0.186990602,0.186990602,,,
11/01/1945,0.189124447,0.189124447,0.189124447,0.189124447,0.189124447,0.189124447,,,
12/01/1945,0.189817683,0.189817683,0.189817683,0.189817683,0.189817683,0.189817683,,,
01/01/1946,0.188781642,0.188781642,0.188781642,0.188781642,0.188781642,0.188781642,,,
02/01/1946,0.183217231,0.183217231,0.183217231,0.183217231,0.183217231,0.183217231,,,
03/01/1946,0.186283595,0.186283595,0.186283595,0.186283595,0.186283595,0.186283595,,,
04/01/1946,0.188142543,0.188142543,0.188142543,0.188142543,0.188142543,0.188142543,,,
05/01/1946,0.189979167,0.189979167,0.189979167,0.189979167,0.189979167,0.189979167,,,
06/01/1946,0.191168325,0.191168325,0.191168325,0.191168325,0.191168325,0.191168325,,,
07/01/1946,0.193939503,0.193939503,0.193939503,0.193939503,0.193939503,0.193939503,,,
08/01/1946,0.198070262,0.198070262,0.198070262,0.198070262,0.198070262,0.198070262,,,
09/01/1946,0.201018278,0.201018278,0.201018278,0.201018278,0.201018278,0.201018278,,,
10/01/1946,0.204141329,0.204141329,0.204141329,0.204141329,0.204141329,0.204141329,,,
11/01/1946,0.203224845,0.203224845,0.203224845,0.203224845,0.203224845,0.203224845,,,
12/01/1946,0.205710265,0.205710265,0.205710265,0.205710265,0.205710265,0.205710265,,,
01/01/1947,0.203844491,0.203844491,0.203844491,0.203844491,0.203844491,0.203844491,,,
02/01/1947,0.208982377,0.208982377,0.208982377,0.208982377,0.208982377,0.208982377,,,
03/01/1947,0.214776164,0.214776164,0.214776164,0.214776164,0.214776164,0.214776164,,,
04/01/1947,0.217229795,0.217229795,0.217229795,0.217229795,0.217229795,0.217229795,,,
05/01/1947,0.219072507,0.219072507,0.219072507,0.219072507,0.219072507,0.219072507,,,
06/01/1947,0.227366254,0.227366254,0.227366254,0.227366254,0.227366254,0.227366254,,,
07/01/1947,0.235469178,0.235469178,0.235469178,0.235469178,0.235469178,0.235469178,,,
08/01/1947,0.244011326,0.244011326,0.244011326,0.244011326,0.244011326,0.244011326,,,
09/01/1947,0.249928506,0.249928506,0.249928506,0.249928506,0.249928506,0.249928506,,,
10/01/1947,0.255636857,0.255636857,0.255636857,0.255636857,0.255636857,0.255636857,,,
11/01/1947,0.258189142,0.258189142,0.258189142,0.258189142,0.258189142,0.258189142,,,
12/01/1947,0.32542437,0.32542437,0.32542437,0.32542437,0.32542437,0.32542437,,,
01/01/1948,0.343023,0.343023,0.343023,0.343023,0.343023,0.343023,,,
02/01/1948,0.38705337,0.38705337,0.38705337,0.38705337,0.38705337,0.38705337,,,
03/01/1948,0.396721919,0.396721919,0.396721919,0.396721919,0.396721919,0.396721919,,,
04/01/1948,0.400628682,0.400628682,0.400628682,0.400628682,0.400628682,0.400628682,,,
05/01/1948,0.407376697,0.407376697,0.407376697,0.407376697,0.407376697,0.407376697,,,
06/01/1948,0.406750579,0.406750579,0.406750579,0.406750579,0.406750579,0.406750579,,,
07/01/1948,0.408347629,0.408347629,0.408347629,0.408347629,0.408347629,0.408347629,,,
08/01/1948,0.411728095,0.411728095,0.411728095,0.411728095,0.411728095,0.411728095,,,
09/01/1948,0.412886347,0.412886347,0.412886347,0.412886347,0.412886347,0.412886347,,,
10/01/1948,0.41241435,0.41241435,0.41241435,0.41241435,0.41241435,0.41241435,,,
11/01/1948,0.416532665,0.416532665,0.416532665,0.416532665,0.416532665,0.416532665,,,
12/01/1948,0.420759352,0.420759352,0.420759352,0.420759352,0.420759352,0.420759352,,,
01/01/1949,0.420031263,0.420031263,0.420031263,0.420031263,0.420031263,0.420031263,,,
02/01/1949,0.422333232,0.422333232,0.422333232,0.422333232,0.422333232,0.422333232,,,
03/01/1949,0.424220272,0.424220272,0.424220272,0.424220272,0.424220272,0.424220272,,,
04/01/1949,0.421472224,0.421472224,0.421472224,0.421472224,0.421472224,0.421472224,,,
05/01/1949,0.422672673,0.422672673,0.422672673,0.422672673,0.422672673,0.422672673,,,
06/01/1949,0.42632409,0.42632409,0.42632409,0.42632409,0.42632409,0.42632409,,,
07/01/1949,0.428047162,0.428047162,0.428047162,0.428047162,0.428047162,0.428047162,,,
08/01/1949,0.432695448,0.432695448,0.432695448,0.432695448,0.432695448,0.432695448,,,
09/01/1949,0.432565647,0.432565647,0.432565647,0.432565647,0.432565647,0.432565647,,,
10/01/1949,0.43591541,0.43591541,0.43591541,0.43591541,0.43591541,0.43591541,,,
11/01/1949,0.440624351,0.440624351,0.440624351,0.440624351,0.440624351,0.440624351,,,
12/01/1949,0.444258832,0.444258832,0.444258832,0.444258832,0.444258832,0.444258832,,,
01/01/1950,0.445344689,0.445344689,0.445344689,0.445344689,0.445344689,0.445344689,,,
02/01/1950,0.44851514,0.44851514,0.44851514,0.44851514,0.44851514,0.44851514,,,
03/01/1950,0.451127869,0.451127869,0.451127869,0.451127869,0.451127869,0.451127869,,,
04/01/1950,0.452789222,0.452789222,0.452789222,0.452789222,0.452789222,0.452789222,,,
05/01/1950,0.453505001,0.453505001,0.453505001,0.453505001,0.453505001,0.453505001,,,
06/01/1950,0.452777656,0.452777656,0.452777656,0.452777656,0.452777656,0.452777656,,,
07/01/1950,0.454220656,0.454220656,0.454220656,0.454220656,0.454220656,0.454220656,,,
08/01/1950,0.458720366,0.458720366,0.458720366,0.458720366,0.458720366,0.458720366,,,
09/01/1950,0.46166948,0.46166948,0.46166948,0.46166948,0.46166948,0.46166948,,,
10/01/1950,0.461818225,0.461818225,0.461818225,0.461818225,0.461818225,0.461818225,,,
11/01/1950,0.465738781,0.465738781,0.465738781,0.465738781,0.465738781,0.465738781,,,
12/01/1950,0.477449056,0.477449056,0.477449056,0.477449056,0.477449056,0.477449056,,,
01/01/1951,0.477262227,0.477262227,0.477262227,0.477262227,0.477262227,0.477262227,,,
02/01/1951,0.48217036,0.48217036,0.48217036,0.48217036,0.48217036,0.48217036,,,
03/01/1951,0.482776481,0.482776481,0.482776481,0.482776481,0.482776481,0.482776481,,,
04/01/1951,0.481827149,0.481827149,0.481827149,0.481827149,0.481827149,0.481827149,,,
05/01/1951,0.480883085,0.480883085,0.480883085,0.480883085,0.480883085,0.480883085,,,
06/01/1951,0.484955497,0.484955497,0.484955497,0.484955497,0.484955497,0.484955497,,,
07/01/1951,0.489471676,0.489471676,0.489471676,0.489471676,0.489471676,0.489471676,,,
08/01/1951,0.494062738,0.494062738,0.494062738,0.494062738,0.494062738,0.494062738,,,
09/01/1951,0.503200614,0.503200614,0.503200614,0.503200614,0.503200614,0.503200614,,,
10/01/1951,0.517855252,0.517855252,0.517855252,0.517855252,0.517855252,0.517855252,,,
11/01/1951,0.535985559,0.535985559,0.535985559,0.535985559,0.535985559,0.535985559,,,
12/01/1951,0.549208543,0.549208543,0.549208543,0.549208543,0.549208543,0.549208543,,,
01/01/1952,0.552233557,0.552233557,0.552233557,0.552233557,0.552233557,0.552233557,,,
02/01/1952,0.550615788,0.550615788,0.550615788,0.550615788,0.550615788,0.550615788,,,
03/01/1952,0.545090016,0.545090016,0.545090016,0.545090016,0.545090016,0.545090016,,,
04/01/1952,0.540103505,0.540103505,0.540103505,0.540103505,0.540103505,0.540103505,,,
05/01/1952,0.537224829,0.537224829,0.537224829,0.537224829,0.537224829,0.537224829,,,
06/01/1952,0.53623587,0.53623587,0.53623587,0.53623587,0.53623587,0.53623587,,,
07/01/1952,0.536896951,0.536896951,0.536896951,0.536896951,0.536896951,0.536896951,,,
08/01/1952,0.53774429,0.53774429,0.53774429,0.53774429,0.53774429,0.53774429,,,
09/01/1952,0.539907867,0.539907867,0.539907867,0.539907867,0.539907867,0.539907867,,,
10/01/1952,0.539887209,0.539887209,0.539887209,0.539887209,0.539887209,0.539887209,,,
11/01/1952,0.539772963,0.539772963,0.539772963,0.539772963,0.539772963,0.539772963,,,
12/01/1952,0.540092585,0.540092585,0.540092585,0.540092585,0.540092585,0.540092585,,,
01/01/1953,0.543569884,0.543569884,0.543569884,0.543569884,0.543569884,0.543569884,,,
02/01/1953,0.549381942,0.549381942,0.549381942,0.549381942,0.549381942,0.549381942,,,
03/01/1953,0.557602406,0.557602406,0.557602406,0.557602406,0.557602406,0.557602406,,,
04/01/1953,0.57148021,0.57148021,0.57148021,0.57148021,0.57148021,0.57148021,,,
05/01/1953,0.595111445,0.595111445,0.595111445,0.595111445,0.595111445,0.595111445,,,
06/01/1953,0.614791021,0.614791021,0.614791021,0.614791021,0.614791021,0.614791021,,,
07/01/1953,0.632123872,0.632123872,0.632123872,0.632123872,0.632123872,0.632123872,,,
08/01/1953,0.648822205,0.648822205,0.648822205,0.648822205,0.648822205,0.648822205,,,
09/01/1953,0.669397956,0.669397956,0.669397956,0.669397956,0.669397956,0.669397956,,,
10/01/1953,0.679763494,0.679763494,0.679763494,0.679763494,0.679763494,0.679763494,,,
11/01/1953,0.693400066,0.693400066,0.693400066,0.693400066,0.693400066,0.693400066,,,
12/01/1953,0.698468644,0.698468644,0.698468644,0.698468644,0.698468644,0.698468644,,,
01/01/1954,0.691308232,0.691308232,0.691308232,0.691308232,0.691308232,0.691308232,,,
02/01/1954,0.684566302,0.684566302,0.684566302,0.684566302,0.684566302,0.684566302,,,
03/01/1954,0.678679063,0.678679063,0.678679063,0.678679063,0.678679063,0.678679063,,,
04/01/1954,0.678567476,0.678567476,0.678567476,0.678567476,0.678567476,0.678567476,,,
05/01/1954,0.682385209,0.682385209,0.682385209,0.682385209,0.682385209,0.682385209,,,
06/01/1954,0.688238555,0.688238555,0.688238555,0.688238555,0.688238555,0.688238555,,,
07/01/1954,0.692611394,0.692611394,0.692611394,0.692611394,0.692611394,0.692611394,,,
08/01/1954,0.70000893,0.70000893,0.70000893,0.70000893,0.70000893,0.70000893,,,
09/01/1954,0.704817375,0.704817375,0.704817375,0.704817375,0.704817375,0.704817375,,,
10/01/1954,0.706816261,0.706816261,0.706816261,0.706816261,0.706816261,0.706816261,,,
11/01/1954,0.71878627,0.71878627,0.71878627,0.71878627,0.71878627,0.71878627,,,
12/01/1954,0.729752027,0.729752027,0.729752027,0.729752027,0.729752027,0.729752027,,,
01/01/1955,0.727513129,0.727513129,0.727513129,0.727513129,0.727513129,0.727513129,,,
02/01/1955,0.721497286,0.721497286,0.721497286,0.721497286,0.721497286,0.721497286,,,
03/01/1955,0.714432746,0.714432746,0.714432746,0.714432746,0.714432746,0.714432746,,,
04/01/1955,0.712824946,0.712824946,0.712824946,0.712824946,0.712824946,0.712824946,,,
05/01/1955,0.710969342,0.710969342,0.710969342,0.710969342,0.710969342,0.710969342,,,
06/01/1955,0.711540077,0.711540077,0.711540077,0.711540077,0.711540077,0.711540077,,,
07/01/1955,0.716541966,0.716541966,0.716541966,0.716541966,0.716541966,0.716541966,,,
08/01/1955,0.720534799,0.720534799,0.720534799,0.720534799,0.720534799,0.720534799,,,
09/01/1955,0.722907748,0.722907748,0.722907748,0.722907748,0.722907748,0.722907748,,,
10/01/1955,0.72637638,0.72637638,0.72637638,0.72637638,0.72637638,0.72637638,,,
11/01/1955,0.730356318,0.730356318,0.730356318,0.730356318,0.730356318,0.730356318,,,
12/01/1955,0.735201218,0.735201218,0.735201218,0.735201218,0.735201218,0.735201218,,,
01/01/1956,0.734515633,0.734515633,0.734515633,0.734515633,0.734515633,0.734515633,,,
02/01/1956,0.728968455,0.728968455,0.728968455,0.728968455,0.728968455,0.728968455,,,
03/01/1956,0.724992744,0.724992744,0.724992744,0.724992744,0.724992744,0.724992744,,,
04/01/1956,0.716354214,0.716354214,0.716354214,0.716354214,0.716354214,0.716354214,,,
05/01/1956,0.712630183,0.712630183,0.712630183,0.712630183,0.712630183,0.712630183,,,
06/01/1956,0.710146896,0.710146896,0.710146896,0.710146896,0.710146896,0.710146896,,,
07/01/1956,0.703980397,0.703980397,0.703980397,0.703980397,0.703980397,0.703980397,,,
08/01/1956,0.704816222,0.704816222,0.704816222,0.704816222,0.704816222,0.704816222,,,
09/01/1956,0.699310208,0.699310208,0.699310208,0.699310208,0.699310208,0.699310208,,,
10/01/1956,0.693660178,0.693660178,0.693660178,0.693660178,0.693660178,0.693660178,,,
11/01/1956,0.69349718,0.69349718,0.69349718,0.69349718,0.69349718,0.69349718,,,
12/01/1956,0.693599351,0.693599351,0.693599351,0.693599351,0.693599351,0.693599351,,,
01/01/1957,0.694955313,0.694955313,0.694955313,0.694955313,0.694955313,0.694955313,,,
02/01/1957,0.695315131,0.695315131,0.695315131,0.695315131,0.695315131,0.695315131,,,
03/01/1957,0.692265474,0.692265474,0.692265474,0.692265474,0.692265474,0.692265474,,,
04/01/1957,0.690905792,0.690905792,0.690905792,0.690905792,0.690905792,0.690905792,,,
05/01/1957,0.691634262,0.691634262,0.691634262,0.691634262,0.691634262,0.691634262,,,
06/01/1957,0.687495739,0.687495739,0.687495739,0.687495739,0.687495739,0.687495739,,,
07/01/1957,0.687179439,0.687179439,0.687179439,0.687179439,0.687179439,0.687179439,,,
08/01/1957,0.685250925,0.685250925,0.685250925,0.685250925,0.685250925,0.685250925,,,
09/01/1957,0.686286718,0.686286718,0.686286718,0.686286718,0.686286718,0.686286718,,,
10/01/1957,0.685253293,0.685253293,0.685253293,0.685253293,0.685253293,0.685253293,,,
11/01/1957,0.688846242,0.688846242,0.688846242,0.688846242,0.688846242,0.688846242,,,
12/01/1957,0.690971505,0.690971505,0.690971505,0.690971505,0.690971505,0.690971505,,,
01/01/1958,0.691378883,0.691378883,0.691378883,0.691378883,0.691378883,0.691378883,,,
02/01/1958,0.694270362,0.694270362,0.694270362,0.694270362,0.694270362,0.694270362,,,
03/01/1958,0.69441607,0.69441607,0.69441607,0.69441607,0.69441607,0.69441607,,,
04/01/1958,0.690129341,0.690129341,0.690129341,0.690129341,0.690129341,0.690129341,,,
05/01/1958,0.690541263,0.690541263,0.690541263,0.690541263,0.690541263,0.690541263,,,
06/01/1958,0.686297386,0.686297386,0.686297386,0.686297386,0.686297386,0.686297386,,,
07/01/1958,0.687875534,0.687875534,0.687875534,0.687875534,0.687875534,0.687875534,,,
08/01/1958,0.689138451,0.689138451,0.689138451,0.689138451,0.689138451,0.689138451,,,
09/01/1958,0.689007406,0.689007406,0.689007406,0.689007406,0.689007406,0.689007406,,,
10/01/1958,0.691687086,0.691687086,0.691687086,0.691687086,0.691687086,0.691687086,,,
11/01/1958,0.692148111,0.692148111,0.692148111,0.692148111,0.692148111,0.692148111,,,
12/01/1958,0.686847533,0.686847533,0.686847533,0.686847533,0.686847533,0.686847533,,,
01/01/1959,0.686424658,0.686424658,0.686424658,0.686424658,0.686424658,0.686424658,,,
02/01/1959,0.685229002,0.685229002,0.685229002,0.685229002,0.685229002,0.685229002,,,
03/01/1959,0.680534598,0.680534598,0.680534598,0.680534598,0.680534598,0.680534598,,,
04/01/1959,0.667787087,0.667787087,0.667787087,0.667787087,0.667787087,0.667787087,,,
05/01/1959,0.660574505,0.660574505,0.660574505,0.660574505,0.660574505,0.660574505,,,
06/01/1959,0.657979882,0.657979882,0.657979882,0.657979882,0.657979882,0.657979882,,,
07/01/1959,0.65701428,0.65701428,0.65701428,0.65701428,0.65701428,0.65701428,,,
08/01/1959,0.657727517,0.657727517,0.657727517,0.657727517,0.657727517,0.657727517,,,
09/01/1959,0.659541153,0.659541153,0.659541153,0.659541153,0.659541153,0.659541153,,,
10/01/1959,0.661343931,0.661343931,0.661343931,0.661343931,0.661343931,0.661343931,,,
11/01/1959,0.66319785,0.66319785,0.66319785,0.66319785,0.66319785,0.66319785,,,
12/01/1959,0.668569249,0.668569249,0.668569249,0.668569249,0.668569249,0.668569249,,,
01/01/1960,0.674200702,0.674200702,0.674200702,0.674200702,0.674200702,0.674200702,,,
02/01/1960,0.674702159,0.674702159,0.674702159,0.674702159,0.674702159,0.674702159,,,
03/01/1960,0.675974891,0.675974891,0.675974891,0.675974891,0.675974891,0.675974891,,,
04/01/1960,0.672919366,0.672919366,0.672919366,0.672919366,0.672919366,0.672919366,,,
05/01/1960,0.673383439,0.673383439,0.673383439,0.673383439,0.673383439,0.673383439,,,
06/01/1960,0.676462693,0.676462693,0.676462693,0.676462693,0.676462693,0.676462693,,,
07/01/1960,0.678870461,0.678870461,0.678870461,0.678870461,0.678870461,0.678870461,,,
08/01/1960,0.68106775,0.68106775,0.68106775,0.68106775,0.68106775,0.68106775,,,
09/01/1960,0.686910455,0.686910455,0.686910455,0.686910455,0.686910455,0.686910455,,,
10/01/1960,0.694934624,0.694934624,0.694934624,0.694934624,0.694934624,0.694934624,,,
11/01/1960,0.702194596,0.702194596,0.702194596,0.702194596,0.702194596,0.702194596,,,
12/01/1960,0.707718747,0.707718747,0.707718747,0.707718747,0.707718747,0.707718747,,,
01/01/1961,0.713181442,0.713181442,0.713181442,0.713181442,0.713181442,0.713181442,,,
02/01/1961,0.719228406,0.719228406,0.719228406,0.719228406,0.719228406,0.719228406,,,
03/01/1961,0.718106722,0.718106722,0.718106722,0.718106722,0.718106722,0.718106722,,,
04/01/1961,0.717466938,0.717466938,0.717466938,0.717466938,0.717466938,0.717466938,,,
05/01/1961,0.720877704,0.720877704,0.720877704,0.720877704,0.720877704,0.720877704,,,
06/01/1961,0.722114108,0.722114108,0.722114108,0.722114108,0.722114108,0.722114108,,,
07/01/1961,0.730261072,0.730261072,0.730261072,0.730261072,0.730261072,0.730261072,,,
08/01/1961,0.740081988,0.740081988,0.740081988,0.740081988,0.740081988,0.740081988,,,
09/01/1961,0.758654604,0.758654604,0.758654604,0.758654604,0.758654604,0.758654604,,,
10/01/1961,0.797343138,0.797343138,0.797343138,0.797343138,0.797343138,0.797343138,,,
11/01/1961,0.801341143,0.801341143,0.801341143,0.801341143,0.801341143,0.801341143,,,
12/01/1961,0.849253987,0.849253987,0.849253987,0.849253987,0.849253987,0.849253987,,,
01/01/1962,0.884785091,0.884785091,0.884785091,0.884785091,0.884785091,0.884785091,,,
02/01/1962,0.884417908,0.884417908,0.884417908,0.884417908,0.884417908,0.884417908,,,
03/01/1962,0.877008715,0.877008715,0.877008715,0.877008715,0.877008715,0.877008715,,,
04/01/1962,0.868072017,0.868072017,0.868072017,0.868072017,0.868072017,0.868072017,,,
05/01/1962,0.863415736,0.863415736,0.863415736,0.863415736,0.863415736,0.863415736,,,
06/01/1962,0.861563315,0.861563315,0.861563315,0.861563315,0.861563315,0.861563315,,,
07/01/1962,0.86368085,0.86368085,0.86368085,0.86368085,0.86368085,0.86368085,,,
08/01/1962,0.870607455,0.870607455,0.870607455,0.870607455,0.870607455,0.870607455,,,
09/01/1962,0.880591119,0.880591119,0.880591119,0.880591119,0.880591119,0.880591119,,,
10/01/1962,0.886387829,0.886387829,0.886387829,0.886387829,0.886387829,0.886387829,,,
11/01/1962,0.887738439,0.887738439,0.887738439,0.887738439,0.887738439,0.887738439,,,
12/01/1962,0.885179208,0.885179208,0.885179208,0.885179208,0.885179208,0.885179208,,,
01/01/1963,0.880819722,0.880819722,0.880819722,0.880819722,0.880819722,0.880819722,,,
02/01/1963,0.879544702,0.879544702,0.879544702,0.879544702,0.879544702,0.879544702,,,
03/01/1963,0.878567921,0.878567921,0.878567921,0.878567921,0.878567921,0.878567921,,,
04/01/1963,0.879008828,0.879008828,0.879008828,0.879008828,0.879008828,0.879008828,,,
05/01/1963,0.880653178,0.880653178,0.880653178,0.880653178,0.880653178,0.880653178,,,
06/01/1963,0.880221811,0.880221811,0.880221811,0.880221811,0.880221811,0.880221811,,,
07/01/1963,0.879922992,0.879922992,0.879922992,0.879922992,0.879922992,0.879922992,,,
08/01/1963,0.88409523,0.88409523,0.88409523,0.88409523,0.88409523,0.88409523,,,
09/01/1963,0.891030644,0.891030644,0.891030644,0.891030644,0.891030644,0.891030644,,,
10/01/1963,0.895863553,0.895863553,0.895863553,0.895863553,0.895863553,0.895863553,,,
11/01/1963,0.905671424,0.905671424,0.905671424,0.905671424,0.905671424,0.905671424,,,
12/01/1963,0.900348888,0.900348888,0.900348888,0.900348888,0.900348888,0.900348888,,,
01/01/1964,0.8943104,0.8943104,0.8943104,0.8943104,0.8943104,0.8943104,,,
02/01/1964,0.891042058,0.891042058,0.891042058,0.891042058,0.891042058,0.891042058,,,
03/01/1964,0.888737075,0.888737075,0.888737075,0.888737075,0.888737075,0.888737075,,,
04/01/1964,0.890782462,0.890782462,0.890782462,0.890782462,0.890782462,0.890782462,,,
05/01/1964,0.893638352,0.893638352,0.893638352,0.893638352,0.893638352,0.893638352,,,
06/01/1964,0.896008209,0.896008209,0.896008209,0.896008209,0.896008209,0.896008209,,,
07/01/1964,0.903329195,0.903329195,0.903329195,0.903329195,0.903329195,0.903329195,,,
08/01/1964,0.913372584,0.913372584,0.913372584,0.913372584,0.913372584,0.913372584,,,
09/01/1964,0.921295731,0.921295731,0.921295731,0.921295731,0.921295731,0.921295731,,,
10/01/1964,0.925752617,0.925752617,0.925752617,0.925752617,0.925752617,0.925752617,,,
11/01/1964,0.929951281,0.929951281,0.929951281,0.929951281,0.929951281,0.929951281,,,
12/01/1964,0.927196434,0.927196434,0.927196434,0.927196434,0.927196434,0.927196434,,,
01/01/1965,0.9290697,0.9290697,0.9290697,0.9290697,0.9290697,0.9290697,,,
02/01/1965,0.928224913,0.928224913,0.928224913,0.928224913,0.928224913,0.928224913,,,
03/01/1965,0.926883904,0.926883904,0.926883904,0.926883904,0.926883904,0.926883904,,,
04/01/1965,0.927840998,0.927840998,0.927840998,0.927840998,0.927840998,0.927840998,,,
05/01/1965,0.931281087,0.931281087,0.931281087,0.931281087,0.931281087,0.931281087,,,
06/01/1965,0.934734948,0.934734948,0.934734948,0.934734948,0.934734948,0.934734948,,,
07/01/1965,0.93636203,0.93636203,0.93636203,0.93636203,0.93636203,0.93636203,,,
08/01/1965,0.938656095,0.938656095,0.938656095,0.938656095,0.938656095,0.938656095,,,
09/01/1965,0.944584607,0.944584607,0.944584607,0.944584607,0.944584607,0.944584607,,,
10/01/1965,0.950956336,0.950956336,0.950956336,0.950956336,0.950956336,0.950956336,,,
11/01/1965,0.95253748,0.95253748,0.95253748,0.95253748,0.95253748,0.95253748,,,
12/01/1965,0.952161998,0.952161998,0.952161998,0.952161998,0.952161998,0.952161998,,,
01/01/1966,0.950691939,0.950691939,0.950691939,0.950691939,0.950691939,0.950691939,,,
02/01/1966,0.949738433,0.949738433,0.949738433,0.949738433,0.949738433,0.949738433,,,
03/01/1966,0.946398421,0.946398421,0.946398421,0.946398421,0.946398421,0.946398421,,,
04/01/1966,0.945465003,0.945465003,0.945465003,0.945465003,0.945465003,0.945465003,,,
05/01/1966,0.947670993,0.947670993,0.947670993,0.947670993,0.947670993,0.947670993,,,
06/01/1966,0.951326953,0.951326953,0.951326953,0.951326953,0.951326953,0.951326953,,,
07/01/1966,0.953962403,0.953962403,0.953962403,0.953962403,0.953962403,0.953962403,,,
08/01/1966,0.964672416,0.964672416,0.964672416,0.964672416,0.964672416,0.964672416,,,
09/01/1966,0.976956623,0.976956623,0.976956623,0.976956623,0.976956623,0.976956623,,,
10/01/1966,0.988390373,0.988390373,0.988390373,0.988390373,0.988390373,0.988390373,,,
11/01/1966,0.993480004,0.993480004,0.993480004,0.993480004,0.993480004,0.993480004,,,
12/01/1966,0.995700477,0.995700477,0.995700477,0.995700477,0.995700477,0.995700477,,,
01/01/1967,0.99665592,0.99665592,0.99665592,0.99665592,0.99665592,0.99665592,,,
02/01/1967,0.989423321,0.989423321,0.989423321,0.989423321,0.989423321,0.989423321,,,
03/01/1967,0.986374006,0.986374006,0.986374006,0.986374006,0.986374006,0.986374006,,,
04/01/1967,0.988910295,0.988910295,0.988910295,0.988910295,0.988910295,0.988910295,,,
05/01/1967,0.986204667,0.986204667,0.986204667,0.986204667,0.986204667,0.986204667,,,
06/01/1967,0.984996673,0.984996673,0.984996673,0.984996673,0.984996673,0.984996673,,,
07/01/1967,0.988035942,0.988035942,0.988035942,0.988035942,0.988035942,0.988035942,,,
08/01/1967,0.995133259,0.995133259,0.995133259,0.995133259,0.995133259,0.995133259,,,
09/01/1967,1.007552136,1.007552136,1.007552136,1.007552136,1.007552136,1.007552136,,,
10/01/1967,1.020363159,1.020363159,1.020363159,1.020363159,1.020363159,1.020363159,,,
11/01/1967,1.022053521,1.022053521,1.022053521,1.022053521,1.022053521,1.022053521,,,
12/01/1967,1.024908812,1.024908812,1.024908812,1.024908812,1.024908812,1.024908812,,,
01/01/1968,1.023931817,1.023931817,1.023931817,1.023931817,1.023931817,1.023931817,,,
02/01/1968,1.020410716,1.020410716,1.020410716,1.020410716,1.020410716,1.020410716,,,
03/01/1968,1.016958665,1.016958665,1.016958665,1.016958665,1.016958665,1.016958665,,,
04/01/1968,1.015467552,1.015467552,1.015467552,1.015467552,1.015467552,1.015467552,,,
05/01/1968,1.017664863,1.017664863,1.017664863,1.017664863,1.017664863,1.017664863,,,
06/01/1968,1.024230012,1.024230012,1.024230012,1.024230012,1.024230012,1.024230012,,,
07/01/1968,1.028063797,1.028063797,1.028063797,1.028063797,1.028063797,1.028063797,,,
08/01/1968,1.040007941,1.040007941,1.040007941,1.040007941,1.040007941,1.040007941,,,
09/01/1968,1.060495648,1.060495648,1.060495648,1.060495648,1.060495648,1.060495648,,,
10/01/1968,1.077552532,1.077552532,1.077552532,1.077552532,1.077552532,1.077552532,,,
11/01/1968,1.084761239,1.084761239,1.084761239,1.084761239,1.084761239,1.084761239,,,
12/01/1968,1.092710197,1.092710197,1.092710197,1.092710197,1.092710197,1.092710197,,,
01/01/1969,1.096709302,1.096709302,1.096709302,1.096709302,1.096709302,1.096709302,,,
02/01/1969,1.098228307,1.098228307,1.098228307,1.098228307,1.098228307,1.098228307,,,
03/01/1969,1.09874715,1.09874715,1.09874715,1.09874715,1.09874715,1.09874715,,,
04/01/1969,1.098053026,1.098053026,1.098053026,1.098053026,1.098053026,1.098053026,,,
05/01/1969,1.096730282,1.096730282,1.096730282,1.096730282,1.096730282,1.096730282,,,
06/01/1969,1.095879951,1.095879951,1.095879951,1.095879951,1.095879951,1.095879951,,,
07/01/1969,1.094724519,1.094724519,1.094724519,1.094724519,1.094724519,1.094724519,,,
08/01/1969,1.095956812,1.095956812,1.095956812,1.095956812,1.095956812,1.095956812,,,
09/01/1969,1.097721717,1.097721717,1.097721717,1.097721717,1.097721717,1.097721717,,,
10/01/1969,1.098197642,1.098197642,1.098197642,1.098197642,1.098197642,1.098197642,,,
11/01/1969,1.098649004,1.098649004,1.098649004,1.098649004,1.098649004,1.098649004,,,
12/01/1969,1.101567568,1.101567568,1.101567568,1.101567568,1.101567568,1.101567568,,,
01/01/1970,1.105617653,1.105617653,1.105617653,1.105617653,1.105617653,1.105617653,,,
02/01/1970,1.109913091,1.109913091,1.109913091,1.109913091,1.109913091,1.109913091,,,
03/01/1970,1.113033924,1.113033924,1.113033924,1.113033924,1.113033924,1.113033924,,,
04/01/1970,1.118382374,1.118382374,1.118382374,1.118382374,1.118382374,1.118382374,,,
05/01/1970,1.126156349,1.126156349,1.126156349,1.126156349,1.126156349,1.126156349,,,
06/01/1970,1.132402321,1.132402321,1.132402321,1.132402321,1.132402321,1.132402321,,,
07/01/1970,1.137246493,1.137246493,1.137246493,1.137246493,1.137246493,1.137246493,,,
08/01/1970,1.142896002,1.142896002,1.142896002,1.142896002,1.142896002,1.142896002,,,
09/01/1970,1.14783468,1.14783468,1.14783468,1.14783468,1.14783468,1.14783468,,,
10/01/1970,1.15350555,1.15350555,1.15350555,1.15350555,1.15350555,1.15350555,,,
11/01/1970,1.160665626,1.160665626,1.160665626,1.160665626,1.160665626,1.160665626,,,
12/01/1970,1.163263252,1.163263252,1.163263252,1.163263252,1.163263252,1.163263252,,,
01/01/1971,1.166754607,1.166754607,1.166754607,1.166754607,1.166754607,1.166754607,,,
02/01/1971,1.158585491,1.158585491,1.158585491,1.158585491,1.158585491,1.158585491,,,
03/01/1971,1.13752817,1.13752817,1.13752817,1.13752817,1.13752817,1.13752817,,,
04/01/1971,1.119358119,1.119358119,1.119358119,1.119358119,1.119358119,1.119358119,,,
05/01/1971,1.115415589,1.115415589,1.115415589,1.115415589,1.115415589,1.115415589,,,
06/01/1971,1.114333472,1.114333472,1.114333472,1.114333472,1.114333472,1.114333472,,,
07/01/1971,1.116290096,1.116290096,1.116290096,1.116290096,1.116290096,1.116290096,,,
08/01/1971,1.118902429,1.118902429,1.118902429,1.118902429,1.118902429,1.118902429,,,
09/01/1971,1.123507461,1.123507461,1.123507461,1.123507461,1.123507461,1.123507461,,,
10/01/1971,1.130377955,1.130377955,1.130377955,1.130377955,1.130377955,1.130377955,,,
11/01/1971,1.136443566,1.136443566,1.136443566,1.136443566,1.136443566,1.136443566,,,
12/01/1971,1.138355625,1.138355625,1.138355625,1.138355625,1.138355625,1.138355625,,,
01/01/1972,1.141942459,1.141942459,1.141942459,1.141942459,1.141942459,1.141942459,,,
02/01/1972,1.134896319,1.134896319,1.134896319,1.134896319,1.134896319,1.134896319,,,
03/01/1972,1.128126395,1.128126395,1.128126395,1.128126395,1.128126395,1.128126395,,,
04/01/1972,1.123079298,1.123079298,1.123079298,1.123079298,1.123079298,1.123079298,,,
05/01/1972,1.129269804,1.129269804,1.129269804,1.129269804,1.129269804,1.129269804,,,
06/01/1972,1.135410963,1.135410963,1.135410963,1.135410963,1.135410963,1.135410963,,,
07/01/1972,1.140360952,1.140360952,1.140360952,1.140360952,1.140360952,1.140360952,,,
08/01/1972,1.149895696,1.149895696,1.149895696,1.149895696,1.149895696,1.149895696,,,
09/01/1972,1.159471225,1.159471225,1.159471225,1.159471225,1.159471225,1.159471225,,,
10/01/1972,1.169262927,1.169262927,1.169262927,1.169262927,1.169262927,1.169262927,,,
11/01/1972,1.181837029,1.181837029,1.181837029,1.181837029,1.181837029,1.181837029,,,
12/01/1972,1.198707117,1.198707117,1.198707117,1.198707117,1.198707117,1.198707117,,,
01/01/1973,1.21046004,1.21046004,1.21046004,1.21046004,1.21046004,1.21046004,,,
02/01/1973,1.216049959,1.216049959,1.216049959,1.216049959,1.216049959,1.216049959,,,
03/01/1973,1.223673539,1.223673539,1.223673539,1.223673539,1.223673539,1.223673539,,,
04/01/1973,1.228126384,1.228126384,1.228126384,1.228126384,1.228126384,1.228126384,,,
05/01/1973,1.235659248,1.235659248,1.235659248,1.235659248,1.235659248,1.235659248,,,
06/01/1973,1.243683725,1.243683725,1.243683725,1.243683725,1.243683725,1.243683725,,,
07/01/1973,1.254477439,1.254477439,1.254477439,1.254477439,1.254477439,1.254477439,,,
08/01/1973,1.269925474,1.269925474,1.269925474,1.269925474,1.269925474,1.269925474,,,
09/01/1973,1.289750623,1.289750623,1.289750623,1.289750623,1.289750623,1.289750623,,,
10/01/1973,1.307797512,1.307797512,1.307797512,1.307797512,1.307797512,1.307797512,,,
11/01/1973,1.329023852,1.329023852,1.329023852,1.329023852,1.329023852,1.329023852,,,
12/01/1973,1.343916496,1.343916496,1.343916496,1.343916496,1.343916496,1.343916496,,,
01/01/1974,1.354352129,1.354352129,1.354352129,1.354352129,1.354352129,1.354352129,,,
02/01/1974,1.360446818,1.360446818,1.360446818,1.360446818,1.360446818,1.360446818,,,
03/01/1974,1.363542104,1.363542104,1.363542104,1.363542104,1.363542104,1.363542104,,,
04/01/1974,1.366719796,1.366719796,1.366719796,1.366719796,1.366719796,1.366719796,,,
05/01/1974,1.374998328,1.374998328,1.374998328,1.374998328,1.374998328,1.374998328,,,
06/01/1974,1.3859847,1.3859847,1.3859847,1.3859847,1.3859847,1.3859847,,,
07/01/1974,1.395974505,1.395974505,1.395974505,1.395974505,1.395974505,1.395974505,,,
08/01/1974,1.409209732,1.409209732,1.409209732,1.409209732,1.409209732,1.409209732,,,
09/01/1974,1.424544788,1.424544788,1.424544788,1.424544788,1.424544788,1.424544788,,,
10/01/1974,1.441120292,1.441120292,1.441120292,1.441120292,1.441120292,1.441120292,,,
11/01/1974,1.457995936,1.457995936,1.457995936,1.457995936,1.457995936,1.457995936,,,
12/01/1974,1.470119249,1.470119249,1.470119249,1.470119249,1.470119249,1.470119249,,,
01/01/1975,1.479436239,1.479436239,1.479436239,1.479436239,1.479436239,1.479436239,,,
02/01/1975,1.485177504,1.485177504,1.485177504,1.485177504,1.485177504,1.485177504,,,
03/01/1975,1.491407628,1.491407628,1.491407628,1.491407628,1.491407628,1.491407628,,,
04/01/1975,1.49436647,1.49436647,1.49436647,1.49436647,1.49436647,1.49436647,,,
05/01/1975,1.504086838,1.504086838,1.504086838,1.504086838,1.504086838,1.504086838,,,
06/01/1975,1.512327476,1.512327476,1.512327476,1.512327476,1.512327476,1.512327476,,,
07/01/1975,1.519718866,1.519718866,1.519718866,1.519718866,1.519718866,1.519718866,,,
08/01/1975,1.527206472,1.527206472,1.527206472,1.527206472,1.527206472,1.527206472,,,
09/01/1975,1.533176487,1.533176487,1.533176487,1.533176487,1.533176487,1.533176487,,,
10/01/1975,1.540393266,1.540393266,1.540393266,1.540393266,1.540393266,1.540393266,,,
11/01/1975,1.546467715,1.546467715,1.546467715,1.546467715,1.546467715,1.546467715,,,
12/01/1975,1.555315821,1.555315821,1.555315821,1.555315821,1.555315821,1.555315821,,,
01/01/1976,1.55966209,1.55966209,1.55966209,1.55966209,1.55966209,1.55966209,,,
02/01/1976,1.563039076,1.563039076,1.563039076,1.563039076,1.563039076,1.563039076,,,
03/01/1976,1.563649221,1.563649221,1.563649221,1.563649221,1.563649221,1.563649221,,,
04/01/1976,1.566979329,1.566979329,1.566979329,1.566979329,1.566979329,1.566979329,,,
05/01/1976,1.574512931,1.574512931,1.574512931,1.574512931,1.574512931,1.574512931,,,
06/01/1976,1.582748599,1.582748599,1.582748599,1.582748599,1.582748599,1.582748599,,,
07/01/1976,1.592835341,1.592835341,1.592835341,1.592835341,1.592835341,1.592835341,,,
08/01/1976,1.606749924,1.606749924,1.606749924,1.606749924,1.606749924,1.606749924,,,
09/01/1976,1.626954261,1.626954261,1.626954261,1.626954261,1.626954261,1.626954261,,,
10/01/1976,1.648527987,1.648527987,1.648527987,1.648527987,1.648527987,1.648527987,,,
11/01/1976,1.672187799,1.672187799,1.672187799,1.672187799,1.672187799,1.672187799,,,
12/01/1976,1.702047764,1.702047764,1.702047764,1.702047764,1.702047764,1.702047764,,,
01/01/1977,1.729584625,1.729584625,1.729584625,1.729584625,1.729584625,1.729584625,,,
02/01/1977,1.748382493,1.748382493,1.748382493,1.748382493,1.748382493,1.748382493,,,
03/01/1977,1.763011938,1.763011938,1.763011938,1.763011938,1.763011938,1.763011938,,,
04/01/1977,1.777948859,1.777948859,1.777948859,1.777948859,1.777948859,1.777948859,,,
05/01/1977,1.797747919,1.797747919,1.797747919,1.797747919,1.797747919,1.797747919,,,
06/01/1977,1.823085612,1.823085612,1.823085612,1.823085612,1.823085612,1.823085612,,,
07/01/1977,1.850420194,1.850420194,1.850420194,1.850420194,1.850420194,1.850420194,,,
08/01/1977,1.876744991,1.876744991,1.876744991,1.876744991,1.876744991,1.876744991,,,
09/01/1977,1.905332267,1.905332267,1.905332267,1.905332267,1.905332267,1.905332267,,,
10/01/1977,1.930213113,1.930213113,1.930213113,1.930213113,1.930213113,1.930213113,,,
11/01/1977,1.95875052,1.95875052,1.95875052,1.95875052,1.95875052,1.95875052,,,
12/01/1977,1.982167254,1.982167254,1.982167254,1.982167254,1.982167254,1.982167254,,,
01/01/1978,2.007890285,2.007890285,2.007890285,2.007890285,2.007890285,2.007890285,,,
02/01/1978,2.014286008,2.014286008,2.014286008,2.014286008,2.014286008,2.014286008,,,
03/01/1978,2.01770754,2.01770754,2.01770754,2.01770754,2.01770754,2.01770754,,,
04/01/1978,2.023637562,2.023637562,2.023637562,2.023637562,2.023637562,2.023637562,,,
05/01/1978,2.031725531,2.031725531,2.031725531,2.031725531,2.031725531,2.031725531,,,
06/01/1978,2.042632297,2.042632297,2.042632297,2.042632297,2.042632297,2.042632297,,,
07/01/1978,2.054087118,2.054087118,2.054087118,2.054087118,2.054087118,2.054087118,,,
08/01/1978,2.066418033,2.066418033,2.066418033,2.066418033,2.066418033,2.066418033,,,
09/01/1978,2.078253431,2.078253431,2.078253431,2.078253431,2.078253431,2.078253431,,,
10/01/1978,2.095709114,2.095709114,2.095709114,2.095709114,2.095709114,2.095709114,,,
11/01/1978,2.119409681,2.119409681,2.119409681,2.119409681,2.119409681,2.119409681,,,
12/01/1978,2.134035781,2.134035781,2.134035781,2.134035781,2.134035781,2.134035781,,,
01/01/1979,2.133701217,2.133701217,2.133701217,2.133701217,2.133701217,2.133701217,,,
02/01/1979,2.132614328,2.132614328,2.132614328,2.132614328,2.132614328,2.132614328,,,
03/01/1979,2.126698668,2.126698668,2.126698668,2.126698668,2.126698668,2.126698668,,,
04/01/1979,2.132555889,2.132555889,2.132555889,2.132555889,2.132555889,2.132555889,,,
05/01/1979,2.139886683,2.139886683,2.139886683,2.139886683,2.139886683,2.139886683,,,
06/01/1979,2.145385677,2.145385677,2.145385677,2.145385677,2.145385677,2.145385677,,,
07/01/1979,2.154428325,2.154428325,2.154428325,2.154428325,2.154428325,2.154428325,,,
08/01/1979,2.165238842,2.165238842,2.165238842,2.165238842,2.165238842,2.165238842,,,
09/01/1979,2.177667277,2.177667277,2.177667277,2.177667277,2.177667277,2.177667277,,,
10/01/1979,2.19317996,2.19317996,2.19317996,2.19317996,2.19317996,2.19317996,,,
11/01/1979,2.207372709,2.207372709,2.207372709,2.207372709,2.207372709,2.207372709,,,
12/01/1979,2.21259621,2.21259621,2.21259621,2.21259621,2.21259621,2.21259621,,,
01/01/1980,2.214322571,2.214322571,2.214322571,2.214322571,2.214322571,2.214322571,,,
02/01/1980,2.210365068,2.210365068,2.210365068,2.210365068,2.210365068,2.210365068,,,
03/01/1980,2.206099994,2.206099994,2.206099994,2.206099994,2.206099994,2.206099994,,,
04/01/1980,2.210231587,2.210231587,2.210231587,2.210231587,2.210231587,2.210231587,,,
05/01/1980,2.213116601,2.213116601,2.213116601,2.213116601,2.213116601,2.213116601,,,
06/01/1980,2.218882563,2.218882563,2.218882563,2.218882563,2.218882563,2.218882563,,,
07/01/1980,2.22337425,2.22337425,2.22337425,2.22337425,2.22337425,2.22337425,,,
08/01/1980,2.229082522,2.229082522,2.229082522,2.229082522,2.229082522,2.229082522,,,
09/01/1980,2.235802011,2.235802011,2.235802011,2.235802011,2.235802011,2.235802011,,,
10/01/1980,2.239862272,2.239862272,2.239862272,2.239862272,2.239862272,2.239862272,,,
11/01/1980,2.24699484,2.24699484,2.24699484,2.24699484,2.24699484,2.24699484,,,
12/01/1980,2.253261737,2.253261737,2.253261737,2.253261737,2.253261737,2.253261737,,,
01/01/1981,2.260078488,2.260078488,2.260078488,2.260078488,2.260078488,2.260078488,,,
02/01/1981,2.26346041,2.26346041,2.26346041,2.26346041,2.26346041,2.26346041,,,
03/01/1981,2.264955041,2.264955041,2.264955041,2.264955041,2.264955041,2.264955041,,,
04/01/1981,2.269513445,2.269513445,2.269513445,2.269513445,2.269513445,2.269513445,,,
05/01/1981,2.275614327,2.275614327,2.275614327,2.275614327,2.275614327,2.275614327,,,
06/01/1981,2.2872127,2.2872127,2.2872127,2.2872127,2.2872127,2.2872127,,,
07/01/1981,2.298939574,2.298939574,2.298939574,2.298939574,2.298939574,2.298939574,,,
08/01/1981,2.313542291,2.313542291,2.313542291,2.313542291,2.313542291,2.313542291,,,
09/01/1981,2.33312155,2.33312155,2.33312155,2.33312155,2.33312155,2.33312155,,,
10/01/1981,2.361069098,2.361069098,2.361069098,2.361069098,2.361069098,2.361069098,,,
11/01/1981,2.393741103,2.393741103,2.393741103,2.393741103,2.393741103,2.393741103,,,
12/01/1981,2.41856868,2.41856868,2.41856868,2.41856868,2.41856868,2.41856868,,,
01/01/1982,2.42701591,2.42701591,2.42701591,2.42701591,2.42701591,2.42701591,,,
02/01/1982,2.430731924,2.430731924,2.430731924,2.430731924,2.430731924,2.430731924,,,
03/01/1982,2.427684475,2.427684475,2.427684475,2.427684475,2.427684475,2.427684475,,,
04/01/1982,2.42786683,2.42786683,2.42786683,2.42786683,2.42786683,2.42786683,,,
05/01/1982,2.429302749,2.429302749,2.429302749,2.429302749,2.429302749,2.429302749,,,
06/01/1982,2.431429034,2.431429034,2.431429034,2.431429034,2.431429034,2.431429034,,,
07/01/1982,2.434516339,2.434516339,2.434516339,2.434516339,2.434516339,2.434516339,,,
08/01/1982,2.436023556,2.436023556,2.436023556,2.436023556,2.436023556,2.436023556,,,
09/01/1982,2.440879364,2.440879364,2.440879364,2.440879364,2.440879364,2.440879364,,,
10/01/1982,2.442934635,2.442934635,2.442934635,2.442934635,2.442934635,2.442934635,,,
11/01/1982,2.443693211,2.443693211,2.443693211,2.443693211,2.443693211,2.443693211,,,
12/01/1982,2.44245427,2.44245427,2.44245427,2.44245427,2.44245427,2.44245427,,,
01/01/1983,2.440702792,2.440702792,2.440702792,2.440702792,2.440702792,2.440702792,,,
02/01/1983,2.436808546,2.436808546,2.436808546,2.436808546,2.436808546,2.436808546,,,
03/01/1983,2.431649305,2.431649305,2.431649305,2.431649305,2.431649305,2.431649305,,,
04/01/1983,2.430341436,2.430341436,2.430341436,2.430341436,2.430341436,2.430341436,,,
05/01/1983,2.431316536,2.431316536,2.431316536,2.431316536,2.431316536,2.431316536,,,
06/01/1983,2.431530711,2.431530711,2.431530711,2.431530711,2.431530711,2.431530711,,,
07/01/1983,2.429929772,2.429929772,2.429929772,2.429929772,2.429929772,2.429929772,,,
08/01/1983,2.430065103,2.430065103,2.430065103,2.430065103,2.430065103,2.430065103,,,
09/01/1983,2.427901755,2.427901755,2.427901755,2.427901755,2.427901755,2.427901755,,,
10/01/1983,2.430035426,2.430035426,2.430035426,2.430035426,2.430035426,2.430035426,,,
11/01/1983,2.429661437,2.429661437,2.429661437,2.429661437,2.429661437,2.429661437,,,
12/01/1983,2.426032621,2.426032621,2.426032621,2.426032621,2.426032621,2.426032621,,,
01/01/1984,2.432239665,2.432239665,2.432239665,2.432239665,2.432239665,2.432239665,,,
02/01/1984,2.438202363,2.438202363,2.438202363,2.438202363,2.438202363,2.438202363,,,
03/01/1984,2.445045285,2.445045285,2.445045285,2.445045285,2.445045285,2.445045285,,,
04/01/1984,2.443720026,2.443720026,2.443720026,2.443720026,2.443720026,2.443720026,,,
05/01/1984,2.444683261,2.444683261,2.444683261,2.444683261,2.444683261,2.444683261,,,
06/01/1984,2.441927967,2.441927967,2.441927967,2.441927967,2.441927967,2.441927967,,,
07/01/1984,2.439168282,2.439168282,2.439168282,2.439168282,2.439168282,2.439168282,,,
08/01/1984,2.434171318,2.434171318,2.434171318,2.434171318,2.434171318,2.434171318,,,
09/01/1984,2.426590796,2.426590796,2.426590796,2.426590796,2.426590796,2.426590796,,,
10/01/1984,2.422507732,2.422507732,2.422507732,2.422507732,2.422507732,2.422507732,,,
11/01/1984,2.42030652,2.42030652,2.42030652,2.42030652,2.42030652,2.42030652,,,
12/01/1984,2.413578612,2.413578612,2.413578612,2.413578612,2.413578612,2.413578612,,,
01/01/1985,2.409633367,2.409633367,2.409633367,2.409633367,2.409633367,2.409633367,,,
02/01/1985,2.410463525,2.410463525,2.410463525,2.410463525,2.410463525,2.410463525,,,
03/01/1985,2.413165756,2.413165756,2.413165756,2.413165756,2.413165756,2.413165756,,,
04/01/1985,2.41912607,2.41912607,2.41912607,2.41912607,2.41912607,2.41912607,,,
05/01/1985,2.425184175,2.425184175,2.425184175,2.425184175,2.425184175,2.425184175,,,
06/01/1985,2.430470658,2.430470658,2.430470658,2.430470658,2.430470658,2.430470658,,,
07/01/1985,2.434281469,2.434281469,2.434281469,2.434281469,2.434281469,2.434281469,,,
08/01/1985,2.444315543,2.444315543,2.444315543,2.444315543,2.444315543,2.444315543,,,
09/01/1985,2.453801595,2.453801595,2.453801595,2.453801595,2.453801595,2.453801595,,,
10/01/1985,2.461728089,2.461728089,2.461728089,2.461728089,2.461728089,2.461728089,,,
11/01/1985,2.471748765,2.471748765,2.471748765,2.471748765,2.471748765,2.471748765,,,
12/01/1985,2.481044234,2.481044234,2.481044234,2.481044234,2.481044234,2.481044234,,,
01/01/1986,2.478458549,2.478458549,2.478458549,2.478458549,2.478458549,2.478458549,,,
02/01/1986,2.465638365,2.465638365,2.465638365,2.465638365,2.465638365,2.465638365,,,
03/01/1986,2.452538609,2.452538609,2.452538609,2.452538609,2.452538609,2.452538609,,,
04/01/1986,2.446766315,2.446766315,2.446766315,2.446766315,2.446766315,2.446766315,,,
05/01/1986,2.452398619,2.452398619,2.452398619,2.452398619,2.452398619,2.452398619,,,
06/01/1986,2.457803968,2.457803968,2.457803968,2.457803968,2.457803968,2.457803968,,,
07/01/1986,2.46605688,2.46605688,2.46605688,2.46605688,2.46605688,2.46605688,,,
08/01/1986,2.469721717,2.469721717,2.469721717,2.469721717,2.469721717,2.469721717,,,
09/01/1986,2.477264794,2.477264794,2.477264794,2.477264794,2.477264794,2.477264794,,,
10/01/1986,2.484831624,2.484831624,2.484831624,2.484831624,2.484831624,2.484831624,,,
11/01/1986,2.492749151,2.492749151,2.492749151,2.492749151,2.492749151,2.492749151,,,
12/01/1986,2.494156277,2.494156277,2.494156277,2.494156277,2.494156277,2.494156277,,,
01/01/1987,2.487397614,2.487397614,2.487397614,2.487397614,2.487397614,2.487397614,,,
02/01/1987,2.478371208,2.478371208,2.478371208,2.478371208,2.478371208,2.478371208,,,
03/01/1987,2.466975765,2.466975765,2.466975765,2.466975765,2.466975765,2.466975765,,,
04/01/1987,2.459672511,2.459672511,2.459672511,2.459672511,2.459672511,2.459672511,,,
05/01/1987,2.459193348,2.459193348,2.459193348,2.459193348,2.459193348,2.459193348,,,
06/01/1987,2.461166674,2.461166674,2.461166674,2.461166674,2.461166674,2.461166674,,,
07/01/1987,2.465384137,2.465384137,2.465384137,2.465384137,2.465384137,2.465384137,,,
08/01/1987,2.467898784,2.467898784,2.467898784,2.467898784,2.467898784,2.467898784,,,
09/01/1987,2.475133321,2.475133321,2.475133321,2.475133321,2.475133321,2.475133321,,,
10/01/1987,2.479920455,2.479920455,2.479920455,2.479920455,2.479920455,2.479920455,,,
11/01/1987,2.48387276,2.48387276,2.48387276,2.48387276,2.48387276,2.48387276,,,
12/01/1987,2.486546427,2.486546427,2.486546427,2.486546427,2.486546427,2.486546427,,,
01/01/1988,2.483181956,2.483181956,2.483181956,2.483181956,2.483181956,2.483181956,,,
02/01/1988,2.47891588,2.47891588,2.47891588,2.47891588,2.47891588,2.47891588,,,
03/01/1988,2.475905899,2.475905899,2.475905899,2.475905899,2.475905899,2.475905899,,,
04/01/1988,2.473364206,2.473364206,2.473364206,2.473364206,2.473364206,2.473364206,,,
05/01/1988,2.472847576,2.472847576,2.472847576,2.472847576,2.472847576,2.472847576,,,
06/01/1988,2.474170271,2.474170271,2.474170271,2.474170271,2.474170271,2.474170271,,,
07/01/1988,2.474572722,2.474572722,2.474572722,2.474572722,2.474572722,2.474572722,,,
08/01/1988,2.476707365,2.476707365,2.476707365,2.476707365,2.476707365,2.476707365,,,
09/01/1988,2.479456653,2.479456653,2.479456653,2.479456653,2.479456653,2.479456653,,,
10/01/1988,2.484299342,2.484299342,2.484299342,2.484299342,2.484299342,2.484299342,,,
11/01/1988,2.486979369,2.486979369,2.486979369,2.486979369,2.486979369,2.486979369,,,
12/01/1988,2.490087648,2.490087648,2.490087648,2.490087648,2.490087648,2.490087648,,,
01/01/1989,2.492520915,2.492520915,2.492520915,2.492520915,2.492520915,2.492520915,,,
02/01/1989,2.497392322,2.497392322,2.497392322,2.497392322,2.497392322,2.497392322,,,
03/01/1989,2.501425056,2.501425056,2.501425056,2.501425056,2.501425056,2.501425056,,,
04/01/1989,2.505804397,2.505804397,2.505804397,2.505804397,2.505804397,2.505804397,,,
05/01/1989,2.513040367,2.513040367,2.513040367,2.513040367,2.513040367,2.513040367,,,
06/01/1989,2.520725429,2.520725429,2.520725429,2.520725429,2.520725429,2.520725429,,,
07/01/1989,2.52805259,2.52805259,2.52805259,2.52805259,2.52805259,2.52805259,,,
08/01/1989,2.537226694,2.537226694,2.537226694,2.537226694,2.537226694,2.537226694,,,
09/01/1989,2.547173327,2.547173327,2.547173327,2.547173327,2.547173327,2.547173327,,,
10/01/1989,2.558520007,2.558520007,2.558520007,2.558520007,2.558520007,2.558520007,,,
11/01/1989,2.569736779,2.569736779,2.569736779,2.569736779,2.569736779,2.569736779,,,
12/01/1989,2.575127272,2.575127272,2.575127272,2.575127272,2.575127272,2.575127272,,,
01/01/1990,2.576429459,2.576429459,2.576429459,2.576429459,2.576429459,2.576429459,,,
02/01/1990,2.576966297,2.576966297,2.576966297,2.576966297,2.576966297,2.576966297,,,
03/01/1990,2.573591936,2.573591936,2.573591936,2.573591936,2.573591936,2.573591936,,,
04/01/1990,2.573545183,2.573545183,2.573545183,2.573545183,2.573545183,2.573545183,,,
05/01/1990,2.579658843,2.579658843,2.579658843,2.579658843,2.579658843,2.579658843,,,
06/01/1990,2.585112587,2.585112587,2.585112587,2.585112587,2.585112587,2.585112587,,,
07/01/1990,2.591590091,2.591590091,2.591590091,2.591590091,2.591590091,2.591590091,,,
08/01/1990,2.596012866,2.596012866,2.596012866,2.596012866,2.596012866,2.596012866,,,
09/01/1990,2.602779237,2.602779237,2.602779237,2.602779237,2.602779237,2.602779237,,,
10/01/1990,2.610105221,2.610105221,2.610105221,2.610105221,2.610105221,2.610105221,,,
11/01/1990,2.619292882,2.619292882,2.619292882,2.619292882,2.619292882,2.619292882,,,
12/01/1990,2.626848757,2.626848757,2.626848757,2.626848757,2.626848757,2.626848757,,,
01/01/1991,2.633801384,2.633801384,2.633801384,2.633801384,2.633801384,2.633801384,,,
02/01/1991,2.636311588,2.636311588,2.636311588,2.636311588,2.636311588,2.636311588,,,
03/01/1991,2.63416085,2.63416085,2.63416085,2.63416085,2.63416085,2.63416085,,,
04/01/1991,2.637533303,2.637533303,2.637533303,2.637533303,2.637533303,2.637533303,,,
05/01/1991,2.654727028,2.654727028,2.654727028,2.654727028,2.654727028,2.654727028,,,
06/01/1991,2.674735775,2.674735775,2.674735775,2.674735775,2.674735775,2.674735775,,,
07/01/1991,2.695960579,2.695960579,2.695960579,2.695960579,2.695960579,2.695960579,,,
08/01/1991,2.717430244,2.717430244,2.717430244,2.717430244,2.717430244,2.717430244,,,
09/01/1991,2.738017338,2.738017338,2.738017338,2.738017338,2.738017338,2.738017338,,,
10/01/1991,2.762355333,2.762355333,2.762355333,2.762355333,2.762355333,2.762355333,,,
11/01/1991,2.888333894,2.888333894,2.888333894,2.888333894,2.888333894,2.888333894,,,
12/01/1991,2.929600636,2.929600636,2.929600636,2.929600636,2.929600636,2.929600636,,,
01/01/1992,2.944749251,2.944749251,2.944749251,2.944749251,2.944749251,2.944749251,,,
02/01/1992,2.962479376,2.962479376,2.962479376,2.962479376,2.962479376,2.962479376,,,
03/01/1992,2.975315825,2.975315825,2.975315825,2.975315825,2.975315825,2.975315825,,,
04/01/1992,2.977563047,2.977563047,2.977563047,2.977563047,2.977563047,2.977563047,,,
05/01/1992,2.975918825,2.975918825,2.975918825,2.975918825,2.975918825,2.975918825,,,
06/01/1992,2.980433354,2.980433354,2.980433354,2.980433354,2.980433354,2.980433354,,,
07/01/1992,2.985199924,2.985199924,2.985199924,2.985199924,2.985199924,2.985199924,,,
08/01/1992,2.991160872,2.991160872,2.991160872,2.991160872,2.991160872,2.991160872,,,
09/01/1992,2.996577545,2.996577545,2.996577545,2.996577545,2.996577545,2.996577545,,,
10/01/1992,2.999975444,2.999975444,2.999975444,2.999975444,2.999975444,2.999975444,,,
11/01/1992,3.002803645,3.002803645,3.002803645,3.002803645,3.002803645,3.002803645,,,
12/01/1992,3.003261665,3.003261665,3.003261665,3.003261665,3.003261665,3.003261665,,,
01/01/1993,3.003483919,3.003483919,3.003483919,3.003483919,3.003483919,3.003483919,,,
02/01/1993,3.003936346,3.003936346,3.003936346,3.003936346,3.003936346,3.003936346,,,
03/01/1993,3.003548759,3.003548759,3.003548759,3.003548759,3.003548759,3.003548759,,,
04/01/1993,3.013210976,3.013210976,3.013210976,3.013210976,3.013210976,3.013210976,,,
05/01/1993,3.026966975,3.026966975,3.026966975,3.026966975,3.026966975,3.026966975,,,
06/01/1993,3.042108086,3.042108086,3.042108086,3.042108086,3.042108086,3.042108086,,,
07/01/1993,3.056215121,3.056215121,3.056215121,3.056215121,3.056215121,3.056215121,,,
08/01/1993,3.07278908,3.07278908,3.07278908,3.07278908,3.07278908,3.07278908,,,
09/01/1993,3.09015878,3.09015878,3.09015878,3.09015878,3.09015878,3.09015878,,,
10/01/1993,3.110541962,3.110541962,3.110541962,3.110541962,3.110541962,3.110541962,,,
11/01/1993,3.132144219,3.132144219,3.132144219,3.132144219,3.132144219,3.132144219,,,
12/01/1993,3.158247081,3.158247081,3.158247081,3.158247081,3.158247081,3.158247081,,,
01/01/1994,3.171787992,3.171787992,3.171787992,3.171787992,3.171787992,3.171787992,,,
02/01/1994,3.18073751,3.18073751,3.18073751,3.18073751,3.18073751,3.18073751,,,
03/01/1994,3.186076748,3.186076748,3.186076748,3.186076748,3.186076748,3.186076748,,,
04/01/1994,3.195674759,3.195674759,3.195674759,3.195674759,3.195674759,3.195674759,,,
05/01/1994,3.207807297,3.207807297,3.207807297,3.207807297,3.207807297,3.207807297,,,
06/01/1994,3.220390184,3.220390184,3.220390184,3.220390184,3.220390184,3.220390184,,,
07/01/1994,3.236265247,3.236265247,3.236265247,3.236265247,3.236265247,3.236265247,,,
08/01/1994,3.256713189,3.256713189,3.256713189,3.256713189,3.256713189,3.256713189,,,
09/01/1994,3.279885814,3.279885814,3.279885814,3.279885814,3.279885814,3.279885814,,,
10/01/1994,3.305626682,3.305626682,3.305626682,3.305626682,3.305626682,3.305626682,,,
11/01/1994,3.330874128,3.330874128,3.330874128,3.330874128,3.330874128,3.330874128,,,
12/01/1994,3.35606354,3.35606354,3.35606354,3.35606354,3.35606354,3.35606354,,,
01/01/1995,3.369042187,3.369042187,3.369042187,3.369042187,3.369042187,3.369042187,,,
02/01/1995,3.375914212,3.375914212,3.375914212,3.375914212,3.375914212,3.375914212,,,
03/01/1995,3.377612611,3.377612611,3.377612611,3.377612611,3.377612611,3.377612611,,,
04/01/1995,3.383794977,3.383794977,3.383794977,3.383794977,3.383794977,3.383794977,,,
05/01/1995,3.394374312,3.394374312,3.394374312,3.394374312,3.394374312,3.394374312,,,
06/01/1995,3.406255087,3.406255087,3.406255087,3.406255087,3.406255087,3.406255087,,,
07/01/1995,3.419008218,3.419008218,3.419008218,3.419008218,3.419008218,3.419008218,,,
08/01/1995,3.430175962,3.430175962,3.430175962,3.430175962,3.430175962,3.430175962,,,
09/01/1995,3.444539866,3.444539866,3.444539866,3.444539866,3.444539866,3.444539866,,,
10/01/1995,3.453699695,3.453699695,3.453699695,3.453699695,3.453699695,3.453699695,,,
11/01/1995,3.468105467,3.468105467,3.468105467,3.468105467,3.468105467,3.468105467,,,
12/01/1995,3.478636283,3.478636283,3.478636283,3.478636283,3.478636283,3.478636283,,,
01/01/1996,3.491050694,3.491050694,3.491050694,3.491050694,3.491050694,3.491050694,,,
02/01/1996,3.505720382,3.505720382,3.505720382,3.505720382,3.505720382,3.505720382,,,
03/01/1996,3.51718393,3.51718393,3.51718393,3.51718393,3.51718393,3.51718393,,,
04/01/1996,3.52745273,3.52745273,3.52745273,3.52745273,3.52745273,3.52745273,,,
05/01/1996,3.536079247,3.536079247,3.536079247,3.536079247,3.536079247,3.536079247,,,
06/01/1996,3.544801316,3.544801316,3.544801316,3.544801316,3.544801316,3.544801316,,,
07/01/1996,3.551759294,3.551759294,3.551759294,3.551759294,3.551759294,3.551759294,,,
08/01/1996,3.557658915,3.557658915,3.557658915,3.557658915,3.557658915,3.557658915,,,
09/01/1996,3.561765141,3.561765141,3.561765141,3.561765141,3.561765141,3.561765141,,,
10/01/1996,3.567587846,3.567587846,3.567587846,3.567587846,3.567587846,3.567587846,,,
11/01/1996,3.575023178,3.575023178,3.575023178,3.575023178,3.575023178,3.575023178,,,
12/01/1996,3.580805968,3.580805968,3.580805968,3.580805968,3.580805968,3.580805968,,,
01/01/1997,3.588211359,3.588211359,3.588211359,3.588211359,3.588211359,3.588211359,,,
02/01/1997,3.590830006,3.590830006,3.590830006,3.590830006,3.590830006,3.590830006,,,
03/01/1997,3.59282842,3.59282842,3.59282842,3.59282842,3.59282842,3.59282842,,,
04/01/1997,3.597878698,3.597878698,3.597878698,3.597878698,3.597878698,3.597878698,,,
05/01/1997,3.602327945,3.602327945,3.602327945,3.602327945,3.602327945,3.602327945,,,
06/01/1997,3.604988932,3.604988932,3.604988932,3.604988932,3.604988932,3.604988932,,,
07/01/1997,3.606416204,3.606416204,3.606416204,3.606416204,3.606416204,3.606416204,,,
08/01/1997,3.609943755,3.609943755,3.609943755,3.609943755,3.609943755,3.609943755,,,
09/01/1997,3.613890515,3.613890515,3.613890515,3.613890515,3.613890515,3.613890515,,,
10/01/1997,3.616938537,3.616938537,3.616938537,3.616938537,3.616938537,3.616938537,,,
11/01/1997,3.621119465,3.621119465,3.621119465,3.621119465,3.621119465,3.621119465,,,
12/01/1997,3.629282605,3.629282605,3.629282605,3.629282605,3.629282605,3.629282605,,,
01/01/1998,3.650350407,3.650350407,3.650350407,3.650350407,3.650350407,3.650350407,,,
02/01/1998,3.672573508,3.672573508,3.672573508,3.672573508,3.672573508,3.672573508,,,
03/01/1998,3.69368934,3.69368934,3.69368934,3.69368934,3.69368934,3.69368934,,,
04/01/1998,3.756089138,3.756089138,3.756089138,3.756089138,3.756089138,3.756089138,,,
05/01/1998,3.960209703,3.960209703,3.960209703,3.960209703,3.960209703,3.960209703,,,
06/01/1998,4.159638103,4.159638103,4.159638103,4.159638103,4.159638103,4.159638103,,,
07/01/1998,4.164001461,4.164001461,4.164001461,4.164001461,4.164001461,4.164001461,,,
08/01/1998,4.168456848,4.168456848,4.168456848,4.168456848,4.168456848,4.168456848,,,
09/01/1998,4.174431126,4.174431126,4.174431126,4.174431126,4.174431126,4.174431126,,,
10/01/1998,4.18081391,4.18081391,4.18081391,4.18081391,4.18081391,4.18081391,,,
11/01/1998,4.185693357,4.185693357,4.185693357,4.185693357,4.185693357,4.185693357,,,
12/01/1998,4.191425143,4.191425143,4.191425143,4.191425143,4.191425143,4.191425143,,,
01/01/1999,4.202900906,4.202900906,4.202900906,4.202900906,4.202900906,4.202900906,,,
02/01/1999,4.226506668,4.226506668,4.226506668,4.226506668,4.226506668,4.226506668,,,
03/01/1999,4.194814481,4.194814481,4.194814481,4.194814481,4.194814481,4.194814481,,,
04/01/1999,4.178247985,4.178247985,4.178247985,4.178247985,4.178247985,4.178247985,,,
05/01/1999,4.192004611,4.192004611,4.192004611,4.192004611,4.192004611,4.192004611,,,
06/01/1999,4.205505821,4.205505821,4.205505821,4.205505821,4.205505821,4.205505821,,,
07/01/1999,4.219089431,4.219089431,4.219089431,4.219089431,4.219089431,4.219089431,,,
08/01/1999,4.230448726,4.230448726,4.230448726,4.230448726,4.230448726,4.230448726,,,
09/01/1999,4.240009266,4.240009266,4.240009266,4.240009266,4.240009266,4.240009266,,,
10/01/1999,4.247043525,4.247043525,4.247043525,4.247043525,4.247043525,4.247043525,,,
11/01/1999,4.254790585,4.254790585,4.254790585,4.254790585,4.254790585,4.254790585,,,
12/01/1999,4.260733477,4.260733477,4.260733477,4.260733477,4.260733477,4.260733477,,,
01/01/2000,4.255787386,4.255787386,4.255787386,4.255787386,4.255787386,4.255787386,,,
02/01/2000,4.246621227,4.246621227,4.246621227,4.246621227,4.246621227,4.246621227,,,
03/01/2000,4.236490963,4.236490963,4.236490963,4.236490963,4.236490963,4.236490963,,,
04/01/2000,4.234997051,4.234997051,4.234997051,4.234997051,4.234997051,4.234997051,,,
05/01/2000,4.238585087,4.238585087,4.238585087,4.238585087,4.238585087,4.238585087,,,
06/01/2000,4.241287643,4.241287643,4.241287643,4.241287643,4.241287643,4.241287643,,,
07/01/2000,4.241363659,4.241363659,4.241363659,4.241363659,4.241363659,4.241363659,,,
08/01/2000,4.245912611,4.245912611,4.245912611,4.245912611,4.245912611,4.245912611,,,
09/01/2000,4.248979639,4.248979639,4.248979639,4.248979639,4.248979639,4.248979639,,,
10/01/2000,4.251525799,4.251525799,4.251525799,4.251525799,4.251525799,4.251525799,,,
11/01/2000,4.255811446,4.255811446,4.255811446,4.255811446,4.255811446,4.255811446,,,
12/01/2000,4.259334132,4.259334132,4.259334132,4.259334132,4.259334132,4.259334132,,,
01/01/2001,4.264391263,4.264391263,4.264391263,4.264391263,4.264391263,4.264391263,,,
02/01/2001,4.270379866,4.270379866,4.270379866,4.270379866,4.270379866,4.270379866,,,
03/01/2001,4.275568393,4.275568393,4.275568393,4.275568393,4.275568393,4.275568393,,,
04/01/2001,4.279100721,4.279100721,4.279100721,4.279100721,4.279100721,4.279100721,,,
05/01/2001,4.282684078,4.282684078,4.282684078,4.282684078,4.282684078,4.282684078,,,
06/01/2001,4.287425472,4.287425472,4.287425472,4.287425472,4.287425472,4.287425472,,,
07/01/2001,4.291566483,4.291566483,4.291566483,4.291566483,4.291566483,4.291566483,,,
08/01/2001,4.295966811,4.295966811,4.295966811,4.295966811,4.295966811,4.295966811,,,
09/01/2001,4.299784469,4.299784469,4.299784469,4.299784469,4.299784469,4.299784469,,,
10/01/2001,4.303334793,4.303334793,4.303334793,4.303334793,4.303334793,4.303334793,,,
11/01/2001,4.307689153,4.307689153,4.307689153,4.307689153,4.307689153,4.307689153,,,
12/01/2001,4.311276182,4.311276182,4.311276182,4.311276182,4.311276182,4.311276182,,,
01/01/2002,4.315453927,4.315453927,4.315453927,4.315453927,4.315453927,4.315453927,,,
02/01/2002,4.320809522,4.320809522,4.320809522,4.320809522,4.320809522,4.320809522,,,
03/01/2002,4.322945234,4.322945234,4.322945234,4.322945234,4.322945234,4.322945234,,,
04/01/2002,4.328675636,4.328675636,4.328675636,4.328675636,4.328675636,4.328675636,,,
05/01/2002,4.333008273,4.333008273,4.333008273,4.333008273,4.333008273,4.333008273,,,
06/01/2002,4.338672966,4.338672966,4.338672966,4.338672966,4.338672966,4.338672966,,,
07/01/2002,4.342905183,4.342905183,4.342905183,4.342905183,4.342905183,4.342905183,,,
08/01/2002,4.349015873,4.349015873,4.349015873,4.349015873,4.349015873,4.349015873,,,
09/01/2002,4.354695694,4.354695694,4.354695694,4.354695694,4.354695694,4.354695694,,,
10/01/2002,4.35986161,4.35986161,4.35986161,4.35986161,4.35986161,4.35986161,,,
11/01/2002,4.364672767,4.364672767,4.364672767,4.364672767,4.364672767,4.364672767,,,
12/01/2002,4.369451002,4.369451002,4.369451002,4.369451002,4.369451002,4.369451002,,,
01/01/2003,4.374782721,4.374782721,4.374782721,4.374782721,4.374782721,4.374782721,,,
02/01/2003,4.379306876,4.379306876,4.379306876,4.379306876,4.379306876,4.379306876,,,
03/01/2003,4.383217758,4.383217758,4.383217758,4.383217758,4.383217758,4.383217758,,,
04/01/2003,4.393118379,4.393118379,4.393118379,4.393118379,4.393118379,4.393118379,,,
05/01/2003,4.405444317,4.405444317,4.405444317,4.405444317,4.405444317,4.405444317,,,
06/01/2003,4.418456521,4.418456521,4.418456521,4.418456521,4.418456521,4.418456521,,,
07/01/2003,4.434380129,4.434380129,4.434380129,4.434380129,4.434380129,4.434380129,,,
08/01/2003,4.451392285,4.451392285,4.451392285,4.451392285,4.451392285,4.451392285,,,
09/01/2003,4.470583711,4.470583711,4.470583711,4.470583711,4.470583711,4.470583711,,,
10/01/2003,4.491375584,4.491375584,4.491375584,4.491375584,4.491375584,4.491375584,,,
11/01/2003,4.528263067,4.528263067,4.528263067,4.528263067,4.528263067,4.528263067,,,
12/01/2003,4.539097483,4.539097483,4.539097483,4.539097483,4.539097483,4.539097483,,,
01/01/2004,4.545221993,4.545221993,4.545221993,4.545221993,4.545221993,4.545221993,,,
02/01/2004,4.549228385,4.549228385,4.549228385,4.549228385,4.549228385,4.549228385,,,
03/01/2004,4.553144466,4.553144466,4.553144466,4.553144466,4.553144466,4.553144466,,,
04/01/2004,4.55593051,4.55593051,4.55593051,4.55593051,4.55593051,4.55593051,,,
05/01/2004,4.558298022,4.558298022,4.558298022,4.558298022,4.558298022,4.558298022,,,
06/01/2004,4.562989171,4.562989171,4.562989171,4.562989171,4.562989171,4.562989171,,,
07/01/2004,4.567886252,4.567886252,4.567886252,4.567886252,4.567886252,4.567886252,,,
08/01/2004,4.571847472,4.571847472,4.571847472,4.571847472,4.571847472,4.571847472,,,
09/01/2004,4.576288542,4.576288542,4.576288542,4.576288542,4.576288542,4.576288542,,,
10/01/2004,4.581127444,4.581127444,4.581127444,4.581127444,4.581127444,4.581127444,,,
11/01/2004,4.586307838,4.586307838,4.586307838,4.586307838,4.586307838,4.586307838,,,
12/01/2004,4.588899802,4.588899802,4.588899802,4.588899802,4.588899802,4.588899802,,,
01/01/2005,4.590999132,4.590999132,4.590999132,4.590999132,4.590999132,4.590999132,,,
02/01/2005,4.593519492,4.593519492,4.593519492,4.593519492,4.593519492,4.593519492,,,
03/01/2005,4.596755651,4.596755651,4.596755651,4.596755651,4.596755651,4.596755651,,,
04/01/2005,4.611430303,4.611430303,4.611430303,4.611430303,4.611430303,4.611430303,,,
05/01/2005,4.625823345,4.625823345,4.625823345,4.625823345,4.625823345,4.625823345,,,
06/01/2005,4.638886299,4.638886299,4.638886299,4.638886299,4.638886299,4.638886299,,,
07/01/2005,4.65152226,4.65152226,4.65152226,4.65152226,4.65152226,4.65152226,,,
08/01/2005,4.66549745,4.66549745,4.66549745,4.66549745,4.66549745,4.66549745,,,
09/01/2005,4.677013015,4.677013015,4.677013015,4.677013015,4.677013015,4.677013015,,,
10/01/2005,4.688854728,4.688854728,4.688854728,4.688854728,4.688854728,4.688854728,,,
11/01/2005,4.700524343,4.700524343,4.700524343,4.700524343,4.700524343,4.700524343,,,
12/01/2005,4.714056862,4.714056862,4.714056862,4.714056862,4.714056862,4.714056862,,,
01/01/2006,4.729115725,4.729115725,4.729115725,4.729115725,4.729115725,4.729115725,,,
02/01/2006,4.809808505,4.809808505,4.809808505,4.809808505,4.809808505,4.809808505,,,
03/01/2006,4.88948185,4.88948185,4.88948185,4.88948185,4.88948185,4.88948185,,,
04/01/2006,4.896716397,4.896716397,4.896716397,4.896716397,4.896716397,4.896716397,,,
05/01/2006,4.906157036,4.906157036,4.906157036,4.906157036,4.906157036,4.906157036,,,
06/01/2006,4.932283951,4.932283951,4.932283951,4.932283951,4.932283951,4.932283951,,,
07/01/2006,4.947331908,4.947331908,4.947331908,4.947331908,4.947331908,4.947331908,,,
08/01/2006,4.961495877,4.961495877,4.961495877,4.961495877,4.961495877,4.961495877,,,
09/01/2006,4.977330578,4.977330578,4.977330578,4.977330578,4.977330578,4.977330578,,,
10/01/2006,4.992090045,4.992090045,4.992090045,4.992090045,4.992090045,4.992090045,,,
11/01/2006,5.007780146,5.007780146,5.007780146,5.007780146,5.007780146,5.007780146,,,
12/01/2006,5.02541668,5.02541668,5.02541668,5.02541668,5.02541668,5.02541668,,,
01/01/2007,5.048693751,5.048693751,5.048693751,5.048693751,5.048693751,5.048693751,,,
02/01/2007,5.078842387,5.078842387,5.078842387,5.078842387,5.078842387,5.078842387,,,
03/01/2007,5.109214644,5.109214644,5.109214644,5.109214644,5.109214644,5.109214644,,,
04/01/2007,5.145923508,5.145923508,5.145923508,5.145923508,5.145923508,5.145923508,,,
05/01/2007,5.176656158,5.176656158,5.176656158,5.176656158,5.176656158,5.176656158,,,
06/01/2007,5.202163533,5.202163533,5.202163533,5.202163533,5.202163533,5.202163533,,,
07/01/2007,5.222840691,5.222840691,5.222840691,5.222840691,5.222840691,5.222840691,,,
08/01/2007,5.241004327,5.241004327,5.241004327,5.241004327,5.241004327,5.241004327,,,
09/01/2007,5.256396905,5.256396905,5.256396905,5.256396905,5.256396905,5.256396905,,,
10/01/2007,5.27060504,5.27060504,5.27060504,5.27060504,5.27060504,5.27060504,,,
11/01/2007,5.284987145,5.284987145,5.284987145,5.284987145,5.284987145,5.284987145,,,
12/01/2007,5.296761062,5.296761062,5.296761062,5.296761062,5.296761062,5.296761062,,,
01/01/2008,5.306253613,5.306253613,5.306253613,5.306253613,5.306253613,5.306253613,,,
02/01/2008,5.313750498,5.313750498,5.313750498,5.313750498,5.313750498,5.313750498,,,
03/01/2008,5.319419582,5.319419582,5.319419582,5.319419582,5.319419582,5.319419582,,,
04/01/2008,5.323242135,5.323242135,5.323242135,5.323242135,5.323242135,5.323242135,,,
05/01/2008,5.328754474,5.328754474,5.328754474,5.328754474,5.328754474,5.328754474,,,
06/01/2008,5.335266783,5.335266783,5.335266783,5.335266783,5.335266783,5.335266783,,,
07/01/2008,5.342368629,5.342368629,5.342368629,5.342368629,5.342368629,5.342368629,,,
08/01/2008,5.350687352,5.350687352,5.350687352,5.350687352,5.350687352,5.350687352,,,
09/01/2008,5.359049812,5.359049812,5.359049812,5.359049812,5.359049812,5.359049812,,,
10/01/2008,5.367255197,5.367255197,5.367255197,5.367255197,5.367255197,5.367255197,,,
11/01/2008,5.375917264,5.375917264,5.375917264,5.375917264,5.375917264,5.375917264,,,
12/01/2008,5.384058925,5.384058925,5.384058925,5.384058925,5.384058925,5.384058925,,,
01/01/2009,5.393180007,5.393180007,5.393180007,5.393180007,5.393180007,5.393180007,,,
02/01/2009,5.402578726,5.402578726,5.402578726,5.402578726,5.402578726,5.402578726,,,
03/01/2009,5.411461808,5.411461808,5.411461808,5.411461808,5.411461808,5.411461808,,,
04/01/2009,5.421008481,5.421008481,5.421008481,5.421008481,5.421008481,5.421008481,,,
05/01/2009,5.429206742,5.429206742,5.429206742,5.429206742,5.429206742,5.429206742,,,
06/01/2009,5.437303122,5.437303122,5.437303122,5.437303122,5.437303122,5.437303122,,,
07/01/2009,5.445404289,5.445404289,5.445404289,5.445404289,5.445404289,5.445404289,,,
08/01/2009,5.454384502,5.454384502,5.454384502,5.454384502,5.454384502,5.454384502,,,
09/01/2009,5.462873282,5.462873282,5.462873282,5.462873282,5.462873282,5.462873282,,,
10/01/2009,5.469946648,5.469946648,5.469946648,5.469946648,5.469946648,5.469946648,,,
11/01/2009,5.476818339,5.476818339,5.476818339,5.476818339,5.476818339,5.476818339,,,
12/01/2009,5.48374491,5.48374491,5.48374491,5.48374491,5.48374491,5.48374491,,,
01/01/2010,5.488410203,5.488410203,5.488410203,5.488410203,5.488410203,5.488410203,,,
02/01/2010,5.494384823,5.494384823,5.494384823,5.494384823,5.494384823,5.494384823,,,
03/01/2010,5.499273455,5.499273455,5.499273455,5.499273455,5.499273455,5.499273455,,,
04/01/2010,5.503964565,5.503964565,5.503964565,5.503964565,5.503964565,5.503964565,,,
05/01/2010,5.507917186,5.507917186,5.507917186,5.507917186,5.507917186,5.507917186,,,
06/01/2010,5.513526837,5.513526837,5.513526837,5.513526837,5.513526837,5.513526837,,,
07/01/2010,5.518773005,5.518773005,5.518773005,5.518773005,5.518773005,5.518773005,,,
08/01/2010,5.522626039,5.522626039,5.522626039,5.522626039,5.522626039,5.522626039,,,
09/01/2010,5.526402196,5.526402196,5.526402196,5.526402196,5.526402196,5.526402196,,,
10/01/2010,5.530901927,5.530901927,5.530901927,5.530901927,5.530901927,5.530901927,,,
11/01/2010,5.534650028,5.534650028,5.534650028,5.534650028,5.534650028,5.534650028,,,
12/01/2010,5.538111937,5.538111937,5.538111937,5.538111937,5.538111937,5.538111937,,,
01/01/2011,5.542180407,5.542180407,5.542180407,5.542180407,5.542180407,5.542180407,,,
02/01/2011,5.545739611,5.545739611,5.545739611,5.545739611,5.545739611,5.545739611,,,
03/01/2011,5.547982554,5.547982554,5.547982554,5.547982554,5.547982554,5.547982554,,,
04/01/2011,5.550786931,5.550786931,5.550786931,5.550786931,5.550786931,5.550786931,,,
05/01/2011,5.553921921,5.553921921,5.553921921,5.553921921,5.553921921,5.553921921,,,
06/01/2011,5.561239616,5.561239616,5.561239616,5.561239616,5.561239616,5.561239616,,,
07/01/2011,5.567304082,5.567304082,5.567304082,5.567304082,5.567304082,5.567304082,,,
08/01/2011,5.574491973,5.574491973,5.574491973,5.574491973,5.574491973,5.574491973,,,
09/01/2011,5.580951396,5.580951396,5.580951396,5.580951396,5.580951396,5.580951396,,,
10/01/2011,5.589214083,5.589214083,5.589214083,5.589214083,5.589214083,5.589214083,,,
11/01/2011,5.597247323,5.597247323,5.597247323,5.597247323,5.597247323,5.597247323,,,
12/01/2011,5.604259611,5.604259611,5.604259611,5.604259611,5.604259611,5.604259611,,,
01/01/2012,5.61205231,5.61205231,5.61205231,5.61205231,5.61205231,5.61205231,,,
02/01/2012,5.619115122,5.619115122,5.619115122,5.619115122,5.619115122,5.619115122,,,
03/01/2012,5.628001813,5.628001813,5.628001813,5.628001813,5.628001813,5.628001813,,,
04/01/2012,5.636926909,5.636926909,5.636926909,5.636926909,5.636926909,5.636926909,,,
05/01/2012,5.645429342,5.645429342,5.645429342,5.645429342,5.645429342,5.645429342,,,
06/01/2012,5.654775854,5.654775854,5.654775854,5.654775854,5.654775854,5.654775854,,,
07/01/2012,5.664620476,5.664620476,5.664620476,5.664620476,5.664620476,5.664620476,,,
08/01/2012,5.6750514,5.6750514,5.6750514,5.6750514,5.6750514,5.6750514,,,
09/01/2012,5.684805712,5.684805712,5.684805712,5.684805712,5.684805712,5.684805712,,,
10/01/2012,5.696046637,5.696046637,5.696046637,5.696046637,5.696046637,5.696046637,,,
11/01/2012,5.701526708,5.701526708,5.701526708,5.701526708,5.701526708,5.701526708,,,
12/01/2012,5.707981516,5.707981516,5.707981516,5.707981516,5.707981516,5.707981516,,,
01/01/2013,5.715607364,5.715607364,5.715607364,5.715607364,5.715607364,5.715607364,,,
02/01/2013,5.723098548,5.723098548,5.723098548,5.723098548,5.723098548,5.723098548,,,
03/01/2013,5.729994992,5.729994992,5.729994992,5.729994992,5.729994992,5.729994992,,,
04/01/2013,5.739056599,5.739056599,5.739056599,5.739056599,5.739056599,5.739056599,,,
05/01/2013,5.748334129,5.748334129,5.748334129,5.748334129,5.748334129,5.748334129,,,
06/01/2013,5.759916609,5.759916609,5.759916609,5.759916609,5.759916609,5.759916609,,,
07/01/2013,5.772606827,5.772606827,5.772606827,5.772606827,5.772606827,5.772606827,,,
08/01/2013,5.78700045,5.78700045,5.78700045,5.78700045,5.78700045,5.78700045,,,
09/01/2013,5.801536529,5.801536529,5.801536529,5.801536529,5.801536529,5.801536529,,,
10/01/2013,5.817173038,5.817173038,5.817173038,5.817173038,5.817173038,5.817173038,,,
11/01/2013,5.834721233,5.834721233,5.834721233,5.834721233,5.834721233,5.834721233,,,
12/01/2013,5.854738633,5.854738633,5.854738633,5.854738633,5.854738633,5.854738633,,,
01/01/2014,5.8778517,5.8778517,5.8778517,5.8778517,5.8778517,5.8778517,,,
02/01/2014,5.900554358,5.900554358,5.900554358,5.900554358,5.900554358,5.900554358,,,
03/01/2014,5.923270703,5.923270703,5.923270703,5.923270703,5.923270703,5.923270703,,,
04/01/2014,5.951524341,5.951524341,5.951524341,5.951524341,5.951524341,5.951524341,,,
05/01/2014,5.98754574,5.98754574,5.98754574,5.98754574,5.98754574,5.98754574,,,
06/01/2014,6.030806822,6.030806822,6.030806822,6.030806822,6.030806822,6.030806822,,,
07/01/2014,6.076229842,6.076229842,6.076229842,6.076229842,6.076229842,6.076229842,,,
08/01/2014,6.127514153,6.127514153,6.127514153,6.127514153,6.127514153,6.127514153,,,
09/01/2014,6.183064033,6.183064033,6.183064033,6.183064033,6.183064033,6.183064033,,,
10/01/2014,6.241190783,6.241190783,6.241190783,6.241190783,6.241190783,6.241190783,,,
11/01/2014,6.292644031,6.292644031,6.292644031,6.292644031,6.292644031,6.292644031,,,
12/01/2014,6.350263191,6.350263191,6.350263191,6.350263191,6.350263191,6.350263191,,,
01/01/2015,6.412727848,6.412727848,6.412727848,6.412727848,6.412727848,6.412727848,,,
02/01/2015,6.474279467,6.474279467,6.474279467,6.474279467,6.474279467,6.474279467,,,
03/01/2015,6.534289793,6.534289793,6.534289793,6.534289793,6.534289793,6.534289793,,,
04/01/2015,6.601228976,6.601228976,6.601228976,6.601228976,6.601228976,6.601228976,,,
05/01/2015,6.672365859,6.672365859,6.672365859,6.672365859,6.672365859,6.672365859,,,
06/01/2015,6.755814642,6.755814642,6.755814642,6.755814642,6.755814642,6.755814642,,,
07/01/2015,6.836935721,6.836935721,6.836935721,6.836935721,6.836935721,6.836935721,,,
08/01/2015,6.922313633,6.922313633,6.922313633,6.922313633,6.922313633,6.922313633,,,
09/01/2015,7.010121521,7.010121521,7.010121521,7.010121521,7.010121521,7.010121521,,,
10/01/2015,7.097463145,7.097463145,7.097463145,7.097463145,7.097463145,7.097463145,,,
11/01/2015,7.188892058,7.188892058,7.188892058,7.188892058,7.188892058,7.188892058,,,
12/01/2015,7.279303371,7.279303371,7.279303371,7.279303371,7.279303371,7.279303371,,,
01/01/2016,7.350904782,7.350904782,7.350904782,7.350904782,7.350904782,7.350904782,,,
02/01/2016,7.398280415,7.398280415,7.398280415,7.398280415,7.398280415,7.398280415,,,
03/01/2016,7.430932935,7.430932935,7.430932935,7.430932935,7.430932935,7.430932935,,,
04/01/2016,7.456450001,7.456450001,7.456450001,7.456450001,7.456450001,7.456450001,,,
05/01/2016,7.465273531,7.465273531,7.465273531,7.465273531,7.465273531,7.465273531,,,
06/01/2016,7.498523135,7.498523135,7.498523135,7.498523135,7.498523135,7.498523135,,,
07/01/2016,7.542482525,7.542482525,7.542482525,7.542482525,7.542482525,7.542482525,,,
08/01/2016,7.59015261,7.59015261,7.59015261,7.59015261,7.59015261,7.59015261,,,
09/01/2016,7.642446999,7.642446999,7.642446999,7.642446999,7.642446999,7.642446999,,,
10/01/2016,7.697285964,7.697285964,7.697285964,7.697285964,7.697285964,7.697285964,,,
11/01/2016,7.764918581,7.764918581,7.764918581,7.764918581,7.764918581,7.764918581,,,
12/01/2016,7.8376099,7.8376099,7.8376099,7.8376099,7.8376099,7.8376099,,,
01/01/2017,7.885412598,7.885412598,7.885412598,7.885412598,7.885412598,7.885412598,,,
02/01/2017,7.919700654,7.919700654,7.919700654,7.919700654,7.919700654,7.919700654,,,
03/01/2017,7.925399448,7.925399448,7.925399448,7.925399448,7.925399448,7.925399448,,,
04/01/2017,7.939182894,7.939182894,7.939182894,7.939182894,7.939182894,7.939182894,,,
05/01/2017,7.949664194,7.949664194,7.949664194,7.949664194,7.949664194,7.949664194,,,
06/01/2017,7.973537078,7.973537078,7.973537078,7.973537078,7.973537078,7.973537078,,,
07/01/2017,8.003699027,8.003699027,8.003699027,8.003699027,8.003699027,8.003699027,,,
08/01/2017,8.039869037,8.039869037,8.039869037,8.039869037,8.039869037,8.039869037,,,
09/01/2017,8.080885055,8.080885055,8.080885055,8.080885055,8.080885055,8.080885055,,,
10/01/2017,8.127127622,8.127127622,8.127127622,8.127127622,8.127127622,8.127127622,,,
11/01/2017,8.190184921,8.190184921,8.190184921,8.190184921,8.190184921,8.190184921,,,
12/01/2017,8.258581728,8.258581728,8.258581728,8.258581728,8.258581728,8.258581728,,,
01/01/2018,8.310113812,8.310113812,8.310113812,8.310113812,8.310113812,8.310113812,,,
02/01/2018,8.352717361,8.352717361,8.352717361,8.352717361,8.352717361,8.352717361,,,
03/01/2018,8.38686758,8.38686758,8.38686758,8.38686758,8.38686758,8.38686758,,,
04/01/2018,8.42080353,8.42080353,8.42080353,8.42080353,8.42080353,8.42080353,,,
05/01/2018,8.450961499,8.450961499,8.450961499,8.450961499,8.450961499,8.450961499,,,
06/01/2018,8.487444788,8.487444788,8.487444788,8.487444788,8.487444788,8.487444788,,,
07/01/2018,8.525414602,8.525414602,8.525414602,8.525414602,8.525414602,8.525414602,,,
08/01/2018,8.565135735,8.565135735,8.565135735,8.565135735,8.565135735,8.565135735,,,
09/01/2018,8.609257716,8.609257716,8.609257716,8.609257716,8.609257716,8.609257716,,,
10/01/2018,8.657570266,8.657570266,8.657570266,8.657570266,8.657570266,8.657570266,,,
11/01/2018,8.710643582,8.710643582,8.710643582,8.710643582,8.710643582,8.710643582,,,
12/01/2018,8.760187814,8.760187814,8.760187814,8.760187814,8.760187814,8.760187814,,,
01/01/2019,8.789374989,8.789374989,8.789374989,8.789374989,8.789374989,8.789374989,,,
02/01/2019,8.808458052,8.808458052,8.808458052,8.808458052,8.808458052,8.808458052,,,
03/01/2019,8.818455494,8.818455494,8.818455494,8.818455494,8.818455494,8.818455494,,,
04/01/2019,8.825131423,8.825131423,8.825131423,8.825131423,8.825131423,8.825131423,,,
05/01/2019,8.830177701,8.830177701,8.830177701,8.830177701,8.830177701,8.830177701,,,
06/01/2019,8.847349465,8.847349465,8.847349465,8.847349465,8.847349465,8.847349465,,,
07/01/2019,8.867376456,8.867376456,8.867376456,8.867376456,8.867376456,8.867376456,,,
08/01/2019,8.889877194,8.889877194,8.889877194,8.889877194,8.889877194,8.889877194,,,
09/01/2019,8.914596032,8.914596032,8.914596032,8.914596032,8.914596032,8.914596032,,,
10/01/2019,8.941086121,8.941086121,8.941086121,8.941086121,8.941086121,8.941086121,,,
11/01/2019,8.970455166,8.970455166,8.970455166,8.970455166,8.970455166,8.970455166,,,
12/01/2019,9.000080365,9.000080365,9.000080365,9.000080365,9.000080365,9.000080365,,,
01/01/2020,9.028830141,9.028830141,9.028830141,9.028830141,9.028830141,9.028830141,,,
02/01/2020,9.054702912,9.054702912,9.054702912,9.054702912,9.054702912,9.054702912,,,
03/01/2020,9.082807429,9.082807429,9.082807429,9.082807429,9.082807429,9.082807429,,,
04/01/2020,9.105551304,9.105551304,9.105551304,9.105551304,9.105551304,9.105551304,,,
05/01/2020,9.125551463,9.125551463,9.125551463,9.125551463,9.125551463,9.125551463,,,
06/01/2020,9.148067056,9.148067056,9.148067056,9.148067056,9.148067056,9.148067056,,,
07/01/2020,9.169765591,9.169765591,9.169765591,9.169765591,9.169765591,9.169765591,,,
08/01/2020,9.191752958,9.191752958,9.191752958,9.191752958,9.191752958,9.191752958,,,
09/01/2020,9.214074195,9.214074195,9.214074195,9.214074195,9.214074195,9.214074195,,,
10/01/2020,9.234675279,9.234675279,9.234675279,9.234675279,9.234675279,9.234675279,,,
11/01/2020,9.256143927,9.256143927,9.256143927,9.256143927,9.256143927,9.256143927,,,
12/01/2020,9.277175118,9.277175118,9.277175118,9.277175118,9.277175118,9.277175118,,,
01/01/2021,9.298618374,9.298618374,9.298618374,9.298618374,9.298618374,9.298618374,,,
02/01/2021,9.320267013,9.320267013,9.320267013,9.320267013,9.320267013,9.320267013,,,
03/01/2021,9.33978798,9.33978798,9.33978798,9.33978798,9.33978798,9.33978798,,,
04/01/2021,9.361483903,9.361483903,9.361483903,9.361483903,9.361483903,9.361483903,,,
05/01/2021,9.382328972,9.382328972,9.382328972,9.382328972,9.382328972,9.382328972,,,
06/01/2021,9.403713615,9.403713615,9.403713615,9.403713615,9.403713615,9.403713615,,,
07/01/2021,9.423639571,9.423639571,9.423639571,9.423639571,9.423639571,9.423639571,,,
08/01/2021,9.444452885,9.444452885,9.444452885,9.444452885,9.444452885,9.444452885,,,
09/01/2021,9.465663053,9.465663053,9.465663053,9.465663053,9.465663053,9.465663053,,,
10/01/2021,9.486103409,9.486103409,9.486103409,9.486103409,9.486103409,9.486103409,,,
11/01/2021,9.50658679,9.50658679,9.50658679,9.50658679,9.50658679,9.50658679,,,
12/01/2021,9.526631909,9.526631909,9.526631909,9.526631909,9.526631909,9.526631909,,,
01/01/2022,9.547274251,9.547274251,9.547274251,9.547274251,9.547274251,9.547274251,,,
02/01/2022,9.567109765,9.567109765,9.567109765,9.567109765,9.567109765,9.567109765,,,
03/01/2022,9.586489826,9.586489826,9.586489826,9.586489826,9.586489826,9.586489826,,,
04/01/2022,9.60741175,9.60741175,9.60741175,9.60741175,9.60741175,9.60741175,,,
05/01/2022,9.627337537,9.627337537,9.627337537,9.627337537,9.627337537,9.627337537,,,
06/01/2022,9.648109825,9.648109825,9.648109825,9.648109825,9.648109825,9.648109825,,,
07/01/2022,9.668282455,9.668282455,9.668282455,9.668282455,9.668282455,9.668282455,,,
08/01/2022,9.688712076,9.688712076,9.688712076,9.688712076,9.688712076,9.688712076,,,
09/01/2022,9.71006458,9.71006458,9.71006458,9.71006458,9.71006458,9.71006458,,,
10/01/2022,9.729725671,9.729725671,9.729725671,9.729725671,9.729725671,9.729725671,,,
11/01/2022,9.751674786,9.751674786,9.751674786,9.751674786,9.751674786,9.751674786,,,
12/01/2022,9.772407213,9.772407213,9.772407213,9.772407213,9.772407213,9.772407213,,,
01/01/2023,9.794343005,9.794343005,9.794343005,9.794343005,9.794343005,9.794343005,,,
02/01/2023,9.815383363,9.815383363,9.815383363,9.815383363,9.815383363,9.815383363,,,
03/01/2023,9.834881562,9.834881562,9.834881562,9.834881562,9.834881562,9.834881562,,,
04/01/2023,9.857202644,9.857202644,9.857202644,9.857202644,9.857202644,9.857202644,,,
05/01/2023,9.877484304,9.877484304,9.877484304,9.877484304,9.877484304,9.877484304,,,
06/01/2023,9.899207223,9.899207223,9.899207223,9.899207223,9.899207223,9.899207223,,,
07/01/2023,9.918620855,9.918620855,9.918620855,9.918620855,9.918620855,9.918620855,,,
08/01/2023,9.939628166,9.939628166,9.939628166,9.939628166,9.939628166,9.939628166,,,
09/01/2023,9.959586772,9.959586772,9.959586772,9.959586772,9.959586772,9.959586772,,,
10/01/2023,9.978540022,9.978540022,9.978540022,9.978540022,9.978540022,9.978540022,,,
11/01/2023,9.99796518,9.99796518,9.99796518,9.99796518,9.99796518,9.99796518,,,
12/01/2023,10.01655938,10.01655938,10.01655938,10.01655938,10.01655938,10.01655938,,,
01/01/2024,10.02717253,10.02717253,10.02717253,10.02717253,10.02717253,10.02717253,,,
02/01/2024,10.03888126,10.03888126,10.04255162,10.03888126,10.04809841,10.08325983,,,
03/01/2024,10.05222907,10.05222907,10.05721492,10.05222907,10.06503709,10.11903126,,,
04/01/2024,10.06680203,10.06680203,10.07296645,10.06680203,10.08297278,10.15598622,,,
05/01/2024,10.065097,10.065097,10.07432349,10.065097,10.08581465,10.19180798,,,
06/01/2024,10.07350275,10.07350275,10.08718134,10.07350275,10.10043375,10.22858444,,,
07/01/2024,10.08222801,10.08222801,10.10097735,10.08222801,10.11597996,10.26404311,,,
08/01/2024,10.09080802,10.09080802,10.11549944,10.09080802,10.13230804,10.30054025,,,
09/01/2024,10.09877867,10.09877867,10.13007039,10.09877867,10.14867517,10.33693769,,,
10/01/2024,10.10589775,10.10589775,10.14416798,10.10589775,10.16450037,10.37211995,,,
11/01/2024,10.11263132,10.11263132,10.15871711,10.11263132,10.18082051,10.40863082,,,
12/01/2024,10.118575,10.118575,10.17277413,10.118575,10.1965777,10.44458042,,,
01/01/2025,10.12411474,10.12411474,10.18727125,10.12411474,10.21281709,10.48215807,,,
02/01/2025,10.12905969,10.12905969,10.20173701,10.12905969,10.22901136,10.52005412,,,
03/01/2025,10.13304631,10.13304631,10.21477602,10.13304631,10.24360048,10.55462,,,
04/01/2025,10.13688664,10.13688664,10.22917865,10.13688664,10.2597062,10.59303361,,,
05/01/2025,10.14007477,10.14007477,10.24308381,10.14007477,10.27524795,10.63040336,,,
06/01/2025,10.14282089,10.14282089,10.2574169,10.14282089,10.29125994,10.66914535,,,
07/01/2025,10.14497775,10.14497775,10.27125439,10.14497775,10.30671061,10.70680738,,,
08/01/2025,10.14668418,10.14668418,10.28551689,10.14668418,10.32262792,10.74583335,,,
09/01/2025,10.14788063,10.14788063,10.2997429,10.14788063,10.33849681,10.78500184,,,
10/01/2025,10.14857346,10.14857346,10.31347509,10.14857346,10.3538079,10.82306076,,,
11/01/2025,10.14880365,10.14880365,10.3276273,10.14880365,10.36958014,10.86251276,,,
12/01/2025,10.1485805,10.1485805,10.34128774,10.1485805,10.38479781,10.90081856,,,
01/01/2026,10.14788129,10.14788129,10.35536529,10.14788129,10.40047347,10.94045372,,,
02/01/2026,10.14672738,10.14672738,10.36940456,10.14672738,10.41610003,10.98015415,,,
03/01/2026,10.14532699,10.14532699,10.38205351,10.14532699,10.43017399,11.0162163,,,
04/01/2026,10.14336829,10.14336829,10.39601903,10.14336829,10.4457068,11.05614409,,,
05/01/2026,10.14111225,10.14111225,10.40949724,10.14111225,10.46069214,11.09487997,,,
06/01/2026,10.13842278,10.13842278,10.42339584,10.13842278,10.47612771,11.13432952,,,
07/01/2026,10.13550859,10.13550859,10.4368272,10.13550859,10.49101919,11.17120057,,,
08/01/2026,10.13218861,10.13218861,10.45068443,10.13218861,10.50635823,11.20837678,,,
09/01/2026,10.12858182,10.12858182,10.46451693,10.12858182,10.52164813,11.24478966,,,
10/01/2026,10.12484195,10.12484195,10.47787833,10.12484195,10.536399,11.27941319,,,
11/01/2026,10.12072818,10.12072818,10.49165674,10.1209811,10.55159266,11.31461509,,,
12/01/2026,10.11652763,10.11652763,10.50496281,10.11954716,10.56625058,11.34819728,,,
01/01/2027,10.11196647,10.11196647,10.51868156,10.11862709,10.58134808,11.38242976,,,
02/01/2027,10.1071969,10.1071969,10.5323686,10.1180861,10.59639711,11.41623125,,,
03/01/2027,10.10272655,10.10272655,10.54470442,10.11783915,10.60995004,11.44643366,,,
04/01/2027,10.09758848,10.09758848,10.55832913,10.11780623,10.62490711,11.47949769,,,
05/01/2027,10.0924471,10.0924471,10.57148291,10.11796243,10.63933666,11.51116521,,,
06/01/2027,10.08784935,10.08696077,10.58504092,10.11829335,10.6541992,11.54355504,,,
07/01/2027,10.085372,10.08149476,10.59812929,10.11874966,10.6685373,11.57460395,,,
08/01/2027,10.08339664,10.07568501,10.61161904,10.11934566,10.68330542,11.60638562,,,
09/01/2027,10.08183654,10.06971898,10.62507339,10.12004893,10.69802625,11.63787932,,,
10/01/2027,10.08063567,10.06380413,10.63806055,10.12081653,10.71222762,11.66809839,,,
11/01/2027,10.07966768,10.05754596,10.65144494,10.12168998,10.72685512,11.69905904,,,
12/01/2027,10.07894821,10.05135638,10.66436449,10.12260097,10.74096708,11.72878209,,,
01/01/2028,10.07840212,10.04482111,10.6776781,10.12360235,10.75550223,11.75924895,,,
02/01/2028,10.07802624,10.03814981,10.69095557,10.12465612,10.76999072,11.78947727,,,
03/01/2028,10.07780458,10.03179196,10.70334472,10.125682,10.7835038,11.81755303,,,
04/01/2028,10.0776965,10.02541481,10.71655185,10.12681823,10.79790238,11.84734092,,,
05/01/2028,10.07769752,10.02156289,10.72929894,10.12795029,10.81179354,11.87596435,,,
06/01/2028,10.07779657,10.01824212,10.74243428,10.12914993,10.82610192,11.90533052,,,
07/01/2028,10.07797272,10.01547247,10.75511139,10.13033508,10.83990614,11.9335556,,,
08/01/2028,10.07823008,10.01298845,10.76817462,10.13158256,10.85412555,11.96252161,,,
09/01/2028,10.07855301,10.01081941,10.78120107,10.1328495,10.86830001,11.9912917,,,
10/01/2028,10.07891977,10.00897272,10.79377301,10.13409168,10.88197538,12.0189558,,,
11/01/2028,10.07934928,10.00729648,10.80672727,10.13538995,10.8960619,12.04735559,,,
12/01/2028,10.07980667,10.00586394,10.81922939,10.13665842,10.9096524,12.07466912,,,
01/01/2029,10.08031816,10.00456026,10.8321116,10.13798008,10.92365139,12.10271495,,,
02/01/2029,10.08086429,10.003412,10.84495789,10.13931169,10.9376066,12.13058707,,,
03/01/2029,10.08138222,10.00248723,10.85653131,10.14052113,10.95017526,12.15562245,,,
04/01/2029,10.08198236,10.00158496,10.86930853,10.14186736,10.9640467,12.18317314,,,
05/01/2029,10.08258489,10.00081256,10.8816394,10.14317573,10.97742951,12.20968106,,,
06/01/2029,10.08322834,10.00011006,10.89434526,10.14453325,10.99121498,12.23691185,,,
07/01/2029,10.0838679,9.99950955,10.90660715,10.14585114,11.0045156,12.26311635,,,
08/01/2029,10.08454481,9.998964603,10.91924178,10.14721697,11.01821782,12.29003944,,,
09/01/2029,10.0852354,9.998486467,10.93184006,10.14858581,11.03187795,12.31681004,,,
10/01/2029,10.08591544,9.998080053,10.94399837,10.14991332,11.04505857,12.34257719,,,
11/01/2029,10.08662895,9.99771345,10.95652601,10.15128746,11.05863696,12.36905621,,,
12/01/2029,10.08732805,9.997403073,10.96861557,10.15261884,11.07173815,12.39454513,,,
01/01/2030,10.08805853,9.997124755,10.98107195,10.15399601,11.08523437,12.4207411,,,
02/01/2030,10.0887965,9.996884794,10.99349266,10.15537472,11.09868947,12.44679742,,,
03/01/2030,10.08946857,9.996696455,11.00468243,10.15662114,11.11080911,12.47022004,,,
04/01/2030,10.09021814,9.996518762,11.0170353,10.15800184,11.12418624,12.49601682,,,
05/01/2030,10.09094803,9.996372788,11.0289562,10.15933848,11.13709402,12.52085594,,,
06/01/2030,10.09170679,9.996247286,11.04123914,10.16072039,11.15039296,12.54639168,,,
07/01/2030,10.09244463,9.996147108,11.05309267,10.16205804,11.16322612,12.5709821,,,
08/01/2030,10.09321045,9.996064181,11.06530604,10.16344056,11.17644789,12.59626396,,,
09/01/2030,10.09397889,9.995999583,11.07748392,10.16482293,11.18963025,12.62141938,,,
10/01/2030,10.09472461,9.995952595,11.08923563,10.16616042,11.20235044,12.64564602,,,
11/01/2030,10.09549742,9.995919461,11.10134397,10.16754243,11.21545563,12.67055771,,,
12/01/2030,10.09624708,9.995900557,11.11302893,10.16887971,11.2281016,12.69455208,,,
01/01/2031,10.09702354,9.995893999,11.12506864,10.17026149,11.24113042,12.71922643,,,
02/01/2031,10.09780125,9.99589896,11.13707337,10.17164281,11.25412032,12.74378261,,,
03/01/2031,10.09850459,9.995912106,11.14788791,10.17289006,11.26582147,12.76586717,,,
04/01/2031,10.09928391,9.995936063,11.15982609,10.17427011,11.27873729,12.79020214,,,
05/01/2031,10.1000394,9.995968204,11.1713473,10.17560571,11.29120092,12.81364595,,,
06/01/2031,10.10082053,9.996009424,11.18321787,10.17698506,11.30404136,12.83775803,,,
07/01/2031,10.10157727,9.996056709,11.19467358,10.17831964,11.31643196,12.86098842,,,
08/01/2031,10.10235972,9.996112601,11.206477,10.17969813,11.32919743,12.88488316,,,
09/01/2031,10.10314251,9.996174951,11.21824642,10.18107597,11.34192483,12.90866948,,,
10/01/2031,10.1039002,9.99624078,11.22960432,10.18240864,11.35420603,12.93158768,,,
11/01/2031,10.10468345,9.996314469,11.24130715,10.18378517,11.36685889,12.95516354,,,
12/01/2031,10.10544168,9.99639075,11.25260108,10.18511677,11.37906844,12.97788084,,,
01/01/2032,10.10622486,9.996473958,11.26423755,10.18649166,11.39164699,13.00125031,,,
02/01/2032,10.10700787,9.996561464,11.27584032,10.18786564,11.40418783,13.02451625,,,
03/01/2032,10.10774061,9.996647301,11.28666557,10.1891506,11.41588712,13.04619202,,,
04/01/2032,10.10852389,9.996743065,11.29820418,10.1905235,11.42835605,13.06926175,,,
05/01/2032,10.10928163,9.996839034,11.30933937,10.19185124,11.44038783,13.09149342,,,
06/01/2032,10.11006435,9.996941535,11.32081255,10.19322235,11.45278353,13.11436689,,,
07/01/2032,10.11082207,9.997044192,11.33188517,10.19454889,11.46474523,13.13641121,,,
08/01/2032,10.11160462,9.99715311,11.34329388,10.19591864,11.47706874,13.15909351,,,
09/01/2032,10.11238704,9.997265004,11.35467001,10.19728769,11.48935577,13.18167929,,,
10/01/2032,10.11314395,9.997375816,11.3656486,10.1986118,11.50121225,13.2034474,,,
11/01/2032,10.11392607,9.997493157,11.37696094,10.19997948,11.51342788,13.22584688,,,
12/01/2032,10.11468261,9.997608924,11.387878,10.20130219,11.52521548,13.24743616,,,
01/01/2033,10.11546405,9.997730864,11.3991267,10.20266817,11.53735994,13.26965215,,,
02/01/2033,10.1162452,9.997855034,11.41034331,10.20403335,11.54946849,13.29177634,,,
03/01/2033,10.1169502,9.9979686,11.42044802,10.20526546,11.56037574,13.31168488,,,
04/01/2033,10.11773059,9.998096533,11.43160365,10.20662894,11.57241612,13.33363615,,,
05/01/2033,10.11848563,9.998222263,11.44236978,10.20794781,11.58403497,13.35479575,,,
06/01/2033,10.11926551,9.998354021,11.45346317,10.20930984,11.59600576,13.37657198,,,
07/01/2033,10.12002023,9.998483483,11.46416948,10.21062748,11.60755772,13.39756391,,,
08/01/2033,10.12079953,9.998618698,11.47520104,10.211988,11.61945944,13.41916812,,,
09/01/2033,10.12157852,9.998755549,11.48620136,10.21334775,11.63132624,13.44068549,,,
10/01/2033,10.12233205,9.998889435,11.49681763,10.21466289,11.64277764,13.46142864,,,
11/01/2033,10.12311001,9.999028921,11.5077564,10.21602072,11.65457576,13.48277776,,,
12/01/2033,10.12386251,9.999165195,11.51831329,10.21733397,11.66596115,13.50335861,,,
01/01/2034,10.12463974,9.999307383,11.52919158,10.21869019,11.6776919,13.52454148,,,
02/01/2034,10.12541658,9.999450849,11.54003929,10.22004558,11.68938832,13.54564115,,,
03/01/2034,10.1261182,9.999581728,11.54981251,10.22126939,11.69992525,13.56463181,,,
04/01/2034,10.12689485,9.999728084,11.56060266,10.22262375,11.71155742,13.58557577,,,
05/01/2034,10.12764591,9.999870616,11.57101618,10.22393348,11.72278253,13.60576792,,,
06/01/2034,10.12842127,10.00001866,11.58174626,10.2252857,11.73434777,13.62655201,,,
07/01/2034,10.12917185,10.00016355,11.59210259,10.22659411,11.7455091,13.64659131,,,
08/01/2034,10.12994657,10.00031382,11.6027737,10.22794485,11.75700859,13.66721826,,,
09/01/2034,10.13072132,10.0004655,11.61341532,10.22929518,11.76847519,13.68776676,,,
10/01/2034,10.13147072,10.00061321,11.62368581,10.23060117,11.77954087,13.7075792,,,
11/01/2034,10.1322445,10.00076655,11.63426882,10.23194967,11.7909422,13.72797421,,,
12/01/2034,10.13299283,10.00091566,11.64448268,10.23325376,11.80194484,13.7476387,,,
01/01/2035,10.1337657,10.00107059,11.65500758,10.23460049,11.81328146,13.76788168,,,
02/01/2035,10.13453816,10.00122636,11.66550313,10.23594639,11.82458542,13.78804821,,,
03/01/2035,10.13523572,10.00136789,11.67495932,10.23716154,11.83476909,13.80620166,,,
04/01/2035,10.13600764,10.00152539,11.6853996,10.23850606,11.84601152,13.82622508,,,
05/01/2035,10.13675417,10.0016784,11.69547588,10.23980633,11.85686103,13.84553251,,,
06/01/2035,10.13752562,10.00183767,11.70585961,10.24114952,11.86804052,13.86540988,,,
07/01/2035,10.13827202,10.00199268,11.71588171,10.24244881,11.87882972,13.8845779,,,
08/01/2035,10.13904261,10.00215325,11.72620901,10.2437903,11.88994646,13.90431132,,,
09/01/2035,10.13981249,10.00231416,11.73650749,10.24513064,11.90103121,13.92397178,,,
10/01/2035,10.14055749,10.00247077,11.74644743,10.24642726,11.91172908,13.94293041,,,
11/01/2035,10.1413271,10.0026334,11.75669059,10.24776643,11.9227523,13.96244963,,,
12/01/2035,10.1420712,10.00279101,11.76657664,10.2490613,11.93339029,13.98127174,,,
01/01/2036,10.14284,10.00295475,11.7767644,10.2503988,11.94435196,14.00065058,,,
02/01/2036,10.14360839,10.00311903,11.78692418,10.25173543,11.95528254,14.01995908,,,
03/01/2036,10.14432704,10.00327335,11.79640429,10.25298526,11.96548131,14.03796113,,,
04/01/2036,10.14509458,10.00343855,11.80651041,10.25432017,11.97635261,14.05713442,,,
05/01/2036,10.1458372,10.0035991,11.81626511,10.25561143,11.98684468,14.07562495,,,
06/01/2036,10.14660439,10.00376569,11.82631768,10.2569451,11.99765619,14.0946636,,,
07/01/2036,10.1473464,10.00392729,11.83602029,10.2582349,12.00809045,14.11302421,,,
08/01/2036,10.14811283,10.0040948,11.84601913,10.25956692,12.01884234,14.13192919,,,
09/01/2036,10.14887913,10.004263,11.85599108,10.26089836,12.02956438,14.15076712,,,
10/01/2036,10.14962013,10.00442595,11.86561582,10.26218584,12.03991224,14.16893389,,,
11/01/2036,10.1503856,10.00459491,11.8755346,10.26351557,12.05057532,14.18764039,,,
12/01/2036,10.15112604,10.00475881,11.88510831,10.26480163,12.06086658,14.20568128,,,
01/01/2037,10.15189091,10.00492871,11.8949746,10.26612986,12.07147143,14.22425849,,,
02/01/2037,10.1526554,10.00509898,11.90481429,10.26745725,12.08204681,14.24277025,,,
03/01/2037,10.15334572,10.00525319,11.91368028,10.26865563,12.09157495,14.25943749,,,
04/01/2037,10.15410998,10.00542465,11.92347019,10.26998193,12.10209511,14.2778268,,,
05/01/2037,10.1548489,10.00559056,11.9329194,10.27126435,12.11224835,14.29556195,,,
06/01/2037,10.15561231,10.00576259,11.94265766,10.27258893,12.12271129,14.31382493,,,
07/01/2037,10.15635043,10.00592905,11.95205707,10.2738697,12.13280939,14.33143895,,,
08/01/2037,10.1571133,10.00610191,11.96174438,10.27519309,12.14321588,14.34957781,,,
09/01/2037,10.15787559,10.00627488,11.97140568,10.27651553,12.15359359,14.36765375,,,
10/01/2037,10.15861287,10.00644246,11.98073115,10.27779449,12.16360978,14.3850881,,,
11/01/2037,10.15937459,10.00661617,11.99034209,10.27911551,12.17393172,14.4030418,,,
12/01/2037,10.16011138,10.00678454,11.9996191,10.28039316,12.18389424,14.42035862,,,
01/01/2038,10.16087221,10.00695865,12.00917979,10.28171246,12.19416056,14.43819118,,,
02/01/2038,10.16163266,10.00713302,12.01871514,10.28303095,12.20439885,14.45596289,,,
03/01/2038,10.16231921,10.00729071,12.02730714,10.28422119,12.21362356,14.47196536,,,
04/01/2038,10.16307912,10.00746574,12.03679478,10.28553836,12.22380905,14.48962197,,,
05/01/2038,10.16381406,10.00763523,12.04595282,10.28681219,12.23364301,14.50665293,,,
06/01/2038,10.16457309,10.00781058,12.05539119,10.28812767,12.24378344,14.52419182,,,
07/01/2038,10.1653076,10.0079808,12.06450217,10.28940028,12.25357686,14.54111003,,,
08/01/2038,10.16606629,10.00815699,12.07389227,10.2907146,12.26368037,14.55853335,,,
09/01/2038,10.1668246,10.00833338,12.08325778,10.29202814,12.27376567,14.57589818,,,
10/01/2038,10.16755838,10.00850457,12.09229856,10.29329885,12.28350751,14.5926486,,,
11/01/2038,10.16831574,10.00868114,12.10161582,10.29461063,12.29355269,14.60989867,,,
12/01/2038,10.1690485,10.00885239,12.11060994,10.29587954,12.30325367,14.6265387,,,
01/01/2039,10.16980561,10.00902983,12.11987999,10.29719026,12.31325598,14.64367625,,,
02/01/2039,10.17056215,10.00920726,12.12912577,10.2985,12.32323527,14.66075672,,,
03/01/2039,10.17124517,10.00936766,12.13745724,10.29968237,12.33222987,14.67613786,,,
04/01/2039,10.17200092,10.00954533,12.14665738,10.30099055,12.34216454,14.69311057,,,
05/01/2039,10.17273243,10.00971792,12.15553894,10.30225629,12.35175702,14.70948361,,,
06/01/2039,10.1734877,10.00989617,12.16469266,10.30356321,12.36164511,14.72634671,,,
07/01/2039,10.17421771,10.01006824,12.17352845,10.30482669,12.37119109,14.74261299,,,
08/01/2039,10.17497235,10.01024688,12.18263589,10.30613218,12.38103172,14.75936679,,,
09/01/2039,10.17572655,10.01042561,12.19171987,10.30743683,12.39084805,14.77606573,,,
10/01/2039,10.17645636,10.01059899,12.2004893,10.30869897,12.40032534,14.79217545,,,
11/01/2039,10.17720974,10.01077788,12.2095275,10.31000201,12.4100939,14.80876735,,,
12/01/2039,10.17793854,10.0109512,12.21825257,10.31126238,12.41952452,14.82477348,,,
01/01/2040,10.17869141,10.01113057,12.22724561,10.31256415,12.42924531,14.84125945,,,
02/01/2040,10.17944387,10.01131001,12.23621568,10.31386512,12.43894171,14.8576919,,,
03/01/2040,10.18014752,10.01147804,12.24458715,10.31508156,12.44799134,14.87301775,,,
04/01/2040,10.18089948,10.01165793,12.25351337,10.31638128,12.45764098,14.88934775,,,
05/01/2040,10.18162695,10.01183223,12.26213061,10.3176385,12.46695679,14.90510192,,,
06/01/2040,10.1823782,10.01201233,12.27101245,10.31893675,12.47655885,14.9213288,,,
07/01/2040,10.18310505,10.0121869,12.27958697,10.32019261,12.48582879,14.93698364,,,
08/01/2040,10.18385562,10.01236725,12.28842484,10.32148945,12.49538344,14.95310839,,,
09/01/2040,10.18460593,10.01254779,12.29724055,10.32278564,12.50491413,14.9691816,,,
10/01/2040,10.18533197,10.01272288,12.30575146,10.32403959,12.51411527,14.98468895,,,
11/01/2040,10.18608175,10.01290378,12.31452393,10.3253345,12.52359917,15.00066195,,,
12/01/2040,10.18680686,10.01307879,12.32299272,10.32658694,12.53275467,15.0160722,,,
01/01/2041,10.18755566,10.0132596,12.33172182,10.32788041,12.54219146,15.03194567,,,
02/01/2041,10.18830424,10.01344062,12.3404293,10.32917329,12.55160471,15.04776903,,,
03/01/2041,10.18898006,10.01360417,12.34827641,10.33034044,12.56008773,15.06202041,,,
04/01/2041,10.189728,10.01378538,12.35694276,10.33163197,12.56945615,15.07774887,,,
05/01/2041,10.19045158,10.01396092,12.36530951,10.33288128,12.5785005,15.09292391,,,
06/01/2041,10.19119896,10.01414242,12.37393379,10.33417153,12.58782297,15.10855541,,,
07/01/2041,10.19192204,10.01431827,12.38226004,10.33541964,12.59682312,15.12363716,,,
08/01/2041,10.19266863,10.01449979,12.39084237,10.33670838,12.60609982,15.13917254,,,
09/01/2041,10.19341435,10.01468085,12.39940301,10.3379959,12.6153528,15.15465871,,,
10/01/2041,10.19413622,10.01485668,12.40766826,10.33924175,12.62428619,15.16960051,,,
11/01/2041,10.1948819,10.01503853,12.41618812,10.34052851,12.63349449,15.1849926,,,
12/01/2041,10.19560319,10.01521444,12.42441348,10.34177298,12.64238419,15.19984332,,,
01/01/2042,10.19634803,10.01539606,12.432892,10.34305801,12.65154717,15.21514155,,,
02/01/2042,10.19709237,10.01557757,12.44134962,10.34434219,12.66068724,15.23039207,,,
03/01/2042,10.19776453,10.01574169,12.44897202,10.34550163,12.66892443,15.24412859,,,
04/01/2042,10.19850866,10.01592373,12.45739083,10.34678489,12.67802192,15.25929005,,,
05/01/2042,10.1992285,10.01609999,12.46551893,10.34802614,12.68680498,15.27391912,,,
06/01/2042,10.19997153,10.01628168,12.47389713,10.34930759,12.69585789,15.28898863,,,
07/01/2042,10.20069037,10.01645766,12.48198609,10.35054715,12.70459792,15.3035292,,,
08/01/2042,10.20143304,10.01663975,12.49032467,10.35182753,12.71360728,15.31850884,,,
09/01/2042,10.20217524,10.01682176,12.49864302,10.35310709,12.72259436,15.33344277,,,
10/01/2042,10.2028934,10.01699813,12.50667446,10.35434494,12.73127106,15.34785237,,,
11/01/2042,10.20363526,10.01718053,12.51495375,10.35562345,12.74021512,15.36269745,,,
12/01/2042,10.20435255,10.01735674,12.52294705,10.35685975,12.74884984,15.37702137,,,
01/01/2043,10.20509349,10.01753893,12.53118708,10.35813664,12.75775062,15.39177806,,,
02/01/2043,10.20583422,10.01772128,12.53940751,10.35941297,12.76662979,15.40649041,,,
03/01/2043,10.20650321,10.01788623,12.54681663,10.36056544,12.77463225,15.41974311,,,
04/01/2043,10.20724342,10.01806875,12.55499995,10.36184058,12.78347046,15.43437152,,,
05/01/2043,10.20795918,10.01824514,12.5629008,10.36307369,12.79200314,15.44848662,,,
06/01/2043,10.20869848,10.01842745,12.57104562,10.36434724,12.80079882,15.46302878,,,
07/01/2043,10.20941384,10.01860412,12.57890986,10.36557928,12.80929103,15.47706141,,,
08/01/2043,10.21015248,10.01878646,12.5870168,10.36685147,12.81804485,15.49151843,,,
09/01/2043,10.21089059,10.0189686,12.59510438,10.36812279,12.82677722,15.50593175,,,
10/01/2043,10.211605,10.01914532,12.6029136,10.36935289,12.83520855,15.51984057,,,
11/01/2043,10.21234254,10.01932758,12.61096379,10.37062296,12.84389955,15.53417017,,,
12/01/2043,10.21305636,10.01950437,12.61873697,10.37185181,12.852291,15.54799819,,,
01/01/2044,10.21379364,10.01968705,12.62675044,10.37312093,12.86094136,15.56224523,,,
02/01/2044,10.21453101,10.01987017,12.63474563,10.37438981,12.86957151,15.57645102,,,
03/01/2044,10.21522014,10.02004109,12.64220834,10.37557585,12.87762646,15.5897031,,,
04/01/2044,10.2159565,10.02022384,12.65016717,10.37684306,12.88621639,15.60382809,,,
05/01/2044,10.21666857,10.02040047,12.65785173,10.37806854,12.89450979,15.61745828,,,
06/01/2044,10.21740419,10.02058312,12.66577412,10.37933434,12.90305931,15.63150165,,,
07/01/2044,10.21811588,10.02076,12.67342386,10.38055879,12.91131409,15.64505347,,,
08/01/2044,10.21885094,10.02094275,12.6813103,10.38182337,12.91982377,15.65901681,,,
09/01/2044,10.21958582,10.02112563,12.6891787,10.38308742,12.92831346,15.67293968,,,
10/01/2044,10.22029636,10.02130229,12.69677599,10.38430976,12.93651012,15.68637498,,,
11/01/2044,10.22103032,10.02148489,12.70460852,10.38557224,12.94496003,15.70021841,,,
12/01/2044,10.22174052,10.02166182,12.71217178,10.3867936,12.95311894,15.71357773,,,
01/01/2045,10.22247367,10.02184424,12.71996886,10.38805462,12.96152956,15.72734283,,,
02/01/2045,10.22320669,10.02202684,12.72774829,10.38931517,12.96992058,15.74106788,,,
03/01/2045,10.22386859,10.02219185,12.73476043,10.39045328,12.9774836,15.75343294,,,
04/01/2045,10.22460106,10.02237451,12.7425063,10.39171265,12.98583735,15.76708408,,,
05/01/2045,10.22530954,10.02255119,12.7499857,10.39293073,12.99390326,15.78025779,,,
06/01/2045,10.2260415,10.02273394,12.75769709,10.39418894,13.00221879,15.79383196,,,
07/01/2045,10.22674968,10.02291093,12.76514352,10.3954061,13.01024809,15.80693226,,,
08/01/2045,10.22748114,10.02309378,12.77282081,10.39666316,13.01852578,15.82043109,,,
09/01/2045,10.22821232,10.02327668,12.78048082,10.39791963,13.02678438,15.83389192,,,
10/01/2045,10.22891982,10.02345385,12.78787783,10.39913515,13.03475895,15.84688333,,,
11/01/2045,10.22965009,10.02363642,12.7955038,10.40039006,13.04297983,15.86026928,,,
12/01/2045,10.23035663,10.0238132,12.80286789,10.40160402,13.05091785,15.87318809,,,
01/01/2046,10.23108603,10.02399548,12.81046005,10.40285744,13.05910111,15.88649931,,,
02/01/2046,10.2318156,10.02417823,12.81803569,10.40411069,13.06726603,15.89977385,,,
03/01/2046,10.23247448,10.02434346,12.82486463,10.40524231,13.07462573,15.91173372,,,
04/01/2046,10.23320332,10.02452604,12.83240815,10.40649423,13.08275502,15.92493783,,,
05/01/2046,10.23390856,10.02470293,12.83969288,10.40770537,13.09060496,15.93768214,,,
06/01/2046,10.23463671,10.02488539,12.84720353,10.40895596,13.09869777,15.95081407,,,
07/01/2046,10.23534111,10.02506199,12.85445639,10.41016567,13.10651227,15.96348807,,,
08/01/2046,10.23606878,10.02524455,12.86193456,10.41141516,13.11456899,15.97654847,,,
09/01/2046,10.2367962,10.02542714,12.86939636,10.41266408,13.12260752,15.98957283,,,
10/01/2046,10.23749934,10.02560328,12.87660156,10.41387161,13.1303691,16.00214269,,,
11/01/2046,10.23822594,10.02578562,12.88403128,10.41511909,13.13837158,16.01509622,,,
12/01/2046,10.23892874,10.02596181,12.89120632,10.41632553,13.14609876,16.0275981,,,
01/01/2047,10.23965473,10.02614392,12.89860484,10.41757162,13.15406551,16.04048125,,,
02/01/2047,10.24038009,10.02632566,12.9059873,10.41881677,13.16201393,16.05332844,,,
03/01/2047,10.24103551,10.0264903,12.91264304,10.4199414,13.16917906,16.06490438,,,
04/01/2047,10.24176062,10.02667231,12.91999611,10.42118569,13.17709386,16.07768505,,,
05/01/2047,10.24246199,10.02684836,12.92709738,10.42238919,13.18473664,16.09002096,,,
06/01/2047,10.24318657,10.02703038,12.93442,10.42363232,13.19261665,16.10273339,,,
07/01/2047,10.24388735,10.02720635,12.94149179,10.42483464,13.20022585,16.11500331,,,
08/01/2047,10.24461111,10.02738808,12.94878382,10.42607634,13.20807108,16.12764788,,,
09/01/2047,10.24533451,10.02756972,12.95606042,10.42731737,13.2158988,16.14025827,,,
10/01/2047,10.24603439,10.02774556,12.96308807,10.42851789,13.22345788,16.15243025,,,
11/01/2047,10.24675729,10.02792722,12.97033469,10.4297578,13.23125163,16.16497406,,,
12/01/2047,10.24745607,10.02810246,12.97733278,10.43095663,13.23877728,16.17708115,,,
01/01/2048,10.24817815,10.0282838,12.98454923,10.43219512,13.24653686,16.18955824,,,
02/01/2048,10.24890005,10.02846525,12.99175067,10.43343312,13.25427947,16.20200215,,,
03/01/2048,10.24957502,10.02863485,12.99847421,10.43459062,13.26150755,16.21361391,,,
04/01/2048,10.25029629,10.02881617,13.00564645,10.4358274,13.2692172,16.22599358,,,
05/01/2048,10.25099399,10.02899156,13.0125733,10.43702368,13.27666231,16.23794308,,,
06/01/2048,10.25171488,10.02917301,13.01971641,10.43825946,13.28433907,16.25025847,,,
07/01/2048,10.25241241,10.02934874,13.0266154,10.43945499,13.29175277,16.26214649,,,
08/01/2048,10.2531324,10.02952978,13.03372911,10.44068928,13.29939642,16.27439766,,,
09/01/2048,10.25385207,10.02971076,13.04082805,10.44192295,13.30702338,16.28661614,,,
10/01/2048,10.25454858,10.0298862,13.04768453,10.44311659,13.31438914,16.29841077,,,
11/01/2048,10.25526792,10.03006734,13.05475484,10.44434931,13.32198392,16.31056681,,,
12/01/2048,10.25596341,10.03024225,13.06158308,10.44554137,13.329318,16.32230045,,,
01/01/2049,10.25668185,10.03042298,13.06862441,10.44677262,13.3368802,16.33439327,,,
02/01/2049,10.25740001,10.03060369,13.07565124,10.44800327,13.34442612,16.34645459,,,
03/01/2049,10.25804849,10.03076695,13.08198633,10.44911442,13.35122864,16.35732325,,,
04/01/2049,10.25876636,10.03094784,13.08898602,10.45034422,13.35874411,16.36932532,,,
05/01/2049,10.25946056,10.03112263,13.09574626,10.45153356,13.36600188,16.38091099,,,
06/01/2049,10.26017791,10.03130349,13.10271796,10.45276225,13.37348591,16.39285211,,,
07/01/2049,10.26087115,10.03147777,13.10945121,10.45395007,13.38071283,16.40437813,,,
08/01/2049,10.26158746,10.03165807,13.11639533,10.45517714,13.38816496,16.41625788,,,
09/01/2049,10.26230394,10.03183879,13.1233262,10.45640408,13.39560174,16.42810751,,,
10/01/2049,10.26299665,10.03201325,13.13002033,10.45759051,13.40278353,16.43954616,,,
11/01/2049,10.2637124,10.03219371,13.13692418,10.45881614,13.41018926,16.45133598,,,
12/01/2049,10.26440464,10.03236815,13.14359243,10.46000154,13.41734134,16.46271705,,,
01/01/2050,10.26511939,10.03254809,13.15046908,10.46122561,13.42471589,16.47444683,,,
02/01/2050,10.26583402,10.03272814,13.15733229,10.46244925,13.43207508,16.48614709,,,
03/01/2050,10.26647907,10.03289054,13.16352011,10.46355381,13.4387093,16.49669063,,,
04/01/2050,10.26719298,10.03307032,13.17035742,10.46477618,13.44603893,16.50833397,,,
05/01/2050,10.26788364,10.03324431,13.1769616,10.46595863,13.4531178,16.51957425,,,
06/01/2050,10.26859698,10.03342398,13.18377246,10.46717985,13.46041732,16.53115982,,,
07/01/2050,10.26928701,10.03359779,13.19035105,10.46836111,13.46746708,16.54234412,,,
08/01/2050,10.26999964,10.03377722,13.19713544,10.46958106,13.47473655,16.55387213,,,
09/01/2050,10.27071225,10.03395687,13.20390683,10.47080069,13.48199126,16.5653716,,,
10/01/2050,10.27140171,10.03413078,13.2104475,10.47198054,13.48899806,16.57647347,,,
11/01/2050,10.27211389,10.03431046,13.21719308,10.47319918,13.49622358,16.58791698,,,
12/01/2050,10.27280255,10.034484,13.22370848,10.47437769,13.50320182,16.59896411,,,
01/01/2051,10.27351408,10.03466348,13.23042813,10.47559511,13.51039804,16.61035124,,,
02/01/2051,10.27422508,10.03484265,13.23713447,10.47681172,13.51757924,16.62170988,,,
03/01/2051,10.27486721,10.03500462,13.24318134,10.47791029,13.52405368,16.63194653,,,
04/01/2051,10.27557763,10.03518364,13.24986287,10.47912577,13.53120692,16.64325161,,,
05/01/2051,10.27626482,10.03535679,13.25631667,10.48030147,13.53811565,16.65416551,,,
06/01/2051,10.27697473,10.03553575,13.26297275,10.48151587,13.5452402,16.66541563,,,
07/01/2051,10.27766135,10.03570876,13.26940194,10.48269047,13.55212124,16.67627675,,,
08/01/2051,10.27837087,10.03588778,13.27603291,10.48390393,13.55921755,16.68747277,,,
09/01/2051,10.27908012,10.03606676,13.28265114,10.48511684,13.56629955,16.69864145,,,
10/01/2051,10.27976589,10.03623956,13.2890436,10.48628976,13.57313933,16.70942353,,,
11/01/2051,10.28047418,10.03641801,13.29563634,10.48750117,13.58019271,16.72053766,,,
12/01/2051,10.28115921,10.03659048,13.30200437,10.48867282,13.58700504,16.7312678,,,
01/01/2052,10.28186694,10.03676881,13.30857217,10.48988311,13.59403045,16.74232884,,,
02/01/2052,10.28257445,10.03694713,13.31512746,10.4910929,13.60104182,16.75336298,,,
03/01/2052,10.28323602,10.03711384,13.32124881,10.4922241,13.60758849,16.76366183,,,
04/01/2052,10.2839433,10.03729237,13.32778021,10.49343312,13.61457312,16.77464501,,,
05/01/2052,10.28462711,10.03746469,13.33408893,10.49460223,13.62131906,16.78524892,,,
06/01/2052,10.28533344,10.03764268,13.34059557,10.49580975,13.62827605,16.79618012,,,
07/01/2052,10.28601683,10.03781499,13.34688091,10.4969779,13.63499585,16.80673443,,,
08/01/2052,10.28672281,10.03799305,13.35336357,10.49818451,13.64192604,16.81761455,,,
09/01/2052,10.28742833,10.03817083,13.35983381,10.49939035,13.64884237,16.82846858,,,
10/01/2052,10.28811074,10.03834271,13.36608381,10.50055669,13.65552269,16.83894788,,,
11/01/2052,10.28881568,10.03852031,13.37253,10.50176139,13.66241213,16.84975062,,,
12/01/2052,10.28949781,10.03869231,13.37875709,10.50292689,13.66906687,16.86018134,,,
01/01/2053,10.29020254,10.03887009,13.38517984,10.5041308,13.67593013,16.87093438,,,
02/01/2053,10.29090655,10.03904734,13.39159012,10.50533371,13.6827795,16.88166137,,,
03/01/2053,10.29154236,10.03920751,13.39737038,10.50641988,13.68895522,16.89132938,,,
04/01/2053,10.29224596,10.0393847,13.4037579,10.50762181,13.69577919,16.90200822,,,
05/01/2053,10.29292642,10.0395559,13.409928,10.50878425,13.7023705,16.91231869,,,
06/01/2053,10.29362952,10.03973294,13.41629207,10.50998508,13.70916818,16.92294795,,,
07/01/2053,10.29430957,10.03990407,13.42243963,10.51114653,13.71573418,16.93321071,,,
08/01/2053,10.2950121,10.04008089,13.42878037,10.51234619,13.72250598,16.94379114,,,
09/01/2053,10.29571434,10.0402576,13.43510933,10.51354527,13.72926466,16.95434689,,,
10/01/2053,10.29639374,10.04042859,13.44122322,10.5147052,13.73579317,16.96453881,,,
11/01/2053,10.29709549,10.04060515,13.44752919,10.51590319,13.74252626,16.97504649,,,
12/01/2053,10.2977745,10.04077608,13.45362103,10.51706215,13.74903022,16.98519247,,,
01/01/2054,10.29847602,10.04095275,13.4599045,10.51825931,13.75573827,16.99565266,,,
02/01/2054,10.29917692,10.04112896,13.4661761,10.51945555,13.76243314,17.00608809,,,
03/01/2054,10.29980999,10.04128826,13.47183161,10.52053578,13.7684699,17.01549426,,,
04/01/2054,10.30051029,10.0414642,13.47808127,10.52173086,13.77514034,17.02588408,,,
05/01/2054,10.30118795,10.04163457,13.48411879,10.52288704,13.78158387,17.03591619,,,
06/01/2054,10.30188804,10.04181063,13.49034629,10.52408131,13.78822964,17.04625947,,,
07/01/2054,10.30256495,10.04198056,13.49636194,10.52523619,13.79464885,17.0562461,,,
08/01/2054,10.30326429,10.0421562,13.50256688,10.52642912,13.80126953,17.06654206,,,
09/01/2054,10.30396375,10.04233213,13.50876095,10.52762187,13.80787812,17.07681558,,,
10/01/2054,10.30464019,10.04250208,13.51474452,10.52877541,13.81426167,17.08673513,,,
11/01/2054,10.30533873,10.04267741,13.52091617,10.52996665,13.82084538,17.09696219,,,
12/01/2054,10.30601493,10.04284744,13.52687878,10.53111939,13.82720566,17.10683864,,,
01/01/2055,10.30671311,10.04302274,13.5330288,10.5323097,13.83376535,17.11702047,,,
02/01/2055,10.30741121,10.04319813,13.53916797,10.53349963,13.84031298,17.12717965,,,
03/01/2055,10.30804134,10.04335627,13.54470385,10.53457375,13.8462168,17.13633699,,,
04/01/2055,10.30873856,10.04353108,13.55082173,10.53576224,13.85274101,17.14645261,,,
05/01/2055,10.30941349,10.04370063,13.5567325,10.53691232,13.85904356,17.15622137,,,
06/01/2055,10.31011055,10.04387561,13.56282937,10.53810008,13.86554426,17.16629316,,,
07/01/2055,10.31078515,10.04404514,13.56871973,10.53924926,13.87182434,17.17601953,,,
08/01/2055,10.31148164,10.04421988,13.57479535,10.54043588,13.87830151,17.18604764,,,
09/01/2055,10.31217791,10.04439458,13.5808603,10.54162198,13.88476684,17.19605355,,,
10/01/2055,10.31285159,10.04456365,13.58671973,10.54276943,13.89101263,17.20571616,,,
11/01/2055,10.31354727,10.04473806,13.59276361,10.54395437,13.89745456,17.21567823,,,
12/01/2055,10.31422036,10.04490686,13.59860267,10.54510067,13.90367773,17.22529866,,,
01/01/2056,10.31491579,10.04508136,13.60462596,10.5462848,13.91009682,17.23521832,,,
02/01/2056,10.31561088,10.04525567,13.61063865,10.5474683,13.91650416,17.24511608,,,
03/01/2056,10.31626096,10.04541872,13.61625433,10.54857503,13.92248803,17.25435652,,,
04/01/2056,10.31695539,10.04559269,13.62224662,10.54975732,13.92887278,17.26421244,,,
05/01/2056,10.31762732,10.0457611,13.62803646,10.55090111,13.9350409,17.27373064,,,
06/01/2056,10.31832148,10.04593511,13.6340112,10.55208256,13.94140322,17.28354454,,,
07/01/2056,10.31899259,10.046103,13.63978478,10.55322499,13.94754913,17.29302167,,,
08/01/2056,10.31968604,10.04627663,13.64574218,10.55440519,13.95388871,17.30279374,,,
09/01/2056,10.32037948,10.04645042,13.65169081,10.55558509,13.96021719,17.312545,,,
10/01/2056,10.32105013,10.04661831,13.65743875,10.55672624,13.96633076,17.32196192,,,
11/01/2056,10.32174298,10.04679183,13.66336908,10.55790501,13.97263695,17.33167188,,,
12/01/2056,10.32241328,10.04695969,13.66909932,10.55904528,13.97872925,17.34104926,,,
01/01/2057,10.3231054,10.04713278,13.67501158,10.56022277,13.98501314,17.35071803,,,
02/01/2057,10.32379767,10.04730618,13.68091674,10.56140011,13.99128627,17.36036658,,,
03/01/2057,10.32442229,10.04746227,13.68624357,10.56246265,13.9969428,17.36906412,,,
04/01/2057,10.32511378,10.04763518,13.69213307,10.56363869,14.00319444,17.37867309,,,
05/01/2057,10.32578271,10.04780239,13.69782459,10.56477625,14.00923401,17.3879528,,,
06/01/2057,10.32647394,10.04797533,13.70369743,10.56595144,14.01546416,17.39752195,,,
07/01/2057,10.32714234,10.04814229,13.70937229,10.56708793,14.02148277,17.4067632,,,
08/01/2057,10.32783284,10.04831478,13.71522744,10.56826183,14.02769115,17.41629245,,,
09/01/2057,10.32852323,10.04848731,13.72107376,10.56943533,14.0338888,17.4258018,,,
10/01/2057,10.32919121,10.04865426,13.72672312,10.57057056,14.03987651,17.43498601,,,
11/01/2057,10.32988102,10.04882648,13.73255153,10.57174291,14.04605286,17.44445636,,,
12/01/2057,10.33054859,10.04899328,13.73818362,10.57287716,14.05202017,17.45360297,,,
01/01/2058,10.33123826,10.04916563,13.74399447,10.57404878,14.05817587,17.46303521,,,
02/01/2058,10.33192771,10.04933789,13.74979621,10.57521988,14.06432099,17.47244777,,,
03/01/2058,10.33255006,10.0494932,13.75502883,10.57627702,14.06986257,17.48093339,,,
04/01/2058,10.33323913,10.04966533,13.76081324,10.57744717,14.07598766,17.49030925,,,
05/01/2058,10.33390556,10.0498316,13.76640229,10.57857888,14.08190515,17.49936429,,,
06/01/2058,10.33459427,10.05000363,13.77216882,10.57974809,14.08800974,17.50870234,,,
07/01/2058,10.33526027,10.05016971,13.77774049,10.5808788,14.09390737,17.51772092,,,
08/01/2058,10.33594829,10.05034127,13.7834887,10.58204673,14.09999118,17.52702048,,,
09/01/2058,10.33663569,10.05051234,13.78922727,10.58321374,14.10606411,17.53630057,,,
10/01/2058,10.33730117,10.05067826,13.79477262,10.58434307,14.11193192,17.54526411,,,
11/01/2058,10.33798821,10.05084922,13.80049327,10.58550914,14.11798461,17.55450705,,,
12/01/2058,10.33865322,10.05101491,13.80602119,10.58663744,14.12383276,17.56343462,,,
01/01/2059,10.3393402,10.05118606,13.81172435,10.58780286,14.12986573,17.57264128,,,
02/01/2059,10.34002691,10.05135707,13.81741846,10.58896771,14.13588853,17.58182951,,,
03/01/2059,10.34064685,10.05151131,13.82255405,10.59001928,14.14132009,17.59011344,,,
04/01/2059,10.34133316,10.05168214,13.82823106,10.59118317,14.14732371,17.59926638,,,
05/01/2059,10.34199708,10.05184732,13.83371644,10.59230899,14.1531242,17.60810681,,,
06/01/2059,10.34268306,10.05201808,13.83937592,10.59347197,14.1591082,17.61722388,,,
07/01/2059,10.34334645,10.05218298,13.84484419,10.59459671,14.16488958,17.62602953,,,
08/01/2059,10.34403203,10.05235357,13.85048612,10.59575871,14.17085405,17.63511086,,,
09/01/2059,10.3447172,10.05252388,13.85611902,10.59692002,14.17680847,17.64417407,,,
10/01/2059,10.34537995,10.05268849,13.86156176,10.59804328,14.18256142,17.65292765,,,
11/01/2059,10.34606443,10.05285835,13.86717688,10.59920334,14.18849612,17.66195493,,,
12/01/2059,10.34672685,10.05302287,13.8726028,10.60032572,14.1942304,17.6706744,,,
01/01/2060,10.34741122,10.05319287,13.87820089,10.60148509,14.20014616,17.67966679,,,
02/01/2060,10.34809528,10.05336267,13.88379011,10.60264386,14.2060521,17.68864139,,,
03/01/2060,10.34873458,10.053521,13.88901059,10.60372701,14.21156805,17.69702104,,,
04/01/2060,10.34941829,10.05369071,13.89458292,10.60488489,14.21745529,17.70596164,,,
05/01/2060,10.35007994,10.05385505,13.89996765,10.60600513,14.22314391,17.71459797,,,
06/01/2060,10.35076352,10.05402488,13.90552343,10.60716231,14.2290128,17.72350522,,,
07/01/2060,10.35142458,10.05418887,13.91089169,10.60828143,14.23468321,17.73210854,,,
08/01/2060,10.35210758,10.05435835,13.91643043,10.60943747,14.24053329,17.74098147,,,
09/01/2060,10.35278976,10.05452713,13.92195995,10.61059242,14.24637326,17.74983645,,,
10/01/2060,10.35345007,10.05469073,13.9273034,10.61171,14.25201632,17.75839008,,,
11/01/2060,10.35413218,10.0548597,13.93281644,10.61286432,14.25783808,17.76721159,,,
12/01/2060,10.35479229,10.05502333,13.93814395,10.61398114,14.26346353,17.77573324,,,
01/01/2061,10.35547427,10.05519242,13.94364074,10.61513479,14.26926734,17.78452216,,,
