Date,Critical head + 20 feet,Critical head + 50 feet,base,Critical head,2015 water level scenario,Historical low scenario,Date_S,Measured Subsidence,Source
12/12/1941,0,0,0,0,0,0,05/01/1949,0,Leveling
01/01/1942,0.00079914,0.00079914,0.00079914,0.00079914,0.00079914,0.00079914,01/01/1959,0,Leveling
02/01/1942,0.00322989,0.00322989,0.00322989,0.00322989,0.00322989,0.00322989,09/30/1970,1.369,Leveling
03/01/1942,0.001373049,0.001373049,0.001373049,0.001373049,0.001373049,0.001373049,03/26/1973,1.299,Leveling
04/01/1942,0.001875091,0.001875091,0.001875091,0.001875091,0.001875091,0.001875091,01/20/1981,2.309,Leveling
05/01/1942,0.00026947,0.00026947,0.00026947,0.00026947,0.00026947,0.00026947,11/06/1986,2.389,Leveling
06/01/1942,-0.000571309,-0.000571309,-0.000571309,-0.000571309,-0.000571309,-0.000571309,03/01/1988,2.679,Leveling
07/01/1942,-0.005088114,-0.005088114,-0.005088114,-0.005088114,-0.005088114,-0.005088114,07/01/1990,2.839,Leveling
08/01/1942,-0.004586892,-0.004586892,-0.004586892,-0.004586892,-0.004586892,-0.004586892,07/30/1999,4.72,Leveling
09/01/1942,-0.003647653,-0.003647653,-0.003647653,-0.003647653,-0.003647653,-0.003647653,07/21/2002,4.88,Leveling
10/01/1942,-0.000519831,-0.000519831,-0.000519831,-0.000519831,-0.000519831,-0.000519831,10/01/2003,4.835947641,InSAR
11/01/1942,-0.003619896,-0.003619896,-0.003619896,-0.003619896,-0.003619896,-0.003619896,11/01/2003,4.797889897,InSAR
12/01/1942,-0.003185537,-0.003185537,-0.003185537,-0.003185537,-0.003185537,-0.003185537,12/01/2003,4.806420081,InSAR
01/01/1943,-0.004758157,-0.004758157,-0.004758157,-0.004758157,-0.004758157,-0.004758157,01/01/2004,4.791984385,InSAR
02/01/1943,-0.007725529,-0.007725529,-0.007725529,-0.007725529,-0.007725529,-0.007725529,02/01/2004,4.782469949,InSAR
03/01/1943,-0.005957006,-0.005957006,-0.005957006,-0.005957006,-0.005957006,-0.005957006,03/01/2004,4.782798033,InSAR
04/01/1943,-0.005712951,-0.005712951,-0.005712951,-0.005712951,-0.005712951,-0.005712951,08/01/2004,4.978664181,InSAR
05/01/1943,-0.006000352,-0.006000352,-0.006000352,-0.006000352,-0.006000352,-0.006000352,09/01/2004,4.969805913,InSAR
06/01/1943,-0.007774993,-0.007774993,-0.007774993,-0.007774993,-0.007774993,-0.007774993,10/01/2004,4.936997513,InSAR
07/01/1943,-0.005356085,-0.005356085,-0.005356085,-0.005356085,-0.005356085,-0.005356085,11/01/2004,4.892706173,InSAR
08/01/1943,-0.006696283,-0.006696283,-0.006696283,-0.006696283,-0.006696283,-0.006696283,12/01/2004,4.853336093,InSAR
09/01/1943,-0.007719347,-0.007719347,-0.007719347,-0.007719347,-0.007719347,-0.007719347,01/01/2005,4.826433205,InSAR
10/01/1943,-0.012034606,-0.012034606,-0.012034606,-0.012034606,-0.012034606,-0.012034606,02/01/2005,4.827745541,InSAR
11/01/1943,-0.0128793,-0.0128793,-0.0128793,-0.0128793,-0.0128793,-0.0128793,03/01/2005,4.836603809,InSAR
12/01/1943,-0.017217494,-0.017217494,-0.017217494,-0.017217494,-0.017217494,-0.017217494,04/01/2005,4.846446329,InSAR
01/01/1944,-0.015941304,-0.015941304,-0.015941304,-0.015941304,-0.015941304,-0.015941304,05/01/2005,4.886472577,InSAR
02/01/1944,-0.016271892,-0.016271892,-0.016271892,-0.016271892,-0.016271892,-0.016271892,06/01/2005,4.964228485,InSAR
03/01/1944,-0.015248791,-0.015248791,-0.015248791,-0.015248791,-0.015248791,-0.015248791,07/01/2005,5.036406965,InSAR
04/01/1944,-0.015465389,-0.015465389,-0.015465389,-0.015465389,-0.015465389,-0.015465389,08/20/2005,4.995574772,Leveling
05/01/1944,-0.012127082,-0.012127082,-0.012127082,-0.012127082,-0.012127082,-0.012127082,01/01/2006,4.886144493,InSAR
06/01/1944,-0.012995442,-0.012995442,-0.012995442,-0.012995442,-0.012995442,-0.012995442,02/01/2006,4.875317721,InSAR
07/01/1944,-0.01437482,-0.01437482,-0.01437482,-0.01437482,-0.01437482,-0.01437482,03/01/2006,4.893362341,InSAR
08/01/1944,-0.015723259,-0.015723259,-0.015723259,-0.015723259,-0.015723259,-0.015723259,04/01/2006,4.925186489,InSAR
09/01/1944,-0.013499318,-0.013499318,-0.013499318,-0.013499318,-0.013499318,-0.013499318,05/01/2006,4.956026385,InSAR
10/01/1944,-0.016343149,-0.016343149,-0.016343149,-0.016343149,-0.016343149,-0.016343149,08/01/2007,5.145658937,InSAR
11/01/1944,-0.01632424,-0.01632424,-0.01632424,-0.01632424,-0.01632424,-0.01632424,09/01/2007,5.147955525,InSAR
12/01/1944,-0.014961314,-0.014961314,-0.014961314,-0.014961314,-0.014961314,-0.014961314,10/01/2007,5.123021141,InSAR
01/01/1945,-0.011443052,-0.011443052,-0.011443052,-0.011443052,-0.011443052,-0.011443052,11/01/2007,5.093821665,InSAR
02/01/1945,-0.011039765,-0.011039765,-0.011039765,-0.011039765,-0.011039765,-0.011039765,12/01/2007,5.056420089,InSAR
03/01/1945,-0.014052511,-0.014052511,-0.014052511,-0.014052511,-0.014052511,-0.014052511,01/01/2008,5.013769169,InSAR
04/01/1945,-0.013246005,-0.013246005,-0.013246005,-0.013246005,-0.013246005,-0.013246005,02/01/2008,4.992115625,InSAR
05/01/1945,-0.012101319,-0.012101319,-0.012101319,-0.012101319,-0.012101319,-0.012101319,03/01/2008,5.009504077,InSAR
06/01/1945,-0.011475064,-0.011475064,-0.011475064,-0.011475064,-0.011475064,-0.011475064,04/01/2008,5.046249485,InSAR
07/01/1945,-0.011295213,-0.011295213,-0.011295213,-0.011295213,-0.011295213,-0.011295213,05/01/2008,5.081682557,InSAR
08/01/1945,-0.010244554,-0.010244554,-0.010244554,-0.010244554,-0.010244554,-0.010244554,06/01/2008,5.132863661,InSAR
09/01/1945,-0.010217422,-0.010217422,-0.010217422,-0.010217422,-0.010217422,-0.010217422,06/17/2008,5.087766376,Leveling
10/01/1945,-0.01289966,-0.01289966,-0.01289966,-0.01289966,-0.01289966,-0.01289966,07/01/2008,5.172889909,InSAR
11/01/1945,-0.010489545,-0.010489545,-0.010489545,-0.010489545,-0.010489545,-0.010489545,08/01/2008,5.191590697,InSAR
12/01/1945,-0.012196837,-0.012196837,-0.012196837,-0.012196837,-0.012196837,-0.012196837,09/01/2008,5.189294109,InSAR
01/01/1946,-0.012316355,-0.012316355,-0.012316355,-0.012316355,-0.012316355,-0.012316355,02/01/2009,5.058716677,InSAR
02/01/1946,-0.009390353,-0.009390353,-0.009390353,-0.009390353,-0.009390353,-0.009390353,03/01/2009,5.069215365,InSAR
03/01/1946,-0.008986708,-0.008986708,-0.008986708,-0.008986708,-0.008986708,-0.008986708,04/01/2009,5.105960773,InSAR
04/01/1946,-0.010345524,-0.010345524,-0.010345524,-0.010345524,-0.010345524,-0.010345524,05/01/2009,5.153532953,InSAR
05/01/1946,-0.009527446,-0.009527446,-0.009527446,-0.009527446,-0.009527446,-0.009527446,06/13/2015,6.072674544,InSAR
06/01/1946,-0.005791696,-0.005791696,-0.005791696,-0.005791696,-0.005791696,-0.005791696,06/19/2015,6.075955384,InSAR
07/01/1946,-0.005081803,-0.005081803,-0.005081803,-0.005081803,-0.005081803,-0.005081803,06/25/2015,6.076283468,InSAR
08/01/1946,-0.002280468,-0.002280468,-0.002280468,-0.002280468,-0.002280468,-0.002280468,07/01/2015,6.075299216,InSAR
09/01/1946,-0.005157432,-0.005157432,-0.005157432,-0.005157432,-0.005157432,-0.005157432,07/07/2015,6.073658796,InSAR
10/01/1946,-0.007043841,-0.007043841,-0.007043841,-0.007043841,-0.007043841,-0.007043841,07/13/2015,6.071690292,InSAR
11/01/1946,-0.003948058,-0.003948058,-0.003948058,-0.003948058,-0.003948058,-0.003948058,07/20/2015,6.07070604,InSAR
12/01/1946,-0.007312152,-0.007312152,-0.007312152,-0.007312152,-0.007312152,-0.007312152,07/26/2015,6.069721788,InSAR
01/01/1947,-0.008181041,-0.008181041,-0.008181041,-0.008181041,-0.008181041,-0.008181041,08/01/2015,6.070049872,InSAR
02/01/1947,-0.008440301,-0.008440301,-0.008440301,-0.008440301,-0.008440301,-0.008440301,08/07/2015,6.06906562,InSAR
03/01/1947,-0.009421914,-0.009421914,-0.009421914,-0.009421914,-0.009421914,-0.009421914,08/13/2015,6.07070604,InSAR
04/01/1947,-0.010502845,-0.010502845,-0.010502845,-0.010502845,-0.010502845,-0.010502845,08/20/2015,6.070049872,InSAR
05/01/1947,-0.009229148,-0.009229148,-0.009229148,-0.009229148,-0.009229148,-0.009229148,08/26/2015,6.068737536,InSAR
06/01/1947,-0.01134624,-0.01134624,-0.01134624,-0.01134624,-0.01134624,-0.01134624,09/01/2015,6.068081368,InSAR
07/01/1947,-0.009869672,-0.009869672,-0.009869672,-0.009869672,-0.009869672,-0.009869672,09/07/2015,6.066112864,InSAR
08/01/1947,-0.008472282,-0.008472282,-0.008472282,-0.008472282,-0.008472282,-0.008472282,09/13/2015,6.063160108,InSAR
09/01/1947,-0.006674184,-0.006674184,-0.006674184,-0.006674184,-0.006674184,-0.006674184,09/19/2015,6.0592231,InSAR
10/01/1947,-0.009599706,-0.009599706,-0.009599706,-0.009599706,-0.009599706,-0.009599706,09/25/2015,6.056270344,InSAR
11/01/1947,-0.010495849,-0.010495849,-0.010495849,-0.010495849,-0.010495849,-0.010495849,10/01/2015,6.051021,InSAR
12/01/1947,-0.011002652,-0.011002652,-0.011002652,-0.011002652,-0.011002652,-0.011002652,10/07/2015,6.04774016,InSAR
01/01/1948,-0.012228859,-0.012228859,-0.012228859,-0.012228859,-0.012228859,-0.012228859,10/13/2015,6.042490816,InSAR
02/01/1948,-0.010846234,-0.010846234,-0.010846234,-0.010846234,-0.010846234,-0.010846234,10/20/2015,6.033632548,InSAR
03/01/1948,-0.011303437,-0.011303437,-0.011303437,-0.011303437,-0.011303437,-0.011303437,10/26/2015,6.029039372,InSAR
04/01/1948,-0.01016083,-0.01016083,-0.01016083,-0.01016083,-0.01016083,-0.01016083,11/01/2015,6.023790028,InSAR
05/01/1948,-0.009203643,-0.009203643,-0.009203643,-0.009203643,-0.009203643,-0.009203643,11/07/2015,6.018540684,InSAR
06/01/1948,-0.011733112,-0.011733112,-0.011733112,-0.011733112,-0.011733112,-0.011733112,11/13/2015,6.012307088,InSAR
07/01/1948,-0.010536613,-0.010536613,-0.010536613,-0.010536613,-0.010536613,-0.010536613,11/19/2015,6.0100105,InSAR
08/01/1948,-0.008960672,-0.008960672,-0.008960672,-0.008960672,-0.008960672,-0.008960672,11/25/2015,6.009354332,InSAR
09/01/1948,-0.003511472,-0.003511472,-0.003511472,-0.003511472,-0.003511472,-0.003511472,12/01/2015,6.006073492,InSAR
10/01/1948,-0.001785395,-0.001785395,-0.001785395,-0.001785395,-0.001785395,-0.001785395,12/07/2015,6.002792652,InSAR
11/01/1948,-0.004229249,-0.004229249,-0.004229249,-0.004229249,-0.004229249,-0.004229249,12/13/2015,5.99852756,InSAR
12/01/1948,-0.003408878,-0.003408878,-0.003408878,-0.003408878,-0.003408878,-0.003408878,12/20/2015,5.996230972,InSAR
01/01/1949,-0.000638645,-0.000638645,-0.000638645,-0.000638645,-0.000638645,-0.000638645,12/26/2015,5.990653544,InSAR
02/01/1949,0.001537134,0.001537134,0.001537134,0.001537134,0.001537134,0.001537134,01/01/2016,5.989669292,InSAR
03/01/1949,0.000948588,0.000948588,0.000948588,0.000948588,0.000948588,0.000948588,01/01/2016,5.989669292,Leveling
04/01/1949,0.003687136,0.003687136,0.003687136,0.003687136,0.003687136,0.003687136,01/07/2016,5.987372704,InSAR
05/01/1949,0.00382231,0.00382231,0.00382231,0.00382231,0.00382231,0.00382231,01/13/2016,5.989669292,InSAR
06/01/1949,0.002867073,0.002867073,0.002867073,0.002867073,0.002867073,0.002867073,01/20/2016,5.989669292,InSAR
07/01/1949,0.004085646,0.004085646,0.004085646,0.004085646,0.004085646,0.004085646,01/26/2016,5.993934384,InSAR
08/01/1949,0.00307336,0.00307336,0.00307336,0.00307336,0.00307336,0.00307336,02/01/2016,5.995902888,InSAR
09/01/1949,0.004603163,0.004603163,0.004603163,0.004603163,0.004603163,0.004603163,02/07/2016,5.994918636,InSAR
10/01/1949,-0.000477298,-0.000477298,-0.000477298,-0.000477298,-0.000477298,-0.000477298,02/13/2016,5.992950132,InSAR
11/01/1949,-0.002512185,-0.002512185,-0.002512185,-0.002512185,-0.002512185,-0.002512185,02/18/2016,5.99196588,InSAR
12/01/1949,-0.000695623,-0.000695623,-0.000695623,-0.000695623,-0.000695623,-0.000695623,02/24/2016,5.992950132,InSAR
01/01/1950,0.000284541,0.000284541,0.000284541,0.000284541,0.000284541,0.000284541,03/01/2016,5.989997376,InSAR
02/01/1950,-0.000451741,-0.000451741,-0.000451741,-0.000451741,-0.000451741,-0.000451741,03/07/2016,5.992293964,InSAR
03/01/1950,0.00154232,0.00154232,0.00154232,0.00154232,0.00154232,0.00154232,03/13/2016,5.997871392,InSAR
04/01/1950,0.00383331,0.00383331,0.00383331,0.00383331,0.00383331,0.00383331,03/20/2016,5.999839896,InSAR
05/01/1950,0.005851121,0.005851121,0.005851121,0.005851121,0.005851121,0.005851121,03/26/2016,6.004433072,InSAR
06/01/1950,0.007259137,0.007259137,0.007259137,0.007259137,0.007259137,0.007259137,04/01/2016,6.009026248,InSAR
07/01/1950,0.008857374,0.008857374,0.008857374,0.008857374,0.008857374,0.008857374,04/07/2016,6.012307088,InSAR
08/01/1950,0.008246132,0.008246132,0.008246132,0.008246132,0.008246132,0.008246132,04/13/2016,6.016244096,InSAR
09/01/1950,0.007887811,0.007887811,0.007887811,0.007887811,0.007887811,0.007887811,04/19/2016,6.02313386,InSAR
10/01/1950,0.005138056,0.005138056,0.005138056,0.005138056,0.005138056,0.005138056,04/25/2016,6.033304464,InSAR
11/01/1950,0.009287576,0.009287576,0.009287576,0.009287576,0.009287576,0.009287576,05/01/2016,6.043475068,InSAR
12/01/1950,0.01005098,0.01005098,0.01005098,0.01005098,0.01005098,0.01005098,05/07/2016,6.052989504,InSAR
01/01/1951,0.007676683,0.007676683,0.007676683,0.007676683,0.007676683,0.007676683,05/13/2016,6.061191604,InSAR
02/01/1951,0.009945764,0.009945764,0.009945764,0.009945764,0.009945764,0.009945764,05/20/2016,6.06578478,InSAR
03/01/1951,0.010104507,0.010104507,0.010104507,0.010104507,0.010104507,0.010104507,05/26/2016,6.068081368,InSAR
04/01/1951,0.010396511,0.010396511,0.010396511,0.010396511,0.010396511,0.010396511,06/01/2016,6.069721788,InSAR
05/01/1951,0.013027763,0.013027763,0.013027763,0.013027763,0.013027763,0.013027763,06/07/2016,6.073002628,InSAR
06/01/1951,0.010027228,0.010027228,0.010027228,0.010027228,0.010027228,0.010027228,06/13/2016,6.076939636,InSAR
07/01/1951,0.01072088,0.01072088,0.01072088,0.01072088,0.01072088,0.01072088,06/19/2016,6.079892392,InSAR
08/01/1951,0.011312911,0.011312911,0.011312911,0.011312911,0.011312911,0.011312911,06/25/2016,6.081860896,InSAR
09/01/1951,0.011328895,0.011328895,0.011328895,0.011328895,0.011328895,0.011328895,07/01/2016,6.086454072,InSAR
10/01/1951,0.011554938,0.011554938,0.011554938,0.011554938,0.011554938,0.011554938,07/07/2016,6.090719164,InSAR
11/01/1951,0.010674489,0.010674489,0.010674489,0.010674489,0.010674489,0.010674489,07/13/2016,6.09367192,InSAR
12/01/1951,0.009453504,0.009453504,0.009453504,0.009453504,0.009453504,0.009453504,07/20/2016,6.095968508,InSAR
01/01/1952,0.008623151,0.008623151,0.008623151,0.008623151,0.008623151,0.008623151,07/26/2016,6.098265096,InSAR
02/01/1952,0.009339763,0.009339763,0.009339763,0.009339763,0.009339763,0.009339763,08/01/2016,6.100889768,InSAR
03/01/1952,0.010078254,0.010078254,0.010078254,0.010078254,0.010078254,0.010078254,08/07/2016,6.104498692,InSAR
04/01/1952,0.010756923,0.010756923,0.010756923,0.010756923,0.010756923,0.010756923,08/13/2016,6.104826776,InSAR
05/01/1952,0.010162709,0.010162709,0.010162709,0.010162709,0.010162709,0.010162709,08/20/2016,6.108763784,InSAR
06/01/1952,0.009159708,0.009159708,0.009159708,0.009159708,0.009159708,0.009159708,08/26/2016,6.104826776,InSAR
07/01/1952,0.011348459,0.011348459,0.011348459,0.011348459,0.011348459,0.011348459,09/01/2016,6.10351444,InSAR
08/01/1952,0.011044494,0.011044494,0.011044494,0.011044494,0.011044494,0.011044494,09/07/2016,6.09859318,InSAR
09/01/1952,0.007160439,0.007160439,0.007160439,0.007160439,0.007160439,0.007160439,09/13/2016,6.092359584,InSAR
10/01/1952,0.009996937,0.009996937,0.009996937,0.009996937,0.009996937,0.009996937,09/19/2016,6.086125988,InSAR
11/01/1952,0.010004275,0.010004275,0.010004275,0.010004275,0.010004275,0.010004275,09/25/2016,6.081204728,InSAR
12/01/1952,0.008294413,0.008294413,0.008294413,0.008294413,0.008294413,0.008294413,10/01/2016,6.073330712,InSAR
01/01/1953,0.011366819,0.011366819,0.011366819,0.011366819,0.011366819,0.011366819,10/07/2016,6.066112864,InSAR
02/01/1953,0.00795171,0.00795171,0.00795171,0.00795171,0.00795171,0.00795171,10/13/2016,6.06414436,InSAR
03/01/1953,0.009553934,0.009553934,0.009553934,0.009553934,0.009553934,0.009553934,10/20/2016,6.0592231,InSAR
04/01/1953,0.013521119,0.013521119,0.013521119,0.013521119,0.013521119,0.013521119,10/26/2016,6.057910764,InSAR
05/01/1953,0.014372359,0.014372359,0.014372359,0.014372359,0.014372359,0.014372359,11/01/2016,6.055614176,InSAR
06/01/1953,0.012828984,0.012828984,0.012828984,0.012828984,0.012828984,0.012828984,11/07/2016,6.052333336,InSAR
07/01/1953,0.014115066,0.014115066,0.014115066,0.014115066,0.014115066,0.014115066,11/13/2016,6.048396328,InSAR
08/01/1953,0.014543579,0.014543579,0.014543579,0.014543579,0.014543579,0.014543579,11/19/2016,6.044131236,InSAR
09/01/1953,0.012538672,0.012538672,0.012538672,0.012538672,0.012538672,0.012538672,11/25/2016,6.040194228,InSAR
10/01/1953,0.012815606,0.012815606,0.012815606,0.012815606,0.012815606,0.012815606,12/01/2016,6.03625722,InSAR
11/01/1953,0.015141935,0.015141935,0.015141935,0.015141935,0.015141935,0.015141935,12/07/2016,6.033304464,InSAR
12/01/1953,0.015563177,0.015563177,0.015563177,0.015563177,0.015563177,0.015563177,12/13/2016,6.03133596,InSAR
01/01/1954,0.017986029,0.017986029,0.017986029,0.017986029,0.017986029,0.017986029,12/20/2016,6.02313386,InSAR
02/01/1954,0.015755433,0.015755433,0.015755433,0.015755433,0.015755433,0.015755433,12/26/2016,6.01985302,InSAR
03/01/1954,0.014278102,0.014278102,0.014278102,0.014278102,0.014278102,0.014278102,01/01/2017,6.017884516,InSAR
04/01/1954,0.013646554,0.013646554,0.013646554,0.013646554,0.013646554,0.013646554,01/07/2017,6.019524936,InSAR
05/01/1954,0.011929185,0.011929185,0.011929185,0.011929185,0.011929185,0.011929185,01/13/2017,6.008698164,InSAR
06/01/1954,0.01191904,0.01191904,0.01191904,0.01191904,0.01191904,0.01191904,01/20/2017,6.009026248,InSAR
07/01/1954,0.010253316,0.010253316,0.010253316,0.010253316,0.010253316,0.010253316,01/26/2017,6.018540684,InSAR
08/01/1954,0.007086081,0.007086081,0.007086081,0.007086081,0.007086081,0.007086081,02/01/2017,6.02149344,InSAR
09/01/1954,0.008448418,0.008448418,0.008448418,0.008448418,0.008448418,0.008448418,02/07/2017,6.021165356,InSAR
10/01/1954,0.007666787,0.007666787,0.007666787,0.007666787,0.007666787,0.007666787,02/12/2017,6.024118112,InSAR
11/01/1954,0.007816147,0.007816147,0.007816147,0.007816147,0.007816147,0.007816147,02/18/2017,6.024118112,InSAR
12/01/1954,0.009237731,0.009237731,0.009237731,0.009237731,0.009237731,0.009237731,02/23/2017,6.028383204,InSAR
01/01/1955,0.007764377,0.007764377,0.007764377,0.007764377,0.007764377,0.007764377,03/01/2017,6.03133596,InSAR
02/01/1955,0.007869098,0.007869098,0.007869098,0.007869098,0.007869098,0.007869098,03/07/2017,6.03133596,InSAR
03/01/1955,0.009712906,0.009712906,0.009712906,0.009712906,0.009712906,0.009712906,03/13/2017,6.038553808,InSAR
04/01/1955,0.009803662,0.009803662,0.009803662,0.009803662,0.009803662,0.009803662,03/20/2017,6.04445932,InSAR
05/01/1955,0.008852487,0.008852487,0.008852487,0.008852487,0.008852487,0.008852487,03/26/2017,6.047412076,InSAR
06/01/1955,0.010044931,0.010044931,0.010044931,0.010044931,0.010044931,0.010044931,04/01/2017,6.050692916,InSAR
07/01/1955,0.011342968,0.011342968,0.011342968,0.011342968,0.011342968,0.011342968,04/07/2017,6.063816276,InSAR
08/01/1955,0.013731604,0.013731604,0.013731604,0.013731604,0.013731604,0.013731604,04/13/2017,6.107342087,InSAR
09/01/1955,0.012254973,0.012254973,0.012254973,0.012254973,0.012254973,0.012254973,04/19/2017,6.107014003,InSAR
10/01/1955,0.014015578,0.014015578,0.014015578,0.014015578,0.014015578,0.014015578,04/25/2017,6.115872271,InSAR
11/01/1955,0.014066648,0.014066648,0.014066648,0.014066648,0.014066648,0.014066648,05/01/2017,6.128667547,InSAR
12/01/1955,0.012523469,0.012523469,0.012523469,0.012523469,0.012523469,0.012523469,05/07/2017,6.130964135,InSAR
01/01/1956,0.012919,0.012919,0.012919,0.012919,0.012919,0.012919,05/13/2017,6.129651799,InSAR
02/01/1956,0.012446515,0.012446515,0.012446515,0.012446515,0.012446515,0.012446515,05/20/2017,6.133260723,InSAR
03/01/1956,0.013143085,0.013143085,0.013143085,0.013143085,0.013143085,0.013143085,05/26/2017,6.136541563,InSAR
04/01/1956,0.011156159,0.011156159,0.011156159,0.011156159,0.011156159,0.011156159,06/01/2017,6.135885395,InSAR
05/01/1956,0.013655944,0.013655944,0.013655944,0.013655944,0.013655944,0.013655944,06/07/2017,6.136541563,InSAR
06/01/1956,0.01523628,0.01523628,0.01523628,0.01523628,0.01523628,0.01523628,06/13/2017,6.136869647,InSAR
07/01/1956,0.016317041,0.016317041,0.016317041,0.016317041,0.016317041,0.016317041,06/19/2017,6.136213479,InSAR
08/01/1956,0.01520945,0.01520945,0.01520945,0.01520945,0.01520945,0.01520945,06/20/2017,6.136650924,Leveling
09/01/1956,0.016107428,0.016107428,0.016107428,0.016107428,0.016107428,0.016107428,06/25/2017,6.138838151,InSAR
10/01/1956,0.015974932,0.015974932,0.015974932,0.015974932,0.015974932,0.015974932,07/01/2017,6.145727915,InSAR
11/01/1956,0.015413073,0.015413073,0.015413073,0.015413073,0.015413073,0.015413073,07/07/2017,6.151633427,InSAR
12/01/1956,0.01599945,0.01599945,0.01599945,0.01599945,0.01599945,0.01599945,07/13/2017,6.155898519,InSAR
01/01/1957,0.015828208,0.015828208,0.015828208,0.015828208,0.015828208,0.015828208,07/20/2017,6.157538939,InSAR
02/01/1957,0.014754533,0.014754533,0.014754533,0.014754533,0.014754533,0.014754533,07/26/2017,6.157538939,InSAR
03/01/1957,0.010766759,0.010766759,0.010766759,0.010766759,0.010766759,0.010766759,08/01/2017,6.159835527,InSAR
04/01/1957,0.008804467,0.008804467,0.008804467,0.008804467,0.008804467,0.008804467,08/07/2017,6.162460199,InSAR
05/01/1957,0.004469506,0.004469506,0.004469506,0.004469506,0.004469506,0.004469506,08/13/2017,6.162132115,InSAR
06/01/1957,0.007632173,0.007632173,0.007632173,0.007632173,0.007632173,0.007632173,08/20/2017,6.158851275,InSAR
07/01/1957,0.014280862,0.014280862,0.014280862,0.014280862,0.014280862,0.014280862,08/26/2017,6.154258099,InSAR
08/01/1957,0.024144406,0.024144406,0.024144406,0.024144406,0.024144406,0.024144406,09/01/2017,6.148680671,InSAR
09/01/1957,0.040251458,0.040251458,0.040251458,0.040251458,0.040251458,0.040251458,09/07/2017,6.143103243,InSAR
10/01/1957,0.060855539,0.060855539,0.060855539,0.060855539,0.060855539,0.060855539,09/13/2017,6.136869647,InSAR
11/01/1957,0.086425296,0.086425296,0.086425296,0.086425296,0.086425296,0.086425296,09/19/2017,6.128339463,InSAR
12/01/1957,0.113374499,0.113374499,0.113374499,0.113374499,0.113374499,0.113374499,09/25/2017,6.120793531,InSAR
01/01/1958,0.125839913,0.125839913,0.125839913,0.125839913,0.125839913,0.125839913,10/01/2017,6.118168859,InSAR
02/01/1958,0.125955744,0.125955744,0.125955744,0.125955744,0.125955744,0.125955744,10/07/2017,6.121121615,InSAR
03/01/1958,0.123521134,0.123521134,0.123521134,0.123521134,0.123521134,0.123521134,10/13/2017,6.119153111,InSAR
04/01/1958,0.11862448,0.11862448,0.11862448,0.11862448,0.11862448,0.11862448,10/20/2017,6.115544187,InSAR
05/01/1958,0.112663,0.112663,0.112663,0.112663,0.112663,0.112663,10/26/2017,6.112591431,InSAR
06/01/1958,0.108439727,0.108439727,0.108439727,0.108439727,0.108439727,0.108439727,11/01/2017,6.110951011,InSAR
07/01/1958,0.109483361,0.109483361,0.109483361,0.109483361,0.109483361,0.109483361,11/07/2017,6.104061247,InSAR
08/01/1958,0.110276684,0.110276684,0.110276684,0.110276684,0.110276684,0.110276684,11/13/2017,6.098155735,InSAR
09/01/1958,0.11214919,0.11214919,0.11214919,0.11214919,0.11214919,0.11214919,11/19/2017,6.091265971,InSAR
10/01/1958,0.116906,0.116906,0.116906,0.116906,0.116906,0.116906,11/25/2017,6.083720039,InSAR
11/01/1958,0.121326894,0.121326894,0.121326894,0.121326894,0.121326894,0.121326894,12/01/2017,6.080439199,InSAR
12/01/1958,0.127103951,0.127103951,0.127103951,0.127103951,0.127103951,0.127103951,12/07/2017,6.078142611,InSAR
01/01/1959,0.127902979,0.127902979,0.127902979,0.127902979,0.127902979,0.127902979,12/13/2017,6.073877519,InSAR
02/01/1959,0.126728469,0.126728469,0.126728469,0.126728469,0.126728469,0.126728469,12/20/2017,6.069612427,InSAR
03/01/1959,0.121706653,0.121706653,0.121706653,0.121706653,0.121706653,0.121706653,12/26/2017,6.067972007,InSAR
04/01/1959,0.117998658,0.117998658,0.117998658,0.117998658,0.117998658,0.117998658,01/01/2018,6.062722663,InSAR
05/01/1959,0.114681811,0.114681811,0.114681811,0.114681811,0.114681811,0.114681811,01/07/2018,6.062066495,InSAR
06/01/1959,0.113841217,0.113841217,0.113841217,0.113841217,0.113841217,0.113841217,01/13/2018,6.059441823,InSAR
07/01/1959,0.119268843,0.119268843,0.119268843,0.119268843,0.119268843,0.119268843,01/20/2018,6.058785655,InSAR
08/01/1959,0.123826622,0.123826622,0.123826622,0.123826622,0.123826622,0.123826622,01/26/2018,6.058785655,InSAR
09/01/1959,0.126887224,0.126887224,0.126887224,0.126887224,0.126887224,0.126887224,02/01/2018,6.058129487,InSAR
10/01/1959,0.132326915,0.132326915,0.132326915,0.132326915,0.132326915,0.132326915,02/07/2018,6.054520563,InSAR
11/01/1959,0.138047579,0.138047579,0.138047579,0.138047579,0.138047579,0.138047579,02/12/2018,6.052552059,InSAR
12/01/1959,0.14251157,0.14251157,0.14251157,0.14251157,0.14251157,0.14251157,02/18/2018,6.049271219,InSAR
01/01/1960,0.149457473,0.149457473,0.149457473,0.149457473,0.149457473,0.149457473,02/23/2018,6.052880143,InSAR
02/01/1960,0.155705251,0.155705251,0.155705251,0.155705251,0.155705251,0.155705251,03/01/2018,6.053864395,InSAR
03/01/1960,0.160178148,0.160178148,0.160178148,0.160178148,0.160178148,0.160178148,03/07/2018,6.055504815,InSAR
04/01/1960,0.164660863,0.164660863,0.164660863,0.164660863,0.164660863,0.164660863,03/13/2018,6.058129487,InSAR
05/01/1960,0.17148425,0.17148425,0.17148425,0.17148425,0.17148425,0.17148425,03/20/2018,6.061082243,InSAR
06/01/1960,0.182348949,0.182348949,0.182348949,0.182348949,0.182348949,0.182348949,03/26/2018,6.064034999,InSAR
07/01/1960,0.196123526,0.196123526,0.196123526,0.196123526,0.196123526,0.196123526,04/01/2018,6.073221351,InSAR
08/01/1960,0.219378989,0.219378989,0.219378989,0.219378989,0.219378989,0.219378989,04/07/2018,6.082735787,InSAR
09/01/1960,0.244043817,0.244043817,0.244043817,0.244043817,0.244043817,0.244043817,04/13/2018,6.086344711,InSAR
10/01/1960,0.269891089,0.269891089,0.269891089,0.269891089,0.269891089,0.269891089,04/19/2018,6.090281719,InSAR
11/01/1960,0.297410735,0.297410735,0.297410735,0.297410735,0.297410735,0.297410735,04/25/2018,6.099468071,InSAR
12/01/1960,0.325647426,0.325647426,0.325647426,0.325647426,0.325647426,0.325647426,05/01/2018,6.106357835,InSAR
01/01/1961,0.33771025,0.33771025,0.33771025,0.33771025,0.33771025,0.33771025,05/07/2018,6.107998255,InSAR
02/01/1961,0.342159875,0.342159875,0.342159875,0.342159875,0.342159875,0.342159875,05/13/2018,6.108982507,InSAR
03/01/1961,0.343273846,0.343273846,0.343273846,0.343273846,0.343273846,0.343273846,05/20/2018,6.116856523,InSAR
04/01/1961,0.346543146,0.346543146,0.346543146,0.346543146,0.346543146,0.346543146,05/26/2018,6.123746287,InSAR
05/01/1961,0.347080947,0.347080947,0.347080947,0.347080947,0.347080947,0.347080947,06/01/2018,6.126370959,InSAR
06/01/1961,0.353499858,0.353499858,0.353499858,0.353499858,0.353499858,0.353499858,06/07/2018,6.131292219,InSAR
07/01/1961,0.360802126,0.360802126,0.360802126,0.360802126,0.360802126,0.360802126,06/13/2018,6.147040251,InSAR
08/01/1961,0.372322533,0.372322533,0.372322533,0.372322533,0.372322533,0.372322533,06/19/2018,6.156554687,InSAR
09/01/1961,0.386186189,0.386186189,0.386186189,0.386186189,0.386186189,0.386186189,06/25/2018,6.153273847,InSAR
10/01/1961,0.400740633,0.400740633,0.400740633,0.400740633,0.400740633,0.400740633,07/01/2018,6.153930015,InSAR
11/01/1961,0.414613297,0.414613297,0.414613297,0.414613297,0.414613297,0.414613297,07/07/2018,6.162460199,InSAR
12/01/1961,0.427605731,0.427605731,0.427605731,0.427605731,0.427605731,0.427605731,07/13/2018,6.171646551,InSAR
01/01/1962,0.438384818,0.438384818,0.438384818,0.438384818,0.438384818,0.438384818,07/20/2018,6.183457575,InSAR
02/01/1962,0.438725397,0.438725397,0.438725397,0.438725397,0.438725397,0.438725397,07/26/2018,6.187394583,InSAR
03/01/1962,0.439781508,0.439781508,0.439781508,0.439781508,0.439781508,0.439781508,08/01/2018,6.194612431,InSAR
04/01/1962,0.438621359,0.438621359,0.438621359,0.438621359,0.438621359,0.438621359,08/07/2018,6.194940515,InSAR
05/01/1962,0.438132575,0.438132575,0.438132575,0.438132575,0.438132575,0.438132575,08/13/2018,6.185097995,InSAR
06/01/1962,0.440778952,0.440778952,0.440778952,0.440778952,0.440778952,0.440778952,08/20/2018,6.181489071,InSAR
07/01/1962,0.448546728,0.448546728,0.448546728,0.448546728,0.448546728,0.448546728,08/26/2018,6.185426079,InSAR
08/01/1962,0.458555381,0.458555381,0.458555381,0.458555381,0.458555381,0.458555381,09/01/2018,6.182801407,InSAR
09/01/1962,0.468956444,0.468956444,0.468956444,0.468956444,0.468956444,0.468956444,09/07/2018,6.173943139,InSAR
10/01/1962,0.482134993,0.482134993,0.482134993,0.482134993,0.482134993,0.482134993,09/13/2018,6.169021879,InSAR
11/01/1962,0.492179988,0.492179988,0.492179988,0.492179988,0.492179988,0.492179988,09/19/2018,6.167381459,InSAR
12/01/1962,0.506094421,0.506094421,0.506094421,0.506094421,0.506094421,0.506094421,09/25/2018,6.166397207,InSAR
01/01/1963,0.50964551,0.50964551,0.50964551,0.50964551,0.50964551,0.50964551,10/01/2018,6.164100619,InSAR
02/01/1963,0.512941416,0.512941416,0.512941416,0.512941416,0.512941416,0.512941416,10/07/2018,6.163772535,InSAR
03/01/1963,0.508391782,0.508391782,0.508391782,0.508391782,0.508391782,0.508391782,10/13/2018,6.161147863,InSAR
04/01/1963,0.50477504,0.50477504,0.50477504,0.50477504,0.50477504,0.50477504,10/20/2018,6.154586183,InSAR
05/01/1963,0.501235353,0.501235353,0.501235353,0.501235353,0.501235353,0.501235353,10/26/2018,6.144415579,InSAR
06/01/1963,0.505435325,0.505435325,0.505435325,0.505435325,0.505435325,0.505435325,11/01/2018,6.142118991,InSAR
07/01/1963,0.51396211,0.51396211,0.51396211,0.51396211,0.51396211,0.51396211,11/07/2018,6.139166235,InSAR
08/01/1963,0.525369381,0.525369381,0.525369381,0.525369381,0.525369381,0.525369381,11/13/2018,6.127355211,InSAR
09/01/1963,0.536217549,0.536217549,0.536217549,0.536217549,0.536217549,0.536217549,11/19/2018,6.114231851,InSAR
10/01/1963,0.549669401,0.549669401,0.549669401,0.549669401,0.549669401,0.549669401,11/25/2018,6.104717415,InSAR
11/01/1963,0.566404454,0.566404454,0.566404454,0.566404454,0.566404454,0.566404454,12/01/2018,6.097499567,InSAR
12/01/1963,0.583406349,0.583406349,0.583406349,0.583406349,0.583406349,0.583406349,12/07/2018,6.089953635,InSAR
01/01/1964,0.585833749,0.585833749,0.585833749,0.585833749,0.585833749,0.585833749,12/13/2018,6.085688543,InSAR
02/01/1964,0.582949618,0.582949618,0.582949618,0.582949618,0.582949618,0.582949618,12/20/2018,6.079454947,InSAR
03/01/1964,0.579375187,0.579375187,0.579375187,0.579375187,0.579375187,0.579375187,12/26/2018,6.073877519,InSAR
04/01/1964,0.573548487,0.573548487,0.573548487,0.573548487,0.573548487,0.573548487,01/01/2019,6.071909015,InSAR
05/01/1964,0.571642004,0.571642004,0.571642004,0.571642004,0.571642004,0.571642004,01/07/2019,6.074861771,InSAR
06/01/1964,0.580267285,0.580267285,0.580267285,0.580267285,0.580267285,0.580267285,01/13/2019,6.076174107,InSAR
07/01/1964,0.588152462,0.588152462,0.588152462,0.588152462,0.588152462,0.588152462,01/20/2019,6.071252847,InSAR
08/01/1964,0.602225353,0.602225353,0.602225353,0.602225353,0.602225353,0.602225353,01/26/2019,6.066987755,InSAR
09/01/1964,0.625350727,0.625350727,0.625350727,0.625350727,0.625350727,0.625350727,02/01/2019,6.066003503,InSAR
10/01/1964,0.656775128,0.656775128,0.656775128,0.656775128,0.656775128,0.656775128,02/07/2019,6.062394579,InSAR
11/01/1964,0.697222927,0.697222927,0.697222927,0.697222927,0.697222927,0.697222927,02/12/2019,6.058129487,InSAR
12/01/1964,0.731983029,0.731983029,0.731983029,0.731983029,0.731983029,0.731983029,02/18/2019,6.062394579,InSAR
01/01/1965,0.74287514,0.74287514,0.74287514,0.74287514,0.74287514,0.74287514,02/23/2019,6.069940511,InSAR
02/01/1965,0.74715901,0.74715901,0.74715901,0.74715901,0.74715901,0.74715901,03/01/2019,6.075846023,InSAR
03/01/1965,0.74557122,0.74557122,0.74557122,0.74557122,0.74557122,0.74557122,03/07/2019,6.084376207,InSAR
04/01/1965,0.742600601,0.742600601,0.742600601,0.742600601,0.742600601,0.742600601,03/13/2019,6.095531063,InSAR
05/01/1965,0.739193931,0.739193931,0.739193931,0.739193931,0.739193931,0.739193931,03/20/2019,6.108982507,InSAR
06/01/1965,0.746707054,0.746707054,0.746707054,0.746707054,0.746707054,0.746707054,03/26/2019,6.109638675,InSAR
07/01/1965,0.755677765,0.755677765,0.755677765,0.755677765,0.755677765,0.755677765,04/01/2019,6.109310591,InSAR
08/01/1965,0.77106746,0.77106746,0.77106746,0.77106746,0.77106746,0.77106746,04/07/2019,6.114888019,InSAR
09/01/1965,0.787473112,0.787473112,0.787473112,0.787473112,0.787473112,0.787473112,04/13/2019,6.123418203,InSAR
10/01/1965,0.80430157,0.80430157,0.80430157,0.80430157,0.80430157,0.80430157,04/19/2019,6.129979883,InSAR
11/01/1965,0.830736225,0.830736225,0.830736225,0.830736225,0.830736225,0.830736225,04/25/2019,6.130964135,InSAR
12/01/1965,0.852181651,0.852181651,0.852181651,0.852181651,0.852181651,0.852181651,05/01/2019,6.133588807,InSAR
01/01/1966,0.86268751,0.86268751,0.86268751,0.86268751,0.86268751,0.86268751,05/07/2019,6.136869647,InSAR
02/01/1966,0.861509058,0.861509058,0.861509058,0.861509058,0.861509058,0.861509058,05/13/2019,6.138510067,InSAR
03/01/1966,0.861009606,0.861009606,0.861009606,0.861009606,0.861009606,0.861009606,05/20/2019,6.143759411,InSAR
04/01/1966,0.858165954,0.858165954,0.858165954,0.858165954,0.858165954,0.858165954,05/26/2019,6.144415579,InSAR
05/01/1966,0.855835524,0.855835524,0.855835524,0.855835524,0.855835524,0.855835524,06/01/2019,6.146384083,InSAR
06/01/1966,0.864418181,0.864418181,0.864418181,0.864418181,0.864418181,0.864418181,06/07/2019,6.161804031,InSAR
07/01/1966,0.876821148,0.876821148,0.876821148,0.876821148,0.876821148,0.876821148,06/13/2019,6.168365711,InSAR
08/01/1966,0.891046758,0.891046758,0.891046758,0.891046758,0.891046758,0.891046758,06/19/2019,6.171318467,InSAR
09/01/1966,0.909038722,0.909038722,0.909038722,0.909038722,0.909038722,0.909038722,06/25/2019,6.178864399,InSAR
10/01/1966,0.931474363,0.931474363,0.931474363,0.931474363,0.931474363,0.931474363,07/01/2019,6.184441827,InSAR
11/01/1966,0.961458045,0.961458045,0.961458045,0.961458045,0.961458045,0.961458045,07/07/2019,6.195596683,InSAR
12/01/1966,0.991946117,0.991946117,0.991946117,0.991946117,0.991946117,0.991946117,07/13/2019,6.202486447,InSAR
01/01/1967,1.000497224,1.000497224,1.000497224,1.000497224,1.000497224,1.000497224,07/20/2019,6.213969387,InSAR
02/01/1967,1.001492032,1.001492032,1.001492032,1.001492032,1.001492032,1.001492032,07/26/2019,6.207407707,InSAR
03/01/1967,0.994860031,0.994860031,0.994860031,0.994860031,0.994860031,0.994860031,08/01/2019,6.209376211,InSAR
04/01/1967,0.987629722,0.987629722,0.987629722,0.987629722,0.987629722,0.987629722,08/07/2019,6.206423455,InSAR
05/01/1967,0.982229334,0.982229334,0.982229334,0.982229334,0.982229334,0.982229334,08/13/2019,6.211016631,InSAR
06/01/1967,0.9911866,0.9911866,0.9911866,0.9911866,0.9911866,0.9911866,08/20/2019,6.212657051,InSAR
07/01/1967,1.001413775,1.001413775,1.001413775,1.001413775,1.001413775,1.001413775,08/26/2019,6.209704295,InSAR
08/01/1967,1.014133308,1.014133308,1.014133308,1.014133308,1.014133308,1.014133308,09/01/2019,6.203142615,InSAR
09/01/1967,1.027976015,1.027976015,1.027976015,1.027976015,1.027976015,1.027976015,09/07/2019,6.203470699,InSAR
10/01/1967,1.044605625,1.044605625,1.044605625,1.044605625,1.044605625,1.044605625,09/13/2019,6.202486447,InSAR
11/01/1967,1.068631315,1.068631315,1.068631315,1.068631315,1.068631315,1.068631315,09/19/2019,6.190675423,InSAR
12/01/1967,1.082674333,1.082674333,1.082674333,1.082674333,1.082674333,1.082674333,09/25/2019,6.185754163,InSAR
01/01/1968,1.08485278,1.08485278,1.08485278,1.08485278,1.08485278,1.08485278,10/01/2019,6.194940515,InSAR
02/01/1968,1.08491953,1.08491953,1.08491953,1.08491953,1.08491953,1.08491953,10/07/2019,6.179520567,InSAR
03/01/1968,1.083302099,1.083302099,1.083302099,1.083302099,1.083302099,1.083302099,10/13/2019,6.176895895,InSAR
04/01/1968,1.077359765,1.077359765,1.077359765,1.077359765,1.077359765,1.077359765,10/20/2019,6.171318467,InSAR
05/01/1968,1.076456846,1.076456846,1.076456846,1.076456846,1.076456846,1.076456846,10/26/2019,6.164428703,InSAR
06/01/1968,1.085298161,1.085298161,1.085298161,1.085298161,1.085298161,1.085298161,11/01/2019,6.157210855,InSAR
07/01/1968,1.090256807,1.090256807,1.090256807,1.090256807,1.090256807,1.090256807,11/07/2019,6.145399831,InSAR
08/01/1968,1.099001253,1.099001253,1.099001253,1.099001253,1.099001253,1.099001253,11/13/2019,6.130307967,InSAR
09/01/1968,1.111000789,1.111000789,1.111000789,1.111000789,1.111000789,1.111000789,11/19/2019,6.125714791,InSAR
10/01/1968,1.121959985,1.121959985,1.121959985,1.121959985,1.121959985,1.121959985,11/25/2019,6.121121615,InSAR
11/01/1968,1.135194872,1.135194872,1.135194872,1.135194872,1.135194872,1.135194872,12/01/2019,6.113575683,InSAR
12/01/1968,1.148413904,1.148413904,1.148413904,1.148413904,1.148413904,1.148413904,12/07/2019,6.114231851,InSAR
01/01/1969,1.147544688,1.147544688,1.147544688,1.147544688,1.147544688,1.147544688,12/13/2019,6.115872271,InSAR
02/01/1969,1.144506959,1.144506959,1.144506959,1.144506959,1.144506959,1.144506959,12/20/2019,6.113247599,InSAR
03/01/1969,1.139870711,1.139870711,1.139870711,1.139870711,1.139870711,1.139870711,12/26/2019,6.115216103,InSAR
04/01/1969,1.13269968,1.13269968,1.13269968,1.13269968,1.13269968,1.13269968,01/01/2020,6.115544187,InSAR
05/01/1969,1.128449,1.128449,1.128449,1.128449,1.128449,1.128449,01/07/2020,6.114231851,InSAR
06/01/1969,1.132014835,1.132014835,1.132014835,1.132014835,1.132014835,1.132014835,01/13/2020,6.113903767,InSAR
07/01/1969,1.138190201,1.138190201,1.138190201,1.138190201,1.138190201,1.138190201,01/20/2020,6.114559935,InSAR
08/01/1969,1.145416105,1.145416105,1.145416105,1.145416105,1.145416105,1.145416105,01/26/2020,6.120465447,InSAR
09/01/1969,1.152270044,1.152270044,1.152270044,1.152270044,1.152270044,1.152270044,02/01/2020,6.121121615,InSAR
10/01/1969,1.158926035,1.158926035,1.158926035,1.158926035,1.158926035,1.158926035,02/07/2020,6.117512691,InSAR
11/01/1969,1.167082211,1.167082211,1.167082211,1.167082211,1.167082211,1.167082211,02/13/2020,6.121121615,InSAR
12/01/1969,1.17555286,1.17555286,1.17555286,1.17555286,1.17555286,1.17555286,02/18/2020,6.128011379,InSAR
01/01/1970,1.176081148,1.176081148,1.176081148,1.176081148,1.176081148,1.176081148,02/24/2020,6.127355211,InSAR
02/01/1970,1.173449761,1.173449761,1.173449761,1.173449761,1.173449761,1.173449761,03/01/2020,6.136213479,InSAR
03/01/1970,1.170046833,1.170046833,1.170046833,1.170046833,1.170046833,1.170046833,03/07/2020,6.147696419,InSAR
04/01/1970,1.164029962,1.164029962,1.164029962,1.164029962,1.164029962,1.164029962,03/13/2020,6.155242351,InSAR
05/01/1970,1.158225424,1.158225424,1.158225424,1.158225424,1.158225424,1.158225424,03/20/2020,6.159835527,InSAR
06/01/1970,1.163958455,1.163958455,1.163958455,1.163958455,1.163958455,1.163958455,03/26/2020,6.169021879,InSAR
07/01/1970,1.173815685,1.173815685,1.173815685,1.173815685,1.173815685,1.173815685,04/01/2020,6.176895895,InSAR
08/01/1970,1.182210956,1.182210956,1.182210956,1.182210956,1.182210956,1.182210956,04/07/2020,6.185097995,InSAR
09/01/1970,1.194019339,1.194019339,1.194019339,1.194019339,1.194019339,1.194019339,04/13/2020,6.188378835,InSAR
10/01/1970,1.206418142,1.206418142,1.206418142,1.206418142,1.206418142,1.206418142,04/19/2020,6.189035003,InSAR
11/01/1970,1.222975737,1.222975737,1.222975737,1.222975737,1.222975737,1.222975737,04/25/2020,6.197565187,InSAR
12/01/1970,1.233718603,1.233718603,1.233718603,1.233718603,1.233718603,1.233718603,05/01/2020,6.217578311,InSAR
01/01/1971,1.232375142,1.232375142,1.232375142,1.232375142,1.232375142,1.232375142,05/07/2020,6.217578311,InSAR
02/01/1971,1.230017557,1.230017557,1.230017557,1.230017557,1.230017557,1.230017557,05/13/2020,6.219874899,InSAR
03/01/1971,1.223791703,1.223791703,1.223791703,1.223791703,1.223791703,1.223791703,05/20/2020,6.239231855,InSAR
04/01/1971,1.218689604,1.218689604,1.218689604,1.218689604,1.218689604,1.218689604,05/26/2020,6.245137367,InSAR
05/01/1971,1.21529028,1.21529028,1.21529028,1.21529028,1.21529028,1.21529028,06/01/2020,6.252027131,InSAR
06/01/1971,1.222138119,1.222138119,1.222138119,1.222138119,1.222138119,1.222138119,06/07/2020,6.253667551,InSAR
07/01/1971,1.229791628,1.229791628,1.229791628,1.229791628,1.229791628,1.229791628,06/13/2020,6.252355215,InSAR
08/01/1971,1.236112594,1.236112594,1.236112594,1.236112594,1.236112594,1.236112594,06/19/2020,6.253667551,InSAR
09/01/1971,1.245381884,1.245381884,1.245381884,1.245381884,1.245381884,1.245381884,06/25/2020,6.265150491,InSAR
10/01/1971,1.25508675,1.25508675,1.25508675,1.25508675,1.25508675,1.25508675,07/01/2020,6.268759415,InSAR
11/01/1971,1.264018784,1.264018784,1.264018784,1.264018784,1.264018784,1.264018784,07/07/2020,6.283195111,InSAR
12/01/1971,1.276819151,1.276819151,1.276819151,1.276819151,1.276819151,1.276819151,07/13/2020,6.290741043,InSAR
01/01/1972,1.279306508,1.279306508,1.279306508,1.279306508,1.279306508,1.279306508,07/20/2020,6.289100623,InSAR
02/01/1972,1.280193079,1.280193079,1.280193079,1.280193079,1.280193079,1.280193079,07/26/2020,6.297630807,InSAR
03/01/1972,1.279089704,1.279089704,1.279089704,1.279089704,1.279089704,1.279089704,08/01/2020,6.301895899,InSAR
04/01/1972,1.276644118,1.276644118,1.276644118,1.276644118,1.276644118,1.276644118,08/07/2020,6.311082251,InSAR
05/01/1972,1.278669214,1.278669214,1.278669214,1.278669214,1.278669214,1.278669214,08/13/2020,6.311410335,InSAR
06/01/1972,1.288198293,1.288198293,1.288198293,1.288198293,1.288198293,1.288198293,08/20/2020,6.315675427,InSAR
07/01/1972,1.301707701,1.301707701,1.301707701,1.301707701,1.301707701,1.301707701,08/26/2020,6.313378839,InSAR
08/01/1972,1.316638545,1.316638545,1.316638545,1.316638545,1.316638545,1.316638545,09/01/2020,6.317315847,InSAR
09/01/1972,1.335041673,1.335041673,1.335041673,1.335041673,1.335041673,1.335041673,09/07/2020,6.314691175,InSAR
10/01/1972,1.359217151,1.359217151,1.359217151,1.359217151,1.359217151,1.359217151,09/13/2020,6.309769915,InSAR
11/01/1972,1.392421695,1.392421695,1.392421695,1.392421695,1.392421695,1.392421695,09/19/2020,6.305832907,InSAR
12/01/1972,1.413510801,1.413510801,1.413510801,1.413510801,1.413510801,1.413510801,09/25/2020,6.296974639,InSAR
01/01/1973,1.416715694,1.416715694,1.416715694,1.416715694,1.416715694,1.416715694,10/01/2020,6.287460203,InSAR
02/01/1973,1.416932324,1.416932324,1.416932324,1.416932324,1.416932324,1.416932324,10/07/2020,6.277945767,InSAR
03/01/1973,1.41179714,1.41179714,1.41179714,1.41179714,1.41179714,1.41179714,10/13/2020,6.266134743,InSAR
04/01/1973,1.407029939,1.407029939,1.407029939,1.407029939,1.407029939,1.407029939,10/20/2020,6.255307971,InSAR
05/01/1973,1.398382234,1.398382234,1.398382234,1.398382234,1.398382234,1.398382234,10/26/2020,6.244481199,InSAR
06/01/1973,1.404219919,1.404219919,1.404219919,1.404219919,1.404219919,1.404219919,11/01/2020,6.234638679,InSAR
07/01/1973,1.410466787,1.410466787,1.410466787,1.410466787,1.410466787,1.410466787,11/07/2020,6.220531067,InSAR
08/01/1973,1.416899903,1.416899903,1.416899903,1.416899903,1.416899903,1.416899903,11/13/2020,6.210360463,InSAR
09/01/1973,1.425056246,1.425056246,1.425056246,1.425056246,1.425056246,1.425056246,11/19/2020,6.198221355,InSAR
10/01/1973,1.431007336,1.431007336,1.431007336,1.431007336,1.431007336,1.431007336,11/25/2020,6.198221355,InSAR
11/01/1973,1.438444983,1.438444983,1.438444983,1.438444983,1.438444983,1.438444983,12/01/2020,6.195596683,InSAR
12/01/1973,1.448421667,1.448421667,1.448421667,1.448421667,1.448421667,1.448421667,12/07/2020,6.195268599,InSAR
01/01/1974,1.451544163,1.451544163,1.451544163,1.451544163,1.451544163,1.451544163,12/13/2020,6.190675423,InSAR
02/01/1974,1.447181063,1.447181063,1.447181063,1.447181063,1.447181063,1.447181063,12/20/2020,6.188378835,InSAR
03/01/1974,1.44281778,1.44281778,1.44281778,1.44281778,1.44281778,1.44281778,12/26/2020,6.178536315,InSAR
04/01/1974,1.43839795,1.43839795,1.43839795,1.43839795,1.43839795,1.43839795,01/01/2021,6.171646551,InSAR
05/01/1974,1.434299263,1.434299263,1.434299263,1.434299263,1.434299263,1.434299263,01/07/2021,6.167381459,InSAR
06/01/1974,1.437078157,1.437078157,1.437078157,1.437078157,1.437078157,1.437078157,01/13/2021,6.168365711,InSAR
07/01/1974,1.443883164,1.443883164,1.443883164,1.443883164,1.443883164,1.443883164,01/20/2021,6.167709543,InSAR
08/01/1974,1.45023885,1.45023885,1.45023885,1.45023885,1.45023885,1.45023885,01/26/2021,6.169349963,InSAR
09/01/1974,1.454405951,1.454405951,1.454405951,1.454405951,1.454405951,1.454405951,02/01/2021,6.169678047,InSAR
10/01/1974,1.45976066,1.45976066,1.45976066,1.45976066,1.45976066,1.45976066,02/07/2021,6.177552063,InSAR
11/01/1974,1.46838891,1.46838891,1.46838891,1.46838891,1.46838891,1.46838891,02/12/2021,6.185426079,InSAR
12/01/1974,1.476096843,1.476096843,1.476096843,1.476096843,1.476096843,1.476096843,02/18/2021,6.189035003,InSAR
01/01/1975,1.475786891,1.475786891,1.475786891,1.475786891,1.475786891,1.475786891,02/23/2021,6.190675423,InSAR
02/01/1975,1.473385853,1.473385853,1.473385853,1.473385853,1.473385853,1.473385853,03/01/2021,6.199861775,InSAR
03/01/1975,1.470165996,1.470165996,1.470165996,1.470165996,1.470165996,1.470165996,03/07/2021,6.207079623,InSAR
04/01/1975,1.463723786,1.463723786,1.463723786,1.463723786,1.463723786,1.463723786,03/13/2021,6.215281723,InSAR
05/01/1975,1.465428349,1.465428349,1.465428349,1.465428349,1.465428349,1.465428349,03/20/2021,6.225452327,InSAR
06/01/1975,1.469798744,1.469798744,1.469798744,1.469798744,1.469798744,1.469798744,03/26/2021,6.234638679,InSAR
07/01/1975,1.476656212,1.476656212,1.476656212,1.476656212,1.476656212,1.476656212,04/01/2021,6.242512695,InSAR
08/01/1975,1.481566389,1.481566389,1.481566389,1.481566389,1.481566389,1.481566389,04/07/2021,6.253011383,InSAR
09/01/1975,1.48701664,1.48701664,1.48701664,1.48701664,1.48701664,1.48701664,04/13/2021,6.260229231,InSAR
10/01/1975,1.493377128,1.493377128,1.493377128,1.493377128,1.493377128,1.493377128,04/19/2021,6.269087499,InSAR
11/01/1975,1.501640565,1.501640565,1.501640565,1.501640565,1.501640565,1.501640565,04/25/2021,6.279914271,InSAR
12/01/1975,1.512793344,1.512793344,1.512793344,1.512793344,1.512793344,1.512793344,05/01/2021,6.293693799,InSAR
01/01/1976,1.530270806,1.530270806,1.530270806,1.530270806,1.530270806,1.530270806,05/07/2021,6.306817159,InSAR
02/01/1976,1.550637202,1.550637202,1.550637202,1.550637202,1.550637202,1.550637202,05/13/2021,6.328470703,InSAR
03/01/1976,1.577915915,1.577915915,1.577915915,1.577915915,1.577915915,1.577915915,05/20/2021,6.345202987,InSAR
04/01/1976,1.618090182,1.618090182,1.618090182,1.618090182,1.618090182,1.618090182,05/26/2021,6.358654431,InSAR
05/01/1976,1.65544728,1.65544728,1.65544728,1.65544728,1.65544728,1.65544728,06/01/2021,6.369153119,InSAR
06/01/1976,1.680989133,1.680989133,1.680989133,1.680989133,1.680989133,1.680989133,06/07/2021,6.378667555,InSAR
07/01/1976,1.700804138,1.700804138,1.700804138,1.700804138,1.700804138,1.700804138,06/13/2021,6.387197739,InSAR
08/01/1976,1.718991359,1.718991359,1.718991359,1.718991359,1.718991359,1.718991359,06/19/2021,6.391462831,InSAR
09/01/1976,1.734766413,1.734766413,1.734766413,1.734766413,1.734766413,1.734766413,06/25/2021,6.405242359,InSAR
10/01/1976,1.748379668,1.748379668,1.748379668,1.748379668,1.748379668,1.748379668,07/01/2021,6.415412963,InSAR
11/01/1976,1.761006096,1.761006096,1.761006096,1.761006096,1.761006096,1.761006096,07/07/2021,6.419349971,InSAR
12/01/1976,1.772832896,1.772832896,1.772832896,1.772832896,1.772832896,1.772832896,07/13/2021,6.427223987,InSAR
01/01/1977,1.802084444,1.802084444,1.802084444,1.802084444,1.802084444,1.802084444,07/20/2021,6.438706927,InSAR
02/01/1977,1.83792737,1.83792737,1.83792737,1.83792737,1.83792737,1.83792737,07/26/2021,6.448549447,InSAR
03/01/1977,1.871910487,1.871910487,1.871910487,1.871910487,1.871910487,1.871910487,08/01/2021,6.453470707,InSAR
04/01/1977,1.914096782,1.914096782,1.914096782,1.914096782,1.914096782,1.914096782,08/07/2021,6.453142623,InSAR
05/01/1977,1.959607989,1.959607989,1.959607989,1.959607989,1.959607989,1.959607989,08/13/2021,6.451174119,InSAR
06/01/1977,1.994100158,1.994100158,1.994100158,1.994100158,1.994100158,1.994100158,08/20/2021,6.446252859,InSAR
07/01/1977,2.018700628,2.018700628,2.018700628,2.018700628,2.018700628,2.018700628,08/26/2021,6.444284355,InSAR
08/01/1977,2.042465767,2.042465767,2.042465767,2.042465767,2.042465767,2.042465767,09/01/2021,6.441003515,InSAR
09/01/1977,2.065106848,2.065106848,2.065106848,2.065106848,2.065106848,2.065106848,09/07/2021,6.430176743,InSAR
10/01/1977,2.08371969,2.08371969,2.08371969,2.08371969,2.08371969,2.08371969,09/13/2021,6.420662307,InSAR
11/01/1977,2.101573025,2.101573025,2.101573025,2.101573025,2.101573025,2.101573025,09/19/2021,6.413444459,InSAR
12/01/1977,2.113144101,2.113144101,2.113144101,2.113144101,2.113144101,2.113144101,09/25/2021,6.408195115,InSAR
01/01/1978,2.113415023,2.113415023,2.113415023,2.113415023,2.113415023,2.113415023,10/01/2021,6.399008763,InSAR
02/01/1978,2.110054599,2.110054599,2.110054599,2.110054599,2.110054599,2.110054599,10/07/2021,6.392118999,InSAR
03/01/1978,2.103682758,2.103682758,2.103682758,2.103682758,2.103682758,2.103682758,10/13/2021,6.385229235,InSAR
04/01/1978,2.097368474,2.097368474,2.097368474,2.097368474,2.097368474,2.097368474,10/20/2021,6.368496951,InSAR
05/01/1978,2.08867534,2.08867534,2.08867534,2.08867534,2.08867534,2.08867534,10/26/2021,6.362591439,InSAR
06/01/1978,2.094682024,2.094682024,2.094682024,2.094682024,2.094682024,2.094682024,11/01/2021,6.365216111,InSAR
07/01/1978,2.104213774,2.104213774,2.104213774,2.104213774,2.104213774,2.104213774,11/07/2021,6.363247607,InSAR
08/01/1978,2.111120411,2.111120411,2.111120411,2.111120411,2.111120411,2.111120411,11/13/2021,6.353733171,InSAR
09/01/1978,2.119725539,2.119725539,2.119725539,2.119725539,2.119725539,2.119725539,11/19/2021,6.358654431,InSAR
10/01/1978,2.129881725,2.129881725,2.129881725,2.129881725,2.129881725,2.129881725,11/25/2021,6.348483827,InSAR
11/01/1978,2.141862195,2.141862195,2.141862195,2.141862195,2.141862195,2.141862195,12/01/2021,6.335688551,InSAR
12/01/1978,2.148112261,2.148112261,2.148112261,2.148112261,2.148112261,2.148112261,12/07/2021,6.327814535,InSAR
01/01/1979,2.146269147,2.146269147,2.146269147,2.146269147,2.146269147,2.146269147,12/13/2021,6.320924771,InSAR
02/01/1979,2.142981745,2.142981745,2.142981745,2.142981745,2.142981745,2.142981745,12/20/2021,6.311738419,InSAR
03/01/1979,2.136671125,2.136671125,2.136671125,2.136671125,2.136671125,2.136671125,12/26/2021,6.310097999,InSAR
04/01/1979,2.129094807,2.129094807,2.129094807,2.129094807,2.129094807,2.129094807,01/01/2022,6.309769915,InSAR
05/01/1979,2.125192539,2.125192539,2.125192539,2.125192539,2.125192539,2.125192539,01/07/2022,6.307801411,InSAR
06/01/1979,2.133924011,2.133924011,2.133924011,2.133924011,2.133924011,2.133924011,01/13/2022,6.314691175,InSAR
07/01/1979,2.141902757,2.141902757,2.141902757,2.141902757,2.141902757,2.141902757,01/20/2022,6.319612435,InSAR
08/01/1979,2.152007424,2.152007424,2.152007424,2.152007424,2.152007424,2.152007424,01/26/2022,6.319940519,InSAR
09/01/1979,2.162114879,2.162114879,2.162114879,2.162114879,2.162114879,2.162114879,02/01/2022,6.317643931,InSAR
10/01/1979,2.175081411,2.175081411,2.175081411,2.175081411,2.175081411,2.175081411,02/07/2022,6.316659679,InSAR
11/01/1979,2.190132776,2.190132776,2.190132776,2.190132776,2.190132776,2.190132776,02/12/2022,6.318300099,InSAR
12/01/1979,2.19787073,2.19787073,2.19787073,2.19787073,2.19787073,2.19787073,02/18/2022,6.323221359,InSAR
01/01/1980,2.195147054,2.195147054,2.195147054,2.195147054,2.195147054,2.195147054,02/23/2022,6.325189863,InSAR
02/01/1980,2.189586213,2.189586213,2.189586213,2.189586213,2.189586213,2.189586213,03/01/2022,6.330767291,InSAR
03/01/1980,2.1825371,2.1825371,2.1825371,2.1825371,2.1825371,2.1825371,03/07/2022,6.336344719,InSAR
04/01/1980,2.173351253,2.173351253,2.173351253,2.173351253,2.173351253,2.173351253,03/13/2022,6.337657055,InSAR
05/01/1980,2.165093031,2.165093031,2.165093031,2.165093031,2.165093031,2.165093031,03/20/2022,6.340281727,InSAR
06/01/1980,2.167846855,2.167846855,2.167846855,2.167846855,2.167846855,2.167846855,03/26/2022,6.353405087,InSAR
07/01/1980,2.172165693,2.172165693,2.172165693,2.172165693,2.172165693,2.172165693,04/01/2022,6.360951019,InSAR
08/01/1980,2.179950451,2.179950451,2.179950451,2.179950451,2.179950451,2.179950451,04/07/2022,6.368496951,InSAR
09/01/1980,2.188426001,2.188426001,2.188426001,2.188426001,2.188426001,2.188426001,04/13/2022,6.378339471,InSAR
10/01/1980,2.192960896,2.192960896,2.192960896,2.192960896,2.192960896,2.192960896,04/19/2022,6.394743671,InSAR
11/01/1980,2.201153573,2.201153573,2.201153573,2.201153573,2.201153573,2.201153573,04/25/2022,6.409835535,InSAR
12/01/1980,2.20735723,2.20735723,2.20735723,2.20735723,2.20735723,2.20735723,05/01/2022,6.435754171,InSAR
01/01/1981,2.203326063,2.203326063,2.203326063,2.203326063,2.203326063,2.203326063,05/07/2022,6.454126875,InSAR
02/01/1981,2.198776593,2.198776593,2.198776593,2.198776593,2.198776593,2.198776593,05/13/2022,6.457079631,InSAR
03/01/1981,2.192952828,2.192952828,2.192952828,2.192952828,2.192952828,2.192952828,05/20/2022,6.464297479,InSAR
04/01/1981,2.187963608,2.187963608,2.187963608,2.187963608,2.187963608,2.187963608,05/26/2022,6.478405091,InSAR
05/01/1981,2.191416819,2.191416819,2.191416819,2.191416819,2.191416819,2.191416819,06/01/2022,6.492512703,InSAR
06/01/1981,2.228007862,2.228007862,2.228007862,2.228007862,2.228007862,2.228007862,06/07/2022,6.505964147,InSAR
07/01/1981,2.277820961,2.277820961,2.277820961,2.277820961,2.277820961,2.277820961,06/13/2022,6.516462835,InSAR
08/01/1981,2.368262932,2.368262932,2.368262932,2.368262932,2.368262932,2.368262932,06/19/2022,6.525321103,InSAR
09/01/1981,2.448133587,2.448133587,2.448133587,2.448133587,2.448133587,2.448133587,06/25/2022,6.534179371,InSAR
10/01/1981,2.454237443,2.454237443,2.454237443,2.454237443,2.454237443,2.454237443,07/01/2022,6.549271235,InSAR
11/01/1981,2.440712326,2.440712326,2.440712326,2.440712326,2.440712326,2.440712326,07/07/2022,6.563706931,InSAR
12/01/1981,2.421722458,2.421722458,2.421722458,2.421722458,2.421722458,2.421722458,07/13/2022,6.574861787,InSAR
01/01/1982,2.415886769,2.415886769,2.415886769,2.415886769,2.415886769,2.415886769,07/20/2022,6.579126879,InSAR
02/01/1982,2.41021465,2.41021465,2.41021465,2.41021465,2.41021465,2.41021465,07/26/2022,6.577814543,InSAR
03/01/1982,2.402165965,2.402165965,2.402165965,2.402165965,2.402165965,2.402165965,08/01/2022,6.572565199,InSAR
04/01/1982,2.393344765,2.393344765,2.393344765,2.393344765,2.393344765,2.393344765,08/07/2022,6.566003519,InSAR
05/01/1982,2.385580579,2.385580579,2.385580579,2.385580579,2.385580579,2.385580579,08/13/2022,6.570268611,InSAR
06/01/1982,2.387325007,2.387325007,2.387325007,2.387325007,2.387325007,2.387325007,08/20/2022,6.590609819,InSAR
07/01/1982,2.394104369,2.394104369,2.394104369,2.394104369,2.394104369,2.394104369,08/26/2022,6.573549451,InSAR
08/01/1982,2.399844643,2.399844643,2.399844643,2.399844643,2.399844643,2.399844643,09/01/2022,6.533523203,InSAR
09/01/1982,2.405140864,2.405140864,2.405140864,2.405140864,2.405140864,2.405140864,09/07/2022,6.512525827,InSAR
10/01/1982,2.411556681,2.411556681,2.411556681,2.411556681,2.411556681,2.411556681,09/13/2022,6.500386719,InSAR
11/01/1982,2.418165358,2.418165358,2.418165358,2.418165358,2.418165358,2.418165358,09/19/2022,6.495465459,InSAR
12/01/1982,2.41925068,2.41925068,2.41925068,2.41925068,2.41925068,2.41925068,09/25/2022,6.495465459,InSAR
01/01/1983,2.412758187,2.412758187,2.412758187,2.412758187,2.412758187,2.412758187,10/01/2022,6.487263359,InSAR
02/01/1983,2.406138,2.406138,2.406138,2.406138,2.406138,2.406138,10/07/2022,6.480045511,InSAR
03/01/1983,2.397996386,2.397996386,2.397996386,2.397996386,2.397996386,2.397996386,10/13/2022,6.475780419,InSAR
04/01/1983,2.390492132,2.390492132,2.390492132,2.390492132,2.390492132,2.390492132,10/20/2022,6.476764671,InSAR
05/01/1983,2.383259881,2.383259881,2.383259881,2.383259881,2.383259881,2.383259881,10/26/2022,6.477748923,InSAR
06/01/1983,2.378818698,2.378818698,2.378818698,2.378818698,2.378818698,2.378818698,11/01/2022,6.480045511,InSAR
07/01/1983,2.382811131,2.382811131,2.382811131,2.382811131,2.382811131,2.382811131,11/07/2022,6.482342099,InSAR
08/01/1983,2.387737583,2.387737583,2.387737583,2.387737583,2.387737583,2.387737583,11/13/2022,6.485622939,InSAR
09/01/1983,2.392238693,2.392238693,2.392238693,2.392238693,2.392238693,2.392238693,11/19/2022,6.481357847,InSAR
10/01/1983,2.39567002,2.39567002,2.39567002,2.39567002,2.39567002,2.39567002,11/25/2022,6.479389343,InSAR
11/01/1983,2.39914156,2.39914156,2.39914156,2.39914156,2.39914156,2.39914156,12/01/2022,6.472827663,InSAR
12/01/1983,2.401749861,2.401749861,2.401749861,2.401749861,2.401749861,2.401749861,12/07/2022,6.461344723,InSAR
01/01/1984,2.399163089,2.399163089,2.399163089,2.399163089,2.399163089,2.399163089,12/13/2022,6.449533699,InSAR
02/01/1984,2.396917697,2.396917697,2.396917697,2.396917697,2.396917697,2.396917697,12/20/2022,6.439363095,InSAR
03/01/1984,2.395985329,2.395985329,2.395985329,2.395985329,2.395985329,2.395985329,12/26/2022,6.444612439,InSAR
04/01/1984,2.394611617,2.394611617,2.394611617,2.394611617,2.394611617,2.394611617,01/01/2023,6.450517951,InSAR
05/01/1984,2.394626026,2.394626026,2.394626026,2.394626026,2.394626026,2.394626026,01/07/2023,6.434441835,InSAR
06/01/1984,2.396186311,2.396186311,2.396186311,2.396186311,2.396186311,2.396186311,01/13/2023,6.417053383,InSAR
07/01/1984,2.401027845,2.401027845,2.401027845,2.401027845,2.401027845,2.401027845,01/20/2023,6.421974643,InSAR
08/01/1984,2.40598613,2.40598613,2.40598613,2.40598613,2.40598613,2.40598613,01/26/2023,6.423615063,InSAR
09/01/1984,2.409298979,2.409298979,2.409298979,2.409298979,2.409298979,2.409298979,02/01/2023,6.422958895,InSAR
10/01/1984,2.414232647,2.414232647,2.414232647,2.414232647,2.414232647,2.414232647,02/07/2023,6.422302727,InSAR
11/01/1984,2.417321295,2.417321295,2.417321295,2.417321295,2.417321295,2.417321295,02/12/2023,6.414100627,InSAR
12/01/1984,2.420157276,2.420157276,2.420157276,2.420157276,2.420157276,2.420157276,02/18/2023,6.405242359,InSAR
01/01/1985,2.416232129,2.416232129,2.416232129,2.416232129,2.416232129,2.416232129,02/23/2023,6.405570443,InSAR
02/01/1985,2.412422038,2.412422038,2.412422038,2.412422038,2.412422038,2.412422038,03/01/2023,6.403273855,InSAR
03/01/1985,2.409919118,2.409919118,2.409919118,2.409919118,2.409919118,2.409919118,03/07/2023,6.403273855,InSAR
04/01/1985,2.405074141,2.405074141,2.405074141,2.405074141,2.405074141,2.405074141,03/13/2023,6.401305351,InSAR
05/01/1985,2.402923091,2.402923091,2.402923091,2.402923091,2.402923091,2.402923091,03/20/2023,6.401305351,InSAR
06/01/1985,2.408661802,2.408661802,2.408661802,2.408661802,2.408661802,2.408661802,03/26/2023,6.398352595,InSAR
07/01/1985,2.414517798,2.414517798,2.414517798,2.414517798,2.414517798,2.414517798,04/01/2023,6.397696427,InSAR
08/01/1985,2.419474361,2.419474361,2.419474361,2.419474361,2.419474361,2.419474361,04/07/2023,6.403601939,InSAR
09/01/1985,2.426457251,2.426457251,2.426457251,2.426457251,2.426457251,2.426457251,04/13/2023,6.407538947,InSAR
10/01/1985,2.432899619,2.432899619,2.432899619,2.432899619,2.432899619,2.432899619,04/19/2023,6.409507451,InSAR
11/01/1985,2.440313106,2.440313106,2.440313106,2.440313106,2.440313106,2.440313106,04/25/2023,6.412132123,InSAR
12/01/1985,2.443570519,2.443570519,2.443570519,2.443570519,2.443570519,2.443570519,05/01/2023,6.414756795,InSAR
01/01/1986,2.437049603,2.437049603,2.437049603,2.437049603,2.437049603,2.437049603,05/07/2023,6.421974643,InSAR
02/01/1986,2.430234047,2.430234047,2.430234047,2.430234047,2.430234047,2.430234047,05/13/2023,6.426239735,InSAR
03/01/1986,2.421892144,2.421892144,2.421892144,2.421892144,2.421892144,2.421892144,05/20/2023,6.437394591,InSAR
04/01/1986,2.41425104,2.41425104,2.41425104,2.41425104,2.41425104,2.41425104,05/26/2023,6.450517951,InSAR
05/01/1986,2.405494415,2.405494415,2.405494415,2.405494415,2.405494415,2.405494415,06/01/2023,6.462000891,InSAR
06/01/1986,2.408422003,2.408422003,2.408422003,2.408422003,2.408422003,2.408422003,06/07/2023,6.470202991,InSAR
07/01/1986,2.413512921,2.413512921,2.413512921,2.413512921,2.413512921,2.413512921,06/13/2023,6.481029763,InSAR
08/01/1986,2.420811987,2.420811987,2.420811987,2.420811987,2.420811987,2.420811987,06/19/2023,6.491200367,InSAR
09/01/1986,2.427363899,2.427363899,2.427363899,2.427363899,2.427363899,2.427363899,06/25/2023,6.501370971,InSAR
10/01/1986,2.434006807,2.434006807,2.434006807,2.434006807,2.434006807,2.434006807,07/01/2023,6.510557323,InSAR
11/01/1986,2.439624323,2.439624323,2.439624323,2.439624323,2.439624323,2.439624323,07/07/2024,6.58,InSAR
12/01/1986,2.444377608,2.444377608,2.444377608,2.444377608,2.444377608,2.444377608,07/13/2024,6.574010214,InSAR
01/01/1987,2.441734668,2.441734668,2.441734668,2.441734668,2.441734668,2.441734668,07/20/2024,6.57,InSAR
02/01/1987,2.436749626,2.436749626,2.436749626,2.436749626,2.436749626,2.436749626,07/26/2024,6.58,InSAR
03/01/1987,2.430283323,2.430283323,2.430283323,2.430283323,2.430283323,2.430283323,08/01/2024,6.58,InSAR
04/01/1987,2.426384594,2.426384594,2.426384594,2.426384594,2.426384594,2.426384594,08/07/2024,6.57,InSAR
05/01/1987,2.429824981,2.429824981,2.429824981,2.429824981,2.429824981,2.429824981,08/13/2024,6.56,InSAR
06/01/1987,2.43834388,2.43834388,2.43834388,2.43834388,2.43834388,2.43834388,08/20/2024,6.56,InSAR
07/01/1987,2.446212898,2.446212898,2.446212898,2.446212898,2.446212898,2.446212898,08/26/2024,6.562855358,InSAR
08/01/1987,2.455438994,2.455438994,2.455438994,2.455438994,2.455438994,2.455438994,09/01/2024,6.56,InSAR
09/01/1987,2.464805807,2.464805807,2.464805807,2.464805807,2.464805807,2.464805807,09/07/2024,6.56,InSAR
10/01/1987,2.476312267,2.476312267,2.476312267,2.476312267,2.476312267,2.476312267,09/13/2024,6.55,InSAR
11/01/1987,2.48970909,2.48970909,2.48970909,2.48970909,2.48970909,2.48970909,09/19/2024,6.545138822,InSAR
12/01/1987,2.49640583,2.49640583,2.49640583,2.49640583,2.49640583,2.49640583,09/25/2024,6.544482654,InSAR
01/01/1988,2.490854349,2.490854349,2.490854349,2.490854349,2.490854349,2.490854349,10/01/2024,6.55,InSAR
02/01/1988,2.484425597,2.484425597,2.484425597,2.484425597,2.484425597,2.484425597,10/07/2024,6.55,InSAR
03/01/1988,2.480519914,2.480519914,2.480519914,2.480519914,2.480519914,2.480519914,10/13/2024,6.55,InSAR
04/01/1988,2.476758057,2.476758057,2.476758057,2.476758057,2.476758057,2.476758057,10/20/2024,6.55,InSAR
05/01/1988,2.499459564,2.499459564,2.499459564,2.499459564,2.499459564,2.499459564,10/26/2024,6.54,InSAR
06/01/1988,2.579854482,2.579854482,2.579854482,2.579854482,2.579854482,2.579854482,11/01/2024,6.54,InSAR
07/01/1988,2.62656307,2.62656307,2.62656307,2.62656307,2.62656307,2.62656307,11/07/2024,6.536280554,InSAR
08/01/1988,2.737258093,2.737258093,2.737258093,2.737258093,2.737258093,2.737258093,11/13/2024,6.53,InSAR
09/01/1988,2.811024516,2.811024516,2.811024516,2.811024516,2.811024516,2.811024516,11/19/2024,6.53,InSAR
10/01/1988,2.807047154,2.807047154,2.807047154,2.807047154,2.807047154,2.807047154,11/25/2024,6.54,InSAR
11/01/1988,2.78747329,2.78747329,2.78747329,2.78747329,2.78747329,2.78747329,12/01/2024,6.54,InSAR
12/01/1988,2.761227763,2.761227763,2.761227763,2.761227763,2.761227763,2.761227763,12/07/2024,6.54,InSAR
01/01/1989,2.750493311,2.750493311,2.750493311,2.750493311,2.750493311,2.750493311,12/13/2024,6.54,InSAR
02/01/1989,2.746171495,2.746171495,2.746171495,2.746171495,2.746171495,2.746171495,12/20/2024,6.53,InSAR
03/01/1989,2.742551833,2.742551833,2.742551833,2.742551833,2.742551833,2.742551833,12/26/2024,6.53,InSAR
04/01/1989,2.740902403,2.740902403,2.740902403,2.740902403,2.740902403,2.740902403,01/01/2025,6.530375042,InSAR
05/01/1989,2.748797296,2.748797296,2.748797296,2.748797296,2.748797296,2.748797296,,,
06/01/1989,2.790999598,2.790999598,2.790999598,2.790999598,2.790999598,2.790999598,,,
07/01/1989,2.872431209,2.872431209,2.872431209,2.872431209,2.872431209,2.872431209,,,
08/01/1989,2.996779014,2.996779014,2.996779014,2.996779014,2.996779014,2.996779014,,,
09/01/1989,3.081300469,3.081300469,3.081300469,3.081300469,3.081300469,3.081300469,,,
10/01/1989,3.08762383,3.08762383,3.08762383,3.08762383,3.08762383,3.08762383,,,
11/01/1989,3.055032688,3.055032688,3.055032688,3.055032688,3.055032688,3.055032688,,,
12/01/1989,3.025120284,3.025120284,3.025120284,3.025120284,3.025120284,3.025120284,,,
01/01/1990,3.014268046,3.014268046,3.014268046,3.014268046,3.014268046,3.014268046,,,
02/01/1990,3.012370008,3.012370008,3.012370008,3.012370008,3.012370008,3.012370008,,,
03/01/1990,3.00919121,3.00919121,3.00919121,3.00919121,3.00919121,3.00919121,,,
04/01/1990,3.006141226,3.006141226,3.006141226,3.006141226,3.006141226,3.006141226,,,
05/01/1990,3.028831543,3.028831543,3.028831543,3.028831543,3.028831543,3.028831543,,,
06/01/1990,3.112951204,3.112951204,3.112951204,3.112951204,3.112951204,3.112951204,,,
07/01/1990,3.220245053,3.220245053,3.220245053,3.220245053,3.220245053,3.220245053,,,
08/01/1990,3.295570253,3.295570253,3.295570253,3.295570253,3.295570253,3.295570253,,,
09/01/1990,3.366594423,3.366594423,3.366594423,3.366594423,3.366594423,3.366594423,,,
10/01/1990,3.371623343,3.371623343,3.371623343,3.371623343,3.371623343,3.371623343,,,
11/01/1990,3.342424179,3.342424179,3.342424179,3.342424179,3.342424179,3.342424179,,,
12/01/1990,3.318527634,3.318527634,3.318527634,3.318527634,3.318527634,3.318527634,,,
01/01/1991,3.307786354,3.307786354,3.307786354,3.307786354,3.307786354,3.307786354,,,
02/01/1991,3.305576579,3.305576579,3.305576579,3.305576579,3.305576579,3.305576579,,,
03/01/1991,3.310615825,3.310615825,3.310615825,3.310615825,3.310615825,3.310615825,,,
04/01/1991,3.340286499,3.340286499,3.340286499,3.340286499,3.340286499,3.340286499,,,
05/01/1991,3.344223093,3.344223093,3.344223093,3.344223093,3.344223093,3.344223093,,,
06/01/1991,3.351128107,3.351128107,3.351128107,3.351128107,3.351128107,3.351128107,,,
07/01/1991,3.433071493,3.433071493,3.433071493,3.433071493,3.433071493,3.433071493,,,
08/01/1991,3.540764367,3.540764367,3.540764367,3.540764367,3.540764367,3.540764367,,,
09/01/1991,3.583197618,3.583197618,3.583197618,3.583197618,3.583197618,3.583197618,,,
10/01/1991,3.583160662,3.583160662,3.583160662,3.583160662,3.583160662,3.583160662,,,
11/01/1991,3.55638194,3.55638194,3.55638194,3.55638194,3.55638194,3.55638194,,,
12/01/1991,3.538087596,3.538087596,3.538087596,3.538087596,3.538087596,3.538087596,,,
01/01/1992,3.529278524,3.529278524,3.529278524,3.529278524,3.529278524,3.529278524,,,
02/01/1992,3.525675569,3.525675569,3.525675569,3.525675569,3.525675569,3.525675569,,,
03/01/1992,3.52407951,3.52407951,3.52407951,3.52407951,3.52407951,3.52407951,,,
04/01/1992,3.521899328,3.521899328,3.521899328,3.521899328,3.521899328,3.521899328,,,
05/01/1992,3.52262724,3.52262724,3.52262724,3.52262724,3.52262724,3.52262724,,,
06/01/1992,3.552445486,3.552445486,3.552445486,3.552445486,3.552445486,3.552445486,,,
07/01/1992,3.661714364,3.661714364,3.661714364,3.661714364,3.661714364,3.661714364,,,
08/01/1992,3.722404997,3.722404997,3.722404997,3.722404997,3.722404997,3.722404997,,,
09/01/1992,3.773755888,3.773755888,3.773755888,3.773755888,3.773755888,3.773755888,,,
10/01/1992,3.768349862,3.768349862,3.768349862,3.768349862,3.768349862,3.768349862,,,
11/01/1992,3.746432971,3.746432971,3.746432971,3.746432971,3.746432971,3.746432971,,,
12/01/1992,3.73441065,3.73441065,3.73441065,3.73441065,3.73441065,3.73441065,,,
01/01/1993,3.732676387,3.732676387,3.732676387,3.732676387,3.732676387,3.732676387,,,
02/01/1993,3.728415822,3.728415822,3.728415822,3.728415822,3.728415822,3.728415822,,,
03/01/1993,3.721613822,3.721613822,3.721613822,3.721613822,3.721613822,3.721613822,,,
04/01/1993,3.714470994,3.714470994,3.714470994,3.714470994,3.714470994,3.714470994,,,
05/01/1993,3.70644231,3.70644231,3.70644231,3.70644231,3.70644231,3.70644231,,,
06/01/1993,3.704966209,3.704966209,3.704966209,3.704966209,3.704966209,3.704966209,,,
07/01/1993,3.706795677,3.706795677,3.706795677,3.706795677,3.706795677,3.706795677,,,
08/01/1993,3.708621743,3.708621743,3.708621743,3.708621743,3.708621743,3.708621743,,,
09/01/1993,3.709040019,3.709040019,3.709040019,3.709040019,3.709040019,3.709040019,,,
10/01/1993,3.711264046,3.711264046,3.711264046,3.711264046,3.711264046,3.711264046,,,
11/01/1993,3.712434292,3.712434292,3.712434292,3.712434292,3.712434292,3.712434292,,,
12/01/1993,3.713784038,3.713784038,3.713784038,3.713784038,3.713784038,3.713784038,,,
01/01/1994,3.71390204,3.71390204,3.71390204,3.71390204,3.71390204,3.71390204,,,
02/01/1994,3.715546682,3.715546682,3.715546682,3.715546682,3.715546682,3.715546682,,,
03/01/1994,3.716156718,3.716156718,3.716156718,3.716156718,3.716156718,3.716156718,,,
04/01/1994,3.714888257,3.714888257,3.714888257,3.714888257,3.714888257,3.714888257,,,
05/01/1994,3.728974361,3.728974361,3.728974361,3.728974361,3.728974361,3.728974361,,,
06/01/1994,3.803225344,3.803225344,3.803225344,3.803225344,3.803225344,3.803225344,,,
07/01/1994,3.855330976,3.855330976,3.855330976,3.855330976,3.855330976,3.855330976,,,
08/01/1994,3.945581794,3.945581794,3.945581794,3.945581794,3.945581794,3.945581794,,,
09/01/1994,3.997386671,3.997386671,3.997386671,3.997386671,3.997386671,3.997386671,,,
10/01/1994,3.987797204,3.987797204,3.987797204,3.987797204,3.987797204,3.987797204,,,
11/01/1994,3.958111494,3.958111494,3.958111494,3.958111494,3.958111494,3.958111494,,,
12/01/1994,3.945380033,3.945380033,3.945380033,3.945380033,3.945380033,3.945380033,,,
01/01/1995,3.930031163,3.930031163,3.930031163,3.930031163,3.930031163,3.930031163,,,
02/01/1995,3.929027769,3.929027769,3.929027769,3.929027769,3.929027769,3.929027769,,,
03/01/1995,3.91331528,3.91331528,3.91331528,3.91331528,3.91331528,3.91331528,,,
04/01/1995,3.905839362,3.905839362,3.905839362,3.905839362,3.905839362,3.905839362,,,
05/01/1995,3.900443266,3.900443266,3.900443266,3.900443266,3.900443266,3.900443266,,,
06/01/1995,3.912807415,3.912807415,3.912807415,3.912807415,3.912807415,3.912807415,,,
07/01/1995,3.960635271,3.960635271,3.960635271,3.960635271,3.960635271,3.960635271,,,
08/01/1995,4.028388797,4.028388797,4.028388797,4.028388797,4.028388797,4.028388797,,,
09/01/1995,4.096449986,4.096449986,4.096449986,4.096449986,4.096449986,4.096449986,,,
10/01/1995,4.086464671,4.086464671,4.086464671,4.086464671,4.086464671,4.086464671,,,
11/01/1995,4.049693785,4.049693785,4.049693785,4.049693785,4.049693785,4.049693785,,,
12/01/1995,4.024892647,4.024892647,4.024892647,4.024892647,4.024892647,4.024892647,,,
01/01/1996,4.011598398,4.011598398,4.011598398,4.011598398,4.011598398,4.011598398,,,
02/01/1996,4.004013887,4.004013887,4.004013887,4.004013887,4.004013887,4.004013887,,,
03/01/1996,3.99851677,3.99851677,3.99851677,3.99851677,3.99851677,3.99851677,,,
04/01/1996,3.994257442,3.994257442,3.994257442,3.994257442,3.994257442,3.994257442,,,
05/01/1996,3.992124325,3.992124325,3.992124325,3.992124325,3.992124325,3.992124325,,,
06/01/1996,4.011973404,4.011973404,4.011973404,4.011973404,4.011973404,4.011973404,,,
07/01/1996,4.058981756,4.058981756,4.058981756,4.058981756,4.058981756,4.058981756,,,
08/01/1996,4.141424584,4.141424584,4.141424584,4.141424584,4.141424584,4.141424584,,,
09/01/1996,4.191046859,4.191046859,4.191046859,4.191046859,4.191046859,4.191046859,,,
10/01/1996,4.165997285,4.165997285,4.165997285,4.165997285,4.165997285,4.165997285,,,
11/01/1996,4.129238814,4.129238814,4.129238814,4.129238814,4.129238814,4.129238814,,,
12/01/1996,4.104178772,4.104178772,4.104178772,4.104178772,4.104178772,4.104178772,,,
01/01/1997,4.09252045,4.09252045,4.09252045,4.09252045,4.09252045,4.09252045,,,
02/01/1997,4.085795573,4.085795573,4.085795573,4.085795573,4.085795573,4.085795573,,,
03/01/1997,4.079914934,4.079914934,4.079914934,4.079914934,4.079914934,4.079914934,,,
04/01/1997,4.076177487,4.076177487,4.076177487,4.076177487,4.076177487,4.076177487,,,
05/01/1997,4.101628737,4.101628737,4.101628737,4.101628737,4.101628737,4.101628737,,,
06/01/1997,4.164209908,4.164209908,4.164209908,4.164209908,4.164209908,4.164209908,,,
07/01/1997,4.229834547,4.229834547,4.229834547,4.229834547,4.229834547,4.229834547,,,
08/01/1997,4.29835752,4.29835752,4.29835752,4.29835752,4.29835752,4.29835752,,,
09/01/1997,4.342681013,4.342681013,4.342681013,4.342681013,4.342681013,4.342681013,,,
10/01/1997,4.309682479,4.309682479,4.309682479,4.309682479,4.309682479,4.309682479,,,
11/01/1997,4.281773325,4.281773325,4.281773325,4.281773325,4.281773325,4.281773325,,,
12/01/1997,4.26409661,4.26409661,4.26409661,4.26409661,4.26409661,4.26409661,,,
01/01/1998,4.243353479,4.243353479,4.243353479,4.243353479,4.243353479,4.243353479,,,
02/01/1998,4.2343817,4.2343817,4.2343817,4.2343817,4.2343817,4.2343817,,,
03/01/1998,4.227063607,4.227063607,4.227063607,4.227063607,4.227063607,4.227063607,,,
04/01/1998,4.219316897,4.219316897,4.219316897,4.219316897,4.219316897,4.219316897,,,
05/01/1998,4.21397876,4.21397876,4.21397876,4.21397876,4.21397876,4.21397876,,,
06/01/1998,4.22300279,4.22300279,4.22300279,4.22300279,4.22300279,4.22300279,,,
07/01/1998,4.242828081,4.242828081,4.242828081,4.242828081,4.242828081,4.242828081,,,
08/01/1998,4.280070782,4.280070782,4.280070782,4.280070782,4.280070782,4.280070782,,,
09/01/1998,4.341372203,4.341372203,4.341372203,4.341372203,4.341372203,4.341372203,,,
10/01/1998,4.342527545,4.342527545,4.342527545,4.342527545,4.342527545,4.342527545,,,
11/01/1998,4.309614109,4.309614109,4.309614109,4.309614109,4.309614109,4.309614109,,,
12/01/1998,4.285199706,4.285199706,4.285199706,4.285199706,4.285199706,4.285199706,,,
01/01/1999,4.272661956,4.272661956,4.272661956,4.272661956,4.272661956,4.272661956,,,
02/01/1999,4.265555183,4.265555183,4.265555183,4.265555183,4.265555183,4.265555183,,,
03/01/1999,4.26276,4.26276,4.26276,4.26276,4.26276,4.26276,,,
04/01/1999,4.26075333,4.26075333,4.26075333,4.26075333,4.26075333,4.26075333,,,
05/01/1999,4.261375215,4.261375215,4.261375215,4.261375215,4.261375215,4.261375215,,,
06/01/1999,4.281960262,4.281960262,4.281960262,4.281960262,4.281960262,4.281960262,,,
07/01/1999,4.363406987,4.363406987,4.363406987,4.363406987,4.363406987,4.363406987,,,
08/01/1999,4.445959652,4.445959652,4.445959652,4.445959652,4.445959652,4.445959652,,,
09/01/1999,4.499041981,4.499041981,4.499041981,4.499041981,4.499041981,4.499041981,,,
10/01/1999,4.485603418,4.485603418,4.485603418,4.485603418,4.485603418,4.485603418,,,
11/01/1999,4.444892425,4.444892425,4.444892425,4.444892425,4.444892425,4.444892425,,,
12/01/1999,4.419428167,4.419428167,4.419428167,4.419428167,4.419428167,4.419428167,,,
01/01/2000,4.403415385,4.403415385,4.403415385,4.403415385,4.403415385,4.403415385,,,
02/01/2000,4.39639209,4.39639209,4.39639209,4.39639209,4.39639209,4.39639209,,,
03/01/2000,4.404258623,4.404258623,4.404258623,4.404258623,4.404258623,4.404258623,,,
04/01/2000,4.394582977,4.394582977,4.394582977,4.394582977,4.394582977,4.394582977,,,
05/01/2000,4.393803991,4.393803991,4.393803991,4.393803991,4.393803991,4.393803991,,,
06/01/2000,4.433255241,4.433255241,4.433255241,4.433255241,4.433255241,4.433255241,,,
07/01/2000,4.485428476,4.485428476,4.485428476,4.485428476,4.485428476,4.485428476,,,
08/01/2000,4.559270839,4.559270839,4.559270839,4.559270839,4.559270839,4.559270839,,,
09/01/2000,4.58856023,4.58856023,4.58856023,4.58856023,4.58856023,4.58856023,,,
10/01/2000,4.556483918,4.556483918,4.556483918,4.556483918,4.556483918,4.556483918,,,
11/01/2000,4.524007445,4.524007445,4.524007445,4.524007445,4.524007445,4.524007445,,,
12/01/2000,4.505890814,4.505890814,4.505890814,4.505890814,4.505890814,4.505890814,,,
01/01/2001,4.4942897,4.4942897,4.4942897,4.4942897,4.4942897,4.4942897,,,
02/01/2001,4.486583372,4.486583372,4.486583372,4.486583372,4.486583372,4.486583372,,,
03/01/2001,4.476988762,4.476988762,4.476988762,4.476988762,4.476988762,4.476988762,,,
04/01/2001,4.473121633,4.473121633,4.473121633,4.473121633,4.473121633,4.473121633,,,
05/01/2001,4.473102494,4.473102494,4.473102494,4.473102494,4.473102494,4.473102494,,,
06/01/2001,4.504299561,4.504299561,4.504299561,4.504299561,4.504299561,4.504299561,,,
07/01/2001,4.565538639,4.565538639,4.565538639,4.565538639,4.565538639,4.565538639,,,
08/01/2001,4.607446,4.607446,4.607446,4.607446,4.607446,4.607446,,,
09/01/2001,4.63797496,4.63797496,4.63797496,4.63797496,4.63797496,4.63797496,,,
10/01/2001,4.62240616,4.62240616,4.62240616,4.62240616,4.62240616,4.62240616,,,
11/01/2001,4.602121528,4.602121528,4.602121528,4.602121528,4.602121528,4.602121528,,,
12/01/2001,4.588864495,4.588864495,4.588864495,4.588864495,4.588864495,4.588864495,,,
01/01/2002,4.571328127,4.571328127,4.571328127,4.571328127,4.571328127,4.571328127,,,
02/01/2002,4.556607222,4.556607222,4.556607222,4.556607222,4.556607222,4.556607222,,,
03/01/2002,4.549368763,4.549368763,4.549368763,4.549368763,4.549368763,4.549368763,,,
04/01/2002,4.54559761,4.54559761,4.54559761,4.54559761,4.54559761,4.54559761,,,
05/01/2002,4.5500479,4.5500479,4.5500479,4.5500479,4.5500479,4.5500479,,,
06/01/2002,4.586386101,4.586386101,4.586386101,4.586386101,4.586386101,4.586386101,,,
07/01/2002,4.66089567,4.66089567,4.66089567,4.66089567,4.66089567,4.66089567,,,
08/01/2002,4.720590636,4.720590636,4.720590636,4.720590636,4.720590636,4.720590636,,,
09/01/2002,4.762988105,4.762988105,4.762988105,4.762988105,4.762988105,4.762988105,,,
10/01/2002,4.747121092,4.747121092,4.747121092,4.747121092,4.747121092,4.747121092,,,
11/01/2002,4.729003737,4.729003737,4.729003737,4.729003737,4.729003737,4.729003737,,,
12/01/2002,4.720585787,4.720585787,4.720585787,4.720585787,4.720585787,4.720585787,,,
01/01/2003,4.695295918,4.695295918,4.695295918,4.695295918,4.695295918,4.695295918,,,
02/01/2003,4.67270373,4.67270373,4.67270373,4.67270373,4.67270373,4.67270373,,,
03/01/2003,4.665084666,4.665084666,4.665084666,4.665084666,4.665084666,4.665084666,,,
04/01/2003,4.660753354,4.660753354,4.660753354,4.660753354,4.660753354,4.660753354,,,
05/01/2003,4.660419752,4.660419752,4.660419752,4.660419752,4.660419752,4.660419752,,,
06/01/2003,4.665995817,4.665995817,4.665995817,4.665995817,4.665995817,4.665995817,,,
07/01/2003,4.707638504,4.707638504,4.707638504,4.707638504,4.707638504,4.707638504,,,
08/01/2003,4.802166081,4.802166081,4.802166081,4.802166081,4.802166081,4.802166081,,,
09/01/2003,4.838457498,4.838457498,4.838457498,4.838457498,4.838457498,4.838457498,,,
10/01/2003,4.830575926,4.830575926,4.830575926,4.830575926,4.830575926,4.830575926,,,
11/01/2003,4.799638543,4.799638543,4.799638543,4.799638543,4.799638543,4.799638543,,,
12/01/2003,4.772806911,4.772806911,4.772806911,4.772806911,4.772806911,4.772806911,,,
01/01/2004,4.754911916,4.754911916,4.754911916,4.754911916,4.754911916,4.754911916,,,
02/01/2004,4.744728051,4.744728051,4.744728051,4.744728051,4.744728051,4.744728051,,,
03/01/2004,4.737810962,4.737810962,4.737810962,4.737810962,4.737810962,4.737810962,,,
04/01/2004,4.73408327,4.73408327,4.73408327,4.73408327,4.73408327,4.73408327,,,
05/01/2004,4.74096755,4.74096755,4.74096755,4.74096755,4.74096755,4.74096755,,,
06/01/2004,4.794386693,4.794386693,4.794386693,4.794386693,4.794386693,4.794386693,,,
07/01/2004,4.866117761,4.866117761,4.866117761,4.866117761,4.866117761,4.866117761,,,
08/01/2004,4.9383781,4.9383781,4.9383781,4.9383781,4.9383781,4.9383781,,,
09/01/2004,4.966769235,4.966769235,4.966769235,4.966769235,4.966769235,4.966769235,,,
10/01/2004,4.94386868,4.94386868,4.94386868,4.94386868,4.94386868,4.94386868,,,
11/01/2004,4.916182098,4.916182098,4.916182098,4.916182098,4.916182098,4.916182098,,,
12/01/2004,4.890802079,4.890802079,4.890802079,4.890802079,4.890802079,4.890802079,,,
01/01/2005,4.871706104,4.871706104,4.871706104,4.871706104,4.871706104,4.871706104,,,
02/01/2005,4.862992225,4.862992225,4.862992225,4.862992225,4.862992225,4.862992225,,,
03/01/2005,4.856733631,4.856733631,4.856733631,4.856733631,4.856733631,4.856733631,,,
04/01/2005,4.85315067,4.85315067,4.85315067,4.85315067,4.85315067,4.85315067,,,
05/01/2005,4.85028104,4.85028104,4.85028104,4.85028104,4.85028104,4.85028104,,,
06/01/2005,4.861822125,4.861822125,4.861822125,4.861822125,4.861822125,4.861822125,,,
07/01/2005,4.918904974,4.918904974,4.918904974,4.918904974,4.918904974,4.918904974,,,
08/01/2005,4.998826144,4.998826144,4.998826144,4.998826144,4.998826144,4.998826144,,,
09/01/2005,5.018010132,5.018010132,5.018010132,5.018010132,5.018010132,5.018010132,,,
10/01/2005,5.019403119,5.019403119,5.019403119,5.019403119,5.019403119,5.019403119,,,
11/01/2005,4.998548513,4.998548513,4.998548513,4.998548513,4.998548513,4.998548513,,,
12/01/2005,4.964994329,4.964994329,4.964994329,4.964994329,4.964994329,4.964994329,,,
01/01/2006,4.947457562,4.947457562,4.947457562,4.947457562,4.947457562,4.947457562,,,
02/01/2006,4.936988819,4.936988819,4.936988819,4.936988819,4.936988819,4.936988819,,,
03/01/2006,4.928280777,4.928280777,4.928280777,4.928280777,4.928280777,4.928280777,,,
04/01/2006,4.924244342,4.924244342,4.924244342,4.924244342,4.924244342,4.924244342,,,
05/01/2006,4.921054757,4.921054757,4.921054757,4.921054757,4.921054757,4.921054757,,,
06/01/2006,4.924207044,4.924207044,4.924207044,4.924207044,4.924207044,4.924207044,,,
07/01/2006,4.965493878,4.965493878,4.965493878,4.965493878,4.965493878,4.965493878,,,
08/01/2006,5.029037338,5.029037338,5.029037338,5.029037338,5.029037338,5.029037338,,,
09/01/2006,5.077761969,5.077761969,5.077761969,5.077761969,5.077761969,5.077761969,,,
10/01/2006,5.073873142,5.073873142,5.073873142,5.073873142,5.073873142,5.073873142,,,
11/01/2006,5.047115923,5.047115923,5.047115923,5.047115923,5.047115923,5.047115923,,,
12/01/2006,5.020440424,5.020440424,5.020440424,5.020440424,5.020440424,5.020440424,,,
01/01/2007,5.000160205,5.000160205,5.000160205,5.000160205,5.000160205,5.000160205,,,
02/01/2007,4.990929118,4.990929118,4.990929118,4.990929118,4.990929118,4.990929118,,,
03/01/2007,4.992499473,4.992499473,4.992499473,4.992499473,4.992499473,4.992499473,,,
04/01/2007,4.991834981,4.991834981,4.991834981,4.991834981,4.991834981,4.991834981,,,
05/01/2007,4.992203662,4.992203662,4.992203662,4.992203662,4.992203662,4.992203662,,,
06/01/2007,5.058265492,5.058265492,5.058265492,5.058265492,5.058265492,5.058265492,,,
07/01/2007,5.128366948,5.128366948,5.128366948,5.128366948,5.128366948,5.128366948,,,
08/01/2007,5.215919733,5.215919733,5.215919733,5.215919733,5.215919733,5.215919733,,,
09/01/2007,5.235309317,5.235309317,5.235309317,5.235309317,5.235309317,5.235309317,,,
10/01/2007,5.212452834,5.212452834,5.212452834,5.212452834,5.212452834,5.212452834,,,
11/01/2007,5.19067463,5.19067463,5.19067463,5.19067463,5.19067463,5.19067463,,,
12/01/2007,5.165878048,5.165878048,5.165878048,5.165878048,5.165878048,5.165878048,,,
01/01/2008,5.150608035,5.150608035,5.150608035,5.150608035,5.150608035,5.150608035,,,
02/01/2008,5.141182097,5.141182097,5.141182097,5.141182097,5.141182097,5.141182097,,,
03/01/2008,5.133538105,5.133538105,5.133538105,5.133538105,5.133538105,5.133538105,,,
04/01/2008,5.126507873,5.126507873,5.126507873,5.126507873,5.126507873,5.126507873,,,
05/01/2008,5.131631755,5.131631755,5.131631755,5.131631755,5.131631755,5.131631755,,,
06/01/2008,5.20833403,5.20833403,5.20833403,5.20833403,5.20833403,5.20833403,,,
07/01/2008,5.26814846,5.26814846,5.26814846,5.26814846,5.26814846,5.26814846,,,
08/01/2008,5.327256737,5.327256737,5.327256737,5.327256737,5.327256737,5.327256737,,,
09/01/2008,5.347322643,5.347322643,5.347322643,5.347322643,5.347322643,5.347322643,,,
10/01/2008,5.334753538,5.334753538,5.334753538,5.334753538,5.334753538,5.334753538,,,
11/01/2008,5.313651416,5.313651416,5.313651416,5.313651416,5.313651416,5.313651416,,,
12/01/2008,5.292023322,5.292023322,5.292023322,5.292023322,5.292023322,5.292023322,,,
01/01/2009,5.271658181,5.271658181,5.271658181,5.271658181,5.271658181,5.271658181,,,
02/01/2009,5.262855476,5.262855476,5.262855476,5.262855476,5.262855476,5.262855476,,,
03/01/2009,5.256537403,5.256537403,5.256537403,5.256537403,5.256537403,5.256537403,,,
04/01/2009,5.254444562,5.254444562,5.254444562,5.254444562,5.254444562,5.254444562,,,
05/01/2009,5.25328725,5.25328725,5.25328725,5.25328725,5.25328725,5.25328725,,,
06/01/2009,5.298153431,5.298153431,5.298153431,5.298153431,5.298153431,5.298153431,,,
07/01/2009,5.367143839,5.367143839,5.367143839,5.367143839,5.367143839,5.367143839,,,
08/01/2009,5.433181405,5.433181405,5.433181405,5.433181405,5.433181405,5.433181405,,,
09/01/2009,5.476142631,5.476142631,5.476142631,5.476142631,5.476142631,5.476142631,,,
10/01/2009,5.468450083,5.468450083,5.468450083,5.468450083,5.468450083,5.468450083,,,
11/01/2009,5.453976673,5.453976673,5.453976673,5.453976673,5.453976673,5.453976673,,,
12/01/2009,5.426395184,5.426395184,5.426395184,5.426395184,5.426395184,5.426395184,,,
01/01/2010,5.40669103,5.40669103,5.40669103,5.40669103,5.40669103,5.40669103,,,
02/01/2010,5.396995436,5.396995436,5.396995436,5.396995436,5.396995436,5.396995436,,,
03/01/2010,5.390612145,5.390612145,5.390612145,5.390612145,5.390612145,5.390612145,,,
04/01/2010,5.385632934,5.385632934,5.385632934,5.385632934,5.385632934,5.385632934,,,
05/01/2010,5.383008418,5.383008418,5.383008418,5.383008418,5.383008418,5.383008418,,,
06/01/2010,5.384776956,5.384776956,5.384776956,5.384776956,5.384776956,5.384776956,,,
07/01/2010,5.438092913,5.438092913,5.438092913,5.438092913,5.438092913,5.438092913,,,
08/01/2010,5.524763833,5.524763833,5.524763833,5.524763833,5.524763833,5.524763833,,,
09/01/2010,5.600004748,5.600004748,5.600004748,5.600004748,5.600004748,5.600004748,,,
10/01/2010,5.589597937,5.589597937,5.589597937,5.589597937,5.589597937,5.589597937,,,
11/01/2010,5.565030591,5.565030591,5.565030591,5.565030591,5.565030591,5.565030591,,,
12/01/2010,5.540941684,5.540941684,5.540941684,5.540941684,5.540941684,5.540941684,,,
01/01/2011,5.515876659,5.515876659,5.515876659,5.515876659,5.515876659,5.515876659,,,
02/01/2011,5.505373496,5.505373496,5.505373496,5.505373496,5.505373496,5.505373496,,,
03/01/2011,5.497564986,5.497564986,5.497564986,5.497564986,5.497564986,5.497564986,,,
04/01/2011,5.493204926,5.493204926,5.493204926,5.493204926,5.493204926,5.493204926,,,
05/01/2011,5.489617891,5.489617891,5.489617891,5.489617891,5.489617891,5.489617891,,,
06/01/2011,5.501330135,5.501330135,5.501330135,5.501330135,5.501330135,5.501330135,,,
07/01/2011,5.546430545,5.546430545,5.546430545,5.546430545,5.546430545,5.546430545,,,
08/01/2011,5.569546233,5.569546233,5.569546233,5.569546233,5.569546233,5.569546233,,,
09/01/2011,5.617278237,5.617278237,5.617278237,5.617278237,5.617278237,5.617278237,,,
10/01/2011,5.629543785,5.629543785,5.629543785,5.629543785,5.629543785,5.629543785,,,
11/01/2011,5.60166184,5.60166184,5.60166184,5.60166184,5.60166184,5.60166184,,,
12/01/2011,5.566767624,5.566767624,5.566767624,5.566767624,5.566767624,5.566767624,,,
01/01/2012,5.558005455,5.558005455,5.558005455,5.558005455,5.558005455,5.558005455,,,
02/01/2012,5.551497658,5.551497658,5.551497658,5.551497658,5.551497658,5.551497658,,,
03/01/2012,5.55708012,5.55708012,5.55708012,5.55708012,5.55708012,5.55708012,,,
04/01/2012,5.551916236,5.551916236,5.551916236,5.551916236,5.551916236,5.551916236,,,
05/01/2012,5.548463207,5.548463207,5.548463207,5.548463207,5.548463207,5.548463207,,,
06/01/2012,5.565927039,5.565927039,5.565927039,5.565927039,5.565927039,5.565927039,,,
07/01/2012,5.62890062,5.62890062,5.62890062,5.62890062,5.62890062,5.62890062,,,
08/01/2012,5.672688663,5.672688663,5.672688663,5.672688663,5.672688663,5.672688663,,,
09/01/2012,5.717983476,5.717983476,5.717983476,5.717983476,5.717983476,5.717983476,,,
10/01/2012,5.721658026,5.721658026,5.721658026,5.721658026,5.721658026,5.721658026,,,
11/01/2012,5.696184595,5.696184595,5.696184595,5.696184595,5.696184595,5.696184595,,,
12/01/2012,5.6741042,5.6741042,5.6741042,5.6741042,5.6741042,5.6741042,,,
01/01/2013,5.653208029,5.653208029,5.653208029,5.653208029,5.653208029,5.653208029,,,
02/01/2013,5.635598857,5.635598857,5.635598857,5.635598857,5.635598857,5.635598857,,,
03/01/2013,5.625979581,5.625979581,5.625979581,5.625979581,5.625979581,5.625979581,,,
04/01/2013,5.62766897,5.62766897,5.62766897,5.62766897,5.62766897,5.62766897,,,
05/01/2013,5.652280722,5.652280722,5.652280722,5.652280722,5.652280722,5.652280722,,,
06/01/2013,5.702615532,5.702615532,5.702615532,5.702615532,5.702615532,5.702615532,,,
07/01/2013,5.753682047,5.753682047,5.753682047,5.753682047,5.753682047,5.753682047,,,
08/01/2013,5.81050856,5.81050856,5.81050856,5.81050856,5.81050856,5.81050856,,,
09/01/2013,5.834448192,5.834448192,5.834448192,5.834448192,5.834448192,5.834448192,,,
10/01/2013,5.810285445,5.810285445,5.810285445,5.810285445,5.810285445,5.810285445,,,
11/01/2013,5.786270571,5.786270571,5.786270571,5.786270571,5.786270571,5.786270571,,,
12/01/2013,5.76799734,5.76799734,5.76799734,5.76799734,5.76799734,5.76799734,,,
01/01/2014,5.753747021,5.753747021,5.753747021,5.753747021,5.753747021,5.753747021,,,
02/01/2014,5.741131081,5.741131081,5.741131081,5.741131081,5.741131081,5.741131081,,,
03/01/2014,5.756334758,5.756334758,5.756334758,5.756334758,5.756334758,5.756334758,,,
04/01/2014,5.758850823,5.758850823,5.758850823,5.758850823,5.758850823,5.758850823,,,
05/01/2014,5.744846106,5.744846106,5.744846106,5.744846106,5.744846106,5.744846106,,,
06/01/2014,5.764317257,5.764317257,5.764317257,5.764317257,5.764317257,5.764317257,,,
07/01/2014,5.8474975,5.8474975,5.8474975,5.8474975,5.8474975,5.8474975,,,
08/01/2014,5.930736175,5.930736175,5.930736175,5.930736175,5.930736175,5.930736175,,,
09/01/2014,5.963979857,5.963979857,5.963979857,5.963979857,5.963979857,5.963979857,,,
10/01/2014,5.947973181,5.947973181,5.947973181,5.947973181,5.947973181,5.947973181,,,
11/01/2014,5.931988271,5.931988271,5.931988271,5.931988271,5.931988271,5.931988271,,,
12/01/2014,5.916556654,5.916556654,5.916556654,5.916556654,5.916556654,5.916556654,,,
01/01/2015,5.898263887,5.898263887,5.898263887,5.898263887,5.898263887,5.898263887,,,
02/01/2015,5.879450734,5.879450734,5.879450734,5.879450734,5.879450734,5.879450734,,,
03/01/2015,5.869445892,5.869445892,5.869445892,5.869445892,5.869445892,5.869445892,,,
04/01/2015,5.863647784,5.863647784,5.863647784,5.863647784,5.863647784,5.863647784,,,
05/01/2015,5.883470007,5.883470007,5.883470007,5.883470007,5.883470007,5.883470007,,,
06/01/2015,5.926288739,5.926288739,5.926288739,5.926288739,5.926288739,5.926288739,,,
07/01/2015,5.984042458,5.984042458,5.984042458,5.984042458,5.984042458,5.984042458,,,
08/01/2015,6.04566785,6.04566785,6.04566785,6.04566785,6.04566785,6.04566785,,,
09/01/2015,6.076064978,6.076064978,6.076064978,6.076064978,6.076064978,6.076064978,,,
10/01/2015,6.059141689,6.059141689,6.059141689,6.059141689,6.059141689,6.059141689,,,
11/01/2015,6.042478059,6.042478059,6.042478059,6.042478059,6.042478059,6.042478059,,,
12/01/2015,6.029838232,6.029838232,6.029838232,6.029838232,6.029838232,6.029838232,,,
01/01/2016,6.007554536,6.007554536,6.007554536,6.007554536,6.007554536,6.007554536,,,
02/01/2016,5.992086978,5.992086978,5.992086978,5.992086978,5.992086978,5.992086978,,,
03/01/2016,5.98250229,5.98250229,5.98250229,5.98250229,5.98250229,5.98250229,,,
04/01/2016,5.97646299,5.97646299,5.97646299,5.97646299,5.97646299,5.97646299,,,
05/01/2016,5.973595481,5.973595481,5.973595481,5.973595481,5.973595481,5.973595481,,,
06/01/2016,6.013034869,6.013034869,6.013034869,6.013034869,6.013034869,6.013034869,,,
07/01/2016,6.072811806,6.072811806,6.072811806,6.072811806,6.072811806,6.072811806,,,
08/01/2016,6.13226665,6.13226665,6.13226665,6.13226665,6.13226665,6.13226665,,,
09/01/2016,6.154289458,6.154289458,6.154289458,6.154289458,6.154289458,6.154289458,,,
10/01/2016,6.134344792,6.134344792,6.134344792,6.134344792,6.134344792,6.134344792,,,
11/01/2016,6.110148474,6.110148474,6.110148474,6.110148474,6.110148474,6.110148474,,,
12/01/2016,6.088467502,6.088467502,6.088467502,6.088467502,6.088467502,6.088467502,,,
01/01/2017,6.065146774,6.065146774,6.065146774,6.065146774,6.065146774,6.065146774,,,
02/01/2017,6.053029411,6.053029411,6.053029411,6.053029411,6.053029411,6.053029411,,,
03/01/2017,6.043397622,6.043397622,6.043397622,6.043397622,6.043397622,6.043397622,,,
04/01/2017,6.033978706,6.033978706,6.033978706,6.033978706,6.033978706,6.033978706,,,
05/01/2017,6.02809115,6.02809115,6.02809115,6.02809115,6.02809115,6.02809115,,,
06/01/2017,6.029783966,6.029783966,6.029783966,6.029783966,6.029783966,6.029783966,,,
07/01/2017,6.086027857,6.086027857,6.086027857,6.086027857,6.086027857,6.086027857,,,
08/01/2017,6.144233628,6.144233628,6.144233628,6.144233628,6.144233628,6.144233628,,,
09/01/2017,6.167774825,6.167774825,6.167774825,6.167774825,6.167774825,6.167774825,,,
10/01/2017,6.145920904,6.145920904,6.145920904,6.145920904,6.145920904,6.145920904,,,
11/01/2017,6.120514052,6.120514052,6.120514052,6.120514052,6.120514052,6.120514052,,,
12/01/2017,6.104704679,6.104704679,6.104704679,6.104704679,6.104704679,6.104704679,,,
01/01/2018,6.085114967,6.085114967,6.085114967,6.085114967,6.085114967,6.085114967,,,
02/01/2018,6.076088043,6.076088043,6.076088043,6.076088043,6.076088043,6.076088043,,,
03/01/2018,6.067368083,6.067368083,6.067368083,6.067368083,6.067368083,6.067368083,,,
04/01/2018,6.066188487,6.066188487,6.066188487,6.066188487,6.066188487,6.066188487,,,
05/01/2018,6.073790845,6.073790845,6.073790845,6.073790845,6.073790845,6.073790845,,,
06/01/2018,6.106063228,6.106063228,6.106063228,6.106063228,6.106063228,6.106063228,,,
07/01/2018,6.146101785,6.146101785,6.146101785,6.146101785,6.146101785,6.146101785,,,
08/01/2018,6.208837492,6.208837492,6.208837492,6.208837492,6.208837492,6.208837492,,,
09/01/2018,6.239465205,6.239465205,6.239465205,6.239465205,6.239465205,6.239465205,,,
10/01/2018,6.208306082,6.208306082,6.208306082,6.208306082,6.208306082,6.208306082,,,
11/01/2018,6.179864982,6.179864982,6.179864982,6.179864982,6.179864982,6.179864982,,,
12/01/2018,6.1601966,6.1601966,6.1601966,6.1601966,6.1601966,6.1601966,,,
01/01/2019,6.146786501,6.146786501,6.146786501,6.146786501,6.146786501,6.146786501,,,
02/01/2019,6.128152238,6.128152238,6.128152238,6.128152238,6.128152238,6.128152238,,,
03/01/2019,6.118453454,6.118453454,6.118453454,6.118453454,6.118453454,6.118453454,,,
04/01/2019,6.109918071,6.109918071,6.109918071,6.109918071,6.109918071,6.109918071,,,
05/01/2019,6.10226279,6.10226279,6.10226279,6.10226279,6.10226279,6.10226279,,,
06/01/2019,6.110854741,6.110854741,6.110854741,6.110854741,6.110854741,6.110854741,,,
07/01/2019,6.14853261,6.14853261,6.14853261,6.14853261,6.14853261,6.14853261,,,
08/01/2019,6.195631722,6.195631722,6.195631722,6.195631722,6.195631722,6.195631722,,,
09/01/2019,6.233696839,6.233696839,6.233696839,6.233696839,6.233696839,6.233696839,,,
10/01/2019,6.213007428,6.213007428,6.213007428,6.213007428,6.213007428,6.213007428,,,
11/01/2019,6.184261563,6.184261563,6.184261563,6.184261563,6.184261563,6.184261563,,,
12/01/2019,6.165747569,6.165747569,6.165747569,6.165747569,6.165747569,6.165747569,,,
01/01/2020,6.156093405,6.156093405,6.156093405,6.156093405,6.156093405,6.156093405,,,
02/01/2020,6.140301758,6.140301758,6.140301758,6.140301758,6.140301758,6.140301758,,,
03/01/2020,6.131696392,6.131696392,6.131696392,6.131696392,6.131696392,6.131696392,,,
04/01/2020,6.129096823,6.129096823,6.129096823,6.129096823,6.129096823,6.129096823,,,
05/01/2020,6.156812782,6.156812782,6.156812782,6.156812782,6.156812782,6.156812782,,,
06/01/2020,6.18317763,6.18317763,6.18317763,6.18317763,6.18317763,6.18317763,,,
07/01/2020,6.243075525,6.243075525,6.243075525,6.243075525,6.243075525,6.243075525,,,
08/01/2020,6.292320996,6.292320996,6.292320996,6.292320996,6.292320996,6.292320996,,,
09/01/2020,6.316196708,6.316196708,6.316196708,6.316196708,6.316196708,6.316196708,,,
10/01/2020,6.288397525,6.288397525,6.288397525,6.288397525,6.288397525,6.288397525,,,
11/01/2020,6.2603325,6.2603325,6.2603325,6.2603325,6.2603325,6.2603325,,,
12/01/2020,6.247686267,6.247686267,6.247686267,6.247686267,6.247686267,6.247686267,,,
01/01/2021,6.232306026,6.232306026,6.232306026,6.232306026,6.232306026,6.232306026,,,
02/01/2021,6.216706803,6.216706803,6.216706803,6.216706803,6.216706803,6.216706803,,,
03/01/2021,6.210982722,6.210982722,6.210982722,6.210982722,6.210982722,6.210982722,,,
04/01/2021,6.209421332,6.209421332,6.209421332,6.209421332,6.209421332,6.209421332,,,
05/01/2021,6.227596668,6.227596668,6.227596668,6.227596668,6.227596668,6.227596668,,,
06/01/2021,6.286280925,6.286280925,6.286280925,6.286280925,6.286280925,6.286280925,,,
07/01/2021,6.35048203,6.35048203,6.35048203,6.35048203,6.35048203,6.35048203,,,
08/01/2021,6.418761028,6.418761028,6.418761028,6.418761028,6.418761028,6.418761028,,,
09/01/2021,6.4506382,6.4506382,6.4506382,6.4506382,6.4506382,6.4506382,,,
10/01/2021,6.432252571,6.432252571,6.432252571,6.432252571,6.432252571,6.432252571,,,
11/01/2021,6.412594585,6.412594585,6.412594585,6.412594585,6.412594585,6.412594585,,,
12/01/2021,6.398115581,6.398115581,6.398115581,6.398115581,6.398115581,6.398115581,,,
01/01/2022,6.366749046,6.366749046,6.366749046,6.366749046,6.366749046,6.366749046,,,
02/01/2022,6.350732863,6.350732863,6.350732863,6.350732863,6.350732863,6.350732863,,,
03/01/2022,6.339113777,6.339113777,6.339113777,6.339113777,6.339113777,6.339113777,,,
04/01/2022,6.351164713,6.351164713,6.351164713,6.351164713,6.351164713,6.351164713,,,
05/01/2022,6.380969448,6.380969448,6.380969448,6.380969448,6.380969448,6.380969448,,,
06/01/2022,6.40604177,6.40604177,6.40604177,6.40604177,6.40604177,6.40604177,,,
07/01/2022,6.449149622,6.449149622,6.449149622,6.449149622,6.449149622,6.449149622,,,
08/01/2022,6.509370083,6.509370083,6.509370083,6.509370083,6.509370083,6.509370083,,,
09/01/2022,6.550245569,6.550245569,6.550245569,6.550245569,6.550245569,6.550245569,,,
10/01/2022,6.53437394,6.53437394,6.53437394,6.53437394,6.53437394,6.53437394,,,
11/01/2022,6.511667221,6.511667221,6.511667221,6.511667221,6.511667221,6.511667221,,,
12/01/2022,6.488273954,6.488273954,6.488273954,6.488273954,6.488273954,6.488273954,,,
01/01/2023,6.48671024,6.48671024,6.48671024,6.48671024,6.48671024,6.48671024,,,
02/01/2023,6.473859882,6.473859882,6.473859882,6.473859882,6.473859882,6.473859882,,,
03/01/2023,6.460185568,6.460185568,6.460185568,6.460185568,6.460185568,6.460185568,,,
04/01/2023,6.448638455,6.448638455,6.448638455,6.448638455,6.448638455,6.448638455,,,
05/01/2023,6.439336051,6.439336051,6.439336051,6.439336051,6.439336051,6.439336051,,,
06/01/2023,6.433816858,6.433816858,6.433816858,6.433816858,6.433816858,6.433816858,,,
07/01/2023,6.452509663,6.452509663,6.452509663,6.452509663,6.452509663,6.452509663,,,
08/01/2023,6.486606852,6.486606852,6.486606852,6.486606852,6.486606852,6.486606852,,,
09/01/2023,6.514699276,6.514699276,6.514699276,6.514699276,6.514699276,6.514699276,,,
10/01/2023,6.526513406,6.526513406,6.526513406,6.526513406,6.526513406,6.526513406,,,
11/01/2023,6.512960417,6.512960417,6.512960417,6.512960417,6.512960417,6.512960417,,,
12/01/2023,6.496823857,6.496823857,6.496823857,6.496823857,6.496823857,6.496823857,,,
01/01/2024,6.483876193,6.483876193,6.483876193,6.483876193,6.483876193,6.483876193,,,
02/01/2024,6.458881578,6.458881578,6.474588312,6.458881578,6.446326702,6.446326702,,,
03/01/2024,6.447379384,6.447379384,6.464801006,6.447379384,6.445954099,6.445954099,,,
04/01/2024,6.535613967,6.535613967,6.454404666,6.535613967,6.446126086,6.446126086,,,
05/01/2024,6.538200931,6.538200931,6.446269887,6.538200931,6.460169037,6.460169037,,,
06/01/2024,6.540153862,6.540153862,6.450971251,6.540153862,6.500502467,6.500502467,,,
07/01/2024,6.541482274,6.541482274,6.480919621,6.541482274,6.535168534,6.535168534,,,
08/01/2024,6.54229457,6.54229457,6.521615636,6.54229457,6.548786878,6.553238508,,,
09/01/2024,6.542559526,6.542559526,6.549440213,6.542559526,6.55144321,6.561201907,,,
10/01/2024,6.542332874,6.542332874,6.556065792,6.542332874,6.553296409,6.568966561,,,
11/01/2024,6.541602239,6.541602239,6.562850679,6.541602239,6.554765886,6.577042063,,,
12/01/2024,6.540452972,6.540452972,6.569388272,6.540452972,6.555556675,6.584954178,,,
01/01/2025,6.538971931,6.538971931,6.57611352,6.538971931,6.555960574,6.593192359,,,
02/01/2025,6.537260534,6.537260534,6.582808251,6.537260534,6.555866124,6.601503594,,,
03/01/2025,6.535549519,6.535549519,6.588829674,6.535549519,6.55500783,6.609121394,,,
04/01/2025,6.533463563,6.533463563,6.595465271,6.533463563,6.553975274,6.617571323,,,
05/01/2025,6.531269171,6.531269171,6.601864874,6.531269171,6.552576924,6.625826216,,,
06/01/2025,6.528823246,6.528823246,6.608464673,6.528823246,6.551026002,6.634402096,,,
07/01/2025,6.526295692,6.526295692,6.614836169,6.526295692,6.549217518,6.642775411,,,
08/01/2025,6.523520402,6.523520402,6.62140116,6.525115126,6.547285606,6.651470086,,,
09/01/2025,6.520592105,6.520592105,6.62794549,6.526381214,6.545174355,6.66022113,,,
10/01/2025,6.517618473,6.517618473,6.634258102,6.52765572,6.542841959,6.668759792,,,
11/01/2025,6.514405848,6.514405848,6.640758348,6.528990154,6.540390244,6.677621658,,,
12/01/2025,6.511167368,6.511167368,6.647026922,6.530286835,6.537742206,6.686294605,,,
01/01/2026,6.507683121,6.507683121,6.653479787,6.53162733,6.534982394,6.695326367,,,
02/01/2026,6.504062516,6.504062516,6.659908362,6.532967596,6.53207982,6.704437699,,,
03/01/2026,6.503242882,6.500685555,6.665694542,6.53417723,6.528959211,6.712783472,,,
04/01/2026,6.503756734,6.496821263,6.672075165,6.535514666,6.525780013,6.722047625,,,
05/01/2026,6.504299601,6.492978205,6.678226164,6.536807453,6.522453044,6.731106155,,,
06/01/2026,6.504878111,6.488906903,6.684556676,6.538141694,6.519014213,6.740527187,,,
07/01/2026,6.505444091,6.484879641,6.690659103,6.539431431,6.518197621,6.749731528,,,
08/01/2026,6.506030812,6.480630772,6.696939127,6.540762292,6.518749439,6.759297463,,,
09/01/2026,6.506618172,6.476297746,6.70319375,6.542091709,6.519346967,6.768931717,,,
10/01/2026,6.507186008,6.472026887,6.709222303,6.543376456,6.519940435,6.778336304,,,
11/01/2026,6.507772283,6.467532432,6.715426236,6.544702836,6.520559399,6.788110707,,,
12/01/2026,6.508338902,6.463108578,6.721405956,6.545985503,6.521160224,6.797659806,,,
01/01/2027,6.50892386,6.460793842,6.727559434,6.547310014,6.521781593,6.80758549,,,
02/01/2027,6.509508363,6.460669836,6.733687542,6.548633674,6.522403057,6.817582905,,,
03/01/2027,6.510035742,6.460632862,6.739201699,6.549828218,6.522964321,6.826725528,,,
04/01/2027,6.510619164,6.460636766,6.745281192,6.551149535,6.52358512,6.836866367,,,
05/01/2027,6.511183952,6.460664173,6.75114129,6.55242752,6.524186081,6.846797038,,,
06/01/2027,6.511767319,6.460707008,6.757171617,6.553746902,6.524806666,6.85715326,,,
07/01/2027,6.512331714,6.460757157,6.762984096,6.555022641,6.525407064,6.867288838,,,
08/01/2027,6.512914971,6.460815348,6.768965789,6.556339935,6.52602734,6.877840386,,,
09/01/2027,6.513497682,6.460877361,6.77492254,6.557655669,6.526646965,6.88847916,,,
10/01/2027,6.514061557,6.460940321,6.780664354,6.558927941,6.527246543,6.898872212,,,
11/01/2027,6.514643594,6.46100707,6.786572828,6.560240948,6.52786529,6.909675575,,,
12/01/2027,6.515206607,6.461073092,6.792267984,6.561510355,6.528463807,6.920221317,,,
01/01/2028,6.515788007,6.461142321,6.798128764,6.562820622,6.529081712,6.931176954,,,
02/01/2028,6.51636912,6.461212374,6.803965574,6.564129516,6.529699228,6.942203929,,,
03/01/2028,6.51691248,6.46127845,6.809404962,6.565352746,6.530276706,6.952618548,,,
04/01/2028,6.517493164,6.46134972,6.815195968,6.56665908,6.530893596,6.963787604,,,
05/01/2028,6.518054646,6.461418839,6.82077799,6.567921772,6.531490091,6.974677046,,,
06/01/2028,6.518634531,6.461490543,6.826522728,6.569225124,6.532103602,6.98597849,,,
07/01/2028,6.519195781,6.461560534,6.832060796,6.57048544,6.532697301,6.996993836,,,
08/01/2028,6.519774981,6.46163257,6.83776462,6.571785898,6.533309935,7.008422334,,,
09/01/2028,6.520353972,6.461704873,6.843456142,6.573085011,6.533922263,7.019911229,,,
10/01/2028,6.520913918,6.46177489,6.848951416,6.574340788,6.534514379,7.031104187,,,
11/01/2028,6.521492099,6.461847234,6.854614841,6.575636858,6.535125707,7.042713186,,,
12/01/2028,6.522051341,6.46191735,6.860080651,6.57688976,6.535716937,7.05402046,,,
01/01/2029,6.522628741,6.46198972,6.865711779,6.578182801,6.536327296,7.065745586,,,
02/01/2029,6.523205951,6.462062313,6.871325751,6.579474498,6.536937369,7.077526136,,,
03/01/2029,6.523726998,6.462127899,6.876381994,6.580640068,6.537488021,7.088270301,,,
04/01/2029,6.524303504,6.462200539,6.881961958,6.581929187,6.538097211,7.100202672,,,
05/01/2029,6.524861122,6.462270915,6.887344883,6.583175511,6.538686371,7.111911053,,,
06/01/2029,6.525436656,6.462343339,6.892888508,6.584461737,6.539294404,7.124123749,,,
07/01/2029,6.525993314,6.462413485,6.898235926,6.585705241,6.539882428,7.13607098,,,
08/01/2029,6.526568256,6.462486097,6.903743006,6.586988934,6.540489688,7.148505998,,,
09/01/2029,6.527142816,6.462558717,6.909231341,6.588271327,6.541096474,7.161037274,,,
10/01/2029,6.527698447,6.462628965,6.914525007,6.589511271,6.541683206,7.17326905,,,
11/01/2029,6.528272188,6.462701535,6.919976295,6.590791385,6.542288994,7.185978167,,,
12/01/2029,6.528827157,6.462771876,6.925234216,6.592029232,6.542874891,7.198373121,,,
01/01/2030,6.529399949,6.462844264,6.930648326,6.593306911,6.543479554,7.211242565,,,
02/01/2030,6.529972592,6.462916914,6.93604388,6.594583662,6.544083975,7.224185667,,,
03/01/2030,6.530489582,6.462982628,6.940902086,6.595735984,6.544629597,7.235994295,,,
04/01/2030,6.531061288,6.463055088,6.946261854,6.59701042,6.545232915,7.249087899,,,
05/01/2030,6.531613872,6.463124888,6.951430934,6.598242561,6.545816008,7.261840743,,,
06/01/2030,6.532184717,6.463197277,6.956753905,6.599515035,6.54641829,7.275067755,,,
07/01/2030,6.532736972,6.463267547,6.961887993,6.600745738,6.547000886,7.287946894,,,
08/01/2030,6.533307052,6.463339969,6.967174583,6.602016297,6.547602231,7.301300841,,,
09/01/2030,6.533876715,6.463412383,6.972442761,6.603285836,6.548203075,7.314713936,,,
10/01/2030,6.534427596,6.463482436,6.97752381,6.604513442,6.54878405,7.327768974,,,
11/01/2030,6.5349963,6.463554688,6.982755847,6.605780805,6.549383764,7.341300833,,,
12/01/2030,6.53554616,6.46362449,6.987801965,6.607006193,6.549963555,7.354468374,,,
01/01/2031,6.536113995,6.463696684,6.992998234,6.608271423,6.550562234,7.368114398,,,
02/01/2031,6.536681483,6.46376895,6.998176561,6.609535645,6.55116048,7.381813893,,,
03/01/2031,6.537193645,6.463834152,7.002839076,6.610676575,6.551700357,7.394290207,,,
04/01/2031,6.537760459,6.463906545,7.007983511,6.611938844,6.55229777,7.40810707,,,
05/01/2031,6.538308454,6.463976453,7.012945271,6.61315923,6.552875301,7.421545445,,,
06/01/2031,6.538874038,6.464048417,7.018054528,6.614418936,6.553471322,7.435466157,,,
07/01/2031,6.539421164,6.464118252,7.022982695,6.615637135,6.554047825,7.449003912,,,
08/01/2031,6.539986155,6.464190468,7.028057738,6.616894864,6.554643091,7.463117156,,,
09/01/2031,6.540550321,6.464262259,7.033115428,6.618151073,6.555237452,7.477393015,,,
10/01/2031,6.541096194,6.464332057,7.037995241,6.619365985,6.555812469,7.491388443,,,
11/01/2031,6.541659703,6.464404039,7.043021543,6.620620119,6.556406012,7.505991166,,,
12/01/2031,6.542204604,6.464473666,7.047870639,6.621832688,6.556979905,7.520274829,,,
01/01/2032,6.542767129,6.464545497,7.052865812,6.623084411,6.557572307,7.535142144,,,
02/01/2032,6.543329433,6.464617548,7.057846343,6.624335171,6.558164409,7.550120949,,,
03/01/2032,6.543855183,6.464685054,7.062492602,6.625504312,6.558717965,7.564269913,,,
04/01/2032,6.544416442,6.464756875,7.067444014,6.626752604,6.559308869,7.579466507,,,
05/01/2032,6.544959284,6.464826477,7.072221708,6.627959615,6.559880326,7.594290025,,,
06/01/2032,6.545519872,6.464898484,7.077143692,6.629205759,6.560470406,7.609684753,,,
07/01/2032,6.546061775,6.464967958,7.081892608,6.630410406,6.561040777,7.6246887,,,
08/01/2032,6.546621319,6.465039759,7.086784756,6.631654029,6.561629661,7.640262493,,,
09/01/2032,6.547180644,6.465111784,7.09166206,6.632896666,6.562218247,7.655915814,,,
10/01/2032,6.54772154,6.465181504,7.096368001,6.634098121,6.56278739,7.671159134,,,
11/01/2032,6.548279822,6.465253323,7.101215619,6.635338226,6.563374785,7.686972168,,,
12/01/2032,6.548819635,6.465322765,7.105892787,6.636537151,6.5639427,7.702365989,,,
01/01/2033,6.54937675,6.46539425,7.110710658,6.637774587,6.564528779,7.718325621,,,
02/01/2033,6.549933607,6.465465923,7.115513779,6.639010987,6.565114526,7.734359922,,,
03/01/2033,6.550436277,6.465530719,7.119840019,6.640126805,6.565643229,7.749032502,,,
04/01/2033,6.550992561,6.465602661,7.12461519,6.641361153,6.566228261,7.765350655,,,
05/01/2033,6.551530234,6.465672005,7.129222289,6.642554297,6.566793686,7.781266799,,,
06/01/2033,6.55208523,6.465743487,7.133968105,6.643785841,6.567377284,7.797792463,,,
07/01/2033,6.552622246,6.465813013,7.138547447,6.644976839,6.567941912,7.813894115,,,
08/01/2033,6.553176738,6.465884867,7.143264915,6.646206334,6.568524864,7.830602346,,,
09/01/2033,6.553730782,6.465956704,7.147967905,6.647434833,6.569107294,7.847386459,,,
10/01/2033,6.554266444,6.466026115,7.152505598,6.648622772,6.56967036,7.863720657,,,
11/01/2033,6.554819433,6.466097738,7.157180106,6.649849303,6.570251594,7.880649714,,,
12/01/2033,6.555354067,6.466166936,7.161690326,6.651035287,6.570813495,7.897117337,,,
01/01/2034,6.555906319,6.466238683,7.166336882,6.652260198,6.571393853,7.914187551,,,
02/01/2034,6.556457764,6.466310037,7.170968927,6.653484104,6.571973333,7.9313179,,,
03/01/2034,6.556955657,6.466374663,7.175141356,6.654589171,6.57249649,7.946931919,,,
04/01/2034,6.557506544,6.466446302,7.179746895,6.655812,6.573075277,7.964558482,,,
05/01/2034,6.558039009,6.466515373,7.184190568,6.656994445,6.573634679,7.981874363,,,
06/01/2034,6.558588618,6.466586566,7.188768286,6.658215357,6.574212054,7.99991762,,,
07/01/2034,6.559120178,6.466655559,7.19318545,6.659396212,6.574770418,8.01752962,,,
08/01/2034,6.559669124,6.466726961,7.197736192,6.660615695,6.575346993,8.035805551,,,
09/01/2034,6.56021758,6.466798306,7.202273203,6.661834269,6.575923009,8.05415772,,,
10/01/2034,6.56074793,6.466867344,7.206651109,6.663012711,6.576479968,8.072014822,,,
11/01/2034,6.561295619,6.466938786,7.21116151,6.664229635,6.577055084,8.090513205,,,
12/01/2034,6.561825219,6.467007908,7.215513809,6.66540644,6.577611162,8.108517512,,,
01/01/2035,6.562371958,6.46707925,7.219997733,6.666621474,6.578185196,8.127161588,,,
02/01/2035,6.56291806,6.467150377,7.224468139,6.667835375,6.578758525,8.145855629,,,
03/01/2035,6.563411378,6.467215067,7.228495519,6.668931433,6.579276383,8.162880065,,,
04/01/2035,6.563956907,6.467286462,7.232941066,6.670143767,6.579849013,8.181714988,,,
05/01/2035,6.564484293,6.467355406,7.237230813,6.671315951,6.580402565,8.200010373,,,
06/01/2035,6.565028597,6.467426407,7.241650282,6.672526005,6.580973842,8.218934631,,,
07/01/2035,6.56555527,6.467495473,7.245915355,6.673696421,6.581526556,8.237316907,,,
08/01/2035,6.566098884,6.467566648,7.250309541,6.674904678,6.582097015,8.256330188,,,
09/01/2035,6.566642042,6.467637798,7.25469088,6.676111905,6.582666953,8.275403883,,,
10/01/2035,6.567167232,6.46770661,7.258918898,6.677279201,6.583217998,8.293942979,,,
11/01/2035,6.56770955,6.467777774,7.263275215,6.678484437,6.583786971,8.313119715,,,
12/01/2035,6.568234058,6.467846736,7.267479288,6.679649919,6.584337211,8.331745125,,,
01/01/2036,6.568775477,6.467917849,7.271810833,6.680853083,6.584905159,8.351006392,,,
02/01/2036,6.569316299,6.467988786,7.276129738,6.682055046,6.585472447,8.370299115,,,
03/01/2036,6.56982205,6.468055359,7.280159328,6.683178742,6.586002902,8.388444873,,,
04/01/2036,6.570362256,6.468126527,7.284454504,6.684378891,6.58656945,8.407835118,,,
05/01/2036,6.570884511,6.468195273,7.288599528,6.685539223,6.587117142,8.426659894,,,
06/01/2036,6.571423465,6.468266014,7.292870234,6.686736902,6.58768235,8.446121306,,,
07/01/2036,6.571944781,6.468334633,7.296991922,6.687895095,6.58822915,8.465015316,,,
08/01/2036,6.572483185,6.468405691,7.301239061,6.689090963,6.588793962,8.484548676,,,
09/01/2036,6.573021254,6.46847685,7.305474309,6.690285854,6.589358512,8.504108895,,,
10/01/2036,6.573541267,6.468545397,7.309561485,6.691440907,6.58990422,8.523098858,,,
11/01/2036,6.574078216,6.468616264,7.313773048,6.692633415,6.590467792,8.542731118,,,
12/01/2036,6.574597484,6.468684888,7.317837733,6.693786482,6.591012881,8.561789357,,,
01/01/2037,6.575133413,6.468755568,7.322025945,6.694976688,6.591575557,8.581490377,,,
02/01/2037,6.575669153,6.468826502,7.326202699,6.696166039,6.5921381,8.601216636,,,
03/01/2037,6.576152647,6.468890518,7.329965734,6.697239354,6.592645849,8.619156411,,,
04/01/2037,6.576687594,6.468961475,7.334120485,6.698426651,6.593207702,8.638983668,,,
05/01/2037,6.577204752,6.46903,7.338130338,6.699574497,6.593750973,8.658222607,,,
06/01/2037,6.577738765,6.469100856,7.342262475,6.700759551,6.594312161,8.678105027,,,
07/01/2037,6.578254939,6.469169171,7.346250442,6.701905118,6.594854772,8.697039648,,,
08/01/2037,6.578788258,6.469240002,7.350360246,6.703087988,6.595415439,8.715719229,,,
09/01/2037,6.57932117,6.469310719,7.354458716,6.704269652,6.595975743,8.733944971,,,
10/01/2037,6.579836737,6.469379284,7.358414635,6.705412285,6.59651785,8.751235979,,,
11/01/2037,6.580369277,6.469450221,7.362491413,6.706591984,6.597077843,8.768788132,,,
12/01/2037,6.580884184,6.469518687,7.366426191,6.707732429,6.597619344,8.785513614,,,
01/01/2038,6.581415907,6.469589387,7.370481103,6.708909741,6.598178573,8.802546809,,,
02/01/2038,6.581947083,6.469659834,7.374524844,6.710085713,6.598737279,8.819351746,,,
03/01/2038,6.582426686,6.469723552,7.378168444,6.711147057,6.599241768,8.834357864,,,
04/01/2038,6.58295735,6.469794087,7.382191588,6.712320994,6.599800005,8.850774337,,,
05/01/2038,6.583470483,6.469862223,7.386074751,6.713455907,6.600339839,8.866487607,,,
06/01/2038,6.5840005,6.469932736,7.390076729,6.714627633,6.600897468,8.882550003,,,
07/01/2038,6.58451315,6.470000979,7.393939642,6.715760521,6.601436826,8.897939108,,,
08/01/2038,6.585042841,6.470071645,7.397920878,6.716930194,6.601993996,8.913683734,,,
09/01/2038,6.585572119,6.470142086,7.401891396,6.71809855,6.602550643,8.929277611,,,
10/01/2038,6.58608397,6.470210081,7.405723853,6.719228012,6.603088876,8.944233089,,,
11/01/2038,6.586612855,6.470280535,7.4096738,6.72039418,6.603644913,8.959548758,,,
12/01/2038,6.587124144,6.47034836,7.413486286,6.721521356,6.604182376,8.97424497,,,
01/01/2039,6.58765251,6.470418716,7.417415761,6.72268523,6.604737686,8.989302701,,,
02/01/2039,6.588180603,6.470489021,7.421334935,6.723847939,6.60529262,9.004236236,,,
03/01/2039,6.588657447,6.470552567,7.424866552,6.724897256,6.605793626,9.017626598,,,
04/01/2039,6.589184888,6.470622649,7.428766152,6.726057629,6.606347721,9.032334261,,,
05/01/2039,6.589695302,6.470690693,7.432530693,6.727179724,6.60688384,9.046461654,,,
06/01/2039,6.590222278,6.470760783,7.436410474,6.728337901,6.607437286,9.060949445,,,
07/01/2039,6.590732108,6.470828703,7.440155814,6.729457749,6.607972647,9.074869621,,,
08/01/2039,6.591258669,6.470898874,7.444016049,6.730613792,6.608525501,9.089149325,,,
09/01/2039,6.591785015,6.470969087,7.447866444,6.731768754,6.609078053,9.103327351,,,
10/01/2039,6.592293959,6.471036843,7.451583252,6.732885235,6.60961228,9.116954739,,,
11/01/2039,6.592819778,6.471107039,7.455414335,6.734037977,6.61016414,9.130939482,,,
12/01/2039,6.593328109,6.471174675,7.459112456,6.735152215,6.610697596,9.144383819,,,
01/01/2040,6.593853045,6.471244492,7.462924073,6.736302404,6.611248416,9.158183063,,,
02/01/2040,6.594377858,6.471314467,7.46672618,6.737451613,6.611799032,9.171891494,,,
03/01/2040,6.594868764,6.471380129,7.470274796,6.738525884,6.612314008,9.184637949,,,
04/01/2040,6.59539306,6.471450119,7.474058456,6.739672942,6.612863961,9.198175704,,,
05/01/2040,6.595900258,6.47151793,7.477711268,6.740782022,6.613395916,9.211196586,,,
06/01/2040,6.596424002,6.471587916,7.481476351,6.741926876,6.613945168,9.224567114,,,
07/01/2040,6.596930489,6.471655541,7.485111109,6.74303366,6.614476274,9.237428714,,,
08/01/2040,6.597453657,6.471725506,7.488857777,6.744176297,6.615024809,9.250637733,,,
09/01/2040,6.597976475,6.471795405,7.492595116,6.745317757,6.615572924,9.263766726,,,
10/01/2040,6.598481984,6.471862866,7.49620308,6.746421181,6.616102851,9.276398268,,,
11/01/2040,6.599004276,6.471932811,7.499922337,6.747560486,6.616650303,9.289373659,,,
12/01/2040,6.599509321,6.472000367,7.503512954,6.748661873,6.617179635,9.301859006,,,
01/01/2041,6.600030969,6.47207024,7.507214239,6.749798919,6.617726313,9.314685473,,,
02/01/2041,6.600552452,6.472140249,7.510906634,6.750934977,6.618272759,9.327438266,,,
03/01/2041,6.601023058,6.472203304,7.514234224,6.751960025,6.618765859,9.338897393,,,
04/01/2041,6.601543734,6.472273057,7.517909351,6.753093735,6.619311377,9.351511981,,,
05/01/2041,6.60204713,6.472340343,7.521457386,6.754189635,6.619838752,9.363652809,,,
06/01/2041,6.602567455,6.472410348,7.525115269,6.755321388,6.620383793,9.376128896,,,
07/01/2041,6.603070834,6.472478221,7.528647074,6.756415714,6.620911031,9.388138297,,,
08/01/2041,6.603590131,6.472547763,7.532287341,6.757544871,6.621454924,9.400478943,,,
09/01/2041,6.604109292,6.472617482,7.535919049,6.758673081,6.621998619,9.412752354,,,
10/01/2041,6.604611536,6.472685074,7.539425613,6.759763974,6.622524549,9.424567813,,,
11/01/2041,6.605130143,6.47275484,7.543040393,6.760890054,6.623067571,9.4367113,,,
12/01/2041,6.605631569,6.472822181,7.54653051,6.761978617,6.623592571,9.448402029,,,
01/01/2042,6.606149622,6.472891997,7.550129263,6.763102574,6.624134923,9.460418513,,,
02/01/2042,6.606667089,6.47296152,7.55371984,6.764225161,6.624676632,9.472371154,,,
03/01/2042,6.607134324,6.473024418,7.556956579,6.765238305,6.625165717,9.483116164,,,
04/01/2042,6.607651295,6.473094041,7.560532208,6.766358885,6.625706823,9.494950123,,,
05/01/2042,6.608151464,6.47316159,7.563985293,6.767442448,6.626230294,9.50634523,,,
06/01/2042,6.608667836,6.473231224,7.567545497,6.768560881,6.62677069,9.518059235,,,
07/01/2042,6.609167088,6.473298429,7.570983349,6.769642042,6.627293139,9.529338848,,,
08/01/2042,6.609682748,6.473367958,7.57452804,6.770758221,6.627832715,9.540934954,,,
09/01/2042,6.610197822,6.473437201,7.578064652,6.77187304,6.628371651,9.552471713,,,
10/01/2042,6.610696208,6.473504445,7.581480083,6.772951083,6.628893078,9.563582057,,,
11/01/2042,6.611210678,6.473573705,7.585001386,6.77406376,6.629431303,9.575004652,,,
12/01/2042,6.611708447,6.473640936,7.588402024,6.775139704,6.629952013,9.58600562,,,
01/01/2043,6.612222646,6.473710569,7.591908474,6.776250571,6.630489863,9.597317047,,,
02/01/2043,6.612736395,6.473780061,7.595407139,6.777360218,6.631027212,9.608572443,,,
03/01/2043,6.61320019,6.473842851,7.598561011,6.778361615,6.631512279,9.618693636,,,
04/01/2043,6.61371296,6.473911945,7.602044776,6.779468828,6.632048551,9.629843403,,,
05/01/2043,6.614209159,6.473979094,7.605409274,6.780539564,6.632567445,9.640582874,,,
06/01/2043,6.614721523,6.474048423,7.608878756,6.781644849,6.63310321,9.651626298,,,
07/01/2043,6.61521723,6.474115695,7.612229941,6.78271363,6.633621516,9.662263849,,,
08/01/2043,6.615729203,6.474185273,7.615685924,6.783817013,6.63415679,9.673203267,,,
09/01/2043,6.616240499,6.474254471,7.619134577,6.78491897,6.634691339,9.684089762,,,
10/01/2043,6.616735192,6.474321637,7.622465607,6.785984551,6.635208489,9.694576716,,,
11/01/2043,6.617246086,6.474391074,7.625900727,6.787084602,6.635742538,9.705361818,,,
12/01/2043,6.617739971,6.474458028,7.62921828,6.788147937,6.636258787,9.715750946,,,
01/01/2044,6.618250137,6.474527361,7.632639568,6.789245773,6.636792014,9.726435895,,,
02/01/2044,6.618759846,6.474596548,7.636053757,6.790342401,6.637324736,9.737070514,,,
03/01/2044,6.619236428,6.474661314,7.639241619,6.791367376,6.637822805,9.74697568,,,
04/01/2044,6.619745651,6.474730644,7.642642485,6.792462056,6.638354948,9.757514713,,,
05/01/2044,6.620237709,6.474797275,7.64592672,6.793519996,6.638869143,9.767667355,,,
06/01/2044,6.620745998,6.474866289,7.649313614,6.794612272,6.639400262,9.778109913,,,
07/01/2044,6.621237828,6.474933332,7.652585011,6.795668543,6.639914141,9.78817106,,,
08/01/2044,6.62174534,6.475002197,7.655958185,6.796758575,6.640444391,9.798519284,,,
09/01/2044,6.622252819,6.475071371,7.659324749,6.797847817,6.640974563,9.808820638,,,
10/01/2044,6.622743742,6.475138436,7.66257643,6.798901037,6.641487403,9.8187462,,,
11/01/2044,6.62325046,6.475207476,7.665929449,6.799988063,6.642016723,9.828955805,,,
12/01/2044,6.623740475,6.475274231,7.669167868,6.801038973,6.642528571,9.838792839,,,
01/01/2045,6.624246408,6.475343113,7.672507333,6.802123759,6.643057018,9.848911775,,,
02/01/2045,6.62475187,6.475411841,7.67583985,6.803207339,6.64358495,9.858985018,,,
03/01/2045,6.625208393,6.475474175,7.678844566,6.804185422,6.644061733,9.868047202,,,
04/01/2045,6.625713326,6.475542999,7.682164301,6.805267065,6.644589052,9.878035245,,,
05/01/2045,6.62620181,6.475609756,7.685370792,6.806312961,6.645099159,9.887659902,,,
06/01/2045,6.626706299,6.475678788,7.688677536,6.80739271,6.645625948,9.897561566,,,
07/01/2045,6.627193861,6.475745224,7.691871778,6.8084363,6.646135051,9.907102546,,,
08/01/2045,6.627697567,6.475814104,7.695166975,6.80951383,6.646660974,9.916918479,,,
09/01/2045,6.628200888,6.475882921,7.698456238,6.810590245,6.647186468,9.926691465,,,
10/01/2045,6.628687721,6.475949574,7.701633848,6.811631003,6.647694718,9.936109511,,,
11/01/2045,6.629190344,6.476018331,7.704911211,6.812705291,6.648219431,9.94579907,,,
12/01/2045,6.629676393,6.47608481,7.708077067,6.813743886,6.648726819,9.955136776,,,
01/01/2046,6.630178352,6.476153542,7.711342327,6.814816084,6.649250784,9.964744121,,,
02/01/2046,6.630680128,6.476222425,7.714601917,6.815887371,6.649774527,9.9743105,,,
03/01/2046,6.631132958,6.476284512,7.717541713,6.816854014,6.650247164,9.982917789,,,
04/01/2046,6.63163394,6.476353208,7.72079103,6.81792314,6.650770033,9.992406379,,,
05/01/2046,6.632118458,6.47641969,7.72393032,6.818956802,6.651275694,10.00155119,,,
06/01/2046,6.632618916,6.476488509,7.727168706,6.820023988,6.651797959,10.01096098,,,
07/01/2046,6.633102929,6.476555109,7.730297275,6.821055778,6.652303038,10.02003023,,,
08/01/2046,6.633602447,6.476623607,7.733524034,6.822120626,6.652824284,10.02936185,,,
09/01/2046,6.634101581,6.476692044,7.736744861,6.823184378,6.653345107,10.03865414,,,
10/01/2046,6.634584141,6.476758097,7.739856079,6.824212677,6.653848618,10.04760999,,,
11/01/2046,6.635082727,6.476826635,7.74306533,6.82527447,6.654368814,10.05682604,,,
12/01/2046,6.635565052,6.476893098,7.746165652,6.826301164,6.654872014,10.06570933,,,
01/01/2047,6.636063101,6.476961747,7.7493634,6.827361023,6.655391596,10.07485083,,,
02/01/2047,6.63656071,6.477030273,7.752555125,6.828419736,6.6559107,10.08395456,,,
03/01/2047,6.637010059,6.477092336,7.755433314,6.829375308,6.656379429,10.09214727,,,
04/01/2047,6.637506983,6.47716079,7.758613739,6.830431998,6.656897773,10.10118015,,,
05/01/2047,6.637987556,6.477227017,7.761686005,6.83145362,6.657399039,10.10988713,,,
06/01/2047,6.638483738,6.477295361,7.764854671,6.832508186,6.657916565,10.11884753,,,
07/01/2047,6.638963706,6.477361603,7.767915677,6.833527865,6.658417154,10.12748505,,,
08/01/2047,6.639459464,6.477430173,7.771072947,6.83458062,6.658934182,10.13637463,,,
09/01/2047,6.639954793,6.477498632,7.77422425,6.835632251,6.659450743,10.14522838,,,
10/01/2047,6.640433819,6.47756486,7.777268389,6.836648982,6.659950281,10.15376333,,,
11/01/2047,6.640928299,6.477633094,7.780407946,6.837698399,6.66046592,10.16254713,,,
12/01/2047,6.641406818,6.477699438,7.783441039,6.838713293,6.66096488,10.17101531,,,
01/01/2048,6.641900804,6.477767822,7.786569272,6.839760846,6.661479951,10.17973085,,,
02/01/2048,6.642394393,6.477836128,7.789691622,6.840807311,6.66199459,10.18841178,,,
03/01/2048,6.64285592,6.477900097,7.792607521,6.841785437,6.662475776,10.19650292,,,
04/01/2048,6.643348874,6.477968391,7.795718662,6.84282993,6.662989708,10.20511784,,,
05/01/2048,6.643825683,6.478034545,7.798724106,6.843839839,6.663486785,10.21342341,,,
06/01/2048,6.644317863,6.478102691,7.801823785,6.844882207,6.663999871,10.22197195,,,
07/01/2048,6.644794181,6.478168975,7.804818422,6.845890312,6.664496389,10.23021413,,,
08/01/2048,6.645285759,6.478237156,7.8079069,6.846930727,6.665008803,10.23869763,,,
09/01/2048,6.64577694,6.478305257,7.810989598,6.847970064,6.665520786,10.24714813,,,
10/01/2048,6.646252,6.478371188,7.813967543,6.848974955,6.666015955,10.25529558,,,
11/01/2048,6.646742797,6.478439554,7.817039323,6.850012555,6.666527513,10.26368259,,,
12/01/2048,6.647217125,6.478505358,7.82000641,6.85101542,6.667021914,10.2717686,,,
01/01/2049,6.647706879,6.478573289,7.823066682,6.85205065,6.667532389,10.28009195,,,
02/01/2049,6.648196522,6.478641445,7.826121538,6.853085082,6.668042734,10.28838392,,,
03/01/2049,6.648638411,6.478702893,7.828876102,6.854018489,6.668503306,10.29584784,,,
04/01/2049,6.649127428,6.478771035,7.831920333,6.855051006,6.669012984,10.3040802,,,
05/01/2049,6.649600095,6.478836689,7.834860892,6.856049017,6.669505625,10.31201763,,,
06/01/2049,6.650088434,6.478904782,7.837894157,6.857079527,6.67001458,10.32018906,,,
07/01/2049,6.650560693,6.478970652,7.840824401,6.85807584,6.670506769,10.32806836,,,
08/01/2049,6.651048362,6.479038705,7.843846831,6.85910436,6.671015009,10.3361799,,,
09/01/2049,6.651535615,6.479106656,7.846863703,6.860131796,6.671522809,10.34426118,,,
10/01/2049,6.652006843,6.479172408,7.849778143,6.861125155,6.6720139,10.35205377,,,
11/01/2049,6.652493649,6.479240552,7.852784503,6.862150823,6.672521205,10.36007664,,,
12/01/2049,6.652964132,6.479306158,7.855688514,6.86314217,6.673011505,10.3678127,,,
01/01/2050,6.653450174,6.479374158,7.858684119,6.864165766,6.673517998,10.37577747,,,
02/01/2050,6.653935807,6.479442062,7.861674277,6.865188291,6.674024058,10.38371303,,,
03/01/2050,6.654374191,6.479503404,7.864370708,6.866111069,6.674480874,10.39085724,,,
04/01/2050,6.654859398,6.479571497,7.867350902,6.8671319,6.67498646,10.39873829,,,
05/01/2050,6.655328285,6.479637002,7.870229635,6.868118527,6.675475047,10.40633794,,,
06/01/2050,6.655812556,6.479704767,7.873199081,6.869137132,6.675979649,10.41416247,,,
07/01/2050,6.656280771,6.479770203,7.876067641,6.870121829,6.676467517,10.42170803,,,
08/01/2050,6.656764428,6.479837984,7.879026693,6.871138521,6.676971457,10.42947722,,,
09/01/2050,6.657247744,6.479905739,7.881980484,6.872154213,6.67747503,10.43721863,,,
10/01/2050,6.657715425,6.479971578,7.884834375,6.873136476,6.677962291,10.44468501,,,
11/01/2050,6.658198219,6.480039441,7.887778085,6.874150356,6.678465293,10.45237273,,,
12/01/2050,6.658664961,6.480104921,7.89062182,6.875130446,6.678951569,10.45978679,,,
01/01/2051,6.659147349,6.480173013,7.893555611,6.87614263,6.679454117,10.46742154,,,
02/01/2051,6.659628951,6.480240603,7.896483837,6.877153394,6.679955854,10.47502888,,,
03/01/2051,6.660063827,6.480301798,7.899124637,6.878065685,6.680408896,10.48187858,,,
04/01/2051,6.6605449,6.480369462,7.902043207,6.87907468,6.680910056,10.48943534,,,
05/01/2051,6.661010402,6.480435201,7.904863128,6.88005046,6.681394975,10.49672418,,,
06/01/2051,6.661490996,6.480503013,7.907771922,6.8810577,6.681895608,10.50422977,,,
07/01/2051,6.661955535,6.480568362,7.910581918,6.8820313,6.682379517,10.5114686,,,
08/01/2051,6.662435573,6.480636236,7.91348089,6.883036713,6.682879545,10.51892335,,,
09/01/2051,6.662914986,6.480703779,7.916374575,6.884040868,6.683378925,10.52635207,,,
10/01/2051,6.663378644,6.480769148,7.919170242,6.885011739,6.683861892,10.53351732,,,
11/01/2051,6.663857293,6.480836535,7.922053962,6.886013869,6.684360483,10.54089574,,,
12/01/2051,6.664320538,6.480902098,7.924840344,6.8869831,6.684843012,10.54801312,,,
01/01/2052,6.664798523,6.480969434,7.927714297,6.887983309,6.685340912,10.55534221,,,
02/01/2052,6.665276142,6.481036716,7.930583245,6.888982512,6.68583843,10.56264625,,,
03/01/2052,6.665722714,6.481099703,7.933262823,6.889916457,6.686303604,10.56945759,,,
04/01/2052,6.666199773,6.481167037,7.936122298,6.890913864,6.686800533,10.57671401,,,
05/01/2052,6.666661105,6.481232154,7.93888491,6.891878162,6.687281077,10.58371353,,,
06/01/2052,6.667137593,6.481299538,7.941734837,6.892873743,6.687777402,10.59092224,,,
07/01/2052,6.667598397,6.481364727,7.944488287,6.893836302,6.688257385,10.59787597,,,
08/01/2052,6.668074328,6.481432174,7.947328792,6.894830079,6.688753118,10.60503776,,,
09/01/2052,6.668549878,6.481499547,7.950164449,6.895822846,6.689248453,10.6121758,,,
10/01/2052,6.669009911,6.481564867,7.95290429,6.896782819,6.689727615,10.61906181,,,
11/01/2052,6.669484916,6.48163231,7.955730679,6.897773802,6.690222369,10.62615395,,,
12/01/2052,6.669944237,6.481697502,7.958461406,6.898731873,6.690700785,10.63299556,,,
01/01/2053,6.670418583,6.481764891,7.961278473,6.899720966,6.691194843,10.6400421,,,
02/01/2053,6.670892419,6.481832067,7.964090639,6.90070893,6.691688373,10.64706542,,,
03/01/2053,6.671320106,6.4818927,7.966626777,6.901600481,6.692133833,10.6533905,,,
04/01/2053,6.671793685,6.481960228,7.969430352,6.902586988,6.69262707,10.66037098,,,
05/01/2053,6.672251467,6.482025333,7.972138936,6.903540578,6.693103857,10.66710506,,,
06/01/2053,6.672724097,6.482092498,7.97493307,6.904524925,6.693596108,10.67404101,,,
07/01/2053,6.673181158,6.482157461,7.977632697,6.905476615,6.69407214,10.68073235,,,
08/01/2053,6.673653392,6.482224849,7.980417957,6.906459338,6.694563955,10.68762497,,,
09/01/2053,6.674125291,6.482292207,7.983198642,6.90744111,6.695055417,10.69449575,,,
10/01/2053,6.674581579,6.482357284,7.985885275,6.90839025,6.695530619,10.70112447,,,
11/01/2053,6.675052614,6.482424364,7.988656762,6.909369955,6.69602118,10.70795217,,,
12/01/2053,6.675508496,6.482489627,7.991334936,6.910317512,6.696495937,10.71454003,,,
01/01/2054,6.675978947,6.482556723,7.994097579,6.911295424,6.696985875,10.72132567,,,
02/01/2054,6.676449137,6.482623868,7.996855763,6.912272462,6.697475532,10.72809007,,,
03/01/2054,6.676873558,6.482684496,7.999343355,6.913154228,6.697917521,10.73418278,,,
04/01/2054,6.677342983,6.482751444,8.002092834,6.914129575,6.698406377,10.7409068,,,
05/01/2054,6.677797156,6.482816419,8.004749612,6.915072934,6.698879333,10.74739463,,,
06/01/2054,6.678266065,6.482883457,8.007490422,6.916046899,6.699367635,10.75407782,,,
07/01/2054,6.678719625,6.482948397,8.010138741,6.916988803,6.699839941,10.76052629,,,
08/01/2054,6.679187848,6.483015341,8.012870784,6.917961201,6.700327516,10.76716895,,,
09/01/2054,6.679656098,6.483082635,8.015598777,6.918933162,6.700815099,10.77379178,,,
10/01/2054,6.680108783,6.483147568,8.018234538,6.919872885,6.701286475,10.780182,,,
11/01/2054,6.680576139,6.483214544,8.020953699,6.920843056,6.701773125,10.7867649,,,
12/01/2054,6.681028075,6.483279295,8.023581013,6.921781151,6.702243715,10.79311667,,,
01/01/2055,6.681494881,6.483346316,8.026291679,6.922749846,6.702729776,10.79966038,,,
02/01/2055,6.681961254,6.483413199,8.028997907,6.923717638,6.703215386,10.80618418,,,
03/01/2055,6.682382235,6.483473596,8.031438714,6.924591124,6.703653725,10.81206077,,,
04/01/2055,6.682848164,6.483540617,8.0341369,6.925557557,6.704138853,10.81854751,,,
05/01/2055,6.683298651,6.483605338,8.036743933,6.926491954,6.704607901,10.82480679,,,
06/01/2055,6.683763821,6.48367218,8.039433578,6.92745668,6.705092228,10.8312553,,,
07/01/2055,6.684213762,6.483736929,8.042032549,6.928389606,6.705560694,10.83747802,,,
08/01/2055,6.684678222,6.483803646,8.044713747,6.929352664,6.706044276,10.84388879,,,
09/01/2055,6.68514224,6.483870214,8.047390561,6.930314792,6.706527396,10.85028031,,,
10/01/2055,6.685591187,6.483934824,8.049977241,6.93124531,6.706994807,10.85644825,,,
11/01/2055,6.68605449,6.484001264,8.052645629,6.932205751,6.707477174,10.86280254,,,
12/01/2055,6.686502915,6.48406593,8.055224345,6.933134856,6.707944027,10.86893492,,,
01/01/2056,6.686966227,6.484133004,8.057885136,6.934094544,6.708426363,10.87525374,,,
02/01/2056,6.687428751,6.484199559,8.060541331,6.935053129,6.708907891,10.88155361,,,
03/01/2056,6.687861379,6.48426204,8.06302274,6.935949512,6.70935828,10.88743143,,,
04/01/2056,6.688323634,6.484328921,8.065671281,6.936907158,6.709839502,10.89369659,,,
05/01/2056,6.688770489,6.484393422,8.06823036,6.937833101,6.710304693,10.89974258,,,
06/01/2056,6.689231967,6.484460099,8.070870682,6.938789278,6.7107851,10.90597213,,,
07/01/2056,6.689678251,6.484524594,8.073421994,6.939713963,6.711249683,10.91198406,,,
08/01/2056,6.690139203,6.484591332,8.076054386,6.940668888,6.711729525,10.91817877,,,
09/01/2056,6.6905996,6.484657795,8.078682481,6.941622891,6.712208792,10.92435549,,,
10/01/2056,6.691044884,6.484722133,8.081222016,6.942545499,6.712672321,10.93031655,,,
11/01/2056,6.691504469,6.484788355,8.083841902,6.943497936,6.713150737,10.93645836,,,
12/01/2056,6.691949158,6.484852663,8.086373683,6.944419204,6.713613633,10.94238607,,,
01/01/2057,6.692408451,6.484919199,8.088985933,6.945370563,6.714091719,10.94849424,,,
02/01/2057,6.692867384,6.484985666,8.091594139,6.946321164,6.714569427,10.95458527,,,
03/01/2057,6.693281722,6.485045764,8.093946761,6.947179258,6.715000706,10.96007327,,,
04/01/2057,6.693740179,6.485112323,8.09654753,6.94812861,6.7154779,10.96613225,,,
05/01/2057,6.69418353,6.48517669,8.099060687,6.949046639,6.715939366,10.97198011,,,
06/01/2057,6.694641336,6.485243172,8.101653671,6.949994535,6.716415871,10.97800613,,,
07/01/2057,6.695084246,6.485307663,8.104159509,6.950911333,6.716876859,10.98382254,,,
08/01/2057,6.695541478,6.485374145,8.106744857,6.951857836,6.717352751,10.98981614,,,
09/01/2057,6.695998477,6.48544069,8.109326396,6.952803684,6.717828393,10.99579345,,,
10/01/2057,6.696440519,6.485505148,8.111821117,6.95371841,6.718288458,11.00156288,,,
11/01/2057,6.696896964,6.485571709,8.114395132,6.954662872,6.718763506,11.0075084,,,
12/01/2057,6.697338148,6.485635843,8.11688226,6.955575938,6.719222678,11.01324669,,,
01/01/2058,6.697793993,6.485702375,8.119448702,6.956518958,6.719697089,11.01916049,,,
02/01/2058,6.69824913,6.485768464,8.122010908,6.957460849,6.720170774,11.02505771,,,
03/01/2058,6.698660205,6.485828392,8.12432224,6.958311209,6.720598587,11.03037167,,,
04/01/2058,6.699114961,6.485894664,8.126877343,6.959251883,6.721071854,11.03623892,,,
05/01/2058,6.699554831,6.485958857,8.129346532,6.960161584,6.721529621,11.04190235,,,
06/01/2058,6.700008901,6.486025007,8.131894074,6.961100711,6.722002164,11.04773864,,,
07/01/2058,6.700447911,6.486088876,8.134355742,6.962008721,6.722459036,11.05337188,,,
08/01/2058,6.700901742,6.486155379,8.136896175,6.962946726,6.722931301,11.0591781,,,
09/01/2058,6.701355089,6.486221675,8.139432713,6.963883811,6.723403065,11.06496887,,,
10/01/2058,6.701793283,6.486285558,8.141883675,6.96478973,6.723859065,11.07055821,,,
11/01/2058,6.702245942,6.486351728,8.144412742,6.965725252,6.724330103,11.07631877,,,
12/01/2058,6.702683812,6.486415852,8.146856844,6.966629987,6.724785742,11.0818796,,,
01/01/2059,6.703136071,6.486482197,8.149378827,6.967564222,6.725256342,11.08761096,,,
02/01/2059,6.703587912,6.486548405,8.15189703,6.968497597,6.725726507,11.09332733,,,
03/01/2059,6.703995883,6.486608299,8.154168648,6.969340132,6.726151012,11.09847876,,,
04/01/2059,6.704447152,6.486674477,8.156679898,6.97027208,6.72662057,11.10416709,,,
05/01/2059,6.704883735,6.486738663,8.159106884,6.971173409,6.727074832,11.10965851,,,
06/01/2059,6.705334367,6.486804759,8.161610948,6.972103835,6.727543716,11.11531809,,,
07/01/2059,6.705770464,6.486869004,8.164031129,6.973003817,6.727997457,11.12078204,,,
08/01/2059,6.706220559,6.48693512,8.16652816,6.973932816,6.728465768,11.12641337,,,
09/01/2059,6.706670146,6.487000997,8.169021362,6.974860859,6.728933549,11.13202992,,,
10/01/2059,6.707105216,6.487065017,8.171431012,6.975758515,6.729386208,11.13745228,,,
11/01/2059,6.707554523,6.48713119,8.173917447,6.976685372,6.729853675,11.14304127,,,
12/01/2059,6.70798896,6.48719511,8.176320243,6.97758153,6.730305666,11.1484367,,,
01/01/2060,6.708437529,6.487261091,8.178799515,6.978506757,6.730772356,11.15399778,,,
02/01/2060,6.708885793,6.487327047,8.181275215,6.979431221,6.731238723,11.15954481,,,
03/01/2060,6.709304656,6.487388504,8.183587851,6.980295167,6.731674506,11.16472153,,,
04/01/2060,6.70975246,6.487454556,8.186056765,6.981218278,6.732140376,11.17024173,,,
05/01/2060,6.710185165,6.487518066,8.188442354,6.982110539,6.732590549,11.1755705,,,
06/01/2060,6.710632339,6.487584042,8.190904256,6.983032115,6.733055752,11.18106353,,,
07/01/2060,6.711064704,6.487647763,8.193283357,6.983923152,6.733505546,11.1863666,,,
08/01/2060,6.711511112,6.487713518,8.195738183,6.984843064,6.733969949,11.19183271,,,
09/01/2060,6.711957453,6.487779499,8.198189746,6.98576244,6.734434264,11.1972857,,,
10/01/2060,6.712388856,6.487843061,8.20055872,6.986651197,6.734883043,11.20254996,,,
11/01/2060,6.712834351,6.487908735,8.203003174,6.987568829,6.735346477,11.20797624,,,
12/01/2060,6.713265368,6.487972457,8.205365694,6.988456314,6.735794836,11.21321535,,,
01/01/2061,6.713710564,6.488038402,8.207803647,6.989372733,6.736257933,11.21861612,,,
