Date,Critical head + 50 feet,Critical head,base,Critical head + 20 feet,2015 water level scenario,Historical low scenario,Date_S,Measured Subsidence,Source
01/01/1926,0,0,0,0,0,0,01/01/1926,0,Leveling
02/01/1926,0.002803202,0.002803202,0.002803202,0.002803202,0.002803202,0.002803202,11/19/1955,0.79,Leveling
03/01/1926,0.011102369,0.011102369,0.011102369,0.011102369,0.011102369,0.011102369,01/01/1958,1.14,Leveling
04/01/1926,0.023871084,0.023871084,0.023871084,0.023871084,0.023871084,0.023871084,12/20/1959,1.39,Leveling
05/01/1926,0.028202255,0.028202255,0.028202255,0.028202255,0.028202255,0.028202255,03/27/1963,1.81,Leveling
06/01/1926,0.039191354,0.039191354,0.039191354,0.039191354,0.039191354,0.039191354,03/01/1966,2.21,Leveling
07/01/1926,0.041262948,0.041262948,0.041262948,0.041262948,0.041262948,0.041262948,03/01/1969,2.32,Leveling
08/01/1926,0.044202155,0.044202155,0.044202155,0.044202155,0.044202155,0.044202155,03/01/1972,2.29,Leveling
09/01/1926,0.04840001,0.04840001,0.04840001,0.04840001,0.04840001,0.04840001,02/01/2006,4.598403475,Leveling
10/01/1926,0.046167489,0.046167489,0.046167489,0.046167489,0.046167489,0.046167489,03/01/2006,4.598403475,InSAR
11/01/1926,0.052409936,0.052409936,0.052409936,0.052409936,0.052409936,0.052409936,04/01/2006,4.598403475,InSAR
12/01/1926,0.05171347,0.05171347,0.05171347,0.05171347,0.05171347,0.05171347,05/01/2006,4.578403475,InSAR
01/01/1927,0.056119063,0.056119063,0.056119063,0.056119063,0.056119063,0.056119063,12/01/2006,4.628403475,InSAR
02/01/1927,0.060255283,0.060255283,0.060255283,0.060255283,0.060255283,0.060255283,09/01/2007,4.738403475,InSAR
03/01/1927,0.063197083,0.063197083,0.063197083,0.063197083,0.063197083,0.063197083,10/01/2007,4.748403475,InSAR
04/01/1927,0.06122833,0.06122833,0.06122833,0.06122833,0.06122833,0.06122833,11/01/2007,4.758403475,InSAR
05/01/1927,0.051271094,0.051271094,0.051271094,0.051271094,0.051271094,0.051271094,12/01/2007,4.768403475,InSAR
06/01/1927,0.043460815,0.043460815,0.043460815,0.043460815,0.043460815,0.043460815,01/01/2008,4.778403475,InSAR
07/01/1927,0.042382928,0.042382928,0.042382928,0.042382928,0.042382928,0.042382928,02/01/2008,4.788403475,InSAR
08/01/1927,0.046834769,0.046834769,0.046834769,0.046834769,0.046834769,0.046834769,03/01/2008,4.808403475,InSAR
09/01/1927,0.043079226,0.043079226,0.043079226,0.043079226,0.043079226,0.043079226,04/01/2008,4.808403475,InSAR
10/01/1927,0.047501202,0.047501202,0.047501202,0.047501202,0.047501202,0.047501202,05/01/2008,4.828403475,InSAR
11/01/1927,0.054935906,0.054935906,0.054935906,0.054935906,0.054935906,0.054935906,06/01/2008,4.838403475,InSAR
12/01/1927,0.045666303,0.045666303,0.045666303,0.045666303,0.045666303,0.045666303,07/01/2008,4.848403475,InSAR
01/01/1928,0.051559112,0.051559112,0.051559112,0.051559112,0.051559112,0.051559112,08/01/2008,4.858403475,InSAR
02/01/1928,0.051087574,0.051087574,0.051087574,0.051087574,0.051087574,0.051087574,09/01/2008,4.868403475,InSAR
03/01/1928,0.048802297,0.048802297,0.048802297,0.048802297,0.048802297,0.048802297,06/01/2009,4.988403475,InSAR
04/01/1928,0.048285032,0.048285032,0.048285032,0.048285032,0.048285032,0.048285032,07/01/2009,4.998403475,InSAR
05/01/1928,0.05642751,0.05642751,0.05642751,0.05642751,0.05642751,0.05642751,08/01/2009,5.008403475,InSAR
06/01/1928,0.052210024,0.052210024,0.052210024,0.052210024,0.052210024,0.052210024,09/01/2009,5.018403475,InSAR
07/01/1928,0.058920237,0.058920237,0.058920237,0.058920237,0.058920237,0.058920237,10/01/2009,5.028403475,InSAR
08/01/1928,0.05644515,0.05644515,0.05644515,0.05644515,0.05644515,0.05644515,11/01/2009,5.038403475,InSAR
09/01/1928,0.066359906,0.066359906,0.066359906,0.066359906,0.066359906,0.066359906,12/01/2009,5.058403475,InSAR
10/01/1928,0.07053506,0.07053506,0.07053506,0.07053506,0.07053506,0.07053506,01/01/2010,5.068403475,InSAR
11/01/1928,0.078058445,0.078058445,0.078058445,0.078058445,0.078058445,0.078058445,02/01/2010,5.078403475,InSAR
12/01/1928,0.077516087,0.077516087,0.077516087,0.077516087,0.077516087,0.077516087,03/01/2010,5.088403475,InSAR
01/01/1929,0.074466862,0.074466862,0.074466862,0.074466862,0.074466862,0.074466862,04/01/2010,5.098403475,InSAR
02/01/1929,0.072657142,0.072657142,0.072657142,0.072657142,0.072657142,0.072657142,05/01/2010,5.108403475,InSAR
03/01/1929,0.078979836,0.078979836,0.078979836,0.078979836,0.078979836,0.078979836,06/01/2010,5.118403475,InSAR
04/01/1929,0.085613237,0.085613237,0.085613237,0.085613237,0.085613237,0.085613237,07/01/2010,5.118403475,InSAR
05/01/1929,0.087125436,0.087125436,0.087125436,0.087125436,0.087125436,0.087125436,08/01/2010,5.128403475,InSAR
06/01/1929,0.089153914,0.089153914,0.089153914,0.089153914,0.089153914,0.089153914,07/01/2012,5.27,Leveling
07/01/1929,0.092328287,0.092328287,0.092328287,0.092328287,0.092328287,0.092328287,12/01/2012,5.24,Leveling
08/01/1929,0.095391114,0.095391114,0.095391114,0.095391114,0.095391114,0.095391114,07/01/2013,5.53,Leveling
09/01/1929,0.091691427,0.091691427,0.091691427,0.091691427,0.091691427,0.091691427,12/01/2013,5.58,Leveling
10/01/1929,0.085094615,0.085094615,0.085094615,0.085094615,0.085094615,0.085094615,07/01/2014,5.91,Leveling
11/01/1929,0.081204888,0.081204888,0.081204888,0.081204888,0.081204888,0.081204888,12/01/2014,5.99,Leveling
12/01/1929,0.081781559,0.081781559,0.081781559,0.081781559,0.081781559,0.081781559,07/01/2015,6.4,Leveling
01/01/1930,0.080108202,0.080108202,0.080108202,0.080108202,0.080108202,0.080108202,07/01/2015,6.265622089,InSAR
02/01/1930,0.088599789,0.088599789,0.088599789,0.088599789,0.088599789,0.088599789,08/01/2015,6.31115935,InSAR
03/01/1930,0.091104028,0.091104028,0.091104028,0.091104028,0.091104028,0.091104028,09/01/2015,6.359873629,InSAR
04/01/1930,0.080543264,0.080543264,0.080543264,0.080543264,0.080543264,0.080543264,10/01/2015,6.407528902,InSAR
05/01/1930,0.078042551,0.078042551,0.078042551,0.078042551,0.078042551,0.078042551,11/01/2015,6.438240078,InSAR
06/01/1930,0.080615638,0.080615638,0.080615638,0.080615638,0.080615638,0.080615638,12/01/2015,6.42,Leveling
07/01/1930,0.08158536,0.08158536,0.08158536,0.08158536,0.08158536,0.08158536,12/01/2015,6.479541315,InSAR
08/01/1930,0.072153013,0.072153013,0.072153013,0.072153013,0.072153013,0.072153013,01/01/2016,6.506016466,InSAR
09/01/1930,0.069987248,0.069987248,0.069987248,0.069987248,0.069987248,0.069987248,02/01/2016,6.544140685,InSAR
10/01/1930,0.065699535,0.065699535,0.065699535,0.065699535,0.065699535,0.065699535,03/01/2016,6.555789752,InSAR
11/01/1930,0.063044504,0.063044504,0.063044504,0.063044504,0.063044504,0.063044504,04/01/2016,6.585441922,InSAR
12/01/1930,0.055962664,0.055962664,0.055962664,0.055962664,0.055962664,0.055962664,05/01/2016,6.610858067,InSAR
01/01/1931,0.052025705,0.052025705,0.052025705,0.052025705,0.052025705,0.052025705,06/01/2016,6.659572346,InSAR
02/01/1931,0.054086283,0.054086283,0.054086283,0.054086283,0.054086283,0.054086283,07/01/2016,6.85,Leveling
03/01/1931,0.064578151,0.064578151,0.064578151,0.064578151,0.064578151,0.064578151,07/01/2016,6.692401535,InSAR
04/01/1931,0.080192835,0.080192835,0.080192835,0.080192835,0.080192835,0.080192835,08/01/2016,6.730525753,InSAR
05/01/1931,0.078849482,0.078849482,0.078849482,0.078849482,0.078849482,0.078849482,09/01/2016,6.770767984,InSAR
06/01/1931,0.085803308,0.085803308,0.085803308,0.085803308,0.085803308,0.085803308,10/01/2016,6.785594069,InSAR
07/01/1931,0.082070825,0.082070825,0.082070825,0.082070825,0.082070825,0.082070825,11/01/2016,6.823718287,InSAR
08/01/1931,0.084872006,0.084872006,0.084872006,0.084872006,0.084872006,0.084872006,12/01/2016,6.79,Leveling
09/01/1931,0.08035569,0.08035569,0.08035569,0.08035569,0.08035569,0.08035569,12/01/2016,6.834308348,InSAR
10/01/1931,0.082949847,0.082949847,0.082949847,0.082949847,0.082949847,0.082949847,01/01/2017,6.847016421,InSAR
11/01/1931,0.079074038,0.079074038,0.079074038,0.079074038,0.079074038,0.079074038,02/01/2017,6.868196542,InSAR
12/01/1931,0.094745408,0.094745408,0.094745408,0.094745408,0.094745408,0.094745408,03/01/2017,6.874550578,InSAR
01/01/1932,0.097559124,0.097559124,0.097559124,0.097559124,0.097559124,0.097559124,04/01/2017,6.875609584,InSAR
02/01/1932,0.104196079,0.104196079,0.104196079,0.104196079,0.104196079,0.104196079,05/01/2017,6.891494676,InSAR
03/01/1932,0.10248199,0.10248199,0.10248199,0.10248199,0.10248199,0.10248199,06/01/2017,6.892553682,InSAR
04/01/1932,0.111213348,0.111213348,0.111213348,0.111213348,0.111213348,0.111213348,07/01/2017,7.02,Leveling
05/01/1932,0.101705334,0.101705334,0.101705334,0.101705334,0.101705334,0.101705334,07/01/2017,6.905261754,InSAR
06/01/1932,0.111611579,0.111611579,0.111611579,0.111611579,0.111611579,0.111611579,08/01/2017,6.933854918,InSAR
07/01/1932,0.107161002,0.107161002,0.107161002,0.107161002,0.107161002,0.107161002,09/01/2017,6.95503504,InSAR
08/01/1932,0.103412327,0.103412327,0.103412327,0.103412327,0.103412327,0.103412327,10/01/2017,6.958212058,InSAR
09/01/1932,0.106831594,0.106831594,0.106831594,0.106831594,0.106831594,0.106831594,11/01/2017,6.988923234,InSAR
10/01/1932,0.115444898,0.115444898,0.115444898,0.115444898,0.115444898,0.115444898,12/01/2017,6.96,Leveling
11/01/1932,0.124620237,0.124620237,0.124620237,0.124620237,0.124620237,0.124620237,12/01/2017,6.993159258,InSAR
12/01/1932,0.137826981,0.137826981,0.137826981,0.137826981,0.137826981,0.137826981,01/01/2018,7.005867331,InSAR
01/01/1933,0.140554656,0.140554656,0.140554656,0.140554656,0.140554656,0.140554656,02/01/2018,7.018575404,InSAR
02/01/1933,0.139575517,0.139575517,0.139575517,0.139575517,0.139575517,0.139575517,03/01/2018,7.013280373,InSAR
03/01/1933,0.132334801,0.132334801,0.132334801,0.132334801,0.132334801,0.132334801,04/01/2018,7.045050556,InSAR
04/01/1933,0.132144733,0.132144733,0.132144733,0.132144733,0.132144733,0.132144733,05/01/2018,7.069407695,InSAR
05/01/1933,0.141439585,0.141439585,0.141439585,0.141439585,0.141439585,0.141439585,06/01/2018,7.08423378,InSAR
06/01/1933,0.144925545,0.144925545,0.144925545,0.144925545,0.144925545,0.144925545,07/01/2018,7.04,Leveling
07/01/1933,0.141463322,0.141463322,0.141463322,0.141463322,0.141463322,0.141463322,07/01/2018,7.129771041,InSAR
08/01/1933,0.131909596,0.131909596,0.131909596,0.131909596,0.131909596,0.131909596,08/01/2018,7.179544326,InSAR
09/01/1933,0.123893495,0.123893495,0.123893495,0.123893495,0.123893495,0.123893495,09/01/2018,7.212373515,InSAR
10/01/1933,0.123801724,0.123801724,0.123801724,0.123801724,0.123801724,0.123801724,10/01/2018,7.255792763,InSAR
11/01/1933,0.121543862,0.121543862,0.121543862,0.121543862,0.121543862,0.121543862,11/01/2018,7.282267915,InSAR
12/01/1933,0.119364093,0.119364093,0.119364093,0.119364093,0.119364093,0.119364093,12/01/2018,7.16,Leveling
01/01/1934,0.117950938,0.117950938,0.117950938,0.117950938,0.117950938,0.117950938,12/01/2018,7.296034994,InSAR
02/01/1934,0.115040386,0.115040386,0.115040386,0.115040386,0.115040386,0.115040386,01/01/2019,7.303448036,InSAR
03/01/1934,0.102918328,0.102918328,0.102918328,0.102918328,0.102918328,0.102918328,02/01/2019,7.312979091,InSAR
04/01/1934,0.108381906,0.108381906,0.108381906,0.108381906,0.108381906,0.108381906,03/01/2019,7.318274121,InSAR
05/01/1934,0.102370692,0.102370692,0.102370692,0.102370692,0.102370692,0.102370692,04/01/2019,7.341572255,InSAR
06/01/1934,0.09304229,0.09304229,0.09304229,0.09304229,0.09304229,0.09304229,05/01/2019,7.325687164,InSAR
07/01/1934,0.092334515,0.092334515,0.092334515,0.092334515,0.092334515,0.092334515,06/01/2019,7.329923188,InSAR
08/01/1934,0.089135757,0.089135757,0.089135757,0.089135757,0.089135757,0.089135757,07/01/2019,7.35,Leveling
09/01/1934,0.090218819,0.090218819,0.090218819,0.090218819,0.090218819,0.090218819,07/01/2019,7.350044304,InSAR
10/01/1934,0.092492805,0.092492805,0.092492805,0.092492805,0.092492805,0.092492805,08/01/2019,7.375460449,InSAR
11/01/1934,0.088167328,0.088167328,0.088167328,0.088167328,0.088167328,0.088167328,09/01/2019,7.396640571,InSAR
12/01/1934,0.095088404,0.095088404,0.095088404,0.095088404,0.095088404,0.095088404,10/01/2019,7.377578461,InSAR
01/01/1935,0.093692544,0.093692544,0.093692544,0.093692544,0.093692544,0.093692544,11/01/2019,7.39134554,InSAR
02/01/1935,0.08682166,0.08682166,0.08682166,0.08682166,0.08682166,0.08682166,12/01/2019,7.48,Leveling
03/01/1935,0.088527606,0.088527606,0.088527606,0.088527606,0.088527606,0.088527606,12/01/2019,7.398758583,InSAR
04/01/1935,0.082979674,0.082979674,0.082979674,0.082979674,0.082979674,0.082979674,01/01/2020,7.418879698,InSAR
05/01/1935,0.078038688,0.078038688,0.078038688,0.078038688,0.078038688,0.078038688,02/01/2020,7.419938704,InSAR
06/01/1935,0.077191315,0.077191315,0.077191315,0.077191315,0.077191315,0.077191315,03/01/2020,7.42629274,InSAR
07/01/1935,0.081181029,0.081181029,0.081181029,0.081181029,0.081181029,0.081181029,04/01/2020,7.447472862,InSAR
08/01/1935,0.085342507,0.085342507,0.085342507,0.085342507,0.085342507,0.085342507,05/01/2020,7.461239941,InSAR
09/01/1935,0.091917224,0.091917224,0.091917224,0.091917224,0.091917224,0.091917224,06/01/2020,7.500423165,InSAR
10/01/1935,0.086918086,0.086918086,0.086918086,0.086918086,0.086918086,0.086918086,07/01/2020,7.540665396,InSAR
11/01/1935,0.09361406,0.09361406,0.09361406,0.09361406,0.09361406,0.09361406,08/01/2020,7.607382778,InSAR
12/01/1935,0.09152129,0.09152129,0.09152129,0.09152129,0.09152129,0.09152129,09/01/2020,7.679395191,InSAR
01/01/1936,0.090108164,0.090108164,0.090108164,0.090108164,0.090108164,0.090108164,10/01/2020,7.732345494,InSAR
02/01/1936,0.093801504,0.093801504,0.093801504,0.093801504,0.093801504,0.093801504,11/01/2020,7.727050464,InSAR
03/01/1936,0.1006079,0.1006079,0.1006079,0.1006079,0.1006079,0.1006079,11/24/2020,7.33,Leveling
04/01/1936,0.094866062,0.094866062,0.094866062,0.094866062,0.094866062,0.094866062,12/01/2020,7.71,Leveling
05/01/1936,0.097195176,0.097195176,0.097195176,0.097195176,0.097195176,0.097195176,12/01/2020,7.721755434,InSAR
06/01/1936,0.097094454,0.097094454,0.097094454,0.097094454,0.097094454,0.097094454,01/01/2021,7.719637422,InSAR
07/01/1936,0.09833341,0.09833341,0.09833341,0.09833341,0.09833341,0.09833341,02/01/2021,7.715401397,InSAR
08/01/1936,0.109219333,0.109219333,0.109219333,0.109219333,0.109219333,0.109219333,03/01/2021,7.732345494,InSAR
09/01/1936,0.111578079,0.111578079,0.111578079,0.111578079,0.111578079,0.111578079,04/01/2021,7.75776164,InSAR
10/01/1936,0.10764413,0.10764413,0.10764413,0.10764413,0.10764413,0.10764413,05/01/2021,7.794826853,InSAR
11/01/1936,0.113480545,0.113480545,0.113480545,0.113480545,0.113480545,0.113480545,06/01/2021,7.870016283,InSAR
12/01/1936,0.111094659,0.111094659,0.111094659,0.111094659,0.111094659,0.111094659,07/01/2021,7.76,Leveling
01/01/1937,0.101535988,0.101535988,0.101535988,0.101535988,0.101535988,0.101535988,07/01/2021,7.94096969,InSAR
02/01/1937,0.10034327,0.10034327,0.10034327,0.10034327,0.10034327,0.10034327,08/01/2021,8.0299262,InSAR
03/01/1937,0.099191849,0.099191849,0.099191849,0.099191849,0.099191849,0.099191849,09/01/2021,8.075463461,InSAR
04/01/1937,0.091986434,0.091986434,0.091986434,0.091986434,0.091986434,0.091986434,10/01/2021,8.096643582,InSAR
05/01/1937,0.087378069,0.087378069,0.087378069,0.087378069,0.087378069,0.087378069,11/01/2021,8.116764698,InSAR
06/01/1937,0.085570298,0.085570298,0.085570298,0.085570298,0.085570298,0.085570298,12/01/2021,8.23,Leveling
07/01/1937,0.085146418,0.085146418,0.085146418,0.085146418,0.085146418,0.085146418,12/01/2021,8.114646685,InSAR
08/01/1937,0.087864635,0.087864635,0.087864635,0.087864635,0.087864635,0.087864635,01/01/2022,8.110410661,InSAR
09/01/1937,0.085967969,0.085967969,0.085967969,0.085967969,0.085967969,0.085967969,02/01/2022,8.119941716,InSAR
10/01/1937,0.082813236,0.082813236,0.082813236,0.082813236,0.082813236,0.082813236,03/01/2022,8.123118734,InSAR
11/01/1937,0.07617355,0.07617355,0.07617355,0.07617355,0.07617355,0.07617355,04/01/2022,8.142180843,InSAR
12/01/1937,0.066934391,0.066934391,0.066934391,0.066934391,0.066934391,0.066934391,05/01/2022,8.215252262,InSAR
01/01/1938,0.061723238,0.061723238,0.061723238,0.061723238,0.061723238,0.061723238,06/01/2022,8.288323681,InSAR
02/01/1938,0.055948038,0.055948038,0.055948038,0.055948038,0.055948038,0.055948038,07/01/2022,8.41,Leveling
03/01/1938,0.050447194,0.050447194,0.050447194,0.050447194,0.050447194,0.050447194,07/01/2022,8.386811245,InSAR
04/01/1938,0.043599383,0.043599383,0.043599383,0.043599383,0.043599383,0.043599383,08/01/2022,8.464118688,InSAR
05/01/1938,0.044468535,0.044468535,0.044468535,0.044468535,0.044468535,0.044468535,09/01/2022,8.494829864,InSAR
06/01/1938,0.048698584,0.048698584,0.048698584,0.048698584,0.048698584,0.048698584,10/01/2022,8.521305016,InSAR
07/01/1938,0.056405667,0.056405667,0.056405667,0.056405667,0.056405667,0.056405667,11/01/2022,8.535072095,InSAR
08/01/1938,0.064937777,0.064937777,0.064937777,0.064937777,0.064937777,0.064937777,12/01/2022,8.52,Leveling
09/01/1938,0.071122504,0.071122504,0.071122504,0.071122504,0.071122504,0.071122504,12/01/2022,8.540367125,InSAR
10/01/1938,0.075749524,0.075749524,0.075749524,0.075749524,0.075749524,0.075749524,01/01/2023,8.534013089,InSAR
11/01/1938,0.077895856,0.077895856,0.077895856,0.077895856,0.077895856,0.077895856,02/01/2023,8.539308119,InSAR
12/01/1938,0.083093967,0.083093967,0.083093967,0.083093967,0.083093967,0.083093967,03/01/2023,8.554134204,InSAR
01/01/1939,0.083548589,0.083548589,0.083548589,0.083548589,0.083548589,0.083548589,04/01/2023,8.600730471,InSAR
02/01/1939,0.091028077,0.091028077,0.091028077,0.091028077,0.091028077,0.091028077,05/01/2023,8.57955035,InSAR
03/01/1939,0.097091817,0.097091817,0.097091817,0.097091817,0.097091817,0.097091817,06/01/2023,8.612379538,InSAR
04/01/1939,0.09819868,0.09819868,0.09819868,0.09819868,0.09819868,0.09819868,07/01/2023,8.74,Leveling
05/01/1939,0.105871337,0.105871337,0.105871337,0.105871337,0.105871337,0.105871337,07/01/2023,8.647326738,InSAR
06/01/1939,0.121121443,0.121121443,0.121121443,0.121121443,0.121121443,0.121121443,08/01/2023,8.658975805,InSAR
07/01/1939,0.124037347,0.124037347,0.124037347,0.124037347,0.124037347,0.124037347,09/01/2023,8.658975805,InSAR
08/01/1939,0.126872204,0.126872204,0.126872204,0.126872204,0.126872204,0.126872204,10/01/2023,8.665329841,InSAR
09/01/1939,0.134158093,0.134158093,0.134158093,0.134158093,0.134158093,0.134158093,11/01/2023,8.636736678,InSAR
10/01/1939,0.137263489,0.137263489,0.137263489,0.137263489,0.137263489,0.137263489,12/01/2023,8.78,Leveling
11/01/1939,0.13767656,0.13767656,0.13767656,0.13767656,0.13767656,0.13767656,12/01/2023,8.601789477,InSAR
12/01/1939,0.142530206,0.142530206,0.142530206,0.142530206,0.142530206,0.142530206,01/01/2024,8.585904386,InSAR
01/01/1940,0.154660875,0.154660875,0.154660875,0.154660875,0.154660875,0.154660875,02/01/2024,8.615556556,InSAR
02/01/1940,0.160671378,0.160671378,0.160671378,0.160671378,0.160671378,0.160671378,03/01/2024,8.642031708,InSAR
03/01/1940,0.163011955,0.163011955,0.163011955,0.163011955,0.163011955,0.163011955,04/01/2024,8.670624872,InSAR
04/01/1940,0.151504428,0.151504428,0.151504428,0.151504428,0.151504428,0.151504428,05/01/2024,8.680155926,InSAR
05/01/1940,0.151890903,0.151890903,0.151890903,0.151890903,0.151890903,0.151890903,06/01/2024,8.711926109,InSAR
06/01/1940,0.149745489,0.149745489,0.149745489,0.149745489,0.149745489,0.149745489,07/01/2024,8.744755297,InSAR
07/01/1940,0.15283109,0.15283109,0.15283109,0.15283109,0.15283109,0.15283109,08/01/2024,8.548839174,InSAR
08/01/1940,0.148261859,0.148261859,0.148261859,0.148261859,0.148261859,0.148261859,09/01/2024,8.54989818,InSAR
09/01/1940,0.150139287,0.150139287,0.150139287,0.150139287,0.150139287,0.150139287,10/01/2024,8.565783271,InSAR
10/01/1940,0.149009604,0.149009604,0.149009604,0.149009604,0.149009604,0.149009604,,,
11/01/1940,0.156715561,0.156715561,0.156715561,0.156715561,0.156715561,0.156715561,,,
12/01/1940,0.165580303,0.165580303,0.165580303,0.165580303,0.165580303,0.165580303,,,
01/01/1941,0.169284953,0.169284953,0.169284953,0.169284953,0.169284953,0.169284953,,,
02/01/1941,0.168083862,0.168083862,0.168083862,0.168083862,0.168083862,0.168083862,,,
03/01/1941,0.172235771,0.172235771,0.172235771,0.172235771,0.172235771,0.172235771,,,
04/01/1941,0.182729614,0.182729614,0.182729614,0.182729614,0.182729614,0.182729614,,,
05/01/1941,0.191772839,0.191772839,0.191772839,0.191772839,0.191772839,0.191772839,,,
06/01/1941,0.198172902,0.198172902,0.198172902,0.198172902,0.198172902,0.198172902,,,
07/01/1941,0.195485586,0.195485586,0.195485586,0.195485586,0.195485586,0.195485586,,,
08/01/1941,0.19882069,0.19882069,0.19882069,0.19882069,0.19882069,0.19882069,,,
09/01/1941,0.192936945,0.192936945,0.192936945,0.192936945,0.192936945,0.192936945,,,
10/01/1941,0.192043332,0.192043332,0.192043332,0.192043332,0.192043332,0.192043332,,,
11/01/1941,0.188906444,0.188906444,0.188906444,0.188906444,0.188906444,0.188906444,,,
12/01/1941,0.190209041,0.190209041,0.190209041,0.190209041,0.190209041,0.190209041,,,
01/01/1942,0.190967849,0.190967849,0.190967849,0.190967849,0.190967849,0.190967849,,,
02/01/1942,0.189644683,0.189644683,0.189644683,0.189644683,0.189644683,0.189644683,,,
03/01/1942,0.197551846,0.197551846,0.197551846,0.197551846,0.197551846,0.197551846,,,
04/01/1942,0.203119077,0.203119077,0.203119077,0.203119077,0.203119077,0.203119077,,,
05/01/1942,0.203997779,0.203997779,0.203997779,0.203997779,0.203997779,0.203997779,,,
06/01/1942,0.208388523,0.208388523,0.208388523,0.208388523,0.208388523,0.208388523,,,
07/01/1942,0.210280914,0.210280914,0.210280914,0.210280914,0.210280914,0.210280914,,,
08/01/1942,0.212889535,0.212889535,0.212889535,0.212889535,0.212889535,0.212889535,,,
09/01/1942,0.216689496,0.216689496,0.216689496,0.216689496,0.216689496,0.216689496,,,
10/01/1942,0.21670635,0.21670635,0.21670635,0.21670635,0.21670635,0.21670635,,,
11/01/1942,0.214886653,0.214886653,0.214886653,0.214886653,0.214886653,0.214886653,,,
12/01/1942,0.222163951,0.222163951,0.222163951,0.222163951,0.222163951,0.222163951,,,
01/01/1943,0.22857178,0.22857178,0.22857178,0.22857178,0.22857178,0.22857178,,,
02/01/1943,0.232362979,0.232362979,0.232362979,0.232362979,0.232362979,0.232362979,,,
03/01/1943,0.241933842,0.241933842,0.241933842,0.241933842,0.241933842,0.241933842,,,
04/01/1943,0.240089813,0.240089813,0.240089813,0.240089813,0.240089813,0.240089813,,,
05/01/1943,0.240001493,0.240001493,0.240001493,0.240001493,0.240001493,0.240001493,,,
06/01/1943,0.244554483,0.244554483,0.244554483,0.244554483,0.244554483,0.244554483,,,
07/01/1943,0.242519008,0.242519008,0.242519008,0.242519008,0.242519008,0.242519008,,,
08/01/1943,0.243358607,0.243358607,0.243358607,0.243358607,0.243358607,0.243358607,,,
09/01/1943,0.24478429,0.24478429,0.24478429,0.24478429,0.24478429,0.24478429,,,
10/01/1943,0.254019988,0.254019988,0.254019988,0.254019988,0.254019988,0.254019988,,,
11/01/1943,0.262266135,0.262266135,0.262266135,0.262266135,0.262266135,0.262266135,,,
12/01/1943,0.265526687,0.265526687,0.265526687,0.265526687,0.265526687,0.265526687,,,
01/01/1944,0.267309575,0.267309575,0.267309575,0.267309575,0.267309575,0.267309575,,,
02/01/1944,0.27037696,0.27037696,0.27037696,0.27037696,0.27037696,0.27037696,,,
03/01/1944,0.279241503,0.279241503,0.279241503,0.279241503,0.279241503,0.279241503,,,
04/01/1944,0.280606937,0.280606937,0.280606937,0.280606937,0.280606937,0.280606937,,,
05/01/1944,0.287937316,0.287937316,0.287937316,0.287937316,0.287937316,0.287937316,,,
06/01/1944,0.288983937,0.288983937,0.288983937,0.288983937,0.288983937,0.288983937,,,
07/01/1944,0.300246224,0.300246224,0.300246224,0.300246224,0.300246224,0.300246224,,,
08/01/1944,0.298776546,0.298776546,0.298776546,0.298776546,0.298776546,0.298776546,,,
09/01/1944,0.300709653,0.300709653,0.300709653,0.300709653,0.300709653,0.300709653,,,
10/01/1944,0.313902747,0.313902747,0.313902747,0.313902747,0.313902747,0.313902747,,,
11/01/1944,0.323707153,0.323707153,0.323707153,0.323707153,0.323707153,0.323707153,,,
12/01/1944,0.331866732,0.331866732,0.331866732,0.331866732,0.331866732,0.331866732,,,
01/01/1945,0.34145441,0.34145441,0.34145441,0.34145441,0.34145441,0.34145441,,,
02/01/1945,0.346339995,0.346339995,0.346339995,0.346339995,0.346339995,0.346339995,,,
03/01/1945,0.348473784,0.348473784,0.348473784,0.348473784,0.348473784,0.348473784,,,
04/01/1945,0.356803638,0.356803638,0.356803638,0.356803638,0.356803638,0.356803638,,,
05/01/1945,0.354631989,0.354631989,0.354631989,0.354631989,0.354631989,0.354631989,,,
06/01/1945,0.367239975,0.367239975,0.367239975,0.367239975,0.367239975,0.367239975,,,
07/01/1945,0.377875851,0.377875851,0.377875851,0.377875851,0.377875851,0.377875851,,,
08/01/1945,0.380322939,0.380322939,0.380322939,0.380322939,0.380322939,0.380322939,,,
09/01/1945,0.38654723,0.38654723,0.38654723,0.38654723,0.38654723,0.38654723,,,
10/01/1945,0.396377646,0.396377646,0.396377646,0.396377646,0.396377646,0.396377646,,,
11/01/1945,0.395535018,0.395535018,0.395535018,0.395535018,0.395535018,0.395535018,,,
12/01/1945,0.396312767,0.396312767,0.396312767,0.396312767,0.396312767,0.396312767,,,
01/01/1946,0.399931439,0.399931439,0.399931439,0.399931439,0.399931439,0.399931439,,,
02/01/1946,0.403741324,0.403741324,0.403741324,0.403741324,0.403741324,0.403741324,,,
03/01/1946,0.401290856,0.401290856,0.401290856,0.401290856,0.401290856,0.401290856,,,
04/01/1946,0.396058781,0.396058781,0.396058781,0.396058781,0.396058781,0.396058781,,,
05/01/1946,0.384119623,0.384119623,0.384119623,0.384119623,0.384119623,0.384119623,,,
06/01/1946,0.383338255,0.383338255,0.383338255,0.383338255,0.383338255,0.383338255,,,
07/01/1946,0.374918594,0.374918594,0.374918594,0.374918594,0.374918594,0.374918594,,,
08/01/1946,0.372883294,0.372883294,0.372883294,0.372883294,0.372883294,0.372883294,,,
09/01/1946,0.369358281,0.369358281,0.369358281,0.369358281,0.369358281,0.369358281,,,
10/01/1946,0.374640991,0.374640991,0.374640991,0.374640991,0.374640991,0.374640991,,,
11/01/1946,0.37861198,0.37861198,0.37861198,0.37861198,0.37861198,0.37861198,,,
12/01/1946,0.387152876,0.387152876,0.387152876,0.387152876,0.387152876,0.387152876,,,
01/01/1947,0.395791431,0.395791431,0.395791431,0.395791431,0.395791431,0.395791431,,,
02/01/1947,0.401178591,0.401178591,0.401178591,0.401178591,0.401178591,0.401178591,,,
03/01/1947,0.396664536,0.396664536,0.396664536,0.396664536,0.396664536,0.396664536,,,
04/01/1947,0.401887262,0.401887262,0.401887262,0.401887262,0.401887262,0.401887262,,,
05/01/1947,0.405475058,0.405475058,0.405475058,0.405475058,0.405475058,0.405475058,,,
06/01/1947,0.409054692,0.409054692,0.409054692,0.409054692,0.409054692,0.409054692,,,
07/01/1947,0.412497088,0.412497088,0.412497088,0.412497088,0.412497088,0.412497088,,,
08/01/1947,0.420981442,0.420981442,0.420981442,0.420981442,0.420981442,0.420981442,,,
09/01/1947,0.425750154,0.425750154,0.425750154,0.425750154,0.425750154,0.425750154,,,
10/01/1947,0.431658055,0.431658055,0.431658055,0.431658055,0.431658055,0.431658055,,,
11/01/1947,0.423773296,0.423773296,0.423773296,0.423773296,0.423773296,0.423773296,,,
12/01/1947,0.435359545,0.435359545,0.435359545,0.435359545,0.435359545,0.435359545,,,
01/01/1948,0.438656255,0.438656255,0.438656255,0.438656255,0.438656255,0.438656255,,,
02/01/1948,0.445147614,0.445147614,0.445147614,0.445147614,0.445147614,0.445147614,,,
03/01/1948,0.450330773,0.450330773,0.450330773,0.450330773,0.450330773,0.450330773,,,
04/01/1948,0.44763596,0.44763596,0.44763596,0.44763596,0.44763596,0.44763596,,,
05/01/1948,0.453730473,0.453730473,0.453730473,0.453730473,0.453730473,0.453730473,,,
06/01/1948,0.451333304,0.451333304,0.451333304,0.451333304,0.451333304,0.451333304,,,
07/01/1948,0.456133051,0.456133051,0.456133051,0.456133051,0.456133051,0.456133051,,,
08/01/1948,0.459441456,0.459441456,0.459441456,0.459441456,0.459441456,0.459441456,,,
09/01/1948,0.46237949,0.46237949,0.46237949,0.46237949,0.46237949,0.46237949,,,
10/01/1948,0.462563457,0.462563457,0.462563457,0.462563457,0.462563457,0.462563457,,,
11/01/1948,0.468756693,0.468756693,0.468756693,0.468756693,0.468756693,0.468756693,,,
12/01/1948,0.467794738,0.467794738,0.467794738,0.467794738,0.467794738,0.467794738,,,
01/01/1949,0.466073434,0.466073434,0.466073434,0.466073434,0.466073434,0.466073434,,,
02/01/1949,0.466767375,0.466767375,0.466767375,0.466767375,0.466767375,0.466767375,,,
03/01/1949,0.462799582,0.462799582,0.462799582,0.462799582,0.462799582,0.462799582,,,
04/01/1949,0.467441525,0.467441525,0.467441525,0.467441525,0.467441525,0.467441525,,,
05/01/1949,0.468338533,0.468338533,0.468338533,0.468338533,0.468338533,0.468338533,,,
06/01/1949,0.474873096,0.474873096,0.474873096,0.474873096,0.474873096,0.474873096,,,
07/01/1949,0.477241702,0.477241702,0.477241702,0.477241702,0.477241702,0.477241702,,,
08/01/1949,0.47673085,0.47673085,0.47673085,0.47673085,0.47673085,0.47673085,,,
09/01/1949,0.480224889,0.480224889,0.480224889,0.480224889,0.480224889,0.480224889,,,
10/01/1949,0.483701646,0.483701646,0.483701646,0.483701646,0.483701646,0.483701646,,,
11/01/1949,0.483765928,0.483765928,0.483765928,0.483765928,0.483765928,0.483765928,,,
12/01/1949,0.483246643,0.483246643,0.483246643,0.483246643,0.483246643,0.483246643,,,
01/01/1950,0.483188451,0.483188451,0.483188451,0.483188451,0.483188451,0.483188451,,,
02/01/1950,0.488083158,0.488083158,0.488083158,0.488083158,0.488083158,0.488083158,,,
03/01/1950,0.485759862,0.485759862,0.485759862,0.485759862,0.485759862,0.485759862,,,
04/01/1950,0.485513384,0.485513384,0.485513384,0.485513384,0.485513384,0.485513384,,,
05/01/1950,0.489459011,0.489459011,0.489459011,0.489459011,0.489459011,0.489459011,,,
06/01/1950,0.494460064,0.494460064,0.494460064,0.494460064,0.494460064,0.494460064,,,
07/01/1950,0.496570986,0.496570986,0.496570986,0.496570986,0.496570986,0.496570986,,,
08/01/1950,0.49630285,0.49630285,0.49630285,0.49630285,0.49630285,0.49630285,,,
09/01/1950,0.496491984,0.496491984,0.496491984,0.496491984,0.496491984,0.496491984,,,
10/01/1950,0.500213733,0.500213733,0.500213733,0.500213733,0.500213733,0.500213733,,,
11/01/1950,0.506618053,0.506618053,0.506618053,0.506618053,0.506618053,0.506618053,,,
12/01/1950,0.511178059,0.511178059,0.511178059,0.511178059,0.511178059,0.511178059,,,
01/01/1951,0.514213272,0.514213272,0.514213272,0.514213272,0.514213272,0.514213272,,,
02/01/1951,0.504759864,0.504759864,0.504759864,0.504759864,0.504759864,0.504759864,,,
03/01/1951,0.495704705,0.495704705,0.495704705,0.495704705,0.495704705,0.495704705,,,
04/01/1951,0.497357234,0.497357234,0.497357234,0.497357234,0.497357234,0.497357234,,,
05/01/1951,0.501635345,0.501635345,0.501635345,0.501635345,0.501635345,0.501635345,,,
06/01/1951,0.50904636,0.50904636,0.50904636,0.50904636,0.50904636,0.50904636,,,
07/01/1951,0.517820153,0.517820153,0.517820153,0.517820153,0.517820153,0.517820153,,,
08/01/1951,0.530433532,0.530433532,0.530433532,0.530433532,0.530433532,0.530433532,,,
09/01/1951,0.541691152,0.541691152,0.541691152,0.541691152,0.541691152,0.541691152,,,
10/01/1951,0.553482786,0.553482786,0.553482786,0.553482786,0.553482786,0.553482786,,,
11/01/1951,0.565960828,0.565960828,0.565960828,0.565960828,0.565960828,0.565960828,,,
12/01/1951,0.572774318,0.572774318,0.572774318,0.572774318,0.572774318,0.572774318,,,
01/01/1952,0.574531179,0.574531179,0.574531179,0.574531179,0.574531179,0.574531179,,,
02/01/1952,0.57266259,0.57266259,0.57266259,0.57266259,0.57266259,0.57266259,,,
03/01/1952,0.569658121,0.569658121,0.569658121,0.569658121,0.569658121,0.569658121,,,
04/01/1952,0.562099259,0.562099259,0.562099259,0.562099259,0.562099259,0.562099259,,,
05/01/1952,0.565668077,0.565668077,0.565668077,0.565668077,0.565668077,0.565668077,,,
06/01/1952,0.568980323,0.568980323,0.568980323,0.568980323,0.568980323,0.568980323,,,
07/01/1952,0.57448678,0.57448678,0.57448678,0.57448678,0.57448678,0.57448678,,,
08/01/1952,0.589849214,0.589849214,0.589849214,0.589849214,0.589849214,0.589849214,,,
09/01/1952,0.608295083,0.608295083,0.608295083,0.608295083,0.608295083,0.608295083,,,
10/01/1952,0.622897386,0.622897386,0.622897386,0.622897386,0.622897386,0.622897386,,,
11/01/1952,0.642576396,0.642576396,0.642576396,0.642576396,0.642576396,0.642576396,,,
12/01/1952,0.659678411,0.659678411,0.659678411,0.659678411,0.659678411,0.659678411,,,
01/01/1953,0.670136286,0.670136286,0.670136286,0.670136286,0.670136286,0.670136286,,,
02/01/1953,0.689548953,0.689548953,0.689548953,0.689548953,0.689548953,0.689548953,,,
03/01/1953,0.712204245,0.712204245,0.712204245,0.712204245,0.712204245,0.712204245,,,
04/01/1953,0.740786395,0.740786395,0.740786395,0.740786395,0.740786395,0.740786395,,,
05/01/1953,0.766920504,0.766920504,0.766920504,0.766920504,0.766920504,0.766920504,,,
06/01/1953,0.801421045,0.801421045,0.801421045,0.801421045,0.801421045,0.801421045,,,
07/01/1953,0.837637457,0.837637457,0.837637457,0.837637457,0.837637457,0.837637457,,,
08/01/1953,0.877695891,0.877695891,0.877695891,0.877695891,0.877695891,0.877695891,,,
09/01/1953,0.930963216,0.930963216,0.930963216,0.930963216,0.930963216,0.930963216,,,
10/01/1953,0.964480316,0.964480316,0.964480316,0.964480316,0.964480316,0.964480316,,,
11/01/1953,1.001278664,1.001278664,1.001278664,1.001278664,1.001278664,1.001278664,,,
12/01/1953,1.029229661,1.029229661,1.029229661,1.029229661,1.029229661,1.029229661,,,
01/01/1954,1.048585834,1.048585834,1.048585834,1.048585834,1.048585834,1.048585834,,,
02/01/1954,1.06652954,1.06652954,1.06652954,1.06652954,1.06652954,1.06652954,,,
03/01/1954,1.079348848,1.079348848,1.079348848,1.079348848,1.079348848,1.079348848,,,
04/01/1954,1.092439877,1.092439877,1.092439877,1.092439877,1.092439877,1.092439877,,,
05/01/1954,1.095422984,1.095422984,1.095422984,1.095422984,1.095422984,1.095422984,,,
06/01/1954,1.098906092,1.098906092,1.098906092,1.098906092,1.098906092,1.098906092,,,
07/01/1954,1.097451142,1.097451142,1.097451142,1.097451142,1.097451142,1.097451142,,,
08/01/1954,1.097778183,1.097778183,1.097778183,1.097778183,1.097778183,1.097778183,,,
09/01/1954,1.107720035,1.107720035,1.107720035,1.107720035,1.107720035,1.107720035,,,
10/01/1954,1.119744714,1.119744714,1.119744714,1.119744714,1.119744714,1.119744714,,,
11/01/1954,1.121849249,1.121849249,1.121849249,1.121849249,1.121849249,1.121849249,,,
12/01/1954,1.120675224,1.120675224,1.120675224,1.120675224,1.120675224,1.120675224,,,
01/01/1955,1.121376148,1.121376148,1.121376148,1.121376148,1.121376148,1.121376148,,,
02/01/1955,1.125990617,1.125990617,1.125990617,1.125990617,1.125990617,1.125990617,,,
03/01/1955,1.131576264,1.131576264,1.131576264,1.131576264,1.131576264,1.131576264,,,
04/01/1955,1.138231968,1.138231968,1.138231968,1.138231968,1.138231968,1.138231968,,,
05/01/1955,1.141445347,1.141445347,1.141445347,1.141445347,1.141445347,1.141445347,,,
06/01/1955,1.150090571,1.150090571,1.150090571,1.150090571,1.150090571,1.150090571,,,
07/01/1955,1.161057433,1.161057433,1.161057433,1.161057433,1.161057433,1.161057433,,,
08/01/1955,1.180600919,1.180600919,1.180600919,1.180600919,1.180600919,1.180600919,,,
09/01/1955,1.20366531,1.20366531,1.20366531,1.20366531,1.20366531,1.20366531,,,
10/01/1955,1.230423262,1.230423262,1.230423262,1.230423262,1.230423262,1.230423262,,,
11/01/1955,1.254715275,1.254715275,1.254715275,1.254715275,1.254715275,1.254715275,,,
12/01/1955,1.258611453,1.258611453,1.258611453,1.258611453,1.258611453,1.258611453,,,
01/01/1956,1.253664411,1.253664411,1.253664411,1.253664411,1.253664411,1.253664411,,,
02/01/1956,1.243572524,1.243572524,1.243572524,1.243572524,1.243572524,1.243572524,,,
03/01/1956,1.227287529,1.227287529,1.227287529,1.227287529,1.227287529,1.227287529,,,
04/01/1956,1.20957309,1.20957309,1.20957309,1.20957309,1.20957309,1.20957309,,,
05/01/1956,1.209783499,1.209783499,1.209783499,1.209783499,1.209783499,1.209783499,,,
06/01/1956,1.206309894,1.206309894,1.206309894,1.206309894,1.206309894,1.206309894,,,
07/01/1956,1.205198465,1.205198465,1.205198465,1.205198465,1.205198465,1.205198465,,,
08/01/1956,1.200599394,1.200599394,1.200599394,1.200599394,1.200599394,1.200599394,,,
09/01/1956,1.198128485,1.198128485,1.198128485,1.198128485,1.198128485,1.198128485,,,
10/01/1956,1.196634264,1.196634264,1.196634264,1.196634264,1.196634264,1.196634264,,,
11/01/1956,1.201453561,1.201453561,1.201453561,1.201453561,1.201453561,1.201453561,,,
12/01/1956,1.208437296,1.208437296,1.208437296,1.208437296,1.208437296,1.208437296,,,
01/01/1957,1.20867529,1.20867529,1.20867529,1.20867529,1.20867529,1.20867529,,,
02/01/1957,1.214751317,1.214751317,1.214751317,1.214751317,1.214751317,1.214751317,,,
03/01/1957,1.212904437,1.212904437,1.212904437,1.212904437,1.212904437,1.212904437,,,
04/01/1957,1.213655164,1.213655164,1.213655164,1.213655164,1.213655164,1.213655164,,,
05/01/1957,1.217919353,1.217919353,1.217919353,1.217919353,1.217919353,1.217919353,,,
06/01/1957,1.22054643,1.22054643,1.22054643,1.22054643,1.22054643,1.22054643,,,
07/01/1957,1.220331381,1.220331381,1.220331381,1.220331381,1.220331381,1.220331381,,,
08/01/1957,1.223552647,1.223552647,1.223552647,1.223552647,1.223552647,1.223552647,,,
09/01/1957,1.223885144,1.223885144,1.223885144,1.223885144,1.223885144,1.223885144,,,
10/01/1957,1.226267988,1.226267988,1.226267988,1.226267988,1.226267988,1.226267988,,,
11/01/1957,1.221378915,1.221378915,1.221378915,1.221378915,1.221378915,1.221378915,,,
12/01/1957,1.217894385,1.217894385,1.217894385,1.217894385,1.217894385,1.217894385,,,
01/01/1958,1.211612948,1.211612948,1.211612948,1.211612948,1.211612948,1.211612948,,,
02/01/1958,1.206457874,1.206457874,1.206457874,1.206457874,1.206457874,1.206457874,,,
03/01/1958,1.205142167,1.205142167,1.205142167,1.205142167,1.205142167,1.205142167,,,
04/01/1958,1.206239821,1.206239821,1.206239821,1.206239821,1.206239821,1.206239821,,,
05/01/1958,1.202989147,1.202989147,1.202989147,1.202989147,1.202989147,1.202989147,,,
06/01/1958,1.197689468,1.197689468,1.197689468,1.197689468,1.197689468,1.197689468,,,
07/01/1958,1.191515969,1.191515969,1.191515969,1.191515969,1.191515969,1.191515969,,,
08/01/1958,1.188929998,1.188929998,1.188929998,1.188929998,1.188929998,1.188929998,,,
09/01/1958,1.186929661,1.186929661,1.186929661,1.186929661,1.186929661,1.186929661,,,
10/01/1958,1.180436537,1.180436537,1.180436537,1.180436537,1.180436537,1.180436537,,,
11/01/1958,1.180331268,1.180331268,1.180331268,1.180331268,1.180331268,1.180331268,,,
12/01/1958,1.18326631,1.18326631,1.18326631,1.18326631,1.18326631,1.18326631,,,
01/01/1959,1.180846213,1.180846213,1.180846213,1.180846213,1.180846213,1.180846213,,,
02/01/1959,1.181024993,1.181024993,1.181024993,1.181024993,1.181024993,1.181024993,,,
03/01/1959,1.183959745,1.183959745,1.183959745,1.183959745,1.183959745,1.183959745,,,
04/01/1959,1.189792916,1.189792916,1.189792916,1.189792916,1.189792916,1.189792916,,,
05/01/1959,1.201048534,1.201048534,1.201048534,1.201048534,1.201048534,1.201048534,,,
06/01/1959,1.2160715,1.2160715,1.2160715,1.2160715,1.2160715,1.2160715,,,
07/01/1959,1.23026985,1.23026985,1.23026985,1.23026985,1.23026985,1.23026985,,,
08/01/1959,1.23455371,1.23455371,1.23455371,1.23455371,1.23455371,1.23455371,,,
09/01/1959,1.235638859,1.235638859,1.235638859,1.235638859,1.235638859,1.235638859,,,
10/01/1959,1.237461199,1.237461199,1.237461199,1.237461199,1.237461199,1.237461199,,,
11/01/1959,1.234648967,1.234648967,1.234648967,1.234648967,1.234648967,1.234648967,,,
12/01/1959,1.234269259,1.234269259,1.234269259,1.234269259,1.234269259,1.234269259,,,
01/01/1960,1.234750751,1.234750751,1.234750751,1.234750751,1.234750751,1.234750751,,,
02/01/1960,1.238741346,1.238741346,1.238741346,1.238741346,1.238741346,1.238741346,,,
03/01/1960,1.243921414,1.243921414,1.243921414,1.243921414,1.243921414,1.243921414,,,
04/01/1960,1.245862801,1.245862801,1.245862801,1.245862801,1.245862801,1.245862801,,,
05/01/1960,1.253285467,1.253285467,1.253285467,1.253285467,1.253285467,1.253285467,,,
06/01/1960,1.256951214,1.256951214,1.256951214,1.256951214,1.256951214,1.256951214,,,
07/01/1960,1.260771339,1.260771339,1.260771339,1.260771339,1.260771339,1.260771339,,,
08/01/1960,1.266509927,1.266509927,1.266509927,1.266509927,1.266509927,1.266509927,,,
09/01/1960,1.272342804,1.272342804,1.272342804,1.272342804,1.272342804,1.272342804,,,
10/01/1960,1.279096013,1.279096013,1.279096013,1.279096013,1.279096013,1.279096013,,,
11/01/1960,1.286962603,1.286962603,1.286962603,1.286962603,1.286962603,1.286962603,,,
12/01/1960,1.291485096,1.291485096,1.291485096,1.291485096,1.291485096,1.291485096,,,
01/01/1961,1.301719382,1.301719382,1.301719382,1.301719382,1.301719382,1.301719382,,,
02/01/1961,1.314364461,1.314364461,1.314364461,1.314364461,1.314364461,1.314364461,,,
03/01/1961,1.319215546,1.319215546,1.319215546,1.319215546,1.319215546,1.319215546,,,
04/01/1961,1.320245089,1.320245089,1.320245089,1.320245089,1.320245089,1.320245089,,,
05/01/1961,1.324749239,1.324749239,1.324749239,1.324749239,1.324749239,1.324749239,,,
06/01/1961,1.328721184,1.328721184,1.328721184,1.328721184,1.328721184,1.328721184,,,
07/01/1961,1.333338452,1.333338452,1.333338452,1.333338452,1.333338452,1.333338452,,,
08/01/1961,1.332133872,1.332133872,1.332133872,1.332133872,1.332133872,1.332133872,,,
09/01/1961,1.333794132,1.333794132,1.333794132,1.333794132,1.333794132,1.333794132,,,
10/01/1961,1.339701687,1.339701687,1.339701687,1.339701687,1.339701687,1.339701687,,,
11/01/1961,1.347509965,1.347509965,1.347509965,1.347509965,1.347509965,1.347509965,,,
12/01/1961,1.357411263,1.357411263,1.357411263,1.357411263,1.357411263,1.357411263,,,
01/01/1962,1.370008021,1.370008021,1.370008021,1.370008021,1.370008021,1.370008021,,,
02/01/1962,1.378215572,1.378215572,1.378215572,1.378215572,1.378215572,1.378215572,,,
03/01/1962,1.383774366,1.383774366,1.383774366,1.383774366,1.383774366,1.383774366,,,
04/01/1962,1.391660715,1.391660715,1.391660715,1.391660715,1.391660715,1.391660715,,,
05/01/1962,1.395949812,1.395949812,1.395949812,1.395949812,1.395949812,1.395949812,,,
06/01/1962,1.40696458,1.40696458,1.40696458,1.40696458,1.40696458,1.40696458,,,
07/01/1962,1.417052535,1.417052535,1.417052535,1.417052535,1.417052535,1.417052535,,,
08/01/1962,1.433307172,1.433307172,1.433307172,1.433307172,1.433307172,1.433307172,,,
09/01/1962,1.462860454,1.462860454,1.462860454,1.462860454,1.462860454,1.462860454,,,
10/01/1962,1.500005438,1.500005438,1.500005438,1.500005438,1.500005438,1.500005438,,,
11/01/1962,1.535887837,1.535887837,1.535887837,1.535887837,1.535887837,1.535887837,,,
12/01/1962,1.569551644,1.569551644,1.569551644,1.569551644,1.569551644,1.569551644,,,
01/01/1963,1.595830081,1.595830081,1.595830081,1.595830081,1.595830081,1.595830081,,,
02/01/1963,1.628713501,1.628713501,1.628713501,1.628713501,1.628713501,1.628713501,,,
03/01/1963,1.663446348,1.663446348,1.663446348,1.663446348,1.663446348,1.663446348,,,
04/01/1963,1.69452028,1.69452028,1.69452028,1.69452028,1.69452028,1.69452028,,,
05/01/1963,1.729715739,1.729715739,1.729715739,1.729715739,1.729715739,1.729715739,,,
06/01/1963,1.762062866,1.762062866,1.762062866,1.762062866,1.762062866,1.762062866,,,
07/01/1963,1.786903275,1.786903275,1.786903275,1.786903275,1.786903275,1.786903275,,,
08/01/1963,1.817490228,1.817490228,1.817490228,1.817490228,1.817490228,1.817490228,,,
09/01/1963,1.845322356,1.845322356,1.845322356,1.845322356,1.845322356,1.845322356,,,
10/01/1963,1.882701186,1.882701186,1.882701186,1.882701186,1.882701186,1.882701186,,,
11/01/1963,1.917958401,1.917958401,1.917958401,1.917958401,1.917958401,1.917958401,,,
12/01/1963,1.946744875,1.946744875,1.946744875,1.946744875,1.946744875,1.946744875,,,
01/01/1964,1.97461273,1.97461273,1.97461273,1.97461273,1.97461273,1.97461273,,,
02/01/1964,2.005044625,2.005044625,2.005044625,2.005044625,2.005044625,2.005044625,,,
03/01/1964,2.032369751,2.032369751,2.032369751,2.032369751,2.032369751,2.032369751,,,
04/01/1964,2.063062448,2.063062448,2.063062448,2.063062448,2.063062448,2.063062448,,,
05/01/1964,2.076165028,2.076165028,2.076165028,2.076165028,2.076165028,2.076165028,,,
06/01/1964,2.10214852,2.10214852,2.10214852,2.10214852,2.10214852,2.10214852,,,
07/01/1964,2.115783864,2.115783864,2.115783864,2.115783864,2.115783864,2.115783864,,,
08/01/1964,2.132890019,2.132890019,2.132890019,2.132890019,2.132890019,2.132890019,,,
09/01/1964,2.14810987,2.14810987,2.14810987,2.14810987,2.14810987,2.14810987,,,
10/01/1964,2.162548014,2.162548014,2.162548014,2.162548014,2.162548014,2.162548014,,,
11/01/1964,2.177884047,2.177884047,2.177884047,2.177884047,2.177884047,2.177884047,,,
12/01/1964,2.186562436,2.186562436,2.186562436,2.186562436,2.186562436,2.186562436,,,
01/01/1965,2.197786198,2.197786198,2.197786198,2.197786198,2.197786198,2.197786198,,,
02/01/1965,2.204891705,2.204891705,2.204891705,2.204891705,2.204891705,2.204891705,,,
03/01/1965,2.215927462,2.215927462,2.215927462,2.215927462,2.215927462,2.215927462,,,
04/01/1965,2.225322204,2.225322204,2.225322204,2.225322204,2.225322204,2.225322204,,,
05/01/1965,2.234659481,2.234659481,2.234659481,2.234659481,2.234659481,2.234659481,,,
06/01/1965,2.243677343,2.243677343,2.243677343,2.243677343,2.243677343,2.243677343,,,
07/01/1965,2.25101314,2.25101314,2.25101314,2.25101314,2.25101314,2.25101314,,,
08/01/1965,2.253396314,2.253396314,2.253396314,2.253396314,2.253396314,2.253396314,,,
09/01/1965,2.25740309,2.25740309,2.25740309,2.25740309,2.25740309,2.25740309,,,
10/01/1965,2.263421806,2.263421806,2.263421806,2.263421806,2.263421806,2.263421806,,,
11/01/1965,2.264323071,2.264323071,2.264323071,2.264323071,2.264323071,2.264323071,,,
12/01/1965,2.267440043,2.267440043,2.267440043,2.267440043,2.267440043,2.267440043,,,
01/01/1966,2.271103399,2.271103399,2.271103399,2.271103399,2.271103399,2.271103399,,,
02/01/1966,2.277064999,2.277064999,2.277064999,2.277064999,2.277064999,2.277064999,,,
03/01/1966,2.279992664,2.279992664,2.279992664,2.279992664,2.279992664,2.279992664,,,
04/01/1966,2.284626888,2.284626888,2.284626888,2.284626888,2.284626888,2.284626888,,,
05/01/1966,2.296614236,2.296614236,2.296614236,2.296614236,2.296614236,2.296614236,,,
06/01/1966,2.305138733,2.305138733,2.305138733,2.305138733,2.305138733,2.305138733,,,
07/01/1966,2.317033683,2.317033683,2.317033683,2.317033683,2.317033683,2.317033683,,,
08/01/1966,2.324654323,2.324654323,2.324654323,2.324654323,2.324654323,2.324654323,,,
09/01/1966,2.331859246,2.331859246,2.331859246,2.331859246,2.331859246,2.331859246,,,
10/01/1966,2.34558633,2.34558633,2.34558633,2.34558633,2.34558633,2.34558633,,,
11/01/1966,2.354736893,2.354736893,2.354736893,2.354736893,2.354736893,2.354736893,,,
12/01/1966,2.365869226,2.365869226,2.365869226,2.365869226,2.365869226,2.365869226,,,
01/01/1967,2.372836185,2.372836185,2.372836185,2.372836185,2.372836185,2.372836185,,,
02/01/1967,2.378436859,2.378436859,2.378436859,2.378436859,2.378436859,2.378436859,,,
03/01/1967,2.384715031,2.384715031,2.384715031,2.384715031,2.384715031,2.384715031,,,
04/01/1967,2.391103787,2.391103787,2.391103787,2.391103787,2.391103787,2.391103787,,,
05/01/1967,2.399521632,2.399521632,2.399521632,2.399521632,2.399521632,2.399521632,,,
06/01/1967,2.409512886,2.409512886,2.409512886,2.409512886,2.409512886,2.409512886,,,
07/01/1967,2.419797183,2.419797183,2.419797183,2.419797183,2.419797183,2.419797183,,,
08/01/1967,2.427533189,2.427533189,2.427533189,2.427533189,2.427533189,2.427533189,,,
09/01/1967,2.432736855,2.432736855,2.432736855,2.432736855,2.432736855,2.432736855,,,
10/01/1967,2.440990137,2.440990137,2.440990137,2.440990137,2.440990137,2.440990137,,,
11/01/1967,2.452127375,2.452127375,2.452127375,2.452127375,2.452127375,2.452127375,,,
12/01/1967,2.462186164,2.462186164,2.462186164,2.462186164,2.462186164,2.462186164,,,
01/01/1968,2.46701672,2.46701672,2.46701672,2.46701672,2.46701672,2.46701672,,,
02/01/1968,2.477999521,2.477999521,2.477999521,2.477999521,2.477999521,2.477999521,,,
03/01/1968,2.491222582,2.491222582,2.491222582,2.491222582,2.491222582,2.491222582,,,
04/01/1968,2.501336128,2.501336128,2.501336128,2.501336128,2.501336128,2.501336128,,,
05/01/1968,2.509087602,2.509087602,2.509087602,2.509087602,2.509087602,2.509087602,,,
06/01/1968,2.512590212,2.512590212,2.512590212,2.512590212,2.512590212,2.512590212,,,
07/01/1968,2.511992284,2.511992284,2.511992284,2.511992284,2.511992284,2.511992284,,,
08/01/1968,2.518494203,2.518494203,2.518494203,2.518494203,2.518494203,2.518494203,,,
09/01/1968,2.514029104,2.514029104,2.514029104,2.514029104,2.514029104,2.514029104,,,
10/01/1968,2.513446578,2.513446578,2.513446578,2.513446578,2.513446578,2.513446578,,,
11/01/1968,2.51633376,2.51633376,2.51633376,2.51633376,2.51633376,2.51633376,,,
12/01/1968,2.516212684,2.516212684,2.516212684,2.516212684,2.516212684,2.516212684,,,
01/01/1969,2.520746913,2.520746913,2.520746913,2.520746913,2.520746913,2.520746913,,,
02/01/1969,2.521383959,2.521383959,2.521383959,2.521383959,2.521383959,2.521383959,,,
03/01/1969,2.52303387,2.52303387,2.52303387,2.52303387,2.52303387,2.52303387,,,
04/01/1969,2.526094092,2.526094092,2.526094092,2.526094092,2.526094092,2.526094092,,,
05/01/1969,2.529441625,2.529441625,2.529441625,2.529441625,2.529441625,2.529441625,,,
06/01/1969,2.528305246,2.528305246,2.528305246,2.528305246,2.528305246,2.528305246,,,
07/01/1969,2.531366436,2.531366436,2.531366436,2.531366436,2.531366436,2.531366436,,,
08/01/1969,2.536776986,2.536776986,2.536776986,2.536776986,2.536776986,2.536776986,,,
09/01/1969,2.537996869,2.537996869,2.537996869,2.537996869,2.537996869,2.537996869,,,
10/01/1969,2.543746042,2.543746042,2.543746042,2.543746042,2.543746042,2.543746042,,,
11/01/1969,2.543822593,2.543822593,2.543822593,2.543822593,2.543822593,2.543822593,,,
12/01/1969,2.544799423,2.544799423,2.544799423,2.544799423,2.544799423,2.544799423,,,
01/01/1970,2.54566324,2.54566324,2.54566324,2.54566324,2.54566324,2.54566324,,,
02/01/1970,2.550180639,2.550180639,2.550180639,2.550180639,2.550180639,2.550180639,,,
03/01/1970,2.549437255,2.549437255,2.549437255,2.549437255,2.549437255,2.549437255,,,
04/01/1970,2.550663398,2.550663398,2.550663398,2.550663398,2.550663398,2.550663398,,,
05/01/1970,2.552537094,2.552537094,2.552537094,2.552537094,2.552537094,2.552537094,,,
06/01/1970,2.556167076,2.556167076,2.556167076,2.556167076,2.556167076,2.556167076,,,
07/01/1970,2.558610573,2.558610573,2.558610573,2.558610573,2.558610573,2.558610573,,,
08/01/1970,2.564358379,2.564358379,2.564358379,2.564358379,2.564358379,2.564358379,,,
09/01/1970,2.56889954,2.56889954,2.56889954,2.56889954,2.56889954,2.56889954,,,
10/01/1970,2.576577481,2.576577481,2.576577481,2.576577481,2.576577481,2.576577481,,,
11/01/1970,2.57906437,2.57906437,2.57906437,2.57906437,2.57906437,2.57906437,,,
12/01/1970,2.581841,2.581841,2.581841,2.581841,2.581841,2.581841,,,
01/01/1971,2.584925361,2.584925361,2.584925361,2.584925361,2.584925361,2.584925361,,,
02/01/1971,2.588274094,2.588274094,2.588274094,2.588274094,2.588274094,2.588274094,,,
03/01/1971,2.588162975,2.588162975,2.588162975,2.588162975,2.588162975,2.588162975,,,
04/01/1971,2.587864237,2.587864237,2.587864237,2.587864237,2.587864237,2.587864237,,,
05/01/1971,2.590073188,2.590073188,2.590073188,2.590073188,2.590073188,2.590073188,,,
06/01/1971,2.593495651,2.593495651,2.593495651,2.593495651,2.593495651,2.593495651,,,
07/01/1971,2.595372462,2.595372462,2.595372462,2.595372462,2.595372462,2.595372462,,,
08/01/1971,2.597865435,2.597865435,2.597865435,2.597865435,2.597865435,2.597865435,,,
09/01/1971,2.606080094,2.606080094,2.606080094,2.606080094,2.606080094,2.606080094,,,
10/01/1971,2.610736499,2.610736499,2.610736499,2.610736499,2.610736499,2.610736499,,,
11/01/1971,2.61319572,2.61319572,2.61319572,2.61319572,2.61319572,2.61319572,,,
12/01/1971,2.609226374,2.609226374,2.609226374,2.609226374,2.609226374,2.609226374,,,
01/01/1972,2.612595758,2.612595758,2.612595758,2.612595758,2.612595758,2.612595758,,,
02/01/1972,2.614457269,2.614457269,2.614457269,2.614457269,2.614457269,2.614457269,,,
03/01/1972,2.612173216,2.612173216,2.612173216,2.612173216,2.612173216,2.612173216,,,
04/01/1972,2.612369419,2.612369419,2.612369419,2.612369419,2.612369419,2.612369419,,,
05/01/1972,2.613163772,2.613163772,2.613163772,2.613163772,2.613163772,2.613163772,,,
06/01/1972,2.61626739,2.61626739,2.61626739,2.61626739,2.61626739,2.61626739,,,
07/01/1972,2.618931983,2.618931983,2.618931983,2.618931983,2.618931983,2.618931983,,,
08/01/1972,2.621382431,2.621382431,2.621382431,2.621382431,2.621382431,2.621382431,,,
09/01/1972,2.620049993,2.620049993,2.620049993,2.620049993,2.620049993,2.620049993,,,
10/01/1972,2.62373086,2.62373086,2.62373086,2.62373086,2.62373086,2.62373086,,,
11/01/1972,2.627343824,2.627343824,2.627343824,2.627343824,2.627343824,2.627343824,,,
12/01/1972,2.628220714,2.628220714,2.628220714,2.628220714,2.628220714,2.628220714,,,
01/01/1973,2.628534879,2.628534879,2.628534879,2.628534879,2.628534879,2.628534879,,,
02/01/1973,2.626584015,2.626584015,2.626584015,2.626584015,2.626584015,2.626584015,,,
03/01/1973,2.625414488,2.625414488,2.625414488,2.625414488,2.625414488,2.625414488,,,
04/01/1973,2.626186065,2.626186065,2.626186065,2.626186065,2.626186065,2.626186065,,,
05/01/1973,2.630472916,2.630472916,2.630472916,2.630472916,2.630472916,2.630472916,,,
06/01/1973,2.634499962,2.634499962,2.634499962,2.634499962,2.634499962,2.634499962,,,
07/01/1973,2.637672612,2.637672612,2.637672612,2.637672612,2.637672612,2.637672612,,,
08/01/1973,2.638580407,2.638580407,2.638580407,2.638580407,2.638580407,2.638580407,,,
09/01/1973,2.639436354,2.639436354,2.639436354,2.639436354,2.639436354,2.639436354,,,
10/01/1973,2.644586215,2.644586215,2.644586215,2.644586215,2.644586215,2.644586215,,,
11/01/1973,2.650672993,2.650672993,2.650672993,2.650672993,2.650672993,2.650672993,,,
12/01/1973,2.656617287,2.656617287,2.656617287,2.656617287,2.656617287,2.656617287,,,
01/01/1974,2.661510286,2.661510286,2.661510286,2.661510286,2.661510286,2.661510286,,,
02/01/1974,2.669385775,2.669385775,2.669385775,2.669385775,2.669385775,2.669385775,,,
03/01/1974,2.676233442,2.676233442,2.676233442,2.676233442,2.676233442,2.676233442,,,
04/01/1974,2.683934211,2.683934211,2.683934211,2.683934211,2.683934211,2.683934211,,,
05/01/1974,2.690367754,2.690367754,2.690367754,2.690367754,2.690367754,2.690367754,,,
06/01/1974,2.700464786,2.700464786,2.700464786,2.700464786,2.700464786,2.700464786,,,
07/01/1974,2.711945085,2.711945085,2.711945085,2.711945085,2.711945085,2.711945085,,,
08/01/1974,2.724246028,2.724246028,2.724246028,2.724246028,2.724246028,2.724246028,,,
09/01/1974,2.736571893,2.736571893,2.736571893,2.736571893,2.736571893,2.736571893,,,
10/01/1974,2.749185037,2.749185037,2.749185037,2.749185037,2.749185037,2.749185037,,,
11/01/1974,2.775517499,2.775517499,2.775517499,2.775517499,2.775517499,2.775517499,,,
12/01/1974,2.78739873,2.78739873,2.78739873,2.78739873,2.78739873,2.78739873,,,
01/01/1975,2.805234808,2.805234808,2.805234808,2.805234808,2.805234808,2.805234808,,,
02/01/1975,2.828957288,2.828957288,2.828957288,2.828957288,2.828957288,2.828957288,,,
03/01/1975,2.862009955,2.862009955,2.862009955,2.862009955,2.862009955,2.862009955,,,
04/01/1975,2.904723839,2.904723839,2.904723839,2.904723839,2.904723839,2.904723839,,,
05/01/1975,2.939020985,2.939020985,2.939020985,2.939020985,2.939020985,2.939020985,,,
06/01/1975,2.970309346,2.970309346,2.970309346,2.970309346,2.970309346,2.970309346,,,
07/01/1975,2.994742796,2.994742796,2.994742796,2.994742796,2.994742796,2.994742796,,,
08/01/1975,3.016510664,3.016510664,3.016510664,3.016510664,3.016510664,3.016510664,,,
09/01/1975,3.036141731,3.036141731,3.036141731,3.036141731,3.036141731,3.036141731,,,
10/01/1975,3.04670205,3.04670205,3.04670205,3.04670205,3.04670205,3.04670205,,,
11/01/1975,3.058165613,3.058165613,3.058165613,3.058165613,3.058165613,3.058165613,,,
12/01/1975,3.067157687,3.067157687,3.067157687,3.067157687,3.067157687,3.067157687,,,
01/01/1976,3.075607432,3.075607432,3.075607432,3.075607432,3.075607432,3.075607432,,,
02/01/1976,3.087083317,3.087083317,3.087083317,3.087083317,3.087083317,3.087083317,,,
03/01/1976,3.095081911,3.095081911,3.095081911,3.095081911,3.095081911,3.095081911,,,
04/01/1976,3.107982241,3.107982241,3.107982241,3.107982241,3.107982241,3.107982241,,,
05/01/1976,3.117593647,3.117593647,3.117593647,3.117593647,3.117593647,3.117593647,,,
06/01/1976,3.124435321,3.124435321,3.124435321,3.124435321,3.124435321,3.124435321,,,
07/01/1976,3.129868167,3.129868167,3.129868167,3.129868167,3.129868167,3.129868167,,,
08/01/1976,3.136647107,3.136647107,3.136647107,3.136647107,3.136647107,3.136647107,,,
09/01/1976,3.140290909,3.140290909,3.140290909,3.140290909,3.140290909,3.140290909,,,
10/01/1976,3.143287754,3.143287754,3.143287754,3.143287754,3.143287754,3.143287754,,,
11/01/1976,3.148004299,3.148004299,3.148004299,3.148004299,3.148004299,3.148004299,,,
12/01/1976,3.152482272,3.152482272,3.152482272,3.152482272,3.152482272,3.152482272,,,
01/01/1977,3.154148749,3.154148749,3.154148749,3.154148749,3.154148749,3.154148749,,,
02/01/1977,3.158707726,3.158707726,3.158707726,3.158707726,3.158707726,3.158707726,,,
03/01/1977,3.16532605,3.16532605,3.16532605,3.16532605,3.16532605,3.16532605,,,
04/01/1977,3.173865964,3.173865964,3.173865964,3.173865964,3.173865964,3.173865964,,,
05/01/1977,3.182528598,3.182528598,3.182528598,3.182528598,3.182528598,3.182528598,,,
06/01/1977,3.195282067,3.195282067,3.195282067,3.195282067,3.195282067,3.195282067,,,
07/01/1977,3.205560165,3.205560165,3.205560165,3.205560165,3.205560165,3.205560165,,,
08/01/1977,3.220081302,3.220081302,3.220081302,3.220081302,3.220081302,3.220081302,,,
09/01/1977,3.240986994,3.240986994,3.240986994,3.240986994,3.240986994,3.240986994,,,
10/01/1977,3.261127869,3.261127869,3.261127869,3.261127869,3.261127869,3.261127869,,,
11/01/1977,3.287815953,3.287815953,3.287815953,3.287815953,3.287815953,3.287815953,,,
12/01/1977,3.315957872,3.315957872,3.315957872,3.315957872,3.315957872,3.315957872,,,
01/01/1978,3.337327935,3.337327935,3.337327935,3.337327935,3.337327935,3.337327935,,,
02/01/1978,3.357074239,3.357074239,3.357074239,3.357074239,3.357074239,3.357074239,,,
03/01/1978,3.376212505,3.376212505,3.376212505,3.376212505,3.376212505,3.376212505,,,
04/01/1978,3.390006882,3.390006882,3.390006882,3.390006882,3.390006882,3.390006882,,,
05/01/1978,3.396722621,3.396722621,3.396722621,3.396722621,3.396722621,3.396722621,,,
06/01/1978,3.400729131,3.400729131,3.400729131,3.400729131,3.400729131,3.400729131,,,
07/01/1978,3.399709738,3.399709738,3.399709738,3.399709738,3.399709738,3.399709738,,,
08/01/1978,3.394442154,3.394442154,3.394442154,3.394442154,3.394442154,3.394442154,,,
09/01/1978,3.39239771,3.39239771,3.39239771,3.39239771,3.39239771,3.39239771,,,
10/01/1978,3.389149584,3.389149584,3.389149584,3.389149584,3.389149584,3.389149584,,,
11/01/1978,3.38338628,3.38338628,3.38338628,3.38338628,3.38338628,3.38338628,,,
12/01/1978,3.377635365,3.377635365,3.377635365,3.377635365,3.377635365,3.377635365,,,
01/01/1979,3.37629442,3.37629442,3.37629442,3.37629442,3.37629442,3.37629442,,,
02/01/1979,3.376131485,3.376131485,3.376131485,3.376131485,3.376131485,3.376131485,,,
03/01/1979,3.379951675,3.379951675,3.379951675,3.379951675,3.379951675,3.379951675,,,
04/01/1979,3.380063531,3.380063531,3.380063531,3.380063531,3.380063531,3.380063531,,,
05/01/1979,3.379983843,3.379983843,3.379983843,3.379983843,3.379983843,3.379983843,,,
06/01/1979,3.38139329,3.38139329,3.38139329,3.38139329,3.38139329,3.38139329,,,
07/01/1979,3.383856679,3.383856679,3.383856679,3.383856679,3.383856679,3.383856679,,,
08/01/1979,3.388272986,3.388272986,3.388272986,3.388272986,3.388272986,3.388272986,,,
09/01/1979,3.384507663,3.384507663,3.384507663,3.384507663,3.384507663,3.384507663,,,
10/01/1979,3.38312657,3.38312657,3.38312657,3.38312657,3.38312657,3.38312657,,,
11/01/1979,3.384304777,3.384304777,3.384304777,3.384304777,3.384304777,3.384304777,,,
12/01/1979,3.381207955,3.381207955,3.381207955,3.381207955,3.381207955,3.381207955,,,
01/01/1980,3.380187886,3.380187886,3.380187886,3.380187886,3.380187886,3.380187886,,,
02/01/1980,3.381711072,3.381711072,3.381711072,3.381711072,3.381711072,3.381711072,,,
03/01/1980,3.380707596,3.380707596,3.380707596,3.380707596,3.380707596,3.380707596,,,
04/01/1980,3.384065021,3.384065021,3.384065021,3.384065021,3.384065021,3.384065021,,,
05/01/1980,3.384491538,3.384491538,3.384491538,3.384491538,3.384491538,3.384491538,,,
06/01/1980,3.385748852,3.385748852,3.385748852,3.385748852,3.385748852,3.385748852,,,
07/01/1980,3.385310036,3.385310036,3.385310036,3.385310036,3.385310036,3.385310036,,,
08/01/1980,3.388836599,3.388836599,3.388836599,3.388836599,3.388836599,3.388836599,,,
09/01/1980,3.390388832,3.390388832,3.390388832,3.390388832,3.390388832,3.390388832,,,
10/01/1980,3.393336503,3.393336503,3.393336503,3.393336503,3.393336503,3.393336503,,,
11/01/1980,3.398267234,3.398267234,3.398267234,3.398267234,3.398267234,3.398267234,,,
12/01/1980,3.402307891,3.402307891,3.402307891,3.402307891,3.402307891,3.402307891,,,
01/01/1981,3.408771836,3.408771836,3.408771836,3.408771836,3.408771836,3.408771836,,,
02/01/1981,3.413097628,3.413097628,3.413097628,3.413097628,3.413097628,3.413097628,,,
03/01/1981,3.416707711,3.416707711,3.416707711,3.416707711,3.416707711,3.416707711,,,
04/01/1981,3.422244926,3.422244926,3.422244926,3.422244926,3.422244926,3.422244926,,,
05/01/1981,3.42564164,3.42564164,3.42564164,3.42564164,3.42564164,3.42564164,,,
06/01/1981,3.427270073,3.427270073,3.427270073,3.427270073,3.427270073,3.427270073,,,
07/01/1981,3.430045288,3.430045288,3.430045288,3.430045288,3.430045288,3.430045288,,,
08/01/1981,3.430226835,3.430226835,3.430226835,3.430226835,3.430226835,3.430226835,,,
09/01/1981,3.433050499,3.433050499,3.433050499,3.433050499,3.433050499,3.433050499,,,
10/01/1981,3.433535374,3.433535374,3.433535374,3.433535374,3.433535374,3.433535374,,,
11/01/1981,3.434022928,3.434022928,3.434022928,3.434022928,3.434022928,3.434022928,,,
12/01/1981,3.435496795,3.435496795,3.435496795,3.435496795,3.435496795,3.435496795,,,
01/01/1982,3.435743023,3.435743023,3.435743023,3.435743023,3.435743023,3.435743023,,,
02/01/1982,3.438640588,3.438640588,3.438640588,3.438640588,3.438640588,3.438640588,,,
03/01/1982,3.440421653,3.440421653,3.440421653,3.440421653,3.440421653,3.440421653,,,
04/01/1982,3.443239065,3.443239065,3.443239065,3.443239065,3.443239065,3.443239065,,,
05/01/1982,3.438579583,3.438579583,3.438579583,3.438579583,3.438579583,3.438579583,,,
06/01/1982,3.432505083,3.432505083,3.432505083,3.432505083,3.432505083,3.432505083,,,
07/01/1982,3.427227214,3.427227214,3.427227214,3.427227214,3.427227214,3.427227214,,,
08/01/1982,3.424332104,3.424332104,3.424332104,3.424332104,3.424332104,3.424332104,,,
09/01/1982,3.419865437,3.419865437,3.419865437,3.419865437,3.419865437,3.419865437,,,
10/01/1982,3.413494532,3.413494532,3.413494532,3.413494532,3.413494532,3.413494532,,,
11/01/1982,3.40127906,3.40127906,3.40127906,3.40127906,3.40127906,3.40127906,,,
12/01/1982,3.397020949,3.397020949,3.397020949,3.397020949,3.397020949,3.397020949,,,
01/01/1983,3.395385743,3.395385743,3.395385743,3.395385743,3.395385743,3.395385743,,,
02/01/1983,3.393005822,3.393005822,3.393005822,3.393005822,3.393005822,3.393005822,,,
03/01/1983,3.389724171,3.389724171,3.389724171,3.389724171,3.389724171,3.389724171,,,
04/01/1983,3.388209022,3.388209022,3.388209022,3.388209022,3.388209022,3.388209022,,,
05/01/1983,3.382353123,3.382353123,3.382353123,3.382353123,3.382353123,3.382353123,,,
06/01/1983,3.380432183,3.380432183,3.380432183,3.380432183,3.380432183,3.380432183,,,
07/01/1983,3.378534645,3.378534645,3.378534645,3.378534645,3.378534645,3.378534645,,,
08/01/1983,3.379229548,3.379229548,3.379229548,3.379229548,3.379229548,3.379229548,,,
09/01/1983,3.381105613,3.381105613,3.381105613,3.381105613,3.381105613,3.381105613,,,
10/01/1983,3.379687405,3.379687405,3.379687405,3.379687405,3.379687405,3.379687405,,,
11/01/1983,3.378055707,3.378055707,3.378055707,3.378055707,3.378055707,3.378055707,,,
12/01/1983,3.377840385,3.377840385,3.377840385,3.377840385,3.377840385,3.377840385,,,
01/01/1984,3.381910269,3.381910269,3.381910269,3.381910269,3.381910269,3.381910269,,,
02/01/1984,3.38520868,3.38520868,3.38520868,3.38520868,3.38520868,3.38520868,,,
03/01/1984,3.388060296,3.388060296,3.388060296,3.388060296,3.388060296,3.388060296,,,
04/01/1984,3.389024497,3.389024497,3.389024497,3.389024497,3.389024497,3.389024497,,,
05/01/1984,3.390339867,3.390339867,3.390339867,3.390339867,3.390339867,3.390339867,,,
06/01/1984,3.389822547,3.389822547,3.389822547,3.389822547,3.389822547,3.389822547,,,
07/01/1984,3.390512921,3.390512921,3.390512921,3.390512921,3.390512921,3.390512921,,,
08/01/1984,3.390167978,3.390167978,3.390167978,3.390167978,3.390167978,3.390167978,,,
09/01/1984,3.393955192,3.393955192,3.393955192,3.393955192,3.393955192,3.393955192,,,
10/01/1984,3.396067659,3.396067659,3.396067659,3.396067659,3.396067659,3.396067659,,,
11/01/1984,3.399931703,3.399931703,3.399931703,3.399931703,3.399931703,3.399931703,,,
12/01/1984,3.40550982,3.40550982,3.40550982,3.40550982,3.40550982,3.40550982,,,
01/01/1985,3.414291894,3.414291894,3.414291894,3.414291894,3.414291894,3.414291894,,,
02/01/1985,3.423792582,3.423792582,3.423792582,3.423792582,3.423792582,3.423792582,,,
03/01/1985,3.433362316,3.433362316,3.433362316,3.433362316,3.433362316,3.433362316,,,
04/01/1985,3.446209354,3.446209354,3.446209354,3.446209354,3.446209354,3.446209354,,,
05/01/1985,3.454344006,3.454344006,3.454344006,3.454344006,3.454344006,3.454344006,,,
06/01/1985,3.457159823,3.457159823,3.457159823,3.457159823,3.457159823,3.457159823,,,
07/01/1985,3.458553379,3.458553379,3.458553379,3.458553379,3.458553379,3.458553379,,,
08/01/1985,3.457336842,3.457336842,3.457336842,3.457336842,3.457336842,3.457336842,,,
09/01/1985,3.456858987,3.456858987,3.456858987,3.456858987,3.456858987,3.456858987,,,
10/01/1985,3.451171393,3.451171393,3.451171393,3.451171393,3.451171393,3.451171393,,,
11/01/1985,3.449755826,3.449755826,3.449755826,3.449755826,3.449755826,3.449755826,,,
12/01/1985,3.448569686,3.448569686,3.448569686,3.448569686,3.448569686,3.448569686,,,
01/01/1986,3.446790188,3.446790188,3.446790188,3.446790188,3.446790188,3.446790188,,,
02/01/1986,3.440974387,3.440974387,3.440974387,3.440974387,3.440974387,3.440974387,,,
03/01/1986,3.440518656,3.440518656,3.440518656,3.440518656,3.440518656,3.440518656,,,
04/01/1986,3.436375404,3.436375404,3.436375404,3.436375404,3.436375404,3.436375404,,,
05/01/1986,3.43781075,3.43781075,3.43781075,3.43781075,3.43781075,3.43781075,,,
06/01/1986,3.43953435,3.43953435,3.43953435,3.43953435,3.43953435,3.43953435,,,
07/01/1986,3.441928103,3.441928103,3.441928103,3.441928103,3.441928103,3.441928103,,,
08/01/1986,3.442091082,3.442091082,3.442091082,3.442091082,3.442091082,3.442091082,,,
09/01/1986,3.445465955,3.445465955,3.445465955,3.445465955,3.445465955,3.445465955,,,
10/01/1986,3.445725033,3.445725033,3.445725033,3.445725033,3.445725033,3.445725033,,,
11/01/1986,3.447319968,3.447319968,3.447319968,3.447319968,3.447319968,3.447319968,,,
12/01/1986,3.446937611,3.446937611,3.446937611,3.446937611,3.446937611,3.446937611,,,
01/01/1987,3.4481343,3.4481343,3.4481343,3.4481343,3.4481343,3.4481343,,,
02/01/1987,3.452671703,3.452671703,3.452671703,3.452671703,3.452671703,3.452671703,,,
03/01/1987,3.45877712,3.45877712,3.45877712,3.45877712,3.45877712,3.45877712,,,
04/01/1987,3.464379044,3.464379044,3.464379044,3.464379044,3.464379044,3.464379044,,,
05/01/1987,3.470580023,3.470580023,3.470580023,3.470580023,3.470580023,3.470580023,,,
06/01/1987,3.477484622,3.477484622,3.477484622,3.477484622,3.477484622,3.477484622,,,
07/01/1987,3.481763256,3.481763256,3.481763256,3.481763256,3.481763256,3.481763256,,,
08/01/1987,3.488553869,3.488553869,3.488553869,3.488553869,3.488553869,3.488553869,,,
09/01/1987,3.491771609,3.491771609,3.491771609,3.491771609,3.491771609,3.491771609,,,
10/01/1987,3.49585394,3.49585394,3.49585394,3.49585394,3.49585394,3.49585394,,,
11/01/1987,3.503089467,3.503089467,3.503089467,3.503089467,3.503089467,3.503089467,,,
12/01/1987,3.507434188,3.507434188,3.507434188,3.507434188,3.507434188,3.507434188,,,
01/01/1988,3.514009655,3.514009655,3.514009655,3.514009655,3.514009655,3.514009655,,,
02/01/1988,3.522340035,3.522340035,3.522340035,3.522340035,3.522340035,3.522340035,,,
03/01/1988,3.531719595,3.531719595,3.531719595,3.531719595,3.531719595,3.531719595,,,
04/01/1988,3.539297304,3.539297304,3.539297304,3.539297304,3.539297304,3.539297304,,,
05/01/1988,3.545194825,3.545194825,3.545194825,3.545194825,3.545194825,3.545194825,,,
06/01/1988,3.547833703,3.547833703,3.547833703,3.547833703,3.547833703,3.547833703,,,
07/01/1988,3.548871031,3.548871031,3.548871031,3.548871031,3.548871031,3.548871031,,,
08/01/1988,3.55234081,3.55234081,3.55234081,3.55234081,3.55234081,3.55234081,,,
09/01/1988,3.553910456,3.553910456,3.553910456,3.553910456,3.553910456,3.553910456,,,
10/01/1988,3.551497806,3.551497806,3.551497806,3.551497806,3.551497806,3.551497806,,,
11/01/1988,3.551207112,3.551207112,3.551207112,3.551207112,3.551207112,3.551207112,,,
12/01/1988,3.553842764,3.553842764,3.553842764,3.553842764,3.553842764,3.553842764,,,
01/01/1989,3.55836231,3.55836231,3.55836231,3.55836231,3.55836231,3.55836231,,,
02/01/1989,3.565187105,3.565187105,3.565187105,3.565187105,3.565187105,3.565187105,,,
03/01/1989,3.570998955,3.570998955,3.570998955,3.570998955,3.570998955,3.570998955,,,
04/01/1989,3.576261315,3.576261315,3.576261315,3.576261315,3.576261315,3.576261315,,,
05/01/1989,3.580322823,3.580322823,3.580322823,3.580322823,3.580322823,3.580322823,,,
06/01/1989,3.584314769,3.584314769,3.584314769,3.584314769,3.584314769,3.584314769,,,
07/01/1989,3.590423412,3.590423412,3.590423412,3.590423412,3.590423412,3.590423412,,,
08/01/1989,3.591128047,3.591128047,3.591128047,3.591128047,3.591128047,3.591128047,,,
09/01/1989,3.594659438,3.594659438,3.594659438,3.594659438,3.594659438,3.594659438,,,
10/01/1989,3.59467559,3.59467559,3.59467559,3.59467559,3.59467559,3.59467559,,,
11/01/1989,3.593869942,3.593869942,3.593869942,3.593869942,3.593869942,3.593869942,,,
12/01/1989,3.595067473,3.595067473,3.595067473,3.595067473,3.595067473,3.595067473,,,
01/01/1990,3.596843683,3.596843683,3.596843683,3.596843683,3.596843683,3.596843683,,,
02/01/1990,3.599882372,3.599882372,3.599882372,3.599882372,3.599882372,3.599882372,,,
03/01/1990,3.604250447,3.604250447,3.604250447,3.604250447,3.604250447,3.604250447,,,
04/01/1990,3.604642693,3.604642693,3.604642693,3.604642693,3.604642693,3.604642693,,,
05/01/1990,3.606505193,3.606505193,3.606505193,3.606505193,3.606505193,3.606505193,,,
06/01/1990,3.609257807,3.609257807,3.609257807,3.609257807,3.609257807,3.609257807,,,
07/01/1990,3.616202679,3.616202679,3.616202679,3.616202679,3.616202679,3.616202679,,,
08/01/1990,3.622522418,3.622522418,3.622522418,3.622522418,3.622522418,3.622522418,,,
09/01/1990,3.629464326,3.629464326,3.629464326,3.629464326,3.629464326,3.629464326,,,
10/01/1990,3.638217311,3.638217311,3.638217311,3.638217311,3.638217311,3.638217311,,,
11/01/1990,3.65011822,3.65011822,3.65011822,3.65011822,3.65011822,3.65011822,,,
12/01/1990,3.656898825,3.656898825,3.656898825,3.656898825,3.656898825,3.656898825,,,
01/01/1991,3.659062572,3.659062572,3.659062572,3.659062572,3.659062572,3.659062572,,,
02/01/1991,3.661896714,3.661896714,3.661896714,3.661896714,3.661896714,3.661896714,,,
03/01/1991,3.666326768,3.666326768,3.666326768,3.666326768,3.666326768,3.666326768,,,
04/01/1991,3.672805807,3.672805807,3.672805807,3.672805807,3.672805807,3.672805807,,,
05/01/1991,3.682971608,3.682971608,3.682971608,3.682971608,3.682971608,3.682971608,,,
06/01/1991,3.693329229,3.693329229,3.693329229,3.693329229,3.693329229,3.693329229,,,
07/01/1991,3.704265565,3.704265565,3.704265565,3.704265565,3.704265565,3.704265565,,,
08/01/1991,3.716411913,3.716411913,3.716411913,3.716411913,3.716411913,3.716411913,,,
09/01/1991,3.728503888,3.728503888,3.728503888,3.728503888,3.728503888,3.728503888,,,
10/01/1991,3.741103226,3.741103226,3.741103226,3.741103226,3.741103226,3.741103226,,,
11/01/1991,3.747657471,3.747657471,3.747657471,3.747657471,3.747657471,3.747657471,,,
12/01/1991,3.760533037,3.760533037,3.760533037,3.760533037,3.760533037,3.760533037,,,
01/01/1992,3.773934313,3.773934313,3.773934313,3.773934313,3.773934313,3.773934313,,,
02/01/1992,3.788421319,3.788421319,3.788421319,3.788421319,3.788421319,3.788421319,,,
03/01/1992,3.797808751,3.797808751,3.797808751,3.797808751,3.797808751,3.797808751,,,
04/01/1992,3.812014869,3.812014869,3.812014869,3.812014869,3.812014869,3.812014869,,,
05/01/1992,3.835812685,3.835812685,3.835812685,3.835812685,3.835812685,3.835812685,,,
06/01/1992,3.855208293,3.855208293,3.855208293,3.855208293,3.855208293,3.855208293,,,
07/01/1992,3.87965892,3.87965892,3.87965892,3.87965892,3.87965892,3.87965892,,,
08/01/1992,3.903062048,3.903062048,3.903062048,3.903062048,3.903062048,3.903062048,,,
09/01/1992,3.932766199,3.932766199,3.932766199,3.932766199,3.932766199,3.932766199,,,
10/01/1992,3.953921301,3.953921301,3.953921301,3.953921301,3.953921301,3.953921301,,,
11/01/1992,3.985890961,3.985890961,3.985890961,3.985890961,3.985890961,3.985890961,,,
12/01/1992,4.013901831,4.013901831,4.013901831,4.013901831,4.013901831,4.013901831,,,
01/01/1993,4.044046628,4.044046628,4.044046628,4.044046628,4.044046628,4.044046628,,,
02/01/1993,4.069444126,4.069444126,4.069444126,4.069444126,4.069444126,4.069444126,,,
03/01/1993,4.096661392,4.096661392,4.096661392,4.096661392,4.096661392,4.096661392,,,
04/01/1993,4.127311879,4.127311879,4.127311879,4.127311879,4.127311879,4.127311879,,,
05/01/1993,4.153431722,4.153431722,4.153431722,4.153431722,4.153431722,4.153431722,,,
06/01/1993,4.176280352,4.176280352,4.176280352,4.176280352,4.176280352,4.176280352,,,
07/01/1993,4.197089269,4.197089269,4.197089269,4.197089269,4.197089269,4.197089269,,,
08/01/1993,4.21567004,4.21567004,4.21567004,4.21567004,4.21567004,4.21567004,,,
09/01/1993,4.23161734,4.23161734,4.23161734,4.23161734,4.23161734,4.23161734,,,
10/01/1993,4.244433623,4.244433623,4.244433623,4.244433623,4.244433623,4.244433623,,,
11/01/1993,4.255538462,4.255538462,4.255538462,4.255538462,4.255538462,4.255538462,,,
12/01/1993,4.264474523,4.264474523,4.264474523,4.264474523,4.264474523,4.264474523,,,
01/01/1994,4.275402095,4.275402095,4.275402095,4.275402095,4.275402095,4.275402095,,,
02/01/1994,4.289822204,4.289822204,4.289822204,4.289822204,4.289822204,4.289822204,,,
03/01/1994,4.305831456,4.305831456,4.305831456,4.305831456,4.305831456,4.305831456,,,
04/01/1994,4.32346321,4.32346321,4.32346321,4.32346321,4.32346321,4.32346321,,,
05/01/1994,4.339755839,4.339755839,4.339755839,4.339755839,4.339755839,4.339755839,,,
06/01/1994,4.361665074,4.361665074,4.361665074,4.361665074,4.361665074,4.361665074,,,
07/01/1994,4.377623121,4.377623121,4.377623121,4.377623121,4.377623121,4.377623121,,,
08/01/1994,4.39034443,4.39034443,4.39034443,4.39034443,4.39034443,4.39034443,,,
09/01/1994,4.400752596,4.400752596,4.400752596,4.400752596,4.400752596,4.400752596,,,
10/01/1994,4.412547369,4.412547369,4.412547369,4.412547369,4.412547369,4.412547369,,,
11/01/1994,4.423290014,4.423290014,4.423290014,4.423290014,4.423290014,4.423290014,,,
12/01/1994,4.433511618,4.433511618,4.433511618,4.433511618,4.433511618,4.433511618,,,
01/01/1995,4.445523107,4.445523107,4.445523107,4.445523107,4.445523107,4.445523107,,,
02/01/1995,4.455330424,4.455330424,4.455330424,4.455330424,4.455330424,4.455330424,,,
03/01/1995,4.468146172,4.468146172,4.468146172,4.468146172,4.468146172,4.468146172,,,
04/01/1995,4.484768156,4.484768156,4.484768156,4.484768156,4.484768156,4.484768156,,,
05/01/1995,4.503098753,4.503098753,4.503098753,4.503098753,4.503098753,4.503098753,,,
06/01/1995,4.516686821,4.516686821,4.516686821,4.516686821,4.516686821,4.516686821,,,
07/01/1995,4.525788075,4.525788075,4.525788075,4.525788075,4.525788075,4.525788075,,,
08/01/1995,4.532560009,4.532560009,4.532560009,4.532560009,4.532560009,4.532560009,,,
09/01/1995,4.536334013,4.536334013,4.536334013,4.536334013,4.536334013,4.536334013,,,
10/01/1995,4.541061406,4.541061406,4.541061406,4.541061406,4.541061406,4.541061406,,,
11/01/1995,4.541087656,4.541087656,4.541087656,4.541087656,4.541087656,4.541087656,,,
12/01/1995,4.541904675,4.541904675,4.541904675,4.541904675,4.541904675,4.541904675,,,
01/01/1996,4.542287351,4.542287351,4.542287351,4.542287351,4.542287351,4.542287351,,,
02/01/1996,4.544968635,4.544968635,4.544968635,4.544968635,4.544968635,4.544968635,,,
03/01/1996,4.548220599,4.548220599,4.548220599,4.548220599,4.548220599,4.548220599,,,
04/01/1996,4.551093799,4.551093799,4.551093799,4.551093799,4.551093799,4.551093799,,,
05/01/1996,4.554737072,4.554737072,4.554737072,4.554737072,4.554737072,4.554737072,,,
06/01/1996,4.557693371,4.557693371,4.557693371,4.557693371,4.557693371,4.557693371,,,
07/01/1996,4.558772119,4.558772119,4.558772119,4.558772119,4.558772119,4.558772119,,,
08/01/1996,4.562272343,4.562272343,4.562272343,4.562272343,4.562272343,4.562272343,,,
09/01/1996,4.562549533,4.562549533,4.562549533,4.562549533,4.562549533,4.562549533,,,
10/01/1996,4.563934253,4.563934253,4.563934253,4.563934253,4.563934253,4.563934253,,,
11/01/1996,4.56120046,4.56120046,4.56120046,4.56120046,4.56120046,4.56120046,,,
12/01/1996,4.560544306,4.560544306,4.560544306,4.560544306,4.560544306,4.560544306,,,
01/01/1997,4.555975407,4.555975407,4.555975407,4.555975407,4.555975407,4.555975407,,,
02/01/1997,4.545804654,4.545804654,4.545804654,4.545804654,4.545804654,4.545804654,,,
03/01/1997,4.538289147,4.538289147,4.538289147,4.538289147,4.538289147,4.538289147,,,
04/01/1997,4.528081528,4.528081528,4.528081528,4.528081528,4.528081528,4.528081528,,,
05/01/1997,4.524053409,4.524053409,4.524053409,4.524053409,4.524053409,4.524053409,,,
06/01/1997,4.52014212,4.52014212,4.52014212,4.52014212,4.52014212,4.52014212,,,
07/01/1997,4.515042426,4.515042426,4.515042426,4.515042426,4.515042426,4.515042426,,,
08/01/1997,4.512282388,4.512282388,4.512282388,4.512282388,4.512282388,4.512282388,,,
09/01/1997,4.512010959,4.512010959,4.512010959,4.512010959,4.512010959,4.512010959,,,
10/01/1997,4.510626572,4.510626572,4.510626572,4.510626572,4.510626572,4.510626572,,,
11/01/1997,4.508817686,4.508817686,4.508817686,4.508817686,4.508817686,4.508817686,,,
12/01/1997,4.506159147,4.506159147,4.506159147,4.506159147,4.506159147,4.506159147,,,
01/01/1998,4.504918095,4.504918095,4.504918095,4.504918095,4.504918095,4.504918095,,,
02/01/1998,4.501217679,4.501217679,4.501217679,4.501217679,4.501217679,4.501217679,,,
03/01/1998,4.498435245,4.498435245,4.498435245,4.498435245,4.498435245,4.498435245,,,
04/01/1998,4.49858037,4.49858037,4.49858037,4.49858037,4.49858037,4.49858037,,,
05/01/1998,4.496884857,4.496884857,4.496884857,4.496884857,4.496884857,4.496884857,,,
06/01/1998,4.494552755,4.494552755,4.494552755,4.494552755,4.494552755,4.494552755,,,
07/01/1998,4.490930362,4.490930362,4.490930362,4.490930362,4.490930362,4.490930362,,,
08/01/1998,4.487407923,4.487407923,4.487407923,4.487407923,4.487407923,4.487407923,,,
09/01/1998,4.486817124,4.486817124,4.486817124,4.486817124,4.486817124,4.486817124,,,
10/01/1998,4.482820763,4.482820763,4.482820763,4.482820763,4.482820763,4.482820763,,,
11/01/1998,4.48069811,4.48069811,4.48069811,4.48069811,4.48069811,4.48069811,,,
12/01/1998,4.476398575,4.476398575,4.476398575,4.476398575,4.476398575,4.476398575,,,
01/01/1999,4.472333676,4.472333676,4.472333676,4.472333676,4.472333676,4.472333676,,,
02/01/1999,4.468296933,4.468296933,4.468296933,4.468296933,4.468296933,4.468296933,,,
03/01/1999,4.465722051,4.465722051,4.465722051,4.465722051,4.465722051,4.465722051,,,
04/01/1999,4.464215016,4.464215016,4.464215016,4.464215016,4.464215016,4.464215016,,,
05/01/1999,4.464975538,4.464975538,4.464975538,4.464975538,4.464975538,4.464975538,,,
06/01/1999,4.47044649,4.47044649,4.47044649,4.47044649,4.47044649,4.47044649,,,
07/01/1999,4.475891966,4.475891966,4.475891966,4.475891966,4.475891966,4.475891966,,,
08/01/1999,4.481023172,4.481023172,4.481023172,4.481023172,4.481023172,4.481023172,,,
09/01/1999,4.485483522,4.485483522,4.485483522,4.485483522,4.485483522,4.485483522,,,
10/01/1999,4.490866255,4.490866255,4.490866255,4.490866255,4.490866255,4.490866255,,,
11/01/1999,4.500083116,4.500083116,4.500083116,4.500083116,4.500083116,4.500083116,,,
12/01/1999,4.504710801,4.504710801,4.504710801,4.504710801,4.504710801,4.504710801,,,
01/01/2000,4.509376661,4.509376661,4.509376661,4.509376661,4.509376661,4.509376661,,,
02/01/2000,4.513184707,4.513184707,4.513184707,4.513184707,4.513184707,4.513184707,,,
03/01/2000,4.51862866,4.51862866,4.51862866,4.51862866,4.51862866,4.51862866,,,
04/01/2000,4.52611727,4.52611727,4.52611727,4.52611727,4.52611727,4.52611727,,,
05/01/2000,4.530896447,4.530896447,4.530896447,4.530896447,4.530896447,4.530896447,,,
06/01/2000,4.532912074,4.532912074,4.532912074,4.532912074,4.532912074,4.532912074,,,
07/01/2000,4.536852539,4.536852539,4.536852539,4.536852539,4.536852539,4.536852539,,,
08/01/2000,4.540676097,4.540676097,4.540676097,4.540676097,4.540676097,4.540676097,,,
09/01/2000,4.54334684,4.54334684,4.54334684,4.54334684,4.54334684,4.54334684,,,
10/01/2000,4.548335574,4.548335574,4.548335574,4.548335574,4.548335574,4.548335574,,,
11/01/2000,4.551824288,4.551824288,4.551824288,4.551824288,4.551824288,4.551824288,,,
12/01/2000,4.555068774,4.555068774,4.555068774,4.555068774,4.555068774,4.555068774,,,
01/01/2001,4.556179348,4.556179348,4.556179348,4.556179348,4.556179348,4.556179348,,,
02/01/2001,4.55683206,4.55683206,4.55683206,4.55683206,4.55683206,4.55683206,,,
03/01/2001,4.559727096,4.559727096,4.559727096,4.559727096,4.559727096,4.559727096,,,
04/01/2001,4.561496634,4.561496634,4.561496634,4.561496634,4.561496634,4.561496634,,,
05/01/2001,4.562255695,4.562255695,4.562255695,4.562255695,4.562255695,4.562255695,,,
06/01/2001,4.560972097,4.560972097,4.560972097,4.560972097,4.560972097,4.560972097,,,
07/01/2001,4.561827687,4.561827687,4.561827687,4.561827687,4.561827687,4.561827687,,,
08/01/2001,4.564828584,4.564828584,4.564828584,4.564828584,4.564828584,4.564828584,,,
09/01/2001,4.564808931,4.564808931,4.564808931,4.564808931,4.564808931,4.564808931,,,
10/01/2001,4.567312194,4.567312194,4.567312194,4.567312194,4.567312194,4.567312194,,,
11/01/2001,4.571666912,4.571666912,4.571666912,4.571666912,4.571666912,4.571666912,,,
12/01/2001,4.576051928,4.576051928,4.576051928,4.576051928,4.576051928,4.576051928,,,
01/01/2002,4.577600029,4.577600029,4.577600029,4.577600029,4.577600029,4.577600029,,,
02/01/2002,4.572377821,4.572377821,4.572377821,4.572377821,4.572377821,4.572377821,,,
03/01/2002,4.566410723,4.566410723,4.566410723,4.566410723,4.566410723,4.566410723,,,
04/01/2002,4.564570035,4.564570035,4.564570035,4.564570035,4.564570035,4.564570035,,,
05/01/2002,4.566682233,4.566682233,4.566682233,4.566682233,4.566682233,4.566682233,,,
06/01/2002,4.568318348,4.568318348,4.568318348,4.568318348,4.568318348,4.568318348,,,
07/01/2002,4.570438204,4.570438204,4.570438204,4.570438204,4.570438204,4.570438204,,,
08/01/2002,4.571671613,4.571671613,4.571671613,4.571671613,4.571671613,4.571671613,,,
09/01/2002,4.575761973,4.575761973,4.575761973,4.575761973,4.575761973,4.575761973,,,
10/01/2002,4.58122388,4.58122388,4.58122388,4.58122388,4.58122388,4.58122388,,,
11/01/2002,4.584226568,4.584226568,4.584226568,4.584226568,4.584226568,4.584226568,,,
12/01/2002,4.588671937,4.588671937,4.588671937,4.588671937,4.588671937,4.588671937,,,
01/01/2003,4.595048228,4.595048228,4.595048228,4.595048228,4.595048228,4.595048228,,,
02/01/2003,4.600102317,4.600102317,4.600102317,4.600102317,4.600102317,4.600102317,,,
03/01/2003,4.608619778,4.608619778,4.608619778,4.608619778,4.608619778,4.608619778,,,
04/01/2003,4.615112554,4.615112554,4.615112554,4.615112554,4.615112554,4.615112554,,,
05/01/2003,4.621129938,4.621129938,4.621129938,4.621129938,4.621129938,4.621129938,,,
06/01/2003,4.627701099,4.627701099,4.627701099,4.627701099,4.627701099,4.627701099,,,
07/01/2003,4.632115936,4.632115936,4.632115936,4.632115936,4.632115936,4.632115936,,,
08/01/2003,4.638356262,4.638356262,4.638356262,4.638356262,4.638356262,4.638356262,,,
09/01/2003,4.643562958,4.643562958,4.643562958,4.643562958,4.643562958,4.643562958,,,
10/01/2003,4.646107821,4.646107821,4.646107821,4.646107821,4.646107821,4.646107821,,,
11/01/2003,4.647964534,4.647964534,4.647964534,4.647964534,4.647964534,4.647964534,,,
12/01/2003,4.650477989,4.650477989,4.650477989,4.650477989,4.650477989,4.650477989,,,
01/01/2004,4.653319699,4.653319699,4.653319699,4.653319699,4.653319699,4.653319699,,,
02/01/2004,4.657249103,4.657249103,4.657249103,4.657249103,4.657249103,4.657249103,,,
03/01/2004,4.658344401,4.658344401,4.658344401,4.658344401,4.658344401,4.658344401,,,
04/01/2004,4.663158436,4.663158436,4.663158436,4.663158436,4.663158436,4.663158436,,,
05/01/2004,4.666206172,4.666206172,4.666206172,4.666206172,4.666206172,4.666206172,,,
06/01/2004,4.669446408,4.669446408,4.669446408,4.669446408,4.669446408,4.669446408,,,
07/01/2004,4.67094672,4.67094672,4.67094672,4.67094672,4.67094672,4.67094672,,,
08/01/2004,4.672794628,4.672794628,4.672794628,4.672794628,4.672794628,4.672794628,,,
09/01/2004,4.673961143,4.673961143,4.673961143,4.673961143,4.673961143,4.673961143,,,
10/01/2004,4.67776818,4.67776818,4.67776818,4.67776818,4.67776818,4.67776818,,,
11/01/2004,4.680412049,4.680412049,4.680412049,4.680412049,4.680412049,4.680412049,,,
12/01/2004,4.68207584,4.68207584,4.68207584,4.68207584,4.68207584,4.68207584,,,
01/01/2005,4.683537617,4.683537617,4.683537617,4.683537617,4.683537617,4.683537617,,,
02/01/2005,4.68545476,4.68545476,4.68545476,4.68545476,4.68545476,4.68545476,,,
03/01/2005,4.684429254,4.684429254,4.684429254,4.684429254,4.684429254,4.684429254,,,
04/01/2005,4.684667953,4.684667953,4.684667953,4.684667953,4.684667953,4.684667953,,,
05/01/2005,4.686426181,4.686426181,4.686426181,4.686426181,4.686426181,4.686426181,,,
06/01/2005,4.688958108,4.688958108,4.688958108,4.688958108,4.688958108,4.688958108,,,
07/01/2005,4.689460159,4.689460159,4.689460159,4.689460159,4.689460159,4.689460159,,,
08/01/2005,4.691171395,4.691171395,4.691171395,4.691171395,4.691171395,4.691171395,,,
09/01/2005,4.693442904,4.693442904,4.693442904,4.693442904,4.693442904,4.693442904,,,
10/01/2005,4.695616463,4.695616463,4.695616463,4.695616463,4.695616463,4.695616463,,,
11/01/2005,4.695348931,4.695348931,4.695348931,4.695348931,4.695348931,4.695348931,,,
12/01/2005,4.69890349,4.69890349,4.69890349,4.69890349,4.69890349,4.69890349,,,
01/01/2006,4.699962103,4.699962103,4.699962103,4.699962103,4.699962103,4.699962103,,,
02/01/2006,4.699616622,4.699616622,4.699616622,4.699616622,4.699616622,4.699616622,,,
03/01/2006,4.700176906,4.700176906,4.700176906,4.700176906,4.700176906,4.700176906,,,
04/01/2006,4.699964089,4.699964089,4.699964089,4.699964089,4.699964089,4.699964089,,,
05/01/2006,4.698902628,4.698902628,4.698902628,4.698902628,4.698902628,4.698902628,,,
06/01/2006,4.697072047,4.697072047,4.697072047,4.697072047,4.697072047,4.697072047,,,
07/01/2006,4.694639429,4.694639429,4.694639429,4.694639429,4.694639429,4.694639429,,,
08/01/2006,4.692425118,4.692425118,4.692425118,4.692425118,4.692425118,4.692425118,,,
09/01/2006,4.690053502,4.690053502,4.690053502,4.690053502,4.690053502,4.690053502,,,
10/01/2006,4.68861049,4.68861049,4.68861049,4.68861049,4.68861049,4.68861049,,,
11/01/2006,4.683720563,4.683720563,4.683720563,4.683720563,4.683720563,4.683720563,,,
12/01/2006,4.681502736,4.681502736,4.681502736,4.681502736,4.681502736,4.681502736,,,
01/01/2007,4.685444817,4.685444817,4.685444817,4.685444817,4.685444817,4.685444817,,,
02/01/2007,4.689949301,4.689949301,4.689949301,4.689949301,4.689949301,4.689949301,,,
03/01/2007,4.69461739,4.69461739,4.69461739,4.69461739,4.69461739,4.69461739,,,
04/01/2007,4.699857583,4.699857583,4.699857583,4.699857583,4.699857583,4.699857583,,,
05/01/2007,4.704017619,4.704017619,4.704017619,4.704017619,4.704017619,4.704017619,,,
06/01/2007,4.708056659,4.708056659,4.708056659,4.708056659,4.708056659,4.708056659,,,
07/01/2007,4.711401722,4.711401722,4.711401722,4.711401722,4.711401722,4.711401722,,,
08/01/2007,4.716306889,4.716306889,4.716306889,4.716306889,4.716306889,4.716306889,,,
09/01/2007,4.720782214,4.720782214,4.720782214,4.720782214,4.720782214,4.720782214,,,
10/01/2007,4.723525557,4.723525557,4.723525557,4.723525557,4.723525557,4.723525557,,,
11/01/2007,4.729356127,4.729356127,4.729356127,4.729356127,4.729356127,4.729356127,,,
12/01/2007,4.731854471,4.731854471,4.731854471,4.731854471,4.731854471,4.731854471,,,
01/01/2008,4.737598361,4.737598361,4.737598361,4.737598361,4.737598361,4.737598361,,,
02/01/2008,4.742018205,4.742018205,4.742018205,4.742018205,4.742018205,4.742018205,,,
03/01/2008,4.746930487,4.746930487,4.746930487,4.746930487,4.746930487,4.746930487,,,
04/01/2008,4.749924467,4.749924467,4.749924467,4.749924467,4.749924467,4.749924467,,,
05/01/2008,4.753901195,4.753901195,4.753901195,4.753901195,4.753901195,4.753901195,,,
06/01/2008,4.760060366,4.760060366,4.760060366,4.760060366,4.760060366,4.760060366,,,
07/01/2008,4.766257133,4.766257133,4.766257133,4.766257133,4.766257133,4.766257133,,,
08/01/2008,4.770731265,4.770731265,4.770731265,4.770731265,4.770731265,4.770731265,,,
09/01/2008,4.776372058,4.776372058,4.776372058,4.776372058,4.776372058,4.776372058,,,
10/01/2008,4.781547222,4.781547222,4.781547222,4.781547222,4.781547222,4.781547222,,,
11/01/2008,4.797774574,4.797774574,4.797774574,4.797774574,4.797774574,4.797774574,,,
12/01/2008,4.815696633,4.815696633,4.815696633,4.815696633,4.815696633,4.815696633,,,
01/01/2009,4.82162811,4.82162811,4.82162811,4.82162811,4.82162811,4.82162811,,,
02/01/2009,4.826140445,4.826140445,4.826140445,4.826140445,4.826140445,4.826140445,,,
03/01/2009,4.829337814,4.829337814,4.829337814,4.829337814,4.829337814,4.829337814,,,
04/01/2009,4.83285059,4.83285059,4.83285059,4.83285059,4.83285059,4.83285059,,,
05/01/2009,4.838491988,4.838491988,4.838491988,4.838491988,4.838491988,4.838491988,,,
06/01/2009,4.846494391,4.846494391,4.846494391,4.846494391,4.846494391,4.846494391,,,
07/01/2009,4.854582986,4.854582986,4.854582986,4.854582986,4.854582986,4.854582986,,,
08/01/2009,4.863583481,4.863583481,4.863583481,4.863583481,4.863583481,4.863583481,,,
09/01/2009,4.873929341,4.873929341,4.873929341,4.873929341,4.873929341,4.873929341,,,
10/01/2009,4.886473617,4.886473617,4.886473617,4.886473617,4.886473617,4.886473617,,,
11/01/2009,4.910337404,4.910337404,4.910337404,4.910337404,4.910337404,4.910337404,,,
12/01/2009,4.933349889,4.933349889,4.933349889,4.933349889,4.933349889,4.933349889,,,
01/01/2010,4.944373841,4.944373841,4.944373841,4.944373841,4.944373841,4.944373841,,,
02/01/2010,4.952674595,4.952674595,4.952674595,4.952674595,4.952674595,4.952674595,,,
03/01/2010,4.958507383,4.958507383,4.958507383,4.958507383,4.958507383,4.958507383,,,
04/01/2010,4.967219065,4.967219065,4.967219065,4.967219065,4.967219065,4.967219065,,,
05/01/2010,4.97189344,4.97189344,4.97189344,4.97189344,4.97189344,4.97189344,,,
06/01/2010,4.979184398,4.979184398,4.979184398,4.979184398,4.979184398,4.979184398,,,
07/01/2010,4.98581345,4.98581345,4.98581345,4.98581345,4.98581345,4.98581345,,,
08/01/2010,4.990732487,4.990732487,4.990732487,4.990732487,4.990732487,4.990732487,,,
09/01/2010,4.994907151,4.994907151,4.994907151,4.994907151,4.994907151,4.994907151,,,
10/01/2010,4.998617527,4.998617527,4.998617527,4.998617527,4.998617527,4.998617527,,,
11/01/2010,5.002305239,5.002305239,5.002305239,5.002305239,5.002305239,5.002305239,,,
12/01/2010,5.000486315,5.000486315,5.000486315,5.000486315,5.000486315,5.000486315,,,
01/01/2011,4.999297791,4.999297791,4.999297791,4.999297791,4.999297791,4.999297791,,,
02/01/2011,4.996572904,4.996572904,4.996572904,4.996572904,4.996572904,4.996572904,,,
03/01/2011,4.993191085,4.993191085,4.993191085,4.993191085,4.993191085,4.993191085,,,
04/01/2011,4.987817189,4.987817189,4.987817189,4.987817189,4.987817189,4.987817189,,,
05/01/2011,4.987452373,4.987452373,4.987452373,4.987452373,4.987452373,4.987452373,,,
06/01/2011,4.988231101,4.988231101,4.988231101,4.988231101,4.988231101,4.988231101,,,
07/01/2011,4.991611534,4.991611534,4.991611534,4.991611534,4.991611534,4.991611534,,,
08/01/2011,4.995560442,4.995560442,4.995560442,4.995560442,4.995560442,4.995560442,,,
09/01/2011,4.999160987,4.999160987,4.999160987,4.999160987,4.999160987,4.999160987,,,
10/01/2011,5.002279865,5.002279865,5.002279865,5.002279865,5.002279865,5.002279865,,,
11/01/2011,5.007067384,5.007067384,5.007067384,5.007067384,5.007067384,5.007067384,,,
12/01/2011,5.011070714,5.011070714,5.011070714,5.011070714,5.011070714,5.011070714,,,
01/01/2012,5.016342934,5.016342934,5.016342934,5.016342934,5.016342934,5.016342934,,,
02/01/2012,5.022684286,5.022684286,5.022684286,5.022684286,5.022684286,5.022684286,,,
03/01/2012,5.031099361,5.031099361,5.031099361,5.031099361,5.031099361,5.031099361,,,
04/01/2012,5.040998485,5.040998485,5.040998485,5.040998485,5.040998485,5.040998485,,,
05/01/2012,5.053214968,5.053214968,5.053214968,5.053214968,5.053214968,5.053214968,,,
06/01/2012,5.064457662,5.064457662,5.064457662,5.064457662,5.064457662,5.064457662,,,
07/01/2012,5.073581484,5.073581484,5.073581484,5.073581484,5.073581484,5.073581484,,,
08/01/2012,5.084429133,5.084429133,5.084429133,5.084429133,5.084429133,5.084429133,,,
09/01/2012,5.09563158,5.09563158,5.09563158,5.09563158,5.09563158,5.09563158,,,
10/01/2012,5.106778749,5.106778749,5.106778749,5.106778749,5.106778749,5.106778749,,,
11/01/2012,5.120856228,5.120856228,5.120856228,5.120856228,5.120856228,5.120856228,,,
12/01/2012,5.132933981,5.132933981,5.132933981,5.132933981,5.132933981,5.132933981,,,
01/01/2013,5.150914534,5.150914534,5.150914534,5.150914534,5.150914534,5.150914534,,,
02/01/2013,5.165463109,5.165463109,5.165463109,5.165463109,5.165463109,5.165463109,,,
03/01/2013,5.179118332,5.179118332,5.179118332,5.179118332,5.179118332,5.179118332,,,
04/01/2013,5.193921789,5.193921789,5.193921789,5.193921789,5.193921789,5.193921789,,,
05/01/2013,5.21094792,5.21094792,5.21094792,5.21094792,5.21094792,5.21094792,,,
06/01/2013,5.232856419,5.232856419,5.232856419,5.232856419,5.232856419,5.232856419,,,
07/01/2013,5.259039839,5.259039839,5.259039839,5.259039839,5.259039839,5.259039839,,,
08/01/2013,5.29075312,5.29075312,5.29075312,5.29075312,5.29075312,5.29075312,,,
09/01/2013,5.324286777,5.324286777,5.324286777,5.324286777,5.324286777,5.324286777,,,
10/01/2013,5.356959476,5.356959476,5.356959476,5.356959476,5.356959476,5.356959476,,,
11/01/2013,5.391041605,5.391041605,5.391041605,5.391041605,5.391041605,5.391041605,,,
12/01/2013,5.428842494,5.428842494,5.428842494,5.428842494,5.428842494,5.428842494,,,
01/01/2014,5.471522505,5.471522505,5.471522505,5.471522505,5.471522505,5.471522505,,,
02/01/2014,5.503001163,5.503001163,5.503001163,5.503001163,5.503001163,5.503001163,,,
03/01/2014,5.542678829,5.542678829,5.542678829,5.542678829,5.542678829,5.542678829,,,
04/01/2014,5.583599606,5.583599606,5.583599606,5.583599606,5.583599606,5.583599606,,,
05/01/2014,5.621204768,5.621204768,5.621204768,5.621204768,5.621204768,5.621204768,,,
06/01/2014,5.651553451,5.651553451,5.651553451,5.651553451,5.651553451,5.651553451,,,
07/01/2014,5.704818079,5.704818079,5.704818079,5.704818079,5.704818079,5.704818079,,,
08/01/2014,5.749831216,5.749831216,5.749831216,5.749831216,5.749831216,5.749831216,,,
09/01/2014,5.798823523,5.798823523,5.798823523,5.798823523,5.798823523,5.798823523,,,
10/01/2014,5.829517137,5.829517137,5.829517137,5.829517137,5.829517137,5.829517137,,,
11/01/2014,5.854037251,5.854037251,5.854037251,5.854037251,5.854037251,5.854037251,,,
12/01/2014,5.897131869,5.897131869,5.897131869,5.897131869,5.897131869,5.897131869,,,
01/01/2015,5.916911548,5.916911548,5.916911548,5.916911548,5.916911548,5.916911548,,,
02/01/2015,5.937884917,5.937884917,5.937884917,5.937884917,5.937884917,5.937884917,,,
03/01/2015,5.963081798,5.963081798,5.963081798,5.963081798,5.963081798,5.963081798,,,
04/01/2015,6.000965729,6.000965729,6.000965729,6.000965729,6.000965729,6.000965729,,,
05/01/2015,6.033134705,6.033134705,6.033134705,6.033134705,6.033134705,6.033134705,,,
06/01/2015,6.101104013,6.101104013,6.101104013,6.101104013,6.101104013,6.101104013,,,
07/01/2015,6.149676129,6.149676129,6.149676129,6.149676129,6.149676129,6.149676129,,,
08/01/2015,6.189328821,6.189328821,6.189328821,6.189328821,6.189328821,6.189328821,,,
09/01/2015,6.232502708,6.232502708,6.232502708,6.232502708,6.232502708,6.232502708,,,
10/01/2015,6.280397297,6.280397297,6.280397297,6.280397297,6.280397297,6.280397297,,,
11/01/2015,6.342456272,6.342456272,6.342456272,6.342456272,6.342456272,6.342456272,,,
12/01/2015,6.384203705,6.384203705,6.384203705,6.384203705,6.384203705,6.384203705,,,
01/01/2016,6.421707994,6.421707994,6.421707994,6.421707994,6.421707994,6.421707994,,,
02/01/2016,6.45555561,6.45555561,6.45555561,6.45555561,6.45555561,6.45555561,,,
03/01/2016,6.48223734,6.48223734,6.48223734,6.48223734,6.48223734,6.48223734,,,
04/01/2016,6.506000025,6.506000025,6.506000025,6.506000025,6.506000025,6.506000025,,,
05/01/2016,6.526840979,6.526840979,6.526840979,6.526840979,6.526840979,6.526840979,,,
06/01/2016,6.547759429,6.547759429,6.547759429,6.547759429,6.547759429,6.547759429,,,
07/01/2016,6.567026161,6.567026161,6.567026161,6.567026161,6.567026161,6.567026161,,,
08/01/2016,6.586411336,6.586411336,6.586411336,6.586411336,6.586411336,6.586411336,,,
09/01/2016,6.601977161,6.601977161,6.601977161,6.601977161,6.601977161,6.601977161,,,
10/01/2016,6.616411008,6.616411008,6.616411008,6.616411008,6.616411008,6.616411008,,,
11/01/2016,6.631642013,6.631642013,6.631642013,6.631642013,6.631642013,6.631642013,,,
12/01/2016,6.645184742,6.645184742,6.645184742,6.645184742,6.645184742,6.645184742,,,
01/01/2017,6.658857863,6.658857863,6.658857863,6.658857863,6.658857863,6.658857863,,,
02/01/2017,6.668844581,6.668844581,6.668844581,6.668844581,6.668844581,6.668844581,,,
03/01/2017,6.676676384,6.676676384,6.676676384,6.676676384,6.676676384,6.676676384,,,
04/01/2017,6.683941241,6.683941241,6.683941241,6.683941241,6.683941241,6.683941241,,,
05/01/2017,6.690440808,6.690440808,6.690440808,6.690440808,6.690440808,6.690440808,,,
06/01/2017,6.703945971,6.703945971,6.703945971,6.703945971,6.703945971,6.703945971,,,
07/01/2017,6.717187062,6.717187062,6.717187062,6.717187062,6.717187062,6.717187062,,,
08/01/2017,6.758571287,6.758571287,6.758571287,6.758571287,6.758571287,6.758571287,,,
09/01/2017,6.812071904,6.812071904,6.812071904,6.812071904,6.812071904,6.812071904,,,
10/01/2017,6.880457679,6.880457679,6.880457679,6.880457679,6.880457679,6.880457679,,,
11/01/2017,6.932188596,6.932188596,6.932188596,6.932188596,6.932188596,6.932188596,,,
12/01/2017,7.00453722,7.00453722,7.00453722,7.00453722,7.00453722,7.00453722,,,
01/01/2018,7.052611348,7.052611348,7.052611348,7.052611348,7.052611348,7.052611348,,,
02/01/2018,7.085002405,7.085002405,7.085002405,7.085002405,7.085002405,7.085002405,,,
03/01/2018,7.100227468,7.100227468,7.100227468,7.100227468,7.100227468,7.100227468,,,
04/01/2018,7.11753146,7.11753146,7.11753146,7.11753146,7.11753146,7.11753146,,,
05/01/2018,7.147748892,7.147748892,7.147748892,7.147748892,7.147748892,7.147748892,,,
06/01/2018,7.157798936,7.157798936,7.157798936,7.157798936,7.157798936,7.157798936,,,
07/01/2018,7.168266896,7.168266896,7.168266896,7.168266896,7.168266896,7.168266896,,,
08/01/2018,7.186146591,7.186146591,7.186146591,7.186146591,7.186146591,7.186146591,,,
09/01/2018,7.194614614,7.194614614,7.194614614,7.194614614,7.194614614,7.194614614,,,
10/01/2018,7.203251368,7.203251368,7.203251368,7.203251368,7.203251368,7.203251368,,,
11/01/2018,7.205482053,7.205482053,7.205482053,7.205482053,7.205482053,7.205482053,,,
12/01/2018,7.208878983,7.208878983,7.208878983,7.208878983,7.208878983,7.208878983,,,
01/01/2019,7.235553314,7.235553314,7.235553314,7.235553314,7.235553314,7.235553314,,,
02/01/2019,7.242195799,7.242195799,7.242195799,7.242195799,7.242195799,7.242195799,,,
03/01/2019,7.247865776,7.247865776,7.247865776,7.247865776,7.247865776,7.247865776,,,
04/01/2019,7.255035562,7.255035562,7.255035562,7.255035562,7.255035562,7.255035562,,,
05/01/2019,7.261596588,7.261596588,7.261596588,7.261596588,7.261596588,7.261596588,,,
06/01/2019,7.267081829,7.267081829,7.267081829,7.267081829,7.267081829,7.267081829,,,
07/01/2019,7.274805875,7.274805875,7.274805875,7.274805875,7.274805875,7.274805875,,,
08/01/2019,7.281878927,7.281878927,7.281878927,7.281878927,7.281878927,7.281878927,,,
09/01/2019,7.289548104,7.289548104,7.289548104,7.289548104,7.289548104,7.289548104,,,
10/01/2019,7.297954784,7.297954784,7.297954784,7.297954784,7.297954784,7.297954784,,,
11/01/2019,7.308321538,7.308321538,7.308321538,7.308321538,7.308321538,7.308321538,,,
12/01/2019,7.319161492,7.319161492,7.319161492,7.319161492,7.319161492,7.319161492,,,
01/01/2020,7.330673493,7.330673493,7.330673493,7.330673493,7.330673493,7.330673493,,,
02/01/2020,7.344292292,7.344292292,7.344292292,7.344292292,7.344292292,7.344292292,,,
03/01/2020,7.355260468,7.355260468,7.355260468,7.355260468,7.355260468,7.355260468,,,
04/01/2020,7.369939057,7.369939057,7.369939057,7.369939057,7.369939057,7.369939057,,,
05/01/2020,7.384189177,7.384189177,7.384189177,7.384189177,7.384189177,7.384189177,,,
06/01/2020,7.403343712,7.403343712,7.403343712,7.403343712,7.403343712,7.403343712,,,
07/01/2020,7.424422474,7.424422474,7.424422474,7.424422474,7.424422474,7.424422474,,,
08/01/2020,7.448331446,7.448331446,7.448331446,7.448331446,7.448331446,7.448331446,,,
09/01/2020,7.47351853,7.47351853,7.47351853,7.47351853,7.47351853,7.47351853,,,
10/01/2020,7.523629876,7.523629876,7.523629876,7.523629876,7.523629876,7.523629876,,,
11/01/2020,7.589077298,7.589077298,7.589077298,7.589077298,7.589077298,7.589077298,,,
12/01/2020,7.667855513,7.667855513,7.667855513,7.667855513,7.667855513,7.667855513,,,
01/01/2021,7.699843795,7.699843795,7.699843795,7.699843795,7.699843795,7.699843795,,,
02/01/2021,7.730963432,7.730963432,7.730963432,7.730963432,7.730963432,7.730963432,,,
03/01/2021,7.762380784,7.762380784,7.762380784,7.762380784,7.762380784,7.762380784,,,
04/01/2021,7.789332807,7.789332807,7.789332807,7.789332807,7.789332807,7.789332807,,,
05/01/2021,7.817128527,7.817128527,7.817128527,7.817128527,7.817128527,7.817128527,,,
06/01/2021,7.862129526,7.862129526,7.862129526,7.862129526,7.862129526,7.862129526,,,
07/01/2021,7.885551006,7.885551006,7.885551006,7.885551006,7.885551006,7.885551006,,,
08/01/2021,7.909982376,7.909982376,7.909982376,7.909982376,7.909982376,7.909982376,,,
09/01/2021,7.940074259,7.940074259,7.940074259,7.940074259,7.940074259,7.940074259,,,
10/01/2021,7.966929822,7.966929822,7.966929822,7.966929822,7.966929822,7.966929822,,,
11/01/2021,7.996716109,7.996716109,7.996716109,7.996716109,7.996716109,7.996716109,,,
12/01/2021,8.023015888,8.023015888,8.023015888,8.023015888,8.023015888,8.023015888,,,
01/01/2022,8.064391402,8.064391402,8.064391402,8.064391402,8.064391402,8.064391402,,,
02/01/2022,8.115264118,8.115264118,8.115264118,8.115264118,8.115264118,8.115264118,,,
03/01/2022,8.170637349,8.170637349,8.170637349,8.170637349,8.170637349,8.170637349,,,
04/01/2022,8.234245838,8.234245838,8.234245838,8.234245838,8.234245838,8.234245838,,,
05/01/2022,8.297279825,8.297279825,8.297279825,8.297279825,8.297279825,8.297279825,,,
06/01/2022,8.35059674,8.35059674,8.35059674,8.35059674,8.35059674,8.35059674,,,
07/01/2022,8.387005953,8.387005953,8.387005953,8.387005953,8.387005953,8.387005953,,,
08/01/2022,8.418894035,8.418894035,8.418894035,8.418894035,8.418894035,8.418894035,,,
09/01/2022,8.445968298,8.445968298,8.445968298,8.445968298,8.445968298,8.445968298,,,
10/01/2022,8.466210547,8.466210547,8.466210547,8.466210547,8.466210547,8.466210547,,,
11/01/2022,8.485784703,8.485784703,8.485784703,8.485784703,8.485784703,8.485784703,,,
12/01/2022,8.501524918,8.501524918,8.501524918,8.501524918,8.501524918,8.501524918,,,
01/01/2023,8.513333225,8.513333225,8.513333225,8.513333225,8.513333225,8.513333225,,,
02/01/2023,8.522937308,8.522937308,8.522937308,8.522937308,8.522937308,8.522937308,,,
03/01/2023,8.527703576,8.527703576,8.527703576,8.527703576,8.527703576,8.527703576,,,
04/01/2023,8.532445992,8.532445992,8.532445992,8.532445992,8.532445992,8.532445992,,,
05/01/2023,8.535746314,8.535746314,8.535746314,8.535746314,8.535746314,8.535746314,,,
06/01/2023,8.544439325,8.544439325,8.544439325,8.544439325,8.544439325,8.544439325,,,
07/01/2023,8.55325549,8.55325549,8.55325549,8.55325549,8.55325549,8.55325549,,,
08/01/2023,8.563927681,8.563927681,8.563927681,8.563927681,8.563927681,8.563927681,,,
09/01/2023,8.57430714,8.57430714,8.57430714,8.57430714,8.57430714,8.57430714,,,
10/01/2023,8.583320066,8.583320066,8.583320066,8.583320066,8.583320066,8.583320066,,,
11/01/2023,8.594416083,8.594416083,8.594416083,8.594416083,8.594416083,8.594416083,,,
12/01/2023,8.603654466,8.603654466,8.603654466,8.603654466,8.603654466,8.603654466,,,
01/01/2024,8.597159663,8.597159663,8.597159663,8.597159663,8.597159663,8.597159663,,,
02/01/2024,8.593003297,8.593003297,8.597092242,8.593003297,8.599259406,8.58575378,,,
03/01/2024,8.591001314,8.591001314,8.596342929,8.591001314,8.603411304,8.58562636,,,
04/01/2024,8.5879135,8.5879135,8.595314534,8.5879135,8.608624534,8.587297479,,,
05/01/2024,8.585504753,8.585504753,8.59531542,8.585504753,8.614116535,8.5901674,,,
06/01/2024,8.583724962,8.583724962,8.597938561,8.583724962,8.620101692,8.593877808,,,
07/01/2024,8.58192854,8.58192854,8.60116648,8.58192854,8.626091048,8.59796052,,,
08/01/2024,8.57992477,8.57992477,8.60496339,8.57992477,8.632422086,8.602538162,,,
09/01/2024,8.577741325,8.577741325,8.609068401,8.577741325,8.638848938,8.607382811,,,
10/01/2024,8.575441295,8.575441295,8.613242425,8.575441295,8.645129253,8.612271247,,,
11/01/2024,8.572853405,8.572853405,8.617707155,8.572853405,8.65166122,8.617471778,,,
12/01/2024,8.570147559,8.570147559,8.622132205,8.570147559,8.658011082,8.622627587,,,
01/01/2025,8.567131211,8.567131211,8.62678431,8.567131211,8.664597413,8.628043771,,,
02/01/2025,8.563893731,8.563893731,8.631493821,8.563893731,8.671199442,8.633536539,,,
03/01/2025,8.560787836,8.563172925,8.635781805,8.560787836,8.677168929,8.638576019,,,
04/01/2025,8.557126365,8.563189993,8.640556588,8.557126365,8.683777831,8.644186355,,,
05/01/2025,8.553376125,8.563660519,8.645195567,8.553376125,8.690169453,8.649664121,,,
06/01/2025,8.549281776,8.56446527,8.650000418,8.549281776,8.696764759,8.655352691,,,
07/01/2025,8.545121051,8.565451514,8.654656826,8.545121051,8.703137077,8.660896696,,,
08/01/2025,8.540612365,8.566625121,8.659469976,8.540612365,8.709706852,8.666651637,,,
09/01/2025,8.535899138,8.567908827,8.664280771,8.536234072,8.716259547,8.672434703,,,
10/01/2025,8.531155456,8.569226519,8.668933238,8.534301513,8.722584867,8.678065302,,,
11/01/2025,8.526066194,8.570645731,8.673733646,8.53305796,8.729101638,8.68390027,,,
12/01/2025,8.520973168,8.572059636,8.678372191,8.532306345,8.735390151,8.689575952,,,
01/01/2026,8.515538368,8.573551889,8.683156184,8.531860627,8.741867971,8.695453837,,,
02/01/2026,8.509939639,8.575066622,8.687929928,8.531651949,8.748324086,8.701348866,,,
03/01/2026,8.504756797,8.576448869,8.69223527,8.531610043,8.754137937,8.706713472,,,
04/01/2026,8.498871802,8.577991054,8.696993301,8.531698201,8.760552798,8.712648471,,,
05/01/2026,8.49304551,8.579491695,8.701588637,8.531880882,8.766740179,8.718413445,,,
06/01/2026,8.486890719,8.581048491,8.706326911,8.532150236,8.773111683,8.72437776,,,
07/01/2026,8.480813569,8.582558528,8.710901716,8.532469981,8.779256407,8.730170127,,,
08/01/2026,8.477089313,8.584121562,8.715617794,8.532850741,8.785584323,8.736162074,,,
09/01/2026,8.474342366,8.585686087,8.720322327,8.533271946,8.791890503,8.742166864,,,
10/01/2026,8.472235356,8.587200954,8.724864099,8.533709817,8.797972862,8.747999074,,,
11/01/2026,8.47047756,8.588765617,8.729544961,8.53418849,8.804235784,8.754031881,,,
12/01/2026,8.469072741,8.59027983,8.734064121,8.534672815,8.810276789,8.759894865,,,
01/01/2027,8.467864229,8.591843322,8.738721555,8.535191174,8.816497083,8.765966106,,,
02/01/2027,8.46684712,8.593405599,8.743366812,8.535724653,8.822695608,8.772055984,,,
03/01/2027,8.466056183,8.594815479,8.747552561,8.536217125,8.828280146,8.77759788,,,
04/01/2027,8.465307971,8.596374482,8.752174229,8.536772523,8.834446584,8.783738872,,,
05/01/2027,8.464683181,8.597881604,8.756635378,8.537318561,8.8403983,8.789712235,,,
06/01/2027,8.464125543,8.599436455,8.76123244,8.537890013,8.846530072,8.79590005,,,
07/01/2027,8.463656792,8.600939712,8.765670174,8.538449762,8.852447345,8.80191704,,,
08/01/2027,8.463236193,8.602491285,8.770243891,8.539034252,8.858543473,8.808149828,,,
09/01/2027,8.46287062,8.604040623,8.774805358,8.539623642,8.86462058,8.814402835,,,
10/01/2027,8.46256175,8.605537887,8.779208277,8.540198042,8.87048373,8.820481774,,,
11/01/2027,8.462284722,8.607083268,8.783746315,8.540795808,8.876523523,8.826777032,,,
12/01/2027,8.462050382,8.608576277,8.788126282,8.541376961,8.88235,8.832894978,,,
01/01/2028,8.461840688,8.610117228,8.792640682,8.541980841,8.888351763,8.839229173,,,
02/01/2028,8.461659447,8.611655971,8.797143245,8.542587318,8.894334274,8.845580612,,,
03/01/2028,8.461511199,8.613093136,8.801344632,8.543156334,8.89991359,8.851554723,,,
04/01/2028,8.461374555,8.614626693,8.805823512,8.54376613,8.905857919,8.857944471,,,
05/01/2028,8.461261252,8.616108978,8.810147219,8.544358287,8.911592744,8.864151747,,,
06/01/2028,8.461161403,8.617637894,8.814602853,8.54497124,8.917498989,8.870574791,,,
07/01/2028,8.461080078,8.619115707,8.81890419,8.545566089,8.923197087,8.876813932,,,
08/01/2028,8.461010116,8.620640319,8.823337132,8.54618181,8.929065801,8.883270092,,,
09/01/2028,8.460952705,8.622162316,8.827758192,8.546798318,8.934915131,8.889741299,,,
10/01/2028,8.460908317,8.623633414,8.832026216,8.547396181,8.940558338,8.896027528,,,
11/01/2028,8.460872513,8.625150949,8.836424761,8.548014498,8.946370432,8.902532041,,,
12/01/2028,8.460847045,8.626617694,8.84067106,8.548613891,8.951977717,8.908849495,,,
01/01/2029,8.460828906,8.628130719,8.845047251,8.549233605,8.957752866,8.915385458,,,
02/01/2029,8.460818643,8.629641641,8.849412976,8.549854087,8.963509567,8.921935311,,,
03/01/2029,8.460814977,8.631004407,8.853349454,8.550414855,8.96869396,8.927893422,,,
04/01/2029,8.460817402,8.632511038,8.857700154,8.551036291,8.974415528,8.934494388,,,
05/01/2029,8.460824917,8.633966694,8.861903107,8.551637808,8.979935119,8.94091044,,,
06/01/2029,8.460837696,8.635468402,8.866238259,8.552259507,8.985620251,8.947553737,,,
07/01/2029,8.460854117,8.636919161,8.870425755,8.552861036,8.991104597,8.954008432,,,
08/01/2029,8.460875863,8.638416451,8.874745112,8.553483301,8.996754113,8.960690268,,,
09/01/2029,8.460901028,8.639910967,8.879055607,8.55410525,9.002385141,8.967388115,,,
10/01/2029,8.460929479,8.641355873,8.883219813,8.554708013,9.00781851,8.973894937,,,
11/01/2029,8.460961462,8.642846,8.887513527,8.555330307,9.013414547,8.980627848,,,
12/01/2029,8.460995874,8.644286597,8.891661224,8.555933278,9.018814187,8.987167361,,,
01/01/2030,8.461033923,8.645772773,8.895938184,8.556556209,9.024377482,8.993934992,,,
02/01/2030,8.461074367,8.647257159,8.900206215,8.557179121,9.029927529,9.000728005,,,
03/01/2030,8.461112787,8.648596796,8.904053994,8.55774182,9.034929827,9.006910891,,,
04/01/2030,8.461157693,8.650078925,8.908305411,8.558365133,9.040455047,9.013761399,,,
05/01/2030,8.461202426,8.65151158,8.912410823,8.558967853,9.045788803,9.020419423,,,
06/01/2030,8.461250375,8.652990751,8.916644113,8.559590654,9.05128649,9.027314291,,,
07/01/2030,8.461298484,8.654421253,8.920732659,8.56019357,9.056593903,9.034014654,,,
08/01/2030,8.461349659,8.65589815,8.924948512,8.560816561,9.062064066,9.040951847,,,
09/01/2030,8.461402435,8.657373978,8.929155659,8.561439782,9.067520218,9.047907803,,,
10/01/2030,8.461454207,8.658800464,8.933218239,8.56204241,9.07278646,9.054665116,,,
11/01/2030,8.461508925,8.66027317,8.937407341,8.56266516,9.078213877,9.061659621,,,
12/01/2030,8.461562491,8.661696649,8.941452541,8.563267404,9.083452276,9.068453061,,,
01/01/2031,8.461618783,8.66316607,8.945623583,8.563889635,9.088850736,9.075483679,,,
02/01/2031,8.461675407,8.664633433,8.949785111,8.564511247,9.094234078,9.082529682,,,
03/01/2031,8.461727093,8.665957405,8.953536452,8.565072507,9.099084412,9.088933189,,,
04/01/2031,8.461785355,8.667421944,8.957681032,8.565694095,9.104440098,9.096019487,,,
05/01/2031,8.461842278,8.66883763,8.961683411,8.566295423,9.10960926,9.102898879,,,
06/01/2031,8.461901649,8.670298802,8.965810178,8.566916598,9.114936088,9.110015578,,,
07/01/2031,8.461959359,8.671711013,8.969795173,8.567517331,9.120077172,9.116924265,,,
08/01/2031,8.462019108,8.673168226,8.973903659,8.568137543,9.125374652,9.124070637,,,
09/01/2031,8.462079829,8.674624231,8.97800369,8.568758089,9.130658067,9.13123074,,,
10/01/2031,8.462139238,8.676031902,8.981963347,8.569358701,9.135757711,9.138182346,,,
11/01/2031,8.462201307,8.677485042,8.986046382,8.569979437,9.141013197,9.145383297,,,
12/01/2031,8.462260922,8.678888898,8.989988632,8.570579195,9.146084909,9.152387004,,,
01/01/2032,8.462322696,8.680337646,8.99405329,8.571198604,9.151311142,9.159651966,,,
02/01/2032,8.462384247,8.681784108,8.99810858,8.571817293,9.156522514,9.166948192,,,
03/01/2032,8.462442821,8.683136446,9.001895269,8.572396642,9.161385902,9.173820281,,,
04/01/2032,8.46250597,8.684580554,9.005934604,8.573016019,9.166570773,9.181185249,,,
05/01/2032,8.46256759,8.685976698,9.009835746,8.573615513,9.171575451,9.188349553,,,
06/01/2032,8.462631284,8.687417409,9.013858034,8.574234587,9.176732705,9.195775573,,,
07/01/2032,8.46269286,8.688809721,9.017742205,8.574833245,9.181710235,9.203008039,,,
08/01/2032,8.462757428,8.690247405,9.021747969,8.575452394,9.186840528,9.21052172,,,
09/01/2032,8.46282184,8.691682992,9.025744844,8.57607101,9.191956676,9.218078245,,,
10/01/2032,8.462883991,8.693070277,9.029604454,8.576669143,9.196894541,9.225439686,,,
11/01/2032,8.462948299,8.694501965,9.033584124,8.57728694,9.201983186,9.233080722,,,
12/01/2032,8.463011119,8.695886254,9.037427905,8.577885061,9.206895327,9.240520638,,,
01/01/2033,8.463075958,8.697314714,9.041391154,8.578502705,9.211957411,9.248238933,,,
02/01/2033,8.463140827,8.698741318,9.045345888,8.579120049,9.217005857,9.255992983,,,
03/01/2033,8.46319966,8.700028564,9.0489112,8.579677622,9.221554879,9.263053504,,,
04/01/2033,8.46326501,8.701452102,9.052850239,8.580294828,9.226577993,9.270886536,,,
05/01/2033,8.463327682,8.70282747,9.056653746,8.580891272,9.231425886,9.278505316,,,
06/01/2033,8.463392711,8.704247139,9.060575871,8.581507553,9.236422207,9.28640365,,,
07/01/2033,8.463455504,8.7056192,9.064363479,8.582103536,9.241244708,9.294085552,,,
08/01/2033,8.463520801,8.707035628,9.068269393,8.582719494,9.246215093,9.302050273,,,
09/01/2033,8.463585741,8.708450001,9.07216665,8.58333481,9.251171927,9.310045268,,,
10/01/2033,8.46364906,8.709817607,9.075930904,8.583930474,9.255957037,9.317820426,,,
11/01/2033,8.463714814,8.711229421,9.079812742,8.58454603,9.260888969,9.325878718,,,
12/01/2033,8.463778562,8.712594235,9.083561836,8.585141581,9.265649821,9.333713136,,,
01/01/2034,8.463844147,8.714002591,9.087427491,8.585756424,9.270556221,9.341830421,,,
02/01/2034,8.463910216,8.715409765,9.09128554,8.586371476,9.275450287,9.349974944,,,
03/01/2034,8.463969706,8.716679224,9.094763474,8.5869266,9.279860159,9.357380389,,,
04/01/2034,8.464035857,8.718083324,9.098606302,8.587541216,9.284730145,9.365587277,,,
05/01/2034,8.464099803,8.71944053,9.102317641,8.588135692,9.289431164,9.373561275,,,
06/01/2034,8.464165715,8.720841169,9.10614457,8.588749555,9.294276159,9.381819213,,,
07/01/2034,8.464229441,8.722195028,9.109840705,8.589343311,9.298953098,9.389842087,,,
08/01/2034,8.464295792,8.723592879,9.113652836,8.589957097,9.303773996,9.398087287,,,
09/01/2034,8.464361784,8.724988742,9.117456978,8.590570268,9.30858218,9.406269657,,,
10/01/2034,8.464425786,8.726338188,9.121131399,8.591163558,9.313223873,9.414185975,,,
11/01/2034,8.4644919,8.727730969,9.124920834,8.591776346,9.318008028,9.42236425,,,
12/01/2034,8.464556322,8.729077733,9.128581576,8.592369566,9.322626915,9.430289783,,,
01/01/2035,8.464622405,8.7304673,9.132356545,8.592981829,9.327387184,9.438487058,,,
02/01/2035,8.464688713,8.731855468,9.136124417,8.59359406,9.332135636,9.446701013,,,
03/01/2035,8.464748279,8.73310766,9.139521385,8.594146517,9.336414467,9.454149302,,,
04/01/2035,8.464814505,8.734492678,9.143275323,8.594758188,9.341140126,9.462405959,,,
05/01/2035,8.464878818,8.735831737,9.146901619,8.595350117,9.345702507,9.470418573,,,
06/01/2035,8.464944575,8.73721315,9.150640893,8.595960841,9.350404504,9.478713509,,,
07/01/2035,8.465008324,8.738548617,9.154252894,8.596551743,9.354943932,9.486763602,,,
08/01/2035,8.465074632,8.73992743,9.15797853,8.597162525,9.359623445,9.495098783,,,
09/01/2035,8.465140459,8.741304182,9.161696527,8.597772584,9.364290886,9.503452147,,,
10/01/2035,8.465204439,8.742635311,9.165288164,8.59836301,9.368797234,9.511559222,,,
11/01/2035,8.465269985,8.74400867,9.168991839,8.59897231,9.373441746,9.519952151,,,
12/01/2035,8.465333504,8.745336339,9.172569456,8.599561816,9.377925789,9.528097818,,,
01/01/2036,8.465399703,8.746707239,9.176259775,8.600171284,9.382548477,9.536553031,,,
02/01/2036,8.465465234,8.748075912,9.179942362,8.60077985,9.387159186,9.545046919,,,
03/01/2036,8.465526397,8.749354771,9.183381031,8.601348801,9.391462398,9.553035528,,,
04/01/2036,8.465592361,8.750720836,9.18705037,8.601957328,9.396051724,9.561604454,,,
05/01/2036,8.465655839,8.752041016,9.190594401,8.60254564,9.400482185,9.569931416,,,
06/01/2036,8.465721002,8.753403212,9.194249117,8.603152894,9.405048764,9.578562545,,,
07/01/2036,8.465784029,8.75471997,9.197779344,8.603740297,9.409457604,9.586946793,,,
08/01/2036,8.465849312,8.756079221,9.20142042,8.604347194,9.414002539,9.595649209,,,
09/01/2036,8.465914782,8.757437101,9.205054719,8.604954035,9.418536692,9.604397923,,,
10/01/2036,8.465977799,8.758749389,9.208564949,8.605540735,9.42291403,9.61290784,,,
11/01/2036,8.466043166,8.760104107,9.212185503,8.606146984,9.427426652,9.621735303,,,
12/01/2036,8.466107111,8.761414333,9.215683483,8.606734111,9.431784292,9.630315307,,,
01/01/2037,8.466173425,8.762766923,9.21929148,8.607340798,9.436276786,9.639214047,,,
02/01/2037,8.466239182,8.764117437,9.222892154,8.607946693,9.440758125,9.648145758,,,
03/01/2037,8.466298095,8.76533553,9.226138359,8.608493275,9.444796678,9.656254537,,,
04/01/2037,8.466362948,8.766682233,9.229725219,8.609097805,9.449257095,9.665252326,,,
05/01/2037,8.466426499,8.767984848,9.233190821,8.60968339,9.453564721,9.673990845,,,
06/01/2037,8.466492002,8.769329194,9.236765046,8.610288082,9.458005478,9.683042996,,,
07/01/2037,8.466555566,8.77062893,9.240217868,8.610873216,9.462293525,9.691831319,,,
08/01/2037,8.466620622,8.771969859,9.243778458,8.611476989,9.466713589,9.700932172,,,
09/01/2037,8.466686511,8.773310084,9.247333177,8.612081336,9.47112425,9.710055834,,,
10/01/2037,8.466749979,8.774605374,9.250766728,8.612665665,9.475382836,9.718910775,,,
11/01/2037,8.466815976,8.775942745,9.254308535,8.613269638,9.479773671,9.728079656,,,
12/01/2037,8.466879259,8.777234995,9.257729345,8.613853317,9.484012842,9.73697666,,,
01/01/2038,8.46694473,8.778568874,9.261257653,8.61445626,9.488383296,9.746187248,,,
02/01/2038,8.467010077,8.779901129,9.264779263,8.615058828,9.492743585,9.755416434,,,
03/01/2038,8.46706923,8.781103358,9.267954851,8.615603002,9.496673889,9.76378457,,,
04/01/2038,8.467134441,8.78243263,9.271463885,8.616204956,9.501015079,9.773059252,,,
05/01/2038,8.467197576,8.783717653,9.274853654,8.616787281,9.505206981,9.782058865,,,
06/01/2038,8.467263339,8.785044541,9.278350456,8.617389287,9.509529285,9.791380383,,,
07/01/2038,8.467327139,8.786327389,9.28172858,8.61797179,9.513703173,9.800429041,,,
08/01/2038,8.467392865,8.787651323,9.28521271,8.618573261,9.518006287,9.809799217,,,
09/01/2038,8.467457304,8.788972523,9.288689167,8.619173209,9.522298383,9.81918932,,,
10/01/2038,8.467520169,8.790250213,9.292047949,8.619754063,9.526443393,9.828302508,,,
11/01/2038,8.46758493,8.791568822,9.295512087,8.620353827,9.530716692,9.837737203,,,
12/01/2038,8.467647699,8.792843611,9.298858591,8.620934102,9.534843227,9.846892032,,,
01/01/2039,8.467712685,8.794159548,9.302310418,8.621533588,9.539097876,9.856369011,,,
02/01/2039,8.467777602,8.795473953,9.305755864,8.62213275,9.54334294,9.865864454,,,
03/01/2039,8.467835483,8.796659221,9.308861984,8.622672973,9.547168696,9.874472194,,,
04/01/2039,8.467899853,8.797970302,9.312294874,8.623271106,9.551395151,9.884012379,,,
05/01/2039,8.467962396,8.799237968,9.315611364,8.62384995,9.555476694,9.893267089,,,
06/01/2039,8.468027423,8.800546829,9.319032572,8.624448228,9.559685346,9.902858268,,,
07/01/2039,8.468089873,8.801811636,9.322337131,8.62502649,9.563749048,9.912171529,,,
08/01/2039,8.46815411,8.803116867,9.325745337,8.625623479,9.567938613,9.921818859,,,
09/01/2039,8.468218337,8.804420635,9.329147318,8.626220197,9.572118902,9.931490294,,,
10/01/2039,8.468280645,8.805681145,9.332433922,8.626797576,9.576155864,9.940877305,,,
11/01/2039,8.468345491,8.806982679,9.335824387,8.627394395,9.58031871,9.950598783,,,
12/01/2039,8.46840824,8.80824088,9.339099757,8.627971716,9.584338768,9.960034222,,,
01/01/2040,8.468472791,8.809539301,9.34247793,8.628567734,9.588483504,9.96980309,,,
02/01/2040,8.468536978,8.810835932,9.345849677,8.629163131,9.592618859,9.979591831,,,
03/01/2040,8.4685976,8.812048233,9.348999163,8.62972046,9.596480112,9.98877891,,,
04/01/2040,8.46866201,8.813342326,9.352359421,8.630315574,9.600598329,9.998613186,,,
05/01/2040,8.468725061,8.814594049,9.355606367,8.63089196,9.604576102,10.00815396,,,
06/01/2040,8.46878998,8.815885854,9.358955352,8.631487066,9.608677423,10.01802973,,,
07/01/2040,8.468852299,8.817134169,9.362190284,8.632062232,9.612637689,10.027611,,,
08/01/2040,8.468916916,8.818422899,9.365527416,8.632656524,9.616721397,10.03752797,,,
09/01/2040,8.468981488,8.819710182,9.36885867,8.633250515,9.620796316,10.04746231,,,
10/01/2040,8.469043961,8.820954609,9.37207698,8.633825085,9.62473161,10.05709825,,,
11/01/2040,8.46910847,8.822239066,9.375396781,8.634418495,9.628789379,10.06706955,,,
12/01/2040,8.469170806,8.823480689,9.378604063,8.634992426,9.632708117,10.07674031,,,
01/01/2041,8.469236094,8.824763173,9.381913444,8.635586096,9.636749819,10.08674773,,,
02/01/2041,8.469301024,8.826043917,9.38521681,8.636179147,9.640782712,10.09676994,,,
03/01/2041,8.469359796,8.827199711,9.388196015,8.636714716,9.644418598,10.10585262,,,
04/01/2041,8.469424304,8.828477417,9.391488241,8.637306853,9.648435116,10.11591859,,,
05/01/2041,8.469487682,8.82971356,9.394669943,8.637880587,9.652315212,10.12568316,,,
06/01/2041,8.469552493,8.830988877,9.397951441,8.638472514,9.656315698,10.13578639,,,
07/01/2041,8.469615419,8.832221985,9.40112205,8.639045305,9.660179606,10.14558793,,,
08/01/2041,8.469679954,8.833494364,9.404392273,8.63963645,9.664163581,10.15573043,,,
09/01/2041,8.469744068,8.834764976,9.40765647,8.640226918,9.668138887,10.16588816,,,
10/01/2041,8.469806909,8.835994123,9.410810914,8.640798885,9.671979045,10.1757395,,,
11/01/2041,8.469871831,8.837262884,9.414064922,8.641389646,9.675939042,10.18593144,,,
12/01/2041,8.469935205,8.838490001,9.41720932,8.64196165,9.67976425,10.19582671,,,
01/01/2042,8.470000245,8.839756247,9.420452568,8.642552022,9.68370845,10.20609999,,,
02/01/2042,8.470065476,8.841021345,9.423690488,8.643142324,9.687644796,10.2164127,,,
03/01/2042,8.470123914,8.842162453,9.426610093,8.643674811,9.691193195,10.22577302,,,
04/01/2042,8.470188998,8.843424873,9.429837404,8.644264472,9.695114182,10.23615615,,,
05/01/2042,8.47025168,8.844645036,9.432955197,8.644834574,9.698900954,10.24623212,,,
06/01/2042,8.470317052,8.845905142,9.436172063,8.645424015,9.702806646,10.25666813,,,
07/01/2042,8.470380309,8.847123364,9.439280091,8.645994198,9.706578998,10.26680231,,,
08/01/2042,8.470445101,8.848380316,9.442485742,8.646582561,9.710468696,10.27729601,,,
09/01/2042,8.470510056,8.849636117,9.445686153,8.647170825,9.714350756,10.28781692,,,
10/01/2042,8.470573086,8.850850353,9.448778471,8.647740041,9.718100511,10.2980271,,,
11/01/2042,8.470638333,8.852103883,9.451968655,8.648328092,9.721967678,10.30859534,,,
12/01/2042,8.470700533,8.853314837,9.455049998,8.648896003,9.72570195,10.31884531,,,
01/01/2043,8.470764919,8.85456497,9.458228805,8.649482697,9.729553101,10.3294512,,,
02/01/2043,8.470829708,8.855814213,9.461402687,8.650069537,9.73339698,10.34007291,,,
03/01/2043,8.470887767,8.856941058,9.464264625,8.650598924,9.736862179,10.34969868,,,
04/01/2043,8.470952233,8.85818753,9.467428059,8.651184958,9.740691218,10.36036244,,,
05/01/2043,8.471014876,8.85939284,9.470484764,8.6517521,9.744389929,10.37070166,,,
06/01/2043,8.471079371,8.860636818,9.473637876,8.652337658,9.748204196,10.38139538,,,
07/01/2043,8.471141792,8.861839482,9.476684386,8.652904098,9.751888406,10.39176238,,,
08/01/2043,8.47120651,8.863081174,9.47982744,8.653489378,9.755688184,10.40248466,,,
09/01/2043,8.471270955,8.864321327,9.482965151,8.654074132,9.759480274,10.41321795,,,
10/01/2043,8.47133366,8.865520626,9.48599821,8.654640123,9.763143456,10.42362309,,,
11/01/2043,8.471398078,8.866758269,9.48912826,8.655224353,9.766921003,10.43438318,,,
12/01/2043,8.471460498,8.867954883,9.492154594,8.655789576,9.770569905,10.44481337,,,
01/01/2044,8.471525386,8.869190513,9.495279052,8.65637377,9.774333534,10.45559978,,,
02/01/2044,8.471589695,8.870424321,9.498399617,8.656957138,9.778089333,10.46639559,,,
03/01/2044,8.471649685,8.871577265,9.501315628,8.657502478,9.781596303,10.47651731,,,
04/01/2044,8.471714043,8.872808707,9.504429334,8.658085404,9.785338136,10.48734702,,,
05/01/2044,8.471776234,8.873999173,9.507438993,8.658649202,9.788952427,10.49784873,,,
06/01/2044,8.471840296,8.875227877,9.510544901,8.659231336,9.792679817,10.50871053,,,
07/01/2044,8.471902824,8.876416316,9.513547456,8.659794987,9.7962808,10.51913738,,,
08/01/2044,8.471967038,8.87764274,9.516645686,8.660376777,9.799994316,10.52972675,,,
09/01/2044,8.472031632,8.878868307,9.519740219,8.66095869,9.803701129,10.54018046,,,
10/01/2044,8.472093646,8.880052698,9.522730575,8.661521104,9.807281282,10.55017997,,,
11/01/2044,8.472158231,8.881275836,9.525816955,8.66210251,9.810974279,10.56039852,,,
12/01/2044,8.472221041,8.882458685,9.528800182,8.662665234,9.814541949,10.57018707,,,
01/01/2045,8.472285266,8.883679075,9.531877961,8.663245789,9.818220939,10.58019947,,,
02/01/2045,8.47234928,8.884898045,9.534951255,8.663825887,9.821892778,10.59011562,,,
03/01/2045,8.472408371,8.885999313,9.53772491,8.664350898,9.825204923,10.59899873,,,
04/01/2045,8.472472962,8.887216554,9.540790653,8.664931091,9.828864296,10.60874463,,,
05/01/2045,8.472535787,8.888393716,9.543753778,8.665492647,9.832399541,10.6180972,,,
06/01/2045,8.472599962,8.889608176,9.546810605,8.66607193,9.8360451,10.62767931,,,
07/01/2045,8.472662137,8.890782415,9.549764816,8.666632365,9.83956676,10.63687853,,,
08/01/2045,8.472726516,8.89199473,9.552813256,8.66721136,9.843199167,10.64630838,,,
09/01/2045,8.472791179,8.893206132,9.555857611,8.667790386,9.846825134,10.65566504,,,
10/01/2045,8.472853676,8.894377266,9.558799602,8.668350421,9.850327807,10.66465299,,,
11/01/2045,8.472918746,8.895586739,9.5618358,8.668929359,9.853941088,10.67387189,,,
12/01/2045,8.472980591,8.896754987,9.564768843,8.669488276,9.857430481,10.68272877,,,
01/01/2046,8.473044258,8.897960759,9.567794983,8.670065336,9.861029275,10.69181459,,,
02/01/2046,8.473107965,8.899165395,9.570816722,8.670642186,9.864621459,10.70083622,,,
03/01/2046,8.473166204,8.900253184,9.573543115,8.671163702,9.867861308,10.70893447,,,
04/01/2046,8.473230187,8.901455862,9.576556713,8.671740355,9.871441229,10.71783879,,,
05/01/2046,8.473292261,8.902618801,9.579469116,8.672298326,9.874899698,10.72640022,,,
06/01/2046,8.473356654,8.903819587,9.582474445,8.672874897,9.878467191,10.73518905,,,
07/01/2046,8.473418876,8.904980457,9.585378619,8.673432543,9.881913453,10.74364097,,,
08/01/2046,8.473483344,8.906179031,9.588375382,8.674008699,9.885468327,10.7523192,,,
09/01/2046,8.473546964,8.907375617,9.59136691,8.674583769,9.889015929,10.76094176,,,
10/01/2046,8.473609305,8.908533279,9.594258581,8.67514082,9.892443857,10.76923709,,,
11/01/2046,8.473673828,8.909728483,9.597242406,8.675716293,9.895979839,10.77775707,,,
12/01/2046,8.473735488,8.910883297,9.600125136,8.676272202,9.899395069,10.7859532,,,
01/01/2047,8.473799827,8.912076069,9.603100221,8.676847007,9.902918466,10.79437314,,,
02/01/2047,8.473864137,8.913267682,9.60607097,8.67742154,9.906435599,10.80274386,,,
03/01/2047,8.473922183,8.914343014,9.608750669,8.677940233,9.909607253,10.81026499,,,
04/01/2047,8.473986251,8.915532239,9.611712964,8.678514059,9.913112314,10.81854407,,,
05/01/2047,8.474048087,8.916681885,9.614575483,8.679068982,9.916498334,10.82651203,,,
06/01/2047,8.474112524,8.917869259,9.617529641,8.679642691,9.919991587,10.83470036,,,
07/01/2047,8.474175137,8.919017544,9.620384745,8.680197921,9.923366663,10.84258251,,,
08/01/2047,8.474239288,8.920202442,9.623330176,8.680770867,9.926847587,10.85068248,,,
09/01/2047,8.474302612,8.921385414,9.626270473,8.68134275,9.930321562,10.85873765,,,
10/01/2047,8.474363899,8.922529189,9.629111863,8.681895961,9.933677725,10.86649248,,,
11/01/2047,8.474427941,8.923710681,9.632044365,8.682468075,9.93714038,10.87446438,,,
12/01/2047,8.474490125,8.924853235,9.634878479,8.683021714,9.940485891,10.88214041,,,
01/01/2048,8.474554362,8.926032755,9.637802773,8.683593546,9.943936882,10.89003131,,,
02/01/2048,8.474618474,8.927211053,9.64072267,8.684165012,9.947381739,10.89788162,,,
03/01/2048,8.474678464,8.928312381,9.643450466,8.684699407,9.950599127,10.90519075,,,
04/01/2048,8.474742995,8.929488968,9.646362558,8.685270818,9.954032876,10.91296543,,,
05/01/2048,8.474804741,8.930625887,9.649176063,8.68582287,9.95734963,10.92045242,,,
06/01/2048,8.474868694,8.931799765,9.652079267,8.686393231,9.960771184,10.92815104,,,
07/01/2048,8.474930886,8.932935056,9.654885173,8.686945265,9.964077156,10.9355666,,,
08/01/2048,8.474994685,8.934106649,9.657779943,8.687514997,9.96748701,10.94319188,,,
09/01/2048,8.475058666,8.935277345,9.660670698,8.688084668,9.970891212,10.95078097,,,
10/01/2048,8.475120585,8.936409276,9.663464285,8.688635741,9.974180158,10.9580915,,,
11/01/2048,8.475184306,8.937577606,9.666346536,8.689204683,9.977572659,10.96560984,,,
12/01/2048,8.475246285,8.938707554,9.669132203,8.689755356,9.980850619,10.97285328,,,
01/01/2049,8.475309572,8.939873353,9.672005799,8.690323395,9.984231327,10.98030268,,,
02/01/2049,8.475373092,8.941038322,9.674875428,8.690891428,9.98760647,10.98771788,,,
03/01/2049,8.475430614,8.942089827,9.67746408,8.69140444,9.990650441,10.99438816,,,
04/01/2049,8.475494451,8.943253078,9.680326091,8.691972326,9.994015005,11.00174017,,,
05/01/2049,8.475556296,8.944377884,9.683091988,8.692521738,9.997265802,11.00882445,,,
06/01/2049,8.475620667,8.945539585,9.685946451,8.693089683,10.0006198,11.01611321,,,
07/01/2049,8.475682266,8.946662141,9.688704333,8.693638392,10.00385969,11.02313632,,,
08/01/2049,8.475746347,8.947821497,9.691550503,8.694205581,10.00720242,11.03036239,,,
09/01/2049,8.475809893,8.948979284,9.694392065,8.694772003,10.01053905,11.03755656,,,
10/01/2049,8.475872075,8.950099421,9.697138836,8.695320608,10.01376352,11.04449062,,,
11/01/2049,8.475935815,8.951255353,9.699972619,8.695886752,10.01709,11.05162488,,,
12/01/2049,8.475997449,8.952372981,9.702711155,8.696434362,10.02030469,11.05850069,,,
01/01/2050,8.476061056,8.953526757,9.705536847,8.696999912,10.02362164,11.06557562,,,
02/01/2050,8.476124547,8.954679385,9.708358369,8.697565107,10.02693366,11.07262093,,,
03/01/2050,8.47618202,8.955719756,9.710903673,8.698075538,10.02992136,11.07896079,,,
04/01/2050,8.476246034,8.956870956,9.713718048,8.698640807,10.03322475,11.08595138,,,
05/01/2050,8.476307485,8.957983565,9.716437375,8.699187122,10.03641658,11.09268931,,,
06/01/2050,8.476370555,8.959131821,9.719242905,8.699750988,10.03970955,11.09962301,,,
07/01/2050,8.47643211,8.960242597,9.721954682,8.70029696,10.04289227,11.10630733,,,
08/01/2050,8.476495834,8.961389496,9.724752969,8.700861009,10.04617638,11.11318702,,,
09/01/2050,8.476559042,8.962534876,9.727546751,8.701424313,10.04945516,11.12003875,,,
10/01/2050,8.476620766,8.963642904,9.730247235,8.701969794,10.05262421,11.12664485,,,
11/01/2050,8.476684842,8.964787149,9.733034092,8.702533531,10.05589444,11.13344495,,,
12/01/2050,8.476746794,8.965893485,9.735727336,8.70307882,10.0590547,11.14000115,,,
01/01/2051,8.476810128,8.96703503,9.73850576,8.703641398,10.06231484,11.14674881,,,
02/01/2051,8.476873499,8.968175612,9.741280275,8.7042038,10.06557021,11.15347046,,,
03/01/2051,8.47693107,8.969205327,9.743783416,8.704711931,10.06850697,11.15952112,,,
04/01/2051,8.476994084,8.970343663,9.746550116,8.70527358,10.07175286,11.16619371,,,
05/01/2051,8.477055177,8.971444458,9.749223988,8.705817027,10.07488963,11.17262741,,,
06/01/2051,8.477117816,8.972580467,9.751982567,8.706377895,10.07812564,11.17924996,,,
07/01/2051,8.477178474,8.97367894,9.754648519,8.706920528,10.08125278,11.18563568,,,
08/01/2051,8.477241737,8.974813617,9.75740002,8.707481637,10.08447997,11.19221065,,,
09/01/2051,8.4773051,8.975947416,9.76014778,8.708042653,10.08770325,11.19876181,,,
10/01/2051,8.477366366,8.97704366,9.762803264,8.708585345,10.09081874,11.20507924,,,
11/01/2051,8.477429273,8.978175076,9.765543017,8.709145546,10.09403356,11.21158287,,,
12/01/2051,8.477490363,8.979269286,9.768190988,8.70968771,10.09714102,11.21785495,,,
01/01/2052,8.477553055,8.980398569,9.770922945,8.710247335,10.10034746,11.22431211,,,
02/01/2052,8.477615,8.98152614,9.773650275,8.710806036,10.1035489,11.230745,,,
03/01/2052,8.477673775,8.982580925,9.776199073,8.711329351,10.1065409,11.23674357,,,
04/01/2052,8.477736442,8.983707314,9.778919659,8.71188841,10.10973493,11.24313322,,,
05/01/2052,8.477797542,8.984796914,9.781549388,8.712429713,10.1128225,11.24929638,,,
06/01/2052,8.477860319,8.985921517,9.784262636,8.712988522,10.11600846,11.25564231,,,
07/01/2052,8.477921355,8.987009216,9.786885102,8.713529411,10.11908803,11.26176332,,,
08/01/2052,8.477984785,8.98813256,9.789591605,8.7140885,10.1222665,11.26806719,,,
09/01/2052,8.478048046,8.989254779,9.792294229,8.714647234,10.12544069,11.27434949,,,
10/01/2052,8.478108663,8.990339316,9.794905597,8.715187173,10.12850799,11.28040844,,,
11/01/2052,8.478171695,8.991459446,9.797600683,8.715745315,10.13167376,11.28664855,,,
12/01/2052,8.478233154,8.99254301,9.800205833,8.716285734,10.13473398,11.29266832,,,
01/01/2053,8.478296254,8.993661354,9.802893741,8.716843574,10.13789167,11.29886758,,,
02/01/2053,8.478359512,8.994779033,9.805578144,8.717401382,10.14104537,11.3050465,,,
03/01/2053,8.478416287,8.995787527,9.807999423,8.717904695,10.14389012,11.31061039,,,
04/01/2053,8.478479336,8.996903471,9.810676656,8.718461937,10.14703567,11.31675075,,,
05/01/2053,8.478539948,8.997982272,9.81326369,8.719000627,10.15007539,11.32267554,,,
06/01/2053,8.478602668,8.999096314,9.815933381,8.719557169,10.15321231,11.3287796,,,
07/01/2053,8.478663502,9.00017387,9.818513686,8.720095712,10.15624426,11.33466973,,,
08/01/2053,8.478726549,9.001286843,9.82117657,8.720652204,10.15937328,11.34073932,,,
09/01/2053,8.478790097,9.002399617,9.82383636,8.721208998,10.16249868,11.34679302,,,
10/01/2053,8.478850559,9.003474831,9.826405975,8.721746627,10.16551834,11.35263402,,,
11/01/2053,8.478913365,9.004585515,9.829057973,8.722302311,10.16863478,11.3586523,,,
12/01/2053,8.478974119,9.005659684,9.831621035,8.722839865,10.17164672,11.36445965,,,
01/01/2054,8.479036724,9.006768769,9.834265762,8.723394973,10.17475464,11.37044215,,,
02/01/2054,8.479099593,9.007877382,9.836907148,8.723950152,10.17785858,11.37640681,,,
03/01/2054,8.479156208,9.008877934,9.839289827,8.724451274,10.18065854,11.38177955,,,
04/01/2054,8.47921876,9.009984817,9.841924099,8.72500577,10.18375415,11.38770973,,,
05/01/2054,8.47927939,9.011055378,9.844470155,8.72554229,10.18674606,11.39343204,,,
06/01/2054,8.479342211,9.012161028,9.847097715,8.726096667,10.18983369,11.39932769,,,
07/01/2054,8.479402815,9.01323011,9.84963704,8.726632793,10.19281765,11.40501648,,,
08/01/2054,8.479465881,9.014334493,9.852257957,8.72718703,10.1958974,11.4108781,,,
09/01/2054,8.479528253,9.015437419,9.85487471,8.727740385,10.19897232,11.41672152,,,
10/01/2054,8.479588765,9.016504194,9.857403941,8.728275861,10.2019443,11.42236023,,,
11/01/2054,8.479651016,9.017605474,9.860013713,8.728828713,10.20501089,11.42816915,,,
12/01/2054,8.479711269,9.018670512,9.862536035,8.729363563,10.20797462,11.4337743,,,
01/01/2055,8.479773431,9.019770158,9.865138846,8.729915941,10.21103286,11.43954924,,,
02/01/2055,8.479835798,9.020869224,9.867738397,8.730468331,10.21408714,11.44530734,,,
03/01/2055,8.479892132,9.021861283,9.870083558,8.730967106,10.21684245,11.45049456,,,
04/01/2055,8.47995461,9.022958954,9.872676661,8.731519233,10.21988895,11.45622103,,,
05/01/2055,8.480015495,9.024020892,9.875183336,8.732053786,10.22283376,11.4617479,,,
06/01/2055,8.480078371,9.025117404,9.877770131,8.732605925,10.22587258,11.46744249,,,
07/01/2055,8.480138831,9.026177421,9.8802699,8.733139686,10.22880911,11.47293739,,,
08/01/2055,8.480201537,9.027272201,9.882849813,8.733691269,10.23183964,11.47859956,,,
09/01/2055,8.480264142,9.028366087,9.885426252,8.734242554,10.234866,11.48424574,,,
10/01/2055,8.480324296,9.029423518,9.887915999,8.734775444,10.23779047,11.4896943,,,
11/01/2055,8.480386694,9.03051564,9.890485611,8.735326137,10.24080858,11.49530884,,,
12/01/2055,8.480446798,9.031571516,9.892968904,8.735858605,10.2437252,11.50072697,,,
01/01/2056,8.480509051,9.032661938,9.895531748,8.736408771,10.24673506,11.50631002,,,
02/01/2056,8.480571181,9.033751444,9.898091102,8.736958619,10.24974068,11.51187716,,,
03/01/2056,8.480629364,9.034770026,9.900482455,8.737472885,10.25254884,11.51707148,,,
04/01/2056,8.480691282,9.035857786,9.903035081,8.738022143,10.25554624,11.52260797,,,
05/01/2056,8.480751385,9.036909886,9.905502392,8.738553679,10.25844327,11.52795173,,,
06/01/2056,8.480813459,9.037996226,9.908048577,8.739102703,10.26143274,11.53345841,,,
07/01/2056,8.480873662,9.039046907,9.910509649,8.739633964,10.2643221,11.53877352,,,
08/01/2056,8.480935773,9.04013172,9.913049343,8.740182639,10.26730359,11.54425058,,,
09/01/2056,8.480998177,9.041216021,9.915586034,8.740731404,10.27028136,11.54971336,,,
10/01/2056,8.481058562,9.042264595,9.918037839,8.741262275,10.27315934,11.55498641,,,
11/01/2056,8.481121123,9.043347495,9.920568305,8.741810808,10.27612948,11.56042105,,,
12/01/2056,8.481181319,9.044394382,9.923013776,8.742341115,10.27899975,11.5656664,,,
01/01/2057,8.481243621,9.045475482,9.925537629,8.742889006,10.28196179,11.57107213,,,
02/01/2057,8.481305636,9.046555512,9.928057959,8.743436413,10.28491957,11.57646313,,,
03/01/2057,8.481361627,9.047530357,9.930331728,8.743930662,10.28758783,11.58132077,,,
04/01/2057,8.48142355,9.048608804,9.932845826,8.744477603,10.29053793,11.58668447,,,
05/01/2057,8.481483879,9.049652131,9.935276203,8.745007122,10.29338951,11.59186218,,,
06/01/2057,8.481545895,9.050729126,9.937784049,8.745553768,10.29633184,11.59719817,,,
07/01/2057,8.481606179,9.051770918,9.940208262,8.746082867,10.2991758,11.60234914,,,
08/01/2057,8.481668066,9.05284625,9.94270966,8.746629001,10.30211016,11.60765735,,,
09/01/2057,8.481730232,9.053921068,9.945208141,8.74717521,10.30504087,11.61295243,,,
10/01/2057,8.481789937,9.054960046,9.947622597,8.74770317,10.30787287,11.61806305,,,
11/01/2057,8.48185231,9.056033537,9.950115025,8.748249198,10.31079602,11.62333149,,,
12/01/2057,8.481912561,9.057071568,9.952524004,8.748777322,10.31362113,11.62841736,,,
01/01/2058,8.481974787,9.05814339,9.955010113,8.749322817,10.3165365,11.63365944,,,
02/01/2058,8.482036755,9.059214184,9.95749284,8.749867859,10.31944774,11.63888799,,,
03/01/2058,8.482092209,9.060180215,9.959732231,8.750359485,10.32207354,11.64359898,,,
04/01/2058,8.482153935,9.061249307,9.962208735,8.750903918,10.32497706,11.64880167,,,
05/01/2058,8.482213524,9.062283035,9.964602275,8.751430453,10.32778316,11.65382439,,,
06/01/2058,8.482275864,9.063351212,9.967073278,8.751975103,10.33067975,11.65900274,,,
07/01/2058,8.482335588,9.064383623,9.969461092,8.752501403,10.33347871,11.6640012,,,
08/01/2058,8.482397375,9.065449752,9.971925482,8.753045121,10.3363672,11.66915353,,,
09/01/2058,8.48245968,9.066515627,9.97438733,8.753589153,10.33925244,11.67429411,,,
10/01/2058,8.482519363,9.067545811,9.976766297,8.754114851,10.3420404,11.67925596,,,
11/01/2058,8.48258163,9.068610158,9.979222085,8.754658464,10.34491809,11.68437145,,,
12/01/2058,8.482641857,9.069639428,9.981595789,8.755184322,10.34769941,11.68931052,,,
01/01/2059,8.482703087,9.070701268,9.984044585,8.755726525,10.35056863,11.69440028,,,
02/01/2059,8.482765287,9.071763306,9.986491292,8.756269489,10.35343501,11.69947888,,,
03/01/2059,8.482821008,9.072721503,9.988698297,8.756759297,10.35602046,11.7040553,,,
04/01/2059,8.482882818,9.073781726,9.99113884,8.757301503,10.35887922,11.70910981,,,
05/01/2059,8.48294188,9.074806303,9.993497041,8.757825295,10.36164139,11.71398851,,,
06/01/2059,8.483003365,9.075864716,9.995931235,8.758366792,10.36449227,11.71901839,,,
07/01/2059,8.483062904,9.076888327,9.998284115,8.758890682,10.36724768,11.72387463,,,
08/01/2059,8.48312404,9.077944918,10.00071201,8.759431451,10.37009075,11.72888029,,,
09/01/2059,8.483185637,9.079001215,10.00313734,8.759972483,10.37293051,11.73387461,,,
10/01/2059,8.483245626,9.080023112,10.00548202,8.760496257,10.37567556,11.73869729,,,
11/01/2059,8.483307307,9.081078025,10.00790156,8.761036992,10.37850806,11.74366852,,,
12/01/2059,8.483367479,9.082098673,10.01024075,8.761560569,10.38124625,11.74846948,,,
01/01/2060,8.4834288,9.08315176,10.01265414,8.762100556,10.3840712,11.75341794,,,
02/01/2060,8.483489478,9.084203475,10.01506391,8.762639714,10.38689174,11.75835367,,,
03/01/2060,8.483547242,9.085187673,10.0173166,8.763144908,10.38952804,11.76296202,,,
04/01/2060,8.483608904,9.086238925,10.01972163,8.763684665,10.39234241,11.7678768,,,
05/01/2060,8.483668279,9.087255283,10.02204602,8.764206533,10.39506223,11.77262189,,,
06/01/2060,8.483729332,9.088304482,10.02444463,8.764745303,10.39786869,11.77751331,,,
07/01/2060,8.483788308,9.089319032,10.02676299,8.7652664,10.40058104,11.78223628,,,
08/01/2060,8.483849299,9.090366716,10.02915574,8.765804722,10.40338017,11.78710548,,,
09/01/2060,8.483910747,9.091414113,10.03154603,8.766343302,10.40617612,11.79196434,,,
10/01/2060,8.483969854,9.092426682,10.03385616,8.766863968,10.40887817,11.79665596,,,
11/01/2060,8.484031231,9.093472574,10.03624072,8.767402096,10.41166699,11.80149332,,,
12/01/2060,8.484090668,9.094484084,10.03854572,8.767922722,10.41436254,11.80616466,,,
01/01/2061,8.484152214,9.095528708,10.04092483,8.768460629,10.41714455,11.81098138,,,
