Date,Critical head + 50 feet,Critical head + 20 feet,Critical head,base,2015 water level scenario,Historical low scenario,Date_S,Measured Subsidence,Source
01/01/1901,0,0,0,0,0,0,01/01/1901,0,Leveling
02/01/1901,0.128713473,0.128713473,0.128713473,0.128713473,0.128713473,0.128713473,01/01/1931,0.71,Leveling
03/01/1901,0.135359591,0.135359591,0.135359591,0.135359591,0.135359591,0.135359591,01/01/1940,1.11,Leveling
04/01/1901,0.137824314,0.137824314,0.137824314,0.137824314,0.137824314,0.137824314,01/01/1943,1.12,Leveling
05/01/1901,0.136888578,0.136888578,0.136888578,0.136888578,0.136888578,0.136888578,01/01/1947,1.11,Leveling
06/01/1901,0.145324571,0.145324571,0.145324571,0.145324571,0.145324571,0.145324571,01/01/1948,1.17,Leveling
07/01/1901,0.153916311,0.153916311,0.153916311,0.153916311,0.153916311,0.153916311,01/01/1953,1.28,Leveling
08/01/1901,0.153469103,0.153469103,0.153469103,0.153469103,0.153469103,0.153469103,01/01/1957,1.13,Leveling
09/01/1901,0.158943975,0.158943975,0.158943975,0.158943975,0.158943975,0.158943975,01/01/1959,1.13,Leveling
10/01/1901,0.167993109,0.167993109,0.167993109,0.167993109,0.167993109,0.167993109,01/01/1962,1.11,Leveling
11/01/1901,0.168505259,0.168505259,0.168505259,0.168505259,0.168505259,0.168505259,01/01/1970,1.05,Leveling
12/01/1901,0.173435474,0.173435474,0.173435474,0.173435474,0.173435474,0.173435474,08/01/2004,1.82,InSAR
01/01/1902,0.178694917,0.178694917,0.178694917,0.178694917,0.178694917,0.178694917,09/01/2004,1.82,InSAR
02/01/1902,0.184987405,0.184987405,0.184987405,0.184987405,0.184987405,0.184987405,10/01/2004,1.83,InSAR
03/01/1902,0.189775166,0.189775166,0.189775166,0.189775166,0.189775166,0.189775166,11/01/2004,1.83,InSAR
04/01/1902,0.191820197,0.191820197,0.191820197,0.191820197,0.191820197,0.191820197,12/01/2004,1.83,InSAR
05/01/1902,0.192333212,0.192333212,0.192333212,0.192333212,0.192333212,0.192333212,01/01/2005,1.83,InSAR
06/01/1902,0.192267916,0.192267916,0.192267916,0.192267916,0.192267916,0.192267916,02/01/2005,1.83,InSAR
07/01/1902,0.190468997,0.190468997,0.190468997,0.190468997,0.190468997,0.190468997,03/01/2005,1.82,InSAR
08/01/1902,0.188602218,0.188602218,0.188602218,0.188602218,0.188602218,0.188602218,04/01/2005,1.82,InSAR
09/01/1902,0.186859983,0.186859983,0.186859983,0.186859983,0.186859983,0.186859983,01/01/2006,1.84,InSAR
10/01/1902,0.189779363,0.189779363,0.189779363,0.189779363,0.189779363,0.189779363,02/01/2006,1.83,InSAR
11/01/1902,0.189422583,0.189422583,0.189422583,0.189422583,0.189422583,0.189422583,03/01/2006,1.82,InSAR
12/01/1902,0.190535665,0.190535665,0.190535665,0.190535665,0.190535665,0.190535665,04/01/2006,1.83,InSAR
01/01/1903,0.19229661,0.19229661,0.19229661,0.19229661,0.19229661,0.19229661,05/01/2006,1.83,InSAR
02/01/1903,0.196507575,0.196507575,0.196507575,0.196507575,0.196507575,0.196507575,06/01/2006,1.83,InSAR
03/01/1903,0.192647225,0.192647225,0.192647225,0.192647225,0.192647225,0.192647225,12/01/2006,1.86,InSAR
04/01/1903,0.193047714,0.193047714,0.193047714,0.193047714,0.193047714,0.193047714,01/01/2007,1.86,InSAR
05/01/1903,0.193499772,0.193499772,0.193499772,0.193499772,0.193499772,0.193499772,02/01/2007,1.85,InSAR
06/01/1903,0.19819944,0.19819944,0.19819944,0.19819944,0.19819944,0.19819944,08/01/2007,1.88,InSAR
07/01/1903,0.201008107,0.201008107,0.201008107,0.201008107,0.201008107,0.201008107,09/01/2007,1.88,InSAR
08/01/1903,0.203747797,0.203747797,0.203747797,0.203747797,0.203747797,0.203747797,02/01/2008,1.87,InSAR
09/01/1903,0.210880775,0.210880775,0.210880775,0.210880775,0.210880775,0.210880775,03/01/2008,1.87,InSAR
10/01/1903,0.210002932,0.210002932,0.210002932,0.210002932,0.210002932,0.210002932,05/01/2009,1.89,InSAR
11/01/1903,0.214416545,0.214416545,0.214416545,0.214416545,0.214416545,0.214416545,06/01/2009,1.9,InSAR
12/01/1903,0.214502031,0.214502031,0.214502031,0.214502031,0.214502031,0.214502031,07/01/2009,1.9,InSAR
01/01/1904,0.218142861,0.218142861,0.218142861,0.218142861,0.218142861,0.218142861,08/01/2009,1.91,InSAR
02/01/1904,0.215321519,0.215321519,0.215321519,0.215321519,0.215321519,0.215321519,09/01/2009,1.91,InSAR
03/01/1904,0.21242569,0.21242569,0.21242569,0.21242569,0.21242569,0.21242569,10/01/2009,1.91,InSAR
04/01/1904,0.210300895,0.210300895,0.210300895,0.210300895,0.210300895,0.210300895,11/01/2009,1.91,InSAR
05/01/1904,0.212633534,0.212633534,0.212633534,0.212633534,0.212633534,0.212633534,12/01/2009,1.91,InSAR
06/01/1904,0.215173767,0.215173767,0.215173767,0.215173767,0.215173767,0.215173767,01/01/2010,1.91,InSAR
07/01/1904,0.220690254,0.220690254,0.220690254,0.220690254,0.220690254,0.220690254,02/01/2010,1.9,InSAR
08/01/1904,0.225257275,0.225257275,0.225257275,0.225257275,0.225257275,0.225257275,03/01/2010,1.9,InSAR
09/01/1904,0.229255108,0.229255108,0.229255108,0.229255108,0.229255108,0.229255108,04/01/2010,1.9,InSAR
10/01/1904,0.230166141,0.230166141,0.230166141,0.230166141,0.230166141,0.230166141,05/01/2010,1.9,InSAR
11/01/1904,0.232442282,0.232442282,0.232442282,0.232442282,0.232442282,0.232442282,06/01/2010,1.91,InSAR
12/01/1904,0.230416081,0.230416081,0.230416081,0.230416081,0.230416081,0.230416081,07/01/2015,2.34,InSAR
01/01/1905,0.228346243,0.228346243,0.228346243,0.228346243,0.228346243,0.228346243,08/01/2015,2.34,InSAR
02/01/1905,0.222242239,0.222242239,0.222242239,0.222242239,0.222242239,0.222242239,09/01/2015,2.35,InSAR
03/01/1905,0.223802258,0.223802258,0.223802258,0.223802258,0.223802258,0.223802258,10/01/2015,2.35,InSAR
04/01/1905,0.227000693,0.227000693,0.227000693,0.227000693,0.227000693,0.227000693,11/01/2015,2.35,InSAR
05/01/1905,0.220334493,0.220334493,0.220334493,0.220334493,0.220334493,0.220334493,12/01/2015,2.36,InSAR
06/01/1905,0.221217843,0.221217843,0.221217843,0.221217843,0.221217843,0.221217843,01/01/2016,2.36,InSAR
07/01/1905,0.219969539,0.219969539,0.219969539,0.219969539,0.219969539,0.219969539,02/01/2016,2.38,InSAR
08/01/1905,0.226749928,0.226749928,0.226749928,0.226749928,0.226749928,0.226749928,03/01/2016,2.38,InSAR
09/01/1905,0.231155742,0.231155742,0.231155742,0.231155742,0.231155742,0.231155742,04/01/2016,2.38,InSAR
10/01/1905,0.236128881,0.236128881,0.236128881,0.236128881,0.236128881,0.236128881,05/01/2016,2.39,InSAR
11/01/1905,0.234904254,0.234904254,0.234904254,0.234904254,0.234904254,0.234904254,06/01/2016,2.4,InSAR
12/01/1905,0.233586964,0.233586964,0.233586964,0.233586964,0.233586964,0.233586964,07/01/2016,2.4,InSAR
01/01/1906,0.224910421,0.224910421,0.224910421,0.224910421,0.224910421,0.224910421,08/01/2016,2.4,InSAR
02/01/1906,0.227426775,0.227426775,0.227426775,0.227426775,0.227426775,0.227426775,09/01/2016,2.41,InSAR
03/01/1906,0.224799539,0.224799539,0.224799539,0.224799539,0.224799539,0.224799539,10/01/2016,2.39,InSAR
04/01/1906,0.221987407,0.221987407,0.221987407,0.221987407,0.221987407,0.221987407,11/01/2016,2.41,InSAR
05/01/1906,0.22374004,0.22374004,0.22374004,0.22374004,0.22374004,0.22374004,12/01/2016,2.4,InSAR
06/01/1906,0.222089867,0.222089867,0.222089867,0.222089867,0.222089867,0.222089867,01/01/2017,2.41,InSAR
07/01/1906,0.222411474,0.222411474,0.222411474,0.222411474,0.222411474,0.222411474,02/01/2017,2.43,InSAR
08/01/1906,0.227912842,0.227912842,0.227912842,0.227912842,0.227912842,0.227912842,03/01/2017,2.43,InSAR
09/01/1906,0.222593887,0.222593887,0.222593887,0.222593887,0.222593887,0.222593887,04/01/2017,2.43,InSAR
10/01/1906,0.220994432,0.220994432,0.220994432,0.220994432,0.220994432,0.220994432,05/01/2017,2.44,InSAR
11/01/1906,0.218165516,0.218165516,0.218165516,0.218165516,0.218165516,0.218165516,06/01/2017,2.43,InSAR
12/01/1906,0.221719147,0.221719147,0.221719147,0.221719147,0.221719147,0.221719147,07/01/2017,2.43,InSAR
01/01/1907,0.214466552,0.214466552,0.214466552,0.214466552,0.214466552,0.214466552,08/01/2017,2.43,InSAR
02/01/1907,0.219541465,0.219541465,0.219541465,0.219541465,0.219541465,0.219541465,09/01/2017,2.43,InSAR
03/01/1907,0.223691573,0.223691573,0.223691573,0.223691573,0.223691573,0.223691573,10/01/2017,2.42,InSAR
04/01/1907,0.218326891,0.218326891,0.218326891,0.218326891,0.218326891,0.218326891,11/01/2017,2.43,InSAR
05/01/1907,0.215791872,0.215791872,0.215791872,0.215791872,0.215791872,0.215791872,12/01/2017,2.42,InSAR
06/01/1907,0.222137572,0.222137572,0.222137572,0.222137572,0.222137572,0.222137572,01/01/2018,2.42,InSAR
07/01/1907,0.227978906,0.227978906,0.227978906,0.227978906,0.227978906,0.227978906,02/01/2018,2.43,InSAR
08/01/1907,0.236241432,0.236241432,0.236241432,0.236241432,0.236241432,0.236241432,03/01/2018,2.42,InSAR
09/01/1907,0.240946309,0.240946309,0.240946309,0.240946309,0.240946309,0.240946309,04/01/2018,2.44,InSAR
10/01/1907,0.240847596,0.240847596,0.240847596,0.240847596,0.240847596,0.240847596,05/01/2018,2.44,InSAR
11/01/1907,0.238713202,0.238713202,0.238713202,0.238713202,0.238713202,0.238713202,06/01/2018,2.43,InSAR
12/01/1907,0.236811619,0.236811619,0.236811619,0.236811619,0.236811619,0.236811619,07/01/2018,2.44,InSAR
01/01/1908,0.243826155,0.243826155,0.243826155,0.243826155,0.243826155,0.243826155,08/01/2018,2.44,InSAR
02/01/1908,0.241117372,0.241117372,0.241117372,0.241117372,0.241117372,0.241117372,09/01/2018,2.43,InSAR
03/01/1908,0.230557656,0.230557656,0.230557656,0.230557656,0.230557656,0.230557656,10/01/2018,2.44,InSAR
04/01/1908,0.22496049,0.22496049,0.22496049,0.22496049,0.22496049,0.22496049,11/01/2018,2.44,InSAR
05/01/1908,0.230523793,0.230523793,0.230523793,0.230523793,0.230523793,0.230523793,12/01/2018,2.44,InSAR
06/01/1908,0.229634711,0.229634711,0.229634711,0.229634711,0.229634711,0.229634711,01/01/2019,2.45,InSAR
07/01/1908,0.23228354,0.23228354,0.23228354,0.23228354,0.23228354,0.23228354,02/01/2019,2.46,InSAR
08/01/1908,0.226205705,0.226205705,0.226205705,0.226205705,0.226205705,0.226205705,03/01/2019,2.47,InSAR
09/01/1908,0.229394078,0.229394078,0.229394078,0.229394078,0.229394078,0.229394078,04/01/2019,2.49,InSAR
10/01/1908,0.222125646,0.222125646,0.222125646,0.222125646,0.222125646,0.222125646,05/01/2019,2.47,InSAR
11/01/1908,0.229905509,0.229905509,0.229905509,0.229905509,0.229905509,0.229905509,06/01/2019,2.45,InSAR
12/01/1908,0.237311096,0.237311096,0.237311096,0.237311096,0.237311096,0.237311096,07/01/2019,2.46,InSAR
01/01/1909,0.23137149,0.23137149,0.23137149,0.23137149,0.23137149,0.23137149,08/01/2019,2.46,InSAR
02/01/1909,0.22968085,0.22968085,0.22968085,0.22968085,0.22968085,0.22968085,09/01/2019,2.46,InSAR
03/01/1909,0.2417003,0.2417003,0.2417003,0.2417003,0.2417003,0.2417003,10/01/2019,2.47,InSAR
04/01/1909,0.240153866,0.240153866,0.240153866,0.240153866,0.240153866,0.240153866,11/01/2019,2.47,InSAR
05/01/1909,0.240909169,0.240909169,0.240909169,0.240909169,0.240909169,0.240909169,12/01/2019,2.47,InSAR
06/01/1909,0.239075595,0.239075595,0.239075595,0.239075595,0.239075595,0.239075595,01/01/2020,2.49,InSAR
07/01/1909,0.236076143,0.236076143,0.236076143,0.236076143,0.236076143,0.236076143,02/01/2020,2.49,InSAR
08/01/1909,0.243723321,0.243723321,0.243723321,0.243723321,0.243723321,0.243723321,03/01/2020,2.5,InSAR
09/01/1909,0.253719565,0.253719565,0.253719565,0.253719565,0.253719565,0.253719565,04/01/2020,2.51,InSAR
10/01/1909,0.258174758,0.258174758,0.258174758,0.258174758,0.258174758,0.258174758,05/01/2020,2.5,InSAR
11/01/1909,0.261317989,0.261317989,0.261317989,0.261317989,0.261317989,0.261317989,06/01/2020,2.5,InSAR
12/01/1909,0.262660826,0.262660826,0.262660826,0.262660826,0.262660826,0.262660826,07/01/2020,2.5,InSAR
01/01/1910,0.268496789,0.268496789,0.268496789,0.268496789,0.268496789,0.268496789,08/01/2020,2.51,InSAR
02/01/1910,0.272803356,0.272803356,0.272803356,0.272803356,0.272803356,0.272803356,09/01/2020,2.53,InSAR
03/01/1910,0.273443451,0.273443451,0.273443451,0.273443451,0.273443451,0.273443451,10/01/2020,2.53,InSAR
04/01/1910,0.279030564,0.279030564,0.279030564,0.279030564,0.279030564,0.279030564,11/01/2020,2.52,InSAR
05/01/1910,0.280550628,0.280550628,0.280550628,0.280550628,0.280550628,0.280550628,12/01/2020,2.51,InSAR
06/01/1910,0.280001959,0.280001959,0.280001959,0.280001959,0.280001959,0.280001959,01/01/2021,2.51,InSAR
07/01/1910,0.272986183,0.272986183,0.272986183,0.272986183,0.272986183,0.272986183,02/01/2021,2.51,InSAR
08/01/1910,0.271318165,0.271318165,0.271318165,0.271318165,0.271318165,0.271318165,03/01/2021,2.52,InSAR
09/01/1910,0.278685068,0.278685068,0.278685068,0.278685068,0.278685068,0.278685068,04/01/2021,2.53,InSAR
10/01/1910,0.277904169,0.277904169,0.277904169,0.277904169,0.277904169,0.277904169,05/01/2021,2.53,InSAR
11/01/1910,0.28226528,0.28226528,0.28226528,0.28226528,0.28226528,0.28226528,06/01/2021,2.56,InSAR
12/01/1910,0.286189576,0.286189576,0.286189576,0.286189576,0.286189576,0.286189576,07/01/2021,2.57,InSAR
01/01/1911,0.286215557,0.286215557,0.286215557,0.286215557,0.286215557,0.286215557,08/01/2021,2.6,InSAR
02/01/1911,0.283581112,0.283581112,0.283581112,0.283581112,0.283581112,0.283581112,09/01/2021,2.59,InSAR
03/01/1911,0.278976739,0.278976739,0.278976739,0.278976739,0.278976739,0.278976739,10/01/2021,2.58,InSAR
04/01/1911,0.271193018,0.271193018,0.271193018,0.271193018,0.271193018,0.271193018,11/01/2021,2.58,InSAR
05/01/1911,0.262990355,0.262990355,0.262990355,0.262990355,0.262990355,0.262990355,12/01/2021,2.57,InSAR
06/01/1911,0.265188738,0.265188738,0.265188738,0.265188738,0.265188738,0.265188738,01/01/2022,2.56,InSAR
07/01/1911,0.275702069,0.275702069,0.275702069,0.275702069,0.275702069,0.275702069,02/01/2022,2.57,InSAR
08/01/1911,0.275223773,0.275223773,0.275223773,0.275223773,0.275223773,0.275223773,03/01/2022,2.57,InSAR
09/01/1911,0.270606207,0.270606207,0.270606207,0.270606207,0.270606207,0.270606207,04/01/2022,2.56,InSAR
10/01/1911,0.279387406,0.279387406,0.279387406,0.279387406,0.279387406,0.279387406,05/01/2022,2.59,InSAR
11/01/1911,0.279835093,0.279835093,0.279835093,0.279835093,0.279835093,0.279835093,06/01/2022,2.61,InSAR
12/01/1911,0.28560516,0.28560516,0.28560516,0.28560516,0.28560516,0.28560516,07/01/2022,2.65,InSAR
01/01/1912,0.289981627,0.289981627,0.289981627,0.289981627,0.289981627,0.289981627,08/01/2022,2.67,InSAR
02/01/1912,0.297261258,0.297261258,0.297261258,0.297261258,0.297261258,0.297261258,09/01/2022,2.65,InSAR
03/01/1912,0.291506966,0.291506966,0.291506966,0.291506966,0.291506966,0.291506966,10/01/2022,2.64,InSAR
04/01/1912,0.28612547,0.28612547,0.28612547,0.28612547,0.28612547,0.28612547,11/01/2022,2.64,InSAR
05/01/1912,0.290445661,0.290445661,0.290445661,0.290445661,0.290445661,0.290445661,12/01/2022,2.64,InSAR
06/01/1912,0.293166477,0.293166477,0.293166477,0.293166477,0.293166477,0.293166477,01/01/2023,2.64,InSAR
07/01/1912,0.295299402,0.295299402,0.295299402,0.295299402,0.295299402,0.295299402,02/01/2023,2.64,InSAR
08/01/1912,0.284907744,0.284907744,0.284907744,0.284907744,0.284907744,0.284907744,03/01/2023,2.64,InSAR
09/01/1912,0.283343897,0.283343897,0.283343897,0.283343897,0.283343897,0.283343897,04/01/2023,2.66,InSAR
10/01/1912,0.288254026,0.288254026,0.288254026,0.288254026,0.288254026,0.288254026,05/01/2023,2.64,InSAR
11/01/1912,0.28817768,0.28817768,0.28817768,0.28817768,0.28817768,0.28817768,06/01/2023,2.64,InSAR
12/01/1912,0.281664947,0.281664947,0.281664947,0.281664947,0.281664947,0.281664947,07/01/2023,2.63,InSAR
01/01/1913,0.280969609,0.280969609,0.280969609,0.280969609,0.280969609,0.280969609,08/01/2023,2.64,InSAR
02/01/1913,0.276242755,0.276242755,0.276242755,0.276242755,0.276242755,0.276242755,09/01/2023,2.62,InSAR
03/01/1913,0.277660864,0.277660864,0.277660864,0.277660864,0.277660864,0.277660864,10/01/2023,2.62,InSAR
04/01/1913,0.275400359,0.275400359,0.275400359,0.275400359,0.275400359,0.275400359,11/01/2023,2.64,InSAR
05/01/1913,0.277254621,0.277254621,0.277254621,0.277254621,0.277254621,0.277254621,12/01/2023,2.63,InSAR
06/01/1913,0.27869789,0.27869789,0.27869789,0.27869789,0.27869789,0.27869789,01/01/2024,2.63,InSAR
07/01/1913,0.282947841,0.282947841,0.282947841,0.282947841,0.282947841,0.282947841,02/01/2024,2.64,InSAR
08/01/1913,0.289033556,0.289033556,0.289033556,0.289033556,0.289033556,0.289033556,03/01/2024,2.64,InSAR
09/01/1913,0.289942158,0.289942158,0.289942158,0.289942158,0.289942158,0.289942158,04/26/2024,2.63,Leveling
10/01/1913,0.286272424,0.286272424,0.286272424,0.286272424,0.286272424,0.286272424,,,
11/01/1913,0.285943734,0.285943734,0.285943734,0.285943734,0.285943734,0.285943734,,,
12/01/1913,0.290586372,0.290586372,0.290586372,0.290586372,0.290586372,0.290586372,,,
01/01/1914,0.291964879,0.291964879,0.291964879,0.291964879,0.291964879,0.291964879,,,
02/01/1914,0.29459153,0.29459153,0.29459153,0.29459153,0.29459153,0.29459153,,,
03/01/1914,0.295041589,0.295041589,0.295041589,0.295041589,0.295041589,0.295041589,,,
04/01/1914,0.301112832,0.301112832,0.301112832,0.301112832,0.301112832,0.301112832,,,
05/01/1914,0.3030177,0.3030177,0.3030177,0.3030177,0.3030177,0.3030177,,,
06/01/1914,0.29980054,0.29980054,0.29980054,0.29980054,0.29980054,0.29980054,,,
07/01/1914,0.303514504,0.303514504,0.303514504,0.303514504,0.303514504,0.303514504,,,
08/01/1914,0.299155219,0.299155219,0.299155219,0.299155219,0.299155219,0.299155219,,,
09/01/1914,0.297546181,0.297546181,0.297546181,0.297546181,0.297546181,0.297546181,,,
10/01/1914,0.297002901,0.297002901,0.297002901,0.297002901,0.297002901,0.297002901,,,
11/01/1914,0.303328828,0.303328828,0.303328828,0.303328828,0.303328828,0.303328828,,,
12/01/1914,0.303550792,0.303550792,0.303550792,0.303550792,0.303550792,0.303550792,,,
01/01/1915,0.310718722,0.310718722,0.310718722,0.310718722,0.310718722,0.310718722,,,
02/01/1915,0.311873848,0.311873848,0.311873848,0.311873848,0.311873848,0.311873848,,,
03/01/1915,0.316846946,0.316846946,0.316846946,0.316846946,0.316846946,0.316846946,,,
04/01/1915,0.321667377,0.321667377,0.321667377,0.321667377,0.321667377,0.321667377,,,
05/01/1915,0.324612842,0.324612842,0.324612842,0.324612842,0.324612842,0.324612842,,,
06/01/1915,0.327645831,0.327645831,0.327645831,0.327645831,0.327645831,0.327645831,,,
07/01/1915,0.32695399,0.32695399,0.32695399,0.32695399,0.32695399,0.32695399,,,
08/01/1915,0.32506025,0.32506025,0.32506025,0.32506025,0.32506025,0.32506025,,,
09/01/1915,0.326094131,0.326094131,0.326094131,0.326094131,0.326094131,0.326094131,,,
10/01/1915,0.327314349,0.327314349,0.327314349,0.327314349,0.327314349,0.327314349,,,
11/01/1915,0.329815452,0.329815452,0.329815452,0.329815452,0.329815452,0.329815452,,,
12/01/1915,0.333100881,0.333100881,0.333100881,0.333100881,0.333100881,0.333100881,,,
01/01/1916,0.32985705,0.32985705,0.32985705,0.32985705,0.32985705,0.32985705,,,
02/01/1916,0.329158496,0.329158496,0.329158496,0.329158496,0.329158496,0.329158496,,,
03/01/1916,0.330509025,0.330509025,0.330509025,0.330509025,0.330509025,0.330509025,,,
04/01/1916,0.33301541,0.33301541,0.33301541,0.33301541,0.33301541,0.33301541,,,
05/01/1916,0.331708354,0.331708354,0.331708354,0.331708354,0.331708354,0.331708354,,,
06/01/1916,0.33111002,0.33111002,0.33111002,0.33111002,0.33111002,0.33111002,,,
07/01/1916,0.333253694,0.333253694,0.333253694,0.333253694,0.333253694,0.333253694,,,
08/01/1916,0.337563125,0.337563125,0.337563125,0.337563125,0.337563125,0.337563125,,,
09/01/1916,0.344145477,0.344145477,0.344145477,0.344145477,0.344145477,0.344145477,,,
10/01/1916,0.336558901,0.336558901,0.336558901,0.336558901,0.336558901,0.336558901,,,
11/01/1916,0.341722362,0.341722362,0.341722362,0.341722362,0.341722362,0.341722362,,,
12/01/1916,0.336867597,0.336867597,0.336867597,0.336867597,0.336867597,0.336867597,,,
01/01/1917,0.337290453,0.337290453,0.337290453,0.337290453,0.337290453,0.337290453,,,
02/01/1917,0.344441534,0.344441534,0.344441534,0.344441534,0.344441534,0.344441534,,,
03/01/1917,0.343509068,0.343509068,0.343509068,0.343509068,0.343509068,0.343509068,,,
04/01/1917,0.345411869,0.345411869,0.345411869,0.345411869,0.345411869,0.345411869,,,
05/01/1917,0.344625229,0.344625229,0.344625229,0.344625229,0.344625229,0.344625229,,,
06/01/1917,0.344958239,0.344958239,0.344958239,0.344958239,0.344958239,0.344958239,,,
07/01/1917,0.34345242,0.34345242,0.34345242,0.34345242,0.34345242,0.34345242,,,
08/01/1917,0.344522371,0.344522371,0.344522371,0.344522371,0.344522371,0.344522371,,,
09/01/1917,0.340854039,0.340854039,0.340854039,0.340854039,0.340854039,0.340854039,,,
10/01/1917,0.347544414,0.347544414,0.347544414,0.347544414,0.347544414,0.347544414,,,
11/01/1917,0.351581357,0.351581357,0.351581357,0.351581357,0.351581357,0.351581357,,,
12/01/1917,0.343886979,0.343886979,0.343886979,0.343886979,0.343886979,0.343886979,,,
01/01/1918,0.346594212,0.346594212,0.346594212,0.346594212,0.346594212,0.346594212,,,
02/01/1918,0.351735746,0.351735746,0.351735746,0.351735746,0.351735746,0.351735746,,,
03/01/1918,0.348853902,0.348853902,0.348853902,0.348853902,0.348853902,0.348853902,,,
04/01/1918,0.351419094,0.351419094,0.351419094,0.351419094,0.351419094,0.351419094,,,
05/01/1918,0.356164717,0.356164717,0.356164717,0.356164717,0.356164717,0.356164717,,,
06/01/1918,0.35983554,0.35983554,0.35983554,0.35983554,0.35983554,0.35983554,,,
07/01/1918,0.36383682,0.36383682,0.36383682,0.36383682,0.36383682,0.36383682,,,
08/01/1918,0.366886784,0.366886784,0.366886784,0.366886784,0.366886784,0.366886784,,,
09/01/1918,0.374785516,0.374785516,0.374785516,0.374785516,0.374785516,0.374785516,,,
10/01/1918,0.377487516,0.377487516,0.377487516,0.377487516,0.377487516,0.377487516,,,
11/01/1918,0.380236449,0.380236449,0.380236449,0.380236449,0.380236449,0.380236449,,,
12/01/1918,0.379222761,0.379222761,0.379222761,0.379222761,0.379222761,0.379222761,,,
01/01/1919,0.377270483,0.377270483,0.377270483,0.377270483,0.377270483,0.377270483,,,
02/01/1919,0.383003865,0.383003865,0.383003865,0.383003865,0.383003865,0.383003865,,,
03/01/1919,0.384525179,0.384525179,0.384525179,0.384525179,0.384525179,0.384525179,,,
04/01/1919,0.383129523,0.383129523,0.383129523,0.383129523,0.383129523,0.383129523,,,
05/01/1919,0.380109348,0.380109348,0.380109348,0.380109348,0.380109348,0.380109348,,,
06/01/1919,0.381961618,0.381961618,0.381961618,0.381961618,0.381961618,0.381961618,,,
07/01/1919,0.385173954,0.385173954,0.385173954,0.385173954,0.385173954,0.385173954,,,
08/01/1919,0.38758646,0.38758646,0.38758646,0.38758646,0.38758646,0.38758646,,,
09/01/1919,0.391027216,0.391027216,0.391027216,0.391027216,0.391027216,0.391027216,,,
10/01/1919,0.398217558,0.398217558,0.398217558,0.398217558,0.398217558,0.398217558,,,
11/01/1919,0.40926979,0.40926979,0.40926979,0.40926979,0.40926979,0.40926979,,,
12/01/1919,0.414014484,0.414014484,0.414014484,0.414014484,0.414014484,0.414014484,,,
01/01/1920,0.414677155,0.414677155,0.414677155,0.414677155,0.414677155,0.414677155,,,
02/01/1920,0.421931063,0.421931063,0.421931063,0.421931063,0.421931063,0.421931063,,,
03/01/1920,0.421470696,0.421470696,0.421470696,0.421470696,0.421470696,0.421470696,,,
04/01/1920,0.419460387,0.419460387,0.419460387,0.419460387,0.419460387,0.419460387,,,
05/01/1920,0.422772011,0.422772011,0.422772011,0.422772011,0.422772011,0.422772011,,,
06/01/1920,0.427512537,0.427512537,0.427512537,0.427512537,0.427512537,0.427512537,,,
07/01/1920,0.419592062,0.419592062,0.419592062,0.419592062,0.419592062,0.419592062,,,
08/01/1920,0.424795974,0.424795974,0.424795974,0.424795974,0.424795974,0.424795974,,,
09/01/1920,0.432680234,0.432680234,0.432680234,0.432680234,0.432680234,0.432680234,,,
10/01/1920,0.440149059,0.440149059,0.440149059,0.440149059,0.440149059,0.440149059,,,
11/01/1920,0.449224327,0.449224327,0.449224327,0.449224327,0.449224327,0.449224327,,,
12/01/1920,0.453898647,0.453898647,0.453898647,0.453898647,0.453898647,0.453898647,,,
01/01/1921,0.465350708,0.465350708,0.465350708,0.465350708,0.465350708,0.465350708,,,
02/01/1921,0.471207833,0.471207833,0.471207833,0.471207833,0.471207833,0.471207833,,,
03/01/1921,0.472729598,0.472729598,0.472729598,0.472729598,0.472729598,0.472729598,,,
04/01/1921,0.477822242,0.477822242,0.477822242,0.477822242,0.477822242,0.477822242,,,
05/01/1921,0.478761649,0.478761649,0.478761649,0.478761649,0.478761649,0.478761649,,,
06/01/1921,0.478602851,0.478602851,0.478602851,0.478602851,0.478602851,0.478602851,,,
07/01/1921,0.480194037,0.480194037,0.480194037,0.480194037,0.480194037,0.480194037,,,
08/01/1921,0.482590258,0.482590258,0.482590258,0.482590258,0.482590258,0.482590258,,,
09/01/1921,0.486707523,0.486707523,0.486707523,0.486707523,0.486707523,0.486707523,,,
10/01/1921,0.487827613,0.487827613,0.487827613,0.487827613,0.487827613,0.487827613,,,
11/01/1921,0.487939584,0.487939584,0.487939584,0.487939584,0.487939584,0.487939584,,,
12/01/1921,0.493659174,0.493659174,0.493659174,0.493659174,0.493659174,0.493659174,,,
01/01/1922,0.486304982,0.486304982,0.486304982,0.486304982,0.486304982,0.486304982,,,
02/01/1922,0.497867605,0.497867605,0.497867605,0.497867605,0.497867605,0.497867605,,,
03/01/1922,0.503237258,0.503237258,0.503237258,0.503237258,0.503237258,0.503237258,,,
04/01/1922,0.513683339,0.513683339,0.513683339,0.513683339,0.513683339,0.513683339,,,
05/01/1922,0.518994633,0.518994633,0.518994633,0.518994633,0.518994633,0.518994633,,,
06/01/1922,0.527692634,0.527692634,0.527692634,0.527692634,0.527692634,0.527692634,,,
07/01/1922,0.530877853,0.530877853,0.530877853,0.530877853,0.530877853,0.530877853,,,
08/01/1922,0.532672884,0.532672884,0.532672884,0.532672884,0.532672884,0.532672884,,,
09/01/1922,0.535719123,0.535719123,0.535719123,0.535719123,0.535719123,0.535719123,,,
10/01/1922,0.535011741,0.535011741,0.535011741,0.535011741,0.535011741,0.535011741,,,
11/01/1922,0.539119198,0.539119198,0.539119198,0.539119198,0.539119198,0.539119198,,,
12/01/1922,0.540065653,0.540065653,0.540065653,0.540065653,0.540065653,0.540065653,,,
01/01/1923,0.545021281,0.545021281,0.545021281,0.545021281,0.545021281,0.545021281,,,
02/01/1923,0.553829414,0.553829414,0.553829414,0.553829414,0.553829414,0.553829414,,,
03/01/1923,0.555346893,0.555346893,0.555346893,0.555346893,0.555346893,0.555346893,,,
04/01/1923,0.555629206,0.555629206,0.555629206,0.555629206,0.555629206,0.555629206,,,
05/01/1923,0.553288148,0.553288148,0.553288148,0.553288148,0.553288148,0.553288148,,,
06/01/1923,0.560699293,0.560699293,0.560699293,0.560699293,0.560699293,0.560699293,,,
07/01/1923,0.566555548,0.566555548,0.566555548,0.566555548,0.566555548,0.566555548,,,
08/01/1923,0.573318375,0.573318375,0.573318375,0.573318375,0.573318375,0.573318375,,,
09/01/1923,0.56983511,0.56983511,0.56983511,0.56983511,0.56983511,0.56983511,,,
10/01/1923,0.578106336,0.578106336,0.578106336,0.578106336,0.578106336,0.578106336,,,
11/01/1923,0.58133711,0.58133711,0.58133711,0.58133711,0.58133711,0.58133711,,,
12/01/1923,0.576413827,0.576413827,0.576413827,0.576413827,0.576413827,0.576413827,,,
01/01/1924,0.578284254,0.578284254,0.578284254,0.578284254,0.578284254,0.578284254,,,
02/01/1924,0.581415133,0.581415133,0.581415133,0.581415133,0.581415133,0.581415133,,,
03/01/1924,0.584801312,0.584801312,0.584801312,0.584801312,0.584801312,0.584801312,,,
04/01/1924,0.58872891,0.58872891,0.58872891,0.58872891,0.58872891,0.58872891,,,
05/01/1924,0.592328927,0.592328927,0.592328927,0.592328927,0.592328927,0.592328927,,,
06/01/1924,0.601535315,0.601535315,0.601535315,0.601535315,0.601535315,0.601535315,,,
07/01/1924,0.608182759,0.608182759,0.608182759,0.608182759,0.608182759,0.608182759,,,
08/01/1924,0.609322291,0.609322291,0.609322291,0.609322291,0.609322291,0.609322291,,,
09/01/1924,0.61677203,0.61677203,0.61677203,0.61677203,0.61677203,0.61677203,,,
10/01/1924,0.620033152,0.620033152,0.620033152,0.620033152,0.620033152,0.620033152,,,
11/01/1924,0.624633804,0.624633804,0.624633804,0.624633804,0.624633804,0.624633804,,,
12/01/1924,0.629079574,0.629079574,0.629079574,0.629079574,0.629079574,0.629079574,,,
01/01/1925,0.628268479,0.628268479,0.628268479,0.628268479,0.628268479,0.628268479,,,
02/01/1925,0.6265703,0.6265703,0.6265703,0.6265703,0.6265703,0.6265703,,,
03/01/1925,0.632434144,0.632434144,0.632434144,0.632434144,0.632434144,0.632434144,,,
04/01/1925,0.635480187,0.635480187,0.635480187,0.635480187,0.635480187,0.635480187,,,
05/01/1925,0.639832315,0.639832315,0.639832315,0.639832315,0.639832315,0.639832315,,,
06/01/1925,0.643863792,0.643863792,0.643863792,0.643863792,0.643863792,0.643863792,,,
07/01/1925,0.646744954,0.646744954,0.646744954,0.646744954,0.646744954,0.646744954,,,
08/01/1925,0.649884504,0.649884504,0.649884504,0.649884504,0.649884504,0.649884504,,,
09/01/1925,0.65382769,0.65382769,0.65382769,0.65382769,0.65382769,0.65382769,,,
10/01/1925,0.657823148,0.657823148,0.657823148,0.657823148,0.657823148,0.657823148,,,
11/01/1925,0.659320542,0.659320542,0.659320542,0.659320542,0.659320542,0.659320542,,,
12/01/1925,0.661496338,0.661496338,0.661496338,0.661496338,0.661496338,0.661496338,,,
01/01/1926,0.662633305,0.662633305,0.662633305,0.662633305,0.662633305,0.662633305,,,
02/01/1926,0.664929692,0.664929692,0.664929692,0.664929692,0.664929692,0.664929692,,,
03/01/1926,0.667996832,0.667996832,0.667996832,0.667996832,0.667996832,0.667996832,,,
04/01/1926,0.670031912,0.670031912,0.670031912,0.670031912,0.670031912,0.670031912,,,
05/01/1926,0.669783089,0.669783089,0.669783089,0.669783089,0.669783089,0.669783089,,,
06/01/1926,0.670149136,0.670149136,0.670149136,0.670149136,0.670149136,0.670149136,,,
07/01/1926,0.665640704,0.665640704,0.665640704,0.665640704,0.665640704,0.665640704,,,
08/01/1926,0.666078662,0.666078662,0.666078662,0.666078662,0.666078662,0.666078662,,,
09/01/1926,0.66836239,0.66836239,0.66836239,0.66836239,0.66836239,0.66836239,,,
10/01/1926,0.671213633,0.671213633,0.671213633,0.671213633,0.671213633,0.671213633,,,
11/01/1926,0.670703175,0.670703175,0.670703175,0.670703175,0.670703175,0.670703175,,,
12/01/1926,0.676193837,0.676193837,0.676193837,0.676193837,0.676193837,0.676193837,,,
01/01/1927,0.679012149,0.679012149,0.679012149,0.679012149,0.679012149,0.679012149,,,
02/01/1927,0.677459146,0.677459146,0.677459146,0.677459146,0.677459146,0.677459146,,,
03/01/1927,0.677770693,0.677770693,0.677770693,0.677770693,0.677770693,0.677770693,,,
04/01/1927,0.677997891,0.677997891,0.677997891,0.677997891,0.677997891,0.677997891,,,
05/01/1927,0.680773895,0.680773895,0.680773895,0.680773895,0.680773895,0.680773895,,,
06/01/1927,0.682026577,0.682026577,0.682026577,0.682026577,0.682026577,0.682026577,,,
07/01/1927,0.687403408,0.687403408,0.687403408,0.687403408,0.687403408,0.687403408,,,
08/01/1927,0.689122925,0.689122925,0.689122925,0.689122925,0.689122925,0.689122925,,,
09/01/1927,0.691991092,0.691991092,0.691991092,0.691991092,0.691991092,0.691991092,,,
10/01/1927,0.697156214,0.697156214,0.697156214,0.697156214,0.697156214,0.697156214,,,
11/01/1927,0.705760188,0.705760188,0.705760188,0.705760188,0.705760188,0.705760188,,,
12/01/1927,0.709134077,0.709134077,0.709134077,0.709134077,0.709134077,0.709134077,,,
01/01/1928,0.704457592,0.704457592,0.704457592,0.704457592,0.704457592,0.704457592,,,
02/01/1928,0.703872284,0.703872284,0.703872284,0.703872284,0.703872284,0.703872284,,,
03/01/1928,0.710625893,0.710625893,0.710625893,0.710625893,0.710625893,0.710625893,,,
04/01/1928,0.712418405,0.712418405,0.712418405,0.712418405,0.712418405,0.712418405,,,
05/01/1928,0.712910854,0.712910854,0.712910854,0.712910854,0.712910854,0.712910854,,,
06/01/1928,0.714134469,0.714134469,0.714134469,0.714134469,0.714134469,0.714134469,,,
07/01/1928,0.710926023,0.710926023,0.710926023,0.710926023,0.710926023,0.710926023,,,
08/01/1928,0.704548133,0.704548133,0.704548133,0.704548133,0.704548133,0.704548133,,,
09/01/1928,0.707185461,0.707185461,0.707185461,0.707185461,0.707185461,0.707185461,,,
10/01/1928,0.711431011,0.711431011,0.711431011,0.711431011,0.711431011,0.711431011,,,
11/01/1928,0.711978378,0.711978378,0.711978378,0.711978378,0.711978378,0.711978378,,,
12/01/1928,0.714585938,0.714585938,0.714585938,0.714585938,0.714585938,0.714585938,,,
01/01/1929,0.703950775,0.703950775,0.703950775,0.703950775,0.703950775,0.703950775,,,
02/01/1929,0.697999515,0.697999515,0.697999515,0.697999515,0.697999515,0.697999515,,,
03/01/1929,0.695101438,0.695101438,0.695101438,0.695101438,0.695101438,0.695101438,,,
04/01/1929,0.69593944,0.69593944,0.69593944,0.69593944,0.69593944,0.69593944,,,
05/01/1929,0.70295761,0.70295761,0.70295761,0.70295761,0.70295761,0.70295761,,,
06/01/1929,0.701615606,0.701615606,0.701615606,0.701615606,0.701615606,0.701615606,,,
07/01/1929,0.702749883,0.702749883,0.702749883,0.702749883,0.702749883,0.702749883,,,
08/01/1929,0.713162923,0.713162923,0.713162923,0.713162923,0.713162923,0.713162923,,,
09/01/1929,0.711409711,0.711409711,0.711409711,0.711409711,0.711409711,0.711409711,,,
10/01/1929,0.709761274,0.709761274,0.709761274,0.709761274,0.709761274,0.709761274,,,
11/01/1929,0.711472818,0.711472818,0.711472818,0.711472818,0.711472818,0.711472818,,,
12/01/1929,0.716289809,0.716289809,0.716289809,0.716289809,0.716289809,0.716289809,,,
01/01/1930,0.720289857,0.720289857,0.720289857,0.720289857,0.720289857,0.720289857,,,
02/01/1930,0.725178912,0.725178912,0.725178912,0.725178912,0.725178912,0.725178912,,,
03/01/1930,0.728942387,0.728942387,0.728942387,0.728942387,0.728942387,0.728942387,,,
04/01/1930,0.730255974,0.730255974,0.730255974,0.730255974,0.730255974,0.730255974,,,
05/01/1930,0.727881412,0.727881412,0.727881412,0.727881412,0.727881412,0.727881412,,,
06/01/1930,0.729430414,0.729430414,0.729430414,0.729430414,0.729430414,0.729430414,,,
07/01/1930,0.721086215,0.721086215,0.721086215,0.721086215,0.721086215,0.721086215,,,
08/01/1930,0.717389309,0.717389309,0.717389309,0.717389309,0.717389309,0.717389309,,,
09/01/1930,0.719761766,0.719761766,0.719761766,0.719761766,0.719761766,0.719761766,,,
10/01/1930,0.735485927,0.735485927,0.735485927,0.735485927,0.735485927,0.735485927,,,
11/01/1930,0.735443081,0.735443081,0.735443081,0.735443081,0.735443081,0.735443081,,,
12/01/1930,0.743174123,0.743174123,0.743174123,0.743174123,0.743174123,0.743174123,,,
01/01/1931,0.749669928,0.749669928,0.749669928,0.749669928,0.749669928,0.749669928,,,
02/01/1931,0.748403368,0.748403368,0.748403368,0.748403368,0.748403368,0.748403368,,,
03/01/1931,0.75286709,0.75286709,0.75286709,0.75286709,0.75286709,0.75286709,,,
04/01/1931,0.759734056,0.759734056,0.759734056,0.759734056,0.759734056,0.759734056,,,
05/01/1931,0.763994874,0.763994874,0.763994874,0.763994874,0.763994874,0.763994874,,,
06/01/1931,0.765239959,0.765239959,0.765239959,0.765239959,0.765239959,0.765239959,,,
07/01/1931,0.759881111,0.759881111,0.759881111,0.759881111,0.759881111,0.759881111,,,
08/01/1931,0.765878398,0.765878398,0.765878398,0.765878398,0.765878398,0.765878398,,,
09/01/1931,0.76434354,0.76434354,0.76434354,0.76434354,0.76434354,0.76434354,,,
10/01/1931,0.767481161,0.767481161,0.767481161,0.767481161,0.767481161,0.767481161,,,
11/01/1931,0.764937047,0.764937047,0.764937047,0.764937047,0.764937047,0.764937047,,,
12/01/1931,0.768443648,0.768443648,0.768443648,0.768443648,0.768443648,0.768443648,,,
01/01/1932,0.7690733,0.7690733,0.7690733,0.7690733,0.7690733,0.7690733,,,
02/01/1932,0.771641675,0.771641675,0.771641675,0.771641675,0.771641675,0.771641675,,,
03/01/1932,0.774608594,0.774608594,0.774608594,0.774608594,0.774608594,0.774608594,,,
04/01/1932,0.770024627,0.770024627,0.770024627,0.770024627,0.770024627,0.770024627,,,
05/01/1932,0.772637007,0.772637007,0.772637007,0.772637007,0.772637007,0.772637007,,,
06/01/1932,0.780596829,0.780596829,0.780596829,0.780596829,0.780596829,0.780596829,,,
07/01/1932,0.779778278,0.779778278,0.779778278,0.779778278,0.779778278,0.779778278,,,
08/01/1932,0.776737567,0.776737567,0.776737567,0.776737567,0.776737567,0.776737567,,,
09/01/1932,0.784621208,0.784621208,0.784621208,0.784621208,0.784621208,0.784621208,,,
10/01/1932,0.793884024,0.793884024,0.793884024,0.793884024,0.793884024,0.793884024,,,
11/01/1932,0.799854369,0.799854369,0.799854369,0.799854369,0.799854369,0.799854369,,,
12/01/1932,0.79305439,0.79305439,0.79305439,0.79305439,0.79305439,0.79305439,,,
01/01/1933,0.784648575,0.784648575,0.784648575,0.784648575,0.784648575,0.784648575,,,
02/01/1933,0.787170505,0.787170505,0.787170505,0.787170505,0.787170505,0.787170505,,,
03/01/1933,0.789454652,0.789454652,0.789454652,0.789454652,0.789454652,0.789454652,,,
04/01/1933,0.791982695,0.791982695,0.791982695,0.791982695,0.791982695,0.791982695,,,
05/01/1933,0.794418768,0.794418768,0.794418768,0.794418768,0.794418768,0.794418768,,,
06/01/1933,0.796937756,0.796937756,0.796937756,0.796937756,0.796937756,0.796937756,,,
07/01/1933,0.799367694,0.799367694,0.799367694,0.799367694,0.799367694,0.799367694,,,
08/01/1933,0.801881228,0.801881228,0.801881228,0.801881228,0.801881228,0.801881228,,,
09/01/1933,0.804411238,0.804411238,0.804411238,0.804411238,0.804411238,0.804411238,,,
10/01/1933,0.806860158,0.806860158,0.806860158,0.806860158,0.806860158,0.806860158,,,
11/01/1933,0.809375732,0.809375732,0.809375732,0.809375732,0.809375732,0.809375732,,,
12/01/1933,0.811820751,0.811820751,0.811820751,0.811820751,0.811820751,0.811820751,,,
01/01/1934,0.815000204,0.815000204,0.815000204,0.815000204,0.815000204,0.815000204,,,
02/01/1934,0.817437636,0.817437636,0.817437636,0.817437636,0.817437636,0.817437636,,,
03/01/1934,0.819655237,0.819655237,0.819655237,0.819655237,0.819655237,0.819655237,,,
04/01/1934,0.82211764,0.82211764,0.82211764,0.82211764,0.82211764,0.82211764,,,
05/01/1934,0.824505725,0.824505725,0.824505725,0.824505725,0.824505725,0.824505725,,,
06/01/1934,0.826990346,0.826990346,0.826990346,0.826990346,0.826990346,0.826990346,,,
07/01/1934,0.829397795,0.829397795,0.829397795,0.829397795,0.829397795,0.829397795,,,
08/01/1934,0.831881817,0.831881817,0.831881817,0.831881817,0.831881817,0.831881817,,,
09/01/1934,0.834373977,0.834373977,0.834373977,0.834373977,0.834373977,0.834373977,,,
10/01/1934,0.836799195,0.836799195,0.836799195,0.836799195,0.836799195,0.836799195,,,
11/01/1934,0.839322744,0.839322744,0.839322744,0.839322744,0.839322744,0.839322744,,,
12/01/1934,0.841758587,0.841758587,0.841758587,0.841758587,0.841758587,0.841758587,,,
01/01/1935,0.844921637,0.844921637,0.844921637,0.844921637,0.844921637,0.844921637,,,
02/01/1935,0.84736212,0.84736212,0.84736212,0.84736212,0.84736212,0.84736212,,,
03/01/1935,0.849433438,0.849433438,0.849433438,0.849433438,0.849433438,0.849433438,,,
04/01/1935,0.851578233,0.851578233,0.851578233,0.851578233,0.851578233,0.851578233,,,
05/01/1935,0.853429085,0.853429085,0.853429085,0.853429085,0.853429085,0.853429085,,,
06/01/1935,0.854657263,0.854657263,0.854657263,0.854657263,0.854657263,0.854657263,,,
07/01/1935,0.85624913,0.85624913,0.85624913,0.85624913,0.85624913,0.85624913,,,
08/01/1935,0.857822913,0.857822913,0.857822913,0.857822913,0.857822913,0.857822913,,,
09/01/1935,0.859747122,0.859747122,0.859747122,0.859747122,0.859747122,0.859747122,,,
10/01/1935,0.861193299,0.861193299,0.861193299,0.861193299,0.861193299,0.861193299,,,
11/01/1935,0.861991185,0.861991185,0.861991185,0.861991185,0.861991185,0.861991185,,,
12/01/1935,0.863166028,0.863166028,0.863166028,0.863166028,0.863166028,0.863166028,,,
01/01/1936,0.864926308,0.864926308,0.864926308,0.864926308,0.864926308,0.864926308,,,
02/01/1936,0.865732037,0.865732037,0.865732037,0.865732037,0.865732037,0.865732037,,,
03/01/1936,0.866562468,0.866562468,0.866562468,0.866562468,0.866562468,0.866562468,,,
04/01/1936,0.870711363,0.870711363,0.870711363,0.870711363,0.870711363,0.870711363,,,
05/01/1936,0.8758924,0.8758924,0.8758924,0.8758924,0.8758924,0.8758924,,,
06/01/1936,0.874417978,0.874417978,0.874417978,0.874417978,0.874417978,0.874417978,,,
07/01/1936,0.876363708,0.876363708,0.876363708,0.876363708,0.876363708,0.876363708,,,
08/01/1936,0.879176165,0.879176165,0.879176165,0.879176165,0.879176165,0.879176165,,,
09/01/1936,0.885752854,0.885752854,0.885752854,0.885752854,0.885752854,0.885752854,,,
10/01/1936,0.886309775,0.886309775,0.886309775,0.886309775,0.886309775,0.886309775,,,
11/01/1936,0.884553245,0.884553245,0.884553245,0.884553245,0.884553245,0.884553245,,,
12/01/1936,0.878416426,0.878416426,0.878416426,0.878416426,0.878416426,0.878416426,,,
01/01/1937,0.882144948,0.882144948,0.882144948,0.882144948,0.882144948,0.882144948,,,
02/01/1937,0.887193064,0.887193064,0.887193064,0.887193064,0.887193064,0.887193064,,,
03/01/1937,0.897406714,0.897406714,0.897406714,0.897406714,0.897406714,0.897406714,,,
04/01/1937,0.896763445,0.896763445,0.896763445,0.896763445,0.896763445,0.896763445,,,
05/01/1937,0.897023899,0.897023899,0.897023899,0.897023899,0.897023899,0.897023899,,,
06/01/1937,0.887289505,0.887289505,0.887289505,0.887289505,0.887289505,0.887289505,,,
07/01/1937,0.887685575,0.887685575,0.887685575,0.887685575,0.887685575,0.887685575,,,
08/01/1937,0.889025137,0.889025137,0.889025137,0.889025137,0.889025137,0.889025137,,,
09/01/1937,0.890469683,0.890469683,0.890469683,0.890469683,0.890469683,0.890469683,,,
10/01/1937,0.891661146,0.891661146,0.891661146,0.891661146,0.891661146,0.891661146,,,
11/01/1937,0.893029075,0.893029075,0.893029075,0.893029075,0.893029075,0.893029075,,,
12/01/1937,0.893951956,0.893951956,0.893951956,0.893951956,0.893951956,0.893951956,,,
01/01/1938,0.896129018,0.896129018,0.896129018,0.896129018,0.896129018,0.896129018,,,
02/01/1938,0.897002063,0.897002063,0.897002063,0.897002063,0.897002063,0.897002063,,,
03/01/1938,0.898047654,0.898047654,0.898047654,0.898047654,0.898047654,0.898047654,,,
04/01/1938,0.898904977,0.898904977,0.898904977,0.898904977,0.898904977,0.898904977,,,
05/01/1938,0.899850305,0.899850305,0.899850305,0.899850305,0.899850305,0.899850305,,,
06/01/1938,0.901200392,0.901200392,0.901200392,0.901200392,0.901200392,0.901200392,,,
07/01/1938,0.902472156,0.902472156,0.902472156,0.902472156,0.902472156,0.902472156,,,
08/01/1938,0.903745047,0.903745047,0.903745047,0.903745047,0.903745047,0.903745047,,,
09/01/1938,0.917752792,0.917752792,0.917752792,0.917752792,0.917752792,0.917752792,,,
10/01/1938,0.921578968,0.921578968,0.921578968,0.921578968,0.921578968,0.921578968,,,
11/01/1938,0.920129106,0.920129106,0.920129106,0.920129106,0.920129106,0.920129106,,,
12/01/1938,0.912132596,0.912132596,0.912132596,0.912132596,0.912132596,0.912132596,,,
01/01/1939,0.914133068,0.914133068,0.914133068,0.914133068,0.914133068,0.914133068,,,
02/01/1939,0.917825538,0.917825538,0.917825538,0.917825538,0.917825538,0.917825538,,,
03/01/1939,0.926573149,0.926573149,0.926573149,0.926573149,0.926573149,0.926573149,,,
04/01/1939,0.923437137,0.923437137,0.923437137,0.923437137,0.923437137,0.923437137,,,
05/01/1939,0.923193637,0.923193637,0.923193637,0.923193637,0.923193637,0.923193637,,,
06/01/1939,0.92184978,0.92184978,0.92184978,0.92184978,0.92184978,0.92184978,,,
07/01/1939,0.915650894,0.915650894,0.915650894,0.915650894,0.915650894,0.915650894,,,
08/01/1939,0.928561279,0.928561279,0.928561279,0.928561279,0.928561279,0.928561279,,,
09/01/1939,0.929473965,0.929473965,0.929473965,0.929473965,0.929473965,0.929473965,,,
10/01/1939,0.928927836,0.928927836,0.928927836,0.928927836,0.928927836,0.928927836,,,
11/01/1939,0.935622159,0.935622159,0.935622159,0.935622159,0.935622159,0.935622159,,,
12/01/1939,0.941487009,0.941487009,0.941487009,0.941487009,0.941487009,0.941487009,,,
01/01/1940,0.943092025,0.943092025,0.943092025,0.943092025,0.943092025,0.943092025,,,
02/01/1940,0.944246141,0.944246141,0.944246141,0.944246141,0.944246141,0.944246141,,,
03/01/1940,0.945371147,0.945371147,0.945371147,0.945371147,0.945371147,0.945371147,,,
04/01/1940,0.935512592,0.935512592,0.935512592,0.935512592,0.935512592,0.935512592,,,
05/01/1940,0.930352714,0.930352714,0.930352714,0.930352714,0.930352714,0.930352714,,,
06/01/1940,0.935755196,0.935755196,0.935755196,0.935755196,0.935755196,0.935755196,,,
07/01/1940,0.935671545,0.935671545,0.935671545,0.935671545,0.935671545,0.935671545,,,
08/01/1940,0.931046239,0.931046239,0.931046239,0.931046239,0.931046239,0.931046239,,,
09/01/1940,0.936077052,0.936077052,0.936077052,0.936077052,0.936077052,0.936077052,,,
10/01/1940,0.93526569,0.93526569,0.93526569,0.93526569,0.93526569,0.93526569,,,
11/01/1940,0.939884837,0.939884837,0.939884837,0.939884837,0.939884837,0.939884837,,,
12/01/1940,0.942171306,0.942171306,0.942171306,0.942171306,0.942171306,0.942171306,,,
01/01/1941,0.947265139,0.947265139,0.947265139,0.947265139,0.947265139,0.947265139,,,
02/01/1941,0.940054319,0.940054319,0.940054319,0.940054319,0.940054319,0.940054319,,,
03/01/1941,0.939880267,0.939880267,0.939880267,0.939880267,0.939880267,0.939880267,,,
04/01/1941,0.944110587,0.944110587,0.944110587,0.944110587,0.944110587,0.944110587,,,
05/01/1941,0.94863192,0.94863192,0.94863192,0.94863192,0.94863192,0.94863192,,,
06/01/1941,0.952553495,0.952553495,0.952553495,0.952553495,0.952553495,0.952553495,,,
07/01/1941,0.953498715,0.953498715,0.953498715,0.953498715,0.953498715,0.953498715,,,
08/01/1941,0.95714311,0.95714311,0.95714311,0.95714311,0.95714311,0.95714311,,,
09/01/1941,0.958775949,0.958775949,0.958775949,0.958775949,0.958775949,0.958775949,,,
10/01/1941,0.963630281,0.963630281,0.963630281,0.963630281,0.963630281,0.963630281,,,
11/01/1941,0.971463568,0.971463568,0.971463568,0.971463568,0.971463568,0.971463568,,,
12/01/1941,0.978276328,0.978276328,0.978276328,0.978276328,0.978276328,0.978276328,,,
01/01/1942,0.981458389,0.981458389,0.981458389,0.981458389,0.981458389,0.981458389,,,
02/01/1942,0.971826669,0.971826669,0.971826669,0.971826669,0.971826669,0.971826669,,,
03/01/1942,0.976304326,0.976304326,0.976304326,0.976304326,0.976304326,0.976304326,,,
04/01/1942,0.982163737,0.982163737,0.982163737,0.982163737,0.982163737,0.982163737,,,
05/01/1942,0.988304639,0.988304639,0.988304639,0.988304639,0.988304639,0.988304639,,,
06/01/1942,0.99217115,0.99217115,0.99217115,0.99217115,0.99217115,0.99217115,,,
07/01/1942,0.982174659,0.982174659,0.982174659,0.982174659,0.982174659,0.982174659,,,
08/01/1942,0.981006479,0.981006479,0.981006479,0.981006479,0.981006479,0.981006479,,,
09/01/1942,0.979128939,0.979128939,0.979128939,0.979128939,0.979128939,0.979128939,,,
10/01/1942,0.979227821,0.979227821,0.979227821,0.979227821,0.979227821,0.979227821,,,
11/01/1942,0.985052458,0.985052458,0.985052458,0.985052458,0.985052458,0.985052458,,,
12/01/1942,0.987315405,0.987315405,0.987315405,0.987315405,0.987315405,0.987315405,,,
01/01/1943,0.993304143,0.993304143,0.993304143,0.993304143,0.993304143,0.993304143,,,
02/01/1943,0.986107348,0.986107348,0.986107348,0.986107348,0.986107348,0.986107348,,,
03/01/1943,0.988177584,0.988177584,0.988177584,0.988177584,0.988177584,0.988177584,,,
04/01/1943,0.98806566,0.98806566,0.98806566,0.98806566,0.98806566,0.98806566,,,
05/01/1943,0.987097007,0.987097007,0.987097007,0.987097007,0.987097007,0.987097007,,,
06/01/1943,0.99136589,0.99136589,0.99136589,0.99136589,0.99136589,0.99136589,,,
07/01/1943,1.003125486,1.003125486,1.003125486,1.003125486,1.003125486,1.003125486,,,
08/01/1943,1.009057834,1.009057834,1.009057834,1.009057834,1.009057834,1.009057834,,,
09/01/1943,1.007560072,1.007560072,1.007560072,1.007560072,1.007560072,1.007560072,,,
10/01/1943,1.006924196,1.006924196,1.006924196,1.006924196,1.006924196,1.006924196,,,
11/01/1943,1.011762138,1.011762138,1.011762138,1.011762138,1.011762138,1.011762138,,,
12/01/1943,1.016529907,1.016529907,1.016529907,1.016529907,1.016529907,1.016529907,,,
01/01/1944,1.021822346,1.021822346,1.021822346,1.021822346,1.021822346,1.021822346,,,
02/01/1944,1.030153533,1.030153533,1.030153533,1.030153533,1.030153533,1.030153533,,,
03/01/1944,1.030679858,1.030679858,1.030679858,1.030679858,1.030679858,1.030679858,,,
04/01/1944,1.032764984,1.032764984,1.032764984,1.032764984,1.032764984,1.032764984,,,
05/01/1944,1.037253518,1.037253518,1.037253518,1.037253518,1.037253518,1.037253518,,,
06/01/1944,1.038367727,1.038367727,1.038367727,1.038367727,1.038367727,1.038367727,,,
07/01/1944,1.040549897,1.040549897,1.040549897,1.040549897,1.040549897,1.040549897,,,
08/01/1944,1.043977188,1.043977188,1.043977188,1.043977188,1.043977188,1.043977188,,,
09/01/1944,1.039680127,1.039680127,1.039680127,1.039680127,1.039680127,1.039680127,,,
10/01/1944,1.04515599,1.04515599,1.04515599,1.04515599,1.04515599,1.04515599,,,
11/01/1944,1.046608995,1.046608995,1.046608995,1.046608995,1.046608995,1.046608995,,,
12/01/1944,1.049179753,1.049179753,1.049179753,1.049179753,1.049179753,1.049179753,,,
01/01/1945,1.054380467,1.054380467,1.054380467,1.054380467,1.054380467,1.054380467,,,
02/01/1945,1.055396116,1.055396116,1.055396116,1.055396116,1.055396116,1.055396116,,,
03/01/1945,1.060097968,1.060097968,1.060097968,1.060097968,1.060097968,1.060097968,,,
04/01/1945,1.057245757,1.057245757,1.057245757,1.057245757,1.057245757,1.057245757,,,
05/01/1945,1.058347745,1.058347745,1.058347745,1.058347745,1.058347745,1.058347745,,,
06/01/1945,1.057640721,1.057640721,1.057640721,1.057640721,1.057640721,1.057640721,,,
07/01/1945,1.060931215,1.060931215,1.060931215,1.060931215,1.060931215,1.060931215,,,
08/01/1945,1.061769588,1.061769588,1.061769588,1.061769588,1.061769588,1.061769588,,,
09/01/1945,1.064136637,1.064136637,1.064136637,1.064136637,1.064136637,1.064136637,,,
10/01/1945,1.066807413,1.066807413,1.066807413,1.066807413,1.066807413,1.066807413,,,
11/01/1945,1.067410793,1.067410793,1.067410793,1.067410793,1.067410793,1.067410793,,,
12/01/1945,1.070463386,1.070463386,1.070463386,1.070463386,1.070463386,1.070463386,,,
01/01/1946,1.071652084,1.071652084,1.071652084,1.071652084,1.071652084,1.071652084,,,
02/01/1946,1.070343158,1.070343158,1.070343158,1.070343158,1.070343158,1.070343158,,,
03/01/1946,1.069245103,1.069245103,1.069245103,1.069245103,1.069245103,1.069245103,,,
04/01/1946,1.065267491,1.065267491,1.065267491,1.065267491,1.065267491,1.065267491,,,
05/01/1946,1.066065982,1.066065982,1.066065982,1.066065982,1.066065982,1.066065982,,,
06/01/1946,1.069582424,1.069582424,1.069582424,1.069582424,1.069582424,1.069582424,,,
07/01/1946,1.073753275,1.073753275,1.073753275,1.073753275,1.073753275,1.073753275,,,
08/01/1946,1.075424276,1.075424276,1.075424276,1.075424276,1.075424276,1.075424276,,,
09/01/1946,1.076055685,1.076055685,1.076055685,1.076055685,1.076055685,1.076055685,,,
10/01/1946,1.074753726,1.074753726,1.074753726,1.074753726,1.074753726,1.074753726,,,
11/01/1946,1.074945734,1.074945734,1.074945734,1.074945734,1.074945734,1.074945734,,,
12/01/1946,1.079973166,1.079973166,1.079973166,1.079973166,1.079973166,1.079973166,,,
01/01/1947,1.079558148,1.079558148,1.079558148,1.079558148,1.079558148,1.079558148,,,
02/01/1947,1.08245974,1.08245974,1.08245974,1.08245974,1.08245974,1.08245974,,,
03/01/1947,1.083213867,1.083213867,1.083213867,1.083213867,1.083213867,1.083213867,,,
04/01/1947,1.084077913,1.084077913,1.084077913,1.084077913,1.084077913,1.084077913,,,
05/01/1947,1.089299432,1.089299432,1.089299432,1.089299432,1.089299432,1.089299432,,,
06/01/1947,1.094415741,1.094415741,1.094415741,1.094415741,1.094415741,1.094415741,,,
07/01/1947,1.099639802,1.099639802,1.099639802,1.099639802,1.099639802,1.099639802,,,
08/01/1947,1.106361345,1.106361345,1.106361345,1.106361345,1.106361345,1.106361345,,,
09/01/1947,1.10807767,1.10807767,1.10807767,1.10807767,1.10807767,1.10807767,,,
10/01/1947,1.114447346,1.114447346,1.114447346,1.114447346,1.114447346,1.114447346,,,
11/01/1947,1.117930247,1.117930247,1.117930247,1.117930247,1.117930247,1.117930247,,,
12/01/1947,1.117462184,1.117462184,1.117462184,1.117462184,1.117462184,1.117462184,,,
01/01/1948,1.116266397,1.116266397,1.116266397,1.116266397,1.116266397,1.116266397,,,
02/01/1948,1.113528383,1.113528383,1.113528383,1.113528383,1.113528383,1.113528383,,,
03/01/1948,1.110776755,1.110776755,1.110776755,1.110776755,1.110776755,1.110776755,,,
04/01/1948,1.112229378,1.112229378,1.112229378,1.112229378,1.112229378,1.112229378,,,
05/01/1948,1.113512333,1.113512333,1.113512333,1.113512333,1.113512333,1.113512333,,,
06/01/1948,1.115924085,1.115924085,1.115924085,1.115924085,1.115924085,1.115924085,,,
07/01/1948,1.119457433,1.119457433,1.119457433,1.119457433,1.119457433,1.119457433,,,
08/01/1948,1.122588417,1.122588417,1.122588417,1.122588417,1.122588417,1.122588417,,,
09/01/1948,1.126023027,1.126023027,1.126023027,1.126023027,1.126023027,1.126023027,,,
10/01/1948,1.123170574,1.123170574,1.123170574,1.123170574,1.123170574,1.123170574,,,
11/01/1948,1.121237434,1.121237434,1.121237434,1.121237434,1.121237434,1.121237434,,,
12/01/1948,1.125481896,1.125481896,1.125481896,1.125481896,1.125481896,1.125481896,,,
01/01/1949,1.128959066,1.128959066,1.128959066,1.128959066,1.128959066,1.128959066,,,
02/01/1949,1.128981695,1.128981695,1.128981695,1.128981695,1.128981695,1.128981695,,,
03/01/1949,1.12778769,1.12778769,1.12778769,1.12778769,1.12778769,1.12778769,,,
04/01/1949,1.128143975,1.128143975,1.128143975,1.128143975,1.128143975,1.128143975,,,
05/01/1949,1.131916016,1.131916016,1.131916016,1.131916016,1.131916016,1.131916016,,,
06/01/1949,1.132209815,1.132209815,1.132209815,1.132209815,1.132209815,1.132209815,,,
07/01/1949,1.134273684,1.134273684,1.134273684,1.134273684,1.134273684,1.134273684,,,
08/01/1949,1.137877824,1.137877824,1.137877824,1.137877824,1.137877824,1.137877824,,,
09/01/1949,1.139945284,1.139945284,1.139945284,1.139945284,1.139945284,1.139945284,,,
10/01/1949,1.141326044,1.141326044,1.141326044,1.141326044,1.141326044,1.141326044,,,
11/01/1949,1.148765969,1.148765969,1.148765969,1.148765969,1.148765969,1.148765969,,,
12/01/1949,1.152756813,1.152756813,1.152756813,1.152756813,1.152756813,1.152756813,,,
01/01/1950,1.153388789,1.153388789,1.153388789,1.153388789,1.153388789,1.153388789,,,
02/01/1950,1.156296273,1.156296273,1.156296273,1.156296273,1.156296273,1.156296273,,,
03/01/1950,1.156449542,1.156449542,1.156449542,1.156449542,1.156449542,1.156449542,,,
04/01/1950,1.159072603,1.159072603,1.159072603,1.159072603,1.159072603,1.159072603,,,
05/01/1950,1.161362941,1.161362941,1.161362941,1.161362941,1.161362941,1.161362941,,,
06/01/1950,1.163379087,1.163379087,1.163379087,1.163379087,1.163379087,1.163379087,,,
07/01/1950,1.171444887,1.171444887,1.171444887,1.171444887,1.171444887,1.171444887,,,
08/01/1950,1.17860279,1.17860279,1.17860279,1.17860279,1.17860279,1.17860279,,,
09/01/1950,1.186472068,1.186472068,1.186472068,1.186472068,1.186472068,1.186472068,,,
10/01/1950,1.19425701,1.19425701,1.19425701,1.19425701,1.19425701,1.19425701,,,
11/01/1950,1.201051486,1.201051486,1.201051486,1.201051486,1.201051486,1.201051486,,,
12/01/1950,1.207794571,1.207794571,1.207794571,1.207794571,1.207794571,1.207794571,,,
01/01/1951,1.209563261,1.209563261,1.209563261,1.209563261,1.209563261,1.209563261,,,
02/01/1951,1.205741581,1.205741581,1.205741581,1.205741581,1.205741581,1.205741581,,,
03/01/1951,1.200627861,1.200627861,1.200627861,1.200627861,1.200627861,1.200627861,,,
04/01/1951,1.20227192,1.20227192,1.20227192,1.20227192,1.20227192,1.20227192,,,
05/01/1951,1.207027578,1.207027578,1.207027578,1.207027578,1.207027578,1.207027578,,,
06/01/1951,1.210546586,1.210546586,1.210546586,1.210546586,1.210546586,1.210546586,,,
07/01/1951,1.214591421,1.214591421,1.214591421,1.214591421,1.214591421,1.214591421,,,
08/01/1951,1.215773799,1.215773799,1.215773799,1.215773799,1.215773799,1.215773799,,,
09/01/1951,1.217441958,1.217441958,1.217441958,1.217441958,1.217441958,1.217441958,,,
10/01/1951,1.221989638,1.221989638,1.221989638,1.221989638,1.221989638,1.221989638,,,
11/01/1951,1.224026455,1.224026455,1.224026455,1.224026455,1.224026455,1.224026455,,,
12/01/1951,1.225301613,1.225301613,1.225301613,1.225301613,1.225301613,1.225301613,,,
01/01/1952,1.22758389,1.22758389,1.22758389,1.22758389,1.22758389,1.22758389,,,
02/01/1952,1.226716921,1.226716921,1.226716921,1.226716921,1.226716921,1.226716921,,,
03/01/1952,1.229367763,1.229367763,1.229367763,1.229367763,1.229367763,1.229367763,,,
04/01/1952,1.226488798,1.226488798,1.226488798,1.226488798,1.226488798,1.226488798,,,
05/01/1952,1.227025921,1.227025921,1.227025921,1.227025921,1.227025921,1.227025921,,,
06/01/1952,1.231490211,1.231490211,1.231490211,1.231490211,1.231490211,1.231490211,,,
07/01/1952,1.232588792,1.232588792,1.232588792,1.232588792,1.232588792,1.232588792,,,
08/01/1952,1.231317431,1.231317431,1.231317431,1.231317431,1.231317431,1.231317431,,,
09/01/1952,1.234037847,1.234037847,1.234037847,1.234037847,1.234037847,1.234037847,,,
10/01/1952,1.238252233,1.238252233,1.238252233,1.238252233,1.238252233,1.238252233,,,
11/01/1952,1.24081011,1.24081011,1.24081011,1.24081011,1.24081011,1.24081011,,,
12/01/1952,1.240764063,1.240764063,1.240764063,1.240764063,1.240764063,1.240764063,,,
01/01/1953,1.237993613,1.237993613,1.237993613,1.237993613,1.237993613,1.237993613,,,
02/01/1953,1.236687231,1.236687231,1.236687231,1.236687231,1.236687231,1.236687231,,,
03/01/1953,1.2357587,1.2357587,1.2357587,1.2357587,1.2357587,1.2357587,,,
04/01/1953,1.237805678,1.237805678,1.237805678,1.237805678,1.237805678,1.237805678,,,
05/01/1953,1.236792106,1.236792106,1.236792106,1.236792106,1.236792106,1.236792106,,,
06/01/1953,1.235051281,1.235051281,1.235051281,1.235051281,1.235051281,1.235051281,,,
07/01/1953,1.236243531,1.236243531,1.236243531,1.236243531,1.236243531,1.236243531,,,
08/01/1953,1.238656729,1.238656729,1.238656729,1.238656729,1.238656729,1.238656729,,,
09/01/1953,1.241827163,1.241827163,1.241827163,1.241827163,1.241827163,1.241827163,,,
10/01/1953,1.248418291,1.248418291,1.248418291,1.248418291,1.248418291,1.248418291,,,
11/01/1953,1.250807431,1.250807431,1.250807431,1.250807431,1.250807431,1.250807431,,,
12/01/1953,1.253735254,1.253735254,1.253735254,1.253735254,1.253735254,1.253735254,,,
01/01/1954,1.252874437,1.252874437,1.252874437,1.252874437,1.252874437,1.252874437,,,
02/01/1954,1.251169319,1.251169319,1.251169319,1.251169319,1.251169319,1.251169319,,,
03/01/1954,1.248101753,1.248101753,1.248101753,1.248101753,1.248101753,1.248101753,,,
04/01/1954,1.245173712,1.245173712,1.245173712,1.245173712,1.245173712,1.245173712,,,
05/01/1954,1.245167434,1.245167434,1.245167434,1.245167434,1.245167434,1.245167434,,,
06/01/1954,1.246810694,1.246810694,1.246810694,1.246810694,1.246810694,1.246810694,,,
07/01/1954,1.248886249,1.248886249,1.248886249,1.248886249,1.248886249,1.248886249,,,
08/01/1954,1.251234505,1.251234505,1.251234505,1.251234505,1.251234505,1.251234505,,,
09/01/1954,1.253867753,1.253867753,1.253867753,1.253867753,1.253867753,1.253867753,,,
10/01/1954,1.256576807,1.256576807,1.256576807,1.256576807,1.256576807,1.256576807,,,
11/01/1954,1.259296785,1.259296785,1.259296785,1.259296785,1.259296785,1.259296785,,,
12/01/1954,1.261205885,1.261205885,1.261205885,1.261205885,1.261205885,1.261205885,,,
01/01/1955,1.262728623,1.262728623,1.262728623,1.262728623,1.262728623,1.262728623,,,
02/01/1955,1.260820027,1.260820027,1.260820027,1.260820027,1.260820027,1.260820027,,,
03/01/1955,1.256927208,1.256927208,1.256927208,1.256927208,1.256927208,1.256927208,,,
04/01/1955,1.25509552,1.25509552,1.25509552,1.25509552,1.25509552,1.25509552,,,
05/01/1955,1.256293073,1.256293073,1.256293073,1.256293073,1.256293073,1.256293073,,,
06/01/1955,1.259113679,1.259113679,1.259113679,1.259113679,1.259113679,1.259113679,,,
07/01/1955,1.260299128,1.260299128,1.260299128,1.260299128,1.260299128,1.260299128,,,
08/01/1955,1.264605563,1.264605563,1.264605563,1.264605563,1.264605563,1.264605563,,,
09/01/1955,1.267696313,1.267696313,1.267696313,1.267696313,1.267696313,1.267696313,,,
10/01/1955,1.270938904,1.270938904,1.270938904,1.270938904,1.270938904,1.270938904,,,
11/01/1955,1.27388834,1.27388834,1.27388834,1.27388834,1.27388834,1.27388834,,,
12/01/1955,1.275915562,1.275915562,1.275915562,1.275915562,1.275915562,1.275915562,,,
01/01/1956,1.277926272,1.277926272,1.277926272,1.277926272,1.277926272,1.277926272,,,
02/01/1956,1.279464774,1.279464774,1.279464774,1.279464774,1.279464774,1.279464774,,,
03/01/1956,1.280205916,1.280205916,1.280205916,1.280205916,1.280205916,1.280205916,,,
04/01/1956,1.280634051,1.280634051,1.280634051,1.280634051,1.280634051,1.280634051,,,
05/01/1956,1.28111154,1.28111154,1.28111154,1.28111154,1.28111154,1.28111154,,,
06/01/1956,1.281213383,1.281213383,1.281213383,1.281213383,1.281213383,1.281213383,,,
07/01/1956,1.281579968,1.281579968,1.281579968,1.281579968,1.281579968,1.281579968,,,
08/01/1956,1.282036725,1.282036725,1.282036725,1.282036725,1.282036725,1.282036725,,,
09/01/1956,1.282516018,1.282516018,1.282516018,1.282516018,1.282516018,1.282516018,,,
10/01/1956,1.283302136,1.283302136,1.283302136,1.283302136,1.283302136,1.283302136,,,
11/01/1956,1.283869305,1.283869305,1.283869305,1.283869305,1.283869305,1.283869305,,,
12/01/1956,1.284418371,1.284418371,1.284418371,1.284418371,1.284418371,1.284418371,,,
01/01/1957,1.285243899,1.285243899,1.285243899,1.285243899,1.285243899,1.285243899,,,
02/01/1957,1.285598615,1.285598615,1.285598615,1.285598615,1.285598615,1.285598615,,,
03/01/1957,1.285644439,1.285644439,1.285644439,1.285644439,1.285644439,1.285644439,,,
04/01/1957,1.285925882,1.285925882,1.285925882,1.285925882,1.285925882,1.285925882,,,
05/01/1957,1.287622947,1.287622947,1.287622947,1.287622947,1.287622947,1.287622947,,,
06/01/1957,1.291011745,1.291011745,1.291011745,1.291011745,1.291011745,1.291011745,,,
07/01/1957,1.293562335,1.293562335,1.293562335,1.293562335,1.293562335,1.293562335,,,
08/01/1957,1.29804421,1.29804421,1.29804421,1.29804421,1.29804421,1.29804421,,,
09/01/1957,1.303433777,1.303433777,1.303433777,1.303433777,1.303433777,1.303433777,,,
10/01/1957,1.306614234,1.306614234,1.306614234,1.306614234,1.306614234,1.306614234,,,
11/01/1957,1.308429859,1.308429859,1.308429859,1.308429859,1.308429859,1.308429859,,,
12/01/1957,1.308655024,1.308655024,1.308655024,1.308655024,1.308655024,1.308655024,,,
01/01/1958,1.308026943,1.308026943,1.308026943,1.308026943,1.308026943,1.308026943,,,
02/01/1958,1.306532175,1.306532175,1.306532175,1.306532175,1.306532175,1.306532175,,,
03/01/1958,1.305166256,1.305166256,1.305166256,1.305166256,1.305166256,1.305166256,,,
04/01/1958,1.304053465,1.304053465,1.304053465,1.304053465,1.304053465,1.304053465,,,
05/01/1958,1.303653068,1.303653068,1.303653068,1.303653068,1.303653068,1.303653068,,,
06/01/1958,1.303468501,1.303468501,1.303468501,1.303468501,1.303468501,1.303468501,,,
07/01/1958,1.303373967,1.303373967,1.303373967,1.303373967,1.303373967,1.303373967,,,
08/01/1958,1.303084074,1.303084074,1.303084074,1.303084074,1.303084074,1.303084074,,,
09/01/1958,1.302721447,1.302721447,1.302721447,1.302721447,1.302721447,1.302721447,,,
10/01/1958,1.301790391,1.301790391,1.301790391,1.301790391,1.301790391,1.301790391,,,
11/01/1958,1.300685345,1.300685345,1.300685345,1.300685345,1.300685345,1.300685345,,,
12/01/1958,1.300377375,1.300377375,1.300377375,1.300377375,1.300377375,1.300377375,,,
01/01/1959,1.300701944,1.300701944,1.300701944,1.300701944,1.300701944,1.300701944,,,
02/01/1959,1.300538812,1.300538812,1.300538812,1.300538812,1.300538812,1.300538812,,,
03/01/1959,1.30018651,1.30018651,1.30018651,1.30018651,1.30018651,1.30018651,,,
04/01/1959,1.300518748,1.300518748,1.300518748,1.300518748,1.300518748,1.300518748,,,
05/01/1959,1.300684042,1.300684042,1.300684042,1.300684042,1.300684042,1.300684042,,,
06/01/1959,1.301700856,1.301700856,1.301700856,1.301700856,1.301700856,1.301700856,,,
07/01/1959,1.302795265,1.302795265,1.302795265,1.302795265,1.302795265,1.302795265,,,
08/01/1959,1.303951941,1.303951941,1.303951941,1.303951941,1.303951941,1.303951941,,,
09/01/1959,1.306067,1.306067,1.306067,1.306067,1.306067,1.306067,,,
10/01/1959,1.308433592,1.308433592,1.308433592,1.308433592,1.308433592,1.308433592,,,
11/01/1959,1.310734721,1.310734721,1.310734721,1.310734721,1.310734721,1.310734721,,,
12/01/1959,1.311770037,1.311770037,1.311770037,1.311770037,1.311770037,1.311770037,,,
01/01/1960,1.313443337,1.313443337,1.313443337,1.313443337,1.313443337,1.313443337,,,
02/01/1960,1.320149953,1.320149953,1.320149953,1.320149953,1.320149953,1.320149953,,,
03/01/1960,1.317281055,1.317281055,1.317281055,1.317281055,1.317281055,1.317281055,,,
04/01/1960,1.323454729,1.323454729,1.323454729,1.323454729,1.323454729,1.323454729,,,
05/01/1960,1.326041863,1.326041863,1.326041863,1.326041863,1.326041863,1.326041863,,,
06/01/1960,1.329484117,1.329484117,1.329484117,1.329484117,1.329484117,1.329484117,,,
07/01/1960,1.330772569,1.330772569,1.330772569,1.330772569,1.330772569,1.330772569,,,
08/01/1960,1.329858054,1.329858054,1.329858054,1.329858054,1.329858054,1.329858054,,,
09/01/1960,1.331900046,1.331900046,1.331900046,1.331900046,1.331900046,1.331900046,,,
10/01/1960,1.332783822,1.332783822,1.332783822,1.332783822,1.332783822,1.332783822,,,
11/01/1960,1.333618366,1.333618366,1.333618366,1.333618366,1.333618366,1.333618366,,,
12/01/1960,1.334863807,1.334863807,1.334863807,1.334863807,1.334863807,1.334863807,,,
01/01/1961,1.334361852,1.334361852,1.334361852,1.334361852,1.334361852,1.334361852,,,
02/01/1961,1.334739187,1.334739187,1.334739187,1.334739187,1.334739187,1.334739187,,,
03/01/1961,1.337079996,1.337079996,1.337079996,1.337079996,1.337079996,1.337079996,,,
04/01/1961,1.338490048,1.338490048,1.338490048,1.338490048,1.338490048,1.338490048,,,
05/01/1961,1.343074132,1.343074132,1.343074132,1.343074132,1.343074132,1.343074132,,,
06/01/1961,1.346943854,1.346943854,1.346943854,1.346943854,1.346943854,1.346943854,,,
07/01/1961,1.349534203,1.349534203,1.349534203,1.349534203,1.349534203,1.349534203,,,
08/01/1961,1.352946129,1.352946129,1.352946129,1.352946129,1.352946129,1.352946129,,,
09/01/1961,1.357769591,1.357769591,1.357769591,1.357769591,1.357769591,1.357769591,,,
10/01/1961,1.361415428,1.361415428,1.361415428,1.361415428,1.361415428,1.361415428,,,
11/01/1961,1.36173106,1.36173106,1.36173106,1.36173106,1.36173106,1.36173106,,,
12/01/1961,1.364506708,1.364506708,1.364506708,1.364506708,1.364506708,1.364506708,,,
01/01/1962,1.366740416,1.366740416,1.366740416,1.366740416,1.366740416,1.366740416,,,
02/01/1962,1.366289656,1.366289656,1.366289656,1.366289656,1.366289656,1.366289656,,,
03/01/1962,1.364620896,1.364620896,1.364620896,1.364620896,1.364620896,1.364620896,,,
04/01/1962,1.362976534,1.362976534,1.362976534,1.362976534,1.362976534,1.362976534,,,
05/01/1962,1.368542075,1.368542075,1.368542075,1.368542075,1.368542075,1.368542075,,,
06/01/1962,1.372392419,1.372392419,1.372392419,1.372392419,1.372392419,1.372392419,,,
07/01/1962,1.375361896,1.375361896,1.375361896,1.375361896,1.375361896,1.375361896,,,
08/01/1962,1.374593409,1.374593409,1.374593409,1.374593409,1.374593409,1.374593409,,,
09/01/1962,1.375263008,1.375263008,1.375263008,1.375263008,1.375263008,1.375263008,,,
10/01/1962,1.380305942,1.380305942,1.380305942,1.380305942,1.380305942,1.380305942,,,
11/01/1962,1.381085044,1.381085044,1.381085044,1.381085044,1.381085044,1.381085044,,,
12/01/1962,1.375840362,1.375840362,1.375840362,1.375840362,1.375840362,1.375840362,,,
01/01/1963,1.373516387,1.373516387,1.373516387,1.373516387,1.373516387,1.373516387,,,
02/01/1963,1.375113917,1.375113917,1.375113917,1.375113917,1.375113917,1.375113917,,,
03/01/1963,1.373030094,1.373030094,1.373030094,1.373030094,1.373030094,1.373030094,,,
04/01/1963,1.374311965,1.374311965,1.374311965,1.374311965,1.374311965,1.374311965,,,
05/01/1963,1.374023374,1.374023374,1.374023374,1.374023374,1.374023374,1.374023374,,,
06/01/1963,1.376770144,1.376770144,1.376770144,1.376770144,1.376770144,1.376770144,,,
07/01/1963,1.376236253,1.376236253,1.376236253,1.376236253,1.376236253,1.376236253,,,
08/01/1963,1.379957296,1.379957296,1.379957296,1.379957296,1.379957296,1.379957296,,,
09/01/1963,1.382275558,1.382275558,1.382275558,1.382275558,1.382275558,1.382275558,,,
10/01/1963,1.383816819,1.383816819,1.383816819,1.383816819,1.383816819,1.383816819,,,
11/01/1963,1.38741134,1.38741134,1.38741134,1.38741134,1.38741134,1.38741134,,,
12/01/1963,1.383885085,1.383885085,1.383885085,1.383885085,1.383885085,1.383885085,,,
01/01/1964,1.382889889,1.382889889,1.382889889,1.382889889,1.382889889,1.382889889,,,
02/01/1964,1.381325369,1.381325369,1.381325369,1.381325369,1.381325369,1.381325369,,,
03/01/1964,1.381731949,1.381731949,1.381731949,1.381731949,1.381731949,1.381731949,,,
04/01/1964,1.384628951,1.384628951,1.384628951,1.384628951,1.384628951,1.384628951,,,
05/01/1964,1.386191999,1.386191999,1.386191999,1.386191999,1.386191999,1.386191999,,,
06/01/1964,1.390795806,1.390795806,1.390795806,1.390795806,1.390795806,1.390795806,,,
07/01/1964,1.392181053,1.392181053,1.392181053,1.392181053,1.392181053,1.392181053,,,
08/01/1964,1.395083607,1.395083607,1.395083607,1.395083607,1.395083607,1.395083607,,,
09/01/1964,1.394036076,1.394036076,1.394036076,1.394036076,1.394036076,1.394036076,,,
10/01/1964,1.396051371,1.396051371,1.396051371,1.396051371,1.396051371,1.396051371,,,
11/01/1964,1.400581335,1.400581335,1.400581335,1.400581335,1.400581335,1.400581335,,,
12/01/1964,1.403025732,1.403025732,1.403025732,1.403025732,1.403025732,1.403025732,,,
01/01/1965,1.402192489,1.402192489,1.402192489,1.402192489,1.402192489,1.402192489,,,
02/01/1965,1.406294861,1.406294861,1.406294861,1.406294861,1.406294861,1.406294861,,,
03/01/1965,1.411380528,1.411380528,1.411380528,1.411380528,1.411380528,1.411380528,,,
04/01/1965,1.415743727,1.415743727,1.415743727,1.415743727,1.415743727,1.415743727,,,
05/01/1965,1.413958808,1.413958808,1.413958808,1.413958808,1.413958808,1.413958808,,,
06/01/1965,1.412020886,1.412020886,1.412020886,1.412020886,1.412020886,1.412020886,,,
07/01/1965,1.414699788,1.414699788,1.414699788,1.414699788,1.414699788,1.414699788,,,
08/01/1965,1.422688231,1.422688231,1.422688231,1.422688231,1.422688231,1.422688231,,,
09/01/1965,1.4260981,1.4260981,1.4260981,1.4260981,1.4260981,1.4260981,,,
10/01/1965,1.42429194,1.42429194,1.42429194,1.42429194,1.42429194,1.42429194,,,
11/01/1965,1.423376533,1.423376533,1.423376533,1.423376533,1.423376533,1.423376533,,,
12/01/1965,1.422950198,1.422950198,1.422950198,1.422950198,1.422950198,1.422950198,,,
01/01/1966,1.426827689,1.426827689,1.426827689,1.426827689,1.426827689,1.426827689,,,
02/01/1966,1.424549494,1.424549494,1.424549494,1.424549494,1.424549494,1.424549494,,,
03/01/1966,1.422216207,1.422216207,1.422216207,1.422216207,1.422216207,1.422216207,,,
04/01/1966,1.420805234,1.420805234,1.420805234,1.420805234,1.420805234,1.420805234,,,
05/01/1966,1.419947795,1.419947795,1.419947795,1.419947795,1.419947795,1.419947795,,,
06/01/1966,1.421686633,1.421686633,1.421686633,1.421686633,1.421686633,1.421686633,,,
07/01/1966,1.419013278,1.419013278,1.419013278,1.419013278,1.419013278,1.419013278,,,
08/01/1966,1.420536407,1.420536407,1.420536407,1.420536407,1.420536407,1.420536407,,,
09/01/1966,1.423337701,1.423337701,1.423337701,1.423337701,1.423337701,1.423337701,,,
10/01/1966,1.422962121,1.422962121,1.422962121,1.422962121,1.422962121,1.422962121,,,
11/01/1966,1.424289028,1.424289028,1.424289028,1.424289028,1.424289028,1.424289028,,,
12/01/1966,1.42622753,1.42622753,1.42622753,1.42622753,1.42622753,1.42622753,,,
01/01/1967,1.425415682,1.425415682,1.425415682,1.425415682,1.425415682,1.425415682,,,
02/01/1967,1.42752065,1.42752065,1.42752065,1.42752065,1.42752065,1.42752065,,,
03/01/1967,1.430187574,1.430187574,1.430187574,1.430187574,1.430187574,1.430187574,,,
04/01/1967,1.428754832,1.428754832,1.428754832,1.428754832,1.428754832,1.428754832,,,
05/01/1967,1.431268023,1.431268023,1.431268023,1.431268023,1.431268023,1.431268023,,,
06/01/1967,1.427862047,1.427862047,1.427862047,1.427862047,1.427862047,1.427862047,,,
07/01/1967,1.423156987,1.423156987,1.423156987,1.423156987,1.423156987,1.423156987,,,
08/01/1967,1.420108099,1.420108099,1.420108099,1.420108099,1.420108099,1.420108099,,,
09/01/1967,1.417410511,1.417410511,1.417410511,1.417410511,1.417410511,1.417410511,,,
10/01/1967,1.415513835,1.415513835,1.415513835,1.415513835,1.415513835,1.415513835,,,
11/01/1967,1.415319364,1.415319364,1.415319364,1.415319364,1.415319364,1.415319364,,,
12/01/1967,1.414292696,1.414292696,1.414292696,1.414292696,1.414292696,1.414292696,,,
01/01/1968,1.418935163,1.418935163,1.418935163,1.418935163,1.418935163,1.418935163,,,
02/01/1968,1.422666324,1.422666324,1.422666324,1.422666324,1.422666324,1.422666324,,,
03/01/1968,1.424122138,1.424122138,1.424122138,1.424122138,1.424122138,1.424122138,,,
04/01/1968,1.425815617,1.425815617,1.425815617,1.425815617,1.425815617,1.425815617,,,
05/01/1968,1.423504512,1.423504512,1.423504512,1.423504512,1.423504512,1.423504512,,,
06/01/1968,1.426656523,1.426656523,1.426656523,1.426656523,1.426656523,1.426656523,,,
07/01/1968,1.428754285,1.428754285,1.428754285,1.428754285,1.428754285,1.428754285,,,
08/01/1968,1.431457082,1.431457082,1.431457082,1.431457082,1.431457082,1.431457082,,,
09/01/1968,1.438458513,1.438458513,1.438458513,1.438458513,1.438458513,1.438458513,,,
10/01/1968,1.44783312,1.44783312,1.44783312,1.44783312,1.44783312,1.44783312,,,
11/01/1968,1.447544604,1.447544604,1.447544604,1.447544604,1.447544604,1.447544604,,,
12/01/1968,1.451157025,1.451157025,1.451157025,1.451157025,1.451157025,1.451157025,,,
01/01/1969,1.450443247,1.450443247,1.450443247,1.450443247,1.450443247,1.450443247,,,
02/01/1969,1.455038078,1.455038078,1.455038078,1.455038078,1.455038078,1.455038078,,,
03/01/1969,1.454001149,1.454001149,1.454001149,1.454001149,1.454001149,1.454001149,,,
04/01/1969,1.45378442,1.45378442,1.45378442,1.45378442,1.45378442,1.45378442,,,
05/01/1969,1.449365951,1.449365951,1.449365951,1.449365951,1.449365951,1.449365951,,,
06/01/1969,1.452382799,1.452382799,1.452382799,1.452382799,1.452382799,1.452382799,,,
07/01/1969,1.451560762,1.451560762,1.451560762,1.451560762,1.451560762,1.451560762,,,
08/01/1969,1.453501338,1.453501338,1.453501338,1.453501338,1.453501338,1.453501338,,,
09/01/1969,1.455332053,1.455332053,1.455332053,1.455332053,1.455332053,1.455332053,,,
10/01/1969,1.455494324,1.455494324,1.455494324,1.455494324,1.455494324,1.455494324,,,
11/01/1969,1.458419261,1.458419261,1.458419261,1.458419261,1.458419261,1.458419261,,,
12/01/1969,1.462982243,1.462982243,1.462982243,1.462982243,1.462982243,1.462982243,,,
01/01/1970,1.465983089,1.465983089,1.465983089,1.465983089,1.465983089,1.465983089,,,
02/01/1970,1.466983026,1.466983026,1.466983026,1.466983026,1.466983026,1.466983026,,,
03/01/1970,1.467628201,1.467628201,1.467628201,1.467628201,1.467628201,1.467628201,,,
04/01/1970,1.474353249,1.474353249,1.474353249,1.474353249,1.474353249,1.474353249,,,
05/01/1970,1.477841982,1.477841982,1.477841982,1.477841982,1.477841982,1.477841982,,,
06/01/1970,1.48115018,1.48115018,1.48115018,1.48115018,1.48115018,1.48115018,,,
07/01/1970,1.483307466,1.483307466,1.483307466,1.483307466,1.483307466,1.483307466,,,
08/01/1970,1.488208857,1.488208857,1.488208857,1.488208857,1.488208857,1.488208857,,,
09/01/1970,1.490101403,1.490101403,1.490101403,1.490101403,1.490101403,1.490101403,,,
10/01/1970,1.491816805,1.491816805,1.491816805,1.491816805,1.491816805,1.491816805,,,
11/01/1970,1.490167923,1.490167923,1.490167923,1.490167923,1.490167923,1.490167923,,,
12/01/1970,1.491902756,1.491902756,1.491902756,1.491902756,1.491902756,1.491902756,,,
01/01/1971,1.493547253,1.493547253,1.493547253,1.493547253,1.493547253,1.493547253,,,
02/01/1971,1.494453926,1.494453926,1.494453926,1.494453926,1.494453926,1.494453926,,,
03/01/1971,1.497119028,1.497119028,1.497119028,1.497119028,1.497119028,1.497119028,,,
04/01/1971,1.500758264,1.500758264,1.500758264,1.500758264,1.500758264,1.500758264,,,
05/01/1971,1.502422685,1.502422685,1.502422685,1.502422685,1.502422685,1.502422685,,,
06/01/1971,1.505239147,1.505239147,1.505239147,1.505239147,1.505239147,1.505239147,,,
07/01/1971,1.504694886,1.504694886,1.504694886,1.504694886,1.504694886,1.504694886,,,
08/01/1971,1.507800396,1.507800396,1.507800396,1.507800396,1.507800396,1.507800396,,,
09/01/1971,1.507447729,1.507447729,1.507447729,1.507447729,1.507447729,1.507447729,,,
10/01/1971,1.50984498,1.50984498,1.50984498,1.50984498,1.50984498,1.50984498,,,
11/01/1971,1.512854254,1.512854254,1.512854254,1.512854254,1.512854254,1.512854254,,,
12/01/1971,1.512715856,1.512715856,1.512715856,1.512715856,1.512715856,1.512715856,,,
01/01/1972,1.511229847,1.511229847,1.511229847,1.511229847,1.511229847,1.511229847,,,
02/01/1972,1.510075097,1.510075097,1.510075097,1.510075097,1.510075097,1.510075097,,,
03/01/1972,1.509101624,1.509101624,1.509101624,1.509101624,1.509101624,1.509101624,,,
04/01/1972,1.509732102,1.509732102,1.509732102,1.509732102,1.509732102,1.509732102,,,
05/01/1972,1.511468725,1.511468725,1.511468725,1.511468725,1.511468725,1.511468725,,,
06/01/1972,1.512821927,1.512821927,1.512821927,1.512821927,1.512821927,1.512821927,,,
07/01/1972,1.515206466,1.515206466,1.515206466,1.515206466,1.515206466,1.515206466,,,
08/01/1972,1.516748312,1.516748312,1.516748312,1.516748312,1.516748312,1.516748312,,,
09/01/1972,1.518087784,1.518087784,1.518087784,1.518087784,1.518087784,1.518087784,,,
10/01/1972,1.52088097,1.52088097,1.52088097,1.52088097,1.52088097,1.52088097,,,
11/01/1972,1.523637847,1.523637847,1.523637847,1.523637847,1.523637847,1.523637847,,,
12/01/1972,1.52529573,1.52529573,1.52529573,1.52529573,1.52529573,1.52529573,,,
01/01/1973,1.526228777,1.526228777,1.526228777,1.526228777,1.526228777,1.526228777,,,
02/01/1973,1.527396842,1.527396842,1.527396842,1.527396842,1.527396842,1.527396842,,,
03/01/1973,1.527013725,1.527013725,1.527013725,1.527013725,1.527013725,1.527013725,,,
04/01/1973,1.528173937,1.528173937,1.528173937,1.528173937,1.528173937,1.528173937,,,
05/01/1973,1.531571186,1.531571186,1.531571186,1.531571186,1.531571186,1.531571186,,,
06/01/1973,1.528673142,1.528673142,1.528673142,1.528673142,1.528673142,1.528673142,,,
07/01/1973,1.530058008,1.530058008,1.530058008,1.530058008,1.530058008,1.530058008,,,
08/01/1973,1.534409166,1.534409166,1.534409166,1.534409166,1.534409166,1.534409166,,,
09/01/1973,1.537204577,1.537204577,1.537204577,1.537204577,1.537204577,1.537204577,,,
10/01/1973,1.537003791,1.537003791,1.537003791,1.537003791,1.537003791,1.537003791,,,
11/01/1973,1.537301831,1.537301831,1.537301831,1.537301831,1.537301831,1.537301831,,,
12/01/1973,1.53872396,1.53872396,1.53872396,1.53872396,1.53872396,1.53872396,,,
01/01/1974,1.540190595,1.540190595,1.540190595,1.540190595,1.540190595,1.540190595,,,
02/01/1974,1.541463968,1.541463968,1.541463968,1.541463968,1.541463968,1.541463968,,,
03/01/1974,1.542193181,1.542193181,1.542193181,1.542193181,1.542193181,1.542193181,,,
04/01/1974,1.541676029,1.541676029,1.541676029,1.541676029,1.541676029,1.541676029,,,
05/01/1974,1.541338622,1.541338622,1.541338622,1.541338622,1.541338622,1.541338622,,,
06/01/1974,1.539428998,1.539428998,1.539428998,1.539428998,1.539428998,1.539428998,,,
07/01/1974,1.538255748,1.538255748,1.538255748,1.538255748,1.538255748,1.538255748,,,
08/01/1974,1.540623444,1.540623444,1.540623444,1.540623444,1.540623444,1.540623444,,,
09/01/1974,1.543304624,1.543304624,1.543304624,1.543304624,1.543304624,1.543304624,,,
10/01/1974,1.546876124,1.546876124,1.546876124,1.546876124,1.546876124,1.546876124,,,
11/01/1974,1.549087593,1.549087593,1.549087593,1.549087593,1.549087593,1.549087593,,,
12/01/1974,1.55010674,1.55010674,1.55010674,1.55010674,1.55010674,1.55010674,,,
01/01/1975,1.550588057,1.550588057,1.550588057,1.550588057,1.550588057,1.550588057,,,
02/01/1975,1.55127003,1.55127003,1.55127003,1.55127003,1.55127003,1.55127003,,,
03/01/1975,1.551695545,1.551695545,1.551695545,1.551695545,1.551695545,1.551695545,,,
04/01/1975,1.553193837,1.553193837,1.553193837,1.553193837,1.553193837,1.553193837,,,
05/01/1975,1.55468637,1.55468637,1.55468637,1.55468637,1.55468637,1.55468637,,,
06/01/1975,1.556415161,1.556415161,1.556415161,1.556415161,1.556415161,1.556415161,,,
07/01/1975,1.558424336,1.558424336,1.558424336,1.558424336,1.558424336,1.558424336,,,
08/01/1975,1.560472281,1.560472281,1.560472281,1.560472281,1.560472281,1.560472281,,,
09/01/1975,1.562498381,1.562498381,1.562498381,1.562498381,1.562498381,1.562498381,,,
10/01/1975,1.563814618,1.563814618,1.563814618,1.563814618,1.563814618,1.563814618,,,
11/01/1975,1.563731222,1.563731222,1.563731222,1.563731222,1.563731222,1.563731222,,,
12/01/1975,1.566827607,1.566827607,1.566827607,1.566827607,1.566827607,1.566827607,,,
01/01/1976,1.567749988,1.567749988,1.567749988,1.567749988,1.567749988,1.567749988,,,
02/01/1976,1.569366299,1.569366299,1.569366299,1.569366299,1.569366299,1.569366299,,,
03/01/1976,1.571047046,1.571047046,1.571047046,1.571047046,1.571047046,1.571047046,,,
04/01/1976,1.574072315,1.574072315,1.574072315,1.574072315,1.574072315,1.574072315,,,
05/01/1976,1.576881538,1.576881538,1.576881538,1.576881538,1.576881538,1.576881538,,,
06/01/1976,1.581051525,1.581051525,1.581051525,1.581051525,1.581051525,1.581051525,,,
07/01/1976,1.58381846,1.58381846,1.58381846,1.58381846,1.58381846,1.58381846,,,
08/01/1976,1.589298641,1.589298641,1.589298641,1.589298641,1.589298641,1.589298641,,,
09/01/1976,1.593950408,1.593950408,1.593950408,1.593950408,1.593950408,1.593950408,,,
10/01/1976,1.597518176,1.597518176,1.597518176,1.597518176,1.597518176,1.597518176,,,
11/01/1976,1.60013075,1.60013075,1.60013075,1.60013075,1.60013075,1.60013075,,,
12/01/1976,1.605216627,1.605216627,1.605216627,1.605216627,1.605216627,1.605216627,,,
01/01/1977,1.609770337,1.609770337,1.609770337,1.609770337,1.609770337,1.609770337,,,
02/01/1977,1.614264005,1.614264005,1.614264005,1.614264005,1.614264005,1.614264005,,,
03/01/1977,1.618212903,1.618212903,1.618212903,1.618212903,1.618212903,1.618212903,,,
04/01/1977,1.624640164,1.624640164,1.624640164,1.624640164,1.624640164,1.624640164,,,
05/01/1977,1.627962074,1.627962074,1.627962074,1.627962074,1.627962074,1.627962074,,,
06/01/1977,1.633589813,1.633589813,1.633589813,1.633589813,1.633589813,1.633589813,,,
07/01/1977,1.640467057,1.640467057,1.640467057,1.640467057,1.640467057,1.640467057,,,
08/01/1977,1.645942019,1.645942019,1.645942019,1.645942019,1.645942019,1.645942019,,,
09/01/1977,1.651731798,1.651731798,1.651731798,1.651731798,1.651731798,1.651731798,,,
10/01/1977,1.658292326,1.658292326,1.658292326,1.658292326,1.658292326,1.658292326,,,
11/01/1977,1.664525029,1.664525029,1.664525029,1.664525029,1.664525029,1.664525029,,,
12/01/1977,1.668666375,1.668666375,1.668666375,1.668666375,1.668666375,1.668666375,,,
01/01/1978,1.671858664,1.671858664,1.671858664,1.671858664,1.671858664,1.671858664,,,
02/01/1978,1.675652077,1.675652077,1.675652077,1.675652077,1.675652077,1.675652077,,,
03/01/1978,1.681248468,1.681248468,1.681248468,1.681248468,1.681248468,1.681248468,,,
04/01/1978,1.683689491,1.683689491,1.683689491,1.683689491,1.683689491,1.683689491,,,
05/01/1978,1.685377579,1.685377579,1.685377579,1.685377579,1.685377579,1.685377579,,,
06/01/1978,1.688876342,1.688876342,1.688876342,1.688876342,1.688876342,1.688876342,,,
07/01/1978,1.690300349,1.690300349,1.690300349,1.690300349,1.690300349,1.690300349,,,
08/01/1978,1.6905148,1.6905148,1.6905148,1.6905148,1.6905148,1.6905148,,,
09/01/1978,1.690949034,1.690949034,1.690949034,1.690949034,1.690949034,1.690949034,,,
10/01/1978,1.693175493,1.693175493,1.693175493,1.693175493,1.693175493,1.693175493,,,
11/01/1978,1.692605458,1.692605458,1.692605458,1.692605458,1.692605458,1.692605458,,,
12/01/1978,1.695922253,1.695922253,1.695922253,1.695922253,1.695922253,1.695922253,,,
01/01/1979,1.704262686,1.704262686,1.704262686,1.704262686,1.704262686,1.704262686,,,
02/01/1979,1.759131108,1.759131108,1.759131108,1.759131108,1.759131108,1.759131108,,,
03/01/1979,1.810777652,1.810777652,1.810777652,1.810777652,1.810777652,1.810777652,,,
04/01/1979,1.811595771,1.811595771,1.811595771,1.811595771,1.811595771,1.811595771,,,
05/01/1979,1.810694713,1.810694713,1.810694713,1.810694713,1.810694713,1.810694713,,,
06/01/1979,1.806346474,1.806346474,1.806346474,1.806346474,1.806346474,1.806346474,,,
07/01/1979,1.801729699,1.801729699,1.801729699,1.801729699,1.801729699,1.801729699,,,
08/01/1979,1.79877515,1.79877515,1.79877515,1.79877515,1.79877515,1.79877515,,,
09/01/1979,1.79539955,1.79539955,1.79539955,1.79539955,1.79539955,1.79539955,,,
10/01/1979,1.79282731,1.79282731,1.79282731,1.79282731,1.79282731,1.79282731,,,
11/01/1979,1.788589431,1.788589431,1.788589431,1.788589431,1.788589431,1.788589431,,,
12/01/1979,1.787603036,1.787603036,1.787603036,1.787603036,1.787603036,1.787603036,,,
01/01/1980,1.787536709,1.787536709,1.787536709,1.787536709,1.787536709,1.787536709,,,
02/01/1980,1.787768187,1.787768187,1.787768187,1.787768187,1.787768187,1.787768187,,,
03/01/1980,1.790689533,1.790689533,1.790689533,1.790689533,1.790689533,1.790689533,,,
04/01/1980,1.793454428,1.793454428,1.793454428,1.793454428,1.793454428,1.793454428,,,
05/01/1980,1.792431052,1.792431052,1.792431052,1.792431052,1.792431052,1.792431052,,,
06/01/1980,1.794412424,1.794412424,1.794412424,1.794412424,1.794412424,1.794412424,,,
07/01/1980,1.795694165,1.795694165,1.795694165,1.795694165,1.795694165,1.795694165,,,
08/01/1980,1.796187459,1.796187459,1.796187459,1.796187459,1.796187459,1.796187459,,,
09/01/1980,1.796202799,1.796202799,1.796202799,1.796202799,1.796202799,1.796202799,,,
10/01/1980,1.797732002,1.797732002,1.797732002,1.797732002,1.797732002,1.797732002,,,
11/01/1980,1.798830833,1.798830833,1.798830833,1.798830833,1.798830833,1.798830833,,,
12/01/1980,1.800775685,1.800775685,1.800775685,1.800775685,1.800775685,1.800775685,,,
01/01/1981,1.799320526,1.799320526,1.799320526,1.799320526,1.799320526,1.799320526,,,
02/01/1981,1.798882254,1.798882254,1.798882254,1.798882254,1.798882254,1.798882254,,,
03/01/1981,1.798815591,1.798815591,1.798815591,1.798815591,1.798815591,1.798815591,,,
04/01/1981,1.798792772,1.798792772,1.798792772,1.798792772,1.798792772,1.798792772,,,
05/01/1981,1.800844544,1.800844544,1.800844544,1.800844544,1.800844544,1.800844544,,,
06/01/1981,1.800936369,1.800936369,1.800936369,1.800936369,1.800936369,1.800936369,,,
07/01/1981,1.802558553,1.802558553,1.802558553,1.802558553,1.802558553,1.802558553,,,
08/01/1981,1.805906659,1.805906659,1.805906659,1.805906659,1.805906659,1.805906659,,,
09/01/1981,1.808493082,1.808493082,1.808493082,1.808493082,1.808493082,1.808493082,,,
10/01/1981,1.811428251,1.811428251,1.811428251,1.811428251,1.811428251,1.811428251,,,
11/01/1981,1.811957453,1.811957453,1.811957453,1.811957453,1.811957453,1.811957453,,,
12/01/1981,1.813574337,1.813574337,1.813574337,1.813574337,1.813574337,1.813574337,,,
01/01/1982,1.813650544,1.813650544,1.813650544,1.813650544,1.813650544,1.813650544,,,
02/01/1982,1.81327419,1.81327419,1.81327419,1.81327419,1.81327419,1.81327419,,,
03/01/1982,1.81558079,1.81558079,1.81558079,1.81558079,1.81558079,1.81558079,,,
04/01/1982,1.817058285,1.817058285,1.817058285,1.817058285,1.817058285,1.817058285,,,
05/01/1982,1.816881416,1.816881416,1.816881416,1.816881416,1.816881416,1.816881416,,,
06/01/1982,1.818441142,1.818441142,1.818441142,1.818441142,1.818441142,1.818441142,,,
07/01/1982,1.81769847,1.81769847,1.81769847,1.81769847,1.81769847,1.81769847,,,
08/01/1982,1.818521748,1.818521748,1.818521748,1.818521748,1.818521748,1.818521748,,,
09/01/1982,1.821822259,1.821822259,1.821822259,1.821822259,1.821822259,1.821822259,,,
10/01/1982,1.823420602,1.823420602,1.823420602,1.823420602,1.823420602,1.823420602,,,
11/01/1982,1.822149481,1.822149481,1.822149481,1.822149481,1.822149481,1.822149481,,,
12/01/1982,1.823737568,1.823737568,1.823737568,1.823737568,1.823737568,1.823737568,,,
01/01/1983,1.826104838,1.826104838,1.826104838,1.826104838,1.826104838,1.826104838,,,
02/01/1983,1.828567696,1.828567696,1.828567696,1.828567696,1.828567696,1.828567696,,,
03/01/1983,1.828639071,1.828639071,1.828639071,1.828639071,1.828639071,1.828639071,,,
04/01/1983,1.824278458,1.824278458,1.824278458,1.824278458,1.824278458,1.824278458,,,
05/01/1983,1.826969141,1.826969141,1.826969141,1.826969141,1.826969141,1.826969141,,,
06/01/1983,1.829952302,1.829952302,1.829952302,1.829952302,1.829952302,1.829952302,,,
07/01/1983,1.830083207,1.830083207,1.830083207,1.830083207,1.830083207,1.830083207,,,
08/01/1983,1.830029064,1.830029064,1.830029064,1.830029064,1.830029064,1.830029064,,,
09/01/1983,1.830146523,1.830146523,1.830146523,1.830146523,1.830146523,1.830146523,,,
10/01/1983,1.831374446,1.831374446,1.831374446,1.831374446,1.831374446,1.831374446,,,
11/01/1983,1.831025852,1.831025852,1.831025852,1.831025852,1.831025852,1.831025852,,,
12/01/1983,1.837816562,1.837816562,1.837816562,1.837816562,1.837816562,1.837816562,,,
01/01/1984,1.842027503,1.842027503,1.842027503,1.842027503,1.842027503,1.842027503,,,
02/01/1984,1.846424474,1.846424474,1.846424474,1.846424474,1.846424474,1.846424474,,,
03/01/1984,1.850006875,1.850006875,1.850006875,1.850006875,1.850006875,1.850006875,,,
04/01/1984,1.852017179,1.852017179,1.852017179,1.852017179,1.852017179,1.852017179,,,
05/01/1984,1.850679725,1.850679725,1.850679725,1.850679725,1.850679725,1.850679725,,,
06/01/1984,1.844848837,1.844848837,1.844848837,1.844848837,1.844848837,1.844848837,,,
07/01/1984,1.843551482,1.843551482,1.843551482,1.843551482,1.843551482,1.843551482,,,
08/01/1984,1.840402203,1.840402203,1.840402203,1.840402203,1.840402203,1.840402203,,,
09/01/1984,1.838126078,1.838126078,1.838126078,1.838126078,1.838126078,1.838126078,,,
10/01/1984,1.833288512,1.833288512,1.833288512,1.833288512,1.833288512,1.833288512,,,
11/01/1984,1.83000599,1.83000599,1.83000599,1.83000599,1.83000599,1.83000599,,,
12/01/1984,1.826172592,1.826172592,1.826172592,1.826172592,1.826172592,1.826172592,,,
01/01/1985,1.827897763,1.827897763,1.827897763,1.827897763,1.827897763,1.827897763,,,
02/01/1985,1.82948833,1.82948833,1.82948833,1.82948833,1.82948833,1.82948833,,,
03/01/1985,1.827903786,1.827903786,1.827903786,1.827903786,1.827903786,1.827903786,,,
04/01/1985,1.829435924,1.829435924,1.829435924,1.829435924,1.829435924,1.829435924,,,
05/01/1985,1.827460292,1.827460292,1.827460292,1.827460292,1.827460292,1.827460292,,,
06/01/1985,1.827344855,1.827344855,1.827344855,1.827344855,1.827344855,1.827344855,,,
07/01/1985,1.829556171,1.829556171,1.829556171,1.829556171,1.829556171,1.829556171,,,
08/01/1985,1.8277699,1.8277699,1.8277699,1.8277699,1.8277699,1.8277699,,,
09/01/1985,1.825775509,1.825775509,1.825775509,1.825775509,1.825775509,1.825775509,,,
10/01/1985,1.827811565,1.827811565,1.827811565,1.827811565,1.827811565,1.827811565,,,
11/01/1985,1.824895307,1.824895307,1.824895307,1.824895307,1.824895307,1.824895307,,,
12/01/1985,1.827392564,1.827392564,1.827392564,1.827392564,1.827392564,1.827392564,,,
01/01/1986,1.827622958,1.827622958,1.827622958,1.827622958,1.827622958,1.827622958,,,
02/01/1986,1.825473238,1.825473238,1.825473238,1.825473238,1.825473238,1.825473238,,,
03/01/1986,1.820555014,1.820555014,1.820555014,1.820555014,1.820555014,1.820555014,,,
04/01/1986,1.821468087,1.821468087,1.821468087,1.821468087,1.821468087,1.821468087,,,
05/01/1986,1.828650847,1.828650847,1.828650847,1.828650847,1.828650847,1.828650847,,,
06/01/1986,1.828037634,1.828037634,1.828037634,1.828037634,1.828037634,1.828037634,,,
07/01/1986,1.825861178,1.825861178,1.825861178,1.825861178,1.825861178,1.825861178,,,
08/01/1986,1.826038694,1.826038694,1.826038694,1.826038694,1.826038694,1.826038694,,,
09/01/1986,1.826452155,1.826452155,1.826452155,1.826452155,1.826452155,1.826452155,,,
10/01/1986,1.825611945,1.825611945,1.825611945,1.825611945,1.825611945,1.825611945,,,
11/01/1986,1.82267374,1.82267374,1.82267374,1.82267374,1.82267374,1.82267374,,,
12/01/1986,1.824083414,1.824083414,1.824083414,1.824083414,1.824083414,1.824083414,,,
01/01/1987,1.822376214,1.822376214,1.822376214,1.822376214,1.822376214,1.822376214,,,
02/01/1987,1.824557836,1.824557836,1.824557836,1.824557836,1.824557836,1.824557836,,,
03/01/1987,1.820762705,1.820762705,1.820762705,1.820762705,1.820762705,1.820762705,,,
04/01/1987,1.823522417,1.823522417,1.823522417,1.823522417,1.823522417,1.823522417,,,
05/01/1987,1.824642639,1.824642639,1.824642639,1.824642639,1.824642639,1.824642639,,,
06/01/1987,1.825628758,1.825628758,1.825628758,1.825628758,1.825628758,1.825628758,,,
07/01/1987,1.829086114,1.829086114,1.829086114,1.829086114,1.829086114,1.829086114,,,
08/01/1987,1.827393374,1.827393374,1.827393374,1.827393374,1.827393374,1.827393374,,,
09/01/1987,1.829131128,1.829131128,1.829131128,1.829131128,1.829131128,1.829131128,,,
10/01/1987,1.829763125,1.829763125,1.829763125,1.829763125,1.829763125,1.829763125,,,
11/01/1987,1.835361106,1.835361106,1.835361106,1.835361106,1.835361106,1.835361106,,,
12/01/1987,1.839110456,1.839110456,1.839110456,1.839110456,1.839110456,1.839110456,,,
01/01/1988,1.841109043,1.841109043,1.841109043,1.841109043,1.841109043,1.841109043,,,
02/01/1988,1.841488696,1.841488696,1.841488696,1.841488696,1.841488696,1.841488696,,,
03/01/1988,1.846223921,1.846223921,1.846223921,1.846223921,1.846223921,1.846223921,,,
04/01/1988,1.846130305,1.846130305,1.846130305,1.846130305,1.846130305,1.846130305,,,
05/01/1988,1.842191794,1.842191794,1.842191794,1.842191794,1.842191794,1.842191794,,,
06/01/1988,1.841531117,1.841531117,1.841531117,1.841531117,1.841531117,1.841531117,,,
07/01/1988,1.836069918,1.836069918,1.836069918,1.836069918,1.836069918,1.836069918,,,
08/01/1988,1.833341058,1.833341058,1.833341058,1.833341058,1.833341058,1.833341058,,,
09/01/1988,1.829638784,1.829638784,1.829638784,1.829638784,1.829638784,1.829638784,,,
10/01/1988,1.831241341,1.831241341,1.831241341,1.831241341,1.831241341,1.831241341,,,
11/01/1988,1.828681388,1.828681388,1.828681388,1.828681388,1.828681388,1.828681388,,,
12/01/1988,1.830676932,1.830676932,1.830676932,1.830676932,1.830676932,1.830676932,,,
01/01/1989,1.835315969,1.835315969,1.835315969,1.835315969,1.835315969,1.835315969,,,
02/01/1989,1.838027344,1.838027344,1.838027344,1.838027344,1.838027344,1.838027344,,,
03/01/1989,1.841256087,1.841256087,1.841256087,1.841256087,1.841256087,1.841256087,,,
04/01/1989,1.838875028,1.838875028,1.838875028,1.838875028,1.838875028,1.838875028,,,
05/01/1989,1.838166429,1.838166429,1.838166429,1.838166429,1.838166429,1.838166429,,,
06/01/1989,1.836634817,1.836634817,1.836634817,1.836634817,1.836634817,1.836634817,,,
07/01/1989,1.837691877,1.837691877,1.837691877,1.837691877,1.837691877,1.837691877,,,
08/01/1989,1.841875112,1.841875112,1.841875112,1.841875112,1.841875112,1.841875112,,,
09/01/1989,1.840002349,1.840002349,1.840002349,1.840002349,1.840002349,1.840002349,,,
10/01/1989,1.838255891,1.838255891,1.838255891,1.838255891,1.838255891,1.838255891,,,
11/01/1989,1.843532973,1.843532973,1.843532973,1.843532973,1.843532973,1.843532973,,,
12/01/1989,1.845369612,1.845369612,1.845369612,1.845369612,1.845369612,1.845369612,,,
01/01/1990,1.836016965,1.836016965,1.836016965,1.836016965,1.836016965,1.836016965,,,
02/01/1990,1.83155338,1.83155338,1.83155338,1.83155338,1.83155338,1.83155338,,,
03/01/1990,1.82162577,1.82162577,1.82162577,1.82162577,1.82162577,1.82162577,,,
04/01/1990,1.828597657,1.828597657,1.828597657,1.828597657,1.828597657,1.828597657,,,
05/01/1990,1.833647062,1.833647062,1.833647062,1.833647062,1.833647062,1.833647062,,,
06/01/1990,1.838518719,1.838518719,1.838518719,1.838518719,1.838518719,1.838518719,,,
07/01/1990,1.84475494,1.84475494,1.84475494,1.84475494,1.84475494,1.84475494,,,
08/01/1990,1.84882713,1.84882713,1.84882713,1.84882713,1.84882713,1.84882713,,,
09/01/1990,1.857699426,1.857699426,1.857699426,1.857699426,1.857699426,1.857699426,,,
10/01/1990,1.862684583,1.862684583,1.862684583,1.862684583,1.862684583,1.862684583,,,
11/01/1990,1.86183886,1.86183886,1.86183886,1.86183886,1.86183886,1.86183886,,,
12/01/1990,1.870194866,1.870194866,1.870194866,1.870194866,1.870194866,1.870194866,,,
01/01/1991,1.872426075,1.872426075,1.872426075,1.872426075,1.872426075,1.872426075,,,
02/01/1991,1.876484915,1.876484915,1.876484915,1.876484915,1.876484915,1.876484915,,,
03/01/1991,1.874984012,1.874984012,1.874984012,1.874984012,1.874984012,1.874984012,,,
04/01/1991,1.877976024,1.877976024,1.877976024,1.877976024,1.877976024,1.877976024,,,
05/01/1991,1.878418689,1.878418689,1.878418689,1.878418689,1.878418689,1.878418689,,,
06/01/1991,1.880334304,1.880334304,1.880334304,1.880334304,1.880334304,1.880334304,,,
07/01/1991,1.880172592,1.880172592,1.880172592,1.880172592,1.880172592,1.880172592,,,
08/01/1991,1.882071693,1.882071693,1.882071693,1.882071693,1.882071693,1.882071693,,,
09/01/1991,1.883042719,1.883042719,1.883042719,1.883042719,1.883042719,1.883042719,,,
10/01/1991,1.886621621,1.886621621,1.886621621,1.886621621,1.886621621,1.886621621,,,
11/01/1991,1.883933849,1.883933849,1.883933849,1.883933849,1.883933849,1.883933849,,,
12/01/1991,1.88391523,1.88391523,1.88391523,1.88391523,1.88391523,1.88391523,,,
01/01/1992,1.887560788,1.887560788,1.887560788,1.887560788,1.887560788,1.887560788,,,
02/01/1992,1.892445942,1.892445942,1.892445942,1.892445942,1.892445942,1.892445942,,,
03/01/1992,1.893353737,1.893353737,1.893353737,1.893353737,1.893353737,1.893353737,,,
04/01/1992,1.897104124,1.897104124,1.897104124,1.897104124,1.897104124,1.897104124,,,
05/01/1992,1.898552224,1.898552224,1.898552224,1.898552224,1.898552224,1.898552224,,,
06/01/1992,1.899934339,1.899934339,1.899934339,1.899934339,1.899934339,1.899934339,,,
07/01/1992,1.902099593,1.902099593,1.902099593,1.902099593,1.902099593,1.902099593,,,
08/01/1992,1.898734795,1.898734795,1.898734795,1.898734795,1.898734795,1.898734795,,,
09/01/1992,1.90083358,1.90083358,1.90083358,1.90083358,1.90083358,1.90083358,,,
10/01/1992,1.904860074,1.904860074,1.904860074,1.904860074,1.904860074,1.904860074,,,
11/01/1992,1.905616607,1.905616607,1.905616607,1.905616607,1.905616607,1.905616607,,,
12/01/1992,1.90580288,1.90580288,1.90580288,1.90580288,1.90580288,1.90580288,,,
01/01/1993,1.909562283,1.909562283,1.909562283,1.909562283,1.909562283,1.909562283,,,
02/01/1993,1.911200387,1.911200387,1.911200387,1.911200387,1.911200387,1.911200387,,,
03/01/1993,1.911607483,1.911607483,1.911607483,1.911607483,1.911607483,1.911607483,,,
04/01/1993,1.915373199,1.915373199,1.915373199,1.915373199,1.915373199,1.915373199,,,
05/01/1993,1.914640309,1.914640309,1.914640309,1.914640309,1.914640309,1.914640309,,,
06/01/1993,1.916699859,1.916699859,1.916699859,1.916699859,1.916699859,1.916699859,,,
07/01/1993,1.919116438,1.919116438,1.919116438,1.919116438,1.919116438,1.919116438,,,
08/01/1993,1.920203397,1.920203397,1.920203397,1.920203397,1.920203397,1.920203397,,,
09/01/1993,1.922906875,1.922906875,1.922906875,1.922906875,1.922906875,1.922906875,,,
10/01/1993,1.926602298,1.926602298,1.926602298,1.926602298,1.926602298,1.926602298,,,
11/01/1993,1.929290208,1.929290208,1.929290208,1.929290208,1.929290208,1.929290208,,,
12/01/1993,1.93024088,1.93024088,1.93024088,1.93024088,1.93024088,1.93024088,,,
01/01/1994,1.929938143,1.929938143,1.929938143,1.929938143,1.929938143,1.929938143,,,
02/01/1994,1.930985873,1.930985873,1.930985873,1.930985873,1.930985873,1.930985873,,,
03/01/1994,1.934405903,1.934405903,1.934405903,1.934405903,1.934405903,1.934405903,,,
04/01/1994,1.932201139,1.932201139,1.932201139,1.932201139,1.932201139,1.932201139,,,
05/01/1994,1.936109007,1.936109007,1.936109007,1.936109007,1.936109007,1.936109007,,,
06/01/1994,1.940086875,1.940086875,1.940086875,1.940086875,1.940086875,1.940086875,,,
07/01/1994,1.941287546,1.941287546,1.941287546,1.941287546,1.941287546,1.941287546,,,
08/01/1994,1.94191749,1.94191749,1.94191749,1.94191749,1.94191749,1.94191749,,,
09/01/1994,1.941465048,1.941465048,1.941465048,1.941465048,1.941465048,1.941465048,,,
10/01/1994,1.944485756,1.944485756,1.944485756,1.944485756,1.944485756,1.944485756,,,
11/01/1994,1.947624746,1.947624746,1.947624746,1.947624746,1.947624746,1.947624746,,,
12/01/1994,1.951110405,1.951110405,1.951110405,1.951110405,1.951110405,1.951110405,,,
01/01/1995,1.952987733,1.952987733,1.952987733,1.952987733,1.952987733,1.952987733,,,
02/01/1995,1.953229525,1.953229525,1.953229525,1.953229525,1.953229525,1.953229525,,,
03/01/1995,1.952370911,1.952370911,1.952370911,1.952370911,1.952370911,1.952370911,,,
04/01/1995,1.952071241,1.952071241,1.952071241,1.952071241,1.952071241,1.952071241,,,
05/01/1995,1.952322207,1.952322207,1.952322207,1.952322207,1.952322207,1.952322207,,,
06/01/1995,1.949925457,1.949925457,1.949925457,1.949925457,1.949925457,1.949925457,,,
07/01/1995,1.946655559,1.946655559,1.946655559,1.946655559,1.946655559,1.946655559,,,
08/01/1995,1.942992325,1.942992325,1.942992325,1.942992325,1.942992325,1.942992325,,,
09/01/1995,1.942017677,1.942017677,1.942017677,1.942017677,1.942017677,1.942017677,,,
10/01/1995,1.941728506,1.941728506,1.941728506,1.941728506,1.941728506,1.941728506,,,
11/01/1995,1.94449791,1.94449791,1.94449791,1.94449791,1.94449791,1.94449791,,,
12/01/1995,1.944042848,1.944042848,1.944042848,1.944042848,1.944042848,1.944042848,,,
01/01/1996,1.946007808,1.946007808,1.946007808,1.946007808,1.946007808,1.946007808,,,
02/01/1996,1.947256058,1.947256058,1.947256058,1.947256058,1.947256058,1.947256058,,,
03/01/1996,1.94836189,1.94836189,1.94836189,1.94836189,1.94836189,1.94836189,,,
04/01/1996,1.949447268,1.949447268,1.949447268,1.949447268,1.949447268,1.949447268,,,
05/01/1996,1.94811775,1.94811775,1.94811775,1.94811775,1.94811775,1.94811775,,,
06/01/1996,1.947272906,1.947272906,1.947272906,1.947272906,1.947272906,1.947272906,,,
07/01/1996,1.949754828,1.949754828,1.949754828,1.949754828,1.949754828,1.949754828,,,
08/01/1996,1.949951242,1.949951242,1.949951242,1.949951242,1.949951242,1.949951242,,,
09/01/1996,1.952158187,1.952158187,1.952158187,1.952158187,1.952158187,1.952158187,,,
10/01/1996,1.947488789,1.947488789,1.947488789,1.947488789,1.947488789,1.947488789,,,
11/01/1996,1.947685778,1.947685778,1.947685778,1.947685778,1.947685778,1.947685778,,,
12/01/1996,1.946892956,1.946892956,1.946892956,1.946892956,1.946892956,1.946892956,,,
01/01/1997,1.94723137,1.94723137,1.94723137,1.94723137,1.94723137,1.94723137,,,
02/01/1997,1.946471004,1.946471004,1.946471004,1.946471004,1.946471004,1.946471004,,,
03/01/1997,1.945288448,1.945288448,1.945288448,1.945288448,1.945288448,1.945288448,,,
04/01/1997,1.94432003,1.94432003,1.94432003,1.94432003,1.94432003,1.94432003,,,
05/01/1997,1.940980028,1.940980028,1.940980028,1.940980028,1.940980028,1.940980028,,,
06/01/1997,1.94306597,1.94306597,1.94306597,1.94306597,1.94306597,1.94306597,,,
07/01/1997,1.938261635,1.938261635,1.938261635,1.938261635,1.938261635,1.938261635,,,
08/01/1997,1.938603144,1.938603144,1.938603144,1.938603144,1.938603144,1.938603144,,,
09/01/1997,1.942433859,1.942433859,1.942433859,1.942433859,1.942433859,1.942433859,,,
10/01/1997,1.941024032,1.941024032,1.941024032,1.941024032,1.941024032,1.941024032,,,
11/01/1997,1.938831437,1.938831437,1.938831437,1.938831437,1.938831437,1.938831437,,,
12/01/1997,1.938408483,1.938408483,1.938408483,1.938408483,1.938408483,1.938408483,,,
01/01/1998,1.939956393,1.939956393,1.939956393,1.939956393,1.939956393,1.939956393,,,
02/01/1998,1.940692569,1.940692569,1.940692569,1.940692569,1.940692569,1.940692569,,,
03/01/1998,1.941328832,1.941328832,1.941328832,1.941328832,1.941328832,1.941328832,,,
04/01/1998,1.941402374,1.941402374,1.941402374,1.941402374,1.941402374,1.941402374,,,
05/01/1998,1.941566127,1.941566127,1.941566127,1.941566127,1.941566127,1.941566127,,,
06/01/1998,1.941328673,1.941328673,1.941328673,1.941328673,1.941328673,1.941328673,,,
07/01/1998,1.94097385,1.94097385,1.94097385,1.94097385,1.94097385,1.94097385,,,
08/01/1998,1.940983953,1.940983953,1.940983953,1.940983953,1.940983953,1.940983953,,,
09/01/1998,1.940564061,1.940564061,1.940564061,1.940564061,1.940564061,1.940564061,,,
10/01/1998,1.940170968,1.940170968,1.940170968,1.940170968,1.940170968,1.940170968,,,
11/01/1998,1.93972826,1.93972826,1.93972826,1.93972826,1.93972826,1.93972826,,,
12/01/1998,1.939403985,1.939403985,1.939403985,1.939403985,1.939403985,1.939403985,,,
01/01/1999,1.939493507,1.939493507,1.939493507,1.939493507,1.939493507,1.939493507,,,
02/01/1999,1.939104182,1.939104182,1.939104182,1.939104182,1.939104182,1.939104182,,,
03/01/1999,1.939159022,1.939159022,1.939159022,1.939159022,1.939159022,1.939159022,,,
04/01/1999,1.939249195,1.939249195,1.939249195,1.939249195,1.939249195,1.939249195,,,
05/01/1999,1.939587436,1.939587436,1.939587436,1.939587436,1.939587436,1.939587436,,,
06/01/1999,1.940152296,1.940152296,1.940152296,1.940152296,1.940152296,1.940152296,,,
07/01/1999,1.940771445,1.940771445,1.940771445,1.940771445,1.940771445,1.940771445,,,
08/01/1999,1.941452122,1.941452122,1.941452122,1.941452122,1.941452122,1.941452122,,,
09/01/1999,1.942109959,1.942109959,1.942109959,1.942109959,1.942109959,1.942109959,,,
10/01/1999,1.943005706,1.943005706,1.943005706,1.943005706,1.943005706,1.943005706,,,
11/01/1999,1.943745159,1.943745159,1.943745159,1.943745159,1.943745159,1.943745159,,,
12/01/1999,1.94414197,1.94414197,1.94414197,1.94414197,1.94414197,1.94414197,,,
01/01/2000,1.944216386,1.944216386,1.944216386,1.944216386,1.944216386,1.944216386,,,
02/01/2000,1.943453725,1.943453725,1.943453725,1.943453725,1.943453725,1.943453725,,,
03/01/2000,1.943010223,1.943010223,1.943010223,1.943010223,1.943010223,1.943010223,,,
04/01/2000,1.943757668,1.943757668,1.943757668,1.943757668,1.943757668,1.943757668,,,
05/01/2000,1.944626088,1.944626088,1.944626088,1.944626088,1.944626088,1.944626088,,,
06/01/2000,1.950290528,1.950290528,1.950290528,1.950290528,1.950290528,1.950290528,,,
07/01/2000,1.947577205,1.947577205,1.947577205,1.947577205,1.947577205,1.947577205,,,
08/01/2000,1.947557837,1.947557837,1.947557837,1.947557837,1.947557837,1.947557837,,,
09/01/2000,1.950388608,1.950388608,1.950388608,1.950388608,1.950388608,1.950388608,,,
10/01/2000,1.949322866,1.949322866,1.949322866,1.949322866,1.949322866,1.949322866,,,
11/01/2000,1.954216537,1.954216537,1.954216537,1.954216537,1.954216537,1.954216537,,,
12/01/2000,1.954851017,1.954851017,1.954851017,1.954851017,1.954851017,1.954851017,,,
01/01/2001,1.952547296,1.952547296,1.952547296,1.952547296,1.952547296,1.952547296,,,
02/01/2001,1.952913378,1.952913378,1.952913378,1.952913378,1.952913378,1.952913378,,,
03/01/2001,1.952576036,1.952576036,1.952576036,1.952576036,1.952576036,1.952576036,,,
04/01/2001,1.95376778,1.95376778,1.95376778,1.95376778,1.95376778,1.95376778,,,
05/01/2001,1.954850666,1.954850666,1.954850666,1.954850666,1.954850666,1.954850666,,,
06/01/2001,1.960407748,1.960407748,1.960407748,1.960407748,1.960407748,1.960407748,,,
07/01/2001,1.965637553,1.965637553,1.965637553,1.965637553,1.965637553,1.965637553,,,
08/01/2001,1.969676948,1.969676948,1.969676948,1.969676948,1.969676948,1.969676948,,,
09/01/2001,1.970071879,1.970071879,1.970071879,1.970071879,1.970071879,1.970071879,,,
10/01/2001,1.974246918,1.974246918,1.974246918,1.974246918,1.974246918,1.974246918,,,
11/01/2001,1.980665384,1.980665384,1.980665384,1.980665384,1.980665384,1.980665384,,,
12/01/2001,1.985742276,1.985742276,1.985742276,1.985742276,1.985742276,1.985742276,,,
01/01/2002,1.990359232,1.990359232,1.990359232,1.990359232,1.990359232,1.990359232,,,
02/01/2002,1.988219702,1.988219702,1.988219702,1.988219702,1.988219702,1.988219702,,,
03/01/2002,1.987864321,1.987864321,1.987864321,1.987864321,1.987864321,1.987864321,,,
04/01/2002,1.986138774,1.986138774,1.986138774,1.986138774,1.986138774,1.986138774,,,
05/01/2002,1.984344227,1.984344227,1.984344227,1.984344227,1.984344227,1.984344227,,,
06/01/2002,1.990949332,1.990949332,1.990949332,1.990949332,1.990949332,1.990949332,,,
07/01/2002,1.992896263,1.992896263,1.992896263,1.992896263,1.992896263,1.992896263,,,
08/01/2002,1.995895536,1.995895536,1.995895536,1.995895536,1.995895536,1.995895536,,,
09/01/2002,1.99755136,1.99755136,1.99755136,1.99755136,1.99755136,1.99755136,,,
10/01/2002,2.001949541,2.001949541,2.001949541,2.001949541,2.001949541,2.001949541,,,
11/01/2002,2.004375144,2.004375144,2.004375144,2.004375144,2.004375144,2.004375144,,,
12/01/2002,2.007064746,2.007064746,2.007064746,2.007064746,2.007064746,2.007064746,,,
01/01/2003,2.00801888,2.00801888,2.00801888,2.00801888,2.00801888,2.00801888,,,
02/01/2003,2.006991904,2.006991904,2.006991904,2.006991904,2.006991904,2.006991904,,,
03/01/2003,2.005178989,2.005178989,2.005178989,2.005178989,2.005178989,2.005178989,,,
04/01/2003,2.00872319,2.00872319,2.00872319,2.00872319,2.00872319,2.00872319,,,
05/01/2003,2.011057318,2.011057318,2.011057318,2.011057318,2.011057318,2.011057318,,,
06/01/2003,2.013320031,2.013320031,2.013320031,2.013320031,2.013320031,2.013320031,,,
07/01/2003,2.012268578,2.012268578,2.012268578,2.012268578,2.012268578,2.012268578,,,
08/01/2003,2.013137083,2.013137083,2.013137083,2.013137083,2.013137083,2.013137083,,,
09/01/2003,2.016934773,2.016934773,2.016934773,2.016934773,2.016934773,2.016934773,,,
10/01/2003,2.019784005,2.019784005,2.019784005,2.019784005,2.019784005,2.019784005,,,
11/01/2003,2.020869002,2.020869002,2.020869002,2.020869002,2.020869002,2.020869002,,,
12/01/2003,2.021806452,2.021806452,2.021806452,2.021806452,2.021806452,2.021806452,,,
01/01/2004,2.021061234,2.021061234,2.021061234,2.021061234,2.021061234,2.021061234,,,
02/01/2004,2.021852173,2.021852173,2.021852173,2.021852173,2.021852173,2.021852173,,,
03/01/2004,2.023652335,2.023652335,2.023652335,2.023652335,2.023652335,2.023652335,,,
04/01/2004,2.023824531,2.023824531,2.023824531,2.023824531,2.023824531,2.023824531,,,
05/01/2004,2.024864946,2.024864946,2.024864946,2.024864946,2.024864946,2.024864946,,,
06/01/2004,2.030928088,2.030928088,2.030928088,2.030928088,2.030928088,2.030928088,,,
07/01/2004,2.033559006,2.033559006,2.033559006,2.033559006,2.033559006,2.033559006,,,
08/01/2004,2.035383969,2.035383969,2.035383969,2.035383969,2.035383969,2.035383969,,,
09/01/2004,2.038142326,2.038142326,2.038142326,2.038142326,2.038142326,2.038142326,,,
10/01/2004,2.039945519,2.039945519,2.039945519,2.039945519,2.039945519,2.039945519,,,
11/01/2004,2.044664387,2.044664387,2.044664387,2.044664387,2.044664387,2.044664387,,,
12/01/2004,2.045433978,2.045433978,2.045433978,2.045433978,2.045433978,2.045433978,,,
01/01/2005,2.054050896,2.054050896,2.054050896,2.054050896,2.054050896,2.054050896,,,
02/01/2005,2.068294144,2.068294144,2.068294144,2.068294144,2.068294144,2.068294144,,,
03/01/2005,2.092832015,2.092832015,2.092832015,2.092832015,2.092832015,2.092832015,,,
04/01/2005,2.096632416,2.096632416,2.096632416,2.096632416,2.096632416,2.096632416,,,
05/01/2005,2.094326541,2.094326541,2.094326541,2.094326541,2.094326541,2.094326541,,,
06/01/2005,2.091567194,2.091567194,2.091567194,2.091567194,2.091567194,2.091567194,,,
07/01/2005,2.088158245,2.088158245,2.088158245,2.088158245,2.088158245,2.088158245,,,
08/01/2005,2.084116028,2.084116028,2.084116028,2.084116028,2.084116028,2.084116028,,,
09/01/2005,2.080483539,2.080483539,2.080483539,2.080483539,2.080483539,2.080483539,,,
10/01/2005,2.076990996,2.076990996,2.076990996,2.076990996,2.076990996,2.076990996,,,
11/01/2005,2.073813995,2.073813995,2.073813995,2.073813995,2.073813995,2.073813995,,,
12/01/2005,2.069963094,2.069963094,2.069963094,2.069963094,2.069963094,2.069963094,,,
01/01/2006,2.069623579,2.069623579,2.069623579,2.069623579,2.069623579,2.069623579,,,
02/01/2006,2.068691599,2.068691599,2.068691599,2.068691599,2.068691599,2.068691599,,,
03/01/2006,2.069706013,2.069706013,2.069706013,2.069706013,2.069706013,2.069706013,,,
04/01/2006,2.069370502,2.069370502,2.069370502,2.069370502,2.069370502,2.069370502,,,
05/01/2006,2.067679038,2.067679038,2.067679038,2.067679038,2.067679038,2.067679038,,,
06/01/2006,2.06905786,2.06905786,2.06905786,2.06905786,2.06905786,2.06905786,,,
07/01/2006,2.068812469,2.068812469,2.068812469,2.068812469,2.068812469,2.068812469,,,
08/01/2006,2.068087562,2.068087562,2.068087562,2.068087562,2.068087562,2.068087562,,,
09/01/2006,2.065642826,2.065642826,2.065642826,2.065642826,2.065642826,2.065642826,,,
10/01/2006,2.065682396,2.065682396,2.065682396,2.065682396,2.065682396,2.065682396,,,
11/01/2006,2.065769357,2.065769357,2.065769357,2.065769357,2.065769357,2.065769357,,,
12/01/2006,2.063283516,2.063283516,2.063283516,2.063283516,2.063283516,2.063283516,,,
01/01/2007,2.062751621,2.062751621,2.062751621,2.062751621,2.062751621,2.062751621,,,
02/01/2007,2.063515081,2.063515081,2.063515081,2.063515081,2.063515081,2.063515081,,,
03/01/2007,2.062194129,2.062194129,2.062194129,2.062194129,2.062194129,2.062194129,,,
04/01/2007,2.060771931,2.060771931,2.060771931,2.060771931,2.060771931,2.060771931,,,
05/01/2007,2.061806089,2.061806089,2.061806089,2.061806089,2.061806089,2.061806089,,,
06/01/2007,2.064186174,2.064186174,2.064186174,2.064186174,2.064186174,2.064186174,,,
07/01/2007,2.067298568,2.067298568,2.067298568,2.067298568,2.067298568,2.067298568,,,
08/01/2007,2.072615513,2.072615513,2.072615513,2.072615513,2.072615513,2.072615513,,,
09/01/2007,2.075208736,2.075208736,2.075208736,2.075208736,2.075208736,2.075208736,,,
10/01/2007,2.077978277,2.077978277,2.077978277,2.077978277,2.077978277,2.077978277,,,
11/01/2007,2.080276996,2.080276996,2.080276996,2.080276996,2.080276996,2.080276996,,,
12/01/2007,2.085268861,2.085268861,2.085268861,2.085268861,2.085268861,2.085268861,,,
01/01/2008,2.087180283,2.087180283,2.087180283,2.087180283,2.087180283,2.087180283,,,
02/01/2008,2.089959214,2.089959214,2.089959214,2.089959214,2.089959214,2.089959214,,,
03/01/2008,2.092523958,2.092523958,2.092523958,2.092523958,2.092523958,2.092523958,,,
04/01/2008,2.094218471,2.094218471,2.094218471,2.094218471,2.094218471,2.094218471,,,
05/01/2008,2.097158431,2.097158431,2.097158431,2.097158431,2.097158431,2.097158431,,,
06/01/2008,2.100633085,2.100633085,2.100633085,2.100633085,2.100633085,2.100633085,,,
07/01/2008,2.102831171,2.102831171,2.102831171,2.102831171,2.102831171,2.102831171,,,
08/01/2008,2.104807949,2.104807949,2.104807949,2.104807949,2.104807949,2.104807949,,,
09/01/2008,2.106881641,2.106881641,2.106881641,2.106881641,2.106881641,2.106881641,,,
10/01/2008,2.10881164,2.10881164,2.10881164,2.10881164,2.10881164,2.10881164,,,
11/01/2008,2.112244608,2.112244608,2.112244608,2.112244608,2.112244608,2.112244608,,,
12/01/2008,2.115793901,2.115793901,2.115793901,2.115793901,2.115793901,2.115793901,,,
01/01/2009,2.116698162,2.116698162,2.116698162,2.116698162,2.116698162,2.116698162,,,
02/01/2009,2.119148514,2.119148514,2.119148514,2.119148514,2.119148514,2.119148514,,,
03/01/2009,2.121947638,2.121947638,2.121947638,2.121947638,2.121947638,2.121947638,,,
04/01/2009,2.1262059,2.1262059,2.1262059,2.1262059,2.1262059,2.1262059,,,
05/01/2009,2.128520072,2.128520072,2.128520072,2.128520072,2.128520072,2.128520072,,,
06/01/2009,2.13103686,2.13103686,2.13103686,2.13103686,2.13103686,2.13103686,,,
07/01/2009,2.13304739,2.13304739,2.13304739,2.13304739,2.13304739,2.13304739,,,
08/01/2009,2.135217407,2.135217407,2.135217407,2.135217407,2.135217407,2.135217407,,,
09/01/2009,2.136801084,2.136801084,2.136801084,2.136801084,2.136801084,2.136801084,,,
10/01/2009,2.138536963,2.138536963,2.138536963,2.138536963,2.138536963,2.138536963,,,
11/01/2009,2.141561592,2.141561592,2.141561592,2.141561592,2.141561592,2.141561592,,,
12/01/2009,2.143787404,2.143787404,2.143787404,2.143787404,2.143787404,2.143787404,,,
01/01/2010,2.147383799,2.147383799,2.147383799,2.147383799,2.147383799,2.147383799,,,
02/01/2010,2.148854659,2.148854659,2.148854659,2.148854659,2.148854659,2.148854659,,,
03/01/2010,2.150773392,2.150773392,2.150773392,2.150773392,2.150773392,2.150773392,,,
04/01/2010,2.152392345,2.152392345,2.152392345,2.152392345,2.152392345,2.152392345,,,
05/01/2010,2.154521745,2.154521745,2.154521745,2.154521745,2.154521745,2.154521745,,,
06/01/2010,2.156722884,2.156722884,2.156722884,2.156722884,2.156722884,2.156722884,,,
07/01/2010,2.158415777,2.158415777,2.158415777,2.158415777,2.158415777,2.158415777,,,
08/01/2010,2.16004759,2.16004759,2.16004759,2.16004759,2.16004759,2.16004759,,,
09/01/2010,2.161757358,2.161757358,2.161757358,2.161757358,2.161757358,2.161757358,,,
10/01/2010,2.162905121,2.162905121,2.162905121,2.162905121,2.162905121,2.162905121,,,
11/01/2010,2.166218274,2.166218274,2.166218274,2.166218274,2.166218274,2.166218274,,,
12/01/2010,2.168433726,2.168433726,2.168433726,2.168433726,2.168433726,2.168433726,,,
01/01/2011,2.173104032,2.173104032,2.173104032,2.173104032,2.173104032,2.173104032,,,
02/01/2011,2.176396018,2.176396018,2.176396018,2.176396018,2.176396018,2.176396018,,,
03/01/2011,2.178451538,2.178451538,2.178451538,2.178451538,2.178451538,2.178451538,,,
04/01/2011,2.178104765,2.178104765,2.178104765,2.178104765,2.178104765,2.178104765,,,
05/01/2011,2.178232543,2.178232543,2.178232543,2.178232543,2.178232543,2.178232543,,,
06/01/2011,2.177952359,2.177952359,2.177952359,2.177952359,2.177952359,2.177952359,,,
07/01/2011,2.178592914,2.178592914,2.178592914,2.178592914,2.178592914,2.178592914,,,
08/01/2011,2.179784669,2.179784669,2.179784669,2.179784669,2.179784669,2.179784669,,,
09/01/2011,2.179579943,2.179579943,2.179579943,2.179579943,2.179579943,2.179579943,,,
10/01/2011,2.179126071,2.179126071,2.179126071,2.179126071,2.179126071,2.179126071,,,
11/01/2011,2.179702665,2.179702665,2.179702665,2.179702665,2.179702665,2.179702665,,,
12/01/2011,2.179872322,2.179872322,2.179872322,2.179872322,2.179872322,2.179872322,,,
01/01/2012,2.180514002,2.180514002,2.180514002,2.180514002,2.180514002,2.180514002,,,
02/01/2012,2.182498445,2.182498445,2.182498445,2.182498445,2.182498445,2.182498445,,,
03/01/2012,2.183463545,2.183463545,2.183463545,2.183463545,2.183463545,2.183463545,,,
04/01/2012,2.189581327,2.189581327,2.189581327,2.189581327,2.189581327,2.189581327,,,
05/01/2012,2.193892382,2.193892382,2.193892382,2.193892382,2.193892382,2.193892382,,,
06/01/2012,2.197904335,2.197904335,2.197904335,2.197904335,2.197904335,2.197904335,,,
07/01/2012,2.202447479,2.202447479,2.202447479,2.202447479,2.202447479,2.202447479,,,
08/01/2012,2.207519416,2.207519416,2.207519416,2.207519416,2.207519416,2.207519416,,,
09/01/2012,2.212336004,2.212336004,2.212336004,2.212336004,2.212336004,2.212336004,,,
10/01/2012,2.215415019,2.215415019,2.215415019,2.215415019,2.215415019,2.215415019,,,
11/01/2012,2.218955913,2.218955913,2.218955913,2.218955913,2.218955913,2.218955913,,,
12/01/2012,2.221954834,2.221954834,2.221954834,2.221954834,2.221954834,2.221954834,,,
01/01/2013,2.226313931,2.226313931,2.226313931,2.226313931,2.226313931,2.226313931,,,
02/01/2013,2.230149502,2.230149502,2.230149502,2.230149502,2.230149502,2.230149502,,,
03/01/2013,2.236616649,2.236616649,2.236616649,2.236616649,2.236616649,2.236616649,,,
04/01/2013,2.240281069,2.240281069,2.240281069,2.240281069,2.240281069,2.240281069,,,
05/01/2013,2.244033884,2.244033884,2.244033884,2.244033884,2.244033884,2.244033884,,,
06/01/2013,2.249091152,2.249091152,2.249091152,2.249091152,2.249091152,2.249091152,,,
07/01/2013,2.25135621,2.25135621,2.25135621,2.25135621,2.25135621,2.25135621,,,
08/01/2013,2.255343337,2.255343337,2.255343337,2.255343337,2.255343337,2.255343337,,,
09/01/2013,2.258623583,2.258623583,2.258623583,2.258623583,2.258623583,2.258623583,,,
10/01/2013,2.261911399,2.261911399,2.261911399,2.261911399,2.261911399,2.261911399,,,
11/01/2013,2.266164651,2.266164651,2.266164651,2.266164651,2.266164651,2.266164651,,,
12/01/2013,2.269641345,2.269641345,2.269641345,2.269641345,2.269641345,2.269641345,,,
01/01/2014,2.274961161,2.274961161,2.274961161,2.274961161,2.274961161,2.274961161,,,
02/01/2014,2.282129429,2.282129429,2.282129429,2.282129429,2.282129429,2.282129429,,,
03/01/2014,2.286510512,2.286510512,2.286510512,2.286510512,2.286510512,2.286510512,,,
04/01/2014,2.291060873,2.291060873,2.291060873,2.291060873,2.291060873,2.291060873,,,
05/01/2014,2.296097467,2.296097467,2.296097467,2.296097467,2.296097467,2.296097467,,,
06/01/2014,2.301417598,2.301417598,2.301417598,2.301417598,2.301417598,2.301417598,,,
07/01/2014,2.307136259,2.307136259,2.307136259,2.307136259,2.307136259,2.307136259,,,
08/01/2014,2.31306241,2.31306241,2.31306241,2.31306241,2.31306241,2.31306241,,,
09/01/2014,2.319395966,2.319395966,2.319395966,2.319395966,2.319395966,2.319395966,,,
10/01/2014,2.325106112,2.325106112,2.325106112,2.325106112,2.325106112,2.325106112,,,
11/01/2014,2.331070324,2.331070324,2.331070324,2.331070324,2.331070324,2.331070324,,,
12/01/2014,2.336637119,2.336637119,2.336637119,2.336637119,2.336637119,2.336637119,,,
01/01/2015,2.341663895,2.341663895,2.341663895,2.341663895,2.341663895,2.341663895,,,
02/01/2015,2.345380378,2.345380378,2.345380378,2.345380378,2.345380378,2.345380378,,,
03/01/2015,2.349138437,2.349138437,2.349138437,2.349138437,2.349138437,2.349138437,,,
04/01/2015,2.349885293,2.349885293,2.349885293,2.349885293,2.349885293,2.349885293,,,
05/01/2015,2.350063878,2.350063878,2.350063878,2.350063878,2.350063878,2.350063878,,,
06/01/2015,2.35058468,2.35058468,2.35058468,2.35058468,2.35058468,2.35058468,,,
07/01/2015,2.353493128,2.353493128,2.353493128,2.353493128,2.353493128,2.353493128,,,
08/01/2015,2.356522615,2.356522615,2.356522615,2.356522615,2.356522615,2.356522615,,,
09/01/2015,2.360207057,2.360207057,2.360207057,2.360207057,2.360207057,2.360207057,,,
10/01/2015,2.364727302,2.364727302,2.364727302,2.364727302,2.364727302,2.364727302,,,
11/01/2015,2.372584018,2.372584018,2.372584018,2.372584018,2.372584018,2.372584018,,,
12/01/2015,2.381256305,2.381256305,2.381256305,2.381256305,2.381256305,2.381256305,,,
01/01/2016,2.389054351,2.389054351,2.389054351,2.389054351,2.389054351,2.389054351,,,
02/01/2016,2.39530013,2.39530013,2.39530013,2.39530013,2.39530013,2.39530013,,,
03/01/2016,2.399619356,2.399619356,2.399619356,2.399619356,2.399619356,2.399619356,,,
04/01/2016,2.404453765,2.404453765,2.404453765,2.404453765,2.404453765,2.404453765,,,
05/01/2016,2.408712352,2.408712352,2.408712352,2.408712352,2.408712352,2.408712352,,,
06/01/2016,2.411770244,2.411770244,2.411770244,2.411770244,2.411770244,2.411770244,,,
07/01/2016,2.414797417,2.414797417,2.414797417,2.414797417,2.414797417,2.414797417,,,
08/01/2016,2.418105326,2.418105326,2.418105326,2.418105326,2.418105326,2.418105326,,,
09/01/2016,2.422562865,2.422562865,2.422562865,2.422562865,2.422562865,2.422562865,,,
10/01/2016,2.426416197,2.426416197,2.426416197,2.426416197,2.426416197,2.426416197,,,
11/01/2016,2.429825386,2.429825386,2.429825386,2.429825386,2.429825386,2.429825386,,,
12/01/2016,2.4342694,2.4342694,2.4342694,2.4342694,2.4342694,2.4342694,,,
01/01/2017,2.437104082,2.437104082,2.437104082,2.437104082,2.437104082,2.437104082,,,
02/01/2017,2.435072957,2.435072957,2.435072957,2.435072957,2.435072957,2.435072957,,,
03/01/2017,2.433109528,2.433109528,2.433109528,2.433109528,2.433109528,2.433109528,,,
04/01/2017,2.429822668,2.429822668,2.429822668,2.429822668,2.429822668,2.429822668,,,
05/01/2017,2.424975316,2.424975316,2.424975316,2.424975316,2.424975316,2.424975316,,,
06/01/2017,2.418790318,2.418790318,2.418790318,2.418790318,2.418790318,2.418790318,,,
07/01/2017,2.413131602,2.413131602,2.413131602,2.413131602,2.413131602,2.413131602,,,
08/01/2017,2.417027371,2.417027371,2.417027371,2.417027371,2.417027371,2.417027371,,,
09/01/2017,2.42268186,2.42268186,2.42268186,2.42268186,2.42268186,2.42268186,,,
10/01/2017,2.43209388,2.43209388,2.43209388,2.43209388,2.43209388,2.43209388,,,
11/01/2017,2.438989527,2.438989527,2.438989527,2.438989527,2.438989527,2.438989527,,,
12/01/2017,2.443309982,2.443309982,2.443309982,2.443309982,2.443309982,2.443309982,,,
01/01/2018,2.448868115,2.448868115,2.448868115,2.448868115,2.448868115,2.448868115,,,
02/01/2018,2.453539267,2.453539267,2.453539267,2.453539267,2.453539267,2.453539267,,,
03/01/2018,2.457732255,2.457732255,2.457732255,2.457732255,2.457732255,2.457732255,,,
04/01/2018,2.462065389,2.462065389,2.462065389,2.462065389,2.462065389,2.462065389,,,
05/01/2018,2.466547248,2.466547248,2.466547248,2.466547248,2.466547248,2.466547248,,,
06/01/2018,2.471838142,2.471838142,2.471838142,2.471838142,2.471838142,2.471838142,,,
07/01/2018,2.47617896,2.47617896,2.47617896,2.47617896,2.47617896,2.47617896,,,
08/01/2018,2.478462641,2.478462641,2.478462641,2.478462641,2.478462641,2.478462641,,,
09/01/2018,2.480745747,2.480745747,2.480745747,2.480745747,2.480745747,2.480745747,,,
10/01/2018,2.483173318,2.483173318,2.483173318,2.483173318,2.483173318,2.483173318,,,
11/01/2018,2.485730408,2.485730408,2.485730408,2.485730408,2.485730408,2.485730408,,,
12/01/2018,2.48845344,2.48845344,2.48845344,2.48845344,2.48845344,2.48845344,,,
01/01/2019,2.490463594,2.490463594,2.490463594,2.490463594,2.490463594,2.490463594,,,
02/01/2019,2.489185409,2.489185409,2.489185409,2.489185409,2.489185409,2.489185409,,,
03/01/2019,2.486465172,2.486465172,2.486465172,2.486465172,2.486465172,2.486465172,,,
04/01/2019,2.483567357,2.483567357,2.483567357,2.483567357,2.483567357,2.483567357,,,
05/01/2019,2.482218385,2.482218385,2.482218385,2.482218385,2.482218385,2.482218385,,,
06/01/2019,2.48297688,2.48297688,2.48297688,2.48297688,2.48297688,2.48297688,,,
07/01/2019,2.487792361,2.487792361,2.487792361,2.487792361,2.487792361,2.487792361,,,
08/01/2019,2.492582102,2.492582102,2.492582102,2.492582102,2.492582102,2.492582102,,,
09/01/2019,2.496403167,2.496403167,2.496403167,2.496403167,2.496403167,2.496403167,,,
10/01/2019,2.500322014,2.500322014,2.500322014,2.500322014,2.500322014,2.500322014,,,
11/01/2019,2.50611009,2.50611009,2.50611009,2.50611009,2.50611009,2.50611009,,,
12/01/2019,2.510562057,2.510562057,2.510562057,2.510562057,2.510562057,2.510562057,,,
01/01/2020,2.514039834,2.514039834,2.514039834,2.514039834,2.514039834,2.514039834,,,
02/01/2020,2.515833379,2.515833379,2.515833379,2.515833379,2.515833379,2.515833379,,,
03/01/2020,2.517432844,2.517432844,2.517432844,2.517432844,2.517432844,2.517432844,,,
04/01/2020,2.51926426,2.51926426,2.51926426,2.51926426,2.51926426,2.51926426,,,
05/01/2020,2.522372928,2.522372928,2.522372928,2.522372928,2.522372928,2.522372928,,,
06/01/2020,2.526532038,2.526532038,2.526532038,2.526532038,2.526532038,2.526532038,,,
07/01/2020,2.531777001,2.531777001,2.531777001,2.531777001,2.531777001,2.531777001,,,
08/01/2020,2.536156251,2.536156251,2.536156251,2.536156251,2.536156251,2.536156251,,,
09/01/2020,2.540472469,2.540472469,2.540472469,2.540472469,2.540472469,2.540472469,,,
10/01/2020,2.544706866,2.544706866,2.544706866,2.544706866,2.544706866,2.544706866,,,
11/01/2020,2.549160726,2.549160726,2.549160726,2.549160726,2.549160726,2.549160726,,,
12/01/2020,2.554163682,2.554163682,2.554163682,2.554163682,2.554163682,2.554163682,,,
01/01/2021,2.558983191,2.558983191,2.558983191,2.558983191,2.558983191,2.558983191,,,
02/01/2021,2.562849094,2.562849094,2.562849094,2.562849094,2.562849094,2.562849094,,,
03/01/2021,2.565478906,2.565478906,2.565478906,2.565478906,2.565478906,2.565478906,,,
04/01/2021,2.568297012,2.568297012,2.568297012,2.568297012,2.568297012,2.568297012,,,
05/01/2021,2.571520522,2.571520522,2.571520522,2.571520522,2.571520522,2.571520522,,,
06/01/2021,2.57374217,2.57374217,2.57374217,2.57374217,2.57374217,2.57374217,,,
07/01/2021,2.57655157,2.57655157,2.57655157,2.57655157,2.57655157,2.57655157,,,
08/01/2021,2.580290915,2.580290915,2.580290915,2.580290915,2.580290915,2.580290915,,,
09/01/2021,2.584223761,2.584223761,2.584223761,2.584223761,2.584223761,2.584223761,,,
10/01/2021,2.587427786,2.587427786,2.587427786,2.587427786,2.587427786,2.587427786,,,
11/01/2021,2.590782678,2.590782678,2.590782678,2.590782678,2.590782678,2.590782678,,,
12/01/2021,2.592833815,2.592833815,2.592833815,2.592833815,2.592833815,2.592833815,,,
01/01/2022,2.594473308,2.594473308,2.594473308,2.594473308,2.594473308,2.594473308,,,
02/01/2022,2.596346661,2.596346661,2.596346661,2.596346661,2.596346661,2.596346661,,,
03/01/2022,2.597702318,2.597702318,2.597702318,2.597702318,2.597702318,2.597702318,,,
04/01/2022,2.598925368,2.598925368,2.598925368,2.598925368,2.598925368,2.598925368,,,
05/01/2022,2.601476905,2.601476905,2.601476905,2.601476905,2.601476905,2.601476905,,,
06/01/2022,2.605344524,2.605344524,2.605344524,2.605344524,2.605344524,2.605344524,,,
07/01/2022,2.609627878,2.609627878,2.609627878,2.609627878,2.609627878,2.609627878,,,
08/01/2022,2.614667444,2.614667444,2.614667444,2.614667444,2.614667444,2.614667444,,,
09/01/2022,2.621315941,2.621315941,2.621315941,2.621315941,2.621315941,2.621315941,,,
10/01/2022,2.628307374,2.628307374,2.628307374,2.628307374,2.628307374,2.628307374,,,
11/01/2022,2.635108653,2.635108653,2.635108653,2.635108653,2.635108653,2.635108653,,,
12/01/2022,2.640562234,2.640562234,2.640562234,2.640562234,2.640562234,2.640562234,,,
01/01/2023,2.64660153,2.64660153,2.64660153,2.64660153,2.64660153,2.64660153,,,
02/01/2023,2.651518836,2.651518836,2.651518836,2.651518836,2.651518836,2.651518836,,,
03/01/2023,2.654825284,2.654825284,2.654825284,2.654825284,2.654825284,2.654825284,,,
04/01/2023,2.658271703,2.658271703,2.658271703,2.658271703,2.658271703,2.658271703,,,
05/01/2023,2.660871054,2.660871054,2.660871054,2.660871054,2.660871054,2.660871054,,,
06/01/2023,2.66332727,2.66332727,2.66332727,2.66332727,2.66332727,2.66332727,,,
07/01/2023,2.664938318,2.664938318,2.664938318,2.664938318,2.664938318,2.664938318,,,
08/01/2023,2.666222703,2.666222703,2.666222703,2.666222703,2.666222703,2.666222703,,,
09/01/2023,2.668915516,2.668915516,2.668915516,2.668915516,2.668915516,2.668915516,,,
10/01/2023,2.672790672,2.672790672,2.672790672,2.672790672,2.672790672,2.672790672,,,
11/01/2023,2.674488887,2.674488887,2.674488887,2.674488887,2.674488887,2.674488887,,,
12/01/2023,2.676904745,2.676904745,2.676904745,2.676904745,2.676904745,2.676904745,,,
01/01/2024,2.668699153,2.668699153,2.668699153,2.668699153,2.668699153,2.668699153,,,
02/01/2024,2.670274363,2.670274363,2.670274363,2.670429394,2.675764741,2.670424529,,,
03/01/2024,2.671837984,2.671837984,2.671837984,2.67203812,2.676581662,2.672014304,,,
04/01/2024,2.673446609,2.673446609,2.673446609,2.673769738,2.678189648,2.673890535,,,
05/01/2024,2.674952486,2.674952486,2.674952486,2.675508129,2.679907383,2.675768141,,,
06/01/2024,2.676453421,2.676453421,2.676453421,2.677343289,2.681775789,2.677752338,,,
07/01/2024,2.677852527,2.677852527,2.677852527,2.679144176,2.683648711,2.679709436,,,
08/01/2024,2.679240431,2.679240431,2.679240431,2.681023952,2.685629601,2.681756956,,,
09/01/2024,2.680569926,2.680569926,2.680569926,2.682917011,2.687647492,2.683826897,,,
10/01/2024,2.681802166,2.681802166,2.681802166,2.684758341,2.689631494,2.68585123,,,
11/01/2024,2.683018329,2.683018329,2.683018329,2.686667718,2.691702345,2.687955638,,,
12/01/2024,2.684149687,2.684149687,2.684149687,2.68851922,2.693727263,2.690007424,,,
01/01/2025,2.68527243,2.68527243,2.68527243,2.690435448,2.695832969,2.692136284,,,
02/01/2025,2.686348174,2.686348174,2.686354717,2.692352601,2.697951529,2.694274569,,,
03/01/2025,2.687281535,2.687281535,2.687412679,2.694084061,2.699883713,2.696222631,,,
04/01/2025,2.688269,2.688269,2.68863791,2.696000613,2.702023666,2.698377904,,,
05/01/2025,2.689183079,2.689183079,2.6898611,2.697855374,2.704106884,2.700474608,,,
06/01/2025,2.6900825,2.6900825,2.691153984,2.699770191,2.706264234,2.702644623,,,
07/01/2025,2.690912012,2.690912012,2.692426789,2.7016221,2.708362486,2.704754355,,,
08/01/2025,2.691726491,2.691726491,2.693760175,2.70353446,2.710535252,2.7069382,,,
09/01/2025,2.692498027,2.692514439,2.695106967,2.705444477,2.712714181,2.709127631,,,
10/01/2025,2.69320539,2.693369586,2.696420569,2.70729097,2.714831997,2.711255261,,,
11/01/2025,2.693894723,2.694310161,2.697786391,2.709196673,2.717023468,2.713456421,,,
12/01/2025,2.69452409,2.695261004,2.699115184,2.711039429,2.71915355,2.715595682,,,
01/01/2026,2.695133429,2.696276109,2.700493153,2.712940801,2.721336185,2.717808286,,,
02/01/2026,2.695702753,2.697317445,2.701875426,2.714839894,2.723508025,2.72002626,,,
03/01/2026,2.696184676,2.698275534,2.703126796,2.716553373,2.725470326,2.722043822,,,
04/01/2026,2.69667875,2.699353418,2.704514745,2.718447929,2.727627028,2.72427332,,,
05/01/2026,2.697120686,2.700410138,2.705860174,2.720279482,2.72971105,2.726439188,,,
06/01/2026,2.697537671,2.701512729,2.707251003,2.72216872,2.73185534,2.728678417,,,
07/01/2026,2.697906099,2.702589666,2.70859889,2.723995651,2.733928964,2.73085417,,,
08/01/2026,2.698345573,2.703710142,2.709992105,2.725880722,2.736063985,2.733104139,,,
09/01/2026,2.698869401,2.704837625,2.711386123,2.727763736,2.738194845,2.735359282,,,
10/01/2026,2.699431306,2.70593448,2.712735874,2.729584261,2.740255952,2.737549982,,,
11/01/2026,2.700057007,2.707072366,2.714130398,2.731462851,2.74237887,2.739815438,,,
12/01/2026,2.700696209,2.708176746,2.715479268,2.733278092,2.744431637,2.742015047,,,
01/01/2027,2.701386514,2.70932135,2.716872864,2.735151537,2.74654647,2.744289916,,,
02/01/2027,2.702101956,2.710469443,2.7182667,2.73702329,2.748658183,2.746570092,,,
03/01/2027,2.702764464,2.711507848,2.71952467,2.738711436,2.75056953,2.748642606,,,
04/01/2027,2.703515813,2.712660096,2.720917362,2.740578667,2.752674269,2.750933174,,,
05/01/2027,2.704256466,2.713776569,2.722264269,2.74238327,2.754710088,2.753157072,,,
06/01/2027,2.705034772,2.714932158,2.723655783,2.744246171,2.756808119,2.755457179,,,
07/01/2027,2.705797401,2.716050943,2.725000999,2.746046162,2.758837118,2.75768989,,,
08/01/2027,2.706594793,2.717208065,2.726390245,2.7479039,2.7609278,2.759998684,,,
09/01/2027,2.707399922,2.718365664,2.727778252,2.749759007,2.763014782,2.762311562,,,
10/01/2027,2.708185647,2.719486472,2.72912054,2.75155206,2.765033709,2.764557147,,,
11/01/2027,2.709003773,2.720645151,2.730506586,2.753402586,2.767114027,2.766879144,,,
12/01/2027,2.709800626,2.721766789,2.731846941,2.755191241,2.769126568,2.76913349,,,
01/01/2028,2.710628864,2.722926054,2.73323089,2.757037184,2.771200295,2.771464427,,,
02/01/2028,2.711461414,2.724085493,2.734613762,2.758880828,2.773270729,2.773799595,,,
03/01/2028,2.712243629,2.725170206,2.735906448,2.76060351,2.775209632,2.775994229,,,
04/01/2028,2.713083273,2.726329776,2.737287196,2.762442732,2.777273759,2.778340277,,,
05/01/2028,2.713898668,2.727451832,2.738622278,2.764220412,2.779270654,2.780638793,,,
06/01/2028,2.714743985,2.728611151,2.740000681,2.766055024,2.781328315,2.783045405,,,
07/01/2028,2.715564333,2.729732886,2.741333493,2.767828269,2.783319,2.785399876,,,
08/01/2028,2.716414216,2.730891758,2.742709508,2.769658283,2.785370262,2.787851529,,,
09/01/2028,2.717266139,2.732050412,2.74408437,2.771486036,2.787418369,2.790323987,,,
10/01/2028,2.718092306,2.733171452,2.745413793,2.773252719,2.789399909,2.79273906,,,
11/01/2028,2.718947617,2.734329526,2.746786314,2.775075991,2.791441809,2.795251315,,,
12/01/2028,2.719776743,2.735449955,2.748113469,2.776838352,2.793417373,2.797703677,,,
01/01/2029,2.720634822,2.736607367,2.749483662,2.778657192,2.795453162,2.800253263,,,
02/01/2029,2.72149409,2.737764404,2.750852664,2.780473786,2.797485868,2.802820475,,,
03/01/2029,2.722271098,2.738809164,2.752088226,2.782112767,2.799326647,2.805163515,,,
04/01/2029,2.7231323,2.739965435,2.753454959,2.783925103,2.801353529,2.807765398,,,
05/01/2029,2.72396653,2.741084012,2.754776492,2.785676894,2.80331461,2.81030181,,,
06/01/2029,2.724829347,2.74223945,2.7561409,2.787484876,2.805335566,2.812935622,,,
07/01/2029,2.725664945,2.743357171,2.75746016,2.789232443,2.807290915,2.815502034,,,
08/01/2029,2.726528932,2.744511624,2.758822147,2.791035997,2.809305911,2.818165839,,,
09/01/2029,2.727393486,2.745665646,2.760182989,2.792837397,2.811317989,2.820843883,,,
10/01/2029,2.728230554,2.746781964,2.7614988,2.794578612,2.813264785,2.823451898,,,
11/01/2029,2.7290959,2.747934982,2.762857271,2.796375668,2.815271044,2.826157527,,,
12/01/2029,2.729933651,2.74905034,2.764170819,2.798112722,2.817212262,2.828791524,,,
01/01/2030,2.730799614,2.750202372,2.765526977,2.799905513,2.819212818,2.831523297,,,
02/01/2030,2.73166581,2.751353887,2.766881958,2.801696144,2.821210495,2.834267366,,,
03/01/2030,2.732448333,2.752393537,2.768104851,2.803311729,2.823019678,2.836765825,,,
04/01/2030,2.733314845,2.753544046,2.769457594,2.805098265,2.825011912,2.83953501,,,
05/01/2030,2.734153502,2.754656938,2.770765601,2.806825163,2.826939607,2.842228862,,,
06/01/2030,2.735020185,2.755806382,2.772116039,2.80860749,2.828926277,2.845020849,,,
07/01/2030,2.735858942,2.756918233,2.773421818,2.810330329,2.830848608,2.847736246,,,
08/01/2030,2.736725663,2.758066591,2.774769958,2.812108475,2.832829772,2.850549952,,,
09/01/2030,2.737592356,2.759214388,2.776116932,2.813884506,2.834808157,2.853373845,,,
10/01/2030,2.738431042,2.760324631,2.777419367,2.815601271,2.836722507,2.856119389,,,
11/01/2030,2.739297606,2.761471312,2.778764058,2.817373162,2.838695473,2.858963506,,,
12/01/2030,2.740136122,2.762580468,2.780064287,2.819085934,2.840604599,2.861728157,,,
01/01/2031,2.741002468,2.76372602,2.781406705,2.820853713,2.842572201,2.864591563,,,
02/01/2031,2.741868671,2.764870991,2.782747971,2.822619414,2.8445371,2.867463991,,,
03/01/2031,2.742650935,2.7659047,2.783958517,2.824212566,2.84631673,2.870075721,,,
04/01/2031,2.743516833,2.767048574,2.785297616,2.825974345,2.84827653,2.872967402,,,
05/01/2031,2.744354594,2.768154972,2.786592422,2.827677342,2.85017294,2.875776997,,,
06/01/2031,2.745220104,2.769297688,2.78792928,2.829435058,2.852127515,2.878685857,,,
07/01/2031,2.74605747,2.770402968,2.789221931,2.831134176,2.854018897,2.881511773,,,
08/01/2031,2.746922499,2.771544478,2.790556521,2.832887875,2.855968264,2.884437101,,,
09/01/2031,2.747787288,2.772685393,2.791889985,2.834639548,2.857915027,2.887370126,,,
10/01/2031,2.748623941,2.77378894,2.793179377,2.836332822,2.859798893,2.890218994,,,
11/01/2031,2.749488213,2.774928666,2.794510621,2.83808052,2.861740555,2.893167601,,,
12/01/2031,2.750324345,2.776031056,2.795797869,2.839769958,2.863619502,2.896031246,,,
01/01/2032,2.751188063,2.777169584,2.797126906,2.841513711,2.865556114,2.898994836,,,
02/01/2032,2.752051485,2.778307498,2.798454824,2.843255466,2.867490178,2.901965379,,,
03/01/2032,2.752858936,2.779371459,2.799696091,2.844883108,2.869301886,2.90475694,,,
04/01/2032,2.753721766,2.780508183,2.801021853,2.846621022,2.871231051,2.907742337,,,
05/01/2032,2.754556473,2.781607667,2.802303816,2.84830103,2.873097956,2.910640926,,,
06/01/2032,2.755418725,2.782743223,2.803627447,2.850035071,2.87502224,2.91364004,,,
07/01/2032,2.756252862,2.783841575,2.804907332,2.851711401,2.87688444,2.916551703,,,
08/01/2032,2.757113861,2.784975307,2.8062282,2.853441039,2.878803328,2.919563508,,,
09/01/2032,2.757974848,2.786108743,2.807548293,2.855169056,2.880720036,2.92258171,,,
10/01/2032,2.758807792,2.787205083,2.808824827,2.856839564,2.882574972,2.925511611,,,
11/01/2032,2.759668383,2.788337571,2.810143049,2.858564054,2.88448712,2.928542738,,,
12/01/2032,2.760500933,2.78943299,2.81141778,2.860231165,2.886337643,2.931484882,,,
01/01/2033,2.761361205,2.79056462,2.81273424,2.86195225,2.888245342,2.934528557,,,
02/01/2033,2.762220609,2.791695112,2.814049108,2.863670915,2.890150214,2.937577447,,,
03/01/2033,2.762996611,2.792715748,2.81523591,2.865221849,2.891875705,2.940345697,,,
04/01/2033,2.763855291,2.793845008,2.816548694,2.866936776,2.893775999,2.943407661,,,
05/01/2033,2.764686359,2.79493768,2.817818555,2.868595129,2.895615424,2.946379537,,,
06/01/2033,2.765545268,2.796066652,2.819130184,2.87030739,2.89751187,2.949453611,,,
07/01/2033,2.766375143,2.797157635,2.820397525,2.87196168,2.899346388,2.952435824,,,
08/01/2033,2.767232551,2.798284595,2.821706291,2.873669487,2.901237573,2.955520224,,,
09/01/2033,2.768089485,2.799410824,2.823013898,2.875375332,2.903126346,2.958609564,,,
10/01/2033,2.768918173,2.800499882,2.824278088,2.877024165,2.904954073,2.961606974,,,
11/01/2033,2.769774779,2.801625281,2.825584034,2.87872678,2.906838645,2.96470727,,,
12/01/2033,2.770602652,2.802713037,2.826846124,2.880372,2.908661919,2.967714769,,,
01/01/2034,2.771458328,2.803837008,2.828149825,2.882070816,2.910541834,2.970825259,,,
02/01/2034,2.772313285,2.804960008,2.82945373,2.883767466,2.912419195,2.973940182,,,
03/01/2034,2.773085211,2.805973833,2.830631214,2.885298456,2.914119814,2.976767207,,,
04/01/2034,2.773939635,2.807095826,2.831934301,2.886991842,2.91599303,2.979893712,,,
05/01/2034,2.774766429,2.808181323,2.833194983,2.888628855,2.91780621,2.982927073,,,
06/01/2034,2.775619658,2.809301632,2.834496261,2.890318656,2.919674649,2.986062823,,,
07/01/2034,2.776445182,2.810385387,2.835755112,2.891952147,2.921483124,2.989104946,,,
08/01/2034,2.777297737,2.811504535,2.837055159,2.893638024,2.923347268,2.992250235,,,
09/01/2034,2.778150307,2.81262345,2.838354948,2.895322587,2.925209549,2.995400192,,,
10/01/2034,2.77897478,2.813705447,2.839611962,2.896950917,2.927011756,2.998455645,,,
11/01/2034,2.779826927,2.814823457,2.840910802,2.898632338,2.928870018,3.001615165,,,
12/01/2034,2.780650804,2.815904393,2.842166713,2.900257453,2.930668189,3.004679593,,,
01/01/2035,2.781501676,2.817020651,2.843463753,2.901934908,2.932521742,3.00784767,,,
02/01/2035,2.782351544,2.818135662,2.84475985,2.903609996,2.934372632,3.011019289,,,
03/01/2035,2.783119074,2.819142478,2.845931678,2.905121781,2.936049516,3.013897084,,,
04/01/2035,2.783968643,2.820256729,2.847228856,2.906793997,2.937896679,3.017079302,,,
05/01/2035,2.784790473,2.821334476,2.848483838,2.908410678,2.939684509,3.02016578,,,
06/01/2035,2.785640009,2.822448217,2.849781076,2.910080222,2.941528092,3.023357111,,,
07/01/2035,2.786461054,2.82352472,2.851035382,2.911693578,2.943311848,3.026451716,,,
08/01/2035,2.787309065,2.824636463,2.852331143,2.913358985,2.945150665,3.029650804,,,
09/01/2035,2.788156544,2.825747431,2.853626419,2.915022539,2.946987287,3.032823859,,,
10/01/2035,2.788976254,2.826821908,2.854879743,2.916630775,2.948764869,3.035875346,,,
11/01/2035,2.789823092,2.827931766,2.856174223,2.918291119,2.95059751,3.039004874,,,
12/01/2035,2.790642415,2.8290054,2.85742702,2.919896491,2.952371442,3.042016439,,,
01/01/2036,2.791488178,2.830113713,2.858720735,2.921553216,2.954199779,3.045105621,,,
02/01/2036,2.792333676,2.831221525,2.860014207,2.923208392,2.956026172,3.048175509,,,
03/01/2036,2.793124297,2.832257328,2.861223911,2.924755333,2.957737352,3.051035361,,,
04/01/2036,2.793969241,2.833364127,2.862516844,2.926407486,2.95955996,3.054069506,,,
05/01/2036,2.794786689,2.834434761,2.863767826,2.928004916,2.961324184,3.05699154,,,
06/01/2036,2.795631006,2.835540469,2.865060113,2.929653953,2.963142941,3.05999146,,,
07/01/2036,2.796447882,2.836610082,2.866310487,2.931248415,2.964903464,3.062881323,,,
08/01/2036,2.797291451,2.837714578,2.867601973,2.932894009,2.966718294,3.065848847,,,
09/01/2036,2.798134539,2.838818358,2.868892935,2.934538361,2.968531055,3.068800522,,,
10/01/2036,2.798949876,2.839885757,2.870141653,2.936127707,2.970285515,3.071644708,,,
11/01/2036,2.799791824,2.840987937,2.871431371,2.937768233,2.972094068,3.074566289,,,
12/01/2036,2.800606214,2.842053944,2.87267902,2.939354286,2.973844591,3.077382244,,,
01/01/2037,2.801447482,2.843154983,2.873967915,2.940991715,2.975649354,3.080275745,,,
02/01/2037,2.802288228,2.844255266,2.875256205,2.942627401,2.97745206,3.083155408,,,
03/01/2037,2.803046847,2.845248116,2.876418983,2.944103041,2.979084869,3.085751759,,,
04/01/2037,2.80388708,2.846347443,2.877706578,2.945735909,2.980884046,3.088606413,,,
05/01/2037,2.80469988,2.847410761,2.878952211,2.947314647,2.982625568,3.091359302,,,
06/01/2037,2.805539156,2.848508672,2.880238634,2.94894419,2.984420809,3.094189101,,,
07/01/2037,2.806350986,2.849570578,2.881483076,2.950519677,2.986158505,3.096918519,,,
08/01/2037,2.807189757,2.850667527,2.882768755,2.952146372,2.987950201,3.099725072,,,
09/01/2037,2.80802797,2.851763688,2.884053747,2.953771327,2.989739868,3.102520005,,,
10/01/2037,2.808838643,2.852823772,2.88529666,2.955342261,2.991472082,3.105216378,,,
11/01/2037,2.809675665,2.853918288,2.886580187,2.956963717,2.993257699,3.107989158,,,
12/01/2037,2.810485385,2.854976982,2.887821873,2.958531474,2.994986157,3.110664717,,,
01/01/2038,2.811321983,2.856070623,2.889104682,2.960150216,2.996768362,3.113416956,,,
02/01/2038,2.812158244,2.857163698,2.890386996,2.961767468,2.998548734,3.116158975,,,
03/01/2038,2.812913208,2.858150436,2.891544712,2.963226902,3.00016168,3.118633999,,,
04/01/2038,2.813749224,2.859242833,2.892826464,2.96484172,3.001938912,3.121357557,,,
05/01/2038,2.814556909,2.860298414,2.894065344,2.966402015,3.003658434,3.123985639,,,
06/01/2038,2.815391452,2.861388891,2.895345274,2.968013119,3.005431472,3.126689891,,,
07/01/2038,2.816198883,2.862443786,2.896583551,2.969570997,3.007147861,3.129300586,,,
08/01/2038,2.817032521,2.863532909,2.897862205,2.971178967,3.008917183,3.131986757,,,
09/01/2038,2.817865832,2.86462148,2.899140338,2.972785495,3.010684736,3.134664137,,,
10/01/2038,2.818672087,2.865674548,2.900376876,2.974338957,3.012395841,3.137249349,,,
11/01/2038,2.819504554,2.86676183,2.901653766,2.975942428,3.014159759,3.139909739,,,
12/01/2038,2.820309813,2.867813472,2.902888914,2.977492777,3.015867217,3.14247868,,,
01/01/2039,2.821141524,2.868899553,2.904164631,2.979093306,3.017627607,3.145122832,,,
02/01/2039,2.821972826,2.869984999,2.905439721,2.980692321,3.01938619,3.147758937,,,
03/01/2039,2.822723421,2.87096496,2.906590978,2.982135437,3.020979529,3.150140071,,,
04/01/2039,2.823553978,2.872049234,2.907864902,2.983731621,3.022734721,3.152761319,,,
05/01/2039,2.824357324,2.873097903,2.9090971,2.985274876,3.024433693,3.155292972,,,
06/01/2039,2.825186736,2.874180591,2.910369728,2.986867774,3.026185106,3.157899053,,,
07/01/2039,2.82598935,2.875228102,2.911600416,2.98840823,3.027880738,3.16041662,,,
08/01/2039,2.826818698,2.876310286,2.912871907,2.989998938,3.029629242,3.163008936,,,
09/01/2039,2.827647281,2.877391484,2.914143065,2.991587809,3.031375712,3.165593859,,,
10/01/2039,2.82844876,2.87843722,2.915372259,2.99312405,3.0330663,3.168090993,,,
11/01/2039,2.82927656,2.879517198,2.916641784,2.994710039,3.034809336,3.170662272,,,
12/01/2039,2.830077119,2.880561592,2.917869586,2.996243337,3.036496485,3.17314628,,,
01/01/2040,2.830904176,2.881640391,2.919137877,2.997826501,3.038236144,3.175704382,,,
02/01/2040,2.831730866,2.882718603,2.920405547,2.999408248,3.039974104,3.178255952,,,
03/01/2040,2.832503812,2.883726649,2.921590795,3.000886619,3.041602556,3.180641472,,,
04/01/2040,2.833329754,2.884803688,2.922857216,3.002465594,3.043337211,3.183180651,,,
05/01/2040,2.834128609,2.885845332,2.924082095,3.003992216,3.045016337,3.185634122,,,
06/01/2040,2.834953436,2.886920823,2.925346883,3.005568037,3.046711929,3.188160791,,,
07/01/2040,2.835751578,2.887961338,2.926570543,3.007091979,3.048323425,3.190602607,,,
08/01/2040,2.836575708,2.889035703,2.927834107,3.008665078,3.049986849,3.193117442,,,
09/01/2040,2.837399872,2.890109883,2.929097435,3.010237187,3.051648989,3.195626694,,,
10/01/2040,2.838196996,2.891148755,2.930319299,3.011757175,3.053255939,3.198051584,,,
11/01/2040,2.839020142,2.89222149,2.931581069,3.013326264,3.054914733,3.200549228,,,
12/01/2040,2.839816361,2.893259043,2.932801502,3.014843417,3.056518518,3.202963089,,,
01/01/2041,2.840638726,2.894330571,2.934061943,3.016409741,3.05817417,3.205449614,,,
02/01/2041,2.841460585,2.895401378,2.935321598,3.017974557,3.05982815,3.207930514,,,
03/01/2041,2.842202809,2.896368281,2.936459018,3.01938702,3.061320945,3.210173355,,,
04/01/2041,2.843024041,2.89743805,2.937717505,3.020949309,3.062972014,3.212643998,,,
05/01/2041,2.843818414,2.898472742,2.938934761,3.022459904,3.064568352,3.215032046,,,
06/01/2041,2.844638739,2.899541182,2.940191776,3.024019337,3.06621623,3.217492142,,,
07/01/2041,2.845431993,2.900574347,2.941407362,3.025526936,3.067809303,3.219869911,,,
08/01/2041,2.846251732,2.901641781,2.942663221,3.027083849,3.069454259,3.222319956,,,
09/01/2041,2.847071153,2.902708683,2.943918469,3.028639467,3.071097721,3.224764971,,,
10/01/2041,2.847863964,2.903740793,2.945132773,3.030143816,3.072686865,3.227128641,,,
11/01/2041,2.848682402,2.904806295,2.946386457,3.031696537,3.074327126,3.229563646,,,
12/01/2041,2.849474286,2.905837074,2.947599271,3.033198115,3.075913201,3.231917748,,,
01/01/2042,2.8502918,2.906901234,2.948851447,3.034748016,3.077550327,3.234343007,,,
02/01/2042,2.85110943,2.9079653,2.950103439,3.036297073,3.079186315,3.236763846,,,
03/01/2042,2.851847391,2.908925676,2.951233482,3.037694898,3.080662569,3.238952592,,,
04/01/2042,2.85266402,2.909988339,2.9524839,3.03924114,3.082295469,3.24136421,,,
05/01/2042,2.853453661,2.911015882,2.953693054,3.040735967,3.083874063,3.243695527,,,
06/01/2042,2.854269139,2.912076982,2.954941725,3.042279193,3.085503697,3.246097719,,,
07/01/2042,2.855058347,2.913103692,2.956149865,3.04377179,3.087079663,3.248420519,,,
08/01/2042,2.855873458,2.914164015,2.957397568,3.045312801,3.088706654,3.250814071,,,
09/01/2042,2.856688214,2.915223773,2.958644607,3.046852518,3.090332177,3.253203171,,,
10/01/2042,2.857477418,2.916248928,2.959850908,3.048341473,3.091903978,3.255513221,,,
11/01/2042,2.858292423,2.917307252,2.961096318,3.049878336,3.093526378,3.257893438,,,
12/01/2042,2.859081271,2.918331291,2.962301308,3.051364805,3.095095373,3.260195174,,,
01/01/2043,2.859895732,2.919388484,2.963545381,3.052899125,3.096714896,3.2625669,,,
02/01/2043,2.860710067,2.920445248,2.964788921,3.054432308,3.098333078,3.264934487,,,
03/01/2043,2.861445488,2.921399391,2.965911677,3.055816184,3.099793566,3.267075761,,,
04/01/2043,2.862259953,2.922455705,2.967154562,3.057347566,3.101409482,3.269435838,,,
05/01/2043,2.863046677,2.923476186,2.968355495,3.058827134,3.102970983,3.271717031,,,
06/01/2043,2.863859374,2.92453012,2.969595786,3.060354756,3.104583104,3.274068048,,,
07/01/2043,2.864646265,2.925550172,2.970796081,3.061832562,3.10614238,3.276341956,,,
08/01/2043,2.865459478,2.926604003,2.97203605,3.06335871,3.107752471,3.278685773,,,
09/01/2043,2.866272012,2.927656837,2.973274909,3.064883168,3.109360809,3.281025271,,,
10/01/2043,2.867058584,2.928675659,2.974473649,3.066357755,3.110916307,3.283287994,,,
11/01/2043,2.867870437,2.929727185,2.975710977,3.067879552,3.112521712,3.285619586,,,
12/01/2043,2.868656029,2.93074442,2.976907909,3.069351247,3.114074131,3.287874473,,,
01/01/2044,2.869467605,2.931795041,2.978144102,3.070870794,3.115676925,3.290198587,,,
02/01/2044,2.870279067,2.932845231,2.979379746,3.072389231,3.11727842,3.29251897,,,
03/01/2044,2.871037707,2.933826916,2.980534818,3.073808363,3.118775173,3.294690189,,,
04/01/2044,2.871848406,2.934875725,2.981768851,3.075324113,3.120373745,3.297003023,,,
05/01/2044,2.872632718,2.935890169,2.982962433,3.076789808,3.121919448,3.29923977,,,
06/01/2044,2.873442928,2.936937865,2.984195117,3.078303128,3.123515292,3.301545282,,,
07/01/2044,2.874226746,2.937951213,2.985387373,3.079766457,3.125058342,3.303774971,,,
08/01/2044,2.875036402,2.938997737,2.986618646,3.081277299,3.126651413,3.30607319,,,
09/01/2044,2.875845805,2.940043694,2.987849228,3.082786913,3.128243108,3.30836778,,,
10/01/2044,2.876629633,2.941055429,2.989039517,3.084246731,3.12978222,3.310587058,,,
11/01/2044,2.877439816,2.942100356,2.990268827,3.085754021,3.131371301,3.312874711,,,
12/01/2044,2.87822365,2.943110989,2.991457779,3.087211495,3.13290779,3.315087196,,,
01/01/2045,2.879033423,2.944154726,2.992685655,3.088716317,3.134494117,3.317367806,,,
02/01/2045,2.87984301,2.945197881,2.993912822,3.09021991,3.136079069,3.319644895,,,
03/01/2045,2.880573958,2.946139468,2.99502051,3.091576851,3.137509411,3.321704675,,,
04/01/2045,2.881383129,2.947181447,2.996246259,3.093078041,3.139091718,3.323975111,,,
05/01/2045,2.882166055,2.948189298,2.997431832,3.09452969,3.140621726,3.326171102,,,
06/01/2045,2.882974919,2.949230182,2.998656237,3.096028527,3.142201408,3.32843487,,,
07/01/2045,2.883757422,2.950236844,2.999840378,3.097477776,3.143728777,3.330624337,,,
08/01/2045,2.884565982,2.951276633,3.001063435,3.098974274,3.145305829,3.332881475,,,
09/01/2045,2.885374674,2.952316152,3.002286092,3.100469871,3.146881783,3.335135531,,,
10/01/2045,2.886156335,2.953320817,3.003467868,3.101915316,3.148405035,3.337315157,,,
11/01/2045,2.886964166,2.954358685,3.004688621,3.103408029,3.149977961,3.339562335,,,
12/01/2045,2.887746167,2.955362928,3.005869725,3.104851862,3.151499195,3.341736217,,,
01/01/2046,2.88855389,2.956399901,3.007089328,3.10634246,3.153069686,3.343977151,,,
02/01/2046,2.889361043,2.957435907,3.008307831,3.107831473,3.154638545,3.346214555,,,
03/01/2046,2.890090199,2.958371448,3.0094081,3.10917568,3.156054694,3.348238931,,,
04/01/2046,2.890897618,2.959406971,3.010625868,3.110663039,3.15762149,3.350470619,,,
05/01/2046,2.891678735,2.960408465,3.011803604,3.112101219,3.159136466,3.35262931,,,
06/01/2046,2.892486166,2.96144323,3.013020352,3.113586618,3.16070098,3.354855096,,,
07/01/2046,2.893267251,2.962443952,3.014196894,3.115022869,3.162213706,3.357008038,,,
08/01/2046,2.894074475,2.963477749,3.015412576,3.116506107,3.163775775,3.359227807,,,
09/01/2046,2.89488123,2.964510695,3.016627114,3.117987896,3.165336327,3.361444274,,,
10/01/2046,2.895661472,2.965509475,3.017801499,3.119420476,3.166845079,3.363588089,,,
11/01/2046,2.896467017,2.966540466,3.019013815,3.120899128,3.168402437,3.365797904,,,
12/01/2046,2.897246958,2.967538228,3.020186925,3.122329551,3.169908789,3.367935982,,,
01/01/2047,2.898052993,2.968568972,3.021398729,3.123806787,3.171464293,3.370140505,,,
02/01/2047,2.898858996,2.969599313,3.022609995,3.125283028,3.17301865,3.372342183,,,
03/01/2047,2.899586522,2.970529168,3.023703156,3.126615153,3.174421302,3.374334009,,,
04/01/2047,2.900391745,2.971558032,3.024912688,3.128088799,3.175972919,3.376529739,,,
05/01/2047,2.90117132,2.972553695,3.026083066,3.129514351,3.177473697,3.378654224,,,
06/01/2047,2.901976434,2.97358174,3.027291514,3.130986032,3.179023039,3.380844384,,,
07/01/2047,2.902755083,2.974575794,3.028460023,3.132408868,3.180520994,3.382962916,,,
08/01/2047,2.903559762,2.975602703,3.029667068,3.133878311,3.182067836,3.385147362,,,
09/01/2047,2.904363748,2.976628567,3.030872932,3.135346035,3.183613033,3.387328531,,,
10/01/2047,2.905142026,2.977621239,3.032039668,3.136765837,3.185107544,3.389438917,,,
11/01/2047,2.905946684,2.978647087,3.033245245,3.138232479,3.186651126,3.391615281,,,
12/01/2047,2.90672481,2.979638947,3.034410908,3.139650379,3.188143469,3.393720484,,,
01/01/2048,2.907528624,2.980663277,3.035614699,3.141114385,3.189684262,3.395890945,,,
02/01/2048,2.908331418,2.981686249,3.036816989,3.142576463,3.191223182,3.398057972,,,
03/01/2048,2.909083508,2.982644016,3.037942385,3.143944514,3.192662711,3.400087494,,,
04/01/2048,2.909885984,2.983666019,3.039143433,3.145404527,3.194199303,3.402249123,,,
05/01/2048,2.910662791,2.984654958,3.04030551,3.146816819,3.195685575,3.404340681,,,
06/01/2048,2.911464931,2.98567597,3.041505289,3.148274733,3.197219731,3.406496983,,,
07/01/2048,2.912240985,2.986663529,3.042665718,3.149684578,3.19870335,3.408583073,,,
08/01/2048,2.913042758,2.98768353,3.043864209,3.151140384,3.200235256,3.410734033,,,
09/01/2048,2.913845126,2.988703801,3.045062828,3.152595905,3.201766568,3.412882855,,,
10/01/2048,2.914621135,2.989690383,3.046221874,3.154003177,3.203247142,3.414961567,,,
11/01/2048,2.915422518,2.990709037,3.047418598,3.155455992,3.204775655,3.417104726,,,
12/01/2048,2.916198266,2.991694751,3.048576505,3.156861348,3.206254058,3.419178471,,,
01/01/2049,2.91699916,2.992712293,3.049771838,3.158311972,3.207780164,3.421316364,,,
02/01/2049,2.917800286,2.993729753,3.050966946,3.159761967,3.209305423,3.423451948,,,
03/01/2049,2.918523717,2.994648329,3.052045864,3.161070777,3.210682107,3.425384447,,,
04/01/2049,2.919323573,2.995663927,3.053238839,3.162517875,3.212204454,3.427514464,,,
05/01/2049,2.92009775,2.996646598,3.054393034,3.163917623,3.21367683,3.42957547,,,
06/01/2049,2.920898232,2.997662218,3.055585753,3.165363683,3.215197668,3.431701156,,,
07/01/2049,2.92167249,2.998644388,3.056739178,3.166761907,3.216668205,3.433757667,,,
08/01/2049,2.922471711,2.99965815,3.057929761,3.168205056,3.218186106,3.435877776,,,
09/01/2049,2.923271046,3.000671725,3.059120017,3.169647487,3.219703095,3.437995585,,,
10/01/2049,2.924044421,3.001652151,3.060271291,3.171042438,3.221170079,3.440044618,,,
11/01/2049,2.924843301,3.002664686,3.061460225,3.172482786,3.222684749,3.442157402,,,
12/01/2049,2.925615994,3.003643867,3.062609982,3.173875484,3.224149317,3.444201436,,,
01/01/2050,2.926414818,3.004655767,3.063797999,3.175314158,3.225662006,3.446309565,,,
02/01/2050,2.927213148,3.005666881,3.064985088,3.176751521,3.227173355,3.448415082,,,
03/01/2050,2.927933988,3.006579677,3.066056714,3.17804889,3.228537468,3.450320466,,,
04/01/2050,2.928732108,3.00759003,3.067242773,3.1794845,3.230046811,3.452421496,,,
05/01/2050,2.929503333,3.008566374,3.068389022,3.180871899,3.231505674,3.454453704,,,
06/01/2050,2.930301265,3.009575977,3.069574054,3.182305742,3.233012972,3.456550138,,,
07/01/2050,2.931073209,3.010552497,3.070720213,3.183692335,3.234470573,3.458578595,,,
08/01/2050,2.931870605,3.011561007,3.071903876,3.185124077,3.23597559,3.4606703,,,
09/01/2050,2.932667558,3.012568794,3.073086676,3.186554584,3.237479318,3.462759486,,,
10/01/2050,2.933438136,3.013543145,3.074230263,3.187937545,3.238933122,3.464780573,,,
11/01/2050,2.934234865,3.014550162,3.075412017,3.189366285,3.240434803,3.466865214,,,
12/01/2050,2.935004664,3.015523209,3.076554031,3.190746977,3.241886206,3.46888154,,,
01/01/2051,2.935800471,3.016528764,3.077734043,3.19217326,3.243385309,3.470961157,,,
02/01/2051,2.936596617,3.017534386,3.078913978,3.193599104,3.244883739,3.473038829,,,
03/01/2051,2.937314962,3.018441714,3.079978635,3.194885578,3.246235825,3.474918765,,,
04/01/2051,2.938110005,3.019445717,3.081156682,3.196308849,3.247731646,3.476991591,,,
05/01/2051,2.938878797,3.020416478,3.08229574,3.197684887,3.249177886,3.478996999,,,
06/01/2051,2.939673788,3.021419903,3.08347293,3.199106601,3.250671844,3.481065567,,,
07/01/2051,2.940442314,3.022389892,3.084610948,3.200480923,3.252116119,3.483066707,,,
08/01/2051,2.94123674,3.023392231,3.085786773,3.201900577,3.253607831,3.485130692,,,
09/01/2051,2.942030464,3.024393607,3.086961494,3.203318777,3.255098422,3.487192059,,,
10/01/2051,2.942798023,3.025361874,3.088097379,3.204689961,3.256540488,3.489186426,,,
11/01/2051,2.943590765,3.026361756,3.089270324,3.206105699,3.258029826,3.49124296,,,
12/01/2051,2.944358612,3.027329819,3.09040573,3.207475743,3.259471178,3.493233507,,,
01/01/2052,2.945151063,3.028328902,3.091577909,3.208890035,3.260959317,3.49528575,,,
02/01/2052,2.945943745,3.029327959,3.092749242,3.210303139,3.262447123,3.497336104,,,
03/01/2052,2.946685054,3.030262105,3.093844766,3.211624534,3.263838303,3.499255916,,,
04/01/2052,2.947477105,3.031260039,3.095015062,3.213035938,3.265324602,3.501301897,,,
05/01/2052,2.9482433,3.032225239,3.096146932,3.214400822,3.266762208,3.503281619,,,
06/01/2052,2.94903494,3.033222268,3.097316045,3.215810378,3.268247068,3.50532329,,,
07/01/2052,2.949800493,3.034186349,3.098446525,3.21717323,3.269683089,3.507298715,,,
08/01/2052,2.950592041,3.035182794,3.099614774,3.21858126,3.271166774,3.509336431,,,
09/01/2052,2.951383341,3.036178744,3.100782387,3.219988322,3.272649677,3.51137199,,,
10/01/2052,2.952147917,3.037141137,3.101910774,3.221348124,3.274083241,3.513341021,,,
11/01/2052,2.952937965,3.038135352,3.103076373,3.222752521,3.275563969,3.515371804,,,
12/01/2052,2.953702368,3.039097107,3.104203852,3.224110785,3.276996228,3.517336958,,,
01/01/2053,2.954491716,3.040090144,3.105367995,3.225513078,3.278475195,3.519363412,,,
02/01/2053,2.95528147,3.041083343,3.106532159,3.226915067,3.279953846,3.521388202,,,
03/01/2053,2.955994105,3.04197954,3.107582662,3.228180113,3.281288329,3.523220444,,,
04/01/2053,2.956783908,3.042972332,3.108746151,3.229580807,3.282765805,3.525241597,,,
05/01/2053,2.957547428,3.04393207,3.109870948,3.230934856,3.284194391,3.527197034,,,
06/01/2053,2.958335847,3.044923009,3.111032309,3.232332789,3.285669518,3.529213486,,,
07/01/2053,2.959098089,3.045881019,3.112155113,3.233684233,3.28709586,3.531164416,,,
08/01/2053,2.959886528,3.046871515,3.113315755,3.235080819,3.288569695,3.533177144,,,
09/01/2053,2.960674333,3.047861143,3.114475392,3.23647608,3.290042397,3.535187565,,,
10/01/2053,2.961436655,3.048818558,3.1155972,3.237825617,3.291466842,3.537133134,,,
11/01/2053,2.962224094,3.049807362,3.116755738,3.239219158,3.292937935,3.539139665,,,
12/01/2053,2.962985517,3.050763438,3.117875944,3.240566493,3.294360455,3.541081119,,,
01/01/2054,2.963772333,3.051751166,3.119033134,3.241958071,3.295829715,3.543083568,,,
02/01/2054,2.96455865,3.052738165,3.120189458,3.243348471,3.2972979,3.545083833,,,
03/01/2054,2.965268753,3.053629345,3.121233462,3.244603647,3.298623343,3.546894361,,,
04/01/2054,2.966054361,3.054615203,3.122388381,3.245992053,3.300089656,3.54889065,,,
05/01/2054,2.966814658,3.055569078,3.123505734,3.247335074,3.301508036,3.550822653,,,
06/01/2054,2.967600175,3.056554403,3.124659846,3.24872207,3.302973552,3.55281529,,,
07/01/2054,2.968360104,3.057507483,3.12577614,3.250063449,3.304391516,3.554743581,,,
08/01/2054,2.969145269,3.058492014,3.126929187,3.251448781,3.305856354,3.556732418,,,
09/01/2054,2.969929914,3.059475804,3.128081354,3.25283293,3.307320455,3.55871911,,,
10/01/2054,2.970689286,3.060427689,3.129196056,3.254171847,3.308737023,3.560641856,,,
11/01/2054,2.971473699,3.061410812,3.130347286,3.255554465,3.310200231,3.562624873,,,
12/01/2054,2.972232808,3.062362017,3.131461044,3.256891868,3.311615874,3.564544047,,,
01/01/2055,2.973016674,3.063344162,3.132611024,3.258272648,3.313077879,3.566523208,,,
02/01/2055,2.973800136,3.064325686,3.133760245,3.259652373,3.314539156,3.56850034,,,
03/01/2055,2.97450792,3.065212187,3.134798102,3.260898186,3.315858774,3.570290154,,,
04/01/2055,2.97529003,3.066191948,3.135945297,3.262275323,3.317318173,3.57226305,,,
05/01/2055,2.976047177,3.067140168,3.137055423,3.263607697,3.318730273,3.574172633,,,
06/01/2055,2.976829404,3.068119624,3.138202043,3.264983681,3.32018885,3.576142184,,,
07/01/2055,2.977586375,3.06906726,3.139311323,3.266314654,3.321599906,3.578048345,,,
08/01/2055,2.978368493,3.070046188,3.140457146,3.267689268,3.32305744,3.580014425,,,
09/01/2055,2.979150399,3.071024692,3.141602408,3.269063032,3.324514309,3.58197865,,,
10/01/2055,2.979906839,3.071971191,3.142710157,3.270391643,3.325923516,3.583879529,,,
11/01/2055,2.98068781,3.072948347,3.143853802,3.271763223,3.327378648,3.585839782,,,
12/01/2055,2.981443037,3.073893234,3.144959679,3.273089416,3.328785921,3.587736625,,,
01/01/2056,2.982223768,3.074869739,3.146102405,3.274459515,3.330239819,3.589693391,,,
02/01/2056,2.983004006,3.075845543,3.147244294,3.275828494,3.331692791,3.591648152,,,
03/01/2056,2.983733933,3.076758238,3.14831224,3.27710863,3.333051561,3.593478884,,,
04/01/2056,2.984513808,3.07773328,3.149453104,3.278476037,3.334503177,3.595430166,,,
05/01/2056,2.985268825,3.078676977,3.150557146,3.279799051,3.335907666,3.597318904,,,
06/01/2056,2.986047875,3.079650792,3.151696516,3.281164412,3.337357526,3.59926638,,,
07/01/2056,2.98680189,3.080593099,3.15279891,3.282485245,3.338760145,3.601151306,,,
08/01/2056,2.987580281,3.081565855,3.153936955,3.283848733,3.340208324,3.603095074,,,
09/01/2056,2.988358564,3.082538303,3.155074554,3.285211501,3.341655793,3.605037091,,,
10/01/2056,2.98911184,3.083479292,3.156175239,3.286529831,3.343056074,3.606916739,,,
11/01/2056,2.989889774,3.084450995,3.157311825,3.287891042,3.34450209,3.608855316,,,
12/01/2056,2.990642113,3.085390665,3.158410932,3.289207271,3.345900511,3.610731269,,,
01/01/2057,2.991419655,3.086361585,3.159546468,3.290566895,3.34734501,3.612666381,,,
02/01/2057,2.992196506,3.087331616,3.160680979,3.291925221,3.348788347,3.614599416,,,
03/01/2057,2.992897892,3.088207325,3.16170514,3.293151317,3.350091278,3.616349131,,,
04/01/2057,2.99367443,3.089176668,3.162838706,3.294508183,3.351533182,3.618278897,,,
05/01/2057,2.994425195,3.090113834,3.163934669,3.295819991,3.352927428,3.620146195,,,
06/01/2057,2.995201478,3.091082536,3.165067327,3.297175421,3.354367901,3.622072662,,,
07/01/2057,2.995951774,3.092018862,3.166162195,3.298485623,3.355760594,3.623936641,,,
08/01/2057,2.996727244,3.092986369,3.167293394,3.299839069,3.357199205,3.625859482,,,
09/01/2057,2.997502701,3.09395367,3.168424252,3.301191908,3.358637155,3.627780725,,,
10/01/2057,2.998252594,3.094889039,3.169517775,3.302500007,3.360027669,3.629639876,,,
11/01/2057,2.999027614,3.095855527,3.170647556,3.30385125,3.361463957,3.631557682,,,
12/01/2057,2.999776636,3.096789661,3.171739586,3.305157354,3.362852525,3.633413242,,,
01/01/2058,3.000550886,3.097755002,3.172867953,3.306506668,3.364286937,3.635327482,,,
02/01/2058,3.001324835,3.098719853,3.173995694,3.307855095,3.365720486,3.637240004,,,
03/01/2058,3.002023939,3.09959123,3.175014091,3.309072608,3.367014812,3.638971407,,,
04/01/2058,3.002796662,3.100554494,3.176139992,3.3104187,3.368446221,3.640880259,,,
05/01/2058,3.003544826,3.101486876,3.177229643,3.311721196,3.369831146,3.642728084,,,
06/01/2058,3.004318161,3.102450383,3.17835553,3.313066766,3.371261794,3.644634376,,,
07/01/2058,3.005065763,3.103381847,3.17944407,3.314367606,3.372645092,3.646478993,,,
08/01/2058,3.005838489,3.104344378,3.180568651,3.31571144,3.374074019,3.648381945,,,
09/01/2058,3.006610305,3.105305815,3.181692082,3.317053796,3.375501583,3.650282798,,,
10/01/2058,3.00735673,3.10623557,3.182778484,3.318351822,3.376882118,3.652122348,,,
11/01/2058,3.008128622,3.10719672,3.183901371,3.319693135,3.378308468,3.654020311,,,
12/01/2058,3.008875428,3.108126507,3.184987556,3.320990465,3.379688043,3.655857244,,,
01/01/2059,3.009646743,3.10908672,3.186109249,3.32233009,3.381112654,3.657751901,,,
02/01/2059,3.0104173,3.110045992,3.187229873,3.323668394,3.382536036,3.659644612,,,
03/01/2059,3.011112956,3.110911953,3.188241463,3.324876397,3.38382089,3.661357887,,,
04/01/2059,3.011883246,3.111870614,3.18936123,3.32621337,3.385242821,3.663247619,,,
05/01/2059,3.012628422,3.112797916,3.190444317,3.327506426,3.386618089,3.665076589,,,
06/01/2059,3.01339799,3.1137555,3.191562753,3.328841581,3.388038231,3.666963051,,,
07/01/2059,3.014142252,3.114681546,3.192644341,3.33013267,3.389411542,3.668788653,,,
08/01/2059,3.014911554,3.115638512,3.193761908,3.331466472,3.39083017,3.670672058,,,
09/01/2059,3.015680614,3.11659506,3.194878925,3.332799482,3.392247972,3.672553884,,,
10/01/2059,3.016424939,3.117520657,3.195959698,3.33408905,3.393619498,3.674375424,,,
11/01/2059,3.017193057,3.118475914,3.197075177,3.335420041,3.395035265,3.676253793,,,
12/01/2059,3.017936295,3.119400091,3.198154283,3.336707485,3.396404645,3.678071837,,,
01/01/2060,3.018704449,3.120355039,3.199269198,3.338037439,3.397819091,3.679947348,,,
02/01/2060,3.019472129,3.121309338,3.200383335,3.339366373,3.399232519,3.681821143,,,
03/01/2060,3.020189416,3.122201052,3.201424459,3.340608229,3.400553497,3.683575626,,,
04/01/2060,3.020956952,3.12315487,3.202537865,3.34193597,3.401965517,3.685446554,,,
05/01/2060,3.021698534,3.124076564,3.203613878,3.343219181,3.403330417,3.687256706,,,
06/01/2060,3.022464504,3.125028475,3.204725122,3.344544293,3.404739917,3.689123853,,,
07/01/2060,3.023205949,3.125949703,3.205800423,3.345826339,3.406103494,3.69093128,,,
08/01/2060,3.02397155,3.126900908,3.20691071,3.347150028,3.407511439,3.69279546,,,
09/01/2060,3.024736847,3.127851636,3.208020394,3.348472877,3.408918524,3.694658091,,,
10/01/2060,3.025477036,3.128771115,3.209093583,3.349752136,3.410279298,3.696460774,,,
11/01/2060,3.026241984,3.12972116,3.210202337,3.351073595,3.411684837,3.698320462,,,
12/01/2060,3.026981824,3.130639966,3.211274614,3.352351496,3.41304412,3.700120311,,,
01/01/2061,3.027746113,3.131589019,3.212382349,3.353671257,3.414447897,3.701976904,,,
