Date,BLS,Alt,Aquifer
1/1/1913,,205,Upper
4/12/1951,,189.98,Upper
6/6/1951,,160.48,Upper
4/11/1952,,188.28,Upper
9/5/1952,,178.78,Upper
4/15/1953,,166.88,Upper
3/17/1960,,176.28,Upper
10/5/1960,,160.78,Upper
3/7/1961,,176.18,Upper
10/17/1961,,151.68,Upper
3/28/1962,,175.88,Upper
10/4/1962,,155.88,Upper
10/5/1965,,150.48,Upper
3/9/1966,,170.98,Upper
10/5/1967,,154.18,Upper
4/3/1969,,172.58,Upper
10/7/1969,,150.28,Upper
3/18/1970,,170.68,Upper
3/9/1971,,159.48,Upper
3/9/1972,,160.48,Upper
10/13/1972,,149.08,Upper
3/28/1973,,167.58,Upper
10/10/1973,,150.38,Upper
3/12/1974,,165.95,Upper
11/12/1974,,152.85,Upper
3/26/1975,,161.75,Upper
10/31/1975,,150.95,Upper
3/8/1976,,154.45,Upper
3/1/1977,,136.85,Upper
11/9/1977,,127.35,Upper
3/16/1978,,140.45,Upper
10/31/1978,,136.65,Upper
3/13/1979,,151.55,Upper
10/30/1979,,149.25,Upper
3/18/1980,,162.65,Upper
10/21/1980,,159.65,Upper
3/3/1981,,165.35,Upper
10/14/1981,,160.75,Upper
3/11/1982,,168.15,Upper
10/6/1982,,169.05,Upper
4/1/1983,,181.65,Upper
10/11/1983,,178.75,Upper
3/6/1984,,181.15,Upper
10/10/1984,,175.15,Upper
3/7/1985,,175.55,Upper
10/1/1985,,170.65,Upper
3/13/1986,,175.85,Upper
10/8/1986,,172.25,Upper
4/17/1987,,166.95,Upper
10/14/1987,,163.95,Upper
3/8/1988,,166.95,Upper
11/12/1988,,167.35,Upper
3/7/1989,,162.35,Upper
10/18/1989,,160.65,Upper
3/14/1990,,155.65,Upper
10/18/1990,,151.45,Upper
3/13/1991,,154.65,Upper
10/2/1991,,144.25,Upper
3/2/1992,,151.85,Upper
10/7/1992,,141.25,Upper
3/16/1993,,159.65,Upper
10/6/1993,,153.95,Upper
3/16/1994,,163.45,Upper
10/19/1994,,146.15,Upper
3/7/1995,,165.35,Upper
4/19/1995,,170.75,Upper
10/4/1995,,166.25,Upper
3/28/1996,,172.25,Upper
10/9/1996,,164.25,Upper
3/5/1997,,169.95,Upper
10/8/1997,,158.65,Upper
3/12/1998,,174.25,Upper
10/9/1998,,171.45,Upper
3/16/1999,,171.25,Upper
10/5/1999,,152.55,Upper
3/23/2000,,176.95,Upper
10/3/2000,,159.25,Upper
3/19/2001,,164.25,Upper
7/18/2001,,158.55,Upper
8/1/2001,,150.75,Upper
9/5/2001,,147.05,Upper
10/11/2001,,156.05,Upper
11/8/2001,,155.05,Upper
3/19/2002,,163.85,Upper
4/23/2002,,162.55,Upper
5/21/2002,,161.35,Upper
6/26/2002,,158.65,Upper
7/3/2002,,156.65,Upper
7/11/2002,,153.95,Upper
7/18/2002,,156.65,Upper
7/22/2002,,157.05,Upper
8/1/2002,,156.95,Upper
8/8/2002,,155.65,Upper
8/15/2002,,151.65,Upper
8/29/2002,,155.35,Upper
9/6/2002,,155.75,Upper
9/12/2002,,153.05,Upper
9/20/2002,,153.85,Upper
9/24/2002,,154.45,Upper
10/16/2002,,151.55,Upper
11/20/2002,,152.25,Upper
11/22/2002,,134.86,Upper
12/12/2002,,137.325,Upper
12/13/2002,,137.545,Upper
12/14/2002,,137.921,Upper
12/15/2002,,138.238,Upper
12/16/2002,,138.486,Upper
12/17/2002,,138.67,Upper
12/18/2002,,138.756,Upper
12/19/2002,,138.787,Upper
12/20/2002,,139.059,Upper
12/21/2002,,139.222,Upper
12/22/2002,,139.28,Upper
12/23/2002,,139.368,Upper
12/24/2002,,139.485,Upper
12/25/2002,,139.54,Upper
12/26/2002,,139.66,Upper
12/27/2002,,139.816,Upper
12/28/2002,,140.014,Upper
12/29/2002,,140.245,Upper
12/30/2002,,140.267,Upper
12/31/2002,,140.433,Upper
1/1/2003,,140.456,Upper
1/2/2003,,140.53,Upper
1/3/2003,,140.629,Upper
1/4/2003,,140.763,Upper
1/5/2003,,140.829,Upper
1/6/2003,,140.956,Upper
1/7/2003,,141.087,Upper
1/8/2003,,141.25,Upper
1/9/2003,,141.313,Upper
1/10/2003,,141.462,Upper
1/11/2003,,141.604,Upper
1/12/2003,,141.684,Upper
1/13/2003,,141.831,Upper
1/14/2003,,141.928,Upper
1/15/2003,,141.991,Upper
1/16/2003,,142.072,Upper
1/17/2003,,142.18,Upper
1/18/2003,,142.293,Upper
1/19/2003,,142.414,Upper
1/20/2003,,142.515,Upper
1/21/2003,,142.617,Upper
1/22/2003,,142.709,Upper
1/23/2003,,142.821,Upper
1/24/2003,,142.896,Upper
1/25/2003,,142.986,Upper
1/26/2003,,143.054,Upper
1/27/2003,,143.17,Upper
1/28/2003,,143.296,Upper
1/29/2003,,143.363,Upper
1/30/2003,,143.41,Upper
1/31/2003,,143.494,Upper
2/1/2003,,143.64,Upper
2/2/2003,,143.742,Upper
2/3/2003,,143.819,Upper
2/4/2003,,143.811,Upper
2/5/2003,,143.455,Upper
2/6/2003,,142.805,Upper
2/7/2003,,142.649,Upper
2/8/2003,,143.107,Upper
2/9/2003,,143.305,Upper
2/10/2003,,141.997,Upper
2/11/2003,,141.776,Upper
2/12/2003,,142.029,Upper
2/13/2003,,142.801,Upper
2/14/2003,,143.268,Upper
2/15/2003,,143.561,Upper
2/16/2003,,143.913,Upper
2/17/2003,,144.045,Upper
2/18/2003,,144.2535,Upper
2/19/2003,,144.392,Upper
2/20/2003,,144.586,Upper
2/21/2003,,144.686,Upper
2/22/2003,,144.825,Upper
2/23/2003,,144.998,Upper
2/24/2003,,145.205,Upper
2/25/2003,,145.34,Upper
2/26/2003,,145.428,Upper
2/27/2003,,144.246,Upper
2/28/2003,,144.453,Upper
3/1/2003,,143.362,Upper
3/2/2003,,143.658,Upper
3/3/2003,,143.915,Upper
3/4/2003,,143.792,Upper
3/5/2003,,143.442,Upper
3/6/2003,,142.97,Upper
3/7/2003,,143.418,Upper
3/8/2003,,144.031,Upper
3/9/2003,,144.43,Upper
3/10/2003,,144.725,Upper
3/11/2003,,145.037,Upper
3/12/2003,,141.424,Upper
3/13/2003,,143.3245,Upper
3/14/2003,,141.901,Upper
3/15/2003,,142.159,Upper
3/16/2003,,142.973,Upper
3/17/2003,,143.129,Upper
3/18/2003,,143.155,Upper
3/19/2003,,143.225,Upper
3/20/2003,,143.316,Upper
3/21/2003,,143.359,Upper
3/22/2003,,143.453,Upper
3/23/2003,,143.563,Upper
3/24/2003,,143.676,Upper
3/25/2003,,143.707,Upper
3/26/2003,,143.629,Upper
3/27/2003,,143.437,Upper
3/28/2003,,142.929,Upper
3/29/2003,,142.653,Upper
3/30/2003,,142.926,Upper
3/31/2003,,143.221,Upper
4/1/2003,,143.515,Upper
4/2/2003,,143.704,Upper
4/3/2003,,143.744,Upper
4/4/2003,,142.877,Upper
4/5/2003,,142.525,Upper
4/6/2003,,141.822,Upper
4/7/2003,,142.337,Upper
4/8/2003,,142.765,Upper
4/9/2003,,145.0735,Upper
4/10/2003,,146.042,Upper
4/11/2003,,144.411,Upper
4/12/2003,,144.461,Upper
4/13/2003,,145.318,Upper
4/14/2003,,145.891,Upper
4/15/2003,,146.339,Upper
4/16/2003,,146.591,Upper
4/17/2003,,146.825,Upper
4/18/2003,,147.081,Upper
4/19/2003,,147.254,Upper
4/20/2003,,147.399,Upper
4/21/2003,,147.622,Upper
4/22/2003,,147.832,Upper
4/23/2003,,147.227,Upper
4/24/2003,,146.728,Upper
4/25/2003,,147.067,Upper
4/26/2003,,147.376,Upper
4/27/2003,,147.616,Upper
4/28/2003,,147.907,Upper
4/29/2003,,148.101,Upper
4/30/2003,,148.235,Upper
5/1/2003,,148.357,Upper
5/2/2003,,148.518,Upper
5/3/2003,,148.721,Upper
5/4/2003,,148.851,Upper
5/5/2003,,148.882,Upper
5/6/2003,,149,Upper
5/7/2003,,149.117,Upper
5/8/2003,,149.233,Upper
5/9/2003,,149.3,Upper
5/10/2003,,149.331,Upper
5/11/2003,,149.377,Upper
5/12/2003,,149.451,Upper
5/13/2003,,149.509,Upper
5/14/2003,,148.294,Upper
5/15/2003,,146.592,Upper
5/16/2003,,144.643,Upper
5/17/2003,,142.982,Upper
5/18/2003,,142.93,Upper
5/19/2003,,143.977,Upper
5/20/2003,,143.196,Upper
5/21/2003,,141.922,Upper
5/22/2003,,140.982,Upper
5/23/2003,,138.892,Upper
5/24/2003,,137.071,Upper
5/25/2003,,136.651,Upper
5/26/2003,,138.435,Upper
5/27/2003,,139.788,Upper
5/28/2003,,138.644,Upper
5/29/2003,,136.132,Upper
5/30/2003,,133.697,Upper
5/31/2003,,133.5,Upper
6/1/2003,,132.062,Upper
6/2/2003,,131.241,Upper
6/3/2003,,130.238,Upper
6/4/2003,,129.861,Upper
6/5/2003,,128.881,Upper
6/6/2003,,129.213,Upper
6/7/2003,,130.408,Upper
6/8/2003,,129.143,Upper
6/9/2003,,130.486,Upper
6/10/2003,,129.982,Upper
6/11/2003,,128.841,Upper
6/12/2003,,129.282,Upper
6/13/2003,,128.02,Upper
6/14/2003,,127.773,Upper
6/15/2003,,126.879,Upper
6/16/2003,,127.974,Upper
6/17/2003,,127.185,Upper
6/18/2003,,125.266,Upper
6/19/2003,,125.744,Upper
6/20/2003,,125.337,Upper
6/21/2003,,124.886,Upper
6/22/2003,,124.625,Upper
6/23/2003,,124.586,Upper
6/24/2003,,125.158,Upper
6/25/2003,,125.61,Upper
6/26/2003,,124.616,Upper
6/27/2003,,122.81,Upper
6/28/2003,,121.544,Upper
6/29/2003,,121.17,Upper
6/30/2003,,121.575,Upper
7/1/2003,,120.683,Upper
7/2/2003,,120.114,Upper
7/3/2003,,121.166,Upper
7/4/2003,,120.519,Upper
7/5/2003,,119.602,Upper
7/6/2003,,119.806,Upper
7/7/2003,,120.089,Upper
7/8/2003,,119.162,Upper
7/9/2003,,118.729,Upper
7/10/2003,,118.573,Upper
7/11/2003,,119.108,Upper
7/12/2003,,118.617,Upper
7/13/2003,,117.73,Upper
7/14/2003,,117.682,Upper
7/15/2003,,119.944,Upper
7/16/2003,,120.345,Upper
7/17/2003,,119.147,Upper
7/18/2003,,119.56,Upper
7/19/2003,,120.259,Upper
7/20/2003,,119.85,Upper
7/21/2003,,119.08,Upper
7/22/2003,,118.691,Upper
7/23/2003,,117.907,Upper
7/24/2003,,117.55,Upper
7/25/2003,,117.725,Upper
7/26/2003,,116.459,Upper
7/27/2003,,115.447,Upper
7/28/2003,,115.395,Upper
7/29/2003,,116.177,Upper
7/30/2003,,115.183,Upper
7/31/2003,,115.369,Upper
8/1/2003,,116.114,Upper
8/2/2003,,114.984,Upper
8/3/2003,,115.348,Upper
8/4/2003,,116.564,Upper
8/5/2003,,117.592,Upper
8/6/2003,,118.894,Upper
8/7/2003,,119.083,Upper
8/8/2003,,116.904,Upper
8/9/2003,,115.909,Upper
8/10/2003,,115.654,Upper
8/11/2003,,115.945,Upper
8/12/2003,,117.238,Upper
8/13/2003,,116.034,Upper
8/14/2003,,114.547,Upper
8/15/2003,,114.592,Upper
8/16/2003,,115.125,Upper
8/17/2003,,115.2,Upper
8/18/2003,,115.929,Upper
8/19/2003,,116.601,Upper
8/20/2003,,117.086,Upper
8/21/2003,,117.357,Upper
8/22/2003,,117.669,Upper
8/23/2003,,118.755,Upper
8/24/2003,,119.067,Upper
8/25/2003,,118.1,Upper
8/26/2003,,117.7255,Upper
8/27/2003,,117.913,Upper
8/28/2003,,119.145,Upper
8/29/2003,,119.882,Upper
8/30/2003,,118.021,Upper
8/31/2003,,116.011,Upper
9/1/2003,,115.423,Upper
9/2/2003,,115.868,Upper
9/3/2003,,117.243,Upper
9/4/2003,,118.292,Upper
9/5/2003,,119.008,Upper
9/6/2003,,118.383,Upper
9/7/2003,,117.98,Upper
9/8/2003,,118.957,Upper
9/9/2003,,120.29,Upper
9/10/2003,,121.197,Upper
9/11/2003,,121.337,Upper
9/12/2003,,121.356,Upper
9/13/2003,,121.01,Upper
9/14/2003,,121.141,Upper
9/15/2003,,120.59,Upper
9/16/2003,,120.945,Upper
9/17/2003,,122.202,Upper
9/18/2003,,122.084,Upper
9/19/2003,,121.729,Upper
9/20/2003,,121.098,Upper
9/21/2003,,120.933,Upper
9/22/2003,,119.28,Upper
9/23/2003,,118.696,Upper
9/24/2003,,118.575,Upper
9/25/2003,,119.489,Upper
9/26/2003,,120.036,Upper
9/27/2003,,119.824,Upper
9/28/2003,,119.263,Upper
9/29/2003,,119.677,Upper
9/30/2003,,120.579,Upper
10/1/2003,,121.677,Upper
10/2/2003,,122.438,Upper
10/3/2003,,121.939,Upper
10/4/2003,,121.285,Upper
10/5/2003,,122.135,Upper
10/6/2003,,123.319,Upper
10/7/2003,,124.191,Upper
10/8/2003,,124.616,Upper
10/9/2003,,124.224,Upper
10/10/2003,,123.862,Upper
10/11/2003,,124.068,Upper
10/12/2003,,124.353,Upper
10/13/2003,,123.989,Upper
10/14/2003,,124.602,Upper
10/15/2003,,125.219,Upper
10/16/2003,,125.1655,Upper
10/17/2003,,124.974,Upper
10/18/2003,,124.495,Upper
10/19/2003,,123.376,Upper
10/20/2003,,123.317,Upper
10/21/2003,,124.093,Upper
10/22/2003,,124.507,Upper
10/23/2003,,124.097,Upper
10/24/2003,,124.485,Upper
10/25/2003,,123.643,Upper
10/26/2003,,123.194,Upper
10/27/2003,,123.379,Upper
10/28/2003,,122.744,Upper
10/29/2003,,122.383,Upper
10/30/2003,,122.371,Upper
10/31/2003,,123.112,Upper
11/1/2003,,124.222,Upper
11/2/2003,,125.129,Upper
11/3/2003,,125.937,Upper
11/4/2003,,126.454,Upper
11/5/2003,,126.952,Upper
11/6/2003,,127.376,Upper
11/7/2003,,127.767,Upper
11/8/2003,,128.142,Upper
11/9/2003,,128.574,Upper
11/10/2003,,128.866,Upper
11/11/2003,,129.066,Upper
11/12/2003,,129.312,Upper
11/13/2003,,129.605,Upper
11/14/2003,,129.801,Upper
11/15/2003,,130.047,Upper
11/16/2003,,130.269,Upper
11/17/2003,,130.463,Upper
11/18/2003,,130.601,Upper
11/19/2003,,130.767,Upper
11/20/2003,,131.009,Upper
11/21/2003,,131.221,Upper
11/22/2003,,131.538,Upper
11/23/2003,,131.597,Upper
11/24/2003,,131.494,Upper
11/25/2003,,131.64,Upper
11/26/2003,,131.878,Upper
11/27/2003,,131.919,Upper
11/28/2003,,132.106,Upper
11/29/2003,,132.375,Upper
11/30/2003,,132.675,Upper
12/1/2003,,132.9,Upper
12/2/2003,,133.074,Upper
12/3/2003,,133.187,Upper
12/4/2003,,133.381,Upper
12/5/2003,,133.546,Upper
12/6/2003,,133.753,Upper
12/7/2003,,133.959,Upper
12/8/2003,,134.03,Upper
12/9/2003,,134.2535,Upper
12/10/2003,,134.424,Upper
12/11/2003,,134.601,Upper
12/12/2003,,134.648,Upper
12/13/2003,,134.755,Upper
12/14/2003,,135.011,Upper
12/15/2003,,135.07,Upper
12/16/2003,,135.142,Upper
12/17/2003,,135.223,Upper
12/18/2003,,135.405,Upper
12/19/2003,,135.588,Upper
12/20/2003,,135.792,Upper
12/21/2003,,135.929,Upper
12/22/2003,,136.001,Upper
12/23/2003,,136.173,Upper
12/24/2003,,136.435,Upper
12/25/2003,,136.607,Upper
12/26/2003,,136.694,Upper
12/27/2003,,136.694,Upper
12/28/2003,,136.697,Upper
12/29/2003,,136.898,Upper
12/30/2003,,137.257,Upper
12/31/2003,,137.353,Upper
1/1/2004,,137.497,Upper
1/2/2004,,137.606,Upper
1/3/2004,,137.685,Upper
1/4/2004,,137.707,Upper
1/5/2004,,137.747,Upper
1/6/2004,,137.869,Upper
1/7/2004,,138.046,Upper
1/8/2004,,138.184,Upper
1/9/2004,,138.325,Upper
1/10/2004,,138.403,Upper
1/11/2004,,138.528,Upper
1/12/2004,,138.662,Upper
1/13/2004,,138.693,Upper
1/14/2004,,138.778,Upper
1/15/2004,,138.922,Upper
1/16/2004,,139.078,Upper
1/17/2004,,139.23,Upper
1/18/2004,,139.325,Upper
1/19/2004,,139.418,Upper
1/20/2004,,139.533,Upper
1/21/2004,,139.617,Upper
1/22/2004,,139.674,Upper
1/23/2004,,139.789,Upper
1/24/2004,,139.936,Upper
1/25/2004,,140.073,Upper
1/26/2004,,140.16,Upper
1/27/2004,,140.254,Upper
1/28/2004,,140.354,Upper
1/29/2004,,140.442,Upper
1/30/2004,,140.58,Upper
1/31/2004,,140.686,Upper
2/1/2004,,140.806,Upper
2/2/2004,,140.883,Upper
2/3/2004,,141.136,Upper
2/4/2004,,141.169,Upper
2/5/2004,,141.176,Upper
2/6/2004,,141.208,Upper
2/7/2004,,141.241,Upper
2/8/2004,,141.294,Upper
2/9/2004,,141.407,Upper
2/10/2004,,141.784,Upper
2/11/2004,,142.135,Upper
2/12/2004,,142.225,Upper
2/13/2004,,142.322,Upper
2/14/2004,,142.399,Upper
2/15/2004,,142.499,Upper
2/16/2004,,142.612,Upper
2/17/2004,,142.799,Upper
2/18/2004,,142.919,Upper
2/19/2004,,142.944,Upper
2/20/2004,,143.024,Upper
2/21/2004,,143.196,Upper
2/22/2004,,143.327,Upper
2/23/2004,,143.47,Upper
2/24/2004,,143.519,Upper
2/25/2004,,143.567,Upper
2/26/2004,,144.381,Upper
2/27/2004,,144.362,Upper
2/28/2004,,144.342,Upper
2/29/2004,,144.356,Upper
3/1/2004,,144.418,Upper
3/2/2004,,144.587,Upper
3/3/2004,,144.593,Upper
3/4/2004,,144.653,Upper
3/5/2004,,144.712,Upper
3/6/2004,,144.725,Upper
3/7/2004,,144.716,Upper
3/8/2004,,144.825,Upper
3/9/2004,,144.918,Upper
3/10/2004,,144.935,Upper
3/11/2004,,144.889,Upper
3/12/2004,,144.844,Upper
3/13/2004,,144.799,Upper
3/14/2004,,144.754,Upper
3/15/2004,,144.709,Upper
3/16/2004,,144.664,Upper
3/17/2004,,144.619,Upper
3/18/2004,,144.574,Upper
3/19/2004,,144.529,Upper
3/20/2004,,144.484,Upper
3/21/2004,,144.438,Upper
3/22/2004,,144.393,Upper
3/23/2004,,144.348,Upper
3/24/2004,,144.303,Upper
3/25/2004,,144.258,Upper
3/26/2004,,144.213,Upper
3/27/2004,,144.168,Upper
3/28/2004,,144.123,Upper
3/29/2004,,144.078,Upper
3/30/2004,,144.032,Upper
3/31/2004,,143.9835,Upper
4/1/2004,,143.285,Upper
4/2/2004,,142.896,Upper
4/3/2004,,143.482,Upper
4/4/2004,,143.449,Upper
4/5/2004,,143.361,Upper
4/6/2004,,142.313,Upper
4/7/2004,,140.871,Upper
4/8/2004,,140.978,Upper
4/9/2004,,140.807,Upper
4/10/2004,,139.931,Upper
4/11/2004,,138.813,Upper
4/12/2004,,138.553,Upper
4/13/2004,,140.011,Upper
4/14/2004,,139.619,Upper
4/15/2004,,139.298,Upper
4/16/2004,,138.782,Upper
4/17/2004,,137.976,Upper
4/18/2004,,138.54,Upper
4/19/2004,,139.661,Upper
4/20/2004,,140.559,Upper
4/21/2004,,141.251,Upper
4/22/2004,,140.587,Upper
4/23/2004,,139.15,Upper
4/24/2004,,137.966,Upper
4/25/2004,,137.099,Upper
4/26/2004,,137.129,Upper
4/27/2004,,136.577,Upper
4/28/2004,,135.608,Upper
4/29/2004,,135.204,Upper
4/30/2004,,134.969,Upper
5/1/2004,,133.805,Upper
5/2/2004,,132.056,Upper
5/3/2004,,131.974,Upper
5/4/2004,,131.99,Upper
5/5/2004,,131.952,Upper
5/6/2004,,131.645,Upper
5/7/2004,,131.601,Upper
5/8/2004,,131.942,Upper
5/9/2004,,131.554,Upper
5/10/2004,,130.864,Upper
5/11/2004,,130.531,Upper
5/12/2004,,130.316,Upper
5/13/2004,,130.535,Upper
5/14/2004,,130.755,Upper
5/15/2004,,130.177,Upper
5/16/2004,,128.575,Upper
5/17/2004,,128.165,Upper
5/18/2004,,127.911,Upper
5/19/2004,,126.941,Upper
5/20/2004,,127.052,Upper
5/21/2004,,128.128,Upper
5/22/2004,,127.631,Upper
5/23/2004,,127.408,Upper
5/24/2004,,128.645,Upper
5/25/2004,,129.274,Upper
5/26/2004,,128.266,Upper
5/27/2004,,126.815,Upper
5/28/2004,,126.036,Upper
5/29/2004,,126.205,Upper
5/30/2004,,126.541,Upper
5/31/2004,,127.661,Upper
6/1/2004,,126.865,Upper
6/2/2004,,125.568,Upper
6/3/2004,,124.859,Upper
6/4/2004,,123.849,Upper
6/5/2004,,123.127,Upper
6/6/2004,,122.017,Upper
6/7/2004,,122.885,Upper
6/8/2004,,123.567,Upper
6/9/2004,,123.705,Upper
6/10/2004,,122.957,Upper
6/11/2004,,121.83,Upper
6/12/2004,,120.758,Upper
6/13/2004,,119.545,Upper
6/14/2004,,119.796,Upper
6/15/2004,,120.574,Upper
6/16/2004,,121.149,Upper
6/17/2004,,120.394,Upper
6/18/2004,,119.056,Upper
6/19/2004,,117.749,Upper
6/20/2004,,116.852,Upper
6/21/2004,,117.939,Upper
6/22/2004,,118.309,Upper
6/23/2004,,118.31,Upper
6/24/2004,,117.739,Upper
6/25/2004,,116.947,Upper
6/26/2004,,116.162,Upper
6/27/2004,,115.454,Upper
6/28/2004,,116.072,Upper
6/29/2004,,115.91,Upper
6/30/2004,,115.422,Upper
7/1/2004,,115.509,Upper
7/2/2004,,115.825,Upper
7/3/2004,,116.18,Upper
7/4/2004,,116.133,Upper
7/5/2004,,115.707,Upper
7/6/2004,,115.819,Upper
7/7/2004,,116.564,Upper
7/8/2004,,117.695,Upper
7/9/2004,,117.228,Upper
7/10/2004,,116.724,Upper
7/11/2004,,115.718,Upper
7/12/2004,,114.472,Upper
7/13/2004,,113.896,Upper
7/14/2004,,113.562,Upper
7/15/2004,,114.336,Upper
7/16/2004,,114.418,Upper
7/17/2004,,114.464,Upper
7/18/2004,,113.279,Upper
7/19/2004,,112.766,Upper
7/20/2004,,112.772,Upper
7/21/2004,,112.685,Upper
7/22/2004,,113.027,Upper
7/23/2004,,112.917,Upper
7/24/2004,,113.557,Upper
7/25/2004,,112.955,Upper
7/26/2004,,112.05,Upper
7/27/2004,,112.1335,Upper
7/28/2004,,112.244,Upper
7/29/2004,,111.774,Upper
7/30/2004,,111.622,Upper
7/31/2004,,112.107,Upper
8/1/2004,,111.716,Upper
8/2/2004,,111.568,Upper
8/3/2004,,112.708,Upper
8/4/2004,,113.661,Upper
8/5/2004,,114.11,Upper
8/6/2004,,113.868,Upper
8/7/2004,,114.081,Upper
8/8/2004,,113.728,Upper
8/9/2004,,113.241,Upper
8/10/2004,,113.25,Upper
8/11/2004,,114.174,Upper
8/12/2004,,115.146,Upper
8/13/2004,,116.301,Upper
8/14/2004,,115.5,Upper
8/15/2004,,114.511,Upper
8/16/2004,,114.272,Upper
8/17/2004,,113.343,Upper
8/18/2004,,112.415,Upper
8/19/2004,,112.078,Upper
8/20/2004,,111.808,Upper
8/21/2004,,112.927,Upper
8/22/2004,,114.677,Upper
8/23/2004,,116.092,Upper
8/24/2004,,117.433,Upper
8/25/2004,,117.627,Upper
8/26/2004,,117.4,Upper
8/27/2004,,117.233,Upper
8/28/2004,,117.18,Upper
8/29/2004,,116.621,Upper
8/30/2004,,115.18,Upper
8/31/2004,,114.053,Upper
9/1/2004,,113.106,Upper
9/2/2004,,113.493,Upper
9/3/2004,,114.493,Upper
9/4/2004,,115.807,Upper
9/5/2004,,116.139,Upper
9/6/2004,,115.654,Upper
9/7/2004,,116.41,Upper
9/8/2004,,116.919,Upper
9/9/2004,,117.545,Upper
9/10/2004,,117.571,Upper
9/11/2004,,117.145,Upper
9/12/2004,,117.244,Upper
9/13/2004,,117.338,Upper
9/14/2004,,117.621,Upper
9/15/2004,,118.43,Upper
9/16/2004,,119.335,Upper
9/17/2004,,119.187,Upper
9/18/2004,,119.292,Upper
9/19/2004,,120.09,Upper
9/20/2004,,120.637,Upper
9/21/2004,,120.898,Upper
9/22/2004,,120.579,Upper
9/23/2004,,120.178,Upper
9/24/2004,,119.639,Upper
9/25/2004,,118.865,Upper
9/26/2004,,117.904,Upper
9/27/2004,,116.776,Upper
9/28/2004,,116.899,Upper
9/29/2004,,117.08,Upper
9/30/2004,,116.719,Upper
10/1/2004,,116.938,Upper
10/2/2004,,118.306,Upper
10/3/2004,,118.221,Upper
10/4/2004,,118.495,Upper
10/5/2004,,118.434,Upper
10/6/2004,,118.3,Upper
10/7/2004,,118.812,Upper
10/8/2004,,119.593,Upper
10/9/2004,,119.966,Upper
10/10/2004,,120.033,Upper
10/11/2004,,120.308,Upper
10/12/2004,,120.918,Upper
10/13/2004,,121.335,Upper
10/14/2004,,121.462,Upper
10/15/2004,,120.217,Upper
10/16/2004,,119.441,Upper
10/17/2004,,120.184,Upper
10/18/2004,,120.794,Upper
10/19/2004,,121.449,Upper
10/20/2004,,122.108,Upper
10/21/2004,,122.748,Upper
10/22/2004,,123.305,Upper
10/23/2004,,123.735,Upper
10/24/2004,,124.172,Upper
10/25/2004,,124.567,Upper
10/26/2004,,124.979,Upper
10/27/2004,,125.315,Upper
10/28/2004,,125.54,Upper
10/29/2004,,125.679,Upper
10/30/2004,,125.848,Upper
10/31/2004,,126.09,Upper
11/1/2004,,126.257,Upper
11/2/2004,,126.438,Upper
11/3/2004,,126.68,Upper
11/4/2004,,126.991,Upper
11/5/2004,,127.181,Upper
11/6/2004,,127.398,Upper
11/7/2004,,127.619,Upper
11/8/2004,,127.78,Upper
11/9/2004,,127.906,Upper
11/10/2004,,128.025,Upper
11/11/2004,,128.236,Upper
11/12/2004,,128.352,Upper
11/13/2004,,128.572,Upper
11/14/2004,,128.681,Upper
11/15/2004,,128.82,Upper
11/16/2004,,129.003,Upper
11/17/2004,,129.099,Upper
11/18/2004,,129.231,Upper
11/19/2004,,129.367,Upper
11/20/2004,,129.589,Upper
11/21/2004,,129.744,Upper
11/22/2004,,130.2935,Upper
11/23/2004,,130.801,Upper
11/24/2004,,130.905,Upper
11/25/2004,,130.998,Upper
11/26/2004,,131.145,Upper
11/27/2004,,131.322,Upper
11/28/2004,,131.447,Upper
11/29/2004,,131.496,Upper
11/30/2004,,131.562,Upper
12/1/2004,,131.696,Upper
12/2/2004,,131.646,Upper
12/3/2004,,131.607,Upper
12/4/2004,,131.853,Upper
12/5/2004,,132.185,Upper
12/6/2004,,132.361,Upper
12/7/2004,,132.589,Upper
12/8/2004,,132.704,Upper
12/9/2004,,132.747,Upper
12/10/2004,,132.764,Upper
12/11/2004,,132.864,Upper
12/12/2004,,133.016,Upper
12/13/2004,,133.114,Upper
12/14/2004,,133.135,Upper
12/15/2004,,133.213,Upper
12/16/2004,,133.311,Upper
12/17/2004,,133.361,Upper
12/18/2004,,133.462,Upper
12/19/2004,,133.567,Upper
12/20/2004,,133.698,Upper
12/21/2004,,133.857,Upper
12/22/2004,,133.885,Upper
12/23/2004,,133.97,Upper
12/24/2004,,134.009,Upper
12/25/2004,,134.086,Upper
12/26/2004,,134.247,Upper
12/27/2004,,134.512,Upper
12/28/2004,,134.734,Upper
12/29/2004,,134.881,Upper
12/30/2004,,135.03,Upper
12/31/2004,,135.071,Upper
1/1/2005,,135.112,Upper
1/2/2005,,135.105,Upper
1/3/2005,,135.226,Upper
1/4/2005,,135.331,Upper
1/5/2005,,135.365,Upper
1/6/2005,,135.352,Upper
1/7/2005,,135.502,Upper
1/8/2005,,135.801,Upper
1/9/2005,,135.854,Upper
1/10/2005,,135.868,Upper
1/11/2005,,136.083,Upper
1/12/2005,,136.345,Upper
1/13/2005,,136.348,Upper
1/14/2005,,136.42,Upper
1/15/2005,,136.478,Upper
1/16/2005,,136.546,Upper
1/17/2005,,136.627,Upper
1/18/2005,,136.725,Upper
1/19/2005,,136.835,Upper
1/20/2005,,136.944,Upper
1/21/2005,,137.094,Upper
1/22/2005,,137.226,Upper
1/23/2005,,137.302,Upper
1/24/2005,,137.42,Upper
1/25/2005,,137.52,Upper
1/26/2005,,137.703,Upper
1/27/2005,,137.85,Upper
1/28/2005,,137.963,Upper
1/29/2005,,137.962,Upper
1/30/2005,,137.97,Upper
1/31/2005,,138.038,Upper
2/1/2005,,138.092,Upper
2/2/2005,,138.848,Upper
2/3/2005,,138.916,Upper
2/4/2005,,139.022,Upper
2/5/2005,,139.123,Upper
2/6/2005,,139.284,Upper
2/7/2005,,139.42,Upper
2/8/2005,,139.462,Upper
2/9/2005,,139.505,Upper
2/10/2005,,139.597,Upper
2/11/2005,,139.714,Upper
2/12/2005,,139.834,Upper
2/13/2005,,139.816,Upper
2/14/2005,,139.886,Upper
2/15/2005,,139.975,Upper
2/16/2005,,140.046,Upper
2/17/2005,,140.136,Upper
2/18/2005,,140.273,Upper
2/19/2005,,140.39,Upper
2/20/2005,,140.544,Upper
2/21/2005,,140.573,Upper
2/22/2005,,140.648,Upper
2/23/2005,,140.66,Upper
2/24/2005,,140.685,Upper
2/25/2005,,140.712,Upper
2/26/2005,,140.796,Upper
2/27/2005,,140.856,Upper
2/28/2005,,140.978,Upper
3/1/2005,,140.955,Upper
3/2/2005,,140.967,Upper
3/3/2005,,140.922,Upper
3/4/2005,,140.941,Upper
3/5/2005,,141.049,Upper
3/6/2005,,141.089,Upper
3/7/2005,,141.17,Upper
3/8/2005,,141.227,Upper
3/9/2005,,141.303,Upper
3/10/2005,,141.369,Upper
3/11/2005,,141.485,Upper
3/12/2005,,141.584,Upper
3/13/2005,,141.679,Upper
3/14/2005,,141.722,Upper
3/15/2005,,141.405,Upper
3/16/2005,,139.957,Upper
3/17/2005,,138.935,Upper
3/18/2005,,139.08,Upper
3/19/2005,,139.3,Upper
3/20/2005,,139.771,Upper
3/21/2005,,140.091,Upper
3/22/2005,,140.459,Upper
3/23/2005,,140.876,Upper
3/24/2005,,141.015,Upper
3/25/2005,,141.096,Upper
3/26/2005,,141.178,Upper
3/27/2005,,141.351,Upper
3/28/2005,,141.652,Upper
3/29/2005,,141.725,Upper
3/30/2005,,141.765,Upper
3/31/2005,,141.895,Upper
4/1/2005,,141.591,Upper
4/2/2005,,142.099,Upper
4/3/2005,,140.862,Upper
4/4/2005,,140.606,Upper
4/5/2005,,141.006,Upper
4/6/2005,,140.643,Upper
4/7/2005,,141.162,Upper
4/8/2005,,141.487,Upper
4/9/2005,,141.843,Upper
4/10/2005,,142.03,Upper
4/11/2005,,142.28,Upper
4/12/2005,,142.455,Upper
4/13/2005,,142.624,Upper
4/14/2005,,142.667,Upper
4/15/2005,,141.599,Upper
4/16/2005,,140.2,Upper
4/17/2005,,139.819,Upper
4/18/2005,,140.362,Upper
4/19/2005,,140.831,Upper
4/20/2005,,140.506,Upper
4/21/2005,,139.581,Upper
4/22/2005,,140.075,Upper
4/23/2005,,140.456,Upper
4/24/2005,,140.306,Upper
4/25/2005,,140.55,Upper
4/26/2005,,140.687,Upper
4/27/2005,,140.899,Upper
4/28/2005,,140.899,Upper
4/29/2005,,140.6525,Upper
4/30/2005,,139.844,Upper
5/1/2005,,139.094,Upper
5/2/2005,,139.425,Upper
5/3/2005,,138.126,Upper
5/4/2005,,136.714,Upper
5/5/2005,,137.008,Upper
5/6/2005,,138.201,Upper
5/7/2005,,139.007,Upper
5/8/2005,,139.613,Upper
5/9/2005,,140.281,Upper
5/10/2005,,140.612,Upper
5/11/2005,,140.912,Upper
5/12/2005,,141.212,Upper
5/13/2005,,141.393,Upper
5/14/2005,,140.75,Upper
5/15/2005,,140.25,Upper
5/16/2005,,140.662,Upper
5/17/2005,,140.931,Upper
5/18/2005,,140.337,Upper
5/19/2005,,140.643,Upper
5/20/2005,,140.943,Upper
5/21/2005,,141.068,Upper
5/22/2005,,140.743,Upper
5/23/2005,,139.394,Upper
5/24/2005,,137.851,Upper
5/25/2005,,136.2315,Upper
5/26/2005,,135.493,Upper
5/27/2005,,134.35,Upper
5/28/2005,,133.513,Upper
5/29/2005,,132.489,Upper
5/30/2005,,132.832,Upper
5/31/2005,,133.026,Upper
6/1/2005,,132.62,Upper
6/2/2005,,132.732,Upper
6/3/2005,,132.807,Upper
6/4/2005,,131.208,Upper
6/5/2005,,129.016,Upper
6/6/2005,,128.217,Upper
6/7/2005,,128.429,Upper
6/8/2005,,128.492,Upper
6/9/2005,,128.722,Upper
6/10/2005,,128.335,Upper
6/11/2005,,127.973,Upper
6/12/2005,,126.762,Upper
6/13/2005,,125.144,Upper
6/14/2005,,125.119,Upper
6/15/2005,,124.857,Upper
6/16/2005,,124.832,Upper
6/17/2005,,125.45,Upper
6/18/2005,,125.762,Upper
6/19/2005,,125.506,Upper
6/20/2005,,126.231,Upper
6/21/2005,,126.363,Upper
6/22/2005,,125.207,Upper
6/23/2005,,124.295,Upper
6/24/2005,,123.235,Upper
6/25/2005,,122.595,Upper
6/26/2005,,122.609,Upper
6/27/2005,,122.846,Upper
6/28/2005,,122.496,Upper
6/29/2005,,122.447,Upper
6/30/2005,,122.44,Upper
7/1/2005,,121.341,Upper
7/2/2005,,120.186,Upper
7/3/2005,,119.736,Upper
7/4/2005,,118.618,Upper
7/5/2005,,118.094,Upper
7/6/2005,,118.163,Upper
7/7/2005,,117.75,Upper
7/8/2005,,117.557,Upper
7/9/2005,,116.171,Upper
7/10/2005,,114.572,Upper
7/11/2005,,114.266,Upper
7/12/2005,,114.535,Upper
7/13/2005,,114.685,Upper
7/14/2005,,116.477,Upper
7/15/2005,,117.707,Upper
7/16/2005,,118.543,Upper
7/17/2005,,118.556,Upper
7/18/2005,,117.494,Upper
7/19/2005,,116.726,Upper
7/20/2005,,116.552,Upper
7/21/2005,,116.433,Upper
7/22/2005,,116.552,Upper
7/23/2005,,115.69,Upper
7/24/2005,,114.397,Upper
7/25/2005,,113.642,Upper
7/26/2005,,113.199,Upper
7/27/2005,,113.0615,Upper
7/28/2005,,113.036,Upper
7/29/2005,,113.086,Upper
7/30/2005,,113.28,Upper
7/31/2005,,113.205,Upper
8/1/2005,,113.53,Upper
8/2/2005,,113.055,Upper
8/3/2005,,112.974,Upper
8/4/2005,,112.949,Upper
8/5/2005,,112.094,Upper
8/6/2005,,111.363,Upper
8/7/2005,,111.906,Upper
8/8/2005,,113.411,Upper
8/9/2005,,113.342,Upper
8/10/2005,,112.849,Upper
8/11/2005,,112.512,Upper
8/12/2005,,111.451,Upper
8/13/2005,,110.739,Upper
8/14/2005,,110.096,Upper
8/15/2005,,110.389,Upper
8/16/2005,,110.745,Upper
8/17/2005,,110.926,Upper
8/18/2005,,112.2,Upper
8/19/2005,,112.974,Upper
8/20/2005,,113.573,Upper
8/21/2005,,113.679,Upper
8/22/2005,,113.436,Upper
8/23/2005,,114.273,Upper
8/24/2005,,115.6505,Upper
8/25/2005,,116.32,Upper
8/26/2005,,117.37,Upper
8/27/2005,,118.07,Upper
8/28/2005,,117.64,Upper
8/29/2005,,117.19,Upper
8/30/2005,,117.36,Upper
8/31/2005,,118.04,Upper
9/1/2005,,118.5,Upper
9/2/2005,,117.8,Upper
9/3/2005,,116.84,Upper
9/4/2005,,115.88,Upper
9/5/2005,,116.12,Upper
9/6/2005,,115.8,Upper
9/7/2005,,115.69,Upper
9/8/2005,,116.01,Upper
9/9/2005,,116.96,Upper
9/10/2005,,118.4,Upper
9/11/2005,,119.12,Upper
9/12/2005,,119.55,Upper
9/13/2005,,119.93,Upper
9/14/2005,,119.4,Upper
9/15/2005,,118.24,Upper
9/16/2005,,118.38,Upper
9/17/2005,,118.69,Upper
9/18/2005,,118.46,Upper
9/19/2005,,117.72,Upper
9/20/2005,,117.36,Upper
9/21/2005,,118.45,Upper
9/22/2005,,119.4,Upper
9/23/2005,,120.58,Upper
9/24/2005,,121.44,Upper
9/25/2005,,122.14,Upper
9/26/2005,,122.69,Upper
9/27/2005,,123.13,Upper
9/28/2005,,123.49,Upper
9/29/2005,,123.75,Upper
9/30/2005,,123.625,Upper
10/1/2005,,123.52,Upper
10/2/2005,,123.26,Upper
10/3/2005,,123.33,Upper
10/4/2005,,123.12,Upper
10/5/2005,,122.75,Upper
10/6/2005,,123.35,Upper
10/7/2005,,123.91,Upper
10/8/2005,,124.47,Upper
10/9/2005,,124.8,Upper
10/10/2005,,125.17,Upper
10/11/2005,,125.33,Upper
10/12/2005,,124.28,Upper
10/13/2005,,123.51,Upper
10/14/2005,,123.37,Upper
10/15/2005,,121.93,Upper
10/16/2005,,120.86,Upper
10/17/2005,,121.44,Upper
10/18/2005,,120.96,Upper
10/19/2005,,121.315,Upper
10/20/2005,,122.108,Upper
10/21/2005,,122.92,Upper
10/22/2005,,123.562,Upper
10/23/2005,,124.194,Upper
10/24/2005,,124.786,Upper
10/25/2005,,125.258,Upper
10/26/2005,,125.61,Upper
10/27/2005,,125.972,Upper
10/28/2005,,126.274,Upper
10/29/2005,,126.596,Upper
10/30/2005,,126.858,Upper
10/31/2005,,127.06,Upper
11/1/2005,,127.372,Upper
11/2/2005,,127.744,Upper
11/3/2005,,127.985,Upper
11/4/2005,,128.238,Upper
11/5/2005,,128.44,Upper
11/6/2005,,128.682,Upper
11/7/2005,,128.474,Upper
11/8/2005,,128.456,Upper
11/9/2005,,128.758,Upper
11/10/2005,,129.09,Upper
11/11/2005,,129.382,Upper
11/12/2005,,129.564,Upper
11/13/2005,,129.776,Upper
11/14/2005,,129.948,Upper
11/15/2005,,130.14,Upper
11/16/2005,,130.342,Upper
11/17/2005,,130.524,Upper
11/18/2005,,130.526,Upper
11/19/2005,,130.718,Upper
11/20/2005,,130.89,Upper
11/21/2005,,131.072,Upper
11/22/2005,,131.263,Upper
11/23/2005,,131.436,Upper
11/24/2005,,131.628,Upper
11/25/2005,,131.78,Upper
11/26/2005,,131.902,Upper
11/27/2005,,131.964,Upper
11/28/2005,,132.096,Upper
11/29/2005,,132.297,Upper
11/30/2005,,132.43,Upper
12/1/2005,,132.651,Upper
12/2/2005,,132.854,Upper
12/3/2005,,132.906,Upper
12/4/2005,,132.938,Upper
12/5/2005,,133.01,Upper
12/6/2005,,133.172,Upper
12/7/2005,,133.324,Upper
12/8/2005,,133.485,Upper
12/9/2005,,133.628,Upper
12/10/2005,,133.71,Upper
12/11/2005,,133.842,Upper
12/12/2005,,133.964,Upper
12/13/2005,,134.086,Upper
12/14/2005,,134.148,Upper
12/15/2005,,134.27,Upper
12/16/2005,,134.412,Upper
12/17/2005,,134.534,Upper
12/18/2005,,134.656,Upper
12/19/2005,,134.858,Upper
12/20/2005,,134.909,Upper
12/21/2005,,135.072,Upper
12/22/2005,,135.244,Upper
12/23/2005,,135.316,Upper
12/24/2005,,135.368,Upper
12/25/2005,,135.55,Upper
12/26/2005,,135.722,Upper
12/27/2005,,135.754,Upper
12/28/2005,,135.906,Upper
12/29/2005,,135.978,Upper
12/30/2005,,136.09,Upper
12/31/2005,,136.431,Upper
1/1/2006,,136.493,Upper
1/2/2006,,136.696,Upper
1/3/2006,,136.698,Upper
1/4/2006,,136.68,Upper
1/5/2006,,136.672,Upper
1/6/2006,,136.764,Upper
1/7/2006,,136.956,Upper
1/8/2006,,136.998,Upper
1/9/2006,,137.06,Upper
1/10/2006,,137.142,Upper
1/11/2006,,137.284,Upper
1/12/2006,,137.396,Upper
1/13/2006,,137.518,Upper
1/14/2006,,137.7,Upper
1/15/2006,,137.812,Upper
1/16/2006,,137.784,Upper
1/17/2006,,137.806,Upper
1/18/2006,,138.018,Upper
1/19/2006,,138.129,Upper
1/20/2006,,138.202,Upper
1/21/2006,,138.284,Upper
1/22/2006,,138.366,Upper
1/23/2006,,138.428,Upper
1/24/2006,,138.56,Upper
1/25/2006,,138.722,Upper
1/26/2006,,138.844,Upper
1/27/2006,,138.886,Upper
1/28/2006,,138.948,Upper
1/29/2006,,139.06,Upper
1/30/2006,,139.162,Upper
1/31/2006,,139.294,Upper
2/1/2006,,139.376,Upper
2/2/2006,,139.508,Upper
2/3/2006,,139.59,Upper
2/4/2006,,139.701,Upper
2/5/2006,,139.724,Upper
2/6/2006,,139.826,Upper
2/7/2006,,139.888,Upper
2/8/2006,,139.98,Upper
2/9/2006,,140.082,Upper
2/10/2006,,140.194,Upper
2/11/2006,,140.246,Upper
2/12/2006,,140.268,Upper
2/13/2006,,140.359,Upper
2/14/2006,,140.502,Upper
2/15/2006,,140.484,Upper
2/16/2006,,139.265,Upper
2/17/2006,,137.828,Upper
2/18/2006,,137.3,Upper
2/19/2006,,137.772,Upper
2/20/2006,,136.894,Upper
2/21/2006,,136.096,Upper
2/22/2006,,135.568,Upper
2/23/2006,,135.739,Upper
2/24/2006,,136.442,Upper
2/25/2006,,137.144,Upper
2/26/2006,,137.706,Upper
2/27/2006,,138.228,Upper
2/28/2006,,138.87,Upper
3/1/2006,,139.022,Upper
3/2/2006,,139.323,Upper
3/3/2006,,139.596,Upper
3/4/2006,,139.797,Upper
3/5/2006,,139.96,Upper
3/6/2006,,140.232,Upper
3/7/2006,,140.344,Upper
3/8/2006,,140.426,Upper
3/9/2006,,140.618,Upper
3/10/2006,,140.86,Upper
3/11/2006,,140.122,Upper
3/12/2006,,140.334,Upper
3/13/2006,,140.456,Upper
3/14/2006,,140.738,Upper
3/15/2006,,140.89,Upper
3/16/2006,,141.032,Upper
3/17/2006,,141.234,Upper
3/18/2006,,141.416,Upper
3/19/2006,,141.528,Upper
3/20/2006,,141.73,Upper
3/21/2006,,141.902,Upper
3/22/2006,,141.913,Upper
3/23/2006,,141.946,Upper
3/24/2006,,142.068,Upper
3/25/2006,,142.26,Upper
3/26/2006,,142.332,Upper
3/27/2006,,142.474,Upper
3/28/2006,,142.663,Upper
3/29/2006,,142.742,Upper
3/30/2006,,142.755,Upper
3/31/2006,,142.824,Upper
4/1/2006,,142.949,Upper
4/2/2006,,142.935,Upper
4/3/2006,,143.08,Upper
4/4/2006,,143.192,Upper
4/5/2006,,143.348,Upper
4/6/2006,,143.317,Upper
4/7/2006,,143.361,Upper
4/8/2006,,143.43,Upper
4/9/2006,,143.455,Upper
4/10/2006,,143.567,Upper
4/11/2006,,143.667,Upper
4/12/2006,,143.779,Upper
4/13/2006,,143.811,Upper
4/14/2006,,143.879,Upper
4/15/2006,,144.023,Upper
4/16/2006,,144.042,Upper
4/17/2006,,144.079,Upper
4/18/2006,,144.023,Upper
4/19/2006,,144.136,Upper
4/20/2006,,144.242,Upper
4/21/2006,,144.366,Upper
4/22/2006,,144.472,Upper
4/23/2006,,144.503,Upper
4/24/2006,,144.529,Upper
4/25/2006,,144.572,Upper
4/26/2006,,144.653,Upper
4/27/2006,,144.728,Upper
4/28/2006,,144.685,Upper
4/29/2006,,144.353,Upper
4/30/2006,,144.041,Upper
5/1/2006,,144.154,Upper
5/2/2006,,143.585,Upper
5/3/2006,,143.173,Upper
5/4/2006,,141.911,Upper
5/5/2006,,141.099,Upper
5/6/2006,,140.968,Upper
5/7/2006,,141.336,Upper
5/8/2006,,141.48,Upper
5/9/2006,,140.524,Upper
5/10/2006,,139.375,Upper
5/11/2006,,139.125,Upper
5/12/2006,,138.913,Upper
5/13/2006,,139.344,Upper
5/14/2006,,139.481,Upper
5/15/2006,,138.182,Upper
5/16/2006,,136.039,Upper
5/17/2006,,133.816,Upper
5/18/2006,,132.9015,Upper
5/19/2006,,133.455,Upper
5/20/2006,,133.761,Upper
5/21/2006,,134.929,Upper
5/22/2006,,136.365,Upper
5/23/2006,,137.346,Upper
5/24/2006,,138.083,Upper
5/25/2006,,137.202,Upper
5/26/2006,,135.447,Upper
5/27/2006,,133.536,Upper
5/28/2006,,132.487,Upper
5/29/2006,,132.749,Upper
5/30/2006,,131.931,Upper
5/31/2006,,130.295,Upper
6/1/2006,,130.413,Upper
6/2/2006,,131.95,Upper
6/3/2006,,132.412,Upper
6/4/2006,,131.725,Upper
6/5/2006,,131.363,Upper
6/6/2006,,130.519,Upper
6/7/2006,,129.021,Upper
6/8/2006,,128.271,Upper
6/9/2006,,126.991,Upper
6/10/2006,,126.81,Upper
6/11/2006,,127.416,Upper
6/12/2006,,127.94,Upper
6/13/2006,,126.66,Upper
6/14/2006,,125.954,Upper
6/15/2006,,125.761,Upper
6/16/2006,,126.073,Upper
6/17/2006,,126.017,Upper
6/18/2006,,126.167,Upper
6/19/2006,,126.348,Upper
6/20/2006,,125.723,Upper
6/21/2006,,124.275,Upper
6/22/2006,,123.656,Upper
6/23/2006,,122.645,Upper
6/24/2006,,121.783,Upper
6/25/2006,,120.553,Upper
6/26/2006,,120.709,Upper
6/27/2006,,120.965,Upper
6/28/2006,,120.422,Upper
6/29/2006,,119.841,Upper
6/30/2006,,119.448,Upper
7/1/2006,,119.854,Upper
7/2/2006,,120.184,Upper
8/2/2006,,116.18,Upper
8/4/2006,,115.93,Upper
8/5/2006,,115.162,Upper
8/6/2006,,114.945,Upper
8/7/2006,,115.263,Upper
8/8/2006,,115.769,Upper
8/9/2006,,115.813,Upper
8/10/2006,,115.375,Upper
8/11/2006,,114.701,Upper
8/12/2006,,113.646,Upper
8/13/2006,,113.165,Upper
8/14/2006,,113.846,Upper
8/15/2006,,114.046,Upper
8/16/2006,,114.064,Upper
8/17/2006,,114.383,Upper
8/18/2006,,114.814,Upper
8/19/2006,,114.826,Upper
8/20/2006,,115.082,Upper
8/21/2006,,116.456,Upper
8/22/2006,,116.83,Upper
8/23/2006,,116.812,Upper
8/24/2006,,116.98,Upper
8/25/2006,,117.28,Upper
8/26/2006,,117.13,Upper
8/27/2006,,116.624,Upper
8/28/2006,,116.83,Upper
8/29/2006,,117.18,Upper
8/30/2006,,117.511,Upper
8/31/2006,,117.973,Upper
9/1/2006,,118.56,Upper
9/2/2006,,119.009,Upper
9/3/2006,,119.134,Upper
9/4/2006,,119.14,Upper
9/5/2006,,119.515,Upper
9/6/2006,,119.74,Upper
9/7/2006,,120.327,Upper
9/8/2006,,119.421,Upper
9/9/2006,,118.997,Upper
9/10/2006,,118.903,Upper
9/11/2006,,119.609,Upper
9/12/2006,,120.058,Upper
9/13/2006,,120.289,Upper
9/14/2006,,120.701,Upper
9/15/2006,,120.283,Upper
9/16/2006,,119.459,Upper
9/17/2006,,118.216,Upper
9/18/2006,,117.405,Upper
9/19/2006,,117.049,Upper
9/20/2006,,117.405,Upper
9/21/2006,,118.229,Upper
9/22/2006,,119.39,Upper
9/23/2006,,120.533,Upper
9/24/2006,,120.158,Upper
9/25/2006,,120.171,Upper
9/26/2006,,120.464,Upper
9/27/2006,,119.752,Upper
9/28/2006,,119.172,Upper
9/29/2006,,119.983,Upper
9/30/2006,,120.289,Upper
10/1/2006,,120.864,Upper
10/2/2006,,121.788,Upper
10/3/2006,,121.969,Upper
10/4/2006,,121.27,Upper
10/5/2006,,121.101,Upper
10/6/2006,,121.301,Upper
10/7/2006,,121.357,Upper
10/8/2006,,121.126,Upper
10/9/2006,,120.683,Upper
10/10/2006,,121.303,Upper
10/11/2006,,122.406,Upper
10/12/2006,,122.349,Upper
10/13/2006,,121.475,Upper
10/14/2006,,120.957,Upper
10/15/2006,,120.564,Upper
10/16/2006,,121.338,Upper
10/17/2006,,122.237,Upper
10/18/2006,,122.624,Upper
10/19/2006,,122.768,Upper
10/20/2006,,121.931,Upper
10/21/2006,,120.482,Upper
10/22/2006,,120.376,Upper
10/23/2006,,121.488,Upper
10/24/2006,,121.931,Upper
10/25/2006,,123.024,Upper
10/26/2006,,123.836,Upper
10/27/2006,,124.535,Upper
10/28/2006,,125.134,Upper
10/29/2006,,125.715,Upper
10/30/2006,,126.221,Upper
10/31/2006,,126.571,Upper
11/1/2006,,126.883,Upper
11/2/2006,,127.164,Upper
11/3/2006,,127.439,Upper
11/4/2006,,127.67,Upper
11/5/2006,,127.876,Upper
11/6/2006,,127.907,Upper
11/7/2006,,127.739,Upper
11/8/2006,,127.72,Upper
11/9/2006,,127.732,Upper
11/10/2006,,127.689,Upper
11/11/2006,,127.895,Upper
11/12/2006,,128.288,Upper
11/13/2006,,128.738,Upper
11/14/2006,,129.144,Upper
11/15/2006,,129.4,Upper
11/16/2006,,129.662,Upper
11/17/2006,,129.881,Upper
11/18/2006,,130.062,Upper
11/19/2006,,130.23,Upper
11/20/2006,,130.411,Upper
11/21/2006,,130.63,Upper
11/22/2006,,130.774,Upper
11/23/2006,,130.955,Upper
11/24/2006,,131.055,Upper
11/25/2006,,131.267,Upper
11/26/2006,,131.436,Upper
11/27/2006,,131.667,Upper
11/28/2006,,131.779,Upper
11/29/2006,,131.829,Upper
11/30/2006,,131.892,Upper
12/1/2006,,131.998,Upper
12/2/2006,,132.154,Upper
12/3/2006,,132.279,Upper
12/4/2006,,132.384,Upper
12/5/2006,,132.559,Upper
12/6/2006,,132.71,Upper
12/7/2006,,132.841,Upper
12/8/2006,,133.022,Upper
12/9/2006,,133.278,Upper
12/10/2006,,133.453,Upper
12/11/2006,,133.422,Upper
12/12/2006,,133.515,Upper
12/13/2006,,133.59,Upper
12/14/2006,,133.697,Upper
12/15/2006,,133.89,Upper
12/16/2006,,133.971,Upper
12/17/2006,,134.141,Upper
12/18/2006,,134.141,Upper
12/19/2006,,134.196,Upper
12/20/2006,,134.266,Upper
12/21/2006,,134.365,Upper
12/22/2006,,134.516,Upper
12/23/2006,,134.602,Upper
12/24/2006,,134.69,Upper
12/25/2006,,134.802,Upper
12/26/2006,,134.984,Upper
12/27/2006,,135.334,Upper
12/28/2006,,135.302,Upper
12/29/2006,,135.196,Upper
12/30/2006,,135.29,Upper
12/31/2006,,135.377,Upper
3/19/2007,,136.46,Upper
3/21/2007,,136.317,Upper
3/22/2007,,135.337,Upper
3/23/2007,,134.076,Upper
3/24/2007,,133.039,Upper
3/25/2007,,132.714,Upper
3/26/2007,,132.502,Upper
3/27/2007,,132.264,Upper
3/28/2007,,131.54,Upper
3/29/2007,,131.165,Upper
3/30/2007,,130.503,Upper
3/31/2007,,129.423,Upper
4/1/2007,,128.549,Upper
4/2/2007,,128.18,Upper
4/3/2007,,127.331,Upper
4/4/2007,,127.131,Upper
4/5/2007,,127.868,Upper
4/6/2007,,128.411,Upper
4/7/2007,,128.311,Upper
4/8/2007,,129.51,Upper
4/9/2007,,130.734,Upper
4/10/2007,,131.221,Upper
4/11/2007,,131.321,Upper
4/12/2007,,131.584,Upper
4/13/2007,,131.615,Upper
4/14/2007,,131.665,Upper
4/15/2007,,132.296,Upper
4/16/2007,,132.864,Upper
4/17/2007,,132.202,Upper
4/18/2007,,130.741,Upper
4/19/2007,,130.179,Upper
4/20/2007,,129.348,Upper
4/21/2007,,128.611,Upper
4/22/2007,,128.417,Upper
4/23/2007,,128.661,Upper
4/24/2007,,128.798,Upper
4/25/2007,,129.048,Upper
4/26/2007,,129.854,Upper
4/27/2007,,130.841,Upper
4/28/2007,,129.417,Upper
4/29/2007,,127.418,Upper
4/30/2007,,126.775,Upper
5/1/2007,,126.563,Upper
5/2/2007,,126.463,Upper
5/3/2007,,127.287,Upper
5/4/2007,,127.824,Upper
5/5/2007,,128.455,Upper
5/6/2007,,128.861,Upper
5/7/2007,,129.304,Upper
5/8/2007,,128.392,Upper
5/9/2007,,126.482,Upper
5/10/2007,,126.357,Upper
5/11/2007,,125.576,Upper
5/12/2007,,124.109,Upper
5/13/2007,,122.891,Upper
5/14/2007,,123.159,Upper
5/15/2007,,122.41,Upper
5/16/2007,,121.511,Upper
5/17/2007,,120.668,Upper
5/18/2007,,120,Upper
5/19/2007,,119.856,Upper
5/20/2007,,118.764,Upper
5/21/2007,,117.69,Upper
5/22/2007,,118.732,Upper
5/23/2007,,120.537,Upper
5/24/2007,,120.4,Upper
5/25/2007,,118.845,Upper
5/26/2007,,118.67,Upper
5/27/2007,,117.746,Upper
5/28/2007,,117.584,Upper
5/29/2007,,116.922,Upper
5/30/2007,,116.472,Upper
5/31/2007,,116.123,Upper
6/1/2007,,115.417,Upper
6/2/2007,,115.092,Upper
6/3/2007,,114.524,Upper
6/4/2007,,113.781,Upper
6/5/2007,,114.318,Upper
6/6/2007,,114.774,Upper
6/7/2007,,115.648,Upper
6/8/2007,,116.553,Upper
6/9/2007,,116.185,Upper
6/10/2007,,115.18,Upper
6/11/2007,,114.499,Upper
6/12/2007,,114.312,Upper
6/13/2007,,113.806,Upper
6/14/2007,,113.557,Upper
6/15/2007,,112.683,Upper
6/16/2007,,111.877,Upper
6/17/2007,,111.147,Upper
6/18/2007,,110.778,Upper
6/19/2007,,110.972,Upper
6/20/2007,,110.566,Upper
6/21/2007,,110.023,Upper
6/22/2007,,109.561,Upper
6/23/2007,,109.037,Upper
6/24/2007,,108.437,Upper
6/25/2007,,107.907,Upper
6/26/2007,,107.794,Upper
6/27/2007,,108.05,Upper
6/28/2007,,107.944,Upper
6/29/2007,,108.394,Upper
6/30/2007,,107.888,Upper
7/1/2007,,107.295,Upper
7/2/2007,,107.089,Upper
7/3/2007,,106.621,Upper
7/4/2007,,107.195,Upper
7/5/2007,,107.12,Upper
7/6/2007,,106.053,Upper
7/7/2007,,105.129,Upper
7/8/2007,,104.711,Upper
7/9/2007,,104.667,Upper
7/10/2007,,104.342,Upper
7/11/2007,,104.492,Upper
7/12/2007,,105.366,Upper
7/13/2007,,106.096,Upper
7/14/2007,,105.535,Upper
7/15/2007,,104.754,Upper
7/16/2007,,104.024,Upper
7/17/2007,,104.38,Upper
7/18/2007,,105.416,Upper
7/19/2007,,106.352,Upper
7/20/2007,,106.714,Upper
7/21/2007,,106.42,Upper
7/22/2007,,105.491,Upper
7/23/2007,,104.954,Upper
7/24/2007,,104.811,Upper
7/25/2007,,105.36,Upper
7/26/2007,,105.379,Upper
7/27/2007,,105.316,Upper
7/28/2007,,104.717,Upper
7/29/2007,,104.005,Upper
7/30/2007,,103.581,Upper
7/31/2007,,104.817,Upper
8/1/2007,,106.64,Upper
8/2/2007,,106.777,Upper
8/3/2007,,106.483,Upper
8/4/2007,,105.722,Upper
8/5/2007,,104.704,Upper
8/6/2007,,104.1045,Upper
8/7/2007,,104.444,Upper
8/8/2007,,104.223,Upper
8/9/2007,,104.845,Upper
8/10/2007,,106.061,Upper
8/11/2007,,106.128,Upper
8/12/2007,,105.751,Upper
8/13/2007,,105.238,Upper
8/14/2007,,105.048,Upper
8/15/2007,,106.114,Upper
8/16/2007,,107.597,Upper
8/17/2007,,108.407,Upper
8/18/2007,,109.454,Upper
8/19/2007,,110.369,Upper
8/20/2007,,110.381,Upper
8/21/2007,,110.728,Upper
8/22/2007,,110.807,Upper
8/23/2007,,110.625,Upper
8/24/2007,,110.192,Upper
8/25/2007,,109.69,Upper
8/26/2007,,109.319,Upper
8/27/2007,,108.95,Upper
8/28/2007,,109.385,Upper
8/29/2007,,109.869,Upper
8/30/2007,,109.949,Upper
8/31/2007,,109.11,Upper
9/1/2007,,108.172,Upper
9/2/2007,,107.621,Upper
9/3/2007,,107.532,Upper
9/4/2007,,107.573,Upper
9/5/2007,,108.413,Upper
9/6/2007,,109.068,Upper
9/7/2007,,109.939,Upper
9/8/2007,,111.148,Upper
9/9/2007,,111.253,Upper
9/10/2007,,110.414,Upper
9/11/2007,,110.262,Upper
9/12/2007,,110.299,Upper
9/13/2007,,110.434,Upper
9/14/2007,,110.975,Upper
9/15/2007,,112.302,Upper
9/16/2007,,112.17,Upper
9/17/2007,,111.006,Upper
9/18/2007,,110.511,Upper
9/19/2007,,111.858,Upper
9/20/2007,,113.117,Upper
9/21/2007,,114.101,Upper
9/22/2007,,114.893,Upper
9/23/2007,,115.515,Upper
9/24/2007,,115.987,Upper
9/25/2007,,116.416,Upper
9/26/2007,,116.839,Upper
9/27/2007,,117.236,Upper
9/28/2007,,117.659,Upper
9/29/2007,,117.945,Upper
9/30/2007,,118.136,Upper
10/1/2007,,118.321,Upper
10/2/2007,,118.488,Upper
10/3/2007,,118.692,Upper
10/4/2007,,118.896,Upper
10/5/2007,,118.544,Upper
10/6/2007,,117.463,Upper
10/7/2007,,116.118,Upper
10/8/2007,,114.736,Upper
10/9/2007,,113.954,Upper
10/10/2007,,113.759,Upper
10/11/2007,,115.08,Upper
10/12/2007,,116.29,Upper
10/13/2007,,117.162,Upper
10/14/2007,,117.834,Upper
10/15/2007,,118.406,Upper
10/16/2007,,118.967,Upper
10/18/2007,,119.355,Upper
10/19/2007,,119.639,Upper
10/20/2007,,119.962,Upper
10/21/2007,,120.067,Upper
10/22/2007,,120.114,Upper
10/23/2007,,120.255,Upper
10/24/2007,,120.422,Upper
10/25/2007,,120.276,Upper
10/26/2007,,119.724,Upper
10/27/2007,,118.761,Upper
10/28/2007,,118.302,Upper
10/29/2007,,118.319,Upper
10/30/2007,,118.735,Upper
10/31/2007,,118.709,Upper
11/1/2007,,118.157,Upper
11/2/2007,,118.367,Upper
11/3/2007,,118.615,Upper
11/4/2007,,119.249,Upper
11/5/2007,,119.847,Upper
11/6/2007,,120.338,Upper
11/7/2007,,120.685,Upper
11/8/2007,,120.677,Upper
11/9/2007,,120.237,Upper
11/10/2007,,120.01,Upper
11/11/2007,,120.451,Upper
11/12/2007,,120.887,Upper
11/13/2007,,121.266,Upper
11/14/2007,,121.613,Upper
11/15/2007,,121.967,Upper
11/16/2007,,122.233,Upper
11/17/2007,,122.468,Upper
11/18/2007,,122.678,Upper
11/19/2007,,122.901,Upper
11/20/2007,,122.798,Upper
11/21/2007,,122.466,Upper
11/22/2007,,122.039,Upper
11/23/2007,,121.712,Upper
11/24/2007,,121.673,Upper
11/25/2007,,122.162,Upper
11/26/2007,,122.636,Upper
11/27/2007,,123.008,Upper
11/28/2007,,123.199,Upper
11/29/2007,,123.46,Upper
11/30/2007,,123.564,Upper
12/1/2007,,123.849,Upper
12/2/2007,,123.521,Upper
12/3/2007,,123.195,Upper
12/4/2007,,123.237,Upper
12/5/2007,,123.571,Upper
12/6/2007,,123.988,Upper
12/7/2007,,124.435,Upper
12/8/2007,,124.62,Upper
12/9/2007,,124.768,Upper
12/10/2007,,124.959,Upper
12/11/2007,,125.151,Upper
12/12/2007,,125.274,Upper
12/13/2007,,125.377,Upper
12/14/2007,,125.543,Upper
12/15/2007,,125.479,Upper
12/16/2007,,125.634,Upper
12/17/2007,,125.918,Upper
12/18/2007,,126.092,Upper
12/19/2007,,126.288,Upper
12/20/2007,,126.418,Upper
12/21/2007,,126.491,Upper
12/22/2007,,126.532,Upper
12/23/2007,,126.58,Upper
12/24/2007,,126.733,Upper
12/25/2007,,126.857,Upper
12/26/2007,,127.01,Upper
12/27/2007,,127.158,Upper
12/28/2007,,127.318,Upper
12/29/2007,,127.478,Upper
12/30/2007,,127.57,Upper
12/31/2007,,127.63,Upper
1/1/2008,,127.766,Upper
1/2/2008,,127.925,Upper
1/3/2008,,128.092,Upper
1/4/2008,,128.32,Upper
1/5/2008,,128.731,Upper
1/6/2008,,128.804,Upper
1/7/2008,,128.839,Upper
1/8/2008,,128.8,Upper
1/9/2008,,128.928,Upper
1/10/2008,,128.939,Upper
1/11/2008,,129.049,Upper
1/12/2008,,129.14,Upper
1/13/2008,,129.207,Upper
1/14/2008,,129.286,Upper
1/15/2008,,129.409,Upper
1/16/2008,,129.538,Upper
1/17/2008,,129.546,Upper
1/18/2008,,129.593,Upper
1/19/2008,,129.577,Upper
1/20/2008,,129.654,Upper
1/21/2008,,129.763,Upper
1/22/2008,,129.773,Upper
1/23/2008,,129.801,Upper
1/24/2008,,129.91,Upper
1/25/2008,,129.975,Upper
1/26/2008,,130.059,Upper
1/27/2008,,130.105,Upper
1/28/2008,,130.252,Upper
1/29/2008,,130.061,Upper
1/30/2008,,130.032,Upper
1/31/2008,,129.96,Upper
2/1/2008,,129.981,Upper
2/2/2008,,129.965,Upper
2/3/2008,,130.174,Upper
2/4/2008,,130.139,Upper
2/5/2008,,130.03,Upper
2/6/2008,,129.932,Upper
2/7/2008,,129.916,Upper
2/8/2008,,129.931,Upper
2/9/2008,,129.997,Upper
2/10/2008,,130.042,Upper
2/11/2008,,130.046,Upper
2/12/2008,,130.074,Upper
2/13/2008,,130.12,Upper
2/14/2008,,130.142,Upper
2/15/2008,,130.132,Upper
2/16/2008,,130.109,Upper
2/17/2008,,130.082,Upper
2/18/2008,,130.14,Upper
2/19/2008,,130.174,Upper
2/20/2008,,130.065,Upper
2/21/2008,,130.05,Upper
2/22/2008,,130.026,Upper
2/23/2008,,129.807,Upper
2/24/2008,,129.957,Upper
2/25/2008,,130.038,Upper
2/26/2008,,130.038,Upper
2/27/2008,,130.157,Upper
2/28/2008,,130.257,Upper
2/29/2008,,130.363,Upper
3/1/2008,,130.469,Upper
3/2/2008,,130.507,Upper
3/3/2008,,130.588,Upper
3/4/2008,,130.688,Upper
3/5/2008,,130.807,Upper
3/6/2008,,130.419,Upper
3/7/2008,,130.507,Upper
3/8/2008,,130.707,Upper
3/9/2008,,130.913,Upper
3/10/2008,,131.05,Upper
3/11/2008,,131.075,Upper
3/12/2008,,131.194,Upper
3/13/2008,,130.694,Upper
3/14/2008,,130.444,Upper
3/15/2008,,130.863,Upper
3/16/2008,,130.988,Upper
3/17/2008,,131.15,Upper
3/18/2008,,130.238,Upper
3/19/2008,,128.546,Upper
3/20/2008,,128.015,Upper
3/21/2008,,127.859,Upper
3/22/2008,,127.303,Upper
3/23/2008,,127.147,Upper
3/24/2008,,128.302,Upper
3/25/2008,,129.064,Upper
3/26/2008,,129.558,Upper
3/27/2008,,128.921,Upper
3/28/2008,,126.847,Upper
3/29/2008,,125.798,Upper
3/30/2008,,126.31,Upper
3/31/2008,,126.235,Upper
4/1/2008,,126.754,Upper
4/2/2008,,127.578,Upper
4/3/2008,,127.091,Upper
4/4/2008,,125.417,Upper
4/5/2008,,124.88,Upper
4/6/2008,,125.086,Upper
4/7/2008,,125.193,Upper
4/8/2008,,125.205,Upper
4/9/2008,,123.507,Upper
4/10/2008,,121.864,Upper
4/11/2008,,122.963,Upper
4/12/2008,,123.126,Upper
4/13/2008,,122.876,Upper
4/14/2008,,123.007,Upper
4/15/2008,,122.764,Upper
4/16/2008,,121.802,Upper
4/17/2008,,120.572,Upper
4/18/2008,,120.965,Upper
4/19/2008,,122.127,Upper
4/20/2008,,122.501,Upper
4/21/2008,,120.84,Upper
4/22/2008,,120.691,Upper
4/23/2008,,122.102,Upper
4/24/2008,,122.882,Upper
4/25/2008,,122.501,Upper
4/26/2008,,120.472,Upper
4/27/2008,,118.137,Upper
4/28/2008,,116.564,Upper
4/29/2008,,116.251,Upper
4/30/2008,,117.556,Upper
5/1/2008,,119.311,Upper
5/2/2008,,118.593,Upper
5/3/2008,,117.094,Upper
5/4/2008,,116.245,Upper
5/5/2008,,116.195,Upper
5/6/2008,,116.72,Upper
5/7/2008,,116.564,Upper
5/8/2008,,115.714,Upper
5/9/2008,,115.215,Upper
5/10/2008,,114.503,Upper
5/11/2008,,114.147,Upper
5/12/2008,,114.541,Upper
5/13/2008,,114.291,Upper
5/14/2008,,113.336,Upper
5/15/2008,,112.324,Upper
5/16/2008,,111.514,Upper
5/17/2008,,110.527,Upper
5/18/2008,,109.39,Upper
5/19/2008,,107.811,Upper
5/20/2008,,108.51,Upper
5/21/2008,,111.169,Upper
5/22/2008,,113.267,Upper
5/23/2008,,113.611,Upper
5/24/2008,,111.507,Upper
5/25/2008,,109.546,Upper
5/26/2008,,108.042,Upper
5/27/2008,,107.905,Upper
5/28/2008,,109.198,Upper
5/29/2008,,109.846,Upper
5/30/2008,,108.822,Upper
5/31/2008,,107.818,Upper
6/1/2008,,107.418,Upper
6/2/2008,,107.512,Upper
6/3/2008,,108.211,Upper
6/4/2008,,108.061,Upper
6/5/2008,,108.56,Upper
6/6/2008,,108.623,Upper
6/7/2008,,107.693,Upper
6/8/2008,,106.868,Upper
6/9/2008,,106.463,Upper
6/10/2008,,106.307,Upper
6/11/2008,,107.043,Upper
6/12/2008,,107.206,Upper
6/13/2008,,105.752,Upper
6/14/2008,,104.01,Upper
6/15/2008,,102.524,Upper
6/16/2008,,100.876,Upper
6/17/2008,,100.495,Upper
6/18/2008,,99.822,Upper
6/19/2008,,99.191,Upper
6/20/2008,,98.964,Upper
6/21/2008,,99.679,Upper
6/22/2008,,98.736,Upper
6/23/2008,,97.681,Upper
6/24/2008,,97.712,Upper
6/25/2008,,98.792,Upper
6/26/2008,,100.496,Upper
6/27/2008,,100.158,Upper
6/28/2008,,99.504,Upper
6/29/2008,,99.335,Upper
6/30/2008,,97.755,Upper
7/1/2008,,97.681,Upper
7/2/2008,,97.612,Upper
7/3/2008,,97.681,Upper
7/4/2008,,97.699,Upper
7/5/2008,,97.706,Upper
7/6/2008,,97.706,Upper
7/7/2008,,96.6015,Upper
7/8/2008,,97.355,Upper
8/5/2008,,87.93,Upper
10/22/2008,,93.23,Upper
1/13/2009,,113.47,Upper
3/23/2009,,130.25,Upper
3/25/2009,,127.746,Upper
3/26/2009,,127.131,Upper
3/27/2009,,126.758,Upper
3/28/2009,,125.869,Upper
3/29/2009,,126.385,Upper
3/30/2009,,126.519,Upper
3/31/2009,,124.495,Upper
4/1/2009,,119.193,Upper
4/2/2009,,117.194,Upper
4/3/2009,,114.367,Upper
4/4/2009,,114.353,Upper
4/5/2009,,114.221,Upper
4/6/2009,,113.684,Upper
4/7/2009,,112.72,Upper
4/8/2009,,116.628,Upper
4/9/2009,,117.299,Upper
4/10/2009,,118.777,Upper
4/11/2009,,117.949,Upper
4/12/2009,,119.36,Upper
4/13/2009,,120.714,Upper
4/14/2009,,120.341,Upper
4/15/2009,,120.356,Upper
4/16/2009,,117.497,Upper
4/17/2009,,112.409,Upper
4/18/2009,,110.617,Upper
4/19/2009,,107.59,Upper
4/20/2009,,108.633,Upper
4/21/2009,,107.796,Upper
4/22/2009,,108.005,Upper
4/23/2009,,105.556,Upper
4/24/2009,,108.184,Upper
4/25/2009,,108.558,Upper
4/26/2009,,108.768,Upper
4/27/2009,,110.04,Upper
4/28/2009,,109.983,Upper
4/29/2009,,110.228,Upper
4/30/2009,,108.934,Upper
5/1/2009,,110.278,Upper
5/2/2009,,111.383,Upper
5/3/2009,,113.457,Upper
5/4/2009,,116.367,Upper
5/5/2009,,118.302,Upper
5/6/2009,,119.173,Upper
5/7/2009,,117.057,Upper
5/8/2009,,115.669,Upper
5/9/2009,,113.141,Upper
5/10/2009,,112.469,Upper
5/11/2009,,113.159,Upper
5/12/2009,,111.073,Upper
5/13/2009,,109.2925,Upper
5/14/2009,,107.759,Upper
5/15/2009,,106.447,Upper
5/16/2009,,105.753,Upper
5/17/2009,,105.542,Upper
5/18/2009,,107.495,Upper
5/19/2009,,106.006,Upper
5/20/2009,,105.903,Upper
5/21/2009,,105.236,Upper
5/22/2009,,103.504,Upper
5/23/2009,,103.088,Upper
5/24/2009,,102.97,Upper
5/25/2009,,105.758,Upper
5/26/2009,,107.455,Upper
5/27/2009,,106.582,Upper
5/28/2009,,107.097,Upper
5/29/2009,,106.36,Upper
5/30/2009,,104.974,Upper
5/31/2009,,103.937,Upper
6/1/2009,,105.14,Upper
6/2/2009,,105.563,Upper
6/3/2009,,105.725,Upper
6/4/2009,,106.67,Upper
6/5/2009,,104.136,Upper
6/6/2009,,105.397,Upper
6/7/2009,,103.872,Upper
6/8/2009,,104.936,Upper
6/9/2009,,102.804,Upper
6/10/2009,,101.598,Upper
6/11/2009,,101.214,Upper
6/12/2009,,102.521,Upper
6/13/2009,,101.858,Upper
6/14/2009,,102.921,Upper
6/15/2009,,104.359,Upper
6/16/2009,,102.587,Upper
6/17/2009,,102.095,Upper
6/18/2009,,101.288,Upper
6/19/2009,,100.668,Upper
6/20/2009,,99.87,Upper
6/21/2009,,100.644,Upper
6/22/2009,,101.592,Upper
6/23/2009,,100.628,Upper
6/24/2009,,100.35,Upper
6/25/2009,,99.921,Upper
6/26/2009,,100.242,Upper
6/27/2009,,100.598,Upper
6/28/2009,,100.335,Upper
6/29/2009,,102.334,Upper
6/30/2009,,101.457,Upper
7/1/2009,,100.454,Upper
7/2/2009,,101.622,Upper
7/3/2009,,98.663,Upper
7/4/2009,,96.949,Upper
7/5/2009,,96.455,Upper
7/6/2009,,99.107,Upper
7/7/2009,,99.244,Upper
7/8/2009,,99.881,Upper
7/9/2009,,98.726,Upper
7/10/2009,,96.666,Upper
7/11/2009,,95.457,Upper
7/12/2009,,95.546,Upper
7/13/2009,,98.552,Upper
7/14/2009,,98.946,Upper
7/15/2009,,97.878,Upper
7/16/2009,,96.638,Upper
7/17/2009,,96.404,Upper
7/18/2009,,96.749,Upper
7/19/2009,,98.358,Upper
7/20/2009,,98.712,Upper
7/21/2009,,97.326,Upper
7/22/2009,,96.552,Upper
7/23/2009,,97.342,Upper
7/24/2009,,96.436,Upper
7/25/2009,,95.897,Upper
7/26/2009,,97.404,Upper
7/27/2009,,98.352,Upper
7/28/2009,,98.12,Upper
7/29/2009,,98.719,Upper
7/30/2009,,97.81,Upper
7/31/2009,,96.781,Upper
8/1/2009,,97.113,Upper
8/2/2009,,97.043,Upper
8/3/2009,,98.634,Upper
8/4/2009,,98.861,Upper
8/5/2009,,95.7535,Upper
8/6/2009,,93.709,Upper
8/7/2009,,94.395,Upper
8/8/2009,,94.959,Upper
8/9/2009,,96.081,Upper
8/10/2009,,96.425,Upper
8/11/2009,,94.983,Upper
8/12/2009,,93.866,Upper
8/13/2009,,95.676,Upper
8/14/2009,,96.164,Upper
8/15/2009,,95.796,Upper
8/16/2009,,96.388,Upper
8/17/2009,,98.157,Upper
8/18/2009,,97.447,Upper
8/19/2009,,97.183,Upper
8/20/2009,,98.087,Upper
8/21/2009,,98.623,Upper
8/22/2009,,98.903,Upper
8/23/2009,,98.552,Upper
8/24/2009,,99.599,Upper
8/25/2009,,99.403,Upper
8/26/2009,,100.325,Upper
8/27/2009,,100.831,Upper
8/28/2009,,101.184,Upper
8/29/2009,,101.326,Upper
8/30/2009,,98.919,Upper
8/31/2009,,97.397,Upper
9/1/2009,,98.961,Upper
9/2/2009,,98.7,Upper
9/3/2009,,99.805,Upper
9/4/2009,,100.447,Upper
9/5/2009,,100.327,Upper
9/6/2009,,100.017,Upper
9/7/2009,,101.67,Upper
9/8/2009,,102.364,Upper
9/9/2009,,101.548,Upper
9/10/2009,,101.647,Upper
9/11/2009,,99.287,Upper
9/12/2009,,99.315,Upper
9/13/2009,,100.505,Upper
9/14/2009,,101.752,Upper
9/15/2009,,102.5305,Upper
9/16/2009,,102.485,Upper
9/17/2009,,103.261,Upper
9/18/2009,,103.323,Upper
9/19/2009,,103.464,Upper
9/20/2009,,103.537,Upper
9/21/2009,,104.066,Upper
9/22/2009,,102.875,Upper
9/23/2009,,101.401,Upper
9/24/2009,,100.591,Upper
9/25/2009,,100.699,Upper
9/26/2009,,100.242,Upper
9/27/2009,,101.948,Upper
9/28/2009,,102.41,Upper
9/29/2009,,100.44,Upper
9/30/2009,,99.882,Upper
10/1/2009,,100.76,Upper
10/2/2009,,101.638,Upper
10/3/2009,,102.124,Upper
10/4/2009,,102.423,Upper
10/5/2009,,102.492,Upper
10/6/2009,,100.362,Upper
10/7/2009,,100.2,Upper
10/8/2009,,100.359,Upper
10/9/2009,,99.355,Upper
10/10/2009,,99.146,Upper
10/11/2009,,101.187,Upper
10/12/2009,,102.662,Upper
10/13/2009,,103.645,Upper
10/14/2009,,104.509,Upper
10/15/2009,,104.777,Upper
10/16/2009,,105.15,Upper
10/17/2009,,105.662,Upper
10/18/2009,,106.086,Upper
10/19/2009,,106.445,Upper
10/20/2009,,106.696,Upper
10/21/2009,,107.021,Upper
10/22/2009,,107.274,Upper
10/23/2009,,107.5565,Upper
10/24/2009,,107.788,Upper
10/25/2009,,108.039,Upper
10/26/2009,,108.242,Upper
10/27/2009,,108.438,Upper
10/28/2009,,108.478,Upper
10/29/2009,,108.554,Upper
10/30/2009,,108.7,Upper
10/31/2009,,108.829,Upper
11/1/2009,,109.109,Upper
11/2/2009,,109.377,Upper
11/3/2009,,109.572,Upper
11/4/2009,,109.574,Upper
11/5/2009,,109.342,Upper
11/6/2009,,109.017,Upper
11/7/2009,,109.211,Upper
11/8/2009,,109.482,Upper
11/9/2009,,109.691,Upper
11/10/2009,,109.813,Upper
11/11/2009,,110.031,Upper
11/12/2009,,109.985,Upper
11/13/2009,,110.171,Upper
11/14/2009,,110.354,Upper
11/15/2009,,110.362,Upper
11/16/2009,,110.526,Upper
11/17/2009,,110.622,Upper
11/18/2009,,110.766,Upper
11/19/2009,,110.918,Upper
11/20/2009,,111.177,Upper
11/21/2009,,111.39,Upper
11/22/2009,,111.527,Upper
11/23/2009,,111.617,Upper
11/24/2009,,111.776,Upper
11/25/2009,,111.404,Upper
11/26/2009,,111.082,Upper
11/27/2009,,111.565,Upper
11/28/2009,,111.877,Upper
11/29/2009,,112.082,Upper
11/30/2009,,112.295,Upper
12/1/2009,,111.193,Upper
12/2/2009,,110.04,Upper
12/3/2009,,111.377,Upper
12/4/2009,,111.857,Upper
12/5/2009,,112.491,Upper
12/6/2009,,113.235,Upper
12/7/2009,,113.736,Upper
12/8/2009,,113.994,Upper
12/9/2009,,113.577,Upper
12/10/2009,,113.314,Upper
12/11/2009,,113.152,Upper
12/12/2009,,113.696,Upper
12/13/2009,,114.294,Upper
12/14/2009,,114.652,Upper
12/15/2009,,114.765,Upper
12/16/2009,,114.983,Upper
12/17/2009,,115.113,Upper
12/18/2009,,115.293,Upper
12/19/2009,,115.488,Upper
12/20/2009,,115.659,Upper
12/21/2009,,115.841,Upper
12/22/2009,,116.078,Upper
12/23/2009,,116.051,Upper
12/24/2009,,116.141,Upper
12/25/2009,,116.276,Upper
12/26/2009,,116.45,Upper
12/27/2009,,116.547,Upper
12/28/2009,,116.591,Upper
12/29/2009,,116.747,Upper
12/30/2009,,116.841,Upper
12/31/2009,,116.855,Upper
1/1/2010,,116.937,Upper
1/2/2010,,117.078,Upper
1/3/2010,,117.217,Upper
1/4/2010,,117.365,Upper
1/5/2010,,117.477,Upper
1/6/2010,,117.581,Upper
1/7/2010,,117.708,Upper
1/8/2010,,117.798,Upper
1/9/2010,,117.842,Upper
1/10/2010,,117.955,Upper
1/11/2010,,118.046,Upper
1/12/2010,,118.244,Upper
1/13/2010,,118.472,Upper
1/14/2010,,118.35,Upper
1/15/2010,,118.433,Upper
1/16/2010,,118.581,Upper
1/17/2010,,118.77,Upper
1/18/2010,,118.988,Upper
1/19/2010,,119.401,Upper
1/20/2010,,119.613,Upper
1/21/2010,,120.08,Upper
1/22/2010,,120.225,Upper
1/23/2010,,120.007,Upper
1/24/2010,,119.775,Upper
1/25/2010,,119.797,Upper
1/26/2010,,120.032,Upper
1/27/2010,,120.075,Upper
1/28/2010,,120.06,Upper
1/29/2010,,120.128,Upper
1/30/2010,,120.295,Upper
1/31/2010,,120.342,Upper
2/1/2010,,120.477,Upper
2/2/2010,,120.601,Upper
2/3/2010,,120.767,Upper
2/4/2010,,120.846,Upper
2/5/2010,,121.106,Upper
2/6/2010,,121.22,Upper
2/7/2010,,121.261,Upper
2/8/2010,,121.312,Upper
2/9/2010,,121.412,Upper
2/10/2010,,121.5,Upper
2/11/2010,,121.479,Upper
2/12/2010,,121.541,Upper
2/13/2010,,121.587,Upper
2/14/2010,,121.668,Upper
2/15/2010,,121.777,Upper
2/16/2010,,121.903,Upper
2/17/2010,,122.021,Upper
2/18/2010,,122.167,Upper
2/19/2010,,122.177,Upper
2/20/2010,,122.269,Upper
2/21/2010,,122.382,Upper
2/22/2010,,122.392,Upper
2/23/2010,,122.384,Upper
2/24/2010,,122.57,Upper
2/25/2010,,122.394,Upper
2/26/2010,,122.328,Upper
2/27/2010,,122.598,Upper
2/28/2010,,122.823,Upper
3/1/2010,,122.858,Upper
3/2/2010,,122.969,Upper
3/3/2010,,123.138,Upper
3/4/2010,,123.259,Upper
3/5/2010,,123.255,Upper
3/6/2010,,123.41,Upper
3/7/2010,,123.547,Upper
3/8/2010,,123.625,Upper
3/9/2010,,123.572,Upper
3/10/2010,,123.203,Upper
3/11/2010,,123.16,Upper
3/12/2010,,122.75,Upper
3/13/2010,,123.191,Upper
3/14/2010,,122.355,Upper
3/15/2010,,122.749,Upper
3/16/2010,,122.902,Upper
3/17/2010,,123.09,Upper
3/18/2010,,123.342,Upper
3/19/2010,,122.817,Upper
3/20/2010,,122.579,Upper
3/21/2010,,123.167,Upper
3/22/2010,,123.426,Upper
3/23/2010,,123.5245,Upper
8/3/2010,,103.86,Upper
10/18/2010,,109.23,Upper
4/5/2011,,124.36,Upper
8/3/2011,,104.35,Upper
8/7/2011,,101.719,Upper
8/8/2011,,103.259,Upper
8/9/2011,,102.958,Upper
8/10/2011,,103.076,Upper
8/11/2011,,103.579,Upper
8/12/2011,,103.989,Upper
8/13/2011,,104.763,Upper
8/14/2011,,104.621,Upper
8/15/2011,,105.713,Upper
8/16/2011,,104.201,Upper
8/17/2011,,103.934,Upper
8/18/2011,,104.155,Upper
8/19/2011,,103.313,Upper
8/20/2011,,103.985,Upper
8/21/2011,,104.111,Upper
8/22/2011,,105.065,Upper
8/23/2011,,105.357,Upper
8/24/2011,,105.631,Upper
8/25/2011,,105.749,Upper
8/26/2011,,105.453,Upper
8/27/2011,,103.914,Upper
8/28/2011,,103.515,Upper
8/29/2011,,103.366,Upper
8/30/2011,,103.857,Upper
8/31/2011,,103.17,Upper
9/1/2011,,104.3,Upper
9/2/2011,,104.236,Upper
9/3/2011,,105.081,Upper
9/4/2011,,105.002,Upper
9/5/2011,,105.353,Upper
9/6/2011,,105.383,Upper
9/7/2011,,104.256,Upper
9/8/2011,,104.833,Upper
9/9/2011,,105.674,Upper
9/10/2011,,106.161,Upper
9/11/2011,,106.471,Upper
9/12/2011,,106.348,Upper
9/13/2011,,105.868,Upper
9/14/2011,,105.68,Upper
9/15/2011,,105.977,Upper
9/16/2011,,105.814,Upper
9/17/2011,,105.807,Upper
9/18/2011,,106.032,Upper
9/19/2011,,106.247,Upper
9/20/2011,,106.222,Upper
9/21/2011,,106.23,Upper
9/22/2011,,106.498,Upper
9/23/2011,,106.739,Upper
9/24/2011,,106.616,Upper
9/25/2011,,106.383,Upper
9/26/2011,,106.318,Upper
9/27/2011,,106.264,Upper
9/28/2011,,106.112,Upper
9/29/2011,,106.285,Upper
9/30/2011,,106.447,Upper
10/1/2011,,106.659,Upper
10/2/2011,,106.879,Upper
10/3/2011,,107.117,Upper
10/4/2011,,107.412,Upper
10/5/2011,,107.992,Upper
10/6/2011,,108.313,Upper
10/7/2011,,108.538,Upper
10/8/2011,,108.766,Upper
10/9/2011,,109.072,Upper
10/10/2011,,109.368,Upper
10/11/2011,,109.616,Upper
10/12/2011,,109.77,Upper
10/13/2011,,109.994,Upper
10/14/2011,,110.25,Upper
10/15/2011,,110.464,Upper
10/16/2011,,110.62,Upper
10/17/2011,,110.671,Upper
10/18/2011,,110.832,Upper
10/19/2011,,111.052,Upper
10/20/2011,,111.177,Upper
10/21/2011,,111.283,Upper
10/22/2011,,111.335,Upper
10/23/2011,,111.474,Upper
10/24/2011,,111.661,Upper
10/25/2011,,111.758,Upper
10/26/2011,,111.803,Upper
10/27/2011,,111.902,Upper
10/28/2011,,111.987,Upper
10/29/2011,,111.991,Upper
10/30/2011,,112.049,Upper
10/31/2011,,112.101,Upper
11/1/2011,,112.176,Upper
11/2/2011,,112.218,Upper
11/3/2011,,112.397,Upper
11/4/2011,,112.553,Upper
11/5/2011,,112.473,Upper
11/6/2011,,112.467,Upper
11/7/2011,,112.578,Upper
11/8/2011,,112.125,Upper
11/9/2011,,111.909,Upper
11/10/2011,,112.062,Upper
11/11/2011,,112.421,Upper
11/12/2011,,112.452,Upper
11/13/2011,,112.78,Upper
11/14/2011,,113.005,Upper
11/15/2011,,113.136,Upper
11/16/2011,,113.188,Upper
11/17/2011,,113.209,Upper
11/18/2011,,112.912,Upper
11/19/2011,,112.955,Upper
11/20/2011,,112.898,Upper
11/21/2011,,112.998,Upper
11/22/2011,,113.145,Upper
11/23/2011,,113.505,Upper
11/24/2011,,113.834,Upper
11/25/2011,,113.905,Upper
11/26/2011,,113.956,Upper
11/27/2011,,114.094,Upper
11/28/2011,,114.264,Upper
11/29/2011,,114.451,Upper
11/30/2011,,114.6,Upper
12/1/2011,,114.636,Upper
12/2/2011,,114.854,Upper
12/3/2011,,114.992,Upper
12/4/2011,,115.006,Upper
12/5/2011,,115.097,Upper
12/6/2011,,115.143,Upper
12/7/2011,,115.187,Upper
12/8/2011,,115.37,Upper
12/9/2011,,115.451,Upper
12/10/2011,,115.528,Upper
12/11/2011,,115.719,Upper
12/12/2011,,115.891,Upper
12/13/2011,,115.984,Upper
12/14/2011,,115.918,Upper
12/15/2011,,115.898,Upper
12/16/2011,,115.67,Upper
12/17/2011,,114.353,Upper
12/18/2011,,114.13,Upper
12/19/2011,,115.087,Upper
12/20/2011,,113.931,Upper
12/21/2011,,113.049,Upper
12/22/2011,,112.767,Upper
12/23/2011,,113.594,Upper
12/24/2011,,113.803,Upper
12/25/2011,,114.195,Upper
12/26/2011,,114.587,Upper
12/27/2011,,114.346,Upper
12/28/2011,,113.136,Upper
12/29/2011,,112.66,Upper
12/30/2011,,112.288,Upper
12/31/2011,,112.818,Upper
1/1/2012,,113.962,Upper
1/2/2012,,114.521,Upper
1/3/2012,,114.809,Upper
1/4/2012,,114.034,Upper
1/5/2012,,114.475,Upper
1/6/2012,,114.853,Upper
1/7/2012,,114.767,Upper
1/8/2012,,114.754,Upper
1/9/2012,,114.984,Upper
1/10/2012,,114.899,Upper
1/11/2012,,115.109,Upper
1/12/2012,,115.144,Upper
1/13/2012,,115.219,Upper
1/14/2012,,115.321,Upper
1/15/2012,,115.54,Upper
1/16/2012,,115.69,Upper
1/17/2012,,115.715,Upper
1/18/2012,,115.814,Upper
1/19/2012,,115.979,Upper
1/20/2012,,116.243,Upper
1/21/2012,,116.668,Upper
1/22/2012,,116.575,Upper
1/23/2012,,116.842,Upper
1/24/2012,,116.829,Upper
1/25/2012,,116.739,Upper
1/26/2012,,116.854,Upper
1/27/2012,,116.981,Upper
1/28/2012,,117.069,Upper
1/29/2012,,117.182,Upper
1/30/2012,,117.367,Upper
1/31/2012,,117.538,Upper
2/1/2012,,117.629,Upper
2/2/2012,,117.622,Upper
2/3/2012,,117.835,Upper
2/4/2012,,117.907,Upper
2/5/2012,,117.974,Upper
2/6/2012,,118.101,Upper
2/7/2012,,118.319,Upper
2/8/2012,,118.309,Upper
2/9/2012,,118.301,Upper
2/10/2012,,118.107,Upper
2/11/2012,,118.14,Upper
2/12/2012,,118.19,Upper
2/13/2012,,118.505,Upper
2/14/2012,,118.614,Upper
2/15/2012,,118.745,Upper
2/16/2012,,118.734,Upper
2/17/2012,,118.809,Upper
2/18/2012,,118.784,Upper
2/19/2012,,118.945,Upper
2/20/2012,,119.077,Upper
2/21/2012,,119.064,Upper
2/22/2012,,119.109,Upper
2/23/2012,,119.221,Upper
2/24/2012,,118.884,Upper
2/25/2012,,118.712,Upper
2/26/2012,,118.566,Upper
2/27/2012,,117.983,Upper
2/28/2012,,116.22,Upper
2/29/2012,,116.432,Upper
3/1/2012,,117.087,Upper
3/2/2012,,117.439,Upper
3/3/2012,,117.706,Upper
3/4/2012,,117.935,Upper
3/5/2012,,118.208,Upper
3/6/2012,,117.176,Upper
3/7/2012,,117.509,Upper
3/8/2012,,115.274,Upper
3/9/2012,,115.997,Upper
3/10/2012,,116.046,Upper
3/11/2012,,117.022,Upper
3/13/2012,,117.561,Upper
3/14/2012,,117.948,Upper
3/15/2012,,118.13,Upper
3/16/2012,,118.364,Upper
3/17/2012,,118.704,Upper
3/18/2012,,118.08,Upper
3/19/2012,,117.081,Upper
3/20/2012,,116.949,Upper
3/21/2012,,117.662,Upper
3/22/2012,,118.163,Upper
3/23/2012,,118.51,Upper
3/24/2012,,118.517,Upper
3/25/2012,,118.887,Upper
3/26/2012,,119.0215,Upper
3/27/2012,,119.068,Upper
3/28/2012,,119.366,Upper
3/29/2012,,119.398,Upper
3/30/2012,,119.48,Upper
3/31/2012,,119.714,Upper
4/1/2012,,119.839,Upper
4/2/2012,,119.344,Upper
4/3/2012,,119.367,Upper
4/4/2012,,119.729,Upper
4/5/2012,,119.827,Upper
4/6/2012,,118.465,Upper
4/7/2012,,117.806,Upper
4/8/2012,,118.346,Upper
4/9/2012,,118.965,Upper
4/10/2012,,118.963,Upper
4/11/2012,,119.291,Upper
4/12/2012,,119.583,Upper
4/13/2012,,119.839,Upper
4/14/2012,,120.008,Upper
4/15/2012,,120.015,Upper
4/16/2012,,120.061,Upper
4/17/2012,,120.163,Upper
4/18/2012,,119.829,Upper
4/19/2012,,119.737,Upper
4/20/2012,,120.041,Upper
4/21/2012,,120.166,Upper
4/22/2012,,119.538,Upper
4/23/2012,,118.981,Upper
4/24/2012,,118.838,Upper
4/25/2012,,119.298,Upper
4/26/2012,,119.152,Upper
4/27/2012,,118.738,Upper
4/28/2012,,119.049,Upper
4/29/2012,,118.05,Upper
4/30/2012,,117.667,Upper
5/1/2012,,117.207,Upper
5/2/2012,,116.862,Upper
5/3/2012,,116.468,Upper
5/4/2012,,116.482,Upper
5/5/2012,,115.182,Upper
5/6/2012,,115.508,Upper
5/7/2012,,115.875,Upper
5/8/2012,,115.89,Upper
5/9/2012,,114.66,Upper
5/10/2012,,113.574,Upper
5/11/2012,,112.362,Upper
5/12/2012,,110.61,Upper
5/13/2012,,110.182,Upper
5/14/2012,,109.573,Upper
5/15/2012,,109.096,Upper
5/16/2012,,109.816,Upper
5/17/2012,,110.126,Upper
5/18/2012,,107.812,Upper
5/19/2012,,106.879,Upper
5/20/2012,,105.933,Upper
5/21/2012,,107.198,Upper
5/22/2012,,107.119,Upper
5/23/2012,,107.429,Upper
5/24/2012,,109.302,Upper
5/25/2012,,109.646,Upper
5/26/2012,,108.573,Upper
5/27/2012,,107.587,Upper
5/28/2012,,107.804,Upper
5/29/2012,,107.751,Upper
5/30/2012,,105.814,Upper
5/31/2012,,105.006,Upper
6/1/2012,,105.245,Upper
6/2/2012,,106.225,Upper
6/3/2012,,106.429,Upper
6/4/2012,,106.122,Upper
6/5/2012,,106.205,Upper
6/6/2012,,105.771,Upper
6/7/2012,,105.639,Upper
6/8/2012,,105.16,Upper
6/9/2012,,104.585,Upper
6/10/2012,,104.081,Upper
6/11/2012,,105.021,Upper
6/12/2012,,104.77,Upper
6/13/2012,,103.385,Upper
6/14/2012,,102.447,Upper
6/15/2012,,102.065,Upper
6/16/2012,,102.184,Upper
6/17/2012,,101.286,Upper
6/18/2012,,101.577,Upper
6/19/2012,,100.781,Upper
6/20/2012,,100.452,Upper
6/21/2012,,98.949,Upper
6/22/2012,,98.382,Upper
6/23/2012,,98.688,Upper
6/24/2012,,98.951,Upper
6/25/2012,,99.7,Upper
6/26/2012,,99.773,Upper
6/27/2012,,99.573,Upper
6/28/2012,,99.38,Upper
6/29/2012,,99.808,Upper
6/30/2012,,99.864,Upper
7/1/2012,,99.841,Upper
7/2/2012,,100.942,Upper
7/3/2012,,100.843,Upper
7/4/2012,,99.822,Upper
7/5/2012,,99.924,Upper
7/6/2012,,100.889,Upper
7/7/2012,,101.289,Upper
7/8/2012,,100.116,Upper
7/9/2012,,100.16,Upper
7/10/2012,,100.01,Upper
7/11/2012,,100.087,Upper
7/12/2012,,98.733,Upper
7/13/2012,,98.965,Upper
7/14/2012,,99.301,Upper
7/15/2012,,97.363,Upper
7/16/2012,,97.903,Upper
7/17/2012,,98.579,Upper
7/18/2012,,99.149,Upper
7/19/2012,,99.699,Upper
7/20/2012,,99.951,Upper
7/21/2012,,99.382,Upper
7/22/2012,,99.282,Upper
7/23/2012,,99.292,Upper
7/24/2012,,99.81,Upper
7/25/2012,,100.244,Upper
7/26/2012,,100.449,Upper
7/27/2012,,100.016,Upper
7/28/2012,,99.629,Upper
7/29/2012,,98.873,Upper
7/30/2012,,98.769,Upper
7/31/2012,,99.682,Upper
8/1/2012,,100.281,Upper
8/2/2012,,100.108,Upper
8/3/2012,,100.045,Upper
8/4/2012,,99.735,Upper
8/5/2012,,99.414,Upper
8/6/2012,,99.245,Upper
8/7/2012,,99.245,Upper
8/8/2012,,99.533,Upper
8/9/2012,,99.031,Upper
8/10/2012,,99.524,Upper
8/11/2012,,99.845,Upper
8/12/2012,,98.727,Upper
8/13/2012,,98.05,Upper
8/14/2012,,98.455,Upper
8/15/2012,,98.709,Upper
8/16/2012,,98.981,Upper
8/17/2012,,99.241,Upper
8/18/2012,,99.468,Upper
8/19/2012,,99.676,Upper
8/20/2012,,99.881,Upper
8/21/2012,,100.146,Upper
8/22/2012,,100.19,Upper
8/23/2012,,100.244,Upper
8/24/2012,,100.074,Upper
8/25/2012,,100.672,Upper
8/26/2012,,98.76,Upper
8/27/2012,,99.866,Upper
8/28/2012,,100.228,Upper
8/29/2012,,100.644,Upper
8/30/2012,,100.701,Upper
8/31/2012,,100.52,Upper
9/1/2012,,100.171,Upper
9/2/2012,,99.425,Upper
9/3/2012,,99.155,Upper
9/4/2012,,99.487,Upper
9/5/2012,,99.872,Upper
9/6/2012,,100.198,Upper
9/7/2012,,100.57,Upper
9/8/2012,,99.343,Upper
9/9/2012,,99.671,Upper
9/10/2012,,100.515,Upper
9/11/2012,,101.183,Upper
9/12/2012,,101.516,Upper
9/13/2012,,101.534,Upper
9/14/2012,,101.652,Upper
9/15/2012,,101.835,Upper
9/16/2012,,101.647,Upper
9/17/2012,,101.494,Upper
9/18/2012,,101.603,Upper
9/19/2012,,101.533,Upper
9/20/2012,,101.427,Upper
9/21/2012,,101.594,Upper
9/22/2012,,101.752,Upper
9/23/2012,,101.685,Upper
9/24/2012,,101.678,Upper
9/25/2012,,101.19,Upper
9/26/2012,,100.409,Upper
9/27/2012,,99.95,Upper
9/28/2012,,99.593,Upper
9/29/2012,,99.743,Upper
9/30/2012,,100.976,Upper
10/1/2012,,101.777,Upper
10/2/2012,,102.229,Upper
10/3/2012,,102.287,Upper
10/4/2012,,102.134,Upper
10/5/2012,,101.909,Upper
10/6/2012,,102.008,Upper
10/7/2012,,102.195,Upper
10/8/2012,,102.492,Upper
10/9/2012,,102.687,Upper
10/10/2012,,102.76,Upper
10/11/2012,,102.577,Upper
10/12/2012,,102.261,Upper
10/13/2012,,101.92,Upper
10/14/2012,,101.8,Upper
10/15/2012,,101.899,Upper
10/16/2012,,102.319,Upper
10/17/2012,,102.606,Upper
3/19/2013,,111.02,Upper
7/5/2013,,93.432,Upper
7/6/2013,,93.068,Upper
7/7/2013,,91.787,Upper
7/8/2013,,91.597,Upper
7/9/2013,,91.702,Upper
7/10/2013,,91.768,Upper
7/11/2013,,91.778,Upper
7/12/2013,,91.841,Upper
7/13/2013,,91.386,Upper
7/14/2013,,90.005,Upper
7/15/2013,,89.946,Upper
7/16/2013,,90.279,Upper
7/17/2013,,90.536,Upper
7/18/2013,,91.054,Upper
7/19/2013,,91.71,Upper
7/20/2013,,91.859,Upper
7/21/2013,,91.373,Upper
7/22/2013,,91.222,Upper
7/23/2013,,91.028,Upper
7/24/2013,,91.228,Upper
7/25/2013,,90.836,Upper
7/26/2013,,90.778,Upper
7/27/2013,,90.471,Upper
7/28/2013,,89.995,Upper
7/29/2013,,89.761,Upper
7/30/2013,,90.296,Upper
7/31/2013,,90.97,Upper
8/1/2013,,91.488,Upper
8/2/2013,,91.951,Upper
8/3/2013,,92.192,Upper
8/4/2013,,91.734,Upper
8/5/2013,,91.311,Upper
8/6/2013,,91.045,Upper
8/7/2013,,91.125,Upper
8/8/2013,,91.445,Upper
8/9/2013,,92.673,Upper
8/10/2013,,92.813,Upper
8/11/2013,,93.016,Upper
8/12/2013,,92.925,Upper
8/13/2013,,93.054,Upper
8/14/2013,,93.082,Upper
8/15/2013,,93.14,Upper
8/16/2013,,93.226,Upper
8/17/2013,,93.218,Upper
8/18/2013,,92.915,Upper
8/19/2013,,92.099,Upper
8/20/2013,,91.761,Upper
8/21/2013,,92.353,Upper
8/22/2013,,92.907,Upper
8/23/2013,,93.181,Upper
8/24/2013,,93.268,Upper
8/25/2013,,92.464,Upper
8/26/2013,,92.248,Upper
8/27/2013,,93.002,Upper
8/28/2013,,93.461,Upper
8/29/2013,,93.626,Upper
8/30/2013,,93.761,Upper
8/31/2013,,93.732,Upper
9/1/2013,,92.436,Upper
9/2/2013,,92.437,Upper
9/3/2013,,92.26,Upper
9/4/2013,,92.264,Upper
9/5/2013,,92.459,Upper
9/6/2013,,93.612,Upper
9/7/2013,,94.197,Upper
9/8/2013,,93.936,Upper
9/9/2013,,94.058,Upper
9/10/2013,,94.392,Upper
9/11/2013,,94.432,Upper
9/12/2013,,93.973,Upper
9/13/2013,,93.749,Upper
9/14/2013,,93.653,Upper
9/15/2013,,93.754,Upper
9/16/2013,,93.154,Upper
9/17/2013,,92.711,Upper
9/18/2013,,92.787,Upper
9/19/2013,,92.397,Upper
9/20/2013,,92.779,Upper
9/21/2013,,92.894,Upper
9/22/2013,,93.579,Upper
9/23/2013,,94.097,Upper
9/24/2013,,94.99,Upper
9/25/2013,,95.677,Upper
9/26/2013,,96.158,Upper
9/27/2013,,96.499,Upper
9/28/2013,,96.645,Upper
9/29/2013,,96.862,Upper
9/30/2013,,97.16,Upper
10/1/2013,,97.195,Upper
10/2/2013,,96.872,Upper
10/3/2013,,96.561,Upper
10/4/2013,,96.413,Upper
10/5/2013,,96.724,Upper
10/6/2013,,96.335,Upper
10/7/2013,,95.486,Upper
10/8/2013,,95.249,Upper
10/9/2013,,95.664,Upper
10/10/2013,,96.063,Upper
10/11/2013,,95.653,Upper
10/12/2013,,94.751,Upper
10/13/2013,,94.101,Upper
10/14/2013,,93.641,Upper
10/15/2013,,94.029,Upper
10/16/2013,,94.5,Upper
10/17/2013,,94.688,Upper
10/18/2013,,94.722,Upper
10/19/2013,,95.072,Upper
10/20/2013,,94.228,Upper
10/21/2013,,95.456,Upper
10/22/2013,,95.437,Upper
10/23/2013,,96.007,Upper
10/24/2013,,96.316,Upper
10/25/2013,,96.414,Upper
10/26/2013,,96.18,Upper
10/27/2013,,96.124,Upper
10/28/2013,,96.535,Upper
10/29/2013,,96.992,Upper
10/30/2013,,97.236,Upper
10/31/2013,,97.452,Upper
11/1/2013,,97.693,Upper
11/2/2013,,97.949,Upper
11/3/2013,,97.111,Upper
11/4/2013,,96.911,Upper
11/5/2013,,97.378,Upper
11/6/2013,,97.635,Upper
11/7/2013,,97.76,Upper
11/8/2013,,97.925,Upper
11/9/2013,,98.237,Upper
11/10/2013,,98.449,Upper
11/11/2013,,98.634,Upper
11/12/2013,,98.821,Upper
11/13/2013,,98.96,Upper
11/14/2013,,99.115,Upper
11/15/2013,,99.392,Upper
11/16/2013,,99.59,Upper
11/17/2013,,98.477,Upper
11/18/2013,,97.57,Upper
11/19/2013,,97.708,Upper
11/20/2013,,98.349,Upper
11/21/2013,,98.93,Upper
11/22/2013,,99.186,Upper
11/23/2013,,99.524,Upper
11/24/2013,,99.766,Upper
11/25/2013,,99.881,Upper
11/26/2013,,100.026,Upper
11/27/2013,,100.21,Upper
11/28/2013,,100.503,Upper
11/29/2013,,100.6,Upper
11/30/2013,,100.665,Upper
12/1/2013,,100.745,Upper
12/2/2013,,100.76,Upper
12/3/2013,,100.791,Upper
12/4/2013,,100.686,Upper
12/5/2013,,100.582,Upper
12/6/2013,,100.52,Upper
12/7/2013,,100.708,Upper
12/8/2013,,100.873,Upper
12/9/2013,,100.823,Upper
12/10/2013,,100.702,Upper
12/11/2013,,100.962,Upper
12/12/2013,,101.21,Upper
12/13/2013,,101.376,Upper
12/14/2013,,101.461,Upper
12/15/2013,,101.234,Upper
12/16/2013,,101.304,Upper
12/17/2013,,101.389,Upper
12/18/2013,,100.942,Upper
12/19/2013,,101.178,Upper
12/20/2013,,101.15,Upper
12/21/2013,,101.168,Upper
12/22/2013,,101.041,Upper
12/23/2013,,100.875,Upper
12/24/2013,,100.264,Upper
12/25/2013,,100.35,Upper
12/26/2013,,100.855,Upper
12/27/2013,,100.886,Upper
12/28/2013,,101.216,Upper
12/29/2013,,99.924,Upper
12/30/2013,,99.271,Upper
12/31/2013,,99.997,Upper
1/1/2014,,100.428,Upper
1/2/2014,,100.571,Upper
1/3/2014,,100.231,Upper
1/4/2014,,99.891,Upper
1/5/2014,,99.822,Upper
1/6/2014,,99.773,Upper
1/7/2014,,100.328,Upper
1/8/2014,,100.636,Upper
1/9/2014,,100.707,Upper
1/10/2014,,100.521,Upper
1/11/2014,,100.36,Upper
1/12/2014,,100.456,Upper
1/13/2014,,100.585,Upper
1/14/2014,,100.554,Upper
1/15/2014,,99.884,Upper
1/16/2014,,99.121,Upper
1/17/2014,,98.897,Upper
1/18/2014,,99.181,Upper
1/19/2014,,99.173,Upper
1/20/2014,,99.156,Upper
1/21/2014,,99.141,Upper
1/22/2014,,99.727,Upper
1/23/2014,,99.811,Upper
1/24/2014,,99.187,Upper
1/25/2014,,98.077,Upper
1/26/2014,,98.64,Upper
1/27/2014,,99.039,Upper
1/28/2014,,98.558,Upper
1/29/2014,,98.908,Upper
1/30/2014,,99.179,Upper
1/31/2014,,99.414,Upper
2/1/2014,,99.365,Upper
2/2/2014,,99.074,Upper
2/3/2014,,98.886,Upper
2/4/2014,,99.599,Upper
2/5/2014,,99.754,Upper
2/6/2014,,99.555,Upper
2/7/2014,,100.213,Upper
2/8/2014,,100.629,Upper
2/9/2014,,100.95,Upper
2/10/2014,,101.272,Upper
2/11/2014,,101.392,Upper
2/12/2014,,101.588,Upper
2/13/2014,,101.812,Upper
2/14/2014,,102.038,Upper
2/15/2014,,102.224,Upper
2/16/2014,,102.334,Upper
2/17/2014,,102.328,Upper
2/18/2014,,101.622,Upper
2/19/2014,,101.897,Upper
2/20/2014,,102.182,Upper
2/21/2014,,101.591,Upper
2/22/2014,,101.298,Upper
2/23/2014,,101.57,Upper
2/24/2014,,102.142,Upper
2/25/2014,,102.295,Upper
2/26/2014,,102.341,Upper
2/27/2014,,102.853,Upper
2/28/2014,,103.033,Upper
3/1/2014,,104.079,Upper
3/2/2014,,104.404,Upper
3/3/2014,,104.48,Upper
3/4/2014,,104.66,Upper
3/5/2014,,104.785,Upper
3/6/2014,,104.964,Upper
3/7/2014,,105.005,Upper
3/8/2014,,105.108,Upper
3/9/2014,,105.167,Upper
3/11/2014,,105.37,Upper
3/12/2014,,105.47,Upper
3/13/2014,,105.65,Upper
3/14/2014,,105.756,Upper
3/15/2014,,105.746,Upper
3/16/2014,,105.774,Upper
3/17/2014,,105.957,Upper
3/18/2014,,106.047,Upper
3/19/2014,,105.963,Upper
3/20/2014,,105.888,Upper
3/21/2014,,105.534,Upper
3/22/2014,,104.717,Upper
3/23/2014,,104.338,Upper
3/24/2014,,103.814,Upper
3/25/2014,,103.166,Upper
3/26/2014,,103.922,Upper
3/27/2014,,104.449,Upper
3/28/2014,,104.72,Upper
3/29/2014,,105.012,Upper
3/30/2014,,105.283,Upper
3/31/2014,,105.439,Upper
4/1/2014,,105.739,Upper
4/2/2014,,105.702,Upper
4/3/2014,,105.678,Upper
4/4/2014,,105.88,Upper
4/5/2014,,106.013,Upper
4/6/2014,,106.037,Upper
4/7/2014,,106.155,Upper
4/8/2014,,106.123,Upper
4/9/2014,,105.971,Upper
4/10/2014,,105.759,Upper
4/11/2014,,104.94,Upper
4/12/2014,,104.428,Upper
4/13/2014,,104.112,Upper
4/14/2014,,104.421,Upper
4/15/2014,,102.697,Upper
4/16/2014,,101.492,Upper
4/17/2014,,101.175,Upper
4/18/2014,,100.459,Upper
4/19/2014,,99.635,Upper
4/20/2014,,99.316,Upper
4/21/2014,,100.176,Upper
4/22/2014,,99.325,Upper
4/23/2014,,98.738,Upper
4/24/2014,,98.738,Upper
4/25/2014,,97.643,Upper
4/26/2014,,97.542,Upper
4/27/2014,,97.511,Upper
4/28/2014,,97.678,Upper
4/29/2014,,93.743,Upper
4/30/2014,,91.799,Upper
5/1/2014,,91.122,Upper
5/2/2014,,89.439,Upper
5/3/2014,,88.418,Upper
5/4/2014,,88.503,Upper
5/5/2014,,88.636,Upper
5/6/2014,,87.908,Upper
5/7/2014,,90.28,Upper
5/8/2014,,91.15,Upper
5/9/2014,,90.498,Upper
5/10/2014,,89.966,Upper
5/11/2014,,90.149,Upper
5/12/2014,,90.504,Upper
5/13/2014,,89.484,Upper
5/14/2014,,88.677,Upper
5/15/2014,,89.584,Upper
5/16/2014,,89.04,Upper
5/17/2014,,88.15,Upper
5/18/2014,,87.865,Upper
5/19/2014,,88.376,Upper
5/20/2014,,88.709,Upper
5/21/2014,,87.939,Upper
5/22/2014,,88.47,Upper
5/23/2014,,87.08,Upper
5/24/2014,,87.759,Upper
5/25/2014,,86.848,Upper
5/26/2014,,86.087,Upper
5/27/2014,,86.023,Upper
5/28/2014,,85.653,Upper
5/29/2014,,84.959,Upper
5/30/2014,,84.544,Upper
5/31/2014,,84.077,Upper
6/1/2014,,83.395,Upper
6/2/2014,,83.734,Upper
6/3/2014,,82.847,Upper
6/4/2014,,83.63,Upper
6/5/2014,,83.938,Upper
6/6/2014,,84.335,Upper
6/7/2014,,84.816,Upper
6/8/2014,,82.624,Upper
6/9/2014,,82.726,Upper
6/10/2014,,82.29,Upper
6/11/2014,,82.745,Upper
6/12/2014,,83.018,Upper
6/13/2014,,81.443,Upper
6/14/2014,,81.211,Upper
6/15/2014,,81.936,Upper
6/16/2014,,81.065,Upper
6/17/2014,,81.313,Upper
6/18/2014,,81.746,Upper
6/19/2014,,82.084,Upper
6/20/2014,,82.258,Upper
6/21/2014,,82.649,Upper
6/22/2014,,80.909,Upper
6/23/2014,,79.693,Upper
6/24/2014,,80.026,Upper
6/25/2014,,80.592,Upper
6/26/2014,,81.848,Upper
6/27/2014,,81.462,Upper
6/28/2014,,80.391,Upper
6/29/2014,,79.945,Upper
6/30/2014,,79.485,Upper
7/1/2014,,79.602,Upper
7/2/2014,,80.233,Upper
7/3/2014,,79.686,Upper
7/4/2014,,79.872,Upper
7/5/2014,,78.69,Upper
7/6/2014,,78.52,Upper
7/7/2014,,78.399,Upper
7/8/2014,,77.634,Upper
7/9/2014,,77.765,Upper
7/10/2014,,77.035,Upper
7/11/2014,,77.521,Upper
7/12/2014,,76.78,Upper
7/13/2014,,76.645,Upper
7/14/2014,,76.356,Upper
7/15/2014,,76.024,Upper
7/16/2014,,77.212,Upper
7/17/2014,,77.314,Upper
7/18/2014,,77.731,Upper
7/19/2014,,76.876,Upper
7/20/2014,,76.824,Upper
7/21/2014,,76.54,Upper
7/22/2014,,75.512,Upper
7/23/2014,,76.221,Upper
7/24/2014,,76.302,Upper
7/25/2014,,77.62,Upper
7/26/2014,,76.986,Upper
7/27/2014,,76.097,Upper
7/28/2014,,75.818,Upper
7/29/2014,,74.973,Upper
7/30/2014,,75.459,Upper
7/31/2014,,74.896,Upper
8/1/2014,,75.382,Upper
8/2/2014,,74.57,Upper
8/3/2014,,74.013,Upper
8/4/2014,,72.496,Upper
8/5/2014,,72.015,Upper
8/6/2014,,73.4815,Upper
8/7/2014,,74.152,Upper
8/8/2014,,75.046,Upper
8/9/2014,,75.928,Upper
8/10/2014,,75.515,Upper
8/11/2014,,75.22,Upper
8/12/2014,,76.287,Upper
8/13/2014,,76.47,Upper
8/14/2014,,76.006,Upper
8/15/2014,,76.025,Upper
8/16/2014,,76.2,Upper
8/17/2014,,75.12,Upper
8/18/2014,,74.64,Upper
8/19/2014,,76.052,Upper
8/20/2014,,76.045,Upper
8/21/2014,,75.54,Upper
8/22/2014,,76.217,Upper
8/23/2014,,76.672,Upper
8/24/2014,,76.063,Upper
8/25/2014,,76.011,Upper
8/26/2014,,76.24,Upper
8/27/2014,,76.429,Upper
8/28/2014,,76.58,Upper
8/29/2014,,75.594,Upper
8/30/2014,,75.566,Upper
8/31/2014,,74.648,Upper
9/1/2014,,74.154,Upper
9/2/2014,,73.556,Upper
9/3/2014,,73.085,Upper
9/4/2014,,73.94,Upper
9/5/2014,,74.362,Upper
9/6/2014,,74.14,Upper
9/7/2014,,74.403,Upper
9/8/2014,,74.905,Upper
9/9/2014,,75.888,Upper
9/10/2014,,76.609,Upper
9/11/2014,,76.57,Upper
9/12/2014,,76.638,Upper
9/13/2014,,76.319,Upper
9/14/2014,,76.204,Upper
9/15/2014,,75.604,Upper
9/16/2014,,75.551,Upper
9/17/2014,,75.558,Upper
9/18/2014,,76.221,Upper
9/19/2014,,77.04,Upper
9/20/2014,,77.081,Upper
9/21/2014,,77.072,Upper
9/22/2014,,76.95,Upper
9/23/2014,,77.151,Upper
9/24/2014,,77.053,Upper
9/25/2014,,77.05,Upper
9/26/2014,,77.421,Upper
9/27/2014,,78.805,Upper
9/28/2014,,79.677,Upper
9/29/2014,,80.261,Upper
9/30/2014,,80.646,Upper
10/1/2014,,81.017,Upper
10/2/2014,,81.324,Upper
10/3/2014,,81.58,Upper
10/4/2014,,81.343,Upper
10/5/2014,,79.928,Upper
10/6/2014,,78.988,Upper
10/7/2014,,78.635,Upper
10/8/2014,,78.188,Upper
10/9/2014,,78.429,Upper
10/10/2014,,78.173,Upper
10/11/2014,,78.26,Upper
10/12/2014,,79.07,Upper
10/13/2014,,79.064,Upper
10/14/2014,,78.8635,Upper
3/17/2015,,87.16,Upper
6/3/2015,,72.64,Upper
6/5/2015,,71.867,Upper
6/6/2015,,71.393,Upper
6/7/2015,,70.721,Upper
6/8/2015,,70.637,Upper
6/9/2015,,71.357,Upper
6/10/2015,,71.528,Upper
6/11/2015,,72.052,Upper
6/12/2015,,71.747,Upper
6/13/2015,,70.953,Upper
6/14/2015,,69.738,Upper
6/15/2015,,70.053,Upper
6/16/2015,,69.897,Upper
6/17/2015,,69.827,Upper
6/18/2015,,69.65,Upper
6/19/2015,,69.27,Upper
6/20/2015,,68.546,Upper
6/21/2015,,67.237,Upper
6/22/2015,,66.418,Upper
6/23/2015,,66.95,Upper
6/24/2015,,67.425,Upper
6/25/2015,,67.751,Upper
6/26/2015,,67.682,Upper
6/27/2015,,67.374,Upper
6/28/2015,,66.504,Upper
6/29/2015,,65.724,Upper
6/30/2015,,66.377,Upper
7/1/2015,,66.564,Upper
7/2/2015,,66.773,Upper
7/3/2015,,66.192,Upper
7/4/2015,,66.198,Upper
7/5/2015,,65.34,Upper
7/6/2015,,64.914,Upper
7/7/2015,,65.441,Upper
7/8/2015,,65.532,Upper
7/9/2015,,65.65,Upper
7/10/2015,,65.641,Upper
7/11/2015,,65.615,Upper
7/12/2015,,65.309,Upper
7/13/2015,,65.14,Upper
7/14/2015,,65.607,Upper
7/15/2015,,65.52,Upper
7/16/2015,,65.319,Upper
7/17/2015,,65.831,Upper
7/18/2015,,65.9,Upper
7/19/2015,,65.068,Upper
7/20/2015,,64.588,Upper
7/21/2015,,64.853,Upper
7/22/2015,,65.129,Upper
7/23/2015,,64.601,Upper
7/24/2015,,64.846,Upper
7/25/2015,,64.734,Upper
7/26/2015,,64.157,Upper
7/27/2015,,63.244,Upper
7/28/2015,,63.134,Upper
7/29/2015,,63.78,Upper
7/30/2015,,63.827,Upper
7/31/2015,,64.261,Upper
8/1/2015,,64.563,Upper
8/2/2015,,64.36,Upper
8/3/2015,,64.491,Upper
8/4/2015,,64.606,Upper
8/5/2015,,64.831,Upper
8/6/2015,,64.501,Upper
8/7/2015,,64.046,Upper
8/8/2015,,63.601,Upper
8/9/2015,,63.335,Upper
8/10/2015,,64.036,Upper
8/11/2015,,63.772,Upper
8/12/2015,,63.892,Upper
8/13/2015,,64.345,Upper
8/14/2015,,64.227,Upper
8/15/2015,,63.996,Upper
8/16/2015,,63.515,Upper
8/17/2015,,63.657,Upper
8/18/2015,,64.561,Upper
8/19/2015,,64.919,Upper
8/20/2015,,65.102,Upper
8/21/2015,,64.642,Upper
8/22/2015,,64.599,Upper
8/23/2015,,64.052,Upper
8/24/2015,,63.673,Upper
8/25/2015,,64.635,Upper
8/26/2015,,65.144,Upper
8/27/2015,,65.303,Upper
8/28/2015,,65.704,Upper
8/29/2015,,66.064,Upper
8/30/2015,,65.662,Upper
8/31/2015,,65.553,Upper
9/1/2015,,66.026,Upper
9/2/2015,,65.812,Upper
9/3/2015,,65.922,Upper
9/4/2015,,66.16,Upper
9/5/2015,,65.835,Upper
9/6/2015,,65.789,Upper
9/7/2015,,65.904,Upper
9/8/2015,,65.849,Upper
9/9/2015,,65.138,Upper
9/10/2015,,65.346,Upper
9/11/2015,,65.37,Upper
9/12/2015,,65.257,Upper
9/13/2015,,65.559,Upper
9/14/2015,,66.156,Upper
9/15/2015,,66.537,Upper
9/16/2015,,66.863,Upper
9/17/2015,,67.08,Upper
9/18/2015,,66.317,Upper
9/19/2015,,65.82,Upper
9/20/2015,,65.581,Upper
9/21/2015,,65.833,Upper
9/22/2015,,67.013,Upper
9/23/2015,,67.782,Upper
9/24/2015,,68.41,Upper
9/25/2015,,69.198,Upper
9/26/2015,,69.016,Upper
9/27/2015,,68.645,Upper
9/28/2015,,67.369,Upper
9/29/2015,,66.691,Upper
9/30/2015,,66.299,Upper
10/1/2015,,66.169,Upper
10/2/2015,,66.352,Upper
10/3/2015,,67.431,Upper
10/4/2015,,67.507,Upper
10/5/2015,,67.591,Upper
10/6/2015,,66.875,Upper
10/7/2015,,66.284,Upper
10/8/2015,,66.127,Upper
10/9/2015,,66.517,Upper
10/10/2015,,67.022,Upper
10/11/2015,,66.994,Upper
10/12/2015,,67.073,Upper
10/13/2015,,67.37,Upper
10/14/2015,,67.818,Upper
10/15/2015,,68.138,Upper
10/16/2015,,68.277,Upper
10/17/2015,,68.206,Upper
10/18/2015,,68.195,Upper
10/19/2015,,68.456,Upper
10/20/2015,,68.501,Upper
10/21/2015,,68.569,Upper
10/22/2015,,68.719,Upper
10/23/2015,,68.728,Upper
10/24/2015,,68.583,Upper
10/25/2015,,68.701,Upper
10/26/2015,,69.15,Upper
10/27/2015,,69.644,Upper
10/28/2015,,69.788,Upper
10/29/2015,,70.044,Upper
10/30/2015,,69.903,Upper
10/31/2015,,69.402,Upper
11/1/2015,,69.263,Upper
11/2/2015,,69.482,Upper
11/3/2015,,70.085,Upper
11/4/2015,,70.694,Upper
11/5/2015,,70.986,Upper
11/6/2015,,71.206,Upper
11/7/2015,,71.52,Upper
11/8/2015,,71.87,Upper
11/9/2015,,72.152,Upper
11/10/2015,,72.385,Upper
11/11/2015,,72.403,Upper
11/12/2015,,72.584,Upper
11/13/2015,,72.783,Upper
11/14/2015,,73,Upper
11/15/2015,,73.3,Upper
11/16/2015,,73.397,Upper
11/17/2015,,73.345,Upper
11/18/2015,,73.498,Upper
11/19/2015,,73.775,Upper
11/20/2015,,73.931,Upper
11/21/2015,,74.125,Upper
11/22/2015,,74.27,Upper
11/23/2015,,74.499,Upper
11/24/2015,,74.494,Upper
11/25/2015,,74.427,Upper
11/26/2015,,74.414,Upper
11/27/2015,,74.485,Upper
11/28/2015,,74.66,Upper
11/29/2015,,74.807,Upper
11/30/2015,,74.922,Upper
12/1/2015,,75.074,Upper
12/2/2015,,75.162,Upper
12/3/2015,,75.397,Upper
12/4/2015,,75.604,Upper
12/5/2015,,75.588,Upper
12/6/2015,,75.718,Upper
12/7/2015,,75.773,Upper
12/8/2015,,75.947,Upper
12/9/2015,,76.085,Upper
12/10/2015,,76.451,Upper
12/11/2015,,76.622,Upper
12/12/2015,,76.63,Upper
12/13/2015,,76.632,Upper
12/14/2015,,76.799,Upper
12/15/2015,,76.794,Upper
12/16/2015,,76.834,Upper
12/17/2015,,76.911,Upper
12/18/2015,,77.02,Upper
12/19/2015,,77.322,Upper
12/20/2015,,77.346,Upper
12/21/2015,,77.413,Upper
12/22/2015,,77.767,Upper
12/23/2015,,77.846,Upper
12/24/2015,,77.844,Upper
12/25/2015,,77.871,Upper
12/26/2015,,77.666,Upper
12/27/2015,,77.723,Upper
12/28/2015,,77.939,Upper
12/29/2015,,78.151,Upper
12/30/2015,,78.168,Upper
12/31/2015,,78.187,Upper
1/1/2016,,78.303,Upper
1/2/2016,,78.42,Upper
1/3/2016,,78.602,Upper
1/4/2016,,78.812,Upper
1/5/2016,,79.069,Upper
1/6/2016,,79.129,Upper
1/7/2016,,79.212,Upper
1/8/2016,,79.099,Upper
1/9/2016,,79.064,Upper
1/10/2016,,79.092,Upper
1/11/2016,,79.11,Upper
1/12/2016,,79.103,Upper
1/13/2016,,79.371,Upper
1/14/2016,,79.438,Upper
1/15/2016,,79.666,Upper
1/16/2016,,79.623,Upper
1/17/2016,,79.701,Upper
1/18/2016,,79.897,Upper
1/19/2016,,79.896,Upper
1/20/2016,,80.001,Upper
1/21/2016,,79.986,Upper
1/22/2016,,80.191,Upper
1/23/2016,,80.401,Upper
1/24/2016,,80.318,Upper
1/25/2016,,80.275,Upper
1/26/2016,,80.292,Upper
1/27/2016,,80.286,Upper
1/28/2016,,80.363,Upper
1/29/2016,,80.513,Upper
1/30/2016,,80.768,Upper
1/31/2016,,80.871,Upper
2/1/2016,,80.946,Upper
2/2/2016,,80.878,Upper
2/3/2016,,80.754,Upper
2/4/2016,,80.66,Upper
2/5/2016,,80.644,Upper
2/6/2016,,80.703,Upper
2/7/2016,,80.781,Upper
2/8/2016,,81.033,Upper
2/9/2016,,81.2,Upper
2/10/2016,,81.338,Upper
2/11/2016,,81.471,Upper
2/12/2016,,81.564,Upper
2/13/2016,,81.64,Upper
2/14/2016,,81.66,Upper
2/15/2016,,81.698,Upper
2/16/2016,,81.768,Upper
2/17/2016,,82.121,Upper
2/18/2016,,82.403,Upper
2/19/2016,,82.086,Upper
2/20/2016,,82.031,Upper
2/21/2016,,82.044,Upper
2/22/2016,,82.054,Upper
2/23/2016,,82.193,Upper
2/24/2016,,82.285,Upper
2/25/2016,,82.305,Upper
2/26/2016,,82.381,Upper
2/27/2016,,82.402,Upper
2/28/2016,,82.406,Upper
2/29/2016,,82.458,Upper
3/1/2016,,82.489,Upper
3/2/2016,,82.549,Upper
3/3/2016,,82.542,Upper
3/4/2016,,82.653,Upper
3/5/2016,,82.842,Upper
3/6/2016,,83.201,Upper
3/7/2016,,83.177,Upper
3/8/2016,,83.089,Upper
3/9/2016,,83.034,Upper
3/10/2016,,83.159,Upper
3/11/2016,,83.321,Upper
3/12/2016,,83.429,Upper
3/13/2016,,83.453,Upper
3/14/2016,,83.564,Upper
3/15/2016,,83.425,Upper
3/16/2016,,83.6555,Upper
3/17/2016,,83.672,Upper
3/18/2016,,83.809,Upper
3/19/2016,,83.847,Upper
3/20/2016,,83.901,Upper
3/21/2016,,83.948,Upper
3/22/2016,,84.005,Upper
3/23/2016,,83.892,Upper
3/24/2016,,83.952,Upper
3/25/2016,,84.113,Upper
3/26/2016,,84.315,Upper
3/27/2016,,84.365,Upper
3/28/2016,,84.492,Upper
3/29/2016,,84.368,Upper
3/30/2016,,84.14,Upper
3/31/2016,,84.004,Upper
4/1/2016,,83.784,Upper
4/2/2016,,83.689,Upper
4/3/2016,,83.509,Upper
4/4/2016,,83.633,Upper
4/5/2016,,83.521,Upper
4/6/2016,,83.631,Upper
4/7/2016,,83.155,Upper
4/8/2016,,82.572,Upper
4/9/2016,,82.252,Upper
4/10/2016,,82.32,Upper
4/11/2016,,82.978,Upper
4/12/2016,,83.084,Upper
4/13/2016,,83.022,Upper
4/14/2016,,83.141,Upper
4/15/2016,,82.502,Upper
4/16/2016,,81.902,Upper
4/17/2016,,81.264,Upper
4/18/2016,,80.974,Upper
4/19/2016,,80.546,Upper
4/20/2016,,80.881,Upper
4/21/2016,,80.404,Upper
4/22/2016,,80.12,Upper
4/23/2016,,79.999,Upper
4/24/2016,,79.056,Upper
4/25/2016,,79.195,Upper
4/26/2016,,80.294,Upper
4/27/2016,,80.71,Upper
4/28/2016,,80.844,Upper
4/29/2016,,80.196,Upper
4/30/2016,,79.619,Upper
5/1/2016,,79.522,Upper
5/2/2016,,79.008,Upper
5/3/2016,,78.472,Upper
5/4/2016,,77.795,Upper
5/5/2016,,77.477,Upper
5/6/2016,,77.52,Upper
5/7/2016,,78.591,Upper
5/8/2016,,79.24,Upper
5/9/2016,,79.72,Upper
5/10/2016,,80.162,Upper
5/11/2016,,80.529,Upper
5/12/2016,,80.423,Upper
5/13/2016,,80.068,Upper
5/14/2016,,79.536,Upper
5/15/2016,,78.373,Upper
5/16/2016,,77.852,Upper
5/17/2016,,78.321,Upper
5/18/2016,,78.424,Upper
5/19/2016,,78.137,Upper
5/20/2016,,78.655,Upper
5/21/2016,,78.001,Upper
5/22/2016,,76.913,Upper
5/23/2016,,76.435,Upper
5/24/2016,,76.615,Upper
5/25/2016,,76.81,Upper
5/26/2016,,76.667,Upper
5/27/2016,,76.511,Upper
5/28/2016,,76.336,Upper
5/29/2016,,75.886,Upper
5/30/2016,,75.035,Upper
5/31/2016,,74.966,Upper
6/1/2016,,75.147,Upper
6/2/2016,,74.743,Upper
6/3/2016,,74.332,Upper
6/4/2016,,73.893,Upper
6/5/2016,,73.698,Upper
6/6/2016,,73.611,Upper
6/7/2016,,74.147,Upper
6/8/2016,,74.8395,Upper
6/9/2016,,74.284,Upper
6/10/2016,,74.35,Upper
6/11/2016,,73.938,Upper
6/12/2016,,74.174,Upper
6/13/2016,,73.663,Upper
6/14/2016,,73.15,Upper
6/15/2016,,72.82,Upper
6/16/2016,,72.686,Upper
6/17/2016,,72.532,Upper
6/18/2016,,72.192,Upper
6/19/2016,,71.4,Upper
6/20/2016,,71.454,Upper
6/21/2016,,71.698,Upper
6/22/2016,,71.908,Upper
6/23/2016,,71.699,Upper
6/24/2016,,71.484,Upper
6/25/2016,,71.389,Upper
6/26/2016,,71.771,Upper
6/27/2016,,71.288,Upper
6/28/2016,,71.27,Upper
6/29/2016,,71.487,Upper
6/30/2016,,70.959,Upper
7/1/2016,,70.693,Upper
7/2/2016,,70.402,Upper
7/3/2016,,70.075,Upper
7/4/2016,,69.735,Upper
7/5/2016,,69.414,Upper
7/6/2016,,69.97,Upper
7/7/2016,,70.008,Upper
7/8/2016,,70.205,Upper
7/9/2016,,70.449,Upper
7/10/2016,,70.02,Upper
7/11/2016,,69.788,Upper
7/12/2016,,70.048,Upper
7/13/2016,,70.097,Upper
7/14/2016,,69.921,Upper
7/15/2016,,69.856,Upper
7/16/2016,,69.337,Upper
7/17/2016,,68.874,Upper
7/18/2016,,68.682,Upper
7/19/2016,,68.812,Upper
7/20/2016,,69.135,Upper
7/21/2016,,69.305,Upper
7/22/2016,,69.311,Upper
7/23/2016,,69.175,Upper
7/24/2016,,69.06,Upper
7/25/2016,,68.982,Upper
7/26/2016,,68.898,Upper
7/27/2016,,69.156,Upper
7/28/2016,,69.01,Upper
7/29/2016,,68.79,Upper
7/30/2016,,68.421,Upper
7/31/2016,,68.472,Upper
8/1/2016,,68.338,Upper
8/2/2016,,68.152,Upper
8/3/2016,,68.3615,Upper
8/4/2016,,68.496,Upper
8/5/2016,,68.677,Upper
8/6/2016,,68.721,Upper
8/7/2016,,68.637,Upper
8/8/2016,,68.479,Upper
8/9/2016,,67.912,Upper
8/10/2016,,68.283,Upper
8/11/2016,,68.661,Upper
8/12/2016,,68.938,Upper
8/13/2016,,68.836,Upper
8/14/2016,,68.512,Upper
8/15/2016,,68.342,Upper
8/16/2016,,68.316,Upper
8/17/2016,,68.552,Upper
8/18/2016,,68.735,Upper
8/19/2016,,68.837,Upper
8/20/2016,,68.783,Upper
8/21/2016,,68.644,Upper
8/22/2016,,69.037,Upper
8/23/2016,,69.35,Upper
8/24/2016,,69.156,Upper
8/25/2016,,69.24,Upper
8/26/2016,,69.584,Upper
8/27/2016,,70.691,Upper
8/28/2016,,70.921,Upper
8/29/2016,,70.619,Upper
8/30/2016,,70.576,Upper
8/31/2016,,70.624,Upper
9/1/2016,,70.875,Upper
9/2/2016,,70.786,Upper
9/3/2016,,70.878,Upper
9/4/2016,,70.991,Upper
9/5/2016,,70.942,Upper
9/6/2016,,70.913,Upper
9/7/2016,,70.854,Upper
9/8/2016,,70.923,Upper
9/9/2016,,70.737,Upper
9/10/2016,,70.566,Upper
9/11/2016,,70.096,Upper
9/12/2016,,70.363,Upper
9/13/2016,,71.048,Upper
9/14/2016,,71.395,Upper
9/15/2016,,71.602,Upper
9/16/2016,,71.578,Upper
9/17/2016,,71.119,Upper
9/18/2016,,71.111,Upper
9/19/2016,,71.119,Upper
9/20/2016,,71.32,Upper
9/21/2016,,71.395,Upper
9/22/2016,,71.447,Upper
9/23/2016,,71.359,Upper
9/24/2016,,71.278,Upper
9/25/2016,,71.146,Upper
9/26/2016,,71.039,Upper
9/27/2016,,71.242,Upper
9/28/2016,,71.305,Upper
9/29/2016,,71.239,Upper
9/30/2016,,71.215,Upper
10/1/2016,,71.551,Upper
10/2/2016,,71.574,Upper
10/3/2016,,71.203,Upper
10/4/2016,,71.229,Upper
10/5/2016,,71.46,Upper
10/6/2016,,71.563,Upper
10/7/2016,,71.759,Upper
10/8/2016,,71.985,Upper
10/9/2016,,72.214,Upper
10/10/2016,,72.201,Upper
10/11/2016,,72.4615,Upper
10/12/2016,,72.321,Upper
10/13/2016,,72.38,Upper
10/14/2016,,72.688,Upper
10/15/2016,,72.975,Upper
10/16/2016,,73.327,Upper
10/17/2016,,73.599,Upper
10/18/2016,,73.396,Upper
10/19/2016,,73.66,Upper
10/20/2016,,73.874,Upper
10/21/2016,,74.069,Upper
10/22/2016,,74.336,Upper
10/23/2016,,74.487,Upper
10/24/2016,,74.626,Upper
10/25/2016,,74.723,Upper
10/26/2016,,74.847,Upper
10/27/2016,,75.006,Upper
10/28/2016,,74.921,Upper
10/29/2016,,74.858,Upper
10/30/2016,,74.828,Upper
10/31/2016,,74.881,Upper
11/1/2016,,74.82,Upper
11/2/2016,,74.764,Upper
11/3/2016,,74.824,Upper
11/4/2016,,75.001,Upper
11/5/2016,,75.105,Upper
11/6/2016,,75.285,Upper
11/7/2016,,75.37,Upper
11/8/2016,,75.42,Upper
11/9/2016,,75.559,Upper
11/10/2016,,75.799,Upper
11/11/2016,,75.9,Upper
11/12/2016,,76.008,Upper
11/13/2016,,76.043,Upper
11/14/2016,,76.071,Upper
11/15/2016,,76.228,Upper
11/16/2016,,76.613,Upper
11/17/2016,,76.794,Upper
11/18/2016,,76.91,Upper
11/19/2016,,77.154,Upper
11/20/2016,,77.35,Upper
11/21/2016,,77.452,Upper
11/22/2016,,77.421,Upper
11/23/2016,,77.523,Upper
11/24/2016,,77.414,Upper
11/25/2016,,77.565,Upper
11/26/2016,,77.787,Upper
11/27/2016,,78.056,Upper
11/28/2016,,77.998,Upper
11/29/2016,,78.002,Upper
11/30/2016,,78.058,Upper
12/1/2016,,78.1,Upper
12/2/2016,,78.095,Upper
12/3/2016,,78.16,Upper
12/4/2016,,78.266,Upper
12/5/2016,,78.43,Upper
12/6/2016,,78.545,Upper
12/7/2016,,78.569,Upper
12/8/2016,,78.623,Upper
12/9/2016,,78.66,Upper
12/10/2016,,78.837,Upper
12/11/2016,,78.88,Upper
12/12/2016,,78.893,Upper
12/13/2016,,78.98,Upper
12/14/2016,,79.051,Upper
12/15/2016,,79.255,Upper
12/16/2016,,79.579,Upper
12/17/2016,,79.335,Upper
12/18/2016,,79.199,Upper
12/19/2016,,79.189,Upper
12/20/2016,,79.234,Upper
12/21/2016,,79.433,Upper
12/22/2016,,79.594,Upper
12/23/2016,,79.765,Upper
12/24/2016,,79.979,Upper
12/25/2016,,79.927,Upper
12/26/2016,,79.804,Upper
12/27/2016,,79.76,Upper
12/28/2016,,79.798,Upper
12/29/2016,,79.888,Upper
12/30/2016,,80.03,Upper
12/31/2016,,80.303,Upper
1/1/2017,,80.404,Upper
1/2/2017,,80.519,Upper
1/3/2017,,80.524,Upper
1/4/2017,,80.762,Upper
1/5/2017,,80.745,Upper
1/6/2017,,80.667,Upper
1/7/2017,,80.358,Upper
1/8/2017,,80.67,Upper
1/9/2017,,80.974,Upper
1/10/2017,,80.604,Upper
1/11/2017,,81.061,Upper
1/12/2017,,81.028,Upper
1/13/2017,,81.026,Upper
1/14/2017,,80.956,Upper
1/15/2017,,80.779,Upper
1/16/2017,,80.963,Upper
1/17/2017,,80.216,Upper
1/18/2017,,79.101,Upper
1/19/2017,,79.434,Upper
1/20/2017,,79.948,Upper
1/21/2017,,80.342,Upper
1/22/2017,,80.235,Upper
1/23/2017,,80.39,Upper
1/24/2017,,80.3,Upper
1/25/2017,,80.145,Upper
1/26/2017,,80.068,Upper
1/27/2017,,80.03,Upper
1/28/2017,,80.047,Upper
1/29/2017,,80.121,Upper
1/30/2017,,80.291,Upper
1/31/2017,,80.497,Upper
2/1/2017,,80.645,Upper
2/2/2017,,80.853,Upper
2/3/2017,,81.082,Upper
2/4/2017,,81.174,Upper
2/5/2017,,80.976,Upper
2/6/2017,,81.313,Upper
2/7/2017,,81.3,Upper
2/8/2017,,81.28,Upper
2/9/2017,,81.232,Upper
2/10/2017,,81.396,Upper
2/11/2017,,81.405,Upper
2/12/2017,,81.371,Upper
2/13/2017,,81.452,Upper
2/14/2017,,81.516,Upper
2/15/2017,,81.652,Upper
2/16/2017,,81.874,Upper
2/17/2017,,82.077,Upper
2/18/2017,,82.634,Upper
2/19/2017,,82.489,Upper
2/20/2017,,82.441,Upper
2/21/2017,,82.491,Upper
2/22/2017,,82.302,Upper
2/23/2017,,82.2,Upper
2/24/2017,,81.992,Upper
2/25/2017,,81.647,Upper
2/26/2017,,81.948,Upper
2/27/2017,,82.197,Upper
2/28/2017,,82.222,Upper
3/1/2017,,81.984,Upper
3/2/2017,,82.081,Upper
3/3/2017,,82.249,Upper
3/4/2017,,82.499,Upper
3/5/2017,,82.832,Upper
3/6/2017,,82.776,Upper
3/7/2017,,82.729,Upper
3/8/2017,,82.718,Upper
3/9/2017,,82.84,Upper
3/10/2017,,82.971,Upper
3/11/2017,,82.908,Upper
3/12/2017,,82.913,Upper
3/13/2017,,83.052,Upper
3/14/2017,,83.129,Upper
3/15/2017,,83.284,Upper
3/16/2017,,83.465,Upper
3/17/2017,,83.455,Upper
3/18/2017,,83.614,Upper
3/19/2017,,83.696,Upper
3/20/2017,,83.792,Upper
3/21/2017,,83.843,Upper
3/22/2017,,83.877,Upper
3/23/2017,,83.851,Upper
3/24/2017,,83.51,Upper
3/25/2017,,83.799,Upper
3/26/2017,,83.749,Upper
3/27/2017,,83.982,Upper
3/28/2017,,83.962,Upper
3/29/2017,,84.113,Upper
3/30/2017,,84.314,Upper
3/31/2017,,84.356,Upper
4/1/2017,,84.052,Upper
4/2/2017,,84.352,Upper
4/3/2017,,84.528,Upper
4/4/2017,,84.6,Upper
4/5/2017,,84.522,Upper
4/6/2017,,84.684,Upper
4/7/2017,,84.989,Upper
4/8/2017,,84.805,Upper
4/9/2017,,84.642,Upper
4/10/2017,,84.77,Upper
4/11/2017,,84.905,Upper
4/12/2017,,85.09,Upper
4/13/2017,,85.265,Upper
4/14/2017,,85.069,Upper
4/15/2017,,85.131,Upper
4/16/2017,,85.362,Upper
4/17/2017,,85.455,Upper
4/18/2017,,85.445,Upper
4/19/2017,,85.048,Upper
4/20/2017,,84.794,Upper
4/21/2017,,84.578,Upper
4/22/2017,,85.067,Upper
4/23/2017,,85.225,Upper
4/24/2017,,85.094,Upper
4/25/2017,,85.292,Upper
4/26/2017,,85.036,Upper
4/27/2017,,85.081,Upper
4/28/2017,,85.15,Upper
4/29/2017,,85.307,Upper
4/30/2017,,85.312,Upper
5/1/2017,,85.356,Upper
5/2/2017,,85.44,Upper
5/3/2017,,85.081,Upper
5/4/2017,,85.082,Upper
5/5/2017,,84.582,Upper
5/6/2017,,83.667,Upper
5/7/2017,,82.818,Upper
5/8/2017,,82.957,Upper
5/9/2017,,81.829,Upper
5/10/2017,,80.448,Upper
5/11/2017,,79.851,Upper
5/12/2017,,79.629,Upper
5/13/2017,,79.669,Upper
5/14/2017,,80.189,Upper
5/15/2017,,80.271,Upper
5/16/2017,,80.298,Upper
5/17/2017,,80.439,Upper
5/18/2017,,79.957,Upper
5/19/2017,,79.026,Upper
5/20/2017,,78.681,Upper
5/21/2017,,78.42,Upper
5/22/2017,,78.141,Upper
5/23/2017,,77.812,Upper
5/24/2017,,77.756,Upper
5/25/2017,,77.629,Upper
5/26/2017,,77.566,Upper
5/27/2017,,77.723,Upper
5/28/2017,,76.747,Upper
5/29/2017,,77.266,Upper
5/30/2017,,77.46,Upper
5/31/2017,,76.833,Upper
6/1/2017,,76.529,Upper
6/2/2017,,76.317,Upper
6/3/2017,,76.065,Upper
6/4/2017,,75.686,Upper
6/5/2017,,75.33,Upper
6/6/2017,,74.926,Upper
6/7/2017,,74.647,Upper
6/8/2017,,75.443,Upper
6/9/2017,,76.032,Upper
6/10/2017,,75.659,Upper
6/11/2017,,75.361,Upper
6/12/2017,,75.045,Upper
6/13/2017,,74.822,Upper
6/14/2017,,74.528,Upper
6/15/2017,,74.546,Upper
6/16/2017,,74.627,Upper
6/17/2017,,73.614,Upper
6/18/2017,,72.841,Upper
6/19/2017,,72.418,Upper
6/20/2017,,72.492,Upper
6/21/2017,,71.948,Upper
6/22/2017,,71.387,Upper
6/23/2017,,71.231,Upper
6/24/2017,,70.714,Upper
6/25/2017,,71.091,Upper
6/26/2017,,71.079,Upper
6/27/2017,,71.655,Upper
6/28/2017,,71.491,Upper
6/29/2017,,70.959,Upper
6/30/2017,,70.337,Upper
7/1/2017,,69.994,Upper
7/2/2017,,69.355,Upper
7/3/2017,,68.927,Upper
7/4/2017,,69.655,Upper
7/5/2017,,70.18,Upper
7/6/2017,,69.637,Upper
7/7/2017,,69.217,Upper
7/8/2017,,69.614,Upper
7/9/2017,,69.471,Upper
7/10/2017,,68.818,Upper
7/11/2017,,68.552,Upper
7/12/2017,,68.693,Upper
7/13/2017,,68.657,Upper
7/14/2017,,68.743,Upper
7/15/2017,,68.662,Upper
7/16/2017,,68.358,Upper
7/17/2017,,68.016,Upper
7/18/2017,,67.904,Upper
7/19/2017,,68.098,Upper
7/20/2017,,68.018,Upper
7/21/2017,,68.115,Upper
7/22/2017,,68.507,Upper
7/23/2017,,68.121,Upper
7/24/2017,,67.804,Upper
7/25/2017,,67.814,Upper
7/26/2017,,68.188,Upper
7/27/2017,,68.041,Upper
7/28/2017,,67.688,Upper
7/29/2017,,67.283,Upper
7/30/2017,,66.538,Upper
7/31/2017,,66.169,Upper
8/1/2017,,66.133,Upper
8/2/2017,,66.1515,Upper
8/3/2017,,66.195,Upper
8/4/2017,,66.591,Upper
8/5/2017,,67.196,Upper
8/6/2017,,66.857,Upper
8/7/2017,,66.867,Upper
8/8/2017,,67.076,Upper
8/9/2017,,67.318,Upper
8/10/2017,,67.357,Upper
8/11/2017,,67.634,Upper
8/12/2017,,67.649,Upper
8/13/2017,,67.203,Upper
8/14/2017,,67.135,Upper
8/15/2017,,67.17,Upper
8/16/2017,,67.352,Upper
8/17/2017,,67.214,Upper
8/18/2017,,67.114,Upper
8/19/2017,,66.665,Upper
8/20/2017,,65.928,Upper
8/21/2017,,65.546,Upper
8/22/2017,,65.683,Upper
8/23/2017,,65.836,Upper
8/24/2017,,65.988,Upper
8/25/2017,,66.141,Upper
8/26/2017,,66.293,Upper
8/27/2017,,66.446,Upper
8/28/2017,,66.598,Upper
8/29/2017,,66.751,Upper
8/30/2017,,67.154,Upper
8/31/2017,,67.632,Upper
9/1/2017,,68.219,Upper
9/2/2017,,68.468,Upper
9/3/2017,,68.264,Upper
9/4/2017,,68.158,Upper
9/5/2017,,68.373,Upper
9/6/2017,,68.607,Upper
9/7/2017,,68.52,Upper
9/8/2017,,68.538,Upper
9/9/2017,,68.58,Upper
9/10/2017,,68.637,Upper
9/11/2017,,68.721,Upper
9/12/2017,,68.742,Upper
9/13/2017,,68.772,Upper
9/14/2017,,68.632,Upper
9/15/2017,,68.63,Upper
9/16/2017,,68.541,Upper
9/17/2017,,68.286,Upper
9/18/2017,,68.103,Upper
9/19/2017,,68.066,Upper
9/20/2017,,68.144,Upper
9/21/2017,,68.228,Upper
9/22/2017,,68.211,Upper
9/23/2017,,68.659,Upper
9/24/2017,,69.162,Upper
9/25/2017,,69.55,Upper
9/26/2017,,69.455,Upper
9/27/2017,,69.038,Upper
9/28/2017,,69.081,Upper
9/29/2017,,69.743,Upper
9/30/2017,,70.019,Upper
10/1/2017,,69.868,Upper
10/2/2017,,70.134,Upper
10/3/2017,,70.614,Upper
10/4/2017,,69.791,Upper
10/5/2017,,69.406,Upper
10/6/2017,,69.84,Upper
10/7/2017,,69.687,Upper
10/8/2017,,69.335,Upper
10/9/2017,,69.822,Upper
10/10/2017,,70.042,Upper
10/11/2017,,69.51,Upper
10/12/2017,,69.059,Upper
10/13/2017,,69.458,Upper
10/14/2017,,69.494,Upper
10/15/2017,,69.708,Upper
10/16/2017,,69.074,Upper
10/17/2017,,68.738,Upper
10/18/2017,,68.539,Upper
10/19/2017,,68.958,Upper
10/20/2017,,69.717,Upper
10/21/2017,,69.859,Upper
10/22/2017,,70.027,Upper
10/23/2017,,70.393,Upper
10/24/2017,,70.529,Upper
10/25/2017,,70.289,Upper
10/26/2017,,70.476,Upper
10/27/2017,,70.637,Upper
10/28/2017,,70.733,Upper
10/29/2017,,70.831,Upper
10/30/2017,,70.914,Upper
10/31/2017,,71.121,Upper
11/1/2017,,71.314,Upper
11/2/2017,,71.613,Upper
11/3/2017,,71.632,Upper
11/4/2017,,71.821,Upper
11/5/2017,,71.979,Upper
11/6/2017,,72.187,Upper
11/7/2017,,72.361,Upper
11/8/2017,,72.602,Upper
11/9/2017,,72.98,Upper
11/10/2017,,73.073,Upper
11/11/2017,,73.198,Upper
11/12/2017,,73.324,Upper
11/13/2017,,73.459,Upper
11/14/2017,,73.589,Upper
11/15/2017,,73.762,Upper
11/16/2017,,74.122,Upper
11/17/2017,,74.255,Upper
11/18/2017,,74.148,Upper
11/19/2017,,74.241,Upper
11/20/2017,,74.447,Upper
11/21/2017,,74.495,Upper
11/22/2017,,74.663,Upper
11/23/2017,,74.797,Upper
11/24/2017,,74.969,Upper
11/25/2017,,75.079,Upper
11/26/2017,,75.269,Upper
11/27/2017,,75.485,Upper
11/28/2017,,75.403,Upper
11/29/2017,,75.449,Upper
11/30/2017,,75.523,Upper
12/1/2017,,75.641,Upper
12/2/2017,,75.741,Upper
12/3/2017,,75.922,Upper
12/4/2017,,75.807,Upper
12/5/2017,,75.878,Upper
12/6/2017,,75.981,Upper
12/7/2017,,76.043,Upper
12/8/2017,,76.105,Upper
12/9/2017,,76.196,Upper
12/10/2017,,76.339,Upper
12/11/2017,,76.474,Upper
12/12/2017,,76.553,Upper
12/13/2017,,76.687,Upper
12/14/2017,,76.864,Upper
12/15/2017,,76.88,Upper
12/16/2017,,77.026,Upper
12/17/2017,,77.098,Upper
12/18/2017,,77.161,Upper
12/19/2017,,76.938,Upper
12/20/2017,,76.618,Upper
12/21/2017,,76.364,Upper
12/22/2017,,76.561,Upper
12/23/2017,,76.73,Upper
12/24/2017,,76.785,Upper
12/25/2017,,77.017,Upper
12/26/2017,,77.152,Upper
12/27/2017,,77.229,Upper
12/28/2017,,76.32,Upper
12/29/2017,,75.921,Upper
12/30/2017,,75.632,Upper
12/31/2017,,76.324,Upper
1/1/2018,,76.642,Upper
1/2/2018,,76.712,Upper
1/3/2018,,76.809,Upper
1/4/2018,,77.136,Upper
1/5/2018,,77.325,Upper
1/6/2018,,77.502,Upper
1/7/2018,,77.603,Upper
1/8/2018,,77.819,Upper
1/9/2018,,78.278,Upper
1/10/2018,,78.252,Upper
1/11/2018,,78.112,Upper
1/12/2018,,78.102,Upper
1/13/2018,,78.172,Upper
1/14/2018,,78.296,Upper
1/15/2018,,78.497,Upper
1/16/2018,,78.606,Upper
1/17/2018,,78.686,Upper
1/18/2018,,78.779,Upper
1/19/2018,,79.035,Upper
1/20/2018,,79.067,Upper
1/21/2018,,79.069,Upper
1/22/2018,,79.111,Upper
1/23/2018,,79.151,Upper
1/24/2018,,79.291,Upper
1/25/2018,,79.606,Upper
1/26/2018,,79.542,Upper
1/27/2018,,79.462,Upper
1/28/2018,,79.499,Upper
1/29/2018,,79.628,Upper
1/30/2018,,79.781,Upper
1/31/2018,,79.937,Upper
2/1/2018,,80.066,Upper
2/2/2018,,80.065,Upper
2/3/2018,,80.104,Upper
2/4/2018,,80.205,Upper
2/5/2018,,80.353,Upper
2/6/2018,,80.454,Upper
2/7/2018,,80.39,Upper
2/8/2018,,80.278,Upper
2/9/2018,,80.08,Upper
2/10/2018,,79.981,Upper
2/11/2018,,79.529,Upper
2/12/2018,,79.905,Upper
2/13/2018,,79.745,Upper
2/14/2018,,79.845,Upper
2/15/2018,,79.666,Upper
2/16/2018,,79.342,Upper
2/17/2018,,78.931,Upper
2/18/2018,,78.312,Upper
2/19/2018,,77.83,Upper
2/20/2018,,76.976,Upper
2/21/2018,,76.188,Upper
2/22/2018,,75.774,Upper
2/23/2018,,75.046,Upper
2/24/2018,,74.132,Upper
2/25/2018,,74.017,Upper
2/26/2018,,74.267,Upper
2/27/2018,,75.149,Upper
2/28/2018,,75.678,Upper
3/1/2018,,75.612,Upper
3/2/2018,,76.37,Upper
3/3/2018,,76.362,Upper
3/4/2018,,76.229,Upper
3/5/2018,,76.473,Upper
3/6/2018,,76.606,Upper
3/7/2018,,76.582,Upper
3/8/2018,,76.667,Upper
3/9/2018,,76.699,Upper
3/10/2018,,77.103,Upper
3/11/2018,,77.438,Upper
3/12/2018,,77.7,Upper
3/13/2018,,78.117,Upper
3/14/2018,,78.409,Upper
3/15/2018,,78.537,Upper
3/16/2018,,78.812,Upper
3/17/2018,,78.777,Upper
3/18/2018,,78.414,Upper
3/19/2018,,78.033,Upper
3/20/2018,,78.4495,Upper
3/21/2018,,78.789,Upper
3/22/2018,,79.157,Upper
3/23/2018,,79.161,Upper
3/24/2018,,79.139,Upper
3/25/2018,,79.224,Upper
3/26/2018,,79.162,Upper
3/27/2018,,79.143,Upper
3/28/2018,,79.354,Upper
3/29/2018,,79.361,Upper
3/30/2018,,79.438,Upper
3/31/2018,,79.753,Upper
4/1/2018,,79.772,Upper
4/2/2018,,79.909,Upper
4/3/2018,,79.411,Upper
4/4/2018,,79.132,Upper
4/5/2018,,78.924,Upper
4/6/2018,,78.949,Upper
4/7/2018,,79.398,Upper
4/8/2018,,79.458,Upper
4/9/2018,,79.563,Upper
4/10/2018,,79.828,Upper
4/11/2018,,79.863,Upper
4/12/2018,,80.108,Upper
4/13/2018,,80.015,Upper
4/14/2018,,80.12,Upper
4/15/2018,,80.356,Upper
4/16/2018,,80.632,Upper
4/17/2018,,80.45,Upper
4/18/2018,,80.391,Upper
4/19/2018,,80.553,Upper
4/20/2018,,80.37,Upper
4/21/2018,,79.688,Upper
4/22/2018,,78.884,Upper
4/23/2018,,78.44,Upper
4/24/2018,,78.475,Upper
4/25/2018,,77.55,Upper
4/26/2018,,76.354,Upper
4/27/2018,,76.035,Upper
4/28/2018,,75.381,Upper
4/29/2018,,74.774,Upper
4/30/2018,,75.513,Upper
5/1/2018,,76.203,Upper
5/2/2018,,76.366,Upper
5/3/2018,,75.991,Upper
5/4/2018,,75.727,Upper
5/5/2018,,75.498,Upper
5/6/2018,,74.988,Upper
5/7/2018,,74.283,Upper
5/8/2018,,74.343,Upper
5/9/2018,,74.464,Upper
5/10/2018,,73.683,Upper
5/11/2018,,72.881,Upper
5/12/2018,,73.782,Upper
5/13/2018,,73.253,Upper
5/14/2018,,72.612,Upper
5/15/2018,,72.896,Upper
5/16/2018,,72.729,Upper
5/17/2018,,72.503,Upper
5/18/2018,,72.689,Upper
5/19/2018,,72.453,Upper
5/20/2018,,71.648,Upper
5/21/2018,,71.618,Upper
5/22/2018,,71.772,Upper
5/23/2018,,71.694,Upper
5/24/2018,,71.813,Upper
5/25/2018,,71.53,Upper
5/26/2018,,70.941,Upper
5/27/2018,,71.438,Upper
5/28/2018,,70.692,Upper
5/29/2018,,70.628,Upper
5/30/2018,,70.469,Upper
5/31/2018,,70.181,Upper
6/1/2018,,70.217,Upper
6/2/2018,,69.556,Upper
6/3/2018,,68.586,Upper
6/4/2018,,68.111,Upper
6/5/2018,,67.966,Upper
6/6/2018,,67.983,Upper
6/7/2018,,67.537,Upper
6/8/2018,,67.499,Upper
6/9/2018,,68.077,Upper
6/10/2018,,67.471,Upper
6/11/2018,,66.687,Upper
6/12/2018,,66.896,Upper
6/13/2018,,67.017,Upper
6/14/2018,,66.424,Upper
6/15/2018,,66.712,Upper
6/16/2018,,66.736,Upper
6/17/2018,,66.094,Upper
6/18/2018,,66.213,Upper
6/19/2018,,66.151,Upper
6/20/2018,,65.639,Upper
6/21/2018,,65.293,Upper
6/22/2018,,65.006,Upper
6/23/2018,,65.296,Upper
6/24/2018,,64.967,Upper
6/25/2018,,64.99,Upper
6/26/2018,,64.637,Upper
6/27/2018,,64.292,Upper
6/28/2018,,64.085,Upper
6/29/2018,,63.969,Upper
6/30/2018,,61.634,Upper
7/1/2018,,62.163,Upper
7/2/2018,,62.452,Upper
7/3/2018,,63.335,Upper
7/4/2018,,63.839,Upper
7/5/2018,,63.878,Upper
7/6/2018,,63.548,Upper
7/7/2018,,63.777,Upper
7/8/2018,,63.281,Upper
7/9/2018,,63.405,Upper
7/10/2018,,63.016,Upper
7/11/2018,,63.567,Upper
7/12/2018,,63.278,Upper
7/13/2018,,62.511,Upper
7/14/2018,,62.047,Upper
7/15/2018,,61.333,Upper
7/16/2018,,61.092,Upper
7/17/2018,,61.261,Upper
7/18/2018,,61.335,Upper
7/19/2018,,61.438,Upper
7/20/2018,,61.284,Upper
7/21/2018,,61.35,Upper
7/22/2018,,60.897,Upper
7/23/2018,,60.334,Upper
7/24/2018,,60.958,Upper
7/25/2018,,61.504,Upper
7/26/2018,,60.842,Upper
7/27/2018,,60.566,Upper
7/28/2018,,60.543,Upper
7/29/2018,,60.099,Upper
7/30/2018,,59.725,Upper
7/31/2018,,59.865,Upper
8/1/2018,,60.811,Upper
8/2/2018,,61.26,Upper
8/3/2018,,61.517,Upper
8/4/2018,,61.521,Upper
8/5/2018,,60.883,Upper
8/6/2018,,60.4865,Upper
8/7/2018,,60.554,Upper
8/8/2018,,60.663,Upper
8/9/2018,,60.875,Upper
8/10/2018,,61.243,Upper
8/11/2018,,61.627,Upper
8/12/2018,,61.767,Upper
8/13/2018,,62.008,Upper
8/14/2018,,62.379,Upper
8/15/2018,,62.461,Upper
8/16/2018,,62.499,Upper
8/17/2018,,62.301,Upper
8/18/2018,,61.957,Upper
8/19/2018,,62.06,Upper
8/20/2018,,62.387,Upper
8/21/2018,,62.849,Upper
8/22/2018,,63.109,Upper
8/23/2018,,63.307,Upper
8/24/2018,,63.166,Upper
8/25/2018,,63.163,Upper
8/26/2018,,62.753,Upper
8/27/2018,,62.851,Upper
8/28/2018,,63.476,Upper
8/29/2018,,63.563,Upper
8/30/2018,,63.36,Upper
8/31/2018,,63.304,Upper
9/1/2018,,63.293,Upper
9/2/2018,,62.676,Upper
9/3/2018,,62.816,Upper
9/4/2018,,63.191,Upper
9/5/2018,,63.418,Upper
9/6/2018,,63.319,Upper
9/7/2018,,63.052,Upper
9/8/2018,,63.277,Upper
9/9/2018,,63.85,Upper
9/10/2018,,64.303,Upper
9/11/2018,,64.624,Upper
9/12/2018,,64.971,Upper
9/13/2018,,65.126,Upper
9/14/2018,,65.09,Upper
9/15/2018,,65.101,Upper
9/16/2018,,64.955,Upper
9/17/2018,,65.072,Upper
9/18/2018,,65.194,Upper
9/19/2018,,65.298,Upper
9/20/2018,,65.301,Upper
9/21/2018,,64.708,Upper
9/22/2018,,64.278,Upper
9/23/2018,,64.365,Upper
9/24/2018,,64.004,Upper
9/25/2018,,63.469,Upper
9/26/2018,,63.511,Upper
9/27/2018,,63.428,Upper
9/28/2018,,63.337,Upper
9/29/2018,,63.294,Upper
9/30/2018,,63.098,Upper
10/1/2018,,63.664,Upper
10/2/2018,,63.956,Upper
10/3/2018,,64.348,Upper
10/4/2018,,64.783,Upper
10/5/2018,,65.069,Upper
10/6/2018,,65.443,Upper
10/7/2018,,65.757,Upper
10/8/2018,,66.066,Upper
10/9/2018,,65.869,Upper
10/10/2018,,65.277,Upper
10/11/2018,,64.973,Upper
10/12/2018,,64.668,Upper
10/13/2018,,64.617,Upper
10/14/2018,,65.386,Upper
10/15/2018,,65.72,Upper
10/16/2018,,66.02,Upper
10/17/2018,,66.1095,Upper
10/18/2018,,65.232,Upper
10/19/2018,,64.744,Upper
10/20/2018,,64.408,Upper
10/21/2018,,64.547,Upper
10/22/2018,,64.642,Upper
10/23/2018,,64.935,Upper
10/24/2018,,65.348,Upper
10/25/2018,,65.61,Upper
10/26/2018,,65.784,Upper
10/27/2018,,65.933,Upper
10/28/2018,,66.251,Upper
10/29/2018,,66.447,Upper
10/30/2018,,66.456,Upper
10/31/2018,,66.503,Upper
11/1/2018,,66.585,Upper
11/2/2018,,66.601,Upper
11/3/2018,,66.681,Upper
11/4/2018,,66.406,Upper
11/5/2018,,66.118,Upper
11/6/2018,,66.007,Upper
11/7/2018,,65.91,Upper
11/8/2018,,65.825,Upper
11/9/2018,,66.291,Upper
11/10/2018,,66.236,Upper
11/11/2018,,66.552,Upper
11/12/2018,,66.859,Upper
11/13/2018,,67.035,Upper
11/14/2018,,66.831,Upper
11/15/2018,,66.786,Upper
11/16/2018,,67.194,Upper
11/17/2018,,67.331,Upper
11/18/2018,,67.416,Upper
11/19/2018,,67.586,Upper
11/20/2018,,67.747,Upper
11/21/2018,,67.813,Upper
11/22/2018,,67.945,Upper
11/23/2018,,68.043,Upper
11/24/2018,,68.335,Upper
11/25/2018,,68.443,Upper
11/26/2018,,68.538,Upper
11/27/2018,,68.715,Upper
11/28/2018,,68.974,Upper
11/29/2018,,69.421,Upper
11/30/2018,,69.562,Upper
12/1/2018,,69.473,Upper
12/2/2018,,69.556,Upper
12/3/2018,,69.561,Upper
12/4/2018,,69.695,Upper
12/5/2018,,69.926,Upper
12/6/2018,,70.046,Upper
12/7/2018,,70.077,Upper
12/8/2018,,70.021,Upper
12/9/2018,,70.069,Upper
12/10/2018,,70.179,Upper
12/11/2018,,70.366,Upper
12/12/2018,,70.484,Upper
12/13/2018,,70.563,Upper
12/14/2018,,70.73,Upper
12/15/2018,,70.892,Upper
12/16/2018,,71.046,Upper
12/17/2018,,71.196,Upper
12/18/2018,,71.142,Upper
12/19/2018,,71.135,Upper
12/20/2018,,71.294,Upper
12/21/2018,,71.442,Upper
12/22/2018,,71.53,Upper
12/23/2018,,71.581,Upper
12/24/2018,,71.636,Upper
12/25/2018,,71.913,Upper
12/26/2018,,71.927,Upper
12/27/2018,,71.942,Upper
12/28/2018,,71.955,Upper
12/29/2018,,71.969,Upper
12/30/2018,,72.081,Upper
12/31/2018,,72.279,Upper
1/1/2019,,72.331,Upper
1/2/2019,,72.352,Upper
1/3/2019,,72.395,Upper
1/4/2019,,72.581,Upper
1/5/2019,,72.819,Upper
1/6/2019,,73.038,Upper
1/7/2019,,73.112,Upper
1/8/2019,,72.933,Upper
1/9/2019,,73.159,Upper
1/10/2019,,73.108,Upper
1/11/2019,,73.175,Upper
1/12/2019,,73.293,Upper
1/13/2019,,73.333,Upper
1/14/2019,,73.413,Upper
1/15/2019,,73.57,Upper
1/16/2019,,73.75,Upper
1/17/2019,,73.953,Upper
1/18/2019,,73.699,Upper
1/19/2019,,73.543,Upper
1/20/2019,,73.733,Upper
1/21/2019,,73.975,Upper
1/22/2019,,73.782,Upper
1/23/2019,,73.787,Upper
1/24/2019,,73.877,Upper
1/25/2019,,74.045,Upper
1/26/2019,,74.105,Upper
1/27/2019,,74.123,Upper
1/28/2019,,74.361,Upper
1/29/2019,,74.522,Upper
1/30/2019,,74.646,Upper
1/31/2019,,74.782,Upper
2/1/2019,,74.747,Upper
2/2/2019,,74.82,Upper
2/3/2019,,75.151,Upper
2/4/2019,,75.238,Upper
2/5/2019,,75.174,Upper
2/6/2019,,75.025,Upper
2/7/2019,,74.887,Upper
2/8/2019,,74.964,Upper
2/9/2019,,75.222,Upper
2/10/2019,,75.452,Upper
2/11/2019,,75.324,Upper
2/12/2019,,75.344,Upper
2/13/2019,,75.636,Upper
2/14/2019,,76.042,Upper
2/15/2019,,76.042,Upper
2/16/2019,,75.903,Upper
2/17/2019,,75.904,Upper
2/18/2019,,75.9,Upper
2/19/2019,,75.87,Upper
2/20/2019,,76.027,Upper
2/21/2019,,76.284,Upper
2/22/2019,,76.257,Upper
2/23/2019,,76.188,Upper
2/24/2019,,75.753,Upper
2/25/2019,,76.062,Upper
2/26/2019,,76.356,Upper
2/27/2019,,76.613,Upper
2/28/2019,,76.553,Upper
3/1/2019,,76.526,Upper
3/2/2019,,76.661,Upper
3/3/2019,,76.79,Upper
3/4/2019,,76.83,Upper
3/5/2019,,76.9,Upper
3/6/2019,,77.237,Upper
3/7/2019,,77.274,Upper
3/8/2019,,77.271,Upper
3/9/2019,,77.315,Upper
3/10/2019,,77.427,Upper
3/11/2019,,77.413,Upper
3/12/2019,,77.551,Upper
3/13/2019,,77.548,Upper
3/14/2019,,77.45,Upper
3/15/2019,,77.549,Upper
3/16/2019,,77.665,Upper
3/17/2019,,77.806,Upper
3/18/2019,,77.919,Upper
3/19/2019,,78.2115,Upper
3/20/2019,,78.482,Upper
3/21/2019,,78.454,Upper
3/22/2019,,78.478,Upper
3/23/2019,,78.59,Upper
3/24/2019,,78.593,Upper
3/25/2019,,78.716,Upper
3/26/2019,,78.897,Upper
3/27/2019,,79.088,Upper
3/28/2019,,79.134,Upper
3/29/2019,,79.044,Upper
3/30/2019,,79.078,Upper
3/31/2019,,79.204,Upper
4/1/2019,,79.284,Upper
4/2/2019,,79.511,Upper
4/3/2019,,79.615,Upper
4/4/2019,,79.663,Upper
4/5/2019,,79.682,Upper
4/6/2019,,79.759,Upper
4/7/2019,,79.789,Upper
4/8/2019,,79.782,Upper
4/9/2019,,79.942,Upper
4/10/2019,,79.888,Upper
4/11/2019,,79.935,Upper
4/12/2019,,80.166,Upper
4/13/2019,,80.243,Upper
4/14/2019,,80.281,Upper
4/15/2019,,80.437,Upper
4/16/2019,,80.356,Upper
4/17/2019,,80.167,Upper
4/18/2019,,80.145,Upper
4/19/2019,,80.234,Upper
4/20/2019,,80.284,Upper
4/21/2019,,79.747,Upper
4/22/2019,,79.786,Upper
4/23/2019,,79.551,Upper
4/24/2019,,78.725,Upper
4/25/2019,,78.179,Upper
4/26/2019,,78.237,Upper
4/27/2019,,78.079,Upper
4/28/2019,,77.608,Upper
4/29/2019,,77.647,Upper
4/30/2019,,77.783,Upper
5/1/2019,,76.816,Upper
5/2/2019,,76.347,Upper
5/3/2019,,76.178,Upper
5/4/2019,,76.184,Upper
5/5/2019,,75.198,Upper
5/6/2019,,75.14,Upper
5/7/2019,,75.83,Upper
5/8/2019,,75.895,Upper
5/9/2019,,75.783,Upper
5/10/2019,,75.684,Upper
5/11/2019,,75.545,Upper
5/12/2019,,74.851,Upper
5/13/2019,,74.587,Upper
5/14/2019,,74.781,Upper
5/15/2019,,74.921,Upper
5/16/2019,,75.58,Upper
5/17/2019,,75.914,Upper
5/18/2019,,76.089,Upper
5/19/2019,,76.704,Upper
5/20/2019,,77.009,Upper
5/21/2019,,77.322,Upper
5/22/2019,,77.621,Upper
5/23/2019,,77.871,Upper
5/24/2019,,77.871,Upper
5/25/2019,,77.79,Upper
5/26/2019,,77.849,Upper
5/27/2019,,77.904,Upper
5/28/2019,,77.863,Upper
5/29/2019,,77.893,Upper
5/30/2019,,77.721,Upper
5/31/2019,,77.218,Upper
6/1/2019,,77.106,Upper
6/2/2019,,77.087,Upper
6/3/2019,,77.51,Upper
6/4/2019,,77.365,Upper
6/5/2019,,76.488,Upper
6/6/2019,,76.008,Upper
6/7/2019,,75.059,Upper
6/8/2019,,74.992,Upper
6/9/2019,,74.837,Upper
6/10/2019,,73.683,Upper
6/11/2019,,72.857,Upper
6/12/2019,,73.367,Upper
6/13/2019,,73.746,Upper
6/14/2019,,73.211,Upper
6/15/2019,,72.268,Upper
6/16/2019,,71.494,Upper
6/17/2019,,71.615,Upper
6/18/2019,,71.35,Upper
6/19/2019,,71.588,Upper
6/20/2019,,71.66,Upper
6/21/2019,,71.204,Upper
6/22/2019,,70.526,Upper
6/23/2019,,69.673,Upper
6/24/2019,,69.227,Upper
6/25/2019,,69.327,Upper
6/26/2019,,69.934,Upper
6/27/2019,,69.804,Upper
6/28/2019,,69.551,Upper
6/29/2019,,69.359,Upper
6/30/2019,,68.433,Upper
7/1/2019,,67.896,Upper
7/2/2019,,68.048,Upper
7/3/2019,,68.769,Upper
7/4/2019,,68.608,Upper
7/5/2019,,68.87,Upper
7/6/2019,,68.452,Upper
7/7/2019,,67.453,Upper
7/8/2019,,66.307,Upper
7/9/2019,,67.131,Upper
7/10/2019,,67.455,Upper
7/11/2019,,67.491,Upper
7/12/2019,,67.653,Upper
7/13/2019,,67.374,Upper
7/14/2019,,66.165,Upper
7/15/2019,,65.281,Upper
7/16/2019,,65.795,Upper
7/17/2019,,65.946,Upper
7/18/2019,,65.716,Upper
7/19/2019,,66.342,Upper
7/20/2019,,66.898,Upper
7/21/2019,,66.471,Upper
7/22/2019,,65.694,Upper
7/23/2019,,65.169,Upper
7/24/2019,,64.91,Upper
7/25/2019,,65.098,Upper
7/26/2019,,65.584,Upper
7/27/2019,,66.02,Upper
7/28/2019,,65.033,Upper
7/29/2019,,64.635,Upper
7/30/2019,,64.107,Upper
7/31/2019,,64.413,Upper
8/1/2019,,64.967,Upper
8/2/2019,,65.1995,Upper
8/3/2019,,65.396,Upper
8/4/2019,,65.053,Upper
8/5/2019,,64.132,Upper
8/6/2019,,60.646,Upper
8/7/2019,,63.239,Upper
8/8/2019,,63.358,Upper
8/9/2019,,63.802,Upper
8/10/2019,,63.771,Upper
8/11/2019,,63.733,Upper
8/12/2019,,63.909,Upper
8/13/2019,,64.418,Upper
8/14/2019,,64.441,Upper
8/15/2019,,64.57,Upper
8/16/2019,,64.709,Upper
8/17/2019,,64.144,Upper
8/18/2019,,63.991,Upper
8/19/2019,,64.038,Upper
8/20/2019,,62.126,Upper
8/21/2019,,62.542,Upper
8/22/2019,,63.542,Upper
8/23/2019,,64.877,Upper
8/24/2019,,64.747,Upper
8/25/2019,,61.223,Upper
8/26/2019,,59.353,Upper
8/27/2019,,61.218,Upper
8/28/2019,,62.216,Upper
8/29/2019,,62.345,Upper
8/30/2019,,62.852,Upper
8/31/2019,,62.836,Upper
9/1/2019,,62.688,Upper
9/2/2019,,62.771,Upper
9/3/2019,,62.465,Upper
9/4/2019,,63.35,Upper
9/5/2019,,64.079,Upper
9/6/2019,,64.501,Upper
9/7/2019,,64.58,Upper
9/8/2019,,64.659,Upper
9/9/2019,,64.831,Upper
9/10/2019,,65.175,Upper
9/11/2019,,65.413,Upper
9/12/2019,,65.504,Upper
9/13/2019,,65.725,Upper
9/14/2019,,63.702,Upper
9/15/2019,,64.86,Upper
9/16/2019,,64.915,Upper
9/17/2019,,65.18,Upper
9/18/2019,,65.477,Upper
9/19/2019,,65.474,Upper
9/20/2019,,65.843,Upper
9/21/2019,,65.994,Upper
9/22/2019,,62.646,Upper
9/23/2019,,63.728,Upper
9/24/2019,,63.651,Upper
9/25/2019,,63.971,Upper
9/26/2019,,65.588,Upper
9/27/2019,,65.904,Upper
9/28/2019,,66.155,Upper
9/29/2019,,65.824,Upper
9/30/2019,,65.608,Upper
10/1/2019,,65.692,Upper
10/2/2019,,65.511,Upper
10/3/2019,,65.476,Upper
10/4/2019,,65.518,Upper
10/5/2019,,65.472,Upper
10/6/2019,,64.99,Upper
10/7/2019,,64.723,Upper
10/8/2019,,64.775,Upper
10/9/2019,,65.691,Upper
10/10/2019,,66.294,Upper
10/11/2019,,66.691,Upper
10/12/2019,,66.527,Upper
10/13/2019,,65.965,Upper
10/14/2019,,65.714,Upper
10/15/2019,,66.134,Upper
10/16/2019,,65.553,Upper
10/17/2019,,65.656,Upper
10/18/2019,,65.465,Upper
10/19/2019,,65.371,Upper
10/20/2019,,66.168,Upper
10/21/2019,,66.867,Upper
10/22/2019,,67.305,Upper
10/23/2019,,67.605,Upper
10/24/2019,,67.583,Upper
10/25/2019,,67.049,Upper
10/26/2019,,66.648,Upper
10/27/2019,,66.694,Upper
10/28/2019,,67.49,Upper
10/29/2019,,67.985,Upper
10/30/2019,,68.268,Upper
10/31/2019,,67.998,Upper
11/1/2019,,68.023,Upper
11/2/2019,,68.115,Upper
11/3/2019,,67.929,Upper
11/4/2019,,68.51,Upper
11/5/2019,,68.783,Upper
11/6/2019,,68.865,Upper
11/7/2019,,69.052,Upper
11/8/2019,,69.068,Upper
11/9/2019,,69.379,Upper
11/10/2019,,69.566,Upper
11/11/2019,,69.8,Upper
11/12/2019,,69.934,Upper
11/13/2019,,70.129,Upper
11/14/2019,,70.102,Upper
11/15/2019,,69.552,Upper
11/16/2019,,69.401,Upper
11/17/2019,,68.999,Upper
11/18/2019,,69.78,Upper
11/19/2019,,70.599,Upper
11/20/2019,,71.122,Upper
11/21/2019,,71.424,Upper
11/22/2019,,68.024,Upper
11/23/2019,,67.891,Upper
11/24/2019,,69.77,Upper
11/25/2019,,70.496,Upper
11/26/2019,,70.633,Upper
11/27/2019,,71.414,Upper
11/28/2019,,71.617,Upper
11/29/2019,,71.831,Upper
11/30/2019,,71.794,Upper
12/1/2019,,71.919,Upper
12/2/2019,,72.006,Upper
12/3/2019,,71.954,Upper
12/4/2019,,72.174,Upper
12/5/2019,,72.248,Upper
12/6/2019,,72.307,Upper
12/7/2019,,72.519,Upper
12/8/2019,,72.651,Upper
12/9/2019,,72.549,Upper
12/10/2019,,72.588,Upper
12/11/2019,,72.559,Upper
12/12/2019,,72.753,Upper
12/13/2019,,72.767,Upper
12/14/2019,,73.079,Upper
12/15/2019,,73.199,Upper
12/16/2019,,73.138,Upper
12/17/2019,,73.205,Upper
12/18/2019,,73.455,Upper
12/19/2019,,73.578,Upper
12/20/2019,,73.571,Upper
12/21/2019,,73.745,Upper
12/22/2019,,73.979,Upper
12/23/2019,,74.123,Upper
12/24/2019,,74.253,Upper
12/25/2019,,74.305,Upper
12/26/2019,,74.415,Upper
12/27/2019,,74.36,Upper
12/28/2019,,74.431,Upper
12/29/2019,,74.475,Upper
12/30/2019,,74.638,Upper
12/31/2019,,74.666,Upper
1/1/2020,,74.714,Upper
1/2/2020,,74.957,Upper
1/3/2020,,74.934,Upper
1/4/2020,,75.017,Upper
1/5/2020,,74.936,Upper
1/6/2020,,74.925,Upper
3/11/2020,,75.73,Upper
8/4/2020,,59.68,Upper
8/6/2020,,58.873,Upper
8/7/2020,,58.936,Upper
8/8/2020,,58.922,Upper
8/9/2020,,59.115,Upper
8/10/2020,,59.701,Upper
8/11/2020,,60.188,Upper
8/12/2020,,60.492,Upper
8/13/2020,,59.944,Upper
8/14/2020,,59.416,Upper
8/15/2020,,59.542,Upper
8/16/2020,,57.634,Upper
8/17/2020,,59.381,Upper
8/18/2020,,59.764,Upper
8/19/2020,,59.885,Upper
8/20/2020,,59.776,Upper
8/21/2020,,59.894,Upper
8/22/2020,,60.556,Upper
8/23/2020,,60.798,Upper
8/24/2020,,60.894,Upper
8/25/2020,,58.558,Upper
8/26/2020,,57.256,Upper
8/27/2020,,56.513,Upper
8/28/2020,,57.05,Upper
8/29/2020,,58.983,Upper
8/30/2020,,58.818,Upper
8/31/2020,,59.281,Upper
9/1/2020,,59.649,Upper
9/2/2020,,59.952,Upper
9/3/2020,,60.275,Upper
9/4/2020,,60.518,Upper
9/5/2020,,60.457,Upper
9/6/2020,,59.858,Upper
9/7/2020,,60.061,Upper
9/8/2020,,59.84,Upper
9/9/2020,,58.262,Upper
9/10/2020,,58.9,Upper
9/11/2020,,59.012,Upper
9/12/2020,,59.669,Upper
9/13/2020,,59.935,Upper
9/14/2020,,59.971,Upper
9/15/2020,,56.606,Upper
9/16/2020,,56.456,Upper
9/17/2020,,55.851,Upper
9/18/2020,,56.805,Upper
9/19/2020,,58.977,Upper
9/20/2020,,59.401,Upper
9/21/2020,,60.014,Upper
9/22/2020,,60.504,Upper
9/23/2020,,60.717,Upper
9/24/2020,,60.322,Upper
9/25/2020,,59.413,Upper
9/26/2020,,58.737,Upper
9/27/2020,,58.573,Upper
9/28/2020,,59.324,Upper
9/29/2020,,60.273,Upper
9/30/2020,,60.87,Upper
10/1/2020,,61.312,Upper
10/2/2020,,61.179,Upper
10/3/2020,,60.8,Upper
10/4/2020,,60.679,Upper
10/5/2020,,60.319,Upper
10/6/2020,,60.779,Upper
10/7/2020,,61.374,Upper
10/8/2020,,61.71,Upper
10/9/2020,,61.809,Upper
10/10/2020,,62.102,Upper
10/11/2020,,62.317,Upper
10/12/2020,,62.6255,Upper
10/13/2020,,62.81,Upper
10/14/2020,,62.454,Upper
10/15/2020,,62.268,Upper
10/16/2020,,62.545,Upper
10/17/2020,,62.731,Upper
10/18/2020,,61.988,Upper
10/19/2020,,61.964,Upper
10/20/2020,,62.475,Upper
10/21/2020,,63.011,Upper
10/22/2020,,62.84,Upper
10/23/2020,,63.004,Upper
10/24/2020,,63.016,Upper
10/25/2020,,62.796,Upper
10/26/2020,,62.806,Upper
10/27/2020,,62.774,Upper
10/28/2020,,62.125,Upper
10/29/2020,,62.255,Upper
10/30/2020,,62.575,Upper
10/31/2020,,62.828,Upper
11/1/2020,,62.582,Upper
11/2/2020,,62.781,Upper
11/3/2020,,62.68,Upper
11/4/2020,,62.67,Upper
11/5/2020,,62.358,Upper
11/6/2020,,58.418,Upper
11/7/2020,,57.77,Upper
11/8/2020,,60.924,Upper
11/9/2020,,61.996,Upper
11/10/2020,,62.118,Upper
11/11/2020,,62.53,Upper
11/12/2020,,59.151,Upper
11/13/2020,,62.285,Upper
11/14/2020,,59.791,Upper
11/15/2020,,62.682,Upper
11/16/2020,,63.144,Upper
11/17/2020,,63.74,Upper
11/18/2020,,64.187,Upper
11/19/2020,,64.308,Upper
11/20/2020,,64.381,Upper
11/21/2020,,64.598,Upper
11/22/2020,,64.508,Upper
11/23/2020,,64.93,Upper
11/24/2020,,65.082,Upper
11/25/2020,,65.231,Upper
11/26/2020,,65.258,Upper
11/27/2020,,65.325,Upper
11/28/2020,,65.455,Upper
11/29/2020,,65.616,Upper
11/30/2020,,65.716,Upper
12/1/2020,,65.866,Upper
12/2/2020,,66.075,Upper
12/3/2020,,66.249,Upper
12/4/2020,,65.847,Upper
12/5/2020,,65.257,Upper
12/6/2020,,65.111,Upper
12/7/2020,,65.307,Upper
12/8/2020,,65.751,Upper
12/9/2020,,66.004,Upper
12/10/2020,,65.89,Upper
12/11/2020,,65.675,Upper
12/12/2020,,65.434,Upper
12/13/2020,,65.333,Upper
12/14/2020,,65.611,Upper
12/15/2020,,65.748,Upper
12/16/2020,,65.929,Upper
12/17/2020,,66.378,Upper
12/18/2020,,66.496,Upper
12/19/2020,,66.561,Upper
12/20/2020,,66.654,Upper
12/21/2020,,66.937,Upper
12/22/2020,,67.24,Upper
12/23/2020,,67.252,Upper
12/24/2020,,67.347,Upper
12/25/2020,,67.519,Upper
12/26/2020,,67.789,Upper
12/27/2020,,67.845,Upper
12/28/2020,,68.201,Upper
12/29/2020,,68.177,Upper
12/30/2020,,68.032,Upper
12/31/2020,,68.133,Upper
1/1/2021,,68.275,Upper
1/2/2021,,68.376,Upper
1/3/2021,,68.43,Upper
1/4/2021,,68.61,Upper
1/5/2021,,68.716,Upper
1/6/2021,,68.826,Upper
1/7/2021,,68.851,Upper
1/8/2021,,68.643,Upper
1/9/2021,,68.345,Upper
1/10/2021,,68.251,Upper
1/11/2021,,68.603,Upper
1/12/2021,,68.926,Upper
1/13/2021,,69.045,Upper
1/14/2021,,69.127,Upper
1/15/2021,,69.308,Upper
1/16/2021,,69.473,Upper
1/17/2021,,69.681,Upper
1/18/2021,,69.852,Upper
1/19/2021,,69.927,Upper
1/20/2021,,69.988,Upper
1/21/2021,,70.069,Upper
1/22/2021,,70.151,Upper
1/23/2021,,70.255,Upper
1/24/2021,,70.312,Upper
1/25/2021,,70.499,Upper
1/26/2021,,70.48,Upper
1/27/2021,,70.675,Upper
1/28/2021,,70.706,Upper
1/29/2021,,70.748,Upper
1/30/2021,,70.651,Upper
1/31/2021,,70.619,Upper
2/1/2021,,70.737,Upper
2/2/2021,,70.927,Upper
2/3/2021,,70.918,Upper
2/4/2021,,70.873,Upper
2/5/2021,,70.94,Upper
2/6/2021,,71.114,Upper
2/7/2021,,71.261,Upper
2/8/2021,,71.409,Upper
2/9/2021,,71.434,Upper
2/10/2021,,71.44,Upper
2/11/2021,,71.124,Upper
2/12/2021,,71.431,Upper
2/13/2021,,71.52,Upper
2/14/2021,,71.614,Upper
2/15/2021,,71.684,Upper
2/16/2021,,71.753,Upper
2/17/2021,,71.802,Upper
2/18/2021,,71.775,Upper
2/19/2021,,71.767,Upper
2/20/2021,,71.846,Upper
2/21/2021,,71.635,Upper
2/22/2021,,71.791,Upper
2/23/2021,,71.687,Upper
2/24/2021,,71.425,Upper
2/25/2021,,71.263,Upper
2/26/2021,,70.48,Upper
2/27/2021,,66.867,Upper
2/28/2021,,69.905,Upper
3/1/2021,,70.342,Upper
3/2/2021,,66.297,Upper
3/3/2021,,69.897,Upper
3/4/2021,,69.106,Upper
3/5/2021,,69.581,Upper
3/6/2021,,69.715,Upper
3/7/2021,,69.184,Upper
3/8/2021,,68.638,Upper
3/9/2021,,68.773,Upper
3/10/2021,,69.628,Upper
3/11/2021,,70.03,Upper
3/12/2021,,70.262,Upper
3/13/2021,,70.421,Upper
3/14/2021,,69.441,Upper
3/15/2021,,69.446,Upper
3/16/2021,,69.076,Upper
3/17/2021,,68.663,Upper
3/18/2021,,68.957,Upper
3/19/2021,,69.072,Upper
3/20/2021,,69.091,Upper
3/21/2021,,69.03,Upper
3/22/2021,,69.654,Upper
3/23/2021,,70.245,Upper
3/24/2021,,70.437,Upper
3/25/2021,,70.847,Upper
3/26/2021,,70.295,Upper
3/27/2021,,70.001,Upper
3/28/2021,,69.966,Upper
3/29/2021,,69.943,Upper
3/30/2021,,70.445,Upper
3/31/2021,,70.46,Upper
4/1/2021,,70.535,Upper
4/2/2021,,70.363,Upper
4/3/2021,,69.652,Upper
4/4/2021,,69.414,Upper
4/5/2021,,69.55,Upper
4/6/2021,,69.665,Upper
4/7/2021,,69.043,Upper
4/8/2021,,63.719,Upper
4/9/2021,,62.034,Upper
4/10/2021,,63.516,Upper
4/11/2021,,60.431,Upper
4/12/2021,,64.863,Upper
4/13/2021,,64.101,Upper
4/14/2021,,61.51,Upper
4/15/2021,,59.778,Upper
4/16/2021,,60.449,Upper
4/17/2021,,59.421,Upper
4/18/2021,,59.931,Upper
4/19/2021,,60.905,Upper
4/20/2021,,58.114,Upper
4/21/2021,,57.935,Upper
4/22/2021,,57.565,Upper
4/23/2021,,56.569,Upper
4/24/2021,,58.997,Upper
4/25/2021,,60.144,Upper
4/26/2021,,61.371,Upper
4/27/2021,,61.654,Upper
4/28/2021,,57.75,Upper
4/29/2021,,55.96,Upper
4/30/2021,,55.389,Upper
5/1/2021,,56.021,Upper
5/2/2021,,58.523,Upper
5/3/2021,,59.946,Upper
5/4/2021,,57.116,Upper
5/5/2021,,58.458,Upper
5/6/2021,,55.544,Upper
5/7/2021,,56.501,Upper
5/8/2021,,56.113,Upper
5/9/2021,,56.315,Upper
5/10/2021,,55.507,Upper
5/11/2021,,53.551,Upper
5/12/2021,,53.028,Upper
5/13/2021,,53.11,Upper
5/14/2021,,51.966,Upper
5/15/2021,,51.896,Upper
5/16/2021,,50.904,Upper
5/17/2021,,53.571,Upper
5/18/2021,,51.504,Upper
5/19/2021,,51.007,Upper
5/20/2021,,50.38,Upper
5/21/2021,,50.398,Upper
5/22/2021,,50.535,Upper
5/23/2021,,50.036,Upper
5/24/2021,,50.816,Upper
5/25/2021,,49.812,Upper
5/26/2021,,51.474,Upper
5/27/2021,,49.816,Upper
5/28/2021,,50.406,Upper
5/29/2021,,48.665,Upper
5/30/2021,,48.09,Upper
5/31/2021,,47.829,Upper
6/1/2021,,46.974,Upper
6/2/2021,,46.869,Upper
6/3/2021,,46.771,Upper
6/4/2021,,46.686,Upper
6/5/2021,,46.369,Upper
6/6/2021,,46.839,Upper
6/7/2021,,48.014,Upper
6/8/2021,,47.5,Upper
6/9/2021,,45.763,Upper
6/10/2021,,45.573,Upper
6/11/2021,,45.379,Upper
6/12/2021,,45.121,Upper
6/13/2021,,46.513,Upper
6/14/2021,,45.418,Upper
6/15/2021,,45.175,Upper
6/16/2021,,44.572,Upper
6/17/2021,,44.498,Upper
6/18/2021,,44.485,Upper
6/19/2021,,44.122,Upper
6/20/2021,,43.781,Upper
6/21/2021,,43.5,Upper
6/22/2021,,43.458,Upper
6/23/2021,,43.222,Upper
6/24/2021,,43.208,Upper
6/25/2021,,43.932,Upper
6/26/2021,,44.176,Upper
6/27/2021,,43.332,Upper
6/28/2021,,43.828,Upper
6/29/2021,,43.199,Upper
6/30/2021,,43.822,Upper
7/1/2021,,44.235,Upper
7/2/2021,,43.052,Upper
7/3/2021,,42.563,Upper
7/4/2021,,42.142,Upper
7/5/2021,,41.702,Upper
7/6/2021,,41.551,Upper
7/7/2021,,41.286,Upper
7/8/2021,,41.869,Upper
7/9/2021,,41.778,Upper
7/10/2021,,41.301,Upper
7/11/2021,,41.152,Upper
7/12/2021,,40.854,Upper
7/13/2021,,41.441,Upper
7/14/2021,,41.136,Upper
7/15/2021,,40.917,Upper
7/16/2021,,40.627,Upper
7/17/2021,,40.582,Upper
7/18/2021,,40.393,Upper
7/19/2021,,41.028,Upper
7/20/2021,,41.082,Upper
7/21/2021,,40.331,Upper
7/22/2021,,40.267,Upper
7/23/2021,,40.583,Upper
7/24/2021,,41.629,Upper
7/25/2021,,41.038,Upper
7/26/2021,,40.712,Upper
7/27/2021,,40.048,Upper
7/28/2021,,39.864,Upper
7/29/2021,,41.032,Upper
7/30/2021,,40.374,Upper
7/31/2021,,40.123,Upper
8/1/2021,,39.784,Upper
8/2/2021,,39.635,Upper
8/3/2021,,40.0025,Upper
8/4/2021,,39.419,Upper
8/5/2021,,39.584,Upper
8/6/2021,,39.497,Upper
8/7/2021,,39.397,Upper
8/8/2021,,39.497,Upper
8/9/2021,,40.296,Upper
8/10/2021,,40.475,Upper
8/11/2021,,40.817,Upper
8/12/2021,,41.277,Upper
8/13/2021,,41.507,Upper
8/14/2021,,41.207,Upper
8/15/2021,,40.995,Upper
8/16/2021,,41.135,Upper
8/17/2021,,42.028,Upper
8/18/2021,,41.007,Upper
8/19/2021,,42.323,Upper
8/20/2021,,42.009,Upper
8/21/2021,,41.799,Upper
8/22/2021,,41.588,Upper
8/23/2021,,41.441,Upper
8/24/2021,,41.512,Upper
8/25/2021,,41.84,Upper
8/26/2021,,41.623,Upper
8/27/2021,,41.427,Upper
8/28/2021,,41.406,Upper
8/29/2021,,41.408,Upper
8/30/2021,,41.237,Upper
8/31/2021,,41.369,Upper
9/1/2021,,41.969,Upper
9/2/2021,,41.656,Upper
9/3/2021,,41.52,Upper
9/4/2021,,41.549,Upper
9/5/2021,,41.466,Upper
9/6/2021,,41.449,Upper
9/7/2021,,42.295,Upper
9/8/2021,,42.075,Upper
9/9/2021,,41.744,Upper
9/10/2021,,40.85,Upper
9/11/2021,,41.882,Upper
9/12/2021,,42.26,Upper
9/13/2021,,42.016,Upper
9/14/2021,,42.644,Upper
9/15/2021,,41.221,Upper
9/16/2021,,40.755,Upper
9/17/2021,,40.674,Upper
9/18/2021,,42.092,Upper
9/19/2021,,42.408,Upper
9/20/2021,,42.703,Upper
9/21/2021,,42.922,Upper
9/22/2021,,40.95,Upper
9/23/2021,,40.227,Upper
9/24/2021,,40.119,Upper
9/25/2021,,41.244,Upper
9/26/2021,,41.691,Upper
9/27/2021,,42.039,Upper
9/28/2021,,42.076,Upper
9/29/2021,,40.251,Upper
9/30/2021,,40.014,Upper
10/1/2021,,39.826,Upper
10/2/2021,,40.764,Upper
10/3/2021,,41.165,Upper
10/4/2021,,41.472,Upper
10/5/2021,,41.613,Upper
10/6/2021,,41.664,Upper
10/7/2021,,41.333,Upper
10/8/2021,,41.119,Upper
10/9/2021,,40.828,Upper
10/10/2021,,40.704,Upper
10/11/2021,,41.424,Upper
10/12/2021,,42.1295,Upper
10/13/2021,,42.78,Upper
10/14/2021,,43.201,Upper
10/15/2021,,43.507,Upper
10/16/2021,,43.746,Upper
10/17/2021,,43.831,Upper
10/18/2021,,44.318,Upper
10/19/2021,,44.361,Upper
10/20/2021,,44.735,Upper
10/21/2021,,44.899,Upper
10/22/2021,,45.284,Upper
10/23/2021,,45.479,Upper
10/24/2021,,45.86,Upper
10/25/2021,,46.33,Upper
10/26/2021,,46.188,Upper
10/27/2021,,46.106,Upper
10/28/2021,,46.215,Upper
10/29/2021,,46.518,Upper
10/30/2021,,46.769,Upper
10/31/2021,,46.94,Upper
11/1/2021,,47.052,Upper
11/2/2021,,47.108,Upper
11/3/2021,,47.142,Upper
11/4/2021,,47.435,Upper
11/5/2021,,47.504,Upper
11/6/2021,,47.638,Upper
11/7/2021,,47.749,Upper
11/8/2021,,47.865,Upper
11/9/2021,,48.142,Upper
11/10/2021,,48.056,Upper
11/11/2021,,48.152,Upper
11/12/2021,,48.298,Upper
11/13/2021,,48.459,Upper
11/14/2021,,48.587,Upper
11/15/2021,,48.736,Upper
11/16/2021,,48.866,Upper
11/17/2021,,49.039,Upper
11/18/2021,,49.067,Upper
11/19/2021,,49.195,Upper
11/20/2021,,49.234,Upper
11/21/2021,,49.24,Upper
11/22/2021,,49.392,Upper
11/23/2021,,49.612,Upper
11/24/2021,,49.612,Upper
11/25/2021,,49.603,Upper
11/26/2021,,49.683,Upper
11/27/2021,,49.922,Upper
11/28/2021,,50.013,Upper
11/29/2021,,50.074,Upper
11/30/2021,,50.244,Upper
12/1/2021,,50.324,Upper
12/2/2021,,50.321,Upper
12/3/2021,,50.372,Upper
12/4/2021,,50.424,Upper
12/5/2021,,50.404,Upper
12/6/2021,,50.489,Upper
12/7/2021,,50.8,Upper
12/8/2021,,50.87,Upper
12/9/2021,,51.07,Upper
12/10/2021,,51.011,Upper
12/11/2021,,50.843,Upper
12/12/2021,,51.132,Upper
12/13/2021,,51.487,Upper
12/14/2021,,51.723,Upper
12/15/2021,,51.52,Upper
12/16/2021,,51.65,Upper
12/17/2021,,51.521,Upper
12/18/2021,,51.542,Upper
12/19/2021,,51.685,Upper
12/20/2021,,51.802,Upper
12/21/2021,,51.822,Upper
12/22/2021,,51.991,Upper
12/23/2021,,52.299,Upper
12/24/2021,,52.544,Upper
12/25/2021,,52.57,Upper
12/26/2021,,52.731,Upper
12/27/2021,,52.692,Upper
12/28/2021,,52.774,Upper
12/29/2021,,52.885,Upper
12/30/2021,,52.903,Upper
12/31/2021,,52.966,Upper
1/1/2022,,52.934,Upper
1/2/2022,,52.799,Upper
1/3/2022,,52.933,Upper
1/4/2022,,53.058,Upper
1/5/2022,,53.045,Upper
1/6/2022,,53.232,Upper
1/7/2022,,53.525,Upper
1/8/2022,,53.553,Upper
1/9/2022,,53.537,Upper
1/10/2022,,53.448,Upper
1/11/2022,,53.543,Upper
1/12/2022,,53.682,Upper
1/13/2022,,53.823,Upper
1/14/2022,,53.96,Upper
1/15/2022,,54.026,Upper
1/16/2022,,54.182,Upper
1/17/2022,,54.325,Upper
1/18/2022,,54.451,Upper
1/19/2022,,54.459,Upper
1/20/2022,,54.486,Upper
1/21/2022,,54.544,Upper
1/22/2022,,54.631,Upper
1/23/2022,,54.775,Upper
1/24/2022,,54.84,Upper
1/25/2022,,54.996,Upper
1/26/2022,,55.072,Upper
1/27/2022,,55.04,Upper
1/28/2022,,54.995,Upper
1/29/2022,,55.101,Upper
1/30/2022,,55.148,Upper
1/31/2022,,54.982,Upper
2/1/2022,,55.111,Upper
2/2/2022,,55.061,Upper
2/3/2022,,55.108,Upper
2/4/2022,,55.137,Upper
2/5/2022,,55.197,Upper
2/6/2022,,55.304,Upper
2/7/2022,,55.308,Upper
2/8/2022,,55.418,Upper
2/9/2022,,55.487,Upper
2/10/2022,,55.51,Upper
2/11/2022,,55.298,Upper
2/12/2022,,54.831,Upper
2/13/2022,,54.648,Upper
2/14/2022,,54.737,Upper
2/15/2022,,54.943,Upper
2/16/2022,,54.937,Upper
2/17/2022,,54.438,Upper
2/18/2022,,53.407,Upper
2/19/2022,,52.827,Upper
2/20/2022,,52.301,Upper
2/21/2022,,51.954,Upper
2/22/2022,,51.559,Upper
2/23/2022,,50.731,Upper
2/24/2022,,48.573,Upper
2/25/2022,,47.428,Upper
2/26/2022,,46.426,Upper
2/27/2022,,47.699,Upper
2/28/2022,,48.417,Upper
3/1/2022,,49.102,Upper
3/2/2022,,49.301,Upper
3/3/2022,,49.591,Upper
3/4/2022,,49.974,Upper
3/5/2022,,50.164,Upper
3/6/2022,,50.258,Upper
3/7/2022,,50.139,Upper
3/8/2022,,50.335,Upper
3/9/2022,,50.692,Upper
3/10/2022,,50.311,Upper
3/11/2022,,49.872,Upper
3/12/2022,,48.563,Upper
3/13/2022,,48.684,Upper
3/14/2022,,48.576,Upper
3/15/2022,,47.611,Upper
3/16/2022,,46.416,Upper
3/17/2022,,45.644,Upper
3/18/2022,,42.621,Upper
3/19/2022,,41.915,Upper
3/20/2022,,44.716,Upper
3/21/2022,,45.399,Upper
3/22/2022,,42.161,Upper
3/23/2022,,41.549,Upper
3/24/2022,,44.878,Upper
3/25/2022,,44.814,Upper
3/26/2022,,44.502,Upper
3/27/2022,,45.067,Upper
3/28/2022,,45.784,Upper
3/29/2022,,46.618,Upper
3/30/2022,,46.657,Upper
3/31/2022,,42.81,Upper
4/1/2022,,41.994,Upper
4/2/2022,,41.566,Upper
4/3/2022,,41.273,Upper
4/4/2022,,44.63,Upper
4/5/2022,,44.907,Upper
4/6/2022,,45.118,Upper
4/7/2022,,44.99,Upper
4/8/2022,,45.182,Upper
4/9/2022,,45.292,Upper
4/10/2022,,45.739,Upper
4/11/2022,,46.248,Upper
4/12/2022,,46.401,Upper
4/13/2022,,43.043,Upper
4/14/2022,,41.637,Upper
4/15/2022,,41.476,Upper
4/16/2022,,41.173,Upper
4/17/2022,,43.737,Upper
4/18/2022,,43.909,Upper
4/19/2022,,44.828,Upper
4/20/2022,,45.405,Upper
4/21/2022,,45.903,Upper
4/22/2022,,45.224,Upper
4/23/2022,,44.271,Upper
4/24/2022,,44.554,Upper
4/25/2022,,45.164,Upper
4/26/2022,,42.591,Upper
4/27/2022,,41.423,Upper
4/28/2022,,40.635,Upper
4/29/2022,,39.512,Upper
4/30/2022,,41.273,Upper
5/1/2022,,42.108,Upper
5/2/2022,,42.356,Upper
5/3/2022,,39.844,Upper
5/4/2022,,39.454,Upper
5/5/2022,,39.001,Upper
5/6/2022,,38.261,Upper
5/7/2022,,39.712,Upper
5/8/2022,,39.824,Upper
5/9/2022,,40.321,Upper
5/10/2022,,38.006,Upper
5/11/2022,,37.157,Upper
5/12/2022,,36.893,Upper
5/13/2022,,36.805,Upper
5/14/2022,,39.068,Upper
5/15/2022,,37.067,Upper
5/16/2022,,36.209,Upper
5/17/2022,,35.67,Upper
5/18/2022,,35.473,Upper
5/19/2022,,37.1,Upper
5/20/2022,,35.69,Upper
5/21/2022,,35.487,Upper
5/22/2022,,34.795,Upper
5/23/2022,,34.46,Upper
5/24/2022,,35.36,Upper
5/25/2022,,34.251,Upper
5/26/2022,,33.883,Upper
5/27/2022,,33.578,Upper
5/28/2022,,33.446,Upper
5/29/2022,,33.067,Upper
5/30/2022,,32.822,Upper
5/31/2022,,32.679,Upper
6/1/2022,,32.725,Upper
6/2/2022,,33.853,Upper
6/3/2022,,32.932,Upper
6/4/2022,,32.554,Upper
6/5/2022,,32.273,Upper
6/6/2022,,32.961,Upper
6/7/2022,,33.051,Upper
6/8/2022,,32.027,Upper
6/9/2022,,31.858,Upper
6/10/2022,,31.682,Upper
6/11/2022,,32.315,Upper
6/12/2022,,31.5,Upper
6/13/2022,,31.169,Upper
6/14/2022,,30.926,Upper
6/15/2022,,31.088,Upper
6/16/2022,,31.902,Upper
6/17/2022,,31.338,Upper
6/18/2022,,31.06,Upper
6/19/2022,,31.166,Upper
6/20/2022,,31.007,Upper
6/21/2022,,30.807,Upper
6/22/2022,,30.461,Upper
6/23/2022,,29.964,Upper
6/24/2022,,30.547,Upper
6/25/2022,,31.238,Upper
6/26/2022,,30.333,Upper
6/27/2022,,30.021,Upper
6/28/2022,,29.685,Upper
6/29/2022,,30.118,Upper
6/30/2022,,29.348,Upper
7/1/2022,,29.299,Upper
7/2/2022,,29.051,Upper
7/3/2022,,28.738,Upper
7/4/2022,,28.451,Upper
7/5/2022,,28.993,Upper
7/6/2022,,29.474,Upper
7/7/2022,,28.762,Upper
7/8/2022,,28.261,Upper
7/9/2022,,27.911,Upper
7/10/2022,,28.089,Upper
7/11/2022,,27.881,Upper
7/12/2022,,27.842,Upper
7/13/2022,,27.824,Upper
7/14/2022,,27.966,Upper
7/15/2022,,27.759,Upper
7/16/2022,,27.098,Upper
7/17/2022,,27.097,Upper
7/18/2022,,26.889,Upper
7/19/2022,,26.585,Upper
7/20/2022,,26.646,Upper
7/21/2022,,26.459,Upper
7/22/2022,,26.475,Upper
7/23/2022,,26.889,Upper
7/24/2022,,27.079,Upper
7/25/2022,,26.537,Upper
7/26/2022,,26.169,Upper
7/27/2022,,25.7,Upper
7/28/2022,,25.84,Upper
7/29/2022,,25.63,Upper
7/30/2022,,25.592,Upper
7/31/2022,,25.488,Upper
8/1/2022,,25.915,Upper
8/2/2022,,26.324,Upper
8/3/2022,,26.8585,Upper
8/4/2022,,25.608,Upper
8/5/2022,,25.206,Upper
8/6/2022,,25.203,Upper
8/7/2022,,24.983,Upper
8/8/2022,,24.746,Upper
8/9/2022,,24.558,Upper
8/10/2022,,24.62,Upper
8/11/2022,,24.294,Upper
8/12/2022,,24.657,Upper
8/13/2022,,24.915,Upper
8/14/2022,,24.976,Upper
8/15/2022,,25.182,Upper
8/16/2022,,24.972,Upper
8/17/2022,,24.974,Upper
8/18/2022,,24.881,Upper
8/19/2022,,24.812,Upper
8/20/2022,,24.6,Upper
8/21/2022,,24.238,Upper
8/22/2022,,23.989,Upper
8/23/2022,,24.186,Upper
8/24/2022,,24.495,Upper
8/25/2022,,24.769,Upper
8/26/2022,,24.679,Upper
8/27/2022,,24.403,Upper
8/28/2022,,24.099,Upper
8/29/2022,,24.083,Upper
8/30/2022,,24.762,Upper
8/31/2022,,24.347,Upper
9/1/2022,,24.522,Upper
9/2/2022,,24.345,Upper
9/3/2022,,24.199,Upper
9/4/2022,,23.935,Upper
9/5/2022,,24.012,Upper
9/6/2022,,23.553,Upper
9/7/2022,,23.454,Upper
9/8/2022,,23.16,Upper
9/9/2022,,23.427,Upper
9/10/2022,,23.669,Upper
9/11/2022,,22.556,Upper
9/12/2022,,22.347,Upper
9/13/2022,,22.973,Upper
9/14/2022,,23.213,Upper
9/15/2022,,22.977,Upper
9/16/2022,,23.116,Upper
9/17/2022,,23.284,Upper
9/18/2022,,23.698,Upper
9/19/2022,,23.905,Upper
9/20/2022,,24.089,Upper
9/21/2022,,24.455,Upper
9/22/2022,,24.794,Upper
9/23/2022,,25.374,Upper
9/24/2022,,25.662,Upper
9/25/2022,,25.764,Upper
9/26/2022,,26.088,Upper
9/27/2022,,26.282,Upper
9/28/2022,,26.495,Upper
9/29/2022,,25.665,Upper
9/30/2022,,25.274,Upper
10/1/2022,,24.806,Upper
10/2/2022,,24.944,Upper
10/3/2022,,25.334,Upper
10/4/2022,,25.553,Upper
10/5/2022,,25.791,Upper
10/6/2022,,24.652,Upper
10/7/2022,,23.826,Upper
10/8/2022,,23.264,Upper
10/9/2022,,23.637,Upper
10/10/2022,,24.8615,Upper
10/11/2022,,23.627,Upper
10/12/2022,,23.412,Upper
10/13/2022,,24.087,Upper
10/14/2022,,24.435,Upper
10/15/2022,,24.732,Upper
10/16/2022,,24.621,Upper
10/17/2022,,24.447,Upper
10/18/2022,,23.654,Upper
10/19/2022,,23.237,Upper
10/20/2022,,22.752,Upper
10/21/2022,,22.958,Upper
10/22/2022,,22.795,Upper
10/23/2022,,23.17,Upper
10/24/2022,,23.339,Upper
10/25/2022,,23.394,Upper
10/26/2022,,23.453,Upper
10/27/2022,,23.807,Upper
10/28/2022,,24.129,Upper
10/29/2022,,24.149,Upper
10/30/2022,,24.393,Upper
10/31/2022,,24.829,Upper
11/1/2022,,25.234,Upper
11/2/2022,,25.376,Upper
11/3/2022,,25.416,Upper
11/4/2022,,25.552,Upper
11/5/2022,,25.794,Upper
11/6/2022,,26.162,Upper
11/7/2022,,26.589,Upper
11/8/2022,,26.759,Upper
11/9/2022,,26.979,Upper
11/10/2022,,26.756,Upper
11/11/2022,,27.037,Upper
11/12/2022,,27.315,Upper
11/13/2022,,27.417,Upper
11/14/2022,,27.595,Upper
11/15/2022,,27.755,Upper
11/16/2022,,27.783,Upper
11/17/2022,,27.993,Upper
11/18/2022,,28.276,Upper
11/19/2022,,28.375,Upper
11/20/2022,,28.476,Upper
11/21/2022,,28.626,Upper
11/22/2022,,28.826,Upper
11/23/2022,,28.902,Upper
11/24/2022,,28.997,Upper
11/25/2022,,29.042,Upper
11/26/2022,,29.24,Upper
11/27/2022,,29.465,Upper
11/28/2022,,29.702,Upper
11/29/2022,,29.813,Upper
11/30/2022,,29.916,Upper
12/1/2022,,30.226,Upper
12/2/2022,,30.11,Upper
12/3/2022,,30.179,Upper
12/4/2022,,30.412,Upper
12/5/2022,,30.478,Upper
12/6/2022,,30.585,Upper
12/7/2022,,30.582,Upper
12/8/2022,,30.546,Upper
12/9/2022,,30.841,Upper
12/10/2022,,31.118,Upper
12/11/2022,,31.479,Upper
12/12/2022,,31.284,Upper
12/13/2022,,31.269,Upper
12/14/2022,,31.236,Upper
12/15/2022,,31.278,Upper
12/16/2022,,31.434,Upper
12/17/2022,,31.589,Upper
12/18/2022,,31.818,Upper
12/19/2022,,31.804,Upper
12/20/2022,,31.75,Upper
12/21/2022,,31.922,Upper
12/22/2022,,32.152,Upper
12/23/2022,,32.273,Upper
12/24/2022,,32.291,Upper
12/25/2022,,32.349,Upper
12/26/2022,,32.577,Upper
12/27/2022,,33.001,Upper
12/28/2022,,32.991,Upper
12/29/2022,,33.082,Upper
12/30/2022,,33.231,Upper
12/31/2022,,33.435,Upper
1/1/2023,,33.505,Upper
1/2/2023,,33.481,Upper
1/3/2023,,33.525,Upper
1/4/2023,,33.599,Upper
1/5/2023,,34.048,Upper
1/6/2023,,33.695,Upper
1/7/2023,,33.814,Upper
1/8/2023,,34.16,Upper
1/9/2023,,34.253,Upper
1/10/2023,,34.366,Upper
1/11/2023,,34.217,Upper
1/12/2023,,34.238,Upper
1/13/2023,,34.338,Upper
1/14/2023,,34.644,Upper
1/15/2023,,34.913,Upper
1/16/2023,,35.052,Upper
1/17/2023,,34.939,Upper
1/18/2023,,34.829,Upper
1/19/2023,,34.989,Upper
1/20/2023,,34.884,Upper
1/21/2023,,34.959,Upper
1/22/2023,,35.053,Upper
1/23/2023,,35.227,Upper
1/24/2023,,35.288,Upper
1/25/2023,,35.326,Upper
1/26/2023,,35.322,Upper
1/27/2023,,35.451,Upper
1/28/2023,,35.783,Upper
1/29/2023,,36.046,Upper
1/30/2023,,35.982,Upper
1/31/2023,,35.92,Upper
2/1/2023,,36.072,Upper
2/2/2023,,36.086,Upper
2/3/2023,,36.156,Upper
2/4/2023,,36.264,Upper
2/5/2023,,36.613,Upper
2/6/2023,,36.366,Upper
2/7/2023,,36.415,Upper
2/8/2023,,36.497,Upper
2/9/2023,,36.613,Upper
2/10/2023,,36.367,Upper
2/11/2023,,36.804,Upper
2/12/2023,,36.829,Upper
2/13/2023,,37.112,Upper
2/14/2023,,36.993,Upper
2/15/2023,,36.87,Upper
2/16/2023,,36.075,Upper
2/17/2023,,35.751,Upper
2/18/2023,,36.134,Upper
2/19/2023,,36.387,Upper
2/20/2023,,36.446,Upper
2/21/2023,,36.579,Upper
2/22/2023,,36.878,Upper
2/23/2023,,36.313,Upper
2/24/2023,,36.037,Upper
2/25/2023,,36.26,Upper
2/26/2023,,36.386,Upper
2/27/2023,,36.587,Upper
2/28/2023,,36.846,Upper
3/1/2023,,36.408,Upper
3/2/2023,,35.884,Upper
3/3/2023,,36.197,Upper
3/4/2023,,36.653,Upper
3/5/2023,,36.931,Upper
3/6/2023,,36.875,Upper
3/7/2023,,36.946,Upper
3/8/2023,,37.195,Upper
3/9/2023,,37.227,Upper
3/10/2023,,37.841,Upper
3/11/2023,,37.704,Upper
3/12/2023,,37.714,Upper
3/13/2023,,37.825,Upper
3/14/2023,,38.001,Upper
3/15/2023,,38.238,Upper
3/16/2023,,38.179,Upper
3/17/2023,,38.211,Upper
3/18/2023,,38.297,Upper
3/19/2023,,38.543,Upper
3/20/2023,,38.758,Upper
3/21/2023,,38.886,Upper
3/22/2023,,39.131,Upper
3/23/2023,,38.818,Upper
3/24/2023,,38.713,Upper
3/25/2023,,38.783,Upper
3/26/2023,,38.916,Upper
3/27/2023,,38.997,Upper
3/28/2023,,38.498,Upper
3/29/2023,,38.965,Upper
3/30/2023,,39.12,Upper
3/31/2023,,39.146,Upper
4/1/2023,,39.184,Upper
4/2/2023,,39.366,Upper
4/3/2023,,39.548,Upper
4/4/2023,,39.538,Upper
4/5/2023,,39.478,Upper
4/6/2023,,40.1985,Upper
4/7/2023,,39.838,Upper
4/8/2023,,39.921,Upper
4/9/2023,,39.902,Upper
4/10/2023,,40.034,Upper
4/11/2023,,40.263,Upper
4/12/2023,,40.353,Upper
4/13/2023,,40.449,Upper
4/14/2023,,40.607,Upper
4/15/2023,,40.566,Upper
4/16/2023,,40.524,Upper
4/17/2023,,40.672,Upper
4/18/2023,,40.809,Upper
4/19/2023,,40.707,Upper
4/20/2023,,40.56,Upper
4/21/2023,,40.453,Upper
4/22/2023,,40.462,Upper
4/23/2023,,40.656,Upper
4/24/2023,,40.768,Upper
4/25/2023,,40.731,Upper
4/26/2023,,40.603,Upper
4/27/2023,,40.705,Upper
4/28/2023,,40.642,Upper
4/29/2023,,40.415,Upper
4/30/2023,,40.167,Upper
5/1/2023,,40.412,Upper
5/2/2023,,40.067,Upper
5/3/2023,,39.825,Upper
5/4/2023,,40.126,Upper
5/5/2023,,40.058,Upper
5/6/2023,,39.914,Upper
5/7/2023,,39.958,Upper
5/8/2023,,40.151,Upper
5/9/2023,,40.023,Upper
5/10/2023,,40,Upper
5/11/2023,,39.188,Upper
5/12/2023,,38.826,Upper
5/13/2023,,38.483,Upper
5/14/2023,,38.155,Upper
5/15/2023,,37.875,Upper
5/16/2023,,37.15,Upper
5/17/2023,,36.938,Upper
5/18/2023,,36.48,Upper
5/19/2023,,36.245,Upper
5/20/2023,,36.019,Upper
5/21/2023,,35.872,Upper
5/22/2023,,35.859,Upper
5/23/2023,,35.529,Upper
5/24/2023,,34.828,Upper
5/25/2023,,34.308,Upper
5/26/2023,,34.369,Upper
5/27/2023,,34.916,Upper
5/28/2023,,35.037,Upper
5/29/2023,,35.359,Upper
5/30/2023,,35.302,Upper
5/31/2023,,34.633,Upper
6/1/2023,,34.061,Upper
6/2/2023,,33.674,Upper
6/3/2023,,33.672,Upper
6/4/2023,,33.719,Upper
6/5/2023,,33.564,Upper
6/6/2023,,33.096,Upper
6/7/2023,,33.004,Upper
6/8/2023,,32.879,Upper
6/9/2023,,32.853,Upper
6/10/2023,,32.281,Upper
6/11/2023,,32.296,Upper
6/12/2023,,32.409,Upper
6/13/2023,,32.428,Upper
6/14/2023,,31.953,Upper
6/15/2023,,31.88,Upper
6/16/2023,,31.289,Upper
6/17/2023,,30.895,Upper
6/18/2023,,30.739,Upper
6/19/2023,,31.329,Upper
6/20/2023,,31.131,Upper
6/21/2023,,30.634,Upper
6/22/2023,,30.66,Upper
6/23/2023,,30.672,Upper
6/24/2023,,30.265,Upper
6/25/2023,,30.073,Upper
6/26/2023,,30.372,Upper
6/27/2023,,30.522,Upper
6/28/2023,,30.426,Upper
6/29/2023,,29.784,Upper
6/30/2023,,29.586,Upper
7/1/2023,,29.372,Upper
7/2/2023,,29.259,Upper
7/3/2023,,29.285,Upper
7/4/2023,,29.212,Upper
7/5/2023,,29.217,Upper
7/6/2023,,28.977,Upper
7/7/2023,,28.993,Upper
7/8/2023,,28.861,Upper
7/9/2023,,29.004,Upper
7/10/2023,,28.879,Upper
7/11/2023,,28.671,Upper
7/12/2023,,28.109,Upper
7/13/2023,,28.235,Upper
7/14/2023,,28.108,Upper
7/15/2023,,28.213,Upper
7/16/2023,,28.175,Upper
7/17/2023,,27.754,Upper
7/18/2023,,27.27,Upper
7/19/2023,,27.421,Upper
7/20/2023,,27.703,Upper
7/21/2023,,27.431,Upper
7/22/2023,,27.019,Upper
7/23/2023,,26.678,Upper
7/24/2023,,26.35,Upper
7/25/2023,,26.441,Upper
7/26/2023,,26.618,Upper
7/27/2023,,26.609,Upper
7/28/2023,,26.506,Upper
7/29/2023,,26.606,Upper
7/30/2023,,26.544,Upper
7/31/2023,,26.564,Upper
8/1/2023,,26.377,Upper
8/2/2023,,27.35,Upper
8/3/2023,,27.101,Upper
8/4/2023,,26.887,Upper
8/5/2023,,27.234,Upper
8/6/2023,,27.364,Upper
8/7/2023,,27.611,Upper
8/8/2023,,27.675,Upper
8/9/2023,,27.353,Upper
8/10/2023,,27.227,Upper
8/11/2023,,27.479,Upper
8/12/2023,,27.406,Upper
8/13/2023,,27.336,Upper
8/14/2023,,27.354,Upper
8/15/2023,,27.56,Upper
8/16/2023,,27.481,Upper
8/17/2023,,27.333,Upper
8/18/2023,,27.207,Upper
8/19/2023,,27.247,Upper
8/20/2023,,27.327,Upper
8/21/2023,,27.536,Upper
8/22/2023,,27.341,Upper
8/23/2023,,27.339,Upper
8/24/2023,,27.297,Upper
8/25/2023,,27.217,Upper
8/26/2023,,26.959,Upper
8/27/2023,,25.431,Upper
8/28/2023,,25.727,Upper
8/29/2023,,24.737,Upper
8/30/2023,,25.11,Upper
8/31/2023,,26.633,Upper
9/1/2023,,26.266,Upper
9/2/2023,,26.433,Upper
9/3/2023,,26.258,Upper
9/4/2023,,26.222,Upper
9/5/2023,,26.666,Upper
9/6/2023,,25.016,Upper
9/7/2023,,25.843,Upper
9/8/2023,,26.142,Upper
9/9/2023,,26.438,Upper
9/10/2023,,26.447,Upper
9/11/2023,,26.591,Upper
9/12/2023,,26.675,Upper
9/13/2023,,26.73,Upper
9/14/2023,,26.833,Upper
9/15/2023,,26.826,Upper
9/16/2023,,26.211,Upper
9/17/2023,,25.895,Upper
9/18/2023,,25.954,Upper
9/19/2023,,25.955,Upper
9/20/2023,,25.026,Upper
9/21/2023,,25.33,Upper
9/22/2023,,25.907,Upper
9/23/2023,,26.298,Upper
9/24/2023,,26.454,Upper
9/25/2023,,26.391,Upper
9/26/2023,,26.669,Upper
9/27/2023,,27.054,Upper
9/28/2023,,26.656,Upper
9/29/2023,,25.685,Upper
9/30/2023,,27.161,Upper
10/1/2023,,27.415,Upper
10/2/2023,,27.645,Upper
10/3/2023,,27.65,Upper
10/4/2023,,27.44,Upper
10/5/2023,,27.566,Upper
10/6/2023,,27.844,Upper
10/7/2023,,28.062,Upper
10/8/2023,,26.188,Upper
10/9/2023,,26.527,Upper
10/10/2023,,27.555,Upper
10/11/2023,,28.0675,Upper
10/12/2023,,28.3,Upper
10/13/2023,,28.45,Upper
10/14/2023,,28.429,Upper
10/15/2023,,28.495,Upper
10/16/2023,,28.739,Upper
10/17/2023,,28.81,Upper
10/18/2023,,28.773,Upper
10/19/2023,,28.253,Upper
10/20/2023,,27.983,Upper
10/21/2023,,27.718,Upper
10/22/2023,,27.675,Upper
10/23/2023,,28.088,Upper
10/24/2023,,28.474,Upper
10/25/2023,,28.719,Upper
10/26/2023,,28.782,Upper
10/27/2023,,28.728,Upper
10/28/2023,,29.099,Upper
10/29/2023,,29.149,Upper
10/30/2023,,29.39,Upper
10/31/2023,,29.492,Upper
11/1/2023,,29.635,Upper
11/2/2023,,29.778,Upper
11/3/2023,,29.904,Upper
11/4/2023,,30.063,Upper
11/5/2023,,30.254,Upper
11/6/2023,,30.511,Upper
11/7/2023,,30.617,Upper
11/8/2023,,30.562,Upper
11/9/2023,,30.571,Upper
11/10/2023,,30.736,Upper
11/11/2023,,30.857,Upper
11/12/2023,,30.869,Upper
11/13/2023,,30.98,Upper
11/14/2023,,31.137,Upper
11/15/2023,,31.222,Upper
11/16/2023,,31.286,Upper
11/17/2023,,31.323,Upper
11/18/2023,,31.498,Upper
11/19/2023,,31.414,Upper
11/20/2023,,31.332,Upper
11/21/2023,,31.461,Upper
11/22/2023,,31.559,Upper
11/23/2023,,31.887,Upper
11/24/2023,,32.019,Upper
11/25/2023,,32.044,Upper
11/26/2023,,32.058,Upper
11/27/2023,,32.158,Upper
11/28/2023,,32.107,Upper
11/29/2023,,32.267,Upper
11/30/2023,,32.333,Upper
12/1/2023,,32.316,Upper
12/2/2023,,32.301,Upper
12/3/2023,,32.451,Upper
12/4/2023,,32.433,Upper
12/5/2023,,32.536,Upper
12/6/2023,,32.685,Upper
12/7/2023,,32.819,Upper
12/8/2023,,32.761,Upper
12/9/2023,,32.828,Upper
12/10/2023,,32.859,Upper
12/11/2023,,33.152,Upper
12/12/2023,,33.362,Upper
12/13/2023,,33.388,Upper
12/14/2023,,33.436,Upper
12/15/2023,,33.454,Upper
12/16/2023,,33.6,Upper
12/17/2023,,33.685,Upper
12/18/2023,,33.889,Upper
12/19/2023,,34.241,Upper
12/20/2023,,34.324,Upper
12/21/2023,,34.204,Upper
12/22/2023,,34.227,Upper
12/23/2023,,34.269,Upper
12/24/2023,,34.353,Upper
12/25/2023,,34.355,Upper
12/26/2023,,34.403,Upper
12/27/2023,,34.593,Upper
12/28/2023,,34.616,Upper
12/29/2023,,34.786,Upper
12/30/2023,,35.008,Upper
12/31/2023,,35.004,Upper
1/1/2024,,35.11,Upper
1/2/2024,,35.136,Upper
1/3/2024,,35.388,Upper
1/4/2024,,35.276,Upper
1/5/2024,,35.338,Upper
1/6/2024,,35.484,Upper
1/7/2024,,35.686,Upper
1/8/2024,,35.653,Upper
1/9/2024,,35.636,Upper
1/10/2024,,35.857,Upper
1/11/2024,,36.096,Upper
1/12/2024,,35.987,Upper
1/13/2024,,36.034,Upper
1/14/2024,,36.365,Upper
1/15/2024,,36.295,Upper
1/16/2024,,36.412,Upper
1/17/2024,,36.621,Upper
1/18/2024,,36.605,Upper
1/19/2024,,36.733,Upper
1/20/2024,,37.064,Upper
1/21/2024,,37.226,Upper
1/22/2024,,37.362,Upper
1/23/2024,,37.275,Upper
1/24/2024,,37.261,Upper
1/25/2024,,37.3,Upper
1/26/2024,,37.213,Upper
1/27/2024,,37.259,Upper
1/28/2024,,37.418,Upper
1/29/2024,,37.786,Upper
1/30/2024,,37.858,Upper
1/31/2024,,38.073,Upper
2/1/2024,,38.387,Upper
2/2/2024,,38.404,Upper
2/3/2024,,38.228,Upper
2/4/2024,,38.376,Upper
2/5/2024,,38.797,Upper
2/6/2024,,38.646,Upper
2/7/2024,,38.715,Upper
2/8/2024,,38.695,Upper
2/9/2024,,38.581,Upper
2/10/2024,,38.553,Upper
2/11/2024,,38.622,Upper
2/12/2024,,38.644,Upper
2/13/2024,,38.748,Upper
2/14/2024,,38.778,Upper
2/15/2024,,38.867,Upper
2/16/2024,,38.92,Upper
2/17/2024,,39.071,Upper
2/18/2024,,39.334,Upper
2/19/2024,,39.595,Upper
2/20/2024,,39.55,Upper
2/21/2024,,39.539,Upper
2/22/2024,,39.384,Upper
2/23/2024,,39.465,Upper
2/24/2024,,39.717,Upper
2/25/2024,,39.806,Upper
2/26/2024,,39.948,Upper
2/27/2024,,39.949,Upper
2/28/2024,,39.989,Upper
2/29/2024,,40.137,Upper
3/1/2024,,40.263,Upper
3/2/2024,,40.543,Upper
3/3/2024,,40.482,Upper
3/4/2024,,40.38,Upper
3/5/2024,,39.594,Upper
3/6/2024,,39.954,Upper
3/7/2024,,40.12,Upper
3/8/2024,,40.035,Upper
3/9/2024,,40.078,Upper
3/10/2024,,40.263,Upper
3/11/2024,,40.444,Upper
3/12/2024,,40.47,Upper
3/13/2024,,40.461,Upper
3/14/2024,,40.5615,Upper
9/17/2002,,73.6,Lower
10/3/2002,,83.5,Lower
10/16/2002,,79.76,Lower
11/22/2002,,101.38,Lower
1/8/2003,,114.98,Lower
1/10/2003,,115.687,Lower
1/11/2003,,115.86,Lower
1/12/2003,,116.089,Lower
1/13/2003,,116.348,Lower
1/14/2003,,116.549,Lower
1/15/2003,,116.749,Lower
1/16/2003,,116.968,Lower
1/17/2003,,117.208,Lower
1/18/2003,,117.398,Lower
1/19/2003,,117.588,Lower
1/20/2003,,117.808,Lower
1/21/2003,,117.979,Lower
1/22/2003,,118.228,Lower
1/23/2003,,118.39,Lower
1/24/2003,,118.589,Lower
1/25/2003,,118.79,Lower
1/26/2003,,118.999,Lower
1/27/2003,,119.26,Lower
1/28/2003,,119.429,Lower
1/29/2003,,119.569,Lower
1/30/2003,,119.768,Lower
1/31/2003,,120.017,Lower
2/1/2003,,120.229,Lower
2/2/2003,,120.359,Lower
2/3/2003,,120.558,Lower
2/4/2003,,120.749,Lower
2/5/2003,,120.909,Lower
2/6/2003,,121.049,Lower
2/7/2003,,121.189,Lower
2/8/2003,,121.359,Lower
2/9/2003,,120.411,Lower
2/10/2003,,119.988,Lower
2/11/2003,,120.348,Lower
2/12/2003,,120.86,Lower
2/13/2003,,121.268,Lower
2/14/2003,,121.528,Lower
2/15/2003,,121.827,Lower
2/16/2003,,122.048,Lower
2/17/2003,,122.277,Lower
2/18/2003,,122.404,Lower
2/19/2003,,122.73,Lower
2/20/2003,,122.919,Lower
2/21/2003,,123.118,Lower
2/22/2003,,123.35,Lower
2/23/2003,,123.629,Lower
2/24/2003,,123.819,Lower
2/25/2003,,124.009,Lower
2/26/2003,,123.831,Lower
2/27/2003,,123.878,Lower
2/28/2003,,123.423,Lower
3/1/2003,,123.317,Lower
3/2/2003,,123.658,Lower
3/3/2003,,123.911,Lower
3/4/2003,,123.205,Lower
3/5/2003,,122.796,Lower
3/6/2003,,123.227,Lower
3/7/2003,,123.588,Lower
3/8/2003,,123.868,Lower
3/9/2003,,124.139,Lower
3/10/2003,,124.448,Lower
3/11/2003,,124.538,Lower
3/12/2003,,124.571,Lower
3/13/2003,,124.5905,Lower
3/14/2003,,125.107,Lower
3/15/2003,,125.426,Lower
3/16/2003,,125.616,Lower
3/17/2003,,125.751,Lower
3/18/2003,,125.845,Lower
3/19/2003,,126.05,Lower
3/20/2003,,126.24,Lower
3/21/2003,,126.4,Lower
3/22/2003,,126.591,Lower
3/23/2003,,126.77,Lower
3/24/2003,,126.945,Lower
3/25/2003,,127.045,Lower
3/26/2003,,127.204,Lower
3/27/2003,,126.38,Lower
3/28/2003,,125.601,Lower
3/29/2003,,125.43,Lower
3/30/2003,,125.597,Lower
3/31/2003,,126.076,Lower
4/1/2003,,126.245,Lower
4/2/2003,,126.415,Lower
4/3/2003,,126.6,Lower
4/4/2003,,126.216,Lower
4/5/2003,,126.42,Lower
4/6/2003,,126.551,Lower
4/7/2003,,126.831,Lower
4/8/2003,,127.124,Lower
4/9/2003,,127.3775,Lower
4/10/2003,,125.44,Lower
4/11/2003,,121.691,Lower
4/12/2003,,120.936,Lower
4/13/2003,,122.521,Lower
4/14/2003,,123.584,Lower
4/15/2003,,124.313,Lower
4/16/2003,,124.677,Lower
4/17/2003,,125.058,Lower
4/18/2003,,125.536,Lower
4/19/2003,,125.673,Lower
4/20/2003,,125.643,Lower
4/21/2003,,126.157,Lower
4/22/2003,,126.545,Lower
4/23/2003,,125.143,Lower
4/24/2003,,124.193,Lower
4/25/2003,,125.053,Lower
4/26/2003,,125.71,Lower
4/27/2003,,126.221,Lower
4/28/2003,,126.72,Lower
4/29/2003,,127.077,Lower
4/30/2003,,127.367,Lower
5/1/2003,,127.697,Lower
5/2/2003,,128.008,Lower
5/3/2003,,128.325,Lower
5/4/2003,,128.532,Lower
5/5/2003,,128.703,Lower
5/6/2003,,128.952,Lower
5/7/2003,,129.163,Lower
5/8/2003,,129.382,Lower
5/9/2003,,129.532,Lower
5/10/2003,,129.693,Lower
5/11/2003,,129.885,Lower
5/12/2003,,130.077,Lower
5/13/2003,,130.187,Lower
5/14/2003,,127.63,Lower
5/15/2003,,123.307,Lower
5/16/2003,,119.306,Lower
5/17/2003,,115.893,Lower
5/18/2003,,116.12,Lower
5/19/2003,,118.687,Lower
5/20/2003,,117.173,Lower
5/21/2003,,113.545,Lower
5/22/2003,,112.387,Lower
5/23/2003,,110.532,Lower
5/24/2003,,108.967,Lower
5/25/2003,,107.157,Lower
5/26/2003,,110.099,Lower
5/27/2003,,112.507,Lower
5/28/2003,,109.5865,Lower
5/29/2003,,105.947,Lower
5/30/2003,,102.357,Lower
5/31/2003,,99.493,Lower
6/1/2003,,97.157,Lower
6/2/2003,,97.067,Lower
6/3/2003,,95.099,Lower
6/4/2003,,92.392,Lower
6/5/2003,,91.515,Lower
6/6/2003,,91.357,Lower
6/7/2003,,89.709,Lower
6/8/2003,,89.453,Lower
6/9/2003,,93.13,Lower
6/10/2003,,92.217,Lower
6/11/2003,,88.982,Lower
6/12/2003,,87.758,Lower
6/13/2003,,88.41,Lower
6/14/2003,,86.64,Lower
6/15/2003,,84.01,Lower
6/16/2003,,85.643,Lower
6/17/2003,,85.201,Lower
6/18/2003,,82.72,Lower
6/19/2003,,81.589,Lower
6/20/2003,,81.292,Lower
6/21/2003,,82.015,Lower
6/22/2003,,80.3,Lower
6/23/2003,,78.366,Lower
6/24/2003,,77.903,Lower
6/25/2003,,77.482,Lower
6/26/2003,,76.285,Lower
6/27/2003,,74.868,Lower
6/28/2003,,73.62,Lower
6/29/2003,,72.872,Lower
6/30/2003,,73.906,Lower
7/1/2003,,73.131,Lower
7/2/2003,,72.199,Lower
7/3/2003,,71.611,Lower
7/4/2003,,69.753,Lower
7/5/2003,,69.598,Lower
7/6/2003,,68.755,Lower
7/30/2003,,58.93,Lower
8/26/2003,,60.93,Lower
8/28/2003,,61.473,Lower
8/29/2003,,62.147,Lower
8/30/2003,,61.708,Lower
8/31/2003,,62.546,Lower
9/1/2003,,63.582,Lower
9/2/2003,,63.916,Lower
9/3/2003,,64.185,Lower
9/4/2003,,63.451,Lower
9/5/2003,,65.328,Lower
9/6/2003,,64.941,Lower
9/7/2003,,65.602,Lower
9/8/2003,,64.786,Lower
9/9/2003,,66.859,Lower
9/10/2003,,68.35,Lower
9/11/2003,,68.991,Lower
9/12/2003,,68.625,Lower
9/13/2003,,67.747,Lower
9/14/2003,,66.973,Lower
9/15/2003,,65.665,Lower
9/16/2003,,67.336,Lower
9/17/2003,,68.753,Lower
9/18/2003,,68.291,Lower
9/19/2003,,67.603,Lower
9/20/2003,,67.656,Lower
9/21/2003,,67.674,Lower
9/22/2003,,66.392,Lower
9/23/2003,,66.196,Lower
9/24/2003,,66.146,Lower
9/25/2003,,66.77,Lower
9/26/2003,,66.904,Lower
9/27/2003,,67.819,Lower
9/28/2003,,68.888,Lower
9/29/2003,,68.703,Lower
9/30/2003,,68.222,Lower
10/1/2003,,68.141,Lower
10/2/2003,,68.256,Lower
10/3/2003,,68.586,Lower
10/4/2003,,69.316,Lower
10/5/2003,,69.923,Lower
10/6/2003,,72.079,Lower
10/7/2003,,73.997,Lower
10/8/2003,,74.821,Lower
10/9/2003,,74.261,Lower
10/10/2003,,74.614,Lower
10/11/2003,,75.624,Lower
10/12/2003,,76.524,Lower
10/13/2003,,76.883,Lower
10/14/2003,,77.673,Lower
10/15/2003,,78.129,Lower
10/16/2003,,75.9865,Lower
10/17/2003,,75.26,Lower
10/18/2003,,75.957,Lower
10/19/2003,,77.702,Lower
10/20/2003,,77.247,Lower
10/21/2003,,75.787,Lower
10/22/2003,,74.733,Lower
10/23/2003,,74.331,Lower
10/24/2003,,75.511,Lower
10/25/2003,,76.689,Lower
10/26/2003,,77.845,Lower
10/27/2003,,78.786,Lower
10/28/2003,,78.123,Lower
10/29/2003,,76.631,Lower
10/30/2003,,76.445,Lower
10/31/2003,,76.022,Lower
11/1/2003,,76.633,Lower
11/2/2003,,78.713,Lower
11/3/2003,,80.476,Lower
11/4/2003,,81.727,Lower
11/5/2003,,82.884,Lower
11/6/2003,,83.887,Lower
11/7/2003,,84.804,Lower
11/8/2003,,85.676,Lower
11/9/2003,,86.527,Lower
11/10/2003,,87.232,Lower
11/11/2003,,87.891,Lower
11/12/2003,,88.576,Lower
11/13/2003,,89.259,Lower
11/14/2003,,89.826,Lower
11/15/2003,,90.439,Lower
11/16/2003,,91.006,Lower
11/17/2003,,91.539,Lower
11/18/2003,,92.007,Lower
11/19/2003,,92.522,Lower
11/20/2003,,93.064,Lower
11/21/2003,,93.546,Lower
11/22/2003,,94.12,Lower
11/23/2003,,94.515,Lower
11/24/2003,,94.985,Lower
11/25/2003,,94.705,Lower
11/26/2003,,95.9,Lower
11/27/2003,,96.245,Lower
11/28/2003,,96.635,Lower
11/29/2003,,97.1,Lower
11/30/2003,,97.555,Lower
12/1/2003,,97.947,Lower
12/2/2003,,98.295,Lower
12/3/2003,,98.645,Lower
12/4/2003,,99.06,Lower
12/5/2003,,99.414,Lower
12/6/2003,,99.824,Lower
12/7/2003,,100.2,Lower
12/8/2003,,100.44,Lower
12/9/2003,,100.898,Lower
12/10/2003,,101.48,Lower
12/11/2003,,101.825,Lower
12/12/2003,,102.07,Lower
12/13/2003,,102.395,Lower
12/14/2003,,102.843,Lower
12/15/2003,,103.026,Lower
12/16/2003,,103.295,Lower
12/17/2003,,103.585,Lower
12/18/2003,,103.92,Lower
12/19/2003,,104.245,Lower
12/20/2003,,104.57,Lower
12/21/2003,,104.85,Lower
12/22/2003,,105.085,Lower
12/23/2003,,105.431,Lower
12/24/2003,,105.845,Lower
12/25/2003,,106.12,Lower
12/26/2003,,106.365,Lower
12/27/2003,,106.515,Lower
12/28/2003,,106.73,Lower
12/29/2003,,107.141,Lower
12/30/2003,,107.56,Lower
12/31/2003,,107.745,Lower
1/1/2004,,108.025,Lower
1/2/2004,,108.225,Lower
1/3/2004,,108.455,Lower
1/4/2004,,108.615,Lower
1/5/2004,,108.83,Lower
1/6/2004,,109.122,Lower
1/7/2004,,109.425,Lower
1/8/2004,,109.66,Lower
1/9/2004,,109.935,Lower
1/10/2004,,110.135,Lower
1/11/2004,,110.425,Lower
1/12/2004,,110.67,Lower
1/13/2004,,110.83,Lower
1/14/2004,,111.06,Lower
1/15/2004,,111.34,Lower
1/16/2004,,111.56,Lower
1/17/2004,,111.77,Lower
1/18/2004,,111.96,Lower
1/19/2004,,112.145,Lower
1/20/2004,,112.38,Lower
1/21/2004,,112.555,Lower
1/22/2004,,112.745,Lower
1/23/2004,,112.97,Lower
1/24/2004,,113.26,Lower
1/25/2004,,113.47,Lower
1/26/2004,,113.655,Lower
1/27/2004,,113.855,Lower
1/28/2004,,114.06,Lower
1/29/2004,,114.26,Lower
1/30/2004,,114.485,Lower
1/31/2004,,114.695,Lower
2/1/2004,,114.905,Lower
2/2/2004,,115.094,Lower
2/3/2004,,115.415,Lower
2/4/2004,,115.515,Lower
2/5/2004,,115.645,Lower
2/6/2004,,115.805,Lower
2/7/2004,,115.99,Lower
2/8/2004,,116.18,Lower
2/9/2004,,116.39,Lower
2/10/2004,,116.595,Lower
2/11/2004,,116.722,Lower
2/12/2004,,116.925,Lower
2/13/2004,,117.115,Lower
2/14/2004,,117.265,Lower
2/15/2004,,117.451,Lower
2/16/2004,,117.672,Lower
2/17/2004,,117.944,Lower
2/18/2004,,118.132,Lower
2/19/2004,,118.229,Lower
2/20/2004,,118.429,Lower
2/21/2004,,118.665,Lower
2/22/2004,,118.875,Lower
2/23/2004,,119.08,Lower
2/24/2004,,119.21,Lower
2/25/2004,,119.376,Lower
2/26/2004,,119.71,Lower
2/27/2004,,119.728,Lower
2/28/2004,,119.805,Lower
2/29/2004,,119.962,Lower
3/1/2004,,120.145,Lower
3/2/2004,,120.371,Lower
3/3/2004,,120.422,Lower
3/4/2004,,120.562,Lower
3/5/2004,,120.695,Lower
3/6/2004,,120.772,Lower
3/7/2004,,120.895,Lower
3/8/2004,,121.082,Lower
3/9/2004,,121.258,Lower
3/10/2004,,121.418,Lower
3/11/2004,,121.592,Lower
3/12/2004,,121.765,Lower
3/13/2004,,121.912,Lower
3/14/2004,,121.997,Lower
3/15/2004,,122.109,Lower
3/16/2004,,122.233,Lower
3/17/2004,,122.402,Lower
3/18/2004,,122.249,Lower
3/19/2004,,122.107,Lower
3/20/2004,,122.239,Lower
3/21/2004,,122.385,Lower
3/22/2004,,122.505,Lower
3/23/2004,,122.185,Lower
3/24/2004,,121.697,Lower
3/25/2004,,121.428,Lower
3/26/2004,,121.508,Lower
3/27/2004,,121.742,Lower
3/28/2004,,122.031,Lower
3/29/2004,,122.322,Lower
3/30/2004,,122.624,Lower
3/31/2004,,119.676,Lower
4/1/2004,,116.165,Lower
4/2/2004,,114.389,Lower
4/3/2004,,115.622,Lower
4/4/2004,,116.53,Lower
4/5/2004,,117.533,Lower
4/6/2004,,116.071,Lower
4/7/2004,,113.331,Lower
4/8/2004,,112.299,Lower
4/9/2004,,113.411,Lower
4/10/2004,,113.237,Lower
4/11/2004,,112.305,Lower
4/12/2004,,112.764,Lower
4/13/2004,,113.821,Lower
4/14/2004,,112.141,Lower
4/15/2004,,108.181,Lower
4/16/2004,,104.79,Lower
4/17/2004,,103.706,Lower
4/18/2004,,106.188,Lower
4/19/2004,,108.215,Lower
4/20/2004,,109.614,Lower
4/21/2004,,110.657,Lower
4/22/2004,,108.682,Lower
4/23/2004,,104.86,Lower
4/24/2004,,101.798,Lower
4/25/2004,,100.284,Lower
4/26/2004,,101.716,Lower
4/27/2004,,101.06,Lower
4/28/2004,,98.86,Lower
4/29/2004,,96.983,Lower
4/30/2004,,97.052,Lower
5/1/2004,,95.048,Lower
5/2/2004,,92.544,Lower
5/3/2004,,93.414,Lower
5/4/2004,,93.536,Lower
5/5/2004,,91.016,Lower
5/6/2004,,90.355,Lower
5/7/2004,,90.051,Lower
5/8/2004,,90.321,Lower
5/9/2004,,88.735,Lower
5/10/2004,,87.3,Lower
5/11/2004,,85.73,Lower
5/12/2004,,85.04,Lower
5/13/2004,,86.787,Lower
5/14/2004,,86.544,Lower
5/15/2004,,84.703,Lower
5/16/2004,,83.4,Lower
5/17/2004,,82.728,Lower
5/18/2004,,81.592,Lower
5/19/2004,,80.404,Lower
5/20/2004,,80.472,Lower
5/21/2004,,80.25,Lower
5/22/2004,,79.26,Lower
5/23/2004,,80.781,Lower
5/24/2004,,83.778,Lower
5/25/2004,,83.309,Lower
5/26/2004,,79.96,Lower
5/27/2004,,77.375,Lower
5/28/2004,,76.192,Lower
5/29/2004,,77.051,Lower
5/30/2004,,77.968,Lower
5/31/2004,,80.892,Lower
6/1/2004,,80.708,Lower
6/2/2004,,78.085,Lower
6/3/2004,,76.035,Lower
6/4/2004,,74.774,Lower
6/5/2004,,73.543,Lower
6/6/2004,,72.443,Lower
6/7/2004,,73.88,Lower
6/8/2004,,73.435,Lower
6/9/2004,,71.162,Lower
6/10/2004,,70.123,Lower
6/11/2004,,68.667,Lower
6/12/2004,,66.805,Lower
6/13/2004,,65.211,Lower
6/14/2004,,65.52,Lower
6/15/2004,,67.115,Lower
6/16/2004,,66.049,Lower
6/17/2004,,64.698,Lower
6/18/2004,,63.062,Lower
6/19/2004,,61.16,Lower
6/20/2004,,59.516,Lower
6/21/2004,,58.3865,Lower
6/22/2004,,58.359,Lower
6/23/2004,,58.872,Lower
6/24/2004,,58.4,Lower
6/25/2004,,56.807,Lower
6/26/2004,,55.593,Lower
6/27/2004,,54.763,Lower
6/28/2004,,55.635,Lower
6/29/2004,,55.673,Lower
6/30/2004,,55.126,Lower
7/1/2004,,54.305,Lower
7/2/2004,,53.648,Lower
7/3/2004,,53.782,Lower
7/4/2004,,54.22,Lower
7/5/2004,,55.123,Lower
7/6/2004,,55.601,Lower
7/7/2004,,54.466,Lower
7/8/2004,,53.52,Lower
7/9/2004,,54.365,Lower
7/10/2004,,53.866,Lower
7/11/2004,,52.258,Lower
7/12/2004,,51.036,Lower
7/13/2004,,50.963,Lower
7/14/2004,,51.116,Lower
7/15/2004,,51.75,Lower
7/16/2004,,51.93,Lower
7/17/2004,,50.96,Lower
7/18/2004,,49.086,Lower
7/19/2004,,48.178,Lower
7/20/2004,,47.65,Lower
7/21/2004,,47.52,Lower
7/22/2004,,48.705,Lower
7/23/2004,,48.228,Lower
7/24/2004,,47.797,Lower
7/25/2004,,47.225,Lower
7/26/2004,,46.78,Lower
7/27/2004,,46.9965,Lower
7/28/2004,,47.23,Lower
7/29/2004,,46.643,Lower
7/30/2004,,45.559,Lower
7/31/2004,,44.649,Lower
8/1/2004,,44.088,Lower
8/2/2004,,44.07,Lower
8/3/2004,,45.59,Lower
8/4/2004,,46.474,Lower
8/5/2004,,46.101,Lower
8/6/2004,,44.942,Lower
8/7/2004,,44.927,Lower
8/8/2004,,45.466,Lower
8/9/2004,,45.075,Lower
8/10/2004,,44.882,Lower
8/11/2004,,45.1,Lower
8/12/2004,,46.019,Lower
8/13/2004,,46.601,Lower
8/14/2004,,46.44,Lower
8/15/2004,,45.579,Lower
8/16/2004,,45.243,Lower
8/17/2004,,45.797,Lower
8/18/2004,,46.627,Lower
8/19/2004,,47.178,Lower
8/20/2004,,46.977,Lower
8/21/2004,,46.752,Lower
8/22/2004,,47.953,Lower
8/23/2004,,48.942,Lower
8/24/2004,,48.6515,Lower
8/25/2004,,49.26,Lower
8/26/2004,,50.454,Lower
8/27/2004,,51.353,Lower
8/28/2004,,51.573,Lower
8/29/2004,,50.454,Lower
8/30/2004,,49.9,Lower
8/31/2004,,50.17,Lower
9/1/2004,,50.045,Lower
9/2/2004,,50.078,Lower
9/3/2004,,50.576,Lower
9/4/2004,,51.85,Lower
9/5/2004,,51.263,Lower
9/6/2004,,50.733,Lower
9/7/2004,,51.353,Lower
9/8/2004,,52.147,Lower
9/9/2004,,52.927,Lower
9/10/2004,,53.963,Lower
9/11/2004,,54.303,Lower
9/12/2004,,54.43,Lower
9/13/2004,,55.923,Lower
9/14/2004,,56.417,Lower
9/15/2004,,56.807,Lower
9/16/2004,,58.891,Lower
9/17/2004,,59.167,Lower
9/18/2004,,58.211,Lower
9/19/2004,,57.855,Lower
9/20/2004,,57.533,Lower
9/21/2004,,57.291,Lower
9/22/2004,,57.783,Lower
9/23/2004,,57.905,Lower
9/24/2004,,57.773,Lower
9/25/2004,,57.93,Lower
9/26/2004,,57.258,Lower
9/27/2004,,57.549,Lower
9/28/2004,,57.941,Lower
9/29/2004,,56.823,Lower
9/30/2004,,57.643,Lower
10/1/2004,,58.592,Lower
10/2/2004,,59.906,Lower
10/3/2004,,59.87,Lower
10/4/2004,,60.927,Lower
10/5/2004,,60.938,Lower
10/6/2004,,60.303,Lower
10/7/2004,,60.899,Lower
10/8/2004,,60.507,Lower
10/9/2004,,60.413,Lower
10/10/2004,,62.127,Lower
10/11/2004,,64.027,Lower
10/12/2004,,65.24,Lower
10/13/2004,,65.648,Lower
10/14/2004,,64.563,Lower
10/15/2004,,62.09,Lower
10/16/2004,,61.128,Lower
10/17/2004,,63.078,Lower
10/18/2004,,65.229,Lower
10/19/2004,,66.655,Lower
10/20/2004,,68.624,Lower
10/21/2004,,69.854,Lower
10/22/2004,,70.998,Lower
10/23/2004,,72.027,Lower
10/24/2004,,72.99,Lower
10/25/2004,,73.903,Lower
10/26/2004,,74.834,Lower
10/27/2004,,75.62,Lower
10/28/2004,,76.324,Lower
10/29/2004,,76.971,Lower
10/30/2004,,77.668,Lower
10/31/2004,,78.358,Lower
11/1/2004,,78.968,Lower
11/2/2004,,79.58,Lower
11/3/2004,,80.254,Lower
11/4/2004,,80.936,Lower
11/5/2004,,81.457,Lower
11/6/2004,,82.037,Lower
11/7/2004,,82.574,Lower
11/8/2004,,83.083,Lower
11/9/2004,,83.55,Lower
11/10/2004,,84.031,Lower
11/11/2004,,84.574,Lower
11/12/2004,,85.043,Lower
11/13/2004,,85.575,Lower
11/14/2004,,86.017,Lower
11/15/2004,,86.485,Lower
11/16/2004,,86.957,Lower
11/17/2004,,87.373,Lower
11/18/2004,,87.78,Lower
11/19/2004,,88.227,Lower
11/20/2004,,88.689,Lower
11/21/2004,,89.067,Lower
11/22/2004,,89.671,Lower
11/23/2004,,90.079,Lower
11/24/2004,,90.453,Lower
11/25/2004,,90.811,Lower
11/26/2004,,91.212,Lower
11/27/2004,,91.644,Lower
11/28/2004,,92.01,Lower
11/29/2004,,92.318,Lower
11/30/2004,,92.658,Lower
12/1/2004,,93.058,Lower
12/2/2004,,93.426,Lower
12/3/2004,,93.748,Lower
12/4/2004,,94.15,Lower
12/5/2004,,94.578,Lower
12/6/2004,,94.9,Lower
12/7/2004,,95.298,Lower
12/8/2004,,95.616,Lower
12/9/2004,,95.847,Lower
12/10/2004,,96.101,Lower
12/11/2004,,96.457,Lower
12/12/2004,,96.811,Lower
12/13/2004,,97.074,Lower
12/14/2004,,97.312,Lower
12/15/2004,,97.614,Lower
12/16/2004,,97.91,Lower
12/17/2004,,98.146,Lower
12/18/2004,,98.448,Lower
12/19/2004,,98.718,Lower
12/20/2004,,99.032,Lower
12/21/2004,,99.341,Lower
12/22/2004,,99.52,Lower
12/23/2004,,99.775,Lower
12/24/2004,,100.005,Lower
12/25/2004,,100.265,Lower
12/26/2004,,100.611,Lower
12/27/2004,,100.997,Lower
12/28/2004,,101.34,Lower
12/29/2004,,101.696,Lower
12/30/2004,,101.996,Lower
12/31/2004,,102.224,Lower
1/1/2005,,102.43,Lower
1/2/2005,,102.608,Lower
1/3/2005,,102.901,Lower
1/4/2005,,103.178,Lower
1/5/2005,,103.32,Lower
1/6/2005,,103.487,Lower
1/7/2005,,103.834,Lower
1/8/2005,,104.18,Lower
1/9/2005,,104.344,Lower
1/10/2005,,104.506,Lower
1/11/2005,,104.89,Lower
1/12/2005,,104.978,Lower
1/13/2005,,105.128,Lower
1/14/2005,,105.342,Lower
1/15/2005,,105.54,Lower
1/16/2005,,105.728,Lower
1/17/2005,,105.966,Lower
1/18/2005,,106.173,Lower
1/19/2005,,106.368,Lower
1/20/2005,,106.609,Lower
1/21/2005,,106.861,Lower
1/22/2005,,107.043,Lower
1/23/2005,,107.25,Lower
1/24/2005,,107.481,Lower
1/25/2005,,107.707,Lower
1/26/2005,,107.973,Lower
1/27/2005,,108.21,Lower
1/28/2005,,108.473,Lower
1/29/2005,,108.568,Lower
1/30/2005,,108.74,Lower
1/31/2005,,108.946,Lower
2/1/2005,,109.142,Lower
2/2/2005,,109.138,Lower
2/3/2005,,109.345,Lower
2/4/2005,,109.545,Lower
2/5/2005,,109.765,Lower
2/6/2005,,110.008,Lower
2/7/2005,,110.185,Lower
2/8/2005,,110.33,Lower
2/9/2005,,110.52,Lower
2/10/2005,,110.73,Lower
2/11/2005,,110.98,Lower
2/12/2005,,111.205,Lower
2/13/2005,,111.36,Lower
2/14/2005,,111.56,Lower
2/15/2005,,111.76,Lower
2/16/2005,,111.958,Lower
2/17/2005,,112.135,Lower
2/18/2005,,112.398,Lower
2/19/2005,,112.605,Lower
2/20/2005,,112.848,Lower
2/21/2005,,112.995,Lower
2/22/2005,,113.17,Lower
2/23/2005,,113.33,Lower
2/24/2005,,113.48,Lower
2/25/2005,,113.65,Lower
2/26/2005,,113.86,Lower
2/27/2005,,114.03,Lower
2/28/2005,,114.265,Lower
3/1/2005,,114.32,Lower
3/2/2005,,114.31,Lower
3/3/2005,,114.268,Lower
3/4/2005,,114.365,Lower
3/5/2005,,114.608,Lower
3/6/2005,,114.805,Lower
3/7/2005,,114.988,Lower
3/8/2005,,115.178,Lower
3/9/2005,,115.37,Lower
3/10/2005,,115.56,Lower
3/11/2005,,115.772,Lower
3/12/2005,,115.942,Lower
3/13/2005,,116.122,Lower
3/14/2005,,116.232,Lower
3/15/2005,,115.896,Lower
3/16/2005,,113.571,Lower
3/17/2005,,110.988,Lower
3/18/2005,,108.802,Lower
3/19/2005,,108.718,Lower
3/20/2005,,110.244,Lower
3/21/2005,,111.338,Lower
3/22/2005,,112.266,Lower
3/23/2005,,112.978,Lower
3/24/2005,,113.435,Lower
3/25/2005,,113.818,Lower
3/26/2005,,114.178,Lower
3/27/2005,,114.605,Lower
3/28/2005,,115.09,Lower
3/29/2005,,115.328,Lower
3/30/2005,,115.55,Lower
3/31/2005,,115.534,Lower
4/1/2005,,115.535,Lower
4/2/2005,,115.69,Lower
4/3/2005,,113.43,Lower
4/4/2005,,112.77,Lower
4/5/2005,,113.59,Lower
4/6/2005,,112.99,Lower
4/7/2005,,113.37,Lower
4/8/2005,,114.06,Lower
4/9/2005,,114.71,Lower
4/10/2005,,115.15,Lower
4/11/2005,,115.61,Lower
4/12/2005,,116.01,Lower
4/13/2005,,116.35,Lower
4/14/2005,,116.55,Lower
4/15/2005,,115.22,Lower
4/16/2005,,111.61,Lower
4/17/2005,,110.14,Lower
4/18/2005,,109.92,Lower
4/19/2005,,111.14,Lower
4/20/2005,,111.03,Lower
4/21/2005,,107.85,Lower
4/22/2005,,107.34,Lower
4/23/2005,,108.14,Lower
4/24/2005,,109.15,Lower
4/25/2005,,110.21,Lower
4/26/2005,,111,Lower
4/27/2005,,111.63,Lower
4/28/2005,,112.02,Lower
4/29/2005,,111.97,Lower
4/30/2005,,110.36,Lower
5/1/2005,,108.89,Lower
5/2/2005,,109.1,Lower
5/3/2005,,108.17,Lower
5/4/2005,,106.78,Lower
5/5/2005,,106.9,Lower
5/6/2005,,108.27,Lower
5/7/2005,,109.38,Lower
5/8/2005,,110.3,Lower
5/9/2005,,111.2,Lower
5/10/2005,,111.74,Lower
5/11/2005,,112.3,Lower
5/12/2005,,112.78,Lower
5/13/2005,,112.33,Lower
5/14/2005,,111.02,Lower
5/15/2005,,110.02,Lower
5/16/2005,,110.51,Lower
5/17/2005,,110.41,Lower
5/18/2005,,108.8,Lower
5/19/2005,,109.63,Lower
5/20/2005,,110.64,Lower
5/21/2005,,111.32,Lower
5/22/2005,,111.91,Lower
5/23/2005,,110.22,Lower
5/24/2005,,107.38,Lower
5/25/2005,,103.795,Lower
5/26/2005,,101.66,Lower
5/27/2005,,99.21,Lower
5/28/2005,,97.95,Lower
5/29/2005,,97.31,Lower
5/30/2005,,97.84,Lower
5/31/2005,,97.16,Lower
6/1/2005,,94.78,Lower
6/2/2005,,93.34,Lower
6/3/2005,,93.72,Lower
6/4/2005,,92.34,Lower
6/5/2005,,89.42,Lower
6/6/2005,,86.94,Lower
6/7/2005,,85.44,Lower
6/8/2005,,84,Lower
6/9/2005,,84.16,Lower
6/10/2005,,85.52,Lower
6/11/2005,,86.36,Lower
6/12/2005,,85.51,Lower
6/13/2005,,82.68,Lower
6/14/2005,,81.7,Lower
6/15/2005,,79.42,Lower
6/16/2005,,78.13,Lower
6/17/2005,,78.49,Lower
6/18/2005,,78.41,Lower
6/19/2005,,78.93,Lower
6/20/2005,,80.87,Lower
6/21/2005,,80.75,Lower
6/22/2005,,78.76,Lower
6/23/2005,,76.43,Lower
6/24/2005,,74.36,Lower
6/25/2005,,73.95,Lower
6/26/2005,,74.81,Lower
6/27/2005,,75.17,Lower
6/28/2005,,74.76,Lower
6/29/2005,,72.85,Lower
6/30/2005,,71.57,Lower
7/1/2005,,70.45,Lower
7/2/2005,,68.96,Lower
7/3/2005,,68.07,Lower
7/4/2005,,66.88,Lower
7/5/2005,,66.4,Lower
7/6/2005,,67.54,Lower
7/7/2005,,67.87,Lower
7/8/2005,,67.96,Lower
7/9/2005,,66.48,Lower
7/10/2005,,64.75,Lower
7/11/2005,,63.12,Lower
7/12/2005,,61.82,Lower
7/13/2005,,62.4,Lower
7/14/2005,,62.17,Lower
7/15/2005,,62.25,Lower
7/16/2005,,63.64,Lower
7/17/2005,,64.07,Lower
7/18/2005,,62.06,Lower
7/19/2005,,61.02,Lower
7/20/2005,,61.28,Lower
7/21/2005,,60.37,Lower
7/22/2005,,58.8,Lower
7/23/2005,,57.43,Lower
7/24/2005,,57.01,Lower
7/25/2005,,57.05,Lower
7/26/2005,,58.63,Lower
7/27/2005,,57.83,Lower
7/28/2005,,56.62,Lower
7/29/2005,,56.9,Lower
7/30/2005,,56.5,Lower
7/31/2005,,55.12,Lower
8/1/2005,,55.36,Lower
8/2/2005,,55.88,Lower
8/3/2005,,54.38,Lower
8/4/2005,,52.68,Lower
8/5/2005,,51.4,Lower
8/6/2005,,50.96,Lower
8/7/2005,,49.33,Lower
8/8/2005,,48.46,Lower
8/9/2005,,48.49,Lower
8/10/2005,,48.89,Lower
8/11/2005,,48.12,Lower
8/12/2005,,46.64,Lower
8/13/2005,,45.47,Lower
8/14/2005,,44.86,Lower
8/15/2005,,45.5,Lower
8/16/2005,,45.35,Lower
8/17/2005,,44.66,Lower
8/18/2005,,44.64,Lower
8/19/2005,,44.51,Lower
8/20/2005,,44.79,Lower
8/21/2005,,45.6,Lower
8/22/2005,,47.16,Lower
8/23/2005,,48.3,Lower
8/24/2005,,48.235,Lower
8/25/2005,,48.65,Lower
8/26/2005,,49.59,Lower
8/27/2005,,50.17,Lower
8/28/2005,,50.66,Lower
8/29/2005,,51.28,Lower
8/30/2005,,51.65,Lower
8/31/2005,,52.8,Lower
9/1/2005,,54.23,Lower
9/2/2005,,53.29,Lower
9/3/2005,,52.57,Lower
9/4/2005,,53.31,Lower
9/5/2005,,54.49,Lower
9/6/2005,,55.52,Lower
9/7/2005,,55.86,Lower
9/8/2005,,55.75,Lower
9/9/2005,,56.55,Lower
9/10/2005,,57.88,Lower
9/11/2005,,59.36,Lower
9/12/2005,,59.95,Lower
9/13/2005,,60.84,Lower
9/14/2005,,60.87,Lower
9/15/2005,,60.42,Lower
9/16/2005,,61.71,Lower
9/17/2005,,62.91,Lower
9/18/2005,,62.75,Lower
9/19/2005,,63.03,Lower
9/20/2005,,63.46,Lower
9/21/2005,,63.48,Lower
9/22/2005,,62.78,Lower
9/23/2005,,64.33,Lower
9/24/2005,,65.44,Lower
9/25/2005,,66.58,Lower
9/26/2005,,67.19,Lower
9/27/2005,,67.87,Lower
9/28/2005,,68.43,Lower
9/29/2005,,68.94,Lower
9/30/2005,,69.42,Lower
10/1/2005,,69.78,Lower
10/2/2005,,70.44,Lower
10/3/2005,,70.79,Lower
10/4/2005,,71.07,Lower
10/5/2005,,70.91,Lower
10/6/2005,,71.95,Lower
10/7/2005,,72.58,Lower
10/8/2005,,73.27,Lower
10/9/2005,,73.31,Lower
10/10/2005,,73.98,Lower
10/11/2005,,74.7,Lower
10/12/2005,,73.84,Lower
10/13/2005,,73.64,Lower
10/14/2005,,73.34,Lower
10/15/2005,,72.39,Lower
10/16/2005,,72.72,Lower
10/17/2005,,73.95,Lower
10/18/2005,,73.2,Lower
10/19/2005,,71.045,Lower
10/20/2005,,71.15,Lower
10/21/2005,,71.69,Lower
10/22/2005,,71.75,Lower
10/23/2005,,72.21,Lower
10/24/2005,,73.93,Lower
10/25/2005,,75.49,Lower
10/26/2005,,76.75,Lower
10/27/2005,,77.9,Lower
10/28/2005,,78.87,Lower
10/29/2005,,79.7,Lower
10/30/2005,,80.43,Lower
10/31/2005,,81.12,Lower
11/1/2005,,81.84,Lower
11/2/2005,,82.55,Lower
11/3/2005,,83.12,Lower
11/4/2005,,83.74,Lower
11/5/2005,,84.29,Lower
11/6/2005,,84.9,Lower
11/7/2005,,85.52,Lower
11/8/2005,,86.07,Lower
11/9/2005,,86.58,Lower
11/10/2005,,87.03,Lower
11/11/2005,,87.52,Lower
11/12/2005,,87.91,Lower
11/13/2005,,88.36,Lower
11/14/2005,,88.79,Lower
11/15/2005,,89.22,Lower
11/16/2005,,89.65,Lower
11/17/2005,,90.09,Lower
11/18/2005,,90.15,Lower
11/19/2005,,90.52,Lower
11/20/2005,,90.98,Lower
11/21/2005,,91.41,Lower
11/22/2005,,91.84,Lower
11/23/2005,,92.27,Lower
11/24/2005,,92.69,Lower
11/25/2005,,93.07,Lower
11/26/2005,,93.41,Lower
11/27/2005,,93.72,Lower
11/28/2005,,94.08,Lower
11/29/2005,,94.5,Lower
11/30/2005,,94.82,Lower
12/1/2005,,95.26,Lower
12/2/2005,,95.6,Lower
12/3/2005,,95.84,Lower
12/4/2005,,96.09,Lower
12/5/2005,,96.43,Lower
12/6/2005,,96.79,Lower
12/7/2005,,97.15,Lower
12/8/2005,,97.48,Lower
12/9/2005,,97.75,Lower
12/10/2005,,98.04,Lower
12/11/2005,,98.34,Lower
12/12/2005,,98.65,Lower
12/13/2005,,98.91,Lower
12/14/2005,,99.17,Lower
12/15/2005,,99.44,Lower
12/16/2005,,99.76,Lower
12/17/2005,,100.03,Lower
12/18/2005,,100.33,Lower
12/19/2005,,100.66,Lower
12/20/2005,,100.91,Lower
12/21/2005,,101.24,Lower
12/22/2005,,101.58,Lower
12/23/2005,,101.81,Lower
12/24/2005,,102.06,Lower
12/25/2005,,102.37,Lower
12/26/2005,,102.7,Lower
12/27/2005,,102.81,Lower
12/28/2005,,103.15,Lower
12/29/2005,,103.36,Lower
12/30/2005,,103.64,Lower
12/31/2005,,104.09,Lower
1/1/2006,,104.24,Lower
1/2/2006,,104.58,Lower
1/3/2006,,104.69,Lower
1/4/2006,,104.85,Lower
1/5/2006,,105.06,Lower
1/6/2006,,105.32,Lower
1/7/2006,,105.64,Lower
1/8/2006,,105.76,Lower
1/9/2006,,105.94,Lower
1/10/2006,,106.16,Lower
1/11/2006,,106.42,Lower
1/12/2006,,106.59,Lower
1/13/2006,,106.84,Lower
1/14/2006,,107.15,Lower
1/15/2006,,107.3,Lower
1/16/2006,,107.42,Lower
1/17/2006,,107.61,Lower
1/18/2006,,107.95,Lower
1/19/2006,,108.12,Lower
1/20/2006,,108.29,Lower
1/21/2006,,108.49,Lower
1/22/2006,,108.7,Lower
1/23/2006,,108.85,Lower
1/24/2006,,109.1,Lower
1/25/2006,,109.33,Lower
1/26/2006,,109.5,Lower
1/27/2006,,109.65,Lower
1/28/2006,,109.79,Lower
1/29/2006,,110,Lower
1/30/2006,,110.21,Lower
1/31/2006,,110.42,Lower
2/1/2006,,110.62,Lower
2/2/2006,,110.85,Lower
2/3/2006,,111.01,Lower
2/4/2006,,111.24,Lower
2/5/2006,,111.34,Lower
2/6/2006,,111.56,Lower
2/7/2006,,111.71,Lower
2/8/2006,,111.89,Lower
2/9/2006,,112.07,Lower
2/10/2006,,112.24,Lower
2/11/2006,,112.36,Lower
2/12/2006,,112.5,Lower
2/13/2006,,112.71,Lower
2/14/2006,,112.95,Lower
2/15/2006,,113.04,Lower
3/28/2006,,116.53,Lower
3/30/2006,,116.77,Lower
3/31/2006,,117.014,Lower
4/1/2006,,117.233,Lower
4/2/2006,,117.379,Lower
4/3/2006,,117.666,Lower
4/4/2006,,117.862,Lower
4/5/2006,,118.111,Lower
4/6/2006,,118.161,Lower
4/7/2006,,118.362,Lower
4/8/2006,,118.557,Lower
4/9/2006,,118.697,Lower
4/10/2006,,118.934,Lower
4/11/2006,,119.129,Lower
4/12/2006,,119.343,Lower
4/13/2006,,119.465,Lower
4/14/2006,,119.702,Lower
4/15/2006,,119.891,Lower
4/16/2006,,120.008,Lower
4/17/2006,,120.136,Lower
4/18/2006,,120.209,Lower
4/19/2006,,120.435,Lower
4/20/2006,,120.618,Lower
4/21/2006,,120.794,Lower
4/22/2006,,120.965,Lower
4/23/2006,,121.087,Lower
4/24/2006,,121.184,Lower
4/25/2006,,121.337,Lower
4/26/2006,,121.513,Lower
4/27/2006,,121.653,Lower
4/28/2006,,120.898,Lower
4/29/2006,,119.856,Lower
4/30/2006,,119.272,Lower
5/1/2006,,119.63,Lower
5/2/2006,,119.948,Lower
5/3/2006,,118.37,Lower
5/4/2006,,114.726,Lower
5/5/2006,,112.264,Lower
5/6/2006,,111.204,Lower
5/7/2006,,112.484,Lower
5/8/2006,,113.539,Lower
5/9/2006,,112.205,Lower
5/10/2006,,109.517,Lower
5/11/2006,,106.813,Lower
5/12/2006,,105.984,Lower
5/13/2006,,106.374,Lower
5/14/2006,,106.1,Lower
5/15/2006,,105.168,Lower
5/16/2006,,102.475,Lower
5/17/2006,,99.173,Lower
5/18/2006,,96.1775,Lower
5/19/2006,,96.055,Lower
5/20/2006,,96.932,Lower
5/21/2006,,98.869,Lower
5/22/2006,,100.995,Lower
5/23/2006,,102.476,Lower
5/24/2006,,103.699,Lower
5/25/2006,,102.092,Lower
5/26/2006,,98.114,Lower
5/27/2006,,95.075,Lower
5/28/2006,,93.333,Lower
5/29/2006,,95.361,Lower
5/30/2006,,95.922,Lower
5/31/2006,,93.089,Lower
6/1/2006,,91.877,Lower
6/2/2006,,93.412,Lower
6/3/2006,,93.796,Lower
6/4/2006,,91.213,Lower
6/5/2006,,89.971,Lower
6/6/2006,,88.308,Lower
6/7/2006,,85.386,Lower
6/8/2006,,83.144,Lower
6/9/2006,,81.288,Lower
6/10/2006,,79.942,Lower
6/11/2006,,79.674,Lower
6/12/2006,,82.195,Lower
6/13/2006,,81.446,Lower
6/14/2006,,79.029,Lower
6/15/2006,,78.627,Lower
6/16/2006,,80.594,Lower
6/17/2006,,78.122,Lower
6/18/2006,,76.685,Lower
6/19/2006,,77.957,Lower
6/20/2006,,77.056,Lower
6/21/2006,,74.202,Lower
6/22/2006,,73.166,Lower
6/23/2006,,72.49,Lower
6/24/2006,,71.711,Lower
6/25/2006,,69.557,Lower
6/26/2006,,68.296,Lower
6/27/2006,,67.565,Lower
6/28/2006,,65.6,Lower
6/29/2006,,64.413,Lower
6/30/2006,,64.474,Lower
7/1/2006,,64.687,Lower
7/2/2006,,63.834,Lower
7/3/2006,,62.167,Lower
7/4/2006,,60.7,Lower
7/5/2006,,60.049,Lower
7/6/2006,,59.416,Lower
7/7/2006,,58.436,Lower
7/8/2006,,59.148,Lower
7/9/2006,,59.909,Lower
7/10/2006,,60.487,Lower
7/11/2006,,60.31,Lower
7/12/2006,,58.85,Lower
7/13/2006,,56.993,Lower
7/14/2006,,55.593,Lower
7/15/2006,,54.449,Lower
7/16/2006,,53.769,Lower
7/17/2006,,52.995,Lower
7/18/2006,,52.965,Lower
7/19/2006,,52.259,Lower
7/20/2006,,51.784,Lower
7/21/2006,,51.133,Lower
7/22/2006,,51.401,Lower
7/23/2006,,50.836,Lower
7/24/2006,,49.789,Lower
7/25/2006,,49.174,Lower
7/26/2006,,48.481,Lower
7/27/2006,,48.14,Lower
7/28/2006,,47.556,Lower
7/29/2006,,48.146,Lower
7/30/2006,,47.434,Lower
7/31/2006,,46.594,Lower
8/1/2006,,47.586,Lower
8/2/2006,,47.9765,Lower
8/3/2006,,48.505,Lower
8/4/2006,,49.272,Lower
8/5/2006,,47.896,Lower
8/6/2006,,46.387,Lower
8/7/2006,,47.02,Lower
8/8/2006,,46.704,Lower
8/9/2006,,45.694,Lower
8/10/2006,,44.842,Lower
8/11/2006,,45.682,Lower
8/12/2006,,45.609,Lower
8/13/2006,,44.264,Lower
8/14/2006,,43.759,Lower
8/15/2006,,44.051,Lower
8/16/2006,,43.686,Lower
8/17/2006,,44.021,Lower
8/18/2006,,43.838,Lower
8/19/2006,,43.383,Lower
8/20/2006,,44.526,Lower
8/21/2006,,47.793,Lower
8/22/2006,,48.584,Lower
8/23/2006,,47.27,Lower
8/24/2006,,46.552,Lower
8/25/2006,,45.84,Lower
8/26/2006,,46.619,Lower
8/27/2006,,47.568,Lower
8/28/2006,,48.05,Lower
8/29/2006,,48.871,Lower
8/30/2006,,49.358,Lower
8/31/2006,,50.027,Lower
9/1/2006,,51.079,Lower
9/2/2006,,51.754,Lower
9/3/2006,,53.338,Lower
9/4/2006,,53.464,Lower
9/5/2006,,53.058,Lower
9/6/2006,,53.557,Lower
9/7/2006,,54.275,Lower
9/8/2006,,53.776,Lower
9/9/2006,,52.254,Lower
9/10/2006,,52.236,Lower
9/11/2006,,53.039,Lower
9/12/2006,,54.39,Lower
9/13/2006,,54.731,Lower
9/14/2006,,55.322,Lower
9/15/2006,,56.387,Lower
9/16/2006,,57.318,Lower
9/17/2006,,57.141,Lower
9/18/2006,,57.835,Lower
9/19/2006,,58.462,Lower
9/20/2006,,58.645,Lower
9/21/2006,,58.754,Lower
9/22/2006,,58.998,Lower
9/23/2006,,60.251,Lower
9/24/2006,,60.111,Lower
9/25/2006,,59.326,Lower
9/26/2006,,60.099,Lower
9/27/2006,,60.27,Lower
9/28/2006,,59.868,Lower
9/29/2006,,60.69,Lower
9/30/2006,,61.055,Lower
10/1/2006,,60.556,Lower
10/2/2006,,61.633,Lower
10/3/2006,,62.741,Lower
10/4/2006,,63.191,Lower
10/5/2006,,63.733,Lower
10/6/2006,,64.786,Lower
10/7/2006,,66.119,Lower
10/8/2006,,67.3,Lower
10/9/2006,,68.146,Lower
10/10/2006,,68.67,Lower
10/11/2006,,69.091,Lower
10/12/2006,,68.287,Lower
10/13/2006,,66.315,Lower
10/14/2006,,64.519,Lower
10/15/2006,,63.058,Lower
10/16/2006,,63.904,Lower
10/17/2006,,65.195,Lower
10/18/2006,,66.272,Lower
10/19/2006,,67.185,Lower
10/20/2006,,65.865,Lower
10/21/2006,,63.813,Lower
10/22/2006,,64.429,Lower
10/23/2006,,66.327,Lower
10/24/2006,,67.71,Lower
10/25/2006,,68.727,Lower
10/26/2006,,69.628,Lower
10/27/2006,,70.681,Lower
10/28/2006,,71.777,Lower
10/29/2006,,72.818,Lower
10/30/2006,,73.743,Lower
10/31/2006,,74.571,Lower
11/1/2006,,75.326,Lower
11/2/2006,,76.069,Lower
11/3/2006,,76.781,Lower
11/4/2006,,77.421,Lower
11/5/2006,,78.042,Lower
11/6/2006,,78.645,Lower
11/7/2006,,79.29,Lower
11/8/2006,,79.955,Lower
11/9/2006,,80.491,Lower
11/10/2006,,81.002,Lower
11/11/2006,,81.605,Lower
11/12/2006,,82.08,Lower
11/13/2006,,82.64,Lower
11/14/2006,,83.213,Lower
11/15/2006,,83.621,Lower
11/16/2006,,84.15,Lower
11/17/2006,,84.595,Lower
11/18/2006,,85.021,Lower
11/19/2006,,85.472,Lower
11/20/2006,,85.91,Lower
11/21/2006,,86.391,Lower
11/22/2006,,86.776,Lower
11/23/2006,,87.184,Lower
11/24/2006,,87.579,Lower
11/25/2006,,88.025,Lower
11/26/2006,,88.427,Lower
11/27/2006,,88.883,Lower
11/28/2006,,89.218,Lower
11/29/2006,,89.517,Lower
11/30/2006,,89.852,Lower
12/1/2006,,90.217,Lower
12/2/2006,,90.589,Lower
12/3/2006,,90.919,Lower
12/4/2006,,91.253,Lower
12/5/2006,,91.624,Lower
12/6/2006,,91.96,Lower
12/7/2006,,92.307,Lower
12/8/2006,,92.703,Lower
12/9/2006,,93.123,Lower
12/10/2006,,93.465,Lower
12/11/2006,,93.623,Lower
12/12/2006,,93.976,Lower
12/13/2006,,94.281,Lower
12/14/2006,,94.616,Lower
12/15/2006,,94.993,Lower
12/16/2006,,95.286,Lower
12/17/2006,,95.59,Lower
12/18/2006,,95.761,Lower
12/19/2006,,96.065,Lower
12/20/2006,,96.304,Lower
12/21/2006,,96.608,Lower
12/22/2006,,96.925,Lower
12/23/2006,,97.175,Lower
12/24/2006,,97.443,Lower
12/25/2006,,97.742,Lower
12/26/2006,,98.083,Lower
12/27/2006,,98.588,Lower
12/28/2006,,98.649,Lower
12/29/2006,,98.815,Lower
12/30/2006,,99.034,Lower
12/31/2006,,99.278,Lower
1/1/2007,,99.528,Lower
1/2/2007,,99.807,Lower
1/3/2007,,100.088,Lower
1/4/2007,,100.283,Lower
1/5/2007,,100.313,Lower
1/6/2007,,100.545,Lower
1/7/2007,,100.801,Lower
1/8/2007,,101.105,Lower
1/9/2007,,101.446,Lower
1/10/2007,,101.769,Lower
1/11/2007,,102.056,Lower
1/12/2007,,102.246,Lower
1/13/2007,,102.434,Lower
1/14/2007,,102.672,Lower
1/15/2007,,102.849,Lower
1/16/2007,,103.068,Lower
1/17/2007,,103.391,Lower
1/18/2007,,103.555,Lower
1/19/2007,,103.805,Lower
1/20/2007,,104.073,Lower
1/21/2007,,104.245,Lower
1/22/2007,,104.47,Lower
1/23/2007,,104.671,Lower
1/24/2007,,104.927,Lower
1/25/2007,,105.153,Lower
1/26/2007,,105.421,Lower
1/27/2007,,105.64,Lower
1/28/2007,,105.841,Lower
1/29/2007,,106.006,Lower
1/30/2007,,106.287,Lower
1/31/2007,,106.159,Lower
2/1/2007,,105.757,Lower
2/2/2007,,104.612,Lower
2/3/2007,,104.027,Lower
2/4/2007,,104.021,Lower
2/5/2007,,104.35,Lower
2/6/2007,,104.733,Lower
2/7/2007,,104.63,Lower
2/8/2007,,104.008,Lower
2/9/2007,,104.314,Lower
2/10/2007,,104.597,Lower
2/11/2007,,105.189,Lower
2/12/2007,,105.469,Lower
2/13/2007,,105.804,Lower
2/14/2007,,106.073,Lower
2/15/2007,,106.317,Lower
2/16/2007,,106.585,Lower
2/17/2007,,106.884,Lower
2/18/2007,,107.286,Lower
2/19/2007,,107.548,Lower
2/20/2007,,107.78,Lower
2/21/2007,,108.018,Lower
2/22/2007,,108.31,Lower
2/23/2007,,108.451,Lower
2/24/2007,,108.566,Lower
2/25/2007,,108.907,Lower
2/26/2007,,109.09,Lower
2/27/2007,,109.243,Lower
2/28/2007,,109.25,Lower
3/1/2007,,109.274,Lower
3/2/2007,,108.988,Lower
3/3/2007,,108.982,Lower
3/4/2007,,109.256,Lower
3/5/2007,,109.597,Lower
3/6/2007,,109.859,Lower
3/7/2007,,109.359,Lower
3/8/2007,,109.312,Lower
3/9/2007,,109.263,Lower
3/10/2007,,108.41,Lower
3/11/2007,,107.033,Lower
3/12/2007,,106.04,Lower
3/13/2007,,106.066,Lower
3/14/2007,,106.395,Lower
3/15/2007,,106.699,Lower
3/16/2007,,105.609,Lower
3/17/2007,,104.104,Lower
3/18/2007,,103.592,Lower
3/19/2007,,104.503,Lower
3/21/2007,,104.994,Lower
3/22/2007,,104.964,Lower
3/23/2007,,104.008,Lower
3/24/2007,,103.411,Lower
3/25/2007,,102.052,Lower
3/26/2007,,98.282,Lower
3/27/2007,,95.973,Lower
3/28/2007,,94.36,Lower
3/29/2007,,91.588,Lower
3/30/2007,,88.78,Lower
3/31/2007,,88.488,Lower
4/1/2007,,88.701,Lower
4/2/2007,,89.329,Lower
4/3/2007,,88.05,Lower
4/4/2007,,85.906,Lower
4/5/2007,,85.566,Lower
4/6/2007,,85.102,Lower
4/7/2007,,84.14,Lower
4/8/2007,,84.945,Lower
4/9/2007,,87.186,Lower
4/10/2007,,87.362,Lower
4/11/2007,,86.059,Lower
4/12/2007,,85.401,Lower
4/13/2007,,87.113,Lower
4/14/2007,,88.666,Lower
4/15/2007,,90.036,Lower
4/16/2007,,91.255,Lower
4/17/2007,,90.372,Lower
4/18/2007,,89.794,Lower
4/19/2007,,88.277,Lower
4/20/2007,,87.26,Lower
4/21/2007,,86.359,Lower
4/22/2007,,86.56,Lower
4/23/2007,,87.68,Lower
4/24/2007,,88.656,Lower
4/25/2007,,89.472,Lower
4/26/2007,,90.392,Lower
4/27/2007,,91.116,Lower
4/28/2007,,88.942,Lower
4/29/2007,,85.385,Lower
4/30/2007,,83.272,Lower
5/1/2007,,82.011,Lower
5/2/2007,,80.002,Lower
5/3/2007,,79.697,Lower
5/4/2007,,81.203,Lower
5/5/2007,,83.084,Lower
5/6/2007,,84.668,Lower
5/7/2007,,86.16,Lower
5/8/2007,,84.668,Lower
5/9/2007,,80.722,Lower
5/10/2007,,78.828,Lower
5/11/2007,,78.962,Lower
5/12/2007,,77.854,Lower
5/13/2007,,75.668,Lower
5/14/2007,,77.105,Lower
5/15/2007,,76.417,Lower
5/16/2007,,73.574,Lower
5/17/2007,,71.376,Lower
5/18/2007,,69.233,Lower
5/19/2007,,67.413,Lower
5/20/2007,,65.72,Lower
5/21/2007,,65.568,Lower
5/22/2007,,66.671,Lower
5/23/2007,,68.162,Lower
5/24/2007,,67.347,Lower
5/25/2007,,64.565,Lower
5/26/2007,,62.963,Lower
8/6/2007,,35.04,Lower
8/8/2007,,35.327,Lower
8/9/2007,,34.889,Lower
8/10/2007,,34.47,Lower
8/11/2007,,35.584,Lower
8/12/2007,,35.766,Lower
8/13/2007,,35.511,Lower
8/14/2007,,36.801,Lower
8/15/2007,,36.96,Lower
8/16/2007,,36.43,Lower
8/17/2007,,37.094,Lower
8/18/2007,,37.087,Lower
8/19/2007,,36.649,Lower
8/20/2007,,37.945,Lower
8/21/2007,,38.645,Lower
8/22/2007,,38.055,Lower
8/23/2007,,38.14,Lower
8/24/2007,,37.892,Lower
8/25/2007,,38.859,Lower
8/26/2007,,38.427,Lower
8/27/2007,,39.37,Lower
8/28/2007,,40.502,Lower
8/29/2007,,41.457,Lower
8/30/2007,,42.017,Lower
8/31/2007,,42.844,Lower
9/1/2007,,43.757,Lower
9/2/2007,,44.469,Lower
9/3/2007,,44.653,Lower
9/4/2007,,45.699,Lower
9/5/2007,,46.083,Lower
9/6/2007,,46.752,Lower
9/7/2007,,47.215,Lower
9/8/2007,,47.902,Lower
9/9/2007,,48.797,Lower
9/10/2007,,49.016,Lower
9/11/2007,,49.326,Lower
9/12/2007,,49.15,Lower
9/13/2007,,49.332,Lower
9/14/2007,,49.911,Lower
9/15/2007,,51.103,Lower
9/16/2007,,51.682,Lower
9/17/2007,,52.278,Lower
9/18/2007,,52.278,Lower
9/19/2007,,52.863,Lower
9/20/2007,,53.825,Lower
9/21/2007,,54.975,Lower
9/22/2007,,56.01,Lower
9/23/2007,,56.978,Lower
9/24/2007,,57.836,Lower
9/25/2007,,58.664,Lower
9/26/2007,,59.486,Lower
9/27/2007,,60.228,Lower
9/28/2007,,60.995,Lower
9/29/2007,,61.586,Lower
9/30/2007,,61.787,Lower
10/1/2007,,62.14,Lower
10/2/2007,,62.535,Lower
10/3/2007,,62.932,Lower
10/4/2007,,62.975,Lower
10/5/2007,,62.896,Lower
10/6/2007,,62.482,Lower
10/7/2007,,61.404,Lower
10/8/2007,,60.235,Lower
10/9/2007,,59.615,Lower
10/10/2007,,58.969,Lower
10/11/2007,,60.284,Lower
10/12/2007,,61.648,Lower
10/13/2007,,62.883,Lower
10/14/2007,,63.864,Lower
10/15/2007,,64.85,Lower
10/16/2007,,65.8305,Lower
10/18/2007,,67.038,Lower
10/19/2007,,67.837,Lower
10/20/2007,,68.567,Lower
10/21/2007,,69.053,Lower
10/22/2007,,69.639,Lower
10/23/2007,,70.077,Lower
10/24/2007,,70.82,Lower
10/25/2007,,71.417,Lower
10/26/2007,,71.161,Lower
10/27/2007,,70.187,Lower
10/28/2007,,69.901,Lower
10/29/2007,,70.704,Lower
10/30/2007,,71.289,Lower
10/31/2007,,71.49,Lower
11/1/2007,,71.569,Lower
11/2/2007,,72.142,Lower
11/3/2007,,72.653,Lower
11/4/2007,,73.153,Lower
11/5/2007,,73.646,Lower
11/6/2007,,73.957,Lower
11/7/2007,,74.066,Lower
11/8/2007,,74.097,Lower
11/9/2007,,73.518,Lower
11/10/2007,,73.287,Lower
11/11/2007,,73.969,Lower
11/12/2007,,74.621,Lower
11/13/2007,,75.254,Lower
11/14/2007,,75.851,Lower
11/15/2007,,76.435,Lower
11/16/2007,,76.934,Lower
11/17/2007,,77.411,Lower
11/18/2007,,77.898,Lower
11/19/2007,,78.359,Lower
11/20/2007,,78.122,Lower
11/21/2007,,77.8,Lower
11/22/2007,,78.013,Lower
11/23/2007,,78.592,Lower
11/24/2007,,79.085,Lower
11/25/2007,,79.627,Lower
11/26/2007,,80.023,Lower
11/27/2007,,80.535,Lower
11/28/2007,,80.754,Lower
11/29/2007,,81.089,Lower
11/30/2007,,81.588,Lower
12/1/2007,,82.021,Lower
12/2/2007,,81.96,Lower
12/3/2007,,82.301,Lower
12/4/2007,,82.447,Lower
12/5/2007,,82.752,Lower
12/6/2007,,83.324,Lower
12/7/2007,,83.763,Lower
12/8/2007,,84.043,Lower
12/9/2007,,84.348,Lower
12/10/2007,,84.701,Lower
12/11/2007,,85.176,Lower
12/12/2007,,85.329,Lower
12/13/2007,,85.731,Lower
12/14/2007,,86.188,Lower
12/15/2007,,86.37,Lower
12/16/2007,,86.657,Lower
12/17/2007,,87.022,Lower
12/18/2007,,87.454,Lower
12/19/2007,,87.655,Lower
12/20/2007,,87.948,Lower
12/21/2007,,88.222,Lower
12/22/2007,,88.514,Lower
12/23/2007,,88.795,Lower
12/24/2007,,89.16,Lower
12/25/2007,,89.35,Lower
12/26/2007,,89.746,Lower
12/27/2007,,90.008,Lower
12/28/2007,,90.16,Lower
12/29/2007,,90.611,Lower
12/30/2007,,90.854,Lower
12/31/2007,,90.739,Lower
1/1/2008,,91.269,Lower
1/2/2008,,91.658,Lower
1/3/2008,,91.829,Lower
1/4/2008,,92.237,Lower
1/5/2008,,92.621,Lower
1/6/2008,,92.98,Lower
1/7/2008,,93.2,Lower
1/8/2008,,93.358,Lower
1/9/2008,,93.737,Lower
1/10/2008,,93.943,Lower
1/11/2008,,94.212,Lower
1/12/2008,,94.449,Lower
1/13/2008,,94.663,Lower
1/14/2008,,94.888,Lower
1/15/2008,,95.113,Lower
1/16/2008,,95.5195,Lower
1/17/2008,,95.619,Lower
1/18/2008,,95.857,Lower
1/19/2008,,96.039,Lower
1/20/2008,,96.387,Lower
1/21/2008,,96.673,Lower
1/22/2008,,95.771,Lower
1/23/2008,,96.326,Lower
1/24/2008,,96.539,Lower
1/25/2008,,96.716,Lower
1/26/2008,,97.045,Lower
1/27/2008,,97.569,Lower
1/28/2008,,97.983,Lower
1/29/2008,,98.111,Lower
1/30/2008,,98.287,Lower
1/31/2008,,98.507,Lower
2/1/2008,,98.811,Lower
2/2/2008,,99.079,Lower
2/3/2008,,99.464,Lower
2/4/2008,,99.597,Lower
2/5/2008,,99.53,Lower
2/6/2008,,97.96,Lower
2/7/2008,,98.02,Lower
2/8/2008,,98.532,Lower
2/9/2008,,98.685,Lower
2/10/2008,,99.166,Lower
2/11/2008,,99.586,Lower
2/12/2008,,99.604,Lower
2/13/2008,,99.507,Lower
2/14/2008,,99.952,Lower
2/15/2008,,100.08,Lower
2/16/2008,,100.397,Lower
2/17/2008,,100.549,Lower
2/18/2008,,100.677,Lower
2/19/2008,,100.744,Lower
2/20/2008,,101.006,Lower
2/21/2008,,101.225,Lower
2/22/2008,,101.743,Lower
2/23/2008,,101.81,Lower
2/24/2008,,102.218,Lower
2/25/2008,,102.53,Lower
2/26/2008,,102.346,Lower
2/27/2008,,102.791,Lower
2/28/2008,,103.175,Lower
2/29/2008,,103.492,Lower
3/1/2008,,103.718,Lower
3/2/2008,,103.98,Lower
3/3/2008,,104.175,Lower
3/4/2008,,104.09,Lower
3/5/2008,,104.504,Lower
3/6/2008,,104.791,Lower
3/7/2008,,104.943,Lower
3/8/2008,,104.492,Lower
3/9/2008,,104.979,Lower
3/10/2008,,105.333,Lower
3/11/2008,,105.522,Lower
3/12/2008,,105.68,Lower
3/13/2008,,106.706,Lower
3/15/2008,,107.253,Lower
3/16/2008,,107.307,Lower
3/17/2008,,107.587,Lower
3/18/2008,,107.453,Lower
3/19/2008,,107.057,Lower
3/20/2008,,106.943,Lower
3/21/2008,,106.832,Lower
3/22/2008,,104.973,Lower
3/23/2008,,104.408,Lower
3/24/2008,,104.821,Lower
3/25/2008,,104.572,Lower
3/26/2008,,105.028,Lower
3/27/2008,,105.237,Lower
3/28/2008,,104.449,Lower
3/29/2008,,103.749,Lower
3/30/2008,,103.378,Lower
3/31/2008,,102.97,Lower
4/1/2008,,103.202,Lower
4/2/2008,,103.439,Lower
4/3/2008,,103.536,Lower
4/4/2008,,102.765,Lower
4/5/2008,,101.985,Lower
4/6/2008,,101.802,Lower
4/7/2008,,101.723,Lower
4/8/2008,,101.899,Lower
4/9/2008,,101.217,Lower
4/10/2008,,99.913,Lower
4/11/2008,,98.475,Lower
4/12/2008,,97.087,Lower
4/13/2008,,95.807,Lower
4/14/2008,,96.587,Lower
4/15/2008,,97.208,Lower
4/16/2008,,96.423,Lower
4/17/2008,,94.047,Lower
4/18/2008,,92.372,Lower
4/19/2008,,91.781,Lower
4/20/2008,,92.286,Lower
4/21/2008,,91.421,Lower
4/22/2008,,91.166,Lower
4/23/2008,,92.208,Lower
4/24/2008,,92.58,Lower
4/25/2008,,93.25,Lower
4/26/2008,,92.738,Lower
4/27/2008,,90.168,Lower
4/28/2008,,88.133,Lower
4/29/2008,,86.915,Lower
4/30/2008,,85.636,Lower
5/1/2008,,85.575,Lower
5/2/2008,,86.41,Lower
5/3/2008,,85.039,Lower
5/4/2008,,83.425,Lower
5/5/2008,,82.457,Lower
5/6/2008,,81.483,Lower
5/7/2008,,81.446,Lower
5/8/2008,,82.378,Lower
5/9/2008,,81.556,Lower
5/10/2008,,79.284,Lower
5/11/2008,,78.072,Lower
5/12/2008,,79.229,Lower
5/13/2008,,80.149,Lower
5/14/2008,,78.371,Lower
5/15/2008,,75.412,Lower
5/16/2008,,74.335,Lower
5/17/2008,,72.429,Lower
5/18/2008,,71.399,Lower
5/19/2008,,69.561,Lower
5/20/2008,,68.793,Lower
5/21/2008,,69.531,Lower
5/22/2008,,70.383,Lower
5/23/2008,,70.213,Lower
5/24/2008,,68.228,Lower
5/25/2008,,67.369,Lower
5/26/2008,,66.7,Lower
5/27/2008,,66.742,Lower
5/28/2008,,67.181,Lower
5/29/2008,,66.651,Lower
5/30/2008,,65.476,Lower
5/31/2008,,63.437,Lower
6/1/2008,,62.134,Lower
6/2/2008,,61.884,Lower
6/3/2008,,62.402,Lower
6/4/2008,,60.989,Lower
6/5/2008,,61.251,Lower
6/6/2008,,61.239,Lower
6/7/2008,,59.924,Lower
6/8/2008,,58.506,Lower
6/9/2008,,58.822,Lower
6/10/2008,,58.689,Lower
6/11/2008,,57.222,Lower
6/12/2008,,56.309,Lower
6/13/2008,,55.129,Lower
6/14/2008,,54.589,Lower
6/15/2008,,54.048,Lower
6/16/2008,,53.507,Lower
6/17/2008,,52.967,Lower
6/18/2008,,52.426,Lower
6/19/2008,,51.885,Lower
6/20/2008,,49.8375,Lower
6/21/2008,,50.804,Lower
6/22/2008,,50.263,Lower
6/23/2008,,49.723,Lower
6/24/2008,,49.182,Lower
6/25/2008,,48.641,Lower
6/26/2008,,48.1,Lower
6/27/2008,,47.56,Lower
6/28/2008,,47.019,Lower
6/29/2008,,46.478,Lower
6/30/2008,,45.938,Lower
7/1/2008,,45.397,Lower
7/2/2008,,44.856,Lower
7/3/2008,,44.316,Lower
7/4/2008,,43.775,Lower
7/5/2008,,43.234,Lower
7/6/2008,,42.694,Lower
7/7/2008,,41.9815,Lower
7/8/2008,,42.0515,Lower
7/9/2008,,41.751,Lower
7/10/2008,,40.9,Lower
7/11/2008,,40.802,Lower
7/12/2008,,40.486,Lower
7/13/2008,,39.616,Lower
7/14/2008,,39.604,Lower
7/15/2008,,39.622,Lower
7/16/2008,,38.703,Lower
7/17/2008,,38.441,Lower
7/18/2008,,38.429,Lower
7/19/2008,,38.813,Lower
7/20/2008,,39.129,Lower
7/21/2008,,38.289,Lower
7/22/2008,,37.79,Lower
7/23/2008,,36.92,Lower
7/24/2008,,36.793,Lower
7/25/2008,,36.446,Lower
7/26/2008,,36.148,Lower
7/27/2008,,35.685,Lower
7/28/2008,,35.247,Lower
7/29/2008,,35.892,Lower
7/30/2008,,35.643,Lower
7/31/2008,,34.779,Lower
8/1/2008,,34.846,Lower
8/2/2008,,34.779,Lower
8/5/2008,,33.54,Lower
10/24/2008,,44.53,Lower
1/13/2009,,84.62,Lower
12/29/2009,,77.32,Lower
12/31/2009,,77.79,Lower
1/1/2010,,78.094,Lower
1/2/2010,,78.399,Lower
1/3/2010,,78.72,Lower
1/4/2010,,79.029,Lower
1/5/2010,,79.314,Lower
1/6/2010,,79.598,Lower
1/7/2010,,79.899,Lower
1/8/2010,,80.126,Lower
1/9/2010,,80.378,Lower
1/10/2010,,80.628,Lower
1/11/2010,,80.843,Lower
1/12/2010,,81.105,Lower
1/13/2010,,81.498,Lower
1/14/2010,,81.584,Lower
1/15/2010,,81.804,Lower
1/16/2010,,82.088,Lower
1/17/2010,,82.376,Lower
1/18/2010,,82.719,Lower
1/19/2010,,83.144,Lower
1/20/2010,,83.426,Lower
1/21/2010,,83.74,Lower
1/22/2010,,83.977,Lower
1/23/2010,,83.923,Lower
1/24/2010,,83.977,Lower
1/25/2010,,84.177,Lower
1/26/2010,,84.506,Lower
1/27/2010,,84.63,Lower
1/28/2010,,84.727,Lower
1/29/2010,,84.936,Lower
1/30/2010,,85.18,Lower
1/31/2010,,85.371,Lower
2/1/2010,,85.608,Lower
2/2/2010,,85.834,Lower
3/26/2010,,86.84,Lower
8/3/2010,,29.76,Lower
8/5/2010,,28.723,Lower
8/6/2010,,28.603,Lower
8/7/2010,,29.298,Lower
8/8/2010,,29.187,Lower
8/9/2010,,28.452,Lower
8/10/2010,,28.1,Lower
8/11/2010,,27.323,Lower
8/12/2010,,27.007,Lower
8/13/2010,,27.463,Lower
8/14/2010,,27.256,Lower
8/15/2010,,26.753,Lower
8/16/2010,,28.549,Lower
8/17/2010,,29.373,Lower
8/18/2010,,28.653,Lower
8/19/2010,,28.465,Lower
8/20/2010,,27.706,Lower
8/21/2010,,26.944,Lower
8/22/2010,,29.625,Lower
8/23/2010,,32.11,Lower
8/24/2010,,30.776,Lower
8/25/2010,,29.362,Lower
8/26/2010,,28.966,Lower
8/27/2010,,28.599,Lower
8/28/2010,,29.55,Lower
8/29/2010,,29.697,Lower
8/30/2010,,30.174,Lower
8/31/2010,,32.389,Lower
9/1/2010,,31.358,Lower
9/2/2010,,29.32,Lower
9/3/2010,,28.237,Lower
9/4/2010,,26.936,Lower
9/5/2010,,27.51,Lower
9/6/2010,,28.954,Lower
9/7/2010,,28.226,Lower
9/8/2010,,27.732,Lower
9/9/2010,,28.497,Lower
9/10/2010,,31.46,Lower
9/11/2010,,34.009,Lower
9/12/2010,,35.51,Lower
9/13/2010,,36.682,Lower
9/14/2010,,38.026,Lower
9/15/2010,,36.854,Lower
9/16/2010,,34.944,Lower
9/17/2010,,36.997,Lower
9/18/2010,,38.704,Lower
9/19/2010,,40.071,Lower
9/20/2010,,41.228,Lower
9/21/2010,,40.974,Lower
9/22/2010,,41.237,Lower
9/23/2010,,42.498,Lower
9/24/2010,,41.954,Lower
9/25/2010,,42.533,Lower
9/26/2010,,41.686,Lower
9/27/2010,,40.774,Lower
9/28/2010,,41.569,Lower
9/29/2010,,42.299,Lower
9/30/2010,,42.245,Lower
10/1/2010,,40.762,Lower
10/2/2010,,39.913,Lower
10/3/2010,,40.584,Lower
10/4/2010,,42.783,Lower
10/5/2010,,43.853,Lower
10/6/2010,,45.005,Lower
10/7/2010,,44.993,Lower
10/8/2010,,46.725,Lower
10/9/2010,,47.902,Lower
10/10/2010,,48.469,Lower
10/11/2010,,48.659,Lower
10/12/2010,,48.931,Lower
10/13/2010,,49.081,Lower
10/14/2010,,49.372,Lower
10/15/2010,,48.236,Lower
10/16/2010,,46.81,Lower
10/17/2010,,47.487,Lower
10/18/2010,,49.193,Lower
10/20/2010,,50.351,Lower
10/21/2010,,50.587,Lower
10/22/2010,,50.775,Lower
10/23/2010,,51.432,Lower
10/24/2010,,52.421,Lower
10/25/2010,,53.301,Lower
10/26/2010,,54.014,Lower
10/27/2010,,54.702,Lower
10/28/2010,,55.367,Lower
10/29/2010,,56.004,Lower
10/30/2010,,56.714,Lower
10/31/2010,,57.182,Lower
11/1/2010,,57.654,Lower
11/2/2010,,58.141,Lower
11/3/2010,,58.666,Lower
11/4/2010,,59.181,Lower
11/5/2010,,59.716,Lower
11/6/2010,,60.209,Lower
11/7/2010,,60.626,Lower
11/8/2010,,61.107,Lower
11/9/2010,,61.514,Lower
11/10/2010,,61.995,Lower
11/11/2010,,62.33,Lower
11/12/2010,,62.68,Lower
11/13/2010,,63.099,Lower
11/14/2010,,63.521,Lower
11/15/2010,,63.956,Lower
11/16/2010,,64.348,Lower
11/17/2010,,64.732,Lower
11/18/2010,,65.074,Lower
11/19/2010,,65.441,Lower
11/20/2010,,65.84,Lower
11/21/2010,,66.285,Lower
11/22/2010,,66.494,Lower
11/23/2010,,66.852,Lower
11/24/2010,,67.112,Lower
11/25/2010,,67.405,Lower
11/26/2010,,67.71,Lower
11/27/2010,,68.115,Lower
11/28/2010,,68.493,Lower
11/29/2010,,68.696,Lower
11/30/2010,,68.929,Lower
12/1/2010,,69.275,Lower
12/2/2010,,69.623,Lower
12/3/2010,,69.932,Lower
12/4/2010,,70.253,Lower
12/5/2010,,70.494,Lower
12/6/2010,,70.843,Lower
12/7/2010,,71.039,Lower
12/8/2010,,71.366,Lower
12/9/2010,,71.664,Lower
12/10/2010,,71.937,Lower
12/11/2010,,72.169,Lower
12/12/2010,,72.415,Lower
12/13/2010,,72.703,Lower
12/14/2010,,73.054,Lower
12/15/2010,,73.309,Lower
12/16/2010,,73.562,Lower
12/17/2010,,73.839,Lower
12/18/2010,,74.192,Lower
12/19/2010,,74.438,Lower
12/20/2010,,74.688,Lower
12/21/2010,,74.879,Lower
12/22/2010,,75.16,Lower
12/23/2010,,75.338,Lower
12/24/2010,,75.5,Lower
12/25/2010,,75.797,Lower
12/26/2010,,76.087,Lower
12/27/2010,,76.19,Lower
12/28/2010,,76.429,Lower
12/29/2010,,76.922,Lower
12/30/2010,,76.98,Lower
12/31/2010,,77.178,Lower
1/1/2011,,77.341,Lower
1/2/2011,,77.562,Lower
1/3/2011,,77.805,Lower
1/4/2011,,77.943,Lower
1/5/2011,,78.116,Lower
1/6/2011,,78.321,Lower
1/7/2011,,78.57,Lower
1/8/2011,,78.804,Lower
1/9/2011,,79.009,Lower
1/10/2011,,79.185,Lower
1/11/2011,,79.361,Lower
1/12/2011,,79.551,Lower
1/13/2011,,79.727,Lower
1/14/2011,,79.905,Lower
1/15/2011,,80.113,Lower
1/16/2011,,80.327,Lower
1/17/2011,,80.491,Lower
1/18/2011,,80.713,Lower
1/19/2011,,80.926,Lower
1/20/2011,,81.072,Lower
1/21/2011,,81.27,Lower
1/22/2011,,81.492,Lower
1/23/2011,,81.683,Lower
1/24/2011,,81.86,Lower
1/25/2011,,82.036,Lower
1/26/2011,,82.221,Lower
1/27/2011,,82.367,Lower
1/28/2011,,82.564,Lower
1/29/2011,,82.756,Lower
1/30/2011,,82.961,Lower
1/31/2011,,83.059,Lower
2/1/2011,,83.224,Lower
2/2/2011,,83.359,Lower
2/3/2011,,83.48,Lower
2/4/2011,,83.652,Lower
2/5/2011,,83.859,Lower
2/6/2011,,84.051,Lower
2/7/2011,,84.231,Lower
2/8/2011,,84.034,Lower
2/9/2011,,83.84,Lower
2/10/2011,,82.489,Lower
2/11/2011,,80.303,Lower
2/12/2011,,78.519,Lower
2/13/2011,,78.154,Lower
2/14/2011,,79.05,Lower
2/15/2011,,79.765,Lower
2/16/2011,,80.503,Lower
2/17/2011,,81.069,Lower
2/18/2011,,81.933,Lower
2/19/2011,,82.541,Lower
2/20/2011,,82.739,Lower
2/21/2011,,81.248,Lower
2/22/2011,,82.141,Lower
2/23/2011,,81.141,Lower
2/24/2011,,82.085,Lower
2/25/2011,,82.637,Lower
2/26/2011,,81.325,Lower
2/27/2011,,76.984,Lower
2/28/2011,,75.904,Lower
3/1/2011,,77.537,Lower
3/2/2011,,78.997,Lower
3/3/2011,,79.96,Lower
3/4/2011,,80.651,Lower
3/5/2011,,81.284,Lower
3/6/2011,,81.889,Lower
3/7/2011,,82.49,Lower
3/8/2011,,82.803,Lower
3/9/2011,,83.16,Lower
3/10/2011,,83.548,Lower
3/11/2011,,83.866,Lower
3/12/2011,,84.191,Lower
3/13/2011,,84.421,Lower
3/15/2011,,84.904,Lower
3/16/2011,,85.253,Lower
3/17/2011,,85.443,Lower
3/18/2011,,85.756,Lower
3/19/2011,,86.102,Lower
3/20/2011,,86.562,Lower
3/21/2011,,86.767,Lower
3/22/2011,,86.882,Lower
3/23/2011,,87.117,Lower
3/24/2011,,87.425,Lower
3/25/2011,,87.652,Lower
3/26/2011,,87.795,Lower
3/27/2011,,87.976,Lower
3/28/2011,,88.137,Lower
3/29/2011,,88.268,Lower
3/30/2011,,88.405,Lower
3/31/2011,,88.587,Lower
4/1/2011,,88.826,Lower
4/2/2011,,89.089,Lower
4/3/2011,,89.181,Lower
4/4/2011,,89.302,Lower
4/5/2011,,89.554,Lower
4/6/2011,,89.725,Lower
4/7/2011,,89.894,Lower
4/8/2011,,89.53,Lower
4/9/2011,,85.941,Lower
4/10/2011,,82.658,Lower
4/11/2011,,82.951,Lower
4/12/2011,,84.292,Lower
4/13/2011,,85.353,Lower
4/14/2011,,85.997,Lower
4/15/2011,,86.576,Lower
4/16/2011,,87.045,Lower
4/17/2011,,84.478,Lower
4/18/2011,,81.512,Lower
4/19/2011,,81.883,Lower
4/20/2011,,82.613,Lower
4/21/2011,,79.703,Lower
4/22/2011,,75.757,Lower
4/23/2011,,76.44,Lower
4/24/2011,,78.515,Lower
4/25/2011,,79.999,Lower
4/26/2011,,80.912,Lower
4/27/2011,,79.279,Lower
4/28/2011,,76.405,Lower
4/29/2011,,76.457,Lower
4/30/2011,,77.136,Lower
5/1/2011,,75.596,Lower
5/2/2011,,73.222,Lower
5/3/2011,,73.701,Lower
5/4/2011,,71.745,Lower
5/5/2011,,68.385,Lower
5/6/2011,,68.133,Lower
5/7/2011,,66.881,Lower
5/8/2011,,65.298,Lower
5/9/2011,,67.158,Lower
5/10/2011,,66.677,Lower
5/11/2011,,65.829,Lower
5/12/2011,,63.257,Lower
5/13/2011,,61.813,Lower
5/14/2011,,59.722,Lower
5/15/2011,,59.904,Lower
5/16/2011,,62.809,Lower
5/17/2011,,64.932,Lower
5/18/2011,,66.496,Lower
5/19/2011,,67.956,Lower
5/20/2011,,69.179,Lower
5/21/2011,,68.939,Lower
5/22/2011,,67.488,Lower
5/23/2011,,68.295,Lower
5/24/2011,,68.062,Lower
5/25/2011,,65.682,Lower
5/26/2011,,66.267,Lower
5/27/2011,,68.341,Lower
5/28/2011,,69.889,Lower
5/29/2011,,68.34,Lower
5/30/2011,,67.18,Lower
5/31/2011,,66.881,Lower
6/1/2011,,65.216,Lower
6/2/2011,,63.439,Lower
6/3/2011,,62.693,Lower
6/4/2011,,62.768,Lower
6/5/2011,,64.748,Lower
6/6/2011,,66.431,Lower
6/7/2011,,67.784,Lower
6/8/2011,,67.046,Lower
6/9/2011,,65.707,Lower
6/10/2011,,64.191,Lower
6/11/2011,,62.718,Lower
6/12/2011,,61.924,Lower
6/13/2011,,61.797,Lower
6/14/2011,,60.506,Lower
6/15/2011,,58.436,Lower
6/16/2011,,57.299,Lower
6/17/2011,,56.199,Lower
6/18/2011,,54.674,Lower
6/19/2011,,52.395,Lower
6/20/2011,,53.893,Lower
6/21/2011,,53.713,Lower
6/22/2011,,53.134,Lower
6/23/2011,,53.19,Lower
6/24/2011,,50.445,Lower
6/25/2011,,47.818,Lower
6/26/2011,,45.99,Lower
6/27/2011,,44.583,Lower
6/28/2011,,44.507,Lower
6/29/2011,,46.066,Lower
6/30/2011,,46.608,Lower
7/1/2011,,45.115,Lower
7/2/2011,,44.438,Lower
7/3/2011,,43.706,Lower
7/4/2011,,43.738,Lower
7/5/2011,,42.783,Lower
7/6/2011,,42.191,Lower
7/7/2011,,41.034,Lower
7/8/2011,,39.038,Lower
7/9/2011,,39.574,Lower
7/10/2011,,37.334,Lower
7/11/2011,,35.306,Lower
7/12/2011,,34.853,Lower
7/13/2011,,34.548,Lower
7/14/2011,,35.615,Lower
7/15/2011,,36.765,Lower
7/16/2011,,37.918,Lower
7/17/2011,,37.973,Lower
7/18/2011,,36.703,Lower
7/19/2011,,36.031,Lower
7/20/2011,,37.609,Lower
7/21/2011,,38.737,Lower
7/22/2011,,38.188,Lower
7/23/2011,,36.193,Lower
7/24/2011,,34.58,Lower
7/25/2011,,33.601,Lower
7/26/2011,,33.773,Lower
7/27/2011,,32.936,Lower
7/28/2011,,32.063,Lower
7/29/2011,,31.464,Lower
7/30/2011,,31.372,Lower
7/31/2011,,30.201,Lower
8/1/2011,,28.689,Lower
8/2/2011,,28.641,Lower
8/3/2011,,31.235,Lower
8/4/2011,,33.103,Lower
8/5/2011,,31.995,Lower
8/6/2011,,31.725,Lower
8/7/2011,,30.031,Lower
8/8/2011,,29.033,Lower
8/9/2011,,28.456,Lower
8/10/2011,,27.415,Lower
8/11/2011,,27.268,Lower
8/12/2011,,27.939,Lower
8/13/2011,,28.296,Lower
8/14/2011,,28.338,Lower
8/15/2011,,30.947,Lower
8/16/2011,,30.865,Lower
8/17/2011,,30.456,Lower
8/18/2011,,29.453,Lower
8/19/2011,,27.704,Lower
8/20/2011,,26.955,Lower
8/21/2011,,26.41,Lower
8/22/2011,,25.927,Lower
8/23/2011,,26.315,Lower
8/24/2011,,26.285,Lower
8/25/2011,,26.542,Lower
8/26/2011,,26.433,Lower
8/27/2011,,25.619,Lower
8/28/2011,,25.557,Lower
8/29/2011,,25.714,Lower
8/30/2011,,27.389,Lower
8/31/2011,,27.49,Lower
9/1/2011,,28.802,Lower
9/2/2011,,28.428,Lower
9/3/2011,,29.23,Lower
9/4/2011,,28.569,Lower
9/5/2011,,28.91,Lower
9/6/2011,,28.241,Lower
9/7/2011,,28.241,Lower
9/8/2011,,29.692,Lower
9/9/2011,,31.139,Lower
9/10/2011,,31.826,Lower
9/11/2011,,32.358,Lower
9/12/2011,,31.981,Lower
9/13/2011,,31.758,Lower
9/14/2011,,31.89,Lower
9/15/2011,,31.983,Lower
9/16/2011,,32.18,Lower
9/17/2011,,32.749,Lower
9/18/2011,,34.186,Lower
9/19/2011,,35.325,Lower
9/20/2011,,34.862,Lower
9/21/2011,,34.296,Lower
9/22/2011,,35.045,Lower
9/23/2011,,35.69,Lower
9/24/2011,,36.576,Lower
9/25/2011,,35.94,Lower
9/26/2011,,36.966,Lower
9/27/2011,,37.855,Lower
9/28/2011,,38.429,Lower
9/29/2011,,38.257,Lower
9/30/2011,,38.65,Lower
10/1/2011,,39.466,Lower
10/2/2011,,40.698,Lower
10/3/2011,,41.996,Lower
10/4/2011,,43.038,Lower
10/5/2011,,44.156,Lower
10/6/2011,,45.027,Lower
10/7/2011,,45.821,Lower
10/8/2011,,46.615,Lower
10/9/2011,,47.399,Lower
10/10/2011,,48.165,Lower
10/11/2011,,48.904,Lower
10/12/2011,,49.6355,Lower
10/13/2011,,50.207,Lower
10/14/2011,,50.903,Lower
10/15/2011,,51.539,Lower
10/16/2011,,52.097,Lower
10/17/2011,,52.63,Lower
10/18/2011,,53.213,Lower
10/19/2011,,53.602,Lower
10/20/2011,,53.888,Lower
10/21/2011,,54.239,Lower
10/22/2011,,54.821,Lower
10/23/2011,,55.368,Lower
10/24/2011,,55.879,Lower
10/25/2011,,56.127,Lower
10/26/2011,,56.235,Lower
10/27/2011,,56.59,Lower
10/28/2011,,56.875,Lower
10/29/2011,,57.057,Lower
10/30/2011,,57.356,Lower
10/31/2011,,57.68,Lower
11/1/2011,,58.038,Lower
11/2/2011,,58.505,Lower
11/3/2011,,58.436,Lower
11/4/2011,,57.768,Lower
11/5/2011,,56.678,Lower
11/6/2011,,56.788,Lower
11/7/2011,,58.164,Lower
11/8/2011,,57.286,Lower
11/9/2011,,55.882,Lower
11/10/2011,,55.882,Lower
11/11/2011,,56.905,Lower
11/12/2011,,57.348,Lower
11/13/2011,,57.737,Lower
11/14/2011,,58.533,Lower
11/15/2011,,58.958,Lower
11/16/2011,,58.931,Lower
11/17/2011,,58.853,Lower
11/18/2011,,58.881,Lower
11/19/2011,,59.319,Lower
11/20/2011,,59.945,Lower
11/21/2011,,60.397,Lower
11/22/2011,,60.93,Lower
11/23/2011,,61.565,Lower
11/24/2011,,62.175,Lower
11/25/2011,,62.6,Lower
11/26/2011,,63.007,Lower
11/27/2011,,63.445,Lower
11/28/2011,,63.886,Lower
11/29/2011,,64.319,Lower
11/30/2011,,64.73,Lower
12/1/2011,,65.032,Lower
12/2/2011,,65.469,Lower
12/3/2011,,65.796,Lower
12/4/2011,,66.107,Lower
12/5/2011,,66.432,Lower
12/6/2011,,66.687,Lower
12/7/2011,,66.991,Lower
12/8/2011,,67.351,Lower
12/9/2011,,67.678,Lower
12/10/2011,,67.946,Lower
12/11/2011,,68.289,Lower
12/12/2011,,68.676,Lower
12/13/2011,,68.767,Lower
12/14/2011,,69.032,Lower
12/15/2011,,69.251,Lower
12/16/2011,,68.902,Lower
12/17/2011,,68.996,Lower
12/18/2011,,69.305,Lower
12/19/2011,,69.719,Lower
12/20/2011,,68.417,Lower
12/21/2011,,65.345,Lower
12/22/2011,,64.283,Lower
12/23/2011,,64.404,Lower
12/24/2011,,64.153,Lower
12/25/2011,,65.049,Lower
12/26/2011,,66.097,Lower
12/27/2011,,66.508,Lower
12/28/2011,,66.343,Lower
12/29/2011,,66.116,Lower
12/30/2011,,66.222,Lower
12/31/2011,,66.602,Lower
1/1/2012,,67.406,Lower
1/2/2012,,68.083,Lower
1/3/2012,,68.233,Lower
1/4/2012,,67.007,Lower
1/5/2012,,65.452,Lower
1/6/2012,,66.036,Lower
1/7/2012,,66.875,Lower
1/8/2012,,67.136,Lower
1/9/2012,,67.836,Lower
1/10/2012,,68.132,Lower
1/11/2012,,68.067,Lower
1/12/2012,,68.345,Lower
1/13/2012,,68.598,Lower
1/14/2012,,69.181,Lower
1/15/2012,,69.805,Lower
1/16/2012,,70.319,Lower
1/17/2012,,70.732,Lower
1/18/2012,,71.134,Lower
1/19/2012,,71.572,Lower
1/20/2012,,72,Lower
1/21/2012,,72.596,Lower
1/22/2012,,72.77,Lower
1/23/2012,,73.281,Lower
1/24/2012,,73.488,Lower
1/25/2012,,73.703,Lower
1/26/2012,,74.014,Lower
1/27/2012,,74.317,Lower
1/28/2012,,74.589,Lower
1/29/2012,,74.857,Lower
1/30/2012,,75.184,Lower
1/31/2012,,75.481,Lower
2/1/2012,,75.702,Lower
2/2/2012,,75.903,Lower
2/3/2012,,76.24,Lower
2/4/2012,,76.474,Lower
2/5/2012,,76.699,Lower
2/6/2012,,76.957,Lower
2/7/2012,,77.267,Lower
2/8/2012,,77.446,Lower
2/9/2012,,77.652,Lower
2/10/2012,,77.777,Lower
2/11/2012,,77.944,Lower
2/12/2012,,78.143,Lower
2/13/2012,,78.505,Lower
2/14/2012,,78.741,Lower
2/15/2012,,78.965,Lower
2/16/2012,,79.113,Lower
2/17/2012,,79.255,Lower
2/18/2012,,79.401,Lower
2/19/2012,,79.581,Lower
2/20/2012,,79.815,Lower
2/21/2012,,79.969,Lower
2/22/2012,,80.133,Lower
2/23/2012,,80.225,Lower
2/24/2012,,80.362,Lower
2/25/2012,,80.124,Lower
2/26/2012,,78.535,Lower
2/27/2012,,75.218,Lower
2/28/2012,,73.005,Lower
2/29/2012,,70.97,Lower
3/1/2012,,72.007,Lower
3/2/2012,,73.091,Lower
3/3/2012,,74.219,Lower
3/4/2012,,74.95,Lower
3/5/2012,,75.63,Lower
3/6/2012,,75.823,Lower
3/7/2012,,75.254,Lower
3/8/2012,,70.879,Lower
3/9/2012,,71.763,Lower
3/10/2012,,73.157,Lower
3/11/2012,,74.262,Lower
3/13/2012,,74.752,Lower
3/14/2012,,75.775,Lower
3/15/2012,,76.32,Lower
3/16/2012,,76.723,Lower
3/17/2012,,77.328,Lower
3/18/2012,,77.701,Lower
3/19/2012,,76.689,Lower
3/20/2012,,75.344,Lower
3/21/2012,,76.549,Lower
3/22/2012,,77.363,Lower
3/23/2012,,77.917,Lower
3/24/2012,,77.917,Lower
3/25/2012,,78.644,Lower
3/26/2012,,79.14,Lower
3/27/2012,,79.375,Lower
3/28/2012,,79.887,Lower
3/29/2012,,80.184,Lower
3/30/2012,,80.518,Lower
3/31/2012,,80.898,Lower
4/1/2012,,81.181,Lower
4/2/2012,,81.332,Lower
4/3/2012,,81.467,Lower
4/4/2012,,81.757,Lower
4/5/2012,,81.96,Lower
4/6/2012,,79.725,Lower
4/7/2012,,77.964,Lower
4/8/2012,,78.967,Lower
4/9/2012,,79.949,Lower
4/10/2012,,80.222,Lower
4/11/2012,,80.306,Lower
4/12/2012,,80.692,Lower
4/13/2012,,81.239,Lower
4/14/2012,,81.536,Lower
4/15/2012,,81.79,Lower
4/16/2012,,82.146,Lower
4/17/2012,,82.505,Lower
4/18/2012,,81.322,Lower
4/19/2012,,80.29,Lower
4/20/2012,,80.989,Lower
4/21/2012,,81.115,Lower
4/22/2012,,80.198,Lower
4/23/2012,,78.621,Lower
4/24/2012,,78.829,Lower
4/25/2012,,78.853,Lower
4/26/2012,,77.541,Lower
4/27/2012,,76.398,Lower
4/28/2012,,77.097,Lower
4/29/2012,,73.337,Lower
4/30/2012,,70.457,Lower
5/1/2012,,71.358,Lower
5/2/2012,,68.243,Lower
5/3/2012,,65.136,Lower
5/4/2012,,66.768,Lower
5/5/2012,,66.873,Lower
5/6/2012,,64.859,Lower
5/7/2012,,65.756,Lower
5/8/2012,,64.691,Lower
5/9/2012,,59.48,Lower
5/10/2012,,57.708,Lower
5/11/2012,,58.477,Lower
5/12/2012,,54.008,Lower
5/13/2012,,54.215,Lower
5/14/2012,,54.574,Lower
5/15/2012,,53.945,Lower
5/16/2012,,51.371,Lower
5/17/2012,,50.573,Lower
5/18/2012,,50.451,Lower
5/19/2012,,48.623,Lower
5/20/2012,,45.715,Lower
5/21/2012,,49.814,Lower
5/22/2012,,49.764,Lower
5/23/2012,,49.045,Lower
5/24/2012,,48.451,Lower
5/25/2012,,46.785,Lower
5/26/2012,,45.793,Lower
5/27/2012,,43.292,Lower
5/28/2012,,45.08,Lower
5/29/2012,,45.198,Lower
5/30/2012,,43.922,Lower
5/31/2012,,42.612,Lower
6/1/2012,,41.244,Lower
6/2/2012,,41.169,Lower
6/3/2012,,41.006,Lower
6/4/2012,,41.439,Lower
6/5/2012,,42.396,Lower
6/6/2012,,40.496,Lower
6/7/2012,,39.53,Lower
6/8/2012,,38.2,Lower
6/9/2012,,35.248,Lower
6/10/2012,,37.061,Lower
6/11/2012,,38.505,Lower
6/12/2012,,38.352,Lower
6/13/2012,,36.011,Lower
6/14/2012,,34.703,Lower
6/15/2012,,33.689,Lower
6/16/2012,,33.136,Lower
6/17/2012,,31.896,Lower
6/18/2012,,30.992,Lower
6/19/2012,,30.823,Lower
6/20/2012,,30.208,Lower
6/21/2012,,28.717,Lower
6/22/2012,,27.945,Lower
6/23/2012,,27.625,Lower
6/24/2012,,26.46,Lower
6/25/2012,,25.414,Lower
6/26/2012,,25.101,Lower
6/27/2012,,25.261,Lower
6/28/2012,,24.951,Lower
6/29/2012,,22.853,Lower
6/30/2012,,21.381,Lower
7/1/2012,,22.912,Lower
7/2/2012,,24.626,Lower
7/3/2012,,24.606,Lower
7/4/2012,,22.73,Lower
7/5/2012,,21.833,Lower
7/6/2012,,22.035,Lower
7/7/2012,,21.774,Lower
7/8/2012,,20.211,Lower
7/9/2012,,19.342,Lower
7/10/2012,,20.108,Lower
7/11/2012,,19.903,Lower
7/12/2012,,18.94,Lower
7/13/2012,,18.361,Lower
7/14/2012,,17.99,Lower
7/15/2012,,17.098,Lower
7/16/2012,,16.239,Lower
7/17/2012,,16.106,Lower
7/18/2012,,16.676,Lower
7/19/2012,,17.162,Lower
7/20/2012,,16.549,Lower
7/21/2012,,16.191,Lower
7/22/2012,,15.933,Lower
7/23/2012,,16.86,Lower
7/24/2012,,17.709,Lower
7/25/2012,,17.064,Lower
7/26/2012,,16.813,Lower
7/27/2012,,16.59,Lower
7/28/2012,,16.372,Lower
7/29/2012,,15.252,Lower
7/30/2012,,15.931,Lower
7/31/2012,,18.334,Lower
8/1/2012,,18.0675,Lower
8/2/2012,,17.458,Lower
8/3/2012,,16.413,Lower
8/4/2012,,15.94,Lower
8/5/2012,,15.517,Lower
8/6/2012,,15.415,Lower
8/7/2012,,15.984,Lower
8/8/2012,,16.407,Lower
8/9/2012,,17.364,Lower
8/10/2012,,18.419,Lower
8/11/2012,,17.835,Lower
8/12/2012,,15.757,Lower
8/13/2012,,15.287,Lower
8/14/2012,,15.368,Lower
8/15/2012,,14.485,Lower
8/16/2012,,14.417,Lower
8/17/2012,,14.939,Lower
8/18/2012,,15.586,Lower
8/19/2012,,16.782,Lower
8/20/2012,,18.049,Lower
8/21/2012,,18.858,Lower
8/22/2012,,19.216,Lower
8/23/2012,,19.087,Lower
8/24/2012,,17.75,Lower
8/25/2012,,17.621,Lower
8/26/2012,,18.164,Lower
8/27/2012,,20.299,Lower
8/28/2012,,21.264,Lower
8/29/2012,,22.239,Lower
8/30/2012,,23.093,Lower
8/31/2012,,22.934,Lower
9/1/2012,,22.753,Lower
9/2/2012,,21.629,Lower
9/3/2012,,21.998,Lower
9/4/2012,,22.775,Lower
9/5/2012,,22.43,Lower
9/6/2012,,21.235,Lower
9/7/2012,,20.751,Lower
9/8/2012,,21.553,Lower
9/9/2012,,21.865,Lower
9/10/2012,,22.789,Lower
9/11/2012,,24.416,Lower
9/12/2012,,24.259,Lower
9/13/2012,,23.76,Lower
9/14/2012,,24.49,Lower
9/15/2012,,24.745,Lower
9/16/2012,,23.776,Lower
9/17/2012,,22.91,Lower
9/18/2012,,23.173,Lower
9/19/2012,,22.789,Lower
9/20/2012,,23.675,Lower
9/21/2012,,25.313,Lower
9/22/2012,,26.506,Lower
9/23/2012,,26.893,Lower
9/24/2012,,26.929,Lower
9/25/2012,,25.77,Lower
9/26/2012,,25.522,Lower
9/27/2012,,24.495,Lower
9/28/2012,,22.748,Lower
9/29/2012,,23.755,Lower
9/30/2012,,26.09,Lower
10/1/2012,,26.823,Lower
10/2/2012,,27.441,Lower
10/3/2012,,28.082,Lower
10/4/2012,,28.036,Lower
10/5/2012,,27.33,Lower
10/6/2012,,27.16,Lower
10/7/2012,,27.332,Lower
10/8/2012,,28.716,Lower
10/9/2012,,29.588,Lower
10/10/2012,,29.523,Lower
10/11/2012,,29.473,Lower
10/12/2012,,27.986,Lower
10/13/2012,,27.33,Lower
10/14/2012,,28.828,Lower
10/15/2012,,30.247,Lower
10/16/2012,,31.436,Lower
10/17/2012,,30.768,Lower
10/19/2012,,30.293,Lower
10/20/2012,,30.724,Lower
10/21/2012,,30.581,Lower
10/22/2012,,31.425,Lower
10/23/2012,,32.892,Lower
10/24/2012,,34.055,Lower
10/25/2012,,34.953,Lower
10/26/2012,,35.563,Lower
10/27/2012,,35.562,Lower
10/28/2012,,35.529,Lower
10/29/2012,,36.255,Lower
10/30/2012,,37.02,Lower
10/31/2012,,37.644,Lower
11/1/2012,,37.768,Lower
11/2/2012,,38.796,Lower
11/3/2012,,39.586,Lower
11/4/2012,,40.158,Lower
11/5/2012,,40.87,Lower
11/6/2012,,40.865,Lower
11/7/2012,,39.222,Lower
11/8/2012,,39.073,Lower
11/9/2012,,39.392,Lower
11/10/2012,,40.023,Lower
11/11/2012,,40.199,Lower
11/12/2012,,41.117,Lower
11/13/2012,,41.394,Lower
11/14/2012,,42.273,Lower
11/15/2012,,43.016,Lower
11/16/2012,,43.696,Lower
11/17/2012,,44.337,Lower
11/18/2012,,44.938,Lower
11/19/2012,,45.425,Lower
11/20/2012,,45.871,Lower
11/21/2012,,46.299,Lower
11/22/2012,,46.605,Lower
11/23/2012,,47.166,Lower
11/24/2012,,47.642,Lower
11/25/2012,,48.147,Lower
11/26/2012,,48.604,Lower
11/27/2012,,48.984,Lower
11/28/2012,,49.426,Lower
11/29/2012,,49.913,Lower
11/30/2012,,50.46,Lower
12/1/2012,,50.819,Lower
12/2/2012,,51.325,Lower
12/3/2012,,51.599,Lower
12/4/2012,,51.918,Lower
12/5/2012,,52.316,Lower
12/6/2012,,52.675,Lower
12/7/2012,,53.001,Lower
12/8/2012,,53.338,Lower
12/9/2012,,53.656,Lower
12/10/2012,,53.939,Lower
12/11/2012,,54.224,Lower
12/12/2012,,54.603,Lower
12/13/2012,,54.832,Lower
12/14/2012,,55.117,Lower
12/15/2012,,55.355,Lower
12/16/2012,,55.673,Lower
12/17/2012,,56.062,Lower
12/18/2012,,56.331,Lower
12/19/2012,,56.569,Lower
12/20/2012,,56.829,Lower
12/21/2012,,57.246,Lower
12/22/2012,,57.718,Lower
12/23/2012,,57.89,Lower
12/24/2012,,58.206,Lower
12/25/2012,,58.401,Lower
12/26/2012,,58.803,Lower
12/27/2012,,58.957,Lower
12/28/2012,,59.191,Lower
12/29/2012,,59.459,Lower
12/30/2012,,59.73,Lower
12/31/2012,,59.93,Lower
1/1/2013,,60.152,Lower
1/2/2013,,60.414,Lower
1/3/2013,,60.933,Lower
1/4/2013,,61.294,Lower
1/5/2013,,61.611,Lower
1/6/2013,,61.941,Lower
1/7/2013,,62.199,Lower
1/8/2013,,62.434,Lower
1/9/2013,,62.682,Lower
1/10/2013,,62.957,Lower
1/11/2013,,63.165,Lower
1/12/2013,,63.383,Lower
1/13/2013,,63.626,Lower
1/14/2013,,63.798,Lower
1/15/2013,,64.007,Lower
1/16/2013,,64.213,Lower
1/17/2013,,64.48,Lower
1/18/2013,,64.705,Lower
1/19/2013,,64.94,Lower
1/20/2013,,65.13,Lower
1/21/2013,,65.365,Lower
1/22/2013,,65.602,Lower
1/23/2013,,65.829,Lower
1/24/2013,,66.047,Lower
1/25/2013,,66.23,Lower
1/26/2013,,66.487,Lower
1/27/2013,,66.667,Lower
1/28/2013,,66.832,Lower
1/29/2013,,66.961,Lower
1/30/2013,,67.149,Lower
1/31/2013,,67.292,Lower
2/1/2013,,67.445,Lower
2/2/2013,,67.647,Lower
2/3/2013,,67.834,Lower
2/4/2013,,68.067,Lower
2/5/2013,,68.265,Lower
2/6/2013,,68.372,Lower
2/7/2013,,68.549,Lower
2/8/2013,,68.661,Lower
2/9/2013,,68.822,Lower
2/10/2013,,68.83,Lower
2/11/2013,,68.912,Lower
2/12/2013,,68.88,Lower
2/13/2013,,68.985,Lower
2/14/2013,,69.213,Lower
2/15/2013,,69.351,Lower
2/16/2013,,69.46,Lower
2/17/2013,,69.55,Lower
2/18/2013,,69.724,Lower
2/19/2013,,69.854,Lower
2/20/2013,,70.03,Lower
2/21/2013,,70.064,Lower
2/22/2013,,70.115,Lower
2/23/2013,,70.058,Lower
2/24/2013,,69.503,Lower
2/25/2013,,69.197,Lower
2/26/2013,,69.02,Lower
2/27/2013,,68.978,Lower
2/28/2013,,67.541,Lower
3/1/2013,,64.724,Lower
3/2/2013,,63.856,Lower
3/3/2013,,64.124,Lower
3/4/2013,,64.914,Lower
3/5/2013,,65.668,Lower
3/6/2013,,66.124,Lower
3/7/2013,,66.4,Lower
3/8/2013,,65.805,Lower
3/9/2013,,65.44,Lower
3/10/2013,,63.741,Lower
3/12/2013,,64.003,Lower
3/13/2013,,63.954,Lower
3/14/2013,,64.244,Lower
3/15/2013,,63.295,Lower
3/16/2013,,62.609,Lower
3/17/2013,,62.422,Lower
3/18/2013,,62.776,Lower
3/19/2013,,63.3855,Lower
3/20/2013,,63.783,Lower
3/21/2013,,64.354,Lower
3/22/2013,,64.774,Lower
3/23/2013,,63.354,Lower
3/24/2013,,61.857,Lower
3/25/2013,,60.229,Lower
3/26/2013,,60.986,Lower
3/27/2013,,59.005,Lower
3/28/2013,,57.504,Lower
3/29/2013,,56.257,Lower
3/30/2013,,53.282,Lower
3/31/2013,,53.178,Lower
4/1/2013,,57.216,Lower
4/2/2013,,59.26,Lower
4/3/2013,,60.424,Lower
4/4/2013,,61.593,Lower
4/5/2013,,62.524,Lower
4/6/2013,,63.277,Lower
4/7/2013,,64.045,Lower
4/8/2013,,64.862,Lower
4/9/2013,,65.406,Lower
4/10/2013,,63.617,Lower
4/11/2013,,61.49,Lower
4/12/2013,,60.802,Lower
4/13/2013,,57.514,Lower
4/14/2013,,54.666,Lower
4/15/2013,,52.518,Lower
4/16/2013,,56.026,Lower
4/17/2013,,58.182,Lower
4/18/2013,,58.03,Lower
4/19/2013,,56.744,Lower
4/20/2013,,54.203,Lower
4/21/2013,,52.18,Lower
4/22/2013,,50.847,Lower
4/23/2013,,48.35,Lower
4/24/2013,,44.21,Lower
4/25/2013,,42.822,Lower
4/26/2013,,41.156,Lower
4/27/2013,,39.979,Lower
4/28/2013,,40.117,Lower
4/29/2013,,41.923,Lower
4/30/2013,,44.661,Lower
5/1/2013,,46.929,Lower
5/2/2013,,45.617,Lower
5/3/2013,,42.34,Lower
5/4/2013,,38.224,Lower
5/5/2013,,36.125,Lower
5/6/2013,,35.622,Lower
5/7/2013,,38.612,Lower
5/8/2013,,40.783,Lower
5/9/2013,,39.535,Lower
5/10/2013,,38.308,Lower
5/11/2013,,34.451,Lower
5/12/2013,,34.963,Lower
5/13/2013,,37.134,Lower
5/14/2013,,34.768,Lower
5/15/2013,,31.75,Lower
5/16/2013,,30.859,Lower
5/17/2013,,30.523,Lower
5/18/2013,,29.853,Lower
5/19/2013,,27.517,Lower
5/20/2013,,32.197,Lower
5/21/2013,,30.345,Lower
5/22/2013,,26.731,Lower
5/23/2013,,24.972,Lower
5/24/2013,,25.492,Lower
5/25/2013,,26.107,Lower
5/26/2013,,25.682,Lower
5/27/2013,,24.708,Lower
5/28/2013,,26.076,Lower
5/29/2013,,25.277,Lower
5/30/2013,,24.169,Lower
5/31/2013,,24.227,Lower
6/1/2013,,24.273,Lower
6/2/2013,,21.895,Lower
6/3/2013,,19.849,Lower
6/4/2013,,20.004,Lower
6/5/2013,,19.481,Lower
6/6/2013,,18.99,Lower
6/7/2013,,19.486,Lower
6/8/2013,,18.634,Lower
6/9/2013,,17.497,Lower
6/10/2013,,16.853,Lower
6/11/2013,,17.263,Lower
6/12/2013,,17.322,Lower
6/13/2013,,17.772,Lower
6/14/2013,,17.034,Lower
6/15/2013,,16.287,Lower
6/16/2013,,15.357,Lower
6/17/2013,,14.669,Lower
6/18/2013,,15.377,Lower
6/19/2013,,15.073,Lower
6/20/2013,,14.262,Lower
6/21/2013,,13.885,Lower
6/22/2013,,14.162,Lower
6/23/2013,,12.999,Lower
6/24/2013,,15.908,Lower
6/25/2013,,15.998,Lower
6/26/2013,,15.107,Lower
6/27/2013,,14.098,Lower
6/28/2013,,13.215,Lower
6/29/2013,,12.792,Lower
6/30/2013,,11.873,Lower
7/1/2013,,10.66,Lower
7/2/2013,,10.126,Lower
7/3/2013,,8.06,Lower
7/4/2013,,9.046,Lower
7/5/2013,,9.133,Lower
7/6/2013,,7.118,Lower
7/7/2013,,5.561,Lower
7/8/2013,,6.321,Lower
7/9/2013,,6.267,Lower
7/10/2013,,5.812,Lower
7/11/2013,,4.905,Lower
7/12/2013,,5.016,Lower
7/13/2013,,4.237,Lower
7/14/2013,,2.736,Lower
7/15/2013,,2.328,Lower
7/16/2013,,2.557,Lower
7/17/2013,,2.348,Lower
7/18/2013,,2.859,Lower
7/19/2013,,3.173,Lower
7/20/2013,,3.377,Lower
7/21/2013,,3.414,Lower
7/22/2013,,2.995,Lower
7/23/2013,,2.543,Lower
7/24/2013,,4.001,Lower
7/25/2013,,4.882,Lower
7/26/2013,,5.065,Lower
7/27/2013,,3.476,Lower
7/28/2013,,2.284,Lower
7/29/2013,,2.305,Lower
7/30/2013,,4.9645,Lower
8/1/2013,,4.115,Lower
8/2/2013,,3.816,Lower
8/3/2013,,3.833,Lower
8/4/2013,,4.304,Lower
8/5/2013,,4.365,Lower
8/6/2013,,4.508,Lower
8/7/2013,,4.84,Lower
8/8/2013,,6.19,Lower
8/9/2013,,8.161,Lower
8/10/2013,,8.485,Lower
8/11/2013,,9.192,Lower
8/12/2013,,10.142,Lower
8/13/2013,,10.264,Lower
8/14/2013,,9.247,Lower
8/15/2013,,9.649,Lower
8/16/2013,,9.966,Lower
8/17/2013,,8.901,Lower
8/18/2013,,10.221,Lower
8/19/2013,,11.628,Lower
8/20/2013,,12.782,Lower
8/21/2013,,13.619,Lower
8/22/2013,,14.299,Lower
8/23/2013,,14.41,Lower
8/24/2013,,14.382,Lower
8/25/2013,,13.126,Lower
8/26/2013,,12.841,Lower
8/27/2013,,14.198,Lower
8/28/2013,,15.251,Lower
8/29/2013,,14.997,Lower
8/30/2013,,15.068,Lower
8/31/2013,,15.283,Lower
9/1/2013,,14.327,Lower
9/2/2013,,13.751,Lower
9/3/2013,,14.783,Lower
9/4/2013,,15.882,Lower
9/5/2013,,16.26,Lower
9/6/2013,,17.868,Lower
9/7/2013,,18.97,Lower
9/8/2013,,18.204,Lower
9/9/2013,,18.766,Lower
9/10/2013,,18.975,Lower
9/11/2013,,18.514,Lower
9/12/2013,,18.652,Lower
9/13/2013,,18.302,Lower
9/14/2013,,18.163,Lower
9/15/2013,,17.64,Lower
9/16/2013,,18.624,Lower
9/17/2013,,19.336,Lower
9/18/2013,,19.454,Lower
9/19/2013,,19.333,Lower
9/20/2013,,20.41,Lower
9/21/2013,,21.343,Lower
9/22/2013,,20.855,Lower
9/23/2013,,21.2,Lower
9/24/2013,,22.745,Lower
9/25/2013,,23.927,Lower
9/26/2013,,24.963,Lower
9/27/2013,,25.776,Lower
9/28/2013,,26.499,Lower
9/29/2013,,26.51,Lower
9/30/2013,,26.346,Lower
10/1/2013,,26.15,Lower
10/2/2013,,26.285,Lower
10/3/2013,,25.969,Lower
10/4/2013,,25.488,Lower
10/5/2013,,25.952,Lower
10/6/2013,,25.682,Lower
10/7/2013,,24.23,Lower
10/8/2013,,22.91,Lower
10/9/2013,,22.016,Lower
10/10/2013,,22.885,Lower
10/11/2013,,23.066,Lower
10/12/2013,,20.897,Lower
10/13/2013,,18.962,Lower
10/14/2013,,20.44,Lower
10/15/2013,,20.896,Lower
10/16/2013,,18.814,Lower
10/17/2013,,17.73,Lower
10/18/2013,,17.46,Lower
10/19/2013,,18.887,Lower
10/20/2013,,21.0605,Lower
10/21/2013,,21.727,Lower
10/22/2013,,22.715,Lower
10/23/2013,,23.615,Lower
10/24/2013,,24.375,Lower
10/25/2013,,24.76,Lower
10/26/2013,,23.532,Lower
10/27/2013,,22.265,Lower
10/28/2013,,23.635,Lower
10/29/2013,,25.088,Lower
10/30/2013,,26.047,Lower
10/31/2013,,26.588,Lower
11/1/2013,,27.1,Lower
11/2/2013,,27.633,Lower
11/3/2013,,27.014,Lower
11/4/2013,,27.528,Lower
11/5/2013,,28.943,Lower
11/6/2013,,28.893,Lower
11/7/2013,,28.56,Lower
11/8/2013,,29.005,Lower
11/9/2013,,29.595,Lower
11/10/2013,,30.352,Lower
11/11/2013,,31.176,Lower
11/12/2013,,31.924,Lower
11/13/2013,,32.422,Lower
11/14/2013,,33.019,Lower
11/15/2013,,33.559,Lower
11/16/2013,,33.872,Lower
11/17/2013,,32.105,Lower
11/18/2013,,31.316,Lower
11/19/2013,,33.254,Lower
11/20/2013,,34.271,Lower
11/21/2013,,35.177,Lower
11/22/2013,,35.819,Lower
11/23/2013,,36.476,Lower
11/24/2013,,37.034,Lower
11/25/2013,,37.484,Lower
11/26/2013,,37.969,Lower
11/27/2013,,38.505,Lower
11/28/2013,,38.469,Lower
11/29/2013,,38.97,Lower
11/30/2013,,39.424,Lower
12/1/2013,,39.877,Lower
12/2/2013,,40.289,Lower
12/3/2013,,39.51,Lower
12/4/2013,,39.189,Lower
12/5/2013,,39.871,Lower
12/6/2013,,40.262,Lower
12/7/2013,,40.87,Lower
12/8/2013,,41.198,Lower
12/9/2013,,41.6,Lower
12/10/2013,,40.687,Lower
12/11/2013,,40.462,Lower
12/12/2013,,41.144,Lower
12/13/2013,,41.577,Lower
12/14/2013,,41.069,Lower
12/15/2013,,41.145,Lower
12/16/2013,,41.788,Lower
12/17/2013,,41.928,Lower
12/18/2013,,41.863,Lower
12/19/2013,,41.933,Lower
12/20/2013,,42.286,Lower
12/21/2013,,42.552,Lower
12/22/2013,,42.639,Lower
12/23/2013,,43.024,Lower
12/24/2013,,41.346,Lower
12/25/2013,,42.296,Lower
12/26/2013,,43.443,Lower
12/27/2013,,42.973,Lower
12/28/2013,,43.5,Lower
12/29/2013,,42.557,Lower
12/30/2013,,43.137,Lower
12/31/2013,,44.02,Lower
1/1/2014,,44.581,Lower
1/2/2014,,44.943,Lower
1/3/2014,,44.5,Lower
1/4/2014,,43.87,Lower
1/5/2014,,44.72,Lower
1/6/2014,,45.15,Lower
1/7/2014,,45.479,Lower
1/8/2014,,45.424,Lower
1/9/2014,,44.647,Lower
1/10/2014,,43.29,Lower
1/11/2014,,42.407,Lower
1/12/2014,,42.703,Lower
1/13/2014,,43.23,Lower
1/14/2014,,43.136,Lower
1/15/2014,,40.917,Lower
1/16/2014,,39.253,Lower
1/17/2014,,40.021,Lower
1/18/2014,,41.555,Lower
1/19/2014,,41.888,Lower
1/20/2014,,42.73,Lower
1/21/2014,,43.103,Lower
1/22/2014,,43.554,Lower
1/23/2014,,42.831,Lower
1/24/2014,,42.724,Lower
1/25/2014,,43.216,Lower
1/26/2014,,43.284,Lower
1/27/2014,,43.857,Lower
1/28/2014,,43.436,Lower
1/29/2014,,43.28,Lower
1/30/2014,,44.085,Lower
1/31/2014,,44.65,Lower
2/1/2014,,45.051,Lower
2/2/2014,,45.502,Lower
2/3/2014,,45.774,Lower
2/4/2014,,46.135,Lower
2/5/2014,,44.87,Lower
2/6/2014,,43.214,Lower
2/7/2014,,44.686,Lower
2/8/2014,,45.632,Lower
2/9/2014,,46.405,Lower
2/10/2014,,47.076,Lower
2/11/2014,,47.59,Lower
2/12/2014,,48.099,Lower
2/13/2014,,48.559,Lower
2/14/2014,,49.042,Lower
2/15/2014,,49.494,Lower
2/16/2014,,49.883,Lower
2/17/2014,,50.232,Lower
2/18/2014,,50.468,Lower
2/19/2014,,50.825,Lower
2/20/2014,,51.138,Lower
2/21/2014,,50.143,Lower
2/22/2014,,50.654,Lower
2/23/2014,,50.408,Lower
2/24/2014,,51.381,Lower
2/25/2014,,51.781,Lower
2/26/2014,,51.938,Lower
2/27/2014,,52.426,Lower
2/28/2014,,52.841,Lower
3/1/2014,,53.372,Lower
3/2/2014,,53.608,Lower
3/3/2014,,53.872,Lower
3/4/2014,,54.257,Lower
3/5/2014,,54.56,Lower
3/6/2014,,54.896,Lower
3/7/2014,,55.104,Lower
3/8/2014,,55.385,Lower
3/9/2014,,55.604,Lower
3/11/2014,,56.069,Lower
3/12/2014,,56.364,Lower
3/13/2014,,56.654,Lower
3/14/2014,,56.936,Lower
3/15/2014,,57.109,Lower
3/16/2014,,57.328,Lower
3/17/2014,,57.658,Lower
3/18/2014,,57.622,Lower
3/19/2014,,57.4345,Lower
3/20/2014,,55.845,Lower
3/21/2014,,53.714,Lower
3/22/2014,,52.182,Lower
3/23/2014,,53.297,Lower
3/24/2014,,52.352,Lower
3/25/2014,,52.645,Lower
3/26/2014,,54.261,Lower
3/27/2014,,53.96,Lower
3/28/2014,,54.968,Lower
3/29/2014,,55.7,Lower
3/30/2014,,56.304,Lower
3/31/2014,,56.792,Lower
4/1/2014,,57.332,Lower
4/2/2014,,57.618,Lower
4/3/2014,,57.879,Lower
4/4/2014,,58.266,Lower
4/5/2014,,58.567,Lower
4/6/2014,,58.81,Lower
4/7/2014,,59.146,Lower
4/8/2014,,59.303,Lower
4/9/2014,,57.307,Lower
4/10/2014,,54.725,Lower
4/11/2014,,52.195,Lower
4/12/2014,,51.46,Lower
4/13/2014,,51.04,Lower
4/14/2014,,51.399,Lower
4/15/2014,,51.475,Lower
4/16/2014,,48.951,Lower
4/17/2014,,46.111,Lower
4/18/2014,,47.053,Lower
4/19/2014,,44.216,Lower
4/20/2014,,41.276,Lower
4/21/2014,,44.86,Lower
4/22/2014,,44.241,Lower
4/23/2014,,41.733,Lower
4/24/2014,,40.807,Lower
4/25/2014,,37.792,Lower
4/26/2014,,37.315,Lower
4/27/2014,,34.974,Lower
4/28/2014,,34.773,Lower
4/29/2014,,34.509,Lower
4/30/2014,,34.669,Lower
5/1/2014,,33.56,Lower
5/2/2014,,29.356,Lower
5/3/2014,,28.156,Lower
5/4/2014,,27.988,Lower
5/5/2014,,26.584,Lower
5/6/2014,,26.737,Lower
5/7/2014,,27.277,Lower
5/8/2014,,27.006,Lower
5/9/2014,,25.716,Lower
5/10/2014,,23.003,Lower
5/11/2014,,23.447,Lower
5/12/2014,,25.052,Lower
5/13/2014,,24.075,Lower
5/14/2014,,22.347,Lower
5/15/2014,,21.038,Lower
5/16/2014,,19.861,Lower
5/17/2014,,16.337,Lower
5/18/2014,,16.694,Lower
5/19/2014,,19.034,Lower
5/20/2014,,19.457,Lower
5/21/2014,,17.23,Lower
5/22/2014,,16.593,Lower
5/23/2014,,14.513,Lower
5/24/2014,,14.106,Lower
5/25/2014,,11.859,Lower
5/26/2014,,11.816,Lower
5/27/2014,,10.513,Lower
5/28/2014,,10.274,Lower
5/29/2014,,8.741,Lower
5/30/2014,,6.489,Lower
5/31/2014,,7.576,Lower
6/1/2014,,4.581,Lower
6/2/2014,,3.817,Lower
6/3/2014,,3.49,Lower
6/4/2014,,2.366,Lower
6/5/2014,,3.737,Lower
6/6/2014,,1.603,Lower
6/7/2014,,0.872,Lower
6/8/2014,,-0.538,Lower
6/9/2014,,1.013,Lower
6/10/2014,,1.327,Lower
6/11/2014,,0.57,Lower
6/12/2014,,0.087,Lower
6/13/2014,,-1.82,Lower
8/6/2014,,-24.13,Lower
9/28/2014,,0.518,Lower
9/29/2014,,2.581,Lower
9/30/2014,,3.076,Lower
10/1/2014,,4.005,Lower
10/2/2014,,5.293,Lower
10/3/2014,,6.357,Lower
10/4/2014,,4.76,Lower
10/5/2014,,1.613,Lower
10/6/2014,,1.939,Lower
10/7/2014,,2.806,Lower
10/8/2014,,1.139,Lower
10/9/2014,,0.34,Lower
10/10/2014,,-1.152,Lower
10/11/2014,,0.526,Lower
10/12/2014,,1.795,Lower
10/13/2014,,-0.459,Lower
10/14/2014,,-1.836,Lower
10/15/2014,,-1.95,Lower
10/16/2014,,-2.249,Lower
10/17/2014,,-3.488,Lower
10/18/2014,,-5.289,Lower
10/19/2014,,-4.753,Lower
10/20/2014,,-1.525,Lower
10/21/2014,,1.727,Lower
10/22/2014,,3.864,Lower
10/23/2014,,5.139,Lower
10/24/2014,,5.824,Lower
10/25/2014,,6.46,Lower
10/26/2014,,7.009,Lower
10/27/2014,,8.83,Lower
10/28/2014,,8.706,Lower
10/29/2014,,7.85,Lower
10/30/2014,,8.853,Lower
10/31/2014,,9.581,Lower
11/1/2014,,11.055,Lower
11/2/2014,,12.088,Lower
11/3/2014,,13.048,Lower
11/4/2014,,10.601,Lower
11/5/2014,,8.092,Lower
11/6/2014,,6.367,Lower
11/7/2014,,6.02,Lower
11/8/2014,,6.813,Lower
11/9/2014,,8.636,Lower
11/10/2014,,10.812,Lower
11/11/2014,,10.858,Lower
11/12/2014,,10.04,Lower
11/13/2014,,11.47,Lower
11/14/2014,,12.937,Lower
11/15/2014,,14.092,Lower
11/16/2014,,15.003,Lower
11/17/2014,,15.859,Lower
11/18/2014,,16.674,Lower
11/19/2014,,17.449,Lower
11/20/2014,,18.119,Lower
11/21/2014,,18.813,Lower
11/22/2014,,19.452,Lower
11/23/2014,,19.931,Lower
11/24/2014,,20.441,Lower
11/25/2014,,20.958,Lower
11/26/2014,,21.505,Lower
11/27/2014,,22.041,Lower
11/28/2014,,22.643,Lower
11/29/2014,,23.237,Lower
11/30/2014,,23.725,Lower
12/1/2014,,24.14,Lower
12/2/2014,,24.63,Lower
12/3/2014,,25.173,Lower
12/4/2014,,25.736,Lower
12/5/2014,,26.019,Lower
12/6/2014,,26.421,Lower
12/7/2014,,26.702,Lower
12/8/2014,,27.1,Lower
12/9/2014,,27.499,Lower
12/10/2014,,27.91,Lower
12/11/2014,,28.506,Lower
12/12/2014,,29.014,Lower
12/13/2014,,29.178,Lower
12/14/2014,,29.503,Lower
12/15/2014,,29.884,Lower
12/16/2014,,30.313,Lower
12/17/2014,,30.683,Lower
12/18/2014,,30.927,Lower
12/19/2014,,31.24,Lower
12/20/2014,,31.551,Lower
12/21/2014,,31.814,Lower
12/22/2014,,32.079,Lower
12/23/2014,,32.398,Lower
12/24/2014,,32.713,Lower
12/25/2014,,33.05,Lower
12/26/2014,,33.315,Lower
12/27/2014,,33.603,Lower
12/28/2014,,33.86,Lower
12/29/2014,,34.19,Lower
12/30/2014,,34.5,Lower
12/31/2014,,34.706,Lower
1/1/2015,,35.072,Lower
1/2/2015,,35.328,Lower
1/3/2015,,35.587,Lower
1/4/2015,,35.828,Lower
1/5/2015,,36.074,Lower
1/6/2015,,36.373,Lower
1/7/2015,,36.66,Lower
1/8/2015,,37.001,Lower
1/9/2015,,37.311,Lower
1/10/2015,,37.611,Lower
1/11/2015,,37.857,Lower
1/12/2015,,38.078,Lower
1/13/2015,,38.324,Lower
1/14/2015,,38.569,Lower
1/15/2015,,38.782,Lower
1/16/2015,,39.04,Lower
1/17/2015,,39.303,Lower
1/18/2015,,39.533,Lower
1/19/2015,,39.739,Lower
1/20/2015,,40.003,Lower
1/21/2015,,40.27,Lower
1/22/2015,,40.464,Lower
1/23/2015,,40.658,Lower
1/24/2015,,40.903,Lower
1/25/2015,,41.167,Lower
1/26/2015,,41.4,Lower
1/27/2015,,41.642,Lower
1/28/2015,,41.783,Lower
1/29/2015,,40.041,Lower
1/30/2015,,37.851,Lower
1/31/2015,,36.09,Lower
2/1/2015,,35.218,Lower
2/2/2015,,35.844,Lower
2/3/2015,,35.91,Lower
2/4/2015,,36.766,Lower
2/5/2015,,37.808,Lower
2/6/2015,,38.594,Lower
2/7/2015,,39.366,Lower
2/8/2015,,39.781,Lower
2/9/2015,,40.348,Lower
2/10/2015,,40.603,Lower
2/11/2015,,41.016,Lower
2/12/2015,,41.31,Lower
2/13/2015,,41.658,Lower
2/14/2015,,41.951,Lower
2/15/2015,,42.209,Lower
2/16/2015,,42.516,Lower
2/17/2015,,42.813,Lower
2/18/2015,,43.052,Lower
2/19/2015,,43.205,Lower
2/20/2015,,43.266,Lower
2/21/2015,,43.379,Lower
2/22/2015,,43.611,Lower
2/23/2015,,43.889,Lower
2/24/2015,,42.786,Lower
2/25/2015,,42.44,Lower
2/26/2015,,43.206,Lower
2/27/2015,,43.886,Lower
2/28/2015,,44.411,Lower
3/1/2015,,44.66,Lower
3/2/2015,,45.053,Lower
3/3/2015,,43.539,Lower
3/4/2015,,41.795,Lower
3/5/2015,,41.222,Lower
3/6/2015,,41.64,Lower
3/7/2015,,41.936,Lower
3/8/2015,,42.381,Lower
3/10/2015,,39.803,Lower
3/11/2015,,36.278,Lower
3/12/2015,,35.03,Lower
3/13/2015,,37.232,Lower
3/14/2015,,38.125,Lower
3/15/2015,,36.363,Lower
3/16/2015,,34.696,Lower
3/17/2015,,34.411,Lower
3/18/2015,,35.662,Lower
3/19/2015,,34.89,Lower
3/20/2015,,32.514,Lower
3/21/2015,,30.551,Lower
3/22/2015,,29.006,Lower
3/23/2015,,29.889,Lower
3/24/2015,,30.897,Lower
3/25/2015,,32.001,Lower
3/26/2015,,31.787,Lower
3/27/2015,,30.78,Lower
3/28/2015,,28.853,Lower
3/29/2015,,29.094,Lower
3/30/2015,,30.35,Lower
3/31/2015,,31.262,Lower
4/1/2015,,31.007,Lower
4/2/2015,,30.006,Lower
4/3/2015,,30.439,Lower
4/4/2015,,30.748,Lower
4/5/2015,,29.783,Lower
4/6/2015,,30.378,Lower
4/7/2015,,30.91,Lower
4/8/2015,,31.166,Lower
4/9/2015,,31.145,Lower
4/10/2015,,30.147,Lower
4/11/2015,,28.993,Lower
4/12/2015,,27.724,Lower
4/13/2015,,27.052,Lower
4/14/2015,,26.052,Lower
4/15/2015,,25.543,Lower
4/16/2015,,25.546,Lower
4/17/2015,,22.866,Lower
4/18/2015,,18.932,Lower
4/19/2015,,17.229,Lower
4/20/2015,,18.889,Lower
4/21/2015,,20.05,Lower
4/22/2015,,18.993,Lower
4/23/2015,,16.376,Lower
4/24/2015,,15.348,Lower
4/25/2015,,16.104,Lower
4/26/2015,,18.373,Lower
4/27/2015,,21.335,Lower
4/28/2015,,21.177,Lower
4/29/2015,,19.099,Lower
4/30/2015,,18.025,Lower
5/1/2015,,18.042,Lower
5/2/2015,,15.481,Lower
5/3/2015,,13.085,Lower
5/4/2015,,11.817,Lower
5/5/2015,,10.834,Lower
5/6/2015,,7.516,Lower
5/7/2015,,6.167,Lower
5/8/2015,,6.042,Lower
5/9/2015,,4.832,Lower
5/10/2015,,5.026,Lower
5/11/2015,,7.493,Lower
5/12/2015,,8.747,Lower
5/13/2015,,6.247,Lower
5/14/2015,,3.831,Lower
5/15/2015,,3.012,Lower
5/16/2015,,2.526,Lower
5/17/2015,,-0.202,Lower
5/18/2015,,-0.44,Lower
5/19/2015,,0.026,Lower
5/20/2015,,0.623,Lower
5/21/2015,,1.106,Lower
5/22/2015,,-0.253,Lower
5/23/2015,,-2.763,Lower
5/24/2015,,-3.739,Lower
5/25/2015,,-0.856,Lower
5/26/2015,,-3.033,Lower
5/27/2015,,-5.496,Lower
5/28/2015,,-6.102,Lower
5/29/2015,,-5.18,Lower
5/30/2015,,-4.5,Lower
5/31/2015,,-8.4,Lower
6/1/2015,,-10.357,Lower
6/2/2015,,-10.004,Lower
6/3/2015,,4.5385,Lower
8/4/2015,,-42.19,Lower
8/6/2015,,-41.662,Lower
8/7/2015,,-42.066,Lower
8/8/2015,,-40.516,Lower
8/9/2015,,-40.604,Lower
8/10/2015,,-40.763,Lower
8/11/2015,,-40.316,Lower
8/12/2015,,-40.039,Lower
8/13/2015,,-39.287,Lower
8/14/2015,,-40.717,Lower
8/15/2015,,-41.859,Lower
8/16/2015,,-42.685,Lower
8/17/2015,,-40.191,Lower
8/18/2015,,-37.166,Lower
8/19/2015,,-35.838,Lower
8/20/2015,,-36.716,Lower
8/21/2015,,-38.229,Lower
8/22/2015,,-36.781,Lower
8/23/2015,,-36.266,Lower
8/24/2015,,-36.801,Lower
8/25/2015,,-35.413,Lower
8/26/2015,,-34.814,Lower
8/27/2015,,-34.423,Lower
8/28/2015,,-34.374,Lower
8/29/2015,,-33.938,Lower
8/30/2015,,-33.7,Lower
8/31/2015,,-32.535,Lower
9/1/2015,,-31.798,Lower
9/2/2015,,-31.315,Lower
9/3/2015,,-31.726,Lower
9/4/2015,,-31.847,Lower
9/5/2015,,-30.797,Lower
9/6/2015,,-29.851,Lower
9/7/2015,,-30.805,Lower
9/8/2015,,-31.497,Lower
9/9/2015,,-31.975,Lower
9/10/2015,,-32.786,Lower
9/11/2015,,-32.42,Lower
9/12/2015,,-32.98,Lower
9/13/2015,,-31.518,Lower
9/14/2015,,-30.68,Lower
9/15/2015,,-29.508,Lower
9/16/2015,,-28.447,Lower
9/17/2015,,-27.485,Lower
9/18/2015,,-26.753,Lower
9/19/2015,,-26.502,Lower
9/20/2015,,-25.968,Lower
9/21/2015,,-25.457,Lower
9/22/2015,,-21.09,Lower
9/23/2015,,-17.814,Lower
9/24/2015,,-16.028,Lower
9/25/2015,,-14.289,Lower
9/26/2015,,-17.889,Lower
9/27/2015,,-22.256,Lower
9/28/2015,,-25.88,Lower
9/29/2015,,-27.462,Lower
9/30/2015,,-28.662,Lower
10/1/2015,,-29.899,Lower
10/2/2015,,-27.836,Lower
10/3/2015,,-22.818,Lower
10/4/2015,,-23.784,Lower
10/5/2015,,-25.409,Lower
10/6/2015,,-25.496,Lower
10/7/2015,,-28.113,Lower
10/8/2015,,-26.907,Lower
10/9/2015,,-25.335,Lower
10/10/2015,,-23.815,Lower
10/11/2015,,-22.214,Lower
10/12/2015,,-20.116,Lower
10/13/2015,,-16.968,Lower
10/14/2015,,-15.058,Lower
10/15/2015,,-15.595,Lower
10/17/2015,,-18.402,Lower
10/18/2015,,-16.291,Lower
10/19/2015,,-13.95,Lower
10/20/2015,,-14.024,Lower
10/21/2015,,-14.866,Lower
10/22/2015,,-14.406,Lower
10/23/2015,,-13.297,Lower
10/24/2015,,-14.365,Lower
10/25/2015,,-15.638,Lower
10/26/2015,,-13.438,Lower
10/27/2015,,-11.676,Lower
10/28/2015,,-13.16,Lower
10/29/2015,,-12.267,Lower
10/30/2015,,-12.772,Lower
10/31/2015,,-15.499,Lower
11/1/2015,,-15.24,Lower
11/2/2015,,-12.662,Lower
11/3/2015,,-10.547,Lower
11/4/2015,,-7.939,Lower
11/5/2015,,-6.469,Lower
11/6/2015,,-5.166,Lower
11/7/2015,,-3.974,Lower
11/8/2015,,-2.998,Lower
11/9/2015,,-1.97,Lower
11/10/2015,,-1.162,Lower
11/11/2015,,-0.4,Lower
11/12/2015,,0.028,Lower
11/13/2015,,0.387,Lower
11/14/2015,,0.491,Lower
11/15/2015,,1.099,Lower
11/16/2015,,2.228,Lower
11/17/2015,,2.756,Lower
11/18/2015,,3.467,Lower
11/19/2015,,4.022,Lower
11/20/2015,,4.572,Lower
11/21/2015,,5.005,Lower
11/22/2015,,5.298,Lower
11/23/2015,,6.089,Lower
11/24/2015,,4.598,Lower
11/25/2015,,2.908,Lower
11/26/2015,,4.119,Lower
11/27/2015,,5.621,Lower
11/28/2015,,6.659,Lower
11/29/2015,,7.442,Lower
11/30/2015,,8.11,Lower
12/1/2015,,8.692,Lower
12/2/2015,,9.228,Lower
12/3/2015,,9.794,Lower
12/4/2015,,10.302,Lower
12/5/2015,,10.748,Lower
12/6/2015,,11.254,Lower
12/7/2015,,11.701,Lower
12/8/2015,,12.177,Lower
12/9/2015,,12.645,Lower
12/10/2015,,13.258,Lower
12/11/2015,,13.693,Lower
12/12/2015,,14.027,Lower
12/13/2015,,14.442,Lower
12/14/2015,,14.867,Lower
12/15/2015,,15.22,Lower
12/16/2015,,15.585,Lower
12/17/2015,,15.938,Lower
12/18/2015,,16.35,Lower
12/19/2015,,16.816,Lower
12/20/2015,,17.118,Lower
12/21/2015,,17.487,Lower
12/22/2015,,17.999,Lower
12/23/2015,,18.274,Lower
12/24/2015,,18.615,Lower
12/25/2015,,18.885,Lower
12/26/2015,,19.074,Lower
12/27/2015,,19.4,Lower
12/28/2015,,19.791,Lower
12/29/2015,,20.142,Lower
12/30/2015,,20.419,Lower
12/31/2015,,20.692,Lower
1/1/2016,,21.022,Lower
1/2/2016,,21.343,Lower
1/3/2016,,21.691,Lower
1/4/2016,,22.082,Lower
1/5/2016,,22.495,Lower
1/6/2016,,22.806,Lower
1/7/2016,,23.144,Lower
1/8/2016,,23.34,Lower
1/9/2016,,23.567,Lower
1/10/2016,,23.837,Lower
1/11/2016,,24.067,Lower
1/12/2016,,24.328,Lower
1/13/2016,,24.726,Lower
1/14/2016,,24.963,Lower
1/15/2016,,25.345,Lower
1/16/2016,,25.559,Lower
1/17/2016,,25.839,Lower
1/18/2016,,26.17,Lower
1/19/2016,,26.424,Lower
1/20/2016,,26.695,Lower
1/21/2016,,26.91,Lower
1/22/2016,,27.234,Lower
1/23/2016,,27.531,Lower
1/24/2016,,27.692,Lower
1/25/2016,,27.887,Lower
1/26/2016,,28.106,Lower
1/27/2016,,28.337,Lower
1/28/2016,,28.628,Lower
1/29/2016,,28.947,Lower
1/30/2016,,29.298,Lower
1/31/2016,,29.557,Lower
2/1/2016,,29.809,Lower
2/2/2016,,30.006,Lower
2/3/2016,,30.16,Lower
2/4/2016,,30.087,Lower
2/5/2016,,29.88,Lower
2/6/2016,,30.52,Lower
2/7/2016,,30.822,Lower
2/8/2016,,31.165,Lower
2/9/2016,,31.475,Lower
2/10/2016,,31.767,Lower
2/11/2016,,32.059,Lower
2/12/2016,,32.302,Lower
2/13/2016,,32.568,Lower
2/14/2016,,32.804,Lower
2/15/2016,,33.067,Lower
2/16/2016,,33.307,Lower
2/17/2016,,33.666,Lower
2/18/2016,,33.996,Lower
2/19/2016,,33.984,Lower
2/20/2016,,34.074,Lower
2/21/2016,,34.304,Lower
2/22/2016,,34.516,Lower
2/23/2016,,34.816,Lower
2/24/2016,,34.992,Lower
2/25/2016,,34.702,Lower
2/26/2016,,34.863,Lower
2/27/2016,,35.004,Lower
2/28/2016,,35.044,Lower
2/29/2016,,35.253,Lower
3/1/2016,,35.147,Lower
3/2/2016,,35.423,Lower
3/3/2016,,35.541,Lower
3/4/2016,,35.805,Lower
3/5/2016,,36.041,Lower
3/6/2016,,36.514,Lower
3/7/2016,,36.742,Lower
3/8/2016,,36.928,Lower
3/9/2016,,37.12,Lower
3/10/2016,,37.403,Lower
3/11/2016,,37.766,Lower
3/12/2016,,38.032,Lower
3/13/2016,,38.273,Lower
3/15/2016,,38.626,Lower
3/16/2016,,38.9895,Lower
3/17/2016,,39.085,Lower
3/18/2016,,39.332,Lower
3/19/2016,,39.503,Lower
3/20/2016,,39.692,Lower
3/21/2016,,39.896,Lower
3/22/2016,,40.091,Lower
3/23/2016,,40.207,Lower
3/24/2016,,40.415,Lower
3/25/2016,,40.621,Lower
3/26/2016,,40.853,Lower
3/27/2016,,41.066,Lower
3/28/2016,,41.304,Lower
3/29/2016,,41.325,Lower
3/30/2016,,39.908,Lower
3/31/2016,,37.791,Lower
4/1/2016,,36.576,Lower
4/2/2016,,36.805,Lower
4/3/2016,,37.217,Lower
4/4/2016,,37.637,Lower
4/5/2016,,36.05,Lower
4/6/2016,,35.671,Lower
4/7/2016,,32.427,Lower
4/8/2016,,30.51,Lower
4/9/2016,,30.812,Lower
4/10/2016,,31.801,Lower
4/11/2016,,33.729,Lower
4/12/2016,,33.105,Lower
4/13/2016,,31.126,Lower
4/14/2016,,31.367,Lower
4/15/2016,,30.875,Lower
4/16/2016,,29.569,Lower
4/17/2016,,28.044,Lower
4/18/2016,,29.171,Lower
4/19/2016,,26.462,Lower
4/20/2016,,24.97,Lower
4/21/2016,,23.309,Lower
4/22/2016,,22.501,Lower
4/23/2016,,22.206,Lower
4/24/2016,,21.264,Lower
4/25/2016,,22.206,Lower
4/26/2016,,24.498,Lower
4/27/2016,,23.329,Lower
4/28/2016,,22.723,Lower
4/29/2016,,18.362,Lower
4/30/2016,,16.433,Lower
5/1/2016,,19.549,Lower
5/2/2016,,17.578,Lower
5/3/2016,,16.985,Lower
5/4/2016,,12.811,Lower
5/5/2016,,11.143,Lower
5/6/2016,,11.899,Lower
5/7/2016,,16.88,Lower
5/8/2016,,19.8,Lower
5/9/2016,,21.851,Lower
5/10/2016,,23.485,Lower
5/11/2016,,24.837,Lower
5/12/2016,,25.207,Lower
5/13/2016,,23.04,Lower
5/14/2016,,20.258,Lower
5/15/2016,,16.896,Lower
5/16/2016,,16.962,Lower
5/17/2016,,17.176,Lower
5/18/2016,,16.128,Lower
5/19/2016,,13.975,Lower
5/20/2016,,14.398,Lower
5/21/2016,,12.628,Lower
5/22/2016,,12.166,Lower
5/23/2016,,12.28,Lower
5/24/2016,,12.882,Lower
5/25/2016,,12.696,Lower
5/26/2016,,12.421,Lower
5/27/2016,,11.914,Lower
5/28/2016,,9.156,Lower
5/29/2016,,5.092,Lower
5/30/2016,,1.659,Lower
5/31/2016,,2.082,Lower
6/1/2016,,2.262,Lower
6/2/2016,,-0.759,Lower
6/3/2016,,-1.565,Lower
6/4/2016,,-3.104,Lower
6/5/2016,,-2.814,Lower
6/6/2016,,-1.549,Lower
6/7/2016,,-0.06,Lower
6/8/2016,,0.897,Lower
6/10/2016,,-2.653,Lower
6/11/2016,,-3.97,Lower
6/12/2016,,-1.637,Lower
6/13/2016,,-2.848,Lower
6/14/2016,,-3.84,Lower
6/15/2016,,-4.814,Lower
6/16/2016,,-3.14,Lower
6/17/2016,,-3.855,Lower
6/18/2016,,-7.173,Lower
6/19/2016,,-9.459,Lower
6/20/2016,,-6.623,Lower
6/21/2016,,-5.675,Lower
6/22/2016,,-6.369,Lower
6/23/2016,,-8.411,Lower
6/24/2016,,-9.735,Lower
6/25/2016,,-8.941,Lower
6/26/2016,,-8.322,Lower
6/27/2016,,-9.824,Lower
6/28/2016,,-8.544,Lower
6/29/2016,,-9.054,Lower
6/30/2016,,-12.752,Lower
7/1/2016,,-13.326,Lower
7/2/2016,,-14.175,Lower
7/3/2016,,-13.84,Lower
7/4/2016,,-14.791,Lower
7/5/2016,,-15.397,Lower
7/6/2016,,-13.959,Lower
7/7/2016,,-13.563,Lower
7/8/2016,,-12.531,Lower
7/9/2016,,-12.147,Lower
7/10/2016,,-12.761,Lower
7/11/2016,,-12.577,Lower
7/12/2016,,-12.176,Lower
7/13/2016,,-12.299,Lower
7/14/2016,,-12.768,Lower
7/15/2016,,-11.887,Lower
7/16/2016,,-15.931,Lower
7/17/2016,,-17.971,Lower
7/18/2016,,-16.806,Lower
7/19/2016,,-15.631,Lower
7/20/2016,,-15.142,Lower
7/21/2016,,-14.927,Lower
7/22/2016,,-15.302,Lower
7/23/2016,,-16.01,Lower
7/24/2016,,-16.305,Lower
7/25/2016,,-15.873,Lower
7/26/2016,,-15.33,Lower
7/27/2016,,-15.68,Lower
7/28/2016,,-16.374,Lower
7/29/2016,,-16.381,Lower
7/30/2016,,-17.832,Lower
7/31/2016,,-16.872,Lower
8/1/2016,,-17.071,Lower
8/2/2016,,-17.913,Lower
8/3/2016,,-18.4935,Lower
8/5/2016,,-19.031,Lower
8/6/2016,,-18.445,Lower
8/7/2016,,-18.347,Lower
8/8/2016,,-18.55,Lower
8/9/2016,,-21.659,Lower
8/10/2016,,-19.623,Lower
8/11/2016,,-16.611,Lower
8/12/2016,,-15.145,Lower
8/13/2016,,-14.4,Lower
8/14/2016,,-14.304,Lower
8/15/2016,,-14.177,Lower
8/16/2016,,-13.615,Lower
8/17/2016,,-13.72,Lower
8/18/2016,,-13.424,Lower
8/19/2016,,-13.942,Lower
8/20/2016,,-13.454,Lower
8/21/2016,,-14.374,Lower
8/22/2016,,-13.7,Lower
8/23/2016,,-13.344,Lower
8/24/2016,,-16.174,Lower
8/25/2016,,-17.075,Lower
8/26/2016,,-13.691,Lower
8/27/2016,,-12.113,Lower
8/28/2016,,-12.317,Lower
8/29/2016,,-10.83,Lower
8/30/2016,,-10.667,Lower
8/31/2016,,-12.002,Lower
9/1/2016,,-11.368,Lower
9/2/2016,,-11.324,Lower
9/3/2016,,-10.522,Lower
9/4/2016,,-10.822,Lower
9/5/2016,,-12.229,Lower
9/6/2016,,-13.559,Lower
9/7/2016,,-15.343,Lower
9/8/2016,,-14.684,Lower
9/9/2016,,-14.075,Lower
9/10/2016,,-18.708,Lower
9/11/2016,,-20.578,Lower
9/12/2016,,-15.894,Lower
9/13/2016,,-12.29,Lower
9/14/2016,,-10.13,Lower
9/15/2016,,-8.702,Lower
9/16/2016,,-8.927,Lower
9/17/2016,,-10.762,Lower
9/18/2016,,-10.958,Lower
9/19/2016,,-9.188,Lower
9/20/2016,,-7.906,Lower
9/21/2016,,-7.432,Lower
9/22/2016,,-6.909,Lower
9/23/2016,,-6.514,Lower
9/24/2016,,-6.592,Lower
9/25/2016,,-6.555,Lower
9/26/2016,,-5.985,Lower
9/27/2016,,-5.763,Lower
9/28/2016,,-7.035,Lower
9/29/2016,,-9.308,Lower
9/30/2016,,-10.71,Lower
10/1/2016,,-11.285,Lower
10/2/2016,,-11.136,Lower
10/3/2016,,-11.006,Lower
10/4/2016,,-8.754,Lower
10/5/2016,,-6.784,Lower
10/6/2016,,-5.785,Lower
10/7/2016,,-4.967,Lower
10/8/2016,,-4.258,Lower
10/9/2016,,-3.809,Lower
10/10/2016,,-3.021,Lower
10/11/2016,,-2.8265,Lower
10/12/2016,,-3.56,Lower
10/13/2016,,-5.169,Lower
10/14/2016,,-5.757,Lower
10/15/2016,,-3.35,Lower
10/16/2016,,-1.728,Lower
10/17/2016,,-0.496,Lower
10/18/2016,,0.442,Lower
10/19/2016,,1.202,Lower
10/20/2016,,1.942,Lower
10/21/2016,,2.702,Lower
10/22/2016,,3.598,Lower
10/23/2016,,4.513,Lower
10/24/2016,,5.389,Lower
10/25/2016,,6.201,Lower
10/26/2016,,6.96,Lower
10/27/2016,,7.693,Lower
10/28/2016,,8.552,Lower
10/29/2016,,9.542,Lower
10/30/2016,,10.034,Lower
10/31/2016,,11.401,Lower
11/1/2016,,10.576,Lower
11/2/2016,,11.723,Lower
11/3/2016,,13.062,Lower
11/4/2016,,14.017,Lower
11/5/2016,,14.8,Lower
11/6/2016,,15.467,Lower
11/7/2016,,16.105,Lower
11/8/2016,,16.676,Lower
11/9/2016,,17.23,Lower
11/10/2016,,17.602,Lower
11/11/2016,,18.133,Lower
11/12/2016,,18.629,Lower
11/13/2016,,19.069,Lower
11/14/2016,,19.503,Lower
11/15/2016,,19.965,Lower
11/16/2016,,20.237,Lower
11/17/2016,,20.591,Lower
11/18/2016,,21.027,Lower
11/19/2016,,21.562,Lower
11/20/2016,,22.066,Lower
11/21/2016,,22.522,Lower
11/22/2016,,22.863,Lower
11/23/2016,,23.273,Lower
11/24/2016,,23.531,Lower
11/25/2016,,23.971,Lower
11/26/2016,,24.404,Lower
11/27/2016,,24.866,Lower
11/28/2016,,25.122,Lower
11/29/2016,,25.448,Lower
11/30/2016,,25.766,Lower
12/1/2016,,26.111,Lower
12/2/2016,,26.368,Lower
12/3/2016,,26.706,Lower
12/4/2016,,27.04,Lower
12/5/2016,,27.391,Lower
12/6/2016,,27.736,Lower
12/7/2016,,27.981,Lower
12/8/2016,,28.329,Lower
12/9/2016,,28.635,Lower
12/10/2016,,29.033,Lower
12/11/2016,,29.28,Lower
12/12/2016,,29.556,Lower
12/13/2016,,29.854,Lower
12/14/2016,,30.167,Lower
12/15/2016,,30.541,Lower
12/16/2016,,30.954,Lower
12/17/2016,,31.065,Lower
12/18/2016,,31.259,Lower
12/19/2016,,31.501,Lower
12/20/2016,,31.773,Lower
12/21/2016,,32.093,Lower
12/22/2016,,32.389,Lower
12/23/2016,,32.709,Lower
12/24/2016,,33.046,Lower
12/25/2016,,33.251,Lower
12/26/2016,,33.416,Lower
12/27/2016,,33.608,Lower
12/28/2016,,33.855,Lower
12/29/2016,,34.113,Lower
12/30/2016,,34.421,Lower
12/31/2016,,34.808,Lower
1/1/2017,,35.11,Lower
1/2/2017,,35.418,Lower
1/3/2017,,35.657,Lower
1/4/2017,,36.14,Lower
1/5/2017,,36.341,Lower
1/6/2017,,36.543,Lower
1/7/2017,,36.786,Lower
1/8/2017,,37.137,Lower
1/9/2017,,37.519,Lower
1/10/2017,,37.684,Lower
1/11/2017,,38.063,Lower
1/12/2017,,38.223,Lower
1/13/2017,,38.447,Lower
1/14/2017,,38.648,Lower
1/15/2017,,38.896,Lower
1/16/2017,,39.114,Lower
1/17/2017,,39.47,Lower
1/18/2017,,39.271,Lower
1/19/2017,,39.564,Lower
1/20/2017,,40.421,Lower
1/21/2017,,40.955,Lower
1/22/2017,,41.224,Lower
1/23/2017,,41.513,Lower
1/24/2017,,41.692,Lower
1/25/2017,,41.852,Lower
1/26/2017,,42.001,Lower
1/27/2017,,42.113,Lower
1/28/2017,,42.29,Lower
1/29/2017,,42.463,Lower
1/30/2017,,42.741,Lower
1/31/2017,,43.034,Lower
2/1/2017,,43.295,Lower
2/2/2017,,43.631,Lower
2/3/2017,,44.029,Lower
2/4/2017,,44.262,Lower
2/5/2017,,44.244,Lower
2/6/2017,,44.581,Lower
2/7/2017,,44.735,Lower
2/8/2017,,44.9,Lower
2/9/2017,,44.988,Lower
2/10/2017,,45.259,Lower
2/11/2017,,45.478,Lower
2/12/2017,,45.675,Lower
2/13/2017,,45.88,Lower
2/14/2017,,46.119,Lower
2/15/2017,,46.376,Lower
2/16/2017,,46.712,Lower
2/17/2017,,46.998,Lower
2/18/2017,,47.541,Lower
2/19/2017,,47.599,Lower
2/20/2017,,47.776,Lower
2/21/2017,,47.958,Lower
2/22/2017,,48.018,Lower
2/23/2017,,47.877,Lower
2/24/2017,,47.712,Lower
2/25/2017,,47.239,Lower
2/26/2017,,47.665,Lower
2/27/2017,,47.952,Lower
2/28/2017,,47.788,Lower
3/1/2017,,47.465,Lower
3/2/2017,,47.735,Lower
3/3/2017,,48.086,Lower
3/4/2017,,48.372,Lower
3/5/2017,,48.758,Lower
3/6/2017,,48.954,Lower
3/7/2017,,49.161,Lower
3/8/2017,,49.425,Lower
3/9/2017,,49.682,Lower
3/10/2017,,49.902,Lower
3/11/2017,,49.019,Lower
3/12/2017,,49.669,Lower
3/13/2017,,50.785,Lower
3/14/2017,,51.335,Lower
3/15/2017,,51.791,Lower
3/16/2017,,52.234,Lower
8/2/2017,,-12.72,Lower
10/9/2017,,18.46,Lower
10/11/2017,,15.687,Lower
10/12/2017,,13.144,Lower
10/13/2017,,13.37,Lower
10/14/2017,,13.259,Lower
10/15/2017,,13.398,Lower
10/16/2017,,10.469,Lower
10/17/2017,,8.76,Lower
10/18/2017,,8.72,Lower
10/19/2017,,10.366,Lower
10/20/2017,,12.978,Lower
10/21/2017,,14.354,Lower
10/22/2017,,16.059,Lower
10/23/2017,,17.78,Lower
10/24/2017,,17.463,Lower
10/25/2017,,14.51,Lower
10/26/2017,,15.387,Lower
10/27/2017,,17.179,Lower
10/28/2017,,18.235,Lower
10/29/2017,,19.2,Lower
10/30/2017,,18.701,Lower
10/31/2017,,18.245,Lower
11/1/2017,,19.756,Lower
11/2/2017,,20.671,Lower
11/3/2017,,21.01,Lower
11/4/2017,,21.925,Lower
11/5/2017,,23.389,Lower
11/6/2017,,24.574,Lower
11/7/2017,,25.506,Lower
11/8/2017,,26.232,Lower
11/9/2017,,26.763,Lower
11/10/2017,,27.47,Lower
11/11/2017,,28.321,Lower
11/12/2017,,29.041,Lower
11/13/2017,,29.675,Lower
11/14/2017,,30.312,Lower
11/15/2017,,30.694,Lower
11/16/2017,,31.262,Lower
11/17/2017,,31.893,Lower
11/18/2017,,32.392,Lower
11/19/2017,,32.961,Lower
11/20/2017,,33.493,Lower
11/21/2017,,33.952,Lower
11/22/2017,,34.441,Lower
11/23/2017,,34.931,Lower
11/24/2017,,35.412,Lower
11/25/2017,,35.868,Lower
11/26/2017,,36.318,Lower
11/27/2017,,36.833,Lower
11/28/2017,,37.172,Lower
11/29/2017,,37.546,Lower
11/30/2017,,37.916,Lower
12/1/2017,,38.328,Lower
12/2/2017,,38.717,Lower
12/3/2017,,39.149,Lower
12/4/2017,,39.407,Lower
12/5/2017,,39.739,Lower
12/6/2017,,40.058,Lower
12/7/2017,,40.404,Lower
12/8/2017,,40.701,Lower
12/9/2017,,41.066,Lower
12/10/2017,,41.431,Lower
12/11/2017,,41.755,Lower
12/12/2017,,42.056,Lower
12/13/2017,,42.349,Lower
12/14/2017,,42.602,Lower
12/15/2017,,42.878,Lower
12/16/2017,,43.239,Lower
12/17/2017,,43.448,Lower
12/18/2017,,43.708,Lower
12/19/2017,,42.693,Lower
12/20/2017,,40.688,Lower
12/21/2017,,39.37,Lower
12/22/2017,,40.027,Lower
12/23/2017,,41.375,Lower
12/24/2017,,42.25,Lower
12/25/2017,,42.975,Lower
12/26/2017,,43.562,Lower
12/27/2017,,43.562,Lower
12/28/2017,,40.835,Lower
12/29/2017,,39.962,Lower
12/30/2017,,39.497,Lower
12/31/2017,,40.833,Lower
1/1/2018,,42.454,Lower
1/2/2018,,43.425,Lower
1/3/2018,,43.963,Lower
1/4/2018,,44.504,Lower
1/5/2018,,45.001,Lower
1/6/2018,,45.457,Lower
1/7/2018,,45.844,Lower
1/8/2018,,46.261,Lower
1/9/2018,,46.856,Lower
1/10/2018,,47.118,Lower
1/11/2018,,47.342,Lower
1/12/2018,,47.602,Lower
1/13/2018,,47.952,Lower
1/14/2018,,48.303,Lower
1/15/2018,,48.646,Lower
1/16/2018,,48.985,Lower
1/17/2018,,49.251,Lower
1/18/2018,,49.582,Lower
1/19/2018,,49.948,Lower
1/20/2018,,50.208,Lower
1/21/2018,,50.391,Lower
1/22/2018,,50.691,Lower
1/23/2018,,50.945,Lower
1/24/2018,,51.261,Lower
1/25/2018,,51.634,Lower
1/26/2018,,51.758,Lower
1/27/2018,,51.94,Lower
1/28/2018,,52.164,Lower
1/29/2018,,52.398,Lower
1/30/2018,,52.675,Lower
1/31/2018,,52.954,Lower
2/1/2018,,53.138,Lower
2/2/2018,,53.383,Lower
2/3/2018,,53.61,Lower
2/4/2018,,53.868,Lower
2/5/2018,,54.114,Lower
2/6/2018,,54.365,Lower
2/7/2018,,54.51,Lower
2/8/2018,,54.265,Lower
2/9/2018,,53.991,Lower
2/10/2018,,53.71,Lower
2/11/2018,,52.495,Lower
2/12/2018,,53.076,Lower
2/13/2018,,53.199,Lower
2/14/2018,,53.593,Lower
2/15/2018,,52.827,Lower
2/16/2018,,51.37,Lower
2/17/2018,,48.636,Lower
2/18/2018,,45.211,Lower
2/19/2018,,43.731,Lower
2/20/2018,,40.047,Lower
2/21/2018,,37.7,Lower
2/22/2018,,36.425,Lower
2/23/2018,,33.314,Lower
2/24/2018,,31.133,Lower
2/25/2018,,30.932,Lower
2/26/2018,,31.82,Lower
2/27/2018,,35.129,Lower
2/28/2018,,36.991,Lower
3/1/2018,,36.593,Lower
3/2/2018,,38.925,Lower
3/3/2018,,38.831,Lower
3/4/2018,,38.484,Lower
3/5/2018,,40.301,Lower
3/6/2018,,40.946,Lower
3/7/2018,,39.478,Lower
3/8/2018,,38.936,Lower
3/9/2018,,38.884,Lower
3/10/2018,,41.141,Lower
3/11/2018,,43.309,Lower
3/12/2018,,44.685,Lower
3/13/2018,,45.928,Lower
3/14/2018,,46.886,Lower
3/15/2018,,47.694,Lower
3/16/2018,,48.501,Lower
3/17/2018,,48.246,Lower
3/18/2018,,47.214,Lower
3/19/2018,,45.965,Lower
3/20/2018,,43.6635,Lower
3/21/2018,,41.53,Lower
3/22/2018,,42.432,Lower
3/23/2018,,43.021,Lower
3/24/2018,,43.515,Lower
3/25/2018,,44.121,Lower
3/26/2018,,43.993,Lower
3/27/2018,,43.878,Lower
3/28/2018,,44.679,Lower
3/29/2018,,45.091,Lower
3/30/2018,,45.422,Lower
3/31/2018,,45.865,Lower
4/1/2018,,46.227,Lower
4/2/2018,,46.609,Lower
4/3/2018,,45.809,Lower
4/4/2018,,44.103,Lower
4/5/2018,,42.367,Lower
4/6/2018,,42.898,Lower
4/7/2018,,44.016,Lower
4/8/2018,,44.679,Lower
4/9/2018,,45.319,Lower
4/10/2018,,46.016,Lower
4/11/2018,,46.376,Lower
4/12/2018,,46.94,Lower
4/13/2018,,47.259,Lower
4/14/2018,,47.508,Lower
4/15/2018,,47.816,Lower
4/16/2018,,48.214,Lower
4/17/2018,,48.059,Lower
4/18/2018,,47.273,Lower
4/19/2018,,46.703,Lower
4/20/2018,,45.831,Lower
4/21/2018,,43.792,Lower
4/22/2018,,41.965,Lower
4/23/2018,,42.019,Lower
4/24/2018,,40.336,Lower
4/25/2018,,35.5,Lower
4/26/2018,,32.489,Lower
4/27/2018,,30.042,Lower
4/28/2018,,27.114,Lower
4/29/2018,,26.08,Lower
4/30/2018,,28.888,Lower
5/1/2018,,31.056,Lower
5/2/2018,,30.505,Lower
5/3/2018,,28.319,Lower
5/4/2018,,26.948,Lower
5/5/2018,,27.569,Lower
5/6/2018,,27.444,Lower
5/7/2018,,26.227,Lower
5/8/2018,,25.863,Lower
5/9/2018,,23.886,Lower
5/10/2018,,20.609,Lower
5/11/2018,,18.254,Lower
5/12/2018,,22.784,Lower
5/13/2018,,20.169,Lower
5/14/2018,,17.398,Lower
5/15/2018,,18.698,Lower
5/16/2018,,18.528,Lower
5/17/2018,,18.259,Lower
5/18/2018,,17.884,Lower
5/19/2018,,17.824,Lower
5/20/2018,,15.412,Lower
5/21/2018,,14.078,Lower
5/22/2018,,15.224,Lower
5/23/2018,,14.426,Lower
5/24/2018,,14.515,Lower
5/25/2018,,14.058,Lower
5/26/2018,,12.442,Lower
5/27/2018,,13.912,Lower
5/28/2018,,9.64,Lower
5/29/2018,,9.295,Lower
5/30/2018,,8.264,Lower
5/31/2018,,8.353,Lower
6/1/2018,,8.787,Lower
6/2/2018,,6.442,Lower
6/3/2018,,1.89,Lower
6/4/2018,,0.365,Lower
6/5/2018,,0.856,Lower
6/6/2018,,0.869,Lower
6/7/2018,,-1.409,Lower
6/8/2018,,-1.14,Lower
6/9/2018,,0.882,Lower
6/10/2018,,-1.247,Lower
6/11/2018,,-4.004,Lower
6/12/2018,,-0.492,Lower
6/13/2018,,0.236,Lower
6/14/2018,,-4.37,Lower
6/15/2018,,-3.917,Lower
6/16/2018,,-4.074,Lower
6/17/2018,,-6.029,Lower
6/18/2018,,-5.176,Lower
6/19/2018,,-4.641,Lower
6/20/2018,,-5.812,Lower
6/21/2018,,-7.046,Lower
6/22/2018,,-8.751,Lower
6/23/2018,,-6.834,Lower
6/24/2018,,-9.555,Lower
6/25/2018,,-8.121,Lower
6/26/2018,,-8.447,Lower
6/27/2018,,-10.084,Lower
6/28/2018,,-11.381,Lower
6/29/2018,,-10.034,Lower
6/30/2018,,-17.671,Lower
7/1/2018,,-16.939,Lower
7/2/2018,,-15.089,Lower
7/3/2018,,-10.686,Lower
7/4/2018,,-9.58,Lower
7/5/2018,,-9.294,Lower
7/6/2018,,-10.787,Lower
7/7/2018,,-10.311,Lower
7/8/2018,,-14.067,Lower
7/9/2018,,-11.884,Lower
7/10/2018,,-13.902,Lower
7/11/2018,,-10.316,Lower
7/12/2018,,-11.992,Lower
7/13/2018,,-15.592,Lower
7/14/2018,,-17.587,Lower
7/15/2018,,-21.875,Lower
7/16/2018,,-22.684,Lower
7/17/2018,,-20.553,Lower
7/18/2018,,-19.728,Lower
7/19/2018,,-18.51,Lower
7/20/2018,,-18.892,Lower
7/21/2018,,-18.517,Lower
7/22/2018,,-22.295,Lower
7/23/2018,,-24.203,Lower
7/24/2018,,-20.676,Lower
7/25/2018,,-18.396,Lower
7/26/2018,,-22.589,Lower
7/27/2018,,-22.253,Lower
7/28/2018,,-21.866,Lower
7/29/2018,,-24.047,Lower
7/30/2018,,-25.818,Lower
7/31/2018,,-24.415,Lower
8/1/2018,,-18.309,Lower
8/2/2018,,-15.142,Lower
8/3/2018,,-13.496,Lower
8/4/2018,,-13.161,Lower
8/5/2018,,-17.733,Lower
8/6/2018,,-21.2415,Lower
8/7/2018,,-19.699,Lower
8/8/2018,,-17.927,Lower
8/9/2018,,-16.29,Lower
8/10/2018,,-16.022,Lower
8/11/2018,,-14.765,Lower
8/12/2018,,-13.72,Lower
8/13/2018,,-11.278,Lower
8/14/2018,,-9.558,Lower
8/15/2018,,-10.28,Lower
8/16/2018,,-10.855,Lower
8/17/2018,,-11.218,Lower
8/18/2018,,-11.818,Lower
8/19/2018,,-12.793,Lower
8/20/2018,,-11.365,Lower
8/21/2018,,-8.631,Lower
8/22/2018,,-6.792,Lower
8/23/2018,,-4.875,Lower
8/24/2018,,-4.933,Lower
8/25/2018,,-4.376,Lower
8/26/2018,,-5.65,Lower
8/27/2018,,-6.802,Lower
8/28/2018,,-3.224,Lower
8/29/2018,,-1.82,Lower
8/30/2018,,-1.869,Lower
8/31/2018,,-2.361,Lower
9/1/2018,,-2.335,Lower
9/2/2018,,-5.86,Lower
9/3/2018,,-3.307,Lower
9/4/2018,,-1.86,Lower
9/5/2018,,-1.738,Lower
9/6/2018,,-2.516,Lower
9/7/2018,,-2.895,Lower
9/8/2018,,-1.487,Lower
9/9/2018,,1.216,Lower
9/10/2018,,2.807,Lower
9/11/2018,,3.994,Lower
9/12/2018,,5.086,Lower
9/13/2018,,5.876,Lower
9/14/2018,,6.061,Lower
9/15/2018,,5.502,Lower
9/16/2018,,5.392,Lower
9/17/2018,,6.722,Lower
9/18/2018,,7.24,Lower
9/19/2018,,7.246,Lower
9/20/2018,,7.084,Lower
9/21/2018,,4.594,Lower
9/22/2018,,4.014,Lower
9/23/2018,,4.746,Lower
9/24/2018,,4.22,Lower
9/25/2018,,1.212,Lower
9/26/2018,,1.044,Lower
9/27/2018,,0.903,Lower
9/28/2018,,-0.086,Lower
9/29/2018,,-0.346,Lower
9/30/2018,,0.024,Lower
10/1/2018,,3.196,Lower
10/2/2018,,3.873,Lower
10/3/2018,,5.613,Lower
10/4/2018,,7.525,Lower
10/5/2018,,8.96,Lower
10/6/2018,,10.328,Lower
10/7/2018,,11.419,Lower
10/8/2018,,12.405,Lower
10/9/2018,,11.463,Lower
10/10/2018,,9.789,Lower
10/11/2018,,9.305,Lower
10/12/2018,,8.783,Lower
10/13/2018,,7.507,Lower
10/14/2018,,9.726,Lower
10/15/2018,,11.968,Lower
10/16/2018,,13.323,Lower
10/17/2018,,13.0325,Lower
10/18/2018,,9.407,Lower
10/19/2018,,8.212,Lower
10/20/2018,,6.949,Lower
10/21/2018,,7.306,Lower
10/22/2018,,7.925,Lower
10/23/2018,,8.643,Lower
10/24/2018,,9.026,Lower
10/25/2018,,9.024,Lower
10/26/2018,,8.979,Lower
10/27/2018,,9.204,Lower
10/28/2018,,11.417,Lower
10/29/2018,,13.054,Lower
10/30/2018,,12.87,Lower
10/31/2018,,11.812,Lower
11/1/2018,,12.279,Lower
11/2/2018,,13.143,Lower
11/3/2018,,13.073,Lower
11/4/2018,,13.268,Lower
11/5/2018,,13.035,Lower
11/6/2018,,12.551,Lower
11/7/2018,,12.427,Lower
11/8/2018,,12.156,Lower
11/9/2018,,13.285,Lower
11/10/2018,,12.002,Lower
11/11/2018,,13.107,Lower
11/12/2018,,15.21,Lower
11/13/2018,,16.4,Lower
11/14/2018,,16.74,Lower
11/15/2018,,16.714,Lower
11/16/2018,,17.043,Lower
11/17/2018,,17.167,Lower
11/18/2018,,17.282,Lower
11/19/2018,,18.155,Lower
11/20/2018,,18.801,Lower
11/21/2018,,18.592,Lower
11/22/2018,,19.305,Lower
11/23/2018,,19.988,Lower
11/24/2018,,20.841,Lower
11/25/2018,,21.48,Lower
11/26/2018,,22.092,Lower
11/27/2018,,22.704,Lower
11/28/2018,,23.361,Lower
11/29/2018,,24.088,Lower
11/30/2018,,24.667,Lower
12/1/2018,,25.019,Lower
12/2/2018,,25.444,Lower
12/3/2018,,25.817,Lower
12/4/2018,,26.252,Lower
12/5/2018,,26.663,Lower
12/6/2018,,27.096,Lower
12/7/2018,,27.409,Lower
12/8/2018,,27.708,Lower
12/9/2018,,28.02,Lower
12/10/2018,,28.381,Lower
12/11/2018,,28.756,Lower
12/12/2018,,29.102,Lower
12/13/2018,,29.404,Lower
12/14/2018,,29.755,Lower
12/15/2018,,30.05,Lower
12/16/2018,,30.45,Lower
12/17/2018,,30.814,Lower
12/18/2018,,31.007,Lower
12/19/2018,,31.253,Lower
12/20/2018,,31.531,Lower
12/21/2018,,31.867,Lower
12/22/2018,,32.106,Lower
12/23/2018,,32.364,Lower
12/24/2018,,32.621,Lower
12/25/2018,,33.024,Lower
12/26/2018,,33.252,Lower
12/27/2018,,33.49,Lower
12/28/2018,,33.727,Lower
12/29/2018,,33.925,Lower
12/30/2018,,34.143,Lower
12/31/2018,,34.45,Lower
1/1/2019,,34.641,Lower
1/2/2019,,34.887,Lower
1/3/2019,,35.07,Lower
1/4/2019,,35.346,Lower
1/5/2019,,35.673,Lower
1/6/2019,,35.998,Lower
1/7/2019,,36.291,Lower
1/8/2019,,36.42,Lower
1/9/2019,,36.722,Lower
1/10/2019,,36.916,Lower
1/11/2019,,37.072,Lower
1/12/2019,,37.365,Lower
1/13/2019,,37.535,Lower
1/14/2019,,37.736,Lower
1/15/2019,,38.019,Lower
1/16/2019,,38.312,Lower
1/17/2019,,38.678,Lower
1/18/2019,,38.648,Lower
1/19/2019,,38.774,Lower
1/20/2019,,39.012,Lower
1/21/2019,,39.242,Lower
1/22/2019,,39.294,Lower
1/23/2019,,39.451,Lower
1/24/2019,,39.668,Lower
1/25/2019,,39.891,Lower
1/26/2019,,40.036,Lower
1/27/2019,,40.147,Lower
1/28/2019,,40.481,Lower
1/29/2019,,40.703,Lower
1/30/2019,,40.911,Lower
1/31/2019,,41.154,Lower
2/1/2019,,41.107,Lower
2/2/2019,,41.104,Lower
2/3/2019,,41.548,Lower
2/4/2019,,41.828,Lower
2/5/2019,,41.884,Lower
2/6/2019,,42.014,Lower
2/7/2019,,42.137,Lower
2/8/2019,,42.422,Lower
2/9/2019,,42.753,Lower
2/10/2019,,43.026,Lower
2/11/2019,,43.13,Lower
2/12/2019,,43.362,Lower
2/13/2019,,43.681,Lower
2/14/2019,,44.137,Lower
2/15/2019,,44.232,Lower
2/16/2019,,44.34,Lower
2/17/2019,,44.553,Lower
2/18/2019,,44.649,Lower
2/19/2019,,44.719,Lower
2/20/2019,,44.934,Lower
2/21/2019,,45.241,Lower
2/22/2019,,45.325,Lower
2/23/2019,,45.331,Lower
2/24/2019,,44.626,Lower
2/25/2019,,45.021,Lower
2/26/2019,,45.374,Lower
2/27/2019,,45.776,Lower
2/28/2019,,45.873,Lower
3/1/2019,,46.01,Lower
3/2/2019,,46.265,Lower
3/3/2019,,46.444,Lower
3/4/2019,,46.66,Lower
3/5/2019,,46.83,Lower
3/6/2019,,47.213,Lower
3/7/2019,,47.35,Lower
3/8/2019,,47.488,Lower
3/9/2019,,47.614,Lower
3/10/2019,,47.863,Lower
3/11/2019,,47.991,Lower
3/12/2019,,48.203,Lower
3/13/2019,,48.311,Lower
3/14/2019,,48.441,Lower
3/15/2019,,48.649,Lower
3/16/2019,,48.878,Lower
3/17/2019,,49.087,Lower
3/18/2019,,49.245,Lower
3/19/2019,,49.5595,Lower
3/20/2019,,49.734,Lower
3/21/2019,,49.876,Lower
3/22/2019,,50.079,Lower
3/23/2019,,50.261,Lower
3/24/2019,,50.44,Lower
3/25/2019,,50.629,Lower
3/26/2019,,50.89,Lower
3/27/2019,,51.132,Lower
3/28/2019,,51.268,Lower
3/29/2019,,51.383,Lower
3/30/2019,,51.514,Lower
3/31/2019,,51.741,Lower
4/1/2019,,51.82,Lower
4/2/2019,,52.106,Lower
4/3/2019,,52.287,Lower
4/4/2019,,52.465,Lower
4/5/2019,,52.543,Lower
4/6/2019,,52.726,Lower
4/7/2019,,52.853,Lower
4/8/2019,,52.98,Lower
4/9/2019,,53.185,Lower
4/10/2019,,53.291,Lower
4/11/2019,,53.414,Lower
4/12/2019,,53.621,Lower
4/13/2019,,53.727,Lower
4/14/2019,,53.865,Lower
4/15/2019,,54.001,Lower
4/16/2019,,53.738,Lower
4/17/2019,,53.307,Lower
4/18/2019,,53.369,Lower
4/19/2019,,53.121,Lower
4/20/2019,,52.673,Lower
4/21/2019,,51.39,Lower
4/22/2019,,52.371,Lower
4/23/2019,,52.226,Lower
4/24/2019,,49.585,Lower
4/25/2019,,46.28,Lower
4/26/2019,,44.502,Lower
4/27/2019,,43.194,Lower
4/28/2019,,41.625,Lower
4/29/2019,,42.614,Lower
4/30/2019,,43.15,Lower
5/1/2019,,40.3,Lower
5/2/2019,,38.162,Lower
5/3/2019,,36.78,Lower
5/4/2019,,35.856,Lower
5/5/2019,,32.54,Lower
5/6/2019,,33.761,Lower
5/7/2019,,35.207,Lower
5/8/2019,,34.272,Lower
5/9/2019,,32.81,Lower
5/10/2019,,31.953,Lower
5/11/2019,,31.721,Lower
5/12/2019,,31.06,Lower
5/13/2019,,32.263,Lower
5/14/2019,,30.961,Lower
5/15/2019,,31.508,Lower
5/16/2019,,33.709,Lower
5/17/2019,,35.332,Lower
5/18/2019,,36.611,Lower
5/19/2019,,38.093,Lower
5/20/2019,,39.151,Lower
5/21/2019,,40.211,Lower
5/22/2019,,41.13,Lower
5/23/2019,,41.948,Lower
5/24/2019,,42.188,Lower
5/25/2019,,40.796,Lower
5/26/2019,,39.548,Lower
5/27/2019,,40.758,Lower
5/28/2019,,40.477,Lower
5/29/2019,,40.13,Lower
5/30/2019,,39.176,Lower
5/31/2019,,36.679,Lower
6/1/2019,,36.387,Lower
6/2/2019,,36.508,Lower
6/3/2019,,38.981,Lower
6/4/2019,,37.162,Lower
6/5/2019,,32.724,Lower
6/6/2019,,31.536,Lower
6/7/2019,,28.836,Lower
6/8/2019,,29.801,Lower
6/9/2019,,28.264,Lower
6/10/2019,,23.859,Lower
6/11/2019,,21.613,Lower
6/12/2019,,23.374,Lower
6/13/2019,,24.399,Lower
6/14/2019,,22.042,Lower
6/15/2019,,18.892,Lower
6/16/2019,,16.251,Lower
6/17/2019,,19.075,Lower
6/18/2019,,16.316,Lower
6/19/2019,,17.972,Lower
6/20/2019,,18.728,Lower
6/21/2019,,17.069,Lower
6/22/2019,,13.417,Lower
6/23/2019,,11.226,Lower
6/24/2019,,9.999,Lower
6/25/2019,,10.894,Lower
6/26/2019,,13.32,Lower
6/27/2019,,11.589,Lower
6/28/2019,,12.609,Lower
6/29/2019,,11.183,Lower
6/30/2019,,6.132,Lower
7/1/2019,,6.09,Lower
7/2/2019,,6.262,Lower
7/3/2019,,10.671,Lower
7/4/2019,,9.433,Lower
7/5/2019,,11.348,Lower
7/6/2019,,11.759,Lower
7/7/2019,,6.65,Lower
7/8/2019,,2.926,Lower
7/9/2019,,7.779,Lower
7/10/2019,,8.094,Lower
7/11/2019,,9.687,Lower
7/12/2019,,10.366,Lower
7/13/2019,,7.804,Lower
7/14/2019,,2.6,Lower
7/15/2019,,0.109,Lower
7/16/2019,,2.377,Lower
7/17/2019,,3.766,Lower
7/18/2019,,2.492,Lower
7/19/2019,,5.145,Lower
7/20/2019,,6.887,Lower
7/21/2019,,4.307,Lower
7/22/2019,,1.283,Lower
7/23/2019,,-1.227,Lower
7/24/2019,,-1.834,Lower
7/25/2019,,0.495,Lower
7/26/2019,,3.608,Lower
7/27/2019,,5.628,Lower
7/28/2019,,0.631,Lower
7/29/2019,,0.247,Lower
7/30/2019,,-1.821,Lower
7/31/2019,,-0.25,Lower
8/1/2019,,2.029,Lower
8/2/2019,,3.497,Lower
8/3/2019,,3.58,Lower
8/4/2019,,2.533,Lower
8/5/2019,,-1.859,Lower
8/6/2019,,-3.782,Lower
8/7/2019,,-2.641,Lower
8/8/2019,,-2.222,Lower
8/9/2019,,-0.112,Lower
8/10/2019,,-0.148,Lower
8/11/2019,,-0.954,Lower
8/12/2019,,-1.002,Lower
8/13/2019,,2.238,Lower
8/14/2019,,3.144,Lower
8/15/2019,,3.338,Lower
8/16/2019,,4.531,Lower
8/17/2019,,3.072,Lower
8/18/2019,,3.041,Lower
8/19/2019,,2.615,Lower
8/20/2019,,2.066,Lower
8/21/2019,,3.539,Lower
8/22/2019,,4.748,Lower
8/23/2019,,8.906,Lower
8/24/2019,,10.059,Lower
8/25/2019,,4.792,Lower
8/26/2019,,0.071,Lower
8/27/2019,,0.711,Lower
8/28/2019,,3.864,Lower
8/29/2019,,3.804,Lower
8/30/2019,,4.419,Lower
8/31/2019,,4.913,Lower
9/1/2019,,4.8,Lower
9/2/2019,,5.627,Lower
9/3/2019,,4.039,Lower
9/4/2019,,6.988,Lower
9/5/2019,,9.606,Lower
9/6/2019,,11.773,Lower
9/7/2019,,11.672,Lower
9/8/2019,,11.122,Lower
9/9/2019,,12.38,Lower
9/10/2019,,14.495,Lower
9/11/2019,,15.95,Lower
9/12/2019,,16.636,Lower
9/13/2019,,17.718,Lower
9/14/2019,,16.588,Lower
9/15/2019,,15.564,Lower
9/16/2019,,13.323,Lower
9/17/2019,,14.823,Lower
9/18/2019,,15.622,Lower
9/19/2019,,15.337,Lower
9/20/2019,,16.671,Lower
9/21/2019,,17.79,Lower
9/22/2019,,12.811,Lower
9/23/2019,,13.165,Lower
9/24/2019,,13.844,Lower
9/25/2019,,15.843,Lower
9/26/2019,,17.782,Lower
9/27/2019,,18.412,Lower
9/28/2019,,18.932,Lower
9/29/2019,,17.476,Lower
9/30/2019,,16.623,Lower
10/1/2019,,18.778,Lower
10/2/2019,,18.468,Lower
10/3/2019,,18.692,Lower
10/4/2019,,19.165,Lower
10/5/2019,,19.233,Lower
10/6/2019,,16.745,Lower
10/7/2019,,15.248,Lower
10/8/2019,,16.085,Lower
10/9/2019,,18.496,Lower
10/10/2019,,20.758,Lower
10/11/2019,,22.126,Lower
10/12/2019,,21.173,Lower
10/13/2019,,17.677,Lower
10/14/2019,,15.319,Lower
10/15/2019,,18.708,Lower
10/16/2019,,18.462,Lower
10/17/2019,,18.682,Lower
10/18/2019,,18.792,Lower
10/19/2019,,17.939,Lower
10/20/2019,,19.458,Lower
10/21/2019,,22.148,Lower
10/22/2019,,23.741,Lower
10/23/2019,,24.213,Lower
10/24/2019,,23.916,Lower
10/25/2019,,22.288,Lower
10/26/2019,,21.64,Lower
10/27/2019,,21.775,Lower
10/28/2019,,24.286,Lower
10/29/2019,,25.809,Lower
10/30/2019,,26.925,Lower
10/31/2019,,25.136,Lower
11/1/2019,,25.334,Lower
11/2/2019,,25.226,Lower
11/3/2019,,24.501,Lower
11/4/2019,,26.76,Lower
11/5/2019,,27.74,Lower
11/6/2019,,27.564,Lower
11/7/2019,,28.462,Lower
11/8/2019,,28.678,Lower
11/9/2019,,29.518,Lower
11/10/2019,,29.73,Lower
11/11/2019,,30.549,Lower
11/12/2019,,30.943,Lower
11/13/2019,,31.675,Lower
11/14/2019,,31.752,Lower
11/15/2019,,30.963,Lower
11/16/2019,,30.584,Lower
11/17/2019,,29.262,Lower
11/18/2019,,30.564,Lower
11/19/2019,,32.223,Lower
11/20/2019,,33.294,Lower
11/21/2019,,34.066,Lower
11/22/2019,,27.512,Lower
11/23/2019,,25.883,Lower
11/24/2019,,28.611,Lower
11/25/2019,,31.159,Lower
11/26/2019,,31.02,Lower
11/27/2019,,32.606,Lower
11/28/2019,,33.753,Lower
11/29/2019,,34.782,Lower
11/30/2019,,35.531,Lower
12/1/2019,,36.32,Lower
12/2/2019,,37.027,Lower
12/3/2019,,37.609,Lower
12/4/2019,,38.195,Lower
12/5/2019,,38.666,Lower
12/6/2019,,39.118,Lower
12/7/2019,,39.621,Lower
12/8/2019,,40.088,Lower
12/9/2019,,40.375,Lower
12/10/2019,,40.683,Lower
12/11/2019,,41.014,Lower
12/12/2019,,41.372,Lower
12/13/2019,,41.675,Lower
12/14/2019,,42.092,Lower
12/15/2019,,42.4,Lower
12/16/2019,,42.61,Lower
12/17/2019,,42.894,Lower
12/18/2019,,43.288,Lower
12/19/2019,,43.595,Lower
12/20/2019,,43.857,Lower
12/21/2019,,44.132,Lower
12/22/2019,,44.356,Lower
12/23/2019,,44.65,Lower
12/24/2019,,44.934,Lower
12/25/2019,,45.21,Lower
12/26/2019,,45.461,Lower
12/27/2019,,45.642,Lower
12/28/2019,,45.845,Lower
12/29/2019,,46.098,Lower
12/30/2019,,46.334,Lower
12/31/2019,,46.54,Lower
1/1/2020,,46.753,Lower
1/2/2020,,46.994,Lower
1/3/2020,,47.196,Lower
1/4/2020,,47.386,Lower
1/5/2020,,47.54,Lower
1/6/2020,,47.668,Lower
1/7/2020,,47.928,Lower
1/8/2020,,48.201,Lower
1/9/2020,,48.43,Lower
1/10/2020,,48.576,Lower
1/11/2020,,48.794,Lower
1/12/2020,,48.956,Lower
1/13/2020,,49.221,Lower
1/14/2020,,49.439,Lower
1/15/2020,,49.581,Lower
1/16/2020,,49.905,Lower
1/17/2020,,50.029,Lower
1/18/2020,,50.133,Lower
1/19/2020,,50.306,Lower
1/20/2020,,50.53,Lower
1/21/2020,,50.743,Lower
1/22/2020,,50.864,Lower
1/23/2020,,50.952,Lower
1/24/2020,,51.178,Lower
1/25/2020,,51.344,Lower
1/26/2020,,51.597,Lower
1/27/2020,,51.692,Lower
1/28/2020,,51.833,Lower
1/29/2020,,52.039,Lower
1/30/2020,,52.239,Lower
1/31/2020,,52.347,Lower
2/1/2020,,52.539,Lower
2/2/2020,,52.758,Lower
2/3/2020,,52.914,Lower
2/4/2020,,53.041,Lower
2/5/2020,,53.176,Lower
2/6/2020,,53.223,Lower
2/7/2020,,53.086,Lower
2/8/2020,,53.277,Lower
2/9/2020,,53.538,Lower
2/10/2020,,53.78,Lower
2/11/2020,,53.978,Lower
2/12/2020,,54.181,Lower
2/13/2020,,54.336,Lower
2/14/2020,,54.515,Lower
2/15/2020,,54.299,Lower
2/16/2020,,53.201,Lower
2/17/2020,,53.898,Lower
2/18/2020,,54.168,Lower
2/19/2020,,50.142,Lower
2/20/2020,,46.042,Lower
2/21/2020,,46.521,Lower
2/22/2020,,48.417,Lower
2/23/2020,,47.841,Lower
2/24/2020,,48.211,Lower
2/25/2020,,47.517,Lower
2/26/2020,,47.597,Lower
2/27/2020,,46.462,Lower
2/28/2020,,46.086,Lower
2/29/2020,,47.517,Lower
3/1/2020,,47.534,Lower
3/2/2020,,49.092,Lower
3/3/2020,,50.13,Lower
3/4/2020,,50.665,Lower
3/5/2020,,47.139,Lower
3/6/2020,,45.942,Lower
3/7/2020,,46.575,Lower
3/8/2020,,48.3,Lower
3/9/2020,,49.47,Lower
3/10/2020,,46.267,Lower
3/11/2020,,45.936,Lower
3/12/2020,,47.007,Lower
3/13/2020,,47.7,Lower
3/14/2020,,48.343,Lower
3/15/2020,,48.732,Lower
3/16/2020,,49.086,Lower
3/17/2020,,49.684,Lower
3/18/2020,,50.463,Lower
3/19/2020,,50.901,Lower
3/20/2020,,49.136,Lower
3/21/2020,,50.481,Lower
3/22/2020,,51.414,Lower
3/23/2020,,51.699,Lower
3/24/2020,,49.201,Lower
3/25/2020,,48.834,Lower
3/26/2020,,48.962,Lower
3/27/2020,,46.931,Lower
3/28/2020,,45.538,Lower
3/29/2020,,45.709,Lower
3/30/2020,,47.478,Lower
3/31/2020,,48.565,Lower
4/1/2020,,46.591,Lower
4/2/2020,,45.977,Lower
4/3/2020,,46.357,Lower
4/4/2020,,47.823,Lower
4/5/2020,,46.723,Lower
4/6/2020,,48.138,Lower
4/7/2020,,49.212,Lower
4/8/2020,,50.323,Lower
4/9/2020,,49.219,Lower
4/10/2020,,49.71,Lower
4/11/2020,,48.179,Lower
4/12/2020,,45.495,Lower
4/13/2020,,45.451,Lower
4/14/2020,,45.799,Lower
4/15/2020,,46.187,Lower
4/16/2020,,43.265,Lower
4/17/2020,,38.687,Lower
4/18/2020,,39.129,Lower
4/19/2020,,38.446,Lower
4/20/2020,,35.389,Lower
4/21/2020,,36.15,Lower
4/22/2020,,37.415,Lower
4/23/2020,,36.653,Lower
4/24/2020,,36.17,Lower
4/25/2020,,36.979,Lower
4/26/2020,,35.576,Lower
4/27/2020,,36.717,Lower
4/28/2020,,38.126,Lower
4/29/2020,,37.593,Lower
4/30/2020,,36.705,Lower
5/1/2020,,35.494,Lower
5/2/2020,,32.823,Lower
5/3/2020,,31.874,Lower
5/4/2020,,30.726,Lower
5/5/2020,,32.395,Lower
5/6/2020,,28.181,Lower
5/7/2020,,23.769,Lower
5/8/2020,,25.368,Lower
5/9/2020,,26.473,Lower
5/10/2020,,22.941,Lower
5/11/2020,,22.104,Lower
5/12/2020,,21.627,Lower
5/13/2020,,25.045,Lower
5/14/2020,,26.467,Lower
5/15/2020,,27.506,Lower
5/16/2020,,26.577,Lower
5/17/2020,,30.359,Lower
5/18/2020,,33.145,Lower
5/19/2020,,35.19,Lower
5/20/2020,,34.95,Lower
5/21/2020,,32.086,Lower
5/22/2020,,30.528,Lower
5/23/2020,,30.96,Lower
5/24/2020,,27.4,Lower
5/25/2020,,24.042,Lower
5/26/2020,,19.837,Lower
5/27/2020,,20.191,Lower
5/28/2020,,20.946,Lower
5/29/2020,,20.165,Lower
5/30/2020,,14.44,Lower
5/31/2020,,11.133,Lower
6/1/2020,,12.287,Lower
6/2/2020,,15.271,Lower
6/3/2020,,14.867,Lower
6/4/2020,,16.87,Lower
6/5/2020,,17.294,Lower
6/6/2020,,18.629,Lower
6/7/2020,,15.962,Lower
6/8/2020,,13.206,Lower
6/9/2020,,14.842,Lower
6/10/2020,,16.336,Lower
6/11/2020,,15.789,Lower
6/12/2020,,16.298,Lower
6/13/2020,,17.463,Lower
6/14/2020,,13.084,Lower
6/15/2020,,10.486,Lower
6/16/2020,,11.541,Lower
6/17/2020,,11.571,Lower
6/18/2020,,11.612,Lower
6/19/2020,,11.768,Lower
6/20/2020,,10.783,Lower
6/21/2020,,9.529,Lower
6/22/2020,,9.407,Lower
6/23/2020,,12.381,Lower
6/24/2020,,14.749,Lower
6/25/2020,,13.536,Lower
6/26/2020,,10.897,Lower
6/27/2020,,11.677,Lower
6/28/2020,,11.044,Lower
6/29/2020,,10.233,Lower
6/30/2020,,10.877,Lower
7/1/2020,,10.603,Lower
7/2/2020,,9.777,Lower
7/3/2020,,10.306,Lower
7/4/2020,,10.298,Lower
7/5/2020,,6.329,Lower
7/6/2020,,5.849,Lower
7/7/2020,,7.867,Lower
7/8/2020,,8.915,Lower
7/9/2020,,5.898,Lower
7/10/2020,,4.828,Lower
7/11/2020,,2.512,Lower
7/12/2020,,3.804,Lower
7/13/2020,,2.805,Lower
7/14/2020,,6.112,Lower
7/15/2020,,5.207,Lower
7/16/2020,,3.979,Lower
7/17/2020,,3.251,Lower
7/18/2020,,2.556,Lower
7/19/2020,,-2.397,Lower
7/20/2020,,-5.965,Lower
7/21/2020,,-2.893,Lower
7/22/2020,,-0.083,Lower
7/23/2020,,-3.105,Lower
7/24/2020,,-3.621,Lower
7/25/2020,,-1.527,Lower
7/26/2020,,-2.351,Lower
7/27/2020,,-3.217,Lower
7/28/2020,,0.498,Lower
7/29/2020,,-0.084,Lower
7/30/2020,,1.745,Lower
7/31/2020,,2.198,Lower
8/1/2020,,2.193,Lower
8/2/2020,,1.457,Lower
8/3/2020,,1.079,Lower
8/4/2020,,2.253,Lower
8/5/2020,,1.373,Lower
8/6/2020,,1.725,Lower
8/7/2020,,1.188,Lower
8/8/2020,,1.587,Lower
8/9/2020,,1.628,Lower
8/10/2020,,3.873,Lower
8/11/2020,,6.276,Lower
8/12/2020,,7.1,Lower
8/13/2020,,6.302,Lower
8/14/2020,,5.184,Lower
8/15/2020,,6.46,Lower
8/16/2020,,3.816,Lower
8/17/2020,,2.945,Lower
8/18/2020,,5.98,Lower
8/19/2020,,6.162,Lower
8/20/2020,,4.005,Lower
8/21/2020,,4.131,Lower
8/22/2020,,6.863,Lower
8/23/2020,,8.84,Lower
8/24/2020,,11.079,Lower
8/25/2020,,7.701,Lower
8/26/2020,,6.044,Lower
8/27/2020,,4.288,Lower
8/28/2020,,4.07,Lower
8/29/2020,,2.587,Lower
8/30/2020,,0.822,Lower
8/31/2020,,2.12,Lower
9/1/2020,,3.538,Lower
9/2/2020,,5.604,Lower
9/3/2020,,8.125,Lower
9/4/2020,,8.425,Lower
9/5/2020,,7.707,Lower
9/6/2020,,5.369,Lower
9/7/2020,,5.749,Lower
9/8/2020,,3.364,Lower
9/9/2020,,3.206,Lower
9/10/2020,,4.348,Lower
9/11/2020,,7.067,Lower
9/12/2020,,7.922,Lower
9/13/2020,,5.785,Lower
9/14/2020,,6.678,Lower
9/15/2020,,5.489,Lower
9/16/2020,,4.372,Lower
9/17/2020,,2.427,Lower
9/18/2020,,2.887,Lower
9/19/2020,,3.51,Lower
9/20/2020,,4.484,Lower
9/21/2020,,8.221,Lower
9/22/2020,,10.799,Lower
9/23/2020,,12.62,Lower
9/24/2020,,10.225,Lower
9/25/2020,,4.064,Lower
9/26/2020,,1.403,Lower
9/27/2020,,1.389,Lower
9/28/2020,,5.176,Lower
9/29/2020,,9.884,Lower
9/30/2020,,12.604,Lower
10/1/2020,,14.302,Lower
10/2/2020,,12.449,Lower
10/3/2020,,10.486,Lower
10/4/2020,,10.724,Lower
10/5/2020,,9.625,Lower
10/6/2020,,12.209,Lower
10/7/2020,,14.817,Lower
10/8/2020,,16.356,Lower
10/9/2020,,17.054,Lower
10/10/2020,,18.492,Lower
10/11/2020,,19.37,Lower
10/12/2020,,20.71,Lower
10/13/2020,,20.862,Lower
10/14/2020,,17.768,Lower
10/15/2020,,16.558,Lower
10/16/2020,,18.588,Lower
10/17/2020,,19.49,Lower
10/18/2020,,16.778,Lower
10/19/2020,,17.306,Lower
10/20/2020,,18.908,Lower
10/21/2020,,20.327,Lower
10/22/2020,,19.73,Lower
10/23/2020,,19.322,Lower
10/24/2020,,19.432,Lower
10/25/2020,,18.187,Lower
10/26/2020,,18.918,Lower
10/27/2020,,19.665,Lower
10/28/2020,,14.306,Lower
10/29/2020,,15.029,Lower
10/30/2020,,17.893,Lower
10/31/2020,,19.725,Lower
11/1/2020,,20.492,Lower
11/2/2020,,21.732,Lower
11/3/2020,,21.99,Lower
11/4/2020,,21.757,Lower
11/5/2020,,16.347,Lower
11/6/2020,,9.547,Lower
11/7/2020,,9.377,Lower
11/8/2020,,15.128,Lower
11/9/2020,,18.724,Lower
11/10/2020,,18.419,Lower
11/11/2020,,20.47,Lower
11/12/2020,,17.233,Lower
11/13/2020,,19.81,Lower
11/14/2020,,18.293,Lower
11/15/2020,,21.739,Lower
11/16/2020,,23.284,Lower
11/17/2020,,24.535,Lower
11/18/2020,,25.654,Lower
11/19/2020,,26.432,Lower
11/20/2020,,26.985,Lower
11/21/2020,,27.456,Lower
11/22/2020,,27.146,Lower
11/23/2020,,27.771,Lower
11/24/2020,,28.477,Lower
11/25/2020,,28.911,Lower
11/26/2020,,29.097,Lower
11/27/2020,,29.472,Lower
11/28/2020,,29.641,Lower
11/29/2020,,30.008,Lower
11/30/2020,,30.586,Lower
12/1/2020,,31.066,Lower
12/2/2020,,31.439,Lower
12/3/2020,,31.651,Lower
12/4/2020,,31.327,Lower
12/5/2020,,28.181,Lower
12/6/2020,,26.311,Lower
12/7/2020,,27.04,Lower
12/8/2020,,29.038,Lower
12/9/2020,,30.102,Lower
12/10/2020,,29.254,Lower
12/11/2020,,28.601,Lower
12/12/2020,,28.073,Lower
12/13/2020,,28.121,Lower
12/14/2020,,29.102,Lower
12/15/2020,,29.999,Lower
12/16/2020,,30.791,Lower
12/17/2020,,31.649,Lower
12/18/2020,,32.236,Lower
12/19/2020,,32.821,Lower
12/20/2020,,33.342,Lower
12/21/2020,,33.899,Lower
12/22/2020,,34.436,Lower
12/23/2020,,34.808,Lower
12/24/2020,,35.203,Lower
12/25/2020,,35.637,Lower
12/26/2020,,36.1,Lower
12/27/2020,,36.35,Lower
12/28/2020,,36.827,Lower
12/29/2020,,37.076,Lower
12/30/2020,,36.984,Lower
12/31/2020,,37.069,Lower
1/1/2021,,37.604,Lower
1/2/2021,,37.965,Lower
1/3/2021,,38.308,Lower
1/4/2021,,38.68,Lower
1/5/2021,,38.984,Lower
1/6/2021,,39.271,Lower
1/7/2021,,39.359,Lower
1/8/2021,,39.371,Lower
1/9/2021,,38.797,Lower
1/10/2021,,38.574,Lower
1/11/2021,,38.913,Lower
1/12/2021,,39.59,Lower
1/13/2021,,40.013,Lower
1/14/2021,,40.38,Lower
1/15/2021,,40.72,Lower
1/16/2021,,41.095,Lower
1/17/2021,,41.393,Lower
1/18/2021,,41.725,Lower
1/19/2021,,41.976,Lower
1/20/2021,,42.213,Lower
1/21/2021,,42.21,Lower
1/22/2021,,41.893,Lower
1/23/2021,,42.181,Lower
1/24/2021,,42.567,Lower
1/25/2021,,42.891,Lower
1/26/2021,,42.996,Lower
1/27/2021,,43.117,Lower
1/28/2021,,43.429,Lower
1/29/2021,,43.67,Lower
1/30/2021,,43.839,Lower
1/31/2021,,44.042,Lower
2/1/2021,,44.304,Lower
2/2/2021,,44.576,Lower
2/3/2021,,44.741,Lower
2/4/2021,,44.898,Lower
2/5/2021,,45.081,Lower
2/6/2021,,45.309,Lower
2/7/2021,,45.547,Lower
2/8/2021,,45.746,Lower
2/9/2021,,45.835,Lower
2/10/2021,,45.858,Lower
2/11/2021,,45.185,Lower
2/12/2021,,45.434,Lower
2/13/2021,,45.915,Lower
2/14/2021,,46.229,Lower
2/15/2021,,46.483,Lower
2/16/2021,,46.695,Lower
2/17/2021,,46.831,Lower
2/18/2021,,46.955,Lower
2/19/2021,,47.076,Lower
2/20/2021,,47.064,Lower
2/21/2021,,46.856,Lower
2/22/2021,,47.041,Lower
2/23/2021,,46.554,Lower
2/24/2021,,45.973,Lower
2/25/2021,,45.807,Lower
2/26/2021,,43.073,Lower
2/27/2021,,40.626,Lower
2/28/2021,,42.097,Lower
3/1/2021,,43.191,Lower
3/2/2021,,41.647,Lower
3/3/2021,,41.375,Lower
3/4/2021,,39.457,Lower
3/5/2021,,40.368,Lower
3/6/2021,,39.908,Lower
3/7/2021,,37.368,Lower
3/8/2021,,34.85,Lower
3/9/2021,,35.59,Lower
3/10/2021,,39.077,Lower
3/11/2021,,40.876,Lower
3/12/2021,,42.09,Lower
3/13/2021,,42.914,Lower
3/14/2021,,40.174,Lower
3/15/2021,,37.725,Lower
3/16/2021,,36.425,Lower
3/17/2021,,35.3345,Lower
3/18/2021,,36.135,Lower
3/19/2021,,36.371,Lower
3/20/2021,,36.438,Lower
3/21/2021,,36.479,Lower
3/22/2021,,39.077,Lower
3/23/2021,,41.659,Lower
3/24/2021,,42.627,Lower
3/25/2021,,43.787,Lower
3/26/2021,,42.301,Lower
3/27/2021,,42.625,Lower
3/28/2021,,43.411,Lower
3/29/2021,,43.059,Lower
3/30/2021,,44.026,Lower
3/31/2021,,44.565,Lower
4/1/2021,,44.31,Lower
4/2/2021,,43.422,Lower
4/3/2021,,41.871,Lower
4/4/2021,,41.894,Lower
4/5/2021,,42.325,Lower
4/6/2021,,41.983,Lower
4/7/2021,,38.592,Lower
4/8/2021,,27.626,Lower
4/9/2021,,22.589,Lower
4/10/2021,,21.25,Lower
4/11/2021,,21.864,Lower
4/12/2021,,26.351,Lower
4/13/2021,,27.084,Lower
4/14/2021,,21.685,Lower
4/15/2021,,14.062,Lower
4/16/2021,,9.585,Lower
4/17/2021,,10.724,Lower
4/18/2021,,11.99,Lower
4/19/2021,,14.143,Lower
4/20/2021,,12.011,Lower
4/21/2021,,9.993,Lower
4/22/2021,,7.51,Lower
4/23/2021,,4.837,Lower
4/24/2021,,5.64,Lower
4/25/2021,,10.754,Lower
4/26/2021,,15.904,Lower
4/27/2021,,18.829,Lower
4/28/2021,,10.178,Lower
4/29/2021,,1.943,Lower
4/30/2021,,-0.353,Lower
5/1/2021,,-0.704,Lower
5/2/2021,,4.265,Lower
5/3/2021,,10.196,Lower
5/4/2021,,7.712,Lower
5/5/2021,,5.366,Lower
5/6/2021,,-0.19,Lower
5/7/2021,,-2.482,Lower
5/8/2021,,-1.236,Lower
5/9/2021,,-3.506,Lower
5/10/2021,,-5.496,Lower
5/11/2021,,-6.41,Lower
5/12/2021,,-7.569,Lower
5/13/2021,,-7.553,Lower
5/14/2021,,-12.034,Lower
5/15/2021,,-14.843,Lower
5/16/2021,,-14.95,Lower
5/17/2021,,-10.826,Lower
5/18/2021,,-11.941,Lower
5/19/2021,,-14.968,Lower
5/20/2021,,-18.998,Lower
5/21/2021,,-17.513,Lower
5/22/2021,,-17.226,Lower
5/23/2021,,-17.857,Lower
5/24/2021,,-19.049,Lower
5/25/2021,,-17.846,Lower
5/26/2021,,-15.77,Lower
5/27/2021,,-19.08,Lower
5/28/2021,,-21.951,Lower
5/29/2021,,-26.392,Lower
5/30/2021,,-26.735,Lower
5/31/2021,,-27.296,Lower
6/1/2021,,-30.536,Lower
6/2/2021,,-31.812,Lower
6/3/2021,,-30.181,Lower
6/4/2021,,-31.508,Lower
6/5/2021,,-34.318,Lower
6/6/2021,,-36.106,Lower
6/7/2021,,-29.859,Lower
6/8/2021,,-31.917,Lower
6/9/2021,,-33.131,Lower
6/10/2021,,-34.295,Lower
6/11/2021,,-36.093,Lower
6/12/2021,,-36.895,Lower
6/13/2021,,-34.087,Lower
6/14/2021,,-33.998,Lower
6/15/2021,,-35.002,Lower
6/16/2021,,-38.336,Lower
6/17/2021,,-37.795,Lower
6/18/2021,,-38.619,Lower
6/19/2021,,-41.123,Lower
6/20/2021,,-41.951,Lower
6/21/2021,,-41.281,Lower
6/22/2021,,-40.778,Lower
6/23/2021,,-42.533,Lower
6/24/2021,,-43.631,Lower
6/25/2021,,-42.144,Lower
6/26/2021,,-41.762,Lower
6/27/2021,,-43.261,Lower
6/28/2021,,-42.278,Lower
6/29/2021,,-43.855,Lower
6/30/2021,,-43.089,Lower
7/1/2021,,-41.709,Lower
7/2/2021,,-44.712,Lower
7/3/2021,,-46.615,Lower
7/4/2021,,-48.794,Lower
7/5/2021,,-49.185,Lower
7/6/2021,,-50.462,Lower
7/7/2021,,-50.49,Lower
7/8/2021,,-48.966,Lower
7/9/2021,,-47.418,Lower
7/10/2021,,-49.194,Lower
7/11/2021,,-50.311,Lower
7/12/2021,,-50.97,Lower
7/13/2021,,-49.814,Lower
7/14/2021,,-48.759,Lower
7/15/2021,,-50.681,Lower
7/16/2021,,-51.587,Lower
7/17/2021,,-50.958,Lower
7/18/2021,,-50.957,Lower
7/19/2021,,-49.101,Lower
7/20/2021,,-47.923,Lower
7/21/2021,,-50.906,Lower
7/22/2021,,-51.323,Lower
7/23/2021,,-49.502,Lower
7/24/2021,,-46.558,Lower
7/25/2021,,-48.038,Lower
7/26/2021,,-49.398,Lower
7/27/2021,,-52.226,Lower
7/28/2021,,-49.657,Lower
7/29/2021,,-45.255,Lower
7/30/2021,,-45.94,Lower
7/31/2021,,-50.537,Lower
8/1/2021,,-53.596,Lower
8/2/2021,,-52.508,Lower
8/3/2021,,-50.879,Lower
8/4/2021,,-50.825,Lower
8/5/2021,,-50.109,Lower
8/6/2021,,-50.647,Lower
8/7/2021,,-48.465,Lower
8/8/2021,,-48.889,Lower
8/9/2021,,-46.479,Lower
8/10/2021,,-46.126,Lower
8/11/2021,,-43.715,Lower
8/12/2021,,-40.822,Lower
8/13/2021,,-39.379,Lower
8/14/2021,,-38.756,Lower
8/15/2021,,-39.778,Lower
8/16/2021,,-39.862,Lower
8/17/2021,,-36.379,Lower
8/18/2021,,-34.95,Lower
8/19/2021,,-31.148,Lower
8/20/2021,,-33.191,Lower
8/21/2021,,-34.197,Lower
8/22/2021,,-32.973,Lower
8/23/2021,,-33.081,Lower
8/24/2021,,-34.138,Lower
8/25/2021,,-32.876,Lower
8/26/2021,,-34.187,Lower
8/27/2021,,-32.917,Lower
8/28/2021,,-31.995,Lower
8/29/2021,,-30.351,Lower
8/30/2021,,-31.239,Lower
8/31/2021,,-32.779,Lower
9/1/2021,,-29.326,Lower
9/2/2021,,-30.999,Lower
9/3/2021,,-30.142,Lower
9/4/2021,,-29.386,Lower
9/5/2021,,-29.606,Lower
9/6/2021,,-29.329,Lower
9/7/2021,,-25.504,Lower
9/8/2021,,-25.06,Lower
9/9/2021,,-24.799,Lower
9/10/2021,,-27.336,Lower
9/11/2021,,-27.354,Lower
9/12/2021,,-24.339,Lower
9/13/2021,,-25.05,Lower
9/14/2021,,-22.841,Lower
9/15/2021,,-23.675,Lower
9/16/2021,,-24.936,Lower
9/17/2021,,-26.322,Lower
9/18/2021,,-25.773,Lower
9/19/2021,,-23.113,Lower
9/20/2021,,-19.954,Lower
9/21/2021,,-19.741,Lower
9/22/2021,,-23.688,Lower
9/23/2021,,-30.251,Lower
9/24/2021,,-30.599,Lower
9/25/2021,,-28.497,Lower
9/26/2021,,-24.035,Lower
9/27/2021,,-20.945,Lower
9/28/2021,,-21.354,Lower
9/29/2021,,-26.603,Lower
9/30/2021,,-29.11,Lower
10/1/2021,,-31.449,Lower
10/2/2021,,-30.821,Lower
10/3/2021,,-26.638,Lower
10/4/2021,,-22.825,Lower
10/5/2021,,-22.104,Lower
10/6/2021,,-22.165,Lower
10/7/2021,,-25.097,Lower
10/8/2021,,-26.211,Lower
10/9/2021,,-27.046,Lower
10/10/2021,,-25.114,Lower
10/11/2021,,-20.892,Lower
10/12/2021,,-17.282,Lower
10/13/2021,,-15.304,Lower
10/14/2021,,-13.431,Lower
10/15/2021,,-12.214,Lower
10/16/2021,,-10.812,Lower
10/17/2021,,-10.897,Lower
10/18/2021,,-9.217,Lower
10/19/2021,,-8.15,Lower
10/20/2021,,-6.928,Lower
10/21/2021,,-5.933,Lower
10/22/2021,,-4.861,Lower
10/23/2021,,-3.913,Lower
10/24/2021,,-2.885,Lower
10/25/2021,,-1.777,Lower
10/26/2021,,-1.121,Lower
10/27/2021,,-0.498,Lower
10/28/2021,,0.128,Lower
10/29/2021,,0.878,Lower
10/30/2021,,1.533,Lower
10/31/2021,,2.107,Lower
11/1/2021,,2.709,Lower
11/2/2021,,3.205,Lower
11/3/2021,,3.692,Lower
11/4/2021,,4.24,Lower
11/5/2021,,4.726,Lower
11/6/2021,,5.186,Lower
11/7/2021,,5.658,Lower
11/8/2021,,6.146,Lower
11/9/2021,,6.634,Lower
11/10/2021,,6.998,Lower
11/11/2021,,7.411,Lower
11/12/2021,,7.873,Lower
11/13/2021,,8.295,Lower
11/14/2021,,8.664,Lower
11/15/2021,,9.07,Lower
11/16/2021,,9.432,Lower
11/17/2021,,9.86,Lower
11/18/2021,,10.216,Lower
11/19/2021,,10.56,Lower
11/20/2021,,10.871,Lower
11/21/2021,,11.18,Lower
11/22/2021,,11.541,Lower
11/23/2021,,11.919,Lower
11/24/2021,,12.09,Lower
11/25/2021,,12.393,Lower
11/26/2021,,12.689,Lower
11/27/2021,,13.097,Lower
11/28/2021,,13.413,Lower
11/29/2021,,13.748,Lower
11/30/2021,,13.931,Lower
12/1/2021,,14.103,Lower
12/2/2021,,13.492,Lower
12/3/2021,,13.154,Lower
12/4/2021,,13.309,Lower
12/5/2021,,13.943,Lower
12/6/2021,,14.5,Lower
12/7/2021,,14.889,Lower
12/8/2021,,15.287,Lower
12/9/2021,,15.674,Lower
12/10/2021,,15.915,Lower
12/11/2021,,15.826,Lower
12/12/2021,,16.3,Lower
12/13/2021,,16.824,Lower
12/14/2021,,17.233,Lower
12/15/2021,,17.342,Lower
12/16/2021,,17.72,Lower
12/17/2021,,17.906,Lower
12/18/2021,,18.093,Lower
12/19/2021,,18.42,Lower
12/20/2021,,18.66,Lower
12/21/2021,,18.916,Lower
12/22/2021,,19.233,Lower
12/23/2021,,19.655,Lower
12/24/2021,,20.007,Lower
12/25/2021,,20.235,Lower
12/26/2021,,20.53,Lower
12/27/2021,,20.735,Lower
12/28/2021,,20.957,Lower
12/29/2021,,21.194,Lower
12/30/2021,,21.434,Lower
12/31/2021,,21.614,Lower
1/1/2022,,21.757,Lower
1/2/2022,,21.891,Lower
1/3/2022,,22.096,Lower
1/4/2022,,22.31,Lower
1/5/2022,,22.512,Lower
1/6/2022,,22.738,Lower
1/7/2022,,23.095,Lower
1/8/2022,,23.259,Lower
1/9/2022,,23.455,Lower
1/10/2022,,23.581,Lower
1/11/2022,,23.77,Lower
1/12/2022,,24.022,Lower
1/13/2022,,24.218,Lower
1/14/2022,,24.468,Lower
1/15/2022,,24.697,Lower
1/16/2022,,24.875,Lower
1/17/2022,,25.111,Lower
1/18/2022,,25.341,Lower
1/19/2022,,25.492,Lower
1/20/2022,,25.671,Lower
1/21/2022,,25.88,Lower
1/22/2022,,26.101,Lower
1/23/2022,,26.307,Lower
1/24/2022,,26.503,Lower
1/25/2022,,26.699,Lower
1/26/2022,,26.656,Lower
1/27/2022,,26.885,Lower
1/28/2022,,27.026,Lower
1/29/2022,,27.074,Lower
1/30/2022,,26.842,Lower
1/31/2022,,26.667,Lower
2/1/2022,,27.206,Lower
2/2/2022,,27.503,Lower
2/3/2022,,27.625,Lower
2/4/2022,,27.567,Lower
2/5/2022,,27.659,Lower
2/6/2022,,27.313,Lower
2/7/2022,,27.513,Lower
2/8/2022,,27.919,Lower
2/9/2022,,28.156,Lower
2/10/2022,,28.181,Lower
2/11/2022,,27.298,Lower
2/12/2022,,25.677,Lower
2/13/2022,,26.056,Lower
2/14/2022,,26.693,Lower
2/15/2022,,27.155,Lower
2/16/2022,,27.19,Lower
2/17/2022,,24.777,Lower
2/18/2022,,19.721,Lower
2/19/2022,,17.141,Lower
2/20/2022,,15.119,Lower
2/21/2022,,13.721,Lower
2/22/2022,,14.221,Lower
2/23/2022,,12.531,Lower
2/24/2022,,12.213,Lower
2/25/2022,,8.719,Lower
2/26/2022,,4.156,Lower
2/27/2022,,3.064,Lower
2/28/2022,,6.168,Lower
3/1/2022,,9.592,Lower
3/2/2022,,10.624,Lower
3/3/2022,,10.752,Lower
3/4/2022,,11.263,Lower
3/5/2022,,12.325,Lower
3/6/2022,,13.704,Lower
3/7/2022,,14.334,Lower
3/8/2022,,15.329,Lower
3/9/2022,,16.177,Lower
3/10/2022,,12.214,Lower
3/11/2022,,12.036,Lower
3/12/2022,,6.169,Lower
3/13/2022,,6.249,Lower
3/14/2022,,6.821,Lower
3/15/2022,,0.24,Lower
3/16/2022,,-5.012,Lower
3/17/2022,,-7.014,Lower
3/18/2022,,-12.86,Lower
3/19/2022,,-14.148,Lower
3/20/2022,,-9.397,Lower
3/21/2022,,-5.875,Lower
3/22/2022,,-10.095,Lower
3/23/2022,,-9.942,Lower
3/24/2022,,-5.204,Lower
3/25/2022,,-6.389,Lower
3/26/2022,,-7.129,Lower
3/27/2022,,-4.2,Lower
3/28/2022,,-0.727,Lower
3/29/2022,,3.178,Lower
3/30/2022,,2.969,Lower
3/31/2022,,-5.131,Lower
4/1/2022,,-10.233,Lower
4/2/2022,,-14.044,Lower
4/3/2022,,-11.415,Lower
4/4/2022,,-5.533,Lower
4/5/2022,,-3.105,Lower
4/6/2022,,-2.085,Lower
4/7/2022,,-1.803,Lower
4/8/2022,,-0.563,Lower
4/9/2022,,0.148,Lower
4/10/2022,,2.979,Lower
4/11/2022,,4.781,Lower
4/12/2022,,5.561,Lower
4/13/2022,,-2.778,Lower
4/14/2022,,-7.54,Lower
4/15/2022,,-9.471,Lower
4/16/2022,,-9.239,Lower
4/17/2022,,-4.588,Lower
4/18/2022,,-3.128,Lower
4/19/2022,,-0.129,Lower
4/20/2022,,1.983,Lower
4/21/2022,,3.796,Lower
4/22/2022,,0.794,Lower
4/23/2022,,-4.038,Lower
4/24/2022,,-2.943,Lower
4/25/2022,,0.888,Lower
4/26/2022,,-3.074,Lower
4/27/2022,,-9.516,Lower
4/28/2022,,-13.645,Lower
4/29/2022,,-17.478,Lower
4/30/2022,,-14.561,Lower
5/1/2022,,-9.273,Lower
5/2/2022,,-8.328,Lower
5/3/2022,,-12.508,Lower
5/4/2022,,-14.894,Lower
5/5/2022,,-18.507,Lower
5/6/2022,,-21.006,Lower
5/7/2022,,-19.251,Lower
5/8/2022,,-16.972,Lower
5/9/2022,,-14.187,Lower
5/10/2022,,-18.539,Lower
5/11/2022,,-24.003,Lower
5/12/2022,,-27.27,Lower
5/13/2022,,-26.415,Lower
5/14/2022,,-20.334,Lower
5/15/2022,,-22.598,Lower
5/16/2022,,-28.443,Lower
5/17/2022,,-33.084,Lower
5/18/2022,,-32.253,Lower
5/19/2022,,-28.192,Lower
5/20/2022,,-32.881,Lower
5/21/2022,,-34.273,Lower
5/22/2022,,-39.003,Lower
5/23/2022,,-39.138,Lower
5/24/2022,,-37.641,Lower
5/25/2022,,-39.313,Lower
5/26/2022,,-41.818,Lower
5/27/2022,,-41.343,Lower
5/28/2022,,-40.6,Lower
5/29/2022,,-42.69,Lower
5/30/2022,,-44.254,Lower
5/31/2022,,-44.318,Lower
6/1/2022,,-44.275,Lower
6/2/2022,,-41.581,Lower
6/3/2022,,-44.611,Lower
6/4/2022,,-47.335,Lower
6/5/2022,,-47.157,Lower
6/6/2022,,-44.151,Lower
6/7/2022,,-41.675,Lower
6/8/2022,,-45.894,Lower
6/9/2022,,-49.894,Lower
6/10/2022,,-51.078,Lower
6/11/2022,,-48.099,Lower
6/12/2022,,-50.426,Lower
6/13/2022,,-52.008,Lower
6/14/2022,,-52.494,Lower
6/15/2022,,-49.977,Lower
6/16/2022,,-47.148,Lower
6/17/2022,,-49.12,Lower
6/18/2022,,-48.759,Lower
6/19/2022,,-48.204,Lower
6/20/2022,,-46.992,Lower
6/21/2022,,-50.932,Lower
6/22/2022,,-54.914,Lower
6/23/2022,,-59.901,Lower
6/24/2022,,-55.473,Lower
6/25/2022,,-48.366,Lower
6/26/2022,,-50.713,Lower
6/27/2022,,-53.429,Lower
6/28/2022,,-55.67,Lower
6/29/2022,,-54.175,Lower
6/30/2022,,-61.187,Lower
7/1/2022,,-60.272,Lower
7/2/2022,,-60.339,Lower
7/3/2022,,-64.034,Lower
7/4/2022,,-64.387,Lower
7/5/2022,,-58.999,Lower
7/6/2022,,-54.205,Lower
7/7/2022,,-58.632,Lower
7/8/2022,,-63.677,Lower
7/9/2022,,-67.05,Lower
7/10/2022,,-64.122,Lower
7/11/2022,,-65.425,Lower
7/12/2022,,-65.343,Lower
7/13/2022,,-65.396,Lower
7/14/2022,,-63.523,Lower
7/15/2022,,-63.541,Lower
7/16/2022,,-68.558,Lower
7/17/2022,,-71.458,Lower
7/18/2022,,-72.22,Lower
7/19/2022,,-69.757,Lower
7/20/2022,,-69.181,Lower
7/21/2022,,-69.87,Lower
7/22/2022,,-69.794,Lower
7/23/2022,,-65.69,Lower
7/24/2022,,-61.334,Lower
7/25/2022,,-63.331,Lower
7/26/2022,,-68.763,Lower
7/27/2022,,-73.033,Lower
7/28/2022,,-70.364,Lower
7/29/2022,,-72.908,Lower
7/30/2022,,-73.126,Lower
7/31/2022,,-71.163,Lower
8/1/2022,,-64.959,Lower
8/2/2022,,-59.852,Lower
8/3/2022,,-62.774,Lower
8/4/2022,,-64.978,Lower
8/5/2022,,-69.178,Lower
8/6/2022,,-67.549,Lower
8/7/2022,,-69.361,Lower
8/8/2022,,-70.069,Lower
8/9/2022,,-71.46,Lower
8/10/2022,,-70.659,Lower
8/11/2022,,-70.794,Lower
8/12/2022,,-67.51,Lower
8/13/2022,,-64.212,Lower
8/14/2022,,-63.302,Lower
8/15/2022,,-61.661,Lower
8/16/2022,,-61.193,Lower
8/17/2022,,-60.837,Lower
8/18/2022,,-61.858,Lower
8/19/2022,,-61.093,Lower
8/20/2022,,-64.129,Lower
8/21/2022,,-67.665,Lower
8/22/2022,,-67.41,Lower
8/23/2022,,-65.812,Lower
8/24/2022,,-65.611,Lower
8/25/2022,,-61.301,Lower
8/26/2022,,-59.686,Lower
8/27/2022,,-65.519,Lower
8/28/2022,,-67.907,Lower
8/29/2022,,-64.844,Lower
8/30/2022,,-56.101,Lower
8/31/2022,,-58.628,Lower
9/1/2022,,-58.536,Lower
9/2/2022,,-61.594,Lower
9/3/2022,,-60.725,Lower
9/4/2022,,-60.73,Lower
9/5/2022,,-59.251,Lower
9/6/2022,,-60.715,Lower
9/7/2022,,-60.901,Lower
9/8/2022,,-62.181,Lower
9/9/2022,,-64.35,Lower
9/10/2022,,-67.766,Lower
9/11/2022,,-70.26,Lower
9/12/2022,,-67.81,Lower
9/13/2022,,-63.313,Lower
9/14/2022,,-60.959,Lower
9/15/2022,,-62.094,Lower
9/16/2022,,-61.584,Lower
9/17/2022,,-61.978,Lower
9/18/2022,,-56.861,Lower
9/19/2022,,-52.533,Lower
9/20/2022,,-50.67,Lower
9/21/2022,,-46.486,Lower
9/22/2022,,-42.604,Lower
9/23/2022,,-39.825,Lower
9/24/2022,,-37.643,Lower
9/25/2022,,-35.977,Lower
9/26/2022,,-34.453,Lower
9/27/2022,,-33.981,Lower
9/28/2022,,-33.3,Lower
9/29/2022,,-35.492,Lower
9/30/2022,,-39.693,Lower
10/1/2022,,-44.749,Lower
10/2/2022,,-43.86,Lower
10/3/2022,,-38.979,Lower
10/4/2022,,-36.749,Lower
10/5/2022,,-36.893,Lower
10/6/2022,,-44.687,Lower
10/7/2022,,-51.464,Lower
10/8/2022,,-55.836,Lower
10/9/2022,,-51.475,Lower
10/10/2022,,-47.7535,Lower
10/11/2022,,-46.35,Lower
10/12/2022,,-46.763,Lower
10/13/2022,,-43.925,Lower
10/14/2022,,-41.858,Lower
10/15/2022,,-41.113,Lower
10/16/2022,,-39.168,Lower
10/17/2022,,-36.946,Lower
10/18/2022,,-39.399,Lower
10/19/2022,,-42.827,Lower
10/20/2022,,-47.999,Lower
10/21/2022,,-47.757,Lower
10/22/2022,,-49.441,Lower
10/23/2022,,-46.665,Lower
10/24/2022,,-43.199,Lower
10/25/2022,,-43.762,Lower
10/26/2022,,-45.491,Lower
10/27/2022,,-41.376,Lower
10/28/2022,,-37.273,Lower
10/29/2022,,-35.02,Lower
10/30/2022,,-33.505,Lower
10/31/2022,,-31.965,Lower
11/1/2022,,-30.693,Lower
11/2/2022,,-29.69,Lower
11/3/2022,,-28.708,Lower
11/4/2022,,-27.725,Lower
11/5/2022,,-26.678,Lower
11/6/2022,,-25.623,Lower
11/7/2022,,-24.514,Lower
11/8/2022,,-23.652,Lower
11/9/2022,,-22.744,Lower
11/10/2022,,-22.16,Lower
11/11/2022,,-21.422,Lower
11/12/2022,,-20.729,Lower
11/13/2022,,-20.054,Lower
11/14/2022,,-19.415,Lower
11/15/2022,,-18.819,Lower
11/16/2022,,-18.28,Lower
11/17/2022,,-17.74,Lower
11/18/2022,,-17.103,Lower
11/19/2022,,-16.605,Lower
11/20/2022,,-16.151,Lower
11/21/2022,,-15.655,Lower
11/22/2022,,-15.189,Lower
11/23/2022,,-15.187,Lower
11/24/2022,,-15.14,Lower
11/25/2022,,-14.563,Lower
11/26/2022,,-13.889,Lower
11/27/2022,,-13.337,Lower
11/28/2022,,-12.818,Lower
11/29/2022,,-12.329,Lower
11/30/2022,,-11.922,Lower
12/1/2022,,-11.416,Lower
12/2/2022,,-11.025,Lower
12/3/2022,,-10.666,Lower
12/4/2022,,-10.266,Lower
12/5/2022,,-9.942,Lower
12/6/2022,,-9.574,Lower
12/7/2022,,-9.255,Lower
12/8/2022,,-8.986,Lower
12/9/2022,,-8.62,Lower
12/10/2022,,-8.173,Lower
12/11/2022,,-7.664,Lower
12/12/2022,,-7.386,Lower
12/13/2022,,-7.128,Lower
12/14/2022,,-6.873,Lower
12/15/2022,,-6.594,Lower
12/16/2022,,-6.326,Lower
12/17/2022,,-5.963,Lower
12/18/2022,,-5.635,Lower
12/19/2022,,-5.381,Lower
12/20/2022,,-5.14,Lower
12/21/2022,,-4.851,Lower
12/22/2022,,-4.596,Lower
12/23/2022,,-4.271,Lower
12/24/2022,,-4.058,Lower
12/25/2022,,-3.823,Lower
12/26/2022,,-3.451,Lower
12/27/2022,,-2.968,Lower
12/28/2022,,-2.695,Lower
12/29/2022,,-2.415,Lower
12/30/2022,,-2.039,Lower
12/31/2022,,-1.765,Lower
1/1/2023,,-1.496,Lower
1/2/2023,,-1.314,Lower
1/3/2023,,-1.079,Lower
1/4/2023,,-0.871,Lower
1/5/2023,,-0.398,Lower
1/6/2023,,-0.34,Lower
1/7/2023,,-0.126,Lower
1/8/2023,,0.259,Lower
1/9/2023,,0.574,Lower
1/10/2023,,0.84,Lower
1/11/2023,,1.008,Lower
1/12/2023,,1.227,Lower
1/13/2023,,1.45,Lower
1/14/2023,,1.772,Lower
1/15/2023,,2.134,Lower
1/16/2023,,2.355,Lower
1/17/2023,,2.493,Lower
1/18/2023,,2.603,Lower
1/19/2023,,2.787,Lower
1/20/2023,,2.927,Lower
1/21/2023,,3.091,Lower
1/22/2023,,3.291,Lower
1/23/2023,,3.515,Lower
1/24/2023,,3.673,Lower
1/25/2023,,3.882,Lower
1/26/2023,,4.08,Lower
1/27/2023,,4.341,Lower
1/28/2023,,4.653,Lower
1/29/2023,,4.944,Lower
1/30/2023,,5.111,Lower
1/31/2023,,5.259,Lower
2/1/2023,,5.422,Lower
2/2/2023,,5.565,Lower
2/3/2023,,5.699,Lower
2/4/2023,,5.877,Lower
2/5/2023,,6.182,Lower
2/6/2023,,6.305,Lower
2/7/2023,,6.466,Lower
2/8/2023,,6.636,Lower
2/9/2023,,6.842,Lower
2/10/2023,,6.428,Lower
2/11/2023,,6.708,Lower
2/12/2023,,6.591,Lower
2/13/2023,,7.101,Lower
2/14/2023,,6.825,Lower
2/15/2023,,6.378,Lower
2/16/2023,,5.795,Lower
2/17/2023,,2.699,Lower
2/18/2023,,3.572,Lower
2/19/2023,,4.311,Lower
2/20/2023,,4.676,Lower
2/21/2023,,4.818,Lower
2/22/2023,,5.137,Lower
2/23/2023,,4.551,Lower
2/24/2023,,0.78,Lower
2/25/2023,,2.749,Lower
2/26/2023,,3.896,Lower
2/27/2023,,4.758,Lower
2/28/2023,,5.473,Lower
3/1/2023,,5.03,Lower
3/2/2023,,1.534,Lower
3/3/2023,,3.518,Lower
3/4/2023,,4.719,Lower
3/5/2023,,5.678,Lower
3/6/2023,,6.302,Lower
3/7/2023,,6.662,Lower
3/8/2023,,7.143,Lower
3/9/2023,,7.579,Lower
3/10/2023,,8.347,Lower
3/11/2023,,8.671,Lower
3/12/2023,,9.041,Lower
3/13/2023,,9.399,Lower
3/14/2023,,9.78,Lower
3/15/2023,,10.233,Lower
3/16/2023,,10.46,Lower
3/17/2023,,10.665,Lower
3/18/2023,,10.946,Lower
3/19/2023,,11.316,Lower
3/20/2023,,11.698,Lower
3/21/2023,,11.961,Lower
3/22/2023,,12.298,Lower
3/23/2023,,12.422,Lower
3/24/2023,,12.56,Lower
3/25/2023,,12.748,Lower
3/26/2023,,12.958,Lower
3/27/2023,,13.13,Lower
3/28/2023,,10.913,Lower
3/29/2023,,12.065,Lower
3/30/2023,,12.65,Lower
3/31/2023,,13.031,Lower
4/1/2023,,13.329,Lower
4/2/2023,,13.674,Lower
4/3/2023,,14.022,Lower
4/4/2023,,14.14,Lower
4/5/2023,,13.878,Lower
4/6/2023,,14.1045,Lower
4/7/2023,,14.471,Lower
4/8/2023,,14.752,Lower
4/9/2023,,14.979,Lower
4/10/2023,,15.269,Lower
4/11/2023,,15.539,Lower
4/12/2023,,15.722,Lower
4/13/2023,,15.958,Lower
4/14/2023,,16.198,Lower
4/15/2023,,16.34,Lower
4/16/2023,,16.276,Lower
4/17/2023,,16.584,Lower
4/18/2023,,16.756,Lower
4/19/2023,,16.685,Lower
4/20/2023,,16.592,Lower
4/21/2023,,16.26,Lower
4/22/2023,,15.831,Lower
4/23/2023,,15.994,Lower
4/24/2023,,16.362,Lower
4/25/2023,,16.236,Lower
4/26/2023,,15.85,Lower
4/27/2023,,15.755,Lower
4/28/2023,,15.057,Lower
4/29/2023,,14.337,Lower
4/30/2023,,13.738,Lower
5/1/2023,,13.948,Lower
5/2/2023,,11.912,Lower
5/3/2023,,11.36,Lower
5/4/2023,,12.588,Lower
5/5/2023,,12.078,Lower
5/6/2023,,11.417,Lower
5/7/2023,,11.64,Lower
5/8/2023,,12.003,Lower
5/9/2023,,11.626,Lower
5/10/2023,,11.183,Lower
5/11/2023,,7.793,Lower
5/12/2023,,6.392,Lower
5/13/2023,,4.771,Lower
5/14/2023,,2.459,Lower
5/15/2023,,2.404,Lower
5/16/2023,,-0.871,Lower
5/17/2023,,-0.736,Lower
5/18/2023,,-3.575,Lower
5/19/2023,,-4.15,Lower
5/20/2023,,-5.183,Lower
5/21/2023,,-5.254,Lower
5/22/2023,,-5.891,Lower
5/23/2023,,-7.353,Lower
5/24/2023,,-11.566,Lower
5/25/2023,,-14.016,Lower
5/26/2023,,-12.426,Lower
5/27/2023,,-8.68,Lower
5/28/2023,,-6.754,Lower
5/29/2023,,-5.448,Lower
5/30/2023,,-5.271,Lower
5/31/2023,,-9.242,Lower
6/1/2023,,-12.595,Lower
6/2/2023,,-12.575,Lower
6/3/2023,,-12.639,Lower
6/4/2023,,-12.749,Lower
6/5/2023,,-13.379,Lower
6/6/2023,,-15.773,Lower
6/7/2023,,-14.78,Lower
6/8/2023,,-14.405,Lower
6/9/2023,,-14.49,Lower
6/10/2023,,-18.194,Lower
6/11/2023,,-19.467,Lower
6/12/2023,,-17.473,Lower
6/13/2023,,-15.719,Lower
6/14/2023,,-17.281,Lower
6/15/2023,,-17.263,Lower
6/16/2023,,-21.37,Lower
6/17/2023,,-23.358,Lower
6/18/2023,,-24.777,Lower
6/19/2023,,-20.246,Lower
6/20/2023,,-19.535,Lower
6/21/2023,,-22.908,Lower
6/22/2023,,-21.825,Lower
6/23/2023,,-22.302,Lower
6/24/2023,,-24.496,Lower
6/25/2023,,-25.79,Lower
6/26/2023,,-22.858,Lower
6/27/2023,,-22.021,Lower
6/28/2023,,-22.25,Lower
6/29/2023,,-26.653,Lower
6/30/2023,,-27.131,Lower
7/1/2023,,-27.239,Lower
7/2/2023,,-28.508,Lower
7/3/2023,,-28.817,Lower
7/4/2023,,-27.708,Lower
7/5/2023,,-27.361,Lower
7/6/2023,,-29.178,Lower
7/7/2023,,-28.634,Lower
7/8/2023,,-29.176,Lower
7/9/2023,,-28.165,Lower
7/10/2023,,-27.511,Lower
7/11/2023,,-28.9,Lower
7/12/2023,,-31.872,Lower
7/13/2023,,-31.822,Lower
7/14/2023,,-32.611,Lower
7/15/2023,,-32.942,Lower
7/16/2023,,-32.796,Lower
7/17/2023,,-35.515,Lower
7/18/2023,,-38.681,Lower
7/19/2023,,-35.87,Lower
7/20/2023,,-32.752,Lower
7/21/2023,,-34.118,Lower
7/22/2023,,-37.622,Lower
7/23/2023,,-38.987,Lower
7/24/2023,,-39.984,Lower
7/25/2023,,-38.016,Lower
7/26/2023,,-36.195,Lower
7/27/2023,,-36.487,Lower
7/28/2023,,-35.712,Lower
7/29/2023,,-34.985,Lower
7/30/2023,,-36.408,Lower
7/31/2023,,-34.991,Lower
8/1/2023,,-36.091,Lower
8/2/2023,,-39.919,Lower
8/3/2023,,-39.903,Lower
8/4/2023,,-40.943,Lower
8/5/2023,,-38.106,Lower
8/6/2023,,-36.97,Lower
8/7/2023,,-37.273,Lower
8/8/2023,,-36.262,Lower
8/9/2023,,-38.005,Lower
8/10/2023,,-38.518,Lower
8/11/2023,,-35.152,Lower
8/12/2023,,-34.3,Lower
8/13/2023,,-34.519,Lower
8/14/2023,,-34.108,Lower
8/15/2023,,-33.052,Lower
8/16/2023,,-33.903,Lower
8/17/2023,,-36.037,Lower
8/18/2023,,-36.367,Lower
8/19/2023,,-34.952,Lower
8/20/2023,,-34.702,Lower
8/21/2023,,-34.444,Lower
8/22/2023,,-32.715,Lower
8/23/2023,,-32.187,Lower
8/24/2023,,-33.994,Lower
8/25/2023,,-36.533,Lower
8/26/2023,,-38.516,Lower
8/27/2023,,-40.067,Lower
8/28/2023,,-37.709,Lower
8/29/2023,,-39.028,Lower
8/30/2023,,-36.347,Lower
8/31/2023,,-32.35,Lower
9/1/2023,,-35.001,Lower
9/2/2023,,-34.567,Lower
9/3/2023,,-35.066,Lower
9/4/2023,,-36.658,Lower
9/5/2023,,-35.025,Lower
9/6/2023,,-38.847,Lower
9/7/2023,,-37.736,Lower
9/8/2023,,-34.833,Lower
9/9/2023,,-31.652,Lower
9/10/2023,,-31.518,Lower
9/11/2023,,-30.454,Lower
9/12/2023,,-31.15,Lower
9/13/2023,,-30.865,Lower
9/14/2023,,-30.197,Lower
9/15/2023,,-29.658,Lower
9/16/2023,,-33.59,Lower
9/17/2023,,-34.203,Lower
9/18/2023,,-33.223,Lower
9/19/2023,,-31.55,Lower
9/20/2023,,-36.958,Lower
9/21/2023,,-34.75,Lower
9/22/2023,,-32.177,Lower
9/23/2023,,-28.861,Lower
9/24/2023,,-27.033,Lower
9/25/2023,,-26.602,Lower
9/26/2023,,-25.101,Lower
9/27/2023,,-25.645,Lower
9/28/2023,,-27.787,Lower
9/29/2023,,-29.913,Lower
9/30/2023,,-27.08,Lower
10/1/2023,,-25.863,Lower
10/2/2023,,-23.484,Lower
10/3/2023,,-23.137,Lower
10/4/2023,,-24.659,Lower
10/5/2023,,-24.063,Lower
10/6/2023,,-23.788,Lower
10/7/2023,,-24.156,Lower
10/8/2023,,-31.376,Lower
10/9/2023,,-29.597,Lower
10/10/2023,,-24.799,Lower
10/11/2023,,-22.3205,Lower
10/12/2023,,-21.378,Lower
10/13/2023,,-21.672,Lower
10/14/2023,,-22.722,Lower
10/15/2023,,-22.31,Lower
10/16/2023,,-20.314,Lower
10/17/2023,,-18.883,Lower
10/18/2023,,-19.744,Lower
10/19/2023,,-23.064,Lower
10/20/2023,,-25.464,Lower
10/21/2023,,-27.51,Lower
10/22/2023,,-27.294,Lower
10/23/2023,,-23.285,Lower
10/24/2023,,-20.999,Lower
10/25/2023,,-19.433,Lower
10/26/2023,,-18.214,Lower
10/27/2023,,-18.535,Lower
10/28/2023,,-18.834,Lower
10/29/2023,,-18.329,Lower
10/30/2023,,-16.207,Lower
10/31/2023,,-15.761,Lower
11/1/2023,,-15.416,Lower
11/2/2023,,-15.767,Lower
11/3/2023,,-16.398,Lower
11/4/2023,,-16.706,Lower
11/5/2023,,-15.699,Lower
11/6/2023,,-14.086,Lower
11/7/2023,,-13.246,Lower
11/8/2023,,-12.656,Lower
11/9/2023,,-12.129,Lower
11/10/2023,,-11.708,Lower
11/11/2023,,-11.254,Lower
11/12/2023,,-11.249,Lower
11/13/2023,,-10.804,Lower
11/14/2023,,-10.371,Lower
11/15/2023,,-9.843,Lower
11/16/2023,,-9.457,Lower
11/17/2023,,-8.978,Lower
11/18/2023,,-8.503,Lower
11/19/2023,,-8.194,Lower
11/20/2023,,-7.763,Lower
11/21/2023,,-7.301,Lower
11/22/2023,,-6.891,Lower
11/23/2023,,-6.419,Lower
11/24/2023,,-6.009,Lower
11/25/2023,,-5.686,Lower
11/26/2023,,-5.415,Lower
11/27/2023,,-5.122,Lower
11/28/2023,,-6.006,Lower
11/29/2023,,-6.335,Lower
11/30/2023,,-6.942,Lower
12/1/2023,,-6.612,Lower
12/2/2023,,-5.634,Lower
12/3/2023,,-5.107,Lower
12/4/2023,,-4.721,Lower
12/5/2023,,-4.427,Lower
12/6/2023,,-4.179,Lower
12/7/2023,,-4.061,Lower
12/8/2023,,-3.787,Lower
12/9/2023,,-3.413,Lower
12/10/2023,,-3.047,Lower
12/11/2023,,-2.599,Lower
12/12/2023,,-2.263,Lower
12/13/2023,,-1.927,Lower
12/14/2023,,-1.628,Lower
12/15/2023,,-1.346,Lower
12/16/2023,,-0.994,Lower
12/17/2023,,-0.693,Lower
12/18/2023,,-0.298,Lower
12/19/2023,,0.187,Lower
12/20/2023,,0.521,Lower
12/21/2023,,0.768,Lower
12/22/2023,,1.042,Lower
12/23/2023,,1.251,Lower
12/24/2023,,1.471,Lower
12/25/2023,,1.671,Lower
12/26/2023,,1.889,Lower
12/27/2023,,2.226,Lower
12/28/2023,,2.486,Lower
12/29/2023,,2.725,Lower
12/30/2023,,3.112,Lower
12/31/2023,,3.372,Lower
1/1/2024,,3.595,Lower
1/2/2024,,3.813,Lower
1/3/2024,,4.106,Lower
1/4/2024,,4.25,Lower
1/5/2024,,4.474,Lower
1/6/2024,,4.718,Lower
1/7/2024,,5.017,Lower
1/8/2024,,5.164,Lower
1/9/2024,,5.36,Lower
1/10/2024,,5.649,Lower
1/11/2024,,5.918,Lower
1/12/2024,,6.043,Lower
1/13/2024,,6.246,Lower
1/14/2024,,6.613,Lower
1/15/2024,,6.792,Lower
1/16/2024,,7.051,Lower
1/17/2024,,7.345,Lower
1/18/2024,,7.452,Lower
1/19/2024,,7.741,Lower
1/20/2024,,8.067,Lower
1/21/2024,,8.251,Lower
1/22/2024,,8.59,Lower
1/23/2024,,8.709,Lower
1/24/2024,,8.916,Lower
1/25/2024,,9.053,Lower
1/26/2024,,9.178,Lower
1/27/2024,,9.326,Lower
1/28/2024,,9.524,Lower
1/29/2024,,9.802,Lower
1/30/2024,,10.04,Lower
1/31/2024,,10.337,Lower
2/1/2024,,10.789,Lower
2/2/2024,,10.924,Lower
2/3/2024,,11.074,Lower
2/4/2024,,11.227,Lower
2/5/2024,,11.751,Lower
2/6/2024,,11.757,Lower
2/7/2024,,11.971,Lower
2/8/2024,,12.185,Lower
2/9/2024,,12.219,Lower
2/10/2024,,12.377,Lower
2/11/2024,,12.493,Lower
2/12/2024,,12.702,Lower
2/13/2024,,12.544,Lower
2/14/2024,,12.027,Lower
2/15/2024,,12.686,Lower
2/16/2024,,13.011,Lower
2/17/2024,,13.305,Lower
2/18/2024,,13.692,Lower
2/19/2024,,14.042,Lower
2/20/2024,,14.188,Lower
2/21/2024,,14.364,Lower
2/22/2024,,14.479,Lower
2/23/2024,,14.699,Lower
2/24/2024,,14.901,Lower
2/25/2024,,15.11,Lower
2/26/2024,,15.339,Lower
2/27/2024,,15.449,Lower
2/28/2024,,15.499,Lower
2/29/2024,,15.568,Lower
3/1/2024,,15.628,Lower
3/2/2024,,15.908,Lower
3/3/2024,,16.098,Lower
3/4/2024,,16.068,Lower
3/5/2024,,13.618,Lower
3/6/2024,,14.481,Lower
3/7/2024,,15.018,Lower
3/8/2024,,15.313,Lower
3/9/2024,,15.558,Lower
3/10/2024,,15.896,Lower
3/11/2024,,16.193,Lower
3/12/2024,,16.485,Lower
3/13/2024,,16.71,Lower
3/14/2024,,16.943,Lower
