Date,base,Critical head + 50 feet,Critical head + 20 feet,Critical head,2015 water level scenario,Historical low scenario,Date_S,Measured Subsidence,Source
02/15/1935,0,0,0,0,0,0,02/15/1935,0,Leveling
03/01/1935,0.048016946,0.048016946,0.048016946,0.048016946,0.048016946,0.048016946,09/01/1940,0,Leveling
04/01/1935,0.091845855,0.091845855,0.091845855,0.091845855,0.091845855,0.091845855,06/01/1947,0,Leveling
05/01/1935,0.123052658,0.123052658,0.123052658,0.123052658,0.123052658,0.123052658,03/01/1954,0.036,Leveling
06/01/1935,0.154501579,0.154501579,0.154501579,0.154501579,0.154501579,0.154501579,04/01/1957,0.036,Leveling
07/01/1935,0.177853433,0.177853433,0.177853433,0.177853433,0.177853433,0.177853433,02/01/1958,0.036,Leveling
08/01/1935,0.200814763,0.200814763,0.200814763,0.200814763,0.200814763,0.200814763,01/15/1959,0.095,Leveling
09/01/1935,0.22632406,0.22632406,0.22632406,0.22632406,0.22632406,0.22632406,02/01/1960,0.095,Leveling
10/01/1935,0.241405519,0.241405519,0.241405519,0.241405519,0.241405519,0.241405519,05/08/2004,2,Leveling
11/01/1935,0.254589857,0.254589857,0.254589857,0.254589857,0.254589857,0.254589857,07/01/2004,2.007657049,InSAR
12/01/1935,0.281181776,0.281181776,0.281181776,0.281181776,0.281181776,0.281181776,08/01/2004,2.007328965,InSAR
01/01/1936,0.301801533,0.301801533,0.301801533,0.301801533,0.301801533,0.301801533,09/01/2004,2.008641301,InSAR
02/01/1936,0.322355369,0.322355369,0.322355369,0.322355369,0.322355369,0.322355369,10/01/2004,2.012250225,InSAR
03/01/1936,0.338444532,0.338444532,0.338444532,0.338444532,0.338444532,0.338444532,11/01/2004,2.016187233,InSAR
04/01/1936,0.349338979,0.349338979,0.349338979,0.349338979,0.349338979,0.349338979,12/01/2004,2.027342089,InSAR
05/01/1936,0.356042588,0.356042588,0.356042588,0.356042588,0.356042588,0.356042588,01/01/2005,2.037840777,InSAR
06/01/1936,0.365057952,0.365057952,0.365057952,0.365057952,0.365057952,0.365057952,02/01/2005,2.048011381,InSAR
07/01/1936,0.371656466,0.371656466,0.371656466,0.371656466,0.371656466,0.371656466,03/01/2005,2.048995633,InSAR
08/01/1936,0.377516427,0.377516427,0.377516427,0.377516427,0.377516427,0.377516427,04/01/2005,2.041121617,InSAR
09/01/1936,0.384041503,0.384041503,0.384041503,0.384041503,0.384041503,0.384041503,01/01/2006,2.066712169,InSAR
10/01/1936,0.389990503,0.389990503,0.389990503,0.389990503,0.389990503,0.389990503,02/01/2006,2.069008757,InSAR
11/01/1936,0.398496313,0.398496313,0.398496313,0.398496313,0.398496313,0.398496313,03/01/2006,2.074258101,InSAR
12/01/1936,0.402443386,0.402443386,0.402443386,0.402443386,0.402443386,0.402443386,04/01/2006,2.076882773,InSAR
01/01/1937,0.407856966,0.407856966,0.407856966,0.407856966,0.407856966,0.407856966,05/01/2006,2.078523193,InSAR
02/01/1937,0.413852221,0.413852221,0.413852221,0.413852221,0.413852221,0.413852221,06/01/2006,2.077867025,InSAR
03/01/1937,0.416584528,0.416584528,0.416584528,0.416584528,0.416584528,0.416584528,02/01/2007,2.128391961,InSAR
04/01/1937,0.419751519,0.419751519,0.419751519,0.419751519,0.419751519,0.419751519,03/01/2007,2.123142617,InSAR
05/01/1937,0.422365048,0.422365048,0.422365048,0.422365048,0.422365048,0.422365048,08/01/2007,2.144796161,InSAR
06/01/1937,0.424298764,0.424298764,0.424298764,0.424298764,0.424298764,0.424298764,09/01/2007,2.147420833,InSAR
07/01/1937,0.425666009,0.425666009,0.425666009,0.425666009,0.425666009,0.425666009,02/01/2008,2.187118997,InSAR
08/01/1937,0.427122914,0.427122914,0.427122914,0.427122914,0.427122914,0.427122914,03/01/2008,2.185150493,InSAR
09/01/1937,0.428382762,0.428382762,0.428382762,0.428382762,0.428382762,0.428382762,05/01/2009,2.254048133,InSAR
10/01/1937,0.429247664,0.429247664,0.429247664,0.429247664,0.429247664,0.429247664,06/01/2009,2.255688553,InSAR
11/01/1937,0.430399376,0.430399376,0.430399376,0.430399376,0.430399376,0.430399376,07/01/2009,2.255032385,InSAR
12/01/1937,0.431692776,0.431692776,0.431692776,0.431692776,0.431692776,0.431692776,08/01/2009,2.259625561,InSAR
01/01/1938,0.432724081,0.432724081,0.432724081,0.432724081,0.432724081,0.432724081,09/01/2009,2.266187241,InSAR
02/01/1938,0.433255114,0.433255114,0.433255114,0.433255114,0.433255114,0.433255114,10/01/2009,2.272092753,InSAR
03/01/1938,0.434017185,0.434017185,0.434017185,0.434017185,0.434017185,0.434017185,11/01/2009,2.280622937,InSAR
04/01/1938,0.434374209,0.434374209,0.434374209,0.434374209,0.434374209,0.434374209,12/01/2009,2.291121625,InSAR
05/01/1938,0.435255688,0.435255688,0.435255688,0.435255688,0.435255688,0.435255688,01/01/2010,2.310150497,InSAR
06/01/1938,0.435766552,0.435766552,0.435766552,0.435766552,0.435766552,0.435766552,02/01/2010,2.311134749,InSAR
07/01/1938,0.436398868,0.436398868,0.436398868,0.436398868,0.436398868,0.436398868,03/01/2010,2.314087505,InSAR
08/01/1938,0.436887257,0.436887257,0.436887257,0.436887257,0.436887257,0.436887257,04/01/2010,2.312119001,InSAR
09/01/1938,0.437578309,0.437578309,0.437578309,0.437578309,0.437578309,0.437578309,05/01/2010,2.309494329,InSAR
10/01/1938,0.437958841,0.437958841,0.437958841,0.437958841,0.437958841,0.437958841,06/01/2010,2.312775169,InSAR
11/01/1938,0.43856009,0.43856009,0.43856009,0.43856009,0.43856009,0.43856009,02/12/2015,2.532133824,InSAR
12/01/1938,0.439426738,0.439426738,0.439426738,0.439426738,0.439426738,0.439426738,02/18/2015,2.539351672,InSAR
01/01/1939,0.440336378,0.440336378,0.440336378,0.440336378,0.440336378,0.440336378,02/23/2015,2.545257184,InSAR
02/01/1939,0.442401426,0.442401426,0.442401426,0.442401426,0.442401426,0.442401426,03/01/2015,2.552475032,InSAR
03/01/1939,0.444865689,0.444865689,0.444865689,0.444865689,0.444865689,0.444865689,03/07/2015,2.55969288,InSAR
04/01/1939,0.44589085,0.44589085,0.44589085,0.44589085,0.44589085,0.44589085,03/13/2015,2.552803116,InSAR
05/01/1939,0.447411283,0.447411283,0.447411283,0.447411283,0.447411283,0.447411283,03/20/2015,2.54164826,InSAR
06/01/1939,0.449037713,0.449037713,0.449037713,0.449037713,0.449037713,0.449037713,03/26/2015,2.542499043,InSAR
07/01/1939,0.450599155,0.450599155,0.450599155,0.450599155,0.450599155,0.450599155,04/01/2015,2.532984607,InSAR
08/01/1939,0.452405902,0.452405902,0.452405902,0.452405902,0.452405902,0.452405902,04/07/2015,2.536921615,InSAR
09/01/1939,0.455944164,0.455944164,0.455944164,0.455944164,0.455944164,0.455944164,04/13/2015,2.540858623,InSAR
10/01/1939,0.45687322,0.45687322,0.45687322,0.45687322,0.45687322,0.45687322,04/19/2015,2.545123715,InSAR
11/01/1939,0.458029387,0.458029387,0.458029387,0.458029387,0.458029387,0.458029387,04/25/2015,2.549060723,InSAR
12/01/1939,0.458516377,0.458516377,0.458516377,0.458516377,0.458516377,0.458516377,05/01/2015,2.554310067,InSAR
01/01/1940,0.459535457,0.459535457,0.459535457,0.459535457,0.459535457,0.459535457,05/07/2015,2.559887495,InSAR
02/01/1940,0.460796262,0.460796262,0.460796262,0.460796262,0.460796262,0.460796262,05/13/2015,2.565136839,InSAR
03/01/1940,0.461396403,0.461396403,0.461396403,0.461396403,0.461396403,0.461396403,05/20/2015,2.570058099,InSAR
04/01/1940,0.462321727,0.462321727,0.462321727,0.462321727,0.462321727,0.462321727,05/26/2015,2.565793007,InSAR
05/01/1940,0.463610698,0.463610698,0.463610698,0.463610698,0.463610698,0.463610698,06/01/2015,2.561527915,InSAR
06/01/1940,0.463614387,0.463614387,0.463614387,0.463614387,0.463614387,0.463614387,06/07/2015,2.557262823,InSAR
07/01/1940,0.464521894,0.464521894,0.464521894,0.464521894,0.464521894,0.464521894,06/13/2015,2.552013479,InSAR
08/01/1940,0.465547615,0.465547615,0.465547615,0.465547615,0.465547615,0.465547615,06/19/2015,2.545451799,InSAR
09/01/1940,0.466588505,0.466588505,0.466588505,0.466588505,0.466588505,0.466588505,06/25/2015,2.536921615,InSAR
10/01/1940,0.467446529,0.467446529,0.467446529,0.467446529,0.467446529,0.467446529,07/01/2015,2.528391431,InSAR
11/01/1940,0.468842771,0.468842771,0.468842771,0.468842771,0.468842771,0.468842771,07/07/2015,2.522485919,InSAR
12/01/1940,0.469253041,0.469253041,0.469253041,0.469253041,0.469253041,0.469253041,07/13/2015,2.529703767,InSAR
01/01/1941,0.469769658,0.469769658,0.469769658,0.469769658,0.469769658,0.469769658,07/20/2015,2.539218203,InSAR
02/01/1941,0.469819878,0.469819878,0.469819878,0.469819878,0.469819878,0.469819878,07/26/2015,2.548732639,InSAR
03/01/1941,0.470222874,0.470222874,0.470222874,0.470222874,0.470222874,0.470222874,08/01/2015,2.556606655,InSAR
04/01/1941,0.470549015,0.470549015,0.470549015,0.470549015,0.470549015,0.470549015,08/07/2015,2.558903243,InSAR
05/01/1941,0.470825704,0.470825704,0.470825704,0.470825704,0.470825704,0.470825704,08/13/2015,2.562840251,InSAR
06/01/1941,0.471383069,0.471383069,0.471383069,0.471383069,0.471383069,0.471383069,08/20/2015,2.563496419,InSAR
07/01/1941,0.472042305,0.472042305,0.472042305,0.472042305,0.472042305,0.472042305,08/26/2015,2.562840251,InSAR
08/01/1941,0.472084586,0.472084586,0.472084586,0.472084586,0.472084586,0.472084586,09/01/2015,2.562512167,InSAR
09/01/1941,0.472430312,0.472430312,0.472430312,0.472430312,0.472430312,0.472430312,09/07/2015,2.560871747,InSAR
10/01/1941,0.472362333,0.472362333,0.472362333,0.472362333,0.472362333,0.472362333,09/13/2015,2.558575159,InSAR
11/01/1941,0.473341185,0.473341185,0.473341185,0.473341185,0.473341185,0.473341185,09/19/2015,2.557918991,InSAR
12/01/1941,0.473254026,0.473254026,0.473254026,0.473254026,0.473254026,0.473254026,09/25/2015,2.561527915,InSAR
01/01/1942,0.473578663,0.473578663,0.473578663,0.473578663,0.473578663,0.473578663,10/01/2015,2.561855999,InSAR
02/01/1942,0.473622439,0.473622439,0.473622439,0.473622439,0.473622439,0.473622439,10/07/2015,2.562840251,InSAR
03/01/1942,0.4741227,0.4741227,0.4741227,0.4741227,0.4741227,0.4741227,10/13/2015,2.565136839,InSAR
04/01/1942,0.474415491,0.474415491,0.474415491,0.474415491,0.474415491,0.474415491,10/20/2015,2.567433427,InSAR
05/01/1942,0.47501624,0.47501624,0.47501624,0.47501624,0.47501624,0.47501624,10/26/2015,2.572682771,InSAR
06/01/1942,0.475232733,0.475232733,0.475232733,0.475232733,0.475232733,0.475232733,11/01/2015,2.576947863,InSAR
07/01/1942,0.47515308,0.47515308,0.47515308,0.47515308,0.47515308,0.47515308,11/07/2015,2.579244451,InSAR
08/01/1942,0.47549526,0.47549526,0.47549526,0.47549526,0.47549526,0.47549526,11/13/2015,2.581869123,InSAR
09/01/1942,0.475946136,0.475946136,0.475946136,0.475946136,0.475946136,0.475946136,11/19/2015,2.589086971,InSAR
10/01/1942,0.476809743,0.476809743,0.476809743,0.476809743,0.476809743,0.476809743,11/25/2015,2.596632903,InSAR
11/01/1942,0.476992681,0.476992681,0.476992681,0.476992681,0.476992681,0.476992681,12/01/2015,2.600897995,InSAR
12/01/1942,0.477475957,0.477475957,0.477475957,0.477475957,0.477475957,0.477475957,12/07/2015,2.605163087,InSAR
01/01/1943,0.478358107,0.478358107,0.478358107,0.478358107,0.478358107,0.478358107,12/13/2015,2.606147339,InSAR
02/01/1943,0.478856996,0.478856996,0.478856996,0.478856996,0.478856996,0.478856996,12/20/2015,2.608115843,InSAR
03/01/1943,0.479682259,0.479682259,0.479682259,0.479682259,0.479682259,0.479682259,12/26/2015,2.610740515,InSAR
04/01/1943,0.479968895,0.479968895,0.479968895,0.479968895,0.479968895,0.479968895,01/01/2016,2.619926867,InSAR
05/01/1943,0.480696882,0.480696882,0.480696882,0.480696882,0.480696882,0.480696882,01/07/2016,2.627144715,InSAR
06/01/1943,0.481501328,0.481501328,0.481501328,0.481501328,0.481501328,0.481501328,01/13/2016,2.637315319,InSAR
07/01/1943,0.482122902,0.482122902,0.482122902,0.482122902,0.482122902,0.482122902,01/20/2016,2.640596159,InSAR
08/01/1943,0.482782784,0.482782784,0.482782784,0.482782784,0.482782784,0.482782784,01/26/2016,2.646501671,InSAR
09/01/1943,0.483284453,0.483284453,0.483284453,0.483284453,0.483284453,0.483284453,02/01/2016,2.650110595,InSAR
10/01/1943,0.484323146,0.484323146,0.484323146,0.484323146,0.484323146,0.484323146,02/07/2016,2.652735267,InSAR
11/01/1943,0.485014915,0.485014915,0.485014915,0.485014915,0.485014915,0.485014915,02/13/2016,2.654375687,InSAR
12/01/1943,0.485576766,0.485576766,0.485576766,0.485576766,0.485576766,0.485576766,02/18/2016,2.656672275,InSAR
01/01/1944,0.486093406,0.486093406,0.486093406,0.486093406,0.486093406,0.486093406,02/24/2016,2.656672275,InSAR
02/01/1944,0.487288076,0.487288076,0.487288076,0.487288076,0.487288076,0.487288076,03/01/2016,2.651422931,InSAR
03/01/1944,0.488315286,0.488315286,0.488315286,0.488315286,0.488315286,0.488315286,03/07/2016,2.649782511,InSAR
04/01/1944,0.489997125,0.489997125,0.489997125,0.489997125,0.489997125,0.489997125,03/13/2016,2.651422931,InSAR
05/01/1944,0.491436708,0.491436708,0.491436708,0.491436708,0.491436708,0.491436708,03/20/2016,2.653719519,InSAR
06/01/1944,0.492709977,0.492709977,0.492709977,0.492709977,0.492709977,0.492709977,03/26/2016,2.658640779,InSAR
07/01/1944,0.493225142,0.493225142,0.493225142,0.493225142,0.493225142,0.493225142,04/01/2016,2.662249703,InSAR
08/01/1944,0.494977377,0.494977377,0.494977377,0.494977377,0.494977377,0.494977377,04/07/2016,2.664546291,InSAR
09/01/1944,0.495966209,0.495966209,0.495966209,0.495966209,0.495966209,0.495966209,04/13/2016,2.665858627,InSAR
10/01/1944,0.49718957,0.49718957,0.49718957,0.49718957,0.49718957,0.49718957,04/19/2016,2.668155215,InSAR
11/01/1944,0.498415159,0.498415159,0.498415159,0.498415159,0.498415159,0.498415159,04/25/2016,2.669795635,InSAR
12/01/1944,0.500253965,0.500253965,0.500253965,0.500253965,0.500253965,0.500253965,05/01/2016,2.671107971,InSAR
01/01/1945,0.500990551,0.500990551,0.500990551,0.500990551,0.500990551,0.500990551,05/07/2016,2.669139467,InSAR
02/01/1945,0.501969526,0.501969526,0.501969526,0.501969526,0.501969526,0.501969526,05/13/2016,2.666842879,InSAR
03/01/1945,0.502744587,0.502744587,0.502744587,0.502744587,0.502744587,0.502744587,05/20/2016,2.672092223,InSAR
04/01/1945,0.504041895,0.504041895,0.504041895,0.504041895,0.504041895,0.504041895,05/26/2016,2.676029231,InSAR
05/01/1945,0.504583446,0.504583446,0.504583446,0.504583446,0.504583446,0.504583446,06/01/2016,2.674716895,InSAR
06/01/1945,0.506251626,0.506251626,0.506251626,0.506251626,0.506251626,0.506251626,06/07/2016,2.674716895,InSAR
07/01/1945,0.507699539,0.507699539,0.507699539,0.507699539,0.507699539,0.507699539,06/13/2016,2.675373063,InSAR
08/01/1945,0.509623616,0.509623616,0.509623616,0.509623616,0.509623616,0.509623616,06/19/2016,2.674388811,InSAR
09/01/1945,0.510499483,0.510499483,0.510499483,0.510499483,0.510499483,0.510499483,06/25/2016,2.672748391,InSAR
10/01/1945,0.511190752,0.511190752,0.511190752,0.511190752,0.511190752,0.511190752,07/01/2016,2.673404559,InSAR
11/01/1945,0.511991546,0.511991546,0.511991546,0.511991546,0.511991546,0.511991546,07/07/2016,2.676357315,InSAR
12/01/1945,0.513952513,0.513952513,0.513952513,0.513952513,0.513952513,0.513952513,07/13/2016,2.678325819,InSAR
01/01/1946,0.514880689,0.514880689,0.514880689,0.514880689,0.514880689,0.514880689,07/20/2016,2.679310071,InSAR
02/01/1946,0.514868887,0.514868887,0.514868887,0.514868887,0.514868887,0.514868887,07/26/2016,2.681278575,InSAR
03/01/1946,0.515912873,0.515912873,0.515912873,0.515912873,0.515912873,0.515912873,08/01/2016,2.684231331,InSAR
04/01/1946,0.51648953,0.51648953,0.51648953,0.51648953,0.51648953,0.51648953,08/07/2016,2.688496423,InSAR
05/01/1946,0.517311974,0.517311974,0.517311974,0.517311974,0.517311974,0.517311974,08/13/2016,2.690793011,InSAR
06/01/1946,0.518489867,0.518489867,0.518489867,0.518489867,0.518489867,0.518489867,08/20/2016,2.696698523,InSAR
07/01/1946,0.518915338,0.518915338,0.518915338,0.518915338,0.518915338,0.518915338,08/26/2016,2.695058103,InSAR
08/01/1946,0.518783093,0.518783093,0.518783093,0.518783093,0.518783093,0.518783093,09/01/2016,2.698667027,InSAR
09/01/1946,0.519558232,0.519558232,0.519558232,0.519558232,0.519558232,0.519558232,09/07/2016,2.701291699,InSAR
10/01/1946,0.52011095,0.52011095,0.52011095,0.52011095,0.52011095,0.52011095,09/13/2016,2.702932119,InSAR
11/01/1946,0.520938353,0.520938353,0.520938353,0.520938353,0.520938353,0.520938353,09/19/2016,2.702604035,InSAR
12/01/1946,0.52186725,0.52186725,0.52186725,0.52186725,0.52186725,0.52186725,09/25/2016,2.704572539,InSAR
01/01/1947,0.52241166,0.52241166,0.52241166,0.52241166,0.52241166,0.52241166,10/01/2016,2.704244455,InSAR
02/01/1947,0.522748999,0.522748999,0.522748999,0.522748999,0.522748999,0.522748999,10/07/2016,2.703260203,InSAR
03/01/1947,0.523546861,0.523546861,0.523546861,0.523546861,0.523546861,0.523546861,10/13/2016,2.704900623,InSAR
04/01/1947,0.524216354,0.524216354,0.524216354,0.524216354,0.524216354,0.524216354,10/20/2016,2.712774639,InSAR
05/01/1947,0.524514794,0.524514794,0.524514794,0.524514794,0.524514794,0.524514794,10/26/2016,2.726554167,InSAR
06/01/1947,0.52545662,0.52545662,0.52545662,0.52545662,0.52545662,0.52545662,11/01/2016,2.733115847,InSAR
07/01/1947,0.525926207,0.525926207,0.525926207,0.525926207,0.525926207,0.525926207,11/07/2016,2.734756267,InSAR
08/01/1947,0.526132615,0.526132615,0.526132615,0.526132615,0.526132615,0.526132615,11/13/2016,2.736068603,InSAR
09/01/1947,0.526548531,0.526548531,0.526548531,0.526548531,0.526548531,0.526548531,11/19/2016,2.736396687,InSAR
10/01/1947,0.527089312,0.527089312,0.527089312,0.527089312,0.527089312,0.527089312,11/25/2016,2.739677527,InSAR
11/01/1947,0.527397038,0.527397038,0.527397038,0.527397038,0.527397038,0.527397038,12/01/2016,2.744598787,InSAR
12/01/1947,0.527839394,0.527839394,0.527839394,0.527839394,0.527839394,0.527839394,12/07/2016,2.750832383,InSAR
01/01/1948,0.528552225,0.528552225,0.528552225,0.528552225,0.528552225,0.528552225,12/13/2016,2.758378315,InSAR
02/01/1948,0.528356003,0.528356003,0.528356003,0.528356003,0.528356003,0.528356003,12/20/2016,2.761331071,InSAR
03/01/1948,0.529220328,0.529220328,0.529220328,0.529220328,0.529220328,0.529220328,12/26/2016,2.760346819,InSAR
04/01/1948,0.529868517,0.529868517,0.529868517,0.529868517,0.529868517,0.529868517,01/01/2017,2.767892751,InSAR
05/01/1948,0.530160979,0.530160979,0.530160979,0.530160979,0.530160979,0.530160979,01/07/2017,2.773142095,InSAR
06/01/1948,0.530871352,0.530871352,0.530871352,0.530871352,0.530871352,0.530871352,01/13/2017,2.772157843,InSAR
07/01/1948,0.530988941,0.530988941,0.530988941,0.530988941,0.530988941,0.530988941,01/20/2017,2.785281203,InSAR
08/01/1948,0.531291466,0.531291466,0.531291466,0.531291466,0.531291466,0.531291466,01/26/2017,2.788233959,InSAR
09/01/1948,0.531543181,0.531543181,0.531543181,0.531543181,0.531543181,0.531543181,02/01/2017,2.807262831,InSAR
10/01/1948,0.532128932,0.532128932,0.532128932,0.532128932,0.532128932,0.532128932,02/07/2017,2.803981991,InSAR
11/01/1948,0.532500334,0.532500334,0.532500334,0.532500334,0.532500334,0.532500334,02/12/2017,2.804310075,InSAR
12/01/1948,0.532969245,0.532969245,0.532969245,0.532969245,0.532969245,0.532969245,02/18/2017,2.802997739,InSAR
01/01/1949,0.533373707,0.533373707,0.533373707,0.533373707,0.533373707,0.533373707,02/23/2017,2.808903251,InSAR
02/01/1949,0.533891137,0.533891137,0.533891137,0.533891137,0.533891137,0.533891137,03/01/2017,2.815136847,InSAR
03/01/1949,0.534555938,0.534555938,0.534555938,0.534555938,0.534555938,0.534555938,03/07/2017,2.810543671,InSAR
04/01/1949,0.536797788,0.536797788,0.536797788,0.536797788,0.536797788,0.536797788,03/13/2017,2.815793015,InSAR
05/01/1949,0.538189459,0.538189459,0.538189459,0.538189459,0.538189459,0.538189459,03/20/2017,2.824323199,InSAR
06/01/1949,0.538397836,0.538397836,0.538397836,0.538397836,0.538397836,0.538397836,03/26/2017,2.826619787,InSAR
07/01/1949,0.538480103,0.538480103,0.538480103,0.538480103,0.538480103,0.538480103,04/01/2017,2.817433435,InSAR
08/01/1949,0.538651407,0.538651407,0.538651407,0.538651407,0.538651407,0.538651407,04/07/2017,2.812184091,InSAR
09/01/1949,0.538925041,0.538925041,0.538925041,0.538925041,0.538925041,0.538925041,04/13/2017,2.818417687,InSAR
10/01/1949,0.539473502,0.539473502,0.539473502,0.539473502,0.539473502,0.539473502,04/19/2017,2.821042359,InSAR
11/01/1949,0.53996673,0.53996673,0.53996673,0.53996673,0.53996673,0.53996673,04/25/2017,2.822682779,InSAR
12/01/1949,0.540321286,0.540321286,0.540321286,0.540321286,0.540321286,0.540321286,05/01/2017,2.829572543,InSAR
01/01/1950,0.540818997,0.540818997,0.540818997,0.540818997,0.540818997,0.540818997,05/07/2017,2.833837635,InSAR
02/01/1950,0.541337026,0.541337026,0.541337026,0.541337026,0.541337026,0.541337026,05/13/2017,2.832525299,InSAR
03/01/1950,0.541935285,0.541935285,0.541935285,0.541935285,0.541935285,0.541935285,05/20/2017,2.827932123,InSAR
04/01/1950,0.542398866,0.542398866,0.542398866,0.542398866,0.542398866,0.542398866,05/26/2017,2.823338947,InSAR
05/01/1950,0.542815779,0.542815779,0.542815779,0.542815779,0.542815779,0.542815779,06/01/2017,2.818417687,InSAR
06/01/1950,0.543650001,0.543650001,0.543650001,0.543650001,0.543650001,0.543650001,06/07/2017,2.816449183,InSAR
07/01/1950,0.544688154,0.544688154,0.544688154,0.544688154,0.544688154,0.544688154,06/13/2017,2.816449183,InSAR
08/01/1950,0.545703105,0.545703105,0.545703105,0.545703105,0.545703105,0.545703105,06/19/2017,2.820714275,InSAR
09/01/1950,0.546502466,0.546502466,0.546502466,0.546502466,0.546502466,0.546502466,06/25/2017,2.825307451,InSAR
10/01/1950,0.547705305,0.547705305,0.547705305,0.547705305,0.547705305,0.547705305,07/01/2017,2.829572543,InSAR
11/01/1950,0.548275713,0.548275713,0.548275713,0.548275713,0.548275713,0.548275713,07/07/2017,2.833181467,InSAR
12/01/1950,0.548905756,0.548905756,0.548905756,0.548905756,0.548905756,0.548905756,07/13/2017,2.834493803,InSAR
01/01/1951,0.550433775,0.550433775,0.550433775,0.550433775,0.550433775,0.550433775,07/20/2017,2.832197215,InSAR
02/01/1951,0.550761923,0.550761923,0.550761923,0.550761923,0.550761923,0.550761923,07/26/2017,2.831869131,InSAR
03/01/1951,0.551109582,0.551109582,0.551109582,0.551109582,0.551109582,0.551109582,08/01/2017,2.832853383,InSAR
04/01/1951,0.551137824,0.551137824,0.551137824,0.551137824,0.551137824,0.551137824,08/07/2017,2.834821887,InSAR
05/01/1951,0.551348437,0.551348437,0.551348437,0.551348437,0.551348437,0.551348437,08/13/2017,2.841711651,InSAR
06/01/1951,0.55213686,0.55213686,0.55213686,0.55213686,0.55213686,0.55213686,08/20/2017,2.847945247,InSAR
07/01/1951,0.552457607,0.552457607,0.552457607,0.552457607,0.552457607,0.552457607,08/26/2017,2.843352071,InSAR
08/01/1951,0.552751762,0.552751762,0.552751762,0.552751762,0.552751762,0.552751762,09/01/2017,2.835806139,InSAR
09/01/1951,0.55335725,0.55335725,0.55335725,0.55335725,0.55335725,0.55335725,09/07/2017,2.834493803,InSAR
10/01/1951,0.553892994,0.553892994,0.553892994,0.553892994,0.553892994,0.553892994,09/13/2017,2.837446559,InSAR
11/01/1951,0.555065971,0.555065971,0.555065971,0.555065971,0.555065971,0.555065971,09/19/2017,2.835478055,InSAR
12/01/1951,0.556213628,0.556213628,0.556213628,0.556213628,0.556213628,0.556213628,09/25/2017,2.825963619,InSAR
01/01/1952,0.557357234,0.557357234,0.557357234,0.557357234,0.557357234,0.557357234,10/01/2017,2.817761519,InSAR
02/01/1952,0.557629157,0.557629157,0.557629157,0.557629157,0.557629157,0.557629157,10/07/2017,2.822026611,InSAR
03/01/1952,0.557793996,0.557793996,0.557793996,0.557793996,0.557793996,0.557793996,10/13/2017,2.831212963,InSAR
04/01/1952,0.558024571,0.558024571,0.558024571,0.558024571,0.558024571,0.558024571,10/20/2017,2.845648659,InSAR
05/01/1952,0.558021353,0.558021353,0.558021353,0.558021353,0.558021353,0.558021353,10/26/2017,2.854178843,InSAR
06/01/1952,0.558147852,0.558147852,0.558147852,0.558147852,0.558147852,0.558147852,11/01/2017,2.863037111,InSAR
07/01/1952,0.558321016,0.558321016,0.558321016,0.558321016,0.558321016,0.558321016,11/07/2017,2.868286455,InSAR
08/01/1952,0.558430814,0.558430814,0.558430814,0.558430814,0.558430814,0.558430814,11/13/2017,2.873535799,InSAR
09/01/1952,0.558242237,0.558242237,0.558242237,0.558242237,0.558242237,0.558242237,11/19/2017,2.875832387,InSAR
10/01/1952,0.557530481,0.557530481,0.557530481,0.557530481,0.557530481,0.557530481,11/25/2017,2.873207715,InSAR
11/01/1952,0.557544333,0.557544333,0.557544333,0.557544333,0.557544333,0.557544333,12/01/2017,2.869270707,InSAR
12/01/1952,0.55740135,0.55740135,0.55740135,0.55740135,0.55740135,0.55740135,12/07/2017,2.868942623,InSAR
01/01/1953,0.557992314,0.557992314,0.557992314,0.557992314,0.557992314,0.557992314,12/13/2017,2.874520051,InSAR
02/01/1953,0.557819972,0.557819972,0.557819972,0.557819972,0.557819972,0.557819972,12/20/2017,2.884034487,InSAR
03/01/1953,0.557872366,0.557872366,0.557872366,0.557872366,0.557872366,0.557872366,12/26/2017,2.892236587,InSAR
04/01/1953,0.557823287,0.557823287,0.557823287,0.557823287,0.557823287,0.557823287,01/01/2018,2.894533175,InSAR
05/01/1953,0.558028003,0.558028003,0.558028003,0.558028003,0.558028003,0.558028003,01/07/2018,2.898142099,InSAR
06/01/1953,0.557799329,0.557799329,0.557799329,0.557799329,0.557799329,0.557799329,01/13/2018,2.898798267,InSAR
07/01/1953,0.557966729,0.557966729,0.557966729,0.557966729,0.557966729,0.557966729,01/20/2018,2.907984619,InSAR
08/01/1953,0.558415029,0.558415029,0.558415029,0.558415029,0.558415029,0.558415029,01/26/2018,2.916186719,InSAR
09/01/1953,0.557749997,0.557749997,0.557749997,0.557749997,0.557749997,0.557749997,02/01/2018,2.915530551,InSAR
10/01/1953,0.557974074,0.557974074,0.557974074,0.557974074,0.557974074,0.557974074,02/07/2018,2.911593543,InSAR
11/01/1953,0.558254401,0.558254401,0.558254401,0.558254401,0.558254401,0.558254401,02/12/2018,2.909625039,InSAR
12/01/1953,0.558598279,0.558598279,0.558598279,0.558598279,0.558598279,0.558598279,02/18/2018,2.907000367,InSAR
01/01/1954,0.558925045,0.558925045,0.558925045,0.558925045,0.558925045,0.558925045,02/23/2018,2.907328451,InSAR
02/01/1954,0.559636645,0.559636645,0.559636645,0.559636645,0.559636645,0.559636645,03/01/2018,2.908312703,InSAR
03/01/1954,0.559801047,0.559801047,0.559801047,0.559801047,0.559801047,0.559801047,03/07/2018,2.909296955,InSAR
04/01/1954,0.560695445,0.560695445,0.560695445,0.560695445,0.560695445,0.560695445,03/13/2018,2.910937375,InSAR
05/01/1954,0.561895124,0.561895124,0.561895124,0.561895124,0.561895124,0.561895124,03/20/2018,2.913233963,InSAR
06/01/1954,0.562972634,0.562972634,0.562972634,0.562972634,0.562972634,0.562972634,03/26/2018,2.914874383,InSAR
07/01/1954,0.563747658,0.563747658,0.563747658,0.563747658,0.563747658,0.563747658,04/01/2018,2.921107979,InSAR
08/01/1954,0.56422883,0.56422883,0.56422883,0.56422883,0.56422883,0.56422883,04/07/2018,2.926685407,InSAR
09/01/1954,0.565201706,0.565201706,0.565201706,0.565201706,0.565201706,0.565201706,04/13/2018,2.925373071,InSAR
10/01/1954,0.565693166,0.565693166,0.565693166,0.565693166,0.565693166,0.565693166,04/19/2018,2.922092231,InSAR
11/01/1954,0.566287464,0.566287464,0.566287464,0.566287464,0.566287464,0.566287464,04/25/2018,2.920451811,InSAR
12/01/1954,0.56674009,0.56674009,0.56674009,0.56674009,0.56674009,0.56674009,05/01/2018,2.917827139,InSAR
01/01/1955,0.567115333,0.567115333,0.567115333,0.567115333,0.567115333,0.567115333,05/07/2018,2.919139475,InSAR
02/01/1955,0.567466428,0.567466428,0.567466428,0.567466428,0.567466428,0.567466428,05/13/2018,2.920123727,InSAR
03/01/1955,0.568196062,0.568196062,0.568196062,0.568196062,0.568196062,0.568196062,05/20/2018,2.914218215,InSAR
04/01/1955,0.568608546,0.568608546,0.568608546,0.568608546,0.568608546,0.568608546,05/26/2018,2.905031863,InSAR
05/01/1955,0.569061031,0.569061031,0.569061031,0.569061031,0.569061031,0.569061031,06/01/2018,2.900110603,InSAR
06/01/1955,0.56937647,0.56937647,0.56937647,0.56937647,0.56937647,0.56937647,06/07/2018,2.899782519,InSAR
07/01/1955,0.569126891,0.569126891,0.569126891,0.569126891,0.569126891,0.569126891,06/13/2018,2.903719527,InSAR
08/01/1955,0.56934239,0.56934239,0.56934239,0.56934239,0.56934239,0.56934239,06/19/2018,2.907984619,InSAR
09/01/1955,0.569401452,0.569401452,0.569401452,0.569401452,0.569401452,0.569401452,06/25/2018,2.909953123,InSAR
10/01/1955,0.569338591,0.569338591,0.569338591,0.569338591,0.569338591,0.569338591,07/01/2018,2.910937375,InSAR
11/01/1955,0.569944601,0.569944601,0.569944601,0.569944601,0.569944601,0.569944601,07/07/2018,2.909953123,InSAR
12/01/1955,0.56999034,0.56999034,0.56999034,0.56999034,0.56999034,0.56999034,07/13/2018,2.910281207,InSAR
01/01/1956,0.56958515,0.56958515,0.56958515,0.56958515,0.56958515,0.56958515,07/20/2018,2.916186719,InSAR
02/01/1956,0.56944899,0.56944899,0.56944899,0.56944899,0.56944899,0.56944899,07/26/2018,2.919467559,InSAR
03/01/1956,0.569239578,0.569239578,0.569239578,0.569239578,0.569239578,0.569239578,08/01/2018,2.923076483,InSAR
04/01/1956,0.569156691,0.569156691,0.569156691,0.569156691,0.569156691,0.569156691,08/07/2018,2.929310079,InSAR
05/01/1956,0.569417456,0.569417456,0.569417456,0.569417456,0.569417456,0.569417456,08/13/2018,2.930294331,InSAR
06/01/1956,0.569375546,0.569375546,0.569375546,0.569375546,0.569375546,0.569375546,08/20/2018,2.919467559,InSAR
07/01/1956,0.569166655,0.569166655,0.569166655,0.569166655,0.569166655,0.569166655,08/26/2018,2.918483307,InSAR
08/01/1956,0.569089488,0.569089488,0.569089488,0.569089488,0.569089488,0.569089488,09/01/2018,2.920123727,InSAR
09/01/1956,0.568876454,0.568876454,0.568876454,0.568876454,0.568876454,0.568876454,09/07/2018,2.921107979,InSAR
10/01/1956,0.568493487,0.568493487,0.568493487,0.568493487,0.568493487,0.568493487,09/13/2018,2.927997743,InSAR
11/01/1956,0.568400037,0.568400037,0.568400037,0.568400037,0.568400037,0.568400037,09/19/2018,2.941449187,InSAR
12/01/1956,0.567979505,0.567979505,0.567979505,0.567979505,0.567979505,0.567979505,09/25/2018,2.947026615,InSAR
01/01/1957,0.568321286,0.568321286,0.568321286,0.568321286,0.568321286,0.568321286,10/01/2018,2.934559423,InSAR
02/01/1957,0.569145093,0.569145093,0.569145093,0.569145093,0.569145093,0.569145093,10/07/2018,2.924716903,InSAR
03/01/1957,0.569751855,0.569751855,0.569751855,0.569751855,0.569751855,0.569751855,10/13/2018,2.932590919,InSAR
04/01/1957,0.570162374,0.570162374,0.570162374,0.570162374,0.570162374,0.570162374,10/20/2018,2.938496431,InSAR
05/01/1957,0.570508651,0.570508651,0.570508651,0.570508651,0.570508651,0.570508651,10/26/2018,2.941449187,InSAR
06/01/1957,0.570511678,0.570511678,0.570511678,0.570511678,0.570511678,0.570511678,11/01/2018,2.946370447,InSAR
07/01/1957,0.570759493,0.570759493,0.570759493,0.570759493,0.570759493,0.570759493,11/07/2018,2.948338951,InSAR
08/01/1957,0.57093891,0.57093891,0.57093891,0.57093891,0.57093891,0.57093891,11/13/2018,2.948995119,InSAR
09/01/1957,0.57096085,0.57096085,0.57096085,0.57096085,0.57096085,0.57096085,11/19/2018,2.946370447,InSAR
10/01/1957,0.571304327,0.571304327,0.571304327,0.571304327,0.571304327,0.571304327,11/25/2018,2.943089607,InSAR
11/01/1957,0.571229639,0.571229639,0.571229639,0.571229639,0.571229639,0.571229639,12/01/2018,2.949651287,InSAR
12/01/1957,0.570961077,0.570961077,0.570961077,0.570961077,0.570961077,0.570961077,12/07/2018,2.954244463,InSAR
01/01/1958,0.570871324,0.570871324,0.570871324,0.570871324,0.570871324,0.570871324,12/13/2018,2.954572547,InSAR
02/01/1958,0.571171391,0.571171391,0.571171391,0.571171391,0.571171391,0.571171391,12/20/2018,2.955556799,InSAR
03/01/1958,0.570931288,0.570931288,0.570931288,0.570931288,0.570931288,0.570931288,12/26/2018,2.954572547,InSAR
04/01/1958,0.570826115,0.570826115,0.570826115,0.570826115,0.570826115,0.570826115,01/01/2019,2.958509555,InSAR
05/01/1958,0.570914025,0.570914025,0.570914025,0.570914025,0.570914025,0.570914025,01/07/2019,2.971304831,InSAR
06/01/1958,0.570772418,0.570772418,0.570772418,0.570772418,0.570772418,0.570772418,01/13/2019,2.980491183,InSAR
07/01/1958,0.570847058,0.570847058,0.570847058,0.570847058,0.570847058,0.570847058,01/20/2019,2.984100107,InSAR
08/01/1958,0.570693195,0.570693195,0.570693195,0.570693195,0.570693195,0.570693195,01/26/2019,2.983772023,InSAR
09/01/1958,0.569970236,0.569970236,0.569970236,0.569970236,0.569970236,0.569970236,02/01/2019,2.986724779,InSAR
10/01/1958,0.56936802,0.56936802,0.56936802,0.56936802,0.56936802,0.56936802,02/07/2019,2.985084359,InSAR
11/01/1958,0.568974458,0.568974458,0.568974458,0.568974458,0.568974458,0.568974458,02/12/2019,2.977210343,InSAR
12/01/1958,0.568951371,0.568951371,0.568951371,0.568951371,0.568951371,0.568951371,02/18/2019,2.979178847,InSAR
01/01/1959,0.568707587,0.568707587,0.568707587,0.568707587,0.568707587,0.568707587,02/23/2019,2.992302207,InSAR
02/01/1959,0.568856823,0.568856823,0.568856823,0.568856823,0.568856823,0.568856823,03/01/2019,3.001488559,InSAR
03/01/1959,0.568804735,0.568804735,0.568804735,0.568804735,0.568804735,0.568804735,03/07/2019,3.001488559,InSAR
04/01/1959,0.569308468,0.569308468,0.569308468,0.569308468,0.569308468,0.569308468,03/13/2019,3.009690659,InSAR
05/01/1959,0.569674541,0.569674541,0.569674541,0.569674541,0.569674541,0.569674541,03/20/2019,3.022485935,InSAR
06/01/1959,0.570562548,0.570562548,0.570562548,0.570562548,0.570562548,0.570562548,03/26/2019,3.030359951,InSAR
07/01/1959,0.570757107,0.570757107,0.570757107,0.570757107,0.570757107,0.570757107,04/01/2019,3.030359951,InSAR
08/01/1959,0.571200697,0.571200697,0.571200697,0.571200697,0.571200697,0.571200697,04/07/2019,3.033968875,InSAR
09/01/1959,0.571612309,0.571612309,0.571612309,0.571612309,0.571612309,0.571612309,04/13/2019,3.033968875,InSAR
10/01/1959,0.57167826,0.57167826,0.57167826,0.57167826,0.57167826,0.57167826,04/19/2019,3.024126355,InSAR
11/01/1959,0.571974343,0.571974343,0.571974343,0.571974343,0.571974343,0.571974343,04/25/2019,3.019861263,InSAR
12/01/1959,0.572311673,0.572311673,0.572311673,0.572311673,0.572311673,0.572311673,05/01/2019,3.019533179,InSAR
01/01/1960,0.568318807,0.568318807,0.568318807,0.568318807,0.568318807,0.568318807,05/07/2019,3.017564675,InSAR
02/01/1960,0.566607428,0.566607428,0.566607428,0.566607428,0.566607428,0.566607428,05/13/2019,3.016908507,InSAR
03/01/1960,0.566348218,0.566348218,0.566348218,0.566348218,0.566348218,0.566348218,05/20/2019,3.014611919,InSAR
04/01/1960,0.566627444,0.566627444,0.566627444,0.566627444,0.566627444,0.566627444,05/26/2019,3.015268087,InSAR
05/01/1960,0.566401307,0.566401307,0.566401307,0.566401307,0.566401307,0.566401307,06/01/2019,3.024126355,InSAR
06/01/1960,0.565778067,0.565778067,0.565778067,0.565778067,0.565778067,0.565778067,06/07/2019,3.032000371,InSAR
07/01/1960,0.56534629,0.56534629,0.56534629,0.56534629,0.56534629,0.56534629,06/13/2019,3.031672287,InSAR
08/01/1960,0.564927373,0.564927373,0.564927373,0.564927373,0.564927373,0.564927373,06/19/2019,3.030359951,InSAR
09/01/1960,0.564774042,0.564774042,0.564774042,0.564774042,0.564774042,0.564774042,06/25/2019,3.033640791,InSAR
10/01/1960,0.56412201,0.56412201,0.56412201,0.56412201,0.56412201,0.56412201,07/01/2019,3.037577799,InSAR
11/01/1960,0.563979987,0.563979987,0.563979987,0.563979987,0.563979987,0.563979987,07/07/2019,3.048076487,InSAR
12/01/1960,0.564224894,0.564224894,0.564224894,0.564224894,0.564224894,0.564224894,07/13/2019,3.049060739,InSAR
01/01/1961,0.563955743,0.563955743,0.563955743,0.563955743,0.563955743,0.563955743,07/20/2019,3.042170975,InSAR
02/01/1961,0.564076538,0.564076538,0.564076538,0.564076538,0.564076538,0.564076538,07/26/2019,3.042170975,InSAR
03/01/1961,0.563437596,0.563437596,0.563437596,0.563437596,0.563437596,0.563437596,08/01/2019,3.041842891,InSAR
04/01/1961,0.563790324,0.563790324,0.563790324,0.563790324,0.563790324,0.563790324,08/07/2019,3.042827143,InSAR
05/01/1961,0.56368489,0.56368489,0.56368489,0.56368489,0.56368489,0.56368489,08/13/2019,3.041514807,InSAR
06/01/1961,0.564348782,0.564348782,0.564348782,0.564348782,0.564348782,0.564348782,08/20/2019,3.043811395,InSAR
07/01/1961,0.564658808,0.564658808,0.564658808,0.564658808,0.564658808,0.564658808,08/26/2019,3.043483311,InSAR
08/01/1961,0.565297558,0.565297558,0.565297558,0.565297558,0.565297558,0.565297558,09/01/2019,3.050373075,InSAR
09/01/1961,0.565821553,0.565821553,0.565821553,0.565821553,0.565821553,0.565821553,09/07/2019,3.052341579,InSAR
10/01/1961,0.565797131,0.565797131,0.565797131,0.565797131,0.565797131,0.565797131,09/13/2019,3.055294335,InSAR
11/01/1961,0.565998706,0.565998706,0.565998706,0.565998706,0.565998706,0.565998706,09/19/2019,3.047748403,InSAR
12/01/1961,0.565925453,0.565925453,0.565925453,0.565925453,0.565925453,0.565925453,09/25/2019,3.051685411,InSAR
01/01/1962,0.567285166,0.567285166,0.567285166,0.567285166,0.567285166,0.567285166,10/01/2019,3.057590923,InSAR
02/01/1962,0.569600301,0.569600301,0.569600301,0.569600301,0.569600301,0.569600301,10/07/2019,3.059887511,InSAR
03/01/1962,0.569964345,0.569964345,0.569964345,0.569964345,0.569964345,0.569964345,10/13/2019,3.055622419,InSAR
04/01/1962,0.569068966,0.569068966,0.569068966,0.569068966,0.569068966,0.569068966,10/20/2019,3.059231343,InSAR
05/01/1962,0.568426651,0.568426651,0.568426651,0.568426651,0.568426651,0.568426651,10/26/2019,3.059887511,InSAR
06/01/1962,0.568554658,0.568554658,0.568554658,0.568554658,0.568554658,0.568554658,11/01/2019,3.064480687,InSAR
07/01/1962,0.568260232,0.568260232,0.568260232,0.568260232,0.568260232,0.568260232,11/07/2019,3.060871763,InSAR
08/01/1962,0.567734931,0.567734931,0.567734931,0.567734931,0.567734931,0.567734931,11/13/2019,3.063496435,InSAR
09/01/1962,0.568504012,0.568504012,0.568504012,0.568504012,0.568504012,0.568504012,11/19/2019,3.058247091,InSAR
10/01/1962,0.569143419,0.569143419,0.569143419,0.569143419,0.569143419,0.569143419,11/25/2019,3.063168351,InSAR
11/01/1962,0.569828519,0.569828519,0.569828519,0.569828519,0.569828519,0.569828519,12/01/2019,3.063496435,InSAR
12/01/1962,0.568965012,0.568965012,0.568965012,0.568965012,0.568965012,0.568965012,12/07/2019,3.057590923,InSAR
01/01/1963,0.568447277,0.568447277,0.568447277,0.568447277,0.568447277,0.568447277,12/13/2019,3.077604047,InSAR
02/01/1963,0.568544584,0.568544584,0.568544584,0.568544584,0.568544584,0.568544584,12/20/2019,3.080556803,InSAR
03/01/1963,0.567738711,0.567738711,0.567738711,0.567738711,0.567738711,0.567738711,12/26/2019,3.094664415,InSAR
04/01/1963,0.568068147,0.568068147,0.568068147,0.568068147,0.568068147,0.568068147,01/01/2020,3.100241843,InSAR
05/01/1963,0.568422354,0.568422354,0.568422354,0.568422354,0.568422354,0.568422354,01/07/2020,3.097945255,InSAR
06/01/1963,0.568094737,0.568094737,0.568094737,0.568094737,0.568094737,0.568094737,01/13/2020,3.098273339,InSAR
07/01/1963,0.568041423,0.568041423,0.568041423,0.568041423,0.568041423,0.568041423,01/20/2020,3.101554179,InSAR
08/01/1963,0.568077536,0.568077536,0.568077536,0.568077536,0.568077536,0.568077536,01/26/2020,3.105163103,InSAR
09/01/1963,0.568235096,0.568235096,0.568235096,0.568235096,0.568235096,0.568235096,02/01/2020,3.099257591,InSAR
10/01/1963,0.569010712,0.569010712,0.569010712,0.569010712,0.569010712,0.569010712,02/07/2020,3.094992499,InSAR
11/01/1963,0.568654856,0.568654856,0.568654856,0.568654856,0.568654856,0.568654856,02/13/2020,3.092367827,InSAR
12/01/1963,0.568635444,0.568635444,0.568635444,0.568635444,0.568635444,0.568635444,02/18/2020,3.092695911,InSAR
01/01/1964,0.568386367,0.568386367,0.568386367,0.568386367,0.568386367,0.568386367,02/24/2020,3.095648667,InSAR
02/01/1964,0.568316288,0.568316288,0.568316288,0.568316288,0.568316288,0.568316288,03/01/2020,3.102866515,InSAR
03/01/1964,0.568095938,0.568095938,0.568095938,0.568095938,0.568095938,0.568095938,03/07/2020,3.104506935,InSAR
04/01/1964,0.56742289,0.56742289,0.56742289,0.56742289,0.56742289,0.56742289,03/13/2020,3.102538431,InSAR
05/01/1964,0.567398873,0.567398873,0.567398873,0.567398873,0.567398873,0.567398873,03/20/2020,3.099585675,InSAR
06/01/1964,0.568046956,0.568046956,0.568046956,0.568046956,0.568046956,0.568046956,03/26/2020,3.102210347,InSAR
07/01/1964,0.567733136,0.567733136,0.567733136,0.567733136,0.567733136,0.567733136,04/01/2020,3.102210347,InSAR
08/01/1964,0.567102426,0.567102426,0.567102426,0.567102426,0.567102426,0.567102426,04/07/2020,3.110740531,InSAR
09/01/1964,0.56715698,0.56715698,0.56715698,0.56715698,0.56715698,0.56715698,04/13/2020,3.115661791,InSAR
10/01/1964,0.567189126,0.567189126,0.567189126,0.567189126,0.567189126,0.567189126,04/19/2020,3.101226095,InSAR
11/01/1964,0.566892942,0.566892942,0.566892942,0.566892942,0.566892942,0.566892942,04/25/2020,3.094008247,InSAR
12/01/1964,0.566570024,0.566570024,0.566570024,0.566570024,0.566570024,0.566570024,05/01/2020,3.100241843,InSAR
01/01/1965,0.566529639,0.566529639,0.566529639,0.566529639,0.566529639,0.566529639,05/07/2020,3.089743155,InSAR
02/01/1965,0.564822147,0.564822147,0.564822147,0.564822147,0.564822147,0.564822147,05/13/2020,3.095320583,InSAR
03/01/1965,0.56538088,0.56538088,0.56538088,0.56538088,0.56538088,0.56538088,05/20/2020,3.105491187,InSAR
04/01/1965,0.565900377,0.565900377,0.565900377,0.565900377,0.565900377,0.565900377,05/26/2020,3.100241843,InSAR
05/01/1965,0.565518178,0.565518178,0.565518178,0.565518178,0.565518178,0.565518178,06/01/2020,3.101554179,InSAR
06/01/1965,0.565856725,0.565856725,0.565856725,0.565856725,0.565856725,0.565856725,06/07/2020,3.102210347,InSAR
07/01/1965,0.566972347,0.566972347,0.566972347,0.566972347,0.566972347,0.566972347,06/13/2020,3.104835019,InSAR
08/01/1965,0.566865605,0.566865605,0.566865605,0.566865605,0.566865605,0.566865605,06/19/2020,3.108443943,InSAR
09/01/1965,0.567465936,0.567465936,0.567465936,0.567465936,0.567465936,0.567465936,06/25/2020,3.110412447,InSAR
10/01/1965,0.566763955,0.566763955,0.566763955,0.566763955,0.566763955,0.566763955,07/01/2020,3.108115859,InSAR
11/01/1965,0.567250275,0.567250275,0.567250275,0.567250275,0.567250275,0.567250275,07/07/2020,3.110412447,InSAR
12/01/1965,0.567772678,0.567772678,0.567772678,0.567772678,0.567772678,0.567772678,07/13/2020,3.115333707,InSAR
01/01/1966,0.567990436,0.567990436,0.567990436,0.567990436,0.567990436,0.567990436,07/20/2020,3.117302211,InSAR
02/01/1966,0.568072183,0.568072183,0.568072183,0.568072183,0.568072183,0.568072183,07/26/2020,3.116974127,InSAR
03/01/1966,0.567931664,0.567931664,0.567931664,0.567931664,0.567931664,0.567931664,08/01/2020,3.126160479,InSAR
04/01/1966,0.568019202,0.568019202,0.568019202,0.568019202,0.568019202,0.568019202,08/07/2020,3.127800899,InSAR
05/01/1966,0.567888926,0.567888926,0.567888926,0.567888926,0.567888926,0.567888926,08/13/2020,3.130753655,InSAR
06/01/1966,0.567762672,0.567762672,0.567762672,0.567762672,0.567762672,0.567762672,08/20/2020,3.133706411,InSAR
07/01/1966,0.568330292,0.568330292,0.568330292,0.568330292,0.568330292,0.568330292,08/26/2020,3.132065991,InSAR
08/01/1966,0.567911807,0.567911807,0.567911807,0.567911807,0.567911807,0.567911807,09/01/2020,3.134362579,InSAR
09/01/1966,0.568654076,0.568654076,0.568654076,0.568654076,0.568654076,0.568654076,09/07/2020,3.138627671,InSAR
10/01/1966,0.568899877,0.568899877,0.568899877,0.568899877,0.568899877,0.568899877,09/13/2020,3.140596175,InSAR
11/01/1966,0.569378285,0.569378285,0.569378285,0.569378285,0.569378285,0.569378285,09/19/2020,3.142892763,InSAR
12/01/1966,0.569892589,0.569892589,0.569892589,0.569892589,0.569892589,0.569892589,09/25/2020,3.148798275,InSAR
01/01/1967,0.570026727,0.570026727,0.570026727,0.570026727,0.570026727,0.570026727,10/01/2020,3.149782527,InSAR
02/01/1967,0.570173941,0.570173941,0.570173941,0.570173941,0.570173941,0.570173941,10/07/2020,3.151422947,InSAR
03/01/1967,0.570254414,0.570254414,0.570254414,0.570254414,0.570254414,0.570254414,10/13/2020,3.149454443,InSAR
04/01/1967,0.571107498,0.571107498,0.571107498,0.571107498,0.571107498,0.571107498,10/20/2020,3.148470191,InSAR
05/01/1967,0.570233179,0.570233179,0.570233179,0.570233179,0.570233179,0.570233179,10/26/2020,3.149454443,InSAR
06/01/1967,0.569678152,0.569678152,0.569678152,0.569678152,0.569678152,0.569678152,11/01/2020,3.148798275,InSAR
07/01/1967,0.568992795,0.568992795,0.568992795,0.568992795,0.568992795,0.568992795,11/07/2020,3.144205099,InSAR
08/01/1967,0.569035632,0.569035632,0.569035632,0.569035632,0.569035632,0.569035632,11/13/2020,3.139283839,InSAR
09/01/1967,0.569018402,0.569018402,0.569018402,0.569018402,0.569018402,0.569018402,11/19/2020,3.141252343,InSAR
10/01/1967,0.568469888,0.568469888,0.568469888,0.568469888,0.568469888,0.568469888,11/25/2020,3.146173603,InSAR
11/01/1967,0.568744669,0.568744669,0.568744669,0.568744669,0.568744669,0.568744669,12/01/2020,3.152407199,InSAR
12/01/1967,0.56770647,0.56770647,0.56770647,0.56770647,0.56770647,0.56770647,12/07/2020,3.156672291,InSAR
01/01/1968,0.567678701,0.567678701,0.567678701,0.567678701,0.567678701,0.567678701,12/13/2020,3.157656543,InSAR
02/01/1968,0.567038812,0.567038812,0.567038812,0.567038812,0.567038812,0.567038812,12/15/2020,2.86,Leveling
03/01/1968,0.566965283,0.566965283,0.566965283,0.566965283,0.566965283,0.566965283,12/20/2020,3.165858643,InSAR
04/01/1968,0.566304246,0.566304246,0.566304246,0.566304246,0.566304246,0.566304246,12/26/2020,3.161921635,InSAR
05/01/1968,0.567017329,0.567017329,0.567017329,0.567017329,0.567017329,0.567017329,01/01/2021,3.167170979,InSAR
06/01/1968,0.567475511,0.567475511,0.567475511,0.567475511,0.567475511,0.567475511,01/07/2021,3.167827147,InSAR
07/01/1968,0.567265871,0.567265871,0.567265871,0.567265871,0.567265871,0.567265871,01/13/2021,3.164874391,InSAR
08/01/1968,0.566938574,0.566938574,0.566938574,0.566938574,0.566938574,0.566938574,01/20/2021,3.161265467,InSAR
09/01/1968,0.566746203,0.566746203,0.566746203,0.566746203,0.566746203,0.566746203,01/26/2021,3.165858643,InSAR
10/01/1968,0.56660639,0.56660639,0.56660639,0.56660639,0.56660639,0.56660639,02/01/2021,3.174388827,InSAR
11/01/1968,0.566430251,0.566430251,0.566430251,0.566430251,0.566430251,0.566430251,02/07/2021,3.180950507,InSAR
12/01/1968,0.566220585,0.566220585,0.566220585,0.566220585,0.566220585,0.566220585,02/12/2021,3.184559431,InSAR
01/01/1969,0.566744522,0.566744522,0.566744522,0.566744522,0.566744522,0.566744522,02/18/2021,3.186199851,InSAR
02/01/1969,0.56706952,0.56706952,0.56706952,0.56706952,0.56706952,0.56706952,02/23/2021,3.187184103,InSAR
03/01/1969,0.567661009,0.567661009,0.567661009,0.567661009,0.567661009,0.567661009,03/01/2021,3.191121111,InSAR
04/01/1969,0.567865004,0.567865004,0.567865004,0.567865004,0.567865004,0.567865004,03/07/2021,3.190793027,InSAR
05/01/1969,0.567520164,0.567520164,0.567520164,0.567520164,0.567520164,0.567520164,03/13/2021,3.190793027,InSAR
06/01/1969,0.567016689,0.567016689,0.567016689,0.567016689,0.567016689,0.567016689,03/20/2021,3.192105363,InSAR
07/01/1969,0.56708684,0.56708684,0.56708684,0.56708684,0.56708684,0.56708684,03/26/2021,3.193089615,InSAR
08/01/1969,0.566417528,0.566417528,0.566417528,0.566417528,0.566417528,0.566417528,04/01/2021,3.187184103,InSAR
09/01/1969,0.565542403,0.565542403,0.565542403,0.565542403,0.565542403,0.565542403,04/07/2021,3.182262843,InSAR
10/01/1969,0.565128984,0.565128984,0.565128984,0.565128984,0.565128984,0.565128984,04/13/2021,3.183247095,InSAR
11/01/1969,0.564225048,0.564225048,0.564225048,0.564225048,0.564225048,0.564225048,04/19/2021,3.188824523,InSAR
12/01/1969,0.563986977,0.563986977,0.563986977,0.563986977,0.563986977,0.563986977,04/25/2021,3.181934759,InSAR
01/01/1970,0.563869302,0.563869302,0.563869302,0.563869302,0.563869302,0.563869302,05/01/2021,3.180294339,InSAR
02/01/1970,0.56387798,0.56387798,0.56387798,0.56387798,0.56387798,0.56387798,05/07/2021,3.188496439,InSAR
03/01/1970,0.563631659,0.563631659,0.563631659,0.563631659,0.563631659,0.563631659,05/13/2021,3.191777279,InSAR
04/01/1970,0.563944553,0.563944553,0.563944553,0.563944553,0.563944553,0.563944553,05/20/2021,3.194073867,InSAR
05/01/1970,0.563633287,0.563633287,0.563633287,0.563633287,0.563633287,0.563633287,05/26/2021,3.193417699,InSAR
06/01/1970,0.563374704,0.563374704,0.563374704,0.563374704,0.563374704,0.563374704,06/01/2021,3.195386203,InSAR
07/01/1970,0.564024902,0.564024902,0.564024902,0.564024902,0.564024902,0.564024902,06/07/2021,3.192761531,InSAR
08/01/1970,0.564632824,0.564632824,0.564632824,0.564632824,0.564632824,0.564632824,06/13/2021,3.187184103,InSAR
09/01/1970,0.564844685,0.564844685,0.564844685,0.564844685,0.564844685,0.564844685,06/19/2021,3.186527935,InSAR
10/01/1970,0.564719645,0.564719645,0.564719645,0.564719645,0.564719645,0.564719645,06/25/2021,3.189152607,InSAR
11/01/1970,0.564175815,0.564175815,0.564175815,0.564175815,0.564175815,0.564175815,07/01/2021,3.189808775,InSAR
12/01/1970,0.56397338,0.56397338,0.56397338,0.56397338,0.56397338,0.56397338,07/07/2021,3.192105363,InSAR
01/01/1971,0.563604149,0.563604149,0.563604149,0.563604149,0.563604149,0.563604149,07/13/2021,3.193417699,InSAR
02/01/1971,0.563333534,0.563333534,0.563333534,0.563333534,0.563333534,0.563333534,07/20/2021,3.198667043,InSAR
03/01/1971,0.563212291,0.563212291,0.563212291,0.563212291,0.563212291,0.563212291,07/26/2021,3.207853395,InSAR
04/01/1971,0.564073474,0.564073474,0.564073474,0.564073474,0.564073474,0.564073474,08/01/2021,3.213102739,InSAR
05/01/1971,0.564979396,0.564979396,0.564979396,0.564979396,0.564979396,0.564979396,08/07/2021,3.213430823,InSAR
06/01/1971,0.565194166,0.565194166,0.565194166,0.565194166,0.565194166,0.565194166,08/13/2021,3.212446571,InSAR
07/01/1971,0.565572918,0.565572918,0.565572918,0.565572918,0.565572918,0.565572918,08/20/2021,3.209165731,InSAR
08/01/1971,0.565752279,0.565752279,0.565752279,0.565752279,0.565752279,0.565752279,08/26/2021,3.208181479,InSAR
09/01/1971,0.565998219,0.565998219,0.565998219,0.565998219,0.565998219,0.565998219,09/01/2021,3.206541059,InSAR
10/01/1971,0.566503698,0.566503698,0.566503698,0.566503698,0.566503698,0.566503698,09/07/2021,3.209165731,InSAR
11/01/1971,0.567051833,0.567051833,0.567051833,0.567051833,0.567051833,0.567051833,09/13/2021,3.214743159,InSAR
12/01/1971,0.568201683,0.568201683,0.568201683,0.568201683,0.568201683,0.568201683,09/19/2021,3.214086991,InSAR
01/01/1972,0.568283863,0.568283863,0.568283863,0.568283863,0.568283863,0.568283863,09/25/2021,3.209165731,InSAR
02/01/1972,0.568375003,0.568375003,0.568375003,0.568375003,0.568375003,0.568375003,10/01/2021,3.221961007,InSAR
03/01/1972,0.568559467,0.568559467,0.568559467,0.568559467,0.568559467,0.568559467,10/07/2021,3.224913763,InSAR
04/01/1972,0.569162688,0.569162688,0.569162688,0.569162688,0.569162688,0.569162688,10/13/2021,3.214415075,InSAR
05/01/1972,0.570063407,0.570063407,0.570063407,0.570063407,0.570063407,0.570063407,10/20/2021,3.226554183,InSAR
06/01/1972,0.571375728,0.571375728,0.571375728,0.571375728,0.571375728,0.571375728,10/26/2021,3.211462319,InSAR
07/01/1972,0.571734524,0.571734524,0.571734524,0.571734524,0.571734524,0.571734524,11/01/2021,3.222289091,InSAR
08/01/1972,0.572753496,0.572753496,0.572753496,0.572753496,0.572753496,0.572753496,11/07/2021,3.228522687,InSAR
09/01/1972,0.574141896,0.574141896,0.574141896,0.574141896,0.574141896,0.574141896,11/13/2021,3.256737911,InSAR
10/01/1972,0.574889091,0.574889091,0.574889091,0.574889091,0.574889091,0.574889091,11/19/2021,3.264283843,InSAR
11/01/1972,0.575628393,0.575628393,0.575628393,0.575628393,0.575628393,0.575628393,11/25/2021,3.256081743,InSAR
12/01/1972,0.575924854,0.575924854,0.575924854,0.575924854,0.575924854,0.575924854,12/01/2021,3.266252347,InSAR
01/01/1973,0.577202283,0.577202283,0.577202283,0.577202283,0.577202283,0.577202283,12/07/2021,3.264940011,InSAR
02/01/1973,0.577392067,0.577392067,0.577392067,0.577392067,0.577392067,0.577392067,12/13/2021,3.256737911,InSAR
03/01/1973,0.577406114,0.577406114,0.577406114,0.577406114,0.577406114,0.577406114,12/20/2021,3.274454447,InSAR
04/01/1973,0.577267913,0.577267913,0.577267913,0.577267913,0.577267913,0.577267913,12/26/2021,3.256409827,InSAR
05/01/1973,0.577336826,0.577336826,0.577336826,0.577336826,0.577336826,0.577336826,01/01/2022,3.272485943,InSAR
06/01/1973,0.577104572,0.577104572,0.577104572,0.577104572,0.577104572,0.577104572,01/07/2022,3.282328463,InSAR
07/01/1973,0.577450664,0.577450664,0.577450664,0.577450664,0.577450664,0.577450664,01/13/2022,3.279703791,InSAR
08/01/1973,0.577398195,0.577398195,0.577398195,0.577398195,0.577398195,0.577398195,01/20/2022,3.280359959,InSAR
09/01/1973,0.577232738,0.577232738,0.577232738,0.577232738,0.577232738,0.577232738,01/26/2022,3.287577807,InSAR
10/01/1973,0.576902421,0.576902421,0.576902421,0.576902421,0.576902421,0.576902421,02/01/2022,3.286593555,InSAR
11/01/1973,0.576920137,0.576920137,0.576920137,0.576920137,0.576920137,0.576920137,02/07/2022,3.275110615,InSAR
12/01/1973,0.576426638,0.576426638,0.576426638,0.576426638,0.576426638,0.576426638,02/12/2022,3.268548935,InSAR
01/01/1974,0.575950352,0.575950352,0.575950352,0.575950352,0.575950352,0.575950352,02/18/2022,3.273470195,InSAR
02/01/1974,0.57474188,0.57474188,0.57474188,0.57474188,0.57474188,0.57474188,02/23/2022,3.276751035,InSAR
03/01/1974,0.573597089,0.573597089,0.573597089,0.573597089,0.573597089,0.573597089,03/01/2022,3.283968883,InSAR
04/01/1974,0.572860596,0.572860596,0.572860596,0.572860596,0.572860596,0.572860596,03/07/2022,3.291186731,InSAR
05/01/1974,0.57229618,0.57229618,0.57229618,0.57229618,0.57229618,0.57229618,03/13/2022,3.288233975,InSAR
06/01/1974,0.571513576,0.571513576,0.571513576,0.571513576,0.571513576,0.571513576,03/20/2022,3.283312715,InSAR
07/01/1974,0.570880292,0.570880292,0.570880292,0.570880292,0.570880292,0.570880292,03/26/2022,3.284625051,InSAR
08/01/1974,0.571603185,0.571603185,0.571603185,0.571603185,0.571603185,0.571603185,04/01/2022,3.284296967,InSAR
09/01/1974,0.57136406,0.57136406,0.57136406,0.57136406,0.57136406,0.57136406,04/07/2022,3.284296967,InSAR
10/01/1974,0.571352301,0.571352301,0.571352301,0.571352301,0.571352301,0.571352301,04/13/2022,3.283312715,InSAR
11/01/1974,0.571877597,0.571877597,0.571877597,0.571877597,0.571877597,0.571877597,04/19/2022,3.293483319,InSAR
12/01/1974,0.572004684,0.572004684,0.572004684,0.572004684,0.572004684,0.572004684,04/25/2022,3.301357335,InSAR
01/01/1975,0.571820792,0.571820792,0.571820792,0.571820792,0.571820792,0.571820792,05/01/2022,3.312840275,InSAR
02/01/1975,0.571579436,0.571579436,0.571579436,0.571579436,0.571579436,0.571579436,05/07/2022,3.319730039,InSAR
03/01/1975,0.571503679,0.571503679,0.571503679,0.571503679,0.571503679,0.571503679,05/13/2022,3.324651299,InSAR
04/01/1975,0.571902845,0.571902845,0.571902845,0.571902845,0.571902845,0.571902845,05/20/2022,3.327932139,InSAR
05/01/1975,0.571320836,0.571320836,0.571320836,0.571320836,0.571320836,0.571320836,05/26/2022,3.333181483,InSAR
06/01/1975,0.571553175,0.571553175,0.571553175,0.571553175,0.571553175,0.571553175,06/01/2022,3.332525315,InSAR
07/01/1975,0.570879577,0.570879577,0.570879577,0.570879577,0.570879577,0.570879577,06/07/2022,3.319401955,InSAR
08/01/1975,0.571247892,0.571247892,0.571247892,0.571247892,0.571247892,0.571247892,06/13/2022,3.319073871,InSAR
09/01/1975,0.57134282,0.57134282,0.57134282,0.57134282,0.57134282,0.57134282,06/19/2022,3.344664423,InSAR
10/01/1975,0.571381182,0.571381182,0.571381182,0.571381182,0.571381182,0.571381182,06/25/2022,3.358772035,InSAR
11/01/1975,0.571990179,0.571990179,0.571990179,0.571990179,0.571990179,0.571990179,07/01/2022,3.355491195,InSAR
12/01/1975,0.571865771,0.571865771,0.571865771,0.571865771,0.571865771,0.571865771,07/07/2022,3.355819279,InSAR
01/01/1976,0.571186491,0.571186491,0.571186491,0.571186491,0.571186491,0.571186491,07/13/2022,3.363693295,InSAR
02/01/1976,0.570738274,0.570738274,0.570738274,0.570738274,0.570738274,0.570738274,07/20/2022,3.369598807,InSAR
03/01/1976,0.56962467,0.56962467,0.56962467,0.56962467,0.56962467,0.56962467,07/26/2022,3.370583059,InSAR
04/01/1976,0.569949294,0.569949294,0.569949294,0.569949294,0.569949294,0.569949294,08/01/2022,3.371239227,InSAR
05/01/1976,0.569945905,0.569945905,0.569945905,0.569945905,0.569945905,0.569945905,08/07/2022,3.371895395,InSAR
06/01/1976,0.570142623,0.570142623,0.570142623,0.570142623,0.570142623,0.570142623,08/13/2022,3.374520067,InSAR
07/01/1976,0.571018996,0.571018996,0.571018996,0.571018996,0.571018996,0.571018996,08/20/2022,3.374848151,InSAR
08/01/1976,0.570984403,0.570984403,0.570984403,0.570984403,0.570984403,0.570984403,08/26/2022,3.374520067,InSAR
09/01/1976,0.571165136,0.571165136,0.571165136,0.571165136,0.571165136,0.571165136,09/01/2022,3.374191983,InSAR
10/01/1976,0.571547449,0.571547449,0.571547449,0.571547449,0.571547449,0.571547449,09/07/2022,3.376160487,InSAR
11/01/1976,0.572096744,0.572096744,0.572096744,0.572096744,0.572096744,0.572096744,09/13/2022,3.379113243,InSAR
12/01/1976,0.572873918,0.572873918,0.572873918,0.572873918,0.572873918,0.572873918,09/19/2022,3.383706419,InSAR
01/01/1977,0.573653832,0.573653832,0.573653832,0.573653832,0.573653832,0.573653832,09/25/2022,3.389940015,InSAR
02/01/1977,0.573903163,0.573903163,0.573903163,0.573903163,0.573903163,0.573903163,10/01/2022,3.398142115,InSAR
03/01/1977,0.574524836,0.574524836,0.574524836,0.574524836,0.574524836,0.574524836,10/07/2022,3.409296971,InSAR
04/01/1977,0.575352381,0.575352381,0.575352381,0.575352381,0.575352381,0.575352381,10/13/2022,3.412905895,InSAR
05/01/1977,0.57604369,0.57604369,0.57604369,0.57604369,0.57604369,0.57604369,10/20/2022,3.418483323,InSAR
06/01/1977,0.57671676,0.57671676,0.57671676,0.57671676,0.57671676,0.57671676,10/26/2022,3.417170987,InSAR
07/01/1977,0.578407082,0.578407082,0.578407082,0.578407082,0.578407082,0.578407082,11/01/2022,3.416514819,InSAR
08/01/1977,0.5807879,0.5807879,0.5807879,0.5807879,0.5807879,0.5807879,11/07/2022,3.440793035,InSAR
09/01/1977,0.583911408,0.583911408,0.583911408,0.583911408,0.583911408,0.583911408,11/13/2022,3.471632931,InSAR
10/01/1977,0.589622583,0.589622583,0.589622583,0.589622583,0.589622583,0.589622583,11/19/2022,3.474257603,InSAR
11/01/1977,0.595180416,0.595180416,0.595180416,0.595180416,0.595180416,0.595180416,11/25/2022,3.475241855,InSAR
12/01/1977,0.59801724,0.59801724,0.59801724,0.59801724,0.59801724,0.59801724,12/01/2022,3.460149991,InSAR
01/01/1978,0.599535032,0.599535032,0.599535032,0.599535032,0.599535032,0.599535032,12/07/2022,3.440136867,InSAR
02/01/1978,0.600829556,0.600829556,0.600829556,0.600829556,0.600829556,0.600829556,12/13/2022,3.440793035,InSAR
03/01/1978,0.601327278,0.601327278,0.601327278,0.601327278,0.601327278,0.601327278,12/20/2022,3.449979387,InSAR
04/01/1978,0.601390391,0.601390391,0.601390391,0.601390391,0.601390391,0.601390391,12/26/2022,3.451947891,InSAR
05/01/1978,0.601344298,0.601344298,0.601344298,0.601344298,0.601344298,0.601344298,01/01/2023,3.456869151,InSAR
06/01/1978,0.600616379,0.600616379,0.600616379,0.600616379,0.600616379,0.600616379,10/28/2024,3.723405568,Leveling
07/01/1978,0.600240758,0.600240758,0.600240758,0.600240758,0.600240758,0.600240758,,,
08/01/1978,0.600328611,0.600328611,0.600328611,0.600328611,0.600328611,0.600328611,,,
09/01/1978,0.599856207,0.599856207,0.599856207,0.599856207,0.599856207,0.599856207,,,
10/01/1978,0.599364849,0.599364849,0.599364849,0.599364849,0.599364849,0.599364849,,,
11/01/1978,0.598811778,0.598811778,0.598811778,0.598811778,0.598811778,0.598811778,,,
12/01/1978,0.598218862,0.598218862,0.598218862,0.598218862,0.598218862,0.598218862,,,
01/01/1979,0.597289098,0.597289098,0.597289098,0.597289098,0.597289098,0.597289098,,,
02/01/1979,0.596268891,0.596268891,0.596268891,0.596268891,0.596268891,0.596268891,,,
03/01/1979,0.595210673,0.595210673,0.595210673,0.595210673,0.595210673,0.595210673,,,
04/01/1979,0.594902713,0.594902713,0.594902713,0.594902713,0.594902713,0.594902713,,,
05/01/1979,0.59492744,0.59492744,0.59492744,0.59492744,0.59492744,0.59492744,,,
06/01/1979,0.594959594,0.594959594,0.594959594,0.594959594,0.594959594,0.594959594,,,
07/01/1979,0.595577368,0.595577368,0.595577368,0.595577368,0.595577368,0.595577368,,,
08/01/1979,0.595541826,0.595541826,0.595541826,0.595541826,0.595541826,0.595541826,,,
09/01/1979,0.595879662,0.595879662,0.595879662,0.595879662,0.595879662,0.595879662,,,
10/01/1979,0.596258083,0.596258083,0.596258083,0.596258083,0.596258083,0.596258083,,,
11/01/1979,0.597206388,0.597206388,0.597206388,0.597206388,0.597206388,0.597206388,,,
12/01/1979,0.59708801,0.59708801,0.59708801,0.59708801,0.59708801,0.59708801,,,
01/01/1980,0.597732654,0.597732654,0.597732654,0.597732654,0.597732654,0.597732654,,,
02/01/1980,0.598056903,0.598056903,0.598056903,0.598056903,0.598056903,0.598056903,,,
03/01/1980,0.598039875,0.598039875,0.598039875,0.598039875,0.598039875,0.598039875,,,
04/01/1980,0.5984366,0.5984366,0.5984366,0.5984366,0.5984366,0.5984366,,,
05/01/1980,0.597603189,0.597603189,0.597603189,0.597603189,0.597603189,0.597603189,,,
06/01/1980,0.597381403,0.597381403,0.597381403,0.597381403,0.597381403,0.597381403,,,
07/01/1980,0.59754382,0.59754382,0.59754382,0.59754382,0.59754382,0.59754382,,,
08/01/1980,0.597312033,0.597312033,0.597312033,0.597312033,0.597312033,0.597312033,,,
09/01/1980,0.597073662,0.597073662,0.597073662,0.597073662,0.597073662,0.597073662,,,
10/01/1980,0.596774175,0.596774175,0.596774175,0.596774175,0.596774175,0.596774175,,,
11/01/1980,0.596883715,0.596883715,0.596883715,0.596883715,0.596883715,0.596883715,,,
12/01/1980,0.596861095,0.596861095,0.596861095,0.596861095,0.596861095,0.596861095,,,
01/01/1981,0.596744966,0.596744966,0.596744966,0.596744966,0.596744966,0.596744966,,,
02/01/1981,0.596721456,0.596721456,0.596721456,0.596721456,0.596721456,0.596721456,,,
03/01/1981,0.596759395,0.596759395,0.596759395,0.596759395,0.596759395,0.596759395,,,
04/01/1981,0.596984631,0.596984631,0.596984631,0.596984631,0.596984631,0.596984631,,,
05/01/1981,0.596699974,0.596699974,0.596699974,0.596699974,0.596699974,0.596699974,,,
06/01/1981,0.597386431,0.597386431,0.597386431,0.597386431,0.597386431,0.597386431,,,
07/01/1981,0.597880876,0.597880876,0.597880876,0.597880876,0.597880876,0.597880876,,,
08/01/1981,0.597979959,0.597979959,0.597979959,0.597979959,0.597979959,0.597979959,,,
09/01/1981,0.598344114,0.598344114,0.598344114,0.598344114,0.598344114,0.598344114,,,
10/01/1981,0.598746122,0.598746122,0.598746122,0.598746122,0.598746122,0.598746122,,,
11/01/1981,0.598694441,0.598694441,0.598694441,0.598694441,0.598694441,0.598694441,,,
12/01/1981,0.598557357,0.598557357,0.598557357,0.598557357,0.598557357,0.598557357,,,
01/01/1982,0.598495844,0.598495844,0.598495844,0.598495844,0.598495844,0.598495844,,,
02/01/1982,0.59893417,0.59893417,0.59893417,0.59893417,0.59893417,0.59893417,,,
03/01/1982,0.598776674,0.598776674,0.598776674,0.598776674,0.598776674,0.598776674,,,
04/01/1982,0.599193007,0.599193007,0.599193007,0.599193007,0.599193007,0.599193007,,,
05/01/1982,0.599395024,0.599395024,0.599395024,0.599395024,0.599395024,0.599395024,,,
06/01/1982,0.599642367,0.599642367,0.599642367,0.599642367,0.599642367,0.599642367,,,
07/01/1982,0.599934418,0.599934418,0.599934418,0.599934418,0.599934418,0.599934418,,,
08/01/1982,0.599671131,0.599671131,0.599671131,0.599671131,0.599671131,0.599671131,,,
09/01/1982,0.600180167,0.600180167,0.600180167,0.600180167,0.600180167,0.600180167,,,
10/01/1982,0.600424031,0.600424031,0.600424031,0.600424031,0.600424031,0.600424031,,,
11/01/1982,0.600055318,0.600055318,0.600055318,0.600055318,0.600055318,0.600055318,,,
12/01/1982,0.599910322,0.599910322,0.599910322,0.599910322,0.599910322,0.599910322,,,
01/01/1983,0.599641443,0.599641443,0.599641443,0.599641443,0.599641443,0.599641443,,,
02/01/1983,0.599509996,0.599509996,0.599509996,0.599509996,0.599509996,0.599509996,,,
03/01/1983,0.599233957,0.599233957,0.599233957,0.599233957,0.599233957,0.599233957,,,
04/01/1983,0.599397019,0.599397019,0.599397019,0.599397019,0.599397019,0.599397019,,,
05/01/1983,0.599238833,0.599238833,0.599238833,0.599238833,0.599238833,0.599238833,,,
06/01/1983,0.599148475,0.599148475,0.599148475,0.599148475,0.599148475,0.599148475,,,
07/01/1983,0.599154572,0.599154572,0.599154572,0.599154572,0.599154572,0.599154572,,,
08/01/1983,0.598788172,0.598788172,0.598788172,0.598788172,0.598788172,0.598788172,,,
09/01/1983,0.598166275,0.598166275,0.598166275,0.598166275,0.598166275,0.598166275,,,
10/01/1983,0.598011173,0.598011173,0.598011173,0.598011173,0.598011173,0.598011173,,,
11/01/1983,0.597591838,0.597591838,0.597591838,0.597591838,0.597591838,0.597591838,,,
12/01/1983,0.597577347,0.597577347,0.597577347,0.597577347,0.597577347,0.597577347,,,
01/01/1984,0.59755545,0.59755545,0.59755545,0.59755545,0.59755545,0.59755545,,,
02/01/1984,0.596965847,0.596965847,0.596965847,0.596965847,0.596965847,0.596965847,,,
03/01/1984,0.596665673,0.596665673,0.596665673,0.596665673,0.596665673,0.596665673,,,
04/01/1984,0.596750341,0.596750341,0.596750341,0.596750341,0.596750341,0.596750341,,,
05/01/1984,0.596955458,0.596955458,0.596955458,0.596955458,0.596955458,0.596955458,,,
06/01/1984,0.597799447,0.597799447,0.597799447,0.597799447,0.597799447,0.597799447,,,
07/01/1984,0.598554177,0.598554177,0.598554177,0.598554177,0.598554177,0.598554177,,,
08/01/1984,0.59863205,0.59863205,0.59863205,0.59863205,0.59863205,0.59863205,,,
09/01/1984,0.599234747,0.599234747,0.599234747,0.599234747,0.599234747,0.599234747,,,
10/01/1984,0.599505952,0.599505952,0.599505952,0.599505952,0.599505952,0.599505952,,,
11/01/1984,0.601137204,0.601137204,0.601137204,0.601137204,0.601137204,0.601137204,,,
12/01/1984,0.601856479,0.601856479,0.601856479,0.601856479,0.601856479,0.601856479,,,
01/01/1985,0.601829557,0.601829557,0.601829557,0.601829557,0.601829557,0.601829557,,,
02/01/1985,0.602198142,0.602198142,0.602198142,0.602198142,0.602198142,0.602198142,,,
03/01/1985,0.60239043,0.60239043,0.60239043,0.60239043,0.60239043,0.60239043,,,
04/01/1985,0.602901203,0.602901203,0.602901203,0.602901203,0.602901203,0.602901203,,,
05/01/1985,0.603293675,0.603293675,0.603293675,0.603293675,0.603293675,0.603293675,,,
06/01/1985,0.603377613,0.603377613,0.603377613,0.603377613,0.603377613,0.603377613,,,
07/01/1985,0.60354234,0.60354234,0.60354234,0.60354234,0.60354234,0.60354234,,,
08/01/1985,0.603795477,0.603795477,0.603795477,0.603795477,0.603795477,0.603795477,,,
09/01/1985,0.603660903,0.603660903,0.603660903,0.603660903,0.603660903,0.603660903,,,
10/01/1985,0.603976817,0.603976817,0.603976817,0.603976817,0.603976817,0.603976817,,,
11/01/1985,0.604362849,0.604362849,0.604362849,0.604362849,0.604362849,0.604362849,,,
12/01/1985,0.604757889,0.604757889,0.604757889,0.604757889,0.604757889,0.604757889,,,
01/01/1986,0.605282691,0.605282691,0.605282691,0.605282691,0.605282691,0.605282691,,,
02/01/1986,0.606003549,0.606003549,0.606003549,0.606003549,0.606003549,0.606003549,,,
03/01/1986,0.606037882,0.606037882,0.606037882,0.606037882,0.606037882,0.606037882,,,
04/01/1986,0.606610846,0.606610846,0.606610846,0.606610846,0.606610846,0.606610846,,,
05/01/1986,0.606575369,0.606575369,0.606575369,0.606575369,0.606575369,0.606575369,,,
06/01/1986,0.606398929,0.606398929,0.606398929,0.606398929,0.606398929,0.606398929,,,
07/01/1986,0.606499833,0.606499833,0.606499833,0.606499833,0.606499833,0.606499833,,,
08/01/1986,0.606449174,0.606449174,0.606449174,0.606449174,0.606449174,0.606449174,,,
09/01/1986,0.606424105,0.606424105,0.606424105,0.606424105,0.606424105,0.606424105,,,
10/01/1986,0.606180973,0.606180973,0.606180973,0.606180973,0.606180973,0.606180973,,,
11/01/1986,0.605487966,0.605487966,0.605487966,0.605487966,0.605487966,0.605487966,,,
12/01/1986,0.605179063,0.605179063,0.605179063,0.605179063,0.605179063,0.605179063,,,
01/01/1987,0.605056063,0.605056063,0.605056063,0.605056063,0.605056063,0.605056063,,,
02/01/1987,0.604914312,0.604914312,0.604914312,0.604914312,0.604914312,0.604914312,,,
03/01/1987,0.604817887,0.604817887,0.604817887,0.604817887,0.604817887,0.604817887,,,
04/01/1987,0.604923567,0.604923567,0.604923567,0.604923567,0.604923567,0.604923567,,,
05/01/1987,0.605018487,0.605018487,0.605018487,0.605018487,0.605018487,0.605018487,,,
06/01/1987,0.606348373,0.606348373,0.606348373,0.606348373,0.606348373,0.606348373,,,
07/01/1987,0.606546082,0.606546082,0.606546082,0.606546082,0.606546082,0.606546082,,,
08/01/1987,0.608054693,0.608054693,0.608054693,0.608054693,0.608054693,0.608054693,,,
09/01/1987,0.608754913,0.608754913,0.608754913,0.608754913,0.608754913,0.608754913,,,
10/01/1987,0.609017077,0.609017077,0.609017077,0.609017077,0.609017077,0.609017077,,,
11/01/1987,0.609527443,0.609527443,0.609527443,0.609527443,0.609527443,0.609527443,,,
12/01/1987,0.609901499,0.609901499,0.609901499,0.609901499,0.609901499,0.609901499,,,
01/01/1988,0.610413582,0.610413582,0.610413582,0.610413582,0.610413582,0.610413582,,,
02/01/1988,0.610364128,0.610364128,0.610364128,0.610364128,0.610364128,0.610364128,,,
03/01/1988,0.610615238,0.610615238,0.610615238,0.610615238,0.610615238,0.610615238,,,
04/01/1988,0.610692921,0.610692921,0.610692921,0.610692921,0.610692921,0.610692921,,,
05/01/1988,0.611223103,0.611223103,0.611223103,0.611223103,0.611223103,0.611223103,,,
06/01/1988,0.61215942,0.61215942,0.61215942,0.61215942,0.61215942,0.61215942,,,
07/01/1988,0.613593991,0.613593991,0.613593991,0.613593991,0.613593991,0.613593991,,,
08/01/1988,0.615347163,0.615347163,0.615347163,0.615347163,0.615347163,0.615347163,,,
09/01/1988,0.617642256,0.617642256,0.617642256,0.617642256,0.617642256,0.617642256,,,
10/01/1988,0.62264365,0.62264365,0.62264365,0.62264365,0.62264365,0.62264365,,,
11/01/1988,0.629343674,0.629343674,0.629343674,0.629343674,0.629343674,0.629343674,,,
12/01/1988,0.640697405,0.640697405,0.640697405,0.640697405,0.640697405,0.640697405,,,
01/01/1989,0.657581122,0.657581122,0.657581122,0.657581122,0.657581122,0.657581122,,,
02/01/1989,0.681197044,0.681197044,0.681197044,0.681197044,0.681197044,0.681197044,,,
03/01/1989,0.699626523,0.699626523,0.699626523,0.699626523,0.699626523,0.699626523,,,
04/01/1989,0.7257813,0.7257813,0.7257813,0.7257813,0.7257813,0.7257813,,,
05/01/1989,0.747424031,0.747424031,0.747424031,0.747424031,0.747424031,0.747424031,,,
06/01/1989,0.769906201,0.769906201,0.769906201,0.769906201,0.769906201,0.769906201,,,
07/01/1989,0.789927556,0.789927556,0.789927556,0.789927556,0.789927556,0.789927556,,,
08/01/1989,0.810071414,0.810071414,0.810071414,0.810071414,0.810071414,0.810071414,,,
09/01/1989,0.825255797,0.825255797,0.825255797,0.825255797,0.825255797,0.825255797,,,
10/01/1989,0.834893195,0.834893195,0.834893195,0.834893195,0.834893195,0.834893195,,,
11/01/1989,0.845280203,0.845280203,0.845280203,0.845280203,0.845280203,0.845280203,,,
12/01/1989,0.860350342,0.860350342,0.860350342,0.860350342,0.860350342,0.860350342,,,
01/01/1990,0.876630882,0.876630882,0.876630882,0.876630882,0.876630882,0.876630882,,,
02/01/1990,0.894134807,0.894134807,0.894134807,0.894134807,0.894134807,0.894134807,,,
03/01/1990,0.904703615,0.904703615,0.904703615,0.904703615,0.904703615,0.904703615,,,
04/01/1990,0.916077015,0.916077015,0.916077015,0.916077015,0.916077015,0.916077015,,,
05/01/1990,0.937732553,0.937732553,0.937732553,0.937732553,0.937732553,0.937732553,,,
06/01/1990,0.961425228,0.961425228,0.961425228,0.961425228,0.961425228,0.961425228,,,
07/01/1990,0.979086621,0.979086621,0.979086621,0.979086621,0.979086621,0.979086621,,,
08/01/1990,1.000714954,1.000714954,1.000714954,1.000714954,1.000714954,1.000714954,,,
09/01/1990,1.030082912,1.030082912,1.030082912,1.030082912,1.030082912,1.030082912,,,
10/01/1990,1.051685963,1.051685963,1.051685963,1.051685963,1.051685963,1.051685963,,,
11/01/1990,1.078545737,1.078545737,1.078545737,1.078545737,1.078545737,1.078545737,,,
12/01/1990,1.110855121,1.110855121,1.110855121,1.110855121,1.110855121,1.110855121,,,
01/01/1991,1.144464002,1.144464002,1.144464002,1.144464002,1.144464002,1.144464002,,,
02/01/1991,1.165524889,1.165524889,1.165524889,1.165524889,1.165524889,1.165524889,,,
03/01/1991,1.17948116,1.17948116,1.17948116,1.17948116,1.17948116,1.17948116,,,
04/01/1991,1.196568972,1.196568972,1.196568972,1.196568972,1.196568972,1.196568972,,,
05/01/1991,1.214126396,1.214126396,1.214126396,1.214126396,1.214126396,1.214126396,,,
06/01/1991,1.226323007,1.226323007,1.226323007,1.226323007,1.226323007,1.226323007,,,
07/01/1991,1.238333547,1.238333547,1.238333547,1.238333547,1.238333547,1.238333547,,,
08/01/1991,1.24777039,1.24777039,1.24777039,1.24777039,1.24777039,1.24777039,,,
09/01/1991,1.257623335,1.257623335,1.257623335,1.257623335,1.257623335,1.257623335,,,
10/01/1991,1.266649193,1.266649193,1.266649193,1.266649193,1.266649193,1.266649193,,,
11/01/1991,1.276231093,1.276231093,1.276231093,1.276231093,1.276231093,1.276231093,,,
12/01/1991,1.284623476,1.284623476,1.284623476,1.284623476,1.284623476,1.284623476,,,
01/01/1992,1.292247676,1.292247676,1.292247676,1.292247676,1.292247676,1.292247676,,,
02/01/1992,1.301631232,1.301631232,1.301631232,1.301631232,1.301631232,1.301631232,,,
03/01/1992,1.309896597,1.309896597,1.309896597,1.309896597,1.309896597,1.309896597,,,
04/01/1992,1.326885937,1.326885937,1.326885937,1.326885937,1.326885937,1.326885937,,,
05/01/1992,1.346179782,1.346179782,1.346179782,1.346179782,1.346179782,1.346179782,,,
06/01/1992,1.378317578,1.378317578,1.378317578,1.378317578,1.378317578,1.378317578,,,
07/01/1992,1.398907601,1.398907601,1.398907601,1.398907601,1.398907601,1.398907601,,,
08/01/1992,1.427218723,1.427218723,1.427218723,1.427218723,1.427218723,1.427218723,,,
09/01/1992,1.453291553,1.453291553,1.453291553,1.453291553,1.453291553,1.453291553,,,
10/01/1992,1.480219288,1.480219288,1.480219288,1.480219288,1.480219288,1.480219288,,,
11/01/1992,1.508299518,1.508299518,1.508299518,1.508299518,1.508299518,1.508299518,,,
12/01/1992,1.535075141,1.535075141,1.535075141,1.535075141,1.535075141,1.535075141,,,
01/01/1993,1.558855898,1.558855898,1.558855898,1.558855898,1.558855898,1.558855898,,,
02/01/1993,1.574564598,1.574564598,1.574564598,1.574564598,1.574564598,1.574564598,,,
03/01/1993,1.585535676,1.585535676,1.585535676,1.585535676,1.585535676,1.585535676,,,
04/01/1993,1.594934119,1.594934119,1.594934119,1.594934119,1.594934119,1.594934119,,,
05/01/1993,1.606354588,1.606354588,1.606354588,1.606354588,1.606354588,1.606354588,,,
06/01/1993,1.616229073,1.616229073,1.616229073,1.616229073,1.616229073,1.616229073,,,
07/01/1993,1.627512444,1.627512444,1.627512444,1.627512444,1.627512444,1.627512444,,,
08/01/1993,1.638507648,1.638507648,1.638507648,1.638507648,1.638507648,1.638507648,,,
09/01/1993,1.651010607,1.651010607,1.651010607,1.651010607,1.651010607,1.651010607,,,
10/01/1993,1.661033646,1.661033646,1.661033646,1.661033646,1.661033646,1.661033646,,,
11/01/1993,1.671732495,1.671732495,1.671732495,1.671732495,1.671732495,1.671732495,,,
12/01/1993,1.684420254,1.684420254,1.684420254,1.684420254,1.684420254,1.684420254,,,
01/01/1994,1.694319661,1.694319661,1.694319661,1.694319661,1.694319661,1.694319661,,,
02/01/1994,1.703734309,1.703734309,1.703734309,1.703734309,1.703734309,1.703734309,,,
03/01/1994,1.714867408,1.714867408,1.714867408,1.714867408,1.714867408,1.714867408,,,
04/01/1994,1.724356865,1.724356865,1.724356865,1.724356865,1.724356865,1.724356865,,,
05/01/1994,1.734326658,1.734326658,1.734326658,1.734326658,1.734326658,1.734326658,,,
06/01/1994,1.743632596,1.743632596,1.743632596,1.743632596,1.743632596,1.743632596,,,
07/01/1994,1.752427147,1.752427147,1.752427147,1.752427147,1.752427147,1.752427147,,,
08/01/1994,1.764634422,1.764634422,1.764634422,1.764634422,1.764634422,1.764634422,,,
09/01/1994,1.783072748,1.783072748,1.783072748,1.783072748,1.783072748,1.783072748,,,
10/01/1994,1.802676992,1.802676992,1.802676992,1.802676992,1.802676992,1.802676992,,,
11/01/1994,1.819620173,1.819620173,1.819620173,1.819620173,1.819620173,1.819620173,,,
12/01/1994,1.833240216,1.833240216,1.833240216,1.833240216,1.833240216,1.833240216,,,
01/01/1995,1.844574557,1.844574557,1.844574557,1.844574557,1.844574557,1.844574557,,,
02/01/1995,1.854296078,1.854296078,1.854296078,1.854296078,1.854296078,1.854296078,,,
03/01/1995,1.863388497,1.863388497,1.863388497,1.863388497,1.863388497,1.863388497,,,
04/01/1995,1.871627677,1.871627677,1.871627677,1.871627677,1.871627677,1.871627677,,,
05/01/1995,1.877687325,1.877687325,1.877687325,1.877687325,1.877687325,1.877687325,,,
06/01/1995,1.883606632,1.883606632,1.883606632,1.883606632,1.883606632,1.883606632,,,
07/01/1995,1.888705778,1.888705778,1.888705778,1.888705778,1.888705778,1.888705778,,,
08/01/1995,1.893431681,1.893431681,1.893431681,1.893431681,1.893431681,1.893431681,,,
09/01/1995,1.897499564,1.897499564,1.897499564,1.897499564,1.897499564,1.897499564,,,
10/01/1995,1.901293025,1.901293025,1.901293025,1.901293025,1.901293025,1.901293025,,,
11/01/1995,1.904472326,1.904472326,1.904472326,1.904472326,1.904472326,1.904472326,,,
12/01/1995,1.908428926,1.908428926,1.908428926,1.908428926,1.908428926,1.908428926,,,
01/01/1996,1.912064205,1.912064205,1.912064205,1.912064205,1.912064205,1.912064205,,,
02/01/1996,1.915907439,1.915907439,1.915907439,1.915907439,1.915907439,1.915907439,,,
03/01/1996,1.919141478,1.919141478,1.919141478,1.919141478,1.919141478,1.919141478,,,
04/01/1996,1.922527436,1.922527436,1.922527436,1.922527436,1.922527436,1.922527436,,,
05/01/1996,1.925805421,1.925805421,1.925805421,1.925805421,1.925805421,1.925805421,,,
06/01/1996,1.929504907,1.929504907,1.929504907,1.929504907,1.929504907,1.929504907,,,
07/01/1996,1.932859483,1.932859483,1.932859483,1.932859483,1.932859483,1.932859483,,,
08/01/1996,1.936229027,1.936229027,1.936229027,1.936229027,1.936229027,1.936229027,,,
09/01/1996,1.939485234,1.939485234,1.939485234,1.939485234,1.939485234,1.939485234,,,
10/01/1996,1.942585624,1.942585624,1.942585624,1.942585624,1.942585624,1.942585624,,,
11/01/1996,1.945826822,1.945826822,1.945826822,1.945826822,1.945826822,1.945826822,,,
12/01/1996,1.948758245,1.948758245,1.948758245,1.948758245,1.948758245,1.948758245,,,
01/01/1997,1.951638054,1.951638054,1.951638054,1.951638054,1.951638054,1.951638054,,,
02/01/1997,1.954442802,1.954442802,1.954442802,1.954442802,1.954442802,1.954442802,,,
03/01/1997,1.956925554,1.956925554,1.956925554,1.956925554,1.956925554,1.956925554,,,
04/01/1997,1.959255775,1.959255775,1.959255775,1.959255775,1.959255775,1.959255775,,,
05/01/1997,1.962034454,1.962034454,1.962034454,1.962034454,1.962034454,1.962034454,,,
06/01/1997,1.965469192,1.965469192,1.965469192,1.965469192,1.965469192,1.965469192,,,
07/01/1997,1.968491493,1.968491493,1.968491493,1.968491493,1.968491493,1.968491493,,,
08/01/1997,1.971898157,1.971898157,1.971898157,1.971898157,1.971898157,1.971898157,,,
09/01/1997,1.975268921,1.975268921,1.975268921,1.975268921,1.975268921,1.975268921,,,
10/01/1997,1.978660577,1.978660577,1.978660577,1.978660577,1.978660577,1.978660577,,,
11/01/1997,1.982122452,1.982122452,1.982122452,1.982122452,1.982122452,1.982122452,,,
12/01/1997,1.985159646,1.985159646,1.985159646,1.985159646,1.985159646,1.985159646,,,
01/01/1998,1.987926235,1.987926235,1.987926235,1.987926235,1.987926235,1.987926235,,,
02/01/1998,1.990686832,1.990686832,1.990686832,1.990686832,1.990686832,1.990686832,,,
03/01/1998,1.992611985,1.992611985,1.992611985,1.992611985,1.992611985,1.992611985,,,
04/01/1998,1.994759096,1.994759096,1.994759096,1.994759096,1.994759096,1.994759096,,,
05/01/1998,1.99703163,1.99703163,1.99703163,1.99703163,1.99703163,1.99703163,,,
06/01/1998,1.999283658,1.999283658,1.999283658,1.999283658,1.999283658,1.999283658,,,
07/01/1998,2.001266594,2.001266594,2.001266594,2.001266594,2.001266594,2.001266594,,,
08/01/1998,2.002765495,2.002765495,2.002765495,2.002765495,2.002765495,2.002765495,,,
09/01/1998,2.004861933,2.004861933,2.004861933,2.004861933,2.004861933,2.004861933,,,
10/01/1998,2.006752075,2.006752075,2.006752075,2.006752075,2.006752075,2.006752075,,,
11/01/1998,2.008726464,2.008726464,2.008726464,2.008726464,2.008726464,2.008726464,,,
12/01/1998,2.010591974,2.010591974,2.010591974,2.010591974,2.010591974,2.010591974,,,
01/01/1999,2.012466215,2.012466215,2.012466215,2.012466215,2.012466215,2.012466215,,,
02/01/1999,2.014188148,2.014188148,2.014188148,2.014188148,2.014188148,2.014188148,,,
03/01/1999,2.015703261,2.015703261,2.015703261,2.015703261,2.015703261,2.015703261,,,
04/01/1999,2.017478954,2.017478954,2.017478954,2.017478954,2.017478954,2.017478954,,,
05/01/1999,2.019288627,2.019288627,2.019288627,2.019288627,2.019288627,2.019288627,,,
06/01/1999,2.021217062,2.021217062,2.021217062,2.021217062,2.021217062,2.021217062,,,
07/01/1999,2.022804531,2.022804531,2.022804531,2.022804531,2.022804531,2.022804531,,,
08/01/1999,2.024668402,2.024668402,2.024668402,2.024668402,2.024668402,2.024668402,,,
09/01/1999,2.026363178,2.026363178,2.026363178,2.026363178,2.026363178,2.026363178,,,
10/01/1999,2.028748149,2.028748149,2.028748149,2.028748149,2.028748149,2.028748149,,,
11/01/1999,2.030744413,2.030744413,2.030744413,2.030744413,2.030744413,2.030744413,,,
12/01/1999,2.032701637,2.032701637,2.032701637,2.032701637,2.032701637,2.032701637,,,
01/01/2000,2.034324812,2.034324812,2.034324812,2.034324812,2.034324812,2.034324812,,,
02/01/2000,2.036351903,2.036351903,2.036351903,2.036351903,2.036351903,2.036351903,,,
03/01/2000,2.038067508,2.038067508,2.038067508,2.038067508,2.038067508,2.038067508,,,
04/01/2000,2.039578397,2.039578397,2.039578397,2.039578397,2.039578397,2.039578397,,,
05/01/2000,2.040967316,2.040967316,2.040967316,2.040967316,2.040967316,2.040967316,,,
06/01/2000,2.042274079,2.042274079,2.042274079,2.042274079,2.042274079,2.042274079,,,
07/01/2000,2.043608893,2.043608893,2.043608893,2.043608893,2.043608893,2.043608893,,,
08/01/2000,2.044752066,2.044752066,2.044752066,2.044752066,2.044752066,2.044752066,,,
09/01/2000,2.045885232,2.045885232,2.045885232,2.045885232,2.045885232,2.045885232,,,
10/01/2000,2.047275048,2.047275048,2.047275048,2.047275048,2.047275048,2.047275048,,,
11/01/2000,2.048638702,2.048638702,2.048638702,2.048638702,2.048638702,2.048638702,,,
12/01/2000,2.049809621,2.049809621,2.049809621,2.049809621,2.049809621,2.049809621,,,
01/01/2001,2.050732384,2.050732384,2.050732384,2.050732384,2.050732384,2.050732384,,,
02/01/2001,2.051847093,2.051847093,2.051847093,2.051847093,2.051847093,2.051847093,,,
03/01/2001,2.052669155,2.052669155,2.052669155,2.052669155,2.052669155,2.052669155,,,
04/01/2001,2.05371581,2.05371581,2.05371581,2.05371581,2.05371581,2.05371581,,,
05/01/2001,2.054975143,2.054975143,2.054975143,2.054975143,2.054975143,2.054975143,,,
06/01/2001,2.056297489,2.056297489,2.056297489,2.056297489,2.056297489,2.056297489,,,
07/01/2001,2.057341826,2.057341826,2.057341826,2.057341826,2.057341826,2.057341826,,,
08/01/2001,2.058852553,2.058852553,2.058852553,2.058852553,2.058852553,2.058852553,,,
09/01/2001,2.060124132,2.060124132,2.060124132,2.060124132,2.060124132,2.060124132,,,
10/01/2001,2.06177622,2.06177622,2.06177622,2.06177622,2.06177622,2.06177622,,,
11/01/2001,2.063288905,2.063288905,2.063288905,2.063288905,2.063288905,2.063288905,,,
12/01/2001,2.064553122,2.064553122,2.064553122,2.064553122,2.064553122,2.064553122,,,
01/01/2002,2.066110118,2.066110118,2.066110118,2.066110118,2.066110118,2.066110118,,,
02/01/2002,2.067925861,2.067925861,2.067925861,2.067925861,2.067925861,2.067925861,,,
03/01/2002,2.069717276,2.069717276,2.069717276,2.069717276,2.069717276,2.069717276,,,
04/01/2002,2.071570602,2.071570602,2.071570602,2.071570602,2.071570602,2.071570602,,,
05/01/2002,2.073263309,2.073263309,2.073263309,2.073263309,2.073263309,2.073263309,,,
06/01/2002,2.075207892,2.075207892,2.075207892,2.075207892,2.075207892,2.075207892,,,
07/01/2002,2.077075908,2.077075908,2.077075908,2.077075908,2.077075908,2.077075908,,,
08/01/2002,2.078979661,2.078979661,2.078979661,2.078979661,2.078979661,2.078979661,,,
09/01/2002,2.080704843,2.080704843,2.080704843,2.080704843,2.080704843,2.080704843,,,
10/01/2002,2.082364755,2.082364755,2.082364755,2.082364755,2.082364755,2.082364755,,,
11/01/2002,2.084403851,2.084403851,2.084403851,2.084403851,2.084403851,2.084403851,,,
12/01/2002,2.086017837,2.086017837,2.086017837,2.086017837,2.086017837,2.086017837,,,
01/01/2003,2.08769581,2.08769581,2.08769581,2.08769581,2.08769581,2.08769581,,,
02/01/2003,2.088998021,2.088998021,2.088998021,2.088998021,2.088998021,2.088998021,,,
03/01/2003,2.090416596,2.090416596,2.090416596,2.090416596,2.090416596,2.090416596,,,
04/01/2003,2.092159878,2.092159878,2.092159878,2.092159878,2.092159878,2.092159878,,,
05/01/2003,2.093689704,2.093689704,2.093689704,2.093689704,2.093689704,2.093689704,,,
06/01/2003,2.095497462,2.095497462,2.095497462,2.095497462,2.095497462,2.095497462,,,
07/01/2003,2.097013254,2.097013254,2.097013254,2.097013254,2.097013254,2.097013254,,,
08/01/2003,2.098769091,2.098769091,2.098769091,2.098769091,2.098769091,2.098769091,,,
09/01/2003,2.100199755,2.100199755,2.100199755,2.100199755,2.100199755,2.100199755,,,
10/01/2003,2.101907863,2.101907863,2.101907863,2.101907863,2.101907863,2.101907863,,,
11/01/2003,2.103548796,2.103548796,2.103548796,2.103548796,2.103548796,2.103548796,,,
12/01/2003,2.105288528,2.105288528,2.105288528,2.105288528,2.105288528,2.105288528,,,
01/01/2004,2.106827076,2.106827076,2.106827076,2.106827076,2.106827076,2.106827076,,,
02/01/2004,2.108292655,2.108292655,2.108292655,2.108292655,2.108292655,2.108292655,,,
03/01/2004,2.109559898,2.109559898,2.109559898,2.109559898,2.109559898,2.109559898,,,
04/01/2004,2.111045908,2.111045908,2.111045908,2.111045908,2.111045908,2.111045908,,,
05/01/2004,2.112501736,2.112501736,2.112501736,2.112501736,2.112501736,2.112501736,,,
06/01/2004,2.113847162,2.113847162,2.113847162,2.113847162,2.113847162,2.113847162,,,
07/01/2004,2.115197014,2.115197014,2.115197014,2.115197014,2.115197014,2.115197014,,,
08/01/2004,2.11672199,2.11672199,2.11672199,2.11672199,2.11672199,2.11672199,,,
09/01/2004,2.118424131,2.118424131,2.118424131,2.118424131,2.118424131,2.118424131,,,
10/01/2004,2.119744394,2.119744394,2.119744394,2.119744394,2.119744394,2.119744394,,,
11/01/2004,2.12134765,2.12134765,2.12134765,2.12134765,2.12134765,2.12134765,,,
12/01/2004,2.122931163,2.122931163,2.122931163,2.122931163,2.122931163,2.122931163,,,
01/01/2005,2.124668122,2.124668122,2.124668122,2.124668122,2.124668122,2.124668122,,,
02/01/2005,2.126412957,2.126412957,2.126412957,2.126412957,2.126412957,2.126412957,,,
03/01/2005,2.127785557,2.127785557,2.127785557,2.127785557,2.127785557,2.127785557,,,
04/01/2005,2.129720781,2.129720781,2.129720781,2.129720781,2.129720781,2.129720781,,,
05/01/2005,2.131941527,2.131941527,2.131941527,2.131941527,2.131941527,2.131941527,,,
06/01/2005,2.133933995,2.133933995,2.133933995,2.133933995,2.133933995,2.133933995,,,
07/01/2005,2.135512275,2.135512275,2.135512275,2.135512275,2.135512275,2.135512275,,,
08/01/2005,2.136590996,2.136590996,2.136590996,2.136590996,2.136590996,2.136590996,,,
09/01/2005,2.138067099,2.138067099,2.138067099,2.138067099,2.138067099,2.138067099,,,
10/01/2005,2.139546794,2.139546794,2.139546794,2.139546794,2.139546794,2.139546794,,,
11/01/2005,2.140981574,2.140981574,2.140981574,2.140981574,2.140981574,2.140981574,,,
12/01/2005,2.14230787,2.14230787,2.14230787,2.14230787,2.14230787,2.14230787,,,
01/01/2006,2.143865425,2.143865425,2.143865425,2.143865425,2.143865425,2.143865425,,,
02/01/2006,2.145121843,2.145121843,2.145121843,2.145121843,2.145121843,2.145121843,,,
03/01/2006,2.14613236,2.14613236,2.14613236,2.14613236,2.14613236,2.14613236,,,
04/01/2006,2.147143527,2.147143527,2.147143527,2.147143527,2.147143527,2.147143527,,,
05/01/2006,2.148169999,2.148169999,2.148169999,2.148169999,2.148169999,2.148169999,,,
06/01/2006,2.149275551,2.149275551,2.149275551,2.149275551,2.149275551,2.149275551,,,
07/01/2006,2.150125666,2.150125666,2.150125666,2.150125666,2.150125666,2.150125666,,,
08/01/2006,2.151056089,2.151056089,2.151056089,2.151056089,2.151056089,2.151056089,,,
09/01/2006,2.151968986,2.151968986,2.151968986,2.151968986,2.151968986,2.151968986,,,
10/01/2006,2.152989584,2.152989584,2.152989584,2.152989584,2.152989584,2.152989584,,,
11/01/2006,2.153770464,2.153770464,2.153770464,2.153770464,2.153770464,2.153770464,,,
12/01/2006,2.154854663,2.154854663,2.154854663,2.154854663,2.154854663,2.154854663,,,
01/01/2007,2.155751575,2.155751575,2.155751575,2.155751575,2.155751575,2.155751575,,,
02/01/2007,2.156561982,2.156561982,2.156561982,2.156561982,2.156561982,2.156561982,,,
03/01/2007,2.157595949,2.157595949,2.157595949,2.157595949,2.157595949,2.157595949,,,
04/01/2007,2.158736834,2.158736834,2.158736834,2.158736834,2.158736834,2.158736834,,,
05/01/2007,2.160038815,2.160038815,2.160038815,2.160038815,2.160038815,2.160038815,,,
06/01/2007,2.161048013,2.161048013,2.161048013,2.161048013,2.161048013,2.161048013,,,
07/01/2007,2.16227296,2.16227296,2.16227296,2.16227296,2.16227296,2.16227296,,,
08/01/2007,2.163710881,2.163710881,2.163710881,2.163710881,2.163710881,2.163710881,,,
09/01/2007,2.16489969,2.16489969,2.16489969,2.16489969,2.16489969,2.16489969,,,
10/01/2007,2.166433777,2.166433777,2.166433777,2.166433777,2.166433777,2.166433777,,,
11/01/2007,2.167551063,2.167551063,2.167551063,2.167551063,2.167551063,2.167551063,,,
12/01/2007,2.169299755,2.169299755,2.169299755,2.169299755,2.169299755,2.169299755,,,
01/01/2008,2.170842169,2.170842169,2.170842169,2.170842169,2.170842169,2.170842169,,,
02/01/2008,2.17247931,2.17247931,2.17247931,2.17247931,2.17247931,2.17247931,,,
03/01/2008,2.174320162,2.174320162,2.174320162,2.174320162,2.174320162,2.174320162,,,
04/01/2008,2.176168092,2.176168092,2.176168092,2.176168092,2.176168092,2.176168092,,,
05/01/2008,2.177893563,2.177893563,2.177893563,2.177893563,2.177893563,2.177893563,,,
06/01/2008,2.179581558,2.179581558,2.179581558,2.179581558,2.179581558,2.179581558,,,
07/01/2008,2.181199482,2.181199482,2.181199482,2.181199482,2.181199482,2.181199482,,,
08/01/2008,2.183125969,2.183125969,2.183125969,2.183125969,2.183125969,2.183125969,,,
09/01/2008,2.184893794,2.184893794,2.184893794,2.184893794,2.184893794,2.184893794,,,
10/01/2008,2.186717952,2.186717952,2.186717952,2.186717952,2.186717952,2.186717952,,,
11/01/2008,2.188370872,2.188370872,2.188370872,2.188370872,2.188370872,2.188370872,,,
12/01/2008,2.190406346,2.190406346,2.190406346,2.190406346,2.190406346,2.190406346,,,
01/01/2009,2.192418428,2.192418428,2.192418428,2.192418428,2.192418428,2.192418428,,,
02/01/2009,2.194554596,2.194554596,2.194554596,2.194554596,2.194554596,2.194554596,,,
03/01/2009,2.196445761,2.196445761,2.196445761,2.196445761,2.196445761,2.196445761,,,
04/01/2009,2.198829016,2.198829016,2.198829016,2.198829016,2.198829016,2.198829016,,,
05/01/2009,2.201265887,2.201265887,2.201265887,2.201265887,2.201265887,2.201265887,,,
06/01/2009,2.203410007,2.203410007,2.203410007,2.203410007,2.203410007,2.203410007,,,
07/01/2009,2.205430678,2.205430678,2.205430678,2.205430678,2.205430678,2.205430678,,,
08/01/2009,2.207580732,2.207580732,2.207580732,2.207580732,2.207580732,2.207580732,,,
09/01/2009,2.209540812,2.209540812,2.209540812,2.209540812,2.209540812,2.209540812,,,
10/01/2009,2.211511431,2.211511431,2.211511431,2.211511431,2.211511431,2.211511431,,,
11/01/2009,2.213340841,2.213340841,2.213340841,2.213340841,2.213340841,2.213340841,,,
12/01/2009,2.215104791,2.215104791,2.215104791,2.215104791,2.215104791,2.215104791,,,
01/01/2010,2.216854387,2.216854387,2.216854387,2.216854387,2.216854387,2.216854387,,,
02/01/2010,2.218864497,2.218864497,2.218864497,2.218864497,2.218864497,2.218864497,,,
03/01/2010,2.220598775,2.220598775,2.220598775,2.220598775,2.220598775,2.220598775,,,
04/01/2010,2.222393308,2.222393308,2.222393308,2.222393308,2.222393308,2.222393308,,,
05/01/2010,2.224180471,2.224180471,2.224180471,2.224180471,2.224180471,2.224180471,,,
06/01/2010,2.226396452,2.226396452,2.226396452,2.226396452,2.226396452,2.226396452,,,
07/01/2010,2.228373086,2.228373086,2.228373086,2.228373086,2.228373086,2.228373086,,,
08/01/2010,2.230397744,2.230397744,2.230397744,2.230397744,2.230397744,2.230397744,,,
09/01/2010,2.23265959,2.23265959,2.23265959,2.23265959,2.23265959,2.23265959,,,
10/01/2010,2.234797122,2.234797122,2.234797122,2.234797122,2.234797122,2.234797122,,,
11/01/2010,2.237002878,2.237002878,2.237002878,2.237002878,2.237002878,2.237002878,,,
12/01/2010,2.23910427,2.23910427,2.23910427,2.23910427,2.23910427,2.23910427,,,
01/01/2011,2.241233647,2.241233647,2.241233647,2.241233647,2.241233647,2.241233647,,,
02/01/2011,2.243202656,2.243202656,2.243202656,2.243202656,2.243202656,2.243202656,,,
03/01/2011,2.245019121,2.245019121,2.245019121,2.245019121,2.245019121,2.245019121,,,
04/01/2011,2.24661998,2.24661998,2.24661998,2.24661998,2.24661998,2.24661998,,,
05/01/2011,2.248035631,2.248035631,2.248035631,2.248035631,2.248035631,2.248035631,,,
06/01/2011,2.249691205,2.249691205,2.249691205,2.249691205,2.249691205,2.249691205,,,
07/01/2011,2.251288791,2.251288791,2.251288791,2.251288791,2.251288791,2.251288791,,,
08/01/2011,2.252755447,2.252755447,2.252755447,2.252755447,2.252755447,2.252755447,,,
09/01/2011,2.254167662,2.254167662,2.254167662,2.254167662,2.254167662,2.254167662,,,
10/01/2011,2.255474358,2.255474358,2.255474358,2.255474358,2.255474358,2.255474358,,,
11/01/2011,2.256712662,2.256712662,2.256712662,2.256712662,2.256712662,2.256712662,,,
12/01/2011,2.257675644,2.257675644,2.257675644,2.257675644,2.257675644,2.257675644,,,
01/01/2012,2.259056762,2.259056762,2.259056762,2.259056762,2.259056762,2.259056762,,,
02/01/2012,2.26053057,2.26053057,2.26053057,2.26053057,2.26053057,2.26053057,,,
03/01/2012,2.261905302,2.261905302,2.261905302,2.261905302,2.261905302,2.261905302,,,
04/01/2012,2.263543391,2.263543391,2.263543391,2.263543391,2.263543391,2.263543391,,,
05/01/2012,2.264879547,2.264879547,2.264879547,2.264879547,2.264879547,2.264879547,,,
06/01/2012,2.266737047,2.266737047,2.266737047,2.266737047,2.266737047,2.266737047,,,
07/01/2012,2.268576055,2.268576055,2.268576055,2.268576055,2.268576055,2.268576055,,,
08/01/2012,2.27050375,2.27050375,2.27050375,2.27050375,2.27050375,2.27050375,,,
09/01/2012,2.272353722,2.272353722,2.272353722,2.272353722,2.272353722,2.272353722,,,
10/01/2012,2.274323077,2.274323077,2.274323077,2.274323077,2.274323077,2.274323077,,,
11/01/2012,2.276411597,2.276411597,2.276411597,2.276411597,2.276411597,2.276411597,,,
12/01/2012,2.278519499,2.278519499,2.278519499,2.278519499,2.278519499,2.278519499,,,
01/01/2013,2.280738403,2.280738403,2.280738403,2.280738403,2.280738403,2.280738403,,,
02/01/2013,2.282947821,2.282947821,2.282947821,2.282947821,2.282947821,2.282947821,,,
03/01/2013,2.284803846,2.284803846,2.284803846,2.284803846,2.284803846,2.284803846,,,
04/01/2013,2.286597263,2.286597263,2.286597263,2.286597263,2.286597263,2.286597263,,,
05/01/2013,2.288719949,2.288719949,2.288719949,2.288719949,2.288719949,2.288719949,,,
06/01/2013,2.291474985,2.291474985,2.291474985,2.291474985,2.291474985,2.291474985,,,
07/01/2013,2.294223754,2.294223754,2.294223754,2.294223754,2.294223754,2.294223754,,,
08/01/2013,2.297536496,2.297536496,2.297536496,2.297536496,2.297536496,2.297536496,,,
09/01/2013,2.30137888,2.30137888,2.30137888,2.30137888,2.30137888,2.30137888,,,
10/01/2013,2.305830377,2.305830377,2.305830377,2.305830377,2.305830377,2.305830377,,,
11/01/2013,2.310811071,2.310811071,2.310811071,2.310811071,2.310811071,2.310811071,,,
12/01/2013,2.316286217,2.316286217,2.316286217,2.316286217,2.316286217,2.316286217,,,
01/01/2014,2.322375778,2.322375778,2.322375778,2.322375778,2.322375778,2.322375778,,,
02/01/2014,2.32852336,2.32852336,2.32852336,2.32852336,2.32852336,2.32852336,,,
03/01/2014,2.334375323,2.334375323,2.334375323,2.334375323,2.334375323,2.334375323,,,
04/01/2014,2.340841773,2.340841773,2.340841773,2.340841773,2.340841773,2.340841773,,,
05/01/2014,2.34682416,2.34682416,2.34682416,2.34682416,2.34682416,2.34682416,,,
06/01/2014,2.353042747,2.353042747,2.353042747,2.353042747,2.353042747,2.353042747,,,
07/01/2014,2.359310719,2.359310719,2.359310719,2.359310719,2.359310719,2.359310719,,,
08/01/2014,2.365571308,2.365571308,2.365571308,2.365571308,2.365571308,2.365571308,,,
09/01/2014,2.371700391,2.371700391,2.371700391,2.371700391,2.371700391,2.371700391,,,
10/01/2014,2.377372164,2.377372164,2.377372164,2.377372164,2.377372164,2.377372164,,,
11/01/2014,2.3846834,2.3846834,2.3846834,2.3846834,2.3846834,2.3846834,,,
12/01/2014,2.391147726,2.391147726,2.391147726,2.391147726,2.391147726,2.391147726,,,
01/01/2015,2.398772347,2.398772347,2.398772347,2.398772347,2.398772347,2.398772347,,,
02/01/2015,2.405309246,2.405309246,2.405309246,2.405309246,2.405309246,2.405309246,,,
03/01/2015,2.410962788,2.410962788,2.410962788,2.410962788,2.410962788,2.410962788,,,
04/01/2015,2.417846781,2.417846781,2.417846781,2.417846781,2.417846781,2.417846781,,,
05/01/2015,2.423673742,2.423673742,2.423673742,2.423673742,2.423673742,2.423673742,,,
06/01/2015,2.429747264,2.429747264,2.429747264,2.429747264,2.429747264,2.429747264,,,
07/01/2015,2.436858674,2.436858674,2.436858674,2.436858674,2.436858674,2.436858674,,,
08/01/2015,2.444195706,2.444195706,2.444195706,2.444195706,2.444195706,2.444195706,,,
09/01/2015,2.452184082,2.452184082,2.452184082,2.452184082,2.452184082,2.452184082,,,
10/01/2015,2.460088371,2.460088371,2.460088371,2.460088371,2.460088371,2.460088371,,,
11/01/2015,2.469328252,2.469328252,2.469328252,2.469328252,2.469328252,2.469328252,,,
12/01/2015,2.479572992,2.479572992,2.479572992,2.479572992,2.479572992,2.479572992,,,
01/01/2016,2.488519588,2.488519588,2.488519588,2.488519588,2.488519588,2.488519588,,,
02/01/2016,2.495726932,2.495726932,2.495726932,2.495726932,2.495726932,2.495726932,,,
03/01/2016,2.502479849,2.502479849,2.502479849,2.502479849,2.502479849,2.502479849,,,
04/01/2016,2.510006562,2.510006562,2.510006562,2.510006562,2.510006562,2.510006562,,,
05/01/2016,2.517547745,2.517547745,2.517547745,2.517547745,2.517547745,2.517547745,,,
06/01/2016,2.531746172,2.531746172,2.531746172,2.531746172,2.531746172,2.531746172,,,
07/01/2016,2.543952967,2.543952967,2.543952967,2.543952967,2.543952967,2.543952967,,,
08/01/2016,2.558811447,2.558811447,2.558811447,2.558811447,2.558811447,2.558811447,,,
09/01/2016,2.579262757,2.579262757,2.579262757,2.579262757,2.579262757,2.579262757,,,
10/01/2016,2.600288001,2.600288001,2.600288001,2.600288001,2.600288001,2.600288001,,,
11/01/2016,2.625941556,2.625941556,2.625941556,2.625941556,2.625941556,2.625941556,,,
12/01/2016,2.648988366,2.648988366,2.648988366,2.648988366,2.648988366,2.648988366,,,
01/01/2017,2.66597736,2.66597736,2.66597736,2.66597736,2.66597736,2.66597736,,,
02/01/2017,2.676782119,2.676782119,2.676782119,2.676782119,2.676782119,2.676782119,,,
03/01/2017,2.684796905,2.684796905,2.684796905,2.684796905,2.684796905,2.684796905,,,
04/01/2017,2.691917428,2.691917428,2.691917428,2.691917428,2.691917428,2.691917428,,,
05/01/2017,2.697392976,2.697392976,2.697392976,2.697392976,2.697392976,2.697392976,,,
06/01/2017,2.703201806,2.703201806,2.703201806,2.703201806,2.703201806,2.703201806,,,
07/01/2017,2.708537789,2.708537789,2.708537789,2.708537789,2.708537789,2.708537789,,,
08/01/2017,2.714109387,2.714109387,2.714109387,2.714109387,2.714109387,2.714109387,,,
09/01/2017,2.719545842,2.719545842,2.719545842,2.719545842,2.719545842,2.719545842,,,
10/01/2017,2.724951579,2.724951579,2.724951579,2.724951579,2.724951579,2.724951579,,,
11/01/2017,2.730532061,2.730532061,2.730532061,2.730532061,2.730532061,2.730532061,,,
12/01/2017,2.735727505,2.735727505,2.735727505,2.735727505,2.735727505,2.735727505,,,
01/01/2018,2.741363933,2.741363933,2.741363933,2.741363933,2.741363933,2.741363933,,,
02/01/2018,2.746761406,2.746761406,2.746761406,2.746761406,2.746761406,2.746761406,,,
03/01/2018,2.751423628,2.751423628,2.751423628,2.751423628,2.751423628,2.751423628,,,
04/01/2018,2.756437137,2.756437137,2.756437137,2.756437137,2.756437137,2.756437137,,,
05/01/2018,2.761295486,2.761295486,2.761295486,2.761295486,2.761295486,2.761295486,,,
06/01/2018,2.767001105,2.767001105,2.767001105,2.767001105,2.767001105,2.767001105,,,
07/01/2018,2.774573902,2.774573902,2.774573902,2.774573902,2.774573902,2.774573902,,,
08/01/2018,2.783290383,2.783290383,2.783290383,2.783290383,2.783290383,2.783290383,,,
09/01/2018,2.793807469,2.793807469,2.793807469,2.793807469,2.793807469,2.793807469,,,
10/01/2018,2.810969598,2.810969598,2.810969598,2.810969598,2.810969598,2.810969598,,,
11/01/2018,2.830999508,2.830999508,2.830999508,2.830999508,2.830999508,2.830999508,,,
12/01/2018,2.849771477,2.849771477,2.849771477,2.849771477,2.849771477,2.849771477,,,
01/01/2019,2.862574197,2.862574197,2.862574197,2.862574197,2.862574197,2.862574197,,,
02/01/2019,2.87192654,2.87192654,2.87192654,2.87192654,2.87192654,2.87192654,,,
03/01/2019,2.879154037,2.879154037,2.879154037,2.879154037,2.879154037,2.879154037,,,
04/01/2019,2.886410129,2.886410129,2.886410129,2.886410129,2.886410129,2.886410129,,,
05/01/2019,2.892752984,2.892752984,2.892752984,2.892752984,2.892752984,2.892752984,,,
06/01/2019,2.900357881,2.900357881,2.900357881,2.900357881,2.900357881,2.900357881,,,
07/01/2019,2.907569877,2.907569877,2.907569877,2.907569877,2.907569877,2.907569877,,,
08/01/2019,2.914518129,2.914518129,2.914518129,2.914518129,2.914518129,2.914518129,,,
09/01/2019,2.920325323,2.920325323,2.920325323,2.920325323,2.920325323,2.920325323,,,
10/01/2019,2.925935321,2.925935321,2.925935321,2.925935321,2.925935321,2.925935321,,,
11/01/2019,2.931402683,2.931402683,2.931402683,2.931402683,2.931402683,2.931402683,,,
12/01/2019,2.936666044,2.936666044,2.936666044,2.936666044,2.936666044,2.936666044,,,
01/01/2020,2.941925565,2.941925565,2.941925565,2.941925565,2.941925565,2.941925565,,,
02/01/2020,2.947518235,2.947518235,2.947518235,2.947518235,2.947518235,2.947518235,,,
03/01/2020,2.954809994,2.954809994,2.954809994,2.954809994,2.954809994,2.954809994,,,
04/01/2020,2.970068223,2.970068223,2.970068223,2.970068223,2.970068223,2.970068223,,,
05/01/2020,2.984332721,2.984332721,2.984332721,2.984332721,2.984332721,2.984332721,,,
06/01/2020,2.994328886,2.994328886,2.994328886,2.994328886,2.994328886,2.994328886,,,
07/01/2020,3.001666895,3.001666895,3.001666895,3.001666895,3.001666895,3.001666895,,,
08/01/2020,3.008464384,3.008464384,3.008464384,3.008464384,3.008464384,3.008464384,,,
09/01/2020,3.01415859,3.01415859,3.01415859,3.01415859,3.01415859,3.01415859,,,
10/01/2020,3.01933728,3.01933728,3.01933728,3.01933728,3.01933728,3.01933728,,,
11/01/2020,3.023906219,3.023906219,3.023906219,3.023906219,3.023906219,3.023906219,,,
12/01/2020,3.028568163,3.028568163,3.028568163,3.028568163,3.028568163,3.028568163,,,
01/01/2021,3.033408091,3.033408091,3.033408091,3.033408091,3.033408091,3.033408091,,,
02/01/2021,3.038425825,3.038425825,3.038425825,3.038425825,3.038425825,3.038425825,,,
03/01/2021,3.043315853,3.043315853,3.043315853,3.043315853,3.043315853,3.043315853,,,
04/01/2021,3.048694894,3.048694894,3.048694894,3.048694894,3.048694894,3.048694894,,,
05/01/2021,3.054061054,3.054061054,3.054061054,3.054061054,3.054061054,3.054061054,,,
06/01/2021,3.060512022,3.060512022,3.060512022,3.060512022,3.060512022,3.060512022,,,
07/01/2021,3.067329038,3.067329038,3.067329038,3.067329038,3.067329038,3.067329038,,,
08/01/2021,3.075735294,3.075735294,3.075735294,3.075735294,3.075735294,3.075735294,,,
09/01/2021,3.085712442,3.085712442,3.085712442,3.085712442,3.085712442,3.085712442,,,
10/01/2021,3.096713439,3.096713439,3.096713439,3.096713439,3.096713439,3.096713439,,,
11/01/2021,3.111733731,3.111733731,3.111733731,3.111733731,3.111733731,3.111733731,,,
12/01/2021,3.129440217,3.129440217,3.129440217,3.129440217,3.129440217,3.129440217,,,
01/01/2022,3.143140611,3.143140611,3.143140611,3.143140611,3.143140611,3.143140611,,,
02/01/2022,3.154755842,3.154755842,3.154755842,3.154755842,3.154755842,3.154755842,,,
03/01/2022,3.163476348,3.163476348,3.163476348,3.163476348,3.163476348,3.163476348,,,
04/01/2022,3.171807996,3.171807996,3.171807996,3.171807996,3.171807996,3.171807996,,,
05/01/2022,3.179283685,3.179283685,3.179283685,3.179283685,3.179283685,3.179283685,,,
06/01/2022,3.189713064,3.189713064,3.189713064,3.189713064,3.189713064,3.189713064,,,
07/01/2022,3.205406371,3.205406371,3.205406371,3.205406371,3.205406371,3.205406371,,,
08/01/2022,3.227224963,3.227224963,3.227224963,3.227224963,3.227224963,3.227224963,,,
09/01/2022,3.253943483,3.253943483,3.253943483,3.253943483,3.253943483,3.253943483,,,
10/01/2022,3.280649703,3.280649703,3.280649703,3.280649703,3.280649703,3.280649703,,,
11/01/2022,3.311731311,3.311731311,3.311731311,3.311731311,3.311731311,3.311731311,,,
12/01/2022,3.342813634,3.342813634,3.342813634,3.342813634,3.342813634,3.342813634,,,
01/01/2023,3.367233973,3.367233973,3.367233973,3.367233973,3.367233973,3.367233973,,,
02/01/2023,3.384553128,3.384553128,3.384553128,3.384553128,3.384553128,3.384553128,,,
03/01/2023,3.397269214,3.397269214,3.397269214,3.397269214,3.397269214,3.397269214,,,
04/01/2023,3.408138803,3.408138803,3.408138803,3.408138803,3.408138803,3.408138803,,,
05/01/2023,3.416940673,3.416940673,3.416940673,3.416940673,3.416940673,3.416940673,,,
06/01/2023,3.424707414,3.424707414,3.424707414,3.424707414,3.424707414,3.424707414,,,
07/01/2023,3.431396903,3.431396903,3.431396903,3.431396903,3.431396903,3.431396903,,,
08/01/2023,3.43771251,3.43771251,3.43771251,3.43771251,3.43771251,3.43771251,,,
09/01/2023,3.443874094,3.443874094,3.443874094,3.443874094,3.443874094,3.443874094,,,
10/01/2023,3.449330685,3.449330685,3.449330685,3.449330685,3.449330685,3.449330685,,,
11/01/2023,3.454794621,3.454794621,3.454794621,3.454794621,3.454794621,3.454794621,,,
12/01/2023,3.459680888,3.459680888,3.459680888,3.459680888,3.459680888,3.459680888,,,
01/01/2024,3.463867125,3.463867125,3.463867125,3.463867125,3.463867125,3.463867125,,,
02/01/2024,3.467898143,3.46750076,3.46750076,3.46750076,3.467259959,3.466883719,,,
03/01/2024,3.471460531,3.470828262,3.470828262,3.470828262,3.47083932,3.470206,,,
04/01/2024,3.475094142,3.473890587,3.473890587,3.474594432,3.47466503,3.473766139,,,
05/01/2024,3.478450252,3.476732638,3.476732638,3.478536449,3.478360783,3.477244846,,,
06/01/2024,3.482038811,3.479540528,3.479540528,3.482773549,3.482171907,3.480854505,,,
07/01/2024,3.485510664,3.482082606,3.482082606,3.486815641,3.485852581,3.484362355,,,
08/01/2024,3.48909387,3.48452373,3.484730793,3.490976288,3.489647711,3.48800025,,,
09/01/2024,3.492672123,3.486788876,3.487413808,3.495122142,3.493434643,3.4916514,,,
10/01/2024,3.496129941,3.488839863,3.490009759,3.499120592,3.497091597,3.495197839,,,
11/01/2024,3.499697507,3.490814044,3.492689633,3.503238057,3.5008621,3.498874306,,,
12/01/2024,3.503144709,3.492588553,3.495280248,3.507209713,3.504503164,3.502444569,,,
01/01/2025,3.506701,3.49427793,3.497954007,3.511300659,3.508257201,3.506144929,,,
02/01/2025,3.510251424,3.495831152,3.500624518,3.515378723,3.512002906,3.509856659,,,
03/01/2025,3.513453305,3.497135316,3.503033795,3.519051587,3.51537924,3.513221455,,,
04/01/2025,3.516992085,3.49846127,3.505697718,3.523105203,3.519108898,3.51695574,,,
05/01/2025,3.520410897,3.499633475,3.508272403,3.527016284,3.522710391,3.520580479,,,
06/01/2025,3.523937413,3.500823633,3.510929347,3.53105047,3.526423588,3.524335751,,,
07/01/2025,3.527344318,3.502056701,3.51349724,3.534948241,3.530009268,3.527980461,,,
08/01/2025,3.530858399,3.503335575,3.51614704,3.538968738,3.533706149,3.531755913,,,
09/01/2025,3.534366008,3.504614494,3.518793081,3.542981765,3.537394693,3.535540899,,,
10/01/2025,3.537754432,3.505851709,3.521350264,3.546858266,3.540956535,3.539213753,,,
11/01/2025,3.541249281,3.507129522,3.523988872,3.550856216,3.544628845,3.543017699,,,
12/01/2025,3.544625266,3.508365463,3.526538771,3.554717814,3.548174995,3.546708526,,,
01/01/2026,3.548107231,3.509641859,3.529169814,3.55870409,3.551831178,3.550530734,,,
02/01/2026,3.551582638,3.510917472,3.531796991,3.562686996,3.555479235,3.554361676,,,
03/01/2026,3.554716362,3.512068966,3.534166763,3.566281238,3.558767659,3.557832183,,,
04/01/2026,3.558179292,3.513342971,3.536786557,3.570256278,3.562400388,3.561681322,,,
05/01/2026,3.561524399,3.514575039,3.539318209,3.574098789,3.565908477,3.565415244,,,
06/01/2026,3.564974476,3.515847242,3.541930359,3.578064452,3.56952558,3.569281354,,,
07/01/2026,3.568307123,3.517077484,3.544454578,3.581897274,3.5730186,3.573031476,,,
08/01/2026,3.571744341,3.518347735,3.547059037,3.585852411,3.576620227,3.576931075,,,
09/01/2026,3.575174947,3.519616876,3.549659503,3.589801713,3.580213967,3.580853388,,,
10/01/2026,3.578488737,3.520844046,3.552172371,3.593618,3.583684466,3.584672558,,,
11/01/2026,3.58190645,3.522111005,3.55476505,3.597555357,3.587262904,3.588646407,,,
12/01/2026,3.585207865,3.523336066,3.557270444,3.601359899,3.590718759,3.592525052,,,
01/01/2027,3.588612782,3.52460076,3.559855364,3.605284759,3.594282114,3.596563241,,,
02/01/2027,3.592011176,3.525864246,3.562436309,3.609202991,3.59783783,3.60063082,,,
03/01/2027,3.595075452,3.527004504,3.564764297,3.612736656,3.60104331,3.604334164,,,
04/01/2027,3.598461652,3.528265747,3.56733782,3.616642248,3.604584777,3.608461202,,,
05/01/2027,3.601732574,3.529485148,3.569824655,3.62041549,3.608005031,3.612482133,,,
06/01/2027,3.605106138,3.530743913,3.572390428,3.62430753,3.61153184,3.616662435,,,
07/01/2027,3.608364921,3.531960894,3.574869771,3.628067466,3.614937979,3.620732831,,,
08/01/2027,3.611725935,3.533217129,3.577427814,3.631945641,3.618450293,3.624962296,,,
09/01/2027,3.615080579,3.534472045,3.579981923,3.63581665,3.621955291,3.629214726,,,
10/01/2027,3.618321062,3.535685227,3.582449957,3.639556032,3.625340402,3.633353479,,,
11/01/2027,3.621663301,3.536937562,3.584996398,3.643412883,3.628831179,3.637653644,,,
12/01/2027,3.624891858,3.538148249,3.587457055,3.647138558,3.632202646,3.641837851,,,
01/01/2028,3.628221774,3.539397924,3.589995833,3.650981151,3.635679361,3.646182548,,,
02/01/2028,3.63154554,3.540646289,3.592530796,3.654816577,3.639149069,3.650548067,,,
03/01/2028,3.63464946,3.541812912,3.594898833,3.658398209,3.642388778,3.654652828,,,
04/01/2028,3.637961252,3.543058588,3.597426304,3.662219526,3.645844899,3.659059081,,,
05/01/2028,3.641160478,3.544262796,3.599868656,3.665910747,3.64918304,3.663342536,,,
06/01/2028,3.6444602,3.545505724,3.602388558,3.669717657,3.652625514,3.667788027,,,
07/01/2028,3.647647861,3.546707308,3.60482366,3.673395039,3.65595284,3.672111591,,,
08/01/2028,3.65093574,3.547947546,3.607336134,3.677187735,3.659387558,3.676598315,,,
09/01/2028,3.654217538,3.549186329,3.609844762,3.680973055,3.662818332,3.68110354,,,
10/01/2028,3.657387931,3.55038389,3.612268989,3.684629548,3.666134749,3.685482055,,,
11/01/2028,3.660657975,3.551619893,3.614770194,3.688400584,3.669557482,3.690023339,,,
12/01/2028,3.663816968,3.552814686,3.617187186,3.692043171,3.67286578,3.694435651,,,
01/01/2029,3.667075313,3.554047857,3.61968097,3.69579994,3.676279903,3.69901092,,,
02/01/2029,3.670327752,3.555279588,3.622171003,3.69954935,3.679689489,3.703602172,,,
03/01/2029,3.673260658,3.556390953,3.624417616,3.702930022,3.68276536,3.707766783,,,
04/01/2029,3.676501916,3.557619911,3.626903266,3.706665628,3.686166046,3.712391283,,,
05/01/2029,3.679633135,3.558807854,3.629306801,3.710273916,3.68945252,3.716882182,,,
06/01/2029,3.682862981,3.560033979,3.631788383,3.713995359,3.692843758,3.721539886,,,
07/01/2029,3.685983289,3.561219217,3.634187914,3.717590136,3.696121081,3.726066233,,,
08/01/2029,3.689201884,3.562442497,3.63666519,3.72129765,3.699502727,3.730759691,,,
09/01/2029,3.692414769,3.563664305,3.639140153,3.724998058,3.70287938,3.73546892,,,
10/01/2029,3.695518771,3.564845379,3.641533141,3.728572602,3.706142499,3.74004236,,,
11/01/2029,3.698720567,3.566064324,3.644003463,3.732259226,3.709512264,3.744782427,,,
12/01/2029,3.701813795,3.567242559,3.646391783,3.735820323,3.712771017,3.749384682,,,
01/01/2030,3.705004516,3.568458591,3.648857204,3.739493084,3.716135672,3.754153736,,,
02/01/2030,3.708189685,3.569673163,3.651320107,3.743158905,3.719497462,3.758936412,,,
03/01/2030,3.711062164,3.57076905,3.65354264,3.746464411,3.722531527,3.763272262,,,
04/01/2030,3.714236855,3.571980844,3.656000669,3.750117125,3.725887415,3.76808413,,,
05/01/2030,3.717304018,3.573152187,3.658376969,3.753645582,3.729131926,3.772754469,,,
06/01/2030,3.720467953,3.574361094,3.660829821,3.757284797,3.732481091,3.777592527,,,
07/01/2030,3.723524799,3.575529676,3.663201105,3.760800321,3.735718925,3.78228789,,,
08/01/2030,3.726678064,3.576735668,3.665648664,3.764426149,3.739060885,3.787151793,,,
09/01/2030,3.729825953,3.5779402,3.668093514,3.768045207,3.742399021,3.792033593,,,
10/01/2030,3.73286717,3.579104412,3.670456831,3.771541043,3.745625662,3.79677463,,,
11/01/2030,3.736004418,3.580305964,3.672896164,3.775146661,3.748955836,3.801687763,,,
12/01/2030,3.73903551,3.581467387,3.675255618,3.778629739,3.752174797,3.806457085,,,
01/01/2031,3.742162304,3.58266614,3.677692504,3.782222202,3.755496858,3.811397889,,,
02/01/2031,3.745283768,3.583864462,3.680127938,3.785807922,3.758814608,3.816351131,,,
03/01/2031,3.748098923,3.584946238,3.682326537,3.789041294,3.761807859,3.820840269,,,
04/01/2031,3.751210387,3.586143019,3.684759048,3.792614394,3.76511738,3.825820578,,,
05/01/2031,3.754216616,3.587300418,3.687111565,3.796066084,3.768316049,3.830652813,,,
06/01/2031,3.757317891,3.588495538,3.689540807,3.799626317,3.77161695,3.835656954,,,
07/01/2031,3.760314283,3.589651253,3.69189001,3.803065614,3.774807193,3.84051185,,,
08/01/2031,3.763405383,3.590844544,3.694315644,3.806613027,3.778099243,3.845538919,,,
09/01/2031,3.766491416,3.592036934,3.696739424,3.810154048,3.781386826,3.850597514,,,
10/01/2031,3.769473041,3.593189886,3.699083097,3.813574697,3.784563979,3.855541249,,,
11/01/2031,3.77255131,3.594380293,3.701502877,3.817102933,3.787842432,3.860692462,,,
12/01/2031,3.775527748,3.595531388,3.703842711,3.820511439,3.791010866,3.86575385,,,
01/01/2032,3.77860052,3.596719865,3.706258478,3.824027266,3.794280335,3.871054197,,,
02/01/2032,3.78167019,3.597907264,3.708672054,3.827536698,3.797545093,3.876421267,,,
03/01/2032,3.784539108,3.599017173,3.710928051,3.830814258,3.800595191,3.881506837,,,
04/01/2032,3.787602728,3.600202618,3.713337497,3.834311701,3.803851068,3.886998526,,,
05/01/2032,3.790564469,3.601348835,3.715667165,3.837690576,3.806997609,3.892363768,,,
06/01/2032,3.793621598,3.602532197,3.718072269,3.841175972,3.810244428,3.89794893,,,
07/01/2032,3.796576813,3.603676319,3.720397599,3.844543097,3.81338206,3.903391369,,,
08/01/2032,3.799627115,3.604857549,3.72279822,3.848016459,3.816619712,3.909051959,,,
09/01/2032,3.802673767,3.606037616,3.725196446,3.85148363,3.819852592,3.914745938,,,
10/01/2032,3.805618765,3.607178593,3.72751513,3.854833294,3.822976815,3.920291158,,,
11/01/2032,3.808658217,3.608356451,3.729908701,3.858288527,3.826200446,3.926059535,,,
12/01/2032,3.811596137,3.609495249,3.732222817,3.861626664,3.82931569,3.931679491,,,
01/01/2033,3.81462833,3.610670929,3.734611746,3.865070209,3.832530193,3.937520447,,,
02/01/2033,3.81765667,3.611845412,3.736998195,3.86850772,3.835739935,3.943393387,,,
03/01/2033,3.820388756,3.612905251,3.739151648,3.871607624,3.838635139,3.94873443,,,
04/01/2033,3.823409764,3.614077525,3.741533418,3.875033809,3.841835907,3.954674474,,,
05/01/2033,3.826329696,3.615211555,3.743836047,3.878343967,3.844929039,3.960451433,,,
06/01/2033,3.82934309,3.616383018,3.746212971,3.881758643,3.848120622,3.966448488,,,
07/01/2033,3.83225557,3.617516147,3.748510854,3.885057651,3.851204819,3.972278715,,,
08/01/2033,3.835261204,3.618686468,3.750882839,3.888460818,3.854387148,3.978325113,,,
09/01/2033,3.838262873,3.61985616,3.7532523,3.891858182,3.857564788,3.984392105,,,
10/01/2033,3.841164015,3.620987515,3.755542973,3.895140582,3.860635569,3.990287308,,,
11/01/2033,3.844158936,3.622155858,3.757907412,3.898526576,3.863803971,3.996411598,,,
12/01/2033,3.847055513,3.623285855,3.760193197,3.901797994,3.866865805,4.002371856,,,
01/01/2034,3.850046571,3.624452846,3.762552689,3.90517286,3.870025129,4.008554861,,,
02/01/2034,3.853035256,3.625619026,3.764909548,3.908541959,3.873179713,4.014758366,,,
03/01/2034,3.855732749,3.626671733,3.767036236,3.911580407,3.876025228,4.020389253,,,
04/01/2034,3.858716812,3.627836471,3.769388255,3.914938867,3.87917106,4.026639385,,,
05/01/2034,3.861602247,3.628962917,3.771662044,3.918183851,3.882211171,4.032714829,,,
06/01/2034,3.864581156,3.630126081,3.774009045,3.921531447,3.885348014,4.039010541,,,
07/01/2034,3.867461304,3.631250902,3.776277875,3.924765811,3.88837931,4.045122458,,,
08/01/2034,3.870434653,3.632412416,3.778619801,3.928102545,3.891507129,4.051452422,,,
09/01/2034,3.873405134,3.633573096,3.780959187,3.931433876,3.894630445,4.057796392,,,
10/01/2034,3.876276919,3.634695472,3.783220634,3.934652562,3.897648672,4.063901342,,,
11/01/2034,3.879241233,3.635854294,3.78555477,3.937972944,3.900762816,4.0700866,,,
12/01/2034,3.882106991,3.636974898,3.787811177,3.941181123,3.903772233,4.07597373,,,
01/01/2035,3.885065082,3.63813193,3.79014018,3.944490813,3.906877402,4.081962917,,,
02/01/2035,3.888019913,3.639288022,3.792466554,3.947795073,3.909977999,4.087866631,,,
03/01/2035,3.890685973,3.640331374,3.794565545,3.950775011,3.912774686,4.093134478,,,
04/01/2035,3.89363442,3.641485618,3.796886859,3.954068917,3.915866561,4.098894908,,,
05/01/2035,3.896484603,3.64260171,3.799130818,3.957251549,3.918854436,4.104408672,,,
06/01/2035,3.899426392,3.643754007,3.801446927,3.960534931,3.921937367,4.110044787,,,
07/01/2035,3.90227002,3.644868179,3.803685815,3.963707356,3.924916565,4.115444759,,,
08/01/2035,3.905205048,3.646018532,3.805996741,3.966980304,3.92799063,4.120970859,,,
09/01/2035,3.908136613,3.647167872,3.808305028,3.970247999,3.931060215,4.126446296,,,
10/01/2035,3.910970341,3.64827919,3.810536387,3.973405371,3.934026589,4.13170025,,,
11/01/2035,3.913895053,3.649426551,3.812839513,3.97666281,3.937087417,4.137084328,,,
12/01/2035,3.916722177,3.650535968,3.815065916,3.979810368,3.940045399,4.142254896,,,
01/01/2036,3.919639984,3.651681305,3.817363875,3.983057659,3.943097529,4.147557295,,,
02/01/2036,3.922554252,3.65282561,3.819659212,3.986299815,3.946145253,4.152821194,,,
03/01/2036,3.925277364,3.653895164,3.821804144,3.989328285,3.948992468,4.157713139,,,
04/01/2036,3.928184641,3.655037405,3.824094334,3.992560442,3.952031587,4.162907063,,,
05/01/2036,3.930994698,3.656141759,3.826308119,3.99568349,3.954968481,4.167901686,,,
06/01/2036,3.933894846,3.657281887,3.828593087,3.998905593,3.957998944,4.173030547,,,
07/01/2036,3.936698132,3.658384271,3.830801929,4.002019095,3.960927589,4.177965142,,,
08/01/2036,3.939591247,3.65952232,3.833081765,4.005231351,3.963949514,4.183034347,,,
09/01/2036,3.942480732,3.660659282,3.835358962,4.008438587,3.966967088,4.188074729,,,
10/01/2036,3.945273594,3.661758538,3.837560224,4.011537671,3.969883246,4.192926438,,,
11/01/2036,3.948156005,3.662893393,3.839832295,4.014735169,3.972892376,4.197913099,,,
12/01/2036,3.950942032,3.663990612,3.842028612,4.017824884,3.975800403,4.202714691,,,
01/01/2037,3.953817284,3.66512331,3.844295516,4.02101265,3.978801066,4.207651031,,,
02/01/2037,3.956688911,3.666254908,3.846559803,4.024195516,3.981797461,4.212563,,,
03/01/2037,3.959279606,3.667276054,3.84860278,4.027066304,3.984500335,4.216979981,,,
04/01/2037,3.962144338,3.668405563,3.850862106,4.030239902,3.987488648,4.221847401,,,
05/01/2037,3.964913224,3.669497569,3.853046077,4.033306552,3.990376564,4.226536635,,,
06/01/2037,3.967770893,3.670624951,3.855300338,4.036470711,3.99335664,4.231360504,,,
07/01/2037,3.970532919,3.671714866,3.857479386,4.039528233,3.99623658,4.236008648,,,
08/01/2037,3.973383383,3.672839996,3.859728468,4.04268288,3.999208318,4.240790846,,,
09/01/2037,3.976230304,3.673964058,3.861975014,4.045832837,4.002175956,4.245552936,,,
10/01/2037,3.978982035,3.675050817,3.864146684,4.048876771,4.005043999,4.250142996,,,
11/01/2037,3.981821855,3.676172659,3.866388134,4.052017417,4.008003468,4.254866552,,,
12/01/2037,3.984566686,3.677257264,3.868554861,4.055052343,4.010863596,4.259419906,,,
01/01/2038,3.987399497,3.678376945,3.870791298,4.058183838,4.013815027,4.264106758,,,
02/01/2038,3.990228627,3.679495442,3.873025095,4.061310584,4.016762269,4.26877517,,,
03/01/2038,3.992780979,3.680504756,3.875040585,4.064130884,4.019420894,4.272976954,,,
04/01/2038,3.995603189,3.681621077,3.877269441,4.067248707,4.022360269,4.277611395,,,
05/01/2038,3.998330893,3.682700275,3.879423925,4.070261522,4.025200906,4.28207986,,,
06/01/2038,4.001145925,3.683814328,3.881647665,4.073370152,4.028132158,4.286680383,,,
07/01/2038,4.00386675,3.684891367,3.883797248,4.076374162,4.030965014,4.291116753,,,
08/01/2038,4.006674591,3.68600311,3.88601585,4.079473637,4.033888159,4.29568453,,,
09/01/2038,4.009478727,3.687113656,3.888231811,4.082568426,4.036807144,4.300235859,,,
10/01/2038,4.012189109,3.688187342,3.890373934,4.085559178,4.039628251,4.304625945,,,
11/01/2038,4.014986329,3.689295708,3.892584954,4.088645157,4.042539445,4.309147162,,,
12/01/2038,4.017689939,3.690367215,3.894722231,4.091627325,4.045352946,4.31350825,,,
01/01/2039,4.020480158,3.691473327,3.896928244,4.094704452,4.04825629,4.317999901,,,
02/01/2039,4.023266811,3.69257826,3.899131692,4.097777088,4.051155647,4.322476989,,,
03/01/2039,4.025780871,3.693575315,3.901119818,4.10054871,4.053771164,4.326508897,,,
04/01/2039,4.028560771,3.694678066,3.903318441,4.103612862,4.05666298,4.330958557,,,
05/01/2039,4.031247677,3.69574416,3.905443763,4.106574013,4.059457813,4.335251536,,,
06/01/2039,4.034020492,3.69684456,3.907637306,4.109629329,4.062341752,4.339673425,,,
07/01/2039,4.036700521,3.697908379,3.909757707,4.112581927,4.065128952,4.343939724,,,
08/01/2039,4.039466305,3.699006476,3.911946224,4.115628497,4.06800509,4.34833463,,,
09/01/2039,4.042228598,3.700103437,3.914132243,4.118670719,4.070877352,4.352716409,,,
10/01/2039,4.044898546,3.701163941,3.916245414,4.12161068,4.073653367,4.356944904,,,
11/01/2039,4.047653914,3.702258581,3.918426449,4.124644327,4.076517962,4.361301268,,,
12/01/2039,4.050317105,3.703316832,3.920534776,4.127576033,4.079286512,4.365505067,,,
01/01/2040,4.053065524,3.70440916,3.922710828,4.130601093,4.082143435,4.369836373,,,
02/01/2040,4.055810431,3.705500324,3.924884364,4.133621826,4.084996486,4.374155167,,,
03/01/2040,4.058375208,3.706520072,3.926915484,4.136443926,4.087662117,4.378184759,,,
04/01/2040,4.061113356,3.70760902,3.929084236,4.139456461,4.090507837,4.382480547,,,
05/01/2040,4.063759926,3.708661667,3.931180591,4.142367694,4.093258053,4.386626156,,,
06/01/2040,4.06649113,3.709748197,3.933344267,4.145371612,4.096096029,4.390897777,,,
07/01/2040,4.069130951,3.710798569,3.935435788,4.148274626,4.098838863,4.395020654,,,
08/01/2040,4.07185539,3.711882838,3.937594599,4.151270259,4.10166941,4.399269733,,,
09/01/2040,4.074576285,3.71296587,3.939750847,4.154261585,4.104496081,4.403507241,,,
10/01/2040,4.077206201,3.714012882,3.941835226,4.1571525,4.107228052,4.407597646,,,
11/01/2040,4.079920364,3.715093635,3.943986619,4.160135615,4.110047348,4.411813405,,,
12/01/2040,4.082543617,3.716138346,3.94606619,4.163018448,4.112772042,4.415882428,,,
01/01/2041,4.085250973,3.717216771,3.948212673,4.165993299,4.115583899,4.420076526,,,
02/01/2041,4.087954901,3.718294009,3.950356673,4.168963994,4.118392015,4.424259955,,,
03/01/2041,4.090394192,3.719265931,3.952291041,4.171643646,4.120925156,4.428029345,,,
04/01/2041,4.093091437,3.720340803,3.954430163,4.174606218,4.123725926,4.432191902,,,
05/01/2041,4.095698482,3.721379959,3.95649804,4.177469453,4.126432962,4.436210715,,,
06/01/2041,4.098388966,3.722452523,3.958632321,4.180423943,4.129226446,4.440353014,,,
07/01/2041,4.100989447,3.723489358,3.960695418,4.183279258,4.131926324,4.444352157,,,
08/01/2041,4.103673263,3.724559607,3.962824862,4.186225708,4.134712552,4.448474643,,,
09/01/2041,4.106353703,3.725628677,3.964951855,4.189168095,4.137495111,4.452587205,,,
10/01/2041,4.108944538,3.726662161,3.96700795,4.192011788,4.140184499,4.456558003,,,
11/01/2041,4.111618362,3.727728904,3.969130127,4.194946222,4.142959872,4.460651439,,,
12/01/2041,4.114202696,3.728760076,3.97118149,4.197782131,4.145642213,4.464603531,,,
01/01/2042,4.116869803,3.729824443,3.973298784,4.200708534,4.148410311,4.468677739,,,
02/01/2042,4.119533516,3.730887601,3.975413605,4.203630883,4.151174735,4.472742394,,,
03/01/2042,4.121936674,3.731846885,3.977321744,4.206267112,4.15366863,4.476405908,,,
04/01/2042,4.124593922,3.732907746,3.97943186,4.209181752,4.156426062,4.480452496,,,
05/01/2042,4.127162286,3.733933266,3.981471605,4.211998603,4.159091176,4.484359777,,,
06/01/2042,4.129812957,3.734991801,3.983576927,4.214905402,4.16184149,4.488388274,,,
07/01/2042,4.132375111,3.73601513,3.985612132,4.217714825,4.164499826,4.492278687,,,
08/01/2042,4.135019366,3.737071382,3.987712757,4.220613961,4.167243207,4.496289861,,,
09/01/2042,4.137660313,3.73812644,3.989810957,4.223509165,4.169983016,4.500292224,,,
10/01/2042,4.140212911,3.739146318,3.991839163,4.226307234,4.172631042,4.504157018,,,
11/01/2042,4.14284723,3.740198979,3.993932517,4.229194592,4.175363712,4.5081417,,,
12/01/2042,4.145393491,3.741216584,3.995956091,4.231985154,4.178004911,4.511989741,,,
01/01/2043,4.148021302,3.742266901,3.998044679,4.234864803,4.180730571,4.51595739,,,
02/01/2043,4.15064582,3.743316017,4.000130845,4.237740555,4.183452684,4.519916585,,,
03/01/2043,4.153013637,3.744262634,4.002013144,4.240334804,4.185908449,4.523485493,,,
04/01/2043,4.155631834,3.74530946,4.00409468,4.2432031,4.18862377,4.527428388,,,
05/01/2043,4.158162509,3.746321408,4.006106819,4.245975251,4.191248202,4.53123628,,,
06/01/2043,4.160774301,3.74736592,4.008183653,4.248835983,4.193956636,4.535162912,,,
07/01/2043,4.163298775,3.74837561,4.010191232,4.25160082,4.196574405,4.538955209,,,
08/01/2043,4.165904201,3.7494178,4.012263376,4.254454043,4.199275997,4.542865959,,,
09/01/2043,4.16850634,3.75045876,4.014333088,4.257303404,4.201974063,4.546768623,,,
10/01/2043,4.171021517,3.751465035,4.016333808,4.260057295,4.204581851,4.550537955,,,
11/01/2043,4.173617335,3.752503684,4.018398859,4.262899216,4.207273133,4.554425091,,,
12/01/2043,4.176126613,3.753507835,4.02039522,4.265646131,4.209874577,4.558180105,,,
01/01/2044,4.178716254,3.754544205,4.02245569,4.268480772,4.212559225,4.562052373,,,
02/01/2044,4.181302699,3.755579397,4.024513797,4.271311661,4.215240448,4.56591693,,,
03/01/2044,4.183719475,3.756546766,4.026437052,4.273956627,4.217745687,4.569525434,,,
04/01/2044,4.186299797,3.757579708,4.028490631,4.276780327,4.220420347,4.573375364,,,
05/01/2044,4.188793824,3.758578171,4.030475697,4.279509372,4.22300546,4.577093798,,,
06/01/2044,4.191367837,3.759608756,4.032524599,4.282325694,4.22567337,4.58092879,,,
07/01/2044,4.193855835,3.760604986,4.0345052,4.285047686,4.228252032,4.584633048,,,
08/01/2044,4.196423548,3.761633216,4.036549433,4.287856654,4.23091321,4.588453194,,,
09/01/2044,4.198988222,3.76266033,4.038591404,4.290662069,4.23357113,4.5922665,,,
10/01/2044,4.201467146,3.763653181,4.040565273,4.293373471,4.236140092,4.595949583,,,
11/01/2044,4.204025508,3.764677925,4.042602566,4.296171533,4.238791277,4.599748089,,,
12/01/2044,4.206498383,3.765668497,4.044571936,4.29887589,4.241353758,4.603417346,,,
01/01/2045,4.209050421,3.76669084,4.046604525,4.301666597,4.243998191,4.607201327,,,
02/01/2045,4.211599347,3.76771204,4.04863481,4.304453676,4.246639311,4.610978207,,,
03/01/2045,4.213898991,3.768633434,4.05046668,4.306968009,4.249022058,4.614383583,,,
04/01/2045,4.216441849,3.769652343,4.052492454,4.309748048,4.251656712,4.618146715,,,
05/01/2045,4.218899757,3.770637289,4.054450707,4.312435014,4.254203263,4.621781923,,,
06/01/2045,4.221436338,3.771653811,4.056471808,4.315207786,4.256831238,4.625531009,,,
07/01/2045,4.223888234,3.772636494,4.058425589,4.317887786,4.259371389,4.629152793,,,
08/01/2045,4.226418746,3.773650746,4.060442168,4.320653508,4.26199289,4.632888483,,,
09/01/2045,4.228946125,3.774663802,4.062456405,4.323415604,4.264611072,4.63661732,,,
10/01/2045,4.23138899,3.775643028,4.064403437,4.326085155,4.267141614,4.640219327,,,
11/01/2045,4.233910269,3.776653773,4.066413118,4.328840189,4.269753295,4.643934892,,,
12/01/2045,4.236347326,3.777630799,4.068355799,4.331503005,4.272277652,4.647524399,,,
01/01/2046,4.238862602,3.77863926,4.070360981,4.334251082,4.274882943,4.65122705,,,
02/01/2046,4.241374758,3.779646505,4.072363818,4.336995561,4.27748492,4.654923058,,,
03/01/2046,4.243641284,3.780555315,4.074170947,4.339471538,4.279832417,4.658255952,,,
04/01/2046,4.24614757,3.781560307,4.076169382,4.342209242,4.282428157,4.661939428,,,
05/01/2046,4.248570136,3.782531785,4.0781012,4.344855319,4.284937112,4.665497931,,,
06/01/2046,4.251070435,3.783534495,4.080095146,4.34758611,4.28752649,4.669168711,,,
07/01/2046,4.253487167,3.784503721,4.082022579,4.350225461,4.29002925,4.672714928,,,
08/01/2046,4.255981471,3.785504131,4.084012023,4.352949341,4.292612261,4.676373075,,,
09/01/2046,4.258472727,3.786503363,4.085999175,4.355669712,4.29519204,4.68002485,,,
10/01/2046,4.260880703,3.787469205,4.087920021,4.358298983,4.297685509,4.683552805,,,
11/01/2046,4.263365868,3.788466061,4.08990259,4.361012363,4.300258833,4.687191869,,,
12/01/2046,4.265768085,3.789429704,4.091819113,4.363635007,4.302746193,4.690707827,,,
01/01/2047,4.268247343,3.790424285,4.093797233,4.366341589,4.30531325,4.69433475,,,
02/01/2047,4.270723659,3.791417738,4.095773131,4.36904478,4.307877186,4.697955717,,,
03/01/2047,4.27295792,3.792314115,4.09755599,4.371483595,4.310190439,4.701221371,,,
04/01/2047,4.275428542,3.793305339,4.099527579,4.374180243,4.312748338,4.704830797,,,
05/01/2047,4.277816639,3.79426349,4.101433437,4.37678666,4.315220729,4.708317989,,,
06/01/2047,4.280281262,3.795252367,4.103400502,4.379476443,4.317772281,4.71191514,,,
07/01/2047,4.282663619,3.796208279,4.105302026,4.382076285,4.320238597,4.715390722,,,
08/01/2047,4.285122488,3.797194936,4.107264738,4.384759453,4.322784048,4.718976402,,,
09/01/2047,4.28757827,3.798180367,4.109225117,4.387439101,4.325326238,4.722555763,,,
10/01/2047,4.289952084,3.799132951,4.111120182,4.390029155,4.327783512,4.726014187,,,
11/01/2047,4.292402074,3.800116134,4.113076178,4.392702164,4.33031957,4.72958205,,,
12/01/2047,4.29477018,3.801066465,4.114966917,4.395285696,4.332770808,4.733029115,,,
01/01/2048,4.297214314,3.802047347,4.116918475,4.397952012,4.335300675,4.736585385,,,
02/01/2048,4.29965554,3.803027093,4.118867826,4.400614998,4.337827464,4.740135952,,,
03/01/2048,4.301936727,3.803942628,4.120689478,4.403103269,4.340188548,4.743452525,,,
04/01/2048,4.304372226,3.804920096,4.122634471,4.405759716,4.342709286,4.746991915,,,
05/01/2048,4.306726467,3.805864999,4.124514685,4.408327386,4.345145859,4.750411803,,,
06/01/2048,4.309156308,3.806840263,4.126455378,4.410977357,4.347660612,4.753940226,,,
07/01/2048,4.311504972,3.807782949,4.128331344,4.413538665,4.350091295,4.757349328,,,
08/01/2048,4.313928996,3.808755911,4.13026762,4.41618201,4.352599907,4.760866339,,,
09/01/2048,4.316350059,3.809727695,4.132201644,4.418821985,4.355105395,4.764377613,,,
10/01/2048,4.31869031,3.810667066,4.134071217,4.421373704,4.357527195,4.767770397,,,
11/01/2048,4.321105617,3.811636567,4.136000858,4.424007125,4.360026607,4.771270604,,,
12/01/2048,4.323440381,3.812573772,4.137866249,4.42655259,4.362442615,4.77465293,,,
01/01/2049,4.325850069,3.813541062,4.139791606,4.429179601,4.364936094,4.778142448,,,
02/01/2049,4.328256753,3.81450714,4.141714677,4.431803208,4.367426409,4.781626138,,,
03/01/2049,4.33042821,3.815378814,4.143449871,4.434170273,4.369673276,4.784768358,,,
04/01/2049,4.332829428,3.816342738,4.145368776,4.436787659,4.372157824,4.788241676,,,
05/01/2049,4.335150432,3.817274458,4.147223677,4.439317493,4.374559325,4.791597748,,,
06/01/2049,4.337545949,3.818236115,4.149138234,4.441928405,4.377037865,4.795060271,,,
07/01/2049,4.339861473,3.819165654,4.150988949,4.444452013,4.379433589,4.798406044,,,
08/01/2049,4.342251332,3.820125047,4.152899176,4.447056502,4.381906167,4.801858024,,,
09/01/2049,4.344638327,3.821083297,4.154807214,4.449657741,4.384375727,4.805304623,,,
10/01/2049,4.346945758,3.822009627,4.156651734,4.452172143,4.386762916,4.808635401,,,
11/01/2049,4.34932729,3.822965693,4.15855557,4.454767164,4.389226712,4.812072089,,,
12/01/2049,4.351629321,3.823889842,4.160395941,4.457275437,4.391608211,4.815392898,,,
01/01/2050,4.354005263,3.824843662,4.162295491,4.459864118,4.39406612,4.818819237,,,
02/01/2050,4.356378448,3.825796391,4.164192924,4.462449672,4.396521121,4.822240563,,,
03/01/2050,4.358519567,3.826655928,4.16590489,4.464782296,4.398736017,4.825326276,,,
04/01/2050,4.360887306,3.827606462,4.16779815,4.467361685,4.401185288,4.828737466,,,
05/01/2050,4.36317603,3.828525279,4.169628315,4.469854885,4.403552776,4.832033762,,,
06/01/2050,4.365538169,3.829473562,4.171517283,4.472427935,4.405996157,4.835434556,,,
07/01/2050,4.367821464,3.830390197,4.173343289,4.474914992,4.408357936,4.838720786,,,
08/01/2050,4.370178047,3.831336247,4.175227994,4.477481759,4.410795473,4.842111422,,,
09/01/2050,4.372531844,3.832281183,4.177110558,4.480045374,4.413230077,4.845497005,,,
10/01/2050,4.374807068,3.833194572,4.178930365,4.482523302,4.415583367,4.848768534,,,
11/01/2050,4.377155204,3.834137191,4.180808576,4.485080537,4.418012027,4.852143802,,,
12/01/2050,4.379424962,3.835048364,4.182624189,4.487552307,4.420359576,4.855405296,,,
01/01/2051,4.38176765,3.835988821,4.184498222,4.49010338,4.422782505,4.858770696,,,
02/01/2051,4.384107571,3.836928161,4.186370122,4.492651326,4.425202526,4.862131147,,,
03/01/2051,4.386218643,3.837775594,4.188059018,4.494950001,4.427385831,4.865161983,,,
04/01/2051,4.388553124,3.838712727,4.189926743,4.497491825,4.429800142,4.868512492,,,
05/01/2051,4.390809773,3.839618621,4.191732268,4.499948798,4.432133914,4.871750518,,,
06/01/2051,4.393138747,3.840553506,4.193595743,4.502484418,4.434542443,4.875091234,,,
07/01/2051,4.39539004,3.84145722,4.195397142,4.50493536,4.436870594,4.878319658,,,
08/01/2051,4.397713569,3.842389912,4.197256424,4.507464843,4.439273403,4.881650671,,,
09/01/2051,4.400034402,3.843321525,4.199113625,4.509991279,4.441673379,4.884976983,,,
10/01/2051,4.4022778,3.844222027,4.200908921,4.512433322,4.443993238,4.88819155,,,
11/01/2051,4.404593122,3.845151365,4.202761857,4.514953561,4.446387432,4.891508118,,,
12/01/2051,4.406831242,3.846049724,4.204553082,4.517389665,4.448701752,4.894713312,,,
01/01/2052,4.409141136,3.846976871,4.206401837,4.519903798,4.451090251,4.898020218,,,
02/01/2052,4.411448255,3.84790289,4.20824845,4.522414813,4.453475839,4.90132224,,,
03/01/2052,4.413604226,3.84876824,4.209974139,4.524761225,4.455705099,4.904407349,,,
04/01/2052,4.415906124,3.849692129,4.211816701,4.527266357,4.458085205,4.90770038,,,
05/01/2052,4.418131303,3.850585229,4.213597917,4.529687896,4.460385945,4.910882963,,,
06/01/2052,4.42042798,3.851506997,4.215436423,4.532187142,4.462760568,4.914167099,,,
07/01/2052,4.422648,3.85239797,4.21721363,4.534602879,4.465055896,4.917340767,,,
08/01/2052,4.424939217,3.853317473,4.219047902,4.537096001,4.467424797,4.920615331,,,
09/01/2052,4.427227827,3.854235953,4.220880165,4.539586183,4.469790962,4.923885348,,,
10/01/2052,4.429440113,3.85512377,4.222651372,4.541993225,4.472078177,4.927045688,,,
11/01/2052,4.43172339,3.856040042,4.224479486,4.544477455,4.474438751,4.930306553,,,
12/01/2052,4.433930536,3.85692575,4.226246703,4.546878716,4.476720577,4.933458014,,,
01/01/2053,4.436208576,3.857839887,4.22807075,4.549357022,4.479075658,4.93670991,,,
02/01/2053,4.438483846,3.858752858,4.22989264,4.551832229,4.481427841,4.939957051,,,
03/01/2053,4.440536754,3.859576602,4.231536536,4.554065458,4.483550112,4.942886154,,,
04/01/2053,4.44280691,3.860487495,4.233354465,4.556534929,4.485896935,4.9461244,,,
05/01/2053,4.445001316,3.861367981,4.235111801,4.558921915,4.488165416,4.949253817,,,
06/01/2053,4.447266134,3.862276681,4.23692559,4.561385409,4.49050665,4.952482861,,,
07/01/2053,4.449455387,3.863155054,4.238678931,4.563766627,4.492769736,4.955603395,,,
08/01/2053,4.451714907,3.864061581,4.240488607,4.566224187,4.495105423,4.958823349,,,
09/01/2053,4.453971812,3.864967048,4.242296251,4.568678814,4.49743837,4.9620389,,,
10/01/2053,4.456153415,3.865842275,4.244043639,4.57105146,4.499693444,4.965146493,,,
11/01/2053,4.45840513,3.86674561,4.24584724,4.573500269,4.502020955,4.968353302,,,
12/01/2053,4.460581681,3.867618752,4.247590691,4.575867258,4.504270741,4.971452361,,,
01/01/2054,4.462828156,3.868519932,4.249390217,4.578310201,4.506592765,4.97465024,,,
02/01/2054,4.465072037,3.869420039,4.251187711,4.580750238,4.508912075,4.977843897,,,
03/01/2054,4.467096643,3.87023216,4.252809593,4.582951759,4.511004708,4.980724936,,,
04/01/2054,4.469335527,3.871130197,4.254603185,4.585386199,4.513318785,4.983910213,,,
05/01/2054,4.471499644,3.871998203,4.256336939,4.587739273,4.515555555,4.986988358,,,
06/01/2054,4.473733297,3.872894082,4.258126459,4.590167871,4.517864163,4.990164771,,,
07/01/2054,4.475892461,3.873760064,4.259856353,4.592515399,4.520095749,4.993234634,,,
08/01/2054,4.478121029,3.874653852,4.261641901,4.594938302,4.522399031,4.996402628,,,
09/01/2054,4.480346905,3.875546499,4.263425339,4.597358204,4.524699501,4.999566099,,,
10/01/2054,4.482498475,3.876409325,4.265149307,4.599697255,4.526923147,5.002623203,,,
11/01/2054,4.484719188,3.877299861,4.266928731,4.60211139,4.529218218,5.005777952,,,
12/01/2054,4.486865713,3.878160598,4.268648767,4.604444813,4.53143659,5.008826556,,,
01/01/2055,4.489081078,3.879048909,4.270424035,4.606853003,4.53372608,5.011972135,,,
02/01/2055,4.491293946,3.879936206,4.272197347,4.60925839,4.536012953,5.015113722,,,
03/01/2055,4.493290614,3.880736794,4.273797439,4.611428701,4.538076368,5.017947965,,,
04/01/2055,4.495498537,3.881622023,4.275566875,4.613828569,4.540358071,5.02108142,,,
05/01/2055,4.497632827,3.882477717,4.277277356,4.616148331,4.54256365,5.024109762,,,
06/01/2055,4.499835605,3.883360821,4.279042778,4.618542464,4.544839979,5.027234627,,,
07/01/2055,4.501964952,3.884214466,4.280749393,4.620856715,4.547040395,5.030254835,,,
08/01/2055,4.504162739,3.885095512,4.282510902,4.62324527,4.549311501,5.033371621,,,
09/01/2055,4.506357957,3.885975494,4.284270401,4.62563096,4.551579925,5.036484162,,,
10/01/2055,4.508479931,3.886826072,4.285971236,4.627936985,4.553772634,5.039492308,,,
11/01/2055,4.510670058,3.887703926,4.287726742,4.630317002,4.55603574,5.042596521,,,
12/01/2055,4.512787205,3.888552501,4.289423787,4.632617639,4.558223403,5.045596886,,,
01/01/2056,4.514972277,3.889428243,4.291175327,4.634992022,4.560481227,5.048692824,,,
02/01/2056,4.517154791,3.890302934,4.29292487,4.637363574,4.56273638,5.051784544,,,
03/01/2056,4.519194151,3.891120206,4.294559708,4.639579501,4.564843592,5.054672837,,,
04/01/2056,4.521371654,3.891992824,4.296305335,4.64194546,4.567093514,5.057756267,,,
05/01/2056,4.523476505,3.892836828,4.297992758,4.644232417,4.569268341,5.060736331,,,
06/01/2056,4.525649013,3.893708464,4.299734466,4.646592812,4.571513047,5.063811659,,,
07/01/2056,4.527748966,3.894551364,4.301418047,4.648874322,4.573682763,5.066783731,,,
08/01/2056,4.529916331,3.895421734,4.30315573,4.651229008,4.575922104,5.069850571,,,
09/01/2056,4.532081138,3.896291474,4.304891414,4.65358085,4.578158776,5.072913207,,,
10/01/2056,4.534173705,3.897132533,4.306569222,4.655854151,4.580320785,5.075873135,,,
11/01/2056,4.536333564,3.898000997,4.308301013,4.658200483,4.58255229,5.078927886,,,
12/01/2056,4.538421467,3.898840848,4.309975135,4.660468578,4.584709423,5.081880547,,,
01/01/2057,4.540576491,3.899708017,4.311703106,4.662809517,4.586935875,5.084927728,,,
02/01/2057,4.542728971,3.900574471,4.313429082,4.665147629,4.589159675,5.087970703,,,
03/01/2057,4.544671063,3.901356468,4.31498639,4.667257161,4.591166095,5.090715853,,,
04/01/2057,4.546818734,3.902221541,4.31670859,4.669589929,4.593384876,5.093751045,,,
05/01/2057,4.548894761,3.903058006,4.318373375,4.671844821,4.595529617,5.096684539,,,
06/01/2057,4.551037544,3.903921643,4.320091725,4.67417215,4.597743295,5.099711967,,,
07/01/2057,4.55310886,3.904756707,4.321752797,4.676421799,4.59988312,5.102637974,,,
08/01/2057,4.555246787,3.905618874,4.323467315,4.678743725,4.60209173,5.105657747,,,
09/01/2057,4.55738219,3.906480243,4.325179843,4.681062851,4.604297709,5.10867344,,,
10/01/2057,4.559446355,3.907313088,4.326835278,4.683304553,4.606430072,5.111588044,,,
11/01/2057,4.561576898,3.908172945,4.32854398,4.685618275,4.608630978,5.114595984,,,
12/01/2057,4.563636442,3.909004358,4.330195771,4.687854831,4.610758516,5.117503288,,,
01/01/2058,4.56576211,3.909862643,4.331900624,4.690163139,4.612954339,5.120503491,,,
02/01/2058,4.567885348,3.910720162,4.333603567,4.692468742,4.615147625,5.1234998,,,
03/01/2058,4.569801105,3.911494036,4.335140123,4.694548994,4.617126564,5.12620299,,,
04/01/2058,4.571919628,3.912349995,4.336839344,4.696849364,4.619314935,5.129191808,,,
05/01/2058,4.573967453,3.913177549,4.338481897,4.699072916,4.621430255,5.132080388,,,
06/01/2058,4.576081036,3.914031845,4.340177232,4.701367813,4.623613478,5.135061239,,,
07/01/2058,4.57812412,3.914857813,4.341816059,4.70358611,4.625723856,5.137942179,,,
08/01/2058,4.580232792,3.915710453,4.343507536,4.705875565,4.627901962,5.140915095,,,
09/01/2058,4.582338984,3.916562254,4.345197066,4.708162272,4.630077484,5.143884023,,,
10/01/2058,4.584374947,3.917385797,4.346830288,4.710372677,4.632180442,5.146753618,,,
11/01/2058,4.586476237,3.9182359,4.348515957,4.712653956,4.634350858,5.149714731,,,
12/01/2058,4.588507507,3.919057826,4.350145483,4.714859159,4.636448927,5.15257688,,,
01/01/2059,4.59060403,3.919906293,4.351827389,4.717135147,4.638614371,5.155530512,,,
02/01/2059,4.592698079,3.920753885,4.353507342,4.719408396,4.640777239,5.158480254,,,
03/01/2059,4.594587578,3.921518812,4.355023216,4.721459537,4.642728815,5.161141633,,,
04/01/2059,4.596677046,3.922364787,4.356699535,4.723727703,4.644886906,5.164084341,,,
05/01/2059,4.598696805,3.923182658,4.358319966,4.725920148,4.64697298,5.166928391,,,
06/01/2059,4.600781406,3.924026909,4.35999246,4.728182929,4.649126005,5.169863244,,,
07/01/2059,4.602796465,3.924843114,4.361609196,4.730370175,4.651207185,5.172699753,,,
08/01/2059,4.604876307,3.925685671,4.363277929,4.732627682,4.653355251,5.1756272,,,
09/01/2059,4.606953781,3.926527392,4.36494479,4.734882561,4.655500848,5.178550955,,,
10/01/2059,4.60896186,3.927341073,4.366556005,4.737062078,4.657574759,5.181376561,,,
11/01/2059,4.611034439,3.928180998,4.368219008,4.739311552,4.659715264,5.184292529,,,
12/01/2059,4.613037925,3.928993026,4.369826596,4.741485982,4.661784389,5.187110962,,,
01/01/2060,4.615105883,3.929831307,4.37148594,4.743730325,4.663920076,5.19001981,,,
02/01/2060,4.617171383,3.93066866,4.373143332,4.745971953,4.666053205,5.192924842,,,
03/01/2060,4.619101512,3.931451215,4.374692124,4.748066622,4.668046511,5.195639159,,,
04/01/2060,4.621162511,3.932286954,4.376345947,4.750303251,4.670174947,5.198537327,,,
05/01/2060,4.623154709,3.933094856,4.377944589,4.752465177,4.672232313,5.2013383,,,
06/01/2060,4.625210944,3.93392883,4.379594647,4.754696538,4.674355788,5.204228911,,,
07/01/2060,4.627198599,3.934735068,4.381189699,4.756853434,4.676408424,5.207022765,,,
08/01/2060,4.629250164,3.935567309,4.382836053,4.759079627,4.678527038,5.209906231,,,
09/01/2060,4.631299289,3.936398613,4.384480468,4.761303126,4.680643111,5.212785913,,,
10/01/2060,4.633280138,3.937202314,4.386070118,4.763452488,4.682688659,5.215569328,,,
11/01/2060,4.635324653,3.938031925,4.387710885,4.765670882,4.684799933,5.218441856,,,
12/01/2060,4.637300984,3.938833934,4.389296954,4.767815244,4.686840776,5.221218248,,,
01/01/2061,4.639340804,3.939661781,4.390934004,4.770028447,4.688947163,5.224083437,,,
