Date,Critical head,Critical head + 20 feet,Critical head + 50 feet,base,2015 water level scenario,Historical low scenario,Date_S,Measured Subsidence,Source
01/25/1935,0,0,0,0,0,0,01/25/1935,0,Leveling
02/01/1935,0.000687576,0.000687576,0.000687576,0.000687576,0.000687576,0.000687576,05/15/1942,0,Leveling
03/01/1935,0.003833548,0.003833548,0.003833548,0.003833548,0.003833548,0.003833548,01/01/1949,-0.018274279,Leveling
04/01/1935,0.000808672,0.000808672,0.000808672,0.000808672,0.000808672,0.000808672,04/01/1967,0.725229682,Leveling
05/01/1935,-0.000190242,-0.000190242,-0.000190242,-0.000190242,-0.000190242,-0.000190242,08/15/2005,0.988517038,Leveling
06/01/1935,0.000908453,0.000908453,0.000908453,0.000908453,0.000908453,0.000908453,05/15/2008,1.024528478,Leveling
07/01/1935,0.000498762,0.000498762,0.000498762,0.000498762,0.000498762,0.000498762,06/14/2017,3.167528478,Leveling
08/01/1935,0.004075199,0.004075199,0.004075199,0.004075199,0.004075199,0.004075199,08/06/2024,4.718832118,Leveling
09/01/1935,0.011147885,0.011147885,0.011147885,0.011147885,0.011147885,0.011147885,09/01/2003,0.954704784,InSAR
10/01/1935,0.013221758,0.013221758,0.013221758,0.013221758,0.013221758,0.013221758,10/01/2003,0.943221844,InSAR
11/01/1935,0.017519363,0.017519363,0.017519363,0.017519363,0.017519363,0.017519363,11/01/2003,0.927473812,InSAR
12/01/1935,0.012897519,0.012897519,0.012897519,0.012897519,0.012897519,0.012897519,12/01/2003,0.907460688,InSAR
01/01/1936,0.01863391,0.01863391,0.01863391,0.01863391,0.01863391,0.01863391,08/01/2007,1.081673292,InSAR
02/01/1936,0.011474345,0.011474345,0.011474345,0.011474345,0.011474345,0.011474345,01/01/2008,1.013759904,InSAR
03/01/1936,0.014069593,0.014069593,0.014069593,0.014069593,0.014069593,0.014069593,02/01/2008,1.000964628,InSAR
04/01/1936,0.018585158,0.018585158,0.018585158,0.018585158,0.018585158,0.018585158,03/01/2008,1.009822896,InSAR
05/01/1936,0.021599403,0.021599403,0.021599403,0.021599403,0.021599403,0.021599403,04/01/2008,1.028851768,InSAR
06/01/1936,0.029036799,0.029036799,0.029036799,0.029036799,0.029036799,0.029036799,05/01/2008,1.047552556,InSAR
07/01/1936,0.026151657,0.026151657,0.026151657,0.026151657,0.026151657,0.026151657,06/01/2008,1.068878016,InSAR
08/01/1936,0.028273958,0.028273958,0.028273958,0.028273958,0.028273958,0.028273958,07/01/2008,1.096108988,InSAR
09/01/1936,0.029092251,0.029092251,0.029092251,0.029092251,0.029092251,0.029092251,08/01/2008,1.102670668,InSAR
10/01/1936,0.038472311,0.038472311,0.038472311,0.038472311,0.038472311,0.038472311,03/01/2009,1.036069616,InSAR
11/01/1936,0.039186703,0.039186703,0.039186703,0.039186703,0.039186703,0.039186703,04/01/2009,1.053786152,InSAR
12/01/1936,0.043518463,0.043518463,0.043518463,0.043518463,0.043518463,0.043518463,05/01/2009,1.082001376,InSAR
01/01/1937,0.042222712,0.042222712,0.042222712,0.042222712,0.042222712,0.042222712,06/01/2009,1.111200852,InSAR
02/01/1937,0.03808088,0.03808088,0.03808088,0.03808088,0.03808088,0.03808088,07/01/2009,1.131213976,InSAR
03/01/1937,0.038867298,0.038867298,0.038867298,0.038867298,0.038867298,0.038867298,08/01/2009,1.141712664,InSAR
04/01/1937,0.030202094,0.030202094,0.030202094,0.030202094,0.030202094,0.030202094,03/01/2010,1.078064368,InSAR
05/01/1937,0.035047742,0.035047742,0.035047742,0.035047742,0.035047742,0.035047742,04/01/2010,1.0938124,InSAR
06/01/1937,0.032420786,0.032420786,0.032420786,0.032420786,0.032420786,0.032420786,05/01/2010,1.10365492,InSAR
07/01/1937,0.038121611,0.038121611,0.038121611,0.038121611,0.038121611,0.038121611,06/01/2010,1.136135236,InSAR
08/01/1937,0.034908309,0.034908309,0.034908309,0.034908309,0.034908309,0.034908309,07/01/2010,1.162381956,InSAR
09/01/1937,0.033729293,0.033729293,0.033729293,0.033729293,0.033729293,0.033729293,02/23/2015,2.942900299,InSAR
10/01/1937,0.037228408,0.037228408,0.037228408,0.037228408,0.037228408,0.037228408,03/01/2015,2.944212635,InSAR
11/01/1937,0.026199102,0.026199102,0.026199102,0.026199102,0.026199102,0.026199102,03/07/2015,2.945853055,InSAR
12/01/1937,0.025183924,0.025183924,0.025183924,0.025183924,0.025183924,0.025183924,03/13/2015,2.947165391,InSAR
01/01/1938,0.02073393,0.02073393,0.02073393,0.02073393,0.02073393,0.02073393,03/20/2015,2.947821559,InSAR
02/01/1938,0.016119682,0.016119682,0.016119682,0.016119682,0.016119682,0.016119682,03/26/2015,2.946181139,InSAR
03/01/1938,0.013586182,0.013586182,0.013586182,0.013586182,0.013586182,0.013586182,04/01/2015,2.945853055,InSAR
04/01/1938,0.004301435,0.004301435,0.004301435,0.004301435,0.004301435,0.004301435,04/07/2015,2.947821559,InSAR
05/01/1938,0.006712113,0.006712113,0.006712113,0.006712113,0.006712113,0.006712113,04/13/2015,2.951430483,InSAR
06/01/1938,0.006585965,0.006585965,0.006585965,0.006585965,0.006585965,0.006585965,04/19/2015,2.958648331,InSAR
07/01/1938,0.005419982,0.005419982,0.005419982,0.005419982,0.005419982,0.005419982,04/25/2015,2.964553843,InSAR
08/01/1938,0.007223296,0.007223296,0.007223296,0.007223296,0.007223296,0.007223296,05/01/2015,2.967506599,InSAR
09/01/1938,0.011657825,0.011657825,0.011657825,0.011657825,0.011657825,0.011657825,05/07/2015,2.970131271,InSAR
10/01/1938,0.015911898,0.015911898,0.015911898,0.015911898,0.015911898,0.015911898,05/13/2015,2.973084027,InSAR
11/01/1938,0.020277446,0.020277446,0.020277446,0.020277446,0.020277446,0.020277446,05/20/2015,2.976364867,InSAR
12/01/1938,0.017058148,0.017058148,0.017058148,0.017058148,0.017058148,0.017058148,05/26/2015,2.979317623,InSAR
01/01/1939,0.019786355,0.019786355,0.019786355,0.019786355,0.019786355,0.019786355,06/01/2015,2.981942295,InSAR
02/01/1939,0.020628673,0.020628673,0.020628673,0.020628673,0.020628673,0.020628673,06/07/2015,2.984895051,InSAR
03/01/1939,0.029468766,0.029468766,0.029468766,0.029468766,0.029468766,0.029468766,06/13/2015,2.985879303,InSAR
04/01/1939,0.035761564,0.035761564,0.035761564,0.035761564,0.035761564,0.035761564,06/19/2015,2.988175891,InSAR
05/01/1939,0.037511625,0.037511625,0.037511625,0.037511625,0.037511625,0.037511625,06/25/2015,2.986535471,InSAR
06/01/1939,0.032646047,0.032646047,0.032646047,0.032646047,0.032646047,0.032646047,07/01/2015,2.984895051,InSAR
07/01/1939,0.026885228,0.026885228,0.026885228,0.026885228,0.026885228,0.026885228,07/07/2015,2.983910799,InSAR
08/01/1939,0.025137725,0.025137725,0.025137725,0.025137725,0.025137725,0.025137725,07/13/2015,2.984238883,InSAR
09/01/1939,0.024119335,0.024119335,0.024119335,0.024119335,0.024119335,0.024119335,07/20/2015,2.986207387,InSAR
10/01/1939,0.031094085,0.031094085,0.031094085,0.031094085,0.031094085,0.031094085,07/26/2015,2.987519723,InSAR
11/01/1939,0.028670274,0.028670274,0.028670274,0.028670274,0.028670274,0.028670274,08/01/2015,2.991456731,InSAR
12/01/1939,0.037117848,0.037117848,0.037117848,0.037117848,0.037117848,0.037117848,08/07/2015,2.995065655,InSAR
01/01/1940,0.043887188,0.043887188,0.043887188,0.043887188,0.043887188,0.043887188,08/13/2015,3.000971167,InSAR
02/01/1940,0.042757123,0.042757123,0.042757123,0.042757123,0.042757123,0.042757123,08/20/2015,3.005564343,InSAR
03/01/1940,0.048782297,0.048782297,0.048782297,0.048782297,0.048782297,0.048782297,08/26/2015,3.006548595,InSAR
04/01/1940,0.056675239,0.056675239,0.056675239,0.056675239,0.056675239,0.056675239,09/01/2015,3.008845183,InSAR
05/01/1940,0.055967621,0.055967621,0.055967621,0.055967621,0.055967621,0.055967621,09/07/2015,3.009829435,InSAR
06/01/1940,0.066148504,0.066148504,0.066148504,0.066148504,0.066148504,0.066148504,09/13/2015,3.010157519,InSAR
07/01/1940,0.070104886,0.070104886,0.070104886,0.070104886,0.070104886,0.070104886,09/19/2015,3.011141771,InSAR
08/01/1940,0.068764388,0.068764388,0.068764388,0.068764388,0.068764388,0.068764388,09/25/2015,3.012126023,InSAR
09/01/1940,0.068527548,0.068527548,0.068527548,0.068527548,0.068527548,0.068527548,10/01/2015,3.010485603,InSAR
10/01/1940,0.071514632,0.071514632,0.071514632,0.071514632,0.071514632,0.071514632,10/07/2015,3.010813687,InSAR
11/01/1940,0.066060934,0.066060934,0.066060934,0.066060934,0.066060934,0.066060934,10/13/2015,3.010485603,InSAR
12/01/1940,0.062428585,0.062428585,0.062428585,0.062428585,0.062428585,0.062428585,10/20/2015,3.007532847,InSAR
01/01/1941,0.061148648,0.061148648,0.061148648,0.061148648,0.061148648,0.061148648,10/26/2015,3.008189015,InSAR
02/01/1941,0.062292799,0.062292799,0.062292799,0.062292799,0.062292799,0.062292799,11/01/2015,3.007532847,InSAR
03/01/1941,0.072732606,0.072732606,0.072732606,0.072732606,0.072732606,0.072732606,11/07/2015,3.008845183,InSAR
04/01/1941,0.077937285,0.077937285,0.077937285,0.077937285,0.077937285,0.077937285,11/13/2015,3.009173267,InSAR
05/01/1941,0.083367679,0.083367679,0.083367679,0.083367679,0.083367679,0.083367679,11/19/2015,3.012782191,InSAR
06/01/1941,0.078698108,0.078698108,0.078698108,0.078698108,0.078698108,0.078698108,11/25/2015,3.017703451,InSAR
07/01/1941,0.079764113,0.079764113,0.079764113,0.079764113,0.079764113,0.079764113,12/01/2015,3.016391115,InSAR
08/01/1941,0.087190295,0.087190295,0.087190295,0.087190295,0.087190295,0.087190295,12/07/2015,3.015078779,InSAR
09/01/1941,0.084990725,0.084990725,0.084990725,0.084990725,0.084990725,0.084990725,12/13/2015,3.013438359,InSAR
10/01/1941,0.086459017,0.086459017,0.086459017,0.086459017,0.086459017,0.086459017,12/20/2015,3.014750695,InSAR
11/01/1941,0.084376522,0.084376522,0.084376522,0.084376522,0.084376522,0.084376522,12/26/2015,3.015078779,InSAR
12/01/1941,0.086601307,0.086601307,0.086601307,0.086601307,0.086601307,0.086601307,01/01/2016,3.020000039,InSAR
01/01/1942,0.091442021,0.091442021,0.091442021,0.091442021,0.091442021,0.091442021,01/07/2016,3.023280879,InSAR
02/01/1942,0.089925823,0.089925823,0.089925823,0.089925823,0.089925823,0.089925823,01/13/2016,3.029842559,InSAR
03/01/1942,0.082533796,0.082533796,0.082533796,0.082533796,0.082533796,0.082533796,01/20/2016,3.028530223,InSAR
04/01/1942,0.085703926,0.085703926,0.085703926,0.085703926,0.085703926,0.085703926,01/26/2016,3.032795315,InSAR
05/01/1942,0.085342179,0.085342179,0.085342179,0.085342179,0.085342179,0.085342179,02/01/2016,3.035748071,InSAR
06/01/1942,0.080966247,0.080966247,0.080966247,0.080966247,0.080966247,0.080966247,02/07/2016,3.036732323,InSAR
07/01/1942,0.082288176,0.082288176,0.082288176,0.082288176,0.082288176,0.082288176,02/13/2016,3.037388491,InSAR
08/01/1942,0.088216522,0.088216522,0.088216522,0.088216522,0.088216522,0.088216522,02/18/2016,3.038372743,InSAR
09/01/1942,0.08724404,0.08724404,0.08724404,0.08724404,0.08724404,0.08724404,02/24/2016,3.040669331,InSAR
10/01/1942,0.094442481,0.094442481,0.094442481,0.094442481,0.094442481,0.094442481,03/01/2016,3.039028911,InSAR
11/01/1942,0.105022489,0.105022489,0.105022489,0.105022489,0.105022489,0.105022489,03/07/2016,3.040669331,InSAR
12/01/1942,0.11995136,0.11995136,0.11995136,0.11995136,0.11995136,0.11995136,03/13/2016,3.046246759,InSAR
01/01/1943,0.116070423,0.116070423,0.116070423,0.116070423,0.116070423,0.116070423,03/20/2016,3.046902927,InSAR
02/01/1943,0.124516027,0.124516027,0.124516027,0.124516027,0.124516027,0.124516027,03/26/2016,3.050183767,InSAR
03/01/1943,0.122707574,0.122707574,0.122707574,0.122707574,0.122707574,0.122707574,04/01/2016,3.053464607,InSAR
04/01/1943,0.143386522,0.143386522,0.143386522,0.143386522,0.143386522,0.143386522,04/07/2016,3.055105027,InSAR
05/01/1943,0.139287479,0.139287479,0.139287479,0.139287479,0.139287479,0.139287479,04/13/2016,3.057401615,InSAR
06/01/1943,0.144204466,0.144204466,0.144204466,0.144204466,0.144204466,0.144204466,04/19/2016,3.060354371,InSAR
07/01/1943,0.166224007,0.166224007,0.166224007,0.166224007,0.166224007,0.166224007,04/25/2016,3.063307127,InSAR
08/01/1943,0.175979949,0.175979949,0.175979949,0.175979949,0.175979949,0.175979949,05/01/2016,3.067900303,InSAR
09/01/1943,0.185754971,0.185754971,0.185754971,0.185754971,0.185754971,0.185754971,05/07/2016,3.071181143,InSAR
10/01/1943,0.199238909,0.199238909,0.199238909,0.199238909,0.199238909,0.199238909,05/13/2016,3.074790067,InSAR
11/01/1943,0.210112057,0.210112057,0.210112057,0.210112057,0.210112057,0.210112057,05/20/2016,3.078398991,InSAR
12/01/1943,0.220401167,0.220401167,0.220401167,0.220401167,0.220401167,0.220401167,05/26/2016,3.080367495,InSAR
01/01/1944,0.219350925,0.219350925,0.219350925,0.219350925,0.219350925,0.219350925,06/01/2016,3.082664083,InSAR
02/01/1944,0.225636675,0.225636675,0.225636675,0.225636675,0.225636675,0.225636675,06/07/2016,3.085288755,InSAR
03/01/1944,0.234898414,0.234898414,0.234898414,0.234898414,0.234898414,0.234898414,06/13/2016,3.086929175,InSAR
04/01/1944,0.242016866,0.242016866,0.242016866,0.242016866,0.242016866,0.242016866,06/19/2016,3.087913427,InSAR
05/01/1944,0.254325015,0.254325015,0.254325015,0.254325015,0.254325015,0.254325015,06/25/2016,3.088241511,InSAR
06/01/1944,0.264435717,0.264435717,0.264435717,0.264435717,0.264435717,0.264435717,07/01/2016,3.092178519,InSAR
07/01/1944,0.273006701,0.273006701,0.273006701,0.273006701,0.273006701,0.273006701,07/07/2016,3.097427863,InSAR
08/01/1944,0.284970026,0.284970026,0.284970026,0.284970026,0.284970026,0.284970026,07/13/2016,3.101036787,InSAR
09/01/1944,0.304657543,0.304657543,0.304657543,0.304657543,0.304657543,0.304657543,07/20/2016,3.103989543,InSAR
10/01/1944,0.318421104,0.318421104,0.318421104,0.318421104,0.318421104,0.318421104,07/26/2016,3.105958047,InSAR
11/01/1944,0.335732796,0.335732796,0.335732796,0.335732796,0.335732796,0.335732796,08/01/2016,3.107926551,InSAR
12/01/1944,0.343969698,0.343969698,0.343969698,0.343969698,0.343969698,0.343969698,08/07/2016,3.110223139,InSAR
01/01/1945,0.354289187,0.354289187,0.354289187,0.354289187,0.354289187,0.354289187,08/13/2016,3.109895055,InSAR
02/01/1945,0.358469129,0.358469129,0.358469129,0.358469129,0.358469129,0.358469129,08/20/2016,3.115800567,InSAR
03/01/1945,0.361810038,0.361810038,0.361810038,0.361810038,0.361810038,0.361810038,08/26/2016,3.114160147,InSAR
04/01/1945,0.366474662,0.366474662,0.366474662,0.366474662,0.366474662,0.366474662,09/01/2016,3.114816315,InSAR
05/01/1945,0.36629787,0.36629787,0.36629787,0.36629787,0.36629787,0.36629787,09/07/2016,3.112519727,InSAR
06/01/1945,0.365721659,0.365721659,0.365721659,0.365721659,0.365721659,0.365721659,09/13/2016,3.110879307,InSAR
07/01/1945,0.363920918,0.363920918,0.363920918,0.363920918,0.363920918,0.363920918,09/19/2016,3.109238887,InSAR
08/01/1945,0.360050724,0.360050724,0.360050724,0.360050724,0.360050724,0.360050724,09/25/2016,3.108582719,InSAR
09/01/1945,0.357890833,0.357890833,0.357890833,0.357890833,0.357890833,0.357890833,10/01/2016,3.105629963,InSAR
10/01/1945,0.363619255,0.363619255,0.363619255,0.363619255,0.363619255,0.363619255,10/07/2016,3.104317627,InSAR
11/01/1945,0.362748102,0.362748102,0.362748102,0.362748102,0.362748102,0.362748102,10/13/2016,3.108254635,InSAR
12/01/1945,0.365047685,0.365047685,0.365047685,0.365047685,0.365047685,0.365047685,10/20/2016,3.110551223,InSAR
01/01/1946,0.358375311,0.358375311,0.358375311,0.358375311,0.358375311,0.358375311,10/26/2016,3.114160147,InSAR
02/01/1946,0.3602234,0.3602234,0.3602234,0.3602234,0.3602234,0.3602234,11/01/2016,3.117769071,InSAR
03/01/1946,0.359495842,0.359495842,0.359495842,0.359495842,0.359495842,0.359495842,11/07/2016,3.120065659,InSAR
04/01/1946,0.36145109,0.36145109,0.36145109,0.36145109,0.36145109,0.36145109,11/13/2016,3.122034163,InSAR
05/01/1946,0.360129323,0.360129323,0.360129323,0.360129323,0.360129323,0.360129323,11/19/2016,3.123346499,InSAR
06/01/1946,0.359182055,0.359182055,0.359182055,0.359182055,0.359182055,0.359182055,11/25/2016,3.123018415,InSAR
07/01/1946,0.360887281,0.360887281,0.360887281,0.360887281,0.360887281,0.360887281,12/01/2016,3.122690331,InSAR
08/01/1946,0.35954368,0.35954368,0.35954368,0.35954368,0.35954368,0.35954368,12/07/2016,3.123018415,InSAR
09/01/1946,0.355785847,0.355785847,0.355785847,0.355785847,0.355785847,0.355785847,12/13/2016,3.124658835,InSAR
10/01/1946,0.359852769,0.359852769,0.359852769,0.359852769,0.359852769,0.359852769,12/20/2016,3.119409491,InSAR
11/01/1946,0.359025205,0.359025205,0.359025205,0.359025205,0.359025205,0.359025205,12/26/2016,3.118425239,InSAR
12/01/1946,0.360836602,0.360836602,0.360836602,0.360836602,0.360836602,0.360836602,01/01/2017,3.116456735,InSAR
01/01/1947,0.361651666,0.361651666,0.361651666,0.361651666,0.361651666,0.361651666,01/07/2017,3.118425239,InSAR
02/01/1947,0.368006744,0.368006744,0.368006744,0.368006744,0.368006744,0.368006744,01/13/2017,3.113832063,InSAR
03/01/1947,0.364714115,0.364714115,0.364714115,0.364714115,0.364714115,0.364714115,01/20/2017,3.117112903,InSAR
04/01/1947,0.359729875,0.359729875,0.359729875,0.359729875,0.359729875,0.359729875,01/26/2017,3.122362247,InSAR
05/01/1947,0.356554053,0.356554053,0.356554053,0.356554053,0.356554053,0.356554053,02/01/2017,3.121706079,InSAR
06/01/1947,0.356290781,0.356290781,0.356290781,0.356290781,0.356290781,0.356290781,02/07/2017,3.124002667,InSAR
07/01/1947,0.359291922,0.359291922,0.359291922,0.359291922,0.359291922,0.359291922,02/12/2017,3.125315003,InSAR
08/01/1947,0.357025147,0.357025147,0.357025147,0.357025147,0.357025147,0.357025147,02/18/2017,3.123346499,InSAR
09/01/1947,0.356078155,0.356078155,0.356078155,0.356078155,0.356078155,0.356078155,02/23/2017,3.125643087,InSAR
10/01/1947,0.358795052,0.358795052,0.358795052,0.358795052,0.358795052,0.358795052,03/01/2017,3.128923927,InSAR
11/01/1947,0.354703789,0.354703789,0.354703789,0.354703789,0.354703789,0.354703789,03/07/2017,3.127611591,InSAR
12/01/1947,0.360518923,0.360518923,0.360518923,0.360518923,0.360518923,0.360518923,03/13/2017,3.133517103,InSAR
01/01/1948,0.362049038,0.362049038,0.362049038,0.362049038,0.362049038,0.362049038,03/20/2017,3.138766447,InSAR
02/01/1948,0.361889243,0.361889243,0.361889243,0.361889243,0.361889243,0.361889243,03/26/2017,3.139750699,InSAR
03/01/1948,0.36169623,0.36169623,0.36169623,0.36169623,0.36169623,0.36169623,04/01/2017,3.139750699,InSAR
04/01/1948,0.357903458,0.357903458,0.357903458,0.357903458,0.357903458,0.357903458,04/07/2017,3.150905555,InSAR
05/01/1948,0.354579807,0.354579807,0.354579807,0.354579807,0.354579807,0.354579807,04/13/2017,3.161732327,InSAR
06/01/1948,0.353108357,0.353108357,0.353108357,0.353108357,0.353108357,0.353108357,04/19/2017,3.160419991,InSAR
07/01/1948,0.347169357,0.347169357,0.347169357,0.347169357,0.347169357,0.347169357,04/25/2017,3.161076159,InSAR
08/01/1948,0.349149289,0.349149289,0.349149289,0.349149289,0.349149289,0.349149289,05/01/2017,3.171246763,InSAR
09/01/1948,0.352357143,0.352357143,0.352357143,0.352357143,0.352357143,0.352357143,05/07/2017,3.177480359,InSAR
10/01/1948,0.352823201,0.352823201,0.352823201,0.352823201,0.352823201,0.352823201,05/13/2017,3.176496107,InSAR
11/01/1948,0.349919678,0.349919678,0.349919678,0.349919678,0.349919678,0.349919678,05/20/2017,3.174527603,InSAR
12/01/1948,0.347683009,0.347683009,0.347683009,0.347683009,0.347683009,0.347683009,05/26/2017,3.168622091,InSAR
01/01/1949,0.354190389,0.354190389,0.354190389,0.354190389,0.354190389,0.354190389,06/01/2017,3.163372747,InSAR
02/01/1949,0.357681527,0.357681527,0.357681527,0.357681527,0.357681527,0.357681527,06/07/2017,3.165013167,InSAR
03/01/1949,0.357080671,0.357080671,0.357080671,0.357080671,0.357080671,0.357080671,06/13/2017,3.166981671,InSAR
04/01/1949,0.361975618,0.361975618,0.361975618,0.361975618,0.361975618,0.361975618,06/14/2017,3.167528478,Leveling
05/01/1949,0.363613045,0.363613045,0.363613045,0.363613045,0.363613045,0.363613045,06/19/2017,3.170262511,InSAR
06/01/1949,0.374071693,0.374071693,0.374071693,0.374071693,0.374071693,0.374071693,06/25/2017,3.173871435,InSAR
07/01/1949,0.374718964,0.374718964,0.374718964,0.374718964,0.374718964,0.374718964,07/01/2017,3.174855687,InSAR
08/01/1949,0.383549402,0.383549402,0.383549402,0.383549402,0.383549402,0.383549402,07/07/2017,3.177808443,InSAR
09/01/1949,0.403063752,0.403063752,0.403063752,0.403063752,0.403063752,0.403063752,07/13/2017,3.184698207,InSAR
10/01/1949,0.404666318,0.404666318,0.404666318,0.404666318,0.404666318,0.404666318,07/20/2017,3.189291383,InSAR
11/01/1949,0.410767494,0.410767494,0.410767494,0.410767494,0.410767494,0.410767494,07/26/2017,3.190275635,InSAR
12/01/1949,0.415957772,0.415957772,0.415957772,0.415957772,0.415957772,0.415957772,08/01/2017,3.193556475,InSAR
01/01/1950,0.422595178,0.422595178,0.422595178,0.422595178,0.422595178,0.422595178,08/07/2017,3.198149651,InSAR
02/01/1950,0.420261391,0.420261391,0.420261391,0.420261391,0.420261391,0.420261391,08/13/2017,3.199133903,InSAR
03/01/1950,0.420195815,0.420195815,0.420195815,0.420195815,0.420195815,0.420195815,08/20/2017,3.196509231,InSAR
04/01/1950,0.422732176,0.422732176,0.422732176,0.422732176,0.422732176,0.422732176,08/26/2017,3.194868811,InSAR
05/01/1950,0.422501478,0.422501478,0.422501478,0.422501478,0.422501478,0.422501478,09/01/2017,3.193884559,InSAR
06/01/1950,0.428635927,0.428635927,0.428635927,0.428635927,0.428635927,0.428635927,09/07/2017,3.191259887,InSAR
07/01/1950,0.429579862,0.429579862,0.429579862,0.429579862,0.429579862,0.429579862,09/13/2017,3.186338627,InSAR
08/01/1950,0.434177944,0.434177944,0.434177944,0.434177944,0.434177944,0.434177944,09/19/2017,3.183385871,InSAR
09/01/1950,0.436569077,0.436569077,0.436569077,0.436569077,0.436569077,0.436569077,09/25/2017,3.183385871,InSAR
10/01/1950,0.434646565,0.434646565,0.434646565,0.434646565,0.434646565,0.434646565,10/01/2017,3.182729703,InSAR
11/01/1950,0.431158055,0.431158055,0.431158055,0.431158055,0.431158055,0.431158055,10/07/2017,3.185682459,InSAR
12/01/1950,0.428200423,0.428200423,0.428200423,0.428200423,0.428200423,0.428200423,10/13/2017,3.185354375,InSAR
01/01/1951,0.429462928,0.429462928,0.429462928,0.429462928,0.429462928,0.429462928,10/20/2017,3.186338627,InSAR
02/01/1951,0.433573901,0.433573901,0.433573901,0.433573901,0.433573901,0.433573901,10/26/2017,3.189947551,InSAR
03/01/1951,0.434033874,0.434033874,0.434033874,0.434033874,0.434033874,0.434033874,11/01/2017,3.194868811,InSAR
04/01/1951,0.437761171,0.437761171,0.437761171,0.437761171,0.437761171,0.437761171,11/07/2017,3.188963299,InSAR
05/01/1951,0.435702141,0.435702141,0.435702141,0.435702141,0.435702141,0.435702141,11/13/2017,3.182401619,InSAR
06/01/1951,0.435460329,0.435460329,0.435460329,0.435460329,0.435460329,0.435460329,11/19/2017,3.180105031,InSAR
07/01/1951,0.430334531,0.430334531,0.430334531,0.430334531,0.430334531,0.430334531,11/25/2017,3.177480359,InSAR
08/01/1951,0.432907921,0.432907921,0.432907921,0.432907921,0.432907921,0.432907921,12/01/2017,3.175839939,InSAR
09/01/1951,0.429957494,0.429957494,0.429957494,0.429957494,0.429957494,0.429957494,12/07/2017,3.175511855,InSAR
10/01/1951,0.432595032,0.432595032,0.432595032,0.432595032,0.432595032,0.432595032,12/13/2017,3.177152275,InSAR
11/01/1951,0.437304944,0.437304944,0.437304944,0.437304944,0.437304944,0.437304944,12/20/2017,3.179120779,InSAR
12/01/1951,0.434385169,0.434385169,0.434385169,0.434385169,0.434385169,0.434385169,12/26/2017,3.178136527,InSAR
01/01/1952,0.437398995,0.437398995,0.437398995,0.437398995,0.437398995,0.437398995,01/01/2018,3.173543351,InSAR
02/01/1952,0.430762864,0.430762864,0.430762864,0.430762864,0.430762864,0.430762864,01/07/2018,3.177152275,InSAR
03/01/1952,0.435549552,0.435549552,0.435549552,0.435549552,0.435549552,0.435549552,01/13/2018,3.178136527,InSAR
04/01/1952,0.42835959,0.42835959,0.42835959,0.42835959,0.42835959,0.42835959,01/20/2018,3.178464611,InSAR
05/01/1952,0.43207332,0.43207332,0.43207332,0.43207332,0.43207332,0.43207332,01/26/2018,3.178136527,InSAR
06/01/1952,0.427163774,0.427163774,0.427163774,0.427163774,0.427163774,0.427163774,02/01/2018,3.176168023,InSAR
07/01/1952,0.431589249,0.431589249,0.431589249,0.431589249,0.431589249,0.431589249,02/07/2018,3.172559099,InSAR
08/01/1952,0.438481098,0.438481098,0.438481098,0.438481098,0.438481098,0.438481098,02/12/2018,3.170918679,InSAR
09/01/1952,0.445810444,0.445810444,0.445810444,0.445810444,0.445810444,0.445810444,02/18/2018,3.167965923,InSAR
10/01/1952,0.445722678,0.445722678,0.445722678,0.445722678,0.445722678,0.445722678,02/23/2018,3.169606343,InSAR
11/01/1952,0.451657143,0.451657143,0.451657143,0.451657143,0.451657143,0.451657143,03/01/2018,3.168950175,InSAR
12/01/1952,0.453175792,0.453175792,0.453175792,0.453175792,0.453175792,0.453175792,03/07/2018,3.169934427,InSAR
01/01/1953,0.45095451,0.45095451,0.45095451,0.45095451,0.45095451,0.45095451,03/13/2018,3.173871435,InSAR
02/01/1953,0.453495465,0.453495465,0.453495465,0.453495465,0.453495465,0.453495465,03/20/2018,3.181089283,InSAR
03/01/1953,0.455723124,0.455723124,0.455723124,0.455723124,0.455723124,0.455723124,03/26/2018,3.184698207,InSAR
04/01/1953,0.45498301,0.45498301,0.45498301,0.45498301,0.45498301,0.45498301,04/01/2018,3.188307131,InSAR
05/01/1953,0.454641457,0.454641457,0.454641457,0.454641457,0.454641457,0.454641457,04/07/2018,3.191259887,InSAR
06/01/1953,0.448495312,0.448495312,0.448495312,0.448495312,0.448495312,0.448495312,04/13/2018,3.192244139,InSAR
07/01/1953,0.449065799,0.449065799,0.449065799,0.449065799,0.449065799,0.449065799,04/19/2018,3.193884559,InSAR
08/01/1953,0.447256354,0.447256354,0.447256354,0.447256354,0.447256354,0.447256354,04/25/2018,3.194212643,InSAR
09/01/1953,0.453946525,0.453946525,0.453946525,0.453946525,0.453946525,0.453946525,05/01/2018,3.192900307,InSAR
10/01/1953,0.460883601,0.460883601,0.460883601,0.460883601,0.460883601,0.460883601,05/07/2018,3.194540727,InSAR
11/01/1953,0.455881909,0.455881909,0.455881909,0.455881909,0.455881909,0.455881909,05/13/2018,3.193884559,InSAR
12/01/1953,0.458051842,0.458051842,0.458051842,0.458051842,0.458051842,0.458051842,05/20/2018,3.190275635,InSAR
01/01/1954,0.457559822,0.457559822,0.457559822,0.457559822,0.457559822,0.457559822,05/26/2018,3.188635215,InSAR
02/01/1954,0.451023761,0.451023761,0.451023761,0.451023761,0.451023761,0.451023761,06/01/2018,3.189947551,InSAR
03/01/1954,0.449672338,0.449672338,0.449672338,0.449672338,0.449672338,0.449672338,06/07/2018,3.189947551,InSAR
04/01/1954,0.446076035,0.446076035,0.446076035,0.446076035,0.446076035,0.446076035,06/13/2018,3.194868811,InSAR
05/01/1954,0.450076656,0.450076656,0.450076656,0.450076656,0.450076656,0.450076656,06/19/2018,3.199133903,InSAR
06/01/1954,0.452423326,0.452423326,0.452423326,0.452423326,0.452423326,0.452423326,06/25/2018,3.203398995,InSAR
07/01/1954,0.463095461,0.463095461,0.463095461,0.463095461,0.463095461,0.463095461,07/01/2018,3.208320255,InSAR
08/01/1954,0.470824976,0.470824976,0.470824976,0.470824976,0.470824976,0.470824976,07/07/2018,3.216850439,InSAR
09/01/1954,0.479623034,0.479623034,0.479623034,0.479623034,0.479623034,0.479623034,07/13/2018,3.225380623,InSAR
10/01/1954,0.476455328,0.476455328,0.476455328,0.476455328,0.476455328,0.476455328,07/20/2018,3.232270387,InSAR
11/01/1954,0.471613188,0.471613188,0.471613188,0.471613188,0.471613188,0.471613188,07/26/2018,3.236207395,InSAR
12/01/1954,0.470650841,0.470650841,0.470650841,0.470650841,0.470650841,0.470650841,08/01/2018,3.239488235,InSAR
01/01/1955,0.469127959,0.469127959,0.469127959,0.469127959,0.469127959,0.469127959,08/07/2018,3.243097159,InSAR
02/01/1955,0.459447631,0.459447631,0.459447631,0.459447631,0.459447631,0.459447631,08/13/2018,3.243097159,InSAR
03/01/1955,0.454654391,0.454654391,0.454654391,0.454654391,0.454654391,0.454654391,08/20/2018,3.242440991,InSAR
04/01/1955,0.45857607,0.45857607,0.45857607,0.45857607,0.45857607,0.45857607,08/26/2018,3.243425243,InSAR
05/01/1955,0.459624781,0.459624781,0.459624781,0.459624781,0.459624781,0.459624781,09/01/2018,3.242112907,InSAR
06/01/1955,0.472589818,0.472589818,0.472589818,0.472589818,0.472589818,0.472589818,09/07/2018,3.240800571,InSAR
07/01/1955,0.472618159,0.472618159,0.472618159,0.472618159,0.472618159,0.472618159,09/13/2018,3.243425243,InSAR
08/01/1955,0.491885279,0.491885279,0.491885279,0.491885279,0.491885279,0.491885279,09/19/2018,3.246049915,InSAR
09/01/1955,0.531889268,0.531889268,0.531889268,0.531889268,0.531889268,0.531889268,09/25/2018,3.248674587,InSAR
10/01/1955,0.547216665,0.547216665,0.547216665,0.547216665,0.547216665,0.547216665,10/01/2018,3.249330755,InSAR
11/01/1955,0.548485054,0.548485054,0.548485054,0.548485054,0.548485054,0.548485054,10/07/2018,3.249330755,InSAR
12/01/1955,0.546695801,0.546695801,0.546695801,0.546695801,0.546695801,0.546695801,10/13/2018,3.246049915,InSAR
01/01/1956,0.547997643,0.547997643,0.547997643,0.547997643,0.547997643,0.547997643,10/20/2018,3.242769075,InSAR
02/01/1956,0.547382219,0.547382219,0.547382219,0.547382219,0.547382219,0.547382219,10/26/2018,3.238832067,InSAR
03/01/1956,0.547042043,0.547042043,0.547042043,0.547042043,0.547042043,0.547042043,11/01/2018,3.237191647,InSAR
04/01/1956,0.545115418,0.545115418,0.545115418,0.545115418,0.545115418,0.545115418,11/07/2018,3.232598471,InSAR
05/01/1956,0.552340979,0.552340979,0.552340979,0.552340979,0.552340979,0.552340979,11/13/2018,3.225380623,InSAR
06/01/1956,0.551224473,0.551224473,0.551224473,0.551224473,0.551224473,0.551224473,11/19/2018,3.218818943,InSAR
07/01/1956,0.546292925,0.546292925,0.546292925,0.546292925,0.546292925,0.546292925,11/25/2018,3.214225767,InSAR
08/01/1956,0.556994569,0.556994569,0.556994569,0.556994569,0.556994569,0.556994569,12/01/2018,3.212257263,InSAR
09/01/1956,0.597024318,0.597024318,0.597024318,0.597024318,0.597024318,0.597024318,12/07/2018,3.205367499,InSAR
10/01/1956,0.606712113,0.606712113,0.606712113,0.606712113,0.606712113,0.606712113,12/13/2018,3.197821567,InSAR
11/01/1956,0.612893726,0.612893726,0.612893726,0.612893726,0.612893726,0.612893726,12/20/2018,3.192572223,InSAR
12/01/1956,0.624123575,0.624123575,0.624123575,0.624123575,0.624123575,0.624123575,12/26/2018,3.189619467,InSAR
01/01/1957,0.635975032,0.635975032,0.635975032,0.635975032,0.635975032,0.635975032,01/01/2019,3.186338627,InSAR
02/01/1957,0.640244721,0.640244721,0.640244721,0.640244721,0.640244721,0.640244721,01/07/2019,3.188635215,InSAR
03/01/1957,0.652007187,0.652007187,0.652007187,0.652007187,0.652007187,0.652007187,01/13/2019,3.188307131,InSAR
04/01/1957,0.663236362,0.663236362,0.663236362,0.663236362,0.663236362,0.663236362,01/20/2019,3.184042039,InSAR
05/01/1957,0.664621244,0.664621244,0.664621244,0.664621244,0.664621244,0.664621244,01/26/2019,3.182729703,InSAR
06/01/1957,0.662378871,0.662378871,0.662378871,0.662378871,0.662378871,0.662378871,02/01/2019,3.184042039,InSAR
07/01/1957,0.661487408,0.661487408,0.661487408,0.661487408,0.661487408,0.661487408,02/07/2019,3.179120779,InSAR
08/01/1957,0.666306629,0.666306629,0.666306629,0.666306629,0.666306629,0.666306629,02/12/2019,3.178136527,InSAR
09/01/1957,0.664166352,0.664166352,0.664166352,0.664166352,0.664166352,0.664166352,02/18/2019,3.182401619,InSAR
10/01/1957,0.669008513,0.669008513,0.669008513,0.669008513,0.669008513,0.669008513,02/23/2019,3.186010543,InSAR
11/01/1957,0.667901238,0.667901238,0.667901238,0.667901238,0.667901238,0.667901238,03/01/2019,3.191587971,InSAR
12/01/1957,0.666690534,0.666690534,0.666690534,0.666690534,0.666690534,0.666690534,03/07/2019,3.204383247,InSAR
01/01/1958,0.6765835,0.6765835,0.6765835,0.6765835,0.6765835,0.6765835,03/13/2019,3.213241515,InSAR
02/01/1958,0.67547104,0.67547104,0.67547104,0.67547104,0.67547104,0.67547104,03/20/2019,3.217506607,InSAR
03/01/1958,0.674199885,0.674199885,0.674199885,0.674199885,0.674199885,0.674199885,03/26/2019,3.217506607,InSAR
04/01/1958,0.676904158,0.676904158,0.676904158,0.676904158,0.676904158,0.676904158,04/01/2019,3.213897683,InSAR
05/01/1958,0.672230016,0.672230016,0.672230016,0.672230016,0.672230016,0.672230016,04/07/2019,3.215866187,InSAR
06/01/1958,0.669698743,0.669698743,0.669698743,0.669698743,0.669698743,0.669698743,04/13/2019,3.215866187,InSAR
07/01/1958,0.672235547,0.672235547,0.672235547,0.672235547,0.672235547,0.672235547,04/19/2019,3.215210019,InSAR
08/01/1958,0.681022916,0.681022916,0.681022916,0.681022916,0.681022916,0.681022916,04/25/2019,3.211601095,InSAR
09/01/1958,0.71160854,0.71160854,0.71160854,0.71160854,0.71160854,0.71160854,05/01/2019,3.209304507,InSAR
10/01/1958,0.713707239,0.713707239,0.713707239,0.713707239,0.713707239,0.713707239,05/07/2019,3.207992171,InSAR
11/01/1958,0.713624401,0.713624401,0.713624401,0.713624401,0.713624401,0.713624401,05/13/2019,3.208320255,InSAR
12/01/1958,0.712068771,0.712068771,0.712068771,0.712068771,0.712068771,0.712068771,05/20/2019,3.210288759,InSAR
01/01/1959,0.708656656,0.708656656,0.708656656,0.708656656,0.708656656,0.708656656,05/26/2019,3.218490859,InSAR
02/01/1959,0.707535243,0.707535243,0.707535243,0.707535243,0.707535243,0.707535243,06/01/2019,3.228005295,InSAR
03/01/1959,0.705933271,0.705933271,0.705933271,0.705933271,0.705933271,0.705933271,06/07/2019,3.238832067,InSAR
04/01/1959,0.703652544,0.703652544,0.703652544,0.703652544,0.703652544,0.703652544,06/13/2019,3.244409495,InSAR
05/01/1959,0.706597227,0.706597227,0.706597227,0.706597227,0.706597227,0.706597227,06/19/2019,3.254908183,InSAR
06/01/1959,0.718102873,0.718102873,0.718102873,0.718102873,0.718102873,0.718102873,06/25/2019,3.255236267,InSAR
07/01/1959,0.721686914,0.721686914,0.721686914,0.721686914,0.721686914,0.721686914,07/01/2019,3.261797947,InSAR
08/01/1959,0.746059894,0.746059894,0.746059894,0.746059894,0.746059894,0.746059894,07/07/2019,3.270656215,InSAR
09/01/1959,0.774508431,0.774508431,0.774508431,0.774508431,0.774508431,0.774508431,07/13/2019,3.275249391,InSAR
10/01/1959,0.778138727,0.778138727,0.778138727,0.778138727,0.778138727,0.778138727,07/20/2019,3.275577475,InSAR
11/01/1959,0.773671325,0.773671325,0.773671325,0.773671325,0.773671325,0.773671325,07/26/2019,3.289028919,InSAR
12/01/1959,0.770381665,0.770381665,0.770381665,0.770381665,0.770381665,0.770381665,08/01/2019,3.286732331,InSAR
01/01/1960,0.771253421,0.771253421,0.771253421,0.771253421,0.771253421,0.771253421,08/07/2019,3.288044667,InSAR
02/01/1960,0.767941536,0.767941536,0.767941536,0.767941536,0.767941536,0.767941536,08/13/2019,3.290013171,InSAR
03/01/1960,0.770854308,0.770854308,0.770854308,0.770854308,0.770854308,0.770854308,08/20/2019,3.291325507,InSAR
04/01/1960,0.765083614,0.765083614,0.765083614,0.765083614,0.765083614,0.765083614,08/26/2019,3.290669339,InSAR
05/01/1960,0.770358348,0.770358348,0.770358348,0.770358348,0.770358348,0.770358348,09/01/2019,3.296902935,InSAR
06/01/1960,0.777405656,0.777405656,0.777405656,0.777405656,0.777405656,0.777405656,09/07/2019,3.299199523,InSAR
07/01/1960,0.792994765,0.792994765,0.792994765,0.792994765,0.792994765,0.792994765,09/13/2019,3.302152279,InSAR
08/01/1960,0.812100286,0.812100286,0.812100286,0.812100286,0.812100286,0.812100286,09/19/2019,3.300511859,InSAR
09/01/1960,0.85116154,0.85116154,0.85116154,0.85116154,0.85116154,0.85116154,09/25/2019,3.298871439,InSAR
10/01/1960,0.850214407,0.850214407,0.850214407,0.850214407,0.850214407,0.850214407,10/01/2019,3.298215271,InSAR
11/01/1960,0.849588173,0.849588173,0.849588173,0.849588173,0.849588173,0.849588173,10/07/2019,3.298215271,InSAR
12/01/1960,0.851942379,0.851942379,0.851942379,0.851942379,0.851942379,0.851942379,10/13/2019,3.296902935,InSAR
01/01/1961,0.846230279,0.846230279,0.846230279,0.846230279,0.846230279,0.846230279,10/20/2019,3.298215271,InSAR
02/01/1961,0.846040599,0.846040599,0.846040599,0.846040599,0.846040599,0.846040599,10/26/2019,3.296246767,InSAR
03/01/1961,0.84023888,0.84023888,0.84023888,0.84023888,0.84023888,0.84023888,11/01/2019,3.295262515,InSAR
04/01/1961,0.839088013,0.839088013,0.839088013,0.839088013,0.839088013,0.839088013,11/07/2019,3.291653591,InSAR
05/01/1961,0.839018342,0.839018342,0.839018342,0.839018342,0.839018342,0.839018342,11/13/2019,3.284435743,InSAR
06/01/1961,0.857104239,0.857104239,0.857104239,0.857104239,0.857104239,0.857104239,11/19/2019,3.279842567,InSAR
07/01/1961,0.869319788,0.869319788,0.869319788,0.869319788,0.869319788,0.869319788,11/25/2019,3.274921307,InSAR
08/01/1961,0.88083202,0.88083202,0.88083202,0.88083202,0.88083202,0.88083202,12/01/2019,3.273937055,InSAR
09/01/1961,0.921467395,0.921467395,0.921467395,0.921467395,0.921467395,0.921467395,12/07/2019,3.276561727,InSAR
10/01/1961,0.931895182,0.931895182,0.931895182,0.931895182,0.931895182,0.931895182,12/13/2019,3.282139155,InSAR
11/01/1961,0.931567316,0.931567316,0.931567316,0.931567316,0.931567316,0.931567316,12/20/2019,3.286404247,InSAR
12/01/1961,0.939836459,0.939836459,0.939836459,0.939836459,0.939836459,0.939836459,12/26/2019,3.287716583,InSAR
01/01/1962,0.939914869,0.939914869,0.939914869,0.939914869,0.939914869,0.939914869,01/01/2020,3.287388499,InSAR
02/01/1962,0.930341772,0.930341772,0.930341772,0.930341772,0.930341772,0.930341772,01/07/2020,3.285091911,InSAR
03/01/1962,0.927746688,0.927746688,0.927746688,0.927746688,0.927746688,0.927746688,01/13/2020,3.283123407,InSAR
04/01/1962,0.924505808,0.924505808,0.924505808,0.924505808,0.924505808,0.924505808,01/20/2020,3.281482987,InSAR
05/01/1962,0.921100981,0.921100981,0.921100981,0.921100981,0.921100981,0.921100981,01/26/2020,3.279186399,InSAR
06/01/1962,0.927979086,0.927979086,0.927979086,0.927979086,0.927979086,0.927979086,02/01/2020,3.279186399,InSAR
07/01/1962,0.950117932,0.950117932,0.950117932,0.950117932,0.950117932,0.950117932,02/07/2020,3.281482987,InSAR
08/01/1962,0.980446573,0.980446573,0.980446573,0.980446573,0.980446573,0.980446573,02/13/2020,3.282467239,InSAR
09/01/1962,1.03425319,1.03425319,1.03425319,1.03425319,1.03425319,1.03425319,02/18/2020,3.285091911,InSAR
10/01/1962,1.042817294,1.042817294,1.042817294,1.042817294,1.042817294,1.042817294,02/24/2020,3.283779575,InSAR
11/01/1962,1.050174135,1.050174135,1.050174135,1.050174135,1.050174135,1.050174135,03/01/2020,3.283779575,InSAR
12/01/1962,1.053080383,1.053080383,1.053080383,1.053080383,1.053080383,1.053080383,03/07/2020,3.285091911,InSAR
01/01/1963,1.051379821,1.051379821,1.051379821,1.051379821,1.051379821,1.051379821,03/13/2020,3.288044667,InSAR
02/01/1963,1.055371316,1.055371316,1.055371316,1.055371316,1.055371316,1.055371316,03/20/2020,3.291325507,InSAR
03/01/1963,1.056776284,1.056776284,1.056776284,1.056776284,1.056776284,1.056776284,03/26/2020,3.298215271,InSAR
04/01/1963,1.05649684,1.05649684,1.05649684,1.05649684,1.05649684,1.05649684,04/01/2020,3.304776951,InSAR
05/01/1963,1.050478081,1.050478081,1.050478081,1.050478081,1.050478081,1.050478081,04/07/2020,3.310354379,InSAR
06/01/1963,1.05926258,1.05926258,1.05926258,1.05926258,1.05926258,1.05926258,04/13/2020,3.313635219,InSAR
07/01/1963,1.06739456,1.06739456,1.06739456,1.06739456,1.06739456,1.06739456,04/19/2020,3.317900311,InSAR
08/01/1963,1.085861085,1.085861085,1.085861085,1.085861085,1.085861085,1.085861085,04/25/2020,3.322493487,InSAR
09/01/1963,1.12757159,1.12757159,1.12757159,1.12757159,1.12757159,1.12757159,05/01/2020,3.329055167,InSAR
10/01/1963,1.137929479,1.137929479,1.137929479,1.137929479,1.137929479,1.137929479,05/07/2020,3.333648343,InSAR
11/01/1963,1.144309139,1.144309139,1.144309139,1.144309139,1.144309139,1.144309139,05/13/2020,3.338241519,InSAR
12/01/1963,1.145771069,1.145771069,1.145771069,1.145771069,1.145771069,1.145771069,05/20/2020,3.351364879,InSAR
01/01/1964,1.140117285,1.140117285,1.140117285,1.140117285,1.140117285,1.140117285,05/26/2020,3.361535483,InSAR
02/01/1964,1.131276533,1.131276533,1.131276533,1.131276533,1.131276533,1.131276533,06/01/2020,3.367769079,InSAR
03/01/1964,1.125976911,1.125976911,1.125976911,1.125976911,1.125976911,1.125976911,06/07/2020,3.374330759,InSAR
04/01/1964,1.111702018,1.111702018,1.111702018,1.111702018,1.111702018,1.111702018,06/13/2020,3.381876691,InSAR
05/01/1964,1.108543373,1.108543373,1.108543373,1.108543373,1.108543373,1.108543373,06/19/2020,3.388438371,InSAR
06/01/1964,1.129601799,1.129601799,1.129601799,1.129601799,1.129601799,1.129601799,06/25/2020,3.396640471,InSAR
07/01/1964,1.166048996,1.166048996,1.166048996,1.166048996,1.166048996,1.166048996,07/01/2020,3.403530235,InSAR
08/01/1964,1.227189614,1.227189614,1.227189614,1.227189614,1.227189614,1.227189614,07/07/2020,3.413044671,InSAR
09/01/1964,1.293225946,1.293225946,1.293225946,1.293225946,1.293225946,1.293225946,07/13/2020,3.421574855,InSAR
10/01/1964,1.321196432,1.321196432,1.321196432,1.321196432,1.321196432,1.321196432,07/20/2020,3.428792703,InSAR
11/01/1964,1.336107529,1.336107529,1.336107529,1.336107529,1.336107529,1.336107529,07/26/2020,3.442572231,InSAR
12/01/1964,1.342549779,1.342549779,1.342549779,1.342549779,1.342549779,1.342549779,08/01/2020,3.453070919,InSAR
01/01/1965,1.339855526,1.339855526,1.339855526,1.339855526,1.339855526,1.339855526,08/07/2020,3.463897691,InSAR
02/01/1965,1.336976299,1.336976299,1.336976299,1.336976299,1.336976299,1.336976299,08/13/2020,3.478333387,InSAR
03/01/1965,1.333107221,1.333107221,1.333107221,1.333107221,1.333107221,1.333107221,08/20/2020,3.487847823,InSAR
04/01/1965,1.328266006,1.328266006,1.328266006,1.328266006,1.328266006,1.328266006,08/26/2020,3.495065671,InSAR
05/01/1965,1.325015266,1.325015266,1.325015266,1.325015266,1.325015266,1.325015266,09/01/2020,3.500643099,InSAR
06/01/1965,1.331789485,1.331789485,1.331789485,1.331789485,1.331789485,1.331789485,09/07/2020,3.504252023,InSAR
07/01/1965,1.348828913,1.348828913,1.348828913,1.348828913,1.348828913,1.348828913,09/13/2020,3.506876695,InSAR
08/01/1965,1.373618423,1.373618423,1.373618423,1.373618423,1.373618423,1.373618423,09/19/2020,3.508517115,InSAR
09/01/1965,1.402602039,1.402602039,1.402602039,1.402602039,1.402602039,1.402602039,09/25/2020,3.509173283,InSAR
10/01/1965,1.423321728,1.423321728,1.423321728,1.423321728,1.423321728,1.423321728,10/01/2020,3.502611603,InSAR
11/01/1965,1.426228963,1.426228963,1.426228963,1.426228963,1.426228963,1.426228963,10/07/2020,3.494081419,InSAR
12/01/1965,1.432131532,1.432131532,1.432131532,1.432131532,1.432131532,1.432131532,10/13/2020,3.488832075,InSAR
01/01/1966,1.430544553,1.430544553,1.430544553,1.430544553,1.430544553,1.430544553,10/20/2020,3.483254647,InSAR
02/01/1966,1.427863796,1.427863796,1.427863796,1.427863796,1.427863796,1.427863796,10/26/2020,3.474724463,InSAR
03/01/1966,1.418863588,1.418863588,1.418863588,1.418863588,1.418863588,1.418863588,11/01/2020,3.466522363,InSAR
04/01/1966,1.422744325,1.422744325,1.422744325,1.422744325,1.422744325,1.422744325,11/07/2020,3.456351759,InSAR
05/01/1966,1.417375606,1.417375606,1.417375606,1.417375606,1.417375606,1.417375606,11/13/2020,3.448149659,InSAR
06/01/1966,1.420883507,1.420883507,1.420883507,1.420883507,1.420883507,1.420883507,11/19/2020,3.439619475,InSAR
07/01/1966,1.444322755,1.444322755,1.444322755,1.444322755,1.444322755,1.444322755,11/25/2020,3.434698215,InSAR
08/01/1966,1.479964321,1.479964321,1.479964321,1.479964321,1.479964321,1.479964321,12/01/2020,3.433057795,InSAR
09/01/1966,1.506929122,1.506929122,1.506929122,1.506929122,1.506929122,1.506929122,12/07/2020,3.432073543,InSAR
10/01/1966,1.518296593,1.518296593,1.518296593,1.518296593,1.518296593,1.518296593,12/13/2020,3.429776955,InSAR
11/01/1966,1.527413066,1.527413066,1.527413066,1.527413066,1.527413066,1.527413066,12/20/2020,3.425511863,InSAR
12/01/1966,1.546587555,1.546587555,1.546587555,1.546587555,1.546587555,1.546587555,12/26/2020,3.419606351,InSAR
01/01/1967,1.541007165,1.541007165,1.541007165,1.541007165,1.541007165,1.541007165,01/01/2021,3.414357007,InSAR
02/01/1967,1.533515638,1.533515638,1.533515638,1.533515638,1.533515638,1.533515638,01/07/2021,3.407795327,InSAR
03/01/1967,1.529053861,1.529053861,1.529053861,1.529053861,1.529053861,1.529053861,01/13/2021,3.403202151,InSAR
04/01/1967,1.522060839,1.522060839,1.522060839,1.522060839,1.522060839,1.522060839,01/20/2021,3.400905563,InSAR
05/01/1967,1.516099872,1.516099872,1.516099872,1.516099872,1.516099872,1.516099872,01/26/2021,3.403202151,InSAR
06/01/1967,1.519024376,1.519024376,1.519024376,1.519024376,1.519024376,1.519024376,02/01/2021,3.404186403,InSAR
07/01/1967,1.525964275,1.525964275,1.525964275,1.525964275,1.525964275,1.525964275,02/07/2021,3.407795327,InSAR
08/01/1967,1.532447979,1.532447979,1.532447979,1.532447979,1.532447979,1.532447979,02/12/2021,3.413372755,InSAR
09/01/1967,1.544944453,1.544944453,1.544944453,1.544944453,1.544944453,1.544944453,02/18/2021,3.418294015,InSAR
10/01/1967,1.557272353,1.557272353,1.557272353,1.557272353,1.557272353,1.557272353,02/23/2021,3.419606351,InSAR
11/01/1967,1.566688728,1.566688728,1.566688728,1.566688728,1.566688728,1.566688728,03/01/2021,3.425183779,InSAR
12/01/1967,1.567532438,1.567532438,1.567532438,1.567532438,1.567532438,1.567532438,03/07/2021,3.433057795,InSAR
01/01/1968,1.55930323,1.55930323,1.55930323,1.55930323,1.55930323,1.55930323,03/13/2021,3.441259895,InSAR
02/01/1968,1.555101435,1.555101435,1.555101435,1.555101435,1.555101435,1.555101435,03/20/2021,3.452414751,InSAR
03/01/1968,1.54255633,1.54255633,1.54255633,1.54255633,1.54255633,1.54255633,03/26/2021,3.461601103,InSAR
04/01/1968,1.534938759,1.534938759,1.534938759,1.534938759,1.534938759,1.534938759,04/01/2021,3.471443623,InSAR
05/01/1968,1.525930956,1.525930956,1.525930956,1.525930956,1.525930956,1.525930956,04/07/2021,3.480958059,InSAR
06/01/1968,1.522695267,1.522695267,1.522695267,1.522695267,1.522695267,1.522695267,04/13/2021,3.488832075,InSAR
07/01/1968,1.527059283,1.527059283,1.527059283,1.527059283,1.527059283,1.527059283,04/19/2021,3.501955435,InSAR
08/01/1968,1.534508082,1.534508082,1.534508082,1.534508082,1.534508082,1.534508082,04/25/2021,3.517047299,InSAR
09/01/1968,1.538611988,1.538611988,1.538611988,1.538611988,1.538611988,1.538611988,05/01/2021,3.535748087,InSAR
10/01/1968,1.540156204,1.540156204,1.540156204,1.540156204,1.540156204,1.540156204,05/07/2021,3.556417379,InSAR
11/01/1968,1.542350141,1.542350141,1.542350141,1.542350141,1.542350141,1.542350141,05/13/2021,3.580039427,InSAR
12/01/1968,1.541219642,1.541219642,1.541219642,1.541219642,1.541219642,1.541219642,05/20/2021,3.603989559,InSAR
01/01/1969,1.543559927,1.543559927,1.543559927,1.543559927,1.543559927,1.543559927,05/26/2021,3.622362263,InSAR
02/01/1969,1.539865189,1.539865189,1.539865189,1.539865189,1.539865189,1.539865189,06/01/2021,3.640734967,InSAR
03/01/1969,1.538424708,1.538424708,1.538424708,1.538424708,1.538424708,1.538424708,06/07/2021,3.658123419,InSAR
04/01/1969,1.533489662,1.533489662,1.533489662,1.533489662,1.533489662,1.533489662,06/13/2021,3.676824207,InSAR
05/01/1969,1.527894597,1.527894597,1.527894597,1.527894597,1.527894597,1.527894597,06/19/2021,3.696509247,InSAR
06/01/1969,1.534547053,1.534547053,1.534547053,1.534547053,1.534547053,1.534547053,06/25/2021,3.715866203,InSAR
07/01/1969,1.550899966,1.550899966,1.550899966,1.550899966,1.550899966,1.550899966,07/01/2021,3.736207411,InSAR
08/01/1969,1.567416099,1.567416099,1.567416099,1.567416099,1.567416099,1.567416099,07/07/2021,3.757204787,InSAR
09/01/1969,1.579376562,1.579376562,1.579376562,1.579376562,1.579376562,1.579376562,07/13/2021,3.777545995,InSAR
10/01/1969,1.589751529,1.589751529,1.589751529,1.589751529,1.589751529,1.589751529,07/20/2021,3.804120799,InSAR
11/01/1969,1.598998792,1.598998792,1.598998792,1.598998792,1.598998792,1.598998792,07/26/2021,3.822821587,InSAR
12/01/1969,1.606738986,1.606738986,1.606738986,1.606738986,1.606738986,1.606738986,08/01/2021,3.840210039,InSAR
01/01/1970,1.596189412,1.596189412,1.596189412,1.596189412,1.596189412,1.596189412,08/07/2021,3.854645735,InSAR
02/01/1970,1.582789492,1.582789492,1.582789492,1.582789492,1.582789492,1.582789492,08/13/2021,3.869737599,InSAR
03/01/1970,1.566308371,1.566308371,1.566308371,1.566308371,1.566308371,1.566308371,08/20/2021,3.877939699,InSAR
04/01/1970,1.550220012,1.550220012,1.550220012,1.550220012,1.550220012,1.550220012,08/26/2021,3.886141799,InSAR
05/01/1970,1.543822396,1.543822396,1.543822396,1.543822396,1.543822396,1.543822396,09/01/2021,3.894015815,InSAR
06/01/1970,1.545913307,1.545913307,1.545913307,1.545913307,1.545913307,1.545913307,09/07/2021,3.901561747,InSAR
07/01/1970,1.559093051,1.559093051,1.559093051,1.559093051,1.559093051,1.559093051,09/13/2021,3.905498755,InSAR
08/01/1970,1.565240477,1.565240477,1.565240477,1.565240477,1.565240477,1.565240477,09/19/2021,3.911732351,InSAR
09/01/1970,1.57066189,1.57066189,1.57066189,1.57066189,1.57066189,1.57066189,09/25/2021,3.914685107,InSAR
10/01/1970,1.581743127,1.581743127,1.581743127,1.581743127,1.581743127,1.581743127,10/01/2021,3.915341275,InSAR
11/01/1970,1.589361086,1.589361086,1.589361086,1.589361086,1.589361086,1.589361086,10/07/2021,3.921574871,InSAR
12/01/1970,1.595566372,1.595566372,1.595566372,1.595566372,1.595566372,1.595566372,10/13/2021,3.922559123,InSAR
01/01/1971,1.588160144,1.588160144,1.588160144,1.588160144,1.588160144,1.588160144,10/20/2021,3.928464635,InSAR
02/01/1971,1.572157385,1.572157385,1.572157385,1.572157385,1.572157385,1.572157385,10/26/2021,3.930761223,InSAR
03/01/1971,1.561034335,1.561034335,1.561034335,1.561034335,1.561034335,1.561034335,11/01/2021,3.932729727,InSAR
04/01/1971,1.557185512,1.557185512,1.557185512,1.557185512,1.557185512,1.557185512,11/07/2021,3.936994819,InSAR
05/01/1971,1.554225314,1.554225314,1.554225314,1.554225314,1.554225314,1.554225314,11/13/2021,3.938635239,InSAR
06/01/1971,1.568881136,1.568881136,1.568881136,1.568881136,1.568881136,1.568881136,11/19/2021,3.938963323,InSAR
07/01/1971,1.584800462,1.584800462,1.584800462,1.584800462,1.584800462,1.584800462,11/25/2021,3.935026315,InSAR
08/01/1971,1.599490226,1.599490226,1.599490226,1.599490226,1.599490226,1.599490226,12/01/2021,3.931089307,InSAR
09/01/1971,1.619660378,1.619660378,1.619660378,1.619660378,1.619660378,1.619660378,12/07/2021,3.926824215,InSAR
10/01/1971,1.634511009,1.634511009,1.634511009,1.634511009,1.634511009,1.634511009,12/13/2021,3.920590619,InSAR
11/01/1971,1.651900356,1.651900356,1.651900356,1.651900356,1.651900356,1.651900356,12/20/2021,3.916653611,InSAR
12/01/1971,1.656307666,1.656307666,1.656307666,1.656307666,1.656307666,1.656307666,12/26/2021,3.916653611,InSAR
01/01/1972,1.64074507,1.64074507,1.64074507,1.64074507,1.64074507,1.64074507,01/01/2022,3.923215291,InSAR
02/01/1972,1.622591149,1.622591149,1.622591149,1.622591149,1.622591149,1.622591149,01/07/2022,3.926824215,InSAR
03/01/1972,1.60381329,1.60381329,1.60381329,1.60381329,1.60381329,1.60381329,01/13/2022,3.932073559,InSAR
04/01/1972,1.587044649,1.587044649,1.587044649,1.587044649,1.587044649,1.587044649,01/20/2022,3.936666735,InSAR
05/01/1972,1.578125259,1.578125259,1.578125259,1.578125259,1.578125259,1.578125259,01/26/2022,3.939291407,InSAR
06/01/1972,1.5898757,1.5898757,1.5898757,1.5898757,1.5898757,1.5898757,02/01/2022,3.936994819,InSAR
07/01/1972,1.608594785,1.608594785,1.608594785,1.608594785,1.608594785,1.608594785,02/07/2022,3.935026315,InSAR
08/01/1972,1.624444718,1.624444718,1.624444718,1.624444718,1.624444718,1.624444718,02/12/2022,3.934370147,InSAR
09/01/1972,1.640133561,1.640133561,1.640133561,1.640133561,1.640133561,1.640133561,02/18/2022,3.935682483,InSAR
10/01/1972,1.651416012,1.651416012,1.651416012,1.651416012,1.651416012,1.651416012,02/23/2022,3.936666735,InSAR
11/01/1972,1.662997409,1.662997409,1.662997409,1.662997409,1.662997409,1.662997409,03/01/2022,3.939619491,InSAR
12/01/1972,1.667387372,1.667387372,1.667387372,1.667387372,1.667387372,1.667387372,03/07/2022,3.943228415,InSAR
01/01/1973,1.656122406,1.656122406,1.656122406,1.656122406,1.656122406,1.656122406,03/13/2022,3.947493507,InSAR
02/01/1973,1.642241908,1.642241908,1.642241908,1.642241908,1.642241908,1.642241908,03/20/2022,3.948477759,InSAR
03/01/1973,1.628441782,1.628441782,1.628441782,1.628441782,1.628441782,1.628441782,03/26/2022,3.949790095,InSAR
04/01/1973,1.612210303,1.612210303,1.612210303,1.612210303,1.612210303,1.612210303,04/01/2022,3.952414767,InSAR
05/01/1973,1.600979201,1.600979201,1.600979201,1.600979201,1.600979201,1.600979201,04/07/2022,3.964881959,InSAR
06/01/1973,1.600811157,1.600811157,1.600811157,1.600811157,1.600811157,1.600811157,04/13/2022,3.976036815,InSAR
07/01/1973,1.608512663,1.608512663,1.608512663,1.608512663,1.608512663,1.608512663,04/19/2022,3.991784847,InSAR
08/01/1973,1.619884245,1.619884245,1.619884245,1.619884245,1.619884245,1.619884245,04/25/2022,4.006876711,InSAR
09/01/1973,1.632776744,1.632776744,1.632776744,1.632776744,1.632776744,1.632776744,05/01/2022,4.024921331,InSAR
10/01/1973,1.641266647,1.641266647,1.641266647,1.641266647,1.641266647,1.641266647,05/07/2022,4.037716607,InSAR
11/01/1973,1.646264088,1.646264088,1.646264088,1.646264088,1.646264088,1.646264088,05/13/2022,4.049855715,InSAR
12/01/1973,1.647378154,1.647378154,1.647378154,1.647378154,1.647378154,1.647378154,05/20/2022,4.063635243,InSAR
01/01/1974,1.635307089,1.635307089,1.635307089,1.635307089,1.635307089,1.635307089,05/26/2022,4.078727107,InSAR
02/01/1974,1.618161418,1.618161418,1.618161418,1.618161418,1.618161418,1.618161418,06/01/2022,4.094803223,InSAR
03/01/1974,1.605828196,1.605828196,1.605828196,1.605828196,1.605828196,1.605828196,06/07/2022,4.113504011,InSAR
04/01/1974,1.593840762,1.593840762,1.593840762,1.593840762,1.593840762,1.593840762,06/13/2022,4.134501387,InSAR
05/01/1974,1.589311157,1.589311157,1.589311157,1.589311157,1.589311157,1.589311157,06/19/2022,4.156483015,InSAR
06/01/1974,1.59693068,1.59693068,1.59693068,1.59693068,1.59693068,1.59693068,06/25/2022,4.177152307,InSAR
07/01/1974,1.610898447,1.610898447,1.610898447,1.610898447,1.610898447,1.610898447,07/01/2022,4.199790103,InSAR
08/01/1974,1.623708846,1.623708846,1.623708846,1.623708846,1.623708846,1.623708846,07/07/2022,4.219803227,InSAR
09/01/1974,1.635735303,1.635735303,1.635735303,1.635735303,1.635735303,1.635735303,07/13/2022,4.240800603,InSAR
10/01/1974,1.651483763,1.651483763,1.651483763,1.651483763,1.651483763,1.651483763,07/20/2022,4.262782231,InSAR
11/01/1974,1.663212251,1.663212251,1.663212251,1.663212251,1.663212251,1.663212251,07/26/2022,4.279186431,InSAR
12/01/1974,1.668077401,1.668077401,1.668077401,1.668077401,1.668077401,1.668077401,08/01/2022,4.293950211,InSAR
01/01/1975,1.654387659,1.654387659,1.654387659,1.654387659,1.654387659,1.654387659,08/07/2022,4.307401655,InSAR
02/01/1975,1.638286824,1.638286824,1.638286824,1.638286824,1.638286824,1.638286824,08/13/2022,4.318884595,InSAR
03/01/1975,1.619096152,1.619096152,1.619096152,1.619096152,1.619096152,1.619096152,08/20/2022,4.325774359,InSAR
04/01/1975,1.6057066,1.6057066,1.6057066,1.6057066,1.6057066,1.6057066,08/26/2022,4.332007955,InSAR
05/01/1975,1.597090312,1.597090312,1.597090312,1.597090312,1.597090312,1.597090312,09/01/2022,4.337585383,InSAR
06/01/1975,1.605988614,1.605988614,1.605988614,1.605988614,1.605988614,1.605988614,09/07/2022,4.342506643,InSAR
07/01/1975,1.613350056,1.613350056,1.613350056,1.613350056,1.613350056,1.613350056,09/13/2022,4.349068323,InSAR
08/01/1975,1.630278677,1.630278677,1.630278677,1.630278677,1.630278677,1.630278677,09/19/2022,4.356942339,InSAR
09/01/1975,1.643836697,1.643836697,1.643836697,1.643836697,1.643836697,1.643836697,09/25/2022,4.366128691,InSAR
10/01/1975,1.651343802,1.651343802,1.651343802,1.651343802,1.651343802,1.651343802,10/01/2022,4.375643127,InSAR
11/01/1975,1.653847379,1.653847379,1.653847379,1.653847379,1.653847379,1.653847379,10/07/2022,4.380892471,InSAR
12/01/1975,1.655986576,1.655986576,1.655986576,1.655986576,1.655986576,1.655986576,10/13/2022,4.380564387,InSAR
01/01/1976,1.665281057,1.665281057,1.665281057,1.665281057,1.665281057,1.665281057,10/20/2022,4.383517143,InSAR
02/01/1976,1.66667814,1.66667814,1.66667814,1.66667814,1.66667814,1.66667814,10/26/2022,4.384501395,InSAR
03/01/1976,1.676154269,1.676154269,1.676154269,1.676154269,1.676154269,1.676154269,11/01/2022,4.389750739,InSAR
04/01/1976,1.68364865,1.68364865,1.68364865,1.68364865,1.68364865,1.68364865,11/07/2022,4.398937091,InSAR
05/01/1976,1.690799914,1.690799914,1.690799914,1.690799914,1.690799914,1.690799914,11/13/2022,4.406483023,InSAR
06/01/1976,1.694067162,1.694067162,1.694067162,1.694067162,1.694067162,1.694067162,11/19/2022,4.403202183,InSAR
07/01/1976,1.703416825,1.703416825,1.703416825,1.703416825,1.703416825,1.703416825,11/25/2022,4.399921343,InSAR
08/01/1976,1.711032532,1.711032532,1.711032532,1.711032532,1.711032532,1.711032532,12/01/2022,4.396312419,InSAR
09/01/1976,1.723455133,1.723455133,1.723455133,1.723455133,1.723455133,1.723455133,12/07/2022,4.389750739,InSAR
10/01/1976,1.729022457,1.729022457,1.729022457,1.729022457,1.729022457,1.729022457,12/13/2022,4.386141815,InSAR
11/01/1976,1.728540412,1.728540412,1.728540412,1.728540412,1.728540412,1.728540412,12/20/2022,4.388766487,InSAR
12/01/1976,1.725218337,1.725218337,1.725218337,1.725218337,1.725218337,1.725218337,12/26/2022,4.388766487,InSAR
01/01/1977,1.715936553,1.715936553,1.715936553,1.715936553,1.715936553,1.715936553,01/01/2023,4.388438403,InSAR
02/01/1977,1.707890316,1.707890316,1.707890316,1.707890316,1.707890316,1.707890316,01/07/2023,4.387782235,InSAR
03/01/1977,1.695356727,1.695356727,1.695356727,1.695356727,1.695356727,1.695356727,01/13/2023,4.389422655,InSAR
04/01/1977,1.687797967,1.687797967,1.687797967,1.687797967,1.687797967,1.687797967,01/20/2023,4.393359663,InSAR
05/01/1977,1.685371214,1.685371214,1.685371214,1.685371214,1.685371214,1.685371214,01/26/2023,4.391063075,InSAR
06/01/1977,1.698613333,1.698613333,1.698613333,1.698613333,1.698613333,1.698613333,02/01/2023,4.387782235,InSAR
07/01/1977,1.709499901,1.709499901,1.709499901,1.709499901,1.709499901,1.709499901,02/07/2023,4.386469899,InSAR
08/01/1977,1.726066292,1.726066292,1.726066292,1.726066292,1.726066292,1.726066292,02/12/2023,4.382204807,InSAR
09/01/1977,1.736300945,1.736300945,1.736300945,1.736300945,1.736300945,1.736300945,02/18/2023,4.378595883,InSAR
10/01/1977,1.746865641,1.746865641,1.746865641,1.746865641,1.746865641,1.746865641,02/23/2023,4.379580135,InSAR
11/01/1977,1.754331581,1.754331581,1.754331581,1.754331581,1.754331581,1.754331581,03/01/2023,4.378267799,InSAR
12/01/1977,1.759497949,1.759497949,1.759497949,1.759497949,1.759497949,1.759497949,03/07/2023,4.377283547,InSAR
01/01/1978,1.752419036,1.752419036,1.752419036,1.752419036,1.752419036,1.752419036,03/13/2023,4.379908219,InSAR
02/01/1978,1.738747783,1.738747783,1.738747783,1.738747783,1.738747783,1.738747783,03/20/2023,4.385485647,InSAR
03/01/1978,1.721281356,1.721281356,1.721281356,1.721281356,1.721281356,1.721281356,03/26/2023,4.387454151,InSAR
04/01/1978,1.706029327,1.706029327,1.706029327,1.706029327,1.706029327,1.706029327,04/01/2023,4.388438403,InSAR
05/01/1978,1.69460709,1.69460709,1.69460709,1.69460709,1.69460709,1.69460709,04/07/2023,4.393359663,InSAR
06/01/1978,1.695261828,1.695261828,1.695261828,1.695261828,1.695261828,1.695261828,04/13/2023,4.399593259,InSAR
07/01/1978,1.705696322,1.705696322,1.705696322,1.705696322,1.705696322,1.705696322,04/19/2023,4.402874099,InSAR
08/01/1978,1.720253513,1.720253513,1.720253513,1.720253513,1.720253513,1.720253513,04/25/2023,4.406154939,InSAR
09/01/1978,1.734149631,1.734149631,1.734149631,1.734149631,1.734149631,1.734149631,05/01/2023,4.413372787,InSAR
10/01/1978,1.74350933,1.74350933,1.74350933,1.74350933,1.74350933,1.74350933,05/07/2023,4.424527643,InSAR
11/01/1978,1.751473825,1.751473825,1.751473825,1.751473825,1.751473825,1.751473825,05/13/2023,4.431089323,InSAR
12/01/1978,1.747134139,1.747134139,1.747134139,1.747134139,1.747134139,1.747134139,05/20/2023,4.439619507,InSAR
01/01/1979,1.739030333,1.739030333,1.739030333,1.739030333,1.739030333,1.739030333,05/26/2023,4.449133943,InSAR
02/01/1979,1.726295404,1.726295404,1.726295404,1.726295404,1.726295404,1.726295404,06/01/2023,4.457007959,InSAR
03/01/1979,1.708658239,1.708658239,1.708658239,1.708658239,1.708658239,1.708658239,06/07/2023,4.462585387,InSAR
04/01/1979,1.694210239,1.694210239,1.694210239,1.694210239,1.694210239,1.694210239,06/13/2023,4.468818983,InSAR
05/01/1979,1.690334969,1.690334969,1.690334969,1.690334969,1.690334969,1.690334969,06/19/2023,4.471115571,InSAR
06/01/1979,1.708555048,1.708555048,1.708555048,1.708555048,1.708555048,1.708555048,06/25/2023,4.472427907,InSAR
07/01/1979,1.722054964,1.722054964,1.722054964,1.722054964,1.722054964,1.722054964,07/01/2023,4.474724495,InSAR
08/01/1979,1.745380113,1.745380113,1.745380113,1.745380113,1.745380113,1.745380113,07/07/2023,4.480301923,InSAR
09/01/1979,1.766801048,1.766801048,1.766801048,1.766801048,1.766801048,1.766801048,07/13/2023,4.484567015,InSAR
10/01/1979,1.780355563,1.780355563,1.780355563,1.780355563,1.780355563,1.780355563,07/20/2023,4.490800611,InSAR
11/01/1979,1.806363109,1.806363109,1.806363109,1.806363109,1.806363109,1.806363109,07/26/2023,4.496378039,InSAR
12/01/1979,1.81369033,1.81369033,1.81369033,1.81369033,1.81369033,1.81369033,08/01/2023,4.500643131,InSAR
01/01/1980,1.800516071,1.800516071,1.800516071,1.800516071,1.800516071,1.800516071,08/07/2023,4.501955467,InSAR
02/01/1980,1.782287869,1.782287869,1.782287869,1.782287869,1.782287869,1.782287869,08/13/2023,4.501627383,InSAR
03/01/1980,1.763260247,1.763260247,1.763260247,1.763260247,1.763260247,1.763260247,08/20/2023,4.500971215,InSAR
04/01/1980,1.736624532,1.736624532,1.736624532,1.736624532,1.736624532,1.736624532,08/26/2023,4.498346543,InSAR
05/01/1980,1.710771442,1.710771442,1.710771442,1.710771442,1.710771442,1.710771442,09/01/2023,4.497362291,InSAR
06/01/1980,1.70627653,1.70627653,1.70627653,1.70627653,1.70627653,1.70627653,09/07/2023,4.496706123,InSAR
07/01/1980,1.711587427,1.711587427,1.711587427,1.711587427,1.711587427,1.711587427,09/13/2023,4.497034207,InSAR
08/01/1980,1.719763146,1.719763146,1.719763146,1.719763146,1.719763146,1.719763146,09/19/2023,4.496706123,InSAR
09/01/1980,1.726095332,1.726095332,1.726095332,1.726095332,1.726095332,1.726095332,09/25/2023,4.495393787,InSAR
10/01/1980,1.739583903,1.739583903,1.739583903,1.739583903,1.739583903,1.739583903,10/01/2023,4.489160191,InSAR
11/01/1980,1.7483262,1.7483262,1.7483262,1.7483262,1.7483262,1.7483262,10/07/2023,4.488832107,InSAR
12/01/1980,1.756025236,1.756025236,1.756025236,1.756025236,1.756025236,1.756025236,10/13/2023,4.487191687,InSAR
01/01/1981,1.745131376,1.745131376,1.745131376,1.745131376,1.745131376,1.745131376,10/20/2023,4.488175939,InSAR
02/01/1981,1.728642001,1.728642001,1.728642001,1.728642001,1.728642001,1.728642001,10/26/2023,4.484895099,InSAR
03/01/1981,1.713534941,1.713534941,1.713534941,1.713534941,1.713534941,1.713534941,11/01/2023,4.482598511,InSAR
04/01/1981,1.698827553,1.698827553,1.698827553,1.698827553,1.698827553,1.698827553,11/07/2023,4.473740243,InSAR
05/01/1981,1.699286233,1.699286233,1.699286233,1.699286233,1.699286233,1.699286233,11/13/2023,4.468818983,InSAR
06/01/1981,1.716153096,1.716153096,1.716153096,1.716153096,1.716153096,1.716153096,11/19/2023,4.459304547,InSAR
07/01/1981,1.728331407,1.728331407,1.728331407,1.728331407,1.728331407,1.728331407,11/25/2023,4.450446279,InSAR
08/01/1981,1.742491976,1.742491976,1.742491976,1.742491976,1.742491976,1.742491976,12/01/2023,4.442572263,InSAR
09/01/1981,1.75290782,1.75290782,1.75290782,1.75290782,1.75290782,1.75290782,12/07/2023,4.435354415,InSAR
10/01/1981,1.76825476,1.76825476,1.76825476,1.76825476,1.76825476,1.76825476,12/13/2023,4.429448903,InSAR
11/01/1981,1.784073114,1.784073114,1.784073114,1.784073114,1.784073114,1.784073114,12/20/2023,4.424199559,InSAR
12/01/1981,1.787001037,1.787001037,1.787001037,1.787001037,1.787001037,1.787001037,12/26/2023,4.421246803,InSAR
01/01/1982,1.771501528,1.771501528,1.771501528,1.771501528,1.771501528,1.771501528,01/01/2024,4.416981711,InSAR
02/01/1982,1.758185592,1.758185592,1.758185592,1.758185592,1.758185592,1.758185592,01/07/2024,4.415997459,InSAR
03/01/1982,1.740154484,1.740154484,1.740154484,1.740154484,1.740154484,1.740154484,01/13/2024,4.416325543,InSAR
04/01/1982,1.724972999,1.724972999,1.724972999,1.724972999,1.724972999,1.724972999,01/20/2024,4.418622131,InSAR
05/01/1982,1.711392363,1.711392363,1.711392363,1.711392363,1.711392363,1.711392363,01/26/2024,4.418950215,InSAR
06/01/1982,1.718395621,1.718395621,1.718395621,1.718395621,1.718395621,1.718395621,02/01/2024,4.423215307,InSAR
07/01/1982,1.725672511,1.725672511,1.725672511,1.725672511,1.725672511,1.725672511,02/07/2024,4.426168063,InSAR
08/01/1982,1.733417544,1.733417544,1.733417544,1.733417544,1.733417544,1.733417544,02/13/2024,4.431417407,InSAR
09/01/1982,1.740380985,1.740380985,1.740380985,1.740380985,1.740380985,1.740380985,02/18/2024,4.435026331,InSAR
10/01/1982,1.744207469,1.744207469,1.744207469,1.744207469,1.744207469,1.744207469,02/24/2024,4.440603759,InSAR
11/01/1982,1.749159152,1.749159152,1.749159152,1.749159152,1.749159152,1.749159152,03/01/2024,4.445196935,InSAR
12/01/1982,1.747877257,1.747877257,1.747877257,1.747877257,1.747877257,1.747877257,03/07/2024,4.448149691,InSAR
01/01/1983,1.738466843,1.738466843,1.738466843,1.738466843,1.738466843,1.738466843,03/13/2024,4.450446279,InSAR
02/01/1983,1.730076844,1.730076844,1.730076844,1.730076844,1.730076844,1.730076844,03/20/2024,4.454055203,InSAR
03/01/1983,1.717694815,1.717694815,1.717694815,1.717694815,1.717694815,1.717694815,03/26/2024,4.456351791,InSAR
04/01/1983,1.704872873,1.704872873,1.704872873,1.704872873,1.704872873,1.704872873,04/01/2024,4.459632631,InSAR
05/01/1983,1.690836621,1.690836621,1.690836621,1.690836621,1.690836621,1.690836621,04/07/2024,4.462585387,InSAR
06/01/1983,1.680413063,1.680413063,1.680413063,1.680413063,1.680413063,1.680413063,04/13/2024,4.462913471,InSAR
07/01/1983,1.676895686,1.676895686,1.676895686,1.676895686,1.676895686,1.676895686,04/19/2024,4.465866227,InSAR
08/01/1983,1.682239335,1.682239335,1.682239335,1.682239335,1.682239335,1.682239335,04/25/2024,4.471771739,InSAR
09/01/1983,1.68456457,1.68456457,1.68456457,1.68456457,1.68456457,1.68456457,05/01/2024,4.479317671,InSAR
10/01/1983,1.683773751,1.683773751,1.683773751,1.683773751,1.683773751,1.683773751,05/07/2024,4.483582763,InSAR
11/01/1983,1.686691396,1.686691396,1.686691396,1.686691396,1.686691396,1.686691396,05/13/2024,4.485551267,InSAR
12/01/1983,1.686116448,1.686116448,1.686116448,1.686116448,1.686116448,1.686116448,05/20/2024,4.488175939,InSAR
01/01/1984,1.675805472,1.675805472,1.675805472,1.675805472,1.675805472,1.675805472,05/26/2024,4.491128695,InSAR
02/01/1984,1.669094062,1.669094062,1.669094062,1.669094062,1.669094062,1.669094062,06/01/2024,4.495721871,InSAR
03/01/1984,1.659424451,1.659424451,1.659424451,1.659424451,1.659424451,1.659424451,06/07/2024,4.497034207,InSAR
04/01/1984,1.645791882,1.645791882,1.645791882,1.645791882,1.645791882,1.645791882,06/13/2024,4.501299299,InSAR
05/01/1984,1.641314193,1.641314193,1.641314193,1.641314193,1.641314193,1.641314193,06/19/2024,4.506876727,InSAR
06/01/1984,1.645329355,1.645329355,1.645329355,1.645329355,1.645329355,1.645329355,06/25/2024,4.512454155,InSAR
07/01/1984,1.648494857,1.648494857,1.648494857,1.648494857,1.648494857,1.648494857,07/01/2024,4.517375415,InSAR
08/01/1984,1.652378943,1.652378943,1.652378943,1.652378943,1.652378943,1.652378943,08/06/2024,4.718832118,Leveling
09/01/1984,1.654360852,1.654360852,1.654360852,1.654360852,1.654360852,1.654360852,,,
10/01/1984,1.662346973,1.662346973,1.662346973,1.662346973,1.662346973,1.662346973,,,
11/01/1984,1.666860034,1.666860034,1.666860034,1.666860034,1.666860034,1.666860034,,,
12/01/1984,1.670682575,1.670682575,1.670682575,1.670682575,1.670682575,1.670682575,,,
01/01/1985,1.664439117,1.664439117,1.664439117,1.664439117,1.664439117,1.664439117,,,
02/01/1985,1.663696687,1.663696687,1.663696687,1.663696687,1.663696687,1.663696687,,,
03/01/1985,1.657098876,1.657098876,1.657098876,1.657098876,1.657098876,1.657098876,,,
04/01/1985,1.651052419,1.651052419,1.651052419,1.651052419,1.651052419,1.651052419,,,
05/01/1985,1.642392323,1.642392323,1.642392323,1.642392323,1.642392323,1.642392323,,,
06/01/1985,1.636696187,1.636696187,1.636696187,1.636696187,1.636696187,1.636696187,,,
07/01/1985,1.637775753,1.637775753,1.637775753,1.637775753,1.637775753,1.637775753,,,
08/01/1985,1.632416081,1.632416081,1.632416081,1.632416081,1.632416081,1.632416081,,,
09/01/1985,1.630221708,1.630221708,1.630221708,1.630221708,1.630221708,1.630221708,,,
10/01/1985,1.628805854,1.628805854,1.628805854,1.628805854,1.628805854,1.628805854,,,
11/01/1985,1.630300564,1.630300564,1.630300564,1.630300564,1.630300564,1.630300564,,,
12/01/1985,1.629098986,1.629098986,1.629098986,1.629098986,1.629098986,1.629098986,,,
01/01/1986,1.627701393,1.627701393,1.627701393,1.627701393,1.627701393,1.627701393,,,
02/01/1986,1.6338269,1.6338269,1.6338269,1.6338269,1.6338269,1.6338269,,,
03/01/1986,1.632094182,1.632094182,1.632094182,1.632094182,1.632094182,1.632094182,,,
04/01/1986,1.629967762,1.629967762,1.629967762,1.629967762,1.629967762,1.629967762,,,
05/01/1986,1.629451313,1.629451313,1.629451313,1.629451313,1.629451313,1.629451313,,,
06/01/1986,1.63544217,1.63544217,1.63544217,1.63544217,1.63544217,1.63544217,,,
07/01/1986,1.629431631,1.629431631,1.629431631,1.629431631,1.629431631,1.629431631,,,
08/01/1986,1.631059181,1.631059181,1.631059181,1.631059181,1.631059181,1.631059181,,,
09/01/1986,1.637284599,1.637284599,1.637284599,1.637284599,1.637284599,1.637284599,,,
10/01/1986,1.642887735,1.642887735,1.642887735,1.642887735,1.642887735,1.642887735,,,
11/01/1986,1.646054674,1.646054674,1.646054674,1.646054674,1.646054674,1.646054674,,,
12/01/1986,1.649798088,1.649798088,1.649798088,1.649798088,1.649798088,1.649798088,,,
01/01/1987,1.645212318,1.645212318,1.645212318,1.645212318,1.645212318,1.645212318,,,
02/01/1987,1.640620041,1.640620041,1.640620041,1.640620041,1.640620041,1.640620041,,,
03/01/1987,1.637313002,1.637313002,1.637313002,1.637313002,1.637313002,1.637313002,,,
04/01/1987,1.632877191,1.632877191,1.632877191,1.632877191,1.632877191,1.632877191,,,
05/01/1987,1.634376686,1.634376686,1.634376686,1.634376686,1.634376686,1.634376686,,,
06/01/1987,1.639421247,1.639421247,1.639421247,1.639421247,1.639421247,1.639421247,,,
07/01/1987,1.640418853,1.640418853,1.640418853,1.640418853,1.640418853,1.640418853,,,
08/01/1987,1.643753823,1.643753823,1.643753823,1.643753823,1.643753823,1.643753823,,,
09/01/1987,1.644408526,1.644408526,1.644408526,1.644408526,1.644408526,1.644408526,,,
10/01/1987,1.649244614,1.649244614,1.649244614,1.649244614,1.649244614,1.649244614,,,
11/01/1987,1.654685843,1.654685843,1.654685843,1.654685843,1.654685843,1.654685843,,,
12/01/1987,1.656950406,1.656950406,1.656950406,1.656950406,1.656950406,1.656950406,,,
01/01/1988,1.653412582,1.653412582,1.653412582,1.653412582,1.653412582,1.653412582,,,
02/01/1988,1.649180464,1.649180464,1.649180464,1.649180464,1.649180464,1.649180464,,,
03/01/1988,1.647547362,1.647547362,1.647547362,1.647547362,1.647547362,1.647547362,,,
04/01/1988,1.645083503,1.645083503,1.645083503,1.645083503,1.645083503,1.645083503,,,
05/01/1988,1.64761893,1.64761893,1.64761893,1.64761893,1.64761893,1.64761893,,,
06/01/1988,1.65196457,1.65196457,1.65196457,1.65196457,1.65196457,1.65196457,,,
07/01/1988,1.658485533,1.658485533,1.658485533,1.658485533,1.658485533,1.658485533,,,
08/01/1988,1.656657052,1.656657052,1.656657052,1.656657052,1.656657052,1.656657052,,,
09/01/1988,1.66365828,1.66365828,1.66365828,1.66365828,1.66365828,1.66365828,,,
10/01/1988,1.665160171,1.665160171,1.665160171,1.665160171,1.665160171,1.665160171,,,
11/01/1988,1.665035659,1.665035659,1.665035659,1.665035659,1.665035659,1.665035659,,,
12/01/1988,1.66617704,1.66617704,1.66617704,1.66617704,1.66617704,1.66617704,,,
01/01/1989,1.661195131,1.661195131,1.661195131,1.661195131,1.661195131,1.661195131,,,
02/01/1989,1.655615226,1.655615226,1.655615226,1.655615226,1.655615226,1.655615226,,,
03/01/1989,1.653497054,1.653497054,1.653497054,1.653497054,1.653497054,1.653497054,,,
04/01/1989,1.647998357,1.647998357,1.647998357,1.647998357,1.647998357,1.647998357,,,
05/01/1989,1.646029491,1.646029491,1.646029491,1.646029491,1.646029491,1.646029491,,,
06/01/1989,1.646653298,1.646653298,1.646653298,1.646653298,1.646653298,1.646653298,,,
07/01/1989,1.655338608,1.655338608,1.655338608,1.655338608,1.655338608,1.655338608,,,
08/01/1989,1.653294139,1.653294139,1.653294139,1.653294139,1.653294139,1.653294139,,,
09/01/1989,1.651150554,1.651150554,1.651150554,1.651150554,1.651150554,1.651150554,,,
10/01/1989,1.653424274,1.653424274,1.653424274,1.653424274,1.653424274,1.653424274,,,
11/01/1989,1.656107823,1.656107823,1.656107823,1.656107823,1.656107823,1.656107823,,,
12/01/1989,1.663706803,1.663706803,1.663706803,1.663706803,1.663706803,1.663706803,,,
01/01/1990,1.66410075,1.66410075,1.66410075,1.66410075,1.66410075,1.66410075,,,
02/01/1990,1.6627263,1.6627263,1.6627263,1.6627263,1.6627263,1.6627263,,,
03/01/1990,1.662476574,1.662476574,1.662476574,1.662476574,1.662476574,1.662476574,,,
04/01/1990,1.659604553,1.659604553,1.659604553,1.659604553,1.659604553,1.659604553,,,
05/01/1990,1.657052647,1.657052647,1.657052647,1.657052647,1.657052647,1.657052647,,,
06/01/1990,1.663773384,1.663773384,1.663773384,1.663773384,1.663773384,1.663773384,,,
07/01/1990,1.676244165,1.676244165,1.676244165,1.676244165,1.676244165,1.676244165,,,
08/01/1990,1.683283654,1.683283654,1.683283654,1.683283654,1.683283654,1.683283654,,,
09/01/1990,1.685532691,1.685532691,1.685532691,1.685532691,1.685532691,1.685532691,,,
10/01/1990,1.683807815,1.683807815,1.683807815,1.683807815,1.683807815,1.683807815,,,
11/01/1990,1.688498003,1.688498003,1.688498003,1.688498003,1.688498003,1.688498003,,,
12/01/1990,1.695105195,1.695105195,1.695105195,1.695105195,1.695105195,1.695105195,,,
01/01/1991,1.698418233,1.698418233,1.698418233,1.698418233,1.698418233,1.698418233,,,
02/01/1991,1.692093138,1.692093138,1.692093138,1.692093138,1.692093138,1.692093138,,,
03/01/1991,1.692702232,1.692702232,1.692702232,1.692702232,1.692702232,1.692702232,,,
04/01/1991,1.690239474,1.690239474,1.690239474,1.690239474,1.690239474,1.690239474,,,
05/01/1991,1.680644459,1.680644459,1.680644459,1.680644459,1.680644459,1.680644459,,,
06/01/1991,1.683297299,1.683297299,1.683297299,1.683297299,1.683297299,1.683297299,,,
07/01/1991,1.687924016,1.687924016,1.687924016,1.687924016,1.687924016,1.687924016,,,
08/01/1991,1.698829961,1.698829961,1.698829961,1.698829961,1.698829961,1.698829961,,,
09/01/1991,1.699696355,1.699696355,1.699696355,1.699696355,1.699696355,1.699696355,,,
10/01/1991,1.703535599,1.703535599,1.703535599,1.703535599,1.703535599,1.703535599,,,
11/01/1991,1.706394191,1.706394191,1.706394191,1.706394191,1.706394191,1.706394191,,,
12/01/1991,1.713416998,1.713416998,1.713416998,1.713416998,1.713416998,1.713416998,,,
01/01/1992,1.712901425,1.712901425,1.712901425,1.712901425,1.712901425,1.712901425,,,
02/01/1992,1.70996625,1.70996625,1.70996625,1.70996625,1.70996625,1.70996625,,,
03/01/1992,1.699497744,1.699497744,1.699497744,1.699497744,1.699497744,1.699497744,,,
04/01/1992,1.694030662,1.694030662,1.694030662,1.694030662,1.694030662,1.694030662,,,
05/01/1992,1.689637986,1.689637986,1.689637986,1.689637986,1.689637986,1.689637986,,,
06/01/1992,1.689437932,1.689437932,1.689437932,1.689437932,1.689437932,1.689437932,,,
07/01/1992,1.693430532,1.693430532,1.693430532,1.693430532,1.693430532,1.693430532,,,
08/01/1992,1.699642376,1.699642376,1.699642376,1.699642376,1.699642376,1.699642376,,,
09/01/1992,1.704568594,1.704568594,1.704568594,1.704568594,1.704568594,1.704568594,,,
10/01/1992,1.709874133,1.709874133,1.709874133,1.709874133,1.709874133,1.709874133,,,
11/01/1992,1.718174341,1.718174341,1.718174341,1.718174341,1.718174341,1.718174341,,,
12/01/1992,1.723732136,1.723732136,1.723732136,1.723732136,1.723732136,1.723732136,,,
01/01/1993,1.719772988,1.719772988,1.719772988,1.719772988,1.719772988,1.719772988,,,
02/01/1993,1.712971757,1.712971757,1.712971757,1.712971757,1.712971757,1.712971757,,,
03/01/1993,1.702363211,1.702363211,1.702363211,1.702363211,1.702363211,1.702363211,,,
04/01/1993,1.691037254,1.691037254,1.691037254,1.691037254,1.691037254,1.691037254,,,
05/01/1993,1.672511616,1.672511616,1.672511616,1.672511616,1.672511616,1.672511616,,,
06/01/1993,1.670690491,1.670690491,1.670690491,1.670690491,1.670690491,1.670690491,,,
07/01/1993,1.670700716,1.670700716,1.670700716,1.670700716,1.670700716,1.670700716,,,
08/01/1993,1.674632467,1.674632467,1.674632467,1.674632467,1.674632467,1.674632467,,,
09/01/1993,1.680013984,1.680013984,1.680013984,1.680013984,1.680013984,1.680013984,,,
10/01/1993,1.679833458,1.679833458,1.679833458,1.679833458,1.679833458,1.679833458,,,
11/01/1993,1.688972148,1.688972148,1.688972148,1.688972148,1.688972148,1.688972148,,,
12/01/1993,1.690127498,1.690127498,1.690127498,1.690127498,1.690127498,1.690127498,,,
01/01/1994,1.686507398,1.686507398,1.686507398,1.686507398,1.686507398,1.686507398,,,
02/01/1994,1.682142751,1.682142751,1.682142751,1.682142751,1.682142751,1.682142751,,,
03/01/1994,1.674259484,1.674259484,1.674259484,1.674259484,1.674259484,1.674259484,,,
04/01/1994,1.665109922,1.665109922,1.665109922,1.665109922,1.665109922,1.665109922,,,
05/01/1994,1.660399077,1.660399077,1.660399077,1.660399077,1.660399077,1.660399077,,,
06/01/1994,1.664576334,1.664576334,1.664576334,1.664576334,1.664576334,1.664576334,,,
07/01/1994,1.668147338,1.668147338,1.668147338,1.668147338,1.668147338,1.668147338,,,
08/01/1994,1.66986232,1.66986232,1.66986232,1.66986232,1.66986232,1.66986232,,,
09/01/1994,1.672985663,1.672985663,1.672985663,1.672985663,1.672985663,1.672985663,,,
10/01/1994,1.676717518,1.676717518,1.676717518,1.676717518,1.676717518,1.676717518,,,
11/01/1994,1.684787203,1.684787203,1.684787203,1.684787203,1.684787203,1.684787203,,,
12/01/1994,1.693117237,1.693117237,1.693117237,1.693117237,1.693117237,1.693117237,,,
01/01/1995,1.693692544,1.693692544,1.693692544,1.693692544,1.693692544,1.693692544,,,
02/01/1995,1.685874453,1.685874453,1.685874453,1.685874453,1.685874453,1.685874453,,,
03/01/1995,1.679072733,1.679072733,1.679072733,1.679072733,1.679072733,1.679072733,,,
04/01/1995,1.667473087,1.667473087,1.667473087,1.667473087,1.667473087,1.667473087,,,
05/01/1995,1.654266087,1.654266087,1.654266087,1.654266087,1.654266087,1.654266087,,,
06/01/1995,1.641333428,1.641333428,1.641333428,1.641333428,1.641333428,1.641333428,,,
07/01/1995,1.64506877,1.64506877,1.64506877,1.64506877,1.64506877,1.64506877,,,
08/01/1995,1.649620383,1.649620383,1.649620383,1.649620383,1.649620383,1.649620383,,,
09/01/1995,1.65532372,1.65532372,1.65532372,1.65532372,1.65532372,1.65532372,,,
10/01/1995,1.659211592,1.659211592,1.659211592,1.659211592,1.659211592,1.659211592,,,
11/01/1995,1.662228218,1.662228218,1.662228218,1.662228218,1.662228218,1.662228218,,,
12/01/1995,1.664822749,1.664822749,1.664822749,1.664822749,1.664822749,1.664822749,,,
01/01/1996,1.662689291,1.662689291,1.662689291,1.662689291,1.662689291,1.662689291,,,
02/01/1996,1.658924278,1.658924278,1.658924278,1.658924278,1.658924278,1.658924278,,,
03/01/1996,1.655590092,1.655590092,1.655590092,1.655590092,1.655590092,1.655590092,,,
04/01/1996,1.64830507,1.64830507,1.64830507,1.64830507,1.64830507,1.64830507,,,
05/01/1996,1.641361459,1.641361459,1.641361459,1.641361459,1.641361459,1.641361459,,,
06/01/1996,1.637718077,1.637718077,1.637718077,1.637718077,1.637718077,1.637718077,,,
07/01/1996,1.639945329,1.639945329,1.639945329,1.639945329,1.639945329,1.639945329,,,
08/01/1996,1.644425819,1.644425819,1.644425819,1.644425819,1.644425819,1.644425819,,,
09/01/1996,1.647610686,1.647610686,1.647610686,1.647610686,1.647610686,1.647610686,,,
10/01/1996,1.650008677,1.650008677,1.650008677,1.650008677,1.650008677,1.650008677,,,
11/01/1996,1.655983107,1.655983107,1.655983107,1.655983107,1.655983107,1.655983107,,,
12/01/1996,1.658960699,1.658960699,1.658960699,1.658960699,1.658960699,1.658960699,,,
01/01/1997,1.658020112,1.658020112,1.658020112,1.658020112,1.658020112,1.658020112,,,
02/01/1997,1.659443414,1.659443414,1.659443414,1.659443414,1.659443414,1.659443414,,,
03/01/1997,1.657855717,1.657855717,1.657855717,1.657855717,1.657855717,1.657855717,,,
04/01/1997,1.653816372,1.653816372,1.653816372,1.653816372,1.653816372,1.653816372,,,
05/01/1997,1.655745598,1.655745598,1.655745598,1.655745598,1.655745598,1.655745598,,,
06/01/1997,1.654327484,1.654327484,1.654327484,1.654327484,1.654327484,1.654327484,,,
07/01/1997,1.657788401,1.657788401,1.657788401,1.657788401,1.657788401,1.657788401,,,
08/01/1997,1.66043004,1.66043004,1.66043004,1.66043004,1.66043004,1.66043004,,,
09/01/1997,1.659657677,1.659657677,1.659657677,1.659657677,1.659657677,1.659657677,,,
10/01/1997,1.658009388,1.658009388,1.658009388,1.658009388,1.658009388,1.658009388,,,
11/01/1997,1.658234277,1.658234277,1.658234277,1.658234277,1.658234277,1.658234277,,,
12/01/1997,1.659034482,1.659034482,1.659034482,1.659034482,1.659034482,1.659034482,,,
01/01/1998,1.661560146,1.661560146,1.661560146,1.661560146,1.661560146,1.661560146,,,
02/01/1998,1.659034013,1.659034013,1.659034013,1.659034013,1.659034013,1.659034013,,,
03/01/1998,1.659520944,1.659520944,1.659520944,1.659520944,1.659520944,1.659520944,,,
04/01/1998,1.657158521,1.657158521,1.657158521,1.657158521,1.657158521,1.657158521,,,
05/01/1998,1.653126213,1.653126213,1.653126213,1.653126213,1.653126213,1.653126213,,,
06/01/1998,1.649179788,1.649179788,1.649179788,1.649179788,1.649179788,1.649179788,,,
07/01/1998,1.645613867,1.645613867,1.645613867,1.645613867,1.645613867,1.645613867,,,
08/01/1998,1.643898191,1.643898191,1.643898191,1.643898191,1.643898191,1.643898191,,,
09/01/1998,1.641076359,1.641076359,1.641076359,1.641076359,1.641076359,1.641076359,,,
10/01/1998,1.644949884,1.644949884,1.644949884,1.644949884,1.644949884,1.644949884,,,
11/01/1998,1.645780596,1.645780596,1.645780596,1.645780596,1.645780596,1.645780596,,,
12/01/1998,1.648762987,1.648762987,1.648762987,1.648762987,1.648762987,1.648762987,,,
01/01/1999,1.64673552,1.64673552,1.64673552,1.64673552,1.64673552,1.64673552,,,
02/01/1999,1.649610713,1.649610713,1.649610713,1.649610713,1.649610713,1.649610713,,,
03/01/1999,1.65087986,1.65087986,1.65087986,1.65087986,1.65087986,1.65087986,,,
04/01/1999,1.649494663,1.649494663,1.649494663,1.649494663,1.649494663,1.649494663,,,
05/01/1999,1.651572396,1.651572396,1.651572396,1.651572396,1.651572396,1.651572396,,,
06/01/1999,1.651499612,1.651499612,1.651499612,1.651499612,1.651499612,1.651499612,,,
07/01/1999,1.651254218,1.651254218,1.651254218,1.651254218,1.651254218,1.651254218,,,
08/01/1999,1.65233818,1.65233818,1.65233818,1.65233818,1.65233818,1.65233818,,,
09/01/1999,1.653907639,1.653907639,1.653907639,1.653907639,1.653907639,1.653907639,,,
10/01/1999,1.65406486,1.65406486,1.65406486,1.65406486,1.65406486,1.65406486,,,
11/01/1999,1.651685191,1.651685191,1.651685191,1.651685191,1.651685191,1.651685191,,,
12/01/1999,1.650569611,1.650569611,1.650569611,1.650569611,1.650569611,1.650569611,,,
01/01/2000,1.653883069,1.653883069,1.653883069,1.653883069,1.653883069,1.653883069,,,
02/01/2000,1.651392861,1.651392861,1.651392861,1.651392861,1.651392861,1.651392861,,,
03/01/2000,1.653373785,1.653373785,1.653373785,1.653373785,1.653373785,1.653373785,,,
04/01/2000,1.652191209,1.652191209,1.652191209,1.652191209,1.652191209,1.652191209,,,
05/01/2000,1.652313648,1.652313648,1.652313648,1.652313648,1.652313648,1.652313648,,,
06/01/2000,1.653608945,1.653608945,1.653608945,1.653608945,1.653608945,1.653608945,,,
07/01/2000,1.651608684,1.651608684,1.651608684,1.651608684,1.651608684,1.651608684,,,
08/01/2000,1.64929951,1.64929951,1.64929951,1.64929951,1.64929951,1.64929951,,,
09/01/2000,1.651840513,1.651840513,1.651840513,1.651840513,1.651840513,1.651840513,,,
10/01/2000,1.65265068,1.65265068,1.65265068,1.65265068,1.65265068,1.65265068,,,
11/01/2000,1.653230926,1.653230926,1.653230926,1.653230926,1.653230926,1.653230926,,,
12/01/2000,1.652927477,1.652927477,1.652927477,1.652927477,1.652927477,1.652927477,,,
01/01/2001,1.651680836,1.651680836,1.651680836,1.651680836,1.651680836,1.651680836,,,
02/01/2001,1.6520966,1.6520966,1.6520966,1.6520966,1.6520966,1.6520966,,,
03/01/2001,1.650390866,1.650390866,1.650390866,1.650390866,1.650390866,1.650390866,,,
04/01/2001,1.65086947,1.65086947,1.65086947,1.65086947,1.65086947,1.65086947,,,
05/01/2001,1.652364554,1.652364554,1.652364554,1.652364554,1.652364554,1.652364554,,,
06/01/2001,1.651962137,1.651962137,1.651962137,1.651962137,1.651962137,1.651962137,,,
07/01/2001,1.650521546,1.650521546,1.650521546,1.650521546,1.650521546,1.650521546,,,
08/01/2001,1.651832258,1.651832258,1.651832258,1.651832258,1.651832258,1.651832258,,,
09/01/2001,1.651272836,1.651272836,1.651272836,1.651272836,1.651272836,1.651272836,,,
10/01/2001,1.650553244,1.650553244,1.650553244,1.650553244,1.650553244,1.650553244,,,
11/01/2001,1.653085746,1.653085746,1.653085746,1.653085746,1.653085746,1.653085746,,,
12/01/2001,1.654411556,1.654411556,1.654411556,1.654411556,1.654411556,1.654411556,,,
01/01/2002,1.655411005,1.655411005,1.655411005,1.655411005,1.655411005,1.655411005,,,
02/01/2002,1.656274589,1.656274589,1.656274589,1.656274589,1.656274589,1.656274589,,,
03/01/2002,1.65900474,1.65900474,1.65900474,1.65900474,1.65900474,1.65900474,,,
04/01/2002,1.658008804,1.658008804,1.658008804,1.658008804,1.658008804,1.658008804,,,
05/01/2002,1.65309326,1.65309326,1.65309326,1.65309326,1.65309326,1.65309326,,,
06/01/2002,1.65421761,1.65421761,1.65421761,1.65421761,1.65421761,1.65421761,,,
07/01/2002,1.65379506,1.65379506,1.65379506,1.65379506,1.65379506,1.65379506,,,
08/01/2002,1.653062965,1.653062965,1.653062965,1.653062965,1.653062965,1.653062965,,,
09/01/2002,1.654794978,1.654794978,1.654794978,1.654794978,1.654794978,1.654794978,,,
10/01/2002,1.652937814,1.652937814,1.652937814,1.652937814,1.652937814,1.652937814,,,
11/01/2002,1.653832863,1.653832863,1.653832863,1.653832863,1.653832863,1.653832863,,,
12/01/2002,1.6529072,1.6529072,1.6529072,1.6529072,1.6529072,1.6529072,,,
01/01/2003,1.653202127,1.653202127,1.653202127,1.653202127,1.653202127,1.653202127,,,
02/01/2003,1.654073384,1.654073384,1.654073384,1.654073384,1.654073384,1.654073384,,,
03/01/2003,1.653172094,1.653172094,1.653172094,1.653172094,1.653172094,1.653172094,,,
04/01/2003,1.65307235,1.65307235,1.65307235,1.65307235,1.65307235,1.65307235,,,
05/01/2003,1.651941359,1.651941359,1.651941359,1.651941359,1.651941359,1.651941359,,,
06/01/2003,1.653198186,1.653198186,1.653198186,1.653198186,1.653198186,1.653198186,,,
07/01/2003,1.651568223,1.651568223,1.651568223,1.651568223,1.651568223,1.651568223,,,
08/01/2003,1.649750798,1.649750798,1.649750798,1.649750798,1.649750798,1.649750798,,,
09/01/2003,1.650446487,1.650446487,1.650446487,1.650446487,1.650446487,1.650446487,,,
10/01/2003,1.649524788,1.649524788,1.649524788,1.649524788,1.649524788,1.649524788,,,
11/01/2003,1.650443285,1.650443285,1.650443285,1.650443285,1.650443285,1.650443285,,,
12/01/2003,1.650499207,1.650499207,1.650499207,1.650499207,1.650499207,1.650499207,,,
01/01/2004,1.65289284,1.65289284,1.65289284,1.65289284,1.65289284,1.65289284,,,
02/01/2004,1.652671989,1.652671989,1.652671989,1.652671989,1.652671989,1.652671989,,,
03/01/2004,1.650458371,1.650458371,1.650458371,1.650458371,1.650458371,1.650458371,,,
04/01/2004,1.649361263,1.649361263,1.649361263,1.649361263,1.649361263,1.649361263,,,
05/01/2004,1.647054786,1.647054786,1.647054786,1.647054786,1.647054786,1.647054786,,,
06/01/2004,1.648320923,1.648320923,1.648320923,1.648320923,1.648320923,1.648320923,,,
07/01/2004,1.64768353,1.64768353,1.64768353,1.64768353,1.64768353,1.64768353,,,
08/01/2004,1.650069606,1.650069606,1.650069606,1.650069606,1.650069606,1.650069606,,,
09/01/2004,1.65222017,1.65222017,1.65222017,1.65222017,1.65222017,1.65222017,,,
10/01/2004,1.65221626,1.65221626,1.65221626,1.65221626,1.65221626,1.65221626,,,
11/01/2004,1.650598979,1.650598979,1.650598979,1.650598979,1.650598979,1.650598979,,,
12/01/2004,1.652114411,1.652114411,1.652114411,1.652114411,1.652114411,1.652114411,,,
01/01/2005,1.654258679,1.654258679,1.654258679,1.654258679,1.654258679,1.654258679,,,
02/01/2005,1.65004015,1.65004015,1.65004015,1.65004015,1.65004015,1.65004015,,,
03/01/2005,1.648066278,1.648066278,1.648066278,1.648066278,1.648066278,1.648066278,,,
04/01/2005,1.646901463,1.646901463,1.646901463,1.646901463,1.646901463,1.646901463,,,
05/01/2005,1.644135252,1.644135252,1.644135252,1.644135252,1.644135252,1.644135252,,,
06/01/2005,1.640658078,1.640658078,1.640658078,1.640658078,1.640658078,1.640658078,,,
07/01/2005,1.642452986,1.642452986,1.642452986,1.642452986,1.642452986,1.642452986,,,
08/01/2005,1.648793908,1.648793908,1.648793908,1.648793908,1.648793908,1.648793908,,,
09/01/2005,1.651250559,1.651250559,1.651250559,1.651250559,1.651250559,1.651250559,,,
10/01/2005,1.656343742,1.656343742,1.656343742,1.656343742,1.656343742,1.656343742,,,
11/01/2005,1.661585198,1.661585198,1.661585198,1.661585198,1.661585198,1.661585198,,,
12/01/2005,1.665330388,1.665330388,1.665330388,1.665330388,1.665330388,1.665330388,,,
01/01/2006,1.659931327,1.659931327,1.659931327,1.659931327,1.659931327,1.659931327,,,
02/01/2006,1.653373135,1.653373135,1.653373135,1.653373135,1.653373135,1.653373135,,,
03/01/2006,1.645108658,1.645108658,1.645108658,1.645108658,1.645108658,1.645108658,,,
04/01/2006,1.637694638,1.637694638,1.637694638,1.637694638,1.637694638,1.637694638,,,
05/01/2006,1.630926027,1.630926027,1.630926027,1.630926027,1.630926027,1.630926027,,,
06/01/2006,1.630523851,1.630523851,1.630523851,1.630523851,1.630523851,1.630523851,,,
07/01/2006,1.635957979,1.635957979,1.635957979,1.635957979,1.635957979,1.635957979,,,
08/01/2006,1.639892509,1.639892509,1.639892509,1.639892509,1.639892509,1.639892509,,,
09/01/2006,1.641597417,1.641597417,1.641597417,1.641597417,1.641597417,1.641597417,,,
10/01/2006,1.648932731,1.648932731,1.648932731,1.648932731,1.648932731,1.648932731,,,
11/01/2006,1.65766076,1.65766076,1.65766076,1.65766076,1.65766076,1.65766076,,,
12/01/2006,1.664967799,1.664967799,1.664967799,1.664967799,1.664967799,1.664967799,,,
01/01/2007,1.668365938,1.668365938,1.668365938,1.668365938,1.668365938,1.668365938,,,
02/01/2007,1.668314011,1.668314011,1.668314011,1.668314011,1.668314011,1.668314011,,,
03/01/2007,1.663524909,1.663524909,1.663524909,1.663524909,1.663524909,1.663524909,,,
04/01/2007,1.663105621,1.663105621,1.663105621,1.663105621,1.663105621,1.663105621,,,
05/01/2007,1.662305739,1.662305739,1.662305739,1.662305739,1.662305739,1.662305739,,,
06/01/2007,1.665420709,1.665420709,1.665420709,1.665420709,1.665420709,1.665420709,,,
07/01/2007,1.666782364,1.666782364,1.666782364,1.666782364,1.666782364,1.666782364,,,
08/01/2007,1.672130413,1.672130413,1.672130413,1.672130413,1.672130413,1.672130413,,,
09/01/2007,1.675923811,1.675923811,1.675923811,1.675923811,1.675923811,1.675923811,,,
10/01/2007,1.681552062,1.681552062,1.681552062,1.681552062,1.681552062,1.681552062,,,
11/01/2007,1.682809852,1.682809852,1.682809852,1.682809852,1.682809852,1.682809852,,,
12/01/2007,1.68406251,1.68406251,1.68406251,1.68406251,1.68406251,1.68406251,,,
01/01/2008,1.683106083,1.683106083,1.683106083,1.683106083,1.683106083,1.683106083,,,
02/01/2008,1.678726225,1.678726225,1.678726225,1.678726225,1.678726225,1.678726225,,,
03/01/2008,1.674405119,1.674405119,1.674405119,1.674405119,1.674405119,1.674405119,,,
04/01/2008,1.66809285,1.66809285,1.66809285,1.66809285,1.66809285,1.66809285,,,
05/01/2008,1.665080705,1.665080705,1.665080705,1.665080705,1.665080705,1.665080705,,,
06/01/2008,1.674105664,1.674105664,1.674105664,1.674105664,1.674105664,1.674105664,,,
07/01/2008,1.686177325,1.686177325,1.686177325,1.686177325,1.686177325,1.686177325,,,
08/01/2008,1.70127149,1.70127149,1.70127149,1.70127149,1.70127149,1.70127149,,,
09/01/2008,1.713674494,1.713674494,1.713674494,1.713674494,1.713674494,1.713674494,,,
10/01/2008,1.724940652,1.724940652,1.724940652,1.724940652,1.724940652,1.724940652,,,
11/01/2008,1.732795868,1.732795868,1.732795868,1.732795868,1.732795868,1.732795868,,,
12/01/2008,1.733163157,1.733163157,1.733163157,1.733163157,1.733163157,1.733163157,,,
01/01/2009,1.724144157,1.724144157,1.724144157,1.724144157,1.724144157,1.724144157,,,
02/01/2009,1.71303822,1.71303822,1.71303822,1.71303822,1.71303822,1.71303822,,,
03/01/2009,1.701995622,1.701995622,1.701995622,1.701995622,1.701995622,1.701995622,,,
04/01/2009,1.694094014,1.694094014,1.694094014,1.694094014,1.694094014,1.694094014,,,
05/01/2009,1.68685486,1.68685486,1.68685486,1.68685486,1.68685486,1.68685486,,,
06/01/2009,1.692033696,1.692033696,1.692033696,1.692033696,1.692033696,1.692033696,,,
07/01/2009,1.703214892,1.703214892,1.703214892,1.703214892,1.703214892,1.703214892,,,
08/01/2009,1.713272026,1.713272026,1.713272026,1.713272026,1.713272026,1.713272026,,,
09/01/2009,1.722582558,1.722582558,1.722582558,1.722582558,1.722582558,1.722582558,,,
10/01/2009,1.734963852,1.734963852,1.734963852,1.734963852,1.734963852,1.734963852,,,
11/01/2009,1.74550025,1.74550025,1.74550025,1.74550025,1.74550025,1.74550025,,,
12/01/2009,1.753587069,1.753587069,1.753587069,1.753587069,1.753587069,1.753587069,,,
01/01/2010,1.750010454,1.750010454,1.750010454,1.750010454,1.750010454,1.750010454,,,
02/01/2010,1.745251599,1.745251599,1.745251599,1.745251599,1.745251599,1.745251599,,,
03/01/2010,1.739751476,1.739751476,1.739751476,1.739751476,1.739751476,1.739751476,,,
04/01/2010,1.733446199,1.733446199,1.733446199,1.733446199,1.733446199,1.733446199,,,
05/01/2010,1.725848907,1.725848907,1.725848907,1.725848907,1.725848907,1.725848907,,,
06/01/2010,1.723973492,1.723973492,1.723973492,1.723973492,1.723973492,1.723973492,,,
07/01/2010,1.731502823,1.731502823,1.731502823,1.731502823,1.731502823,1.731502823,,,
08/01/2010,1.742273011,1.742273011,1.742273011,1.742273011,1.742273011,1.742273011,,,
09/01/2010,1.754276137,1.754276137,1.754276137,1.754276137,1.754276137,1.754276137,,,
10/01/2010,1.763959098,1.763959098,1.763959098,1.763959098,1.763959098,1.763959098,,,
11/01/2010,1.771675555,1.771675555,1.771675555,1.771675555,1.771675555,1.771675555,,,
12/01/2010,1.776009774,1.776009774,1.776009774,1.776009774,1.776009774,1.776009774,,,
01/01/2011,1.774167254,1.774167254,1.774167254,1.774167254,1.774167254,1.774167254,,,
02/01/2011,1.77089063,1.77089063,1.77089063,1.77089063,1.77089063,1.77089063,,,
03/01/2011,1.767033181,1.767033181,1.767033181,1.767033181,1.767033181,1.767033181,,,
04/01/2011,1.762334455,1.762334455,1.762334455,1.762334455,1.762334455,1.762334455,,,
05/01/2011,1.760060544,1.760060544,1.760060544,1.760060544,1.760060544,1.760060544,,,
06/01/2011,1.759963826,1.759963826,1.759963826,1.759963826,1.759963826,1.759963826,,,
07/01/2011,1.769240344,1.769240344,1.769240344,1.769240344,1.769240344,1.769240344,,,
08/01/2011,1.777867721,1.777867721,1.777867721,1.777867721,1.777867721,1.777867721,,,
09/01/2011,1.789356512,1.789356512,1.789356512,1.789356512,1.789356512,1.789356512,,,
10/01/2011,1.79714359,1.79714359,1.79714359,1.79714359,1.79714359,1.79714359,,,
11/01/2011,1.802791977,1.802791977,1.802791977,1.802791977,1.802791977,1.802791977,,,
12/01/2011,1.807348884,1.807348884,1.807348884,1.807348884,1.807348884,1.807348884,,,
01/01/2012,1.806628621,1.806628621,1.806628621,1.806628621,1.806628621,1.806628621,,,
02/01/2012,1.802479958,1.802479958,1.802479958,1.802479958,1.802479958,1.802479958,,,
03/01/2012,1.799444839,1.799444839,1.799444839,1.799444839,1.799444839,1.799444839,,,
04/01/2012,1.79621798,1.79621798,1.79621798,1.79621798,1.79621798,1.79621798,,,
05/01/2012,1.79405133,1.79405133,1.79405133,1.79405133,1.79405133,1.79405133,,,
06/01/2012,1.798768186,1.798768186,1.798768186,1.798768186,1.798768186,1.798768186,,,
07/01/2012,1.811685106,1.811685106,1.811685106,1.811685106,1.811685106,1.811685106,,,
08/01/2012,1.824747799,1.824747799,1.824747799,1.824747799,1.824747799,1.824747799,,,
09/01/2012,1.838782512,1.838782512,1.838782512,1.838782512,1.838782512,1.838782512,,,
10/01/2012,1.850522976,1.850522976,1.850522976,1.850522976,1.850522976,1.850522976,,,
11/01/2012,1.859189947,1.859189947,1.859189947,1.859189947,1.859189947,1.859189947,,,
12/01/2012,1.867535177,1.867535177,1.867535177,1.867535177,1.867535177,1.867535177,,,
01/01/2013,1.866896103,1.866896103,1.866896103,1.866896103,1.866896103,1.866896103,,,
02/01/2013,1.863235702,1.863235702,1.863235702,1.863235702,1.863235702,1.863235702,,,
03/01/2013,1.858311209,1.858311209,1.858311209,1.858311209,1.858311209,1.858311209,,,
04/01/2013,1.856434007,1.856434007,1.856434007,1.856434007,1.856434007,1.856434007,,,
05/01/2013,1.853732304,1.853732304,1.853732304,1.853732304,1.853732304,1.853732304,,,
06/01/2013,1.853278165,1.853278165,1.853278165,1.853278165,1.853278165,1.853278165,,,
07/01/2013,1.865211787,1.865211787,1.865211787,1.865211787,1.865211787,1.865211787,,,
08/01/2013,1.884078717,1.884078717,1.884078717,1.884078717,1.884078717,1.884078717,,,
09/01/2013,1.908206053,1.908206053,1.908206053,1.908206053,1.908206053,1.908206053,,,
10/01/2013,1.931351128,1.931351128,1.931351128,1.931351128,1.931351128,1.931351128,,,
11/01/2013,1.943780592,1.943780592,1.943780592,1.943780592,1.943780592,1.943780592,,,
12/01/2013,1.952633344,1.952633344,1.952633344,1.952633344,1.952633344,1.952633344,,,
01/01/2014,1.957568665,1.957568665,1.957568665,1.957568665,1.957568665,1.957568665,,,
02/01/2014,1.95829997,1.95829997,1.95829997,1.95829997,1.95829997,1.95829997,,,
03/01/2014,1.958494641,1.958494641,1.958494641,1.958494641,1.958494641,1.958494641,,,
04/01/2014,1.961676061,1.961676061,1.961676061,1.961676061,1.961676061,1.961676061,,,
05/01/2014,1.962501254,1.962501254,1.962501254,1.962501254,1.962501254,1.962501254,,,
06/01/2014,1.968242052,1.968242052,1.968242052,1.968242052,1.968242052,1.968242052,,,
07/01/2014,1.975644936,1.975644936,1.975644936,1.975644936,1.975644936,1.975644936,,,
08/01/2014,1.984639904,1.984639904,1.984639904,1.984639904,1.984639904,1.984639904,,,
09/01/2014,1.992844285,1.992844285,1.992844285,1.992844285,1.992844285,1.992844285,,,
10/01/2014,2.016420544,2.016420544,2.016420544,2.016420544,2.016420544,2.016420544,,,
11/01/2014,2.11703505,2.11703505,2.11703505,2.11703505,2.11703505,2.11703505,,,
12/01/2014,2.233042438,2.233042438,2.233042438,2.233042438,2.233042438,2.233042438,,,
01/01/2015,2.298860483,2.298860483,2.298860483,2.298860483,2.298860483,2.298860483,,,
02/01/2015,2.34507614,2.34507614,2.34507614,2.34507614,2.34507614,2.34507614,,,
03/01/2015,2.373587547,2.373587547,2.373587547,2.373587547,2.373587547,2.373587547,,,
04/01/2015,2.400638704,2.400638704,2.400638704,2.400638704,2.400638704,2.400638704,,,
05/01/2015,2.428257758,2.428257758,2.428257758,2.428257758,2.428257758,2.428257758,,,
06/01/2015,2.492633874,2.492633874,2.492633874,2.492633874,2.492633874,2.492633874,,,
07/01/2015,2.582095391,2.582095391,2.582095391,2.582095391,2.582095391,2.582095391,,,
08/01/2015,2.666423385,2.666423385,2.666423385,2.666423385,2.666423385,2.666423385,,,
09/01/2015,2.728810278,2.728810278,2.728810278,2.728810278,2.728810278,2.728810278,,,
10/01/2015,2.786653472,2.786653472,2.786653472,2.786653472,2.786653472,2.786653472,,,
11/01/2015,2.841223953,2.841223953,2.841223953,2.841223953,2.841223953,2.841223953,,,
12/01/2015,2.883772579,2.883772579,2.883772579,2.883772579,2.883772579,2.883772579,,,
01/01/2016,2.890449484,2.890449484,2.890449484,2.890449484,2.890449484,2.890449484,,,
02/01/2016,2.887326054,2.887326054,2.887326054,2.887326054,2.887326054,2.887326054,,,
03/01/2016,2.87694835,2.87694835,2.87694835,2.87694835,2.87694835,2.87694835,,,
04/01/2016,2.866196979,2.866196979,2.866196979,2.866196979,2.866196979,2.866196979,,,
05/01/2016,2.858758202,2.858758202,2.858758202,2.858758202,2.858758202,2.858758202,,,
06/01/2016,2.878703813,2.878703813,2.878703813,2.878703813,2.878703813,2.878703813,,,
07/01/2016,2.911306429,2.911306429,2.911306429,2.911306429,2.911306429,2.911306429,,,
08/01/2016,2.952352374,2.952352374,2.952352374,2.952352374,2.952352374,2.952352374,,,
09/01/2016,2.992409868,2.992409868,2.992409868,2.992409868,2.992409868,2.992409868,,,
10/01/2016,3.018309407,3.018309407,3.018309407,3.018309407,3.018309407,3.018309407,,,
11/01/2016,3.03205559,3.03205559,3.03205559,3.03205559,3.03205559,3.03205559,,,
12/01/2016,3.045245274,3.045245274,3.045245274,3.045245274,3.045245274,3.045245274,,,
01/01/2017,3.0433951,3.0433951,3.0433951,3.0433951,3.0433951,3.0433951,,,
02/01/2017,3.039162249,3.039162249,3.039162249,3.039162249,3.039162249,3.039162249,,,
03/01/2017,3.030810838,3.030810838,3.030810838,3.030810838,3.030810838,3.030810838,,,
04/01/2017,3.026620733,3.026620733,3.026620733,3.026620733,3.026620733,3.026620733,,,
05/01/2017,3.023768235,3.023768235,3.023768235,3.023768235,3.023768235,3.023768235,,,
06/01/2017,3.039751729,3.039751729,3.039751729,3.039751729,3.039751729,3.039751729,,,
07/01/2017,3.059326205,3.059326205,3.059326205,3.059326205,3.059326205,3.059326205,,,
08/01/2017,3.081271993,3.081271993,3.081271993,3.081271993,3.081271993,3.081271993,,,
09/01/2017,3.102813798,3.102813798,3.102813798,3.102813798,3.102813798,3.102813798,,,
10/01/2017,3.123148135,3.123148135,3.123148135,3.123148135,3.123148135,3.123148135,,,
11/01/2017,3.147276674,3.147276674,3.147276674,3.147276674,3.147276674,3.147276674,,,
12/01/2017,3.166486396,3.166486396,3.166486396,3.166486396,3.166486396,3.166486396,,,
01/01/2018,3.171190033,3.171190033,3.171190033,3.171190033,3.171190033,3.171190033,,,
02/01/2018,3.176014295,3.176014295,3.176014295,3.176014295,3.176014295,3.176014295,,,
03/01/2018,3.177509175,3.177509175,3.177509175,3.177509175,3.177509175,3.177509175,,,
04/01/2018,3.183152608,3.183152608,3.183152608,3.183152608,3.183152608,3.183152608,,,
05/01/2018,3.190418369,3.190418369,3.190418369,3.190418369,3.190418369,3.190418369,,,
06/01/2018,3.214103275,3.214103275,3.214103275,3.214103275,3.214103275,3.214103275,,,
07/01/2018,3.240611202,3.240611202,3.240611202,3.240611202,3.240611202,3.240611202,,,
08/01/2018,3.270289845,3.270289845,3.270289845,3.270289845,3.270289845,3.270289845,,,
09/01/2018,3.300995204,3.300995204,3.300995204,3.300995204,3.300995204,3.300995204,,,
10/01/2018,3.331632951,3.331632951,3.331632951,3.331632951,3.331632951,3.331632951,,,
11/01/2018,3.364837191,3.364837191,3.364837191,3.364837191,3.364837191,3.364837191,,,
12/01/2018,3.39377293,3.39377293,3.39377293,3.39377293,3.39377293,3.39377293,,,
01/01/2019,3.404815025,3.404815025,3.404815025,3.404815025,3.404815025,3.404815025,,,
02/01/2019,3.415801532,3.415801532,3.415801532,3.415801532,3.415801532,3.415801532,,,
03/01/2019,3.423406467,3.423406467,3.423406467,3.423406467,3.423406467,3.423406467,,,
04/01/2019,3.430849769,3.430849769,3.430849769,3.430849769,3.430849769,3.430849769,,,
05/01/2019,3.44012607,3.44012607,3.44012607,3.44012607,3.44012607,3.44012607,,,
06/01/2019,3.467812657,3.467812657,3.467812657,3.467812657,3.467812657,3.467812657,,,
07/01/2019,3.501290567,3.501290567,3.501290567,3.501290567,3.501290567,3.501290567,,,
08/01/2019,3.53818383,3.53818383,3.53818383,3.53818383,3.53818383,3.53818383,,,
09/01/2019,3.576683816,3.576683816,3.576683816,3.576683816,3.576683816,3.576683816,,,
10/01/2019,3.611397639,3.611397639,3.611397639,3.611397639,3.611397639,3.611397639,,,
11/01/2019,3.623877967,3.623877967,3.623877967,3.623877967,3.623877967,3.623877967,,,
12/01/2019,3.630545468,3.630545468,3.630545468,3.630545468,3.630545468,3.630545468,,,
01/01/2020,3.623219171,3.623219171,3.623219171,3.623219171,3.623219171,3.623219171,,,
02/01/2020,3.613670032,3.613670032,3.613670032,3.613670032,3.613670032,3.613670032,,,
03/01/2020,3.60179318,3.60179318,3.60179318,3.60179318,3.60179318,3.60179318,,,
04/01/2020,3.589197535,3.589197535,3.589197535,3.589197535,3.589197535,3.589197535,,,
05/01/2020,3.59010157,3.59010157,3.59010157,3.59010157,3.59010157,3.59010157,,,
06/01/2020,3.611172121,3.611172121,3.611172121,3.611172121,3.611172121,3.611172121,,,
07/01/2020,3.631824891,3.631824891,3.631824891,3.631824891,3.631824891,3.631824891,,,
08/01/2020,3.652743168,3.652743168,3.652743168,3.652743168,3.652743168,3.652743168,,,
09/01/2020,3.676701951,3.676701951,3.676701951,3.676701951,3.676701951,3.676701951,,,
10/01/2020,3.705326052,3.705326052,3.705326052,3.705326052,3.705326052,3.705326052,,,
11/01/2020,3.740581946,3.740581946,3.740581946,3.740581946,3.740581946,3.740581946,,,
12/01/2020,3.7773007,3.7773007,3.7773007,3.7773007,3.7773007,3.7773007,,,
01/01/2021,3.7848038,3.7848038,3.7848038,3.7848038,3.7848038,3.7848038,,,
02/01/2021,3.783442306,3.783442306,3.783442306,3.783442306,3.783442306,3.783442306,,,
03/01/2021,3.777017039,3.777017039,3.777017039,3.777017039,3.777017039,3.777017039,,,
04/01/2021,3.770378347,3.770378347,3.770378347,3.770378347,3.770378347,3.770378347,,,
05/01/2021,3.763217296,3.763217296,3.763217296,3.763217296,3.763217296,3.763217296,,,
06/01/2021,3.788345784,3.788345784,3.788345784,3.788345784,3.788345784,3.788345784,,,
07/01/2021,3.831543251,3.831543251,3.831543251,3.831543251,3.831543251,3.831543251,,,
08/01/2021,3.936652825,3.936652825,3.936652825,3.936652825,3.936652825,3.936652825,,,
09/01/2021,4.080963044,4.080963044,4.080963044,4.080963044,4.080963044,4.080963044,,,
10/01/2021,4.177625254,4.177625254,4.177625254,4.177625254,4.177625254,4.177625254,,,
11/01/2021,4.241671847,4.241671847,4.241671847,4.241671847,4.241671847,4.241671847,,,
12/01/2021,4.294599878,4.294599878,4.294599878,4.294599878,4.294599878,4.294599878,,,
01/01/2022,4.310187899,4.310187899,4.310187899,4.310187899,4.310187899,4.310187899,,,
02/01/2022,4.333431432,4.333431432,4.333431432,4.333431432,4.333431432,4.333431432,,,
03/01/2022,4.347770029,4.347770029,4.347770029,4.347770029,4.347770029,4.347770029,,,
04/01/2022,4.373055746,4.373055746,4.373055746,4.373055746,4.373055746,4.373055746,,,
05/01/2022,4.398767454,4.398767454,4.398767454,4.398767454,4.398767454,4.398767454,,,
06/01/2022,4.427387586,4.427387586,4.427387586,4.427387586,4.427387586,4.427387586,,,
07/01/2022,4.475725999,4.475725999,4.475725999,4.475725999,4.475725999,4.475725999,,,
08/01/2022,4.586147667,4.586147667,4.586147667,4.586147667,4.586147667,4.586147667,,,
09/01/2022,4.680683745,4.680683745,4.680683745,4.680683745,4.680683745,4.680683745,,,
10/01/2022,4.731880483,4.731880483,4.731880483,4.731880483,4.731880483,4.731880483,,,
11/01/2022,4.764041091,4.764041091,4.764041091,4.764041091,4.764041091,4.764041091,,,
12/01/2022,4.7729928,4.7729928,4.7729928,4.7729928,4.7729928,4.7729928,,,
01/01/2023,4.777187204,4.777187204,4.777187204,4.777187204,4.777187204,4.777187204,,,
02/01/2023,4.779764425,4.779764425,4.779764425,4.779764425,4.779764425,4.779764425,,,
03/01/2023,4.783530345,4.783530345,4.783530345,4.783530345,4.783530345,4.783530345,,,
04/01/2023,4.789073683,4.789073683,4.789073683,4.789073683,4.789073683,4.789073683,,,
05/01/2023,4.792212495,4.792212495,4.792212495,4.792212495,4.792212495,4.792212495,,,
06/01/2023,4.805645085,4.805645085,4.805645085,4.805645085,4.805645085,4.805645085,,,
07/01/2023,4.829388656,4.829388656,4.829388656,4.829388656,4.829388656,4.829388656,,,
08/01/2023,4.861071316,4.861071316,4.861071316,4.861071316,4.861071316,4.861071316,,,
09/01/2023,4.898940377,4.898940377,4.898940377,4.898940377,4.898940377,4.898940377,,,
10/01/2023,4.913765845,4.913765845,4.913765845,4.913765845,4.913765845,4.913765845,,,
11/01/2023,4.917526097,4.917526097,4.917526097,4.917526097,4.917526097,4.917526097,,,
12/01/2023,4.913122584,4.913122584,4.913122584,4.913122584,4.913122584,4.913122584,,,
01/01/2024,4.891974275,4.891974275,4.891974275,4.891974275,4.891974275,4.891974275,,,
02/01/2024,4.844201831,4.844201831,4.844201831,4.87468383,4.81864449,4.816178747,,,
03/01/2024,4.829136426,4.829136426,4.829136426,4.858193979,4.818824321,4.815543811,,,
04/01/2024,4.873119986,4.859867334,4.859867334,4.842797099,4.820474224,4.816566251,,,
05/01/2024,4.890366054,4.863725377,4.863725377,4.830217285,4.822588369,4.836996187,,,
06/01/2024,4.9069056,4.865985234,4.865985234,4.835464303,4.825038495,4.869631303,,,
07/01/2024,4.916901333,4.86891848,4.867131566,4.862014115,4.827547848,4.888908317,,,
08/01/2024,4.925174174,4.875837481,4.867299625,4.890731161,4.830229139,4.905386918,,,
09/01/2024,4.932491746,4.882101334,4.866503046,4.912581652,4.832969541,4.921105017,,,
10/01/2024,4.938772353,4.887535373,4.864897374,4.92898791,4.835658043,4.936430201,,,
11/01/2024,4.944509741,4.892523815,4.862439425,4.945490142,4.838462637,4.952325917,,,
12/01/2024,4.949422615,4.896798015,4.859374876,4.961079759,4.841196209,4.967899345,,,
01/01/2025,4.953876997,4.900662016,4.855535768,4.976826719,4.844033354,4.984057859,,,
02/01/2025,4.957755192,4.904004145,4.851071072,4.992241274,4.846879195,5.000362392,,,
03/01/2025,4.960845579,4.906646362,4.846586501,5.005907957,4.849455323,5.015419333,,,
04/01/2025,4.963842444,4.909182879,4.841149849,5.020745922,4.852312682,5.032158628,,,
05/01/2025,4.966385721,4.911308433,4.835488876,5.034846162,4.85507937,5.04857564,,,
06/01/2025,4.968667964,4.913183648,4.835542751,5.049156812,4.857938952,5.065649593,,,
07/01/2025,4.970579318,4.914720112,4.836054997,5.062776937,4.860706581,5.082441503,,,
08/01/2025,4.972246175,4.916016777,4.836481853,5.076617441,4.863563575,5.099941052,,,
09/01/2025,4.973619749,4.917034872,4.836763018,5.090237432,4.866419074,5.1176152,,,
10/01/2025,4.974687323,4.917770367,4.836879351,5.103224076,4.869179867,5.134915206,,,
11/01/2025,4.975519802,4.918270837,4.836818133,5.116453126,4.872030188,5.152896811,,,
12/01/2025,4.976081797,4.918520745,4.836583203,5.12908334,4.87478576,5.170480137,,,
01/01/2026,4.976411522,4.9185362,4.836148557,5.141961964,4.877629476,5.188773709,,,
02/01/2026,4.976495947,4.918313893,4.835518064,5.15466842,4.880468609,5.207252229,,,
03/01/2026,4.976382199,4.917928655,4.834793074,5.166007784,4.883029169,5.224214288,,,
04/01/2026,4.976025814,4.917277821,4.833795884,5.178398411,4.885858076,5.24293863,,,
05/01/2026,4.975469037,4.916441333,4.832648025,5.190240691,4.888590848,5.261162594,,,
06/01/2026,4.974675064,4.915363435,4.831270125,5.202323693,4.891408701,5.279992141,,,
07/01/2026,4.973706109,4.914124122,4.829758119,5.213877016,4.894129718,5.29843534,,,
08/01/2026,4.972497945,4.912640943,4.828009514,5.225670166,4.896934706,5.317519185,,,
09/01/2026,4.97108759,4.910959623,4.826077091,5.23732388,4.899733577,5.336642661,,,
10/01/2026,4.969535532,4.909148902,4.824035245,5.248474905,4.902436434,5.355243368,,,
11/01/2026,4.968636032,4.907086372,4.821745129,5.259866339,4.905222728,5.374447681,,,
12/01/2026,4.969329673,4.904923016,4.819370966,5.270770656,4.907912863,5.393114836,,,
01/01/2027,4.970205744,4.90252092,4.816760079,5.281914493,4.910685313,5.412455919,,,
02/01/2027,4.971150314,4.899960433,4.813998958,5.292936341,4.91344968,5.432043894,,,
03/01/2027,4.972035995,4.89752453,4.811387974,5.302796556,4.91594057,5.45003267,,,
04/01/2027,4.973040125,4.894682065,4.808358537,5.313599603,4.918692473,5.4698471,,,
05/01/2027,4.974025072,4.891799935,4.805301369,5.323949517,4.921348307,5.489169549,,,
06/01/2027,4.975052892,4.891122584,4.802014536,5.33453666,4.924085827,5.509172668,,,
07/01/2027,4.976052845,4.890950688,4.798717143,5.344683491,4.926728053,5.528658369,,,
08/01/2027,4.977090867,4.890919255,4.795189282,5.355065965,4.929452521,5.548791148,,,
09/01/2027,4.978130527,4.890975312,4.791540895,5.365347426,4.932170079,5.568961442,,,
10/01/2027,4.97913839,4.891087561,4.787899925,5.375206056,4.934794489,5.588586479,,,
11/01/2027,4.98018149,4.891249694,4.784023467,5.385298693,4.937500509,5.608871455,,,
12/01/2027,4.981191353,4.891439395,4.780165655,5.394979599,4.940113778,5.628832208,,,
01/01/2028,4.982233836,4.891661754,4.776066766,5.40489197,4.942806887,5.64954892,,,
02/01/2028,4.983276149,4.891906119,4.771856991,5.414715553,4.945493158,5.670387233,,,
03/01/2028,4.984250092,4.892149667,4.768273865,5.423829606,4.948000229,5.690147823,,,
04/01/2028,4.985290648,4.892424749,4.766911086,5.433488347,4.950673857,5.71125968,,,
05/01/2028,4.986296302,4.892701629,4.76586831,5.442758192,4.953254614,5.731838447,,,
06/01/2028,4.987334041,4.892997188,4.764959455,5.452256247,4.95591444,5.75305345,,,
07/01/2028,4.988337623,4.893290436,4.764189752,5.461374327,4.958481871,5.77368904,,,
08/01/2028,4.989373893,4.893600128,4.763483121,5.470719703,4.961128177,5.794967102,,,
09/01/2028,4.990408544,4.893914537,4.76284603,5.479990519,4.96376699,5.816260925,,,
10/01/2028,4.991409071,4.894223159,4.762283878,5.488899297,4.966314451,5.836985821,,,
11/01/2028,4.992441611,4.89454542,4.761751286,5.498036431,4.968939657,5.858365208,,,
12/01/2028,4.993440379,4.894860684,4.761275616,5.506815676,4.971474186,5.879168315,,,
01/01/2029,4.994470292,4.895187897,4.760819308,5.515819232,4.974087134,5.900625501,,,
02/01/2029,4.995499668,4.895517773,4.76039506,5.524757004,4.976694795,5.921074241,,,
03/01/2029,4.996427384,4.895816021,4.760034908,5.532775364,4.979044404,5.938293182,,,
04/01/2029,4.997453809,4.896148418,4.759661085,5.541588894,4.981640503,5.956440238,,,
05/01/2029,4.998445602,4.896471308,4.7593212,5.55005907,4.984146953,5.973455464,,,
06/01/2029,4.999468961,4.896805933,4.75899033,5.558749089,4.98673092,5.990528064,,,
07/01/2029,5.000457398,4.897130058,4.758687146,5.56710097,4.989225046,6.006699322,,,
08/01/2029,5.00147836,4.89746653,4.758391305,5.575672156,4.991797072,6.023050501,,,
09/01/2029,5.002496525,4.89780245,4.758111032,5.584184327,4.994361498,6.039119509,,,
10/01/2029,5.003481202,4.898128642,4.757852594,5.592367792,4.996837994,6.05447247,,,
11/01/2029,5.004496011,4.898465804,4.757598537,5.600766251,4.999389501,6.070103855,,,
12/01/2029,5.005476884,4.89879191,4.757363331,5.608841809,5.001852976,6.085085337,,,
01/01/2030,5.006488793,4.899129,4.757131742,5.617131746,5.004392027,6.100378548,,,
02/01/2030,5.007498418,4.899465508,4.756909981,5.62536736,5.00692394,6.115525198,,,
03/01/2030,5.008409583,4.899770075,4.756717557,5.632763154,5.009206103,6.129178461,,,
04/01/2030,5.009415317,4.900105824,4.756512948,5.640898206,5.011724874,6.144094499,,,
05/01/2030,5.010386974,4.900430597,4.756321541,5.648722915,5.014156236,6.158456835,,,
06/01/2030,5.011389953,4.900766674,4.756132275,5.656758876,5.016662722,6.173176843,,,
07/01/2030,5.012358273,4.901091233,4.755956048,5.664488704,5.019081732,6.187363862,,,
08/01/2030,5.013357172,4.901426224,4.755780279,5.67242766,5.021574707,6.201919845,,,
09/01/2030,5.014354329,4.901760954,4.755611054,5.680318804,5.024061112,6.216408307,,,
10/01/2030,5.015317871,4.902084796,4.755453315,5.687911528,5.02646127,6.230397345,,,
11/01/2030,5.016311941,4.90241919,4.75529646,5.695711524,5.028935244,6.244770829,,,
12/01/2030,5.017271755,4.902742416,4.755149546,5.703216769,5.03132279,6.258665138,,,
01/01/2031,5.018262222,4.903076066,4.755002784,5.710927774,5.033783862,6.272958185,,,
02/01/2031,5.019250342,4.90340874,4.75486082,5.718594694,5.036237864,6.287216145,,,
03/01/2031,5.020141077,4.903708553,4.754735681,5.725483411,5.038448797,6.300149946,,,
04/01/2031,5.021125746,4.904040314,4.754601479,5.733067613,5.040890393,6.314365347,,,
05/01/2031,5.022076697,4.904360641,4.754475544,5.740367336,5.04324708,6.328125242,,,
06/01/2031,5.023057736,4.904691724,4.754349194,5.747869127,5.045675814,6.342296813,,,
07/01/2031,5.024005562,4.905012074,4.754230807,5.755090559,5.048020276,6.356019752,,,
08/01/2031,5.024982843,4.905342486,4.754111748,5.762511923,5.050436073,6.370156056,,,
09/01/2031,5.025958233,4.905672533,4.75399572,5.769893246,5.052845352,6.38427245,,,
10/01/2031,5.026901032,4.905992283,4.7538868,5.777000813,5.055171284,6.397943561,,,
11/01/2031,5.027872002,4.906320961,4.753776638,5.784308776,5.057567718,6.412025103,,,
12/01/2031,5.028810723,4.906639578,4.753672106,5.791347936,5.05988103,6.425666664,,,
01/01/2032,5.029778396,4.906968031,4.753567207,5.798584887,5.062264795,6.439725692,,,
02/01/2032,5.030744323,4.907296084,4.753464616,5.805785561,5.064643928,6.453780084,,,
03/01/2032,5.031646191,4.907602762,4.753370839,5.812489874,5.066865033,6.466996081,,,
04/01/2032,5.032608142,4.907930108,4.753272716,5.819620596,5.06923412,6.481083937,,,
05/01/2032,5.033537649,4.908246494,4.753179915,5.8264878,5.071522381,6.494753084,,,
06/01/2032,5.034495887,4.908572971,4.753086247,5.833548669,5.073881427,6.508863763,,,
07/01/2032,5.035421962,4.908889048,4.752997684,5.840349752,5.076160035,6.522557595,,,
08/01/2032,5.036376426,4.909214955,4.752908123,5.847342969,5.078509081,6.536690932,,,
09/01/2032,5.037329186,4.909540347,4.752820083,5.854302224,5.080852802,6.550830455,,,
10/01/2032,5.038249648,4.90985498,4.752736955,5.861005872,5.083116172,6.564551876,,,
11/01/2032,5.039198744,4.910179568,4.752652897,5.867899764,5.085449525,6.578721071,,,
12/01/2032,5.040114954,4.910492258,4.752572113,5.874539584,5.087701749,6.592471208,,,
01/01/2033,5.041061329,4.910815753,4.752490045,5.881369193,5.090023523,6.606666652,,,
02/01/2033,5.04200589,4.911138241,4.752409925,5.888166344,5.092340286,6.620874863,,,
03/01/2033,5.042858846,4.911429946,4.752339059,5.894280005,5.09442928,6.633830555,,,
04/01/2033,5.043801638,4.91175203,4.752262593,5.901017495,5.096736301,6.648138768,,,
05/01/2033,5.044712662,4.912063017,4.752189355,5.907508324,5.098963612,6.662047872,,,
06/01/2033,5.045652855,4.912383844,4.75211474,5.914184883,5.101259692,6.676428941,,,
07/01/2033,5.04656158,4.912693875,4.752043747,5.920617827,5.10347663,6.690414996,,,
08/01/2033,5.047499686,4.913014083,4.751972062,5.927235984,5.105762327,6.704910802,,,
09/01/2033,5.048435835,4.913333089,4.751901405,5.933823749,5.108042301,6.719463651,,,
10/01/2033,5.04934112,4.913641896,4.751833996,5.940172064,5.110243984,6.733628711,,,
11/01/2033,5.050274354,4.91395963,4.751765275,5.946702094,5.112512739,6.748290807,,,
12/01/2033,5.051176912,4.914266796,4.751699641,5.952995306,5.114703923,6.762551096,,,
01/01/2034,5.052107075,4.914583052,4.75163267,5.959468726,5.116961945,6.777312476,,,
02/01/2034,5.05303656,4.914899526,4.751566294,5.96591484,5.119214987,6.792123688,,,
03/01/2034,5.053875427,4.915185442,4.751508304,5.971715203,5.121246065,6.805623704,,,
04/01/2034,5.054802053,4.915500735,4.751445028,5.978108753,5.123488704,6.820527241,,,
05/01/2034,5.055697423,4.915805331,4.751384065,5.984270332,5.125653987,6.83482773,,,
06/01/2034,5.05662083,4.916119218,4.751321663,5.990609883,5.127885716,6.84886266,,,
07/01/2034,5.057513014,4.916422144,4.75126177,5.996719779,5.130040299,6.862315691,,,
08/01/2034,5.05843339,4.916734768,4.751200698,6.003006695,5.132261268,6.87608625,,,
09/01/2034,5.059352514,4.917047085,4.751140622,6.009267621,5.134477101,6.889732406,,,
10/01/2034,5.060240516,4.917348698,4.751083447,6.015302257,5.136616367,6.902826525,,,
11/01/2034,5.061156145,4.917659448,4.751024667,6.021511979,5.138821132,6.916242108,,,
12/01/2034,5.062041359,4.917960135,4.750968591,6.027498256,5.140950247,6.929122387,,,
01/01/2035,5.062953726,4.918269432,4.750911227,6.03365816,5.143144511,6.942324963,,,
02/01/2035,5.063864558,4.91857814,4.75085389,6.039792797,5.145333277,6.955423688,,,
03/01/2035,5.064685907,4.918856435,4.750802513,6.04531332,5.147305784,6.967173095,,,
04/01/2035,5.065594158,4.919164402,4.750746839,6.051401004,5.149484424,6.980084651,,,
05/01/2035,5.066471458,4.919461777,4.750693831,6.057269653,5.151588024,6.992490927,,,
06/01/2035,5.067376916,4.919768902,4.750639918,6.063310439,5.153756941,7.005219954,,,
07/01/2035,5.06825156,4.920065413,4.750588763,6.069133786,5.155850848,7.017453941,,,
08/01/2035,5.069153019,4.920370435,4.750535622,6.07512669,5.158008534,7.030007293,,,
09/01/2035,5.07005362,4.920675583,4.750483054,6.081096603,5.16016172,7.042475508,,,
10/01/2035,5.070922997,4.920969678,4.750432811,6.086851202,5.162239853,7.054462294,,,
11/01/2035,5.071819738,4.921272591,4.750380724,6.092774341,5.164382008,7.066766657,,,
12/01/2035,5.07268655,4.921565955,4.750331311,6.098485275,5.166450682,7.078599421,,,
01/01/2036,5.073580265,4.921868337,4.750280893,6.104363371,5.1685827,7.090747699,,,
02/01/2036,5.074472492,4.922169946,4.750230796,6.110218859,5.170709659,7.102819005,,,
03/01/2036,5.075305989,4.922451804,4.750184673,6.115677122,5.172695091,7.114045611,,,
04/01/2036,5.076194678,4.922751779,4.750135505,6.121488771,5.17481169,7.125971479,,,
05/01/2036,5.077053512,4.923041788,4.750087955,6.127092631,5.176855109,7.137444779,,,
06/01/2036,5.077939012,4.923340571,4.750039377,6.132861045,5.178961455,7.149228558,,,
07/01/2036,5.07879462,4.923629288,4.749992596,6.138423257,5.180995239,7.160566514,,,
08/01/2036,5.079677387,4.923927249,4.749945212,6.144149575,5.18309198,7.172213937,,,
09/01/2036,5.080558119,4.924224157,4.749898141,6.149854139,5.185183419,7.183793712,,,
10/01/2036,5.08140953,4.924511527,4.749853072,6.155355279,5.187203017,7.194938487,,,
11/01/2036,5.082287416,4.924807507,4.749807331,6.161018495,5.189284593,7.206388967,,,
12/01/2036,5.083135816,4.925093896,4.749763486,6.16647985,5.19129464,7.217409957,,,
01/01/2037,5.084010514,4.925388681,4.749718606,6.172102151,5.193366297,7.228734249,,,
02/01/2037,5.084883136,4.925682359,4.749673392,6.177703452,5.195432493,7.239994979,,,
03/01/2037,5.085670273,4.925947386,4.749632714,6.18274569,5.197294992,7.250115453,,,
04/01/2037,5.08654033,4.926240334,4.749588523,6.188308261,5.199352281,7.261259348,,,
05/01/2037,5.087381421,4.926524247,4.749546885,6.193673266,5.201338852,7.271988131,,,
06/01/2037,5.088247475,4.926815193,4.749503505,6.199195691,5.203386245,7.283013595,,,
07/01/2037,5.089084857,4.927096849,4.749461134,6.204522325,5.205362952,7.293629692,,,
08/01/2037,5.089948632,4.927387757,4.749418686,6.210006744,5.207400657,7.304541813,,,
09/01/2037,5.090809946,4.927676886,4.749375965,6.215470912,5.209433053,7.315395213,,,
10/01/2037,5.091642632,4.927956781,4.749334682,6.220740791,5.211395594,7.325846206,,,
11/01/2037,5.092500393,4.92824429,4.749292123,6.226166002,5.213417699,7.336588554,,,
12/01/2037,5.093329476,4.928522493,4.749250679,6.231397772,5.215369723,7.346933204,,,
01/01/2038,5.094184483,4.928809072,4.74920869,6.236785324,5.217382541,7.357568093,,,
02/01/2038,5.095037729,4.929095002,4.749166795,6.242153707,5.219390364,7.368149032,,,
03/01/2038,5.095807377,4.92935305,4.749129348,6.246987526,5.221200233,7.377662927,,,
04/01/2038,5.096658243,4.929638498,4.749088893,6.252320835,5.223199553,7.388144144,,,
05/01/2038,5.097479566,4.929913571,4.74904981,6.257464193,5.225129274,7.398238242,,,
06/01/2038,5.098327171,4.930197643,4.749009629,6.262761003,5.227119007,7.408618031,,,
07/01/2038,5.099146976,4.930472854,4.748972297,6.267870571,5.229041219,7.418616503,,,
08/01/2038,5.099992875,4.930756345,4.748934548,6.273132017,5.231022062,7.428898146,,,
09/01/2038,5.100836896,4.931038443,4.748896172,6.278374625,5.232998335,7.439129574,,,
10/01/2038,5.101653078,4.931311243,4.748858867,6.283431744,5.234906099,7.448985648,,,
11/01/2038,5.10249486,4.931591959,4.748820534,6.288638902,5.236873033,7.459121117,,,
12/01/2038,5.103308651,4.931863066,4.748783307,6.293661475,5.238772951,7.468884797,,,
01/01/2039,5.104148649,4.932142864,4.748745423,6.298833865,5.240732281,7.478926741,,,
02/01/2039,5.104987536,4.932422034,4.748708046,6.303989004,5.242687477,7.488921762,,,
03/01/2039,5.105743389,4.932672803,4.748673628,6.308629793,5.244449094,7.497910607,,,
04/01/2039,5.106579584,4.932949856,4.748635315,6.313751029,5.246395739,7.507816949,,,
05/01/2039,5.10738758,4.933218115,4.748598765,6.31869049,5.24827547,7.51736094,,,
06/01/2039,5.10822164,4.93349522,4.748561461,6.323777891,5.250213617,7.527178319,,,
07/01/2039,5.109026825,4.933762185,4.748525114,6.328684354,5.252084594,7.536636262,,,
08/01/2039,5.109858644,4.934038594,4.748487908,6.333738314,5.25401463,7.546366304,,,
09/01/2039,5.110688786,4.93431438,4.748451508,6.338774995,5.255939874,7.556052199,,,
10/01/2039,5.111491461,4.934581102,4.748416513,6.343634008,5.257799427,7.565385625,,,
11/01/2039,5.112319563,4.934856485,4.748381046,6.34863816,5.259716552,7.574987163,,,
12/01/2039,5.113119426,4.935122001,4.7483465,6.353465051,5.2615674,7.584239419,,,
01/01/2040,5.113944593,4.935395845,4.7483106,6.358436084,5.263475536,7.59375875,,,
02/01/2040,5.114768716,4.935669496,4.748275019,6.363391247,5.265379275,7.603237205,,,
03/01/2040,5.115538313,4.935924931,4.748242014,6.368012211,5.267156405,7.61206792,,,
04/01/2040,5.116360216,4.936197743,4.748207122,6.37293627,5.269052264,7.621467544,,,
05/01/2040,5.117154046,4.936461203,4.748173822,6.377686042,5.270882632,7.630525694,,,
06/01/2040,5.117972785,4.936732733,4.748139034,6.382577756,5.272769288,7.639845259,,,
07/01/2040,5.118763924,4.93699512,4.748105301,6.387296808,5.274591143,7.64882696,,,
08/01/2040,5.119580071,4.937265814,4.748070745,6.392156969,5.276469377,7.658068472,,,
09/01/2040,5.120395555,4.937536314,4.748036868,6.397002191,5.278343936,7.667271741,,,
10/01/2040,5.121183588,4.937798025,4.748005093,6.401677114,5.28015411,7.676142012,,,
11/01/2040,5.121996156,4.938067573,4.747972112,6.406491647,5.28201992,7.685269147,,,
12/01/2040,5.122781715,4.938328388,4.747940407,6.41113682,5.283821976,7.694066758,,,
01/01/2041,5.123591699,4.938597011,4.747907927,6.415921106,5.285679404,7.703119469,,,
02/01/2041,5.124400606,4.938865415,4.747875399,6.420690315,5.287532807,7.712135112,,,
03/01/2041,5.125130407,4.939107715,4.747846678,6.424985968,5.289203639,7.720248416,,,
04/01/2041,5.125936803,4.939375208,4.747815083,6.429726428,5.291048999,7.729194035,,,
05/01/2041,5.126716094,4.939633755,4.747784697,6.434300152,5.292831102,7.73781697,,,
06/01/2041,5.127520036,4.93990045,4.747753542,6.439011184,5.294668708,7.746691208,,,
07/01/2041,5.128296104,4.940157377,4.747723003,6.443555628,5.296442018,7.755244813,,,
08/01/2041,5.129096406,4.940422063,4.747690701,6.448236336,5.298269955,7.764047374,,,
09/01/2041,5.129895791,4.940686692,4.747658655,6.452902714,5.300094521,7.772814954,,,
10/01/2041,5.13066853,4.940942728,4.747628611,6.457405139,5.301857713,7.781267377,,,
11/01/2041,5.131465689,4.941206801,4.747598213,6.462043528,5.303676437,7.789966814,,,
12/01/2041,5.132236295,4.941462188,4.747569334,6.466519001,5.305433689,7.798353887,,,
01/01/2042,5.133030785,4.941725896,4.747539668,6.471128838,5.307246461,7.806985915,,,
02/01/2042,5.133823763,4.941988296,4.747509606,6.475724142,5.309055078,7.815583755,,,
03/01/2042,5.134539203,4.942225184,4.747482747,6.479863337,5.310686166,7.823322296,,,
04/01/2042,5.135329271,4.942486278,4.747452837,6.484431432,5.312487847,7.831855726,,,
05/01/2042,5.136092265,4.942737834,4.747423139,6.488838245,5.31422786,7.840082287,,,
06/01/2042,5.136879848,4.942998118,4.74739285,6.4933783,5.316022233,7.848550454,,,
07/01/2042,5.137640691,4.943249357,4.74736413,6.497758614,5.317755855,7.856714599,,,
08/01/2042,5.138425127,4.943508107,4.747334122,6.502270637,5.319543253,7.865117935,,,
09/01/2042,5.139208292,4.94376643,4.747304027,6.506768861,5.321327227,7.873488971,,,
10/01/2042,5.13996538,4.944016422,4.747275561,6.511109472,5.323050258,7.881560384,,,
11/01/2042,5.140746702,4.944274637,4.747247111,6.515581427,5.324827854,7.889869508,,,
12/01/2042,5.141500987,4.944523419,4.74721954,6.519895861,5.326544107,7.897880533,,,
01/01/2043,5.14227912,4.944780039,4.747190717,6.524340597,5.328313798,7.906127274,,,
02/01/2043,5.143056619,4.94503688,4.747162759,6.528772408,5.3300808,7.914343743,,,
03/01/2043,5.143757317,4.945267971,4.747137992,6.532764456,5.331673382,7.9217393,,,
04/01/2043,5.144531563,4.945523144,4.747109889,6.537170124,5.333432735,7.92989639,,,
05/01/2043,5.145279346,4.94576943,4.747082538,6.541420935,5.335131751,7.937761486,,,
06/01/2043,5.146051065,4.946023389,4.747054492,6.545800625,5.336883694,7.945858931,,,
07/01/2043,5.146796574,4.946268936,4.747027893,6.550026572,5.338575978,7.953666893,,,
08/01/2043,5.14756515,4.946521726,4.747000058,6.554379775,5.340320564,7.961704734,,,
09/01/2043,5.148332829,4.946774467,4.746972371,6.558720388,5.342061935,7.9697134,,,
10/01/2043,5.149074579,4.947018676,4.746946278,6.562908909,5.343743808,7.977436266,,,
11/01/2043,5.149839534,4.947270334,4.74691942,6.567223883,5.345477909,7.98538709,,,
12/01/2043,5.150578629,4.94751347,4.746893496,6.571387571,5.347152726,7.993054215,,,
01/01/2044,5.15134139,4.94776458,4.746867272,6.575677535,5.348880053,8.000948452,,,
02/01/2044,5.152101928,4.948014285,4.746840756,6.579953807,5.350603202,8.008813054,,,
03/01/2044,5.152812016,4.948247236,4.746814979,6.583942941,5.352211435,8.016145102,,,
04/01/2044,5.15357066,4.94849668,4.746788365,6.588195537,5.353927875,8.023955506,,,
05/01/2044,5.154303391,4.948737409,4.746763462,6.592298989,5.355585355,8.03148744,,,
06/01/2044,5.155059425,4.948985866,4.746737872,6.596526835,5.357294654,8.039242735,,,
07/01/2044,5.155789712,4.949225925,4.746713349,6.600606499,5.358945505,8.046721784,,,
08/01/2044,5.156542848,4.949473122,4.746687875,6.604809556,5.360647382,8.054422425,,,
09/01/2044,5.157295305,4.949720479,4.746662975,6.609000953,5.3623462,8.062096509,,,
10/01/2044,5.158021829,4.94995898,4.746639349,6.613045241,5.363986522,8.069497098,,,
11/01/2044,5.158771279,4.950205023,4.746614601,6.617212071,5.365677934,8.077117361,,,
12/01/2044,5.159494642,4.950441883,4.746590225,6.621232509,5.367310803,8.084465857,,,
01/01/2045,5.160241039,4.950686388,4.746564752,6.625374859,5.368994178,8.092032723,,,
02/01/2045,5.16098626,4.950930587,4.746539815,6.629505202,5.370674597,8.099573121,,,
03/01/2045,5.161658454,4.951150783,4.746517706,6.633226121,5.372189872,8.106362404,,,
04/01/2045,5.162400908,4.951393771,4.74649313,6.637333263,5.373863948,8.113852397,,,
05/01/2045,5.163118864,4.951628767,4.74646973,6.641297377,5.375481752,8.121077054,,,
06/01/2045,5.163858719,4.951870718,4.746445679,6.645381087,5.377149878,8.128515941,,,
07/01/2045,5.164573388,4.952104454,4.746421872,6.649321756,5.378760713,8.135690468,,,
08/01/2045,5.165310908,4.952345283,4.746397606,6.653382256,5.380422263,8.143078804,,,
09/01/2045,5.166046715,4.952585638,4.74637344,6.657430661,5.382080069,8.150441255,,,
10/01/2045,5.166757807,4.952817553,4.746350051,6.661337791,5.383681574,8.157542745,,,
11/01/2045,5.167491222,4.953057089,4.746326209,6.665363522,5.385332822,8.164855748,,,
12/01/2045,5.168199934,4.95328863,4.746303338,6.669248714,5.386927978,8.171909753,,,
01/01/2046,5.168931309,4.953527753,4.746280348,6.67325251,5.388573181,8.179174617,,,
02/01/2046,5.169661364,4.953766349,4.74625792,6.677244892,5.390215341,8.186414741,,,
03/01/2046,5.170319849,4.953981596,4.746237863,6.680841663,5.391695796,8.192934306,,,
04/01/2046,5.171047934,4.95422011,4.746216117,6.684812557,5.393331808,8.200128621,,,
05/01/2046,5.171750497,4.95444931,4.746194881,6.688644989,5.394911077,8.207067346,,,
06/01/2046,5.172475309,4.954685765,4.746172286,6.692593472,5.39653974,8.214213348,,,
07/01/2046,5.173176017,4.954914596,4.746151101,6.696404628,5.398113192,8.221106974,,,
08/01/2046,5.173898245,4.955150052,4.746129389,6.700331162,5.39973519,8.228205883,,,
09/01/2046,5.174619563,4.955385411,4.746107541,6.704246744,5.401354179,8.23528152,,,
10/01/2046,5.17531682,4.955613028,4.746087298,6.708026193,5.402918202,8.242107393,,,
11/01/2046,5.17603491,4.955847343,4.746065869,6.711919447,5.404529873,8.249136121,,,
12/01/2046,5.176729642,4.956074066,4.746045083,6.71567774,5.406087417,8.255917329,,,
01/01/2047,5.177445862,4.956307448,4.746024429,6.719550588,5.407693127,8.262900992,,,
02/01/2047,5.178161324,4.956540782,4.746003971,6.723412514,5.409295905,8.269862228,,,
03/01/2047,5.17880592,4.956751308,4.745985566,6.726891304,5.410741001,8.276130546,,,
04/01/2047,5.17951796,4.9569828,4.745964296,6.730731617,5.412336511,8.28304718,,,
05/01/2047,5.180205487,4.957206002,4.745943166,6.734437511,5.41387717,8.289718887,,,
06/01/2047,5.180915326,4.957436845,4.745921715,6.73825689,5.415465823,8.296591056,,,
07/01/2047,5.181599972,4.957658817,4.745900744,6.741941892,5.41699954,8.303219204,,,
08/01/2047,5.18230739,4.957887782,4.745879219,6.74574024,5.418582279,8.310047116,,,
09/01/2047,5.183012873,4.958116581,4.745858374,6.749527346,5.420161056,8.316852093,,,
10/01/2047,5.183695252,4.958338407,4.745838482,6.753183309,5.421686145,8.32341773,,,
11/01/2047,5.184398896,4.958566936,4.745818685,6.756950688,5.423259005,8.330180082,,,
12/01/2047,5.185078013,4.958786991,4.745798835,6.760585692,5.424777451,8.33670314,,,
01/01/2048,5.185778657,4.95901406,4.745777915,6.764331612,5.426342817,8.343421992,,,
02/01/2048,5.186478819,4.959241446,4.745757971,6.76806801,5.427906068,8.350120116,,,
03/01/2048,5.187132185,4.95945323,4.7457397,6.77155381,5.429365543,8.356366792,,,
04/01/2048,5.187829115,4.959678728,4.745719491,6.775269414,5.430921733,8.36302257,,,
05/01/2048,5.188503069,4.959897333,4.74570043,6.778856152,5.432425337,8.369444371,,,
06/01/2048,5.189197743,4.960122262,4.745681025,6.782551787,5.433975272,8.376058593,,,
07/01/2048,5.189869009,4.960339659,4.74566209,6.786118953,5.435472343,8.382439908,,,
08/01/2048,5.190561806,4.960564246,4.745643134,6.78979529,5.437016454,8.389013622,,,
09/01/2048,5.191252938,4.960787928,4.74562432,6.793461143,5.438556907,8.395566367,,,
10/01/2048,5.191920319,4.961003624,4.74560555,6.796999181,5.440044333,8.40188806,,,
11/01/2048,5.192609889,4.961227128,4.745586961,6.800645763,5.441579256,8.4084013,,,
12/01/2048,5.193275407,4.961443201,4.745569618,6.804164982,5.44306096,8.414684768,,,
01/01/2049,5.193961789,4.961665114,4.745551026,6.807791606,5.44458885,8.421157267,,,
02/01/2049,5.194646702,4.961886415,4.745532257,6.811407887,5.44611322,8.427609129,,,
03/01/2049,5.195265519,4.96208676,4.745516141,6.814667183,5.447488598,8.433421618,,,
04/01/2049,5.195948149,4.962307053,4.74549843,6.818265802,5.449006857,8.43983585,,,
05/01/2049,5.196607901,4.9625201,4.745480494,6.821738725,5.450473407,8.446024991,,,
06/01/2049,5.197288353,4.962739766,4.745462375,6.825317529,5.451985661,8.45240058,,,
07/01/2049,5.197945873,4.962951973,4.745444922,6.828771993,5.453446248,8.458552269,,,
08/01/2049,5.198623893,4.963170617,4.745427008,6.832331776,5.454952315,8.464889223,,,
09/01/2049,5.199300478,4.963388563,4.745408736,6.835881813,5.456454897,8.471206439,,,
10/01/2049,5.199953857,4.963598511,4.745390752,6.839308129,5.457905832,8.47730132,,,
11/01/2049,5.200628235,4.963815753,4.745372452,6.842839514,5.45940243,8.483580373,,,
12/01/2049,5.201279918,4.964025751,4.745355424,6.846248244,5.460848008,8.489639014,,,
01/01/2050,5.201952256,4.964242634,4.745338239,6.849761235,5.462338784,8.495880615,,,
02/01/2050,5.202623228,4.96445905,4.745321188,6.853264804,5.463826289,8.502102927,,,
03/01/2050,5.203228104,4.96465409,4.745305505,6.856421292,5.465167129,8.507707328,,,
04/01/2050,5.203897005,4.964870155,4.745288453,6.859906846,5.466648797,8.513893724,,,
05/01/2050,5.204542395,4.965078232,4.745271683,6.863270501,5.468079064,8.51986199,,,
06/01/2050,5.205208324,4.965292557,4.745253866,6.866737129,5.469554147,8.526010535,,,
07/01/2050,5.205851905,4.965500416,4.745237045,6.870083608,5.470978986,8.531943535,,,
08/01/2050,5.206515552,4.965714738,4.745219952,6.873532276,5.472448075,8.53805553,,,
09/01/2050,5.207178313,4.965929143,4.745203009,6.876972091,5.473914407,8.544149352,,,
10/01/2050,5.207818703,4.966136231,4.745186902,6.880292348,5.475330455,8.550029304,,,
11/01/2050,5.208479904,4.966350099,4.745170493,6.883714393,5.476790838,8.556087184,,,
12/01/2050,5.20911882,4.966556674,4.745154722,6.887017399,5.478201152,8.561932406,,,
01/01/2051,5.2097781,4.966769731,4.745138258,6.890421368,5.479655311,8.567954192,,,
02/01/2051,5.210436438,4.966982219,4.745121646,6.893816306,5.481106381,8.573957825,,,
03/01/2051,5.211030266,4.967173891,4.745106514,6.896875264,5.482414461,8.579365668,,,
04/01/2051,5.211687343,4.967385952,4.745090238,6.900253345,5.483860113,8.585335582,,,
05/01/2051,5.21232263,4.967591404,4.745075263,6.903514642,5.485256711,8.591096491,,,
06/01/2051,5.212977747,4.967802906,4.745059645,6.906875606,5.486696325,8.597031174,,,
07/01/2051,5.213611515,4.968007908,4.74504475,6.910120136,5.488087326,8.602758557,,,
08/01/2051,5.214264706,4.968218595,4.745029362,6.913463633,5.489520988,8.608658374,,,
09/01/2051,5.214917128,4.9684291,4.745013378,6.916797999,5.490951465,8.614540772,,,
10/01/2051,5.215547859,4.968632726,4.744998357,6.92001684,5.492333501,8.620217339,,,
11/01/2051,5.216198738,4.968842853,4.744983225,6.923334323,5.49375871,8.626065855,,,
12/01/2051,5.216827317,4.969045602,4.744968278,6.926536421,5.495134891,8.631709116,,,
01/01/2052,5.217476575,4.96925529,4.744953192,6.929837085,5.496554548,8.637524008,,,
02/01/2052,5.21812432,4.969464075,4.744938259,6.933128621,5.497971073,8.643321244,,,
03/01/2052,5.218729108,4.969658745,4.74492359,6.936199918,5.49929298,8.648729109,,,
04/01/2052,5.219375029,4.969866896,4.744907993,6.939474784,5.500703505,8.654493345,,,
05/01/2052,5.219999532,4.970068291,4.744893668,6.942636391,5.502066136,8.660056238,,,
06/01/2052,5.220643796,4.970276185,4.744879275,6.945894826,5.503471217,8.665787612,,,
07/01/2052,5.221265592,4.97047608,4.744864609,6.949039296,5.50482747,8.671317452,,,
08/01/2052,5.221907344,4.970682501,4.744848944,6.952280426,5.506226228,8.677015017,,,
09/01/2052,5.222547946,4.970888399,4.744833446,6.955512401,5.507621928,8.682695686,,,
10/01/2052,5.223167818,4.971088206,4.744819119,6.958633485,5.508970752,8.688178564,,,
11/01/2052,5.223807395,4.971294346,4.744805359,6.961850338,5.510361667,8.69382792,,,
12/01/2052,5.224425837,4.971493925,4.744792562,6.964956052,5.511705813,8.699280289,,,
01/01/2053,5.225063636,4.971699529,4.744779524,6.968156752,5.513091294,8.704897963,,,
02/01/2053,5.225699996,4.971904318,4.744765895,6.971348773,5.514473471,8.710498993,,,
03/01/2053,5.226274612,4.972089657,4.744753819,6.97422589,5.5157202,8.715545591,,,
04/01/2053,5.22690985,4.97229454,4.744741223,6.977403225,5.517097612,8.72111707,,,
05/01/2053,5.227522661,4.972491449,4.744728315,6.980469473,5.518427726,8.726492788,,,
06/01/2053,5.22815484,4.972694588,4.744713972,6.983629271,5.519798636,8.732031531,,,
07/01/2053,5.228765942,4.97289065,4.744700304,6.986680036,5.521122947,8.73737691,,,
08/01/2053,5.229396886,4.973093602,4.744686924,6.989824979,5.522488964,8.742885242,,,
09/01/2053,5.23002638,4.973296232,4.744673748,6.99296146,5.523851796,8.748377413,,,
10/01/2053,5.230635679,4.973492703,4.744661542,6.995990361,5.525169096,8.753678979,,,
11/01/2053,5.231263827,4.973694878,4.744649645,6.999111691,5.526526982,8.75914137,,,
12/01/2053,5.231870239,4.973889644,4.744637265,7.002124963,5.527838454,8.764412485,,,
01/01/2054,5.232496124,4.974090787,4.744624281,7.005230478,5.529190696,8.76984405,,,
02/01/2054,5.233121076,4.974291649,4.744611602,7.008327987,5.530540212,8.775260322,,,
03/01/2054,5.233684283,4.974472317,4.744599921,7.011119297,5.531756437,8.78013946,,,
04/01/2054,5.234307206,4.974672136,4.744586932,7.014201918,5.533100607,8.785526421,,,
05/01/2054,5.234908813,4.974865093,4.744574481,7.017177427,5.534398551,8.790725035,,,
06/01/2054,5.235529931,4.975064583,4.744561846,7.020244706,5.535737489,8.796082293,,,
07/01/2054,5.23612971,4.97525689,4.744549769,7.0232056,5.537030309,8.801252295,,,
08/01/2054,5.236749119,4.975455871,4.744537592,7.026258131,5.538364149,8.806580363,,,
09/01/2054,5.237365971,4.975652965,4.744524746,7.029301225,5.539693923,8.811891619,,,
10/01/2054,5.237962501,4.975843982,4.744511297,7.032239331,5.540977675,8.8170179,,,
11/01/2054,5.238577997,4.976040662,4.744498109,7.035267803,5.542302495,8.822300223,,,
12/01/2054,5.239172841,4.976231118,4.744485694,7.038191548,5.543582222,8.827398422,,,
01/01/2055,5.239786422,4.976427514,4.74447299,7.041205014,5.544901823,8.832651693,,,
02/01/2055,5.240398705,4.976623014,4.744460044,7.044210524,5.546218453,8.837889887,,,
03/01/2055,5.240951462,4.976800033,4.744448613,7.046919603,5.547406025,8.842609758,,,
04/01/2055,5.24156261,4.976995805,4.744436794,7.049911571,5.548718276,8.847821009,,,
05/01/2055,5.242153065,4.977185213,4.744425539,7.052799855,5.549985967,8.852850656,,,
06/01/2055,5.242762005,4.977380077,4.744413759,7.055776804,5.551292782,8.858033408,,,
07/01/2055,5.243349969,4.977567909,4.744401866,7.058650383,5.552554562,8.863035068,,,
08/01/2055,5.243955939,4.977761184,4.744388737,7.061611252,5.55385517,8.868188337,,,
09/01/2055,5.244561782,4.977953915,4.74437587,7.064565932,5.555154009,8.873328176,,,
10/01/2055,5.245147249,4.978141067,4.744364502,7.067418426,5.556408596,8.878289025,,,
11/01/2055,5.245751267,4.978334096,4.744352863,7.070358573,5.557702324,8.883401174,,,
12/01/2055,5.246335157,4.978520988,4.744342036,7.073197496,5.558952285,8.888335629,,,
01/01/2056,5.24693752,4.978713687,4.744331149,7.076123738,5.560241241,8.89342065,,,
02/01/2056,5.247539068,4.978906205,4.744320493,7.079042937,5.561527676,8.89849204,,,
03/01/2056,5.248101338,4.979086242,4.744311123,7.08176794,5.562729783,8.903224692,,,
04/01/2056,5.248700611,4.979278486,4.744300812,7.084672852,5.564010957,8.908269151,,,
05/01/2056,5.249280381,4.979464213,4.744290779,7.087478155,5.565249114,8.913138903,,,
06/01/2056,5.249877053,4.979654274,4.744280046,7.090368211,5.566524562,8.918155644,,,
07/01/2056,5.250454499,4.979838822,4.744269111,7.093159143,5.567757359,8.922998619,,,
08/01/2056,5.251049791,4.98002876,4.744258491,7.096035474,5.569028671,8.927988926,,,
09/01/2056,5.251644901,4.980219109,4.744248231,7.098905485,5.570297797,8.932966579,,,
10/01/2056,5.25221927,4.980402389,4.744238625,7.10167559,5.571522965,8.937770385,,,
11/01/2056,5.252811729,4.980591403,4.744227931,7.104530863,5.572786318,8.942720735,,,
12/01/2056,5.253384713,4.980774375,4.744218104,7.107287981,5.574007081,8.947499472,,,
01/01/2057,5.25397624,4.980964132,4.744208927,7.110130287,5.575266411,8.952424741,,,
02/01/2057,5.254565271,4.981151422,4.744198853,7.112965047,5.576521684,8.957335047,,,
03/01/2057,5.255097129,4.981320936,4.74418889,7.115519552,5.577654027,8.961759929,,,
04/01/2057,5.255684234,4.981507466,4.744178042,7.118339946,5.578904413,8.96664478,,,
05/01/2057,5.25625162,4.981687791,4.744166919,7.121062968,5.58011222,8.971359729,,,
06/01/2057,5.256837158,4.981873944,4.744155845,7.123870151,5.581357982,8.976218931,,,
07/01/2057,5.257402958,4.982053679,4.744145575,7.12658033,5.582561424,8.980909187,,,
08/01/2057,5.257986789,4.982239405,4.744135139,7.129374061,5.583802429,8.985742872,,,
09/01/2057,5.25856974,4.982424916,4.744124983,7.132161077,5.58504108,8.990563734,,,
10/01/2057,5.259132979,4.982604062,4.744115311,7.134851783,5.586237458,8.995217049,,,
11/01/2057,5.25971329,4.982788088,4.744104678,7.137624837,5.58747051,9.000011795,,,
12/01/2057,5.260274848,4.982966729,4.744094569,7.140302898,5.588662363,9.00464078,,,
01/01/2058,5.26085362,4.983150436,4.744084559,7.143063216,5.589890925,9.009410731,,,
02/01/2058,5.261431977,4.983334358,4.744074587,7.145816967,5.591117339,9.014168609,,,
03/01/2058,5.261953208,4.983499815,4.744065841,7.148298785,5.592222937,9.018455352,,,
04/01/2058,5.262529505,4.983682834,4.744055947,7.151039711,5.593444736,9.023188949,,,
05/01/2058,5.263086354,4.983859674,4.744046601,7.153686036,5.594624875,9.027758149,,,
06/01/2058,5.26366059,4.984041844,4.744036848,7.156413665,5.595841709,9.032466937,,,
07/01/2058,5.264215209,4.984217603,4.744027135,7.159046786,5.597016931,9.037011872,,,
08/01/2058,5.264787366,4.984398938,4.744016944,7.161761163,5.598228553,9.041695774,,,
09/01/2058,5.265359014,4.984580079,4.744007231,7.16446939,5.599438458,9.046367762,,,
10/01/2058,5.265910997,4.984754999,4.743998046,7.167083821,5.600606753,9.050877137,,,
11/01/2058,5.266480897,4.98493569,4.743988689,7.169779085,5.601812057,9.05552505,,,
12/01/2058,5.267031618,4.985110481,4.743980213,7.172381548,5.602976252,9.060011756,,,
01/01/2059,5.267598952,4.98528994,4.743970911,7.175063403,5.604176497,9.064634955,,,
02/01/2059,5.26816564,4.985469371,4.743961106,7.177739032,5.605374306,9.069246242,,,
03/01/2059,5.268677108,4.985631557,4.743952962,7.180150835,5.606454631,9.073401841,,,
04/01/2059,5.269242424,4.985810781,4.743944348,7.182814649,5.607648643,9.077990709,,,
05/01/2059,5.269789004,4.985984281,4.743936504,7.185386917,5.60880201,9.082420832,,,
06/01/2059,5.270352078,4.98616245,4.74392805,7.18803775,5.609990665,9.086985852,,,
07/01/2059,5.270896816,4.986335151,4.7439198,7.190597692,5.611139466,9.091393251,,,
08/01/2059,5.27145821,4.986512795,4.743911516,7.193236174,5.612323601,9.095935161,,,
09/01/2059,5.272017993,4.986689416,4.74390211,7.195867675,5.613504784,9.100464449,,,
10/01/2059,5.272559393,4.986860579,4.743892931,7.198408288,5.614646216,9.104837096,,,
11/01/2059,5.273118486,4.987037548,4.743884561,7.201028259,5.615823762,9.10934447,,,
12/01/2059,5.273657704,4.987208197,4.743876277,7.203557679,5.616960845,9.113694477,,,
01/01/2060,5.274213592,4.987383282,4.74386643,7.206164225,5.618132661,9.118177218,,,
02/01/2060,5.274769027,4.987558536,4.743856672,7.208764955,5.619302615,9.122648695,,,
03/01/2060,5.275287642,4.987721753,4.743847879,7.211192049,5.620394887,9.126821331,,,
04/01/2060,5.275841531,4.987896593,4.743838873,7.213780996,5.621560641,9.131270617,,,
05/01/2060,5.276377044,4.988065857,4.743830894,7.216281002,5.62268692,9.135566034,,,
06/01/2060,5.276929144,4.988240095,4.743822729,7.218857749,5.623848506,9.139992922,,,
07/01/2060,5.277463048,4.988408886,4.74381501,7.221346308,5.624970656,9.144266946,,,
08/01/2060,5.278013711,4.98858285,4.743807466,7.223911672,5.626127763,9.148672066,,,
09/01/2060,5.27856334,4.988756369,4.743799726,7.226470857,5.627282851,9.153065837,,,
10/01/2060,5.279093974,4.988923564,4.743791825,7.228941361,5.628397856,9.157306851,,,
11/01/2060,5.279641161,4.989095836,4.743783098,7.23148785,5.629547543,9.161677624,,,
12/01/2060,5.280169338,4.989261311,4.743773997,7.233945992,5.630657516,9.165896234,,,
01/01/2061,5.280714679,4.989432841,4.743764634,7.236480526,5.631802727,9.170244698,,,
