Date,Critical head + 50 feet,Critical head + 20 feet,Critical head,base,2015 water level scenario,Historical low scenario,Date_S,Measured Subsidence,Source
01/01/1901,0,0,0,0,0,0,01/01/1931,0.71,Leveling
02/01/1901,0.016859041,0.016859041,0.016859041,0.016859041,0.016859041,0.016859041,01/01/1940,1.12,Leveling
03/01/1901,0.022257613,0.022257613,0.022257613,0.022257613,0.022257613,0.022257613,01/01/1947,1.21,Leveling
04/01/1901,0.030962922,0.030962922,0.030962922,0.030962922,0.030962922,0.030962922,01/01/1948,1.21,Leveling
05/01/1901,0.038087168,0.038087168,0.038087168,0.038087168,0.038087168,0.038087168,01/01/1953,1.22,Leveling
06/01/1901,0.050566587,0.050566587,0.050566587,0.050566587,0.050566587,0.050566587,01/01/1957,1.18,Leveling
07/01/1901,0.061496909,0.061496909,0.061496909,0.061496909,0.061496909,0.061496909,01/01/1959,1.18,Leveling
08/01/1901,0.070056554,0.070056554,0.070056554,0.070056554,0.070056554,0.070056554,01/01/1962,1.2,Leveling
09/01/1901,0.071550951,0.071550951,0.071550951,0.071550951,0.071550951,0.071550951,01/01/1972,1.23,Leveling
10/01/1901,0.075003759,0.075003759,0.075003759,0.075003759,0.075003759,0.075003759,08/01/2004,1.51,InSAR
11/01/1901,0.079476428,0.079476428,0.079476428,0.079476428,0.079476428,0.079476428,09/01/2004,1.5,InSAR
12/01/1901,0.087324396,0.087324396,0.087324396,0.087324396,0.087324396,0.087324396,10/01/2004,1.5,InSAR
01/01/1902,0.092128018,0.092128018,0.092128018,0.092128018,0.092128018,0.092128018,11/01/2004,1.5,InSAR
02/01/1902,0.101406825,0.101406825,0.101406825,0.101406825,0.101406825,0.101406825,12/01/2004,1.51,InSAR
03/01/1902,0.105177645,0.105177645,0.105177645,0.105177645,0.105177645,0.105177645,01/01/2005,1.51,InSAR
04/01/1902,0.110438785,0.110438785,0.110438785,0.110438785,0.110438785,0.110438785,02/01/2005,1.51,InSAR
05/01/1902,0.114168772,0.114168772,0.114168772,0.114168772,0.114168772,0.114168772,03/01/2005,1.5,InSAR
06/01/1902,0.119329686,0.119329686,0.119329686,0.119329686,0.119329686,0.119329686,04/01/2005,1.49,InSAR
07/01/1902,0.122205394,0.122205394,0.122205394,0.122205394,0.122205394,0.122205394,01/01/2006,1.52,InSAR
08/01/1902,0.122284172,0.122284172,0.122284172,0.122284172,0.122284172,0.122284172,02/01/2006,1.52,InSAR
09/01/1902,0.127345776,0.127345776,0.127345776,0.127345776,0.127345776,0.127345776,03/01/2006,1.49,InSAR
10/01/1902,0.132103466,0.132103466,0.132103466,0.132103466,0.132103466,0.132103466,04/01/2006,1.49,InSAR
11/01/1902,0.132008953,0.132008953,0.132008953,0.132008953,0.132008953,0.132008953,05/01/2006,1.5,InSAR
12/01/1902,0.133023229,0.133023229,0.133023229,0.133023229,0.133023229,0.133023229,06/01/2006,1.5,InSAR
01/01/1903,0.136685357,0.136685357,0.136685357,0.136685357,0.136685357,0.136685357,12/01/2006,1.53,InSAR
02/01/1903,0.139403064,0.139403064,0.139403064,0.139403064,0.139403064,0.139403064,01/01/2007,1.53,InSAR
03/01/1903,0.13942518,0.13942518,0.13942518,0.13942518,0.13942518,0.13942518,02/01/2007,1.53,InSAR
04/01/1903,0.145326864,0.145326864,0.145326864,0.145326864,0.145326864,0.145326864,08/01/2007,1.56,InSAR
05/01/1903,0.146542349,0.146542349,0.146542349,0.146542349,0.146542349,0.146542349,09/01/2007,1.56,InSAR
06/01/1903,0.149019265,0.149019265,0.149019265,0.149019265,0.149019265,0.149019265,02/01/2008,1.55,InSAR
07/01/1903,0.151297851,0.151297851,0.151297851,0.151297851,0.151297851,0.151297851,03/01/2008,1.55,InSAR
08/01/1903,0.153736306,0.153736306,0.153736306,0.153736306,0.153736306,0.153736306,05/01/2009,1.57,InSAR
09/01/1903,0.15373916,0.15373916,0.15373916,0.15373916,0.15373916,0.15373916,06/01/2009,1.58,InSAR
10/01/1903,0.154106115,0.154106115,0.154106115,0.154106115,0.154106115,0.154106115,07/01/2009,1.58,InSAR
11/01/1903,0.157316658,0.157316658,0.157316658,0.157316658,0.157316658,0.157316658,08/01/2009,1.59,InSAR
12/01/1903,0.158193665,0.158193665,0.158193665,0.158193665,0.158193665,0.158193665,09/01/2009,1.59,InSAR
01/01/1904,0.162754021,0.162754021,0.162754021,0.162754021,0.162754021,0.162754021,10/01/2009,1.58,InSAR
02/01/1904,0.169275885,0.169275885,0.169275885,0.169275885,0.169275885,0.169275885,11/01/2009,1.59,InSAR
03/01/1904,0.176541454,0.176541454,0.176541454,0.176541454,0.176541454,0.176541454,12/01/2009,1.59,InSAR
04/01/1904,0.183373827,0.183373827,0.183373827,0.183373827,0.183373827,0.183373827,01/01/2010,1.59,InSAR
05/01/1904,0.185888522,0.185888522,0.185888522,0.185888522,0.185888522,0.185888522,02/01/2010,1.58,InSAR
06/01/1904,0.196256746,0.196256746,0.196256746,0.196256746,0.196256746,0.196256746,03/01/2010,1.58,InSAR
07/01/1904,0.207768657,0.207768657,0.207768657,0.207768657,0.207768657,0.207768657,04/01/2010,1.56,InSAR
08/01/1904,0.215630777,0.215630777,0.215630777,0.215630777,0.215630777,0.215630777,05/01/2010,1.56,InSAR
09/01/1904,0.21825594,0.21825594,0.21825594,0.21825594,0.21825594,0.21825594,06/01/2010,1.58,InSAR
10/01/1904,0.220588452,0.220588452,0.220588452,0.220588452,0.220588452,0.220588452,07/01/2015,1.63,InSAR
11/01/1904,0.222962471,0.222962471,0.222962471,0.222962471,0.222962471,0.222962471,08/01/2015,1.63,InSAR
12/01/1904,0.230503479,0.230503479,0.230503479,0.230503479,0.230503479,0.230503479,09/01/2015,1.63,InSAR
01/01/1905,0.232637226,0.232637226,0.232637226,0.232637226,0.232637226,0.232637226,10/01/2015,1.64,InSAR
02/01/1905,0.235922946,0.235922946,0.235922946,0.235922946,0.235922946,0.235922946,11/01/2015,1.64,InSAR
03/01/1905,0.239353537,0.239353537,0.239353537,0.239353537,0.239353537,0.239353537,12/01/2015,1.65,InSAR
04/01/1905,0.243908279,0.243908279,0.243908279,0.243908279,0.243908279,0.243908279,01/01/2016,1.66,InSAR
05/01/1905,0.250779061,0.250779061,0.250779061,0.250779061,0.250779061,0.250779061,02/01/2016,1.67,InSAR
06/01/1905,0.252402819,0.252402819,0.252402819,0.252402819,0.252402819,0.252402819,03/01/2016,1.67,InSAR
07/01/1905,0.257340573,0.257340573,0.257340573,0.257340573,0.257340573,0.257340573,04/01/2016,1.68,InSAR
08/01/1905,0.261879433,0.261879433,0.261879433,0.261879433,0.261879433,0.261879433,05/01/2016,1.68,InSAR
09/01/1905,0.269919337,0.269919337,0.269919337,0.269919337,0.269919337,0.269919337,06/01/2016,1.7,InSAR
10/01/1905,0.272678628,0.272678628,0.272678628,0.272678628,0.272678628,0.272678628,07/01/2016,1.7,InSAR
11/01/1905,0.275547246,0.275547246,0.275547246,0.275547246,0.275547246,0.275547246,08/01/2016,1.7,InSAR
12/01/1905,0.280057776,0.280057776,0.280057776,0.280057776,0.280057776,0.280057776,09/01/2016,1.7,InSAR
01/01/1906,0.282976773,0.282976773,0.282976773,0.282976773,0.282976773,0.282976773,10/01/2016,1.69,InSAR
02/01/1906,0.287697635,0.287697635,0.287697635,0.287697635,0.287697635,0.287697635,11/01/2016,1.71,InSAR
03/01/1906,0.289262314,0.289262314,0.289262314,0.289262314,0.289262314,0.289262314,12/01/2016,1.7,InSAR
04/01/1906,0.292631232,0.292631232,0.292631232,0.292631232,0.292631232,0.292631232,01/01/2017,1.71,InSAR
05/01/1906,0.300123304,0.300123304,0.300123304,0.300123304,0.300123304,0.300123304,02/01/2017,1.73,InSAR
06/01/1906,0.306855476,0.306855476,0.306855476,0.306855476,0.306855476,0.306855476,03/01/2017,1.73,InSAR
07/01/1906,0.309107547,0.309107547,0.309107547,0.309107547,0.309107547,0.309107547,04/01/2017,1.73,InSAR
08/01/1906,0.312367211,0.312367211,0.312367211,0.312367211,0.312367211,0.312367211,05/01/2017,1.74,InSAR
09/01/1906,0.316628346,0.316628346,0.316628346,0.316628346,0.316628346,0.316628346,06/01/2017,1.73,InSAR
10/01/1906,0.319969845,0.319969845,0.319969845,0.319969845,0.319969845,0.319969845,07/01/2017,1.72,InSAR
11/01/1906,0.323520054,0.323520054,0.323520054,0.323520054,0.323520054,0.323520054,08/01/2017,1.73,InSAR
12/01/1906,0.327841547,0.327841547,0.327841547,0.327841547,0.327841547,0.327841547,09/01/2017,1.72,InSAR
01/01/1907,0.329871081,0.329871081,0.329871081,0.329871081,0.329871081,0.329871081,10/01/2017,1.71,InSAR
02/01/1907,0.332711005,0.332711005,0.332711005,0.332711005,0.332711005,0.332711005,11/01/2017,1.72,InSAR
03/01/1907,0.340120909,0.340120909,0.340120909,0.340120909,0.340120909,0.340120909,12/01/2017,1.72,InSAR
04/01/1907,0.342713586,0.342713586,0.342713586,0.342713586,0.342713586,0.342713586,01/01/2018,1.72,InSAR
05/01/1907,0.349494492,0.349494492,0.349494492,0.349494492,0.349494492,0.349494492,02/01/2018,1.73,InSAR
06/01/1907,0.354143345,0.354143345,0.354143345,0.354143345,0.354143345,0.354143345,03/01/2018,1.72,InSAR
07/01/1907,0.357879714,0.357879714,0.357879714,0.357879714,0.357879714,0.357879714,04/01/2018,1.74,InSAR
08/01/1907,0.367331424,0.367331424,0.367331424,0.367331424,0.367331424,0.367331424,05/01/2018,1.75,InSAR
09/01/1907,0.375933365,0.375933365,0.375933365,0.375933365,0.375933365,0.375933365,06/01/2018,1.75,InSAR
10/01/1907,0.377670511,0.377670511,0.377670511,0.377670511,0.377670511,0.377670511,07/01/2018,1.76,InSAR
11/01/1907,0.381963352,0.381963352,0.381963352,0.381963352,0.381963352,0.381963352,08/01/2018,1.78,InSAR
12/01/1907,0.386528906,0.386528906,0.386528906,0.386528906,0.386528906,0.386528906,09/01/2018,1.78,InSAR
01/01/1908,0.389858953,0.389858953,0.389858953,0.389858953,0.389858953,0.389858953,10/01/2018,1.79,InSAR
02/01/1908,0.393295091,0.393295091,0.393295091,0.393295091,0.393295091,0.393295091,11/01/2018,1.8,InSAR
03/01/1908,0.397571336,0.397571336,0.397571336,0.397571336,0.397571336,0.397571336,12/01/2018,1.79,InSAR
04/01/1908,0.406616538,0.406616538,0.406616538,0.406616538,0.406616538,0.406616538,01/01/2019,1.8,InSAR
05/01/1908,0.414240286,0.414240286,0.414240286,0.414240286,0.414240286,0.414240286,02/01/2019,1.81,InSAR
06/01/1908,0.415239388,0.415239388,0.415239388,0.415239388,0.415239388,0.415239388,03/01/2019,1.81,InSAR
07/01/1908,0.417264685,0.417264685,0.417264685,0.417264685,0.417264685,0.417264685,04/01/2019,1.83,InSAR
08/01/1908,0.42200314,0.42200314,0.42200314,0.42200314,0.42200314,0.42200314,05/01/2019,1.8,InSAR
09/01/1908,0.424712586,0.424712586,0.424712586,0.424712586,0.424712586,0.424712586,06/01/2019,1.78,InSAR
10/01/1908,0.430463455,0.430463455,0.430463455,0.430463455,0.430463455,0.430463455,07/01/2019,1.78,InSAR
11/01/1908,0.438344956,0.438344956,0.438344956,0.438344956,0.438344956,0.438344956,08/01/2019,1.77,InSAR
12/01/1908,0.448687066,0.448687066,0.448687066,0.448687066,0.448687066,0.448687066,09/01/2019,1.76,InSAR
01/01/1909,0.454705592,0.454705592,0.454705592,0.454705592,0.454705592,0.454705592,10/01/2019,1.76,InSAR
02/01/1909,0.461575793,0.461575793,0.461575793,0.461575793,0.461575793,0.461575793,11/01/2019,1.76,InSAR
03/01/1909,0.467932373,0.467932373,0.467932373,0.467932373,0.467932373,0.467932373,12/01/2019,1.76,InSAR
04/01/1909,0.472343714,0.472343714,0.472343714,0.472343714,0.472343714,0.472343714,01/01/2020,1.79,InSAR
05/01/1909,0.476189215,0.476189215,0.476189215,0.476189215,0.476189215,0.476189215,02/01/2020,1.8,InSAR
06/01/1909,0.481605797,0.481605797,0.481605797,0.481605797,0.481605797,0.481605797,03/01/2020,1.81,InSAR
07/01/1909,0.487874485,0.487874485,0.487874485,0.487874485,0.487874485,0.487874485,04/01/2020,1.82,InSAR
08/01/1909,0.495422883,0.495422883,0.495422883,0.495422883,0.495422883,0.495422883,05/01/2020,1.83,InSAR
09/01/1909,0.501841325,0.501841325,0.501841325,0.501841325,0.501841325,0.501841325,06/01/2020,1.84,InSAR
10/01/1909,0.510954746,0.510954746,0.510954746,0.510954746,0.510954746,0.510954746,07/01/2020,1.85,InSAR
11/01/1909,0.516657306,0.516657306,0.516657306,0.516657306,0.516657306,0.516657306,08/01/2020,1.88,InSAR
12/01/1909,0.519307703,0.519307703,0.519307703,0.519307703,0.519307703,0.519307703,09/01/2020,1.91,InSAR
01/01/1910,0.524487607,0.524487607,0.524487607,0.524487607,0.524487607,0.524487607,10/01/2020,1.92,InSAR
02/01/1910,0.527921117,0.527921117,0.527921117,0.527921117,0.527921117,0.527921117,11/01/2020,1.89,InSAR
03/01/1910,0.530407236,0.530407236,0.530407236,0.530407236,0.530407236,0.530407236,12/01/2020,1.87,InSAR
04/01/1910,0.532639334,0.532639334,0.532639334,0.532639334,0.532639334,0.532639334,01/01/2021,1.86,InSAR
05/01/1910,0.534946568,0.534946568,0.534946568,0.534946568,0.534946568,0.534946568,02/01/2021,1.85,InSAR
06/01/1910,0.536890633,0.536890633,0.536890633,0.536890633,0.536890633,0.536890633,03/01/2021,1.86,InSAR
07/01/1910,0.539190086,0.539190086,0.539190086,0.539190086,0.539190086,0.539190086,04/01/2021,1.87,InSAR
08/01/1910,0.542737852,0.542737852,0.542737852,0.542737852,0.542737852,0.542737852,05/01/2021,1.89,InSAR
09/01/1910,0.544681291,0.544681291,0.544681291,0.544681291,0.544681291,0.544681291,06/01/2021,1.93,InSAR
10/01/1910,0.5477069,0.5477069,0.5477069,0.5477069,0.5477069,0.5477069,07/01/2021,1.96,InSAR
11/01/1910,0.547766029,0.547766029,0.547766029,0.547766029,0.547766029,0.547766029,08/01/2021,1.99,InSAR
12/01/1910,0.548889775,0.548889775,0.548889775,0.548889775,0.548889775,0.548889775,09/01/2021,1.99,InSAR
01/01/1911,0.550560974,0.550560974,0.550560974,0.550560974,0.550560974,0.550560974,10/01/2021,1.98,InSAR
02/01/1911,0.550840343,0.550840343,0.550840343,0.550840343,0.550840343,0.550840343,11/01/2021,1.97,InSAR
03/01/1911,0.55237026,0.55237026,0.55237026,0.55237026,0.55237026,0.55237026,12/01/2021,1.95,InSAR
04/01/1911,0.556032573,0.556032573,0.556032573,0.556032573,0.556032573,0.556032573,01/01/2022,1.93,InSAR
05/01/1911,0.556436237,0.556436237,0.556436237,0.556436237,0.556436237,0.556436237,02/01/2022,1.94,InSAR
06/01/1911,0.558055841,0.558055841,0.558055841,0.558055841,0.558055841,0.558055841,03/01/2022,1.93,InSAR
07/01/1911,0.556568287,0.556568287,0.556568287,0.556568287,0.556568287,0.556568287,04/01/2022,1.94,InSAR
08/01/1911,0.557860589,0.557860589,0.557860589,0.557860589,0.557860589,0.557860589,05/01/2022,1.98,InSAR
09/01/1911,0.560968437,0.560968437,0.560968437,0.560968437,0.560968437,0.560968437,06/01/2022,2.01,InSAR
10/01/1911,0.561737544,0.561737544,0.561737544,0.561737544,0.561737544,0.561737544,07/01/2022,2.06,InSAR
11/01/1911,0.564477651,0.564477651,0.564477651,0.564477651,0.564477651,0.564477651,08/01/2022,2.09,InSAR
12/01/1911,0.565977721,0.565977721,0.565977721,0.565977721,0.565977721,0.565977721,09/01/2022,2.08,InSAR
01/01/1912,0.564390963,0.564390963,0.564390963,0.564390963,0.564390963,0.564390963,10/01/2022,2.08,InSAR
02/01/1912,0.563987585,0.563987585,0.563987585,0.563987585,0.563987585,0.563987585,11/01/2022,2.07,InSAR
03/01/1912,0.565961634,0.565961634,0.565961634,0.565961634,0.565961634,0.565961634,12/01/2022,2.07,InSAR
04/01/1912,0.565979621,0.565979621,0.565979621,0.565979621,0.565979621,0.565979621,01/01/2023,2.06,InSAR
05/01/1912,0.568095576,0.568095576,0.568095576,0.568095576,0.568095576,0.568095576,02/01/2023,2.05,InSAR
06/01/1912,0.568718302,0.568718302,0.568718302,0.568718302,0.568718302,0.568718302,03/01/2023,2.06,InSAR
07/01/1912,0.571500266,0.571500266,0.571500266,0.571500266,0.571500266,0.571500266,04/01/2023,2.08,InSAR
08/01/1912,0.574608965,0.574608965,0.574608965,0.574608965,0.574608965,0.574608965,05/01/2023,2.04,InSAR
09/01/1912,0.57619277,0.57619277,0.57619277,0.57619277,0.57619277,0.57619277,06/01/2023,2.04,InSAR
10/01/1912,0.578518673,0.578518673,0.578518673,0.578518673,0.578518673,0.578518673,07/01/2023,2.02,InSAR
11/01/1912,0.579237438,0.579237438,0.579237438,0.579237438,0.579237438,0.579237438,08/01/2023,2.03,InSAR
12/01/1912,0.579293346,0.579293346,0.579293346,0.579293346,0.579293346,0.579293346,09/01/2023,2.01,InSAR
01/01/1913,0.580533352,0.580533352,0.580533352,0.580533352,0.580533352,0.580533352,10/01/2023,2,InSAR
02/01/1913,0.583306359,0.583306359,0.583306359,0.583306359,0.583306359,0.583306359,11/01/2023,2.02,InSAR
03/01/1913,0.58555823,0.58555823,0.58555823,0.58555823,0.58555823,0.58555823,12/01/2023,2,InSAR
04/01/1913,0.586427615,0.586427615,0.586427615,0.586427615,0.586427615,0.586427615,01/01/2024,1.99,InSAR
05/01/1913,0.588100799,0.588100799,0.588100799,0.588100799,0.588100799,0.588100799,02/01/2024,2,InSAR
06/01/1913,0.588922556,0.588922556,0.588922556,0.588922556,0.588922556,0.588922556,03/01/2024,2,InSAR
07/01/1913,0.588716757,0.588716757,0.588716757,0.588716757,0.588716757,0.588716757,04/26/2024,1.99,Leveling
08/01/1913,0.590271592,0.590271592,0.590271592,0.590271592,0.590271592,0.590271592,,,
09/01/1913,0.592873692,0.592873692,0.592873692,0.592873692,0.592873692,0.592873692,,,
10/01/1913,0.59561353,0.59561353,0.59561353,0.59561353,0.59561353,0.59561353,,,
11/01/1913,0.599418673,0.599418673,0.599418673,0.599418673,0.599418673,0.599418673,,,
12/01/1913,0.600334874,0.600334874,0.600334874,0.600334874,0.600334874,0.600334874,,,
01/01/1914,0.601517423,0.601517423,0.601517423,0.601517423,0.601517423,0.601517423,,,
02/01/1914,0.603204372,0.603204372,0.603204372,0.603204372,0.603204372,0.603204372,,,
03/01/1914,0.604870029,0.604870029,0.604870029,0.604870029,0.604870029,0.604870029,,,
04/01/1914,0.604398403,0.604398403,0.604398403,0.604398403,0.604398403,0.604398403,,,
05/01/1914,0.607111925,0.607111925,0.607111925,0.607111925,0.607111925,0.607111925,,,
06/01/1914,0.609410569,0.609410569,0.609410569,0.609410569,0.609410569,0.609410569,,,
07/01/1914,0.610846276,0.610846276,0.610846276,0.610846276,0.610846276,0.610846276,,,
08/01/1914,0.613782975,0.613782975,0.613782975,0.613782975,0.613782975,0.613782975,,,
09/01/1914,0.612013356,0.612013356,0.612013356,0.612013356,0.612013356,0.612013356,,,
10/01/1914,0.615872258,0.615872258,0.615872258,0.615872258,0.615872258,0.615872258,,,
11/01/1914,0.619061554,0.619061554,0.619061554,0.619061554,0.619061554,0.619061554,,,
12/01/1914,0.620673886,0.620673886,0.620673886,0.620673886,0.620673886,0.620673886,,,
01/01/1915,0.620679526,0.620679526,0.620679526,0.620679526,0.620679526,0.620679526,,,
02/01/1915,0.622303604,0.622303604,0.622303604,0.622303604,0.622303604,0.622303604,,,
03/01/1915,0.625312732,0.625312732,0.625312732,0.625312732,0.625312732,0.625312732,,,
04/01/1915,0.62454827,0.62454827,0.62454827,0.62454827,0.62454827,0.62454827,,,
05/01/1915,0.62455439,0.62455439,0.62455439,0.62455439,0.62455439,0.62455439,,,
06/01/1915,0.62302518,0.62302518,0.62302518,0.62302518,0.62302518,0.62302518,,,
07/01/1915,0.625902786,0.625902786,0.625902786,0.625902786,0.625902786,0.625902786,,,
08/01/1915,0.627502488,0.627502488,0.627502488,0.627502488,0.627502488,0.627502488,,,
09/01/1915,0.629221167,0.629221167,0.629221167,0.629221167,0.629221167,0.629221167,,,
10/01/1915,0.630639313,0.630639313,0.630639313,0.630639313,0.630639313,0.630639313,,,
11/01/1915,0.631662152,0.631662152,0.631662152,0.631662152,0.631662152,0.631662152,,,
12/01/1915,0.63300508,0.63300508,0.63300508,0.63300508,0.63300508,0.63300508,,,
01/01/1916,0.637710362,0.637710362,0.637710362,0.637710362,0.637710362,0.637710362,,,
02/01/1916,0.63991969,0.63991969,0.63991969,0.63991969,0.63991969,0.63991969,,,
03/01/1916,0.6416093,0.6416093,0.6416093,0.6416093,0.6416093,0.6416093,,,
04/01/1916,0.642145654,0.642145654,0.642145654,0.642145654,0.642145654,0.642145654,,,
05/01/1916,0.646750488,0.646750488,0.646750488,0.646750488,0.646750488,0.646750488,,,
06/01/1916,0.649789675,0.649789675,0.649789675,0.649789675,0.649789675,0.649789675,,,
07/01/1916,0.653082985,0.653082985,0.653082985,0.653082985,0.653082985,0.653082985,,,
08/01/1916,0.652241482,0.652241482,0.652241482,0.652241482,0.652241482,0.652241482,,,
09/01/1916,0.652014263,0.652014263,0.652014263,0.652014263,0.652014263,0.652014263,,,
10/01/1916,0.653405665,0.653405665,0.653405665,0.653405665,0.653405665,0.653405665,,,
11/01/1916,0.65574847,0.65574847,0.65574847,0.65574847,0.65574847,0.65574847,,,
12/01/1916,0.657584602,0.657584602,0.657584602,0.657584602,0.657584602,0.657584602,,,
01/01/1917,0.659691575,0.659691575,0.659691575,0.659691575,0.659691575,0.659691575,,,
02/01/1917,0.658847631,0.658847631,0.658847631,0.658847631,0.658847631,0.658847631,,,
03/01/1917,0.659360905,0.659360905,0.659360905,0.659360905,0.659360905,0.659360905,,,
04/01/1917,0.658705199,0.658705199,0.658705199,0.658705199,0.658705199,0.658705199,,,
05/01/1917,0.659323532,0.659323532,0.659323532,0.659323532,0.659323532,0.659323532,,,
06/01/1917,0.661475058,0.661475058,0.661475058,0.661475058,0.661475058,0.661475058,,,
07/01/1917,0.661867652,0.661867652,0.661867652,0.661867652,0.661867652,0.661867652,,,
08/01/1917,0.662100309,0.662100309,0.662100309,0.662100309,0.662100309,0.662100309,,,
09/01/1917,0.661002659,0.661002659,0.661002659,0.661002659,0.661002659,0.661002659,,,
10/01/1917,0.660204828,0.660204828,0.660204828,0.660204828,0.660204828,0.660204828,,,
11/01/1917,0.660196071,0.660196071,0.660196071,0.660196071,0.660196071,0.660196071,,,
12/01/1917,0.658690631,0.658690631,0.658690631,0.658690631,0.658690631,0.658690631,,,
01/01/1918,0.658762289,0.658762289,0.658762289,0.658762289,0.658762289,0.658762289,,,
02/01/1918,0.66110548,0.66110548,0.66110548,0.66110548,0.66110548,0.66110548,,,
03/01/1918,0.661165835,0.661165835,0.661165835,0.661165835,0.661165835,0.661165835,,,
04/01/1918,0.659089213,0.659089213,0.659089213,0.659089213,0.659089213,0.659089213,,,
05/01/1918,0.659646304,0.659646304,0.659646304,0.659646304,0.659646304,0.659646304,,,
06/01/1918,0.659602511,0.659602511,0.659602511,0.659602511,0.659602511,0.659602511,,,
07/01/1918,0.656270278,0.656270278,0.656270278,0.656270278,0.656270278,0.656270278,,,
08/01/1918,0.659442208,0.659442208,0.659442208,0.659442208,0.659442208,0.659442208,,,
09/01/1918,0.661471116,0.661471116,0.661471116,0.661471116,0.661471116,0.661471116,,,
10/01/1918,0.662017953,0.662017953,0.662017953,0.662017953,0.662017953,0.662017953,,,
11/01/1918,0.660062697,0.660062697,0.660062697,0.660062697,0.660062697,0.660062697,,,
12/01/1918,0.659348542,0.659348542,0.659348542,0.659348542,0.659348542,0.659348542,,,
01/01/1919,0.65951363,0.65951363,0.65951363,0.65951363,0.65951363,0.65951363,,,
02/01/1919,0.658414911,0.658414911,0.658414911,0.658414911,0.658414911,0.658414911,,,
03/01/1919,0.657169282,0.657169282,0.657169282,0.657169282,0.657169282,0.657169282,,,
04/01/1919,0.657632224,0.657632224,0.657632224,0.657632224,0.657632224,0.657632224,,,
05/01/1919,0.657838465,0.657838465,0.657838465,0.657838465,0.657838465,0.657838465,,,
06/01/1919,0.65715045,0.65715045,0.65715045,0.65715045,0.65715045,0.65715045,,,
07/01/1919,0.65696093,0.65696093,0.65696093,0.65696093,0.65696093,0.65696093,,,
08/01/1919,0.656967657,0.656967657,0.656967657,0.656967657,0.656967657,0.656967657,,,
09/01/1919,0.658137999,0.658137999,0.658137999,0.658137999,0.658137999,0.658137999,,,
10/01/1919,0.656356847,0.656356847,0.656356847,0.656356847,0.656356847,0.656356847,,,
11/01/1919,0.654538131,0.654538131,0.654538131,0.654538131,0.654538131,0.654538131,,,
12/01/1919,0.653418231,0.653418231,0.653418231,0.653418231,0.653418231,0.653418231,,,
01/01/1920,0.652970341,0.652970341,0.652970341,0.652970341,0.652970341,0.652970341,,,
02/01/1920,0.654103919,0.654103919,0.654103919,0.654103919,0.654103919,0.654103919,,,
03/01/1920,0.651117184,0.651117184,0.651117184,0.651117184,0.651117184,0.651117184,,,
04/01/1920,0.650222149,0.650222149,0.650222149,0.650222149,0.650222149,0.650222149,,,
05/01/1920,0.649125045,0.649125045,0.649125045,0.649125045,0.649125045,0.649125045,,,
06/01/1920,0.648246949,0.648246949,0.648246949,0.648246949,0.648246949,0.648246949,,,
07/01/1920,0.64828819,0.64828819,0.64828819,0.64828819,0.64828819,0.64828819,,,
08/01/1920,0.647654261,0.647654261,0.647654261,0.647654261,0.647654261,0.647654261,,,
09/01/1920,0.647048945,0.647048945,0.647048945,0.647048945,0.647048945,0.647048945,,,
10/01/1920,0.646552401,0.646552401,0.646552401,0.646552401,0.646552401,0.646552401,,,
11/01/1920,0.647273478,0.647273478,0.647273478,0.647273478,0.647273478,0.647273478,,,
12/01/1920,0.647178233,0.647178233,0.647178233,0.647178233,0.647178233,0.647178233,,,
01/01/1921,0.64660848,0.64660848,0.64660848,0.64660848,0.64660848,0.64660848,,,
02/01/1921,0.646007354,0.646007354,0.646007354,0.646007354,0.646007354,0.646007354,,,
03/01/1921,0.6479012,0.6479012,0.6479012,0.6479012,0.6479012,0.6479012,,,
04/01/1921,0.6500249,0.6500249,0.6500249,0.6500249,0.6500249,0.6500249,,,
05/01/1921,0.649937914,0.649937914,0.649937914,0.649937914,0.649937914,0.649937914,,,
06/01/1921,0.651472409,0.651472409,0.651472409,0.651472409,0.651472409,0.651472409,,,
07/01/1921,0.651448743,0.651448743,0.651448743,0.651448743,0.651448743,0.651448743,,,
08/01/1921,0.653039771,0.653039771,0.653039771,0.653039771,0.653039771,0.653039771,,,
09/01/1921,0.653468471,0.653468471,0.653468471,0.653468471,0.653468471,0.653468471,,,
10/01/1921,0.655357724,0.655357724,0.655357724,0.655357724,0.655357724,0.655357724,,,
11/01/1921,0.655546539,0.655546539,0.655546539,0.655546539,0.655546539,0.655546539,,,
12/01/1921,0.655162803,0.655162803,0.655162803,0.655162803,0.655162803,0.655162803,,,
01/01/1922,0.655236114,0.655236114,0.655236114,0.655236114,0.655236114,0.655236114,,,
02/01/1922,0.654106169,0.654106169,0.654106169,0.654106169,0.654106169,0.654106169,,,
03/01/1922,0.654433199,0.654433199,0.654433199,0.654433199,0.654433199,0.654433199,,,
04/01/1922,0.656859586,0.656859586,0.656859586,0.656859586,0.656859586,0.656859586,,,
05/01/1922,0.654916763,0.654916763,0.654916763,0.654916763,0.654916763,0.654916763,,,
06/01/1922,0.65520573,0.65520573,0.65520573,0.65520573,0.65520573,0.65520573,,,
07/01/1922,0.655199031,0.655199031,0.655199031,0.655199031,0.655199031,0.655199031,,,
08/01/1922,0.654592976,0.654592976,0.654592976,0.654592976,0.654592976,0.654592976,,,
09/01/1922,0.653348008,0.653348008,0.653348008,0.653348008,0.653348008,0.653348008,,,
10/01/1922,0.652106916,0.652106916,0.652106916,0.652106916,0.652106916,0.652106916,,,
11/01/1922,0.649831459,0.649831459,0.649831459,0.649831459,0.649831459,0.649831459,,,
12/01/1922,0.648924455,0.648924455,0.648924455,0.648924455,0.648924455,0.648924455,,,
01/01/1923,0.648120432,0.648120432,0.648120432,0.648120432,0.648120432,0.648120432,,,
02/01/1923,0.647833041,0.647833041,0.647833041,0.647833041,0.647833041,0.647833041,,,
03/01/1923,0.647034542,0.647034542,0.647034542,0.647034542,0.647034542,0.647034542,,,
04/01/1923,0.647294081,0.647294081,0.647294081,0.647294081,0.647294081,0.647294081,,,
05/01/1923,0.647667297,0.647667297,0.647667297,0.647667297,0.647667297,0.647667297,,,
06/01/1923,0.647356086,0.647356086,0.647356086,0.647356086,0.647356086,0.647356086,,,
07/01/1923,0.649468211,0.649468211,0.649468211,0.649468211,0.649468211,0.649468211,,,
08/01/1923,0.64889681,0.64889681,0.64889681,0.64889681,0.64889681,0.64889681,,,
09/01/1923,0.648687162,0.648687162,0.648687162,0.648687162,0.648687162,0.648687162,,,
10/01/1923,0.648538563,0.648538563,0.648538563,0.648538563,0.648538563,0.648538563,,,
11/01/1923,0.647767589,0.647767589,0.647767589,0.647767589,0.647767589,0.647767589,,,
12/01/1923,0.650796304,0.650796304,0.650796304,0.650796304,0.650796304,0.650796304,,,
01/01/1924,0.651929976,0.651929976,0.651929976,0.651929976,0.651929976,0.651929976,,,
02/01/1924,0.651969655,0.651969655,0.651969655,0.651969655,0.651969655,0.651969655,,,
03/01/1924,0.650941978,0.650941978,0.650941978,0.650941978,0.650941978,0.650941978,,,
04/01/1924,0.651650788,0.651650788,0.651650788,0.651650788,0.651650788,0.651650788,,,
05/01/1924,0.652188203,0.652188203,0.652188203,0.652188203,0.652188203,0.652188203,,,
06/01/1924,0.652009093,0.652009093,0.652009093,0.652009093,0.652009093,0.652009093,,,
07/01/1924,0.651379906,0.651379906,0.651379906,0.651379906,0.651379906,0.651379906,,,
08/01/1924,0.65187963,0.65187963,0.65187963,0.65187963,0.65187963,0.65187963,,,
09/01/1924,0.651518089,0.651518089,0.651518089,0.651518089,0.651518089,0.651518089,,,
10/01/1924,0.652362578,0.652362578,0.652362578,0.652362578,0.652362578,0.652362578,,,
11/01/1924,0.655787296,0.655787296,0.655787296,0.655787296,0.655787296,0.655787296,,,
12/01/1924,0.65410045,0.65410045,0.65410045,0.65410045,0.65410045,0.65410045,,,
01/01/1925,0.654306547,0.654306547,0.654306547,0.654306547,0.654306547,0.654306547,,,
02/01/1925,0.652822963,0.652822963,0.652822963,0.652822963,0.652822963,0.652822963,,,
03/01/1925,0.654495307,0.654495307,0.654495307,0.654495307,0.654495307,0.654495307,,,
04/01/1925,0.653143733,0.653143733,0.653143733,0.653143733,0.653143733,0.653143733,,,
05/01/1925,0.652780107,0.652780107,0.652780107,0.652780107,0.652780107,0.652780107,,,
06/01/1925,0.652579111,0.652579111,0.652579111,0.652579111,0.652579111,0.652579111,,,
07/01/1925,0.652732066,0.652732066,0.652732066,0.652732066,0.652732066,0.652732066,,,
08/01/1925,0.653567542,0.653567542,0.653567542,0.653567542,0.653567542,0.653567542,,,
09/01/1925,0.652704138,0.652704138,0.652704138,0.652704138,0.652704138,0.652704138,,,
10/01/1925,0.651030579,0.651030579,0.651030579,0.651030579,0.651030579,0.651030579,,,
11/01/1925,0.651692346,0.651692346,0.651692346,0.651692346,0.651692346,0.651692346,,,
12/01/1925,0.651451556,0.651451556,0.651451556,0.651451556,0.651451556,0.651451556,,,
01/01/1926,0.652385388,0.652385388,0.652385388,0.652385388,0.652385388,0.652385388,,,
02/01/1926,0.651300267,0.651300267,0.651300267,0.651300267,0.651300267,0.651300267,,,
03/01/1926,0.652736289,0.652736289,0.652736289,0.652736289,0.652736289,0.652736289,,,
04/01/1926,0.65379683,0.65379683,0.65379683,0.65379683,0.65379683,0.65379683,,,
05/01/1926,0.653939331,0.653939331,0.653939331,0.653939331,0.653939331,0.653939331,,,
06/01/1926,0.654868614,0.654868614,0.654868614,0.654868614,0.654868614,0.654868614,,,
07/01/1926,0.65369364,0.65369364,0.65369364,0.65369364,0.65369364,0.65369364,,,
08/01/1926,0.654222495,0.654222495,0.654222495,0.654222495,0.654222495,0.654222495,,,
09/01/1926,0.656537471,0.656537471,0.656537471,0.656537471,0.656537471,0.656537471,,,
10/01/1926,0.656228507,0.656228507,0.656228507,0.656228507,0.656228507,0.656228507,,,
11/01/1926,0.654960478,0.654960478,0.654960478,0.654960478,0.654960478,0.654960478,,,
12/01/1926,0.655953373,0.655953373,0.655953373,0.655953373,0.655953373,0.655953373,,,
01/01/1927,0.658524898,0.658524898,0.658524898,0.658524898,0.658524898,0.658524898,,,
02/01/1927,0.659465801,0.659465801,0.659465801,0.659465801,0.659465801,0.659465801,,,
03/01/1927,0.658636105,0.658636105,0.658636105,0.658636105,0.658636105,0.658636105,,,
04/01/1927,0.657782078,0.657782078,0.657782078,0.657782078,0.657782078,0.657782078,,,
05/01/1927,0.657582671,0.657582671,0.657582671,0.657582671,0.657582671,0.657582671,,,
06/01/1927,0.655589844,0.655589844,0.655589844,0.655589844,0.655589844,0.655589844,,,
07/01/1927,0.657039923,0.657039923,0.657039923,0.657039923,0.657039923,0.657039923,,,
08/01/1927,0.656687402,0.656687402,0.656687402,0.656687402,0.656687402,0.656687402,,,
09/01/1927,0.656443294,0.656443294,0.656443294,0.656443294,0.656443294,0.656443294,,,
10/01/1927,0.656030798,0.656030798,0.656030798,0.656030798,0.656030798,0.656030798,,,
11/01/1927,0.656429831,0.656429831,0.656429831,0.656429831,0.656429831,0.656429831,,,
12/01/1927,0.658679219,0.658679219,0.658679219,0.658679219,0.658679219,0.658679219,,,
01/01/1928,0.657164011,0.657164011,0.657164011,0.657164011,0.657164011,0.657164011,,,
02/01/1928,0.657796934,0.657796934,0.657796934,0.657796934,0.657796934,0.657796934,,,
03/01/1928,0.658215109,0.658215109,0.658215109,0.658215109,0.658215109,0.658215109,,,
04/01/1928,0.658971142,0.658971142,0.658971142,0.658971142,0.658971142,0.658971142,,,
05/01/1928,0.659795959,0.659795959,0.659795959,0.659795959,0.659795959,0.659795959,,,
06/01/1928,0.660734174,0.660734174,0.660734174,0.660734174,0.660734174,0.660734174,,,
07/01/1928,0.660530967,0.660530967,0.660530967,0.660530967,0.660530967,0.660530967,,,
08/01/1928,0.660016976,0.660016976,0.660016976,0.660016976,0.660016976,0.660016976,,,
09/01/1928,0.659832259,0.659832259,0.659832259,0.659832259,0.659832259,0.659832259,,,
10/01/1928,0.659634482,0.659634482,0.659634482,0.659634482,0.659634482,0.659634482,,,
11/01/1928,0.658527749,0.658527749,0.658527749,0.658527749,0.658527749,0.658527749,,,
12/01/1928,0.659416206,0.659416206,0.659416206,0.659416206,0.659416206,0.659416206,,,
01/01/1929,0.659441623,0.659441623,0.659441623,0.659441623,0.659441623,0.659441623,,,
02/01/1929,0.658859995,0.658859995,0.658859995,0.658859995,0.658859995,0.658859995,,,
03/01/1929,0.658957148,0.658957148,0.658957148,0.658957148,0.658957148,0.658957148,,,
04/01/1929,0.658718124,0.658718124,0.658718124,0.658718124,0.658718124,0.658718124,,,
05/01/1929,0.660437265,0.660437265,0.660437265,0.660437265,0.660437265,0.660437265,,,
06/01/1929,0.660010167,0.660010167,0.660010167,0.660010167,0.660010167,0.660010167,,,
07/01/1929,0.661016115,0.661016115,0.661016115,0.661016115,0.661016115,0.661016115,,,
08/01/1929,0.662357467,0.662357467,0.662357467,0.662357467,0.662357467,0.662357467,,,
09/01/1929,0.662312703,0.662312703,0.662312703,0.662312703,0.662312703,0.662312703,,,
10/01/1929,0.662538509,0.662538509,0.662538509,0.662538509,0.662538509,0.662538509,,,
11/01/1929,0.662980455,0.662980455,0.662980455,0.662980455,0.662980455,0.662980455,,,
12/01/1929,0.664118169,0.664118169,0.664118169,0.664118169,0.664118169,0.664118169,,,
01/01/1930,0.664463077,0.664463077,0.664463077,0.664463077,0.664463077,0.664463077,,,
02/01/1930,0.663462357,0.663462357,0.663462357,0.663462357,0.663462357,0.663462357,,,
03/01/1930,0.662271472,0.662271472,0.662271472,0.662271472,0.662271472,0.662271472,,,
04/01/1930,0.660660873,0.660660873,0.660660873,0.660660873,0.660660873,0.660660873,,,
05/01/1930,0.658991716,0.658991716,0.658991716,0.658991716,0.658991716,0.658991716,,,
06/01/1930,0.659793264,0.659793264,0.659793264,0.659793264,0.659793264,0.659793264,,,
07/01/1930,0.659381018,0.659381018,0.659381018,0.659381018,0.659381018,0.659381018,,,
08/01/1930,0.659002677,0.659002677,0.659002677,0.659002677,0.659002677,0.659002677,,,
09/01/1930,0.660646325,0.660646325,0.660646325,0.660646325,0.660646325,0.660646325,,,
10/01/1930,0.660154781,0.660154781,0.660154781,0.660154781,0.660154781,0.660154781,,,
11/01/1930,0.659278981,0.659278981,0.659278981,0.659278981,0.659278981,0.659278981,,,
12/01/1930,0.660167416,0.660167416,0.660167416,0.660167416,0.660167416,0.660167416,,,
01/01/1931,0.659820442,0.659820442,0.659820442,0.659820442,0.659820442,0.659820442,,,
02/01/1931,0.658156431,0.658156431,0.658156431,0.658156431,0.658156431,0.658156431,,,
03/01/1931,0.660275105,0.660275105,0.660275105,0.660275105,0.660275105,0.660275105,,,
04/01/1931,0.661297945,0.661297945,0.661297945,0.661297945,0.661297945,0.661297945,,,
05/01/1931,0.661699163,0.661699163,0.661699163,0.661699163,0.661699163,0.661699163,,,
06/01/1931,0.662321912,0.662321912,0.662321912,0.662321912,0.662321912,0.662321912,,,
07/01/1931,0.663226367,0.663226367,0.663226367,0.663226367,0.663226367,0.663226367,,,
08/01/1931,0.662542506,0.662542506,0.662542506,0.662542506,0.662542506,0.662542506,,,
09/01/1931,0.661907442,0.661907442,0.661907442,0.661907442,0.661907442,0.661907442,,,
10/01/1931,0.662302601,0.662302601,0.662302601,0.662302601,0.662302601,0.662302601,,,
11/01/1931,0.662688315,0.662688315,0.662688315,0.662688315,0.662688315,0.662688315,,,
12/01/1931,0.66445625,0.66445625,0.66445625,0.66445625,0.66445625,0.66445625,,,
01/01/1932,0.666834857,0.666834857,0.666834857,0.666834857,0.666834857,0.666834857,,,
02/01/1932,0.668207346,0.668207346,0.668207346,0.668207346,0.668207346,0.668207346,,,
03/01/1932,0.66882172,0.66882172,0.66882172,0.66882172,0.66882172,0.66882172,,,
04/01/1932,0.669417448,0.669417448,0.669417448,0.669417448,0.669417448,0.669417448,,,
05/01/1932,0.669275275,0.669275275,0.669275275,0.669275275,0.669275275,0.669275275,,,
06/01/1932,0.670699682,0.670699682,0.670699682,0.670699682,0.670699682,0.670699682,,,
07/01/1932,0.672631476,0.672631476,0.672631476,0.672631476,0.672631476,0.672631476,,,
08/01/1932,0.675196456,0.675196456,0.675196456,0.675196456,0.675196456,0.675196456,,,
09/01/1932,0.677067894,0.677067894,0.677067894,0.677067894,0.677067894,0.677067894,,,
10/01/1932,0.679140136,0.679140136,0.679140136,0.679140136,0.679140136,0.679140136,,,
11/01/1932,0.67961242,0.67961242,0.67961242,0.67961242,0.67961242,0.67961242,,,
12/01/1932,0.680269984,0.680269984,0.680269984,0.680269984,0.680269984,0.680269984,,,
01/01/1933,0.680381598,0.680381598,0.680381598,0.680381598,0.680381598,0.680381598,,,
02/01/1933,0.682335295,0.682335295,0.682335295,0.682335295,0.682335295,0.682335295,,,
03/01/1933,0.683893657,0.683893657,0.683893657,0.683893657,0.683893657,0.683893657,,,
04/01/1933,0.684555675,0.684555675,0.684555675,0.684555675,0.684555675,0.684555675,,,
05/01/1933,0.685852538,0.685852538,0.685852538,0.685852538,0.685852538,0.685852538,,,
06/01/1933,0.688623188,0.688623188,0.688623188,0.688623188,0.688623188,0.688623188,,,
07/01/1933,0.688943993,0.688943993,0.688943993,0.688943993,0.688943993,0.688943993,,,
08/01/1933,0.690254342,0.690254342,0.690254342,0.690254342,0.690254342,0.690254342,,,
09/01/1933,0.691217072,0.691217072,0.691217072,0.691217072,0.691217072,0.691217072,,,
10/01/1933,0.691484192,0.691484192,0.691484192,0.691484192,0.691484192,0.691484192,,,
11/01/1933,0.691523093,0.691523093,0.691523093,0.691523093,0.691523093,0.691523093,,,
12/01/1933,0.691981745,0.691981745,0.691981745,0.691981745,0.691981745,0.691981745,,,
01/01/1934,0.69253413,0.69253413,0.69253413,0.69253413,0.69253413,0.69253413,,,
02/01/1934,0.694502802,0.694502802,0.694502802,0.694502802,0.694502802,0.694502802,,,
03/01/1934,0.694576228,0.694576228,0.694576228,0.694576228,0.694576228,0.694576228,,,
04/01/1934,0.694609654,0.694609654,0.694609654,0.694609654,0.694609654,0.694609654,,,
05/01/1934,0.694528976,0.694528976,0.694528976,0.694528976,0.694528976,0.694528976,,,
06/01/1934,0.694180618,0.694180618,0.694180618,0.694180618,0.694180618,0.694180618,,,
07/01/1934,0.695014146,0.695014146,0.695014146,0.695014146,0.695014146,0.695014146,,,
08/01/1934,0.694152689,0.694152689,0.694152689,0.694152689,0.694152689,0.694152689,,,
09/01/1934,0.693838712,0.693838712,0.693838712,0.693838712,0.693838712,0.693838712,,,
10/01/1934,0.694381132,0.694381132,0.694381132,0.694381132,0.694381132,0.694381132,,,
11/01/1934,0.69488923,0.69488923,0.69488923,0.69488923,0.69488923,0.69488923,,,
12/01/1934,0.697038538,0.697038538,0.697038538,0.697038538,0.697038538,0.697038538,,,
01/01/1935,0.697997567,0.697997567,0.697997567,0.697997567,0.697997567,0.697997567,,,
02/01/1935,0.698334397,0.698334397,0.698334397,0.698334397,0.698334397,0.698334397,,,
03/01/1935,0.6997025,0.6997025,0.6997025,0.6997025,0.6997025,0.6997025,,,
04/01/1935,0.700374428,0.700374428,0.700374428,0.700374428,0.700374428,0.700374428,,,
05/01/1935,0.701163106,0.701163106,0.701163106,0.701163106,0.701163106,0.701163106,,,
06/01/1935,0.702751601,0.702751601,0.702751601,0.702751601,0.702751601,0.702751601,,,
07/01/1935,0.70371478,0.70371478,0.70371478,0.70371478,0.70371478,0.70371478,,,
08/01/1935,0.70452086,0.70452086,0.70452086,0.70452086,0.70452086,0.70452086,,,
09/01/1935,0.705524786,0.705524786,0.705524786,0.705524786,0.705524786,0.705524786,,,
10/01/1935,0.708022888,0.708022888,0.708022888,0.708022888,0.708022888,0.708022888,,,
11/01/1935,0.709516033,0.709516033,0.709516033,0.709516033,0.709516033,0.709516033,,,
12/01/1935,0.710187682,0.710187682,0.710187682,0.710187682,0.710187682,0.710187682,,,
01/01/1936,0.709790276,0.709790276,0.709790276,0.709790276,0.709790276,0.709790276,,,
02/01/1936,0.711805952,0.711805952,0.711805952,0.711805952,0.711805952,0.711805952,,,
03/01/1936,0.713327705,0.713327705,0.713327705,0.713327705,0.713327705,0.713327705,,,
04/01/1936,0.71556462,0.71556462,0.71556462,0.71556462,0.71556462,0.71556462,,,
05/01/1936,0.715752585,0.715752585,0.715752585,0.715752585,0.715752585,0.715752585,,,
06/01/1936,0.715535816,0.715535816,0.715535816,0.715535816,0.715535816,0.715535816,,,
07/01/1936,0.715317497,0.715317497,0.715317497,0.715317497,0.715317497,0.715317497,,,
08/01/1936,0.713661078,0.713661078,0.713661078,0.713661078,0.713661078,0.713661078,,,
09/01/1936,0.714628968,0.714628968,0.714628968,0.714628968,0.714628968,0.714628968,,,
10/01/1936,0.714215291,0.714215291,0.714215291,0.714215291,0.714215291,0.714215291,,,
11/01/1936,0.714460109,0.714460109,0.714460109,0.714460109,0.714460109,0.714460109,,,
12/01/1936,0.716247007,0.716247007,0.716247007,0.716247007,0.716247007,0.716247007,,,
01/01/1937,0.717594466,0.717594466,0.717594466,0.717594466,0.717594466,0.717594466,,,
02/01/1937,0.717343756,0.717343756,0.717343756,0.717343756,0.717343756,0.717343756,,,
03/01/1937,0.718016979,0.718016979,0.718016979,0.718016979,0.718016979,0.718016979,,,
04/01/1937,0.717827091,0.717827091,0.717827091,0.717827091,0.717827091,0.717827091,,,
05/01/1937,0.716787908,0.716787908,0.716787908,0.716787908,0.716787908,0.716787908,,,
06/01/1937,0.71546683,0.71546683,0.71546683,0.71546683,0.71546683,0.71546683,,,
07/01/1937,0.717702136,0.717702136,0.717702136,0.717702136,0.717702136,0.717702136,,,
08/01/1937,0.71811987,0.71811987,0.71811987,0.71811987,0.71811987,0.71811987,,,
09/01/1937,0.720509266,0.720509266,0.720509266,0.720509266,0.720509266,0.720509266,,,
10/01/1937,0.719563003,0.719563003,0.719563003,0.719563003,0.719563003,0.719563003,,,
11/01/1937,0.720197558,0.720197558,0.720197558,0.720197558,0.720197558,0.720197558,,,
12/01/1937,0.72295238,0.72295238,0.72295238,0.72295238,0.72295238,0.72295238,,,
01/01/1938,0.723445812,0.723445812,0.723445812,0.723445812,0.723445812,0.723445812,,,
02/01/1938,0.723426025,0.723426025,0.723426025,0.723426025,0.723426025,0.723426025,,,
03/01/1938,0.724764194,0.724764194,0.724764194,0.724764194,0.724764194,0.724764194,,,
04/01/1938,0.72706392,0.72706392,0.72706392,0.72706392,0.72706392,0.72706392,,,
05/01/1938,0.727582554,0.727582554,0.727582554,0.727582554,0.727582554,0.727582554,,,
06/01/1938,0.728756153,0.728756153,0.728756153,0.728756153,0.728756153,0.728756153,,,
07/01/1938,0.728462654,0.728462654,0.728462654,0.728462654,0.728462654,0.728462654,,,
08/01/1938,0.73077578,0.73077578,0.73077578,0.73077578,0.73077578,0.73077578,,,
09/01/1938,0.733614536,0.733614536,0.733614536,0.733614536,0.733614536,0.733614536,,,
10/01/1938,0.735380677,0.735380677,0.735380677,0.735380677,0.735380677,0.735380677,,,
11/01/1938,0.73707446,0.73707446,0.73707446,0.73707446,0.73707446,0.73707446,,,
12/01/1938,0.739290999,0.739290999,0.739290999,0.739290999,0.739290999,0.739290999,,,
01/01/1939,0.740302431,0.740302431,0.740302431,0.740302431,0.740302431,0.740302431,,,
02/01/1939,0.741945703,0.741945703,0.741945703,0.741945703,0.741945703,0.741945703,,,
03/01/1939,0.74438405,0.74438405,0.74438405,0.74438405,0.74438405,0.74438405,,,
04/01/1939,0.74592522,0.74592522,0.74592522,0.74592522,0.74592522,0.74592522,,,
05/01/1939,0.747699387,0.747699387,0.747699387,0.747699387,0.747699387,0.747699387,,,
06/01/1939,0.74905653,0.74905653,0.74905653,0.74905653,0.74905653,0.74905653,,,
07/01/1939,0.750828698,0.750828698,0.750828698,0.750828698,0.750828698,0.750828698,,,
08/01/1939,0.753955398,0.753955398,0.753955398,0.753955398,0.753955398,0.753955398,,,
09/01/1939,0.757890241,0.757890241,0.757890241,0.757890241,0.757890241,0.757890241,,,
10/01/1939,0.760036073,0.760036073,0.760036073,0.760036073,0.760036073,0.760036073,,,
11/01/1939,0.763328861,0.763328861,0.763328861,0.763328861,0.763328861,0.763328861,,,
12/01/1939,0.767418017,0.767418017,0.767418017,0.767418017,0.767418017,0.767418017,,,
01/01/1940,0.769324716,0.769324716,0.769324716,0.769324716,0.769324716,0.769324716,,,
02/01/1940,0.773666611,0.773666611,0.773666611,0.773666611,0.773666611,0.773666611,,,
03/01/1940,0.775471391,0.775471391,0.775471391,0.775471391,0.775471391,0.775471391,,,
04/01/1940,0.776802397,0.776802397,0.776802397,0.776802397,0.776802397,0.776802397,,,
05/01/1940,0.777990606,0.777990606,0.777990606,0.777990606,0.777990606,0.777990606,,,
06/01/1940,0.780046458,0.780046458,0.780046458,0.780046458,0.780046458,0.780046458,,,
07/01/1940,0.780039763,0.780039763,0.780039763,0.780039763,0.780039763,0.780039763,,,
08/01/1940,0.781909932,0.781909932,0.781909932,0.781909932,0.781909932,0.781909932,,,
09/01/1940,0.782170578,0.782170578,0.782170578,0.782170578,0.782170578,0.782170578,,,
10/01/1940,0.781917272,0.781917272,0.781917272,0.781917272,0.781917272,0.781917272,,,
11/01/1940,0.782479974,0.782479974,0.782479974,0.782479974,0.782479974,0.782479974,,,
12/01/1940,0.783558474,0.783558474,0.783558474,0.783558474,0.783558474,0.783558474,,,
01/01/1941,0.783794854,0.783794854,0.783794854,0.783794854,0.783794854,0.783794854,,,
02/01/1941,0.782351195,0.782351195,0.782351195,0.782351195,0.782351195,0.782351195,,,
03/01/1941,0.780763667,0.780763667,0.780763667,0.780763667,0.780763667,0.780763667,,,
04/01/1941,0.779367875,0.779367875,0.779367875,0.779367875,0.779367875,0.779367875,,,
05/01/1941,0.777906131,0.777906131,0.777906131,0.777906131,0.777906131,0.777906131,,,
06/01/1941,0.777142002,0.777142002,0.777142002,0.777142002,0.777142002,0.777142002,,,
07/01/1941,0.776297116,0.776297116,0.776297116,0.776297116,0.776297116,0.776297116,,,
08/01/1941,0.776437968,0.776437968,0.776437968,0.776437968,0.776437968,0.776437968,,,
09/01/1941,0.775856599,0.775856599,0.775856599,0.775856599,0.775856599,0.775856599,,,
10/01/1941,0.778828258,0.778828258,0.778828258,0.778828258,0.778828258,0.778828258,,,
11/01/1941,0.776680684,0.776680684,0.776680684,0.776680684,0.776680684,0.776680684,,,
12/01/1941,0.775713347,0.775713347,0.775713347,0.775713347,0.775713347,0.775713347,,,
01/01/1942,0.775693703,0.775693703,0.775693703,0.775693703,0.775693703,0.775693703,,,
02/01/1942,0.776544252,0.776544252,0.776544252,0.776544252,0.776544252,0.776544252,,,
03/01/1942,0.777788415,0.777788415,0.777788415,0.777788415,0.777788415,0.777788415,,,
04/01/1942,0.77929927,0.77929927,0.77929927,0.77929927,0.77929927,0.77929927,,,
05/01/1942,0.779707858,0.779707858,0.779707858,0.779707858,0.779707858,0.779707858,,,
06/01/1942,0.781180871,0.781180871,0.781180871,0.781180871,0.781180871,0.781180871,,,
07/01/1942,0.78276044,0.78276044,0.78276044,0.78276044,0.78276044,0.78276044,,,
08/01/1942,0.782558523,0.782558523,0.782558523,0.782558523,0.782558523,0.782558523,,,
09/01/1942,0.782416974,0.782416974,0.782416974,0.782416974,0.782416974,0.782416974,,,
10/01/1942,0.784896982,0.784896982,0.784896982,0.784896982,0.784896982,0.784896982,,,
11/01/1942,0.786110228,0.786110228,0.786110228,0.786110228,0.786110228,0.786110228,,,
12/01/1942,0.786803769,0.786803769,0.786803769,0.786803769,0.786803769,0.786803769,,,
01/01/1943,0.788199492,0.788199492,0.788199492,0.788199492,0.788199492,0.788199492,,,
02/01/1943,0.788875444,0.788875444,0.788875444,0.788875444,0.788875444,0.788875444,,,
03/01/1943,0.789547236,0.789547236,0.789547236,0.789547236,0.789547236,0.789547236,,,
04/01/1943,0.78984009,0.78984009,0.78984009,0.78984009,0.78984009,0.78984009,,,
05/01/1943,0.789434304,0.789434304,0.789434304,0.789434304,0.789434304,0.789434304,,,
06/01/1943,0.79020552,0.79020552,0.79020552,0.79020552,0.79020552,0.79020552,,,
07/01/1943,0.79128373,0.79128373,0.79128373,0.79128373,0.79128373,0.79128373,,,
08/01/1943,0.79287916,0.79287916,0.79287916,0.79287916,0.79287916,0.79287916,,,
09/01/1943,0.791805071,0.791805071,0.791805071,0.791805071,0.791805071,0.791805071,,,
10/01/1943,0.792180745,0.792180745,0.792180745,0.792180745,0.792180745,0.792180745,,,
11/01/1943,0.791698694,0.791698694,0.791698694,0.791698694,0.791698694,0.791698694,,,
12/01/1943,0.794465323,0.794465323,0.794465323,0.794465323,0.794465323,0.794465323,,,
01/01/1944,0.794498676,0.794498676,0.794498676,0.794498676,0.794498676,0.794498676,,,
02/01/1944,0.793931488,0.793931488,0.793931488,0.793931488,0.793931488,0.793931488,,,
03/01/1944,0.793445103,0.793445103,0.793445103,0.793445103,0.793445103,0.793445103,,,
04/01/1944,0.794074191,0.794074191,0.794074191,0.794074191,0.794074191,0.794074191,,,
05/01/1944,0.793998293,0.793998293,0.793998293,0.793998293,0.793998293,0.793998293,,,
06/01/1944,0.793597852,0.793597852,0.793597852,0.793597852,0.793597852,0.793597852,,,
07/01/1944,0.79324698,0.79324698,0.79324698,0.79324698,0.79324698,0.79324698,,,
08/01/1944,0.796105078,0.796105078,0.796105078,0.796105078,0.796105078,0.796105078,,,
09/01/1944,0.798420074,0.798420074,0.798420074,0.798420074,0.798420074,0.798420074,,,
10/01/1944,0.800927535,0.800927535,0.800927535,0.800927535,0.800927535,0.800927535,,,
11/01/1944,0.803032423,0.803032423,0.803032423,0.803032423,0.803032423,0.803032423,,,
12/01/1944,0.803535582,0.803535582,0.803535582,0.803535582,0.803535582,0.803535582,,,
01/01/1945,0.805151894,0.805151894,0.805151894,0.805151894,0.805151894,0.805151894,,,
02/01/1945,0.807212888,0.807212888,0.807212888,0.807212888,0.807212888,0.807212888,,,
03/01/1945,0.810348059,0.810348059,0.810348059,0.810348059,0.810348059,0.810348059,,,
04/01/1945,0.812405003,0.812405003,0.812405003,0.812405003,0.812405003,0.812405003,,,
05/01/1945,0.811582611,0.811582611,0.811582611,0.811582611,0.811582611,0.811582611,,,
06/01/1945,0.811094528,0.811094528,0.811094528,0.811094528,0.811094528,0.811094528,,,
07/01/1945,0.812637028,0.812637028,0.812637028,0.812637028,0.812637028,0.812637028,,,
08/01/1945,0.813793601,0.813793601,0.813793601,0.813793601,0.813793601,0.813793601,,,
09/01/1945,0.815553739,0.815553739,0.815553739,0.815553739,0.815553739,0.815553739,,,
10/01/1945,0.817329931,0.817329931,0.817329931,0.817329931,0.817329931,0.817329931,,,
11/01/1945,0.817550479,0.817550479,0.817550479,0.817550479,0.817550479,0.817550479,,,
12/01/1945,0.82049947,0.82049947,0.82049947,0.82049947,0.82049947,0.82049947,,,
01/01/1946,0.822762941,0.822762941,0.822762941,0.822762941,0.822762941,0.822762941,,,
02/01/1946,0.822858183,0.822858183,0.822858183,0.822858183,0.822858183,0.822858183,,,
03/01/1946,0.824722999,0.824722999,0.824722999,0.824722999,0.824722999,0.824722999,,,
04/01/1946,0.825865937,0.825865937,0.825865937,0.825865937,0.825865937,0.825865937,,,
05/01/1946,0.827239028,0.827239028,0.827239028,0.827239028,0.827239028,0.827239028,,,
06/01/1946,0.829870809,0.829870809,0.829870809,0.829870809,0.829870809,0.829870809,,,
07/01/1946,0.833639582,0.833639582,0.833639582,0.833639582,0.833639582,0.833639582,,,
08/01/1946,0.836228365,0.836228365,0.836228365,0.836228365,0.836228365,0.836228365,,,
09/01/1946,0.839045034,0.839045034,0.839045034,0.839045034,0.839045034,0.839045034,,,
10/01/1946,0.84199429,0.84199429,0.84199429,0.84199429,0.84199429,0.84199429,,,
11/01/1946,0.846757547,0.846757547,0.846757547,0.846757547,0.846757547,0.846757547,,,
12/01/1946,0.849940046,0.849940046,0.849940046,0.849940046,0.849940046,0.849940046,,,
01/01/1947,0.853005266,0.853005266,0.853005266,0.853005266,0.853005266,0.853005266,,,
02/01/1947,0.853717916,0.853717916,0.853717916,0.853717916,0.853717916,0.853717916,,,
03/01/1947,0.855927849,0.855927849,0.855927849,0.855927849,0.855927849,0.855927849,,,
04/01/1947,0.860524382,0.860524382,0.860524382,0.860524382,0.860524382,0.860524382,,,
05/01/1947,0.865273706,0.865273706,0.865273706,0.865273706,0.865273706,0.865273706,,,
06/01/1947,0.86934292,0.86934292,0.86934292,0.86934292,0.86934292,0.86934292,,,
07/01/1947,0.874373592,0.874373592,0.874373592,0.874373592,0.874373592,0.874373592,,,
08/01/1947,0.880197142,0.880197142,0.880197142,0.880197142,0.880197142,0.880197142,,,
09/01/1947,0.883603286,0.883603286,0.883603286,0.883603286,0.883603286,0.883603286,,,
10/01/1947,0.886909193,0.886909193,0.886909193,0.886909193,0.886909193,0.886909193,,,
11/01/1947,0.890884163,0.890884163,0.890884163,0.890884163,0.890884163,0.890884163,,,
12/01/1947,0.892577707,0.892577707,0.892577707,0.892577707,0.892577707,0.892577707,,,
01/01/1948,0.895146132,0.895146132,0.895146132,0.895146132,0.895146132,0.895146132,,,
02/01/1948,0.896255962,0.896255962,0.896255962,0.896255962,0.896255962,0.896255962,,,
03/01/1948,0.897884045,0.897884045,0.897884045,0.897884045,0.897884045,0.897884045,,,
04/01/1948,0.900863349,0.900863349,0.900863349,0.900863349,0.900863349,0.900863349,,,
05/01/1948,0.903301281,0.903301281,0.903301281,0.903301281,0.903301281,0.903301281,,,
06/01/1948,0.904898308,0.904898308,0.904898308,0.904898308,0.904898308,0.904898308,,,
07/01/1948,0.906354737,0.906354737,0.906354737,0.906354737,0.906354737,0.906354737,,,
08/01/1948,0.907253569,0.907253569,0.907253569,0.907253569,0.907253569,0.907253569,,,
09/01/1948,0.908465788,0.908465788,0.908465788,0.908465788,0.908465788,0.908465788,,,
10/01/1948,0.910356928,0.910356928,0.910356928,0.910356928,0.910356928,0.910356928,,,
11/01/1948,0.911666669,0.911666669,0.911666669,0.911666669,0.911666669,0.911666669,,,
12/01/1948,0.912325589,0.912325589,0.912325589,0.912325589,0.912325589,0.912325589,,,
01/01/1949,0.915037154,0.915037154,0.915037154,0.915037154,0.915037154,0.915037154,,,
02/01/1949,0.917641765,0.917641765,0.917641765,0.917641765,0.917641765,0.917641765,,,
03/01/1949,0.922760439,0.922760439,0.922760439,0.922760439,0.922760439,0.922760439,,,
04/01/1949,0.925595104,0.925595104,0.925595104,0.925595104,0.925595104,0.925595104,,,
05/01/1949,0.92643857,0.92643857,0.92643857,0.92643857,0.92643857,0.92643857,,,
06/01/1949,0.928165605,0.928165605,0.928165605,0.928165605,0.928165605,0.928165605,,,
07/01/1949,0.930589734,0.930589734,0.930589734,0.930589734,0.930589734,0.930589734,,,
08/01/1949,0.930102626,0.930102626,0.930102626,0.930102626,0.930102626,0.930102626,,,
09/01/1949,0.932797454,0.932797454,0.932797454,0.932797454,0.932797454,0.932797454,,,
10/01/1949,0.933638808,0.933638808,0.933638808,0.933638808,0.933638808,0.933638808,,,
11/01/1949,0.934464804,0.934464804,0.934464804,0.934464804,0.934464804,0.934464804,,,
12/01/1949,0.935546183,0.935546183,0.935546183,0.935546183,0.935546183,0.935546183,,,
01/01/1950,0.937076799,0.937076799,0.937076799,0.937076799,0.937076799,0.937076799,,,
02/01/1950,0.939121657,0.939121657,0.939121657,0.939121657,0.939121657,0.939121657,,,
03/01/1950,0.939548991,0.939548991,0.939548991,0.939548991,0.939548991,0.939548991,,,
04/01/1950,0.939690158,0.939690158,0.939690158,0.939690158,0.939690158,0.939690158,,,
05/01/1950,0.941003549,0.941003549,0.941003549,0.941003549,0.941003549,0.941003549,,,
06/01/1950,0.941448446,0.941448446,0.941448446,0.941448446,0.941448446,0.941448446,,,
07/01/1950,0.942922646,0.942922646,0.942922646,0.942922646,0.942922646,0.942922646,,,
08/01/1950,0.945622721,0.945622721,0.945622721,0.945622721,0.945622721,0.945622721,,,
09/01/1950,0.946645859,0.946645859,0.946645859,0.946645859,0.946645859,0.946645859,,,
10/01/1950,0.946458589,0.946458589,0.946458589,0.946458589,0.946458589,0.946458589,,,
11/01/1950,0.947051775,0.947051775,0.947051775,0.947051775,0.947051775,0.947051775,,,
12/01/1950,0.948573058,0.948573058,0.948573058,0.948573058,0.948573058,0.948573058,,,
01/01/1951,0.950876556,0.950876556,0.950876556,0.950876556,0.950876556,0.950876556,,,
02/01/1951,0.952214436,0.952214436,0.952214436,0.952214436,0.952214436,0.952214436,,,
03/01/1951,0.952400406,0.952400406,0.952400406,0.952400406,0.952400406,0.952400406,,,
04/01/1951,0.955303065,0.955303065,0.955303065,0.955303065,0.955303065,0.955303065,,,
05/01/1951,0.956895058,0.956895058,0.956895058,0.956895058,0.956895058,0.956895058,,,
06/01/1951,0.959859693,0.959859693,0.959859693,0.959859693,0.959859693,0.959859693,,,
07/01/1951,0.962519564,0.962519564,0.962519564,0.962519564,0.962519564,0.962519564,,,
08/01/1951,0.964787967,0.964787967,0.964787967,0.964787967,0.964787967,0.964787967,,,
09/01/1951,0.965407164,0.965407164,0.965407164,0.965407164,0.965407164,0.965407164,,,
10/01/1951,0.966068543,0.966068543,0.966068543,0.966068543,0.966068543,0.966068543,,,
11/01/1951,0.967545884,0.967545884,0.967545884,0.967545884,0.967545884,0.967545884,,,
12/01/1951,0.97094142,0.97094142,0.97094142,0.97094142,0.97094142,0.97094142,,,
01/01/1952,0.973511984,0.973511984,0.973511984,0.973511984,0.973511984,0.973511984,,,
02/01/1952,0.973345473,0.973345473,0.973345473,0.973345473,0.973345473,0.973345473,,,
03/01/1952,0.976848431,0.976848431,0.976848431,0.976848431,0.976848431,0.976848431,,,
04/01/1952,0.979339563,0.979339563,0.979339563,0.979339563,0.979339563,0.979339563,,,
05/01/1952,0.985368731,0.985368731,0.985368731,0.985368731,0.985368731,0.985368731,,,
06/01/1952,0.991031071,0.991031071,0.991031071,0.991031071,0.991031071,0.991031071,,,
07/01/1952,0.993843073,0.993843073,0.993843073,0.993843073,0.993843073,0.993843073,,,
08/01/1952,0.995808638,0.995808638,0.995808638,0.995808638,0.995808638,0.995808638,,,
09/01/1952,0.99801923,0.99801923,0.99801923,0.99801923,0.99801923,0.99801923,,,
10/01/1952,1.000712638,1.000712638,1.000712638,1.000712638,1.000712638,1.000712638,,,
11/01/1952,1.005571652,1.005571652,1.005571652,1.005571652,1.005571652,1.005571652,,,
12/01/1952,1.008490122,1.008490122,1.008490122,1.008490122,1.008490122,1.008490122,,,
01/01/1953,1.010609429,1.010609429,1.010609429,1.010609429,1.010609429,1.010609429,,,
02/01/1953,1.01285392,1.01285392,1.01285392,1.01285392,1.01285392,1.01285392,,,
03/01/1953,1.013636953,1.013636953,1.013636953,1.013636953,1.013636953,1.013636953,,,
04/01/1953,1.014554447,1.014554447,1.014554447,1.014554447,1.014554447,1.014554447,,,
05/01/1953,1.017494787,1.017494787,1.017494787,1.017494787,1.017494787,1.017494787,,,
06/01/1953,1.023526989,1.023526989,1.023526989,1.023526989,1.023526989,1.023526989,,,
07/01/1953,1.025112856,1.025112856,1.025112856,1.025112856,1.025112856,1.025112856,,,
08/01/1953,1.025736622,1.025736622,1.025736622,1.025736622,1.025736622,1.025736622,,,
09/01/1953,1.02813274,1.02813274,1.02813274,1.02813274,1.02813274,1.02813274,,,
10/01/1953,1.029271821,1.029271821,1.029271821,1.029271821,1.029271821,1.029271821,,,
11/01/1953,1.033049324,1.033049324,1.033049324,1.033049324,1.033049324,1.033049324,,,
12/01/1953,1.035028583,1.035028583,1.035028583,1.035028583,1.035028583,1.035028583,,,
01/01/1954,1.039724796,1.039724796,1.039724796,1.039724796,1.039724796,1.039724796,,,
02/01/1954,1.042365266,1.042365266,1.042365266,1.042365266,1.042365266,1.042365266,,,
03/01/1954,1.044050146,1.044050146,1.044050146,1.044050146,1.044050146,1.044050146,,,
04/01/1954,1.046315254,1.046315254,1.046315254,1.046315254,1.046315254,1.046315254,,,
05/01/1954,1.047330987,1.047330987,1.047330987,1.047330987,1.047330987,1.047330987,,,
06/01/1954,1.049753468,1.049753468,1.049753468,1.049753468,1.049753468,1.049753468,,,
07/01/1954,1.051259907,1.051259907,1.051259907,1.051259907,1.051259907,1.051259907,,,
08/01/1954,1.051704144,1.051704144,1.051704144,1.051704144,1.051704144,1.051704144,,,
09/01/1954,1.053507544,1.053507544,1.053507544,1.053507544,1.053507544,1.053507544,,,
10/01/1954,1.056344041,1.056344041,1.056344041,1.056344041,1.056344041,1.056344041,,,
11/01/1954,1.058773892,1.058773892,1.058773892,1.058773892,1.058773892,1.058773892,,,
12/01/1954,1.061631567,1.061631567,1.061631567,1.061631567,1.061631567,1.061631567,,,
01/01/1955,1.063822263,1.063822263,1.063822263,1.063822263,1.063822263,1.063822263,,,
02/01/1955,1.064875608,1.064875608,1.064875608,1.064875608,1.064875608,1.064875608,,,
03/01/1955,1.067800303,1.067800303,1.067800303,1.067800303,1.067800303,1.067800303,,,
04/01/1955,1.0692187,1.0692187,1.0692187,1.0692187,1.0692187,1.0692187,,,
05/01/1955,1.072828959,1.072828959,1.072828959,1.072828959,1.072828959,1.072828959,,,
06/01/1955,1.074846925,1.074846925,1.074846925,1.074846925,1.074846925,1.074846925,,,
07/01/1955,1.076755538,1.076755538,1.076755538,1.076755538,1.076755538,1.076755538,,,
08/01/1955,1.079179443,1.079179443,1.079179443,1.079179443,1.079179443,1.079179443,,,
09/01/1955,1.083849033,1.083849033,1.083849033,1.083849033,1.083849033,1.083849033,,,
10/01/1955,1.088981235,1.088981235,1.088981235,1.088981235,1.088981235,1.088981235,,,
11/01/1955,1.092524914,1.092524914,1.092524914,1.092524914,1.092524914,1.092524914,,,
12/01/1955,1.092735568,1.092735568,1.092735568,1.092735568,1.092735568,1.092735568,,,
01/01/1956,1.093929288,1.093929288,1.093929288,1.093929288,1.093929288,1.093929288,,,
02/01/1956,1.095890774,1.095890774,1.095890774,1.095890774,1.095890774,1.095890774,,,
03/01/1956,1.098353199,1.098353199,1.098353199,1.098353199,1.098353199,1.098353199,,,
04/01/1956,1.099493855,1.099493855,1.099493855,1.099493855,1.099493855,1.099493855,,,
05/01/1956,1.10059124,1.10059124,1.10059124,1.10059124,1.10059124,1.10059124,,,
06/01/1956,1.101509161,1.101509161,1.101509161,1.101509161,1.101509161,1.101509161,,,
07/01/1956,1.101942513,1.101942513,1.101942513,1.101942513,1.101942513,1.101942513,,,
08/01/1956,1.102386754,1.102386754,1.102386754,1.102386754,1.102386754,1.102386754,,,
09/01/1956,1.104618242,1.104618242,1.104618242,1.104618242,1.104618242,1.104618242,,,
10/01/1956,1.104341826,1.104341826,1.104341826,1.104341826,1.104341826,1.104341826,,,
11/01/1956,1.104984332,1.104984332,1.104984332,1.104984332,1.104984332,1.104984332,,,
12/01/1956,1.107625362,1.107625362,1.107625362,1.107625362,1.107625362,1.107625362,,,
01/01/1957,1.109382696,1.109382696,1.109382696,1.109382696,1.109382696,1.109382696,,,
02/01/1957,1.11121221,1.11121221,1.11121221,1.11121221,1.11121221,1.11121221,,,
03/01/1957,1.113160844,1.113160844,1.113160844,1.113160844,1.113160844,1.113160844,,,
04/01/1957,1.115503485,1.115503485,1.115503485,1.115503485,1.115503485,1.115503485,,,
05/01/1957,1.116531366,1.116531366,1.116531366,1.116531366,1.116531366,1.116531366,,,
06/01/1957,1.117120921,1.117120921,1.117120921,1.117120921,1.117120921,1.117120921,,,
07/01/1957,1.118077336,1.118077336,1.118077336,1.118077336,1.118077336,1.118077336,,,
08/01/1957,1.119337838,1.119337838,1.119337838,1.119337838,1.119337838,1.119337838,,,
09/01/1957,1.119901377,1.119901377,1.119901377,1.119901377,1.119901377,1.119901377,,,
10/01/1957,1.121584209,1.121584209,1.121584209,1.121584209,1.121584209,1.121584209,,,
11/01/1957,1.121990212,1.121990212,1.121990212,1.121990212,1.121990212,1.121990212,,,
12/01/1957,1.123026585,1.123026585,1.123026585,1.123026585,1.123026585,1.123026585,,,
01/01/1958,1.122894479,1.122894479,1.122894479,1.122894479,1.122894479,1.122894479,,,
02/01/1958,1.123465063,1.123465063,1.123465063,1.123465063,1.123465063,1.123465063,,,
03/01/1958,1.125156069,1.125156069,1.125156069,1.125156069,1.125156069,1.125156069,,,
04/01/1958,1.125756628,1.125756628,1.125756628,1.125756628,1.125756628,1.125756628,,,
05/01/1958,1.126476977,1.126476977,1.126476977,1.126476977,1.126476977,1.126476977,,,
06/01/1958,1.12488711,1.12488711,1.12488711,1.12488711,1.12488711,1.12488711,,,
07/01/1958,1.124089681,1.124089681,1.124089681,1.124089681,1.124089681,1.124089681,,,
08/01/1958,1.1242171,1.1242171,1.1242171,1.1242171,1.1242171,1.1242171,,,
09/01/1958,1.125095611,1.125095611,1.125095611,1.125095611,1.125095611,1.125095611,,,
10/01/1958,1.124656036,1.124656036,1.124656036,1.124656036,1.124656036,1.124656036,,,
11/01/1958,1.124911286,1.124911286,1.124911286,1.124911286,1.124911286,1.124911286,,,
12/01/1958,1.124678121,1.124678121,1.124678121,1.124678121,1.124678121,1.124678121,,,
01/01/1959,1.124434528,1.124434528,1.124434528,1.124434528,1.124434528,1.124434528,,,
02/01/1959,1.124378649,1.124378649,1.124378649,1.124378649,1.124378649,1.124378649,,,
03/01/1959,1.125504374,1.125504374,1.125504374,1.125504374,1.125504374,1.125504374,,,
04/01/1959,1.125346043,1.125346043,1.125346043,1.125346043,1.125346043,1.125346043,,,
05/01/1959,1.126691145,1.126691145,1.126691145,1.126691145,1.126691145,1.126691145,,,
06/01/1959,1.126586438,1.126586438,1.126586438,1.126586438,1.126586438,1.126586438,,,
07/01/1959,1.125814731,1.125814731,1.125814731,1.125814731,1.125814731,1.125814731,,,
08/01/1959,1.126683428,1.126683428,1.126683428,1.126683428,1.126683428,1.126683428,,,
09/01/1959,1.127173411,1.127173411,1.127173411,1.127173411,1.127173411,1.127173411,,,
10/01/1959,1.128352136,1.128352136,1.128352136,1.128352136,1.128352136,1.128352136,,,
11/01/1959,1.12869371,1.12869371,1.12869371,1.12869371,1.12869371,1.12869371,,,
12/01/1959,1.127346284,1.127346284,1.127346284,1.127346284,1.127346284,1.127346284,,,
01/01/1960,1.128120089,1.128120089,1.128120089,1.128120089,1.128120089,1.128120089,,,
02/01/1960,1.129264128,1.129264128,1.129264128,1.129264128,1.129264128,1.129264128,,,
03/01/1960,1.130445774,1.130445774,1.130445774,1.130445774,1.130445774,1.130445774,,,
04/01/1960,1.132691804,1.132691804,1.132691804,1.132691804,1.132691804,1.132691804,,,
05/01/1960,1.13397511,1.13397511,1.13397511,1.13397511,1.13397511,1.13397511,,,
06/01/1960,1.13459027,1.13459027,1.13459027,1.13459027,1.13459027,1.13459027,,,
07/01/1960,1.135577739,1.135577739,1.135577739,1.135577739,1.135577739,1.135577739,,,
08/01/1960,1.137265426,1.137265426,1.137265426,1.137265426,1.137265426,1.137265426,,,
09/01/1960,1.138007116,1.138007116,1.138007116,1.138007116,1.138007116,1.138007116,,,
10/01/1960,1.139543279,1.139543279,1.139543279,1.139543279,1.139543279,1.139543279,,,
11/01/1960,1.139589211,1.139589211,1.139589211,1.139589211,1.139589211,1.139589211,,,
12/01/1960,1.13876548,1.13876548,1.13876548,1.13876548,1.13876548,1.13876548,,,
01/01/1961,1.139809527,1.139809527,1.139809527,1.139809527,1.139809527,1.139809527,,,
02/01/1961,1.14148689,1.14148689,1.14148689,1.14148689,1.14148689,1.14148689,,,
03/01/1961,1.142667389,1.142667389,1.142667389,1.142667389,1.142667389,1.142667389,,,
04/01/1961,1.143216089,1.143216089,1.143216089,1.143216089,1.143216089,1.143216089,,,
05/01/1961,1.143176569,1.143176569,1.143176569,1.143176569,1.143176569,1.143176569,,,
06/01/1961,1.147435766,1.147435766,1.147435766,1.147435766,1.147435766,1.147435766,,,
07/01/1961,1.149352733,1.149352733,1.149352733,1.149352733,1.149352733,1.149352733,,,
08/01/1961,1.151034922,1.151034922,1.151034922,1.151034922,1.151034922,1.151034922,,,
09/01/1961,1.155735525,1.155735525,1.155735525,1.155735525,1.155735525,1.155735525,,,
10/01/1961,1.15772659,1.15772659,1.15772659,1.15772659,1.15772659,1.15772659,,,
11/01/1961,1.159593624,1.159593624,1.159593624,1.159593624,1.159593624,1.159593624,,,
12/01/1961,1.160898521,1.160898521,1.160898521,1.160898521,1.160898521,1.160898521,,,
01/01/1962,1.162234403,1.162234403,1.162234403,1.162234403,1.162234403,1.162234403,,,
02/01/1962,1.164510627,1.164510627,1.164510627,1.164510627,1.164510627,1.164510627,,,
03/01/1962,1.169241814,1.169241814,1.169241814,1.169241814,1.169241814,1.169241814,,,
04/01/1962,1.173230954,1.173230954,1.173230954,1.173230954,1.173230954,1.173230954,,,
05/01/1962,1.178576923,1.178576923,1.178576923,1.178576923,1.178576923,1.178576923,,,
06/01/1962,1.182103462,1.182103462,1.182103462,1.182103462,1.182103462,1.182103462,,,
07/01/1962,1.185914973,1.185914973,1.185914973,1.185914973,1.185914973,1.185914973,,,
08/01/1962,1.187724896,1.187724896,1.187724896,1.187724896,1.187724896,1.187724896,,,
09/01/1962,1.189785953,1.189785953,1.189785953,1.189785953,1.189785953,1.189785953,,,
10/01/1962,1.191290364,1.191290364,1.191290364,1.191290364,1.191290364,1.191290364,,,
11/01/1962,1.193245583,1.193245583,1.193245583,1.193245583,1.193245583,1.193245583,,,
12/01/1962,1.196093472,1.196093472,1.196093472,1.196093472,1.196093472,1.196093472,,,
01/01/1963,1.20086053,1.20086053,1.20086053,1.20086053,1.20086053,1.20086053,,,
02/01/1963,1.203064593,1.203064593,1.203064593,1.203064593,1.203064593,1.203064593,,,
03/01/1963,1.205271099,1.205271099,1.205271099,1.205271099,1.205271099,1.205271099,,,
04/01/1963,1.209821493,1.209821493,1.209821493,1.209821493,1.209821493,1.209821493,,,
05/01/1963,1.214239295,1.214239295,1.214239295,1.214239295,1.214239295,1.214239295,,,
06/01/1963,1.216643749,1.216643749,1.216643749,1.216643749,1.216643749,1.216643749,,,
07/01/1963,1.218303553,1.218303553,1.218303553,1.218303553,1.218303553,1.218303553,,,
08/01/1963,1.218333202,1.218333202,1.218333202,1.218333202,1.218333202,1.218333202,,,
09/01/1963,1.219479935,1.219479935,1.219479935,1.219479935,1.219479935,1.219479935,,,
10/01/1963,1.220786433,1.220786433,1.220786433,1.220786433,1.220786433,1.220786433,,,
11/01/1963,1.222319873,1.222319873,1.222319873,1.222319873,1.222319873,1.222319873,,,
12/01/1963,1.223827724,1.223827724,1.223827724,1.223827724,1.223827724,1.223827724,,,
01/01/1964,1.225029837,1.225029837,1.225029837,1.225029837,1.225029837,1.225029837,,,
02/01/1964,1.225415773,1.225415773,1.225415773,1.225415773,1.225415773,1.225415773,,,
03/01/1964,1.22667969,1.22667969,1.22667969,1.22667969,1.22667969,1.22667969,,,
04/01/1964,1.227933015,1.227933015,1.227933015,1.227933015,1.227933015,1.227933015,,,
05/01/1964,1.230242132,1.230242132,1.230242132,1.230242132,1.230242132,1.230242132,,,
06/01/1964,1.2339675,1.2339675,1.2339675,1.2339675,1.2339675,1.2339675,,,
07/01/1964,1.236182616,1.236182616,1.236182616,1.236182616,1.236182616,1.236182616,,,
08/01/1964,1.239806507,1.239806507,1.239806507,1.239806507,1.239806507,1.239806507,,,
09/01/1964,1.241165069,1.241165069,1.241165069,1.241165069,1.241165069,1.241165069,,,
10/01/1964,1.243208618,1.243208618,1.243208618,1.243208618,1.243208618,1.243208618,,,
11/01/1964,1.244884732,1.244884732,1.244884732,1.244884732,1.244884732,1.244884732,,,
12/01/1964,1.248386975,1.248386975,1.248386975,1.248386975,1.248386975,1.248386975,,,
01/01/1965,1.251136131,1.251136131,1.251136131,1.251136131,1.251136131,1.251136131,,,
02/01/1965,1.255793413,1.255793413,1.255793413,1.255793413,1.255793413,1.255793413,,,
03/01/1965,1.258148072,1.258148072,1.258148072,1.258148072,1.258148072,1.258148072,,,
04/01/1965,1.261179316,1.261179316,1.261179316,1.261179316,1.261179316,1.261179316,,,
05/01/1965,1.263844316,1.263844316,1.263844316,1.263844316,1.263844316,1.263844316,,,
06/01/1965,1.26643908,1.26643908,1.26643908,1.26643908,1.26643908,1.26643908,,,
07/01/1965,1.267715594,1.267715594,1.267715594,1.267715594,1.267715594,1.267715594,,,
08/01/1965,1.270251003,1.270251003,1.270251003,1.270251003,1.270251003,1.270251003,,,
09/01/1965,1.273516237,1.273516237,1.273516237,1.273516237,1.273516237,1.273516237,,,
10/01/1965,1.276013484,1.276013484,1.276013484,1.276013484,1.276013484,1.276013484,,,
11/01/1965,1.276499048,1.276499048,1.276499048,1.276499048,1.276499048,1.276499048,,,
12/01/1965,1.277383743,1.277383743,1.277383743,1.277383743,1.277383743,1.277383743,,,
01/01/1966,1.277579008,1.277579008,1.277579008,1.277579008,1.277579008,1.277579008,,,
02/01/1966,1.278233202,1.278233202,1.278233202,1.278233202,1.278233202,1.278233202,,,
03/01/1966,1.279750745,1.279750745,1.279750745,1.279750745,1.279750745,1.279750745,,,
04/01/1966,1.281622211,1.281622211,1.281622211,1.281622211,1.281622211,1.281622211,,,
05/01/1966,1.283724786,1.283724786,1.283724786,1.283724786,1.283724786,1.283724786,,,
06/01/1966,1.285491509,1.285491509,1.285491509,1.285491509,1.285491509,1.285491509,,,
07/01/1966,1.28864792,1.28864792,1.28864792,1.28864792,1.28864792,1.28864792,,,
08/01/1966,1.289717308,1.289717308,1.289717308,1.289717308,1.289717308,1.289717308,,,
09/01/1966,1.290708881,1.290708881,1.290708881,1.290708881,1.290708881,1.290708881,,,
10/01/1966,1.29124966,1.29124966,1.29124966,1.29124966,1.29124966,1.29124966,,,
11/01/1966,1.293120165,1.293120165,1.293120165,1.293120165,1.293120165,1.293120165,,,
12/01/1966,1.294990961,1.294990961,1.294990961,1.294990961,1.294990961,1.294990961,,,
01/01/1967,1.29655181,1.29655181,1.29655181,1.29655181,1.29655181,1.29655181,,,
02/01/1967,1.297781247,1.297781247,1.297781247,1.297781247,1.297781247,1.297781247,,,
03/01/1967,1.299139981,1.299139981,1.299139981,1.299139981,1.299139981,1.299139981,,,
04/01/1967,1.300491812,1.300491812,1.300491812,1.300491812,1.300491812,1.300491812,,,
05/01/1967,1.303376187,1.303376187,1.303376187,1.303376187,1.303376187,1.303376187,,,
06/01/1967,1.30364365,1.30364365,1.30364365,1.30364365,1.30364365,1.30364365,,,
07/01/1967,1.305112458,1.305112458,1.305112458,1.305112458,1.305112458,1.305112458,,,
08/01/1967,1.304712592,1.304712592,1.304712592,1.304712592,1.304712592,1.304712592,,,
09/01/1967,1.305807056,1.305807056,1.305807056,1.305807056,1.305807056,1.305807056,,,
10/01/1967,1.306089072,1.306089072,1.306089072,1.306089072,1.306089072,1.306089072,,,
11/01/1967,1.305691184,1.305691184,1.305691184,1.305691184,1.305691184,1.305691184,,,
12/01/1967,1.307192013,1.307192013,1.307192013,1.307192013,1.307192013,1.307192013,,,
01/01/1968,1.309745164,1.309745164,1.309745164,1.309745164,1.309745164,1.309745164,,,
02/01/1968,1.31129069,1.31129069,1.31129069,1.31129069,1.31129069,1.31129069,,,
03/01/1968,1.312459095,1.312459095,1.312459095,1.312459095,1.312459095,1.312459095,,,
04/01/1968,1.313457078,1.313457078,1.313457078,1.313457078,1.313457078,1.313457078,,,
05/01/1968,1.313632541,1.313632541,1.313632541,1.313632541,1.313632541,1.313632541,,,
06/01/1968,1.314772105,1.314772105,1.314772105,1.314772105,1.314772105,1.314772105,,,
07/01/1968,1.316807245,1.316807245,1.316807245,1.316807245,1.316807245,1.316807245,,,
08/01/1968,1.316086672,1.316086672,1.316086672,1.316086672,1.316086672,1.316086672,,,
09/01/1968,1.316868892,1.316868892,1.316868892,1.316868892,1.316868892,1.316868892,,,
10/01/1968,1.318240905,1.318240905,1.318240905,1.318240905,1.318240905,1.318240905,,,
11/01/1968,1.318948626,1.318948626,1.318948626,1.318948626,1.318948626,1.318948626,,,
12/01/1968,1.319372135,1.319372135,1.319372135,1.319372135,1.319372135,1.319372135,,,
01/01/1969,1.318661683,1.318661683,1.318661683,1.318661683,1.318661683,1.318661683,,,
02/01/1969,1.317972747,1.317972747,1.317972747,1.317972747,1.317972747,1.317972747,,,
03/01/1969,1.318101607,1.318101607,1.318101607,1.318101607,1.318101607,1.318101607,,,
04/01/1969,1.317363807,1.317363807,1.317363807,1.317363807,1.317363807,1.317363807,,,
05/01/1969,1.317103741,1.317103741,1.317103741,1.317103741,1.317103741,1.317103741,,,
06/01/1969,1.317633,1.317633,1.317633,1.317633,1.317633,1.317633,,,
07/01/1969,1.317273363,1.317273363,1.317273363,1.317273363,1.317273363,1.317273363,,,
08/01/1969,1.31731027,1.31731027,1.31731027,1.31731027,1.31731027,1.31731027,,,
09/01/1969,1.31710166,1.31710166,1.31710166,1.31710166,1.31710166,1.31710166,,,
10/01/1969,1.317515943,1.317515943,1.317515943,1.317515943,1.317515943,1.317515943,,,
11/01/1969,1.31755291,1.31755291,1.31755291,1.31755291,1.31755291,1.31755291,,,
12/01/1969,1.314877493,1.314877493,1.314877493,1.314877493,1.314877493,1.314877493,,,
01/01/1970,1.313025822,1.313025822,1.313025822,1.313025822,1.313025822,1.313025822,,,
02/01/1970,1.310098912,1.310098912,1.310098912,1.310098912,1.310098912,1.310098912,,,
03/01/1970,1.308453519,1.308453519,1.308453519,1.308453519,1.308453519,1.308453519,,,
04/01/1970,1.306818299,1.306818299,1.306818299,1.306818299,1.306818299,1.306818299,,,
05/01/1970,1.306480779,1.306480779,1.306480779,1.306480779,1.306480779,1.306480779,,,
06/01/1970,1.306210707,1.306210707,1.306210707,1.306210707,1.306210707,1.306210707,,,
07/01/1970,1.306491398,1.306491398,1.306491398,1.306491398,1.306491398,1.306491398,,,
08/01/1970,1.309119878,1.309119878,1.309119878,1.309119878,1.309119878,1.309119878,,,
09/01/1970,1.310027552,1.310027552,1.310027552,1.310027552,1.310027552,1.310027552,,,
10/01/1970,1.311045359,1.311045359,1.311045359,1.311045359,1.311045359,1.311045359,,,
11/01/1970,1.310865795,1.310865795,1.310865795,1.310865795,1.310865795,1.310865795,,,
12/01/1970,1.311266382,1.311266382,1.311266382,1.311266382,1.311266382,1.311266382,,,
01/01/1971,1.312458701,1.312458701,1.312458701,1.312458701,1.312458701,1.312458701,,,
02/01/1971,1.312445416,1.312445416,1.312445416,1.312445416,1.312445416,1.312445416,,,
03/01/1971,1.31304947,1.31304947,1.31304947,1.31304947,1.31304947,1.31304947,,,
04/01/1971,1.313131461,1.313131461,1.313131461,1.313131461,1.313131461,1.313131461,,,
05/01/1971,1.312645319,1.312645319,1.312645319,1.312645319,1.312645319,1.312645319,,,
06/01/1971,1.313129818,1.313129818,1.313129818,1.313129818,1.313129818,1.313129818,,,
07/01/1971,1.313488444,1.313488444,1.313488444,1.313488444,1.313488444,1.313488444,,,
08/01/1971,1.313803416,1.313803416,1.313803416,1.313803416,1.313803416,1.313803416,,,
09/01/1971,1.315051704,1.315051704,1.315051704,1.315051704,1.315051704,1.315051704,,,
10/01/1971,1.315209821,1.315209821,1.315209821,1.315209821,1.315209821,1.315209821,,,
11/01/1971,1.31693791,1.31693791,1.31693791,1.31693791,1.31693791,1.31693791,,,
12/01/1971,1.317429183,1.317429183,1.317429183,1.317429183,1.317429183,1.317429183,,,
01/01/1972,1.318017608,1.318017608,1.318017608,1.318017608,1.318017608,1.318017608,,,
02/01/1972,1.320254211,1.320254211,1.320254211,1.320254211,1.320254211,1.320254211,,,
03/01/1972,1.321521756,1.321521756,1.321521756,1.321521756,1.321521756,1.321521756,,,
04/01/1972,1.321871643,1.321871643,1.321871643,1.321871643,1.321871643,1.321871643,,,
05/01/1972,1.320811766,1.320811766,1.320811766,1.320811766,1.320811766,1.320811766,,,
06/01/1972,1.32016008,1.32016008,1.32016008,1.32016008,1.32016008,1.32016008,,,
07/01/1972,1.319906161,1.319906161,1.319906161,1.319906161,1.319906161,1.319906161,,,
08/01/1972,1.319508885,1.319508885,1.319508885,1.319508885,1.319508885,1.319508885,,,
09/01/1972,1.318537666,1.318537666,1.318537666,1.318537666,1.318537666,1.318537666,,,
10/01/1972,1.317478223,1.317478223,1.317478223,1.317478223,1.317478223,1.317478223,,,
11/01/1972,1.316602022,1.316602022,1.316602022,1.316602022,1.316602022,1.316602022,,,
12/01/1972,1.315904613,1.315904613,1.315904613,1.315904613,1.315904613,1.315904613,,,
01/01/1973,1.314134861,1.314134861,1.314134861,1.314134861,1.314134861,1.314134861,,,
02/01/1973,1.314631832,1.314631832,1.314631832,1.314631832,1.314631832,1.314631832,,,
03/01/1973,1.314252934,1.314252934,1.314252934,1.314252934,1.314252934,1.314252934,,,
04/01/1973,1.314352332,1.314352332,1.314352332,1.314352332,1.314352332,1.314352332,,,
05/01/1973,1.314421433,1.314421433,1.314421433,1.314421433,1.314421433,1.314421433,,,
06/01/1973,1.315238434,1.315238434,1.315238434,1.315238434,1.315238434,1.315238434,,,
07/01/1973,1.314534001,1.314534001,1.314534001,1.314534001,1.314534001,1.314534001,,,
08/01/1973,1.315273192,1.315273192,1.315273192,1.315273192,1.315273192,1.315273192,,,
09/01/1973,1.315522747,1.315522747,1.315522747,1.315522747,1.315522747,1.315522747,,,
10/01/1973,1.315852656,1.315852656,1.315852656,1.315852656,1.315852656,1.315852656,,,
11/01/1973,1.316409919,1.316409919,1.316409919,1.316409919,1.316409919,1.316409919,,,
12/01/1973,1.3170114,1.3170114,1.3170114,1.3170114,1.3170114,1.3170114,,,
01/01/1974,1.31671333,1.31671333,1.31671333,1.31671333,1.31671333,1.31671333,,,
02/01/1974,1.316949277,1.316949277,1.316949277,1.316949277,1.316949277,1.316949277,,,
03/01/1974,1.317914931,1.317914931,1.317914931,1.317914931,1.317914931,1.317914931,,,
04/01/1974,1.31844112,1.31844112,1.31844112,1.31844112,1.31844112,1.31844112,,,
05/01/1974,1.317481295,1.317481295,1.317481295,1.317481295,1.317481295,1.317481295,,,
06/01/1974,1.316973326,1.316973326,1.316973326,1.316973326,1.316973326,1.316973326,,,
07/01/1974,1.316014527,1.316014527,1.316014527,1.316014527,1.316014527,1.316014527,,,
08/01/1974,1.315566549,1.315566549,1.315566549,1.315566549,1.315566549,1.315566549,,,
09/01/1974,1.313787432,1.313787432,1.313787432,1.313787432,1.313787432,1.313787432,,,
10/01/1974,1.311622988,1.311622988,1.311622988,1.311622988,1.311622988,1.311622988,,,
11/01/1974,1.310638285,1.310638285,1.310638285,1.310638285,1.310638285,1.310638285,,,
12/01/1974,1.311223607,1.311223607,1.311223607,1.311223607,1.311223607,1.311223607,,,
01/01/1975,1.313851253,1.313851253,1.313851253,1.313851253,1.313851253,1.313851253,,,
02/01/1975,1.314674189,1.314674189,1.314674189,1.314674189,1.314674189,1.314674189,,,
03/01/1975,1.316079417,1.316079417,1.316079417,1.316079417,1.316079417,1.316079417,,,
04/01/1975,1.31694919,1.31694919,1.31694919,1.31694919,1.31694919,1.31694919,,,
05/01/1975,1.317682547,1.317682547,1.317682547,1.317682547,1.317682547,1.317682547,,,
06/01/1975,1.317234511,1.317234511,1.317234511,1.317234511,1.317234511,1.317234511,,,
07/01/1975,1.316038444,1.316038444,1.316038444,1.316038444,1.316038444,1.316038444,,,
08/01/1975,1.316301329,1.316301329,1.316301329,1.316301329,1.316301329,1.316301329,,,
09/01/1975,1.316753182,1.316753182,1.316753182,1.316753182,1.316753182,1.316753182,,,
10/01/1975,1.316891576,1.316891576,1.316891576,1.316891576,1.316891576,1.316891576,,,
11/01/1975,1.316811498,1.316811498,1.316811498,1.316811498,1.316811498,1.316811498,,,
12/01/1975,1.317641981,1.317641981,1.317641981,1.317641981,1.317641981,1.317641981,,,
01/01/1976,1.318235357,1.318235357,1.318235357,1.318235357,1.318235357,1.318235357,,,
02/01/1976,1.318469848,1.318469848,1.318469848,1.318469848,1.318469848,1.318469848,,,
03/01/1976,1.318420401,1.318420401,1.318420401,1.318420401,1.318420401,1.318420401,,,
04/01/1976,1.318404515,1.318404515,1.318404515,1.318404515,1.318404515,1.318404515,,,
05/01/1976,1.318040085,1.318040085,1.318040085,1.318040085,1.318040085,1.318040085,,,
06/01/1976,1.317519706,1.317519706,1.317519706,1.317519706,1.317519706,1.317519706,,,
07/01/1976,1.318269385,1.318269385,1.318269385,1.318269385,1.318269385,1.318269385,,,
08/01/1976,1.317996388,1.317996388,1.317996388,1.317996388,1.317996388,1.317996388,,,
09/01/1976,1.318042221,1.318042221,1.318042221,1.318042221,1.318042221,1.318042221,,,
10/01/1976,1.318458862,1.318458862,1.318458862,1.318458862,1.318458862,1.318458862,,,
11/01/1976,1.318529084,1.318529084,1.318529084,1.318529084,1.318529084,1.318529084,,,
12/01/1976,1.320433247,1.320433247,1.320433247,1.320433247,1.320433247,1.320433247,,,
01/01/1977,1.321825326,1.321825326,1.321825326,1.321825326,1.321825326,1.321825326,,,
02/01/1977,1.322560934,1.322560934,1.322560934,1.322560934,1.322560934,1.322560934,,,
03/01/1977,1.32323665,1.32323665,1.32323665,1.32323665,1.32323665,1.32323665,,,
04/01/1977,1.323572689,1.323572689,1.323572689,1.323572689,1.323572689,1.323572689,,,
05/01/1977,1.32466676,1.32466676,1.32466676,1.32466676,1.32466676,1.32466676,,,
06/01/1977,1.326064658,1.326064658,1.326064658,1.326064658,1.326064658,1.326064658,,,
07/01/1977,1.326320028,1.326320028,1.326320028,1.326320028,1.326320028,1.326320028,,,
08/01/1977,1.32724081,1.32724081,1.32724081,1.32724081,1.32724081,1.32724081,,,
09/01/1977,1.329019606,1.329019606,1.329019606,1.329019606,1.329019606,1.329019606,,,
10/01/1977,1.331133081,1.331133081,1.331133081,1.331133081,1.331133081,1.331133081,,,
11/01/1977,1.331849057,1.331849057,1.331849057,1.331849057,1.331849057,1.331849057,,,
12/01/1977,1.332480422,1.332480422,1.332480422,1.332480422,1.332480422,1.332480422,,,
01/01/1978,1.331340739,1.331340739,1.331340739,1.331340739,1.331340739,1.331340739,,,
02/01/1978,1.330469586,1.330469586,1.330469586,1.330469586,1.330469586,1.330469586,,,
03/01/1978,1.329059521,1.329059521,1.329059521,1.329059521,1.329059521,1.329059521,,,
04/01/1978,1.32835682,1.32835682,1.32835682,1.32835682,1.32835682,1.32835682,,,
05/01/1978,1.327784792,1.327784792,1.327784792,1.327784792,1.327784792,1.327784792,,,
06/01/1978,1.327573234,1.327573234,1.327573234,1.327573234,1.327573234,1.327573234,,,
07/01/1978,1.327511204,1.327511204,1.327511204,1.327511204,1.327511204,1.327511204,,,
08/01/1978,1.327825234,1.327825234,1.327825234,1.327825234,1.327825234,1.327825234,,,
09/01/1978,1.327626282,1.327626282,1.327626282,1.327626282,1.327626282,1.327626282,,,
10/01/1978,1.327607875,1.327607875,1.327607875,1.327607875,1.327607875,1.327607875,,,
11/01/1978,1.328792014,1.328792014,1.328792014,1.328792014,1.328792014,1.328792014,,,
12/01/1978,1.328385672,1.328385672,1.328385672,1.328385672,1.328385672,1.328385672,,,
01/01/1979,1.327464702,1.327464702,1.327464702,1.327464702,1.327464702,1.327464702,,,
02/01/1979,1.325413943,1.325413943,1.325413943,1.325413943,1.325413943,1.325413943,,,
03/01/1979,1.323864992,1.323864992,1.323864992,1.323864992,1.323864992,1.323864992,,,
04/01/1979,1.323776371,1.323776371,1.323776371,1.323776371,1.323776371,1.323776371,,,
05/01/1979,1.322284238,1.322284238,1.322284238,1.322284238,1.322284238,1.322284238,,,
06/01/1979,1.322425149,1.322425149,1.322425149,1.322425149,1.322425149,1.322425149,,,
07/01/1979,1.321111267,1.321111267,1.321111267,1.321111267,1.321111267,1.321111267,,,
08/01/1979,1.320513932,1.320513932,1.320513932,1.320513932,1.320513932,1.320513932,,,
09/01/1979,1.318712104,1.318712104,1.318712104,1.318712104,1.318712104,1.318712104,,,
10/01/1979,1.318217399,1.318217399,1.318217399,1.318217399,1.318217399,1.318217399,,,
11/01/1979,1.318759313,1.318759313,1.318759313,1.318759313,1.318759313,1.318759313,,,
12/01/1979,1.318676526,1.318676526,1.318676526,1.318676526,1.318676526,1.318676526,,,
01/01/1980,1.318642988,1.318642988,1.318642988,1.318642988,1.318642988,1.318642988,,,
02/01/1980,1.317369736,1.317369736,1.317369736,1.317369736,1.317369736,1.317369736,,,
03/01/1980,1.315515508,1.315515508,1.315515508,1.315515508,1.315515508,1.315515508,,,
04/01/1980,1.315885839,1.315885839,1.315885839,1.315885839,1.315885839,1.315885839,,,
05/01/1980,1.31636879,1.31636879,1.31636879,1.31636879,1.31636879,1.31636879,,,
06/01/1980,1.316839897,1.316839897,1.316839897,1.316839897,1.316839897,1.316839897,,,
07/01/1980,1.318095007,1.318095007,1.318095007,1.318095007,1.318095007,1.318095007,,,
08/01/1980,1.320085842,1.320085842,1.320085842,1.320085842,1.320085842,1.320085842,,,
09/01/1980,1.322202747,1.322202747,1.322202747,1.322202747,1.322202747,1.322202747,,,
10/01/1980,1.323751899,1.323751899,1.323751899,1.323751899,1.323751899,1.323751899,,,
11/01/1980,1.32589932,1.32589932,1.32589932,1.32589932,1.32589932,1.32589932,,,
12/01/1980,1.326045886,1.326045886,1.326045886,1.326045886,1.326045886,1.326045886,,,
01/01/1981,1.324626784,1.324626784,1.324626784,1.324626784,1.324626784,1.324626784,,,
02/01/1981,1.323500113,1.323500113,1.323500113,1.323500113,1.323500113,1.323500113,,,
03/01/1981,1.322683715,1.322683715,1.322683715,1.322683715,1.322683715,1.322683715,,,
04/01/1981,1.323630375,1.323630375,1.323630375,1.323630375,1.323630375,1.323630375,,,
05/01/1981,1.324387417,1.324387417,1.324387417,1.324387417,1.324387417,1.324387417,,,
06/01/1981,1.324553686,1.324553686,1.324553686,1.324553686,1.324553686,1.324553686,,,
07/01/1981,1.325070405,1.325070405,1.325070405,1.325070405,1.325070405,1.325070405,,,
08/01/1981,1.325624164,1.325624164,1.325624164,1.325624164,1.325624164,1.325624164,,,
09/01/1981,1.326491303,1.326491303,1.326491303,1.326491303,1.326491303,1.326491303,,,
10/01/1981,1.328207712,1.328207712,1.328207712,1.328207712,1.328207712,1.328207712,,,
11/01/1981,1.329749621,1.329749621,1.329749621,1.329749621,1.329749621,1.329749621,,,
12/01/1981,1.328199298,1.328199298,1.328199298,1.328199298,1.328199298,1.328199298,,,
01/01/1982,1.327527542,1.327527542,1.327527542,1.327527542,1.327527542,1.327527542,,,
02/01/1982,1.32693865,1.32693865,1.32693865,1.32693865,1.32693865,1.32693865,,,
03/01/1982,1.325541163,1.325541163,1.325541163,1.325541163,1.325541163,1.325541163,,,
04/01/1982,1.325706931,1.325706931,1.325706931,1.325706931,1.325706931,1.325706931,,,
05/01/1982,1.325952849,1.325952849,1.325952849,1.325952849,1.325952849,1.325952849,,,
06/01/1982,1.326211487,1.326211487,1.326211487,1.326211487,1.326211487,1.326211487,,,
07/01/1982,1.326198723,1.326198723,1.326198723,1.326198723,1.326198723,1.326198723,,,
08/01/1982,1.326634255,1.326634255,1.326634255,1.326634255,1.326634255,1.326634255,,,
09/01/1982,1.326747681,1.326747681,1.326747681,1.326747681,1.326747681,1.326747681,,,
10/01/1982,1.326274108,1.326274108,1.326274108,1.326274108,1.326274108,1.326274108,,,
11/01/1982,1.327795935,1.327795935,1.327795935,1.327795935,1.327795935,1.327795935,,,
12/01/1982,1.327192463,1.327192463,1.327192463,1.327192463,1.327192463,1.327192463,,,
01/01/1983,1.326644357,1.326644357,1.326644357,1.326644357,1.326644357,1.326644357,,,
02/01/1983,1.32536591,1.32536591,1.32536591,1.32536591,1.32536591,1.32536591,,,
03/01/1983,1.325723302,1.325723302,1.325723302,1.325723302,1.325723302,1.325723302,,,
04/01/1983,1.324793392,1.324793392,1.324793392,1.324793392,1.324793392,1.324793392,,,
05/01/1983,1.325185907,1.325185907,1.325185907,1.325185907,1.325185907,1.325185907,,,
06/01/1983,1.324268645,1.324268645,1.324268645,1.324268645,1.324268645,1.324268645,,,
07/01/1983,1.324519708,1.324519708,1.324519708,1.324519708,1.324519708,1.324519708,,,
08/01/1983,1.323737562,1.323737562,1.323737562,1.323737562,1.323737562,1.323737562,,,
09/01/1983,1.323540153,1.323540153,1.323540153,1.323540153,1.323540153,1.323540153,,,
10/01/1983,1.322892573,1.322892573,1.322892573,1.322892573,1.322892573,1.322892573,,,
11/01/1983,1.323045649,1.323045649,1.323045649,1.323045649,1.323045649,1.323045649,,,
12/01/1983,1.323129365,1.323129365,1.323129365,1.323129365,1.323129365,1.323129365,,,
01/01/1984,1.324649208,1.324649208,1.324649208,1.324649208,1.324649208,1.324649208,,,
02/01/1984,1.326600682,1.326600682,1.326600682,1.326600682,1.326600682,1.326600682,,,
03/01/1984,1.329023164,1.329023164,1.329023164,1.329023164,1.329023164,1.329023164,,,
04/01/1984,1.329257813,1.329257813,1.329257813,1.329257813,1.329257813,1.329257813,,,
05/01/1984,1.329248965,1.329248965,1.329248965,1.329248965,1.329248965,1.329248965,,,
06/01/1984,1.328606874,1.328606874,1.328606874,1.328606874,1.328606874,1.328606874,,,
07/01/1984,1.32820359,1.32820359,1.32820359,1.32820359,1.32820359,1.32820359,,,
08/01/1984,1.327405238,1.327405238,1.327405238,1.327405238,1.327405238,1.327405238,,,
09/01/1984,1.32704141,1.32704141,1.32704141,1.32704141,1.32704141,1.32704141,,,
10/01/1984,1.326588622,1.326588622,1.326588622,1.326588622,1.326588622,1.326588622,,,
11/01/1984,1.325524966,1.325524966,1.325524966,1.325524966,1.325524966,1.325524966,,,
12/01/1984,1.324213061,1.324213061,1.324213061,1.324213061,1.324213061,1.324213061,,,
01/01/1985,1.322661349,1.322661349,1.322661349,1.322661349,1.322661349,1.322661349,,,
02/01/1985,1.3210284,1.3210284,1.3210284,1.3210284,1.3210284,1.3210284,,,
03/01/1985,1.31979756,1.31979756,1.31979756,1.31979756,1.31979756,1.31979756,,,
04/01/1985,1.320314074,1.320314074,1.320314074,1.320314074,1.320314074,1.320314074,,,
05/01/1985,1.321138054,1.321138054,1.321138054,1.321138054,1.321138054,1.321138054,,,
06/01/1985,1.321042418,1.321042418,1.321042418,1.321042418,1.321042418,1.321042418,,,
07/01/1985,1.321313789,1.321313789,1.321313789,1.321313789,1.321313789,1.321313789,,,
08/01/1985,1.32235395,1.32235395,1.32235395,1.32235395,1.32235395,1.32235395,,,
09/01/1985,1.323308113,1.323308113,1.323308113,1.323308113,1.323308113,1.323308113,,,
10/01/1985,1.323810196,1.323810196,1.323810196,1.323810196,1.323810196,1.323810196,,,
11/01/1985,1.324223164,1.324223164,1.324223164,1.324223164,1.324223164,1.324223164,,,
12/01/1985,1.324679426,1.324679426,1.324679426,1.324679426,1.324679426,1.324679426,,,
01/01/1986,1.322622035,1.322622035,1.322622035,1.322622035,1.322622035,1.322622035,,,
02/01/1986,1.319997594,1.319997594,1.319997594,1.319997594,1.319997594,1.319997594,,,
03/01/1986,1.317055037,1.317055037,1.317055037,1.317055037,1.317055037,1.317055037,,,
04/01/1986,1.318627535,1.318627535,1.318627535,1.318627535,1.318627535,1.318627535,,,
05/01/1986,1.3229102,1.3229102,1.3229102,1.3229102,1.3229102,1.3229102,,,
06/01/1986,1.323498024,1.323498024,1.323498024,1.323498024,1.323498024,1.323498024,,,
07/01/1986,1.3223354,1.3223354,1.3223354,1.3223354,1.3223354,1.3223354,,,
08/01/1986,1.320870557,1.320870557,1.320870557,1.320870557,1.320870557,1.320870557,,,
09/01/1986,1.318455546,1.318455546,1.318455546,1.318455546,1.318455546,1.318455546,,,
10/01/1986,1.318124048,1.318124048,1.318124048,1.318124048,1.318124048,1.318124048,,,
11/01/1986,1.315710602,1.315710602,1.315710602,1.315710602,1.315710602,1.315710602,,,
12/01/1986,1.316089105,1.316089105,1.316089105,1.316089105,1.316089105,1.316089105,,,
01/01/1987,1.315373494,1.315373494,1.315373494,1.315373494,1.315373494,1.315373494,,,
02/01/1987,1.31361378,1.31361378,1.31361378,1.31361378,1.31361378,1.31361378,,,
03/01/1987,1.313388447,1.313388447,1.313388447,1.313388447,1.313388447,1.313388447,,,
04/01/1987,1.314795599,1.314795599,1.314795599,1.314795599,1.314795599,1.314795599,,,
05/01/1987,1.318400933,1.318400933,1.318400933,1.318400933,1.318400933,1.318400933,,,
06/01/1987,1.320034757,1.320034757,1.320034757,1.320034757,1.320034757,1.320034757,,,
07/01/1987,1.321207172,1.321207172,1.321207172,1.321207172,1.321207172,1.321207172,,,
08/01/1987,1.322205524,1.322205524,1.322205524,1.322205524,1.322205524,1.322205524,,,
09/01/1987,1.323996541,1.323996541,1.323996541,1.323996541,1.323996541,1.323996541,,,
10/01/1987,1.325773805,1.325773805,1.325773805,1.325773805,1.325773805,1.325773805,,,
11/01/1987,1.326090994,1.326090994,1.326090994,1.326090994,1.326090994,1.326090994,,,
12/01/1987,1.324451262,1.324451262,1.324451262,1.324451262,1.324451262,1.324451262,,,
01/01/1988,1.321196903,1.321196903,1.321196903,1.321196903,1.321196903,1.321196903,,,
02/01/1988,1.319126328,1.319126328,1.319126328,1.319126328,1.319126328,1.319126328,,,
03/01/1988,1.317263386,1.317263386,1.317263386,1.317263386,1.317263386,1.317263386,,,
04/01/1988,1.316873859,1.316873859,1.316873859,1.316873859,1.316873859,1.316873859,,,
05/01/1988,1.317629359,1.317629359,1.317629359,1.317629359,1.317629359,1.317629359,,,
06/01/1988,1.317943296,1.317943296,1.317943296,1.317943296,1.317943296,1.317943296,,,
07/01/1988,1.31784632,1.31784632,1.31784632,1.31784632,1.31784632,1.31784632,,,
08/01/1988,1.318382708,1.318382708,1.318382708,1.318382708,1.318382708,1.318382708,,,
09/01/1988,1.320282401,1.320282401,1.320282401,1.320282401,1.320282401,1.320282401,,,
10/01/1988,1.321744688,1.321744688,1.321744688,1.321744688,1.321744688,1.321744688,,,
11/01/1988,1.322380999,1.322380999,1.322380999,1.322380999,1.322380999,1.322380999,,,
12/01/1988,1.322759395,1.322759395,1.322759395,1.322759395,1.322759395,1.322759395,,,
01/01/1989,1.32149608,1.32149608,1.32149608,1.32149608,1.32149608,1.32149608,,,
02/01/1989,1.320668597,1.320668597,1.320668597,1.320668597,1.320668597,1.320668597,,,
03/01/1989,1.320215154,1.320215154,1.320215154,1.320215154,1.320215154,1.320215154,,,
04/01/1989,1.322903075,1.322903075,1.322903075,1.322903075,1.322903075,1.322903075,,,
05/01/1989,1.32697812,1.32697812,1.32697812,1.32697812,1.32697812,1.32697812,,,
06/01/1989,1.32908305,1.32908305,1.32908305,1.32908305,1.32908305,1.32908305,,,
07/01/1989,1.329794081,1.329794081,1.329794081,1.329794081,1.329794081,1.329794081,,,
08/01/1989,1.330740667,1.330740667,1.330740667,1.330740667,1.330740667,1.330740667,,,
09/01/1989,1.332178929,1.332178929,1.332178929,1.332178929,1.332178929,1.332178929,,,
10/01/1989,1.334126119,1.334126119,1.334126119,1.334126119,1.334126119,1.334126119,,,
11/01/1989,1.335648577,1.335648577,1.335648577,1.335648577,1.335648577,1.335648577,,,
12/01/1989,1.336239325,1.336239325,1.336239325,1.336239325,1.336239325,1.336239325,,,
01/01/1990,1.333977718,1.333977718,1.333977718,1.333977718,1.333977718,1.333977718,,,
02/01/1990,1.331683,1.331683,1.331683,1.331683,1.331683,1.331683,,,
03/01/1990,1.329273946,1.329273946,1.329273946,1.329273946,1.329273946,1.329273946,,,
04/01/1990,1.331662695,1.331662695,1.331662695,1.331662695,1.331662695,1.331662695,,,
05/01/1990,1.336921223,1.336921223,1.336921223,1.336921223,1.336921223,1.336921223,,,
06/01/1990,1.3412367,1.3412367,1.3412367,1.3412367,1.3412367,1.3412367,,,
07/01/1990,1.346883924,1.346883924,1.346883924,1.346883924,1.346883924,1.346883924,,,
08/01/1990,1.356429428,1.356429428,1.356429428,1.356429428,1.356429428,1.356429428,,,
09/01/1990,1.367042007,1.367042007,1.367042007,1.367042007,1.367042007,1.367042007,,,
10/01/1990,1.376776316,1.376776316,1.376776316,1.376776316,1.376776316,1.376776316,,,
11/01/1990,1.386986811,1.386986811,1.386986811,1.386986811,1.386986811,1.386986811,,,
12/01/1990,1.395774439,1.395774439,1.395774439,1.395774439,1.395774439,1.395774439,,,
01/01/1991,1.396283217,1.396283217,1.396283217,1.396283217,1.396283217,1.396283217,,,
02/01/1991,1.394471413,1.394471413,1.394471413,1.394471413,1.394471413,1.394471413,,,
03/01/1991,1.392484202,1.392484202,1.392484202,1.392484202,1.392484202,1.392484202,,,
04/01/1991,1.391648905,1.391648905,1.391648905,1.391648905,1.391648905,1.391648905,,,
05/01/1991,1.393712632,1.393712632,1.393712632,1.393712632,1.393712632,1.393712632,,,
06/01/1991,1.395622848,1.395622848,1.395622848,1.395622848,1.395622848,1.395622848,,,
07/01/1991,1.398723384,1.398723384,1.398723384,1.398723384,1.398723384,1.398723384,,,
08/01/1991,1.401683223,1.401683223,1.401683223,1.401683223,1.401683223,1.401683223,,,
09/01/1991,1.406788541,1.406788541,1.406788541,1.406788541,1.406788541,1.406788541,,,
10/01/1991,1.413377967,1.413377967,1.413377967,1.413377967,1.413377967,1.413377967,,,
11/01/1991,1.421983234,1.421983234,1.421983234,1.421983234,1.421983234,1.421983234,,,
12/01/1991,1.433437252,1.433437252,1.433437252,1.433437252,1.433437252,1.433437252,,,
01/01/1992,1.437884545,1.437884545,1.437884545,1.437884545,1.437884545,1.437884545,,,
02/01/1992,1.440641086,1.440641086,1.440641086,1.440641086,1.440641086,1.440641086,,,
03/01/1992,1.442213843,1.442213843,1.442213843,1.442213843,1.442213843,1.442213843,,,
04/01/1992,1.441798491,1.441798491,1.441798491,1.441798491,1.441798491,1.441798491,,,
05/01/1992,1.441997802,1.441997802,1.441997802,1.441997802,1.441997802,1.441997802,,,
06/01/1992,1.444021873,1.444021873,1.444021873,1.444021873,1.444021873,1.444021873,,,
07/01/1992,1.446784392,1.446784392,1.446784392,1.446784392,1.446784392,1.446784392,,,
08/01/1992,1.45080183,1.45080183,1.45080183,1.45080183,1.45080183,1.45080183,,,
09/01/1992,1.45374847,1.45374847,1.45374847,1.45374847,1.45374847,1.45374847,,,
10/01/1992,1.45685525,1.45685525,1.45685525,1.45685525,1.45685525,1.45685525,,,
11/01/1992,1.460716674,1.460716674,1.460716674,1.460716674,1.460716674,1.460716674,,,
12/01/1992,1.464651861,1.464651861,1.464651861,1.464651861,1.464651861,1.464651861,,,
01/01/1993,1.465458566,1.465458566,1.465458566,1.465458566,1.465458566,1.465458566,,,
02/01/1993,1.463917775,1.463917775,1.463917775,1.463917775,1.463917775,1.463917775,,,
03/01/1993,1.461992659,1.461992659,1.461992659,1.461992659,1.461992659,1.461992659,,,
04/01/1993,1.46164487,1.46164487,1.46164487,1.46164487,1.46164487,1.46164487,,,
05/01/1993,1.464625099,1.464625099,1.464625099,1.464625099,1.464625099,1.464625099,,,
06/01/1993,1.465416593,1.465416593,1.465416593,1.465416593,1.465416593,1.465416593,,,
07/01/1993,1.466242121,1.466242121,1.466242121,1.466242121,1.466242121,1.466242121,,,
08/01/1993,1.467255657,1.467255657,1.467255657,1.467255657,1.467255657,1.467255657,,,
09/01/1993,1.467790748,1.467790748,1.467790748,1.467790748,1.467790748,1.467790748,,,
10/01/1993,1.468874676,1.468874676,1.468874676,1.468874676,1.468874676,1.468874676,,,
11/01/1993,1.468791921,1.468791921,1.468791921,1.468791921,1.468791921,1.468791921,,,
12/01/1993,1.472715488,1.472715488,1.472715488,1.472715488,1.472715488,1.472715488,,,
01/01/1994,1.473245957,1.473245957,1.473245957,1.473245957,1.473245957,1.473245957,,,
02/01/1994,1.471568224,1.471568224,1.471568224,1.471568224,1.471568224,1.471568224,,,
03/01/1994,1.469760318,1.469760318,1.469760318,1.469760318,1.469760318,1.469760318,,,
04/01/1994,1.47087385,1.47087385,1.47087385,1.47087385,1.47087385,1.47087385,,,
05/01/1994,1.474445441,1.474445441,1.474445441,1.474445441,1.474445441,1.474445441,,,
06/01/1994,1.475745419,1.475745419,1.475745419,1.475745419,1.475745419,1.475745419,,,
07/01/1994,1.477305474,1.477305474,1.477305474,1.477305474,1.477305474,1.477305474,,,
08/01/1994,1.480021735,1.480021735,1.480021735,1.480021735,1.480021735,1.480021735,,,
09/01/1994,1.482482889,1.482482889,1.482482889,1.482482889,1.482482889,1.482482889,,,
10/01/1994,1.484801666,1.484801666,1.484801666,1.484801666,1.484801666,1.484801666,,,
11/01/1994,1.487532766,1.487532766,1.487532766,1.487532766,1.487532766,1.487532766,,,
12/01/1994,1.489676364,1.489676364,1.489676364,1.489676364,1.489676364,1.489676364,,,
01/01/1995,1.490449515,1.490449515,1.490449515,1.490449515,1.490449515,1.490449515,,,
02/01/1995,1.49059498,1.49059498,1.49059498,1.49059498,1.49059498,1.49059498,,,
03/01/1995,1.490810209,1.490810209,1.490810209,1.490810209,1.490810209,1.490810209,,,
04/01/1995,1.490007457,1.490007457,1.490007457,1.490007457,1.490007457,1.490007457,,,
05/01/1995,1.492592863,1.492592863,1.492592863,1.492592863,1.492592863,1.492592863,,,
06/01/1995,1.494241553,1.494241553,1.494241553,1.494241553,1.494241553,1.494241553,,,
07/01/1995,1.495486726,1.495486726,1.495486726,1.495486726,1.495486726,1.495486726,,,
08/01/1995,1.495031931,1.495031931,1.495031931,1.495031931,1.495031931,1.495031931,,,
09/01/1995,1.495137626,1.495137626,1.495137626,1.495137626,1.495137626,1.495137626,,,
10/01/1995,1.495203798,1.495203798,1.495203798,1.495203798,1.495203798,1.495203798,,,
11/01/1995,1.494277247,1.494277247,1.494277247,1.494277247,1.494277247,1.494277247,,,
12/01/1995,1.494751803,1.494751803,1.494751803,1.494751803,1.494751803,1.494751803,,,
01/01/1996,1.496625764,1.496625764,1.496625764,1.496625764,1.496625764,1.496625764,,,
02/01/1996,1.499400149,1.499400149,1.499400149,1.499400149,1.499400149,1.499400149,,,
03/01/1996,1.501522878,1.501522878,1.501522878,1.501522878,1.501522878,1.501522878,,,
04/01/1996,1.499598027,1.499598027,1.499598027,1.499598027,1.499598027,1.499598027,,,
05/01/1996,1.497696656,1.497696656,1.497696656,1.497696656,1.497696656,1.497696656,,,
06/01/1996,1.4982245,1.4982245,1.4982245,1.4982245,1.4982245,1.4982245,,,
07/01/1996,1.498232897,1.498232897,1.498232897,1.498232897,1.498232897,1.498232897,,,
08/01/1996,1.497582611,1.497582611,1.497582611,1.497582611,1.497582611,1.497582611,,,
09/01/1996,1.497993612,1.497993612,1.497993612,1.497993612,1.497993612,1.497993612,,,
10/01/1996,1.497671035,1.497671035,1.497671035,1.497671035,1.497671035,1.497671035,,,
11/01/1996,1.497952409,1.497952409,1.497952409,1.497952409,1.497952409,1.497952409,,,
12/01/1996,1.500406867,1.500406867,1.500406867,1.500406867,1.500406867,1.500406867,,,
01/01/1997,1.499443138,1.499443138,1.499443138,1.499443138,1.499443138,1.499443138,,,
02/01/1997,1.498154826,1.498154826,1.498154826,1.498154826,1.498154826,1.498154826,,,
03/01/1997,1.497052161,1.497052161,1.497052161,1.497052161,1.497052161,1.497052161,,,
04/01/1997,1.497323185,1.497323185,1.497323185,1.497323185,1.497323185,1.497323185,,,
05/01/1997,1.498283429,1.498283429,1.498283429,1.498283429,1.498283429,1.498283429,,,
06/01/1997,1.498954268,1.498954268,1.498954268,1.498954268,1.498954268,1.498954268,,,
07/01/1997,1.49982947,1.49982947,1.49982947,1.49982947,1.49982947,1.49982947,,,
08/01/1997,1.500471132,1.500471132,1.500471132,1.500471132,1.500471132,1.500471132,,,
09/01/1997,1.501898668,1.501898668,1.501898668,1.501898668,1.501898668,1.501898668,,,
10/01/1997,1.503001657,1.503001657,1.503001657,1.503001657,1.503001657,1.503001657,,,
11/01/1997,1.503803336,1.503803336,1.503803336,1.503803336,1.503803336,1.503803336,,,
12/01/1997,1.504571135,1.504571135,1.504571135,1.504571135,1.504571135,1.504571135,,,
01/01/1998,1.502742027,1.502742027,1.502742027,1.502742027,1.502742027,1.502742027,,,
02/01/1998,1.500336983,1.500336983,1.500336983,1.500336983,1.500336983,1.500336983,,,
03/01/1998,1.498997626,1.498997626,1.498997626,1.498997626,1.498997626,1.498997626,,,
04/01/1998,1.499919188,1.499919188,1.499919188,1.499919188,1.499919188,1.499919188,,,
05/01/1998,1.501249189,1.501249189,1.501249189,1.501249189,1.501249189,1.501249189,,,
06/01/1998,1.501681526,1.501681526,1.501681526,1.501681526,1.501681526,1.501681526,,,
07/01/1998,1.501350714,1.501350714,1.501350714,1.501350714,1.501350714,1.501350714,,,
08/01/1998,1.500721518,1.500721518,1.500721518,1.500721518,1.500721518,1.500721518,,,
09/01/1998,1.500891301,1.500891301,1.500891301,1.500891301,1.500891301,1.500891301,,,
10/01/1998,1.500339734,1.500339734,1.500339734,1.500339734,1.500339734,1.500339734,,,
11/01/1998,1.500107687,1.500107687,1.500107687,1.500107687,1.500107687,1.500107687,,,
12/01/1998,1.500259175,1.500259175,1.500259175,1.500259175,1.500259175,1.500259175,,,
01/01/1999,1.498365365,1.498365365,1.498365365,1.498365365,1.498365365,1.498365365,,,
02/01/1999,1.497108763,1.497108763,1.497108763,1.497108763,1.497108763,1.497108763,,,
03/01/1999,1.496240108,1.496240108,1.496240108,1.496240108,1.496240108,1.496240108,,,
04/01/1999,1.497589261,1.497589261,1.497589261,1.497589261,1.497589261,1.497589261,,,
05/01/1999,1.498872812,1.498872812,1.498872812,1.498872812,1.498872812,1.498872812,,,
06/01/1999,1.498017808,1.498017808,1.498017808,1.498017808,1.498017808,1.498017808,,,
07/01/1999,1.498733624,1.498733624,1.498733624,1.498733624,1.498733624,1.498733624,,,
08/01/1999,1.499461814,1.499461814,1.499461814,1.499461814,1.499461814,1.499461814,,,
09/01/1999,1.499069204,1.499069204,1.499069204,1.499069204,1.499069204,1.499069204,,,
10/01/1999,1.498680854,1.498680854,1.498680854,1.498680854,1.498680854,1.498680854,,,
11/01/1999,1.499697835,1.499697835,1.499697835,1.499697835,1.499697835,1.499697835,,,
12/01/1999,1.499466,1.499466,1.499466,1.499466,1.499466,1.499466,,,
01/01/2000,1.498465902,1.498465902,1.498465902,1.498465902,1.498465902,1.498465902,,,
02/01/2000,1.496785005,1.496785005,1.496785005,1.496785005,1.496785005,1.496785005,,,
03/01/2000,1.495825073,1.495825073,1.495825073,1.495825073,1.495825073,1.495825073,,,
04/01/2000,1.497484684,1.497484684,1.497484684,1.497484684,1.497484684,1.497484684,,,
05/01/2000,1.498672137,1.498672137,1.498672137,1.498672137,1.498672137,1.498672137,,,
06/01/2000,1.499024012,1.499024012,1.499024012,1.499024012,1.499024012,1.499024012,,,
07/01/2000,1.499434106,1.499434106,1.499434106,1.499434106,1.499434106,1.499434106,,,
08/01/2000,1.500526826,1.500526826,1.500526826,1.500526826,1.500526826,1.500526826,,,
09/01/2000,1.501876123,1.501876123,1.501876123,1.501876123,1.501876123,1.501876123,,,
10/01/2000,1.502074842,1.502074842,1.502074842,1.502074842,1.502074842,1.502074842,,,
11/01/2000,1.503011683,1.503011683,1.503011683,1.503011683,1.503011683,1.503011683,,,
12/01/2000,1.50275538,1.50275538,1.50275538,1.50275538,1.50275538,1.50275538,,,
01/01/2001,1.501172461,1.501172461,1.501172461,1.501172461,1.501172461,1.501172461,,,
02/01/2001,1.499803297,1.499803297,1.499803297,1.499803297,1.499803297,1.499803297,,,
03/01/2001,1.498483861,1.498483861,1.498483861,1.498483861,1.498483861,1.498483861,,,
04/01/2001,1.49970025,1.49970025,1.49970025,1.49970025,1.49970025,1.49970025,,,
05/01/2001,1.50180783,1.50180783,1.50180783,1.50180783,1.50180783,1.50180783,,,
06/01/2001,1.503070919,1.503070919,1.503070919,1.503070919,1.503070919,1.503070919,,,
07/01/2001,1.504046866,1.504046866,1.504046866,1.504046866,1.504046866,1.504046866,,,
08/01/2001,1.505493339,1.505493339,1.505493339,1.505493339,1.505493339,1.505493339,,,
09/01/2001,1.506980692,1.506980692,1.506980692,1.506980692,1.506980692,1.506980692,,,
10/01/2001,1.507557181,1.507557181,1.507557181,1.507557181,1.507557181,1.507557181,,,
11/01/2001,1.508573574,1.508573574,1.508573574,1.508573574,1.508573574,1.508573574,,,
12/01/2001,1.509710173,1.509710173,1.509710173,1.509710173,1.509710173,1.509710173,,,
01/01/2002,1.506497574,1.506497574,1.506497574,1.506497574,1.506497574,1.506497574,,,
02/01/2002,1.503734093,1.503734093,1.503734093,1.503734093,1.503734093,1.503734093,,,
03/01/2002,1.501654331,1.501654331,1.501654331,1.501654331,1.501654331,1.501654331,,,
04/01/2002,1.503781235,1.503781235,1.503781235,1.503781235,1.503781235,1.503781235,,,
05/01/2002,1.5065566,1.5065566,1.5065566,1.5065566,1.5065566,1.5065566,,,
06/01/2002,1.506815199,1.506815199,1.506815199,1.506815199,1.506815199,1.506815199,,,
07/01/2002,1.507204281,1.507204281,1.507204281,1.507204281,1.507204281,1.507204281,,,
08/01/2002,1.507019232,1.507019232,1.507019232,1.507019232,1.507019232,1.507019232,,,
09/01/2002,1.507730118,1.507730118,1.507730118,1.507730118,1.507730118,1.507730118,,,
10/01/2002,1.508065132,1.508065132,1.508065132,1.508065132,1.508065132,1.508065132,,,
11/01/2002,1.508388044,1.508388044,1.508388044,1.508388044,1.508388044,1.508388044,,,
12/01/2002,1.507839494,1.507839494,1.507839494,1.507839494,1.507839494,1.507839494,,,
01/01/2003,1.506543649,1.506543649,1.506543649,1.506543649,1.506543649,1.506543649,,,
02/01/2003,1.504915318,1.504915318,1.504915318,1.504915318,1.504915318,1.504915318,,,
03/01/2003,1.503167755,1.503167755,1.503167755,1.503167755,1.503167755,1.503167755,,,
04/01/2003,1.503724089,1.503724089,1.503724089,1.503724089,1.503724089,1.503724089,,,
05/01/2003,1.506017679,1.506017679,1.506017679,1.506017679,1.506017679,1.506017679,,,
06/01/2003,1.507121621,1.507121621,1.507121621,1.507121621,1.507121621,1.507121621,,,
07/01/2003,1.50745262,1.50745262,1.50745262,1.50745262,1.50745262,1.50745262,,,
08/01/2003,1.508374706,1.508374706,1.508374706,1.508374706,1.508374706,1.508374706,,,
09/01/2003,1.508952256,1.508952256,1.508952256,1.508952256,1.508952256,1.508952256,,,
10/01/2003,1.508606961,1.508606961,1.508606961,1.508606961,1.508606961,1.508606961,,,
11/01/2003,1.508870134,1.508870134,1.508870134,1.508870134,1.508870134,1.508870134,,,
12/01/2003,1.50941411,1.50941411,1.50941411,1.50941411,1.50941411,1.50941411,,,
01/01/2004,1.508397115,1.508397115,1.508397115,1.508397115,1.508397115,1.508397115,,,
02/01/2004,1.506184621,1.506184621,1.506184621,1.506184621,1.506184621,1.506184621,,,
03/01/2004,1.503563723,1.503563723,1.503563723,1.503563723,1.503563723,1.503563723,,,
04/01/2004,1.503167624,1.503167624,1.503167624,1.503167624,1.503167624,1.503167624,,,
05/01/2004,1.505196678,1.505196678,1.505196678,1.505196678,1.505196678,1.505196678,,,
06/01/2004,1.505865156,1.505865156,1.505865156,1.505865156,1.505865156,1.505865156,,,
07/01/2004,1.507189541,1.507189541,1.507189541,1.507189541,1.507189541,1.507189541,,,
08/01/2004,1.507653678,1.507653678,1.507653678,1.507653678,1.507653678,1.507653678,,,
09/01/2004,1.508704996,1.508704996,1.508704996,1.508704996,1.508704996,1.508704996,,,
10/01/2004,1.510414047,1.510414047,1.510414047,1.510414047,1.510414047,1.510414047,,,
11/01/2004,1.511455195,1.511455195,1.511455195,1.511455195,1.511455195,1.511455195,,,
12/01/2004,1.512137023,1.512137023,1.512137023,1.512137023,1.512137023,1.512137023,,,
01/01/2005,1.512169074,1.512169074,1.512169074,1.512169074,1.512169074,1.512169074,,,
02/01/2005,1.512741992,1.512741992,1.512741992,1.512741992,1.512741992,1.512741992,,,
03/01/2005,1.512336505,1.512336505,1.512336505,1.512336505,1.512336505,1.512336505,,,
04/01/2005,1.512935026,1.512935026,1.512935026,1.512935026,1.512935026,1.512935026,,,
05/01/2005,1.51325916,1.51325916,1.51325916,1.51325916,1.51325916,1.51325916,,,
06/01/2005,1.512550131,1.512550131,1.512550131,1.512550131,1.512550131,1.512550131,,,
07/01/2005,1.511833883,1.511833883,1.511833883,1.511833883,1.511833883,1.511833883,,,
08/01/2005,1.511312018,1.511312018,1.511312018,1.511312018,1.511312018,1.511312018,,,
09/01/2005,1.510304249,1.510304249,1.510304249,1.510304249,1.510304249,1.510304249,,,
10/01/2005,1.509615675,1.509615675,1.509615675,1.509615675,1.509615675,1.509615675,,,
11/01/2005,1.507984546,1.507984546,1.507984546,1.507984546,1.507984546,1.507984546,,,
12/01/2005,1.506494142,1.506494142,1.506494142,1.506494142,1.506494142,1.506494142,,,
01/01/2006,1.505366667,1.505366667,1.505366667,1.505366667,1.505366667,1.505366667,,,
02/01/2006,1.503660547,1.503660547,1.503660547,1.503660547,1.503660547,1.503660547,,,
03/01/2006,1.50250257,1.50250257,1.50250257,1.50250257,1.50250257,1.50250257,,,
04/01/2006,1.503622432,1.503622432,1.503622432,1.503622432,1.503622432,1.503622432,,,
05/01/2006,1.505047642,1.505047642,1.505047642,1.505047642,1.505047642,1.505047642,,,
06/01/2006,1.50595628,1.50595628,1.50595628,1.50595628,1.50595628,1.50595628,,,
07/01/2006,1.50604284,1.50604284,1.50604284,1.50604284,1.50604284,1.50604284,,,
08/01/2006,1.505764179,1.505764179,1.505764179,1.505764179,1.505764179,1.505764179,,,
09/01/2006,1.505357599,1.505357599,1.505357599,1.505357599,1.505357599,1.505357599,,,
10/01/2006,1.506106629,1.506106629,1.506106629,1.506106629,1.506106629,1.506106629,,,
11/01/2006,1.505559728,1.505559728,1.505559728,1.505559728,1.505559728,1.505559728,,,
12/01/2006,1.503249073,1.503249073,1.503249073,1.503249073,1.503249073,1.503249073,,,
01/01/2007,1.500037026,1.500037026,1.500037026,1.500037026,1.500037026,1.500037026,,,
02/01/2007,1.498264335,1.498264335,1.498264335,1.498264335,1.498264335,1.498264335,,,
03/01/2007,1.497077836,1.497077836,1.497077836,1.497077836,1.497077836,1.497077836,,,
04/01/2007,1.497293473,1.497293473,1.497293473,1.497293473,1.497293473,1.497293473,,,
05/01/2007,1.496843064,1.496843064,1.496843064,1.496843064,1.496843064,1.496843064,,,
06/01/2007,1.497375366,1.497375366,1.497375366,1.497375366,1.497375366,1.497375366,,,
07/01/2007,1.49778937,1.49778937,1.49778937,1.49778937,1.49778937,1.49778937,,,
08/01/2007,1.498703995,1.498703995,1.498703995,1.498703995,1.498703995,1.498703995,,,
09/01/2007,1.498945286,1.498945286,1.498945286,1.498945286,1.498945286,1.498945286,,,
10/01/2007,1.49969063,1.49969063,1.49969063,1.49969063,1.49969063,1.49969063,,,
11/01/2007,1.500231099,1.500231099,1.500231099,1.500231099,1.500231099,1.500231099,,,
12/01/2007,1.500993451,1.500993451,1.500993451,1.500993451,1.500993451,1.500993451,,,
01/01/2008,1.501794743,1.501794743,1.501794743,1.501794743,1.501794743,1.501794743,,,
02/01/2008,1.501593623,1.501593623,1.501593623,1.501593623,1.501593623,1.501593623,,,
03/01/2008,1.501987789,1.501987789,1.501987789,1.501987789,1.501987789,1.501987789,,,
04/01/2008,1.502477598,1.502477598,1.502477598,1.502477598,1.502477598,1.502477598,,,
05/01/2008,1.503767727,1.503767727,1.503767727,1.503767727,1.503767727,1.503767727,,,
06/01/2008,1.50533687,1.50533687,1.50533687,1.50533687,1.50533687,1.50533687,,,
07/01/2008,1.507099628,1.507099628,1.507099628,1.507099628,1.507099628,1.507099628,,,
08/01/2008,1.509059286,1.509059286,1.509059286,1.509059286,1.509059286,1.509059286,,,
09/01/2008,1.510932529,1.510932529,1.510932529,1.510932529,1.510932529,1.510932529,,,
10/01/2008,1.51280379,1.51280379,1.51280379,1.51280379,1.51280379,1.51280379,,,
11/01/2008,1.516204645,1.516204645,1.516204645,1.516204645,1.516204645,1.516204645,,,
12/01/2008,1.519188302,1.519188302,1.519188302,1.519188302,1.519188302,1.519188302,,,
01/01/2009,1.519945059,1.519945059,1.519945059,1.519945059,1.519945059,1.519945059,,,
02/01/2009,1.521260121,1.521260121,1.521260121,1.521260121,1.521260121,1.521260121,,,
03/01/2009,1.522155699,1.522155699,1.522155699,1.522155699,1.522155699,1.522155699,,,
04/01/2009,1.521673348,1.521673348,1.521673348,1.521673348,1.521673348,1.521673348,,,
05/01/2009,1.522109225,1.522109225,1.522109225,1.522109225,1.522109225,1.522109225,,,
06/01/2009,1.522758063,1.522758063,1.522758063,1.522758063,1.522758063,1.522758063,,,
07/01/2009,1.523327105,1.523327105,1.523327105,1.523327105,1.523327105,1.523327105,,,
08/01/2009,1.523029111,1.523029111,1.523029111,1.523029111,1.523029111,1.523029111,,,
09/01/2009,1.523750098,1.523750098,1.523750098,1.523750098,1.523750098,1.523750098,,,
10/01/2009,1.524679774,1.524679774,1.524679774,1.524679774,1.524679774,1.524679774,,,
11/01/2009,1.525490947,1.525490947,1.525490947,1.525490947,1.525490947,1.525490947,,,
12/01/2009,1.526285204,1.526285204,1.526285204,1.526285204,1.526285204,1.526285204,,,
01/01/2010,1.526402,1.526402,1.526402,1.526402,1.526402,1.526402,,,
02/01/2010,1.524394978,1.524394978,1.524394978,1.524394978,1.524394978,1.524394978,,,
03/01/2010,1.523002758,1.523002758,1.523002758,1.523002758,1.523002758,1.523002758,,,
04/01/2010,1.524944953,1.524944953,1.524944953,1.524944953,1.524944953,1.524944953,,,
05/01/2010,1.526987799,1.526987799,1.526987799,1.526987799,1.526987799,1.526987799,,,
06/01/2010,1.527688413,1.527688413,1.527688413,1.527688413,1.527688413,1.527688413,,,
07/01/2010,1.527631376,1.527631376,1.527631376,1.527631376,1.527631376,1.527631376,,,
08/01/2010,1.528009299,1.528009299,1.528009299,1.528009299,1.528009299,1.528009299,,,
09/01/2010,1.527788016,1.527788016,1.527788016,1.527788016,1.527788016,1.527788016,,,
10/01/2010,1.527857642,1.527857642,1.527857642,1.527857642,1.527857642,1.527857642,,,
11/01/2010,1.527412656,1.527412656,1.527412656,1.527412656,1.527412656,1.527412656,,,
12/01/2010,1.527310701,1.527310701,1.527310701,1.527310701,1.527310701,1.527310701,,,
01/01/2011,1.526351989,1.526351989,1.526351989,1.526351989,1.526351989,1.526351989,,,
02/01/2011,1.525432995,1.525432995,1.525432995,1.525432995,1.525432995,1.525432995,,,
03/01/2011,1.524109659,1.524109659,1.524109659,1.524109659,1.524109659,1.524109659,,,
04/01/2011,1.525262292,1.525262292,1.525262292,1.525262292,1.525262292,1.525262292,,,
05/01/2011,1.526012392,1.526012392,1.526012392,1.526012392,1.526012392,1.526012392,,,
06/01/2011,1.525764072,1.525764072,1.525764072,1.525764072,1.525764072,1.525764072,,,
07/01/2011,1.524680794,1.524680794,1.524680794,1.524680794,1.524680794,1.524680794,,,
08/01/2011,1.523756593,1.523756593,1.523756593,1.523756593,1.523756593,1.523756593,,,
09/01/2011,1.523372798,1.523372798,1.523372798,1.523372798,1.523372798,1.523372798,,,
10/01/2011,1.522194939,1.522194939,1.522194939,1.522194939,1.522194939,1.522194939,,,
11/01/2011,1.521188625,1.521188625,1.521188625,1.521188625,1.521188625,1.521188625,,,
12/01/2011,1.521245005,1.521245005,1.521245005,1.521245005,1.521245005,1.521245005,,,
01/01/2012,1.521517477,1.521517477,1.521517477,1.521517477,1.521517477,1.521517477,,,
02/01/2012,1.520113874,1.520113874,1.520113874,1.520113874,1.520113874,1.520113874,,,
03/01/2012,1.519216907,1.519216907,1.519216907,1.519216907,1.519216907,1.519216907,,,
04/01/2012,1.521179795,1.521179795,1.521179795,1.521179795,1.521179795,1.521179795,,,
05/01/2012,1.522932034,1.522932034,1.522932034,1.522932034,1.522932034,1.522932034,,,
06/01/2012,1.522571949,1.522571949,1.522571949,1.522571949,1.522571949,1.522571949,,,
07/01/2012,1.52196451,1.52196451,1.52196451,1.52196451,1.52196451,1.52196451,,,
08/01/2012,1.521197891,1.521197891,1.521197891,1.521197891,1.521197891,1.521197891,,,
09/01/2012,1.520439239,1.520439239,1.520439239,1.520439239,1.520439239,1.520439239,,,
10/01/2012,1.520083319,1.520083319,1.520083319,1.520083319,1.520083319,1.520083319,,,
11/01/2012,1.518799496,1.518799496,1.518799496,1.518799496,1.518799496,1.518799496,,,
12/01/2012,1.518232722,1.518232722,1.518232722,1.518232722,1.518232722,1.518232722,,,
01/01/2013,1.519788727,1.519788727,1.519788727,1.519788727,1.519788727,1.519788727,,,
02/01/2013,1.521681636,1.521681636,1.521681636,1.521681636,1.521681636,1.521681636,,,
03/01/2013,1.52305665,1.52305665,1.52305665,1.52305665,1.52305665,1.52305665,,,
04/01/2013,1.524881317,1.524881317,1.524881317,1.524881317,1.524881317,1.524881317,,,
05/01/2013,1.5277059,1.5277059,1.5277059,1.5277059,1.5277059,1.5277059,,,
06/01/2013,1.530629479,1.530629479,1.530629479,1.530629479,1.530629479,1.530629479,,,
07/01/2013,1.534234654,1.534234654,1.534234654,1.534234654,1.534234654,1.534234654,,,
08/01/2013,1.538961526,1.538961526,1.538961526,1.538961526,1.538961526,1.538961526,,,
09/01/2013,1.547644001,1.547644001,1.547644001,1.547644001,1.547644001,1.547644001,,,
10/01/2013,1.556425481,1.556425481,1.556425481,1.556425481,1.556425481,1.556425481,,,
11/01/2013,1.566582178,1.566582178,1.566582178,1.566582178,1.566582178,1.566582178,,,
12/01/2013,1.577712667,1.577712667,1.577712667,1.577712667,1.577712667,1.577712667,,,
01/01/2014,1.581697662,1.581697662,1.581697662,1.581697662,1.581697662,1.581697662,,,
02/01/2014,1.580830613,1.580830613,1.580830613,1.580830613,1.580830613,1.580830613,,,
03/01/2014,1.578167908,1.578167908,1.578167908,1.578167908,1.578167908,1.578167908,,,
04/01/2014,1.579225179,1.579225179,1.579225179,1.579225179,1.579225179,1.579225179,,,
05/01/2014,1.582254617,1.582254617,1.582254617,1.582254617,1.582254617,1.582254617,,,
06/01/2014,1.585444793,1.585444793,1.585444793,1.585444793,1.585444793,1.585444793,,,
07/01/2014,1.589503573,1.589503573,1.589503573,1.589503573,1.589503573,1.589503573,,,
08/01/2014,1.595247709,1.595247709,1.595247709,1.595247709,1.595247709,1.595247709,,,
09/01/2014,1.602165003,1.602165003,1.602165003,1.602165003,1.602165003,1.602165003,,,
10/01/2014,1.612200204,1.612200204,1.612200204,1.612200204,1.612200204,1.612200204,,,
11/01/2014,1.623883472,1.623883472,1.623883472,1.623883472,1.623883472,1.623883472,,,
12/01/2014,1.637291955,1.637291955,1.637291955,1.637291955,1.637291955,1.637291955,,,
01/01/2015,1.646548037,1.646548037,1.646548037,1.646548037,1.646548037,1.646548037,,,
02/01/2015,1.652402639,1.652402639,1.652402639,1.652402639,1.652402639,1.652402639,,,
03/01/2015,1.656919295,1.656919295,1.656919295,1.656919295,1.656919295,1.656919295,,,
04/01/2015,1.660559551,1.660559551,1.660559551,1.660559551,1.660559551,1.660559551,,,
05/01/2015,1.664771756,1.664771756,1.664771756,1.664771756,1.664771756,1.664771756,,,
06/01/2015,1.670825909,1.670825909,1.670825909,1.670825909,1.670825909,1.670825909,,,
07/01/2015,1.677004614,1.677004614,1.677004614,1.677004614,1.677004614,1.677004614,,,
08/01/2015,1.684892533,1.684892533,1.684892533,1.684892533,1.684892533,1.684892533,,,
09/01/2015,1.695089361,1.695089361,1.695089361,1.695089361,1.695089361,1.695089361,,,
10/01/2015,1.704979277,1.704979277,1.704979277,1.704979277,1.704979277,1.704979277,,,
11/01/2015,1.713856701,1.713856701,1.713856701,1.713856701,1.713856701,1.713856701,,,
12/01/2015,1.72160786,1.72160786,1.72160786,1.72160786,1.72160786,1.72160786,,,
01/01/2016,1.727684402,1.727684402,1.727684402,1.727684402,1.727684402,1.727684402,,,
02/01/2016,1.73372842,1.73372842,1.73372842,1.73372842,1.73372842,1.73372842,,,
03/01/2016,1.739603058,1.739603058,1.739603058,1.739603058,1.739603058,1.739603058,,,
04/01/2016,1.745747547,1.745747547,1.745747547,1.745747547,1.745747547,1.745747547,,,
05/01/2016,1.750868037,1.750868037,1.750868037,1.750868037,1.750868037,1.750868037,,,
06/01/2016,1.755373877,1.755373877,1.755373877,1.755373877,1.755373877,1.755373877,,,
07/01/2016,1.759587806,1.759587806,1.759587806,1.759587806,1.759587806,1.759587806,,,
08/01/2016,1.764194727,1.764194727,1.764194727,1.764194727,1.764194727,1.764194727,,,
09/01/2016,1.767934298,1.767934298,1.767934298,1.767934298,1.767934298,1.767934298,,,
10/01/2016,1.771606787,1.771606787,1.771606787,1.771606787,1.771606787,1.771606787,,,
11/01/2016,1.775156976,1.775156976,1.775156976,1.775156976,1.775156976,1.775156976,,,
12/01/2016,1.778522206,1.778522206,1.778522206,1.778522206,1.778522206,1.778522206,,,
01/01/2017,1.781980843,1.781980843,1.781980843,1.781980843,1.781980843,1.781980843,,,
02/01/2017,1.784058301,1.784058301,1.784058301,1.784058301,1.784058301,1.784058301,,,
03/01/2017,1.785910123,1.785910123,1.785910123,1.785910123,1.785910123,1.785910123,,,
04/01/2017,1.787790057,1.787790057,1.787790057,1.787790057,1.787790057,1.787790057,,,
05/01/2017,1.789189858,1.789189858,1.789189858,1.789189858,1.789189858,1.789189858,,,
06/01/2017,1.789667622,1.789667622,1.789667622,1.789667622,1.789667622,1.789667622,,,
07/01/2017,1.790736048,1.790736048,1.790736048,1.790736048,1.790736048,1.790736048,,,
08/01/2017,1.793351811,1.793351811,1.793351811,1.793351811,1.793351811,1.793351811,,,
09/01/2017,1.795917383,1.795917383,1.795917383,1.795917383,1.795917383,1.795917383,,,
10/01/2017,1.799527138,1.799527138,1.799527138,1.799527138,1.799527138,1.799527138,,,
11/01/2017,1.802788758,1.802788758,1.802788758,1.802788758,1.802788758,1.802788758,,,
12/01/2017,1.804632796,1.804632796,1.804632796,1.804632796,1.804632796,1.804632796,,,
01/01/2018,1.804036555,1.804036555,1.804036555,1.804036555,1.804036555,1.804036555,,,
02/01/2018,1.801270955,1.801270955,1.801270955,1.801270955,1.801270955,1.801270955,,,
03/01/2018,1.797797276,1.797797276,1.797797276,1.797797276,1.797797276,1.797797276,,,
04/01/2018,1.79390584,1.79390584,1.79390584,1.79390584,1.79390584,1.79390584,,,
05/01/2018,1.79092938,1.79092938,1.79092938,1.79092938,1.79092938,1.79092938,,,
06/01/2018,1.792543711,1.792543711,1.792543711,1.792543711,1.792543711,1.792543711,,,
07/01/2018,1.794687855,1.794687855,1.794687855,1.794687855,1.794687855,1.794687855,,,
08/01/2018,1.796449247,1.796449247,1.796449247,1.796449247,1.796449247,1.796449247,,,
09/01/2018,1.797732604,1.797732604,1.797732604,1.797732604,1.797732604,1.797732604,,,
10/01/2018,1.79886479,1.79886479,1.79886479,1.79886479,1.79886479,1.79886479,,,
11/01/2018,1.800570275,1.800570275,1.800570275,1.800570275,1.800570275,1.800570275,,,
12/01/2018,1.802411415,1.802411415,1.802411415,1.802411415,1.802411415,1.802411415,,,
01/01/2019,1.804546619,1.804546619,1.804546619,1.804546619,1.804546619,1.804546619,,,
02/01/2019,1.806276988,1.806276988,1.806276988,1.806276988,1.806276988,1.806276988,,,
03/01/2019,1.809171759,1.809171759,1.809171759,1.809171759,1.809171759,1.809171759,,,
04/01/2019,1.812053888,1.812053888,1.812053888,1.812053888,1.812053888,1.812053888,,,
05/01/2019,1.815449587,1.815449587,1.815449587,1.815449587,1.815449587,1.815449587,,,
06/01/2019,1.818654431,1.818654431,1.818654431,1.818654431,1.818654431,1.818654431,,,
07/01/2019,1.822754427,1.822754427,1.822754427,1.822754427,1.822754427,1.822754427,,,
08/01/2019,1.826861033,1.826861033,1.826861033,1.826861033,1.826861033,1.826861033,,,
09/01/2019,1.830339818,1.830339818,1.830339818,1.830339818,1.830339818,1.830339818,,,
10/01/2019,1.833722615,1.833722615,1.833722615,1.833722615,1.833722615,1.833722615,,,
11/01/2019,1.837599659,1.837599659,1.837599659,1.837599659,1.837599659,1.837599659,,,
12/01/2019,1.841179254,1.841179254,1.841179254,1.841179254,1.841179254,1.841179254,,,
01/01/2020,1.845076933,1.845076933,1.845076933,1.845076933,1.845076933,1.845076933,,,
02/01/2020,1.849372867,1.849372867,1.849372867,1.849372867,1.849372867,1.849372867,,,
03/01/2020,1.854123242,1.854123242,1.854123242,1.854123242,1.854123242,1.854123242,,,
04/01/2020,1.858509162,1.858509162,1.858509162,1.858509162,1.858509162,1.858509162,,,
05/01/2020,1.863793604,1.863793604,1.863793604,1.863793604,1.863793604,1.863793604,,,
06/01/2020,1.870177755,1.870177755,1.870177755,1.870177755,1.870177755,1.870177755,,,
07/01/2020,1.877305315,1.877305315,1.877305315,1.877305315,1.877305315,1.877305315,,,
08/01/2020,1.884735472,1.884735472,1.884735472,1.884735472,1.884735472,1.884735472,,,
09/01/2020,1.893380339,1.893380339,1.893380339,1.893380339,1.893380339,1.893380339,,,
10/01/2020,1.902012745,1.902012745,1.902012745,1.902012745,1.902012745,1.902012745,,,
11/01/2020,1.911363565,1.911363565,1.911363565,1.911363565,1.911363565,1.911363565,,,
12/01/2020,1.919136671,1.919136671,1.919136671,1.919136671,1.919136671,1.919136671,,,
01/01/2021,1.926798037,1.926798037,1.926798037,1.926798037,1.926798037,1.926798037,,,
02/01/2021,1.934088284,1.934088284,1.934088284,1.934088284,1.934088284,1.934088284,,,
03/01/2021,1.940223595,1.940223595,1.940223595,1.940223595,1.940223595,1.940223595,,,
04/01/2021,1.947409995,1.947409995,1.947409995,1.947409995,1.947409995,1.947409995,,,
05/01/2021,1.954537274,1.954537274,1.954537274,1.954537274,1.954537274,1.954537274,,,
06/01/2021,1.961113097,1.961113097,1.961113097,1.961113097,1.961113097,1.961113097,,,
07/01/2021,1.967934992,1.967934992,1.967934992,1.967934992,1.967934992,1.967934992,,,
08/01/2021,1.974758158,1.974758158,1.974758158,1.974758158,1.974758158,1.974758158,,,
09/01/2021,1.981311147,1.981311147,1.981311147,1.981311147,1.981311147,1.981311147,,,
10/01/2021,1.987537033,1.987537033,1.987537033,1.987537033,1.987537033,1.987537033,,,
11/01/2021,1.993677458,1.993677458,1.993677458,1.993677458,1.993677458,1.993677458,,,
12/01/2021,1.999731924,1.999731924,1.999731924,1.999731924,1.999731924,1.999731924,,,
01/01/2022,2.004392359,2.004392359,2.004392359,2.004392359,2.004392359,2.004392359,,,
02/01/2022,2.008913404,2.008913404,2.008913404,2.008913404,2.008913404,2.008913404,,,
03/01/2022,2.012959535,2.012959535,2.012959535,2.012959535,2.012959535,2.012959535,,,
04/01/2022,2.016961676,2.016961676,2.016961676,2.016961676,2.016961676,2.016961676,,,
05/01/2022,2.021040762,2.021040762,2.021040762,2.021040762,2.021040762,2.021040762,,,
06/01/2022,2.025029959,2.025029959,2.025029959,2.025029959,2.025029959,2.025029959,,,
07/01/2022,2.028643202,2.028643202,2.028643202,2.028643202,2.028643202,2.028643202,,,
08/01/2022,2.03221917,2.03221917,2.03221917,2.03221917,2.03221917,2.03221917,,,
09/01/2022,2.03564865,2.03564865,2.03564865,2.03564865,2.03564865,2.03564865,,,
10/01/2022,2.03846689,2.03846689,2.03846689,2.03846689,2.03846689,2.03846689,,,
11/01/2022,2.04163594,2.04163594,2.04163594,2.04163594,2.04163594,2.04163594,,,
12/01/2022,2.044809403,2.044809403,2.044809403,2.044809403,2.044809403,2.044809403,,,
01/01/2023,2.047638995,2.047638995,2.047638995,2.047638995,2.047638995,2.047638995,,,
02/01/2023,2.050704882,2.050704882,2.050704882,2.050704882,2.050704882,2.050704882,,,
03/01/2023,2.053549568,2.053549568,2.053549568,2.053549568,2.053549568,2.053549568,,,
04/01/2023,2.056083416,2.056083416,2.056083416,2.056083416,2.056083416,2.056083416,,,
05/01/2023,2.058811148,2.058811148,2.058811148,2.058811148,2.058811148,2.058811148,,,
06/01/2023,2.061589637,2.061589637,2.061589637,2.061589637,2.061589637,2.061589637,,,
07/01/2023,2.063980976,2.063980976,2.063980976,2.063980976,2.063980976,2.063980976,,,
08/01/2023,2.066086659,2.066086659,2.066086659,2.066086659,2.066086659,2.066086659,,,
09/01/2023,2.068369522,2.068369522,2.068369522,2.068369522,2.068369522,2.068369522,,,
10/01/2023,2.070445861,2.070445861,2.070445861,2.070445861,2.070445861,2.070445861,,,
11/01/2023,2.072160087,2.072160087,2.072160087,2.072160087,2.072160087,2.072160087,,,
12/01/2023,2.073759958,2.073759958,2.073759958,2.073759958,2.073759958,2.073759958,,,
01/01/2024,2.071364903,2.071364903,2.071364903,2.071364903,2.071364903,2.071364903,,,
02/01/2024,2.07179038,2.07179038,2.07179038,2.072121752,2.071759355,2.071949302,,,
03/01/2024,2.072378529,2.072378529,2.072378529,2.072757443,2.072390925,2.07274621,,,
04/01/2024,2.072598834,2.072598834,2.070128349,2.073391313,2.073055582,2.073584147,,,
05/01/2024,2.072723957,2.072723957,2.070286058,2.074026944,2.073220857,2.07471539,,,
06/01/2024,2.07273369,2.07273369,2.070442434,2.074768351,2.073283384,2.07592617,,,
07/01/2024,2.072635052,2.072635052,2.070586728,2.075471741,2.073223716,2.077181153,,,
08/01/2024,2.072421233,2.072421233,2.070729006,2.076182901,2.073065153,2.078533368,,,
09/01/2024,2.072103109,2.072103109,2.070868345,2.076878256,2.072803313,2.079944243,,,
10/01/2024,2.071704131,2.071704131,2.071000811,2.077540953,2.072446349,2.081372487,,,
11/01/2024,2.071236755,2.071236755,2.071134391,2.078219995,2.072026003,2.082930771,,,
12/01/2024,2.070763639,2.070763639,2.071260321,2.078868304,2.071583896,2.084520657,,,
01/01/2025,2.070261061,2.070261061,2.071386628,2.07952739,2.071125952,2.086222318,,,
02/01/2025,2.069749856,2.069749856,2.07150921,2.08017492,2.070659421,2.088022085,,,
03/01/2025,2.069283413,2.069705591,2.071616922,2.080750176,2.070192249,2.089764999,,,
04/01/2025,2.068762846,2.069678391,2.071732629,2.081375118,2.070122236,2.091687301,,,
05/01/2025,2.068256058,2.06966377,2.071841403,2.081968624,2.070120021,2.093324341,,,
06/01/2025,2.067729573,2.069655483,2.071950393,2.082569814,2.070130427,2.094973606,,,
07/01/2025,2.067217573,2.069650877,2.072052629,2.08314021,2.07014826,2.096546566,,,
08/01/2025,2.066686272,2.0696482,2.072155194,2.083717841,2.070170029,2.098152647,,,
09/01/2025,2.066152636,2.069646758,2.072254604,2.08428368,2.070194012,2.099734837,,,
10/01/2025,2.065634048,2.069645889,2.072347922,2.084820353,2.070219186,2.101242742,,,
11/01/2025,2.065095987,2.069645337,2.072441471,2.085363566,2.07024502,2.102773625,,,
12/01/2025,2.064752423,2.06964515,2.072529476,2.085878876,2.070271315,2.10423136,,,
01/01/2026,2.064706589,2.06964519,2.072617678,2.086400494,2.070297759,2.105710463,,,
02/01/2026,2.064681476,2.069645168,2.072703084,2.086911096,2.070324129,2.10716345,,,
03/01/2026,2.064668133,2.069645012,2.072778059,2.087363577,2.070350462,2.108457569,,,
04/01/2026,2.064659887,2.069644922,2.07285865,2.087854229,2.070376846,2.109862257,,,
05/01/2026,2.064655351,2.069644863,2.072934273,2.088319411,2.070403114,2.111199295,,,
06/01/2026,2.064652645,2.069644741,2.073010063,2.08879011,2.070429349,2.112555758,,,
07/01/2026,2.064651245,2.06964476,2.073081334,2.089236516,2.07045559,2.113847151,,,
08/01/2026,2.064650508,2.069644842,2.073152795,2.089691063,2.070481805,2.115157382,,,
09/01/2026,2.064650172,2.069644961,2.073222093,2.090141819,2.07050795,2.116444721,,,
10/01/2026,2.064649947,2.069644986,2.073287102,2.090572542,2.070533951,2.117670295,,,
11/01/2026,2.064649819,2.069645002,2.073352336,2.091011231,2.070559966,2.118913854,,,
12/01/2026,2.064649769,2.069645029,2.073413546,2.091429263,2.07058585,2.120097846,,,
01/01/2027,2.064649695,2.069645002,2.0734749,2.091854147,2.07061168,2.121299156,,,
02/01/2027,2.0646497,2.069645031,2.073534435,2.092271852,2.07063748,2.122479641,,,
03/01/2027,2.064649728,2.069645071,2.073586716,2.092643186,2.070663198,2.123531765,,,
04/01/2027,2.064649749,2.069645097,2.073642866,2.09304706,2.07068887,2.124673601,,,
05/01/2027,2.064649715,2.069645067,2.073695536,2.09343104,2.070714402,2.125760859,,,
06/01/2027,2.064649512,2.069644871,2.073748228,2.093820498,2.070739768,2.126863871,,,
07/01/2027,2.064649266,2.069644635,2.073797583,2.094190734,2.07076512,2.127914275,,,
08/01/2027,2.064649098,2.069644474,2.07384754,2.094566277,2.070790445,2.128980055,,,
09/01/2027,2.064648988,2.069644366,2.073896466,2.094934869,2.070815723,2.130027403,,,
10/01/2027,2.06464898,2.069644362,2.073943036,2.09528522,2.070841022,2.131024947,,,
11/01/2027,2.064649019,2.069644401,2.073990368,2.095640444,2.070866224,2.132037025,,,
12/01/2027,2.064649159,2.069644539,2.074035462,2.095978145,2.070891513,2.133001126,,,
01/01/2028,2.064649283,2.06964466,2.074080883,2.096320362,2.070916563,2.133979105,,,
02/01/2028,2.064649302,2.069644678,2.074125402,2.096656248,2.070941656,2.134940342,,,
03/01/2028,2.064649326,2.069644703,2.074166063,2.096964813,2.070966574,2.13582659,,,
04/01/2028,2.064649365,2.069644741,2.074208594,2.097288501,2.070991515,2.136755915,,,
05/01/2028,2.064649357,2.069644734,2.074248714,2.097595904,2.071016298,2.137640966,,,
06/01/2028,2.064649235,2.069644616,2.074289176,2.097907522,2.071041019,2.138538867,,,
07/01/2028,2.064649009,2.069644396,2.07432731,2.098203425,2.071065583,2.139393987,,,
08/01/2028,2.064648808,2.069644201,2.074365906,2.098503515,2.071090211,2.140261636,,,
09/01/2028,2.06464853,2.069643931,2.074403322,2.098797679,2.071114597,2.141114084,,,
10/01/2028,2.064648616,2.069644014,2.074439043,2.09907746,2.071139248,2.14192646,,,
11/01/2028,2.064648848,2.069644239,2.074475112,2.099361126,2.071163857,2.142750664,,,
12/01/2028,2.064648957,2.069644348,2.074509059,2.099630444,2.071188262,2.143535654,,,
01/01/2029,2.064648892,2.069644285,2.074543278,2.099903432,2.071212604,2.144331987,,,
02/01/2029,2.064648774,2.069644172,2.07457662,2.100171172,2.07123684,2.14511453,,,
03/01/2029,2.064648654,2.069644055,2.074606109,2.100408876,2.071261065,2.145812832,,,
04/01/2029,2.064648581,2.069643984,2.074637978,2.100667008,2.071285241,2.146569962,,,
05/01/2029,2.064648572,2.069643976,2.074668163,2.100912306,2.071309416,2.147291349,,,
06/01/2029,2.064648456,2.069643864,2.074698402,2.101160749,2.071333354,2.14802289,,,
07/01/2029,2.064648188,2.069643603,2.074727009,2.101396768,2.071357293,2.148721499,,,
08/01/2029,2.064647956,2.069643376,2.074755827,2.101635977,2.071381153,2.149432739,,,
09/01/2029,2.064647789,2.069643214,2.074784031,2.101870714,2.071405043,2.150135849,,,
10/01/2029,2.064647869,2.069643292,2.074810856,2.102093863,2.071429027,2.150808999,,,
11/01/2029,2.064648004,2.069643423,2.074837811,2.102319971,2.071452867,2.151493829,,,
12/01/2029,2.064647883,2.069643305,2.074863117,2.102534569,2.071476489,2.152147471,,,
01/01/2030,2.0646476,2.069643032,2.074888615,2.102752067,2.071500054,2.152811488,,,
02/01/2030,2.064647404,2.069642841,2.074913579,2.1029655,2.07152366,2.15346504,,,
03/01/2030,2.064647262,2.069642703,2.074935574,2.103154891,2.071547166,2.154049058,,,
04/01/2030,2.064647156,2.069642602,2.074959419,2.103360655,2.071570689,2.15468257,,,
05/01/2030,2.064647152,2.069642599,2.074981983,2.103556142,2.071594204,2.155286812,,,
06/01/2030,2.064647143,2.069642588,2.075004713,2.103754276,2.071617635,2.155900095,,,
07/01/2030,2.064647108,2.069642554,2.075026192,2.103942472,2.071640997,2.156484837,,,
08/01/2030,2.064647097,2.069642547,2.075047883,2.104133256,2.071664331,2.157078245,,,
09/01/2030,2.06464715,2.069642599,2.075069105,2.104320461,2.071687668,2.157661883,,,
10/01/2030,2.064647279,2.069642725,2.075089196,2.104498332,2.071710973,2.158218417,,,
11/01/2030,2.064647389,2.069642835,2.075109402,2.104678571,2.071734167,2.158783015,,,
12/01/2030,2.06464745,2.069642895,2.075128525,2.104849806,2.071757344,2.159321413,,,
01/01/2031,2.064647505,2.069642949,2.075147786,2.105023352,2.071780429,2.159867601,,,
02/01/2031,2.064647633,2.069643073,2.075166712,2.105193727,2.071803578,2.160404822,,,
03/01/2031,2.064647843,2.069643277,2.075183422,2.105344952,2.071826633,2.160885021,,,
04/01/2031,2.064648017,2.069643447,2.075201496,2.105509211,2.071849652,2.161405265,,,
05/01/2031,2.064648209,2.069643631,2.075218629,2.105665299,2.071851404,2.161901453,,,
06/01/2031,2.064648282,2.069643699,2.075235759,2.105823363,2.071851371,2.162404577,,,
07/01/2031,2.064648334,2.06964375,2.075252105,2.105973662,2.07185141,2.162884489,,,
08/01/2031,2.064648296,2.069643715,2.075268335,2.10612574,2.071851357,2.163370922,,,
09/01/2031,2.06464839,2.069643806,2.075284413,2.106275162,2.071851445,2.163849491,,,
10/01/2031,2.06464857,2.069643981,2.075299604,2.106417092,2.071851612,2.164305868,,,
11/01/2031,2.064648654,2.069644064,2.075314841,2.106560869,2.071851675,2.164768631,,,
12/01/2031,2.06464867,2.069644081,2.075329272,2.106697469,2.071851685,2.165210018,,,
01/01/2032,2.064648695,2.069644104,2.075343809,2.106835914,2.071851714,2.165657665,,,
02/01/2032,2.064648719,2.069644128,2.075358023,2.106971746,2.071851737,2.166097833,,,
03/01/2032,2.06464866,2.069644071,2.075370898,2.107096416,2.071851678,2.166504474,,,
04/01/2032,2.064648483,2.069643899,2.075384325,2.10722713,2.071851517,2.166930257,,,
05/01/2032,2.064648138,2.069643565,2.07539682,2.10735108,2.071851194,2.167336056,,,
06/01/2032,2.064648095,2.069643523,2.07540961,2.107476913,2.071851152,2.167747789,,,
07/01/2032,2.064648099,2.069643527,2.07542178,2.107596489,2.071851158,2.168140673,,,
08/01/2032,2.064648035,2.069643463,2.075433892,2.107717557,2.071851109,2.168538932,,,
09/01/2032,2.064647822,2.069643254,2.075445706,2.107836305,2.071850923,2.168930498,,,
10/01/2032,2.064647663,2.069643098,2.075456918,2.107949144,2.071850789,2.169304116,,,
11/01/2032,2.064647623,2.069643057,2.075468289,2.108063587,2.071850759,2.169683052,,,
12/01/2032,2.064647589,2.069643025,2.075478976,2.108172229,2.071850729,2.17004452,,,
01/01/2033,2.06464753,2.069642966,2.075489789,2.10828239,2.07185068,2.170411105,,,
02/01/2033,2.064647411,2.06964285,2.075500231,2.108390331,2.071850577,2.170771444,,,
03/01/2033,2.064647351,2.069642791,2.075509615,2.108486305,2.071850523,2.17109439,,,
04/01/2033,2.064647278,2.069642721,2.075519542,2.108590312,2.071850455,2.171443321,,,
05/01/2033,2.064647179,2.069642625,2.075529096,2.108689278,2.07185036,2.17177648,,,
06/01/2033,2.064647286,2.06964273,2.075538762,2.108789626,2.071850454,2.172114349,,,
07/01/2033,2.064647224,2.069642669,2.075547689,2.108884728,2.071850399,2.172436547,,,
08/01/2033,2.064647064,2.069642513,2.075556797,2.108981228,2.071850253,2.172763315,,,
09/01/2033,2.064647031,2.06964248,2.075565706,2.109075911,2.07185023,2.173084731,,,
10/01/2033,2.064647042,2.069642487,2.075574166,2.109165866,2.071850257,2.173391599,,,
11/01/2033,2.064647164,2.069642604,2.075582803,2.109257197,2.071850382,2.173702859,,,
12/01/2033,2.064647487,2.069642916,2.075591101,2.109344086,2.071850689,2.174000208,,,
01/01/2034,2.064647481,2.06964291,2.075599262,2.109431949,2.071850686,2.174301423,,,
02/01/2034,2.064647577,2.069643002,2.075607387,2.109518302,2.07185078,2.174597872,,,
03/01/2034,2.06464781,2.069643228,2.075614591,2.109594981,2.071851001,2.17486385,,,
04/01/2034,2.06464788,2.069643294,2.075622208,2.109678086,2.071851073,2.175150926,,,
05/01/2034,2.064647868,2.06964328,2.075629505,2.109757121,2.07185107,2.175425133,,,
06/01/2034,2.06464782,2.069643232,2.075636729,2.109837093,2.07185104,2.175702935,,,
07/01/2034,2.064647738,2.069643149,2.075643659,2.109913156,2.071850977,2.175968305,,,
08/01/2034,2.064647712,2.069643124,2.075650587,2.109990189,2.071850953,2.176237191,,,
09/01/2034,2.064647685,2.069643098,2.07565741,2.110065811,2.071850925,2.176501735,,,
10/01/2034,2.064647675,2.06964309,2.0756638,2.110137577,2.071850909,2.176754293,,,
11/01/2034,2.064647691,2.069643108,2.075670323,2.110210396,2.071850907,2.177010344,,,
12/01/2034,2.06464773,2.069643148,2.075676426,2.110279498,2.07185093,2.177254866,,,
01/01/2035,2.064647876,2.069643288,2.075682766,2.110349738,2.071851074,2.17750299,,,
02/01/2035,2.064647876,2.069643291,2.075688808,2.11041849,2.071851068,2.177746875,,,
03/01/2035,2.064647924,2.069643338,2.07569422,2.110479591,2.071851106,2.177966111,,,
04/01/2035,2.064648058,2.069643467,2.075700094,2.110545979,2.071851235,2.178202665,,,
05/01/2035,2.064648176,2.069643581,2.075705623,2.110609016,2.071851346,2.178428657,,,
06/01/2035,2.064648152,2.069643557,2.075711081,2.110672787,2.071851323,2.17865752,,,
07/01/2035,2.064648154,2.069643556,2.07571641,2.110733537,2.071851339,2.17887648,,,
08/01/2035,2.064648069,2.069643473,2.075721521,2.110794838,2.071851269,2.179097967,,,
09/01/2035,2.064647984,2.069643389,2.075726561,2.110855014,2.071851196,2.179315917,,,
10/01/2035,2.064647974,2.069643379,2.075731494,2.110912345,2.071851189,2.179524413,,,
11/01/2035,2.064648107,2.06964351,2.075736443,2.110970431,2.071851304,2.17973567,,,
12/01/2035,2.064648262,2.069643662,2.075741192,2.11102568,2.071851438,2.179937716,,,
01/01/2036,2.064648308,2.069643708,2.075745795,2.111081487,2.071851471,2.180142201,,,
02/01/2036,2.064648154,2.06964356,2.075750251,2.111136184,2.071851321,2.180343323,,,
03/01/2036,2.064648088,2.069643496,2.075754428,2.111186539,2.071851255,2.180530124,,,
04/01/2036,2.064648171,2.069643579,2.075758823,2.111239379,2.071851326,2.180725218,,,
05/01/2036,2.064648253,2.069643661,2.075762935,2.111289524,2.071851384,2.180911713,,,
06/01/2036,2.064648354,2.069643761,2.07576716,2.111340434,2.071851466,2.181100782,,,
07/01/2036,2.064648472,2.069643877,2.075771104,2.111388742,2.071851571,2.181281559,,,
08/01/2036,2.064648488,2.069643892,2.075775041,2.111437666,2.071851586,2.181464671,,,
09/01/2036,2.064648445,2.069643848,2.075778875,2.11148565,2.071851563,2.181644897,,,
10/01/2036,2.064648336,2.06964374,2.075782422,2.111531144,2.071851469,2.181817145,,,
11/01/2036,2.064648161,2.069643571,2.075785987,2.111577235,2.0718513,2.181991574,,,
12/01/2036,2.064647898,2.069643316,2.075789231,2.111620879,2.071851058,2.182158286,,,
01/01/2037,2.064647754,2.069643176,2.075792734,2.111665334,2.071850928,2.182327416,,,
02/01/2037,2.064647761,2.069643183,2.075796055,2.111708907,2.071850935,2.182493777,,,
03/01/2037,2.064647623,2.069643051,2.07579891,2.111747454,2.071850798,2.182643752,,,
04/01/2037,2.064647497,2.06964293,2.075802075,2.111789395,2.071850675,2.182805124,,,
05/01/2037,2.064647462,2.069642893,2.075805077,2.111829247,2.071850654,2.182959634,,,
06/01/2037,2.064647541,2.06964297,2.07580823,2.111869775,2.071850737,2.183116287,,,
07/01/2037,2.064647619,2.069643043,2.075811097,2.111908156,2.071850812,2.183266141,,,
08/01/2037,2.064647744,2.069643168,2.075814166,2.111947322,2.071850913,2.183418058,,,
09/01/2037,2.064647759,2.069643181,2.075817041,2.111985844,2.071850931,2.183567544,,,
10/01/2037,2.064647686,2.069643109,2.075819643,2.112022441,2.07185087,2.183710528,,,
11/01/2037,2.0646475,2.069642929,2.075822246,2.112059609,2.071850698,2.183855242,,,
12/01/2037,2.064647373,2.069642807,2.075824755,2.112095031,2.071850573,2.183993862,,,
01/01/2038,2.064647349,2.069642785,2.075827319,2.112131036,2.07185054,2.18413426,,,
02/01/2038,2.064647428,2.069642864,2.075829887,2.112166482,2.0718506,2.184272571,,,
03/01/2038,2.064647444,2.069642882,2.075832025,2.112197847,2.071850605,2.18439757,,,
04/01/2038,2.064647403,2.069642842,2.075834426,2.112232049,2.071850568,2.184531826,,,
05/01/2038,2.064647442,2.069642879,2.075836688,2.112264568,2.071850605,2.184660467,,,
06/01/2038,2.064647452,2.069642891,2.075838936,2.112297525,2.071850601,2.184790613,,,
07/01/2038,2.064647429,2.069642871,2.075841058,2.112328855,2.071850571,2.184915382,,,
08/01/2038,2.064647266,2.069642712,2.075843033,2.112360465,2.07185043,2.185041479,,,
09/01/2038,2.064647176,2.069642622,2.075845201,2.11239175,2.071850353,2.185165937,,,
10/01/2038,2.064647153,2.069642599,2.075847059,2.112421312,2.071850338,2.185285045,,,
11/01/2038,2.064646935,2.069642387,2.075848909,2.112451443,2.071850138,2.185405521,,,
12/01/2038,2.064646712,2.06964217,2.075850642,2.112480163,2.071849936,2.185521023,,,
01/01/2039,2.064646615,2.069642074,2.075852521,2.112509519,2.071849857,2.185638101,,,
02/01/2039,2.064646721,2.069642175,2.075854451,2.112538518,2.071849968,2.18575358,,,
03/01/2039,2.064646873,2.069642322,2.075856129,2.112564297,2.071850109,2.185858346,,,
04/01/2039,2.064646845,2.069642295,2.075857847,2.112592201,2.071850085,2.185970366,,,
05/01/2039,2.064646842,2.069642291,2.075859608,2.112618955,2.07185009,2.186078061,,,
06/01/2039,2.064646993,2.069642436,2.075861373,2.112646124,2.071850238,2.186187063,,,
07/01/2039,2.06464711,2.06964255,2.07586304,2.112671974,2.071850344,2.186291645,,,
08/01/2039,2.064647082,2.069642523,2.075864573,2.112698058,2.071850315,2.186397292,,,
09/01/2039,2.064646997,2.069642439,2.075866161,2.112723778,2.071850242,2.186501484,,,
10/01/2039,2.064646996,2.069642436,2.07586766,2.112748247,2.071850254,2.186601522,,,
11/01/2039,2.064646991,2.069642429,2.075869176,2.112773088,2.071850259,2.186702724,,,
12/01/2039,2.064646831,2.069642273,2.075870433,2.112796521,2.071850119,2.18679968,,,
01/01/2040,2.064646772,2.069642213,2.075871994,2.112820618,2.071850075,2.186898108,,,
02/01/2040,2.064646956,2.069642391,2.075873495,2.112844277,2.071850255,2.186995123,,,
03/01/2040,2.064647059,2.06964249,2.075874836,2.112866006,2.071850351,2.18708583,,,
04/01/2040,2.064647145,2.069642572,2.075876288,2.112888913,2.071850439,2.187180209,,,
05/01/2040,2.064647309,2.069642729,2.075877719,2.112910742,2.071850602,2.187270941,,,
06/01/2040,2.064647359,2.069642777,2.075879005,2.112932728,2.071850651,2.187362528,,,
07/01/2040,2.064647328,2.069642746,2.07588031,2.112953729,2.071850632,2.187450652,,,
08/01/2040,2.064647357,2.069642772,2.075881599,2.112975014,2.071850667,2.187539737,,,
09/01/2040,2.064647394,2.069642808,2.075882901,2.112995958,2.0718507,2.187627564,,,
10/01/2040,2.064647478,2.069642891,2.075884144,2.113015888,2.071850769,2.187712016,,,
11/01/2040,2.064647395,2.06964281,2.075885205,2.113035902,2.071850696,2.187797191,,,
12/01/2040,2.064647391,2.069642806,2.075886487,2.113055228,2.071850693,2.187879398,,,
01/01/2041,2.064647565,2.069642972,2.075887695,2.113074771,2.071850864,2.18796253,,,
02/01/2041,2.064647538,2.069642945,2.07588876,2.113093832,2.071850853,2.188044287,,,
03/01/2041,2.064647472,2.069642881,2.075889776,2.113110842,2.07185079,2.188119101,,,
04/01/2041,2.064647571,2.069642979,2.075890952,2.113129416,2.071850871,2.188198821,,,
05/01/2041,2.064647707,2.069643111,2.075892141,2.113147171,2.071850995,2.188275681,,,
06/01/2041,2.064647837,2.069643237,2.075893187,2.113165035,2.071851119,2.188353242,,,
07/01/2041,2.064648018,2.069643411,2.075894424,2.113182291,2.07185129,2.18842819,,,
08/01/2041,2.06464818,2.069643569,2.075895408,2.113199526,2.071851437,2.188503652,,,
09/01/2041,2.064648095,2.069643487,2.075896388,2.11321646,2.071851357,2.188578061,,,
10/01/2041,2.064648169,2.06964356,2.075897464,2.113232724,2.071851424,2.188649891,,,
11/01/2041,2.064648349,2.069643734,2.075898519,2.113249204,2.071851588,2.188722477,,,
12/01/2041,2.064648386,2.069643769,2.075899422,2.113264775,2.071851628,2.1887923,,,
01/01/2042,2.064648451,2.069643833,2.075900464,2.113280703,2.071851676,2.188862925,,,
02/01/2042,2.064648504,2.069643886,2.075901443,2.113296309,2.071851722,2.188932586,,,
03/01/2042,2.064648566,2.069643944,2.075902282,2.113310158,2.071851787,2.188996564,,,
04/01/2042,2.064648587,2.069643962,2.075903192,2.113325214,2.07185182,2.189064451,,,
05/01/2042,2.064648557,2.069643932,2.075904006,2.113339485,2.071851799,2.189129855,,,
06/01/2042,2.064648543,2.069643916,2.075904901,2.113354045,2.071851799,2.189196015,,,
07/01/2042,2.064648498,2.06964387,2.075905647,2.113367784,2.071851772,2.189259699,,,
08/01/2042,2.064648508,2.069643877,2.075906577,2.113381914,2.07185179,2.189324221,,,
09/01/2042,2.064648511,2.06964388,2.075907295,2.113395586,2.071851796,2.189387664,,,
10/01/2042,2.064648319,2.069643693,2.075907948,2.113408582,2.071851621,2.189448789,,,
11/01/2042,2.064648336,2.069643709,2.075908857,2.113421917,2.071851645,2.18951087,,,
12/01/2042,2.06464846,2.069643825,2.0759096,2.113434572,2.071851781,2.189570697,,,
01/01/2043,2.064648427,2.069643792,2.075910324,2.113447379,2.071851758,2.189631017,,,
02/01/2043,2.064648364,2.06964373,2.075911029,2.113459955,2.071851703,2.189690585,,,
03/01/2043,2.064648355,2.069643719,2.075911707,2.113471188,2.071851706,2.189745567,,,
04/01/2043,2.064648446,2.069643805,2.075912512,2.113483493,2.071851806,2.189803895,,,
05/01/2043,2.064648427,2.069643785,2.075913086,2.113494984,2.071851796,2.189859934,,,
06/01/2043,2.064648434,2.069643792,2.075913877,2.113506897,2.071851796,2.189916793,,,
07/01/2043,2.06464853,2.069643886,2.075914621,2.113518075,2.071851885,2.189971573,,,
08/01/2043,2.064648533,2.069643888,2.075915331,2.1135295,2.071851892,2.19002697,,,
09/01/2043,2.064648578,2.069643931,2.075915994,2.113540686,2.071851936,2.190081618,,,
10/01/2043,2.064648584,2.069643936,2.075916624,2.113551331,2.071851946,2.190134481,,,
11/01/2043,2.064648607,2.069643955,2.07591729,2.113562171,2.071851983,2.19018789,,,
12/01/2043,2.064648624,2.069643968,2.075917908,2.113572474,2.07185202,2.190239551,,,
01/01/2044,2.064648575,2.06964392,2.075918475,2.113582859,2.071851982,2.190291546,,,
02/01/2044,2.064648502,2.069643848,2.07591906,2.113593087,2.071851915,2.190342954,,,
03/01/2044,2.064648468,2.069643815,2.075919593,2.113602491,2.071851889,2.190391616,,,
04/01/2044,2.06464845,2.069643798,2.075920165,2.113612373,2.071851871,2.190441801,,,
05/01/2044,2.064648464,2.06964381,2.075920724,2.113621793,2.071851884,2.1904904,,,
06/01/2044,2.064648418,2.069643765,2.075921208,2.113631267,2.071851851,2.190539359,,,
07/01/2044,2.064648292,2.069643641,2.075921646,2.113640244,2.071851737,2.190586676,,,
08/01/2044,2.06464822,2.069643571,2.075922157,2.113649413,2.071851674,2.190634515,,,
09/01/2044,2.064648295,2.069643643,2.075922747,2.113658538,2.071851752,2.190681915,,,
10/01/2044,2.064648291,2.069643638,2.075923132,2.11366703,2.071851751,2.190727614,,,
11/01/2044,2.064648098,2.06964345,2.07592349,2.1136756,2.071851572,2.190773623,,,
12/01/2044,2.064648002,2.069643358,2.075923938,2.113683863,2.071851483,2.190818329,,,
01/01/2045,2.064648108,2.069643461,2.075924479,2.113692344,2.071851574,2.190863518,,,
02/01/2045,2.064648274,2.069643623,2.075925006,2.113700687,2.071851727,2.19090826,,,
03/01/2045,2.064648293,2.069643639,2.075925343,2.11370797,2.071851756,2.190949802,,,
04/01/2045,2.064648209,2.069643556,2.075925753,2.113715929,2.071851688,2.190993452,,,
05/01/2045,2.06464817,2.069643518,2.075926139,2.113723492,2.071851654,2.191035756,,,
06/01/2045,2.06464814,2.069643489,2.07592653,2.113731165,2.071851622,2.19107841,,,
07/01/2045,2.064648135,2.069643485,2.075926918,2.113738478,2.071851615,2.1911198,,,
08/01/2045,2.064648155,2.069643506,2.075927315,2.113745907,2.07185163,2.191161543,,,
09/01/2045,2.064648161,2.069643512,2.075927676,2.113753171,2.071851631,2.191202775,,,
10/01/2045,2.064648151,2.069643502,2.075928027,2.113760088,2.071851618,2.191242827,,,
11/01/2045,2.064648097,2.06964345,2.075928316,2.113767036,2.07185157,2.191283113,,,
12/01/2045,2.064648074,2.069643427,2.075928683,2.113773741,2.071851549,2.191322342,,,
01/01/2046,2.064648206,2.069643555,2.075929133,2.113780595,2.071851674,2.191362022,,,
02/01/2046,2.064648368,2.069643714,2.075929539,2.113787433,2.071851821,2.191401214,,,
03/01/2046,2.064648451,2.069643796,2.075929873,2.113793403,2.071851887,2.191437897,,,
04/01/2046,2.064648487,2.069643831,2.075930218,2.113799874,2.071851916,2.19147625,,,
05/01/2046,2.064648568,2.069643912,2.075930608,2.113806094,2.071851978,2.191513578,,,
06/01/2046,2.064648584,2.069643925,2.075930878,2.113812286,2.071852003,2.191551153,,,
07/01/2046,2.064648599,2.06964394,2.075931205,2.113818246,2.071852016,2.191587709,,,
08/01/2046,2.064648644,2.069643986,2.075931551,2.113824308,2.071852049,2.191624527,,,
09/01/2046,2.064648673,2.069644016,2.075931852,2.113830215,2.071852064,2.191660911,,,
10/01/2046,2.064648765,2.069644108,2.075932246,2.113835951,2.071852138,2.191683101,,,
11/01/2046,2.06464891,2.06964425,2.075932587,2.113841713,2.071852259,2.191702024,,,
12/01/2046,2.064648857,2.0696442,2.075932756,2.113847026,2.071852203,2.19171984,,,
01/01/2047,2.064648749,2.069644095,2.075933019,2.113852509,2.071852104,2.191738017,,,
02/01/2047,2.064648688,2.069644035,2.075933215,2.113857824,2.071852049,2.191755793,,,
03/01/2047,2.064648633,2.069643982,2.075933444,2.113862606,2.071852,2.191771654,,,
04/01/2047,2.064648668,2.069644016,2.075933719,2.113867835,2.071852032,2.191788937,,,
05/01/2047,2.064648633,2.069643982,2.075933875,2.113872699,2.071852,2.191805266,,,
06/01/2047,2.064648595,2.069643946,2.07593413,2.113877728,2.07185196,2.191821906,,,
07/01/2047,2.064648757,2.069644107,2.075934475,2.113882624,2.071852092,2.191837854,,,
08/01/2047,2.064648782,2.069644131,2.075934727,2.113887501,2.071852115,2.191853991,,,
09/01/2047,2.064648838,2.069644186,2.075934976,2.113892291,2.07185216,2.19186982,,,
10/01/2047,2.064648858,2.069644206,2.075935182,2.113896819,2.071852178,2.191884885,,,
11/01/2047,2.06464886,2.069644208,2.075935396,2.113901413,2.071852178,2.191900123,,,
12/01/2047,2.064648809,2.069644162,2.075935521,2.113905693,2.071852117,2.191914519,,,
01/01/2048,2.064648706,2.06964406,2.075935666,2.113910056,2.071852027,2.191929188,,,
02/01/2048,2.064648659,2.069644012,2.075935842,2.113914382,2.071851996,2.191943638,,,
03/01/2048,2.064648662,2.069644014,2.075936021,2.11391838,2.071852005,2.191956949,,,
04/01/2048,2.064648709,2.069644061,2.075936235,2.113922603,2.071852042,2.19197093,,,
05/01/2048,2.064648745,2.069644097,2.075936399,2.113926579,2.071852065,2.191984193,,,
06/01/2048,2.064648769,2.069644122,2.075936589,2.113930637,2.07185208,2.191997672,,,
07/01/2048,2.064648824,2.069644177,2.075936781,2.113934511,2.071852126,2.192010531,,,
08/01/2048,2.064648811,2.069644161,2.075936901,2.113938374,2.071852125,2.192023553,,,
09/01/2048,2.064648732,2.069644083,2.075937023,2.113942167,2.071852064,2.1920363,,,
10/01/2048,2.064648689,2.069644041,2.075937165,2.1139458,2.071852026,2.192048457,,,
11/01/2048,2.06464863,2.069643984,2.075937244,2.113949409,2.071851966,2.192060666,,,
12/01/2048,2.064648592,2.069643951,2.075937394,2.113952917,2.07185192,2.192072369,,,
01/01/2049,2.064648669,2.069644024,2.075937591,2.113956537,2.071851995,2.192084367,,,
02/01/2049,2.064648805,2.069644156,2.07593781,2.113960123,2.071852118,2.192096149,,,
03/01/2049,2.064648909,2.06964426,2.075937965,2.113963269,2.071852201,2.192106585,,,
04/01/2049,2.064649086,2.069644435,2.075938258,2.113966823,2.071852349,2.192118068,,,
05/01/2049,2.064649088,2.069644436,2.075938402,2.113970071,2.071852352,2.192128896,,,
06/01/2049,2.064649099,2.069644446,2.075938565,2.113973386,2.071852367,2.192139909,,,
07/01/2049,2.064649114,2.069644461,2.075938706,2.113976521,2.07185238,2.192150336,,,
08/01/2049,2.064649119,2.069644465,2.075938854,2.113979709,2.071852382,2.192160948,,,
09/01/2049,2.0646491,2.069644447,2.075938971,2.113982813,2.071852373,2.192171348,,,
10/01/2049,2.064648981,2.069644328,2.075938997,2.113985669,2.071852272,2.192181132,,,
11/01/2049,2.064648812,2.069644163,2.075939042,2.113988579,2.071852123,2.192191043,,,
12/01/2049,2.064648768,2.069644121,2.075939179,2.113991439,2.07185208,2.192200549,,,
01/01/2050,2.064648758,2.069644111,2.075939245,2.11399427,2.07185207,2.192210154,,,
02/01/2050,2.064648789,2.069644141,2.075939429,2.113997177,2.071852099,2.192219707,,,
03/01/2050,2.064648931,2.06964428,2.075939605,2.113999786,2.071852228,2.192228258,,,
04/01/2050,2.064648934,2.069644283,2.075939635,2.114002444,2.071852227,2.192237332,,,
05/01/2050,2.064648836,2.069644189,2.07593971,2.114005016,2.071852132,2.192246016,,,
06/01/2050,2.064648785,2.069644138,2.075939772,2.114007612,2.07185209,2.19225482,,,
07/01/2050,2.064648781,2.069644135,2.075939887,2.114010136,2.071852084,2.192263229,,,
08/01/2050,2.064648789,2.069644145,2.075939954,2.114012648,2.071852088,2.192271735,,,
09/01/2050,2.064648757,2.069644112,2.075940019,2.114015113,2.071852058,2.192280071,,,
10/01/2050,2.064648708,2.069644066,2.075940063,2.114017408,2.071852002,2.192287915,,,
11/01/2050,2.064648678,2.06964404,2.075940103,2.11401978,2.071851962,2.192295926,,,
12/01/2050,2.064648703,2.069644066,2.075940188,2.114022032,2.071851974,2.192303537,,,
01/01/2051,2.064648636,2.069644004,2.07594018,2.114024176,2.071851894,2.192311074,,,
02/01/2051,2.064648508,2.069643882,2.075940101,2.114026314,2.071851765,2.192318532,,,
03/01/2051,2.064648366,2.069643744,2.075939995,2.114028119,2.071851636,2.192325066,,,
04/01/2051,2.064648192,2.069643574,2.075939838,2.114030112,2.071851477,2.192332179,,,
05/01/2051,2.064648048,2.069643434,2.075939704,2.114031989,2.071851352,2.192338959,,,
06/01/2051,2.064647914,2.069643301,2.075939575,2.114033903,2.07185124,2.192345837,,,
07/01/2051,2.064647837,2.069643226,2.075939501,2.114035765,2.071851174,2.192352431,,,
08/01/2051,2.064647896,2.069643283,2.075939559,2.114037773,2.071851232,2.192359262,,,
09/01/2051,2.064647965,2.06964335,2.075939625,2.114039656,2.071851296,2.19236589,,,
10/01/2051,2.064647959,2.069643344,2.075939618,2.114041477,2.071851294,2.192372238,,,
11/01/2051,2.064647825,2.06964321,2.075939485,2.114043167,2.071851192,2.192378562,,,
12/01/2051,2.064648037,2.069643414,2.075939686,2.114045161,2.07185139,2.192384976,,,
01/01/2052,2.064648011,2.06964339,2.07593968,2.114046947,2.071851363,2.192391226,,,
02/01/2052,2.064647947,2.069643328,2.075939638,2.114048705,2.071851305,2.192397373,,,
03/01/2052,2.064647948,2.069643328,2.075939654,2.114050377,2.071851309,2.192403078,,,
04/01/2052,2.064647904,2.069643284,2.075939626,2.114052027,2.071851277,2.192408982,,,
05/01/2052,2.0646479,2.06964328,2.075939635,2.114053739,2.071851274,2.192414695,,,
06/01/2052,2.064647976,2.069643356,2.075939725,2.114055403,2.071851331,2.192420427,,,
07/01/2052,2.064647992,2.069643372,2.075939753,2.114056996,2.071851342,2.192425901,,,
08/01/2052,2.064648012,2.069643391,2.075939781,2.114058616,2.071851364,2.19243148,,,
09/01/2052,2.064647881,2.069643264,2.07593967,2.114060006,2.071851244,2.192436695,,,
10/01/2052,2.064647729,2.069643118,2.075939531,2.114061464,2.071851091,2.192441747,,,
11/01/2052,2.064647714,2.069643105,2.07593952,2.114062929,2.071851075,2.192446916,,,
12/01/2052,2.064647751,2.069643138,2.075939554,2.114064399,2.071851118,2.192451948,,,
01/01/2053,2.064647724,2.069643109,2.075939523,2.114065759,2.07185111,2.192456944,,,
02/01/2053,2.064647618,2.069643003,2.075939418,2.114067152,2.071851028,2.192461889,,,
03/01/2053,2.064647685,2.069643069,2.075939482,2.114068523,2.071851092,2.192466412,,,
04/01/2053,2.064647837,2.069643217,2.07593963,2.114069976,2.071851224,2.192471299,,,
05/01/2053,2.064647926,2.069643304,2.075939722,2.114071355,2.071851303,2.192475971,,,
06/01/2053,2.064647995,2.069643372,2.075939804,2.11407275,2.071851364,2.192480686,,,
07/01/2053,2.064648048,2.069643423,2.075939871,2.114074088,2.071851416,2.192485227,,,
08/01/2053,2.064648048,2.069643421,2.075939896,2.114075388,2.071851424,2.192489751,,,
09/01/2053,2.064648089,2.069643461,2.075939962,2.114076782,2.071851462,2.192494316,,,
10/01/2053,2.064648117,2.069643488,2.075940022,2.114077974,2.071851486,2.192498515,,,
11/01/2053,2.064648064,2.069643437,2.075940002,2.114079226,2.071851435,2.192502797,,,
12/01/2053,2.06464809,2.069643463,2.075940052,2.114080461,2.07185146,2.192506946,,,
01/01/2054,2.064648131,2.069643501,2.07594012,2.114081697,2.071851503,2.192511138,,,
02/01/2054,2.064648116,2.069643488,2.075940142,2.114082856,2.071851483,2.192515154,,,
03/01/2054,2.064648187,2.06964356,2.075940241,2.114084011,2.071851528,2.192518835,,,
04/01/2054,2.064648227,2.069643599,2.075940307,2.114085209,2.071851562,2.192522816,,,
05/01/2054,2.064648288,2.069643659,2.075940393,2.114086338,2.071851618,2.192526617,,,
06/01/2054,2.064648225,2.069643594,2.075940363,2.114087383,2.07185158,2.192530417,,,
07/01/2054,2.064648202,2.069643572,2.075940376,2.114088418,2.071851555,2.192534006,,,
08/01/2054,2.064648158,2.06964353,2.075940366,2.114089475,2.071851511,2.192537653,,,
09/01/2054,2.06464814,2.069643513,2.075940377,2.114090515,2.071851489,2.19254122,,,
10/01/2054,2.064648045,2.069643423,2.075940309,2.114091375,2.071851392,2.192544449,,,
11/01/2054,2.064647831,2.069643215,2.075940113,2.114092206,2.071851196,2.192547698,,,
12/01/2054,2.064647731,2.069643117,2.075940019,2.114093136,2.071851113,2.192550935,,,
01/01/2055,2.064647824,2.069643205,2.075940106,2.11409417,2.071851208,2.192554368,,,
02/01/2055,2.064647998,2.069643372,2.07594027,2.114095248,2.07185138,2.192557828,,,
03/01/2055,2.064648173,2.069643542,2.075940454,2.11409621,2.071851541,2.192560897,,,
04/01/2055,2.064648275,2.069643641,2.075940583,2.114097208,2.071851633,2.192564205,,,
05/01/2055,2.064648377,2.069643742,2.075940722,2.114098211,2.071851717,2.192567359,,,
06/01/2055,2.064648357,2.069643722,2.075940744,2.114099128,2.071851704,2.1925705,,,
07/01/2055,2.064648328,2.069643694,2.075940758,2.114100001,2.071851676,2.192573449,,,
08/01/2055,2.064648318,2.069643684,2.075940787,2.114100897,2.071851664,2.192576465,,,
09/01/2055,2.064648349,2.069643715,2.075940854,2.114101812,2.071851691,2.192579462,,,
10/01/2055,2.064648376,2.069643742,2.075940919,2.114102636,2.071851711,2.192582247,,,
11/01/2055,2.064648349,2.069643716,2.075940929,2.114103456,2.071851683,2.192585075,,,
12/01/2055,2.0646483,2.069643667,2.075940911,2.114104225,2.071851645,2.192587758,,,
01/01/2056,2.064648316,2.069643684,2.07594096,2.114105078,2.071851655,2.192590515,,,
02/01/2056,2.064648381,2.069643746,2.07594105,2.114105917,2.071851716,2.192593299,,,
03/01/2056,2.064648496,2.069643858,2.075941195,2.114106778,2.071851829,2.19259593,,,
04/01/2056,2.064648641,2.069644,2.075941383,2.114107647,2.071851955,2.192598665,,,
05/01/2056,2.064648765,2.069644121,2.075941554,2.114108514,2.071852064,2.19260132,,,
06/01/2056,2.064648846,2.069644198,2.075941693,2.114109339,2.071852143,2.192603986,,,
07/01/2056,2.064648898,2.069644248,2.075941809,2.114110175,2.071852199,2.192606565,,,
08/01/2056,2.064648963,2.069644312,2.075941949,2.114110996,2.071852258,2.192609144,,,
09/01/2056,2.064648938,2.069644286,2.075941987,2.11411174,2.07185224,2.192611629,,,
10/01/2056,2.06464897,2.069644317,2.07594214,2.114112563,2.071852265,2.192614058,,,
11/01/2056,2.064649116,2.069644464,2.075942289,2.114113387,2.071852373,2.192616482,,,
12/01/2056,2.064649228,2.069644575,2.075942469,2.114114227,2.071852466,2.192618873,,,
01/01/2057,2.064649271,2.069644617,2.075942577,2.114114876,2.071852501,2.192621126,,,
02/01/2057,2.064649175,2.069644524,2.075942631,2.114115566,2.071852421,2.192623374,,,
03/01/2057,2.064649149,2.069644496,2.075942666,2.114116187,2.0718524,2.192625383,,,
04/01/2057,2.064649213,2.06964456,2.075942795,2.114116952,2.071852454,2.192627639,,,
05/01/2057,2.064649259,2.069644606,2.07594291,2.114117561,2.071852483,2.192629654,,,
06/01/2057,2.064649258,2.069644608,2.075942972,2.114118236,2.071852468,2.192631739,,,
07/01/2057,2.064649331,2.069644679,2.075943097,2.114118907,2.071852531,2.192633798,,,
08/01/2057,2.06464938,2.069644727,2.075943203,2.114119551,2.07185258,2.19263585,,,
09/01/2057,2.064649413,2.06964476,2.075943296,2.114120213,2.071852609,2.192637889,,,
10/01/2057,2.064649396,2.069644743,2.075943339,2.11412076,2.071852594,2.192639755,,,
11/01/2057,2.064649264,2.069644614,2.075943269,2.11412125,2.071852475,2.192641543,,,
12/01/2057,2.064649184,2.069644536,2.075943237,2.114121818,2.071852404,2.192643364,,,
01/01/2058,2.064649214,2.069644566,2.075943311,2.114122388,2.071852428,2.192645179,,,
02/01/2058,2.064649201,2.069644555,2.075943341,2.114122895,2.071852406,2.192646908,,,
03/01/2058,2.064649215,2.069644569,2.075943386,2.11412342,2.071852413,2.192648525,,,
04/01/2058,2.064649243,2.069644596,2.075943446,2.11412392,2.071852435,2.192650222,,,
05/01/2058,2.06464923,2.069644585,2.075943465,2.114124407,2.071852416,2.192651818,,,
06/01/2058,2.064649201,2.069644558,2.075943461,2.114124866,2.071852388,2.19265344,,,
07/01/2058,2.064649089,2.069644446,2.075943371,2.114125252,2.071852304,2.192654963,,,
08/01/2058,2.064649038,2.069644395,2.075943342,2.114125679,2.071852265,2.192656529,,,
09/01/2058,2.064649028,2.069644383,2.075943351,2.114126198,2.071852263,2.192658155,,,
10/01/2058,2.064649024,2.06964438,2.075943372,2.114126587,2.071852257,2.192659576,,,
11/01/2058,2.064648933,2.069644294,2.075943306,2.114126967,2.071852164,2.192660971,,,
12/01/2058,2.064648875,2.069644238,2.075943261,2.114127352,2.071852106,2.192662346,,,
01/01/2059,2.06464884,2.069644203,2.075943231,2.114127724,2.071852078,2.192663738,,,
02/01/2059,2.064648853,2.069644214,2.075943242,2.114128181,2.071852098,2.192665226,,,
03/01/2059,2.064648866,2.069644225,2.075943262,2.114128529,2.071852122,2.192666487,,,
04/01/2059,2.064648704,2.069644069,2.075943114,2.114128762,2.071851963,2.192667631,,,
05/01/2059,2.064648707,2.069644072,2.075943115,2.114129109,2.07185197,2.192668872,,,
06/01/2059,2.064648722,2.069644086,2.075943129,2.114129445,2.071851983,2.192670091,,,
07/01/2059,2.064648827,2.069644189,2.07594323,2.114129906,2.071852074,2.192671358,,,
08/01/2059,2.064648952,2.069644312,2.075943351,2.114130278,2.071852189,2.192672739,,,
09/01/2059,2.064648973,2.069644332,2.075943372,2.114130644,2.071852205,2.192674008,,,
10/01/2059,2.064648963,2.069644322,2.075943362,2.114130952,2.071852194,2.192675159,,,
11/01/2059,2.064648911,2.069644271,2.075943312,2.114131254,2.071852147,2.192676325,,,
12/01/2059,2.064648824,2.069644187,2.075943228,2.11413149,2.071852069,2.192677356,,,
01/01/2060,2.06464878,2.069644144,2.075943187,2.114131816,2.071852027,2.192678497,,,
02/01/2060,2.064648847,2.069644211,2.075943252,2.114132167,2.071852084,2.192679641,,,
03/01/2060,2.064648785,2.069644152,2.075943195,2.114132295,2.071852014,2.192680473,,,
04/01/2060,2.064648618,2.069643991,2.075943037,2.114132493,2.071851855,2.192681423,,,
05/01/2060,2.06464861,2.069643984,2.075943031,2.114132762,2.071851845,2.192682382,,,
06/01/2060,2.064648412,2.069643793,2.075942843,2.114132742,2.071851655,2.192683062,,,
07/01/2060,2.064648368,2.069643749,2.0759428,2.114132872,2.071851617,2.192683853,,,
08/01/2060,2.064648286,2.069643669,2.07594272,2.114132994,2.071851552,2.192684659,,,
09/01/2060,2.064648307,2.069643687,2.075942738,2.114133236,2.071851577,2.192685571,,,
10/01/2060,2.064648258,2.069643641,2.075942693,2.114133256,2.071851526,2.192686204,,,
11/01/2060,2.064648006,2.069643395,2.07594245,2.114133267,2.071851301,2.192686879,,,
12/01/2060,2.06464797,2.069643359,2.075942414,2.114133357,2.07185127,2.192687575,,,
01/01/2061,2.064647894,2.069643285,2.07594234,2.114133433,2.071851208,2.192688269,,,
