Date,Critical head + 50 feet,Critical head,base,Critical head + 20 feet,2015 water level scenario,Historical low scenario,Date_S,Measured Subsidence,Source
12/01/1920,0,0,0,0,0,0,01/01/1926,0,Leveling
01/01/1921,0.000114932,0.000114932,0.000114932,0.000114932,0.000114932,0.000114932,01/10/1935,0.036,Leveling
02/01/1921,0.000933212,0.000933212,0.000933212,0.000933212,0.000933212,0.000933212,04/15/1953,1.538,Leveling
03/01/1921,-0.005232767,-0.005232767,-0.005232767,-0.005232767,-0.005232767,-0.005232767,06/01/1957,2.451,Leveling
04/01/1921,-0.002088355,-0.002088355,-0.002088355,-0.002088355,-0.002088355,-0.002088355,04/15/1959,2.985,Leveling
05/01/1921,-0.001749505,-0.001749505,-0.001749505,-0.001749505,-0.001749505,-0.001749505,12/01/1961,4.235,Leveling
06/01/1921,-0.00047106,-0.00047106,-0.00047106,-0.00047106,-0.00047106,-0.00047106,02/05/1965,5.216,Leveling
07/01/1921,0.005144878,0.005144878,0.005144878,0.005144878,0.005144878,0.005144878,03/09/1970,6.887008094,Leveling
08/01/1921,0.013732011,0.013732011,0.013732011,0.013732011,0.013732011,0.013732011,04/15/1972,7.102362432,Leveling
09/01/1921,0.022360709,0.022360709,0.022360709,0.022360709,0.022360709,0.022360709,03/01/1978,8.277264044,Leveling
10/01/1921,0.029295388,0.029295388,0.029295388,0.029295388,0.029295388,0.029295388,07/17/1989,8.881496347,Leveling
11/01/1921,0.037909536,0.037909536,0.037909536,0.037909536,0.037909536,0.037909536,07/01/2004,9.207674846,InSAR
12/01/1921,0.048849304,0.048849304,0.048849304,0.048849304,0.048849304,0.048849304,08/01/2004,9.239827078,InSAR
01/01/1922,0.066725683,0.066725683,0.066725683,0.066725683,0.066725683,0.066725683,09/01/2004,9.25557511,InSAR
02/01/1922,0.072043666,0.072043666,0.072043666,0.072043666,0.072043666,0.072043666,01/01/2006,9.143370382,InSAR
03/01/1922,0.076117684,0.076117684,0.076117684,0.076117684,0.076117684,0.076117684,02/01/2006,9.113842822,InSAR
04/01/1922,0.080584904,0.080584904,0.080584904,0.080584904,0.080584904,0.080584904,03/01/2006,9.099407126,InSAR
05/01/1922,0.08772871,0.08772871,0.08772871,0.08772871,0.08772871,0.08772871,04/01/2006,9.120076418,InSAR
06/01/1922,0.104858621,0.104858621,0.104858621,0.104858621,0.104858621,0.104858621,05/01/2006,9.146979306,InSAR
07/01/1922,0.114280738,0.114280738,0.114280738,0.114280738,0.114280738,0.114280738,06/01/2006,9.183724714,InSAR
08/01/1922,0.134099037,0.134099037,0.134099037,0.134099037,0.134099037,0.134099037,12/01/2006,9.228344138,InSAR
09/01/1922,0.146610333,0.146610333,0.146610333,0.146610333,0.146610333,0.146610333,01/01/2007,9.20800293,InSAR
10/01/1922,0.162401383,0.162401383,0.162401383,0.162401383,0.162401383,0.162401383,02/01/2007,9.191926814,InSAR
11/01/1922,0.171811103,0.171811103,0.171811103,0.171811103,0.171811103,0.171811103,08/01/2007,9.349407134,InSAR
12/01/1922,0.179072859,0.179072859,0.179072859,0.179072859,0.179072859,0.179072859,09/01/2007,9.363514746,InSAR
01/01/1923,0.188565489,0.188565489,0.188565489,0.188565489,0.188565489,0.188565489,02/01/2008,9.283134166,InSAR
02/01/1923,0.203984905,0.203984905,0.203984905,0.203984905,0.203984905,0.203984905,03/01/2008,9.282149914,InSAR
03/01/1923,0.216157532,0.216157532,0.216157532,0.216157532,0.216157532,0.216157532,05/01/2009,9.425194538,InSAR
04/01/1923,0.227801845,0.227801845,0.227801845,0.227801845,0.227801845,0.227801845,06/01/2009,9.459971442,InSAR
05/01/1923,0.237250191,0.237250191,0.237250191,0.237250191,0.237250191,0.237250191,07/01/2009,9.494748346,InSAR
06/01/1923,0.249216947,0.249216947,0.249216947,0.249216947,0.249216947,0.249216947,08/01/2009,9.528540998,InSAR
07/01/1923,0.255377983,0.255377983,0.255377983,0.255377983,0.255377983,0.255377983,09/01/2009,9.543960946,InSAR
08/01/1923,0.264308147,0.264308147,0.264308147,0.264308147,0.264308147,0.264308147,10/01/2009,9.537399266,InSAR
09/01/1923,0.278337687,0.278337687,0.278337687,0.278337687,0.278337687,0.278337687,11/01/2009,9.521651234,InSAR
10/01/1923,0.286644684,0.286644684,0.286644684,0.286644684,0.286644684,0.286644684,12/01/2009,9.499341522,InSAR
11/01/1923,0.299155964,0.299155964,0.299155964,0.299155964,0.299155964,0.299155964,01/01/2010,9.47539139,InSAR
12/01/1923,0.307941219,0.307941219,0.307941219,0.307941219,0.307941219,0.307941219,02/01/2010,9.447832334,InSAR
01/01/1924,0.318670218,0.318670218,0.318670218,0.318670218,0.318670218,0.318670218,03/01/2010,9.436677478,InSAR
02/01/1924,0.318866765,0.318866765,0.318866765,0.318866765,0.318866765,0.318866765,04/01/2010,9.43602131,InSAR
03/01/1924,0.327021267,0.327021267,0.327021267,0.327021267,0.327021267,0.327021267,05/01/2010,9.453081678,InSAR
04/01/1924,0.330053521,0.330053521,0.330053521,0.330053521,0.330053521,0.330053521,06/01/2010,9.489170918,InSAR
05/01/1924,0.335812542,0.335812542,0.335812542,0.335812542,0.335812542,0.335812542,05/20/2015,9.319969634,InSAR
06/01/1924,0.344702982,0.344702982,0.344702982,0.344702982,0.344702982,0.344702982,05/26/2015,9.32948407,InSAR
07/01/1924,0.352328372,0.352328372,0.352328372,0.352328372,0.352328372,0.352328372,06/01/2015,9.338670422,InSAR
08/01/1924,0.364988849,0.364988849,0.364988849,0.364988849,0.364988849,0.364988849,06/07/2015,9.346216354,InSAR
09/01/1924,0.365705661,0.365705661,0.365705661,0.365705661,0.365705661,0.365705661,06/13/2015,9.35409037,InSAR
10/01/1924,0.362036367,0.362036367,0.362036367,0.362036367,0.362036367,0.362036367,06/19/2015,9.353762286,InSAR
11/01/1924,0.364855874,0.364855874,0.364855874,0.364855874,0.364855874,0.364855874,06/25/2015,9.35244995,InSAR
12/01/1924,0.36807186,0.36807186,0.36807186,0.36807186,0.36807186,0.36807186,07/01/2015,9.359667798,InSAR
01/01/1925,0.381107299,0.381107299,0.381107299,0.381107299,0.381107299,0.381107299,07/07/2015,9.365901394,InSAR
02/01/1925,0.381646069,0.381646069,0.381646069,0.381646069,0.381646069,0.381646069,07/13/2015,9.371478822,InSAR
03/01/1925,0.381265879,0.381265879,0.381265879,0.381265879,0.381265879,0.381265879,07/20/2015,9.378368586,InSAR
04/01/1925,0.384744042,0.384744042,0.384744042,0.384744042,0.384744042,0.384744042,07/26/2015,9.383946014,InSAR
05/01/1925,0.384920651,0.384920651,0.384920651,0.384920651,0.384920651,0.384920651,08/01/2015,9.389195358,InSAR
06/01/1925,0.39078481,0.39078481,0.39078481,0.39078481,0.39078481,0.39078481,08/07/2015,9.392804282,InSAR
07/01/1925,0.388565818,0.388565818,0.388565818,0.388565818,0.388565818,0.388565818,08/13/2015,9.40002213,InSAR
08/01/1925,0.393009519,0.393009519,0.393009519,0.393009519,0.393009519,0.393009519,08/20/2015,9.40986465,InSAR
09/01/1925,0.406443623,0.406443623,0.406443623,0.406443623,0.406443623,0.406443623,08/26/2015,9.41642633,InSAR
10/01/1925,0.41593091,0.41593091,0.41593091,0.41593091,0.41593091,0.41593091,09/01/2015,9.422331842,InSAR
11/01/1925,0.424977108,0.424977108,0.424977108,0.424977108,0.424977108,0.424977108,09/07/2015,9.429221606,InSAR
12/01/1925,0.426258254,0.426258254,0.426258254,0.426258254,0.426258254,0.426258254,09/13/2015,9.43775179,InSAR
01/01/1926,0.442420833,0.442420833,0.442420833,0.442420833,0.442420833,0.442420833,09/19/2015,9.44103263,InSAR
02/01/1926,0.4543538,0.4543538,0.4543538,0.4543538,0.4543538,0.4543538,09/25/2015,9.44103263,InSAR
03/01/1926,0.455825938,0.455825938,0.455825938,0.455825938,0.455825938,0.455825938,10/01/2015,9.439720294,InSAR
04/01/1926,0.46222123,0.46222123,0.46222123,0.46222123,0.46222123,0.46222123,10/07/2015,9.441688798,InSAR
05/01/1926,0.463115525,0.463115525,0.463115525,0.463115525,0.463115525,0.463115525,10/13/2015,9.440048378,InSAR
06/01/1926,0.466589203,0.466589203,0.466589203,0.466589203,0.466589203,0.466589203,10/20/2015,9.43283053,InSAR
07/01/1926,0.472965821,0.472965821,0.472965821,0.472965821,0.472965821,0.472965821,10/26/2015,9.429877774,InSAR
08/01/1926,0.476363871,0.476363871,0.476363871,0.476363871,0.476363871,0.476363871,11/01/2015,9.425940766,InSAR
09/01/1926,0.490337925,0.490337925,0.490337925,0.490337925,0.490337925,0.490337925,11/07/2015,9.42626885,InSAR
10/01/1926,0.492139689,0.492139689,0.492139689,0.492139689,0.492139689,0.492139689,11/13/2015,9.428565438,InSAR
11/01/1926,0.502385465,0.502385465,0.502385465,0.502385465,0.502385465,0.502385465,11/19/2015,9.42954969,InSAR
12/01/1926,0.505991385,0.505991385,0.505991385,0.505991385,0.505991385,0.505991385,11/25/2015,9.428565438,InSAR
01/01/1927,0.512932671,0.512932671,0.512932671,0.512932671,0.512932671,0.512932671,12/01/2015,9.425284598,InSAR
02/01/1927,0.52143576,0.52143576,0.52143576,0.52143576,0.52143576,0.52143576,12/07/2015,9.422331842,InSAR
03/01/1927,0.534058304,0.534058304,0.534058304,0.534058304,0.534058304,0.534058304,12/13/2015,9.414457826,InSAR
04/01/1927,0.550294364,0.550294364,0.550294364,0.550294364,0.550294364,0.550294364,12/20/2015,9.405599558,InSAR
05/01/1927,0.564214203,0.564214203,0.564214203,0.564214203,0.564214203,0.564214203,12/26/2015,9.397725542,InSAR
06/01/1927,0.57653482,0.57653482,0.57653482,0.57653482,0.57653482,0.57653482,01/01/2016,9.396085122,InSAR
07/01/1927,0.583778361,0.583778361,0.583778361,0.583778361,0.583778361,0.583778361,01/07/2016,9.392148114,InSAR
08/01/1927,0.596082883,0.596082883,0.596082883,0.596082883,0.596082883,0.596082883,01/13/2016,9.39182003,InSAR
09/01/1927,0.609904648,0.609904648,0.609904648,0.609904648,0.609904648,0.609904648,01/20/2016,9.38361793,InSAR
10/01/1927,0.619548808,0.619548808,0.619548808,0.619548808,0.619548808,0.619548808,01/26/2016,9.38033709,InSAR
11/01/1927,0.623748679,0.623748679,0.623748679,0.623748679,0.623748679,0.623748679,02/01/2016,9.377712418,InSAR
12/01/1927,0.63002833,0.63002833,0.63002833,0.63002833,0.63002833,0.63002833,02/07/2016,9.373119242,InSAR
01/01/1928,0.627947861,0.627947861,0.627947861,0.627947861,0.627947861,0.627947861,02/13/2016,9.365901394,InSAR
02/01/1928,0.635181824,0.635181824,0.635181824,0.635181824,0.635181824,0.635181824,02/18/2016,9.359995882,InSAR
03/01/1928,0.635401912,0.635401912,0.635401912,0.635401912,0.635401912,0.635401912,02/24/2016,9.356715042,InSAR
04/01/1928,0.640519044,0.640519044,0.640519044,0.640519044,0.640519044,0.640519044,03/01/2016,9.349497194,InSAR
05/01/1928,0.643378198,0.643378198,0.643378198,0.643378198,0.643378198,0.643378198,03/07/2016,9.345560186,InSAR
06/01/1928,0.652487789,0.652487789,0.652487789,0.652487789,0.652487789,0.652487789,03/13/2016,9.344575934,InSAR
07/01/1928,0.660011094,0.660011094,0.660011094,0.660011094,0.660011094,0.660011094,03/20/2016,9.341951262,InSAR
08/01/1928,0.660298188,0.660298188,0.660298188,0.660298188,0.660298188,0.660298188,03/26/2016,9.341623178,InSAR
09/01/1928,0.667600666,0.667600666,0.667600666,0.667600666,0.667600666,0.667600666,04/01/2016,9.34424785,InSAR
10/01/1928,0.673713608,0.673713608,0.673713608,0.673713608,0.673713608,0.673713608,04/07/2016,9.34588827,InSAR
11/01/1928,0.683639309,0.683639309,0.683639309,0.683639309,0.683639309,0.683639309,04/13/2016,9.345232102,InSAR
12/01/1928,0.688495334,0.688495334,0.688495334,0.688495334,0.688495334,0.688495334,04/19/2016,9.345560186,InSAR
01/01/1929,0.690634808,0.690634808,0.690634808,0.690634808,0.690634808,0.690634808,04/25/2016,9.348184858,InSAR
02/01/1929,0.698293687,0.698293687,0.698293687,0.698293687,0.698293687,0.698293687,05/01/2016,9.350481446,InSAR
03/01/1929,0.702924023,0.702924023,0.702924023,0.702924023,0.702924023,0.702924023,05/07/2016,9.358355462,InSAR
04/01/1929,0.717673135,0.717673135,0.717673135,0.717673135,0.717673135,0.717673135,05/13/2016,9.366229478,InSAR
05/01/1929,0.726163929,0.726163929,0.726163929,0.726163929,0.726163929,0.726163929,05/20/2016,9.374759662,InSAR
06/01/1929,0.737528016,0.737528016,0.737528016,0.737528016,0.737528016,0.737528016,05/26/2016,9.382305594,InSAR
07/01/1929,0.742836855,0.742836855,0.742836855,0.742836855,0.742836855,0.742836855,06/01/2016,9.38853919,InSAR
08/01/1929,0.75090401,0.75090401,0.75090401,0.75090401,0.75090401,0.75090401,06/07/2016,9.396413206,InSAR
09/01/1929,0.755470737,0.755470737,0.755470737,0.755470737,0.755470737,0.755470737,06/13/2016,9.40166255,InSAR
10/01/1929,0.767674109,0.767674109,0.767674109,0.767674109,0.767674109,0.767674109,06/19/2016,9.405927642,InSAR
11/01/1929,0.78413589,0.78413589,0.78413589,0.78413589,0.78413589,0.78413589,06/25/2016,9.409208482,InSAR
12/01/1929,0.788864831,0.788864831,0.788864831,0.788864831,0.788864831,0.788864831,07/01/2016,9.415113994,InSAR
01/01/1930,0.791014051,0.791014051,0.791014051,0.791014051,0.791014051,0.791014051,07/07/2016,9.424300346,InSAR
02/01/1930,0.798576192,0.798576192,0.798576192,0.798576192,0.798576192,0.798576192,07/13/2016,9.432174362,InSAR
03/01/1930,0.810432994,0.810432994,0.810432994,0.810432994,0.810432994,0.810432994,07/20/2016,9.440376462,InSAR
04/01/1930,0.807028687,0.807028687,0.807028687,0.807028687,0.807028687,0.807028687,07/26/2016,9.447922394,InSAR
05/01/1930,0.795933223,0.795933223,0.795933223,0.795933223,0.795933223,0.795933223,08/01/2016,9.455140242,InSAR
06/01/1930,0.78294914,0.78294914,0.78294914,0.78294914,0.78294914,0.78294914,08/07/2016,9.463670426,InSAR
07/01/1930,0.774726601,0.774726601,0.774726601,0.774726601,0.774726601,0.774726601,08/13/2016,9.469904022,InSAR
08/01/1930,0.764655287,0.764655287,0.764655287,0.764655287,0.764655287,0.764655287,08/20/2016,9.481715046,InSAR
09/01/1930,0.757624221,0.757624221,0.757624221,0.757624221,0.757624221,0.757624221,08/26/2016,9.485652054,InSAR
10/01/1930,0.744070358,0.744070358,0.744070358,0.744070358,0.744070358,0.744070358,09/01/2016,9.49188565,InSAR
11/01/1930,0.734731632,0.734731632,0.734731632,0.734731632,0.734731632,0.734731632,09/07/2016,9.493854154,InSAR
12/01/1930,0.728283367,0.728283367,0.728283367,0.728283367,0.728283367,0.728283367,09/13/2016,9.493854154,InSAR
01/01/1931,0.727692584,0.727692584,0.727692584,0.727692584,0.727692584,0.727692584,09/19/2016,9.491229482,InSAR
02/01/1931,0.726260796,0.726260796,0.726260796,0.726260796,0.726260796,0.726260796,09/25/2016,9.491229482,InSAR
03/01/1931,0.716990752,0.716990752,0.716990752,0.716990752,0.716990752,0.716990752,10/01/2016,9.489917146,InSAR
04/01/1931,0.716085776,0.716085776,0.716085776,0.716085776,0.716085776,0.716085776,10/07/2016,9.489260978,InSAR
05/01/1931,0.716490275,0.716490275,0.716490275,0.716490275,0.716490275,0.716490275,10/13/2016,9.49352607,InSAR
06/01/1931,0.726923628,0.726923628,0.726923628,0.726923628,0.726923628,0.726923628,10/20/2016,9.492869902,InSAR
07/01/1931,0.728783082,0.728783082,0.728783082,0.728783082,0.728783082,0.728783082,10/26/2016,9.49188565,InSAR
08/01/1931,0.736409143,0.736409143,0.736409143,0.736409143,0.736409143,0.736409143,11/01/2016,9.492869902,InSAR
09/01/1931,0.740159486,0.740159486,0.740159486,0.740159486,0.740159486,0.740159486,11/07/2016,9.494510322,InSAR
10/01/1931,0.745302093,0.745302093,0.745302093,0.745302093,0.745302093,0.745302093,11/13/2016,9.492213734,InSAR
11/01/1931,0.743918301,0.743918301,0.743918301,0.743918301,0.743918301,0.743918301,11/19/2016,9.487948642,InSAR
12/01/1931,0.745200837,0.745200837,0.745200837,0.745200837,0.745200837,0.745200837,11/25/2016,9.482699298,InSAR
01/01/1932,0.747789416,0.747789416,0.747789416,0.747789416,0.747789416,0.747789416,12/01/2016,9.477778038,InSAR
02/01/1932,0.754480749,0.754480749,0.754480749,0.754480749,0.754480749,0.754480749,12/07/2016,9.472528694,InSAR
03/01/1932,0.756347563,0.756347563,0.756347563,0.756347563,0.756347563,0.756347563,12/13/2016,9.468263602,InSAR
04/01/1932,0.768141099,0.768141099,0.768141099,0.768141099,0.768141099,0.768141099,12/20/2016,9.462030006,InSAR
05/01/1932,0.777600049,0.777600049,0.777600049,0.777600049,0.777600049,0.777600049,12/26/2016,9.454812158,InSAR
06/01/1932,0.788293977,0.788293977,0.788293977,0.788293977,0.788293977,0.788293977,01/01/2017,9.447922394,InSAR
07/01/1932,0.79591748,0.79591748,0.79591748,0.79591748,0.79591748,0.79591748,01/07/2017,9.441688798,InSAR
08/01/1932,0.802629789,0.802629789,0.802629789,0.802629789,0.802629789,0.802629789,01/13/2017,9.431518194,InSAR
09/01/1932,0.81489947,0.81489947,0.81489947,0.81489947,0.81489947,0.81489947,01/20/2017,9.428893522,InSAR
10/01/1932,0.825192395,0.825192395,0.825192395,0.825192395,0.825192395,0.825192395,01/26/2017,9.425284598,InSAR
11/01/1932,0.837149912,0.837149912,0.837149912,0.837149912,0.837149912,0.837149912,02/01/2017,9.429221606,InSAR
12/01/1932,0.843248089,0.843248089,0.843248089,0.843248089,0.843248089,0.843248089,02/07/2017,9.423644178,InSAR
01/01/1933,0.844373996,0.844373996,0.844373996,0.844373996,0.844373996,0.844373996,02/12/2017,9.422003758,InSAR
02/01/1933,0.851792318,0.851792318,0.851792318,0.851792318,0.851792318,0.851792318,02/18/2017,9.416754414,InSAR
03/01/1933,0.849558113,0.849558113,0.849558113,0.849558113,0.849558113,0.849558113,02/23/2017,9.41150507,InSAR
04/01/1933,0.852187668,0.852187668,0.852187668,0.852187668,0.852187668,0.852187668,03/01/2017,9.409536566,InSAR
05/01/1933,0.871406037,0.871406037,0.871406037,0.871406037,0.871406037,0.871406037,03/07/2017,9.40494339,InSAR
06/01/1933,0.874824513,0.874824513,0.874824513,0.874824513,0.874824513,0.874824513,03/13/2017,9.405599558,InSAR
07/01/1933,0.886278487,0.886278487,0.886278487,0.886278487,0.886278487,0.886278487,03/20/2017,9.401006382,InSAR
08/01/1933,0.892683421,0.892683421,0.892683421,0.892683421,0.892683421,0.892683421,03/26/2017,9.39838171,InSAR
09/01/1933,0.899060199,0.899060199,0.899060199,0.899060199,0.899060199,0.899060199,04/01/2017,9.39510087,InSAR
10/01/1933,0.909417551,0.909417551,0.909417551,0.909417551,0.909417551,0.909417551,04/07/2017,9.398053626,InSAR
11/01/1933,0.909922386,0.909922386,0.909922386,0.909922386,0.909922386,0.909922386,04/13/2017,9.405599558,InSAR
12/01/1933,0.921332583,0.921332583,0.921332583,0.921332583,0.921332583,0.921332583,04/19/2017,9.409208482,InSAR
01/01/1934,0.926938531,0.926938531,0.926938531,0.926938531,0.926938531,0.926938531,04/25/2017,9.412489322,InSAR
02/01/1934,0.931234405,0.931234405,0.931234405,0.931234405,0.931234405,0.931234405,05/01/2017,9.418394834,InSAR
03/01/1934,0.935837342,0.935837342,0.935837342,0.935837342,0.935837342,0.935837342,05/07/2017,9.421675674,InSAR
04/01/1934,0.943670603,0.943670603,0.943670603,0.943670603,0.943670603,0.943670603,05/13/2017,9.425612682,InSAR
05/01/1934,0.947585164,0.947585164,0.947585164,0.947585164,0.947585164,0.947585164,05/20/2017,9.430533942,InSAR
06/01/1934,0.94252443,0.94252443,0.94252443,0.94252443,0.94252443,0.94252443,05/26/2017,9.43283053,InSAR
07/01/1934,0.948680823,0.948680823,0.948680823,0.948680823,0.948680823,0.948680823,06/01/2017,9.433486698,InSAR
08/01/1934,0.945727234,0.945727234,0.945727234,0.945727234,0.945727234,0.945727234,06/07/2017,9.437095622,InSAR
09/01/1934,0.942646968,0.942646968,0.942646968,0.942646968,0.942646968,0.942646968,06/13/2017,9.44431347,InSAR
10/01/1934,0.945162902,0.945162902,0.945162902,0.945162902,0.945162902,0.945162902,06/19/2017,9.45251557,InSAR
11/01/1934,0.9469274,0.9469274,0.9469274,0.9469274,0.9469274,0.9469274,06/25/2017,9.46235809,InSAR
12/01/1934,0.949090131,0.949090131,0.949090131,0.949090131,0.949090131,0.949090131,07/01/2017,9.47220061,InSAR
01/01/1935,0.959227566,0.959227566,0.959227566,0.959227566,0.959227566,0.959227566,07/07/2017,9.481058878,InSAR
02/01/1935,0.961760405,0.961760405,0.961760405,0.961760405,0.961760405,0.961760405,07/13/2017,9.489917146,InSAR
03/01/1935,0.966881476,0.966881476,0.966881476,0.966881476,0.966881476,0.966881476,07/20/2017,9.501400086,InSAR
04/01/1935,0.978646766,0.978646766,0.978646766,0.978646766,0.978646766,0.978646766,07/26/2017,9.510258354,InSAR
05/01/1935,0.989345822,0.989345822,0.989345822,0.989345822,0.989345822,0.989345822,08/01/2017,9.520428958,InSAR
06/01/1935,0.992833277,0.992833277,0.992833277,0.992833277,0.992833277,0.992833277,08/07/2017,9.529943394,InSAR
07/01/1935,1.002872166,1.002872166,1.002872166,1.002872166,1.002872166,1.002872166,08/13/2017,9.535192738,InSAR
08/01/1935,1.014145288,1.014145288,1.014145288,1.014145288,1.014145288,1.014145288,08/20/2017,9.540442082,InSAR
09/01/1935,1.017130574,1.017130574,1.017130574,1.017130574,1.017130574,1.017130574,08/26/2017,9.545363342,InSAR
10/01/1935,1.013266258,1.013266258,1.013266258,1.013266258,1.013266258,1.013266258,09/01/2017,9.54765993,InSAR
11/01/1935,1.01044501,1.01044501,1.01044501,1.01044501,1.01044501,1.01044501,09/07/2017,9.547331846,InSAR
12/01/1935,1.003839434,1.003839434,1.003839434,1.003839434,1.003839434,1.003839434,09/13/2017,9.54601951,InSAR
01/01/1936,1.003509323,1.003509323,1.003509323,1.003509323,1.003509323,1.003509323,09/19/2017,9.546675678,InSAR
02/01/1936,1.009381708,1.009381708,1.009381708,1.009381708,1.009381708,1.009381708,09/25/2017,9.549956518,InSAR
03/01/1936,1.009798157,1.009798157,1.009798157,1.009798157,1.009798157,1.009798157,10/01/2017,9.551596938,InSAR
04/01/1936,1.00710542,1.00710542,1.00710542,1.00710542,1.00710542,1.00710542,10/07/2017,9.555205862,InSAR
05/01/1936,1.008112729,1.008112729,1.008112729,1.008112729,1.008112729,1.008112729,10/13/2017,9.555533946,InSAR
06/01/1936,1.002413875,1.002413875,1.002413875,1.002413875,1.002413875,1.002413875,10/20/2017,9.557174366,InSAR
07/01/1936,0.997227507,0.997227507,0.997227507,0.997227507,0.997227507,0.997227507,10/26/2017,9.558158618,InSAR
08/01/1936,0.986772295,0.986772295,0.986772295,0.986772295,0.986772295,0.986772295,11/01/2017,9.55914287,InSAR
09/01/1936,0.989876043,0.989876043,0.989876043,0.989876043,0.989876043,0.989876043,11/07/2017,9.55586203,InSAR
10/01/1936,0.982772577,0.982772577,0.982772577,0.982772577,0.982772577,0.982772577,11/13/2017,9.554877778,InSAR
11/01/1936,0.985391799,0.985391799,0.985391799,0.985391799,0.985391799,0.985391799,11/19/2017,9.55094077,InSAR
12/01/1936,0.977476748,0.977476748,0.977476748,0.977476748,0.977476748,0.977476748,11/25/2017,9.54273867,InSAR
01/01/1937,0.976694038,0.976694038,0.976694038,0.976694038,0.976694038,0.976694038,12/01/2017,9.53617699,InSAR
02/01/1937,0.972011716,0.972011716,0.972011716,0.972011716,0.972011716,0.972011716,12/07/2017,9.532568066,InSAR
03/01/1937,0.97252593,0.97252593,0.97252593,0.97252593,0.97252593,0.97252593,12/13/2017,9.52633447,InSAR
04/01/1937,0.982594853,0.982594853,0.982594853,0.982594853,0.982594853,0.982594853,12/20/2017,9.516163866,InSAR
05/01/1937,0.991101965,0.991101965,0.991101965,0.991101965,0.991101965,0.991101965,12/26/2017,9.510586438,InSAR
06/01/1937,1.000445707,1.000445707,1.000445707,1.000445707,1.000445707,1.000445707,01/01/2018,9.503696674,InSAR
07/01/1937,1.002677011,1.002677011,1.002677011,1.002677011,1.002677011,1.002677011,01/07/2018,9.504680926,InSAR
08/01/1937,1.010899466,1.010899466,1.010899466,1.010899466,1.010899466,1.010899466,01/13/2018,9.504024758,InSAR
09/01/1937,1.022965126,1.022965126,1.022965126,1.022965126,1.022965126,1.022965126,01/20/2018,9.498119246,InSAR
10/01/1937,1.035552877,1.035552877,1.035552877,1.035552877,1.035552877,1.035552877,01/26/2018,9.491557566,InSAR
11/01/1937,1.04397303,1.04397303,1.04397303,1.04397303,1.04397303,1.04397303,02/01/2018,9.485980138,InSAR
12/01/1937,1.0547966,1.0547966,1.0547966,1.0547966,1.0547966,1.0547966,02/07/2018,9.478434206,InSAR
01/01/1938,1.052175311,1.052175311,1.052175311,1.052175311,1.052175311,1.052175311,02/12/2018,9.474497198,InSAR
02/01/1938,1.047680553,1.047680553,1.047680553,1.047680553,1.047680553,1.047680553,02/18/2018,9.468263602,InSAR
03/01/1938,1.044564731,1.044564731,1.044564731,1.044564731,1.044564731,1.044564731,02/23/2018,9.464654678,InSAR
04/01/1938,1.050744326,1.050744326,1.050744326,1.050744326,1.050744326,1.050744326,03/01/2018,9.458092998,InSAR
05/01/1938,1.055554681,1.055554681,1.055554681,1.055554681,1.055554681,1.055554681,03/07/2018,9.453171738,InSAR
06/01/1938,1.060321908,1.060321908,1.060321908,1.060321908,1.060321908,1.060321908,03/13/2018,9.45087515,InSAR
07/01/1938,1.072842887,1.072842887,1.072842887,1.072842887,1.072842887,1.072842887,03/20/2018,9.44923473,InSAR
08/01/1938,1.080630732,1.080630732,1.080630732,1.080630732,1.080630732,1.080630732,03/26/2018,9.449562814,InSAR
09/01/1938,1.084773033,1.084773033,1.084773033,1.084773033,1.084773033,1.084773033,04/01/2018,9.453171738,InSAR
10/01/1938,1.085675688,1.085675688,1.085675688,1.085675688,1.085675688,1.085675688,04/07/2018,9.453499822,InSAR
11/01/1938,1.079389847,1.079389847,1.079389847,1.079389847,1.079389847,1.079389847,04/13/2018,9.456452578,InSAR
12/01/1938,1.074426479,1.074426479,1.074426479,1.074426479,1.074426479,1.074426479,04/19/2018,9.46235809,InSAR
01/01/1939,1.067798603,1.067798603,1.067798603,1.067798603,1.067798603,1.067798603,04/25/2018,9.465310846,InSAR
02/01/1939,1.07164415,1.07164415,1.07164415,1.07164415,1.07164415,1.07164415,05/01/2018,9.465967014,InSAR
03/01/1939,1.074303553,1.074303553,1.074303553,1.074303553,1.074303553,1.074303553,05/07/2018,9.471216358,InSAR
04/01/1939,1.073043397,1.073043397,1.073043397,1.073043397,1.073043397,1.073043397,05/13/2018,9.476137618,InSAR
05/01/1939,1.071286843,1.071286843,1.071286843,1.071286843,1.071286843,1.071286843,05/20/2018,9.476465702,InSAR
06/01/1939,1.058486071,1.058486071,1.058486071,1.058486071,1.058486071,1.058486071,05/26/2018,9.47712187,InSAR
07/01/1939,1.056455162,1.056455162,1.056455162,1.056455162,1.056455162,1.056455162,06/01/2018,9.481058878,InSAR
08/01/1939,1.046859963,1.046859963,1.046859963,1.046859963,1.046859963,1.046859963,06/07/2018,9.485980138,InSAR
09/01/1939,1.029032825,1.029032825,1.029032825,1.029032825,1.029032825,1.029032825,06/13/2018,9.493854154,InSAR
10/01/1939,1.022540271,1.022540271,1.022540271,1.022540271,1.022540271,1.022540271,06/19/2018,9.502056254,InSAR
11/01/1939,1.015750486,1.015750486,1.015750486,1.015750486,1.015750486,1.015750486,06/25/2018,9.509602186,InSAR
12/01/1939,1.019989197,1.019989197,1.019989197,1.019989197,1.019989197,1.019989197,07/01/2018,9.516820034,InSAR
01/01/1940,1.031262434,1.031262434,1.031262434,1.031262434,1.031262434,1.031262434,07/07/2018,9.526662554,InSAR
02/01/1940,1.038257534,1.038257534,1.038257534,1.038257534,1.038257534,1.038257534,07/13/2018,9.538145494,InSAR
03/01/1940,1.043052484,1.043052484,1.043052484,1.043052484,1.043052484,1.043052484,07/20/2018,9.54765993,InSAR
04/01/1940,1.04695248,1.04695248,1.04695248,1.04695248,1.04695248,1.04695248,07/26/2018,9.550612686,InSAR
05/01/1940,1.044142007,1.044142007,1.044142007,1.044142007,1.044142007,1.044142007,08/01/2018,9.55422161,InSAR
06/01/1940,1.033584855,1.033584855,1.033584855,1.033584855,1.033584855,1.033584855,08/07/2018,9.56242371,InSAR
07/01/1940,1.032446952,1.032446952,1.032446952,1.032446952,1.032446952,1.032446952,08/13/2018,9.566688802,InSAR
08/01/1940,1.028875278,1.028875278,1.028875278,1.028875278,1.028875278,1.028875278,08/20/2018,9.57226623,InSAR
09/01/1940,1.028050917,1.028050917,1.028050917,1.028050917,1.028050917,1.028050917,08/26/2018,9.575218986,InSAR
10/01/1940,1.026287158,1.026287158,1.026287158,1.026287158,1.026287158,1.026287158,09/01/2018,9.57554707,InSAR
11/01/1940,1.018062471,1.018062471,1.018062471,1.018062471,1.018062471,1.018062471,09/07/2018,9.58046833,InSAR
12/01/1940,1.01908045,1.01908045,1.01908045,1.01908045,1.01908045,1.01908045,09/13/2018,9.584733422,InSAR
01/01/1941,1.015446488,1.015446488,1.015446488,1.015446488,1.015446488,1.015446488,09/19/2018,9.59195127,InSAR
02/01/1941,1.01828366,1.01828366,1.01828366,1.01828366,1.01828366,1.01828366,09/25/2018,9.594904026,InSAR
03/01/1941,1.02189698,1.02189698,1.02189698,1.02189698,1.02189698,1.02189698,10/01/2018,9.597200614,InSAR
04/01/1941,1.023177321,1.023177321,1.023177321,1.023177321,1.023177321,1.023177321,10/07/2018,9.600481454,InSAR
05/01/1941,1.024676306,1.024676306,1.024676306,1.024676306,1.024676306,1.024676306,10/13/2018,9.595888278,InSAR
06/01/1941,1.023703886,1.023703886,1.023703886,1.023703886,1.023703886,1.023703886,10/20/2018,9.592607438,InSAR
07/01/1941,1.030777208,1.030777208,1.030777208,1.030777208,1.030777208,1.030777208,10/26/2018,9.588998514,InSAR
08/01/1941,1.036618378,1.036618378,1.036618378,1.036618378,1.036618378,1.036618378,11/01/2018,9.58867043,InSAR
09/01/1941,1.042892754,1.042892754,1.042892754,1.042892754,1.042892754,1.042892754,11/07/2018,9.588014262,InSAR
10/01/1941,1.049194645,1.049194645,1.049194645,1.049194645,1.049194645,1.049194645,11/13/2018,9.582764918,InSAR
11/01/1941,1.050815948,1.050815948,1.050815948,1.050815948,1.050815948,1.050815948,11/19/2018,9.576203238,InSAR
12/01/1941,1.054105851,1.054105851,1.054105851,1.054105851,1.054105851,1.054105851,11/25/2018,9.568329222,InSAR
01/01/1942,1.060454556,1.060454556,1.060454556,1.060454556,1.060454556,1.060454556,12/01/2018,9.563079878,InSAR
02/01/1942,1.069100632,1.069100632,1.069100632,1.069100632,1.069100632,1.069100632,12/07/2018,9.554549694,InSAR
03/01/1942,1.075305744,1.075305744,1.075305744,1.075305744,1.075305744,1.075305744,12/13/2018,9.545035258,InSAR
04/01/1942,1.082438399,1.082438399,1.082438399,1.082438399,1.082438399,1.082438399,12/20/2018,9.539129746,InSAR
05/01/1942,1.09289337,1.09289337,1.09289337,1.09289337,1.09289337,1.09289337,12/26/2018,9.537489326,InSAR
06/01/1942,1.097157564,1.097157564,1.097157564,1.097157564,1.097157564,1.097157564,01/01/2019,9.534864654,InSAR
07/01/1942,1.096264119,1.096264119,1.096264119,1.096264119,1.096264119,1.096264119,01/07/2019,9.52961531,InSAR
08/01/1942,1.099866648,1.099866648,1.099866648,1.099866648,1.099866648,1.099866648,01/13/2019,9.529287226,InSAR
09/01/1942,1.101502959,1.101502959,1.101502959,1.101502959,1.101502959,1.101502959,01/20/2019,9.528959142,InSAR
10/01/1942,1.100443928,1.100443928,1.100443928,1.100443928,1.100443928,1.100443928,01/26/2019,9.522069378,InSAR
11/01/1942,1.099135108,1.099135108,1.099135108,1.099135108,1.099135108,1.099135108,02/01/2019,9.517476202,InSAR
12/01/1942,1.09638544,1.09638544,1.09638544,1.09638544,1.09638544,1.09638544,02/07/2019,9.510914522,InSAR
01/01/1943,1.094309682,1.094309682,1.094309682,1.094309682,1.094309682,1.094309682,02/12/2019,9.503040506,InSAR
02/01/1943,1.092580939,1.092580939,1.092580939,1.092580939,1.092580939,1.092580939,02/18/2019,9.498119246,InSAR
03/01/1943,1.085952122,1.085952122,1.085952122,1.085952122,1.085952122,1.085952122,02/23/2019,9.499103498,InSAR
04/01/1943,1.087116946,1.087116946,1.087116946,1.087116946,1.087116946,1.087116946,03/01/2019,9.499759666,InSAR
05/01/1943,1.085346652,1.085346652,1.085346652,1.085346652,1.085346652,1.085346652,03/07/2019,9.502384338,InSAR
06/01/1943,1.086426262,1.086426262,1.086426262,1.086426262,1.086426262,1.086426262,03/13/2019,9.505993262,InSAR
07/01/1943,1.088351662,1.088351662,1.088351662,1.088351662,1.088351662,1.088351662,03/20/2019,9.50993027,InSAR
08/01/1943,1.08474193,1.08474193,1.08474193,1.08474193,1.08474193,1.08474193,03/26/2019,9.511242606,InSAR
09/01/1943,1.089605774,1.089605774,1.089605774,1.089605774,1.089605774,1.089605774,04/01/2019,9.513539194,InSAR
10/01/1943,1.092844598,1.092844598,1.092844598,1.092844598,1.092844598,1.092844598,04/07/2019,9.512226858,InSAR
11/01/1943,1.092440776,1.092440776,1.092440776,1.092440776,1.092440776,1.092440776,04/13/2019,9.505993262,InSAR
12/01/1943,1.097002891,1.097002891,1.097002891,1.097002891,1.097002891,1.097002891,04/19/2019,9.504024758,InSAR
01/01/1944,1.093908913,1.093908913,1.093908913,1.093908913,1.093908913,1.093908913,04/25/2019,9.506977514,InSAR
02/01/1944,1.094340101,1.094340101,1.094340101,1.094340101,1.094340101,1.094340101,05/01/2019,9.50993027,InSAR
03/01/1944,1.096026503,1.096026503,1.096026503,1.096026503,1.096026503,1.096026503,05/07/2019,9.510258354,InSAR
04/01/1944,1.106084569,1.106084569,1.106084569,1.106084569,1.106084569,1.106084569,05/13/2019,9.511242606,InSAR
05/01/1944,1.112592637,1.112592637,1.112592637,1.112592637,1.112592637,1.112592637,05/20/2019,9.517476202,InSAR
06/01/1944,1.117768528,1.117768528,1.117768528,1.117768528,1.117768528,1.117768528,05/26/2019,9.52305363,InSAR
07/01/1944,1.122863447,1.122863447,1.122863447,1.122863447,1.122863447,1.122863447,06/01/2019,9.528302974,InSAR
08/01/1944,1.125757923,1.125757923,1.125757923,1.125757923,1.125757923,1.125757923,06/07/2019,9.538145494,InSAR
09/01/1944,1.130908268,1.130908268,1.130908268,1.130908268,1.130908268,1.130908268,06/13/2019,9.545363342,InSAR
10/01/1944,1.122744629,1.122744629,1.122744629,1.122744629,1.122744629,1.122744629,06/19/2019,9.554877778,InSAR
11/01/1944,1.123010076,1.123010076,1.123010076,1.123010076,1.123010076,1.123010076,06/25/2019,9.56406413,InSAR
12/01/1944,1.119988634,1.119988634,1.119988634,1.119988634,1.119988634,1.119988634,07/01/2019,9.569969642,InSAR
01/01/1945,1.113275795,1.113275795,1.113275795,1.113275795,1.113275795,1.113275795,07/07/2019,9.571938146,InSAR
02/01/1945,1.111174037,1.111174037,1.111174037,1.111174037,1.111174037,1.111174037,07/13/2019,9.579484078,InSAR
03/01/1945,1.107979601,1.107979601,1.107979601,1.107979601,1.107979601,1.107979601,07/20/2019,9.588014262,InSAR
04/01/1945,1.109726399,1.109726399,1.109726399,1.109726399,1.109726399,1.109726399,07/26/2019,9.597200614,InSAR
05/01/1945,1.112606608,1.112606608,1.112606608,1.112606608,1.112606608,1.112606608,08/01/2019,9.607699302,InSAR
06/01/1945,1.117790618,1.117790618,1.117790618,1.117790618,1.117790618,1.117790618,08/07/2019,9.612620562,InSAR
07/01/1945,1.115038377,1.115038377,1.115038377,1.115038377,1.115038377,1.115038377,08/13/2019,9.616885654,InSAR
08/01/1945,1.120445997,1.120445997,1.120445997,1.120445997,1.120445997,1.120445997,08/20/2019,9.62147883,InSAR
09/01/1945,1.118717161,1.118717161,1.118717161,1.118717161,1.118717161,1.118717161,08/26/2019,9.624431586,InSAR
10/01/1945,1.124877621,1.124877621,1.124877621,1.124877621,1.124877621,1.124877621,09/01/2019,9.630009014,InSAR
11/01/1945,1.119695121,1.119695121,1.119695121,1.119695121,1.119695121,1.119695121,09/07/2019,9.63132135,InSAR
12/01/1945,1.123834526,1.123834526,1.123834526,1.123834526,1.123834526,1.123834526,09/13/2019,9.633617938,InSAR
01/01/1946,1.119313918,1.119313918,1.119313918,1.119313918,1.119313918,1.119313918,09/19/2019,9.631977518,InSAR
02/01/1946,1.124049715,1.124049715,1.124049715,1.124049715,1.124049715,1.124049715,09/25/2019,9.62968093,InSAR
03/01/1946,1.129979225,1.129979225,1.129979225,1.129979225,1.129979225,1.129979225,10/01/2019,9.627712426,InSAR
04/01/1946,1.137286778,1.137286778,1.137286778,1.137286778,1.137286778,1.137286778,10/07/2019,9.622463082,InSAR
05/01/1946,1.142191062,1.142191062,1.142191062,1.142191062,1.142191062,1.142191062,10/13/2019,9.619182242,InSAR
06/01/1946,1.143569724,1.143569724,1.143569724,1.143569724,1.143569724,1.143569724,10/20/2019,9.618854158,InSAR
07/01/1946,1.152239652,1.152239652,1.152239652,1.152239652,1.152239652,1.152239652,10/26/2019,9.613932898,InSAR
08/01/1946,1.158259348,1.158259348,1.158259348,1.158259348,1.158259348,1.158259348,11/01/2019,9.607371218,InSAR
09/01/1946,1.169870303,1.169870303,1.169870303,1.169870303,1.169870303,1.169870303,11/07/2019,9.604746546,InSAR
10/01/1946,1.175285559,1.175285559,1.175285559,1.175285559,1.175285559,1.175285559,11/13/2019,9.593263606,InSAR
11/01/1946,1.17679804,1.17679804,1.17679804,1.17679804,1.17679804,1.17679804,11/19/2019,9.58703001,InSAR
12/01/1946,1.175640958,1.175640958,1.175640958,1.175640958,1.175640958,1.175640958,11/25/2019,9.581452582,InSAR
01/01/1947,1.173811428,1.173811428,1.173811428,1.173811428,1.173811428,1.173811428,12/01/2019,9.57390665,InSAR
02/01/1947,1.168192692,1.168192692,1.168192692,1.168192692,1.168192692,1.168192692,12/07/2019,9.569641558,InSAR
03/01/1947,1.169043019,1.169043019,1.169043019,1.169043019,1.169043019,1.169043019,12/13/2019,9.57226623,InSAR
04/01/1947,1.180907189,1.180907189,1.180907189,1.180907189,1.180907189,1.180907189,12/20/2019,9.56734497,InSAR
05/01/1947,1.190252706,1.190252706,1.190252706,1.190252706,1.190252706,1.190252706,12/26/2019,9.564720298,InSAR
06/01/1947,1.19867038,1.19867038,1.19867038,1.19867038,1.19867038,1.19867038,01/01/2020,9.563407962,InSAR
07/01/1947,1.204307954,1.204307954,1.204307954,1.204307954,1.204307954,1.204307954,01/07/2020,9.556846282,InSAR
08/01/1947,1.205781355,1.205781355,1.205781355,1.205781355,1.205781355,1.205781355,01/13/2020,9.55258119,InSAR
09/01/1947,1.210267018,1.210267018,1.210267018,1.210267018,1.210267018,1.210267018,01/20/2020,9.546675678,InSAR
10/01/1947,1.21913606,1.21913606,1.21913606,1.21913606,1.21913606,1.21913606,01/26/2020,9.542410586,InSAR
11/01/1947,1.232607507,1.232607507,1.232607507,1.232607507,1.232607507,1.232607507,02/01/2020,9.536505074,InSAR
12/01/1947,1.238372941,1.238372941,1.238372941,1.238372941,1.238372941,1.238372941,02/07/2020,9.534864654,InSAR
01/01/1948,1.250094659,1.250094659,1.250094659,1.250094659,1.250094659,1.250094659,02/13/2020,9.531911898,InSAR
02/01/1948,1.257983626,1.257983626,1.257983626,1.257983626,1.257983626,1.257983626,02/18/2020,9.530927646,InSAR
03/01/1948,1.268891688,1.268891688,1.268891688,1.268891688,1.268891688,1.268891688,02/24/2020,9.528302974,InSAR
04/01/1948,1.276476232,1.276476232,1.276476232,1.276476232,1.276476232,1.276476232,03/01/2020,9.529943394,InSAR
05/01/1948,1.281605345,1.281605345,1.281605345,1.281605345,1.281605345,1.281605345,03/07/2020,9.530927646,InSAR
06/01/1948,1.288001365,1.288001365,1.288001365,1.288001365,1.288001365,1.288001365,03/13/2020,9.531911898,InSAR
07/01/1948,1.292299955,1.292299955,1.292299955,1.292299955,1.292299955,1.292299955,03/20/2020,9.531911898,InSAR
08/01/1948,1.290603066,1.290603066,1.290603066,1.290603066,1.290603066,1.290603066,03/26/2020,9.537161242,InSAR
09/01/1948,1.298038059,1.298038059,1.298038059,1.298038059,1.298038059,1.298038059,04/01/2020,9.541426334,InSAR
10/01/1948,1.299303558,1.299303558,1.299303558,1.299303558,1.299303558,1.299303558,04/07/2020,9.545035258,InSAR
11/01/1948,1.308247115,1.308247115,1.308247115,1.308247115,1.308247115,1.308247115,04/13/2020,9.54765993,InSAR
12/01/1948,1.311079601,1.311079601,1.311079601,1.311079601,1.311079601,1.311079601,04/19/2020,9.552253106,InSAR
01/01/1949,1.316383922,1.316383922,1.316383922,1.316383922,1.316383922,1.316383922,04/21/2020,9.552362467,Leveling
02/01/1949,1.32078992,1.32078992,1.32078992,1.32078992,1.32078992,1.32078992,04/25/2020,9.55258119,InSAR
03/01/1949,1.323333229,1.323333229,1.323333229,1.323333229,1.323333229,1.323333229,05/01/2020,9.561767542,InSAR
04/01/1949,1.320131773,1.320131773,1.320131773,1.320131773,1.320131773,1.320131773,05/07/2020,9.570297726,InSAR
05/01/1949,1.315651667,1.315651667,1.315651667,1.315651667,1.315651667,1.315651667,05/13/2020,9.58210875,InSAR
06/01/1949,1.311292629,1.311292629,1.311292629,1.311292629,1.311292629,1.311292629,05/20/2020,9.595560194,InSAR
07/01/1949,1.312571811,1.312571811,1.312571811,1.312571811,1.312571811,1.312571811,05/26/2020,9.605730798,InSAR
08/01/1949,1.313524076,1.313524076,1.313524076,1.313524076,1.313524076,1.313524076,06/01/2020,9.614589066,InSAR
09/01/1949,1.310658852,1.310658852,1.310658852,1.310658852,1.310658852,1.310658852,06/07/2020,9.623775418,InSAR
10/01/1949,1.313495451,1.313495451,1.313495451,1.313495451,1.313495451,1.313495451,06/13/2020,9.63624261,InSAR
11/01/1949,1.319895106,1.319895106,1.319895106,1.319895106,1.319895106,1.319895106,06/19/2020,9.648053634,InSAR
12/01/1949,1.328962509,1.328962509,1.328962509,1.328962509,1.328962509,1.328962509,06/25/2020,9.660192742,InSAR
01/01/1950,1.330062883,1.330062883,1.330062883,1.330062883,1.330062883,1.330062883,07/01/2020,9.668394842,InSAR
02/01/1950,1.32975127,1.32975127,1.32975127,1.32975127,1.32975127,1.32975127,07/07/2020,9.679877782,InSAR
03/01/1950,1.333791824,1.333791824,1.333791824,1.333791824,1.333791824,1.333791824,07/13/2020,9.692673058,InSAR
04/01/1950,1.330562301,1.330562301,1.330562301,1.330562301,1.330562301,1.330562301,07/20/2020,9.708093006,InSAR
05/01/1950,1.338586984,1.338586984,1.338586984,1.338586984,1.338586984,1.338586984,07/26/2020,9.723841038,InSAR
06/01/1950,1.342765475,1.342765475,1.342765475,1.342765475,1.342765475,1.342765475,08/01/2020,9.737620566,InSAR
07/01/1950,1.345993651,1.345993651,1.345993651,1.345993651,1.345993651,1.345993651,08/07/2020,9.748775422,InSAR
08/01/1950,1.351260464,1.351260464,1.351260464,1.351260464,1.351260464,1.351260464,08/13/2020,9.762226866,InSAR
09/01/1950,1.354356898,1.354356898,1.354356898,1.354356898,1.354356898,1.354356898,08/20/2020,9.774694058,InSAR
10/01/1950,1.356462061,1.356462061,1.356462061,1.356462061,1.356462061,1.356462061,08/26/2020,9.771085134,InSAR
11/01/1950,1.356938603,1.356938603,1.356938603,1.356938603,1.356938603,1.356938603,09/01/2020,9.78223999,InSAR
12/01/1950,1.357717934,1.357717934,1.357717934,1.357717934,1.357717934,1.357717934,09/07/2020,9.791098258,InSAR
01/01/1951,1.348770943,1.348770943,1.348770943,1.348770943,1.348770943,1.348770943,09/13/2020,9.78716125,InSAR
02/01/1951,1.336424903,1.336424903,1.336424903,1.336424903,1.336424903,1.336424903,09/19/2020,9.788473586,InSAR
03/01/1951,1.334672197,1.334672197,1.334672197,1.334672197,1.334672197,1.334672197,09/25/2020,9.78552083,InSAR
04/01/1951,1.328494445,1.328494445,1.328494445,1.328494445,1.328494445,1.328494445,10/01/2020,9.784864662,InSAR
05/01/1951,1.321379528,1.321379528,1.321379528,1.321379528,1.321379528,1.321379528,10/07/2020,9.780927654,InSAR
06/01/1951,1.312916719,1.312916719,1.312916719,1.312916719,1.312916719,1.312916719,10/13/2020,9.773709806,InSAR
07/01/1951,1.313822176,1.313822176,1.313822176,1.313822176,1.313822176,1.313822176,10/20/2020,9.771085134,InSAR
08/01/1951,1.309593926,1.309593926,1.309593926,1.309593926,1.309593926,1.309593926,10/26/2020,9.766163874,InSAR
09/01/1951,1.310289857,1.310289857,1.310289857,1.310289857,1.310289857,1.310289857,11/01/2020,9.758946026,InSAR
10/01/1951,1.317151142,1.317151142,1.317151142,1.317151142,1.317151142,1.317151142,11/07/2020,9.74615075,InSAR
11/01/1951,1.319477757,1.319477757,1.319477757,1.319477757,1.319477757,1.319477757,11/13/2020,9.738604818,InSAR
12/01/1951,1.308328902,1.308328902,1.308328902,1.308328902,1.308328902,1.308328902,11/19/2020,9.73138697,InSAR
01/01/1952,1.304058673,1.304058673,1.304058673,1.304058673,1.304058673,1.304058673,11/25/2020,9.723841038,InSAR
02/01/1952,1.299719808,1.299719808,1.299719808,1.299719808,1.299719808,1.299719808,12/01/2020,9.72154445,InSAR
03/01/1952,1.290850079,1.290850079,1.290850079,1.290850079,1.290850079,1.290850079,12/07/2020,9.716295106,InSAR
04/01/1952,1.285850244,1.285850244,1.285850244,1.285850244,1.285850244,1.285850244,12/13/2020,9.711373846,InSAR
05/01/1952,1.2891743,1.2891743,1.2891743,1.2891743,1.2891743,1.2891743,12/20/2020,9.70349983,InSAR
06/01/1952,1.2835562,1.2835562,1.2835562,1.2835562,1.2835562,1.2835562,12/26/2020,9.694313478,InSAR
07/01/1952,1.284348424,1.284348424,1.284348424,1.284348424,1.284348424,1.284348424,01/01/2021,9.69037647,InSAR
08/01/1952,1.28607668,1.28607668,1.28607668,1.28607668,1.28607668,1.28607668,01/07/2021,9.680862034,InSAR
09/01/1952,1.280914562,1.280914562,1.280914562,1.280914562,1.280914562,1.280914562,01/13/2021,9.672003766,InSAR
10/01/1952,1.279713026,1.279713026,1.279713026,1.279713026,1.279713026,1.279713026,01/20/2021,9.667082506,InSAR
11/01/1952,1.276114751,1.276114751,1.276114751,1.276114751,1.276114751,1.276114751,01/26/2021,9.666098254,InSAR
12/01/1952,1.27759645,1.27759645,1.27759645,1.27759645,1.27759645,1.27759645,02/01/2021,9.660192742,InSAR
01/01/1953,1.276938208,1.276938208,1.276938208,1.276938208,1.276938208,1.276938208,02/07/2021,9.659864658,InSAR
02/01/1953,1.266161784,1.266161784,1.266161784,1.266161784,1.266161784,1.266161784,02/12/2021,9.663145498,InSAR
03/01/1953,1.263374632,1.263374632,1.263374632,1.263374632,1.263374632,1.263374632,02/18/2021,9.662161246,InSAR
04/01/1953,1.275045491,1.275045491,1.275045491,1.275045491,1.275045491,1.275045491,02/23/2021,9.659536574,InSAR
05/01/1953,1.294095243,1.294095243,1.294095243,1.294095243,1.294095243,1.294095243,03/01/2021,9.661505078,InSAR
06/01/1953,1.305573051,1.305573051,1.305573051,1.305573051,1.305573051,1.305573051,03/07/2021,9.661833162,InSAR
07/01/1953,1.327937893,1.327937893,1.327937893,1.327937893,1.327937893,1.327937893,03/13/2021,9.65920849,InSAR
08/01/1953,1.345944806,1.345944806,1.345944806,1.345944806,1.345944806,1.345944806,03/20/2021,9.668394842,InSAR
09/01/1953,1.362300474,1.362300474,1.362300474,1.362300474,1.362300474,1.362300474,03/26/2021,9.674300354,InSAR
10/01/1953,1.379974411,1.379974411,1.379974411,1.379974411,1.379974411,1.379974411,04/01/2021,9.677581194,InSAR
11/01/1953,1.380868679,1.380868679,1.380868679,1.380868679,1.380868679,1.380868679,04/07/2021,9.68053395,InSAR
12/01/1953,1.393504643,1.393504643,1.393504643,1.393504643,1.393504643,1.393504643,04/13/2021,9.684799042,InSAR
01/01/1954,1.408834086,1.408834086,1.408834086,1.408834086,1.408834086,1.408834086,04/19/2021,9.692344974,InSAR
02/01/1954,1.415044825,1.415044825,1.415044825,1.415044825,1.415044825,1.415044825,04/25/2021,9.701531326,InSAR
03/01/1954,1.420232702,1.420232702,1.420232702,1.420232702,1.420232702,1.420232702,05/01/2021,9.713998518,InSAR
04/01/1954,1.42626942,1.42626942,1.42626942,1.42626942,1.42626942,1.42626942,05/07/2021,9.727778046,InSAR
05/01/1954,1.436677894,1.436677894,1.436677894,1.436677894,1.436677894,1.436677894,05/13/2021,9.743854162,InSAR
06/01/1954,1.444398556,1.444398556,1.444398556,1.444398556,1.444398556,1.444398556,05/20/2021,9.761570698,InSAR
07/01/1954,1.461153938,1.461153938,1.461153938,1.461153938,1.461153938,1.461153938,05/26/2021,9.77567831,InSAR
08/01/1954,1.479952699,1.479952699,1.479952699,1.479952699,1.479952699,1.479952699,06/01/2021,9.789457838,InSAR
09/01/1954,1.498582626,1.498582626,1.498582626,1.498582626,1.498582626,1.498582626,06/07/2021,9.803237366,InSAR
10/01/1954,1.515813074,1.515813074,1.515813074,1.515813074,1.515813074,1.515813074,06/13/2021,9.814392222,InSAR
11/01/1954,1.533431275,1.533431275,1.533431275,1.533431275,1.533431275,1.533431275,06/19/2021,9.826203246,InSAR
12/01/1954,1.547686293,1.547686293,1.547686293,1.547686293,1.547686293,1.547686293,06/25/2021,9.841623194,InSAR
01/01/1955,1.564756752,1.564756752,1.564756752,1.564756752,1.564756752,1.564756752,07/01/2021,9.856386974,InSAR
02/01/1955,1.577293484,1.577293484,1.577293484,1.577293484,1.577293484,1.577293484,07/07/2021,9.87246309,InSAR
03/01/1955,1.587571802,1.587571802,1.587571802,1.587571802,1.587571802,1.587571802,07/13/2021,9.891491962,InSAR
04/01/1955,1.602095897,1.602095897,1.602095897,1.602095897,1.602095897,1.602095897,07/20/2021,9.91183317,InSAR
05/01/1955,1.617726949,1.617726949,1.617726949,1.617726949,1.617726949,1.617726949,07/26/2021,9.92495653,InSAR
06/01/1955,1.628944389,1.628944389,1.628944389,1.628944389,1.628944389,1.628944389,08/01/2021,9.935783302,InSAR
07/01/1955,1.641287023,1.641287023,1.641287023,1.641287023,1.641287023,1.641287023,08/07/2021,9.947594326,InSAR
08/01/1955,1.656421168,1.656421168,1.656421168,1.656421168,1.656421168,1.656421168,08/13/2021,9.957436846,InSAR
09/01/1955,1.670172643,1.670172643,1.670172643,1.670172643,1.670172643,1.670172643,08/20/2021,9.96104577,InSAR
10/01/1955,1.688654143,1.688654143,1.688654143,1.688654143,1.688654143,1.688654143,08/26/2021,9.966295114,InSAR
11/01/1955,1.701943672,1.701943672,1.701943672,1.701943672,1.701943672,1.701943672,09/01/2021,9.96924787,InSAR
12/01/1955,1.713489814,1.713489814,1.713489814,1.713489814,1.713489814,1.713489814,09/07/2021,9.967279366,InSAR
01/01/1956,1.724028882,1.724028882,1.724028882,1.724028882,1.724028882,1.724028882,09/13/2021,9.96924787,InSAR
02/01/1956,1.731042976,1.731042976,1.731042976,1.731042976,1.731042976,1.731042976,09/19/2021,9.971872542,InSAR
03/01/1956,1.74249929,1.74249929,1.74249929,1.74249929,1.74249929,1.74249929,09/25/2021,9.967935534,InSAR
04/01/1956,1.748546578,1.748546578,1.748546578,1.748546578,1.748546578,1.748546578,10/01/2021,9.96432661,InSAR
05/01/1956,1.755236188,1.755236188,1.755236188,1.755236188,1.755236188,1.755236188,10/07/2021,9.960389602,InSAR
06/01/1956,1.763176018,1.763176018,1.763176018,1.763176018,1.763176018,1.763176018,10/13/2021,9.959077266,InSAR
07/01/1956,1.76878666,1.76878666,1.76878666,1.76878666,1.76878666,1.76878666,10/20/2021,9.955140258,InSAR
08/01/1956,1.782385497,1.782385497,1.782385497,1.782385497,1.782385497,1.782385497,10/26/2021,9.953171754,InSAR
09/01/1956,1.794166145,1.794166145,1.794166145,1.794166145,1.794166145,1.794166145,11/01/2021,9.957436846,InSAR
10/01/1956,1.809238074,1.809238074,1.809238074,1.809238074,1.809238074,1.809238074,11/07/2021,9.950875166,InSAR
11/01/1956,1.82289557,1.82289557,1.82289557,1.82289557,1.82289557,1.82289557,11/13/2021,9.950218998,InSAR
12/01/1956,1.826914977,1.826914977,1.826914977,1.826914977,1.826914977,1.826914977,11/19/2021,9.94464157,InSAR
01/01/1957,1.822091446,1.822091446,1.822091446,1.822091446,1.822091446,1.822091446,11/25/2021,9.933486714,InSAR
02/01/1957,1.82315172,1.82315172,1.82315172,1.82315172,1.82315172,1.82315172,12/01/2021,9.922003774,InSAR
03/01/1957,1.821131181,1.821131181,1.821131181,1.821131181,1.821131181,1.821131181,12/07/2021,9.912489338,InSAR
04/01/1957,1.816117589,1.816117589,1.816117589,1.816117589,1.816117589,1.816117589,12/13/2021,9.903959154,InSAR
05/01/1957,1.817866899,1.817866899,1.817866899,1.817866899,1.817866899,1.817866899,12/20/2021,9.888539206,InSAR
06/01/1957,1.827768321,1.827768321,1.827768321,1.827768321,1.827768321,1.827768321,12/26/2021,9.880993274,InSAR
07/01/1957,1.843298118,1.843298118,1.843298118,1.843298118,1.843298118,1.843298118,01/01/2022,9.879352854,InSAR
08/01/1957,1.874524447,1.874524447,1.874524447,1.874524447,1.874524447,1.874524447,01/07/2022,9.87574393,InSAR
09/01/1957,1.902283197,1.902283197,1.902283197,1.902283197,1.902283197,1.902283197,01/13/2022,9.873119258,InSAR
10/01/1957,1.915271201,1.915271201,1.915271201,1.915271201,1.915271201,1.915271201,01/20/2022,9.86918225,InSAR
11/01/1957,1.94614188,1.94614188,1.94614188,1.94614188,1.94614188,1.94614188,01/26/2022,9.865573326,InSAR
12/01/1957,1.960697251,1.960697251,1.960697251,1.960697251,1.960697251,1.960697251,02/01/2022,9.858027394,InSAR
01/01/1958,1.979880046,1.979880046,1.979880046,1.979880046,1.979880046,1.979880046,02/07/2022,9.850481462,InSAR
02/01/1958,1.992778271,1.992778271,1.992778271,1.992778271,1.992778271,1.992778271,02/12/2022,9.846544454,InSAR
03/01/1958,1.986229249,1.986229249,1.986229249,1.986229249,1.986229249,1.986229249,02/18/2022,9.84293553,InSAR
04/01/1958,1.97842482,1.97842482,1.97842482,1.97842482,1.97842482,1.97842482,02/23/2022,9.839982774,InSAR
05/01/1958,1.973572955,1.973572955,1.973572955,1.973572955,1.973572955,1.973572955,03/01/2022,9.840310858,InSAR
06/01/1958,1.970813711,1.970813711,1.970813711,1.970813711,1.970813711,1.970813711,03/07/2022,9.840967026,InSAR
07/01/1958,1.972910912,1.972910912,1.972910912,1.972910912,1.972910912,1.972910912,03/13/2022,9.844247866,InSAR
08/01/1958,1.979303723,1.979303723,1.979303723,1.979303723,1.979303723,1.979303723,03/20/2022,9.843919782,InSAR
09/01/1958,1.988661144,1.988661144,1.988661144,1.988661144,1.988661144,1.988661144,03/26/2022,9.843919782,InSAR
10/01/1958,1.999507467,1.999507467,1.999507467,1.999507467,1.999507467,1.999507467,04/01/2022,9.846544454,InSAR
11/01/1958,2.016414025,2.016414025,2.016414025,2.016414025,2.016414025,2.016414025,04/07/2022,9.858683562,InSAR
12/01/1958,2.020737876,2.020737876,2.020737876,2.020737876,2.020737876,2.020737876,04/13/2022,9.86918225,InSAR
01/01/1959,2.017216677,2.017216677,2.017216677,2.017216677,2.017216677,2.017216677,04/19/2022,9.88230561,InSAR
02/01/1959,2.009282501,2.009282501,2.009282501,2.009282501,2.009282501,2.009282501,04/25/2022,9.894772802,InSAR
03/01/1959,1.999043605,1.999043605,1.999043605,1.999043605,1.999043605,1.999043605,05/01/2022,9.91183317,InSAR
04/01/1959,1.987081774,1.987081774,1.987081774,1.987081774,1.987081774,1.987081774,05/07/2022,9.922988026,InSAR
05/01/1959,1.977437562,1.977437562,1.977437562,1.977437562,1.977437562,1.977437562,05/13/2022,9.932174378,InSAR
06/01/1959,1.969266085,1.969266085,1.969266085,1.969266085,1.969266085,1.969266085,05/20/2022,9.94136073,InSAR
07/01/1959,1.965616608,1.965616608,1.965616608,1.965616608,1.965616608,1.965616608,05/26/2022,9.953827922,InSAR
08/01/1959,1.970384258,1.970384258,1.970384258,1.970384258,1.970384258,1.970384258,06/01/2022,9.96924787,InSAR
09/01/1959,1.971868608,1.971868608,1.971868608,1.971868608,1.971868608,1.971868608,06/07/2022,9.986636322,InSAR
10/01/1959,1.988052054,1.988052054,1.988052054,1.988052054,1.988052054,1.988052054,06/13/2022,10.00500903,InSAR
11/01/1959,2.01040446,2.01040446,2.01040446,2.01040446,2.01040446,2.01040446,06/19/2022,10.02535023,InSAR
12/01/1959,2.022022301,2.022022301,2.022022301,2.022022301,2.022022301,2.022022301,06/25/2022,10.04306677,InSAR
01/01/1960,2.031830522,2.031830522,2.031830522,2.031830522,2.031830522,2.031830522,07/01/2022,10.06111139,InSAR
02/01/1960,2.030527118,2.030527118,2.030527118,2.030527118,2.030527118,2.030527118,07/07/2022,10.07784367,InSAR
03/01/1960,2.02867692,2.02867692,2.02867692,2.02867692,2.02867692,2.02867692,07/13/2022,10.08932661,InSAR
04/01/1960,2.029515112,2.029515112,2.029515112,2.029515112,2.029515112,2.029515112,07/20/2022,10.0998253,InSAR
05/01/1960,2.023945742,2.023945742,2.023945742,2.023945742,2.023945742,2.023945742,07/26/2022,10.10540273,InSAR
06/01/1960,2.021844219,2.021844219,2.021844219,2.021844219,2.021844219,2.021844219,08/01/2022,10.11360483,InSAR
07/01/1960,2.023864586,2.023864586,2.023864586,2.023864586,2.023864586,2.023864586,08/07/2022,10.12738436,InSAR
08/01/1960,2.035533658,2.035533658,2.035533658,2.035533658,2.035533658,2.035533658,08/13/2022,10.13296179,InSAR
09/01/1960,2.043428374,2.043428374,2.043428374,2.043428374,2.043428374,2.043428374,08/20/2022,10.12147885,InSAR
10/01/1960,2.065824276,2.065824276,2.065824276,2.065824276,2.065824276,2.065824276,08/26/2022,10.11655759,InSAR
11/01/1960,2.103728541,2.103728541,2.103728541,2.103728541,2.103728541,2.103728541,09/01/2022,10.11458908,InSAR
12/01/1960,2.133280803,2.133280803,2.133280803,2.133280803,2.133280803,2.133280803,09/07/2022,10.10933974,InSAR
01/01/1961,2.159302269,2.159302269,2.159302269,2.159302269,2.159302269,2.159302269,09/13/2022,10.10277806,InSAR
02/01/1961,2.179445169,2.179445169,2.179445169,2.179445169,2.179445169,2.179445169,09/19/2022,10.10901165,InSAR
03/01/1961,2.189684306,2.189684306,2.189684306,2.189684306,2.189684306,2.189684306,09/25/2022,10.12377543,InSAR
04/01/1961,2.192795763,2.192795763,2.192795763,2.192795763,2.192795763,2.192795763,10/01/2022,10.12738436,InSAR
05/01/1961,2.20284208,2.20284208,2.20284208,2.20284208,2.20284208,2.20284208,10/07/2022,10.12771244,InSAR
06/01/1961,2.215268658,2.215268658,2.215268658,2.215268658,2.215268658,2.215268658,10/13/2022,10.12508777,InSAR
07/01/1961,2.231743457,2.231743457,2.231743457,2.231743457,2.231743457,2.231743457,10/20/2022,10.1224631,InSAR
08/01/1961,2.258547841,2.258547841,2.258547841,2.258547841,2.258547841,2.258547841,10/26/2022,10.11754184,InSAR
09/01/1961,2.304067643,2.304067643,2.304067643,2.304067643,2.304067643,2.304067643,11/01/2022,10.11491717,InSAR
10/01/1961,2.347535074,2.347535074,2.347535074,2.347535074,2.347535074,2.347535074,11/07/2022,10.10540273,InSAR
11/01/1961,2.4041857,2.4041857,2.4041857,2.4041857,2.4041857,2.4041857,11/13/2022,10.09588829,InSAR
12/01/1961,2.458622031,2.458622031,2.458622031,2.458622031,2.458622031,2.458622031,11/19/2022,10.08834236,InSAR
01/01/1962,2.505392767,2.505392767,2.505392767,2.505392767,2.505392767,2.505392767,11/25/2022,10.08571769,InSAR
02/01/1962,2.549772176,2.549772176,2.549772176,2.549772176,2.549772176,2.549772176,12/01/2022,10.07554709,InSAR
03/01/1962,2.578995114,2.578995114,2.578995114,2.578995114,2.578995114,2.578995114,12/07/2022,10.06176756,InSAR
04/01/1962,2.608631434,2.608631434,2.608631434,2.608631434,2.608631434,2.608631434,12/13/2022,10.05389354,InSAR
05/01/1962,2.623458299,2.623458299,2.623458299,2.623458299,2.623458299,2.623458299,12/20/2022,10.0486442,InSAR
06/01/1962,2.644163312,2.644163312,2.644163312,2.644163312,2.644163312,2.644163312,12/26/2022,10.03912976,InSAR
07/01/1962,2.674348977,2.674348977,2.674348977,2.674348977,2.674348977,2.674348977,01/01/2023,10.02928724,InSAR
08/01/1962,2.719383687,2.719383687,2.719383687,2.719383687,2.719383687,2.719383687,01/07/2023,10.0260064,InSAR
09/01/1962,2.755569582,2.755569582,2.755569582,2.755569582,2.755569582,2.755569582,01/13/2023,10.02338173,InSAR
10/01/1962,2.807775792,2.807775792,2.807775792,2.807775792,2.807775792,2.807775792,01/20/2023,10.02370981,InSAR
11/01/1962,2.938334575,2.938334575,2.938334575,2.938334575,2.938334575,2.938334575,01/26/2023,10.01977281,InSAR
12/01/1962,3.097095443,3.097095443,3.097095443,3.097095443,3.097095443,3.097095443,02/01/2023,10.01189879,InSAR
01/01/1963,3.217947324,3.217947324,3.217947324,3.217947324,3.217947324,3.217947324,02/07/2023,10.00796178,InSAR
02/01/1963,3.312492163,3.312492163,3.312492163,3.312492163,3.312492163,3.312492163,02/12/2023,10.00304052,InSAR
03/01/1963,3.389242598,3.389242598,3.389242598,3.389242598,3.389242598,3.389242598,02/18/2023,9.994182254,InSAR
04/01/1963,3.464726802,3.464726802,3.464726802,3.464726802,3.464726802,3.464726802,02/23/2023,9.989260994,InSAR
05/01/1963,3.52081592,3.52081592,3.52081592,3.52081592,3.52081592,3.52081592,03/01/2023,9.98565207,InSAR
06/01/1963,3.576412297,3.576412297,3.576412297,3.576412297,3.576412297,3.576412297,03/07/2023,9.988604826,InSAR
07/01/1963,3.628305131,3.628305131,3.628305131,3.628305131,3.628305131,3.628305131,03/13/2023,9.988604826,InSAR
08/01/1963,3.710731652,3.710731652,3.710731652,3.710731652,3.710731652,3.710731652,03/20/2023,9.98565207,InSAR
09/01/1963,3.843438518,3.843438518,3.843438518,3.843438518,3.843438518,3.843438518,03/26/2023,9.981058894,InSAR
10/01/1963,3.973741187,3.973741187,3.973741187,3.973741187,3.973741187,3.973741187,04/01/2023,9.98401165,InSAR
11/01/1963,4.091244648,4.091244648,4.091244648,4.091244648,4.091244648,4.091244648,04/07/2023,9.98729249,InSAR
12/01/1963,4.156436038,4.156436038,4.156436038,4.156436038,4.156436038,4.156436038,04/13/2023,9.989589078,InSAR
01/01/1964,4.205757208,4.205757208,4.205757208,4.205757208,4.205757208,4.205757208,04/19/2023,9.99221375,InSAR
02/01/1964,4.235318291,4.235318291,4.235318291,4.235318291,4.235318291,4.235318291,04/25/2023,9.998119262,InSAR
03/01/1964,4.263462089,4.263462089,4.263462089,4.263462089,4.263462089,4.263462089,05/01/2023,10.00336861,InSAR
04/01/1964,4.304142958,4.304142958,4.304142958,4.304142958,4.304142958,4.304142958,05/07/2023,10.0096022,InSAR
05/01/1964,4.35857795,4.35857795,4.35857795,4.35857795,4.35857795,4.35857795,05/13/2023,10.01517963,InSAR
06/01/1964,4.442978592,4.442978592,4.442978592,4.442978592,4.442978592,4.442978592,05/20/2023,10.02731874,InSAR
07/01/1964,4.531853591,4.531853591,4.531853591,4.531853591,4.531853591,4.531853591,05/26/2023,10.03650509,InSAR
08/01/1964,4.649345374,4.649345374,4.649345374,4.649345374,4.649345374,4.649345374,06/01/2023,10.04405102,InSAR
09/01/1964,4.79473286,4.79473286,4.79473286,4.79473286,4.79473286,4.79473286,06/07/2023,10.05258121,InSAR
10/01/1964,4.951172368,4.951172368,4.951172368,4.951172368,4.951172368,4.951172368,06/13/2023,10.06636073,InSAR
11/01/1964,5.075507775,5.075507775,5.075507775,5.075507775,5.075507775,5.075507775,06/19/2023,10.07653134,InSAR
12/01/1964,5.154923377,5.154923377,5.154923377,5.154923377,5.154923377,5.154923377,06/25/2023,10.08440535,InSAR
01/01/1965,5.207304448,5.207304448,5.207304448,5.207304448,5.207304448,5.207304448,07/01/2023,10.09227937,InSAR
02/01/1965,5.247974584,5.247974584,5.247974584,5.247974584,5.247974584,5.247974584,07/07/2023,10.10048147,InSAR
03/01/1965,5.27874031,5.27874031,5.27874031,5.27874031,5.27874031,5.27874031,07/13/2023,10.10638698,InSAR
04/01/1965,5.310899324,5.310899324,5.310899324,5.310899324,5.310899324,5.310899324,07/20/2023,10.11327675,InSAR
05/01/1965,5.363539632,5.363539632,5.363539632,5.363539632,5.363539632,5.363539632,07/26/2023,10.11852609,InSAR
06/01/1965,5.419379483,5.419379483,5.419379483,5.419379483,5.419379483,5.419379483,08/01/2023,10.11852609,InSAR
07/01/1965,5.465233984,5.465233984,5.465233984,5.465233984,5.465233984,5.465233984,08/07/2023,10.11983843,InSAR
08/01/1965,5.522284524,5.522284524,5.522284524,5.522284524,5.522284524,5.522284524,08/13/2023,10.12213501,InSAR
09/01/1965,5.604612913,5.604612913,5.604612913,5.604612913,5.604612913,5.604612913,08/20/2023,10.12574394,InSAR
10/01/1965,5.6980242,5.6980242,5.6980242,5.6980242,5.6980242,5.6980242,08/26/2023,10.12115076,InSAR
11/01/1965,5.763934131,5.763934131,5.763934131,5.763934131,5.763934131,5.763934131,09/01/2023,10.114261,InSAR
12/01/1965,5.800217025,5.800217025,5.800217025,5.800217025,5.800217025,5.800217025,09/07/2023,10.11098016,InSAR
01/01/1966,5.815647772,5.815647772,5.815647772,5.815647772,5.815647772,5.815647772,09/13/2023,10.11098016,InSAR
02/01/1966,5.830295248,5.830295248,5.830295248,5.830295248,5.830295248,5.830295248,09/19/2023,10.11065207,InSAR
03/01/1966,5.83914904,5.83914904,5.83914904,5.83914904,5.83914904,5.83914904,09/25/2023,10.10868357,InSAR
04/01/1966,5.85239555,5.85239555,5.85239555,5.85239555,5.85239555,5.85239555,10/01/2023,10.10277806,InSAR
05/01/1966,5.874655731,5.874655731,5.874655731,5.874655731,5.874655731,5.874655731,10/07/2023,10.10277806,InSAR
06/01/1966,5.913631582,5.913631582,5.913631582,5.913631582,5.913631582,5.913631582,10/13/2023,10.0998253,InSAR
07/01/1966,5.963023432,5.963023432,5.963023432,5.963023432,5.963023432,5.963023432,10/20/2023,10.09949722,InSAR
08/01/1966,6.02249568,6.02249568,6.02249568,6.02249568,6.02249568,6.02249568,10/26/2023,10.09588829,InSAR
09/01/1966,6.095782296,6.095782296,6.095782296,6.095782296,6.095782296,6.095782296,11/01/2023,10.09391979,InSAR
10/01/1966,6.176472388,6.176472388,6.176472388,6.176472388,6.176472388,6.176472388,11/07/2023,10.08768619,InSAR
11/01/1966,6.239442195,6.239442195,6.239442195,6.239442195,6.239442195,6.239442195,11/13/2023,10.07948409,InSAR
12/01/1966,6.28667755,6.28667755,6.28667755,6.28667755,6.28667755,6.28667755,11/19/2023,10.06472031,InSAR
01/01/1967,6.31174738,6.31174738,6.31174738,6.31174738,6.31174738,6.31174738,11/25/2023,10.05520588,InSAR
02/01/1967,6.321563444,6.321563444,6.321563444,6.321563444,6.321563444,6.321563444,12/01/2023,10.04700378,InSAR
03/01/1967,6.327589442,6.327589442,6.327589442,6.327589442,6.327589442,6.327589442,12/07/2023,10.03880168,InSAR
04/01/1967,6.335663314,6.335663314,6.335663314,6.335663314,6.335663314,6.335663314,12/13/2023,10.03191191,InSAR
05/01/1967,6.351326286,6.351326286,6.351326286,6.351326286,6.351326286,6.351326286,12/20/2023,10.02370981,InSAR
06/01/1967,6.365418695,6.365418695,6.365418695,6.365418695,6.365418695,6.365418695,12/26/2023,10.01714813,InSAR
07/01/1967,6.390161737,6.390161737,6.390161737,6.390161737,6.390161737,6.390161737,01/01/2024,10.01419538,InSAR
08/01/1967,6.414353534,6.414353534,6.414353534,6.414353534,6.414353534,6.414353534,01/07/2024,10.01485155,InSAR
09/01/1967,6.470742675,6.470742675,6.470742675,6.470742675,6.470742675,6.470742675,01/13/2024,10.0096022,InSAR
10/01/1967,6.564274211,6.564274211,6.564274211,6.564274211,6.564274211,6.564274211,01/20/2024,9.999759682,InSAR
11/01/1967,6.728392511,6.728392511,6.728392511,6.728392511,6.728392511,6.728392511,01/26/2024,9.991885666,InSAR
12/01/1967,6.875689575,6.875689575,6.875689575,6.875689575,6.875689575,6.875689575,02/01/2024,9.989917162,InSAR
01/01/1968,7.000281506,7.000281506,7.000281506,7.000281506,7.000281506,7.000281506,02/07/2024,9.993526086,InSAR
02/01/1968,7.114185206,7.114185206,7.114185206,7.114185206,7.114185206,7.114185206,02/13/2024,9.995822674,InSAR
03/01/1968,7.131098034,7.131098034,7.131098034,7.131098034,7.131098034,7.131098034,02/18/2024,9.996806926,InSAR
04/01/1968,7.122060307,7.122060307,7.122060307,7.122060307,7.122060307,7.122060307,02/24/2024,10.00238435,InSAR
05/01/1968,7.143011436,7.143011436,7.143011436,7.143011436,7.143011436,7.143011436,03/01/2024,10.00369669,InSAR
06/01/1968,7.167161175,7.167161175,7.167161175,7.167161175,7.167161175,7.167161175,03/07/2024,10.00369669,InSAR
07/01/1968,7.19146568,7.19146568,7.19146568,7.19146568,7.19146568,7.19146568,03/13/2024,9.997791178,InSAR
08/01/1968,7.230786559,7.230786559,7.230786559,7.230786559,7.230786559,7.230786559,03/20/2024,9.99057333,InSAR
09/01/1968,7.265522067,7.265522067,7.265522067,7.265522067,7.265522067,7.265522067,03/26/2024,9.990245246,InSAR
10/01/1968,7.306553137,7.306553137,7.306553137,7.306553137,7.306553137,7.306553137,04/01/2024,9.989260994,InSAR
11/01/1968,7.3250385,7.3250385,7.3250385,7.3250385,7.3250385,7.3250385,04/07/2024,9.99057333,InSAR
12/01/1968,7.341937143,7.341937143,7.341937143,7.341937143,7.341937143,7.341937143,04/13/2024,9.991557582,InSAR
01/01/1969,7.354645185,7.354645185,7.354645185,7.354645185,7.354645185,7.354645185,04/19/2024,9.999103514,InSAR
02/01/1969,7.357450497,7.357450497,7.357450497,7.357450497,7.357450497,7.357450497,04/25/2024,10.00566519,InSAR
03/01/1969,7.35560808,7.35560808,7.35560808,7.35560808,7.35560808,7.35560808,05/01/2024,10.01025837,InSAR
04/01/1969,7.355118683,7.355118683,7.355118683,7.355118683,7.355118683,7.355118683,05/07/2024,10.01353921,InSAR
05/01/1969,7.35669807,7.35669807,7.35669807,7.35669807,7.35669807,7.35669807,05/13/2024,10.02042897,InSAR
06/01/1969,7.363666706,7.363666706,7.363666706,7.363666706,7.363666706,7.363666706,05/20/2024,10.03027149,InSAR
07/01/1969,7.374915194,7.374915194,7.374915194,7.374915194,7.374915194,7.374915194,05/26/2024,10.03880168,InSAR
08/01/1969,7.391783296,7.391783296,7.391783296,7.391783296,7.391783296,7.391783296,06/01/2024,10.04897228,InSAR
09/01/1969,7.409714618,7.409714618,7.409714618,7.409714618,7.409714618,7.409714618,06/07/2024,10.05717438,InSAR
10/01/1969,7.428072894,7.428072894,7.428072894,7.428072894,7.428072894,7.428072894,06/13/2024,10.06603265,InSAR
11/01/1969,7.445749961,7.445749961,7.445749961,7.445749961,7.445749961,7.445749961,06/19/2024,10.07292241,InSAR
12/01/1969,7.465490065,7.465490065,7.465490065,7.465490065,7.465490065,7.465490065,06/25/2024,10.07948409,InSAR
01/01/1970,7.476069366,7.476069366,7.476069366,7.476069366,7.476069366,7.476069366,07/01/2024,10.08538961,InSAR
02/01/1970,7.483778769,7.483778769,7.483778769,7.483778769,7.483778769,7.483778769,11/15/2024,10.23149635,Leveling
03/01/1970,7.49122366,7.49122366,7.49122366,7.49122366,7.49122366,7.49122366,,,
04/01/1970,7.50346164,7.50346164,7.50346164,7.50346164,7.50346164,7.50346164,,,
05/01/1970,7.510867115,7.510867115,7.510867115,7.510867115,7.510867115,7.510867115,,,
06/01/1970,7.51646057,7.51646057,7.51646057,7.51646057,7.51646057,7.51646057,,,
07/01/1970,7.531657315,7.531657315,7.531657315,7.531657315,7.531657315,7.531657315,,,
08/01/1970,7.554907098,7.554907098,7.554907098,7.554907098,7.554907098,7.554907098,,,
09/01/1970,7.583893247,7.583893247,7.583893247,7.583893247,7.583893247,7.583893247,,,
10/01/1970,7.617680602,7.617680602,7.617680602,7.617680602,7.617680602,7.617680602,,,
11/01/1970,7.657914051,7.657914051,7.657914051,7.657914051,7.657914051,7.657914051,,,
12/01/1970,7.688124087,7.688124087,7.688124087,7.688124087,7.688124087,7.688124087,,,
01/01/1971,7.711157355,7.711157355,7.711157355,7.711157355,7.711157355,7.711157355,,,
02/01/1971,7.729655372,7.729655372,7.729655372,7.729655372,7.729655372,7.729655372,,,
03/01/1971,7.738682695,7.738682695,7.738682695,7.738682695,7.738682695,7.738682695,,,
04/01/1971,7.748506465,7.748506465,7.748506465,7.748506465,7.748506465,7.748506465,,,
05/01/1971,7.764902727,7.764902727,7.764902727,7.764902727,7.764902727,7.764902727,,,
06/01/1971,7.782356935,7.782356935,7.782356935,7.782356935,7.782356935,7.782356935,,,
07/01/1971,7.790143022,7.790143022,7.790143022,7.790143022,7.790143022,7.790143022,,,
08/01/1971,7.802126816,7.802126816,7.802126816,7.802126816,7.802126816,7.802126816,,,
09/01/1971,7.813598119,7.813598119,7.813598119,7.813598119,7.813598119,7.813598119,,,
10/01/1971,7.824124908,7.824124908,7.824124908,7.824124908,7.824124908,7.824124908,,,
11/01/1971,7.836885526,7.836885526,7.836885526,7.836885526,7.836885526,7.836885526,,,
12/01/1971,7.846322339,7.846322339,7.846322339,7.846322339,7.846322339,7.846322339,,,
01/01/1972,7.857369561,7.857369561,7.857369561,7.857369561,7.857369561,7.857369561,,,
02/01/1972,7.860731132,7.860731132,7.860731132,7.860731132,7.860731132,7.860731132,,,
03/01/1972,7.867307336,7.867307336,7.867307336,7.867307336,7.867307336,7.867307336,,,
04/01/1972,7.879438922,7.879438922,7.879438922,7.879438922,7.879438922,7.879438922,,,
05/01/1972,7.890649011,7.890649011,7.890649011,7.890649011,7.890649011,7.890649011,,,
06/01/1972,7.909532988,7.909532988,7.909532988,7.909532988,7.909532988,7.909532988,,,
07/01/1972,7.924922698,7.924922698,7.924922698,7.924922698,7.924922698,7.924922698,,,
08/01/1972,7.945186547,7.945186547,7.945186547,7.945186547,7.945186547,7.945186547,,,
09/01/1972,7.962408752,7.962408752,7.962408752,7.962408752,7.962408752,7.962408752,,,
10/01/1972,7.98150715,7.98150715,7.98150715,7.98150715,7.98150715,7.98150715,,,
11/01/1972,8.006795373,8.006795373,8.006795373,8.006795373,8.006795373,8.006795373,,,
12/01/1972,8.027704856,8.027704856,8.027704856,8.027704856,8.027704856,8.027704856,,,
01/01/1973,8.044483891,8.044483891,8.044483891,8.044483891,8.044483891,8.044483891,,,
02/01/1973,8.062040752,8.062040752,8.062040752,8.062040752,8.062040752,8.062040752,,,
03/01/1973,8.072418512,8.072418512,8.072418512,8.072418512,8.072418512,8.072418512,,,
04/01/1973,8.085813723,8.085813723,8.085813723,8.085813723,8.085813723,8.085813723,,,
05/01/1973,8.10363791,8.10363791,8.10363791,8.10363791,8.10363791,8.10363791,,,
06/01/1973,8.121255114,8.121255114,8.121255114,8.121255114,8.121255114,8.121255114,,,
07/01/1973,8.142825661,8.142825661,8.142825661,8.142825661,8.142825661,8.142825661,,,
08/01/1973,8.170387421,8.170387421,8.170387421,8.170387421,8.170387421,8.170387421,,,
09/01/1973,8.197406621,8.197406621,8.197406621,8.197406621,8.197406621,8.197406621,,,
10/01/1973,8.220278372,8.220278372,8.220278372,8.220278372,8.220278372,8.220278372,,,
11/01/1973,8.245728671,8.245728671,8.245728671,8.245728671,8.245728671,8.245728671,,,
12/01/1973,8.271657251,8.271657251,8.271657251,8.271657251,8.271657251,8.271657251,,,
01/01/1974,8.2975687,8.2975687,8.2975687,8.2975687,8.2975687,8.2975687,,,
02/01/1974,8.319797514,8.319797514,8.319797514,8.319797514,8.319797514,8.319797514,,,
03/01/1974,8.338827586,8.338827586,8.338827586,8.338827586,8.338827586,8.338827586,,,
04/01/1974,8.361358675,8.361358675,8.361358675,8.361358675,8.361358675,8.361358675,,,
05/01/1974,8.383711001,8.383711001,8.383711001,8.383711001,8.383711001,8.383711001,,,
06/01/1974,8.407657372,8.407657372,8.407657372,8.407657372,8.407657372,8.407657372,,,
07/01/1974,8.433761299,8.433761299,8.433761299,8.433761299,8.433761299,8.433761299,,,
08/01/1974,8.460849683,8.460849683,8.460849683,8.460849683,8.460849683,8.460849683,,,
09/01/1974,8.486791608,8.486791608,8.486791608,8.486791608,8.486791608,8.486791608,,,
10/01/1974,8.51287672,8.51287672,8.51287672,8.51287672,8.51287672,8.51287672,,,
11/01/1974,8.538745663,8.538745663,8.538745663,8.538745663,8.538745663,8.538745663,,,
12/01/1974,8.558323685,8.558323685,8.558323685,8.558323685,8.558323685,8.558323685,,,
01/01/1975,8.576297936,8.576297936,8.576297936,8.576297936,8.576297936,8.576297936,,,
02/01/1975,8.591137962,8.591137962,8.591137962,8.591137962,8.591137962,8.591137962,,,
03/01/1975,8.603786506,8.603786506,8.603786506,8.603786506,8.603786506,8.603786506,,,
04/01/1975,8.61693642,8.61693642,8.61693642,8.61693642,8.61693642,8.61693642,,,
05/01/1975,8.630140866,8.630140866,8.630140866,8.630140866,8.630140866,8.630140866,,,
06/01/1975,8.64286934,8.64286934,8.64286934,8.64286934,8.64286934,8.64286934,,,
07/01/1975,8.653129426,8.653129426,8.653129426,8.653129426,8.653129426,8.653129426,,,
08/01/1975,8.666257904,8.666257904,8.666257904,8.666257904,8.666257904,8.666257904,,,
09/01/1975,8.67980286,8.67980286,8.67980286,8.67980286,8.67980286,8.67980286,,,
10/01/1975,8.69039349,8.69039349,8.69039349,8.69039349,8.69039349,8.69039349,,,
11/01/1975,8.705206862,8.705206862,8.705206862,8.705206862,8.705206862,8.705206862,,,
12/01/1975,8.718134215,8.718134215,8.718134215,8.718134215,8.718134215,8.718134215,,,
01/01/1976,8.734794952,8.734794952,8.734794952,8.734794952,8.734794952,8.734794952,,,
02/01/1976,8.749754458,8.749754458,8.749754458,8.749754458,8.749754458,8.749754458,,,
03/01/1976,8.761750493,8.761750493,8.761750493,8.761750493,8.761750493,8.761750493,,,
04/01/1976,8.776634802,8.776634802,8.776634802,8.776634802,8.776634802,8.776634802,,,
05/01/1976,8.794538289,8.794538289,8.794538289,8.794538289,8.794538289,8.794538289,,,
06/01/1976,8.811358128,8.811358128,8.811358128,8.811358128,8.811358128,8.811358128,,,
07/01/1976,8.829206455,8.829206455,8.829206455,8.829206455,8.829206455,8.829206455,,,
08/01/1976,8.85029117,8.85029117,8.85029117,8.85029117,8.85029117,8.85029117,,,
09/01/1976,8.869651396,8.869651396,8.869651396,8.869651396,8.869651396,8.869651396,,,
10/01/1976,8.880608607,8.880608607,8.880608607,8.880608607,8.880608607,8.880608607,,,
11/01/1976,8.883837145,8.883837145,8.883837145,8.883837145,8.883837145,8.883837145,,,
12/01/1976,8.883616564,8.883616564,8.883616564,8.883616564,8.883616564,8.883616564,,,
01/01/1977,8.886376244,8.886376244,8.886376244,8.886376244,8.886376244,8.886376244,,,
02/01/1977,8.88630446,8.88630446,8.88630446,8.88630446,8.88630446,8.88630446,,,
03/01/1977,8.88536242,8.88536242,8.88536242,8.88536242,8.88536242,8.88536242,,,
04/01/1977,8.886213041,8.886213041,8.886213041,8.886213041,8.886213041,8.886213041,,,
05/01/1977,8.890329813,8.890329813,8.890329813,8.890329813,8.890329813,8.890329813,,,
06/01/1977,8.897892886,8.897892886,8.897892886,8.897892886,8.897892886,8.897892886,,,
07/01/1977,8.903869044,8.903869044,8.903869044,8.903869044,8.903869044,8.903869044,,,
08/01/1977,8.915298848,8.915298848,8.915298848,8.915298848,8.915298848,8.915298848,,,
09/01/1977,8.931436755,8.931436755,8.931436755,8.931436755,8.931436755,8.931436755,,,
10/01/1977,8.946788747,8.946788747,8.946788747,8.946788747,8.946788747,8.946788747,,,
11/01/1977,8.953060293,8.953060293,8.953060293,8.953060293,8.953060293,8.953060293,,,
12/01/1977,8.950774696,8.950774696,8.950774696,8.950774696,8.950774696,8.950774696,,,
01/01/1978,8.946926015,8.946926015,8.946926015,8.946926015,8.946926015,8.946926015,,,
02/01/1978,8.940808195,8.940808195,8.940808195,8.940808195,8.940808195,8.940808195,,,
03/01/1978,8.935634735,8.935634735,8.935634735,8.935634735,8.935634735,8.935634735,,,
04/01/1978,8.931976749,8.931976749,8.931976749,8.931976749,8.931976749,8.931976749,,,
05/01/1978,8.93054901,8.93054901,8.93054901,8.93054901,8.93054901,8.93054901,,,
06/01/1978,8.933722401,8.933722401,8.933722401,8.933722401,8.933722401,8.933722401,,,
07/01/1978,8.936600379,8.936600379,8.936600379,8.936600379,8.936600379,8.936600379,,,
08/01/1978,8.936047211,8.936047211,8.936047211,8.936047211,8.936047211,8.936047211,,,
09/01/1978,8.94158611,8.94158611,8.94158611,8.94158611,8.94158611,8.94158611,,,
10/01/1978,8.94748524,8.94748524,8.94748524,8.94748524,8.94748524,8.94748524,,,
11/01/1978,8.950443172,8.950443172,8.950443172,8.950443172,8.950443172,8.950443172,,,
12/01/1978,8.954716062,8.954716062,8.954716062,8.954716062,8.954716062,8.954716062,,,
01/01/1979,8.955725024,8.955725024,8.955725024,8.955725024,8.955725024,8.955725024,,,
02/01/1979,8.949875561,8.949875561,8.949875561,8.949875561,8.949875561,8.949875561,,,
03/01/1979,8.946885277,8.946885277,8.946885277,8.946885277,8.946885277,8.946885277,,,
04/01/1979,8.94822158,8.94822158,8.94822158,8.94822158,8.94822158,8.94822158,,,
05/01/1979,8.950473161,8.950473161,8.950473161,8.950473161,8.950473161,8.950473161,,,
06/01/1979,8.954149624,8.954149624,8.954149624,8.954149624,8.954149624,8.954149624,,,
07/01/1979,8.958340071,8.958340071,8.958340071,8.958340071,8.958340071,8.958340071,,,
08/01/1979,8.963980427,8.963980427,8.963980427,8.963980427,8.963980427,8.963980427,,,
09/01/1979,8.971815546,8.971815546,8.971815546,8.971815546,8.971815546,8.971815546,,,
10/01/1979,8.979053204,8.979053204,8.979053204,8.979053204,8.979053204,8.979053204,,,
11/01/1979,8.987741931,8.987741931,8.987741931,8.987741931,8.987741931,8.987741931,,,
12/01/1979,8.99535383,8.99535383,8.99535383,8.99535383,8.99535383,8.99535383,,,
01/01/1980,8.998983044,8.998983044,8.998983044,8.998983044,8.998983044,8.998983044,,,
02/01/1980,9.001499729,9.001499729,9.001499729,9.001499729,9.001499729,9.001499729,,,
03/01/1980,9.001966364,9.001966364,9.001966364,9.001966364,9.001966364,9.001966364,,,
04/01/1980,9.002179718,9.002179718,9.002179718,9.002179718,9.002179718,9.002179718,,,
05/01/1980,9.003573538,9.003573538,9.003573538,9.003573538,9.003573538,9.003573538,,,
06/01/1980,9.006108693,9.006108693,9.006108693,9.006108693,9.006108693,9.006108693,,,
07/01/1980,9.013454694,9.013454694,9.013454694,9.013454694,9.013454694,9.013454694,,,
08/01/1980,9.019991273,9.019991273,9.019991273,9.019991273,9.019991273,9.019991273,,,
09/01/1980,9.027371688,9.027371688,9.027371688,9.027371688,9.027371688,9.027371688,,,
10/01/1980,9.03200848,9.03200848,9.03200848,9.03200848,9.03200848,9.03200848,,,
11/01/1980,9.038432776,9.038432776,9.038432776,9.038432776,9.038432776,9.038432776,,,
12/01/1980,9.042673348,9.042673348,9.042673348,9.042673348,9.042673348,9.042673348,,,
01/01/1981,9.040712839,9.040712839,9.040712839,9.040712839,9.040712839,9.040712839,,,
02/01/1981,9.040797087,9.040797087,9.040797087,9.040797087,9.040797087,9.040797087,,,
03/01/1981,9.039230892,9.039230892,9.039230892,9.039230892,9.039230892,9.039230892,,,
04/01/1981,9.039138004,9.039138004,9.039138004,9.039138004,9.039138004,9.039138004,,,
05/01/1981,9.039656625,9.039656625,9.039656625,9.039656625,9.039656625,9.039656625,,,
06/01/1981,9.04321633,9.04321633,9.04321633,9.04321633,9.04321633,9.04321633,,,
07/01/1981,9.047239448,9.047239448,9.047239448,9.047239448,9.047239448,9.047239448,,,
08/01/1981,9.053717123,9.053717123,9.053717123,9.053717123,9.053717123,9.053717123,,,
09/01/1981,9.062258525,9.062258525,9.062258525,9.062258525,9.062258525,9.062258525,,,
10/01/1981,9.068076045,9.068076045,9.068076045,9.068076045,9.068076045,9.068076045,,,
11/01/1981,9.071456891,9.071456891,9.071456891,9.071456891,9.071456891,9.071456891,,,
12/01/1981,9.078123513,9.078123513,9.078123513,9.078123513,9.078123513,9.078123513,,,
01/01/1982,9.079968881,9.079968881,9.079968881,9.079968881,9.079968881,9.079968881,,,
02/01/1982,9.075153803,9.075153803,9.075153803,9.075153803,9.075153803,9.075153803,,,
03/01/1982,9.068099472,9.068099472,9.068099472,9.068099472,9.068099472,9.068099472,,,
04/01/1982,9.065193176,9.065193176,9.065193176,9.065193176,9.065193176,9.065193176,,,
05/01/1982,9.065872816,9.065872816,9.065872816,9.065872816,9.065872816,9.065872816,,,
06/01/1982,9.070195071,9.070195071,9.070195071,9.070195071,9.070195071,9.070195071,,,
07/01/1982,9.076531345,9.076531345,9.076531345,9.076531345,9.076531345,9.076531345,,,
08/01/1982,9.083286522,9.083286522,9.083286522,9.083286522,9.083286522,9.083286522,,,
09/01/1982,9.090580209,9.090580209,9.090580209,9.090580209,9.090580209,9.090580209,,,
10/01/1982,9.095335532,9.095335532,9.095335532,9.095335532,9.095335532,9.095335532,,,
11/01/1982,9.101280743,9.101280743,9.101280743,9.101280743,9.101280743,9.101280743,,,
12/01/1982,9.10486175,9.10486175,9.10486175,9.10486175,9.10486175,9.10486175,,,
01/01/1983,9.104302309,9.104302309,9.104302309,9.104302309,9.104302309,9.104302309,,,
02/01/1983,9.094674033,9.094674033,9.094674033,9.094674033,9.094674033,9.094674033,,,
03/01/1983,9.084048217,9.084048217,9.084048217,9.084048217,9.084048217,9.084048217,,,
04/01/1983,9.073255082,9.073255082,9.073255082,9.073255082,9.073255082,9.073255082,,,
05/01/1983,9.070551194,9.070551194,9.070551194,9.070551194,9.070551194,9.070551194,,,
06/01/1983,9.066029431,9.066029431,9.066029431,9.066029431,9.066029431,9.066029431,,,
07/01/1983,9.062815723,9.062815723,9.062815723,9.062815723,9.062815723,9.062815723,,,
08/01/1983,9.060947266,9.060947266,9.060947266,9.060947266,9.060947266,9.060947266,,,
09/01/1983,9.062390116,9.062390116,9.062390116,9.062390116,9.062390116,9.062390116,,,
10/01/1983,9.062034301,9.062034301,9.062034301,9.062034301,9.062034301,9.062034301,,,
11/01/1983,9.062837942,9.062837942,9.062837942,9.062837942,9.062837942,9.062837942,,,
12/01/1983,9.066585251,9.066585251,9.066585251,9.066585251,9.066585251,9.066585251,,,
01/01/1984,9.067854522,9.067854522,9.067854522,9.067854522,9.067854522,9.067854522,,,
02/01/1984,9.066555667,9.066555667,9.066555667,9.066555667,9.066555667,9.066555667,,,
03/01/1984,9.066399239,9.066399239,9.066399239,9.066399239,9.066399239,9.066399239,,,
04/01/1984,9.068031513,9.068031513,9.068031513,9.068031513,9.068031513,9.068031513,,,
05/01/1984,9.070458173,9.070458173,9.070458173,9.070458173,9.070458173,9.070458173,,,
06/01/1984,9.074016584,9.074016584,9.074016584,9.074016584,9.074016584,9.074016584,,,
07/01/1984,9.080092116,9.080092116,9.080092116,9.080092116,9.080092116,9.080092116,,,
08/01/1984,9.087925239,9.087925239,9.087925239,9.087925239,9.087925239,9.087925239,,,
09/01/1984,9.098499417,9.098499417,9.098499417,9.098499417,9.098499417,9.098499417,,,
10/01/1984,9.108353676,9.108353676,9.108353676,9.108353676,9.108353676,9.108353676,,,
11/01/1984,9.118156628,9.118156628,9.118156628,9.118156628,9.118156628,9.118156628,,,
12/01/1984,9.127048201,9.127048201,9.127048201,9.127048201,9.127048201,9.127048201,,,
01/01/1985,9.127649309,9.127649309,9.127649309,9.127649309,9.127649309,9.127649309,,,
02/01/1985,9.125660991,9.125660991,9.125660991,9.125660991,9.125660991,9.125660991,,,
03/01/1985,9.116454599,9.116454599,9.116454599,9.116454599,9.116454599,9.116454599,,,
04/01/1985,9.107433489,9.107433489,9.107433489,9.107433489,9.107433489,9.107433489,,,
05/01/1985,9.10342872,9.10342872,9.10342872,9.10342872,9.10342872,9.10342872,,,
06/01/1985,9.105652264,9.105652264,9.105652264,9.105652264,9.105652264,9.105652264,,,
07/01/1985,9.107327555,9.107327555,9.107327555,9.107327555,9.107327555,9.107327555,,,
08/01/1985,9.109451592,9.109451592,9.109451592,9.109451592,9.109451592,9.109451592,,,
09/01/1985,9.115628005,9.115628005,9.115628005,9.115628005,9.115628005,9.115628005,,,
10/01/1985,9.128583842,9.128583842,9.128583842,9.128583842,9.128583842,9.128583842,,,
11/01/1985,9.140332057,9.140332057,9.140332057,9.140332057,9.140332057,9.140332057,,,
12/01/1985,9.150503084,9.150503084,9.150503084,9.150503084,9.150503084,9.150503084,,,
01/01/1986,9.151900662,9.151900662,9.151900662,9.151900662,9.151900662,9.151900662,,,
02/01/1986,9.147444127,9.147444127,9.147444127,9.147444127,9.147444127,9.147444127,,,
03/01/1986,9.145705991,9.145705991,9.145705991,9.145705991,9.145705991,9.145705991,,,
04/01/1986,9.143676687,9.143676687,9.143676687,9.143676687,9.143676687,9.143676687,,,
05/01/1986,9.140409525,9.140409525,9.140409525,9.140409525,9.140409525,9.140409525,,,
06/01/1986,9.138807791,9.138807791,9.138807791,9.138807791,9.138807791,9.138807791,,,
07/01/1986,9.137292466,9.137292466,9.137292466,9.137292466,9.137292466,9.137292466,,,
08/01/1986,9.134707573,9.134707573,9.134707573,9.134707573,9.134707573,9.134707573,,,
09/01/1986,9.130894448,9.130894448,9.130894448,9.130894448,9.130894448,9.130894448,,,
10/01/1986,9.128899927,9.128899927,9.128899927,9.128899927,9.128899927,9.128899927,,,
11/01/1986,9.128759148,9.128759148,9.128759148,9.128759148,9.128759148,9.128759148,,,
12/01/1986,9.125329829,9.125329829,9.125329829,9.125329829,9.125329829,9.125329829,,,
01/01/1987,9.118154989,9.118154989,9.118154989,9.118154989,9.118154989,9.118154989,,,
02/01/1987,9.105063965,9.105063965,9.105063965,9.105063965,9.105063965,9.105063965,,,
03/01/1987,9.093983757,9.093983757,9.093983757,9.093983757,9.093983757,9.093983757,,,
04/01/1987,9.080861272,9.080861272,9.080861272,9.080861272,9.080861272,9.080861272,,,
05/01/1987,9.071865408,9.071865408,9.071865408,9.071865408,9.071865408,9.071865408,,,
06/01/1987,9.064609526,9.064609526,9.064609526,9.064609526,9.064609526,9.064609526,,,
07/01/1987,9.062642362,9.062642362,9.062642362,9.062642362,9.062642362,9.062642362,,,
08/01/1987,9.057412221,9.057412221,9.057412221,9.057412221,9.057412221,9.057412221,,,
09/01/1987,9.048438264,9.048438264,9.048438264,9.048438264,9.048438264,9.048438264,,,
10/01/1987,9.042465359,9.042465359,9.042465359,9.042465359,9.042465359,9.042465359,,,
11/01/1987,9.037740897,9.037740897,9.037740897,9.037740897,9.037740897,9.037740897,,,
12/01/1987,9.028548412,9.028548412,9.028548412,9.028548412,9.028548412,9.028548412,,,
01/01/1988,9.024815198,9.024815198,9.024815198,9.024815198,9.024815198,9.024815198,,,
02/01/1988,9.024788577,9.024788577,9.024788577,9.024788577,9.024788577,9.024788577,,,
03/01/1988,9.025431722,9.025431722,9.025431722,9.025431722,9.025431722,9.025431722,,,
04/01/1988,9.028625788,9.028625788,9.028625788,9.028625788,9.028625788,9.028625788,,,
05/01/1988,9.030959112,9.030959112,9.030959112,9.030959112,9.030959112,9.030959112,,,
06/01/1988,9.034618999,9.034618999,9.034618999,9.034618999,9.034618999,9.034618999,,,
07/01/1988,9.040999009,9.040999009,9.040999009,9.040999009,9.040999009,9.040999009,,,
08/01/1988,9.047509113,9.047509113,9.047509113,9.047509113,9.047509113,9.047509113,,,
09/01/1988,9.05331804,9.05331804,9.05331804,9.05331804,9.05331804,9.05331804,,,
10/01/1988,9.060099506,9.060099506,9.060099506,9.060099506,9.060099506,9.060099506,,,
11/01/1988,9.06986025,9.06986025,9.06986025,9.06986025,9.06986025,9.06986025,,,
12/01/1988,9.078359819,9.078359819,9.078359819,9.078359819,9.078359819,9.078359819,,,
01/01/1989,9.080664578,9.080664578,9.080664578,9.080664578,9.080664578,9.080664578,,,
02/01/1989,9.076914664,9.076914664,9.076914664,9.076914664,9.076914664,9.076914664,,,
03/01/1989,9.069568009,9.069568009,9.069568009,9.069568009,9.069568009,9.069568009,,,
04/01/1989,9.059569421,9.059569421,9.059569421,9.059569421,9.059569421,9.059569421,,,
05/01/1989,9.053516033,9.053516033,9.053516033,9.053516033,9.053516033,9.053516033,,,
06/01/1989,9.047013461,9.047013461,9.047013461,9.047013461,9.047013461,9.047013461,,,
07/01/1989,9.049131194,9.049131194,9.049131194,9.049131194,9.049131194,9.049131194,,,
08/01/1989,9.052291799,9.052291799,9.052291799,9.052291799,9.052291799,9.052291799,,,
09/01/1989,9.055039805,9.055039805,9.055039805,9.055039805,9.055039805,9.055039805,,,
10/01/1989,9.058565242,9.058565242,9.058565242,9.058565242,9.058565242,9.058565242,,,
11/01/1989,9.062706444,9.062706444,9.062706444,9.062706444,9.062706444,9.062706444,,,
12/01/1989,9.06303248,9.06303248,9.06303248,9.06303248,9.06303248,9.06303248,,,
01/01/1990,9.065700412,9.065700412,9.065700412,9.065700412,9.065700412,9.065700412,,,
02/01/1990,9.067138661,9.067138661,9.067138661,9.067138661,9.067138661,9.067138661,,,
03/01/1990,9.067526406,9.067526406,9.067526406,9.067526406,9.067526406,9.067526406,,,
04/01/1990,9.067736643,9.067736643,9.067736643,9.067736643,9.067736643,9.067736643,,,
05/01/1990,9.068069172,9.068069172,9.068069172,9.068069172,9.068069172,9.068069172,,,
06/01/1990,9.067873111,9.067873111,9.067873111,9.067873111,9.067873111,9.067873111,,,
07/01/1990,9.072438837,9.072438837,9.072438837,9.072438837,9.072438837,9.072438837,,,
08/01/1990,9.082580309,9.082580309,9.082580309,9.082580309,9.082580309,9.082580309,,,
09/01/1990,9.093704371,9.093704371,9.093704371,9.093704371,9.093704371,9.093704371,,,
10/01/1990,9.101588965,9.101588965,9.101588965,9.101588965,9.101588965,9.101588965,,,
11/01/1990,9.111671493,9.111671493,9.111671493,9.111671493,9.111671493,9.111671493,,,
12/01/1990,9.121156112,9.121156112,9.121156112,9.121156112,9.121156112,9.121156112,,,
01/01/1991,9.121152916,9.121152916,9.121152916,9.121152916,9.121152916,9.121152916,,,
02/01/1991,9.118654875,9.118654875,9.118654875,9.118654875,9.118654875,9.118654875,,,
03/01/1991,9.113071222,9.113071222,9.113071222,9.113071222,9.113071222,9.113071222,,,
04/01/1991,9.107929387,9.107929387,9.107929387,9.107929387,9.107929387,9.107929387,,,
05/01/1991,9.111596096,9.111596096,9.111596096,9.111596096,9.111596096,9.111596096,,,
06/01/1991,9.120535674,9.120535674,9.120535674,9.120535674,9.120535674,9.120535674,,,
07/01/1991,9.131564563,9.131564563,9.131564563,9.131564563,9.131564563,9.131564563,,,
08/01/1991,9.146985405,9.146985405,9.146985405,9.146985405,9.146985405,9.146985405,,,
09/01/1991,9.1618466,9.1618466,9.1618466,9.1618466,9.1618466,9.1618466,,,
10/01/1991,9.181843248,9.181843248,9.181843248,9.181843248,9.181843248,9.181843248,,,
11/01/1991,9.203810066,9.203810066,9.203810066,9.203810066,9.203810066,9.203810066,,,
12/01/1991,9.22355685,9.22355685,9.22355685,9.22355685,9.22355685,9.22355685,,,
01/01/1992,9.227638888,9.227638888,9.227638888,9.227638888,9.227638888,9.227638888,,,
02/01/1992,9.223211029,9.223211029,9.223211029,9.223211029,9.223211029,9.223211029,,,
03/01/1992,9.211098118,9.211098118,9.211098118,9.211098118,9.211098118,9.211098118,,,
04/01/1992,9.202099019,9.202099019,9.202099019,9.202099019,9.202099019,9.202099019,,,
05/01/1992,9.198266605,9.198266605,9.198266605,9.198266605,9.198266605,9.198266605,,,
06/01/1992,9.200387786,9.200387786,9.200387786,9.200387786,9.200387786,9.200387786,,,
07/01/1992,9.207310919,9.207310919,9.207310919,9.207310919,9.207310919,9.207310919,,,
08/01/1992,9.213069564,9.213069564,9.213069564,9.213069564,9.213069564,9.213069564,,,
09/01/1992,9.214655503,9.214655503,9.214655503,9.214655503,9.214655503,9.214655503,,,
10/01/1992,9.22158753,9.22158753,9.22158753,9.22158753,9.22158753,9.22158753,,,
11/01/1992,9.230440287,9.230440287,9.230440287,9.230440287,9.230440287,9.230440287,,,
12/01/1992,9.240276546,9.240276546,9.240276546,9.240276546,9.240276546,9.240276546,,,
01/01/1993,9.245002776,9.245002776,9.245002776,9.245002776,9.245002776,9.245002776,,,
02/01/1993,9.24996329,9.24996329,9.24996329,9.24996329,9.24996329,9.24996329,,,
03/01/1993,9.253425497,9.253425497,9.253425497,9.253425497,9.253425497,9.253425497,,,
04/01/1993,9.257716224,9.257716224,9.257716224,9.257716224,9.257716224,9.257716224,,,
05/01/1993,9.262193451,9.262193451,9.262193451,9.262193451,9.262193451,9.262193451,,,
06/01/1993,9.264292491,9.264292491,9.264292491,9.264292491,9.264292491,9.264292491,,,
07/01/1993,9.26810016,9.26810016,9.26810016,9.26810016,9.26810016,9.26810016,,,
08/01/1993,9.268727464,9.268727464,9.268727464,9.268727464,9.268727464,9.268727464,,,
09/01/1993,9.274400237,9.274400237,9.274400237,9.274400237,9.274400237,9.274400237,,,
10/01/1993,9.276894833,9.276894833,9.276894833,9.276894833,9.276894833,9.276894833,,,
11/01/1993,9.283065389,9.283065389,9.283065389,9.283065389,9.283065389,9.283065389,,,
12/01/1993,9.285995541,9.285995541,9.285995541,9.285995541,9.285995541,9.285995541,,,
01/01/1994,9.283655069,9.283655069,9.283655069,9.283655069,9.283655069,9.283655069,,,
02/01/1994,9.276832835,9.276832835,9.276832835,9.276832835,9.276832835,9.276832835,,,
03/01/1994,9.269057303,9.269057303,9.269057303,9.269057303,9.269057303,9.269057303,,,
04/01/1994,9.259765355,9.259765355,9.259765355,9.259765355,9.259765355,9.259765355,,,
05/01/1994,9.256116997,9.256116997,9.256116997,9.256116997,9.256116997,9.256116997,,,
06/01/1994,9.256965476,9.256965476,9.256965476,9.256965476,9.256965476,9.256965476,,,
07/01/1994,9.26074318,9.26074318,9.26074318,9.26074318,9.26074318,9.26074318,,,
08/01/1994,9.2687032,9.2687032,9.2687032,9.2687032,9.2687032,9.2687032,,,
09/01/1994,9.274458633,9.274458633,9.274458633,9.274458633,9.274458633,9.274458633,,,
10/01/1994,9.281491221,9.281491221,9.281491221,9.281491221,9.281491221,9.281491221,,,
11/01/1994,9.292520422,9.292520422,9.292520422,9.292520422,9.292520422,9.292520422,,,
12/01/1994,9.301215088,9.301215088,9.301215088,9.301215088,9.301215088,9.301215088,,,
01/01/1995,9.308002049,9.308002049,9.308002049,9.308002049,9.308002049,9.308002049,,,
02/01/1995,9.310968041,9.310968041,9.310968041,9.310968041,9.310968041,9.310968041,,,
03/01/1995,9.308264506,9.308264506,9.308264506,9.308264506,9.308264506,9.308264506,,,
04/01/1995,9.303531872,9.303531872,9.303531872,9.303531872,9.303531872,9.303531872,,,
05/01/1995,9.296388903,9.296388903,9.296388903,9.296388903,9.296388903,9.296388903,,,
06/01/1995,9.288760791,9.288760791,9.288760791,9.288760791,9.288760791,9.288760791,,,
07/01/1995,9.280853702,9.280853702,9.280853702,9.280853702,9.280853702,9.280853702,,,
08/01/1995,9.275995777,9.275995777,9.275995777,9.275995777,9.275995777,9.275995777,,,
09/01/1995,9.264945986,9.264945986,9.264945986,9.264945986,9.264945986,9.264945986,,,
10/01/1995,9.254461587,9.254461587,9.254461587,9.254461587,9.254461587,9.254461587,,,
11/01/1995,9.2420181,9.2420181,9.2420181,9.2420181,9.2420181,9.2420181,,,
12/01/1995,9.229084491,9.229084491,9.229084491,9.229084491,9.229084491,9.229084491,,,
01/01/1996,9.216167834,9.216167834,9.216167834,9.216167834,9.216167834,9.216167834,,,
02/01/1996,9.203396135,9.203396135,9.203396135,9.203396135,9.203396135,9.203396135,,,
03/01/1996,9.189783931,9.189783931,9.189783931,9.189783931,9.189783931,9.189783931,,,
04/01/1996,9.181811974,9.181811974,9.181811974,9.181811974,9.181811974,9.181811974,,,
05/01/1996,9.176142664,9.176142664,9.176142664,9.176142664,9.176142664,9.176142664,,,
06/01/1996,9.171407741,9.171407741,9.171407741,9.171407741,9.171407741,9.171407741,,,
07/01/1996,9.167712869,9.167712869,9.167712869,9.167712869,9.167712869,9.167712869,,,
08/01/1996,9.16494039,9.16494039,9.16494039,9.16494039,9.16494039,9.16494039,,,
09/01/1996,9.163488772,9.163488772,9.163488772,9.163488772,9.163488772,9.163488772,,,
10/01/1996,9.164162214,9.164162214,9.164162214,9.164162214,9.164162214,9.164162214,,,
11/01/1996,9.162609352,9.162609352,9.162609352,9.162609352,9.162609352,9.162609352,,,
12/01/1996,9.163774222,9.163774222,9.163774222,9.163774222,9.163774222,9.163774222,,,
01/01/1997,9.161067123,9.161067123,9.161067123,9.161067123,9.161067123,9.161067123,,,
02/01/1997,9.15901375,9.15901375,9.15901375,9.15901375,9.15901375,9.15901375,,,
03/01/1997,9.160076836,9.160076836,9.160076836,9.160076836,9.160076836,9.160076836,,,
04/01/1997,9.161997996,9.161997996,9.161997996,9.161997996,9.161997996,9.161997996,,,
05/01/1997,9.165686461,9.165686461,9.165686461,9.165686461,9.165686461,9.165686461,,,
06/01/1997,9.165267716,9.165267716,9.165267716,9.165267716,9.165267716,9.165267716,,,
07/01/1997,9.16489829,9.16489829,9.16489829,9.16489829,9.16489829,9.16489829,,,
08/01/1997,9.163211951,9.163211951,9.163211951,9.163211951,9.163211951,9.163211951,,,
09/01/1997,9.164887679,9.164887679,9.164887679,9.164887679,9.164887679,9.164887679,,,
10/01/1997,9.166287175,9.166287175,9.166287175,9.166287175,9.166287175,9.166287175,,,
11/01/1997,9.168054521,9.168054521,9.168054521,9.168054521,9.168054521,9.168054521,,,
12/01/1997,9.169483769,9.169483769,9.169483769,9.169483769,9.169483769,9.169483769,,,
01/01/1998,9.161682912,9.161682912,9.161682912,9.161682912,9.161682912,9.161682912,,,
02/01/1998,9.15158259,9.15158259,9.15158259,9.15158259,9.15158259,9.15158259,,,
03/01/1998,9.139488455,9.139488455,9.139488455,9.139488455,9.139488455,9.139488455,,,
04/01/1998,9.131265004,9.131265004,9.131265004,9.131265004,9.131265004,9.131265004,,,
05/01/1998,9.127675539,9.127675539,9.127675539,9.127675539,9.127675539,9.127675539,,,
06/01/1998,9.129947725,9.129947725,9.129947725,9.129947725,9.129947725,9.129947725,,,
07/01/1998,9.131643813,9.131643813,9.131643813,9.131643813,9.131643813,9.131643813,,,
08/01/1998,9.135551818,9.135551818,9.135551818,9.135551818,9.135551818,9.135551818,,,
09/01/1998,9.137761579,9.137761579,9.137761579,9.137761579,9.137761579,9.137761579,,,
10/01/1998,9.14158346,9.14158346,9.14158346,9.14158346,9.14158346,9.14158346,,,
11/01/1998,9.143857474,9.143857474,9.143857474,9.143857474,9.143857474,9.143857474,,,
12/01/1998,9.142831389,9.142831389,9.142831389,9.142831389,9.142831389,9.142831389,,,
01/01/1999,9.135138601,9.135138601,9.135138601,9.135138601,9.135138601,9.135138601,,,
02/01/1999,9.120807669,9.120807669,9.120807669,9.120807669,9.120807669,9.120807669,,,
03/01/1999,9.110444832,9.110444832,9.110444832,9.110444832,9.110444832,9.110444832,,,
04/01/1999,9.105288974,9.105288974,9.105288974,9.105288974,9.105288974,9.105288974,,,
05/01/1999,9.104371741,9.104371741,9.104371741,9.104371741,9.104371741,9.104371741,,,
06/01/1999,9.103731741,9.103731741,9.103731741,9.103731741,9.103731741,9.103731741,,,
07/01/1999,9.106064307,9.106064307,9.106064307,9.106064307,9.106064307,9.106064307,,,
08/01/1999,9.110526825,9.110526825,9.110526825,9.110526825,9.110526825,9.110526825,,,
09/01/1999,9.11413804,9.11413804,9.11413804,9.11413804,9.11413804,9.11413804,,,
10/01/1999,9.121443156,9.121443156,9.121443156,9.121443156,9.121443156,9.121443156,,,
11/01/1999,9.132180485,9.132180485,9.132180485,9.132180485,9.132180485,9.132180485,,,
12/01/1999,9.136495116,9.136495116,9.136495116,9.136495116,9.136495116,9.136495116,,,
01/01/2000,9.131248422,9.131248422,9.131248422,9.131248422,9.131248422,9.131248422,,,
02/01/2000,9.120507213,9.120507213,9.120507213,9.120507213,9.120507213,9.120507213,,,
03/01/2000,9.107450202,9.107450202,9.107450202,9.107450202,9.107450202,9.107450202,,,
04/01/2000,9.100291498,9.100291498,9.100291498,9.100291498,9.100291498,9.100291498,,,
05/01/2000,9.09586218,9.09586218,9.09586218,9.09586218,9.09586218,9.09586218,,,
06/01/2000,9.0902982,9.0902982,9.0902982,9.0902982,9.0902982,9.0902982,,,
07/01/2000,9.084806842,9.084806842,9.084806842,9.084806842,9.084806842,9.084806842,,,
08/01/2000,9.0809776,9.0809776,9.0809776,9.0809776,9.0809776,9.0809776,,,
09/01/2000,9.075163734,9.075163734,9.075163734,9.075163734,9.075163734,9.075163734,,,
10/01/2000,9.072612932,9.072612932,9.072612932,9.072612932,9.072612932,9.072612932,,,
11/01/2000,9.071240783,9.071240783,9.071240783,9.071240783,9.071240783,9.071240783,,,
12/01/2000,9.06604919,9.06604919,9.06604919,9.06604919,9.06604919,9.06604919,,,
01/01/2001,9.062259962,9.062259962,9.062259962,9.062259962,9.062259962,9.062259962,,,
02/01/2001,9.05850522,9.05850522,9.05850522,9.05850522,9.05850522,9.05850522,,,
03/01/2001,9.058399203,9.058399203,9.058399203,9.058399203,9.058399203,9.058399203,,,
04/01/2001,9.062551221,9.062551221,9.062551221,9.062551221,9.062551221,9.062551221,,,
05/01/2001,9.068347562,9.068347562,9.068347562,9.068347562,9.068347562,9.068347562,,,
06/01/2001,9.075437671,9.075437671,9.075437671,9.075437671,9.075437671,9.075437671,,,
07/01/2001,9.084623866,9.084623866,9.084623866,9.084623866,9.084623866,9.084623866,,,
08/01/2001,9.09129094,9.09129094,9.09129094,9.09129094,9.09129094,9.09129094,,,
09/01/2001,9.098165588,9.098165588,9.098165588,9.098165588,9.098165588,9.098165588,,,
10/01/2001,9.109487098,9.109487098,9.109487098,9.109487098,9.109487098,9.109487098,,,
11/01/2001,9.119082125,9.119082125,9.119082125,9.119082125,9.119082125,9.119082125,,,
12/01/2001,9.12616953,9.12616953,9.12616953,9.12616953,9.12616953,9.12616953,,,
01/01/2002,9.124605219,9.124605219,9.124605219,9.124605219,9.124605219,9.124605219,,,
02/01/2002,9.114365229,9.114365229,9.114365229,9.114365229,9.114365229,9.114365229,,,
03/01/2002,9.10456399,9.10456399,9.10456399,9.10456399,9.10456399,9.10456399,,,
04/01/2002,9.100866602,9.100866602,9.100866602,9.100866602,9.100866602,9.100866602,,,
05/01/2002,9.101364062,9.101364062,9.101364062,9.101364062,9.101364062,9.101364062,,,
06/01/2002,9.103602305,9.103602305,9.103602305,9.103602305,9.103602305,9.103602305,,,
07/01/2002,9.109521186,9.109521186,9.109521186,9.109521186,9.109521186,9.109521186,,,
08/01/2002,9.115774037,9.115774037,9.115774037,9.115774037,9.115774037,9.115774037,,,
09/01/2002,9.117874555,9.117874555,9.117874555,9.117874555,9.117874555,9.117874555,,,
10/01/2002,9.12419697,9.12419697,9.12419697,9.12419697,9.12419697,9.12419697,,,
11/01/2002,9.128200628,9.128200628,9.128200628,9.128200628,9.128200628,9.128200628,,,
12/01/2002,9.133862308,9.133862308,9.133862308,9.133862308,9.133862308,9.133862308,,,
01/01/2003,9.134841768,9.134841768,9.134841768,9.134841768,9.134841768,9.134841768,,,
02/01/2003,9.133138541,9.133138541,9.133138541,9.133138541,9.133138541,9.133138541,,,
03/01/2003,9.126538173,9.126538173,9.126538173,9.126538173,9.126538173,9.126538173,,,
04/01/2003,9.120254909,9.120254909,9.120254909,9.120254909,9.120254909,9.120254909,,,
05/01/2003,9.118887726,9.118887726,9.118887726,9.118887726,9.118887726,9.118887726,,,
06/01/2003,9.120298764,9.120298764,9.120298764,9.120298764,9.120298764,9.120298764,,,
07/01/2003,9.119179863,9.119179863,9.119179863,9.119179863,9.119179863,9.119179863,,,
08/01/2003,9.117264931,9.117264931,9.117264931,9.117264931,9.117264931,9.117264931,,,
09/01/2003,9.116654384,9.116654384,9.116654384,9.116654384,9.116654384,9.116654384,,,
10/01/2003,9.119011268,9.119011268,9.119011268,9.119011268,9.119011268,9.119011268,,,
11/01/2003,9.121324067,9.121324067,9.121324067,9.121324067,9.121324067,9.121324067,,,
12/01/2003,9.123739371,9.123739371,9.123739371,9.123739371,9.123739371,9.123739371,,,
01/01/2004,9.126179638,9.126179638,9.126179638,9.126179638,9.126179638,9.126179638,,,
02/01/2004,9.122555618,9.122555618,9.122555618,9.122555618,9.122555618,9.122555618,,,
03/01/2004,9.115776316,9.115776316,9.115776316,9.115776316,9.115776316,9.115776316,,,
04/01/2004,9.112809712,9.112809712,9.112809712,9.112809712,9.112809712,9.112809712,,,
05/01/2004,9.113782715,9.113782715,9.113782715,9.113782715,9.113782715,9.113782715,,,
06/01/2004,9.11546918,9.11546918,9.11546918,9.11546918,9.11546918,9.11546918,,,
07/01/2004,9.116150722,9.116150722,9.116150722,9.116150722,9.116150722,9.116150722,,,
08/01/2004,9.118751204,9.118751204,9.118751204,9.118751204,9.118751204,9.118751204,,,
09/01/2004,9.120973708,9.120973708,9.120973708,9.120973708,9.120973708,9.120973708,,,
10/01/2004,9.126344849,9.126344849,9.126344849,9.126344849,9.126344849,9.126344849,,,
11/01/2004,9.13138369,9.13138369,9.13138369,9.13138369,9.13138369,9.13138369,,,
12/01/2004,9.135500773,9.135500773,9.135500773,9.135500773,9.135500773,9.135500773,,,
01/01/2005,9.139774939,9.139774939,9.139774939,9.139774939,9.139774939,9.139774939,,,
02/01/2005,9.142720399,9.142720399,9.142720399,9.142720399,9.142720399,9.142720399,,,
03/01/2005,9.144257372,9.144257372,9.144257372,9.144257372,9.144257372,9.144257372,,,
04/01/2005,9.147345355,9.147345355,9.147345355,9.147345355,9.147345355,9.147345355,,,
05/01/2005,9.14833663,9.14833663,9.14833663,9.14833663,9.14833663,9.14833663,,,
06/01/2005,9.146954994,9.146954994,9.146954994,9.146954994,9.146954994,9.146954994,,,
07/01/2005,9.147642607,9.147642607,9.147642607,9.147642607,9.147642607,9.147642607,,,
08/01/2005,9.14851263,9.14851263,9.14851263,9.14851263,9.14851263,9.14851263,,,
09/01/2005,9.149337459,9.149337459,9.149337459,9.149337459,9.149337459,9.149337459,,,
10/01/2005,9.148099662,9.148099662,9.148099662,9.148099662,9.148099662,9.148099662,,,
11/01/2005,9.145315344,9.145315344,9.145315344,9.145315344,9.145315344,9.145315344,,,
12/01/2005,9.14275995,9.14275995,9.14275995,9.14275995,9.14275995,9.14275995,,,
01/01/2006,9.13600698,9.13600698,9.13600698,9.13600698,9.13600698,9.13600698,,,
02/01/2006,9.12699317,9.12699317,9.12699317,9.12699317,9.12699317,9.12699317,,,
03/01/2006,9.117576409,9.117576409,9.117576409,9.117576409,9.117576409,9.117576409,,,
04/01/2006,9.111820643,9.111820643,9.111820643,9.111820643,9.111820643,9.111820643,,,
05/01/2006,9.106090362,9.106090362,9.106090362,9.106090362,9.106090362,9.106090362,,,
06/01/2006,9.101143527,9.101143527,9.101143527,9.101143527,9.101143527,9.101143527,,,
07/01/2006,9.10003897,9.10003897,9.10003897,9.10003897,9.10003897,9.10003897,,,
08/01/2006,9.099477131,9.099477131,9.099477131,9.099477131,9.099477131,9.099477131,,,
09/01/2006,9.102702243,9.102702243,9.102702243,9.102702243,9.102702243,9.102702243,,,
10/01/2006,9.105043988,9.105043988,9.105043988,9.105043988,9.105043988,9.105043988,,,
11/01/2006,9.107678274,9.107678274,9.107678274,9.107678274,9.107678274,9.107678274,,,
12/01/2006,9.108539319,9.108539319,9.108539319,9.108539319,9.108539319,9.108539319,,,
01/01/2007,9.101441001,9.101441001,9.101441001,9.101441001,9.101441001,9.101441001,,,
02/01/2007,9.094484858,9.094484858,9.094484858,9.094484858,9.094484858,9.094484858,,,
03/01/2007,9.088568182,9.088568182,9.088568182,9.088568182,9.088568182,9.088568182,,,
04/01/2007,9.087362751,9.087362751,9.087362751,9.087362751,9.087362751,9.087362751,,,
05/01/2007,9.089946723,9.089946723,9.089946723,9.089946723,9.089946723,9.089946723,,,
06/01/2007,9.093935054,9.093935054,9.093935054,9.093935054,9.093935054,9.093935054,,,
07/01/2007,9.097901561,9.097901561,9.097901561,9.097901561,9.097901561,9.097901561,,,
08/01/2007,9.102442129,9.102442129,9.102442129,9.102442129,9.102442129,9.102442129,,,
09/01/2007,9.110135977,9.110135977,9.110135977,9.110135977,9.110135977,9.110135977,,,
10/01/2007,9.11967789,9.11967789,9.11967789,9.11967789,9.11967789,9.11967789,,,
11/01/2007,9.131085453,9.131085453,9.131085453,9.131085453,9.131085453,9.131085453,,,
12/01/2007,9.140135173,9.140135173,9.140135173,9.140135173,9.140135173,9.140135173,,,
01/01/2008,9.144565587,9.144565587,9.144565587,9.144565587,9.144565587,9.144565587,,,
02/01/2008,9.147627552,9.147627552,9.147627552,9.147627552,9.147627552,9.147627552,,,
03/01/2008,9.151886741,9.151886741,9.151886741,9.151886741,9.151886741,9.151886741,,,
04/01/2008,9.152025886,9.152025886,9.152025886,9.152025886,9.152025886,9.152025886,,,
05/01/2008,9.150364591,9.150364591,9.150364591,9.150364591,9.150364591,9.150364591,,,
06/01/2008,9.147236897,9.147236897,9.147236897,9.147236897,9.147236897,9.147236897,,,
07/01/2008,9.144763986,9.144763986,9.144763986,9.144763986,9.144763986,9.144763986,,,
08/01/2008,9.143519587,9.143519587,9.143519587,9.143519587,9.143519587,9.143519587,,,
09/01/2008,9.143081955,9.143081955,9.143081955,9.143081955,9.143081955,9.143081955,,,
10/01/2008,9.142892274,9.142892274,9.142892274,9.142892274,9.142892274,9.142892274,,,
11/01/2008,9.140906392,9.140906392,9.140906392,9.140906392,9.140906392,9.140906392,,,
12/01/2008,9.139409065,9.139409065,9.139409065,9.139409065,9.139409065,9.139409065,,,
01/01/2009,9.138772628,9.138772628,9.138772628,9.138772628,9.138772628,9.138772628,,,
02/01/2009,9.137600417,9.137600417,9.137600417,9.137600417,9.137600417,9.137600417,,,
03/01/2009,9.138421523,9.138421523,9.138421523,9.138421523,9.138421523,9.138421523,,,
04/01/2009,9.142666017,9.142666017,9.142666017,9.142666017,9.142666017,9.142666017,,,
05/01/2009,9.146170068,9.146170068,9.146170068,9.146170068,9.146170068,9.146170068,,,
06/01/2009,9.149875918,9.149875918,9.149875918,9.149875918,9.149875918,9.149875918,,,
07/01/2009,9.154875647,9.154875647,9.154875647,9.154875647,9.154875647,9.154875647,,,
08/01/2009,9.161629517,9.161629517,9.161629517,9.161629517,9.161629517,9.161629517,,,
09/01/2009,9.16849715,9.16849715,9.16849715,9.16849715,9.16849715,9.16849715,,,
10/01/2009,9.173334416,9.173334416,9.173334416,9.173334416,9.173334416,9.173334416,,,
11/01/2009,9.179499351,9.179499351,9.179499351,9.179499351,9.179499351,9.179499351,,,
12/01/2009,9.187377302,9.187377302,9.187377302,9.187377302,9.187377302,9.187377302,,,
01/01/2010,9.193356274,9.193356274,9.193356274,9.193356274,9.193356274,9.193356274,,,
02/01/2010,9.19898759,9.19898759,9.19898759,9.19898759,9.19898759,9.19898759,,,
03/01/2010,9.206127691,9.206127691,9.206127691,9.206127691,9.206127691,9.206127691,,,
04/01/2010,9.207852605,9.207852605,9.207852605,9.207852605,9.207852605,9.207852605,,,
05/01/2010,9.211572178,9.211572178,9.211572178,9.211572178,9.211572178,9.211572178,,,
06/01/2010,9.213121722,9.213121722,9.213121722,9.213121722,9.213121722,9.213121722,,,
07/01/2010,9.212678563,9.212678563,9.212678563,9.212678563,9.212678563,9.212678563,,,
08/01/2010,9.209333396,9.209333396,9.209333396,9.209333396,9.209333396,9.209333396,,,
09/01/2010,9.207878629,9.207878629,9.207878629,9.207878629,9.207878629,9.207878629,,,
10/01/2010,9.207831453,9.207831453,9.207831453,9.207831453,9.207831453,9.207831453,,,
11/01/2010,9.208614093,9.208614093,9.208614093,9.208614093,9.208614093,9.208614093,,,
12/01/2010,9.208179491,9.208179491,9.208179491,9.208179491,9.208179491,9.208179491,,,
01/01/2011,9.203913537,9.203913537,9.203913537,9.203913537,9.203913537,9.203913537,,,
02/01/2011,9.193335378,9.193335378,9.193335378,9.193335378,9.193335378,9.193335378,,,
03/01/2011,9.180724017,9.180724017,9.180724017,9.180724017,9.180724017,9.180724017,,,
04/01/2011,9.171716522,9.171716522,9.171716522,9.171716522,9.171716522,9.171716522,,,
05/01/2011,9.164065104,9.164065104,9.164065104,9.164065104,9.164065104,9.164065104,,,
06/01/2011,9.158251428,9.158251428,9.158251428,9.158251428,9.158251428,9.158251428,,,
07/01/2011,9.157681098,9.157681098,9.157681098,9.157681098,9.157681098,9.157681098,,,
08/01/2011,9.157802069,9.157802069,9.157802069,9.157802069,9.157802069,9.157802069,,,
09/01/2011,9.162234922,9.162234922,9.162234922,9.162234922,9.162234922,9.162234922,,,
10/01/2011,9.164495501,9.164495501,9.164495501,9.164495501,9.164495501,9.164495501,,,
11/01/2011,9.168271564,9.168271564,9.168271564,9.168271564,9.168271564,9.168271564,,,
12/01/2011,9.171664176,9.171664176,9.171664176,9.171664176,9.171664176,9.171664176,,,
01/01/2012,9.169855407,9.169855407,9.169855407,9.169855407,9.169855407,9.169855407,,,
02/01/2012,9.163137479,9.163137479,9.163137479,9.163137479,9.163137479,9.163137479,,,
03/01/2012,9.155578423,9.155578423,9.155578423,9.155578423,9.155578423,9.155578423,,,
04/01/2012,9.150467428,9.150467428,9.150467428,9.150467428,9.150467428,9.150467428,,,
05/01/2012,9.151105788,9.151105788,9.151105788,9.151105788,9.151105788,9.151105788,,,
06/01/2012,9.154195548,9.154195548,9.154195548,9.154195548,9.154195548,9.154195548,,,
07/01/2012,9.156312089,9.156312089,9.156312089,9.156312089,9.156312089,9.156312089,,,
08/01/2012,9.160917994,9.160917994,9.160917994,9.160917994,9.160917994,9.160917994,,,
09/01/2012,9.166130562,9.166130562,9.166130562,9.166130562,9.166130562,9.166130562,,,
10/01/2012,9.171584085,9.171584085,9.171584085,9.171584085,9.171584085,9.171584085,,,
11/01/2012,9.180472762,9.180472762,9.180472762,9.180472762,9.180472762,9.180472762,,,
12/01/2012,9.187135412,9.187135412,9.187135412,9.187135412,9.187135412,9.187135412,,,
01/01/2013,9.188025328,9.188025328,9.188025328,9.188025328,9.188025328,9.188025328,,,
02/01/2013,9.182292938,9.182292938,9.182292938,9.182292938,9.182292938,9.182292938,,,
03/01/2013,9.176731795,9.176731795,9.176731795,9.176731795,9.176731795,9.176731795,,,
04/01/2013,9.176421625,9.176421625,9.176421625,9.176421625,9.176421625,9.176421625,,,
05/01/2013,9.180001906,9.180001906,9.180001906,9.180001906,9.180001906,9.180001906,,,
06/01/2013,9.183712199,9.183712199,9.183712199,9.183712199,9.183712199,9.183712199,,,
07/01/2013,9.189818849,9.189818849,9.189818849,9.189818849,9.189818849,9.189818849,,,
08/01/2013,9.197135524,9.197135524,9.197135524,9.197135524,9.197135524,9.197135524,,,
09/01/2013,9.205879082,9.205879082,9.205879082,9.205879082,9.205879082,9.205879082,,,
10/01/2013,9.213607672,9.213607672,9.213607672,9.213607672,9.213607672,9.213607672,,,
11/01/2013,9.22448294,9.22448294,9.22448294,9.22448294,9.22448294,9.22448294,,,
12/01/2013,9.232795287,9.232795287,9.232795287,9.232795287,9.232795287,9.232795287,,,
01/01/2014,9.236462732,9.236462732,9.236462732,9.236462732,9.236462732,9.236462732,,,
02/01/2014,9.235780664,9.235780664,9.235780664,9.235780664,9.235780664,9.235780664,,,
03/01/2014,9.232978771,9.232978771,9.232978771,9.232978771,9.232978771,9.232978771,,,
04/01/2014,9.235598073,9.235598073,9.235598073,9.235598073,9.235598073,9.235598073,,,
05/01/2014,9.244166376,9.244166376,9.244166376,9.244166376,9.244166376,9.244166376,,,
06/01/2014,9.254718696,9.254718696,9.254718696,9.254718696,9.254718696,9.254718696,,,
07/01/2014,9.269125665,9.269125665,9.269125665,9.269125665,9.269125665,9.269125665,,,
08/01/2014,9.285422122,9.285422122,9.285422122,9.285422122,9.285422122,9.285422122,,,
09/01/2014,9.301256638,9.301256638,9.301256638,9.301256638,9.301256638,9.301256638,,,
10/01/2014,9.31949979,9.31949979,9.31949979,9.31949979,9.31949979,9.31949979,,,
11/01/2014,9.340704309,9.340704309,9.340704309,9.340704309,9.340704309,9.340704309,,,
12/01/2014,9.35851032,9.35851032,9.35851032,9.35851032,9.35851032,9.35851032,,,
01/01/2015,9.367302071,9.367302071,9.367302071,9.367302071,9.367302071,9.367302071,,,
02/01/2015,9.370894921,9.370894921,9.370894921,9.370894921,9.370894921,9.370894921,,,
03/01/2015,9.368615698,9.368615698,9.368615698,9.368615698,9.368615698,9.368615698,,,
04/01/2015,9.364737922,9.364737922,9.364737922,9.364737922,9.364737922,9.364737922,,,
05/01/2015,9.361106302,9.361106302,9.361106302,9.361106302,9.361106302,9.361106302,,,
06/01/2015,9.368926165,9.368926165,9.368926165,9.368926165,9.368926165,9.368926165,,,
07/01/2015,9.37981417,9.37981417,9.37981417,9.37981417,9.37981417,9.37981417,,,
08/01/2015,9.394783538,9.394783538,9.394783538,9.394783538,9.394783538,9.394783538,,,
09/01/2015,9.411592262,9.411592262,9.411592262,9.411592262,9.411592262,9.411592262,,,
10/01/2015,9.430053259,9.430053259,9.430053259,9.430053259,9.430053259,9.430053259,,,
11/01/2015,9.452710714,9.452710714,9.452710714,9.452710714,9.452710714,9.452710714,,,
12/01/2015,9.470413617,9.470413617,9.470413617,9.470413617,9.470413617,9.470413617,,,
01/01/2016,9.478000781,9.478000781,9.478000781,9.478000781,9.478000781,9.478000781,,,
02/01/2016,9.480516803,9.480516803,9.480516803,9.480516803,9.480516803,9.480516803,,,
03/01/2016,9.479433967,9.479433967,9.479433967,9.479433967,9.479433967,9.479433967,,,
04/01/2016,9.473897079,9.473897079,9.473897079,9.473897079,9.473897079,9.473897079,,,
05/01/2016,9.469868668,9.469868668,9.469868668,9.469868668,9.469868668,9.469868668,,,
06/01/2016,9.471182454,9.471182454,9.471182454,9.471182454,9.471182454,9.471182454,,,
07/01/2016,9.475801455,9.475801455,9.475801455,9.475801455,9.475801455,9.475801455,,,
08/01/2016,9.483899447,9.483899447,9.483899447,9.483899447,9.483899447,9.483899447,,,
09/01/2016,9.492968847,9.492968847,9.492968847,9.492968847,9.492968847,9.492968847,,,
10/01/2016,9.503895197,9.503895197,9.503895197,9.503895197,9.503895197,9.503895197,,,
11/01/2016,9.517133758,9.517133758,9.517133758,9.517133758,9.517133758,9.517133758,,,
12/01/2016,9.527975997,9.527975997,9.527975997,9.527975997,9.527975997,9.527975997,,,
01/01/2017,9.534093413,9.534093413,9.534093413,9.534093413,9.534093413,9.534093413,,,
02/01/2017,9.537423689,9.537423689,9.537423689,9.537423689,9.537423689,9.537423689,,,
03/01/2017,9.538725469,9.538725469,9.538725469,9.538725469,9.538725469,9.538725469,,,
04/01/2017,9.537774718,9.537774718,9.537774718,9.537774718,9.537774718,9.537774718,,,
05/01/2017,9.533314366,9.533314366,9.533314366,9.533314366,9.533314366,9.533314366,,,
06/01/2017,9.534986099,9.534986099,9.534986099,9.534986099,9.534986099,9.534986099,,,
07/01/2017,9.53704317,9.53704317,9.53704317,9.53704317,9.53704317,9.53704317,,,
08/01/2017,9.541898895,9.541898895,9.541898895,9.541898895,9.541898895,9.541898895,,,
09/01/2017,9.547825398,9.547825398,9.547825398,9.547825398,9.547825398,9.547825398,,,
10/01/2017,9.55574765,9.55574765,9.55574765,9.55574765,9.55574765,9.55574765,,,
11/01/2017,9.563247277,9.563247277,9.563247277,9.563247277,9.563247277,9.563247277,,,
12/01/2017,9.573126655,9.573126655,9.573126655,9.573126655,9.573126655,9.573126655,,,
01/01/2018,9.57622349,9.57622349,9.57622349,9.57622349,9.57622349,9.57622349,,,
02/01/2018,9.575752776,9.575752776,9.575752776,9.575752776,9.575752776,9.575752776,,,
03/01/2018,9.572463616,9.572463616,9.572463616,9.572463616,9.572463616,9.572463616,,,
04/01/2018,9.566544417,9.566544417,9.566544417,9.566544417,9.566544417,9.566544417,,,
05/01/2018,9.560477428,9.560477428,9.560477428,9.560477428,9.560477428,9.560477428,,,
06/01/2018,9.557767777,9.557767777,9.557767777,9.557767777,9.557767777,9.557767777,,,
07/01/2018,9.557269398,9.557269398,9.557269398,9.557269398,9.557269398,9.557269398,,,
08/01/2018,9.560723692,9.560723692,9.560723692,9.560723692,9.560723692,9.560723692,,,
09/01/2018,9.565389587,9.565389587,9.565389587,9.565389587,9.565389587,9.565389587,,,
10/01/2018,9.56992977,9.56992977,9.56992977,9.56992977,9.56992977,9.56992977,,,
11/01/2018,9.574623528,9.574623528,9.574623528,9.574623528,9.574623528,9.574623528,,,
12/01/2018,9.579821376,9.579821376,9.579821376,9.579821376,9.579821376,9.579821376,,,
01/01/2019,9.580468573,9.580468573,9.580468573,9.580468573,9.580468573,9.580468573,,,
02/01/2019,9.577395125,9.577395125,9.577395125,9.577395125,9.577395125,9.577395125,,,
03/01/2019,9.574224092,9.574224092,9.574224092,9.574224092,9.574224092,9.574224092,,,
04/01/2019,9.57145142,9.57145142,9.57145142,9.57145142,9.57145142,9.57145142,,,
05/01/2019,9.567935694,9.567935694,9.567935694,9.567935694,9.567935694,9.567935694,,,
06/01/2019,9.569815576,9.569815576,9.569815576,9.569815576,9.569815576,9.569815576,,,
07/01/2019,9.574898899,9.574898899,9.574898899,9.574898899,9.574898899,9.574898899,,,
08/01/2019,9.583582617,9.583582617,9.583582617,9.583582617,9.583582617,9.583582617,,,
09/01/2019,9.594326005,9.594326005,9.594326005,9.594326005,9.594326005,9.594326005,,,
10/01/2019,9.605542331,9.605542331,9.605542331,9.605542331,9.605542331,9.605542331,,,
11/01/2019,9.618590951,9.618590951,9.618590951,9.618590951,9.618590951,9.618590951,,,
12/01/2019,9.633359323,9.633359323,9.633359323,9.633359323,9.633359323,9.633359323,,,
01/01/2020,9.647943338,9.647943338,9.647943338,9.647943338,9.647943338,9.647943338,,,
02/01/2020,9.663834262,9.663834262,9.663834262,9.663834262,9.663834262,9.663834262,,,
03/01/2020,9.680677276,9.680677276,9.680677276,9.680677276,9.680677276,9.680677276,,,
04/01/2020,9.697144193,9.697144193,9.697144193,9.697144193,9.697144193,9.697144193,,,
05/01/2020,9.713228436,9.713228436,9.713228436,9.713228436,9.713228436,9.713228436,,,
06/01/2020,9.726734781,9.726734781,9.726734781,9.726734781,9.726734781,9.726734781,,,
07/01/2020,9.738450621,9.738450621,9.738450621,9.738450621,9.738450621,9.738450621,,,
08/01/2020,9.747290829,9.747290829,9.747290829,9.747290829,9.747290829,9.747290829,,,
09/01/2020,9.755973792,9.755973792,9.755973792,9.755973792,9.755973792,9.755973792,,,
10/01/2020,9.76290509,9.76290509,9.76290509,9.76290509,9.76290509,9.76290509,,,
11/01/2020,9.771961106,9.771961106,9.771961106,9.771961106,9.771961106,9.771961106,,,
12/01/2020,9.779875639,9.779875639,9.779875639,9.779875639,9.779875639,9.779875639,,,
01/01/2021,9.791946978,9.791946978,9.791946978,9.791946978,9.791946978,9.791946978,,,
02/01/2021,9.804569718,9.804569718,9.804569718,9.804569718,9.804569718,9.804569718,,,
03/01/2021,9.818322728,9.818322728,9.818322728,9.818322728,9.818322728,9.818322728,,,
04/01/2021,9.832957279,9.832957279,9.832957279,9.832957279,9.832957279,9.832957279,,,
05/01/2021,9.847030286,9.847030286,9.847030286,9.847030286,9.847030286,9.847030286,,,
06/01/2021,9.863198719,9.863198719,9.863198719,9.863198719,9.863198719,9.863198719,,,
07/01/2021,9.879027079,9.879027079,9.879027079,9.879027079,9.879027079,9.879027079,,,
08/01/2021,9.897051731,9.897051731,9.897051731,9.897051731,9.897051731,9.897051731,,,
09/01/2021,9.91416458,9.91416458,9.91416458,9.91416458,9.91416458,9.91416458,,,
10/01/2021,9.928421617,9.928421617,9.928421617,9.928421617,9.928421617,9.928421617,,,
11/01/2021,9.943895121,9.943895121,9.943895121,9.943895121,9.943895121,9.943895121,,,
12/01/2021,9.959118257,9.959118257,9.959118257,9.959118257,9.959118257,9.959118257,,,
01/01/2022,9.973889033,9.973889033,9.973889033,9.973889033,9.973889033,9.973889033,,,
02/01/2022,9.989546382,9.989546382,9.989546382,9.989546382,9.989546382,9.989546382,,,
03/01/2022,10.00278829,10.00278829,10.00278829,10.00278829,10.00278829,10.00278829,,,
04/01/2022,10.01626165,10.01626165,10.01626165,10.01626165,10.01626165,10.01626165,,,
05/01/2022,10.03021534,10.03021534,10.03021534,10.03021534,10.03021534,10.03021534,,,
06/01/2022,10.04429492,10.04429492,10.04429492,10.04429492,10.04429492,10.04429492,,,
07/01/2022,10.05847975,10.05847975,10.05847975,10.05847975,10.05847975,10.05847975,,,
08/01/2022,10.07095465,10.07095465,10.07095465,10.07095465,10.07095465,10.07095465,,,
09/01/2022,10.08514325,10.08514325,10.08514325,10.08514325,10.08514325,10.08514325,,,
10/01/2022,10.10001577,10.10001577,10.10001577,10.10001577,10.10001577,10.10001577,,,
11/01/2022,10.1125878,10.1125878,10.1125878,10.1125878,10.1125878,10.1125878,,,
12/01/2022,10.12338205,10.12338205,10.12338205,10.12338205,10.12338205,10.12338205,,,
01/01/2023,10.12748981,10.12748981,10.12748981,10.12748981,10.12748981,10.12748981,,,
02/01/2023,10.12656858,10.12656858,10.12656858,10.12656858,10.12656858,10.12656858,,,
03/01/2023,10.12305205,10.12305205,10.12305205,10.12305205,10.12305205,10.12305205,,,
04/01/2023,10.11427805,10.11427805,10.11427805,10.11427805,10.11427805,10.11427805,,,
05/01/2023,10.10828314,10.10828314,10.10828314,10.10828314,10.10828314,10.10828314,,,
06/01/2023,10.10579144,10.10579144,10.10579144,10.10579144,10.10579144,10.10579144,,,
07/01/2023,10.10602387,10.10602387,10.10602387,10.10602387,10.10602387,10.10602387,,,
08/01/2023,10.10839397,10.10839397,10.10839397,10.10839397,10.10839397,10.10839397,,,
09/01/2023,10.11090576,10.11090576,10.11090576,10.11090576,10.11090576,10.11090576,,,
10/01/2023,10.11260471,10.11260471,10.11260471,10.11260471,10.11260471,10.11260471,,,
11/01/2023,10.11591516,10.11591516,10.11591516,10.11591516,10.11591516,10.11591516,,,
12/01/2023,10.12073284,10.12073284,10.12073284,10.12073284,10.12073284,10.12073284,,,
01/01/2024,10.13256415,10.13256415,10.13256415,10.13256415,10.13256415,10.13256415,,,
02/01/2024,10.13815706,10.13815706,10.14098224,10.13815706,10.09486389,10.14495641,,,
03/01/2024,10.14412391,10.14412391,10.14830034,10.14412391,10.08120574,10.15355122,,,
04/01/2024,10.15047927,10.15047927,10.15580359,10.15047927,10.07012456,10.16188848,,,
05/01/2024,10.153734,10.153734,10.16271951,10.153734,10.06141669,10.16987542,,,
06/01/2024,10.15530491,10.15530491,10.16941024,10.15530491,10.05396502,10.17795783,,,
07/01/2024,10.15559231,10.15559231,10.17565998,10.15559231,10.04789186,10.18568224,,,
08/01/2024,10.15476754,10.15476754,10.18192465,10.15476754,10.04260636,10.19358429,,,
09/01/2024,10.15295884,10.15295884,10.18802677,10.15295884,10.03814937,10.20143648,,,
10/01/2024,10.1503794,10.1503794,10.19380059,10.1503794,10.03450027,10.20902017,,,
11/01/2024,10.14690826,10.14791349,10.19964392,10.14690826,10.03133989,10.2168303,,,
12/01/2024,10.14285851,10.14707778,10.20519846,10.14285851,10.02878081,10.22439242,,,
01/01/2025,10.13799597,10.14687159,10.21084774,10.13799597,10.02660242,10.23219631,,,
02/01/2025,10.1325041,10.14711229,10.21641633,10.1325041,10.02483227,10.24000076,,,
03/01/2025,10.12706291,10.14760863,10.22138792,10.12706291,10.02353094,10.2470959,,,
04/01/2025,10.12049078,10.14842594,10.22682803,10.12049078,10.02241205,10.25493887,,,
05/01/2025,10.11364808,10.14942112,10.23203837,10.11364808,10.02159722,10.26255202,,,
06/01/2025,10.10609134,10.15062945,10.23736941,10.10749179,10.02100872,10.2704263,,,
07/01/2025,10.09834726,10.15194074,10.24248291,10.10317101,10.02065074,10.27807596,,,
08/01/2025,10.08991261,10.1534239,10.2477219,10.09956989,10.02048136,10.28599282,,,
09/01/2025,10.08107014,10.15501671,10.25291963,10.09661131,10.02049061,10.29393039,,,
10/01/2025,10.07215413,10.15664719,10.25791498,10.09422985,10.02064958,10.30165982,,,
11/01/2025,10.0625773,10.15841405,10.26304212,10.09219494,10.02095644,10.30968427,,,
12/01/2025,10.05298618,10.16019067,10.2679735,10.09056319,10.02137289,10.31750641,,,
01/01/2026,10.04274786,10.16208829,10.27303881,10.08918522,10.02191683,10.32562882,,,
02/01/2026,10.03219881,10.16403968,10.27807549,10.08807367,10.02256196,10.33379651,,,
03/01/2026,10.02242855,10.16584158,10.28260238,10.08726126,10.0232187,10.34125145,,,
04/01/2026,10.01196672,10.16787914,10.28758888,10.08656847,10.02402734,10.34952825,,,
05/01/2026,10.00405935,10.16988693,10.29239287,10.0860701,10.02487896,10.35759155,,,
06/01/2026,9.997026852,10.17199535,10.29733487,10.0857177,10.02582471,10.36596202,,,
07/01/2026,9.991037322,10.17406341,10.30209751,10.08551211,10.02679473,10.3741216,,,
08/01/2026,9.985560107,10.17622494,10.30699796,10.0854277,10.02784851,10.38259565,,,
09/01/2026,9.980686905,10.17840924,10.31187957,10.08545868,10.02894937,10.39111947,,,
10/01/2026,9.97646127,10.18054153,10.31658628,10.08558497,10.03005358,10.39942904,,,
11/01/2026,9.972554132,10.1827627,10.32143273,10.08580819,10.03123273,10.40805902,,,
12/01/2026,9.969153378,10.18492555,10.32610606,10.08610093,10.03240459,10.41647133,,,
01/01/2027,9.966000671,10.18717318,10.33091813,10.08647697,10.03364417,10.42521709,,,
02/01/2027,9.963172065,10.18943238,10.33571436,10.08691975,10.03491025,10.43402392,,,
03/01/2027,9.960856277,10.19148077,10.34003359,10.08736861,10.03607292,10.44206948,,,
04/01/2027,9.95855641,10.19375746,10.34480069,10.08791996,10.03738174,10.45101855,,,
05/01/2027,9.956553289,10.19596665,10.34939961,10.08849842,10.03866526,10.45977693,,,
06/01/2027,9.95469921,10.19825603,10.35413793,10.08914045,10.04000895,10.4689126,,,
07/01/2027,9.953088648,10.20047694,10.35871098,10.08979952,10.04132397,10.47785149,,,
08/01/2027,9.951601451,10.20277603,10.36342269,10.09051562,10.04269615,10.487167,,,
09/01/2027,9.950274356,10.20507782,10.36812061,10.0912629,10.04407954,10.49656303,,,
10/01/2027,9.949126882,10.20730755,10.37265449,10.09201275,10.04542786,10.50574388,,,
11/01/2027,9.948074894,10.20961414,10.37732736,10.09281423,10.04683104,10.51530092,,,
12/01/2027,9.947170063,10.21184711,10.38183719,10.09361139,10.04819609,10.52463193,,,
01/01/2028,9.946346042,10.21415561,10.38648538,10.09445676,10.04961416,10.53433899,,,
02/01/2028,9.945621908,10.21646355,10.39112047,10.09532045,10.05103755,10.54411379,,,
03/01/2028,9.945025284,10.2186224,10.39544589,10.09614359,10.05237383,10.55334537,,,
04/01/2028,9.944472122,10.2209298,10.40005801,10.0970396,10.05380727,10.56326626,,,
05/01/2028,9.944008426,10.22316117,10.40450969,10.0979194,10.05519752,10.57293954,,,
06/01/2028,9.943599781,10.22546565,10.40909806,10.09884149,10.05663754,10.58299093,,,
07/01/2028,9.943264717,10.22769418,10.41352741,10.09974464,10.05803376,10.59279031,,,
08/01/2028,9.942976869,10.22999507,10.41809284,10.10068841,10.05947894,10.6029738,,,
09/01/2028,9.942742287,10.2322935,10.42264649,10.1016413,10.06092566,10.61321908,,,
10/01/2028,9.942560732,10.23451479,10.42704198,10.10257079,10.06232645,10.62320536,,,
11/01/2028,9.942418663,10.23680789,10.43157301,10.10353933,10.06377551,10.63357877,,,
12/01/2028,9.942319915,10.23902431,10.43594724,10.10448305,10.06517856,10.64368672,,,
01/01/2029,9.942256523,10.24131218,10.44045666,10.10546499,10.06662949,10.65418354,,,
02/01/2029,9.942227813,10.24359677,10.44495468,10.10645239,10.06808063,10.66473632,,,
03/01/2029,9.94222814,10.24565762,10.44900829,10.1073483,10.06939132,10.67435518,,,
04/01/2029,9.942258653,10.2479364,10.45348558,10.10834517,10.0708428,10.68503902,,,
05/01/2029,9.94231377,10.25013852,10.45780819,10.10931364,10.07224704,10.69544051,,,
06/01/2029,9.942395407,10.25241018,10.46226349,10.11031759,10.07369713,10.70623354,,,
07/01/2029,9.942496943,10.25460616,10.46656569,10.11129306,10.0751008,10.71674122,,,
08/01/2029,9.942623717,10.25687232,10.47100107,10.11230438,10.07655089,10.72764398,,,
09/01/2029,9.942769908,10.25913467,10.47542547,10.11331806,10.07799981,10.73859612,,,
10/01/2029,9.942928436,10.26132072,10.47969719,10.11430126,10.07940113,10.74930137,,,
11/01/2029,9.943108156,10.26357518,10.48409987,10.11531847,10.08084729,10.76049334,,,
12/01/2029,9.943296527,10.26575338,10.48835046,10.11630453,10.08224561,10.77145873,,,
01/01/2030,9.943505032,10.26800011,10.49273202,10.11732466,10.08368899,10.78290178,,,
02/01/2030,9.94372564,10.27024203,10.49710208,10.11834514,10.08512996,10.79445742,,,
03/01/2030,9.943935526,10.27226443,10.50104122,10.1192685,10.08643102,10.80502751,,,
04/01/2030,9.944178147,10.27449879,10.50539107,10.12029082,10.08786905,10.81681034,,,
05/01/2030,9.94442386,10.27665855,10.50959169,10.12128212,10.08926052,10.82831657,,,
06/01/2030,9.944687349,10.2788864,10.51392262,10.12230716,10.09069683,10.84028969,,,
07/01/2030,9.944950896,10.28103882,10.51810477,10.12329985,10.09208557,10.85197211,,,
08/01/2030,9.945230516,10.28325823,10.52241727,10.12432526,10.09351816,10.86411947,,,
09/01/2030,9.945518251,10.28547441,10.5267241,10.12535151,10.09494966,10.87634642,,,
10/01/2030,9.945803188,10.28761584,10.53088623,10.12634478,10.09633331,10.8882666,,,
11/01/2030,9.946104225,10.28982605,10.53518109,10.12737143,10.09776156,10.90065484,,,
12/01/2030,9.94640145,10.29196284,10.53933197,10.12836559,10.09914259,10.91273422,,,
01/01/2031,9.946713124,10.29416733,10.54361394,10.12939197,10.10056709,10.92528626,,,
02/01/2031,9.947030111,10.29636943,10.54788841,10.13041851,10.10199007,10.93791196,,,
03/01/2031,9.947320886,10.2983569,10.5517442,10.13134625,10.10327462,10.94941965,,,
04/01/2031,9.947646653,10.30055416,10.55600524,10.13237279,10.10469452,10.96220993,,,
05/01/2031,9.947966317,10.30267861,10.56012239,10.13336684,10.10606775,10.97466486,,,
06/01/2031,9.948300216,10.30487089,10.56436891,10.13439384,10.10748487,10.98759363,,,
07/01/2031,9.948625824,10.306989,10.56847037,10.13538686,10.10885392,11.00017933,,,
08/01/2031,9.948965245,10.3091745,10.57270036,10.13641261,10.11026669,11.01324073,,,
09/01/2031,9.949308981,10.31135834,10.57692366,10.13743959,10.11167921,11.02636981,,,
10/01/2031,9.949644362,10.31346901,10.5810033,10.13843347,10.11304472,11.03915863,,,
11/01/2031,9.949993261,10.31564672,10.58521057,10.13946012,10.11445382,11.05244872,,,
12/01/2031,9.950332908,10.31775101,10.58927422,10.14045331,10.11581571,11.06540469,,,
01/01/2032,9.950685958,10.31992215,10.59346495,10.14147931,10.1172212,11.07887355,,,
02/01/2032,9.951042159,10.32209123,10.59764854,10.14250628,10.11862618,11.09242633,,,
03/01/2032,9.95137685,10.32411736,10.60155478,10.14346665,10.11993886,11.10520648,,,
04/01/2032,9.951735621,10.32627923,10.60572134,10.14449229,10.1213396,11.11893289,,,
05/01/2032,9.95208433,10.32836822,10.60974558,10.14548455,10.12269365,11.13230161,,,
06/01/2032,9.952444879,10.33052276,10.61389479,10.14650883,10.1240902,11.14618156,,,
07/01/2032,9.952795252,10.33260473,10.61790229,10.14749985,10.12544023,11.1596953,,,
08/01/2032,9.953158465,10.33475261,10.62203472,10.14852338,10.12683336,11.17372188,,,
09/01/2032,9.953523523,10.33689746,10.62615928,10.14954718,10.12822545,11.18781544,,,
10/01/2032,9.953878121,10.3389704,10.63014273,10.15053791,10.1295713,11.20153207,,,
11/01/2032,9.95424512,10.34110847,10.63425056,10.15156069,10.13095975,11.21576353,,,
12/01/2032,9.954601021,10.34317477,10.63821814,10.1525505,10.1323022,11.22961052,,,
01/01/2033,9.954970595,10.34530732,10.64231023,10.15357368,10.13368851,11.24399731,,,
02/01/2033,9.955339829,10.34743521,10.64639258,10.15459516,10.13507185,11.25848013,,,
03/01/2033,9.955674088,10.34935449,10.65007304,10.15551754,10.13632008,11.27170884,,,
04/01/2033,9.956044887,10.351476,10.65413934,10.1565383,10.13770035,11.28644904,,,
05/01/2033,9.956404393,10.35352593,10.65806659,10.15752577,10.13903456,11.30082863,,,
06/01/2033,9.956776683,10.35564097,10.66211647,10.15854587,10.14041179,11.3157822,,,
07/01/2033,9.957137584,10.35768467,10.66602787,10.15953271,10.14174311,11.3303598,,,
08/01/2033,9.957510686,10.35979273,10.67006085,10.1605516,10.14311677,11.34550869,,,
09/01/2033,9.957883899,10.36189711,10.67408502,10.16156961,10.14448839,11.36074641,,,
10/01/2033,9.958245775,10.36393045,10.67797174,10.16255458,10.14581451,11.37560882,,,
11/01/2033,9.958620443,10.36602857,10.6819799,10.16357217,10.14718349,11.39106672,,,
12/01/2033,9.958983181,10.36805547,10.68585068,10.16455623,10.14850651,11.40613811,,,
01/01/2034,9.959357958,10.37014637,10.68984167,10.16557214,10.14987153,11.42180354,,,
02/01/2034,9.95973307,10.3722338,10.69382428,10.16658751,10.15123482,11.43756239,,,
03/01/2034,9.960072542,10.37411683,10.69741505,10.16750457,10.15246538,11.45191957,,,
04/01/2034,9.960447824,10.37619737,10.70138135,10.16851849,10.15382525,11.46788114,,,
05/01/2034,9.960811092,10.37820746,10.70521174,10.16949903,10.15513958,11.48341863,,,
06/01/2034,9.961186724,10.38028119,10.70916151,10.1705117,10.15649617,11.49954503,,,
07/01/2034,9.961550515,10.38228492,10.71297613,10.17149124,10.15780749,11.51524253,,,
08/01/2034,9.961926674,10.3843521,10.71690966,10.1725029,10.15916092,11.53153293,,,
09/01/2034,9.962302558,10.38641546,10.72083446,10.17351353,10.16051229,11.54789418,,,
10/01/2034,9.96266596,10.3884086,10.72462441,10.1744905,10.16181801,11.5638095,,,
11/01/2034,9.963042314,10.39046551,10.72853314,10.17550015,10.16316638,11.58031769,,,
12/01/2034,9.963406475,10.39245277,10.73230792,10.1764765,10.16446963,11.59637111,,,
01/01/2035,9.963782749,10.39450279,10.73620019,10.17748468,10.16581457,11.61301681,,,
02/01/2035,9.964158667,10.39654902,10.74008382,10.17849181,10.16715742,11.62972256,,,
03/01/2035,9.964498617,10.39839485,10.74358529,10.17940133,10.16836938,11.64491655,,,
04/01/2035,9.964874448,10.40043452,10.74745315,10.18040709,10.16970896,11.66178499,,,
05/01/2035,9.965238744,10.40240582,10.75118917,10.18138037,10.17100441,11.67818275,,,
06/01/2035,9.965614419,10.40443873,10.75504082,10.18238469,10.17234064,11.69517814,,,
07/01/2035,9.965977761,10.40640274,10.75876063,10.1833558,10.17363208,11.71169428,,,
08/01/2035,9.966352967,10.40842865,10.76259572,10.18435841,10.17496474,11.72880922,,,
09/01/2035,9.966728727,10.41045182,10.76642339,10.18536095,10.17629639,11.74597713,,,
10/01/2035,9.967092404,10.41240669,10.77012012,10.18633061,10.17758363,11.76265756,,,
11/01/2035,9.96746814,10.4144234,10.77393202,10.18733192,10.17891214,11.77993959,,,
12/01/2035,9.967831339,10.41637161,10.777613,10.18829985,10.18019586,11.79672758,,,
01/01/2036,9.968205832,10.41838074,10.78140818,10.1892989,10.18152028,11.81411787,,,
02/01/2036,9.968580597,10.42038692,10.78519559,10.1902975,10.1828435,11.83155583,,,
03/01/2036,9.968931269,10.42226098,10.78873186,10.19123126,10.18408031,11.84794453,,,
04/01/2036,9.969305158,10.42426016,10.79250322,10.19222788,10.18540013,11.86549733,,,
05/01/2036,9.96966714,10.42619203,10.79614566,10.19319196,10.18667622,11.88254289,,,
06/01/2036,9.970040756,10.42818474,10.79990132,10.1941872,10.1879932,11.9001945,,,
07/01/2036,9.970402154,10.43011007,10.80352843,10.19514965,10.18926647,11.91733403,,,
08/01/2036,9.970774796,10.43209568,10.80726791,10.19614313,10.19058011,11.93508089,,,
09/01/2036,9.971147448,10.43407818,10.81099966,10.19713534,10.19189261,11.95287308,,,
10/01/2036,9.971507909,10.43599368,10.81460377,10.19809531,10.19316151,11.97015815,,,
11/01/2036,9.971880919,10.43797048,10.818321,10.19908703,10.19447233,11.98806258,,,
12/01/2036,9.972241755,10.4398805,10.82191117,10.20004623,10.19573974,12.00544911,,,
01/01/2037,9.972614163,10.44185069,10.82561313,10.20103644,10.19704791,12.02345282,,,
02/01/2037,9.972986175,10.44381745,10.82930739,10.20202574,10.19835474,12.04149799,,,
03/01/2037,9.973322405,10.44559164,10.83263839,10.2029191,10.19953457,12.05788159,,,
04/01/2037,9.973693767,10.44755202,10.83631812,10.20390678,10.20083894,12.07604276,,,
05/01/2037,9.974053428,10.44944663,10.83987262,10.20486236,10.20210072,12.09367119,,,
06/01/2037,9.974425126,10.45140146,10.84353838,10.20584948,10.20340368,12.11191959,,,
07/01/2037,9.974784852,10.45329047,10.84707913,10.20680419,10.20466378,12.12963168,,,
08/01/2037,9.975155397,10.45523832,10.85072982,10.20778905,10.20596377,12.14796434,,,
09/01/2037,9.975526262,10.45718355,10.854373,10.20877373,10.20726322,12.16633331,,,
10/01/2037,9.975884774,10.45906289,10.85789179,10.20972579,10.20851946,12.18416094,,,
11/01/2037,9.976254227,10.46100096,10.8615197,10.21070809,10.20981565,12.20261228,,,
12/01/2037,9.976611495,10.46287352,10.86502361,10.21165797,10.21106895,12.22051849,,,
01/01/2038,9.976980889,10.46480581,10.86863736,10.21263924,10.21236329,12.23905136,,,
02/01/2038,9.977349339,10.46673428,10.87224304,10.21361908,10.21365578,12.25761738,,,
03/01/2038,9.977681693,10.46847335,10.87549391,10.21450326,10.21482203,12.27446461,,,
04/01/2038,9.978049856,10.47039606,10.87908549,10.21548188,10.21611248,12.29313968,,,
05/01/2038,9.978405711,10.47225364,10.8825543,10.21642808,10.21736,12.31127291,,,
06/01/2038,9.978773464,10.47417033,10.8861318,10.21740546,10.21864828,12.33004987,,,
07/01/2038,9.979129815,10.47602298,10.88958759,10.21835116,10.2198944,12.34827863,,,
08/01/2038,9.979497695,10.47793421,10.89315131,10.21932769,10.22118065,12.3671496,,,
09/01/2038,9.979865178,10.47984224,10.89670766,10.2203034,10.22246597,12.38605809,,,
10/01/2038,9.980220171,10.48168547,10.90014213,10.2212466,10.22370819,12.40440862,,,
11/01/2038,9.980586446,10.4835868,10.90368357,10.22222027,10.22499026,12.42340138,,,
12/01/2038,9.980940595,10.48542387,10.90710395,10.22316183,10.22622976,12.44184757,,,
01/01/2039,9.9813065,10.48731936,10.91063139,10.2241343,10.2275096,12.46094688,,,
02/01/2039,9.981671435,10.48921142,10.91415099,10.2251054,10.22878753,12.48008395,,,
03/01/2039,9.982001148,10.49091762,10.91732445,10.22598228,10.22994114,12.49745125,,,
04/01/2039,9.982366202,10.49280424,10.9208311,10.22695273,10.23121746,12.51669721,,,
05/01/2039,9.982718994,10.49462699,10.92421777,10.22789102,10.23245124,12.53536951,,,
06/01/2039,9.983083517,10.49650776,10.92771046,10.22886013,10.23372512,12.55469072,,,
07/01/2039,9.983435256,10.49832431,10.93108311,10.22979657,10.234956,12.57347018,,,
08/01/2039,9.983798414,10.50019841,10.93456109,10.23076351,10.23622667,12.59292534,,,
09/01/2039,9.984161588,10.50206983,10.93803233,10.23173004,10.2374964,12.61242574,,,
10/01/2039,9.984512808,10.50387813,10.94138504,10.23266476,10.23872389,12.63135369,,,
11/01/2039,9.984875636,10.50574394,10.94484271,10.23363012,10.23999136,12.65094443,,,
12/01/2039,9.985226653,10.50754697,10.94818247,10.23456383,10.241217,12.66995445,,,
01/01/2040,9.985589215,10.50940729,10.95162664,10.23552809,10.24248241,12.68962604,,,
02/01/2040,9.985951996,10.51126518,10.95506465,10.23649215,10.2437471,12.70908061,,,
03/01/2040,9.986290588,10.51300014,10.95827416,10.23739286,10.24492858,12.72685557,,,
04/01/2040,9.986651456,10.51485118,10.96169735,10.2383542,10.24618951,12.74548746,,,
05/01/2040,9.987000614,10.51664007,10.96500388,10.23928405,10.24740889,12.76320655,,,
06/01/2040,9.987360851,10.51848554,10.9684135,10.24024393,10.24866746,12.78120999,,,
07/01/2040,9.987708768,10.52026845,10.97170629,10.24117174,10.24988384,12.79836759,,,
08/01/2040,9.988067918,10.52210797,10.97510217,10.2421297,10.25113955,12.81583418,,,
09/01/2040,9.988426683,10.52394466,10.9784907,10.24308712,10.25239404,12.8330558,,,
10/01/2040,9.988773311,10.52571941,10.98176345,10.24401224,10.25360665,12.84950714,,,
11/01/2040,9.989132541,10.52755144,10.98513985,10.24496893,10.25485991,12.866293,,,
12/01/2040,9.98947905,10.52932113,10.98840013,10.24589318,10.25607067,12.88234693,,,
01/01/2041,9.98983627,10.53114695,10.99176222,10.24684738,10.25732058,12.89874388,,,
02/01/2041,9.990193305,10.53296988,10.99511743,10.24780069,10.25856912,12.91495933,,,
03/01/2041,9.990515963,10.5346146,10.99814291,10.24866157,10.25969632,12.92946624,,,
04/01/2041,9.990872535,10.53643248,11.00148552,10.2496136,10.2609428,12.94536265,,,
05/01/2041,9.991217148,10.53818906,11.00471391,10.25053407,10.26214777,12.96060021,,,
06/01/2041,9.991573505,10.54000215,11.00804383,10.25148504,10.26339232,12.97619696,,,
07/01/2041,9.991917974,10.5417542,11.01126006,10.25240454,10.26459549,12.99115731,,,
08/01/2041,9.99227437,10.54356281,11.01457733,10.25335471,10.26583807,13.00648024,,,
09/01/2041,9.992630969,10.54536937,11.01788923,10.25430465,10.26708075,13.02167254,,,
10/01/2041,9.992975846,10.54711532,11.02108794,10.25522332,10.26828195,13.03625707,,,
11/01/2041,9.993331929,10.54891693,11.02438677,10.25617189,10.26952164,13.05120616,,,
12/01/2041,9.993675561,10.55065718,11.02757225,10.2570883,10.27071993,13.06556265,,,
01/01/2042,9.994030178,10.55245317,11.03085772,10.2580348,10.27195714,13.08028438,,,
02/01/2042,9.994384378,10.5542463,11.03413652,10.25898023,10.27319275,13.09489632,,,
03/01/2042,9.994705203,10.55586496,11.0370938,10.2598347,10.27430899,13.10801023,,,
04/01/2042,9.995059279,10.5576538,11.04036082,10.26077926,10.27554288,13.12242495,,,
05/01/2042,9.99540178,10.55938259,11.04351648,10.26169267,10.27673591,13.13628163,,,
06/01/2042,9.995754754,10.56116584,11.04677033,10.26263515,10.2779669,13.15050222,,,
07/01/2042,9.996096135,10.56288934,11.04991339,10.26354662,10.27915719,13.16417626,,,
08/01/2042,9.996448932,10.56466803,11.05315513,10.26448809,10.28038629,13.17821436,,,
09/01/2042,9.996801677,10.56644449,11.05639084,10.26542909,10.28161447,13.19216368,,,
10/01/2042,9.997142634,10.56816119,11.05951616,10.26633892,10.28280182,13.20558195,,,
11/01/2042,9.99749476,10.56993273,11.0627395,10.26727845,10.28402768,13.21936281,,,
12/01/2042,9.99783427,10.57164383,11.06585207,10.26818604,10.28521195,13.2326209,,,
01/01/2043,9.998184771,10.57340945,11.06906213,10.26912312,10.28643452,13.24623967,,,
02/01/2043,9.998535247,10.57517287,11.07226625,10.27005975,10.28765627,13.25977966,,,
03/01/2043,9.998851026,10.57676308,11.0751547,10.27090462,10.28875824,13.27194678,,,
04/01/2043,9.999199739,10.5785206,11.07834585,10.27183868,10.28997652,13.28534035,,,
05/01/2043,9.999536785,10.58021897,11.08142814,10.2727418,10.2911543,13.29823255,,,
06/01/2043,9.999885479,10.58197219,11.08460772,10.27367501,10.29237093,13.31148235,,,
07/01/2043,10.00022247,10.58366645,11.0876789,10.27457734,10.29354711,13.32423847,,,
08/01/2043,10.00057047,10.58541465,11.09084628,10.27550896,10.29476129,13.33734973,,,
09/01/2043,10.00091838,10.58716065,11.09400783,10.27644011,10.29597459,13.35039292,,,
10/01/2043,10.00125508,10.58884832,11.09706176,10.27734082,10.29714795,13.36295334,,,
11/01/2043,10.00160253,10.59058962,11.10021178,10.27827067,10.2983591,13.37586613,,,
12/01/2043,10.0019374,10.59227139,11.10325327,10.27916877,10.29952899,13.38830094,,,
01/01/2044,10.00228351,10.59400716,11.10639047,10.28009645,10.30073713,13.40108657,,,
02/01/2044,10.00262946,10.59574061,11.10952179,10.28102353,10.3019443,13.41380969,,,
03/01/2044,10.00295322,10.59736049,11.11244623,10.28189056,10.30307294,13.42565936,,,
04/01/2044,10.00329811,10.59908876,11.1155655,10.28281576,10.30427731,13.43826433,,,
05/01/2044,10.0036321,10.6007595,11.11857918,10.28371093,10.30544227,13.45040797,,,
06/01/2044,10.00397591,10.60248253,11.12168662,10.28463466,10.30664394,13.46289637,,,
07/01/2044,10.00430838,10.60414773,11.12468849,10.28552709,10.30780577,13.4749281,,,
08/01/2044,10.00465111,10.60586551,11.12778421,10.28644837,10.30900468,13.48730313,,,
09/01/2044,10.00499365,10.60758098,11.13087435,10.28736906,10.31020255,13.49962209,,,
10/01/2044,10.00532525,10.60923926,11.1338599,10.28825978,10.3113611,13.51149286,,,
11/01/2044,10.00566787,10.61095067,11.13693957,10.28917973,10.31255738,13.52370515,,,
12/01/2044,10.00599957,10.61260504,11.13991504,10.29006974,10.31371444,13.53547426,,,
01/01/2045,10.00634173,10.61431188,11.14298379,10.29098841,10.31490863,13.54758225,,,
02/01/2045,10.00668357,10.61601632,11.1460469,10.29190632,10.31610167,13.55963799,,,
03/01/2045,10.00699127,10.61755307,11.14880822,10.292734,10.31717753,13.57048518,,,
04/01/2045,10.00733153,10.61925199,11.15185967,10.29364954,10.31836736,13.58244258,,,
05/01/2045,10.00766138,10.62089471,11.15480827,10.2945357,10.3195186,13.59396861,,,
06/01/2045,10.00800175,10.62258961,11.15784937,10.29545045,10.32070686,13.6058288,,,
07/01/2045,10.00833116,10.62422791,11.16078745,10.29633529,10.32185604,13.61726124,,,
08/01/2045,10.00867103,10.62591822,11.16381777,10.29724867,10.32304213,13.62902591,,,
09/01/2045,10.00901026,10.62760584,11.16684241,10.29816097,10.32422672,13.64074246,,,
10/01/2045,10.00933899,10.62923752,11.16976519,10.29904387,10.32537278,13.65203807,,,
11/01/2045,10.00967801,10.63092087,11.1727797,10.29995509,10.32655551,13.66366294,,,
12/01/2045,10.01000513,10.63254704,11.17569133,10.30083554,10.32769832,13.67486926,,,
01/01/2046,10.01034326,10.63422547,11.17869507,10.30174499,10.32887839,13.68640367,,,
02/01/2046,10.01068119,10.63590163,11.18169359,10.30265378,10.33005751,13.69789327,,,
03/01/2046,10.0109855,10.63741301,11.18439696,10.30347351,10.33112104,13.70823511,,,
04/01/2046,10.01132277,10.63908464,11.18738532,10.30438044,10.33229749,13.71964085,,,
05/01/2046,10.01164848,10.64069976,11.19027208,10.30525732,10.33343486,13.73063775,,,
06/01/2046,10.01198499,10.64236662,11.19324971,10.30616292,10.33460923,13.74195806,,,
07/01/2046,10.01230941,10.64397661,11.19612552,10.30703767,10.33574374,13.75287239,,,
08/01/2046,10.01264536,10.64563891,11.1990926,10.30794181,10.3369156,13.76410902,,,
09/01/2046,10.012981,10.64729879,11.20205486,10.30884515,10.33808679,13.77530374,,,
10/01/2046,10.01330488,10.64890239,11.20491579,10.30971798,10.33921823,13.78609826,,,
11/01/2046,10.01363905,10.65055687,11.20786658,10.31061893,10.34038602,13.79721095,,,
12/01/2046,10.01396316,10.65215682,11.21071822,10.31149108,10.34151604,13.80792874,,,
01/01/2047,10.01429795,10.65380802,11.21365985,10.31239172,10.34268278,13.81896355,,,
02/01/2047,10.0146324,10.65545692,11.21659618,10.31329154,10.34384829,13.82995859,,,
03/01/2047,10.01493405,10.65694422,11.2192439,10.31410346,10.34489987,13.83985837,,,
04/01/2047,10.01526792,10.65858884,11.22217028,10.3150018,10.34606316,13.85077927,,,
05/01/2047,10.01559092,10.66017847,11.22499754,10.31587061,10.34718806,13.86131212,,,
06/01/2047,10.01592441,10.66181886,11.22791385,10.31676767,10.34834924,13.8721576,,,
07/01/2047,10.01624749,10.66340491,11.23073185,10.31763574,10.34947253,13.8826189,,,
08/01/2047,10.01658102,10.66504161,11.23363858,10.31853196,10.3506321,13.89339103,,,
09/01/2047,10.01691451,10.66667639,11.2365404,10.31942772,10.35179075,13.90412636,,,
10/01/2047,10.01723653,10.66825596,11.23934336,10.32029347,10.35291052,13.91448063,,,
11/01/2047,10.01756875,10.66988553,11.24223411,10.32118686,10.35406597,13.92514246,,,
12/01/2047,10.01788982,10.67146072,11.24502702,10.32205099,10.35518331,13.9354268,,,
01/01/2048,10.01822142,10.67308635,11.24790788,10.32294333,10.35633673,13.94601763,,,
02/01/2048,10.01855283,10.67470982,11.2507837,10.32383496,10.35748908,13.95657287,,,
03/01/2048,10.01886267,10.6762267,11.25346955,10.3246685,10.3585661,13.96641712,,,
04/01/2048,10.01919273,10.67784519,11.25633472,10.32555799,10.35971584,13.97690364,,,
05/01/2048,10.01951249,10.67941004,11.25910331,10.32641873,10.36082731,13.98702026,,,
06/01/2048,10.01984223,10.68102451,11.26195872,10.32730706,10.36197463,13.99743887,,,
07/01/2048,10.02016123,10.68258505,11.26471744,10.32816625,10.36308408,14.00748965,,,
08/01/2048,10.02049081,10.68419569,11.26756327,10.32905357,10.36422963,14.01784137,,,
09/01/2048,10.02082012,10.68580417,11.2704041,10.32994026,10.36537407,14.02815942,,,
10/01/2048,10.02113882,10.68735905,11.27314887,10.33079804,10.36648083,14.03811403,,,
11/01/2048,10.02146742,10.68896317,11.27597971,10.33168331,10.36762307,14.04836656,,,
12/01/2048,10.02178454,10.69051293,11.27871393,10.33253879,10.36872655,14.05825709,,,
01/01/2049,10.02211267,10.69211293,11.28153503,10.33342286,10.36986653,14.06844525,,,
02/01/2049,10.02244003,10.69371031,11.28435068,10.3343058,10.37100492,14.07860035,,,
03/01/2049,10.02273588,10.69515177,11.28689021,10.33510318,10.37203263,14.08774815,,,
04/01/2049,10.02306317,10.69674558,11.28969693,10.33598539,10.37316945,14.09784328,,,
05/01/2049,10.02337931,10.69828568,11.29240816,10.33683822,10.3742682,14.10758293,,,
06/01/2049,10.0237065,10.69987576,11.29520562,10.33771932,10.37540327,14.1176163,,,
07/01/2049,10.02402328,10.701413,11.29790868,10.33857251,10.37650112,14.12729761,,,
08/01/2049,10.02434994,10.7029992,11.30069679,10.33945301,10.37763425,14.13727036,,,
09/01/2049,10.02467591,10.70458245,11.30347919,10.340332,10.37876538,14.14721139,,,
10/01/2049,10.02499124,10.70611293,11.30616755,10.3411823,10.37985936,14.15680863,,,
11/01/2049,10.0253164,10.70769198,11.30894032,10.34205993,10.3809883,14.16669926,,,
12/01/2049,10.02563053,10.70921786,11.31161883,10.34290839,10.38207952,14.17624573,,,
01/01/2050,10.02595529,10.71079298,11.31438225,10.34378494,10.38320652,14.18608308,,,
02/01/2050,10.02627937,10.71236563,11.31714047,10.34466046,10.38433204,14.19589187,,,
03/01/2050,10.02657196,10.7137845,11.31962794,10.34545084,10.38534785,14.20472968,,,
04/01/2050,10.02689542,10.71535313,11.32237694,10.34632507,10.38647122,14.21448496,,,
05/01/2050,10.02720873,10.71686975,11.32503332,10.34717103,10.38755789,14.22390001,,,
06/01/2050,10.02753179,10.71843448,11.3277731,10.34804416,10.38867932,14.23359961,,,
07/01/2050,10.02784455,10.71994717,11.33042041,10.34888889,10.38976394,14.24296056,,,
08/01/2050,10.02816764,10.72150842,11.33315141,10.34976133,10.39088384,14.25260538,,,
09/01/2050,10.02849008,10.72306726,11.33587733,10.35063275,10.39200229,14.26222145,,,
10/01/2050,10.02880158,10.72457364,11.33851064,10.35147519,10.3930834,14.27150346,,,
11/01/2050,10.02912385,10.72612883,11.34122765,10.35234571,10.39420012,14.28107272,,,
12/01/2050,10.029435,10.7276315,11.34385219,10.35318711,10.39527937,14.29031042,,,
01/01/2051,10.02975591,10.72918191,11.3465592,10.35405556,10.39639322,14.29983001,,,
02/01/2051,10.03007648,10.73073047,11.34926148,10.35492331,10.39750593,14.30932371,,,
03/01/2051,10.03036582,10.73212771,11.35169846,10.35570659,10.39851015,14.3178785,,,
04/01/2051,10.03068611,10.73367307,11.35439209,10.35657334,10.39962113,14.32732301,,,
05/01/2051,10.03099577,10.73516691,11.35699445,10.3574115,10.4006952,14.33643873,,,
06/01/2051,10.03131583,10.73670914,11.35967927,10.3582773,10.40180439,14.34583231,,,
07/01/2051,10.03162438,10.73819908,11.36227227,10.35911365,10.40287586,14.35489754,,,
08/01/2051,10.0319434,10.7397374,11.36494746,10.35997767,10.40398246,14.36423893,,,
09/01/2051,10.03226194,10.74127377,11.36761802,10.36084084,10.40508781,14.37355391,,,
10/01/2051,10.03256948,10.7427585,11.37019764,10.3616751,10.40615605,14.3825437,,,
11/01/2051,10.03288698,10.74429095,11.37285865,10.3625365,10.40725883,14.39180678,,,
12/01/2051,10.03319455,10.74577288,11.37543011,10.36337006,10.40832569,14.40074778,,,
01/01/2052,10.03351228,10.74730264,11.37808291,10.36423094,10.40942725,14.40996121,,,
02/01/2052,10.0338297,10.74883062,11.38073119,10.36509113,10.41052779,14.41914895,,,
03/01/2052,10.03412605,10.75025813,11.38320429,10.36589491,10.41155605,14.42772201,,,
04/01/2052,10.03444311,10.75178285,11.385844,10.366754,10.41265479,14.43686124,,,
05/01/2052,10.03474902,10.7532561,11.3883937,10.36758411,10.41371651,14.44568146,,,
06/01/2052,10.03506541,10.75477724,11.39102448,10.36844179,10.41481315,14.4547712,,,
07/01/2052,10.03537124,10.75624766,11.39356613,10.36927109,10.41587342,14.46354456,,,
08/01/2052,10.03568672,10.75776529,11.39618778,10.37012711,10.41696776,14.47258478,,,
09/01/2052,10.03600221,10.75928165,11.39880528,10.37098276,10.41806137,14.48160091,,,
10/01/2052,10.03630656,10.76074699,11.40133388,10.3718095,10.41911845,14.49030235,,,
11/01/2052,10.03662103,10.7622599,11.40394198,10.37266338,10.42020937,14.49926937,,,
12/01/2052,10.03692519,10.76372269,11.40646212,10.3734892,10.42126458,14.50792455,,,
01/01/2053,10.03723921,10.76523274,11.40906191,10.37434189,10.42235399,14.51684371,,,
02/01/2053,10.03755253,10.76674086,11.4116569,10.37519349,10.42344188,14.52573811,,,
03/01/2053,10.03783539,10.76810188,11.41399729,10.37596224,10.42442381,14.53375324,,,
04/01/2053,10.03814815,10.76960706,11.41658395,10.37681255,10.4255098,14.54260221,,,
05/01/2053,10.03845006,10.77106175,11.4190826,10.37763433,10.42655938,14.55114294,,,
06/01/2053,10.0387625,10.77256413,11.42166093,10.37848357,10.42764374,14.55994527,,,
07/01/2053,10.03906419,10.77401618,11.42415163,10.3793044,10.42869187,14.56844145,,,
08/01/2053,10.03937559,10.77551475,11.4267207,10.38015158,10.42977339,14.57719649,,,
09/01/2053,10.03968592,10.77701151,11.42928522,10.38099787,10.43085387,14.58592757,,,
10/01/2053,10.03998692,10.77845924,11.43176371,10.38181697,10.43189936,14.59435642,,,
11/01/2053,10.04029747,10.77995342,11.4343203,10.38266246,10.43297848,14.60304271,,,
12/01/2053,10.04059745,10.78139763,11.43679013,10.3834797,10.43402163,14.6114271,,,
01/01/2054,10.04090767,10.78288889,11.43933852,10.38432408,10.43509907,14.62006852,,,
02/01/2054,10.0412173,10.78437826,11.44188235,10.3851675,10.43617525,14.62868673,,,
03/01/2054,10.04149699,10.78572242,11.44417679,10.38592898,10.43714672,14.63645401,,,
04/01/2054,10.0418061,10.78720876,11.44671258,10.38677114,10.43822107,14.6450298,,,
05/01/2054,10.04210526,10.78864593,11.44916291,10.38758578,10.43926014,14.65330872,,,
06/01/2054,10.04241387,10.79012917,11.4516906,10.38842667,10.44033266,14.66184054,,,
07/01/2054,10.04271265,10.79156344,11.45413299,10.3892402,10.44137004,14.67007728,,,
08/01/2054,10.04302098,10.79304379,11.45665257,10.39008005,10.44244092,14.67856595,,,
09/01/2054,10.0433292,10.79452271,11.45916818,10.39091941,10.44351102,14.68703274,,,
10/01/2054,10.04362692,10.79595213,11.46159845,10.39173077,10.44454537,14.6952059,,,
11/01/2054,10.04393453,10.79742782,11.46410584,10.39256876,10.44561352,14.7036295,,,
12/01/2054,10.04423181,10.79885428,11.46652836,10.39337895,10.44664618,14.71176105,,,
01/01/2055,10.04453833,10.80032627,11.4690271,10.39421509,10.44771184,14.72014128,,,
02/01/2055,10.04484528,10.80179737,11.47152245,10.39505128,10.4487773,14.7285009,,,
03/01/2055,10.04512212,10.8031246,11.47377279,10.39580581,10.44973866,14.73603505,,,
04/01/2055,10.04542778,10.80459189,11.47625964,10.39663998,10.45080154,14.74435338,,,
05/01/2055,10.04572386,10.80601086,11.47866334,10.39744691,10.45182974,14.75238456,,,
06/01/2055,10.04602929,10.80747529,11.48114329,10.39828022,10.45289105,14.76066159,,,
07/01/2055,10.04632429,10.80889066,11.4835395,10.39908561,10.45391692,14.76865154,,,
08/01/2055,10.0466299,10.81035263,11.48601298,10.3999182,10.45497705,14.77688827,,,
09/01/2055,10.04693494,10.8118127,11.48848255,10.40074984,10.45603592,14.78510394,,,
10/01/2055,10.04722941,10.81322372,11.4908686,10.40155356,10.45705931,14.79303469,,,
11/01/2055,10.04753352,10.81468026,11.49333063,10.40238351,10.45811598,14.80120861,,,
12/01/2055,10.04782786,10.8160886,11.4957101,10.40318636,10.45913794,14.80910037,,,
01/01/2056,10.0481326,10.81754314,11.49816611,10.40401618,10.4601939,14.81723594,,,
02/01/2056,10.04843599,10.81899502,11.5006174,10.40484427,10.46124784,14.8253495,,,
03/01/2056,10.04871996,10.82035222,11.50290773,10.40561856,10.46223316,14.83292301,,,
04/01/2056,10.04902321,10.82180139,11.50535234,10.40644593,10.46328584,14.84099784,,,
05/01/2056,10.04931619,10.82320209,11.50771465,10.40724564,10.46430337,14.84879296,,,
06/01/2056,10.04961847,10.82464768,11.51015166,10.40807118,10.46535361,14.85682717,,,
07/01/2056,10.04991078,10.82604518,11.51250658,10.40886945,10.46636915,14.86458365,,,
08/01/2056,10.0502127,10.82748779,11.51493646,10.40969384,10.46741769,14.87257872,,,
09/01/2056,10.05051359,10.82892805,11.51736193,10.41051683,10.46846452,14.88055295,,,
10/01/2056,10.05080471,10.8303205,11.51970604,10.41131279,10.46947688,14.88825172,,,
11/01/2056,10.051105,10.8317576,11.52212466,10.41213429,10.4705217,14.89618666,,,
12/01/2056,10.05139564,10.83314675,11.52446245,10.4129291,10.47153222,14.90384795,,,
01/01/2057,10.05169519,10.83458026,11.52687435,10.41374929,10.47257494,14.9117441,,,
02/01/2057,10.05199544,10.83601311,11.5292839,10.41456986,10.47361768,14.919622,,,
03/01/2057,10.05226613,10.83730568,11.53145727,10.41531028,10.47455839,14.92672268,,,
04/01/2057,10.05256492,10.83873449,11.53385954,10.41612885,10.4755983,14.93456315,,,
05/01/2057,10.05285376,10.84011563,11.5361811,10.41692043,10.47660392,14.94213265,,,
06/01/2057,10.05315178,10.84154099,11.5385765,10.41773769,10.47764143,14.94993463,,,
07/01/2057,10.05343965,10.84291854,11.54089114,10.41852778,10.47864441,14.95746693,,,
08/01/2057,10.05373752,10.84434103,11.5432802,10.41934433,10.47968054,14.9652319,,,
09/01/2057,10.05403519,10.84576194,11.54566591,10.42016039,10.48071578,14.97297794,,,
10/01/2057,10.05432323,10.8471357,11.54797168,10.42094983,10.48171691,14.98045723,,,
11/01/2057,10.05462081,10.84855382,11.55035111,10.42176524,10.48275065,14.98816708,,,
12/01/2057,10.05490849,10.8499246,11.55265066,10.42255388,10.48375017,14.99561134,,,
01/01/2058,10.05520487,10.85133883,11.55502271,10.42336752,10.48478131,15.00328362,,,
02/01/2058,10.05550148,10.85275191,11.5573918,10.42418107,10.48581199,15.01093747,,,
03/01/2058,10.05576925,10.85402699,11.55952889,10.42491561,10.4867422,15.01783664,,,
04/01/2058,10.0560661,10.85543766,11.56189212,10.425729,10.48777175,15.02545641,,,
05/01/2058,10.05635296,10.85680107,11.56417568,10.42651547,10.48876688,15.03281331,,,
06/01/2058,10.05664884,10.85820799,11.56653157,10.4273274,10.48979388,15.04039647,,,
07/01/2058,10.05693565,10.8595687,11.56880893,10.42811341,10.49078758,15.04771913,,,
08/01/2058,10.05723084,10.86097221,11.57115783,10.42892424,10.49181244,15.05526622,,,
09/01/2058,10.05752695,10.86237522,11.57350441,10.42973579,10.49283749,15.06279666,,,
10/01/2058,10.05781288,10.86373105,11.57577166,10.43052033,10.49382812,15.07006723,,,
11/01/2058,10.05810885,10.86513118,11.57811177,10.43133132,10.49485154,15.07756313,,,
12/01/2058,10.05839521,10.86648478,11.58037334,10.43211588,10.49584119,15.0848012,,,
01/01/2059,10.0586913,10.86788228,11.58270728,10.43292655,10.49686324,15.09226333,,,
02/01/2059,10.05898704,10.86927806,11.5850377,10.43373661,10.49788423,15.09970744,,,
03/01/2059,10.05925409,10.87053756,11.5871404,10.43446822,10.49880568,15.10641826,,,
04/01/2059,10.05954956,10.87193043,11.58946572,10.43527761,10.49982496,15.11382961,,,
05/01/2059,10.05983539,10.87327697,11.59171354,10.43606055,10.50081053,15.12098599,,,
06/01/2059,10.06013106,10.87466733,11.59403399,10.43686964,10.50182851,15.12836418,,,
07/01/2059,10.0604164,10.87601076,11.59627633,10.4376516,10.50281218,15.13548751,,,
08/01/2059,10.06071133,10.87739769,11.59859076,10.43845944,10.50382803,15.14283063,,,
09/01/2059,10.06100577,10.87878276,11.60090192,10.43926651,10.50484258,15.15015605,,,
10/01/2059,10.06129116,10.88012231,11.60313633,10.44004775,10.50582419,15.15723029,,,
11/01/2059,10.06158529,10.88150438,11.60544225,10.44085397,10.50683697,15.16452227,,,
12/01/2059,10.06186993,10.88284058,11.60767173,10.44163392,10.50781638,15.1715638,,,
01/01/2060,10.06216345,10.88421937,11.60997266,10.44243899,10.50882713,15.17882213,,,
02/01/2060,10.06245699,10.88559714,11.61227159,10.4432441,10.50983747,15.18606439,,,
03/01/2060,10.06273137,10.88688405,11.61441928,10.44399622,10.51078136,15.19282453,,,
04/01/2060,10.06302399,10.88825789,11.61671212,10.44479945,10.51178879,15.20003303,,,
05/01/2060,10.06330743,10.88958644,11.61892891,10.44557679,10.51276353,15.20699428,,,
06/01/2060,10.06359932,10.89095696,11.62121601,10.44637877,10.51376903,15.2141696,,,
07/01/2060,10.0638816,10.89228184,11.62342663,10.44715438,10.51474121,15.22109836,,,
08/01/2060,10.06417318,10.89364944,11.62570801,10.44795528,10.51574505,15.22824116,,,
09/01/2060,10.06446475,10.8950157,11.62798688,10.44875608,10.51674816,15.23536768,,,
10/01/2060,10.06474633,10.89633608,11.63018909,10.44953018,10.51771768,15.24224861,,,
11/01/2060,10.0650367,10.89769855,11.63246133,10.45032919,10.51871823,15.2493413,,,
12/01/2060,10.06531787,10.89901599,11.63465781,10.4511023,10.51968597,15.25619059,,,
01/01/2061,10.06560805,10.90037566,11.63692433,10.45190052,10.52068491,15.26325141,,,
